player_id,player_name,team,opponent,home_away,position,current_games,prior_games_available,goals_l5,goals_l10,goals_l15,goals_season,goals_prior_baseline,shots_l10,shots_l20,projected_shots,history_goal_expectation,shot_goal_expectation,blended_goal_expectation,recent_shooting_pct,regressed_shooting_pct,shooting_skill_multiplier,recent_history_source,toi_l5_min,toi_l10_min,projected_toi_min,projected_toi,opponent_goal_environment_avg,opponent_sample,opponent_multiplier,team_goal_environment_avg,team_environment_sample,team_multiplier,raw_environment_multiplier,combined_environment_multiplier,toi_multiplier,projected_goals,median_goals,p10_goals,p90_goals,volatility_std,matchup_score,goal_stability,toi_stability,goal_cv,toi_cv,effective_history_games,reliability,confidence,confidence_tier,data_source,prob_1_plus,prob_2_plus,prob_3_plus,prob_4_plus,best_reachable_rung,best_reachable_prob
8477951,Nick Schmaltz,UTA,BOS,AWAY,C,4,82,1.0,1.0,0.8,1.25,0.4,3.8,3.4,3.444,0.946,0.767,0.871,24.0,22.281,1.07,CURRENT+PRIOR,18.237,19.375,18.998,19:00,0.186,293,1.04,0.206,602,1.03,1.071,1.05,1.024,0.927,1.0,0.0,2.0,0.73,60.0,71.995,86.436,1.273,0.097,25,74.279,79.146,STRONG,NHL Web API,60.5,23.8,6.6,1.4,1,60.5
8478864,Kirill Kaprizov,MIN,TBL,AWAY,L,3,78,1.0,1.0,0.667,1.0,0.68,3.3,3.1,3.202,0.91,0.616,0.787,20.0,19.234,1.046,CURRENT+PRIOR,21.67,20.685,21.323,21:19,0.152,344,0.96,0.174,583,1.029,0.988,0.988,0.994,0.765,1.0,0.0,2.0,0.817,47.607,74.253,86.698,1.17,0.095,25,74.904,79.438,STRONG,NHL Web API,53.1,17.7,4.3,0.7,0,
8474564,Steven Stamkos,NSH,MTL,AWAY,C,3,82,1.0,0.8,0.733,1.0,0.56,3.2,2.9,2.983,0.801,0.719,0.767,23.913,24.104,0.992,CURRENT+PRIOR,19.633,19.0,18.992,19:00,0.166,326,0.984,0.159,514,0.97,0.954,0.954,0.985,0.713,1.0,0.0,2.0,0.675,40.815,74.073,83.499,1.179,0.118,25,74.123,78.651,STRONG,NHL Web API,51.2,16.2,3.6,0.6,0,
8482699,Dylan Guenther,UTA,BOS,AWAY,R,4,79,0.6,0.6,0.6,0.75,0.64,3.2,3.05,3.052,0.646,0.584,0.62,19.149,19.14,1.0,CURRENT+PRIOR,16.607,17.263,17.096,17:06,0.186,293,1.04,0.206,602,1.03,1.071,1.05,1.033,0.666,0.0,0.0,2.0,0.718,60.0,75.938,84.511,1.094,0.111,25,74.822,79.806,STRONG,NHL Web API,48.3,14.3,3.1,0.5,0,
8477492,Nathan MacKinnon,COL,CGY,AWAY,C,3,80,0.6,0.5,0.667,0.667,0.52,3.8,3.9,3.923,0.626,0.555,0.597,16.129,14.159,1.07,CURRENT+PRIOR,21.053,21.283,21.185,21:11,0.22,296,1.04,0.23,517,1.03,1.071,1.05,1.074,0.666,0.0,0.0,2.0,0.63,60.0,74.439,80.243,1.162,0.141,25,73.466,78.003,STRONG,NHL Web API,48.5,14.2,2.9,0.5,0,
8478427,Sebastian Aho,CAR,VAN,HOME,C,4,79,1.0,0.6,0.467,1.0,0.36,3.5,3.3,3.322,0.72,0.468,0.614,15.217,14.103,1.07,CURRENT+PRIOR,19.713,18.847,19.385,19:23,0.207,305,1.04,0.182,545,1.03,1.071,1.05,0.982,0.64,0.0,0.0,2.0,0.571,60.0,68.246,89.066,1.443,0.078,25,73.947,78.702,STRONG,NHL Web API,47.2,13.6,2.7,0.4,0,
8480039,Martin Necas,COL,CGY,AWAY,C,3,78,0.4,0.5,0.533,0.667,0.6,3.6,3.05,3.32,0.565,0.568,0.566,17.391,17.099,1.018,CURRENT+PRIOR,22.163,21.725,21.729,21:44,0.22,296,1.04,0.23,517,1.03,1.071,1.05,1.059,0.623,0.0,0.0,2.0,0.675,60.0,74.439,81.32,1.162,0.133,25,73.713,78.251,STRONG,NHL Web API,46.2,12.8,2.5,0.3,0,
8477939,William Nylander,TOR,VGK,AWAY,R,4,65,0.8,0.7,0.6,0.75,0.48,2.6,2.75,2.693,0.653,0.555,0.611,20.455,20.606,0.993,CURRENT+PRIOR,20.217,20.953,20.621,20:37,0.115,302,0.96,0.163,503,0.97,0.931,0.95,1.013,0.583,0.0,0.0,2.0,0.63,40.0,72.365,87.052,1.256,0.092,25,74.513,79.391,STRONG,NHL Web API,44.4,11.7,2.1,0.3,0,
8475913,Mark Stone,VGK,TOR,HOME,R,4,60,0.4,0.7,0.6,0.5,0.32,2.5,2.25,2.288,0.538,0.558,0.546,26.471,24.371,1.07,CURRENT+PRIOR,18.223,18.352,18.527,18:32,0.179,382,1.04,0.193,490,1.03,1.071,1.05,1.005,0.582,0.0,0.0,2.0,0.606,60.0,64.498,74.989,1.614,0.179,25,69.772,74.409,GOOD,NHL Web API,44.4,11.4,2.2,0.3,0,
8481540,Cole Caufield,MTL,NSH,HOME,R,3,81,0.4,0.4,0.6,0.667,0.76,3.4,3.55,3.508,0.542,0.672,0.596,16.364,19.141,0.93,CURRENT+PRIOR,19.81,19.67,19.331,19:20,0.154,355,0.96,0.202,549,1.03,0.989,0.989,0.976,0.581,0.0,0.0,2.0,0.858,47.76,74.253,78.06,1.17,0.157,25,72.917,77.448,STRONG,NHL Web API,40.5,12.7,3.8,1.1,0,
8480208,Drake Batherson,OTT,PHI,HOME,R,3,79,0.6,0.5,0.533,0.667,0.56,1.6,1.7,1.763,0.614,0.45,0.545,30.769,25.528,1.07,CURRENT+PRIOR,16.87,16.093,16.473,16:28,0.127,281,0.96,0.189,524,1.03,0.989,0.989,0.989,0.539,0.0,0.0,2.0,0.776,47.76,67.268,81.993,1.488,0.129,25,72.075,76.398,STRONG,NHL Web API,40.0,10.6,2.3,0.4,0,
8480023,Robert Thomas,STL,SJS,HOME,C,3,64,0.6,0.7,0.6,0.0,0.6,1.7,1.55,1.668,0.511,0.514,0.512,36.0,30.819,1.07,CURRENT+PRIOR,19.16,19.427,19.387,19:23,0.221,369,1.04,0.166,546,0.985,1.025,1.025,0.982,0.521,0.0,0.0,2.0,0.86,54.977,63.994,83.061,1.637,0.121,25,71.502,75.727,STRONG,NHL Web API,35.7,11.6,3.6,1.1,0,
8479420,Tage Thompson,BUF,DAL,HOME,C,3,81,0.8,0.5,0.467,0.667,0.44,3.8,3.25,3.448,0.529,0.481,0.509,13.208,13.946,0.941,CURRENT+PRIOR,18.827,19.242,19.381,19:23,0.132,382,0.96,0.178,554,1.03,0.989,0.989,0.984,0.5,0.0,0.0,1.0,0.571,47.76,70.845,84.766,1.325,0.109,25,73.608,78.039,STRONG,NHL Web API,39.9,9.2,1.5,0.2,0,
8484994,Igor Chernyshov,SJS,STL,AWAY,L,3,28,0.6,0.6,0.533,0.667,0.36,1.5,1.4,1.461,0.586,0.395,0.506,36.364,27.018,1.07,CURRENT+PRIOR,14.917,14.672,14.716,14:43,0.141,345,0.96,0.168,515,0.997,0.957,0.957,1.007,0.482,0.0,0.0,1.0,0.669,41.422,57.222,66.88,1.944,0.237,25,66.088,70.103,GOOD,NHL Web API,37.9,8.3,1.2,0.1,0,
8480018,Nick Suzuki,MTL,NSH,HOME,C,3,82,0.6,0.4,0.467,0.667,0.44,2.1,2.4,2.297,0.52,0.427,0.481,18.919,18.568,1.016,CURRENT+PRIOR,20.927,21.1,21.047,21:03,0.154,355,0.96,0.202,549,1.03,0.989,0.989,0.999,0.48,0.0,0.0,1.0,0.568,47.76,73.144,86.833,1.221,0.094,25,74.658,79.159,STRONG,NHL Web API,37.7,8.3,1.2,0.2,0,
8478498,Jake DeBrusk,VAN,CAR,AWAY,L,2,81,0.6,0.6,0.6,0.0,0.4,3.4,2.9,3.049,0.437,0.461,0.447,18.75,15.109,1.07,CURRENT+PRIOR,16.707,16.94,16.349,16:21,0.187,332,1.04,0.2,571,1.03,1.071,1.05,1.028,0.477,0.0,0.0,1.0,0.547,60.0,68.246,84.342,1.443,0.112,25,72.86,76.813,STRONG,NHL Web API,38.0,8.3,1.3,0.1,0,
8484801,Macklin Celebrini,SJS,STL,AWAY,C,2,82,0.6,0.5,0.667,0.0,0.64,3.6,3.55,3.542,0.486,0.568,0.52,17.544,16.022,1.07,CURRENT+PRIOR,19.56,20.982,20.997,21:00,0.141,345,0.96,0.168,515,0.997,0.957,0.957,0.965,0.476,0.0,0.0,1.0,0.728,41.422,71.995,86.547,1.273,0.096,25,74.305,78.371,STRONG,NHL Web API,36.2,9.1,2.0,0.3,0,
8482116,Tim Stützle,OTT,PHI,HOME,C,3,80,0.6,0.5,0.4,1.0,0.32,2.3,2.25,2.246,0.551,0.408,0.491,17.143,18.158,0.958,CURRENT+PRIOR,20.243,19.422,20.012,20:01,0.127,281,0.96,0.189,524,1.03,0.989,0.989,0.969,0.475,0.0,0.0,1.0,0.568,47.76,65.251,85.171,1.58,0.106,25,72.302,76.566,STRONG,NHL Web API,37.3,8.1,1.3,0.1,0,
8482700,Nolan Allan,SJS,STL,AWAY,D,2,0,0.5,0.5,0.5,0.5,,1.5,1.5,1.5,0.5,0.5,0.5,33.333,33.333,1.0,CURRENT+PRIOR,18.367,18.367,18.367,18:22,0.141,345,0.96,0.168,515,0.997,0.957,0.957,1.0,0.474,0.0,0.0,1.0,0.707,41.422,28.0,35.0,,,2,29.922,32.803,LIMITED,NHL Web API,38.1,8.3,1.2,0.2,0,
8480830,Andrei Svechnikov,CAR,VAN,HOME,R,4,79,0.4,0.6,0.467,0.25,0.44,3.3,2.65,2.868,0.398,0.525,0.451,15.909,18.29,0.93,CURRENT+PRIOR,17.56,16.867,17.247,17:15,0.207,305,1.04,0.182,545,1.03,1.071,1.05,0.982,0.47,0.0,0.0,1.0,0.498,60.0,74.669,88.288,1.151,0.084,25,75.373,80.321,STRONG,NHL Web API,38.0,8.4,1.3,0.1,0,
8482079,Marco Rossi,VAN,CAR,AWAY,C,4,50,0.6,0.5,0.4,0.75,0.28,1.4,1.3,1.325,0.541,0.342,0.457,30.0,25.846,1.07,CURRENT+PRIOR,16.437,17.087,16.875,16:52,0.187,332,1.04,0.2,571,1.03,1.071,1.05,0.988,0.47,0.0,0.0,1.0,0.547,60.0,65.251,85.227,1.58,0.106,25,72.315,76.978,STRONG,NHL Web API,37.9,8.1,1.2,0.1,0,
8478109,Victor Olofsson,VGK,TOR,HOME,L,4,78,0.8,0.4,0.333,1.0,0.12,1.7,2.2,1.911,0.559,0.282,0.442,17.241,14.758,1.07,CURRENT+PRIOR,12.32,13.037,13.154,13:09,0.179,382,1.04,0.193,490,1.03,1.071,1.05,1.001,0.47,0.0,0.0,1.0,0.504,60.0,52.075,78.391,2.178,0.154,25,67.449,71.714,GOOD,NHL Web API,37.4,7.9,1.1,0.1,0,
8477476,Artturi Lehkonen,COL,CGY,AWAY,L,3,70,0.8,0.4,0.333,1.0,0.24,1.5,1.55,1.554,0.589,0.275,0.457,23.81,17.711,1.07,CURRENT+PRIOR,19.237,18.622,18.157,18:09,0.22,296,1.04,0.23,517,1.03,1.071,1.05,0.982,0.467,0.0,0.0,1.0,0.596,60.0,51.778,69.937,2.192,0.215,25,65.43,69.283,GOOD,NHL Web API,37.3,7.8,1.1,0.1,0,
8480027,Jason Robertson,DAL,BUF,AWAY,L,3,82,0.4,0.6,0.533,0.333,0.52,3.1,3.75,3.42,0.462,0.493,0.475,14.035,14.428,0.967,CURRENT+PRIOR,18.623,20.227,19.896,19:54,0.13,312,0.96,0.15,574,0.97,0.931,0.95,1.035,0.463,0.0,0.0,1.0,0.629,40.0,70.062,83.731,1.361,0.116,25,73.174,77.581,STRONG,NHL Web API,36.7,7.6,1.2,0.1,0,
8483516,Jimmy Snuggerud,STL,SJS,HOME,R,3,70,0.6,0.5,0.4,0.333,0.44,3.1,2.9,3.002,0.447,0.425,0.438,14.286,14.156,1.009,CURRENT+PRIOR,17.207,17.553,17.591,17:35,0.221,369,1.04,0.166,546,0.985,1.025,1.025,1.0,0.453,0.0,0.0,1.0,0.626,54.977,70.062,85.443,1.361,0.104,25,73.567,77.975,STRONG,NHL Web API,36.1,7.7,1.1,0.1,0,
8482745,Mason McTavish,STL,SJS,HOME,C,3,75,0.8,0.5,0.4,0.667,0.16,2.7,1.95,2.218,0.518,0.33,0.439,18.182,14.904,1.07,CURRENT+PRIOR,16.173,14.71,14.736,14:44,0.221,369,1.04,0.166,546,0.985,1.025,1.025,0.967,0.44,0.0,0.0,1.0,0.504,54.977,52.075,76.087,2.178,0.171,25,66.919,70.784,GOOD,NHL Web API,35.6,7.4,1.0,0.1,0,
8476887,Filip Forsberg,NSH,MTL,AWAY,L,3,82,0.4,0.5,0.533,0.0,0.64,2.2,2.45,2.432,0.433,0.521,0.47,23.529,21.425,1.07,CURRENT+PRIOR,20.297,19.51,19.739,19:44,0.166,326,0.984,0.159,514,0.97,0.954,0.954,0.972,0.432,0.0,0.0,1.0,0.679,40.815,72.036,86.331,1.271,0.098,25,74.265,78.733,STRONG,NHL Web API,35.6,7.3,1.0,0.1,0,
8477404,Jake Guentzel,TBL,MIN,HOME,C,3,81,0.4,0.3,0.533,0.333,0.48,3.4,2.8,3.094,0.412,0.505,0.451,16.667,16.328,1.023,CURRENT+PRIOR,20.663,21.782,20.811,20:49,0.145,395,0.96,0.162,618,0.97,0.931,0.95,0.989,0.428,0.0,0.0,1.0,0.571,40.0,75.21,81.34,1.127,0.133,25,73.911,78.472,STRONG,NHL Web API,34.6,7.0,0.9,0.1,0,
8481032,Paul Cotter,VAN,CAR,AWAY,L,4,79,0.8,0.5,0.333,1.0,0.16,1.2,0.8,0.932,0.592,0.287,0.464,38.462,30.788,1.07,CURRENT+PRIOR,14.683,12.267,12.379,12:23,0.187,332,1.04,0.2,571,1.03,1.071,1.05,0.887,0.428,0.0,0.0,1.0,0.583,60.0,51.778,55.893,2.192,0.315,25,62.2,66.448,GOOD,NHL Web API,34.5,6.9,0.9,0.1,0,
8475791,Taylor Hall,CAR,VAN,HOME,L,4,80,0.4,0.5,0.333,0.5,0.24,1.9,1.9,1.904,0.425,0.314,0.378,18.519,16.493,1.07,CURRENT+PRIOR,15.07,15.492,15.189,15:11,0.207,305,1.04,0.182,545,1.03,1.071,1.05,1.042,0.418,0.0,0.0,1.0,0.521,60.0,52.075,83.511,2.178,0.118,25,68.626,72.894,GOOD,NHL Web API,34.0,6.3,0.8,0.1,0,
8482702,Logan Stankoven,CAR,VAN,HOME,C,4,81,0.2,0.5,0.533,0.25,0.44,2.2,2.5,2.313,0.416,0.404,0.411,20.513,17.46,1.07,CURRENT+PRIOR,17.573,17.743,17.364,17:22,0.207,305,1.04,0.182,545,1.03,1.071,1.05,0.956,0.417,0.0,0.0,1.0,0.621,60.0,67.468,81.379,1.479,0.133,25,71.984,76.713,STRONG,NHL Web API,33.9,6.8,0.9,0.1,0,
8478020,Michael Amadio,OTT,PHI,HOME,R,3,81,0.8,0.4,0.333,0.667,0.28,1.0,0.9,1.005,0.514,0.272,0.413,38.462,27.094,1.07,CURRENT+PRIOR,17.197,17.283,17.06,17:04,0.127,281,0.96,0.189,524,1.03,0.989,0.989,1.007,0.415,0.0,0.0,1.0,0.479,47.76,70.062,85.33,1.361,0.105,25,73.541,77.949,STRONG,NHL Web API,33.7,6.5,0.9,0.1,0,
8482077,Dylan Holloway,STL,SJS,HOME,L,3,59,0.4,0.3,0.467,0.0,0.56,2.5,3.1,2.874,0.351,0.432,0.385,15.909,15.028,1.061,CURRENT+PRIOR,17.423,18.223,18.123,18:07,0.221,369,1.04,0.166,546,0.985,1.025,1.025,1.038,0.414,0.0,0.0,1.0,0.776,54.977,67.468,84.253,1.479,0.112,25,72.645,76.975,STRONG,NHL Web API,28.7,8.7,2.5,0.8,0,
8479542,Brandon Hagel,TBL,MIN,HOME,L,3,71,0.4,0.5,0.467,0.333,0.44,4.6,3.35,3.866,0.396,0.507,0.443,11.864,13.104,0.93,CURRENT+PRIOR,21.0,21.293,20.936,20:56,0.145,395,0.96,0.162,618,0.97,0.931,0.95,0.972,0.413,0.0,0.0,1.0,0.498,40.0,74.669,87.532,1.151,0.089,25,75.2,79.747,STRONG,NHL Web API,34.7,6.8,0.9,0.1,0,
8480028,Morgan Frost,CGY,COL,HOME,C,3,82,0.4,0.4,0.4,0.333,0.4,2.5,2.05,2.194,0.373,0.477,0.416,20.69,21.722,0.97,CURRENT+PRIOR,16.247,16.645,16.223,16:13,0.121,311,0.96,0.101,542,0.97,0.931,0.95,1.027,0.41,0.0,0.0,1.0,0.556,40.0,68.246,82.04,1.443,0.128,25,72.331,76.683,STRONG,NHL Web API,33.8,6.4,0.9,0.1,0,
8477451,Ryan Hartman,MIN,TBL,AWAY,R,3,76,0.2,0.6,0.533,0.0,0.36,1.8,2.35,2.152,0.355,0.399,0.374,22.857,18.56,1.07,CURRENT+PRIOR,14.667,15.785,15.334,15:20,0.152,344,0.96,0.174,583,1.029,0.988,0.988,1.116,0.408,0.0,0.0,1.0,0.596,47.607,61.029,81.307,1.771,0.134,25,70.358,74.493,GOOD,NHL Web API,33.1,6.1,0.8,0.1,0,
8478474,Lawson Crouse,UTA,BOS,AWAY,L,4,81,0.4,0.4,0.4,0.25,0.4,2.1,2.0,2.045,0.371,0.374,0.372,18.75,18.282,1.019,CURRENT+PRIOR,15.66,16.932,16.234,16:14,0.186,293,1.04,0.206,602,1.03,1.071,1.05,1.05,0.406,0.0,0.0,1.0,0.615,60.0,65.251,80.725,1.58,0.138,25,71.279,75.941,STRONG,NHL Web API,33.1,6.3,0.8,0.1,0,
8482737,Zachary Bolduc,MTL,NSH,HOME,R,3,78,0.8,0.4,0.333,1.0,0.08,0.8,1.3,1.039,0.548,0.16,0.385,27.778,15.377,1.07,CURRENT+PRIOR,12.78,13.173,13.102,13:06,0.154,355,0.96,0.202,549,1.03,0.989,0.989,1.041,0.4,0.0,0.0,1.0,0.461,47.76,45.0,83.953,2.5,0.115,25,66.959,70.615,GOOD,NHL Web API,32.8,6.1,0.8,0.1,0,
8484984,Ivan Demidov,MTL,NSH,HOME,R,2,82,0.4,0.4,0.4,0.5,0.28,2.2,1.85,2.006,0.423,0.341,0.389,22.222,17.014,1.07,CURRENT+PRIOR,15.607,16.728,16.0,16:00,0.154,355,0.96,0.202,549,1.03,0.989,0.989,1.014,0.394,0.0,0.0,1.0,0.466,47.76,67.268,74.624,1.488,0.181,25,70.381,74.301,GOOD,NHL Web API,32.5,6.0,0.8,0.1,0,
8478403,Jack Eichel,VGK,TOR,HOME,C,4,74,0.4,0.4,0.333,0.5,0.28,2.8,2.9,2.891,0.402,0.314,0.365,11.364,10.876,1.046,CURRENT+PRIOR,19.613,19.378,19.919,19:55,0.179,382,1.04,0.193,490,1.03,1.071,1.05,1.01,0.391,0.0,0.0,1.0,0.479,60.0,67.268,84.526,1.488,0.111,25,72.658,77.382,STRONG,NHL Web API,32.2,6.2,0.7,0.1,0,
8477500,Bo Horvat,NYI,CHI,HOME,C,3,68,0.6,0.3,0.333,0.667,0.32,2.7,3.0,2.969,0.419,0.311,0.374,10.0,10.485,0.951,CURRENT+PRIOR,19.973,20.687,20.436,20:26,0.203,407,1.04,0.158,545,0.97,1.009,1.009,1.024,0.39,0.0,0.0,1.0,0.563,51.76,70.062,88.19,1.361,0.084,25,74.199,78.608,STRONG,NHL Web API,32.0,5.9,0.7,0.1,0,
8482097,Jack Quinn,BUF,DAL,HOME,R,3,82,0.4,0.4,0.4,0.667,0.32,3.3,3.05,3.136,0.465,0.349,0.416,11.538,11.112,1.046,CURRENT+PRIOR,19.03,17.742,17.906,17:54,0.132,382,0.96,0.178,554,1.03,0.989,0.989,0.923,0.384,0.0,0.0,1.0,0.661,47.76,61.109,77.835,1.768,0.158,25,69.579,73.716,GOOD,NHL Web API,29.5,6.4,1.2,0.3,0,
8482740,Wyatt Johnston,DAL,BUF,AWAY,C,3,82,0.2,0.4,0.467,0.0,0.64,2.6,2.35,2.456,0.343,0.509,0.412,20.588,20.704,0.996,CURRENT+PRIOR,19.597,19.71,20.009,20:01,0.13,312,0.96,0.15,574,0.97,0.931,0.95,0.987,0.383,0.0,0.0,1.0,0.681,40.0,72.365,85.353,1.256,0.105,25,74.122,78.6,STRONG,NHL Web API,29.6,7.2,1.5,0.3,0,
8481580,Connor McMichael,STL,SJS,HOME,L,3,78,0.6,0.5,0.333,0.333,0.24,1.9,1.75,1.771,0.412,0.283,0.358,20.0,15.949,1.07,CURRENT+PRIOR,15.64,15.863,15.974,15:58,0.221,369,1.04,0.166,546,0.985,1.025,1.025,1.021,0.378,0.0,0.0,1.0,0.583,54.977,51.778,85.72,2.192,0.102,25,69.06,72.92,GOOD,NHL Web API,30.8,5.3,0.6,0.1,0,
8484227,Will Smith,SJS,STL,AWAY,C,3,69,0.6,0.4,0.333,0.667,0.28,1.9,2.3,2.124,0.47,0.325,0.409,16.129,15.305,1.039,CURRENT+PRIOR,17.583,18.023,18.171,18:10,0.141,345,0.96,0.168,515,0.997,0.957,0.957,0.971,0.377,0.0,0.0,1.0,0.596,41.422,51.778,81.331,2.192,0.133,25,68.051,71.909,GOOD,NHL Web API,31.1,5.5,0.6,0.0,0,
8475166,John Tavares,TOR,VGK,AWAY,C,4,82,0.2,0.3,0.467,0.25,0.44,2.3,2.25,2.238,0.358,0.425,0.386,21.212,19.008,1.07,CURRENT+PRIOR,18.093,18.707,18.426,18:26,0.115,302,0.96,0.163,503,0.97,0.931,0.95,1.027,0.373,0.0,0.0,1.0,0.568,40.0,68.246,87.655,1.443,0.088,25,73.622,78.376,STRONG,NHL Web API,31.5,5.7,0.8,0.1,0,
8476453,Nikita Kucherov,TBL,MIN,HOME,R,3,76,0.4,0.4,0.333,0.333,0.6,2.1,3.15,2.648,0.392,0.43,0.408,13.158,16.245,0.93,CURRENT+PRIOR,21.25,20.995,21.139,21:08,0.145,395,0.96,0.162,618,0.97,0.931,0.95,0.953,0.373,0.0,0.0,1.0,0.774,40.0,67.763,85.17,1.465,0.106,25,72.93,77.269,STRONG,NHL Web API,25.1,7.7,2.7,0.9,0,
8482145,Mavrik Bourque,NSH,MTL,AWAY,C,3,82,0.8,0.4,0.467,0.0,0.36,2.3,1.8,2.089,0.386,0.396,0.39,23.333,18.963,1.07,CURRENT+PRIOR,17.557,18.105,17.935,17:56,0.166,326,0.984,0.159,514,0.97,0.954,0.954,0.99,0.365,0.0,0.0,1.0,0.711,40.815,53.727,89.645,2.103,0.074,25,70.45,74.37,GOOD,NHL Web API,26.3,7.3,2.1,0.6,0,
8476455,Gabriel Landeskog,COL,CGY,AWAY,L,3,60,0.4,0.3,0.333,0.333,0.32,2.0,2.3,2.161,0.355,0.311,0.337,16.667,14.389,1.07,CURRENT+PRIOR,17.813,16.622,17.008,17:00,0.22,296,1.04,0.23,517,1.03,1.071,1.05,1.04,0.364,0.0,0.0,1.0,0.466,60.0,70.062,68.192,1.361,0.227,25,69.6,74.001,GOOD,NHL Web API,30.2,5.3,0.5,0.0,0,
8480448,Parker Kelly,COL,CGY,AWAY,C,3,82,0.4,0.3,0.4,0.333,0.32,1.4,1.35,1.326,0.333,0.384,0.355,27.273,28.962,0.972,CURRENT+PRIOR,13.233,12.565,13.026,13:02,0.22,296,1.04,0.23,517,1.03,1.071,1.05,0.968,0.357,0.0,0.0,1.0,0.547,60.0,63.994,85.374,1.637,0.104,25,72.035,76.261,STRONG,NHL Web API,30.1,5.0,0.6,0.1,0,
8478483,Mitch Marner,VGK,TOR,HOME,R,4,81,0.4,0.2,0.4,0.25,0.36,2.4,2.5,2.371,0.309,0.376,0.337,15.789,15.854,0.997,CURRENT+PRIOR,19.807,19.787,20.034,20:02,0.179,382,1.04,0.193,490,1.03,1.071,1.05,0.985,0.353,0.0,0.0,1.0,0.661,60.0,57.222,85.36,1.944,0.105,25,70.338,74.761,GOOD,NHL Web API,27.2,6.4,1.4,0.3,0,
8481624,Ilya Mikheyev,TBL,MIN,HOME,R,3,77,0.2,0.4,0.4,0.333,0.28,1.4,1.6,1.502,0.35,0.323,0.339,27.273,21.477,1.07,CURRENT+PRIOR,15.02,16.537,15.824,15:49,0.145,395,0.96,0.162,618,0.97,0.931,0.95,1.08,0.351,0.0,0.0,1.0,0.535,40.0,61.722,84.082,1.74,0.114,25,71.169,75.327,STRONG,NHL Web API,29.1,4.9,0.6,0.1,0,
8476399,Blake Coleman,MIN,TBL,AWAY,L,3,69,0.4,0.4,0.333,0.333,0.28,2.2,2.8,2.538,0.352,0.31,0.334,12.5,12.196,1.023,CURRENT+PRIOR,15.68,17.782,16.916,16:55,0.152,344,0.96,0.174,583,1.029,0.988,0.988,1.072,0.351,0.0,0.0,1.0,0.521,47.607,61.722,83.958,1.74,0.115,25,71.141,75.298,STRONG,NHL Web API,30.1,5.0,0.6,0.1,0,
8481535,Nils Hoglander,NSH,MTL,AWAY,L,3,38,0.6,0.3,0.267,1.0,0.08,1.1,0.95,1.02,0.483,0.171,0.352,28.571,16.815,1.07,CURRENT+PRIOR,12.087,12.02,11.689,11:41,0.166,326,0.984,0.159,514,0.97,0.954,0.954,1.04,0.346,0.0,0.0,1.0,0.461,40.815,45.0,73.852,2.5,0.187,25,64.636,68.287,GOOD,NHL Web API,29.3,4.9,0.5,0.1,0,
8478444,Brock Boeser,VAN,CAR,AWAY,R,4,75,0.2,0.2,0.4,0.25,0.4,1.6,2.0,1.836,0.312,0.314,0.313,18.75,17.09,1.07,CURRENT+PRIOR,17.53,19.35,18.503,18:30,0.187,332,1.04,0.2,571,1.03,1.071,1.05,1.038,0.338,0.0,0.0,1.0,0.718,60.0,57.993,84.622,1.909,0.11,25,70.361,74.807,GOOD,NHL Web API,23.5,6.7,2.1,0.6,0,
8478462,Nicolas Roy,COL,CGY,AWAY,C,3,74,0.4,0.3,0.267,0.667,0.16,1.3,1.5,1.326,0.388,0.198,0.308,18.182,14.925,1.07,CURRENT+PRIOR,14.05,12.977,13.39,13:23,0.22,296,1.04,0.23,517,1.03,1.071,1.05,1.045,0.335,0.0,0.0,1.0,0.407,60.0,55.093,75.89,2.041,0.172,25,67.628,71.583,GOOD,NHL Web API,28.4,4.6,0.5,0.0,0,
8480839,Rasmus Dahlin,BUF,DAL,HOME,D,3,77,0.4,0.3,0.4,0.333,0.32,2.4,2.45,2.354,0.338,0.378,0.355,15.789,16.081,0.985,CURRENT+PRIOR,24.273,23.72,24.254,24:15,0.132,382,0.96,0.178,554,1.03,0.989,0.989,0.942,0.334,0.0,0.0,1.0,0.466,47.76,70.062,86.37,1.361,0.097,25,73.781,78.189,STRONG,NHL Web API,28.3,4.5,0.5,0.0,0,
8482159,Tyson Foerster,PHI,OTT,AWAY,R,4,29,0.2,0.3,0.4,0.25,0.48,2.4,2.3,2.301,0.314,0.428,0.362,17.143,18.592,0.943,CURRENT+PRIOR,18.377,17.75,17.773,17:46,0.118,314,0.96,0.127,581,0.97,0.931,0.95,0.98,0.334,0.0,0.0,1.0,0.626,40.0,67.468,81.829,1.479,0.13,25,72.088,76.816,STRONG,NHL Web API,26.5,5.7,1.1,0.2,0,
8484164,Dalibor Dvorsky,STL,SJS,HOME,R,3,71,0.4,0.3,0.267,0.667,0.12,1.4,1.45,1.394,0.361,0.207,0.296,15.385,14.853,1.021,CURRENT+PRIOR,12.61,13.205,13.093,13:06,0.221,369,1.04,0.166,546,0.985,1.025,1.025,1.049,0.322,0.0,0.0,1.0,0.379,54.977,55.093,77.66,2.041,0.16,25,68.035,71.991,GOOD,NHL Web API,27.3,4.1,0.4,0.0,0,
8475314,Anders Lee,UTA,BOS,AWAY,L,4,82,0.2,0.2,0.333,0.25,0.32,2.4,2.05,2.286,0.28,0.285,0.283,15.152,12.483,1.07,CURRENT+PRIOR,13.243,14.632,14.387,14:23,0.186,293,1.04,0.206,602,1.03,1.071,1.05,1.089,0.32,0.0,0.0,1.0,0.466,60.0,60.043,81.236,1.816,0.134,25,70.095,74.601,GOOD,NHL Web API,26.9,4.2,0.5,0.0,0,
8479343,Clayton Keller,UTA,BOS,AWAY,R,4,82,0.2,0.2,0.333,0.25,0.36,2.1,2.75,2.492,0.277,0.329,0.299,13.514,13.211,1.019,CURRENT+PRIOR,18.273,19.107,18.726,18:44,0.186,293,1.04,0.206,602,1.03,1.071,1.05,1.03,0.32,0.0,0.0,1.0,0.718,60.0,53.727,84.254,2.103,0.112,25,69.21,73.528,GOOD,NHL Web API,22.9,6.6,2.1,0.6,0,
8484221,Calum Ritchie,NYI,CHI,HOME,C,3,65,0.2,0.3,0.333,0.333,0.24,1.7,1.35,1.462,0.305,0.295,0.301,23.81,20.202,1.07,CURRENT+PRIOR,15.86,16.152,15.639,15:38,0.203,407,1.04,0.158,545,0.97,1.009,1.009,1.035,0.317,0.0,0.0,1.0,0.43,51.76,63.994,85.499,1.637,0.104,25,72.063,76.289,STRONG,NHL Web API,26.8,4.0,0.3,0.0,0,
8482175,JJ Peterka,BOS,UTA,HOME,R,4,82,0.4,0.4,0.333,0.5,0.2,2.2,1.8,2.012,0.356,0.327,0.344,15.625,16.234,0.974,CURRENT+PRIOR,18.847,16.857,16.98,16:59,0.14,288,0.96,0.141,527,0.97,0.931,0.95,0.958,0.316,0.0,0.0,1.0,0.43,40.0,60.043,77.685,1.816,0.159,25,69.278,73.783,GOOD,NHL Web API,27.2,3.9,0.5,0.0,0,
8479318,Auston Matthews,TOR,VGK,AWAY,C,4,60,0.6,0.3,0.2,0.5,0.28,4.2,3.7,3.889,0.343,0.334,0.34,6.0,8.599,0.93,CURRENT+PRIOR,20.583,21.648,21.232,21:14,0.115,302,0.96,0.163,503,0.97,0.931,0.95,0.969,0.31,0.0,0.0,1.0,0.556,40.0,63.994,81.204,1.637,0.134,25,71.075,75.7,STRONG,NHL Web API,26.6,4.1,0.4,0.0,0,
8475170,Brayden Schenn,NYI,CHI,HOME,C,3,80,0.2,0.3,0.333,0.333,0.24,1.6,1.65,1.626,0.305,0.261,0.286,17.857,16.05,1.07,CURRENT+PRIOR,17.033,17.302,16.73,16:44,0.203,407,1.04,0.158,545,0.97,1.009,1.009,1.06,0.309,0.0,0.0,1.0,0.43,51.76,63.994,83.332,1.637,0.119,25,71.565,75.79,STRONG,NHL Web API,25.9,3.9,0.4,0.0,0,
8478401,Pavel Zacha,BOS,UTA,HOME,C,4,78,0.0,0.2,0.467,0.0,0.64,1.5,1.9,1.7,0.269,0.449,0.345,25.926,26.389,0.99,CURRENT+PRIOR,15.88,16.417,16.539,16:32,0.14,288,0.96,0.141,527,0.97,0.931,0.95,0.934,0.309,0.0,0.0,1.0,0.819,40.0,68.246,74.647,1.443,0.181,25,70.63,75.38,STRONG,NHL Web API,21.0,6.6,2.2,0.8,0,
8476873,Mark Jankowski,CAR,VAN,HOME,L,4,68,0.4,0.4,0.267,0.25,0.24,0.8,0.9,0.875,0.319,0.25,0.29,33.333,28.549,1.047,CURRENT+PRIOR,13.6,12.78,12.523,12:31,0.207,305,1.04,0.182,545,1.03,1.071,1.05,0.996,0.306,0.0,0.0,1.0,0.504,60.0,57.446,73.059,1.934,0.192,25,67.565,71.989,GOOD,NHL Web API,26.5,3.8,0.4,0.0,0,
8476881,Tomas Hertl,VGK,TOR,HOME,C,4,82,0.6,0.3,0.2,0.75,0.08,2.4,2.7,2.473,0.358,0.2,0.292,7.5,8.083,0.94,CURRENT+PRIOR,16.22,15.43,15.982,15:59,0.179,382,1.04,0.193,490,1.03,1.071,1.05,0.984,0.305,0.0,0.0,1.0,0.461,60.0,35.02,82.57,2.954,0.124,25,64.146,67.902,GOOD,NHL Web API,26.5,3.8,0.4,0.0,0,
8483476,Jonathan Lekkerimäki,VAN,CAR,AWAY,R,4,13,0.4,0.3,0.2,0.5,0.154,1.0,0.824,0.892,0.308,0.253,0.285,27.273,28.316,0.991,CURRENT+PRIOR,11.877,11.775,11.738,11:44,0.187,332,1.04,0.2,571,1.03,1.071,1.05,1.006,0.298,0.0,0.0,1.0,0.437,60.0,59.118,65.349,1.858,0.248,17,58.722,63.247,MODERATE,NHL Web API,26.0,3.7,0.3,0.0,0,
8485395,James Hagens,BOS,UTA,HOME,C,4,2,0.4,0.333,0.333,0.5,0.0,1.5,1.5,1.4,0.303,0.311,0.306,22.222,22.222,1.0,CURRENT+PRIOR,14.257,14.069,14.152,14:09,0.14,288,0.96,0.141,527,0.97,0.931,0.95,1.013,0.298,0.0,0.0,1.0,0.516,40.0,65.918,90.015,1.549,0.071,6,55.799,60.612,MODERATE,NHL Web API,26.0,3.5,0.4,0.0,0,
8480015,Owen Tippett,PHI,OTT,AWAY,R,4,81,0.2,0.2,0.333,0.25,0.36,2.0,2.85,2.482,0.291,0.324,0.305,14.286,13.039,1.07,CURRENT+PRIOR,16.17,16.132,16.513,16:31,0.118,314,0.96,0.127,581,0.97,0.931,0.95,1.037,0.297,0.0,0.0,1.0,0.661,40.0,61.109,82.487,1.768,0.125,25,70.649,75.187,STRONG,NHL Web API,21.4,6.0,1.7,0.5,0,
8482105,Jake Sanderson,OTT,PHI,HOME,D,1,67,0.6,0.3,0.267,0.0,0.24,2.5,2.25,2.376,0.268,0.248,0.259,11.429,10.422,1.07,CURRENT+PRIOR,21.08,21.583,19.553,19:33,0.127,281,0.96,0.189,524,1.03,0.989,0.989,1.14,0.295,0.0,0.0,1.0,0.484,47.76,52.075,69.925,2.178,0.215,25,65.502,68.564,GOOD,NHL Web API,25.7,3.4,0.3,0.0,0,
8484387,Matvei Michkov,PHI,OTT,AWAY,R,4,81,0.4,0.4,0.333,0.25,0.28,2.2,1.95,2.025,0.332,0.289,0.314,14.706,14.261,1.024,CURRENT+PRIOR,15.657,15.162,15.345,15:21,0.118,314,0.96,0.127,581,0.97,0.931,0.95,0.994,0.294,0.0,0.0,1.0,0.521,40.0,60.043,84.955,1.816,0.107,25,70.95,75.458,STRONG,NHL Web API,25.9,3.8,0.3,0.0,0,
8483431,Logan Cooley,UTA,BOS,AWAY,C,4,54,0.0,0.2,0.467,0.0,0.4,1.2,1.45,1.392,0.23,0.36,0.284,30.435,25.865,1.07,CURRENT+PRIOR,16.82,17.782,17.276,17:17,0.186,293,1.04,0.206,602,1.03,1.071,1.05,0.99,0.293,0.0,0.0,1.0,0.661,60.0,57.222,82.911,1.944,0.122,25,69.775,74.197,GOOD,NHL Web API,21.4,5.6,1.5,0.4,0,
8479977,Kailer Yamamoto,UTA,BOS,AWAY,R,0,59,0.4,0.3,0.267,,0.16,1.6,1.3,1.399,0.257,0.306,0.278,20.0,21.888,0.963,PRIOR,12.23,12.803,12.306,12:18,0.186,293,1.04,0.206,602,1.03,1.071,1.05,1.015,0.293,0.0,0.0,1.0,0.583,60.0,48.552,76.48,2.339,0.168,25,63.128,64.248,MODERATE,NHL Web API,24.2,4.5,0.8,0.2,0,
8483468,Jiri Kulich,BUF,DAL,HOME,C,3,12,0.2,0.3,0.267,0.333,0.25,1.3,1.6,1.478,0.277,0.246,0.264,16.667,16.667,1.0,CURRENT+PRIOR,13.12,15.145,14.432,14:26,0.132,382,0.96,0.178,554,1.03,0.989,0.989,1.109,0.292,0.0,0.0,1.0,0.458,47.76,62.237,73.525,1.717,0.189,15,59.51,63.746,MODERATE,NHL Web API,25.1,3.3,0.3,0.0,0,
8483515,Juraj Slafkovský,MTL,NSH,HOME,L,3,82,0.2,0.2,0.2,0.333,0.36,2.4,2.55,2.476,0.251,0.316,0.279,9.091,12.768,0.93,CURRENT+PRIOR,19.433,20.203,19.593,19:36,0.154,355,0.96,0.202,549,1.03,0.989,0.989,1.031,0.287,0.0,0.0,1.0,0.606,47.76,64.498,88.045,1.614,0.085,25,72.775,77.017,STRONG,NHL Web API,22.5,4.9,1.1,0.2,0,
8485406,Porter Martone,PHI,OTT,AWAY,R,4,9,0.2,0.4,0.308,0.0,0.444,1.9,2.615,2.481,0.272,0.292,0.28,11.765,11.765,1.0,CURRENT+PRIOR,13.957,15.517,15.043,15:03,0.118,314,0.96,0.127,581,0.97,0.931,0.95,1.086,0.286,0.0,0.0,1.0,0.48,40.0,65.653,78.739,1.561,0.152,13,59.691,64.445,MODERATE,NHL Web API,25.1,3.4,0.4,0.0,0,
8479987,Morgan Geekie,BOS,UTA,HOME,C,4,81,0.2,0.5,0.333,0.0,0.28,1.8,1.75,1.838,0.276,0.343,0.304,20.833,18.659,1.066,CURRENT+PRIOR,18.32,17.937,17.916,17:55,0.14,288,0.96,0.141,527,0.97,0.931,0.95,0.975,0.284,0.0,0.0,1.0,0.626,40.0,28.995,85.306,3.227,0.105,25,63.269,66.845,GOOD,NHL Web API,21.0,5.3,1.4,0.4,0,
8481557,Matt Boldy,MIN,TBL,AWAY,L,3,76,0.0,0.4,0.267,0.0,0.52,4.2,3.65,3.896,0.238,0.38,0.297,7.273,9.745,0.93,CURRENT+PRIOR,20.663,19.033,20.048,20:03,0.152,344,0.96,0.174,583,1.029,0.988,0.988,0.974,0.283,0.0,0.0,1.0,0.776,47.607,64.498,81.927,1.614,0.129,25,71.368,75.607,STRONG,NHL Web API,19.7,5.8,2.0,0.7,0,
8478975,Mason Marchment,SJS,STL,AWAY,L,3,68,0.4,0.2,0.267,0.333,0.24,1.7,2.0,1.849,0.261,0.307,0.28,14.286,16.61,0.93,CURRENT+PRIOR,16.833,17.128,16.82,16:49,0.141,345,0.96,0.168,515,0.997,0.957,0.957,1.064,0.283,0.0,0.0,1.0,0.43,41.422,60.043,78.876,1.816,0.151,25,69.552,73.657,GOOD,NHL Web API,24.2,3.2,0.3,0.0,0,
8477940,Nikolaj Ehlers,CAR,VAN,HOME,L,4,82,0.2,0.2,0.267,0.0,0.48,2.7,2.65,2.686,0.214,0.342,0.267,10.526,12.715,0.93,CURRENT+PRIOR,16.597,16.33,16.563,16:34,0.207,305,1.04,0.182,545,1.03,1.071,1.05,0.985,0.28,0.0,0.0,1.0,0.675,60.0,63.994,82.754,1.637,0.123,25,71.432,76.057,STRONG,NHL Web API,19.5,5.7,1.7,0.6,0,
8476906,Shayne Gostisbehere,CAR,VAN,HOME,D,4,55,0.2,0.1,0.267,0.25,0.36,1.6,2.0,1.94,0.256,0.267,0.26,16.0,13.75,1.07,CURRENT+PRIOR,18.88,18.932,18.549,18:33,0.207,305,1.04,0.182,545,1.03,1.071,1.05,0.993,0.274,0.0,0.0,1.0,0.547,60.0,61.722,73.03,1.74,0.193,25,68.627,73.18,GOOD,NHL Web API,23.1,3.8,0.5,0.1,0,
8474141,Patrick Kane,CHI,NYI,AWAY,R,4,67,0.2,0.3,0.333,0.25,0.32,1.9,2.35,2.214,0.304,0.287,0.297,17.241,12.976,1.07,CURRENT+PRIOR,19.8,18.832,19.346,19:21,0.154,311,0.96,0.126,566,0.97,0.931,0.95,0.975,0.272,0.0,0.0,1.0,0.535,40.0,61.722,86.819,1.74,0.094,25,71.799,76.357,STRONG,NHL Web API,23.6,2.9,0.3,0.0,0,
8477402,Pavel Buchnevich,STL,SJS,HOME,L,3,81,0.4,0.3,0.267,0.0,0.36,1.3,1.45,1.396,0.261,0.27,0.265,21.053,19.308,1.04,CURRENT+PRIOR,16.233,16.08,16.537,16:32,0.221,369,1.04,0.166,546,0.985,1.025,1.025,0.988,0.271,0.0,0.0,1.0,0.556,54.977,63.994,89.647,1.637,0.074,25,73.017,77.245,STRONG,NHL Web API,22.1,4.0,0.7,0.1,0,
8480355,Mark Kastelic,BOS,UTA,HOME,C,4,82,0.6,0.4,0.267,0.25,0.12,1.2,1.1,1.141,0.325,0.212,0.277,23.529,18.548,1.07,CURRENT+PRIOR,11.497,11.23,11.21,11:13,0.14,288,0.96,0.141,527,0.97,0.931,0.95,1.015,0.27,0.0,0.0,1.0,0.461,40.0,35.02,72.735,2.954,0.195,25,61.884,65.636,GOOD,NHL Web API,24.2,3.0,0.3,0.0,0,
8483752,Dominic James,TBL,MIN,HOME,C,0,43,0.4,0.3,0.267,,0.2,2.2,1.55,1.829,0.28,0.251,0.268,13.793,13.752,1.002,PRIOR,13.883,13.428,13.06,13:04,0.145,395,0.96,0.162,618,0.97,0.931,0.95,1.04,0.268,0.0,0.0,1.0,0.407,40.0,55.093,75.209,2.041,0.177,25,64.471,65.786,GOOD,NHL Web API,23.6,3.2,0.4,0.0,0,
8484803,Trevor Connelly,VGK,TOR,HOME,L,4,0,0.25,0.25,0.25,0.25,,1.5,1.5,1.5,0.25,0.25,0.25,16.667,16.667,1.0,CURRENT+PRIOR,11.483,11.483,11.483,11:29,0.179,382,1.04,0.193,490,1.03,1.071,1.05,1.0,0.265,0.0,0.0,1.0,0.5,60.0,56.0,90.477,2.0,0.068,4,45.0,48.0,LIMITED,NHL Web API,23.3,3.0,0.2,0.0,0,
8483525,Danila Yurov,MIN,TBL,AWAY,R,3,73,0.6,0.3,0.2,0.333,0.16,1.1,1.15,1.114,0.312,0.188,0.26,18.75,16.927,1.04,CURRENT+PRIOR,15.06,14.008,13.973,13:58,0.152,344,0.96,0.174,583,1.029,0.988,0.988,1.035,0.264,0.0,0.0,1.0,0.407,47.607,55.093,81.971,2.041,0.129,25,69.026,72.984,GOOD,NHL Web API,23.4,3.0,0.3,0.0,0,
8476458,Ryan Strome,CGY,COL,HOME,C,3,52,0.2,0.3,0.333,0.333,0.2,1.2,1.25,1.194,0.295,0.242,0.272,23.81,20.261,1.07,CURRENT+PRIOR,13.8,13.763,14.168,14:10,0.121,311,0.96,0.101,542,0.97,0.931,0.95,1.008,0.263,0.0,0.0,1.0,0.43,40.0,60.043,72.245,1.816,0.198,25,68.027,72.129,GOOD,NHL Web API,23.6,3.1,0.3,0.0,0,
8478519,Anthony Cirelli,TBL,MIN,HOME,C,3,71,0.0,0.3,0.4,0.0,0.36,1.7,1.6,1.653,0.225,0.334,0.271,21.429,20.18,1.04,CURRENT+PRIOR,18.203,18.043,17.713,17:43,0.145,395,0.96,0.162,618,0.97,0.931,0.95,0.989,0.257,0.0,0.0,1.0,0.711,40.0,48.552,81.648,2.339,0.131,25,67.317,71.078,GOOD,NHL Web API,18.2,5.1,1.5,0.5,0,
8481528,Dylan Cozens,OTT,PHI,HOME,C,3,82,0.2,0.2,0.267,0.0,0.4,2.9,2.8,2.861,0.196,0.351,0.261,9.524,12.261,0.93,CURRENT+PRIOR,18.503,17.387,17.74,17:44,0.127,281,0.96,0.189,524,1.03,0.989,0.989,0.967,0.252,0.0,0.0,1.0,0.547,47.76,63.994,87.22,1.637,0.091,25,72.459,76.686,STRONG,NHL Web API,20.6,3.8,0.7,0.1,0,
8478458,Jack Roslovic,TOR,VGK,AWAY,C,4,69,0.2,0.2,0.333,0.25,0.24,2.1,2.1,2.056,0.26,0.288,0.272,15.625,13.986,1.07,CURRENT+PRIOR,16.413,16.547,16.088,16:05,0.115,302,0.96,0.163,503,0.97,0.931,0.95,0.988,0.252,0.0,0.0,1.0,0.504,40.0,52.075,81.929,2.178,0.129,25,68.263,72.53,GOOD,NHL Web API,22.2,2.7,0.2,0.0,0,
8485391,Anton Frondell,CHI,NYI,AWAY,C,4,12,0.2,0.3,0.267,0.25,0.25,2.8,2.625,2.779,0.263,0.271,0.266,10.0,9.748,1.024,CURRENT+PRIOR,16.76,17.817,17.48,17:29,0.154,311,0.96,0.126,566,0.97,0.931,0.95,0.995,0.249,0.0,0.0,1.0,0.577,40.0,49.193,85.091,2.309,0.106,16,59.845,64.087,MODERATE,NHL Web API,19.6,4.2,1.0,0.2,0,
8478420,Mikko Rantanen,DAL,BUF,AWAY,R,3,64,0.2,0.2,0.267,0.333,0.28,1.5,1.65,1.588,0.278,0.258,0.27,18.182,16.231,1.062,CURRENT+PRIOR,20.317,20.11,20.423,20:25,0.13,312,0.96,0.15,574,0.97,0.931,0.95,0.978,0.248,0.0,0.0,1.0,0.466,40.0,60.043,85.672,1.816,0.102,25,71.115,75.223,STRONG,NHL Web API,22.1,2.6,0.2,0.0,0,
8475842,Sam Carrick,BUF,DAL,HOME,C,2,73,0.0,0.3,0.333,0.0,0.28,1.3,1.1,1.162,0.2,0.246,0.219,25.0,21.201,1.07,CURRENT+PRIOR,7.887,10.495,9.269,9:16,0.132,382,0.96,0.178,554,1.03,0.989,0.989,1.129,0.247,0.0,0.0,1.0,0.521,47.76,57.446,62.235,1.934,0.27,25,65.075,68.696,GOOD,NHL Web API,21.3,3.3,0.5,0.1,0,
8481596,Shane Pinto,OTT,PHI,HOME,C,3,72,0.2,0.3,0.267,0.0,0.32,2.1,2.0,2.085,0.228,0.267,0.245,14.815,12.823,1.07,CURRENT+PRIOR,18.91,18.37,18.57,18:34,0.127,281,0.96,0.189,524,1.03,0.989,0.989,1.007,0.246,0.0,0.0,1.0,0.45,47.76,67.268,88.244,1.488,0.084,25,73.513,77.838,STRONG,NHL Web API,21.9,2.6,0.2,0.0,0,
8479619,Michael Carcone,UTA,BOS,AWAY,L,4,79,0.4,0.2,0.2,0.25,0.2,1.8,1.95,1.829,0.229,0.221,0.226,11.111,12.089,0.954,CURRENT+PRIOR,13.417,13.615,13.32,13:19,0.186,293,1.04,0.206,602,1.03,1.071,1.05,1.046,0.245,0.0,0.0,1.0,0.407,60.0,60.043,80.34,1.816,0.14,25,69.889,74.394,GOOD,NHL Web API,21.8,2.7,0.2,0.0,0,
8481601,Simon Holmstrom,NYI,CHI,HOME,R,3,79,0.2,0.1,0.267,0.333,0.24,1.0,1.35,1.227,0.242,0.244,0.243,22.222,19.896,1.049,CURRENT+PRIOR,16.997,17.123,17.113,17:07,0.203,407,1.04,0.158,545,0.97,1.009,1.009,0.99,0.245,0.0,0.0,1.0,0.504,51.76,57.446,85.131,1.934,0.106,25,70.342,74.371,GOOD,NHL Web API,21.4,2.7,0.2,0.0,0,
8482667,William Eklund,OTT,PHI,HOME,L,3,78,0.4,0.3,0.267,0.333,0.16,2.1,1.7,1.892,0.303,0.18,0.251,14.286,9.535,1.07,CURRENT+PRIOR,17.15,17.0,17.167,17:10,0.127,281,0.96,0.189,524,1.03,0.989,0.989,0.97,0.244,0.0,0.0,1.0,0.379,47.76,55.093,81.585,2.041,0.132,25,68.938,72.895,GOOD,NHL Web API,21.9,2.6,0.1,0.0,0,
8485388,Victor Eklund,NYI,CHI,HOME,R,3,1,0.25,0.25,0.25,0.333,0.0,1.75,1.75,1.8,0.21,0.257,0.23,14.286,14.286,1.0,CURRENT+PRIOR,13.754,13.754,13.929,13:56,0.203,407,1.04,0.158,545,0.97,1.009,1.009,1.033,0.242,0.0,0.0,1.0,0.5,51.76,56.0,82.052,2.0,0.128,4,45.0,48.0,LIMITED,NHL Web API,21.4,2.5,0.2,0.0,0,
8484145,Zach Benson,BUF,DAL,HOME,L,3,65,0.2,0.3,0.333,0.0,0.28,2.2,2.0,2.05,0.228,0.296,0.256,15.625,14.463,1.061,CURRENT+PRIOR,19.507,17.682,17.702,17:42,0.132,382,0.96,0.178,554,1.03,0.989,0.989,0.943,0.241,0.0,0.0,1.0,0.504,47.76,52.075,69.037,2.178,0.221,25,65.297,69.159,GOOD,NHL Web API,21.6,2.5,0.2,0.0,0,
8477479,Tyler Bertuzzi,CHI,NYI,AWAY,L,4,79,0.2,0.2,0.267,0.25,0.28,1.3,1.65,1.523,0.259,0.238,0.25,19.048,15.649,1.07,CURRENT+PRIOR,17.017,18.29,17.894,17:54,0.154,311,0.96,0.126,566,0.97,0.931,0.95,1.019,0.24,0.0,0.0,1.0,0.521,40.0,57.446,86.255,1.934,0.098,25,70.6,75.03,STRONG,NHL Web API,20.6,3.3,0.5,0.1,0,
8480797,Joel Farabee,CGY,COL,HOME,L,3,82,0.2,0.3,0.267,0.0,0.32,2.1,1.85,1.92,0.204,0.296,0.243,14.286,15.422,0.956,CURRENT+PRIOR,17.403,17.002,16.956,16:57,0.121,311,0.96,0.101,542,0.97,0.931,0.95,1.027,0.239,0.0,0.0,1.0,0.521,40.0,57.446,86.546,1.934,0.096,25,70.667,74.697,GOOD,NHL Web API,19.7,3.1,0.4,0.1,0,
8482476,Emil Heineman,NYI,CHI,HOME,L,3,82,0.2,0.2,0.2,0.333,0.28,0.9,1.7,1.384,0.269,0.186,0.234,16.667,13.473,1.07,CURRENT+PRIOR,15.097,14.872,15.453,15:27,0.203,407,1.04,0.158,545,0.97,1.009,1.009,0.996,0.238,0.0,0.0,1.0,0.521,51.76,61.722,84.331,1.74,0.112,25,71.227,75.384,STRONG,NHL Web API,19.7,3.0,0.4,0.0,0,
8480748,Kiefer Sherwood,SJS,STL,AWAY,L,3,72,0.2,0.3,0.2,0.333,0.24,1.7,1.95,1.864,0.282,0.167,0.234,10.345,8.968,1.07,CURRENT+PRIOR,14.647,15.713,15.401,15:24,0.141,345,0.96,0.168,515,0.997,0.957,0.957,1.074,0.238,0.0,0.0,1.0,0.43,41.422,55.093,81.845,2.041,0.13,25,68.997,72.955,GOOD,NHL Web API,21.7,2.7,0.2,0.0,0,
8484136,Max Sasson,VAN,CAR,AWAY,C,4,66,0.2,0.3,0.2,0.25,0.2,1.3,1.05,1.096,0.241,0.231,0.237,23.077,21.088,1.028,CURRENT+PRIOR,14.25,13.585,13.606,13:36,0.187,332,1.04,0.2,571,1.03,1.071,1.05,0.956,0.235,0.0,0.0,1.0,0.407,60.0,55.093,72.998,2.041,0.193,25,66.963,71.317,GOOD,NHL Web API,21.1,2.4,0.1,0.0,0,
8483676,Stephen Halliday,OTT,PHI,HOME,C,3,30,0.2,0.2,0.333,0.333,0.16,1.3,1.2,1.229,0.261,0.206,0.238,25.0,16.802,1.07,CURRENT+PRIOR,11.307,9.697,9.905,9:54,0.127,281,0.96,0.189,524,1.03,0.989,0.989,0.987,0.235,0.0,0.0,1.0,0.461,47.76,45.0,66.366,2.5,0.24,25,62.914,66.563,GOOD,NHL Web API,20.1,2.2,0.1,0.0,0,
8486067,Gavin McKenna,TOR,VGK,AWAY,L,4,0,0.25,0.25,0.25,0.25,,1.75,1.75,1.75,0.25,0.25,0.25,14.286,14.286,1.0,CURRENT+PRIOR,14.592,14.592,14.592,14:36,0.115,302,0.96,0.163,503,0.97,0.931,0.95,1.0,0.235,0.0,0.0,1.0,0.5,40.0,56.0,87.904,2.0,0.086,4,45.0,48.0,LIMITED,NHL Web API,20.7,2.3,0.2,0.0,0,
8477948,Travis Sanheim,PHI,OTT,AWAY,D,4,81,0.2,0.3,0.267,0.25,0.2,1.9,1.6,1.647,0.246,0.252,0.248,15.385,15.279,1.004,CURRENT+PRIOR,24.497,24.21,24.478,24:29,0.118,314,0.96,0.127,581,0.97,0.931,0.95,0.998,0.233,0.0,0.0,1.0,0.407,40.0,60.043,87.118,1.816,0.092,25,71.448,75.956,STRONG,NHL Web API,20.5,2.4,0.2,0.0,0,
8478397,Rasmus Andersson,VGK,TOR,HOME,D,4,81,0.0,0.2,0.333,0.0,0.24,2.0,2.05,1.994,0.166,0.259,0.205,16.667,12.982,1.07,CURRENT+PRIOR,18.897,21.397,20.32,20:19,0.179,382,1.04,0.193,490,1.03,1.071,1.05,1.068,0.232,0.0,0.0,1.0,0.407,60.0,60.043,81.983,1.816,0.129,25,70.267,74.773,GOOD,NHL Web API,20.7,2.3,0.2,0.0,0,
8475768,Jaden Schwartz,COL,CGY,AWAY,L,3,50,0.2,0.2,0.2,0.333,0.12,1.5,1.35,1.404,0.228,0.193,0.213,17.647,13.772,1.07,CURRENT+PRIOR,14.21,15.037,14.497,14:30,0.22,296,1.04,0.23,517,1.03,1.071,1.05,1.045,0.232,0.0,0.0,1.0,0.346,60.0,48.552,78.339,2.339,0.155,25,66.556,70.316,GOOD,NHL Web API,20.6,2.2,0.2,0.0,0,
8480459,Pius Suter,STL,SJS,HOME,C,3,64,0.2,0.2,0.2,0.333,0.24,1.1,1.25,1.197,0.259,0.173,0.223,18.75,14.481,1.07,CURRENT+PRIOR,14.717,14.712,14.69,14:41,0.221,369,1.04,0.166,546,0.985,1.025,1.025,1.002,0.231,0.0,0.0,1.0,0.43,54.977,60.043,86.372,1.816,0.097,25,71.276,75.384,STRONG,NHL Web API,20.8,2.2,0.2,0.0,0,
8483505,Matthew Poitras,BOS,UTA,HOME,C,1,3,0.25,0.25,0.25,0.0,0.333,2.0,2.0,2.133,0.21,0.267,0.234,12.5,12.5,1.0,CURRENT+PRIOR,11.954,11.954,11.905,11:54,0.14,288,0.96,0.141,527,0.97,0.931,0.95,1.022,0.229,0.0,0.0,1.0,0.5,40.0,56.0,90.994,2.0,0.064,4,45.0,48.0,LIMITED,NHL Web API,19.8,3.0,0.4,0.0,0,
8475231,Casey Cizikas,NYI,CHI,HOME,C,3,81,0.4,0.2,0.2,0.333,0.16,1.6,1.4,1.474,0.261,0.171,0.223,12.5,11.594,1.043,CURRENT+PRIOR,12.163,12.643,12.304,12:18,0.203,407,1.04,0.158,545,0.97,1.009,1.009,0.999,0.227,0.0,0.0,1.0,0.379,51.76,48.552,82.287,2.339,0.127,25,67.464,71.226,GOOD,NHL Web API,20.4,2.2,0.2,0.0,0,
8473533,Jordan Staal,CAR,VAN,HOME,C,4,75,0.2,0.1,0.267,0.0,0.32,1.6,1.5,1.549,0.178,0.258,0.211,18.182,16.631,1.048,CURRENT+PRIOR,16.937,16.802,16.708,16:42,0.207,305,1.04,0.182,545,1.03,1.071,1.05,1.011,0.226,0.0,0.0,1.0,0.466,60.0,55.093,88.552,2.041,0.082,25,70.54,74.9,GOOD,NHL Web API,20.2,2.1,0.2,0.0,0,
8476981,Josh Anderson,MTL,NSH,HOME,R,3,72,0.4,0.2,0.2,0.333,0.12,1.2,1.4,1.27,0.248,0.179,0.219,15.0,14.118,1.029,CURRENT+PRIOR,13.403,13.532,13.2,13:12,0.154,355,0.96,0.202,549,1.03,0.989,0.989,1.031,0.226,0.0,0.0,1.0,0.346,47.76,48.552,73.714,2.339,0.188,25,65.492,69.25,GOOD,NHL Web API,20.4,2.2,0.2,0.0,0,
8477447,Shea Theodore,VGK,TOR,HOME,D,4,70,0.4,0.2,0.2,0.25,0.12,2.4,1.95,2.067,0.236,0.187,0.215,10.345,9.039,1.07,CURRENT+PRIOR,21.213,20.943,21.186,21:11,0.179,382,1.04,0.193,490,1.03,1.071,1.05,0.983,0.225,0.0,0.0,1.0,0.346,60.0,48.552,87.73,2.339,0.088,25,68.716,72.88,GOOD,NHL Web API,20.2,2.2,0.1,0.0,0,
8484158,Easton Cowan,TOR,VGK,AWAY,R,4,66,0.2,0.3,0.2,0.25,0.16,1.5,1.2,1.319,0.226,0.217,0.222,16.667,16.424,1.006,CURRENT+PRIOR,15.553,17.265,16.247,16:15,0.115,302,0.96,0.163,503,0.97,0.931,0.95,1.074,0.224,0.0,0.0,1.0,0.379,40.0,55.093,79.813,2.041,0.144,25,68.53,72.887,GOOD,NHL Web API,19.9,2.1,0.1,0.0,0,
8482679,Matt Coronato,CGY,COL,HOME,R,3,80,0.4,0.2,0.2,0.333,0.16,2.3,2.2,2.285,0.265,0.193,0.235,9.091,8.462,1.058,CURRENT+PRIOR,17.853,17.31,17.292,17:18,0.121,311,0.96,0.101,542,0.97,0.931,0.95,0.994,0.224,0.0,0.0,1.0,0.379,40.0,55.093,81.208,2.041,0.134,25,68.851,72.808,GOOD,NHL Web API,20.1,2.3,0.2,0.0,0,
8477496,Elias Lindholm,BOS,UTA,HOME,C,4,69,0.2,0.1,0.267,0.25,0.24,1.4,1.75,1.594,0.202,0.255,0.224,14.815,15.972,0.958,CURRENT+PRIOR,16.22,17.262,17.065,17:04,0.14,288,0.96,0.141,527,0.97,0.931,0.95,1.035,0.222,0.0,0.0,1.0,0.504,40.0,57.446,83.982,1.934,0.114,25,70.077,74.506,GOOD,NHL Web API,18.5,2.9,0.4,0.0,0,
8480064,Josh Norris,BUF,DAL,HOME,C,3,44,0.4,0.3,0.2,0.0,0.28,1.6,1.65,1.634,0.206,0.258,0.228,12.5,15.789,0.93,CURRENT+PRIOR,15.817,15.758,15.88,15:53,0.132,382,0.96,0.178,554,1.03,0.989,0.989,0.977,0.222,0.0,0.0,1.0,0.504,47.76,55.093,86.999,2.041,0.093,25,70.183,74.143,GOOD,NHL Web API,18.2,3.0,0.5,0.1,0,
8478010,Brayden Point,TBL,MIN,HOME,C,3,63,0.2,0.2,0.2,0.333,0.2,2.0,2.0,1.936,0.216,0.272,0.24,9.091,14.07,0.93,CURRENT+PRIOR,19.377,19.09,19.175,19:11,0.145,395,0.96,0.162,618,0.97,0.931,0.95,0.964,0.221,0.0,0.0,1.0,0.535,40.0,55.093,87.005,2.041,0.093,25,70.184,74.144,GOOD,NHL Web API,17.7,3.7,0.8,0.2,0,
8483493,Frank Nazar,CHI,NYI,AWAY,C,4,66,0.2,0.2,0.267,0.25,0.32,1.6,2.0,1.812,0.245,0.228,0.238,12.121,12.594,0.973,CURRENT+PRIOR,18.557,17.495,18.123,18:07,0.154,311,0.96,0.126,566,0.97,0.931,0.95,0.981,0.219,0.0,0.0,1.0,0.535,40.0,65.251,79.7,1.58,0.145,25,71.044,75.705,STRONG,NHL Web API,17.3,3.5,0.7,0.2,0,
8480893,Kirill Marchenko,TOR,VGK,AWAY,R,4,76,0.2,0.2,0.2,0.25,0.28,2.8,2.5,2.647,0.215,0.254,0.231,7.317,9.585,0.93,CURRENT+PRIOR,19.683,20.11,19.719,19:43,0.115,302,0.96,0.163,503,0.97,0.931,0.95,0.996,0.217,0.0,0.0,1.0,0.535,40.0,60.043,82.881,1.816,0.122,25,70.473,74.98,GOOD,NHL Web API,16.9,3.6,0.8,0.2,0,
8480036,Miro Heiskanen,DAL,BUF,AWAY,D,3,77,0.4,0.2,0.133,0.667,0.08,1.3,1.75,1.574,0.322,0.1,0.228,7.692,6.338,1.07,CURRENT+PRIOR,20.97,22.807,23.006,23:00,0.13,312,0.96,0.15,574,0.97,0.931,0.95,0.976,0.21,0.0,0.0,1.0,0.346,40.0,48.552,73.845,2.339,0.187,25,65.522,69.281,GOOD,NHL Web API,18.8,2.0,0.1,0.0,0,
8480012,Elias Pettersson,VAN,CAR,AWAY,C,4,74,0.4,0.2,0.133,0.5,0.08,2.0,1.8,1.858,0.264,0.126,0.206,6.897,6.757,1.014,CURRENT+PRIOR,19.17,19.397,19.04,19:02,0.187,332,1.04,0.2,571,1.03,1.071,1.05,0.973,0.208,0.0,0.0,1.0,0.434,60.0,35.02,86.215,2.954,0.098,25,64.984,68.741,GOOD,NHL Web API,19.0,1.9,0.1,0.0,0,
8474600,Roman Josi,NSH,MTL,AWAY,D,3,68,0.2,0.2,0.2,0.333,0.12,2.5,2.3,2.45,0.218,0.215,0.217,9.091,8.791,1.026,CURRENT+PRIOR,25.807,25.472,25.701,25:42,0.166,326,0.984,0.159,514,0.97,0.954,0.954,1.008,0.207,0.0,0.0,1.0,0.379,40.815,39.195,85.205,2.764,0.106,25,65.796,69.278,GOOD,NHL Web API,18.7,1.9,0.1,0.0,0,
8480426,Charle-Edouard D'Astous,TBL,MIN,HOME,D,3,70,0.2,0.2,0.2,0.333,0.12,1.7,1.3,1.444,0.228,0.151,0.196,14.286,10.474,1.07,CURRENT+PRIOR,16.233,16.837,16.698,16:42,0.145,395,0.96,0.162,618,0.97,0.931,0.95,1.081,0.203,0.0,0.0,1.0,0.346,40.0,48.552,72.947,2.339,0.193,25,65.316,69.074,GOOD,NHL Web API,18.1,1.9,0.1,0.0,0,
8475754,Brock Nelson,COL,CGY,AWAY,C,3,81,0.2,0.1,0.133,0.333,0.12,1.3,1.95,1.716,0.168,0.211,0.186,9.091,12.274,0.93,CURRENT+PRIOR,18.157,18.988,18.893,18:54,0.22,296,1.04,0.23,517,1.03,1.071,1.05,1.048,0.202,0.0,0.0,1.0,0.407,60.0,48.552,79.861,2.339,0.144,25,66.906,70.667,GOOD,NHL Web API,18.4,1.9,0.1,0.0,0,
8480188,Fabian Zetterlund,OTT,PHI,HOME,L,3,82,0.2,0.4,0.267,0.0,0.2,1.4,1.6,1.486,0.221,0.202,0.213,20.0,13.571,1.07,CURRENT+PRIOR,14.677,12.647,13.119,13:07,0.127,281,0.96,0.189,524,1.03,0.989,0.989,0.94,0.2,0.0,0.0,1.0,0.461,47.76,45.0,73.402,2.5,0.19,25,64.533,68.184,GOOD,NHL Web API,18.1,1.7,0.1,0.0,0,
8480069,Cale Makar,COL,CGY,AWAY,D,3,75,0.2,0.1,0.133,0.333,0.2,2.4,2.6,2.478,0.185,0.179,0.183,4.878,7.231,0.93,CURRENT+PRIOR,22.103,23.042,22.879,22:53,0.22,296,1.04,0.23,517,1.03,1.071,1.05,1.046,0.199,0.0,0.0,1.0,0.504,60.0,52.075,83.207,2.178,0.12,25,68.557,72.424,GOOD,NHL Web API,16.1,3.1,0.6,0.1,0,
8475168,Matt Duchene,DAL,BUF,AWAY,C,0,57,0.0,0.2,0.2,,0.24,1.7,1.5,1.602,0.163,0.279,0.212,12.5,17.391,0.93,PRIOR,17.51,17.185,17.407,17:24,0.13,312,0.96,0.15,574,0.97,0.931,0.95,0.994,0.198,0.0,0.0,1.0,0.556,40.0,60.043,85.428,1.816,0.104,25,68.059,69.527,GOOD,NHL Web API,15.2,3.5,0.9,0.2,0,
8480078,Filip Chytil,VAN,CAR,AWAY,C,0,12,0.0,0.1,0.25,,0.25,1.8,2.0,1.91,0.161,0.239,0.193,12.5,12.5,1.0,PRIOR,13.553,14.637,14.47,14:28,0.187,332,1.04,0.2,571,1.03,1.071,1.05,0.979,0.197,0.0,0.0,1.0,0.622,60.0,45.301,58.144,2.486,0.299,12,45.93,47.032,LIMITED,NHL Web API,14.6,3.2,0.7,0.2,0,
8477505,Alexander Wennberg,SJS,STL,AWAY,C,3,80,0.0,0.1,0.333,0.0,0.32,1.1,1.1,1.112,0.163,0.254,0.201,27.778,22.817,1.07,CURRENT+PRIOR,19.773,19.673,19.643,19:39,0.141,345,0.96,0.168,515,0.997,0.957,0.957,1.008,0.192,0.0,0.0,1.0,0.521,41.422,57.446,85.351,1.934,0.105,25,70.392,74.422,GOOD,NHL Web API,14.7,3.3,0.8,0.2,0,
8473422,Nick Foligno,MIN,TBL,AWAY,L,3,54,0.4,0.2,0.133,0.333,0.08,0.9,1.1,0.982,0.215,0.124,0.177,11.765,12.591,0.976,CURRENT+PRIOR,12.587,12.282,11.886,11:53,0.152,344,0.96,0.174,583,1.029,0.988,0.988,1.109,0.192,0.0,0.0,1.0,0.305,47.607,39.195,69.992,2.764,0.214,25,62.297,65.773,GOOD,NHL Web API,17.0,1.6,0.1,0.0,0,
8480800,Quinn Hughes,MIN,TBL,AWAY,D,3,74,0.4,0.2,0.133,0.333,0.12,2.4,2.1,2.247,0.246,0.12,0.193,5.882,5.324,1.07,CURRENT+PRIOR,28.24,27.347,27.0,27:00,0.152,344,0.96,0.174,583,1.029,0.988,0.988,1.012,0.191,0.0,0.0,1.0,0.346,47.607,39.195,88.137,2.764,0.085,25,66.47,69.953,GOOD,NHL Web API,17.3,1.6,0.1,0.0,0,
8481533,Trevor Zegras,PHI,OTT,AWAY,C,4,81,0.2,0.3,0.267,0.0,0.24,1.1,1.6,1.407,0.208,0.197,0.203,18.182,13.99,1.07,CURRENT+PRIOR,19.27,17.572,18.488,18:29,0.118,314,0.96,0.127,581,0.97,0.931,0.95,0.993,0.19,0.0,0.0,1.0,0.484,40.0,45.0,79.885,2.5,0.144,25,66.023,70.077,GOOD,NHL Web API,15.7,2.7,0.5,0.1,0,
8476389,Vincent Trocheck,UTA,BOS,AWAY,C,4,67,0.2,0.2,0.133,0.25,0.16,1.3,1.35,1.362,0.202,0.134,0.174,11.111,9.871,1.053,CURRENT+PRIOR,17.59,17.997,18.247,18:15,0.186,293,1.04,0.206,602,1.03,1.071,1.05,1.045,0.189,0.0,0.0,1.0,0.407,60.0,55.093,84.8,2.041,0.109,25,69.677,74.036,GOOD,NHL Web API,16.9,1.7,0.1,0.0,0,
8482092,Ridly Greig,OTT,PHI,HOME,C,1,77,0.2,0.2,0.2,0.0,0.16,1.9,1.5,1.692,0.142,0.197,0.165,11.538,11.62,0.996,CURRENT+PRIOR,17.463,17.018,16.405,16:24,0.127,281,0.96,0.189,524,1.03,0.989,0.989,1.136,0.187,0.0,0.0,1.0,0.346,47.76,48.552,83.843,2.339,0.115,25,67.822,70.784,GOOD,NHL Web API,17.0,1.6,0.1,0.0,0,
8483553,Marc Gatcomb,VGK,TOR,HOME,C,4,49,0.2,0.2,0.2,0.25,0.08,2.0,1.4,1.59,0.196,0.137,0.171,12.5,8.601,1.07,CURRENT+PRIOR,9.057,9.62,9.4,9:24,0.179,382,1.04,0.193,490,1.03,1.071,1.05,1.02,0.185,0.0,0.0,1.0,0.305,60.0,39.195,78.801,2.764,0.151,25,64.323,68.202,GOOD,NHL Web API,16.9,1.6,0.1,0.0,0,
8482659,Josh Doan,BUF,DAL,HOME,R,3,82,0.0,0.2,0.2,0.0,0.28,1.4,1.65,1.608,0.142,0.258,0.191,15.789,16.062,0.993,CURRENT+PRIOR,15.743,15.258,15.505,15:30,0.132,382,0.96,0.178,554,1.03,0.989,0.989,0.967,0.184,0.0,0.0,1.0,0.583,47.76,51.778,80.273,2.192,0.141,25,67.807,71.665,GOOD,NHL Web API,14.4,3.0,0.8,0.2,0,
8480807,Mattias Samuelsson,BUF,DAL,HOME,D,3,78,0.2,0.2,0.133,0.333,0.16,1.2,1.15,1.23,0.205,0.158,0.185,11.765,12.812,0.97,CURRENT+PRIOR,21.05,21.208,21.528,21:32,0.132,382,0.96,0.178,554,1.03,0.989,0.989,0.994,0.184,0.0,0.0,1.0,0.461,47.76,39.195,86.846,2.764,0.094,25,66.173,69.656,GOOD,NHL Web API,16.1,2.4,0.4,0.1,0,
8475726,Tyler Toffoli,SJS,STL,AWAY,C,3,79,0.2,0.2,0.133,0.333,0.16,1.9,1.8,1.853,0.197,0.187,0.193,7.143,10.078,0.93,CURRENT+PRIOR,12.807,13.082,12.865,12:52,0.141,345,0.96,0.168,515,0.997,0.957,0.957,1.009,0.184,0.0,0.0,1.0,0.379,41.422,48.552,74.26,2.339,0.184,25,65.618,69.376,GOOD,NHL Web API,16.6,1.6,0.1,0.0,0,
8475184,Chris Kreider,MTL,NSH,HOME,L,3,75,0.2,0.1,0.133,0.333,0.12,1.6,1.75,1.676,0.168,0.187,0.176,7.143,11.146,0.93,CURRENT+PRIOR,15.21,15.812,15.913,15:55,0.154,355,0.96,0.202,549,1.03,0.989,0.989,1.051,0.184,0.0,0.0,1.0,0.484,47.76,39.195,83.084,2.764,0.121,25,65.308,68.789,GOOD,NHL Web API,15.5,2.9,0.5,0.1,0,
8473994,Jamie Benn,DAL,BUF,AWAY,L,3,60,0.2,0.1,0.133,0.333,0.24,0.8,1.1,0.953,0.194,0.181,0.189,13.333,19.031,0.93,CURRENT+PRIOR,12.35,12.528,13.022,13:01,0.13,312,0.96,0.15,574,0.97,0.931,0.95,1.023,0.182,0.0,0.0,1.0,0.596,40.0,57.446,78.545,1.934,0.153,25,68.827,72.854,GOOD,NHL Web API,14.0,3.0,0.7,0.1,0,
8482733,Logan Mailloux,STL,SJS,HOME,D,0,67,0.4,0.2,0.133,,0.16,1.5,1.6,1.603,0.213,0.125,0.176,8.0,7.802,1.014,PRIOR,21.79,20.883,21.431,21:26,0.221,369,1.04,0.166,546,0.985,1.025,1.025,0.996,0.182,0.0,0.0,1.0,0.346,54.977,48.552,86.85,2.339,0.094,25,65.514,66.637,GOOD,NHL Web API,16.9,1.4,0.1,0.0,0,
8481618,Alex Newhook,MTL,NSH,HOME,C,3,42,0.2,0.1,0.2,0.0,0.28,1.4,1.55,1.468,0.139,0.255,0.188,12.5,17.391,0.93,CURRENT+PRIOR,15.49,15.583,15.277,15:17,0.154,355,0.96,0.202,549,1.03,0.989,0.989,0.967,0.181,0.0,0.0,1.0,0.504,47.76,55.093,77.516,2.041,0.161,25,68.002,71.958,GOOD,NHL Web API,14.1,3.1,0.8,0.2,0,
8483506,Sam Rinzel,CHI,NYI,AWAY,D,3,54,0.4,0.2,0.133,0.333,0.12,1.4,1.35,1.43,0.246,0.107,0.188,10.0,7.473,1.07,CURRENT+PRIOR,17.757,18.682,18.602,18:36,0.154,311,0.96,0.126,566,0.97,0.931,0.95,1.025,0.181,0.0,0.0,1.0,0.346,40.0,39.195,84.611,2.764,0.11,25,65.659,69.141,GOOD,NHL Web API,16.4,1.5,0.1,0.0,0,
8476448,William Karlsson,VGK,TOR,HOME,C,4,14,0.0,0.1,0.267,0.0,0.286,1.8,2.0,1.939,0.143,0.242,0.184,14.815,12.5,1.07,CURRENT+PRIOR,15.953,16.062,16.264,16:16,0.179,382,1.04,0.193,490,1.03,1.071,1.05,0.923,0.181,0.0,0.0,1.0,0.548,60.0,45.716,71.399,2.467,0.204,18,57.699,61.818,MODERATE,NHL Web API,14.1,3.0,0.7,0.2,0,
8483450,Ryan Greene,CHI,NYI,AWAY,C,4,81,0.2,0.3,0.2,0.0,0.2,1.2,1.15,1.23,0.186,0.185,0.186,17.647,15.0,1.07,CURRENT+PRIOR,15.907,15.632,16.173,16:10,0.154,311,0.96,0.126,566,0.97,0.931,0.95,1.031,0.18,0.0,0.0,1.0,0.379,40.0,48.552,81.892,2.339,0.129,25,67.373,71.535,GOOD,NHL Web API,16.2,1.5,0.1,0.0,0,
8477964,Ivan Barbashev,VGK,TOR,HOME,L,4,82,0.0,0.1,0.2,0.0,0.28,1.2,1.75,1.52,0.116,0.226,0.163,13.636,14.883,0.961,CURRENT+PRIOR,15.257,15.652,15.533,15:32,0.179,382,1.04,0.193,490,1.03,1.071,1.05,1.04,0.179,0.0,0.0,1.0,0.43,60.0,55.093,84.933,2.041,0.108,25,69.708,74.066,GOOD,NHL Web API,16.6,1.4,0.1,0.0,0,
8477987,Ryan Donato,CHI,NYI,AWAY,C,4,82,0.2,0.2,0.133,0.25,0.08,2.0,1.55,1.722,0.16,0.19,0.173,8.333,11.051,0.93,CURRENT+PRIOR,11.93,13.71,12.894,12:54,0.154,311,0.96,0.126,566,0.97,0.931,0.95,1.102,0.179,0.0,0.0,1.0,0.305,40.0,39.195,79.583,2.764,0.146,25,64.503,68.383,GOOD,NHL Web API,16.2,1.4,0.1,0.0,0,
8477989,Christian Dvorak,PHI,OTT,AWAY,C,4,80,0.0,0.2,0.267,0.0,0.24,1.6,1.8,1.694,0.154,0.218,0.181,15.385,12.877,1.07,CURRENT+PRIOR,16.427,17.162,17.446,17:27,0.118,314,0.96,0.127,581,0.97,0.931,0.95,1.046,0.178,0.0,0.0,1.0,0.407,40.0,55.093,80.927,2.041,0.136,25,68.786,73.143,GOOD,NHL Web API,16.8,1.4,0.1,0.0,0,
8477021,Alexander Kerfoot,NSH,MTL,AWAY,C,3,34,0.2,0.2,0.333,0.0,0.24,0.7,0.85,0.748,0.196,0.189,0.193,33.333,25.269,1.07,CURRENT+PRIOR,16.187,16.04,15.454,15:27,0.166,326,0.984,0.159,514,0.97,0.954,0.954,0.974,0.177,0.0,0.0,1.0,0.484,40.815,52.075,76.714,2.178,0.166,25,67.063,70.928,GOOD,NHL Web API,14.9,2.8,0.6,0.1,0,
8474590,John Carlson,TBL,MIN,HOME,D,3,71,0.0,0.3,0.267,0.0,0.2,2.0,2.2,2.126,0.168,0.188,0.176,11.429,8.835,1.07,CURRENT+PRIOR,20.847,22.19,21.978,21:59,0.145,395,0.96,0.162,618,0.97,0.931,0.95,1.035,0.175,0.0,0.0,1.0,0.592,40.0,28.995,74.09,3.227,0.185,25,60.69,63.861,MODERATE,NHL Web API,13.5,2.8,0.7,0.2,0,
8483500,Noah Ostlund,BUF,DAL,HOME,C,3,60,0.2,0.2,0.133,0.333,0.16,1.2,1.2,1.144,0.197,0.167,0.184,10.526,14.571,0.93,CURRENT+PRIOR,16.79,16.142,16.337,16:20,0.132,382,0.96,0.178,554,1.03,0.989,0.989,0.938,0.173,0.0,0.0,1.0,0.461,47.76,39.195,82.695,2.764,0.124,25,65.219,68.7,GOOD,NHL Web API,14.5,2.3,0.3,0.1,0,
8482742,Zachary L'Heureux,COL,CGY,AWAY,L,1,25,0.0,0.2,0.2,0.0,0.16,1.9,1.55,1.654,0.115,0.19,0.146,11.538,11.469,1.004,CURRENT+PRIOR,12.727,13.788,12.644,12:39,0.22,296,1.04,0.23,517,1.03,1.071,1.05,1.14,0.173,0.0,0.0,1.0,0.368,60.0,48.552,73.421,2.339,0.19,25,65.425,68.383,GOOD,NHL Web API,16.0,1.3,0.1,0.0,0,
8478874,Adam Gaudette,SJS,STL,AWAY,R,0,66,0.0,0.2,0.2,,0.24,1.2,1.35,1.284,0.168,0.215,0.188,15.0,16.761,0.955,PRIOR,10.09,10.003,10.34,10:20,0.141,345,0.96,0.168,515,0.997,0.957,0.957,0.975,0.173,0.0,0.0,1.0,0.43,41.422,60.043,80.093,1.816,0.142,25,66.832,68.298,GOOD,NHL Web API,15.9,1.4,0.1,0.0,0,
8480995,Pontus Holmberg,TBL,MIN,HOME,R,3,70,0.2,0.1,0.2,0.333,0.12,1.8,1.25,1.48,0.202,0.174,0.19,13.043,11.765,1.059,CURRENT+PRIOR,13.033,12.877,13.163,13:10,0.145,395,0.96,0.162,618,0.97,0.931,0.95,0.946,0.173,0.0,0.0,1.0,0.346,40.0,39.195,78.918,2.764,0.151,25,64.35,67.829,GOOD,NHL Web API,16.0,1.4,0.1,0.0,0,
8484829,Justin Hryckowian,DAL,BUF,AWAY,C,3,81,0.2,0.2,0.2,0.0,0.24,1.1,1.1,1.104,0.171,0.2,0.183,21.429,18.107,1.061,CURRENT+PRIOR,15.66,16.143,15.829,15:50,0.13,312,0.96,0.15,574,0.97,0.931,0.95,0.995,0.172,0.0,0.0,1.0,0.407,40.0,60.043,84.118,1.816,0.113,25,70.758,74.865,GOOD,NHL Web API,15.8,1.4,0.1,0.0,0,
8485402,Michael Misa,SJS,STL,AWAY,C,3,45,0.4,0.2,0.133,0.0,0.24,1.6,1.25,1.414,0.166,0.206,0.183,10.526,14.605,0.93,CURRENT+PRIOR,13.87,13.025,13.507,13:30,0.141,345,0.96,0.168,515,0.997,0.957,0.957,0.991,0.172,0.0,0.0,1.0,0.43,41.422,48.552,81.755,2.339,0.13,25,67.342,71.103,GOOD,NHL Web API,15.9,1.3,0.1,0.0,0,
8476456,Jonathan Huberdeau,CGY,COL,HOME,L,0,50,0.4,0.2,0.133,,0.2,1.8,1.75,1.766,0.207,0.145,0.181,6.897,8.231,0.93,PRIOR,16.2,16.247,16.656,16:39,0.121,311,0.96,0.101,542,0.97,0.931,0.95,0.985,0.171,0.0,0.0,1.0,0.407,40.0,55.093,85.806,2.041,0.101,25,66.909,68.228,GOOD,NHL Web API,15.8,1.3,0.0,0.0,0,
8484768,Zayne Parekh,CGY,COL,HOME,D,3,37,0.2,0.2,0.267,0.0,0.16,2.3,2.0,2.031,0.164,0.188,0.174,12.121,9.249,1.07,CURRENT+PRIOR,20.057,19.88,19.231,19:14,0.121,311,0.96,0.101,542,0.97,0.931,0.95,1.02,0.17,0.0,0.0,1.0,0.346,40.0,48.552,83.311,2.339,0.119,25,67.7,71.461,GOOD,NHL Web API,16.0,1.3,0.1,0.0,0,
8475172,Nazem Kadri,COL,CGY,AWAY,C,3,77,0.0,0.2,0.2,0.0,0.28,2.5,2.45,2.542,0.145,0.202,0.169,8.108,7.963,1.015,CURRENT+PRIOR,15.84,16.083,16.955,16:57,0.22,296,1.04,0.23,517,1.03,1.071,1.05,0.961,0.169,0.0,0.0,1.0,0.568,60.0,45.255,73.652,2.488,0.188,25,64.654,68.313,GOOD,NHL Web API,13.4,2.5,0.6,0.1,0,
8478493,Joel Eriksson Ek,MIN,TBL,AWAY,C,3,70,0.2,0.2,0.133,0.0,0.32,2.3,2.45,2.38,0.158,0.203,0.177,4.878,8.542,0.93,CURRENT+PRIOR,17.973,17.72,18.233,18:14,0.152,344,0.96,0.174,583,1.029,0.988,0.988,0.961,0.167,0.0,0.0,1.0,0.521,47.607,52.075,79.096,2.178,0.149,25,67.611,71.477,GOOD,NHL Web API,13.4,2.7,0.6,0.1,0,
8478569,Noel Acciari,PHI,OTT,AWAY,C,4,67,0.0,0.2,0.267,0.0,0.28,0.7,1.35,1.1,0.165,0.2,0.18,25.0,18.205,1.07,CURRENT+PRIOR,15.11,15.023,14.994,15:00,0.118,314,0.96,0.127,581,0.97,0.931,0.95,0.986,0.166,0.0,0.0,1.0,0.43,40.0,63.994,84.987,1.637,0.107,25,71.945,76.571,STRONG,NHL Web API,14.6,1.8,0.2,0.0,0,
8485702,Maxim Shabanov,MIN,TBL,AWAY,R,3,44,0.4,0.2,0.133,0.333,0.08,1.3,1.2,1.229,0.221,0.128,0.182,10.526,10.449,1.003,CURRENT+PRIOR,14.8,12.835,14.019,14:01,0.152,344,0.96,0.174,583,1.029,0.988,0.988,0.931,0.166,0.0,0.0,1.0,0.305,47.607,39.195,72.903,2.764,0.194,25,62.966,66.443,GOOD,NHL Web API,14.8,1.1,0.1,0.0,0,
8482768,Fedor Svechkov,COL,CGY,AWAY,C,3,70,0.2,0.2,0.133,0.333,0.08,1.2,0.85,0.966,0.199,0.125,0.168,14.286,12.924,1.034,CURRENT+PRIOR,14.16,13.202,13.27,13:16,0.22,296,1.04,0.23,517,1.03,1.071,1.05,0.95,0.166,0.0,0.0,1.0,0.305,60.0,39.195,67.608,2.764,0.231,25,61.749,65.224,GOOD,NHL Web API,15.6,1.2,0.0,0.0,0,
8484258,Sam Malinski,COL,CGY,AWAY,D,3,82,0.0,0.1,0.267,0.0,0.2,2.3,2.25,2.238,0.121,0.183,0.147,11.765,8.159,1.07,CURRENT+PRIOR,17.847,19.513,18.602,18:36,0.22,296,1.04,0.23,517,1.03,1.071,1.05,1.082,0.165,0.0,0.0,1.0,0.461,60.0,45.0,82.195,2.5,0.127,25,66.555,70.21,GOOD,NHL Web API,13.1,2.3,0.4,0.1,0,
8483565,Nick Blankenburg,TOR,VGK,AWAY,D,0,61,0.4,0.2,0.133,,0.12,1.3,1.05,1.152,0.211,0.127,0.176,13.333,11.026,1.07,PRIOR,13.763,12.815,13.521,13:31,0.115,302,0.96,0.163,503,0.97,0.931,0.95,0.997,0.165,0.0,0.0,1.0,0.346,40.0,39.195,67.895,2.764,0.229,25,58.815,59.65,MODERATE,NHL Web API,15.4,1.3,0.1,0.0,0,
8483447,Conor Geekie,TBL,MIN,HOME,C,3,14,0.4,0.2,0.133,0.333,0.071,0.8,0.824,0.791,0.226,0.117,0.18,16.667,14.787,1.035,CURRENT+PRIOR,10.417,10.117,10.315,10:19,0.145,395,0.96,0.162,618,0.97,0.931,0.95,0.955,0.165,0.0,0.0,1.0,0.332,40.0,37.896,72.609,2.823,0.196,17,55.086,58.578,MODERATE,NHL Web API,15.2,1.2,0.1,0.0,0,
8479353,Brett Howden,VGK,TOR,HOME,C,4,58,0.0,0.2,0.2,0.0,0.2,1.4,1.25,1.291,0.121,0.206,0.156,15.0,15.918,0.975,CURRENT+PRIOR,16.49,16.452,15.946,15:57,0.179,382,1.04,0.193,490,1.03,1.071,1.05,0.986,0.164,0.0,0.0,1.0,0.379,60.0,48.552,81.023,2.339,0.136,25,67.173,71.334,GOOD,NHL Web API,15.4,1.3,0.1,0.0,0,
8484185,Nick Lardis,CHI,NYI,AWAY,L,4,41,0.2,0.1,0.2,0.0,0.24,1.2,1.35,1.252,0.133,0.191,0.157,13.636,15.272,0.95,CURRENT+PRIOR,10.67,12.588,11.736,11:44,0.154,311,0.96,0.126,566,0.97,0.931,0.95,1.107,0.164,0.0,0.0,1.0,0.407,40.0,55.093,70.396,2.041,0.211,25,66.364,70.717,GOOD,NHL Web API,14.8,1.2,0.1,0.0,0,
8482691,Aatu Räty,VAN,CAR,AWAY,C,2,66,0.2,0.1,0.067,0.5,0.04,1.5,1.1,1.252,0.204,0.062,0.144,5.882,4.989,1.07,CURRENT+PRIOR,11.13,11.758,11.289,11:17,0.187,332,1.04,0.2,571,1.03,1.071,1.05,1.091,0.164,0.0,0.0,1.0,0.254,60.0,23.856,84.068,3.461,0.114,25,61.7,64.321,MODERATE,NHL Web API,15.1,1.3,0.1,0.0,0,
8484797,Konsta Helenius,BUF,DAL,HOME,C,3,9,0.2,0.1,0.167,0.333,0.111,1.6,1.667,1.637,0.183,0.164,0.175,10.0,10.0,1.0,CURRENT+PRIOR,12.927,12.45,12.771,12:46,0.132,382,0.96,0.178,554,1.03,0.989,0.989,0.938,0.164,0.0,0.0,1.0,0.389,47.76,48.619,71.204,2.335,0.206,12,52.764,56.61,MODERATE,NHL Web API,14.8,1.1,0.0,0.0,0,
8476461,Sean Couturier,PHI,OTT,AWAY,C,4,78,0.0,0.2,0.267,0.0,0.28,1.2,1.2,1.232,0.165,0.194,0.177,22.222,15.783,1.07,CURRENT+PRIOR,15.373,15.938,15.611,15:37,0.118,314,0.96,0.127,581,0.97,0.931,0.95,0.98,0.163,0.0,0.0,1.0,0.504,40.0,57.446,77.817,1.934,0.158,25,68.659,73.086,GOOD,NHL Web API,13.3,2.5,0.6,0.1,0,
8479325,Charlie McAvoy,BOS,UTA,HOME,D,0,69,0.0,0.1,0.133,,0.28,1.5,1.9,1.7,0.135,0.22,0.171,8.333,12.932,0.93,PRIOR,24.053,24.773,24.538,24:32,0.14,288,0.96,0.141,527,0.97,0.931,0.95,0.995,0.163,0.0,0.0,1.0,0.504,40.0,57.446,86.364,1.934,0.097,25,67.625,69.015,GOOD,NHL Web API,13.3,2.6,0.6,0.1,0,
8484144,Connor Bedard,CHI,NYI,AWAY,C,0,69,0.0,0.0,0.2,,0.28,3.0,3.2,3.134,0.121,0.243,0.173,6.25,7.762,0.93,PRIOR,20.993,20.403,20.696,20:42,0.154,311,0.96,0.126,566,0.97,0.931,0.95,1.0,0.162,0.0,0.0,1.0,0.479,40.0,63.994,88.295,1.637,0.084,25,69.706,71.293,GOOD,NHL Web API,12.9,2.7,0.5,0.1,0,
8483489,Fraser Minten,BOS,UTA,HOME,C,4,82,0.2,0.1,0.133,0.25,0.12,1.5,1.75,1.6,0.149,0.179,0.162,8.696,11.213,0.93,CURRENT+PRIOR,15.887,16.015,16.299,16:18,0.14,288,0.96,0.141,527,0.97,0.931,0.95,1.026,0.159,0.0,0.0,1.0,0.346,40.0,48.552,83.267,2.339,0.12,25,67.689,71.851,GOOD,NHL Web API,14.4,1.1,0.1,0.0,0,
8476925,Colton Sissons,TOR,VGK,AWAY,C,4,66,0.2,0.2,0.133,0.25,0.12,1.4,1.25,1.316,0.183,0.144,0.167,11.111,10.967,1.005,CURRENT+PRIOR,13.613,13.978,13.701,13:42,0.115,302,0.96,0.163,503,0.97,0.931,0.95,1.004,0.158,0.0,0.0,1.0,0.346,40.0,39.195,85.165,2.764,0.106,25,65.787,69.669,GOOD,NHL Web API,14.8,1.2,0.0,0.0,0,
8476419,Jean-Gabriel Pageau,NYI,CHI,HOME,C,3,74,0.0,0.2,0.133,0.0,0.2,1.1,1.05,1.102,0.105,0.209,0.149,12.5,18.975,0.93,CURRENT+PRIOR,14.983,15.952,15.486,15:29,0.203,407,1.04,0.158,545,0.97,1.009,1.009,1.039,0.158,0.0,0.0,1.0,0.379,51.76,39.195,85.839,2.764,0.101,25,65.942,69.424,GOOD,NHL Web API,14.4,1.1,0.0,0.0,0,
8481522,Peyton Krebs,BUF,DAL,HOME,C,3,82,0.0,0.1,0.2,0.0,0.2,1.3,1.25,1.27,0.095,0.247,0.159,15.789,19.404,0.93,CURRENT+PRIOR,15.51,14.417,14.631,14:38,0.132,382,0.96,0.178,554,1.03,0.989,0.989,0.998,0.158,0.0,0.0,1.0,0.379,47.76,39.195,75.084,2.764,0.178,25,63.468,66.946,GOOD,NHL Web API,14.7,1.2,0.1,0.0,0,
8483499,Liam Ohgren,VAN,CAR,AWAY,L,4,69,0.2,0.1,0.133,0.25,0.16,0.9,1.05,1.012,0.173,0.119,0.151,12.5,11.791,1.022,CURRENT+PRIOR,17.32,17.235,16.874,16:52,0.187,332,1.04,0.2,571,1.03,1.071,1.05,0.993,0.156,0.0,0.0,1.0,0.379,60.0,48.552,88.011,2.339,0.086,25,68.781,72.944,GOOD,NHL Web API,14.6,1.2,0.1,0.0,0,
8482671,Owen Power,BUF,DAL,HOME,D,3,81,0.2,0.1,0.133,0.333,0.16,1.3,1.15,1.252,0.194,0.126,0.165,10.526,10.041,1.021,CURRENT+PRIOR,24.98,22.497,23.478,23:29,0.132,382,0.96,0.178,554,1.03,0.989,0.989,0.931,0.154,0.0,0.0,1.0,0.379,47.76,55.093,84.78,2.041,0.109,25,69.673,73.631,GOOD,NHL Web API,14.0,1.0,0.0,0.0,0,
8480220,Noah Cates,PHI,OTT,AWAY,L,4,82,0.0,0.1,0.133,0.0,0.28,1.9,1.85,1.838,0.103,0.218,0.151,8.0,11.88,0.93,CURRENT+PRIOR,13.547,13.975,14.213,14:13,0.118,314,0.96,0.127,581,0.97,0.931,0.95,1.079,0.154,0.0,0.0,1.0,0.45,40.0,60.043,75.548,1.816,0.175,25,68.787,73.29,GOOD,NHL Web API,12.7,2.2,0.5,0.1,0,
8478851,Alexandre Carrier,MTL,NSH,HOME,D,3,73,0.2,0.1,0.067,0.333,0.16,0.4,0.65,0.584,0.172,0.112,0.147,14.286,19.231,0.962,CURRENT+PRIOR,17.39,18.273,17.464,17:28,0.154,355,0.96,0.202,549,1.03,0.989,0.989,1.044,0.153,0.0,0.0,1.0,0.379,47.76,39.195,76.258,2.764,0.17,25,63.738,67.216,GOOD,NHL Web API,14.3,1.1,0.1,0.0,0,
8484152,Luca Cagnoni,SJS,STL,AWAY,D,3,3,0.2,0.167,0.167,0.333,0.0,1.667,1.667,1.6,0.171,0.16,0.167,10.0,10.0,1.0,CURRENT+PRIOR,20.17,19.289,19.509,19:31,0.141,345,0.96,0.168,515,0.997,0.957,0.957,0.97,0.153,0.0,0.0,1.0,0.408,41.422,46.111,81.523,2.449,0.132,6,48.894,52.71,MODERATE,NHL Web API,13.8,1.5,0.1,0.0,0,
8484388,Daniil But,UTA,BOS,AWAY,L,4,29,0.2,0.1,0.133,0.25,0.12,0.9,0.95,1.01,0.171,0.102,0.142,13.333,10.152,1.07,CURRENT+PRIOR,10.763,11.388,11.526,11:32,0.186,293,1.04,0.206,602,1.03,1.071,1.05,1.018,0.151,0.0,0.0,1.0,0.346,60.0,48.552,84.188,2.339,0.113,25,67.901,72.063,GOOD,NHL Web API,14.4,1.1,0.1,0.0,0,
8483678,Elias Pettersson,VAN,CAR,AWAY,D,4,70,0.2,0.2,0.133,0.25,0.08,0.7,0.7,0.744,0.185,0.092,0.146,22.222,12.324,1.07,CURRENT+PRIOR,15.807,15.268,15.695,15:42,0.187,332,1.04,0.2,571,1.03,1.071,1.05,0.988,0.149,0.0,0.0,1.0,0.305,60.0,23.856,76.554,3.461,0.167,25,59.971,63.39,MODERATE,NHL Web API,13.7,1.0,0.1,0.0,0,
8482055,Drew O'Connor,VAN,CAR,AWAY,L,4,82,0.2,0.1,0.067,0.25,0.16,1.8,1.95,1.924,0.148,0.139,0.144,3.571,7.241,0.93,CURRENT+PRIOR,15.327,16.113,15.916,15:55,0.187,332,1.04,0.2,571,1.03,1.071,1.05,0.985,0.148,0.0,0.0,1.0,0.379,60.0,48.552,83.135,2.339,0.12,25,67.659,71.821,GOOD,NHL Web API,13.7,1.0,0.0,0.0,0,
8478178,Darren Raddysh,TOR,VGK,AWAY,D,4,73,0.0,0.2,0.2,0.0,0.2,3.1,3.4,3.265,0.115,0.221,0.16,6.25,6.758,0.93,CURRENT+PRIOR,22.37,21.467,22.465,22:28,0.115,302,0.96,0.163,503,0.97,0.931,0.95,0.98,0.147,0.0,0.0,1.0,0.407,40.0,55.093,83.395,2.041,0.119,25,69.354,73.712,GOOD,NHL Web API,13.1,1.6,0.2,0.0,0,
8478469,Thomas Chabot,OTT,PHI,HOME,D,3,57,0.2,0.1,0.133,0.333,0.08,1.8,2.0,1.886,0.164,0.134,0.151,6.667,7.111,0.96,CURRENT+PRIOR,24.593,24.938,24.668,24:40,0.127,281,0.96,0.189,524,1.03,0.989,0.989,0.973,0.147,0.0,0.0,1.0,0.346,47.76,39.195,73.853,2.764,0.187,25,63.185,66.662,GOOD,NHL Web API,13.7,0.9,0.0,0.0,0,
8482062,Cole Smith,CHI,NYI,AWAY,R,4,63,0.2,0.2,0.2,0.25,0.08,0.9,0.95,0.882,0.196,0.126,0.167,23.077,14.3,1.07,CURRENT+PRIOR,14.083,12.648,13.02,13:01,0.154,311,0.96,0.126,566,0.97,0.931,0.95,0.928,0.145,0.0,0.0,1.0,0.305,40.0,39.195,79.238,2.764,0.148,25,64.423,68.303,GOOD,NHL Web API,13.3,0.8,0.0,0.0,0,
8481806,Louis Crevier,BUF,DAL,HOME,D,3,78,0.4,0.2,0.133,0.0,0.12,1.0,1.45,1.246,0.161,0.101,0.136,11.111,8.101,1.07,CURRENT+PRIOR,17.103,18.287,17.775,17:47,0.132,382,0.96,0.178,554,1.03,0.989,0.989,1.067,0.144,0.0,0.0,1.0,0.403,47.76,19.389,87.834,3.664,0.087,25,61.449,64.338,MODERATE,NHL Web API,12.6,1.6,0.2,0.0,0,
8478449,Roope Hintz,DAL,BUF,AWAY,C,3,53,0.0,0.1,0.133,0.0,0.24,1.8,2.45,2.14,0.094,0.232,0.152,6.897,10.86,0.93,CURRENT+PRIOR,15.017,16.217,16.22,16:13,0.13,312,0.96,0.15,574,0.97,0.931,0.95,1.002,0.143,0.0,0.0,1.0,0.407,40.0,48.552,83.44,2.339,0.118,25,67.729,71.491,GOOD,NHL Web API,12.3,1.6,0.2,0.0,0,
8476854,Hampus Lindholm,BOS,UTA,HOME,D,4,67,0.2,0.2,0.133,0.25,0.04,1.2,1.05,1.164,0.174,0.101,0.144,11.765,8.704,1.07,CURRENT+PRIOR,20.1,20.348,20.37,20:22,0.14,288,0.96,0.141,527,0.97,0.931,0.95,1.005,0.139,0.0,0.0,1.0,0.254,40.0,23.856,88.36,3.461,0.083,25,62.687,66.11,GOOD,NHL Web API,13.2,0.8,0.0,0.0,0,
8482809,Jackson Blake,CAR,VAN,HOME,R,4,81,0.0,0.1,0.133,0.0,0.24,2.1,2.4,2.273,0.094,0.192,0.135,6.061,8.464,0.93,CURRENT+PRIOR,17.703,17.82,17.633,17:38,0.207,305,1.04,0.182,545,1.03,1.071,1.05,0.961,0.138,0.0,0.0,1.0,0.484,60.0,45.0,81.818,2.5,0.13,25,66.468,70.523,GOOD,NHL Web API,11.6,2.0,0.4,0.1,0,
8477446,Michael McCarron,MIN,TBL,AWAY,C,3,79,0.2,0.2,0.133,0.0,0.16,2.0,1.35,1.612,0.123,0.176,0.145,8.696,10.928,0.93,CURRENT+PRIOR,15.607,14.017,14.295,14:18,0.152,344,0.96,0.174,583,1.029,0.988,0.988,0.965,0.137,0.0,0.0,1.0,0.379,47.607,39.195,73.975,2.764,0.186,25,63.213,66.691,GOOD,NHL Web API,12.7,0.9,0.1,0.0,0,
8481477,Nico Sturm,MIN,TBL,AWAY,C,0,49,0.2,0.2,0.133,,0.08,0.7,0.5,0.61,0.158,0.1,0.134,25.0,16.352,1.07,PRIOR,11.837,10.585,10.775,10:46,0.152,344,0.96,0.174,583,1.029,0.988,0.988,1.047,0.137,0.0,0.0,1.0,0.305,47.607,23.856,75.282,3.461,0.177,25,56.679,57.057,MODERATE,NHL Web API,12.8,0.9,0.0,0.0,0,
8475151,Kyle Palmieri,NYI,CHI,HOME,C,3,25,0.0,0.1,0.133,0.0,0.24,2.7,2.7,2.728,0.094,0.174,0.127,5.0,6.374,0.93,CURRENT+PRIOR,16.34,17.757,17.458,17:27,0.203,407,1.04,0.158,545,0.97,1.009,1.009,1.029,0.134,0.0,0.0,1.0,0.418,51.76,55.093,78.886,2.041,0.151,25,68.317,72.273,GOOD,NHL Web API,10.6,1.8,0.4,0.1,0,
8476892,Colton Parayko,STL,SJS,HOME,D,3,77,0.0,0.2,0.2,0.0,0.16,1.4,1.95,1.64,0.122,0.136,0.128,12.5,8.3,1.07,CURRENT+PRIOR,20.59,20.472,20.837,20:50,0.221,369,1.04,0.166,546,0.985,1.025,1.025,1.011,0.134,0.0,0.0,1.0,0.346,54.977,48.552,86.503,2.339,0.096,25,68.434,72.197,GOOD,NHL Web API,12.2,0.7,0.0,0.0,0,
8481641,Joel Kiviranta,DAL,BUF,AWAY,L,2,51,0.2,0.1,0.067,0.5,0.04,1.3,1.1,1.21,0.185,0.082,0.142,6.25,6.786,0.973,CURRENT+PRIOR,10.553,10.187,10.543,10:33,0.13,312,0.96,0.15,574,0.97,0.931,0.95,1.005,0.134,0.0,0.0,1.0,0.305,40.0,23.856,70.326,3.461,0.212,25,58.539,61.155,MODERATE,NHL Web API,12.5,0.8,0.0,0.0,0,
8484241,Matthew Wood,NSH,MTL,AWAY,R,3,71,0.0,0.1,0.133,0.0,0.32,1.5,1.15,1.358,0.112,0.211,0.153,11.765,15.551,0.93,CURRENT+PRIOR,14.857,13.978,14.513,14:31,0.166,326,0.984,0.159,514,0.97,0.954,0.954,0.919,0.133,0.0,0.0,1.0,0.521,40.815,57.446,77.912,1.934,0.158,25,68.681,72.708,GOOD,NHL Web API,11.0,1.9,0.3,0.0,0,
8478439,Travis Konecny,PHI,OTT,AWAY,R,4,77,0.0,0.0,0.133,0.0,0.24,1.3,1.9,1.642,0.073,0.227,0.138,7.143,13.804,0.93,CURRENT+PRIOR,17.313,16.602,17.626,17:38,0.118,314,0.96,0.127,581,0.97,0.931,0.95,1.03,0.133,0.0,0.0,1.0,0.43,40.0,55.093,79.0,2.041,0.15,25,68.343,72.699,GOOD,NHL Web API,10.9,1.7,0.3,0.1,0,
8485366,Matthew Schaefer,NYI,CHI,HOME,D,3,82,0.0,0.1,0.067,0.0,0.28,3.0,3.35,3.202,0.093,0.175,0.127,1.887,5.451,0.93,CURRENT+PRIOR,25.12,26.093,25.554,25:33,0.203,407,1.04,0.158,545,0.97,1.009,1.009,1.026,0.133,0.0,0.0,1.0,0.583,51.76,45.0,84.565,2.5,0.11,25,67.1,70.756,GOOD,NHL Web API,10.9,1.8,0.3,0.1,0,
8480870,Bo Groulx,TOR,VGK,AWAY,C,3,13,0.0,0.0,0.2,0.0,0.231,0.7,1.062,0.918,0.09,0.167,0.123,20.0,18.235,1.033,CURRENT+PRIOR,10.893,13.252,12.484,12:29,0.115,302,0.96,0.163,503,0.97,0.931,0.95,1.14,0.132,0.0,0.0,1.0,0.544,40.0,36.182,64.518,2.901,0.253,16,51.861,55.304,MODERATE,NHL Web API,11.0,2.0,0.3,0.1,0,
8475794,Tyler Seguin,DAL,BUF,AWAY,C,3,27,0.0,0.0,0.2,0.0,0.24,1.4,1.25,1.275,0.086,0.213,0.139,15.0,16.731,0.956,CURRENT+PRIOR,12.21,14.66,14.656,14:39,0.13,312,0.96,0.15,574,0.97,0.931,0.95,1.0,0.131,0.0,0.0,1.0,0.43,40.0,60.043,65.236,1.816,0.248,25,66.415,70.515,GOOD,NHL Web API,10.8,1.8,0.3,0.1,0,
8475220,Marcus Foligno,MIN,TBL,AWAY,L,3,56,0.0,0.1,0.133,0.0,0.28,1.1,1.35,1.248,0.104,0.177,0.135,11.765,14.181,0.94,CURRENT+PRIOR,12.223,12.335,12.424,12:25,0.152,344,0.96,0.174,583,1.029,0.988,0.988,0.993,0.131,0.0,0.0,1.0,0.64,47.607,46.71,80.752,2.422,0.137,25,66.65,70.356,GOOD,NHL Web API,10.8,1.8,0.3,0.1,0,
8480802,Ryan McLeod,BUF,DAL,HOME,C,3,81,0.2,0.2,0.133,0.0,0.12,0.8,0.65,0.772,0.131,0.113,0.123,22.222,14.669,1.07,CURRENT+PRIOR,14.997,16.587,15.962,15:58,0.132,382,0.96,0.178,554,1.03,0.989,0.989,1.065,0.131,0.0,0.0,1.0,0.305,47.76,39.195,81.958,2.764,0.129,25,65.049,68.53,GOOD,NHL Web API,12.9,0.9,0.0,0.0,0,
8483395,Arshdeep Bains,VAN,CAR,AWAY,L,4,28,0.2,0.2,0.133,0.25,0.04,0.8,0.6,0.706,0.174,0.082,0.136,22.222,11.64,1.07,CURRENT+PRIOR,11.5,10.36,10.435,10:26,0.187,332,1.04,0.2,571,1.03,1.071,1.05,0.928,0.131,0.0,0.0,1.0,0.254,60.0,23.856,62.608,3.461,0.267,25,56.764,60.177,MODERATE,NHL Web API,12.1,0.7,0.0,0.0,0,
8484938,Arttu Hyry,DAL,BUF,AWAY,R,3,20,0.2,0.2,0.2,0.0,0.15,1.1,1.0,1.085,0.15,0.14,0.146,17.647,12.903,1.07,CURRENT+PRIOR,13.197,13.042,12.9,12:54,0.13,312,0.96,0.15,574,0.97,0.931,0.95,0.947,0.13,0.0,0.0,1.0,0.344,40.0,41.92,76.668,2.64,0.167,23,62.642,66.215,GOOD,NHL Web API,12.3,0.7,0.0,0.0,0,
8477998,Warren Foegele,OTT,PHI,HOME,L,3,68,0.2,0.1,0.067,0.0,0.28,0.9,1.15,1.072,0.119,0.131,0.124,6.667,12.193,0.93,CURRENT+PRIOR,13.257,12.153,12.206,12:12,0.127,281,0.96,0.189,524,1.03,0.989,0.989,1.042,0.129,0.0,0.0,1.0,0.43,47.76,60.043,74.699,1.816,0.181,25,68.592,72.695,GOOD,NHL Web API,10.3,1.7,0.4,0.1,0,
8476927,Teddy Blueger,TOR,VGK,AWAY,C,4,35,0.0,0.1,0.2,0.0,0.16,0.6,1.2,0.946,0.092,0.16,0.12,16.667,16.891,0.995,CURRENT+PRIOR,11.807,13.818,13.571,13:34,0.115,302,0.96,0.163,503,0.97,0.931,0.95,1.14,0.129,0.0,0.0,1.0,0.434,40.0,35.02,75.018,2.954,0.178,25,62.409,66.162,GOOD,NHL Web API,10.9,1.7,0.3,0.0,0,
8479410,Mikhail Sergachev,UTA,BOS,AWAY,D,4,78,0.2,0.1,0.067,0.25,0.08,2.5,2.0,2.233,0.13,0.105,0.119,2.857,4.68,0.93,CURRENT+PRIOR,20.86,22.855,22.382,22:23,0.186,293,1.04,0.206,602,1.03,1.071,1.05,1.038,0.129,0.0,0.0,1.0,0.346,60.0,23.856,83.513,3.461,0.118,25,61.572,64.993,MODERATE,NHL Web API,12.2,0.7,0.0,0.0,0,
8479369,Andrew Peeke,UTA,BOS,AWAY,D,4,77,0.2,0.1,0.133,0.25,0.04,0.8,1.35,1.024,0.151,0.068,0.116,10.526,6.641,1.07,CURRENT+PRIOR,16.693,18.237,17.571,17:34,0.186,293,1.04,0.206,602,1.03,1.071,1.05,1.064,0.128,0.0,0.0,1.0,0.254,60.0,23.856,85.575,3.461,0.103,25,62.046,65.468,GOOD,NHL Web API,12.2,0.7,0.0,0.0,0,
8480762,Eric Robinson,CAR,VAN,HOME,L,4,67,0.2,0.1,0.067,0.25,0.08,1.1,0.8,0.991,0.137,0.089,0.117,8.333,8.931,0.982,CURRENT+PRIOR,11.727,12.595,11.573,11:34,0.207,305,1.04,0.182,545,1.03,1.071,1.05,1.023,0.127,0.0,0.0,1.0,0.346,60.0,23.856,71.892,3.461,0.201,25,58.899,62.316,MODERATE,NHL Web API,11.9,0.7,0.0,0.0,0,
8480336,Sean Walker,CAR,VAN,HOME,D,4,81,0.0,0.2,0.133,0.0,0.2,1.9,2.55,2.212,0.109,0.129,0.117,5.556,5.816,0.965,CURRENT+PRIOR,21.393,21.243,21.076,21:05,0.207,305,1.04,0.182,545,1.03,1.071,1.05,1.011,0.126,0.0,0.0,1.0,0.379,60.0,55.093,87.333,2.041,0.09,25,70.26,74.62,GOOD,NHL Web API,11.2,1.2,0.2,0.0,0,
8484911,Collin Graf,SJS,STL,AWAY,R,3,81,0.2,0.1,0.133,0.0,0.24,0.8,1.4,1.226,0.12,0.143,0.13,9.524,11.673,0.93,CURRENT+PRIOR,15.837,16.547,16.05,16:03,0.141,345,0.96,0.168,515,0.997,0.957,0.957,1.024,0.126,0.0,0.0,1.0,0.407,41.422,55.093,79.403,2.041,0.147,25,68.436,72.392,GOOD,NHL Web API,10.9,1.9,0.3,0.0,0,
8476312,Josh Manson,COL,CGY,AWAY,D,3,79,0.2,0.1,0.067,0.333,0.04,2.1,1.75,1.918,0.14,0.088,0.118,3.333,4.577,0.93,CURRENT+PRIOR,15.913,17.64,16.693,16:42,0.22,296,1.04,0.23,517,1.03,1.071,1.05,1.024,0.126,0.0,0.0,1.0,0.254,60.0,18.0,80.953,5.0,0.136,25,59.519,62.364,MODERATE,NHL Web API,11.9,0.8,0.0,0.0,0,
8478133,Jake Evans,MTL,NSH,HOME,C,3,68,0.2,0.1,0.067,0.0,0.2,0.9,1.1,1.022,0.101,0.155,0.124,10.0,15.137,0.93,CURRENT+PRIOR,14.41,14.362,14.815,14:49,0.154,355,0.96,0.202,549,1.03,0.989,0.989,1.009,0.125,0.0,0.0,1.0,0.379,47.76,48.552,80.718,2.339,0.138,25,67.103,70.864,GOOD,NHL Web API,11.1,1.3,0.2,0.0,0,
8483890,Braeden Bowman,VGK,TOR,HOME,R,4,54,0.2,0.1,0.067,0.25,0.08,1.5,1.4,1.413,0.13,0.094,0.115,4.0,6.676,0.93,CURRENT+PRIOR,11.803,12.703,12.792,12:48,0.179,382,1.04,0.193,490,1.03,1.071,1.05,1.028,0.125,0.0,0.0,1.0,0.346,60.0,39.195,72.492,2.764,0.196,25,62.872,66.749,GOOD,NHL Web API,12.0,0.7,0.1,0.0,0,
8476921,Jordan Martinook,CAR,VAN,HOME,L,4,77,0.0,0.1,0.133,0.0,0.2,1.4,1.5,1.467,0.093,0.14,0.113,10.0,9.567,1.021,CURRENT+PRIOR,15.507,15.343,15.147,15:09,0.207,305,1.04,0.182,545,1.03,1.071,1.05,1.018,0.122,0.0,0.0,1.0,0.379,60.0,55.093,82.918,2.041,0.122,25,69.244,73.602,GOOD,NHL Web API,10.7,1.4,0.2,0.0,0,
8480849,Barrett Hayton,UTA,BOS,AWAY,C,4,67,0.0,0.1,0.133,0.0,0.24,1.6,1.75,1.74,0.102,0.142,0.119,8.333,8.186,1.01,CURRENT+PRIOR,10.76,13.213,13.096,13:06,0.186,293,1.04,0.206,602,1.03,1.071,1.05,0.988,0.122,0.0,0.0,1.0,0.407,60.0,48.552,68.114,2.339,0.228,25,64.204,68.36,GOOD,NHL Web API,10.3,1.6,0.3,0.0,0,
8477346,MacKenzie Weegar,UTA,BOS,AWAY,D,4,79,0.2,0.1,0.133,0.25,0.04,1.4,1.6,1.454,0.151,0.073,0.118,8.333,5.037,1.07,CURRENT+PRIOR,20.153,19.967,20.383,20:23,0.186,293,1.04,0.206,602,1.03,1.071,1.05,0.988,0.121,0.0,0.0,1.0,0.254,60.0,23.856,87.47,3.461,0.089,25,62.482,65.905,GOOD,NHL Web API,11.5,0.8,0.0,0.0,0,
8484759,Carter Yakemchuk,OTT,PHI,HOME,D,3,4,0.0,0.143,0.143,0.0,0.25,1.286,1.286,1.279,0.114,0.142,0.126,11.111,11.111,1.0,CURRENT+PRIOR,15.517,15.436,15.501,15:30,0.127,281,0.96,0.189,524,1.03,0.989,0.989,0.96,0.121,0.0,0.0,1.0,0.378,47.76,41.793,81.041,2.646,0.135,7,48.64,52.319,MODERATE,NHL Web API,10.5,1.4,0.2,0.0,0,
8476292,Ondrej Palat,NYI,CHI,HOME,L,3,80,0.2,0.1,0.067,0.333,0.0,1.1,0.85,0.984,0.134,0.091,0.116,7.692,9.294,0.953,CURRENT+PRIOR,11.38,11.007,11.423,11:25,0.203,407,1.04,0.158,545,0.97,1.009,1.009,0.996,0.118,0.0,0.0,1.0,0.183,51.76,18.0,75.261,5.0,0.177,25,58.21,61.052,MODERATE,NHL Web API,10.8,0.5,0.0,0.0,0,
8475158,Ryan O'Reilly,NSH,MTL,AWAY,C,3,81,0.0,0.1,0.067,0.0,0.2,1.7,1.7,1.784,0.075,0.194,0.125,4.167,10.878,0.93,CURRENT+PRIOR,21.827,21.512,21.459,21:28,0.166,326,0.984,0.159,514,0.97,0.954,0.954,0.994,0.117,0.0,0.0,0.0,0.504,40.815,48.552,88.004,2.339,0.086,25,68.779,72.543,GOOD,NHL Web API,9.9,1.4,0.2,0.0,0,
8479351,Sam Steel,DAL,BUF,AWAY,C,3,73,0.0,0.1,0.133,0.0,0.2,1.1,1.25,1.188,0.088,0.164,0.12,12.5,13.817,0.967,CURRENT+PRIOR,14.303,15.097,14.833,14:50,0.13,312,0.96,0.15,574,0.97,0.931,0.95,1.031,0.117,0.0,0.0,0.0,0.461,40.0,45.0,82.611,2.5,0.124,25,66.651,70.306,GOOD,NHL Web API,9.9,1.6,0.3,0.1,0,
8484188,Theo Lindstein,STL,SJS,HOME,D,3,17,0.2,0.1,0.133,0.0,0.118,1.1,1.1,1.115,0.107,0.11,0.108,11.765,9.824,1.07,CURRENT+PRIOR,15.637,15.993,15.619,15:37,0.221,369,1.04,0.166,546,0.985,1.025,1.025,1.031,0.115,0.0,0.0,1.0,0.308,54.977,32.285,86.081,3.078,0.099,20,59.59,62.899,MODERATE,NHL Web API,10.9,0.7,0.0,0.0,0,
8480817,K'Andre Miller,CAR,VAN,HOME,D,4,72,0.0,0.2,0.133,0.0,0.16,1.4,1.55,1.524,0.111,0.104,0.108,8.0,6.813,1.07,CURRENT+PRIOR,24.117,22.208,22.832,22:50,0.207,305,1.04,0.182,545,1.03,1.071,1.05,0.99,0.113,0.0,0.0,1.0,0.346,60.0,48.552,85.864,2.339,0.101,25,68.287,72.45,GOOD,NHL Web API,10.9,0.7,0.0,0.0,0,
8474716,Jared Spurgeon,MIN,TBL,AWAY,D,3,79,0.2,0.1,0.067,0.333,0.04,0.9,1.05,0.98,0.145,0.086,0.12,7.692,8.777,0.966,CURRENT+PRIOR,19.403,17.93,18.934,18:56,0.152,344,0.96,0.174,583,1.029,0.988,0.988,0.959,0.113,0.0,0.0,1.0,0.305,47.607,23.856,82.587,3.461,0.124,25,61.359,64.38,MODERATE,NHL Web API,10.5,0.6,0.0,0.0,0,
8473512,Claude Giroux,OTT,PHI,HOME,R,3,82,0.0,0.2,0.133,0.0,0.12,2.1,1.9,1.954,0.091,0.148,0.115,7.143,7.556,0.967,CURRENT+PRIOR,15.793,15.223,15.234,15:14,0.127,281,0.96,0.189,524,1.03,0.989,0.989,0.974,0.112,0.0,0.0,1.0,0.305,47.76,39.195,84.086,2.764,0.114,25,65.539,69.02,GOOD,NHL Web API,10.5,0.6,0.0,0.0,0,
8476467,Jamie Oleksiak,VAN,CAR,AWAY,D,4,78,0.2,0.1,0.067,0.25,0.08,1.0,1.1,1.051,0.132,0.085,0.112,6.667,8.095,0.944,CURRENT+PRIOR,19.833,18.502,18.46,18:28,0.187,332,1.04,0.2,571,1.03,1.071,1.05,0.95,0.111,0.0,0.0,1.0,0.305,60.0,39.195,71.539,2.764,0.203,25,62.653,66.529,GOOD,NHL Web API,10.6,0.6,0.0,0.0,0,
8478396,Noah Hanifin,VGK,TOR,HOME,D,4,71,0.2,0.1,0.067,0.25,0.04,1.7,1.65,1.662,0.133,0.058,0.101,3.571,3.459,1.021,CURRENT+PRIOR,20.49,21.46,20.793,20:48,0.179,382,1.04,0.193,490,1.03,1.071,1.05,1.03,0.111,0.0,0.0,1.0,0.254,60.0,23.856,88.46,3.461,0.082,25,62.71,66.133,GOOD,NHL Web API,10.6,0.5,0.0,0.0,0,
8484860,Matvei Gridin,CGY,COL,HOME,R,3,37,0.0,0.1,0.133,0.0,0.16,1.8,1.85,1.842,0.082,0.147,0.109,8.0,8.0,1.0,CURRENT+PRIOR,15.597,16.412,15.717,15:43,0.121,311,0.96,0.101,542,0.97,0.931,0.95,1.05,0.11,0.0,0.0,0.0,0.379,40.0,39.195,78.658,2.764,0.152,25,64.29,67.769,GOOD,NHL Web API,9.8,1.5,0.3,0.0,0,
8477499,Rasmus Ristolainen,PHI,OTT,AWAY,D,3,44,0.2,0.1,0.067,0.333,0.0,1.1,0.95,1.06,0.151,0.049,0.108,6.25,4.59,1.07,CURRENT+PRIOR,19.963,20.985,20.738,20:44,0.118,314,0.96,0.127,581,0.97,0.931,0.95,1.076,0.109,0.0,0.0,1.0,0.254,40.0,18.0,83.03,5.0,0.121,25,59.997,62.842,MODERATE,NHL Web API,10.6,0.6,0.0,0.0,0,
8481606,Jordan Spence,OTT,PHI,HOME,D,3,73,0.0,0.1,0.2,0.0,0.12,1.6,1.75,1.66,0.089,0.138,0.11,11.111,8.333,1.07,CURRENT+PRIOR,23.953,22.315,22.929,22:56,0.127,281,0.96,0.189,524,1.03,0.989,0.989,0.992,0.108,0.0,0.0,1.0,0.305,47.76,39.195,77.658,2.764,0.16,25,64.06,67.539,GOOD,NHL Web API,10.2,0.6,0.0,0.0,0,
8482775,Oliver Kapanen,MTL,NSH,HOME,C,0,82,0.0,0.0,0.133,,0.16,1.0,1.15,1.084,0.074,0.162,0.111,12.5,14.927,0.945,PRIOR,11.967,12.983,12.816,12:49,0.154,355,0.96,0.202,549,1.03,0.989,0.989,0.976,0.108,0.0,0.0,0.0,0.407,47.76,48.552,77.104,2.339,0.164,25,63.272,64.391,MODERATE,NHL Web API,9.2,1.3,0.3,0.0,0,
8475752,Tyler Pitlick,MIN,TBL,AWAY,C,0,32,0.2,0.1,0.133,,0.08,0.9,0.85,0.862,0.127,0.079,0.107,13.333,9.103,1.07,PRIOR,8.183,7.717,8.0,8:00,0.152,344,0.96,0.174,583,1.029,0.988,0.988,1.023,0.107,0.0,0.0,1.0,0.254,47.607,23.856,58.282,3.461,0.298,25,52.769,53.14,MODERATE,NHL Web API,10.1,0.6,0.0,0.0,0,
8480855,Jack McBain,UTA,BOS,AWAY,C,4,75,0.0,0.1,0.2,0.0,0.12,0.8,1.35,1.088,0.089,0.123,0.103,16.667,11.255,1.07,CURRENT+PRIOR,12.287,12.725,12.869,12:52,0.186,293,1.04,0.206,602,1.03,1.071,1.05,0.989,0.106,0.0,0.0,0.0,0.305,60.0,39.195,78.41,2.764,0.154,25,64.233,68.112,GOOD,NHL Web API,9.8,0.5,0.0,0.0,0,
8476882,Teuvo Teravainen,CHI,NYI,AWAY,C,3,75,0.0,0.1,0.067,0.0,0.16,1.2,0.85,1.07,0.066,0.145,0.099,7.143,13.559,0.93,CURRENT+PRIOR,13.933,16.328,15.146,15:09,0.154,311,0.96,0.126,566,0.97,0.931,0.95,1.129,0.105,0.0,0.0,0.0,0.434,40.0,23.856,75.43,3.461,0.175,25,59.713,62.731,MODERATE,NHL Web API,9.3,1.3,0.2,0.0,0,
8482929,Emil Lilleberg,TBL,MIN,HOME,D,1,50,0.2,0.1,0.133,0.0,0.08,0.7,1.0,0.865,0.094,0.099,0.096,12.5,11.475,1.033,CURRENT+PRIOR,17.083,18.17,16.393,16:24,0.145,395,0.96,0.162,618,0.97,0.931,0.95,1.14,0.105,0.0,0.0,0.0,0.254,40.0,23.856,71.254,3.461,0.205,25,58.752,60.969,MODERATE,NHL Web API,9.6,0.5,0.0,0.0,0,
8470613,Brent Burns,COL,CGY,AWAY,D,3,82,0.0,0.1,0.133,0.0,0.12,1.8,2.25,1.982,0.077,0.117,0.094,6.897,5.903,1.07,CURRENT+PRIOR,16.747,18.005,17.139,17:08,0.22,296,1.04,0.23,517,1.03,1.071,1.05,1.066,0.104,0.0,0.0,1.0,0.305,60.0,39.195,83.939,2.764,0.115,25,65.505,68.986,GOOD,NHL Web API,10.1,0.5,0.0,0.0,0,
8477407,Anthony Duclair,NYI,CHI,HOME,L,3,62,0.0,0.0,0.0,0.0,0.32,1.0,1.1,1.059,0.071,0.145,0.102,0.0,13.729,0.93,CURRENT+PRIOR,12.337,11.958,12.568,12:34,0.203,407,1.04,0.158,545,0.97,1.009,1.009,0.989,0.103,0.0,0.0,0.0,0.691,51.76,45.0,65.694,2.5,0.245,25,62.76,66.408,GOOD,NHL Web API,8.4,1.1,0.1,0.0,0,
8482122,Brock Faber,MIN,TBL,AWAY,D,0,80,0.0,0.1,0.067,,0.16,2.2,2.2,2.2,0.087,0.128,0.104,2.941,5.797,0.93,PRIOR,24.437,24.59,24.298,24:18,0.152,344,0.96,0.174,583,1.029,0.988,0.988,1.012,0.103,0.0,0.0,0.0,0.379,47.607,48.552,85.415,2.339,0.104,25,65.184,66.306,GOOD,NHL Web API,8.9,1.1,0.2,0.0,0,
8479999,Casey Mittelstadt,BOS,UTA,HOME,C,4,71,0.0,0.1,0.133,0.0,0.16,1.1,1.1,1.104,0.083,0.131,0.103,12.5,11.857,1.02,CURRENT+PRIOR,14.607,15.173,15.016,15:01,0.14,288,0.96,0.141,527,0.97,0.931,0.95,1.013,0.1,0.0,0.0,0.0,0.346,40.0,23.856,86.307,3.461,0.098,25,62.215,65.637,GOOD,NHL Web API,8.8,1.1,0.1,0.0,0,
8484197,Oliver Moore,CHI,NYI,AWAY,C,4,51,0.2,0.1,0.067,0.25,0.08,1.1,1.0,1.037,0.137,0.069,0.108,6.25,6.669,0.978,CURRENT+PRIOR,9.79,10.92,11.358,11:21,0.154,311,0.96,0.126,566,0.97,0.931,0.95,0.979,0.1,0.0,0.0,0.0,0.305,40.0,39.195,66.121,2.764,0.242,25,61.407,65.281,GOOD,NHL Web API,9.2,0.4,0.0,0.0,0,
8481553,Bobby Brink,MIN,TBL,AWAY,R,3,68,0.0,0.0,0.133,0.0,0.12,1.2,1.25,1.21,0.047,0.159,0.094,11.111,13.175,0.941,CURRENT+PRIOR,14.323,13.68,13.964,13:58,0.152,344,0.96,0.174,583,1.029,0.988,0.988,1.084,0.1,0.0,0.0,0.0,0.346,47.607,23.856,74.64,3.461,0.181,25,59.531,62.549,MODERATE,NHL Web API,8.9,1.0,0.1,0.0,0,
8477956,David Pastrnak,BOS,UTA,HOME,R,4,77,0.0,0.0,0.067,0.0,0.28,2.9,3.05,2.996,0.072,0.143,0.102,2.128,4.765,0.93,CURRENT+PRIOR,19.753,19.792,20.276,20:17,0.14,288,0.96,0.141,527,0.97,0.931,0.95,0.996,0.097,0.0,0.0,0.0,0.504,40.0,57.446,82.486,1.934,0.125,25,69.733,74.161,GOOD,NHL Web API,8.8,1.1,0.2,0.0,0,
8476479,Phillip Danault,MTL,NSH,HOME,C,3,75,0.0,0.1,0.067,0.0,0.16,1.4,0.95,1.13,0.066,0.135,0.095,5.882,11.982,0.93,CURRENT+PRIOR,14.263,13.85,14.033,14:02,0.154,355,0.96,0.202,549,1.03,0.989,0.989,1.018,0.097,0.0,0.0,0.0,0.346,47.76,39.195,83.353,2.764,0.119,25,65.37,68.851,GOOD,NHL Web API,8.1,1.1,0.2,0.0,0,
8478233,Andrew Mangiapane,CHI,NYI,AWAY,L,1,62,0.0,0.1,0.133,0.0,0.12,0.8,0.9,0.843,0.077,0.108,0.09,16.667,12.797,1.07,CURRENT+PRIOR,10.01,11.543,9.95,9:57,0.154,311,0.96,0.126,566,0.97,0.931,0.95,1.14,0.097,0.0,0.0,0.0,0.346,40.0,39.195,71.635,2.764,0.203,25,62.675,65.351,GOOD,NHL Web API,8.3,1.1,0.2,0.0,0,
8482747,Brennan Othmann,CGY,COL,HOME,L,1,19,0.2,0.1,0.133,0.0,0.105,0.7,0.8,0.753,0.103,0.101,0.102,16.667,13.377,1.07,CURRENT+PRIOR,10.253,10.553,10.282,10:17,0.121,311,0.96,0.101,542,0.97,0.931,0.95,0.988,0.097,0.0,0.0,0.0,0.308,40.0,32.285,68.166,3.078,0.227,20,55.47,57.971,MODERATE,NHL Web API,8.9,0.4,0.0,0.0,0,
8479661,Tanner Jeannot,BOS,UTA,HOME,L,4,77,0.2,0.1,0.067,0.25,0.0,0.5,0.7,0.606,0.124,0.054,0.095,10.0,8.831,1.03,CURRENT+PRIOR,11.503,11.287,11.172,11:10,0.14,288,0.96,0.141,527,0.97,0.931,0.95,1.031,0.094,0.0,0.0,0.0,0.183,40.0,18.0,72.388,5.0,0.197,25,57.549,60.79,MODERATE,NHL Web API,8.9,0.5,0.0,0.0,0,
8474150,Mikael Backlund,CGY,COL,HOME,C,3,82,0.0,0.1,0.067,0.0,0.16,2.3,2.0,2.103,0.066,0.134,0.095,3.571,6.387,0.93,CURRENT+PRIOR,16.86,17.783,17.682,17:41,0.121,311,0.96,0.101,542,0.97,0.931,0.95,1.019,0.093,0.0,0.0,0.0,0.379,40.0,48.552,85.117,2.339,0.106,25,68.115,71.878,GOOD,NHL Web API,8.1,1.1,0.1,0.0,0,
8476853,Morgan Rielly,TOR,VGK,AWAY,D,4,78,0.0,0.1,0.133,0.0,0.16,1.3,1.3,1.32,0.084,0.119,0.099,9.524,9.046,1.025,CURRENT+PRIOR,20.08,20.278,20.057,20:03,0.115,302,0.96,0.163,503,0.97,0.931,0.95,0.999,0.093,0.0,0.0,0.0,0.379,40.0,39.195,87.53,2.764,0.089,25,66.331,70.214,GOOD,NHL Web API,7.7,1.0,0.1,0.0,0,
8475848,Brendan Gallagher,VAN,CAR,AWAY,R,4,77,0.2,0.1,0.067,0.0,0.12,1.1,1.15,1.138,0.083,0.089,0.086,5.556,7.853,0.93,CURRENT+PRIOR,10.26,10.105,10.383,10:23,0.187,332,1.04,0.2,571,1.03,1.071,1.05,1.026,0.091,0.0,0.0,0.0,0.305,60.0,23.856,78.24,3.461,0.155,25,60.359,63.778,MODERATE,NHL Web API,9.1,0.3,0.0,0.0,0,
8481013,Jonatan Berggren,STL,SJS,HOME,R,3,51,0.0,0.1,0.067,0.0,0.12,1.0,1.0,1.016,0.057,0.126,0.086,6.25,12.435,0.93,CURRENT+PRIOR,14.567,15.15,14.776,14:47,0.221,369,1.04,0.166,546,0.985,1.025,1.025,1.0,0.089,0.0,0.0,0.0,0.305,54.977,39.195,79.258,2.764,0.148,25,64.428,67.908,GOOD,NHL Web API,8.6,0.4,0.0,0.0,0,
8484142,Denver Barkey,PHI,OTT,AWAY,C,1,43,0.0,0.1,0.133,0.0,0.12,0.7,0.95,0.824,0.076,0.114,0.092,16.667,13.897,1.056,CURRENT+PRIOR,13.627,13.813,13.428,13:26,0.118,314,0.96,0.127,581,0.97,0.931,0.95,1.014,0.088,0.0,0.0,0.0,0.346,40.0,39.195,79.873,2.764,0.144,25,64.57,67.249,GOOD,NHL Web API,7.6,0.8,0.1,0.0,0,
8478413,Jordan Greenway,CHI,NYI,AWAY,L,4,40,0.2,0.1,0.067,0.25,0.0,1.2,0.8,0.948,0.129,0.053,0.097,6.667,5.614,1.067,CURRENT+PRIOR,14.53,13.413,13.256,13:15,0.154,311,0.96,0.126,566,0.97,0.931,0.95,0.963,0.088,0.0,0.0,0.0,0.183,40.0,18.0,77.192,5.0,0.163,25,58.654,61.897,MODERATE,NHL Web API,8.1,0.4,0.0,0.0,0,
8481024,Linus Karlsson,VAN,CAR,AWAY,C,4,79,0.0,0.0,0.133,0.0,0.16,1.4,1.55,1.428,0.061,0.115,0.084,8.333,8.075,1.017,CURRENT+PRIOR,15.077,14.538,14.877,14:53,0.187,332,1.04,0.2,571,1.03,1.071,1.05,1.004,0.087,0.0,0.0,0.0,0.434,60.0,35.02,83.585,2.954,0.117,25,64.38,68.136,GOOD,NHL Web API,7.7,0.9,0.2,0.0,0,
8480074,Alexandre Texier,MTL,NSH,HOME,L,3,51,0.0,0.0,0.067,0.0,0.2,0.8,1.1,1.057,0.055,0.118,0.081,6.25,11.158,0.93,CURRENT+PRIOR,11.927,12.422,12.57,12:34,0.154,355,0.96,0.202,549,1.03,0.989,0.989,1.075,0.087,0.0,0.0,0.0,0.592,47.76,18.0,72.824,3.903,0.194,25,57.65,60.491,MODERATE,NHL Web API,7.5,0.9,0.2,0.0,0,
8484180,Samuel Honzek,CGY,COL,HOME,L,3,18,0.2,0.1,0.133,0.0,0.111,0.6,1.0,0.864,0.105,0.084,0.096,14.286,9.746,1.07,CURRENT+PRIOR,13.813,13.517,13.576,13:35,0.121,311,0.96,0.101,542,0.97,0.931,0.95,0.924,0.085,0.0,0.0,0.0,0.301,40.0,30.517,74.808,3.158,0.18,21,57.491,60.735,MODERATE,NHL Web API,8.2,0.3,0.0,0.0,0,
8481593,Jayden Struble,MTL,NSH,HOME,D,3,59,0.0,0.1,0.133,0.0,0.08,0.7,0.6,0.637,0.067,0.091,0.077,18.182,14.286,1.07,CURRENT+PRIOR,14.453,15.065,14.033,14:02,0.154,355,0.96,0.202,549,1.03,0.989,0.989,1.09,0.084,0.0,0.0,0.0,0.254,47.76,23.856,66.825,3.461,0.237,25,57.734,60.748,MODERATE,NHL Web API,7.9,0.4,0.0,0.0,0,
8481598,Philip Broberg,STL,SJS,HOME,D,3,81,0.0,0.0,0.133,0.0,0.12,1.5,1.05,1.25,0.054,0.114,0.079,11.111,9.127,1.07,CURRENT+PRIOR,21.927,22.242,22.597,22:36,0.221,369,1.04,0.166,546,0.985,1.025,1.025,1.017,0.083,0.0,0.0,0.0,0.346,54.977,39.195,83.41,2.764,0.118,25,65.383,68.864,GOOD,NHL Web API,7.4,0.9,0.1,0.0,0,
8480281,Alexey Toropchenko,STL,SJS,HOME,R,1,65,0.2,0.1,0.067,0.0,0.08,1.0,1.15,1.084,0.082,0.052,0.069,5.0,4.758,1.023,CURRENT+PRIOR,11.68,10.948,10.432,10:26,0.221,369,1.04,0.166,546,0.985,1.025,1.025,1.14,0.082,0.0,0.0,0.0,0.254,54.977,18.0,73.639,5.0,0.188,25,57.837,59.878,MODERATE,NHL Web API,7.9,0.4,0.0,0.0,0,
8475188,Brayden McNabb,VGK,TOR,HOME,D,4,63,0.0,0.1,0.067,0.0,0.12,1.1,1.6,1.439,0.057,0.099,0.075,5.0,6.864,0.93,CURRENT+PRIOR,18.87,19.698,19.411,19:25,0.179,382,1.04,0.193,490,1.03,1.071,1.05,1.018,0.081,0.0,0.0,0.0,0.305,60.0,39.195,88.931,2.764,0.079,25,66.653,70.536,GOOD,NHL Web API,7.2,0.8,0.1,0.0,0,
8475764,Cam Fowler,STL,SJS,HOME,D,3,82,0.0,0.1,0.133,0.0,0.12,0.9,0.9,0.872,0.077,0.083,0.08,14.286,9.574,1.07,CURRENT+PRIOR,22.257,20.428,21.32,21:19,0.221,369,1.04,0.166,546,0.985,1.025,1.025,0.956,0.079,0.0,0.0,0.0,0.305,54.977,39.195,84.768,2.764,0.109,25,65.695,69.177,GOOD,NHL Web API,7.1,0.7,0.1,0.0,0,
8481068,Yegor Sharangovich,CGY,COL,HOME,C,3,78,0.0,0.1,0.067,0.0,0.16,1.0,1.45,1.254,0.066,0.11,0.085,5.263,8.801,0.93,CURRENT+PRIOR,15.01,14.962,15.518,15:31,0.121,311,0.96,0.101,542,0.97,0.931,0.95,0.965,0.078,0.0,0.0,0.0,0.346,40.0,39.195,83.095,2.764,0.121,25,65.311,68.792,GOOD,NHL Web API,6.8,0.7,0.1,0.0,0,
8476539,Jonathan Marchessault,NSH,MTL,AWAY,C,3,62,0.0,0.1,0.067,0.0,0.12,1.8,1.8,1.816,0.057,0.112,0.08,4.167,6.164,0.93,CURRENT+PRIOR,15.937,16.782,16.455,16:27,0.166,326,0.984,0.159,514,0.97,0.954,0.954,1.029,0.078,0.0,0.0,0.0,0.305,40.815,23.856,84.638,3.461,0.11,25,61.831,64.852,MODERATE,NHL Web API,7.0,0.7,0.1,0.0,0,
8476372,Nick Seeler,PHI,OTT,AWAY,D,4,80,0.0,0.2,0.133,0.0,0.08,0.6,0.75,0.716,0.09,0.074,0.083,22.222,10.283,1.07,CURRENT+PRIOR,19.773,17.42,17.557,17:33,0.118,314,0.96,0.127,581,0.97,0.931,0.95,0.983,0.077,0.0,0.0,0.0,0.254,40.0,23.856,68.178,3.461,0.227,25,58.045,61.46,MODERATE,NHL Web API,7.5,0.3,0.0,0.0,0,
8479359,Beck Malenstyn,BUF,DAL,HOME,L,3,81,0.0,0.1,0.067,0.0,0.12,0.5,0.85,0.706,0.057,0.081,0.067,7.692,11.422,0.93,CURRENT+PRIOR,10.337,10.832,10.519,10:31,0.132,382,0.96,0.178,554,1.03,0.989,0.989,1.14,0.076,0.0,0.0,0.0,0.305,47.76,23.856,71.794,3.461,0.201,25,58.877,61.893,MODERATE,NHL Web API,6.5,0.7,0.1,0.0,0,
8476278,Colin Blackwell,DAL,BUF,AWAY,C,1,70,0.2,0.1,0.067,0.0,0.08,0.7,0.85,0.828,0.085,0.047,0.069,9.091,5.706,1.07,CURRENT+PRIOR,11.423,12.21,11.382,11:23,0.13,312,0.96,0.15,574,0.97,0.931,0.95,1.14,0.074,0.0,0.0,0.0,0.254,40.0,23.856,80.945,3.461,0.136,25,60.981,63.201,MODERATE,NHL Web API,7.1,0.3,0.0,0.0,0,
8482089,Jake Neighbours,STL,SJS,HOME,L,3,69,0.0,0.1,0.067,0.0,0.04,1.3,1.05,1.16,0.039,0.113,0.07,5.556,9.704,0.93,CURRENT+PRIOR,14.013,14.44,14.224,14:13,0.221,369,1.04,0.166,546,0.985,1.025,1.025,1.009,0.073,0.0,0.0,0.0,0.254,54.977,18.0,86.737,5.0,0.095,25,60.85,63.696,MODERATE,NHL Web API,6.9,0.3,0.0,0.0,0,
8476374,Sean Kuraly,BOS,UTA,HOME,C,3,82,0.2,0.1,0.067,0.0,0.08,1.6,1.55,1.527,0.082,0.06,0.073,4.167,3.958,1.029,CURRENT+PRIOR,13.887,12.627,12.768,12:46,0.14,288,0.96,0.141,527,0.97,0.931,0.95,1.026,0.072,0.0,0.0,0.0,0.254,40.0,18.0,71.997,5.0,0.2,25,57.459,60.3,MODERATE,NHL Web API,7.2,0.3,0.0,0.0,0,
8478047,Michael Bunting,PHI,OTT,AWAY,L,0,74,0.0,0.1,0.067,,0.08,1.4,1.35,1.43,0.063,0.095,0.077,5.263,6.658,0.93,PRIOR,10.613,12.287,12.27,12:16,0.118,314,0.96,0.127,581,0.97,0.931,0.95,0.953,0.069,0.0,0.0,0.0,0.305,40.0,23.856,73.244,3.461,0.191,25,56.21,56.587,MODERATE,NHL Web API,6.2,0.6,0.1,0.0,0,
8482201,Gage Goncalves,TBL,MIN,HOME,C,3,74,0.0,0.0,0.0,0.0,0.2,0.7,1.15,0.998,0.045,0.105,0.07,0.0,10.5,0.93,CURRENT+PRIOR,14.447,15.3,14.965,14:58,0.145,395,0.96,0.162,618,0.97,0.931,0.95,1.01,0.068,0.0,0.0,0.0,0.461,40.0,35.02,75.748,2.954,0.173,25,62.577,65.93,GOOD,NHL Web API,6.1,0.6,0.0,0.0,0,
8481523,Kirby Dach,MTL,NSH,HOME,C,3,37,0.0,0.0,0.0,0.0,0.12,0.7,1.05,0.907,0.027,0.115,0.064,0.0,12.712,0.93,CURRENT+PRIOR,11.107,11.245,11.838,11:50,0.154,355,0.96,0.202,549,1.03,0.989,0.989,1.054,0.067,0.0,0.0,0.0,0.379,47.76,39.195,63.873,2.764,0.258,25,60.89,64.363,MODERATE,NHL Web API,5.8,0.6,0.1,0.0,0,
8478416,Erik Cernak,TBL,MIN,HOME,D,3,61,0.2,0.1,0.067,0.0,0.08,1.3,1.15,1.156,0.074,0.071,0.073,5.0,6.154,0.93,CURRENT+PRIOR,18.88,17.988,18.064,18:04,0.145,395,0.96,0.162,618,0.97,0.931,0.95,0.954,0.067,0.0,0.0,0.0,0.305,40.0,23.856,72.75,3.461,0.195,25,59.096,62.113,MODERATE,NHL Web API,6.1,0.6,0.1,0.0,0,
8476869,Brady Skjei,NSH,MTL,AWAY,D,3,82,0.0,0.1,0.133,0.0,0.08,1.0,1.05,1.026,0.067,0.067,0.067,12.5,6.557,1.07,CURRENT+PRIOR,21.11,22.38,22.015,22:01,0.166,326,0.984,0.159,514,0.97,0.954,0.954,1.039,0.066,0.0,0.0,0.0,0.254,40.815,23.856,87.762,3.461,0.087,25,62.549,65.572,GOOD,NHL Web API,6.3,0.2,0.0,0.0,0,
8476902,Esa Lindell,DAL,BUF,AWAY,D,3,82,0.2,0.1,0.067,0.0,0.04,1.2,0.95,1.072,0.075,0.054,0.066,6.25,5.071,1.07,CURRENT+PRIOR,20.08,21.043,20.705,20:42,0.13,312,0.96,0.15,574,0.97,0.931,0.95,1.053,0.066,0.0,0.0,0.0,0.183,40.0,18.0,87.613,5.0,0.088,25,61.051,63.898,MODERATE,NHL Web API,6.4,0.2,0.0,0.0,0,
8477070,Liam O'Brien,UTA,BOS,AWAY,C,0,38,0.0,0.1,0.067,,0.04,1.0,0.7,0.831,0.054,0.07,0.061,7.692,8.374,0.977,PRIOR,9.757,9.458,9.445,9:27,0.186,293,1.04,0.206,602,1.03,1.071,1.05,1.01,0.064,0.0,0.0,0.0,0.254,60.0,18.0,74.61,5.0,0.181,25,55.06,55.262,MODERATE,NHL Web API,6.1,0.2,0.0,0.0,0,
8477426,Nick Paul,TOR,VGK,AWAY,L,4,51,0.0,0.1,0.067,0.0,0.08,1.5,1.2,1.335,0.048,0.096,0.068,4.762,7.197,0.93,CURRENT+PRIOR,16.707,15.167,14.828,14:50,0.115,302,0.96,0.163,503,0.97,0.931,0.95,0.977,0.063,0.0,0.0,0.0,0.254,40.0,23.856,64.647,3.461,0.253,25,57.233,60.646,MODERATE,NHL Web API,6.1,0.2,0.0,0.0,0,
8477478,William Carrier,CAR,VAN,HOME,L,4,70,0.0,0.1,0.067,0.0,0.04,1.1,0.95,1.044,0.04,0.087,0.06,7.143,8.327,0.958,CURRENT+PRIOR,10.783,10.577,10.43,10:26,0.207,305,1.04,0.182,545,1.03,1.071,1.05,0.979,0.062,0.0,0.0,0.0,0.183,60.0,18.0,72.67,5.0,0.195,25,57.614,60.855,MODERATE,NHL Web API,5.9,0.2,0.0,0.0,0,
8480835,Jack Drury,NSH,MTL,AWAY,C,3,82,0.0,0.0,0.133,0.0,0.08,1.2,1.45,1.32,0.043,0.097,0.066,10.0,7.316,1.07,CURRENT+PRIOR,14.0,13.625,13.691,13:41,0.166,326,0.984,0.159,514,0.97,0.954,0.954,0.987,0.061,0.0,0.0,0.0,0.254,40.815,23.856,81.602,3.461,0.131,25,61.132,64.153,MODERATE,NHL Web API,6.1,0.1,0.0,0.0,0,
8478038,Devon Toews,COL,CGY,AWAY,D,3,68,0.0,0.1,0.067,0.0,0.08,1.5,1.35,1.484,0.055,0.054,0.055,5.0,3.636,1.07,CURRENT+PRIOR,22.84,23.64,22.421,22:25,0.22,296,1.04,0.23,517,1.03,1.071,1.05,1.064,0.061,0.0,0.0,0.0,0.254,60.0,18.0,78.822,5.0,0.151,25,59.029,61.873,MODERATE,NHL Web API,5.8,0.2,0.0,0.0,0,
8483457,Lane Hutson,MTL,NSH,HOME,D,3,82,0.0,0.1,0.067,0.0,0.08,0.9,1.15,1.072,0.05,0.076,0.061,6.25,7.104,0.959,CURRENT+PRIOR,26.31,26.775,25.911,25:55,0.154,355,0.96,0.202,549,1.03,0.989,0.989,0.966,0.059,0.0,0.0,0.0,0.305,47.76,23.856,81.912,3.461,0.129,25,61.204,64.224,MODERATE,NHL Web API,5.5,0.4,0.0,0.0,0,
8481711,Matias Maccelli,NYI,CHI,HOME,L,3,71,0.0,0.0,0.0,0.0,0.16,0.9,1.05,1.028,0.036,0.09,0.059,0.0,8.752,0.93,CURRENT+PRIOR,14.527,14.223,14.51,14:31,0.203,407,1.04,0.158,545,0.97,1.009,1.009,0.965,0.058,0.0,0.0,0.0,0.504,51.76,48.552,75.669,2.339,0.174,25,65.942,69.701,GOOD,NHL Web API,5.3,0.4,0.0,0.0,0,
8483495,Simon Nemec,CGY,COL,HOME,D,3,68,0.0,0.0,0.067,0.0,0.12,1.7,1.5,1.578,0.037,0.095,0.061,4.348,6.034,0.93,CURRENT+PRIOR,21.643,20.498,20.547,20:33,0.121,311,0.96,0.101,542,0.97,0.931,0.95,0.992,0.058,0.0,0.0,0.0,0.305,40.0,39.195,85.42,2.764,0.104,25,65.845,69.327,GOOD,NHL Web API,5.2,0.4,0.0,0.0,0,
8481726,Adam Edstrom,NSH,MTL,AWAY,C,3,35,0.0,0.1,0.067,0.0,0.12,1.4,1.25,1.259,0.057,0.088,0.07,5.263,6.971,0.93,CURRENT+PRIOR,10.26,10.02,10.323,10:19,0.166,326,0.984,0.159,514,0.97,0.954,0.954,0.88,0.058,0.0,0.0,0.0,0.305,40.815,39.195,62.141,2.764,0.27,25,60.491,63.964,MODERATE,NHL Web API,5.4,0.4,0.0,0.0,0,
8483425,Lian Bichsel,DAL,BUF,AWAY,D,3,50,0.0,0.0,0.067,0.0,0.12,0.5,0.65,0.596,0.037,0.097,0.062,11.111,16.345,0.94,CURRENT+PRIOR,17.217,16.788,16.522,16:31,0.13,312,0.96,0.15,574,0.97,0.931,0.95,0.988,0.058,0.0,0.0,0.0,0.403,40.0,19.389,82.272,3.664,0.127,25,60.17,63.056,MODERATE,NHL Web API,5.5,0.5,0.0,0.0,0,
8479336,Carl Grundstrom,PHI,OTT,AWAY,R,4,47,0.0,0.1,0.067,0.0,0.08,1.2,1.0,1.114,0.05,0.077,0.061,6.25,6.909,0.967,CURRENT+PRIOR,11.527,11.298,11.317,11:19,0.118,314,0.96,0.127,581,0.97,0.931,0.95,1.01,0.058,0.0,0.0,0.0,0.254,40.0,18.0,74.652,5.0,0.181,25,58.07,61.312,MODERATE,NHL Web API,5.4,0.5,0.0,0.0,0,
8479705,Jeffrey Viel,TBL,MIN,HOME,L,3,45,0.0,0.1,0.067,0.0,0.04,1.3,1.4,1.347,0.039,0.069,0.052,4.348,5.147,0.93,CURRENT+PRIOR,9.687,10.225,10.44,10:26,0.145,395,0.96,0.162,618,0.97,0.931,0.95,1.134,0.057,0.0,0.0,0.0,0.183,40.0,18.0,75.181,5.0,0.177,25,58.192,61.034,MODERATE,NHL Web API,5.6,0.2,0.0,0.0,0,
8479425,Filip Hronek,VAN,CAR,AWAY,D,4,82,0.0,0.0,0.0,0.0,0.12,2.3,2.15,2.244,0.027,0.086,0.052,0.0,3.845,0.93,CURRENT+PRIOR,26.237,26.675,26.346,26:21,0.187,332,1.04,0.2,571,1.03,1.071,1.05,1.011,0.054,0.0,0.0,0.0,0.305,60.0,23.856,89.902,3.461,0.072,25,63.041,66.465,GOOD,NHL Web API,4.9,0.3,0.0,0.0,0,
8476874,Olli Maatta,MIN,TBL,AWAY,D,3,43,0.0,0.0,0.133,0.0,0.08,0.6,1.0,0.82,0.043,0.068,0.054,18.182,8.298,1.07,CURRENT+PRIOR,22.143,22.918,22.06,22:04,0.152,344,0.96,0.174,583,1.029,0.988,0.988,1.019,0.054,0.0,0.0,0.0,0.254,47.607,23.856,80.041,3.461,0.143,25,60.773,63.793,MODERATE,NHL Web API,4.9,0.3,0.0,0.0,0,
8476878,Zemgus Girgensons,TBL,MIN,HOME,C,3,74,0.0,0.1,0.067,0.0,0.08,0.3,0.8,0.615,0.055,0.05,0.053,11.111,8.102,1.07,CURRENT+PRIOR,14.02,13.937,13.615,13:37,0.145,395,0.96,0.162,618,0.97,0.931,0.95,1.068,0.054,0.0,0.0,0.0,0.305,40.0,23.856,75.88,3.461,0.172,25,59.816,62.834,MODERATE,NHL Web API,5.0,0.4,0.0,0.0,0,
8482177,Marat Khusnutdinov,BOS,UTA,HOME,C,4,77,0.0,0.0,0.067,0.0,0.12,0.2,0.5,0.433,0.039,0.073,0.053,14.286,16.758,0.978,CURRENT+PRIOR,13.783,14.545,14.32,14:19,0.14,288,0.96,0.141,527,0.97,0.931,0.95,1.04,0.053,0.0,0.0,0.0,0.305,40.0,23.856,80.951,3.461,0.136,25,60.983,64.403,MODERATE,NHL Web API,4.9,0.4,0.0,0.0,0,
8476931,Jake McCabe,TOR,VGK,AWAY,D,4,80,0.0,0.0,0.133,0.0,0.08,1.0,1.0,1.016,0.043,0.064,0.052,12.5,6.29,1.07,CURRENT+PRIOR,17.853,20.018,19.84,19:50,0.115,302,0.96,0.163,503,0.97,0.931,0.95,1.078,0.053,0.0,0.0,0.0,0.254,40.0,23.856,78.662,3.461,0.152,25,60.456,63.875,MODERATE,NHL Web API,5.0,0.4,0.0,0.0,0,
8484798,Zeev Buium,VAN,CAR,AWAY,D,4,76,0.0,0.1,0.067,0.0,0.04,1.2,0.95,1.064,0.045,0.055,0.049,6.25,5.152,1.07,CURRENT+PRIOR,21.66,21.895,21.445,21:27,0.187,332,1.04,0.2,571,1.03,1.071,1.05,0.994,0.051,0.0,0.0,0.0,0.183,60.0,18.0,81.641,5.0,0.131,25,59.678,62.922,MODERATE,NHL Web API,4.8,0.1,0.0,0.0,0,
8475343,Nic Dowd,VGK,TOR,HOME,C,4,75,0.0,0.0,0.067,0.0,0.04,0.9,0.9,0.896,0.02,0.084,0.047,8.333,9.394,0.971,CURRENT+PRIOR,11.61,12.045,11.807,11:48,0.179,382,1.04,0.193,490,1.03,1.071,1.05,1.015,0.05,0.0,0.0,0.0,0.183,60.0,18.0,79.919,5.0,0.143,25,59.281,62.525,MODERATE,NHL Web API,4.9,0.1,0.0,0.0,0,
8476958,Jaccob Slavin,CAR,VAN,HOME,D,4,39,0.0,0.1,0.067,0.0,0.04,1.9,1.7,1.858,0.045,0.043,0.044,3.846,2.341,1.07,CURRENT+PRIOR,22.807,21.96,22.151,22:09,0.207,305,1.04,0.182,545,1.03,1.071,1.05,1.01,0.048,0.0,0.0,0.0,0.183,60.0,18.0,87.348,5.0,0.09,25,60.99,64.237,MODERATE,NHL Web API,4.6,0.1,0.0,0.0,0,
8476463,Jonas Brodin,MIN,TBL,AWAY,D,3,62,0.0,0.1,0.067,0.0,0.04,1.2,1.55,1.402,0.045,0.058,0.051,4.762,4.138,1.07,CURRENT+PRIOR,19.677,18.573,19.075,19:04,0.152,344,0.96,0.174,583,1.029,0.988,0.988,0.96,0.048,0.0,0.0,0.0,0.183,47.607,18.0,88.034,5.0,0.085,25,61.148,63.995,MODERATE,NHL Web API,4.5,0.1,0.0,0.0,0,
8482095,Tyler Kleven,OTT,PHI,HOME,D,3,70,0.0,0.0,0.067,0.0,0.08,1.8,1.4,1.596,0.028,0.078,0.049,3.846,4.866,0.93,CURRENT+PRIOR,17.697,21.345,19.749,19:45,0.127,281,0.96,0.189,524,1.03,0.989,0.989,0.956,0.047,0.0,0.0,0.0,0.305,47.76,23.856,59.87,3.461,0.287,25,56.134,59.146,MODERATE,NHL Web API,4.3,0.3,0.0,0.0,0,
8478468,Jeremy Lauzon,VGK,TOR,HOME,D,4,68,0.0,0.1,0.067,0.0,0.04,1.5,1.45,1.422,0.045,0.041,0.043,4.348,2.879,1.07,CURRENT+PRIOR,16.253,16.202,16.316,16:19,0.179,382,1.04,0.193,490,1.03,1.071,1.05,0.998,0.046,0.0,0.0,0.0,0.183,60.0,18.0,89.455,5.0,0.075,25,61.475,64.722,MODERATE,NHL Web API,4.6,0.1,0.0,0.0,0,
8476875,Mike Matheson,MTL,NSH,HOME,D,3,78,0.0,0.0,0.067,0.0,0.08,1.5,1.55,1.522,0.03,0.07,0.047,4.762,4.568,1.02,CURRENT+PRIOR,23.343,23.352,23.314,23:19,0.154,355,0.96,0.202,549,1.03,0.989,0.989,0.967,0.045,0.0,0.0,0.0,0.254,47.76,18.0,86.999,5.0,0.093,25,60.91,63.757,MODERATE,NHL Web API,4.3,0.3,0.0,0.0,0,
8478476,Kyle Capobianco,DAL,BUF,AWAY,D,0,33,0.0,0.0,0.067,,0.08,0.5,0.45,0.502,0.041,0.058,0.048,14.286,11.538,1.038,PRIOR,12.303,11.997,12.232,12:14,0.13,312,0.96,0.15,574,0.97,0.931,0.95,1.0,0.045,0.0,0.0,0.0,0.254,40.0,23.856,77.026,3.461,0.164,25,57.08,57.458,MODERATE,NHL Web API,4.2,0.3,0.0,0.0,0,
8476393,Nick Cousins,OTT,PHI,HOME,C,3,81,0.0,0.0,0.067,0.0,0.04,0.9,1.1,1.006,0.02,0.064,0.038,5.882,6.346,0.973,CURRENT+PRIOR,10.423,11.703,11.041,11:02,0.127,281,0.96,0.189,524,1.03,0.989,0.989,1.14,0.044,0.0,0.0,0.0,0.254,47.76,18.0,75.389,5.0,0.176,25,58.239,61.082,MODERATE,NHL Web API,4.0,0.3,0.0,0.0,0,
8482142,Jamie Drysdale,PHI,OTT,AWAY,D,4,78,0.0,0.0,0.0,0.0,0.12,0.9,0.95,1.042,0.027,0.07,0.045,0.0,6.696,0.93,CURRENT+PRIOR,21.293,20.605,20.96,20:58,0.118,314,0.96,0.127,581,0.97,0.931,0.95,1.022,0.043,0.0,0.0,0.0,0.346,40.0,23.856,83.503,3.461,0.118,25,61.57,64.991,MODERATE,NHL Web API,4.0,0.3,0.0,0.0,0,
8483513,Reid Schaefer,NSH,MTL,AWAY,L,1,47,0.0,0.0,0.067,0.0,0.08,0.7,0.75,0.729,0.028,0.085,0.052,8.333,11.623,0.93,CURRENT+PRIOR,8.933,8.465,9.216,9:13,0.166,326,0.984,0.159,514,0.97,0.954,0.954,0.88,0.043,0.0,0.0,0.0,0.254,40.815,23.856,72.206,3.461,0.199,25,58.971,61.188,MODERATE,NHL Web API,4.0,0.3,0.0,0.0,0,
8482516,Matthew Kessel,NYI,CHI,HOME,D,0,29,0.0,0.0,0.0,,0.08,0.9,0.7,0.794,0.023,0.063,0.04,0.0,7.895,0.93,PRIOR,14.377,13.752,13.701,13:42,0.203,407,1.04,0.158,545,0.97,1.009,1.009,1.018,0.041,0.0,0.0,0.0,0.258,51.76,23.856,74.568,3.461,0.182,25,56.515,56.892,MODERATE,NHL Web API,3.8,0.2,0.0,0.0,0,
8476826,Yanni Gourde,TBL,MIN,HOME,C,0,82,0.0,0.0,0.0,,0.08,1.2,1.25,1.234,0.023,0.065,0.041,0.0,5.307,0.93,PRIOR,16.42,15.957,16.018,16:01,0.145,395,0.96,0.162,618,0.97,0.931,0.95,1.014,0.04,0.0,0.0,0.0,0.254,40.0,23.856,84.429,3.461,0.111,25,58.783,59.164,MODERATE,NHL Web API,3.8,0.2,0.0,0.0,0,
8484240,Tom Willander,VAN,CAR,AWAY,D,4,70,0.0,0.0,0.067,0.0,0.04,0.6,0.75,0.684,0.02,0.064,0.038,8.333,9.394,0.971,CURRENT+PRIOR,20.127,20.272,20.263,20:16,0.187,332,1.04,0.2,571,1.03,1.071,1.05,0.985,0.039,0.0,0.0,0.0,0.183,60.0,18.0,89.107,5.0,0.078,25,61.395,64.642,MODERATE,NHL Web API,3.7,0.0,0.0,0.0,0,
8478970,Jalen Chatfield,CAR,VAN,HOME,D,4,72,0.0,0.0,0.067,0.0,0.04,1.3,1.5,1.382,0.022,0.055,0.036,5.0,4.011,1.07,CURRENT+PRIOR,20.96,20.097,20.401,20:24,0.207,305,1.04,0.182,545,1.03,1.071,1.05,1.0,0.038,0.0,0.0,0.0,0.183,60.0,18.0,83.876,5.0,0.115,25,60.192,63.437,MODERATE,NHL Web API,3.7,0.1,0.0,0.0,0,
8479525,Ross Colton,NSH,MTL,AWAY,C,3,73,0.0,0.0,0.0,0.0,0.16,1.6,1.25,1.462,0.036,0.051,0.042,0.0,3.472,0.93,CURRENT+PRIOR,13.337,12.142,12.479,12:29,0.166,326,0.984,0.159,514,0.97,0.954,0.954,0.956,0.038,0.0,0.0,0.0,0.346,40.815,23.856,75.699,3.461,0.174,25,59.775,62.793,MODERATE,NHL Web API,3.8,0.2,0.0,0.0,0,
8478136,Jake Middleton,CGY,COL,HOME,D,3,75,0.0,0.1,0.067,0.0,0.04,0.9,1.0,0.923,0.045,0.034,0.041,6.667,3.694,1.07,CURRENT+PRIOR,17.783,17.747,17.49,17:29,0.121,311,0.96,0.101,542,0.97,0.931,0.95,0.969,0.038,0.0,0.0,0.0,0.183,40.0,18.0,78.891,5.0,0.151,25,59.045,61.889,MODERATE,NHL Web API,3.5,0.1,0.0,0.0,0,
8482859,Zack Ostapchuk,SJS,STL,AWAY,C,3,59,0.0,0.0,0.067,0.0,0.04,0.9,0.9,0.88,0.021,0.062,0.038,7.692,7.075,1.026,CURRENT+PRIOR,11.77,10.962,11.033,11:02,0.141,345,0.96,0.168,515,0.997,0.957,0.957,0.997,0.036,0.0,0.0,0.0,0.183,41.422,18.0,78.373,5.0,0.154,25,58.926,61.769,MODERATE,NHL Web API,3.7,0.1,0.0,0.0,0,
8477950,Tony DeAngelo,NYI,CHI,HOME,D,3,76,0.0,0.0,0.0,0.0,0.08,1.8,1.85,1.89,0.018,0.055,0.033,0.0,2.907,0.93,CURRENT+PRIOR,19.107,18.53,19.138,19:08,0.203,407,1.04,0.158,545,0.97,1.009,1.009,1.046,0.036,0.0,0.0,0.0,0.254,51.76,18.0,76.629,5.0,0.167,25,58.525,61.367,MODERATE,NHL Web API,3.3,0.2,0.0,0.0,0,
8480865,Noah Dobson,MTL,NSH,HOME,D,3,80,0.0,0.0,0.0,0.0,0.08,1.1,1.65,1.457,0.018,0.06,0.036,0.0,4.136,0.93,CURRENT+PRIOR,21.03,22.127,22.023,22:01,0.154,355,0.96,0.202,549,1.03,0.989,0.989,0.973,0.035,0.0,0.0,0.0,0.403,47.76,28.0,82.929,,0.122,25,62.474,65.619,GOOD,NHL Web API,3.2,0.2,0.0,0.0,0,
8474151,Ryan McDonagh,TBL,MIN,HOME,D,3,48,0.0,0.0,0.0,0.0,0.08,0.6,0.65,0.626,0.018,0.055,0.033,0.0,8.783,0.93,CURRENT+PRIOR,17.37,17.965,17.762,17:46,0.145,395,0.96,0.162,618,0.97,0.931,0.95,1.076,0.035,0.0,0.0,0.0,0.254,40.0,23.856,81.337,3.461,0.133,25,61.072,64.092,MODERATE,NHL Web API,3.4,0.2,0.0,0.0,0,
8478508,Yakov Trenin,MIN,TBL,AWAY,C,3,82,0.0,0.0,0.0,0.0,0.08,1.2,1.45,1.36,0.018,0.057,0.034,0.0,4.198,0.93,CURRENT+PRIOR,14.627,14.11,13.835,13:50,0.152,344,0.96,0.174,583,1.029,0.988,0.988,1.009,0.034,0.0,0.0,0.0,0.254,47.607,18.0,81.742,5.0,0.13,25,59.701,62.545,MODERATE,NHL Web API,3.2,0.1,0.0,0.0,0,
8482511,Mason Lohrei,BOS,UTA,HOME,D,4,73,0.0,0.0,0.0,0.0,0.04,0.7,0.8,0.787,0.009,0.075,0.037,0.0,9.514,0.93,CURRENT+PRIOR,21.027,18.29,19.3,19:18,0.14,288,0.96,0.141,527,0.97,0.931,0.95,0.957,0.034,0.0,0.0,0.0,0.183,40.0,18.0,77.163,5.0,0.163,25,58.648,61.89,MODERATE,NHL Web API,3.4,0.0,0.0,0.0,0,
8483609,Adam Klapka,CGY,COL,HOME,R,3,79,0.0,0.0,0.067,0.0,0.04,1.0,1.05,1.018,0.022,0.054,0.035,6.25,5.328,1.066,CURRENT+PRIOR,10.983,10.443,10.581,10:35,0.121,311,0.96,0.101,542,0.97,0.931,0.95,1.016,0.034,0.0,0.0,0.0,0.183,40.0,18.0,78.173,5.0,0.156,25,58.88,61.723,MODERATE,NHL Web API,3.2,0.0,0.0,0.0,0,
8477527,Ross Johnston,STL,SJS,HOME,L,2,62,0.0,0.0,0.067,0.0,0.04,0.4,0.4,0.408,0.022,0.036,0.028,14.286,8.846,1.07,CURRENT+PRIOR,9.157,9.877,9.575,9:34,0.221,369,1.04,0.166,546,0.985,1.025,1.025,1.063,0.031,0.0,0.0,0.0,0.183,54.977,18.0,71.921,5.0,0.201,25,57.442,59.883,MODERATE,NHL Web API,2.9,0.1,0.0,0.0,0,
8481581,Thomas Harley,DAL,BUF,AWAY,D,3,70,0.0,0.0,0.0,0.0,0.04,1.7,1.45,1.584,0.009,0.061,0.031,0.0,3.846,0.93,CURRENT+PRIOR,23.12,22.983,22.997,23:00,0.13,312,0.96,0.15,574,0.97,0.931,0.95,1.005,0.029,0.0,0.0,0.0,0.254,40.0,18.0,88.8,5.0,0.08,25,61.324,64.171,MODERATE,NHL Web API,2.6,0.1,0.0,0.0,0,
8475167,Victor Hedman,TBL,MIN,HOME,D,3,33,0.0,0.0,0.067,0.0,0.04,1.5,1.55,1.514,0.022,0.042,0.03,4.762,2.778,1.07,CURRENT+PRIOR,13.86,16.985,15.773,15:46,0.145,395,0.96,0.162,618,0.97,0.931,0.95,1.0,0.029,0.0,0.0,0.0,0.183,40.0,18.0,63.352,5.0,0.262,25,55.471,58.308,MODERATE,NHL Web API,2.7,0.2,0.0,0.0,0,
8482655,J.J. Moser,TBL,MIN,HOME,D,3,79,0.0,0.0,0.0,0.0,0.08,1.0,0.95,1.046,0.018,0.041,0.027,0.0,3.883,0.93,CURRENT+PRIOR,19.197,19.787,19.462,19:28,0.145,395,0.96,0.162,618,0.97,0.931,0.95,1.078,0.028,0.0,0.0,0.0,0.254,40.0,23.856,83.39,3.461,0.119,25,61.544,64.565,MODERATE,NHL Web API,2.7,0.1,0.0,0.0,0,
8474567,Zach Bogosian,MIN,TBL,AWAY,D,3,41,0.0,0.0,0.067,0.0,0.04,0.4,0.55,0.493,0.022,0.041,0.03,11.111,8.262,1.07,CURRENT+PRIOR,15.01,13.672,14.392,14:24,0.152,344,0.96,0.174,583,1.029,0.988,0.988,0.981,0.028,0.0,0.0,0.0,0.254,47.607,18.0,81.042,5.0,0.135,25,59.54,62.384,MODERATE,NHL Web API,2.7,0.1,0.0,0.0,0,
8477220,Nate Schmidt,UTA,BOS,AWAY,D,4,82,0.0,0.0,0.0,0.0,0.04,0.9,1.2,1.049,0.009,0.054,0.028,0.0,5.114,0.93,CURRENT+PRIOR,20.6,19.218,19.782,19:47,0.186,293,1.04,0.206,602,1.03,1.071,1.05,0.949,0.027,0.0,0.0,0.0,0.183,60.0,18.0,82.192,5.0,0.127,25,59.804,63.049,MODERATE,NHL Web API,2.4,0.1,0.0,0.0,0,
8475200,Dmitry Orlov,SJS,STL,AWAY,D,3,82,0.0,0.0,0.0,0.0,0.08,1.2,1.5,1.337,0.018,0.039,0.027,0.0,2.901,0.93,CURRENT+PRIOR,18.083,19.603,19.387,19:23,0.141,345,0.96,0.168,515,0.997,0.957,0.957,1.028,0.026,0.0,0.0,0.0,0.254,41.422,23.856,86.433,3.461,0.097,25,62.244,65.266,GOOD,NHL Web API,2.5,0.1,0.0,0.0,0,
8480840,Oskar Bäck,DAL,BUF,AWAY,C,3,72,0.0,0.0,0.0,0.0,0.04,0.8,0.7,0.733,0.009,0.046,0.025,0.0,6.316,0.93,CURRENT+PRIOR,12.307,13.328,12.468,12:28,0.13,312,0.96,0.15,574,0.97,0.931,0.95,1.066,0.025,0.0,0.0,0.0,0.183,40.0,18.0,80.405,5.0,0.14,25,59.393,62.237,MODERATE,NHL Web API,2.6,0.1,0.0,0.0,0,
8478840,Will Borgen,BOS,UTA,HOME,D,4,75,0.0,0.0,0.0,0.0,0.08,0.2,0.55,0.443,0.018,0.037,0.026,0.0,8.438,0.93,CURRENT+PRIOR,17.86,17.372,17.547,17:33,0.14,288,0.96,0.141,527,0.97,0.931,0.95,0.977,0.024,0.0,0.0,0.0,0.254,40.0,18.0,88.098,5.0,0.085,25,61.163,64.41,MODERATE,NHL Web API,2.3,0.1,0.0,0.0,0,
8481524,Bowen Byram,CHI,NYI,AWAY,D,3,82,0.0,0.0,0.067,0.0,0.04,0.7,1.2,1.039,0.022,0.032,0.026,6.25,3.058,1.07,CURRENT+PRIOR,22.42,21.897,22.348,22:21,0.154,311,0.96,0.126,566,0.97,0.931,0.95,0.965,0.024,0.0,0.0,0.0,0.183,40.0,18.0,89.49,5.0,0.075,25,61.483,64.331,MODERATE,NHL Web API,2.2,0.1,0.0,0.0,0,
8484305,Zach Metsa,BUF,DAL,HOME,D,3,43,0.0,0.0,0.0,0.0,0.04,0.3,0.65,0.49,0.009,0.04,0.022,0.0,8.242,0.93,CURRENT+PRIOR,13.25,13.783,12.634,12:38,0.132,382,0.96,0.178,554,1.03,0.989,0.989,1.101,0.024,0.0,0.0,0.0,0.183,47.76,18.0,62.62,5.0,0.267,25,55.303,58.14,MODERATE,NHL Web API,2.4,0.1,0.0,0.0,0,
8477365,Connor Clifton,BOS,UTA,HOME,D,4,50,0.0,0.0,0.0,0.0,0.04,1.0,0.9,0.901,0.009,0.046,0.024,0.0,5.088,0.93,CURRENT+PRIOR,19.65,19.167,18.822,18:49,0.14,288,0.96,0.141,527,0.97,0.931,0.95,0.97,0.023,0.0,0.0,0.0,0.183,40.0,28.0,80.613,,0.138,25,61.941,65.485,GOOD,NHL Web API,2.1,0.0,0.0,0.0,0,
8484958,Maxim Tsyplakov,CGY,COL,HOME,R,3,49,0.0,0.0,0.067,0.0,0.04,0.7,0.9,0.822,0.022,0.034,0.027,8.333,4.147,1.07,CURRENT+PRIOR,10.833,9.575,9.99,9:59,0.121,311,0.96,0.101,542,0.97,0.931,0.95,0.895,0.023,0.0,0.0,0.0,0.183,40.0,18.0,69.404,5.0,0.219,25,56.863,59.703,MODERATE,NHL Web API,2.3,0.1,0.0,0.0,0,
8483733,Nikita Grebenkin,PHI,OTT,AWAY,R,0,55,0.0,0.0,0.0,,0.04,0.3,0.55,0.432,0.012,0.044,0.025,0.0,10.181,0.93,PRIOR,10.637,11.127,11.203,11:12,0.118,314,0.96,0.127,581,0.97,0.931,0.95,0.988,0.023,0.0,0.0,0.0,0.254,40.0,18.0,76.473,5.0,0.168,25,55.489,55.691,MODERATE,NHL Web API,2.3,0.1,0.0,0.0,0,
8476885,Jacob Trouba,SJS,STL,AWAY,D,3,81,0.0,0.0,0.0,0.0,0.04,1.6,1.6,1.696,0.009,0.038,0.021,0.0,2.264,0.93,CURRENT+PRIOR,20.907,21.667,21.765,21:46,0.141,345,0.96,0.168,515,0.997,0.957,0.957,1.028,0.021,0.0,0.0,0.0,0.254,41.422,28.0,83.19,,0.12,25,62.534,65.679,GOOD,NHL Web API,2.0,0.0,0.0,0.0,0,
8477506,Ryan Pulock,NYI,CHI,HOME,D,3,76,0.0,0.0,0.0,0.0,0.04,0.9,1.1,1.03,0.009,0.034,0.02,0.0,3.333,0.93,CURRENT+PRIOR,17.157,18.592,18.483,18:29,0.203,407,1.04,0.158,545,0.97,1.009,1.009,1.038,0.021,0.0,0.0,0.0,0.183,51.76,18.0,87.347,5.0,0.09,25,60.99,63.837,MODERATE,NHL Web API,1.9,0.1,0.0,0.0,0,
8479980,Nicolas Hague,NSH,MTL,AWAY,D,3,62,0.0,0.0,0.0,0.0,0.04,1.0,1.05,1.058,0.009,0.04,0.022,0.0,3.814,0.93,CURRENT+PRIOR,15.53,18.018,18.168,18:10,0.166,326,0.984,0.159,514,0.97,0.954,0.954,0.989,0.021,0.0,0.0,0.0,0.183,40.815,18.0,66.481,5.0,0.239,25,56.191,59.029,MODERATE,NHL Web API,2.1,0.1,0.0,0.0,0,
8482165,Yan Kuznetsov,CGY,COL,HOME,D,2,57,0.0,0.0,0.0,0.0,0.04,1.4,1.25,1.316,0.009,0.036,0.02,0.0,2.757,0.93,CURRENT+PRIOR,20.063,18.625,19.335,19:20,0.121,311,0.96,0.101,542,0.97,0.931,0.95,1.015,0.02,0.0,0.0,0.0,0.183,40.0,28.0,85.292,,0.105,25,63.017,65.763,GOOD,NHL Web API,1.8,0.1,0.0,0.0,0,
8482176,Wyatt Kaiser,CHI,NYI,AWAY,D,4,77,0.0,0.0,0.0,0.0,0.04,0.8,0.9,0.827,0.009,0.037,0.021,0.0,4.464,0.93,CURRENT+PRIOR,20.567,20.693,20.552,20:33,0.154,311,0.96,0.126,566,0.97,0.931,0.95,1.006,0.02,0.0,0.0,0.0,0.183,40.0,18.0,70.438,5.0,0.211,25,57.101,60.341,MODERATE,NHL Web API,1.9,0.1,0.0,0.0,0,
8481006,Tyler Tucker,STL,SJS,HOME,D,0,69,0.0,0.0,0.0,,0.04,0.6,0.8,0.734,0.012,0.029,0.019,0.0,3.949,0.93,PRIOR,17.047,15.073,15.609,15:37,0.221,369,1.04,0.166,546,0.985,1.025,1.025,1.023,0.02,0.0,0.0,0.0,0.183,54.977,18.0,75.247,5.0,0.177,25,55.207,55.409,MODERATE,NHL Web API,2.1,0.1,0.0,0.0,0,
8479378,Logan Stanley,NYI,CHI,HOME,D,3,76,0.0,0.0,0.0,0.0,0.04,1.3,1.2,1.333,0.009,0.034,0.02,0.0,2.564,0.93,CURRENT+PRIOR,17.9,15.918,16.768,16:46,0.203,407,1.04,0.158,545,0.97,1.009,1.009,0.964,0.019,0.0,0.0,0.0,0.183,51.76,28.0,62.637,,0.267,25,57.807,60.944,MODERATE,NHL Web API,1.8,0.1,0.0,0.0,0,
8482803,Olen Zellweger,BUF,DAL,HOME,D,2,76,0.0,0.0,0.0,0.0,0.04,0.7,1.15,0.998,0.009,0.029,0.017,0.0,2.874,0.93,CURRENT+PRIOR,13.913,13.583,14.488,14:29,0.132,382,0.96,0.178,554,1.03,0.989,0.989,0.973,0.017,0.0,0.0,0.0,0.183,47.76,18.0,73.278,5.0,0.191,25,57.754,60.195,MODERATE,NHL Web API,1.7,0.0,0.0,0.0,0,
8477444,Andre Burakovsky,OTT,PHI,HOME,L,0,75,0.0,0.0,0.0,,0.04,0.6,0.8,0.694,0.012,0.025,0.017,0.0,3.547,0.93,PRIOR,13.387,12.982,13.899,13:54,0.127,281,0.96,0.189,524,1.03,0.989,0.989,0.963,0.017,0.0,0.0,0.0,0.183,47.76,18.0,75.901,5.0,0.172,25,55.357,55.56,MODERATE,NHL Web API,1.6,0.1,0.0,0.0,0,
8481219,Jonathan Aspirot,BOS,UTA,HOME,D,3,61,0.0,0.0,0.0,0.0,0.04,1.3,1.05,1.144,0.009,0.025,0.016,0.0,2.17,0.93,CURRENT+PRIOR,17.643,17.273,17.183,17:11,0.14,288,0.96,0.141,527,0.97,0.931,0.95,1.019,0.015,0.0,0.0,0.0,0.183,40.0,18.0,87.344,5.0,0.09,25,60.989,63.836,MODERATE,NHL Web API,1.5,0.0,0.0,0.0,0,
8481028,Martin Pospisil,CGY,COL,HOME,C,3,22,0.0,0.0,0.0,0.0,0.045,0.8,0.85,0.83,0.01,0.027,0.017,0.0,3.289,0.93,CURRENT+PRIOR,11.33,10.63,10.974,10:58,0.121,311,0.96,0.101,542,0.97,0.931,0.95,0.91,0.015,0.0,0.0,0.0,0.2,40.0,18.0,72.214,5.0,0.198,25,57.509,60.35,MODERATE,NHL Web API,1.6,0.0,0.0,0.0,0,
8476889,Radek Faksa,DAL,BUF,AWAY,C,3,58,0.0,0.0,0.0,0.0,0.04,1.0,0.9,0.941,0.009,0.024,0.015,0.0,2.503,0.93,CURRENT+PRIOR,12.017,11.885,11.763,11:46,0.13,312,0.96,0.15,574,0.97,0.931,0.95,1.02,0.014,0.0,0.0,0.0,0.183,40.0,18.0,80.742,5.0,0.138,25,59.471,62.315,MODERATE,NHL Web API,1.4,0.0,0.0,0.0,0,
8480084,Nick DeSimone,UTA,BOS,AWAY,D,0,40,0.0,0.0,0.0,,0.0,0.6,0.75,0.66,0.0,0.031,0.013,0.0,4.762,0.93,PRIOR,13.583,14.582,14.0,14:00,0.186,293,1.04,0.206,602,1.03,1.071,1.05,1.0,0.014,0.0,0.0,0.0,0.0,60.0,28.0,69.512,,0.218,25,56.388,56.888,MODERATE,NHL Web API,1.4,0.0,0.0,0.0,0,
8476429,Scott Mayfield,NYI,CHI,HOME,D,0,80,0.0,0.0,0.0,,0.04,0.5,0.6,0.611,0.012,0.016,0.014,0.0,2.639,0.93,PRIOR,14.827,14.063,14.303,14:18,0.203,407,1.04,0.158,545,0.97,1.009,1.009,1.013,0.014,0.0,0.0,0.0,0.183,51.76,18.0,77.806,5.0,0.159,25,55.795,55.999,MODERATE,NHL Web API,1.3,0.0,0.0,0.0,0,
8474568,Luke Schenn,VAN,CAR,AWAY,D,4,50,0.0,0.0,0.0,0.0,0.04,0.6,0.45,0.532,0.009,0.017,0.012,0.0,3.266,0.93,CURRENT+PRIOR,12.463,12.885,12.895,12:54,0.187,332,1.04,0.2,571,1.03,1.071,1.05,1.023,0.013,0.0,0.0,0.0,0.183,60.0,28.0,80.828,,0.137,25,61.991,65.535,GOOD,NHL Web API,1.3,0.0,0.0,0.0,0,
8474013,Ian Cole,CHI,NYI,AWAY,D,4,82,0.0,0.0,0.0,0.0,0.04,0.7,0.9,0.79,0.009,0.019,0.013,0.0,2.467,0.93,CURRENT+PRIOR,16.827,17.822,17.429,17:26,0.154,311,0.96,0.126,566,0.97,0.931,0.95,1.016,0.013,0.0,0.0,0.0,0.183,40.0,18.0,83.619,5.0,0.117,25,60.132,63.378,MODERATE,NHL Web API,1.3,0.0,0.0,0.0,0,
8480848,Ty Dellandrea,SJS,STL,AWAY,C,1,46,0.0,0.0,0.0,0.0,0.0,0.9,1.0,0.979,0.0,0.034,0.014,0.0,3.494,0.93,CURRENT+PRIOR,12.42,12.46,13.229,13:14,0.141,345,0.96,0.168,515,0.997,0.957,0.957,0.955,0.013,0.0,0.0,0.0,0.183,41.422,28.0,70.913,,0.208,25,59.71,62.05,MODERATE,NHL Web API,1.4,0.0,0.0,0.0,0,
8481719,Max Crozier,TBL,MIN,HOME,D,1,35,0.0,0.0,0.0,0.0,0.04,1.4,1.15,1.248,0.009,0.018,0.013,0.0,1.442,0.93,CURRENT+PRIOR,16.823,17.083,16.693,16:42,0.145,395,0.96,0.162,618,0.97,0.931,0.95,1.048,0.013,0.0,0.0,0.0,0.183,40.0,18.0,77.732,5.0,0.159,25,58.778,60.821,MODERATE,NHL Web API,1.2,0.0,0.0,0.0,0,
8476624,Barclay Goodrow,SJS,STL,AWAY,C,3,82,0.0,0.0,0.0,0.0,0.0,0.4,0.6,0.51,0.0,0.032,0.013,0.0,6.303,0.93,CURRENT+PRIOR,12.72,11.99,12.123,12:07,0.141,345,0.96,0.168,515,0.997,0.957,0.957,0.956,0.012,0.0,0.0,0.0,0.183,41.422,28.0,82.821,,0.123,25,62.449,65.594,GOOD,NHL Web API,1.3,0.0,0.0,0.0,0,
8476917,Adam Pelech,NYI,CHI,HOME,D,3,82,0.0,0.0,0.0,0.0,0.04,1.2,1.4,1.358,0.009,0.016,0.012,0.0,1.182,0.93,CURRENT+PRIOR,19.533,19.698,20.101,20:06,0.203,407,1.04,0.158,545,0.97,1.009,1.009,0.997,0.012,0.0,0.0,0.0,0.183,51.76,18.0,87.926,5.0,0.086,25,61.123,63.97,MODERATE,NHL Web API,1.1,0.0,0.0,0.0,0,
8477507,Nikita Zadorov,BOS,UTA,HOME,D,4,81,0.0,0.0,0.0,0.0,0.04,1.0,1.35,1.25,0.009,0.016,0.012,0.0,1.278,0.93,CURRENT+PRIOR,19.473,20.12,19.632,19:38,0.14,288,0.96,0.141,527,0.97,0.931,0.95,1.002,0.011,0.0,0.0,0.0,0.183,40.0,18.0,84.84,5.0,0.108,25,60.413,63.659,MODERATE,NHL Web API,1.2,0.0,0.0,0.0,0,
8477149,Scott Sabourin,TBL,MIN,HOME,R,0,26,0.0,0.0,0.0,,0.0,0.3,0.3,0.312,0.0,0.026,0.011,0.0,8.349,0.93,PRIOR,8.997,7.997,8.154,8:09,0.145,395,0.96,0.162,618,0.97,0.931,0.95,1.045,0.011,0.0,0.0,0.0,0.196,40.0,28.0,60.373,,0.283,25,54.286,54.782,MODERATE,NHL Web API,1.1,0.0,0.0,0.0,0,
8481568,Alex Vlasic,CHI,NYI,AWAY,D,4,81,0.0,0.0,0.0,0.0,0.0,1.0,1.1,1.051,0.0,0.0,0.0,0.0,0.0,1.0,CURRENT+PRIOR,20.8,20.183,20.751,20:45,0.154,311,0.96,0.126,566,0.97,0.931,0.95,1.002,0.01,0.0,0.0,0.0,0.0,40.0,28.0,86.257,,0.098,25,63.239,66.786,GOOD,NHL Web API,1.0,0.0,0.0,0.0,0,
8478831,Kevin Stenlund,UTA,BOS,AWAY,C,4,80,0.0,0.0,0.0,0.0,0.0,0.7,0.8,0.739,0.0,0.019,0.008,0.0,2.592,0.93,CURRENT+PRIOR,14.08,13.735,13.928,13:56,0.186,293,1.04,0.206,602,1.03,1.071,1.05,0.997,0.01,0.0,0.0,0.0,0.0,60.0,28.0,85.856,,0.101,25,63.147,66.693,GOOD,NHL Web API,0.9,0.0,0.0,0.0,0,
8477498,Darnell Nurse,SJS,STL,AWAY,D,3,82,0.0,0.0,0.0,0.0,0.0,1.8,1.75,1.774,0.0,0.014,0.006,0.0,0.8,0.93,CURRENT+PRIOR,21.2,21.432,21.186,21:11,0.141,345,0.96,0.168,515,0.997,0.957,0.957,1.022,0.01,0.0,0.0,0.0,0.0,41.422,28.0,87.248,,0.091,25,63.467,66.614,GOOD,NHL Web API,1.0,0.0,0.0,0.0,0,
8481546,Cam York,PHI,OTT,AWAY,D,4,74,0.0,0.0,0.0,0.0,0.0,0.6,0.85,0.744,0.0,0.013,0.006,0.0,1.763,0.93,CURRENT+PRIOR,22.947,22.377,22.366,22:22,0.118,314,0.96,0.127,581,0.97,0.931,0.95,0.991,0.01,0.0,0.0,0.0,0.0,40.0,28.0,85.331,,0.105,25,63.026,66.572,GOOD,NHL Web API,1.0,0.0,0.0,0.0,0,
8478450,Parker Wotherspoon,VGK,TOR,HOME,D,4,80,0.0,0.0,0.0,0.0,0.0,0.9,0.7,0.81,0.0,0.021,0.009,0.0,2.632,0.93,CURRENT+PRIOR,18.67,19.272,19.15,19:09,0.179,382,1.04,0.193,490,1.03,1.071,1.05,1.024,0.01,0.0,0.0,0.0,0.0,60.0,28.0,85.077,,0.107,25,62.968,66.514,GOOD,NHL Web API,1.0,0.0,0.0,0.0,0,
8478507,John Marino,UTA,BOS,AWAY,D,4,80,0.0,0.0,0.0,0.0,0.0,0.5,0.45,0.471,0.0,0.019,0.008,0.0,4.043,0.93,CURRENT+PRIOR,20.277,19.48,19.821,19:49,0.186,293,1.04,0.206,602,1.03,1.071,1.05,0.98,0.01,0.0,0.0,0.0,0.0,60.0,28.0,84.737,,0.109,25,62.89,66.435,GOOD,NHL Web API,0.9,0.0,0.0,0.0,0,
8479442,Troy Stecher,TOR,VGK,AWAY,D,4,64,0.0,0.0,0.0,0.0,0.04,0.6,0.7,0.731,0.009,0.014,0.011,0.0,1.86,0.93,CURRENT+PRIOR,17.963,19.048,18.443,18:27,0.115,302,0.96,0.163,503,0.97,0.931,0.95,1.025,0.01,0.0,0.0,0.0,0.183,40.0,28.0,83.81,,0.116,25,62.676,66.222,GOOD,NHL Web API,1.0,0.0,0.0,0.0,0,
8484783,Artyom Levshunov,CHI,NYI,AWAY,D,4,68,0.0,0.0,0.0,0.0,0.0,1.5,1.15,1.31,0.0,0.018,0.008,0.0,1.406,0.93,CURRENT+PRIOR,20.86,21.602,20.981,20:59,0.154,311,0.96,0.126,566,0.97,0.931,0.95,1.015,0.01,0.0,0.0,0.0,0.0,40.0,28.0,82.57,,0.125,25,62.391,65.936,GOOD,NHL Web API,1.1,0.0,0.0,0.0,0,
8476967,Brett Kulak,COL,CGY,AWAY,D,3,83,0.0,0.0,0.0,0.0,0.0,1.2,1.25,1.234,0.0,0.018,0.008,0.0,1.482,0.93,CURRENT+PRIOR,18.843,20.398,19.363,19:22,0.22,296,1.04,0.23,517,1.03,1.071,1.05,1.047,0.01,0.0,0.0,0.0,0.0,60.0,28.0,84.245,,0.113,25,62.776,65.922,GOOD,NHL Web API,1.0,0.0,0.0,0.0,0,
8481122,Simon Benoit,PHI,OTT,AWAY,D,3,73,0.0,0.0,0.0,0.0,0.0,1.2,1.15,1.174,0.0,0.0,0.0,0.0,0.0,1.0,CURRENT+PRIOR,16.133,17.133,16.531,16:32,0.118,314,0.96,0.127,581,0.97,0.931,0.95,1.074,0.01,0.0,0.0,0.0,0.0,40.0,28.0,83.445,,0.118,25,62.592,65.738,GOOD,NHL Web API,1.1,0.0,0.0,0.0,0,
8478443,Brandon Carlo,STL,SJS,HOME,D,3,55,0.0,0.0,0.0,0.0,0.0,1.1,1.25,1.205,0.0,0.0,0.0,0.0,0.0,1.0,CURRENT+PRIOR,16.477,18.22,17.876,17:53,0.221,369,1.04,0.166,546,0.985,1.025,1.025,1.029,0.01,0.0,0.0,0.0,0.0,54.977,28.0,81.823,,0.13,25,62.219,65.364,GOOD,NHL Web API,1.0,0.0,0.0,0.0,0,
8480878,Nils Lundkvist,DAL,BUF,AWAY,D,3,52,0.0,0.0,0.0,0.0,0.04,0.6,0.85,0.736,0.009,0.013,0.011,0.0,1.829,0.93,CURRENT+PRIOR,17.237,16.615,16.851,16:51,0.13,312,0.96,0.15,574,0.97,0.931,0.95,0.987,0.01,0.0,0.0,0.0,0.183,40.0,28.0,81.631,,0.131,25,62.175,65.32,GOOD,NHL Web API,1.0,0.0,0.0,0.0,0,
8484806,Sam Dickinson,SJS,STL,AWAY,D,1,72,0.0,0.0,0.0,0.0,0.0,0.7,0.95,0.871,0.0,0.0,0.0,0.0,0.0,1.0,CURRENT+PRIOR,18.19,17.818,17.919,17:55,0.141,345,0.96,0.168,515,0.997,0.957,0.957,1.05,0.01,0.0,0.0,0.0,0.0,41.422,28.0,82.857,,0.122,25,62.457,64.802,MODERATE,NHL Web API,1.0,0.0,0.0,0.0,0,
8480246,Nick Perbix,NSH,MTL,AWAY,D,3,79,0.0,0.0,0.0,0.0,0.0,0.8,0.8,0.84,0.0,0.0,0.0,0.0,0.0,1.0,CURRENT+PRIOR,19.09,19.287,18.922,18:55,0.166,326,0.984,0.159,514,0.97,0.954,0.954,0.992,0.01,0.0,0.0,0.0,0.0,40.815,28.0,78.628,,0.153,25,61.484,64.628,MODERATE,NHL Web API,0.9,0.0,0.0,0.0,0,
8474574,Tyler Myers,DAL,BUF,AWAY,D,3,73,0.0,0.0,0.0,0.0,0.0,0.7,0.95,0.871,0.0,0.0,0.0,0.0,0.0,1.0,CURRENT+PRIOR,17.45,17.715,17.14,17:08,0.13,312,0.96,0.15,574,0.97,0.931,0.95,1.081,0.01,0.0,0.0,0.0,0.0,40.0,28.0,76.547,,0.168,25,61.006,64.148,MODERATE,NHL Web API,1.0,0.0,0.0,0.0,0,
8479520,Brandon Duhaime,TOR,VGK,AWAY,L,4,82,0.0,0.0,0.0,0.0,0.0,0.9,0.9,0.912,0.0,0.0,0.0,0.0,0.0,1.0,CURRENT+PRIOR,10.99,11.49,11.277,11:17,0.115,302,0.96,0.163,503,0.97,0.931,0.95,1.002,0.01,0.0,0.0,0.0,0.0,40.0,28.0,74.226,,0.184,25,60.472,64.014,MODERATE,NHL Web API,1.1,0.0,0.0,0.0,0,
8477810,Joel Hanley,CGY,COL,HOME,D,1,68,0.0,0.0,0.0,0.0,0.0,0.9,0.75,0.796,0.0,0.0,0.0,0.0,0.0,1.0,CURRENT+PRIOR,15.24,15.78,15.369,15:22,0.121,311,0.96,0.101,542,0.97,0.931,0.95,0.966,0.01,0.0,0.0,0.0,0.0,40.0,28.0,78.988,,0.15,25,61.567,63.911,MODERATE,NHL Web API,1.0,0.0,0.0,0.0,0,
8484386,Dmitri Simashev,UTA,BOS,AWAY,D,4,28,0.0,0.0,0.0,0.0,0.0,0.6,0.65,0.666,0.0,0.0,0.0,0.0,0.0,1.0,CURRENT+PRIOR,15.333,14.66,15.197,15:12,0.186,293,1.04,0.206,602,1.03,1.071,1.05,0.968,0.01,0.0,0.0,0.0,0.0,60.0,28.0,73.175,,0.192,25,60.23,63.771,MODERATE,NHL Web API,1.0,0.0,0.0,0.0,0,
8475171,Oliver Ekman-Larsson,TOR,VGK,AWAY,D,4,78,0.0,0.0,0.0,0.0,0.0,0.7,1.05,0.938,0.0,0.015,0.006,0.0,1.548,0.93,CURRENT+PRIOR,17.853,17.638,18.399,18:24,0.115,302,0.96,0.163,503,0.97,0.931,0.95,1.045,0.01,0.0,0.0,0.0,0.0,40.0,28.0,73.065,,0.192,25,60.205,63.746,MODERATE,NHL Web API,1.0,0.0,0.0,0.0,0,
8484321,Nikolas Matinpalo,OTT,PHI,HOME,D,3,50,0.0,0.0,0.0,0.0,0.0,0.8,1.0,0.878,0.0,0.0,0.0,0.0,0.0,1.0,CURRENT+PRIOR,18.973,17.527,17.75,17:45,0.127,281,0.96,0.189,524,1.03,0.989,0.989,0.975,0.01,0.0,0.0,0.0,0.0,47.76,28.0,71.221,,0.206,25,59.781,62.921,MODERATE,NHL Web API,1.0,0.0,0.0,0.0,0,
8480727,Zach Whitecloud,CGY,COL,HOME,D,3,78,0.0,0.0,0.0,0.0,0.0,0.7,0.95,0.839,0.0,0.016,0.007,0.0,1.96,0.93,CURRENT+PRIOR,19.667,22.502,21.653,21:39,0.121,311,0.96,0.101,542,0.97,0.931,0.95,1.016,0.01,0.0,0.0,0.0,0.0,40.0,28.0,71.011,,0.207,25,59.732,62.873,MODERATE,NHL Web API,0.9,0.0,0.0,0.0,0,
8482482,Adam Wilsby,NSH,MTL,AWAY,D,3,58,0.0,0.0,0.0,0.0,0.0,1.0,0.9,1.005,0.0,0.018,0.007,0.0,1.744,0.93,CURRENT+PRIOR,16.507,18.977,17.065,17:04,0.166,326,0.984,0.159,514,0.97,0.954,0.954,1.068,0.01,0.0,0.0,0.0,0.0,40.815,28.0,70.675,,0.209,25,59.655,62.795,MODERATE,NHL Web API,0.9,0.0,0.0,0.0,0,
8478454,Noah Juulsen,COL,CGY,AWAY,D,2,52,0.0,0.0,0.0,0.0,0.0,0.6,0.35,0.464,0.0,0.02,0.008,0.0,4.327,0.93,CURRENT+PRIOR,13.4,12.733,12.958,12:58,0.22,296,1.04,0.23,517,1.03,1.071,1.05,1.095,0.01,0.0,0.0,0.0,0.183,60.0,28.0,68.966,,0.222,25,59.262,62.002,MODERATE,NHL Web API,0.9,0.0,0.0,0.0,0,
8480829,Jesperi Kotkaniemi,CAR,VAN,HOME,C,2,42,0.0,0.0,0.0,0.0,0.0,0.5,0.75,0.664,0.0,0.013,0.006,0.0,1.974,0.93,CURRENT+PRIOR,12.18,11.753,11.4,11:24,0.207,305,1.04,0.182,545,1.03,1.071,1.05,1.14,0.01,0.0,0.0,0.0,0.0,60.0,28.0,68.511,,0.225,25,59.157,61.897,MODERATE,NHL Web API,1.1,0.0,0.0,0.0,0,
8476422,Mike Reilly,CAR,VAN,HOME,D,2,42,0.0,0.0,0.0,0.0,0.0,1.3,1.35,1.314,0.0,0.017,0.007,0.0,1.282,0.93,CURRENT+PRIOR,13.173,12.765,12.711,12:43,0.207,305,1.04,0.182,545,1.03,1.071,1.05,1.118,0.01,0.0,0.0,0.0,0.0,60.0,28.0,67.677,,0.231,25,58.966,61.705,MODERATE,NHL Web API,1.0,0.0,0.0,0.0,0,
8483460,David Jiricek,PHI,OTT,AWAY,D,2,26,0.0,0.0,0.0,0.0,0.0,0.7,0.6,0.645,0.0,0.0,0.0,0.0,0.0,1.0,CURRENT+PRIOR,15.393,12.5,13.483,13:29,0.118,314,0.96,0.127,581,0.97,0.931,0.95,0.925,0.01,0.0,0.0,0.0,0.0,40.0,28.0,64.145,,0.256,25,58.153,60.891,MODERATE,NHL Web API,1.0,0.0,0.0,0.0,0,
8476891,Matt Grzelcyk,BUF,DAL,HOME,D,1,69,0.0,0.0,0.0,0.0,0.0,0.6,0.75,0.684,0.0,0.0,0.0,0.0,0.0,1.0,CURRENT+PRIOR,13.92,15.595,15.488,15:29,0.132,382,0.96,0.178,554,1.03,0.989,0.989,1.041,0.01,0.0,0.0,0.0,0.0,47.76,28.0,65.386,,0.247,25,58.439,60.777,MODERATE,NHL Web API,1.0,0.0,0.0,0.0,0,
8480891,Michael Kesselring,SJS,STL,AWAY,D,3,34,0.0,0.0,0.0,0.0,0.0,1.4,1.25,1.356,0.0,0.0,0.0,0.0,0.0,1.0,CURRENT+PRIOR,17.503,14.347,15.577,15:35,0.141,345,0.96,0.168,515,0.997,0.957,0.957,0.88,0.01,0.0,0.0,0.0,0.0,41.422,28.0,59.816,,0.287,25,57.158,60.294,MODERATE,NHL Web API,1.1,0.0,0.0,0.0,0,
8479982,Conor Timmins,BUF,DAL,HOME,D,0,39,0.0,0.0,0.0,,0.0,1.3,1.35,1.298,0.0,0.0,0.0,0.0,0.0,1.0,PRIOR,16.283,17.368,17.287,17:17,0.132,382,0.96,0.178,554,1.03,0.989,0.989,0.984,0.01,0.0,0.0,0.0,0.0,47.76,28.0,82.331,,0.126,25,59.336,59.841,MODERATE,NHL Web API,1.0,0.0,0.0,0.0,0,
8480860,Kevin Bahl,CGY,COL,HOME,D,3,76,0.0,0.0,0.0,0.0,0.04,0.1,0.55,0.342,0.009,0.012,0.01,0.0,3.546,0.957,CURRENT+PRIOR,17.81,20.628,20.499,20:30,0.121,311,0.96,0.101,542,0.97,0.931,0.95,0.981,0.01,0.0,0.0,0.0,0.183,40.0,18.0,69.641,5.0,0.217,25,56.918,59.757,MODERATE,NHL Web API,1.0,0.0,0.0,0.0,0,
8475235,Nicolas Deslauriers,CAR,VAN,HOME,L,2,31,0.0,0.0,0.0,0.0,0.0,0.5,0.6,0.563,0.0,0.0,0.0,0.0,0.0,1.0,CURRENT+PRIOR,8.483,9.078,8.497,8:30,0.207,305,1.04,0.182,545,1.03,1.071,1.05,1.099,0.01,0.0,0.0,0.0,0.0,60.0,28.0,58.711,,0.295,25,56.903,59.639,MODERATE,NHL Web API,1.0,0.0,0.0,0.0,0,
8482094,Daemon Hunt,MIN,TBL,AWAY,D,3,32,0.0,0.0,0.0,0.0,0.0,0.8,0.8,0.784,0.0,0.0,0.0,0.0,0.0,1.0,CURRENT+PRIOR,15.55,13.997,13.69,13:41,0.152,344,0.96,0.174,583,1.029,0.988,0.988,1.04,0.01,0.0,0.0,0.0,0.0,47.607,28.0,55.822,,0.316,25,56.239,59.373,MODERATE,NHL Web API,0.9,0.0,0.0,0.0,0,
8482964,Arber Xhekaj,MTL,NSH,HOME,D,3,65,0.0,0.0,0.0,0.0,0.0,0.4,0.4,0.408,0.0,0.0,0.0,0.0,0.0,1.0,CURRENT+PRIOR,13.54,12.975,12.267,12:16,0.154,355,0.96,0.202,549,1.03,0.989,0.989,1.025,0.01,0.0,0.0,0.0,0.0,47.76,28.0,55.505,,0.318,25,56.166,59.3,MODERATE,NHL Web API,0.9,0.0,0.0,0.0,0,
8481014,Alexander Romanov,NYI,CHI,HOME,D,3,15,0.0,0.0,0.0,0.0,0.0,1.2,1.111,1.156,0.0,0.0,0.0,0.0,0.0,1.0,CURRENT+PRIOR,18.08,19.003,18.466,18:28,0.203,407,1.04,0.158,545,0.97,1.009,1.009,1.065,0.01,0.0,0.0,0.0,0.0,51.76,28.0,82.168,,0.127,18,55.747,58.938,MODERATE,NHL Web API,1.0,0.0,0.0,0.0,0,
8481237,Kyle MacLean,NYI,CHI,HOME,C,0,59,0.0,0.0,0.0,,0.0,0.7,0.6,0.645,0.0,0.019,0.008,0.0,2.874,0.93,PRIOR,10.707,10.302,10.386,10:23,0.203,407,1.04,0.158,545,0.97,1.009,1.009,1.014,0.01,0.0,0.0,0.0,0.183,51.76,28.0,77.698,,0.159,25,58.271,58.774,MODERATE,NHL Web API,1.0,0.0,0.0,0.0,0,
8480950,Ilya Lyubushkin,NSH,MTL,AWAY,D,0,53,0.0,0.0,0.0,,0.0,0.5,0.65,0.572,0.0,0.019,0.008,0.0,3.333,0.93,PRIOR,15.747,13.99,14.73,14:44,0.166,326,0.984,0.159,514,0.97,0.954,0.954,1.013,0.01,0.0,0.0,0.0,0.183,40.815,28.0,71.556,,0.203,25,56.858,57.358,MODERATE,NHL Web API,0.9,0.0,0.0,0.0,0,
8482807,Ethan Del Mastro,CHI,NYI,AWAY,D,1,19,0.0,0.0,0.0,0.0,0.0,0.9,0.9,0.909,0.0,0.0,0.0,0.0,0.0,1.0,CURRENT+PRIOR,15.243,15.478,14.888,14:53,0.154,311,0.96,0.126,566,0.97,0.931,0.95,0.995,0.01,0.0,0.0,0.0,0.0,40.0,28.0,70.241,,0.213,20,54.875,57.249,MODERATE,NHL Web API,1.0,0.0,0.0,0.0,0,
8482896,Tyson Kozak,BUF,DAL,HOME,C,0,46,0.0,0.0,0.0,,0.0,0.5,0.45,0.487,0.0,0.0,0.0,0.0,0.0,1.0,PRIOR,11.42,10.85,10.924,10:55,0.132,382,0.96,0.178,554,1.03,0.989,0.989,1.014,0.01,0.0,0.0,0.0,0.0,47.76,28.0,68.722,,0.223,25,56.206,56.706,MODERATE,NHL Web API,1.0,0.0,0.0,0.0,0,
8483768,Victor Mancini,VAN,CAR,AWAY,D,0,24,0.0,0.0,0.0,,0.0,0.8,0.6,0.687,0.0,0.0,0.0,0.0,0.0,1.0,PRIOR,13.323,14.285,13.9,13:54,0.187,332,1.04,0.2,571,1.03,1.071,1.05,0.985,0.01,0.0,0.0,0.0,0.0,60.0,28.0,69.324,,0.219,24,55.408,55.915,MODERATE,NHL Web API,1.0,0.0,0.0,0.0,0,
8482111,Justin Barron,STL,SJS,HOME,D,0,52,0.0,0.0,0.0,,0.0,0.6,0.5,0.565,0.0,0.0,0.0,0.0,0.0,1.0,PRIOR,17.927,17.283,16.358,16:21,0.221,369,1.04,0.166,546,0.985,1.025,1.025,1.064,0.01,0.0,0.0,0.0,0.0,54.977,28.0,65.048,,0.25,25,55.361,55.859,MODERATE,NHL Web API,1.0,0.0,0.0,0.0,0,
8475690,Chris Tanev,TOR,VGK,AWAY,D,4,11,0.0,0.0,0.0,0.0,0.0,0.6,0.6,0.625,0.0,0.0,0.0,0.0,0.0,1.0,CURRENT+PRIOR,19.113,17.572,18.336,18:20,0.115,302,0.96,0.163,503,0.97,0.931,0.95,0.984,0.01,0.0,0.0,0.0,0.0,40.0,28.0,69.826,,0.216,15,50.1,53.707,MODERATE,NHL Web API,1.0,0.0,0.0,0.0,0,
8483466,Kevin Korchinski,CHI,NYI,AWAY,D,1,13,0.0,0.0,0.0,0.0,0.0,0.6,0.643,0.603,0.0,0.0,0.0,0.0,0.0,1.0,CURRENT+PRIOR,14.99,14.183,13.736,13:44,0.154,311,0.96,0.126,566,0.97,0.931,0.95,1.117,0.01,0.0,0.0,0.0,0.0,40.0,28.0,73.63,,0.188,14,50.039,52.454,MODERATE,NHL Web API,1.1,0.0,0.0,0.0,0,
8482072,Jack Ahcan,NSH,MTL,AWAY,D,2,11,0.0,0.0,0.0,0.0,0.0,0.7,0.615,0.676,0.0,0.0,0.0,0.0,0.0,1.0,CURRENT+PRIOR,9.68,10.785,10.043,10:03,0.166,326,0.984,0.159,514,0.97,0.954,0.954,1.14,0.01,0.0,0.0,0.0,0.0,40.815,28.0,68.78,,0.223,13,47.987,50.808,MODERATE,NHL Web API,1.0,0.0,0.0,0.0,0,
8484234,Aydar Suniev,CGY,COL,HOME,L,0,6,0.0,0.0,0.0,,0.0,1.5,1.5,1.5,0.0,0.0,0.0,0.0,0.0,1.0,PRIOR,11.693,11.622,11.643,11:39,0.121,311,0.96,0.101,542,0.97,0.931,0.95,1.001,0.01,0.0,0.0,0.0,0.0,40.0,28.0,93.566,,0.046,6,47.136,49.213,LIMITED,NHL Web API,1.0,0.0,0.0,0.0,0,
8483686,Adam Engstrom,MTL,NSH,HOME,D,0,15,0.0,0.0,0.0,,0.0,0.9,0.733,0.808,0.0,0.0,0.0,0.0,0.0,1.0,PRIOR,14.183,13.623,13.553,13:33,0.154,355,0.96,0.202,549,1.03,0.989,0.989,1.022,0.01,0.0,0.0,0.0,0.0,47.76,28.0,73.22,,0.191,15,47.881,48.449,LIMITED,NHL Web API,1.1,0.0,0.0,0.0,0,
8484390,Roman Kantserov,CHI,NYI,AWAY,R,4,0,0.0,0.0,0.0,0.0,,0.75,0.75,0.75,0.0,0.0,0.0,0.0,0.0,1.0,CURRENT+PRIOR,18.279,18.279,18.279,18:17,0.154,311,0.96,0.126,566,0.97,0.931,0.95,1.0,0.01,0.0,0.0,0.0,0.0,40.0,28.0,86.137,,0.099,4,43.556,47.243,LIMITED,NHL Web API,1.1,0.0,0.0,0.0,0,
8484403,Florian Xhekaj,MTL,NSH,HOME,L,1,5,0.0,0.0,0.0,0.0,0.0,0.833,0.833,0.827,0.0,0.0,0.0,0.0,0.0,1.0,CURRENT+PRIOR,9.397,9.464,9.367,9:22,0.154,355,0.96,0.202,549,1.03,0.989,0.989,1.037,0.01,0.0,0.0,0.0,0.0,47.76,28.0,81.643,,0.131,6,44.394,46.866,LIMITED,NHL Web API,1.0,0.0,0.0,0.0,0,
8480075,Cameron Crotty,OTT,PHI,HOME,D,2,6,0.0,0.0,0.0,0.0,0.0,0.625,0.625,0.667,0.0,0.0,0.0,0.0,0.0,1.0,CURRENT+PRIOR,13.407,13.912,13.484,13:29,0.127,281,0.96,0.189,524,1.03,0.989,0.989,1.132,0.01,0.0,0.0,0.0,0.0,47.76,28.0,71.644,,0.203,8,43.966,46.821,LIMITED,NHL Web API,1.0,0.0,0.0,0.0,0,
8486103,Ivar Stenberg,SJS,STL,AWAY,L,3,0,0.0,0.0,0.0,0.0,,0.333,0.333,0.333,0.0,0.0,0.0,0.0,0.0,1.0,CURRENT+PRIOR,14.317,14.317,14.317,14:19,0.141,345,0.96,0.168,515,0.997,0.957,0.957,1.0,0.01,0.0,0.0,0.0,0.0,41.422,28.0,88.961,,0.079,3,43.269,46.564,LIMITED,NHL Web API,1.0,0.0,0.0,0.0,0,
8484790,Adam Jiricek,STL,SJS,HOME,D,3,0,0.0,0.0,0.0,0.0,,1.667,1.667,1.667,0.0,0.0,0.0,0.0,0.0,1.0,CURRENT+PRIOR,18.167,18.167,18.167,18:10,0.221,369,1.04,0.166,546,0.985,1.025,1.025,1.0,0.01,0.0,0.0,0.0,0.0,54.977,28.0,87.925,,0.086,3,43.031,46.326,LIMITED,NHL Web API,1.0,0.0,0.0,0.0,0,
8483472,Maveric Lamoureux,UTA,BOS,AWAY,D,0,5,0.0,0.0,0.0,,0.0,0.8,0.8,0.8,0.0,0.0,0.0,0.0,0.0,1.0,PRIOR,14.653,14.653,14.653,14:39,0.186,293,1.04,0.206,602,1.03,1.071,1.05,1.0,0.01,0.0,0.0,0.0,0.0,60.0,28.0,84.42,,0.111,5,44.097,46.177,LIMITED,NHL Web API,1.0,0.0,0.0,0.0,0,
8481186,Logan O'Connor,COL,CGY,AWAY,R,0,13,0.0,0.0,0.0,,0.0,1.1,1.0,1.045,0.0,0.0,0.0,0.0,0.0,1.0,PRIOR,11.717,10.802,11.336,11:20,0.22,296,1.04,0.23,517,1.03,1.071,1.05,0.994,0.01,0.0,0.0,0.0,0.0,60.0,28.0,70.369,,0.212,13,45.353,45.934,LIMITED,NHL Web API,0.9,0.0,0.0,0.0,0,
8479639,Dylan Coghlan,VGK,TOR,HOME,D,0,3,0.0,0.0,0.0,,0.0,0.667,0.667,0.667,0.0,0.0,0.0,0.0,0.0,1.0,PRIOR,15.056,15.056,15.056,15:03,0.179,382,1.04,0.193,490,1.03,1.071,1.05,1.0,0.01,0.0,0.0,0.0,0.0,60.0,28.0,90.494,,0.068,3,43.622,45.718,LIMITED,NHL Web API,1.1,0.0,0.0,0.0,0,
8485467,Luke Haymes,TOR,VGK,AWAY,C,0,4,0.0,0.0,0.0,,0.0,0.75,0.75,0.75,0.0,0.0,0.0,0.0,0.0,1.0,PRIOR,13.554,13.554,13.554,13:33,0.115,302,0.96,0.163,503,0.97,0.931,0.95,1.0,0.01,0.0,0.0,0.0,0.0,40.0,28.0,85.97,,0.1,4,43.517,45.605,LIMITED,NHL Web API,1.0,0.0,0.0,0.0,0,
8475253,Garrett Wilson,PHI,OTT,AWAY,L,0,3,0.0,0.0,0.0,,0.0,1.0,1.0,1.0,0.0,0.0,0.0,0.0,0.0,1.0,PRIOR,8.678,8.678,8.678,8:41,0.118,314,0.96,0.127,581,0.97,0.931,0.95,1.0,0.01,0.0,0.0,0.0,0.0,40.0,28.0,80.748,,0.138,3,41.38,43.472,LIMITED,NHL Web API,1.0,0.0,0.0,0.0,0,
8481517,Brett Leason,SJS,STL,AWAY,R,0,6,0.0,0.0,0.0,,0.0,0.167,0.167,0.167,0.0,0.0,0.0,0.0,0.0,1.0,PRIOR,9.183,8.581,8.758,8:45,0.141,345,0.96,0.168,515,0.997,0.957,0.957,1.012,0.01,0.0,0.0,0.0,0.0,41.422,28.0,62.511,,0.268,6,39.994,42.058,LIMITED,NHL Web API,1.0,0.0,0.0,0.0,0,
8486171,T.J. Hughes,COL,CGY,AWAY,R,3,0,0.0,0.0,0.0,0.0,,1.667,1.667,1.667,0.0,0.0,0.0,0.0,0.0,1.0,CURRENT+PRIOR,15.15,15.15,15.15,15:09,0.22,296,1.04,0.23,517,1.03,1.071,1.05,1.0,0.01,0.0,0.0,0.0,0.0,60.0,28.0,60.968,,0.279,3,36.831,40.115,LIMITED,NHL Web API,1.0,0.0,0.0,0.0,0,
8479941,Justin Danforth,BUF,DAL,HOME,R,1,4,0.0,0.0,0.0,0.0,0.0,0.4,0.4,0.42,0.0,0.0,0.0,0.0,0.0,1.0,CURRENT+PRIOR,11.02,11.02,10.712,10:43,0.132,382,0.96,0.178,554,1.03,0.989,0.989,1.14,0.01,0.0,0.0,0.0,0.0,47.76,28.0,42.639,,0.41,5,34.487,36.951,LIMITED,NHL Web API,1.0,0.0,0.0,0.0,0,
8482806,William Trudeau,NSH,MTL,AWAY,D,2,0,0.0,0.0,0.0,0.0,,1.0,1.0,1.0,0.0,0.0,0.0,0.0,0.0,1.0,CURRENT+PRIOR,11.442,11.442,11.442,11:27,0.166,326,0.984,0.159,514,0.97,0.954,0.954,1.0,0.01,0.0,0.0,0.0,0.0,40.815,28.0,35.0,,,2,29.922,32.803,LIMITED,NHL Web API,1.1,0.0,0.0,0.0,0,
8479346,Dillon Dube,STL,SJS,HOME,C,2,0,0.0,0.0,0.0,0.0,,0.0,0.0,0.0,0.0,,0.0,,,1.0,CURRENT+PRIOR,11.733,11.733,11.733,11:44,0.221,369,1.04,0.166,546,0.985,1.025,1.025,1.0,0.01,0.0,0.0,0.0,0.0,54.977,28.0,35.0,,,2,29.922,32.803,LIMITED,NHL Web API,1.0,0.0,0.0,0.0,0,
8486166,Viking Gustafsson Nyberg,MIN,TBL,AWAY,D,0,2,0.0,0.0,0.0,,0.0,0.0,0.0,0.0,0.0,,0.0,,,1.0,PRIOR,21.292,21.292,21.292,21:17,0.152,344,0.96,0.174,583,1.029,0.988,0.988,1.0,0.01,0.0,0.0,0.0,0.0,47.607,28.0,35.0,,,2,29.922,32.003,LIMITED,NHL Web API,1.1,0.0,0.0,0.0,0,
8483766,David Spacek,MIN,TBL,AWAY,D,0,2,0.0,0.0,0.0,,0.0,0.0,0.0,0.0,0.0,,0.0,,,1.0,PRIOR,10.75,10.75,10.75,10:45,0.152,344,0.96,0.174,583,1.029,0.988,0.988,1.0,0.01,0.0,0.0,0.0,0.0,47.607,28.0,35.0,,,2,29.922,32.003,LIMITED,NHL Web API,1.0,0.0,0.0,0.0,0,
8479718,Alex Barré-Boulet,SJS,STL,AWAY,C,0,2,0.0,0.0,0.0,,0.0,0.0,0.0,0.0,0.0,,0.0,,,1.0,PRIOR,8.4,8.4,8.4,8:24,0.141,345,0.96,0.168,515,0.997,0.957,0.957,1.0,0.01,0.0,0.0,0.0,0.0,41.422,28.0,35.0,,,2,29.922,32.003,LIMITED,NHL Web API,0.9,0.0,0.0,0.0,0,
8483017,Frederic Brunet,BOS,UTA,HOME,D,1,0,0.0,0.0,0.0,0.0,,1.0,1.0,1.0,0.0,0.0,0.0,0.0,0.0,1.0,CURRENT+PRIOR,18.717,18.717,18.717,18:43,0.14,288,0.96,0.141,527,0.97,0.931,0.95,1.0,0.01,0.0,0.0,0.0,,40.0,28.0,35.0,,,1,28.986,31.473,LIMITED,NHL Web API,0.9,0.0,0.0,0.0,0,
8482784,Zach Dean,STL,SJS,HOME,C,1,0,0.0,0.0,0.0,0.0,,0.0,0.0,0.0,0.0,,0.0,,,1.0,CURRENT+PRIOR,12.617,12.617,12.617,12:37,0.221,369,1.04,0.166,546,0.985,1.025,1.025,1.0,0.01,0.0,0.0,0.0,,54.977,28.0,35.0,,,1,28.986,31.473,LIMITED,NHL Web API,1.0,0.0,0.0,0.0,0,
8481534,Raphael Lavoie,VGK,TOR,HOME,C,0,1,0.0,0.0,0.0,,0.0,0.0,0.0,0.0,0.0,,0.0,,,1.0,PRIOR,8.567,8.567,8.567,8:34,0.179,382,1.04,0.193,490,1.03,1.071,1.05,1.0,0.01,0.0,0.0,0.0,,60.0,28.0,35.0,,,1,28.986,31.073,LIMITED,NHL Web API,1.0,0.0,0.0,0.0,0,
