model,target_date,player_id,player_name,team,opponent,position,home,home_away,projected_toi,projected_toi_clock,toi_l5,toi_l10,toi_l15,toi_season,toi_prior_baseline,role_anchor,trend_delta_minutes,trend_multiplier,role_change_delta,role_change_multiplier,special_teams_trend_delta,special_teams_multiplier,pace_multiplier,team_multiplier,opponent_multiplier,combined_multiplier,matchup_score,opponent_sample,opponent_current_sample,opponent_prior_sample,usage_toi_multiplier,game_pace_shots,pp_toi_l15,sh_toi_l15,even_toi_l15,pp_toi,pk_toi,ev_toi,special_teams_fields_known,line_config_games,recent_line_rank,recent_line_role,line_config_minutes_delta,pp_unit,pk_unit,pp_unit_rank,pk_unit_rank,pp_toi_l7,pk_toi_l7,special_unit_minutes_delta,projected_line_role,projected_pp_unit,projected_pk_unit,projected_lineup_minutes_delta,deployment_minutes_delta,team_mult,opponent_mult,combined_mult,usage_multiplier,sim_median,sim_p10,sim_p90,toi_stability,historical_toi_sd,toi_cv,current_toi_games,prior_toi_games,effective_history_games,reliability,confidence,confidence_tier,more_12_0,more_12_5,more_13_0,more_13_5,more_14_0,more_14_5,more_15_0,more_15_5,more_16_0,more_16_5,more_17_0,more_17_5,more_18_0,more_18_5,more_19_0,more_19_5,more_20_0,more_20_5,more_21_0,more_21_5,more_22_0,more_22_5,more_23_0,more_23_5,more_24_0,more_24_5,more_25_0,game_id,game_time_utc
BigZ BetZ NHL · Time on Ice V1.1,2026-10-07,8479638,Justin Brazeau,PIT,WSH,R,False,AWAY,12.005,12:00,12.676666666666666,12.301666666666666,11.794444444444444,,12.371851851851853,11.791666666666668,1.3460856668625372,1.034669708006106,1.5577222222222216,1.035,,1.0,0.9991972298208729,1.000641415534405,0.9977530441073407,0.9991972298208729,49.19722982087289,0,0,,1.0708831477863197,27.610238095238095,1.0330728333333332,0.00625,11.6153645,1.0330728333333332,0.00625,11.6153645,3,7,15,LINE4,-0.65,NONE,NONE,,,,,-0.08,LINE4,NONE,NONE,-0.22,-0.95,1.000641415534405,0.9977530441073407,0.9991972298208729,1.0708831477863197,11.992343051497329,9.587476705328879,14.388962077249301,65.08583887356593,2.3319750119030758,0.19396756181352262,0,45,25,67.83605232689769,66.25206958618058,GOOD,49.8,39.0,29.0,20.4,13.8,9.1,5.8,3.8,2.4,1.5,0.9,0.6,0.4,0.2,0.1,0.1,0.1,0.0,0.0,0.0,0.0,0.0,0.0,0.0,0.0,0.0,0.0,2026020053,2026-10-07T23:30:00Z
BigZ BetZ NHL · Time on Ice V1.1,2026-10-07,8482475,Egor Chinakhov,PIT,WSH,R,False,AWAY,16.584,16:35,16.416666666666668,16.265,16.55888888888889,16.316666666666666,15.448148148148148,16.983333333333334,-0.18352995697432917,1.0,-0.14222222222222314,1.0,,1.0,0.9991972298208729,1.000641415534405,0.9977530441073407,0.9991972298208729,49.19722982087289,0,0,,1.0,27.610238095238095,2.9611110000000003,0.18333333333333332,13.172222166666668,2.9611110000000003,0.18333333333333332,13.172222166666668,3,7,6,LINE2,0.22,NONE,NONE,,,,,-0.08,LINE2,NONE,NONE,0.0,0.14,1.000641415534405,0.9977530441073407,0.9991972298208729,1.0,16.59439063375749,14.284820577345672,18.878340164222006,78.82806945419517,1.983496233911605,0.11762183636558242,3,45,25,76.60778917076198,78.4469428212183,STRONG,98.9,98.2,97.1,95.2,92.3,88.0,81.8,73.5,63.3,52.2,40.7,30.0,21.0,13.9,9.0,5.8,3.7,2.3,1.3,0.8,0.5,0.3,0.2,0.1,0.1,0.0,0.0,2026020053,2026-10-07T23:30:00Z
BigZ BetZ NHL · Time on Ice V1.1,2026-10-07,8471675,Sidney Crosby,PIT,WSH,C,False,AWAY,19.535,19:32,18.326666666666664,18.141666666666666,17.853333333333335,18.994444444444444,19.275925925925925,19.258333333333333,0.7295714533452013,1.008886322631474,0.47333333333332916,1.0,,1.0,0.9991972298208729,1.000641415534405,0.9977530441073407,0.9991972298208729,49.19722982087289,0,0,,1.008886322631474,27.610238095238095,3.3222221666666667,0.0,15.672222166666668,3.3222221666666667,0.0,15.672222166666668,3,7,3,LINE1,0.55,NONE,NONE,,,,,-0.08,LINE1,NONE,NONE,0.25,0.72,1.000641415534405,0.9977530441073407,0.9991972298208729,1.008886322631474,19.539699920739537,16.693924164448152,22.36827978700565,68.9200785792604,3.160943119309294,0.17266623011522,3,45,25,72.44643300328937,73.82189268079875,GOOD,99.8,99.6,99.5,99.3,98.8,98.2,97.4,96.0,94.0,91.3,87.5,82.6,76.5,68.7,60.1,50.8,41.2,32.4,24.6,18.0,12.9,9.1,6.1,4.0,2.8,1.8,1.1,2026020053,2026-10-07T23:30:00Z
BigZ BetZ NHL · Time on Ice V1.1,2026-10-07,8480980,Connor Dewar,PIT,WSH,C,False,AWAY,14.504,14:30,15.276666666666666,15.24666666666667,14.973333333333334,14.505555555555555,14.227777777777778,14.658333333333335,0.1424590762213942,1.0,0.303333333333331,1.0,,1.0,0.9991972298208729,1.000641415534405,0.9977530441073407,0.9991972298208729,49.19722982087289,0,0,,1.0,27.610238095238095,0.0,2.061111,12.444444333333333,0.0,2.061111,12.444444333333333,3,7,7,LINE3,-0.18,NONE,NONE,,,,,-0.08,LINE3,NONE,NONE,0.0,-0.26,1.000641415534405,0.9977530441073407,0.9991972298208729,1.0,14.493782455576996,12.66766679734639,16.3515226881708,77.9757863259566,1.7932400272472278,0.12235674263357442,3,45,25,76.24983025690177,78.04909705695654,STRONG,95.5,91.8,85.6,76.2,64.0,49.8,36.1,23.9,14.7,8.6,4.8,2.6,1.4,0.7,0.4,0.2,0.1,0.0,0.0,0.0,0.0,0.0,0.0,0.0,0.0,0.0,0.0,2026020053,2026-10-07T23:30:00Z
BigZ BetZ NHL · Time on Ice V1.1,2026-10-07,8480842,Filip Hallander,PIT,WSH,C,False,AWAY,11.035,11:02,12.17,13.238333333333333,12.761111111111111,10.283333333333333,13.142307692307693,12.4,-1.0732924915730528,0.9761938219871031,-0.5911111111111111,1.0,,1.0,0.9991972298208729,1.000641415534405,0.9977530441073407,0.9991972298208729,49.19722982087289,0,0,,0.9761938219871031,27.610238095238095,0.0,1.7666666666666666,8.516666666666667,0.0,1.7666666666666666,8.516666666666667,3,7,12,LINE4,-0.65,NONE,NONE,,,,,-0.08,LINE4,NONE,NONE,-0.22,-0.95,1.000641415534405,0.9977530441073407,0.9991972298208729,0.9761938219871031,11.037208170950713,8.501176201374275,13.565193226367656,68.97347799108104,2.1996271930397175,0.17236956671621645,2,13,15,60.86886075625404,60.462819526236636,MODERATE,30.4,21.9,15.2,10.5,7.0,4.5,3.0,1.8,1.0,0.6,0.4,0.2,0.1,0.1,0.1,0.0,0.0,0.0,0.0,0.0,0.0,0.0,0.0,0.0,0.0,0.0,0.0,2026020053,2026-10-07T23:30:00Z
BigZ BetZ NHL · Time on Ice V1.1,2026-10-07,8485414,Ben Kindel,PIT,WSH,C,False,AWAY,15.371,15:22,15.473333333333333,14.408333333333331,14.418888888888889,16.458333333333336,14.48111111111111,13.958333333333332,1.396148806111004,1.0301128271267508,1.7414444444444444,1.0338170609539956,,1.0,0.9991972298208729,1.000641415534405,0.9977530441073407,0.9991972298208729,49.19722982087289,0,0,,1.064948215391189,27.610238095238095,2.6,1.0416666666666667,12.816666666666666,2.6,1.0416666666666667,12.816666666666666,3,7,8,LINE3,-0.18,NONE,NONE,,,,,-0.08,LINE3,NONE,NONE,0.0,-0.26,1.000641415534405,0.9977530441073407,0.9991972298208729,1.064948215391189,15.375766068307668,13.347200597569332,17.377596072259973,76.39664001163077,1.8565791027888578,0.1311297777131624,2,45,25,75.58658880488491,76.59195155742924,STRONG,97.7,95.9,93.0,88.3,81.4,71.6,59.5,46.7,34.0,23.0,14.6,8.8,5.1,2.9,1.6,0.8,0.5,0.3,0.2,0.1,0.1,0.0,0.0,0.0,0.0,0.0,0.0,2026020053,2026-10-07T23:30:00Z
BigZ BetZ NHL · Time on Ice V1.1,2026-10-07,8482758,Ville Koivunen,PIT,WSH,R,False,AWAY,13.002,13:00,14.99,12.956666666666667,12.872222222222224,13.666666666666668,12.737606837606839,12.383333333333333,1.6309176782696468,1.035,2.1947777777777766,1.035,,1.0,0.9991972298208729,1.000641415534405,0.9977530441073407,0.9991972298208729,49.19722982087289,0,0,,1.0712249999999999,27.610238095238095,1.7083333333333333,0.0,11.958333333333334,1.7083333333333333,0.0,11.958333333333334,3,7,10,LINE4,-0.65,NONE,NONE,,,,,-0.08,LINE4,NONE,NONE,-0.22,-0.95,1.000641415534405,0.9977530441073407,0.9991972298208729,1.0712249999999999,12.972584657035814,10.499761966719754,15.445382365383026,68.63185848887717,2.23701320295063,0.1742674528395713,2,39,25,72.3253805653284,72.96735154260786,GOOD,69.7,60.1,49.4,38.9,29.0,20.7,14.4,9.5,6.1,3.9,2.4,1.6,1.0,0.6,0.4,0.2,0.2,0.1,0.1,0.0,0.0,0.0,0.0,0.0,0.0,0.0,0.0,2026020053,2026-10-07T23:30:00Z
BigZ BetZ NHL · Time on Ice V1.1,2026-10-07,8483808,Andrei Kuzmenko,PIT,WSH,L,False,AWAY,11.855,11:51,12.783333333333335,13.476666666666665,14.572222222222221,12.0,14.717037037037034,14.55,-1.583709895818382,0.965,-1.9038888888888867,0.965,,1.0,0.9991972298208729,1.000641415534405,0.9977530441073407,0.9991972298208729,49.19722982087289,0,0,,0.931225,27.610238095238095,1.9166666666666667,0.0,10.083333333333334,1.9166666666666667,0.0,10.083333333333334,3,7,14,LINE4,-0.65,NONE,NONE,,,,,-0.08,LINE4,NONE,NONE,-0.22,-0.95,1.000641415534405,0.9977530441073407,0.9991972298208729,0.931225,11.847494082203177,9.01711521178152,14.715761388836118,63.48227886798992,3.0865927532736483,0.2028762285111671,2,45,25,70.16255712455576,70.56352777557768,GOOD,47.1,37.9,29.4,22.2,16.2,11.7,8.0,5.3,3.6,2.4,1.5,1.0,0.7,0.4,0.3,0.2,0.1,0.1,0.1,0.0,0.0,0.0,0.0,0.0,0.0,0.0,0.0,2026020053,2026-10-07T23:30:00Z
BigZ BetZ NHL · Time on Ice V1.1,2026-10-07,8482148,Hendrix Lapierre,PIT,WSH,C,False,AWAY,10.641,10:38,11.843333333333334,11.236666666666668,10.646666666666667,11.78888888888889,8.39074074074074,11.058333333333334,0.9044342746559035,1.0214270499765614,1.1721666666666675,1.0308271759549155,,1.0,0.9991972298208729,1.000641415534405,0.9977530441073407,0.9991972298208729,49.19722982087289,0,0,,1.052914761371299,27.610238095238095,1.6888888333333334,0.0,10.1,1.6888888333333334,0.0,10.1,3,7,16,LINE4,-0.65,NONE,NONE,,,,,-0.08,LINE4,NONE,NONE,-0.22,-0.95,1.000641415534405,0.9977530441073407,0.9991972298208729,1.052914761371299,10.647217034155371,7.453654211174633,13.775823092176024,56.70361458287492,2.480922973647024,0.2405354745395838,3,45,25,67.31551812480747,68.11924728728602,GOOD,28.2,21.6,16.5,12.0,8.7,6.1,4.3,3.0,2.1,1.5,1.1,0.7,0.5,0.3,0.2,0.2,0.1,0.1,0.0,0.0,0.0,0.0,0.0,0.0,0.0,0.0,0.0,2026020053,2026-10-07T23:30:00Z
BigZ BetZ NHL · Time on Ice V1.1,2026-10-07,8481481,Blake Lizotte,PIT,WSH,C,False,AWAY,12.538,12:32,13.276666666666666,14.234999999999996,14.061111111111108,13.411111111111111,13.809999999999999,14.066666666666666,-0.6738713194764987,0.9902919833118574,-0.7239444444444421,0.9855840379296721,,1.0,0.9991972298208729,1.000641415534405,0.9977530441073407,0.9991972298208729,49.19722982087289,0,0,,0.9760159716418839,27.610238095238095,0.0,1.7833333333333334,11.627777666666667,0.0,1.7833333333333334,11.627777666666667,3,7,11,LINE4,-0.65,NONE,NONE,,,,,-0.08,LINE4,NONE,NONE,-0.22,-0.95,1.000641415534405,0.9977530441073407,0.9991972298208729,0.9760159716418839,12.543261691933484,10.59341604543435,14.486648306840232,79.60960572102057,1.5732699585808851,0.11327996821655241,3,45,25,76.93603440282864,78.8117639505724,STRONG,64.9,51.2,37.6,25.7,16.3,9.9,5.8,3.1,1.6,0.9,0.5,0.3,0.1,0.1,0.0,0.0,0.0,0.0,0.0,0.0,0.0,0.0,0.0,0.0,0.0,0.0,0.0,2026020053,2026-10-07T23:30:00Z
BigZ BetZ NHL · Time on Ice V1.1,2026-10-07,8471215,Evgeni Malkin,PIT,WSH,C,False,AWAY,17.831,17:50,17.76666666666667,17.685000000000002,17.46,17.75,17.663333333333334,17.883333333333333,0.26289910903245683,1.0,0.3066666666666684,1.0,,1.0,0.9991972298208729,1.000641415534405,0.9977530441073407,0.9991972298208729,49.19722982087289,0,0,,1.0,27.610238095238095,2.011111,0.0,15.738888833333334,2.011111,0.0,15.738888833333334,3,7,4,LINE2,0.22,NONE,NONE,,,,,-0.08,LINE2,NONE,NONE,0.0,0.14,1.000641415534405,0.9977530441073407,0.9991972298208729,1.0,17.810916456370663,15.09326255990377,20.58030145910685,67.32678319128186,3.211353670597622,0.18151787115954526,3,45,25,71.77724894033838,73.07814239369037,GOOD,99.2,98.8,98.2,97.3,96.0,93.8,90.7,86.6,80.8,74.0,65.6,56.3,46.6,36.9,28.5,21.1,15.2,10.5,7.3,4.9,3.2,2.1,1.3,0.9,0.6,0.4,0.3,2026020053,2026-10-07T23:30:00Z
BigZ BetZ NHL · Time on Ice V1.1,2026-10-07,8478438,Tommy Novak,PIT,WSH,C,False,AWAY,15.73,15:44,16.476666666666667,15.934999999999999,15.622222222222222,15.322222222222223,14.822222222222223,15.358333333333333,0.43423997147844595,1.0022495867370806,0.8544444444444448,1.0,,1.0,0.9991972298208729,1.000641415534405,0.9977530441073407,0.9991972298208729,49.19722982087289,0,0,,1.0022495867370806,27.610238095238095,3.1055555,0.016666666666666666,12.2,3.1055555,0.016666666666666666,12.2,3,7,5,LINE2,0.22,NONE,NONE,,,,,-0.08,LINE2,NONE,NONE,0.0,0.14,1.000641415534405,0.9977530441073407,0.9991972298208729,1.0022495867370806,15.736840244542279,13.637091367816312,17.82404487354742,79.85316323315925,1.7443802833956292,0.1119268709268931,3,45,25,77.03832855792689,78.92545659723874,STRONG,98.2,96.9,94.7,91.2,85.8,78.3,68.3,55.9,43.3,31.5,21.2,13.8,8.5,5.1,3.1,1.7,0.9,0.4,0.3,0.2,0.1,0.1,0.0,0.0,0.0,0.0,0.0,2026020053,2026-10-07T23:30:00Z
BigZ BetZ NHL · Time on Ice V1.1,2026-10-07,8476483,Rickard Rakell,PIT,WSH,R,False,AWAY,19.342,19:21,18.663333333333334,18.343333333333334,19.013333333333332,19.194444444444443,18.967777777777776,18.483333333333334,0.06970075893036665,1.0,-0.34999999999999787,1.0,,1.0,0.9991972298208729,1.000641415534405,0.9977530441073407,0.9991972298208729,49.19722982087289,0,0,,1.0,27.610238095238095,3.411111,0.8944443333333333,14.888888833333334,3.411111,0.8944443333333333,14.888888833333334,3,7,1,LINE1,0.55,NONE,NONE,,,,,-0.08,LINE1,NONE,NONE,0.25,0.72,1.000641415534405,0.9977530441073407,0.9991972298208729,1.0,19.34053255776793,16.912210816114563,21.77609008744078,82.98592230830756,1.7928584367620903,0.09452265384273577,3,45,25,78.35408736948918,80.38782853351798,STRONG,99.9,99.9,99.8,99.7,99.4,99.0,98.4,97.3,95.6,93.0,89.3,84.0,76.8,68.0,57.6,46.4,35.7,26.3,18.8,12.5,8.3,5.3,3.3,2.1,1.3,0.8,0.5,2026020053,2026-10-07T23:30:00Z
BigZ BetZ NHL · Time on Ice V1.1,2026-10-07,8481582,Nick Robertson,PIT,WSH,L,False,AWAY,13.63,13:38,14.286666666666667,13.36,13.76333333333333,14.616666666666667,12.578148148148145,13.841666666666667,0.5592852911581065,1.0063632488468308,0.523333333333337,1.0,,1.0,0.9991972298208729,1.000641415534405,0.9977530441073407,0.9991972298208729,49.19722982087289,0,0,,1.0063632488468308,27.610238095238095,0.0,0.561111,14.0555555,0.0,0.561111,14.0555555,3,7,9,LINE3,-0.18,NONE,NONE,,,,,-0.08,LINE3,NONE,NONE,0.0,-0.26,1.000641415534405,0.9977530441073407,0.9991972298208729,1.0063632488468308,13.620626823869838,11.322489863662874,15.952039900950368,75.20701234635246,1.8486845331002195,0.13773882029804194,3,45,25,75.08694518546804,76.75663336327733,STRONG,82.4,74.7,64.3,52.9,41.5,30.5,21.5,14.6,9.6,6.2,3.8,2.4,1.5,0.9,0.5,0.3,0.2,0.1,0.1,0.0,0.0,0.0,0.0,0.0,0.0,0.0,0.0,2026020053,2026-10-07T23:30:00Z
BigZ BetZ NHL · Time on Ice V1.1,2026-10-07,8475810,Bryan Rust,PIT,WSH,R,False,AWAY,19.083,19:05,17.776666666666664,19.043333333333333,19.082222222222224,,19.76962962962963,19.241666666666667,-0.9040272100875058,0.9877072643230893,-0.9750555555555602,0.9856926749737975,,1.0,0.9991972298208729,1.000641415534405,0.9977530441073407,0.9991972298208729,49.19722982087289,0,0,,0.9735758154616776,27.610238095238095,3.351388833333333,1.5939813333333333,14.999074,3.351388833333333,1.5939813333333333,14.999074,3,7,2,LINE1,0.55,NONE,NONE,,,,,-0.08,LINE1,NONE,NONE,0.25,0.72,1.000641415534405,0.9977530441073407,0.9991972298208729,0.9735758154616776,19.090041233283486,16.541599249318732,21.570625400622173,79.42858324084052,2.2542844198578926,0.1142856486619971,0,45,25,73.86000496115301,72.94726265682435,GOOD,99.8,99.8,99.6,99.4,99.1,98.4,97.4,96.1,93.9,90.4,85.6,79.5,71.5,62.1,51.8,41.4,31.6,23.2,16.0,10.6,6.9,4.6,3.0,1.9,1.3,0.9,0.6,2026020053,2026-10-07T23:30:00Z
BigZ BetZ NHL · Time on Ice V1.1,2026-10-07,8481725,Elmer Soderblom,PIT,WSH,L,False,AWAY,12.107,12:06,13.336666666666668,12.72,12.181111111111111,12.65,11.193703703703704,12.399999999999999,0.9560145775864068,1.020569486954899,1.1140555555555567,1.0256081364589984,,1.0,0.9991972298208729,1.000641415534405,0.9977530441073407,0.9991972298208729,49.19722982087289,0,0,,1.0467043696427298,27.610238095238095,0.0,1.8333333333333333,10.816666666666666,0.0,1.8333333333333333,10.816666666666666,3,7,13,LINE4,-0.65,NONE,NONE,,,,,-0.08,LINE4,NONE,NONE,-0.22,-0.95,1.000641415534405,0.9977530441073407,0.9991972298208729,1.0467043696427298,12.109881038455999,9.603406575776884,14.66047893412717,73.51570662190366,1.776041618433914,0.14713496321164635,1,45,25,74.37659678119954,74.52713185110463,GOOD,52.2,42.0,32.1,23.9,16.9,11.5,7.4,4.8,3.0,1.9,1.2,0.7,0.4,0.3,0.2,0.1,0.1,0.1,0.1,0.0,0.0,0.0,0.0,0.0,0.0,0.0,0.0,2026020053,2026-10-07T23:30:00Z
BigZ BetZ NHL · Time on Ice V1.1,2026-10-07,8483398,Declan Carlile,PIT,WSH,D,False,AWAY,17.459,17:28,18.910000000000004,17.34,16.18777777777778,18.472222222222225,14.778174603174605,16.666666666666664,2.1957445404605522,1.035,2.25,1.035,,1.0,0.9991972298208729,1.000641415534405,0.9977530441073407,0.9991972298208729,49.19722982087289,0,0,,1.0712249999999999,27.610238095238095,0.022222166666666664,1.7277776666666667,16.72222216666667,0.022222166666666664,1.7277776666666667,16.72222216666667,3,7,5,PAIR3,-0.6,NONE,NONE,,,,,-0.08,PAIR3,NONE,NONE,-0.22,-0.8999999999999999,1.000641415534405,0.9977530441073407,0.9991972298208729,1.0712249999999999,17.481369839163854,13.067651936287175,21.918042891368234,53.319020051515444,4.203665467490616,0.25933877749158085,3,42,25,65.8939884216365,66.5393185600474,GOOD,94.1,92.4,90.4,87.6,84.6,81.0,76.7,72.4,67.3,61.9,56.1,49.8,43.7,37.8,32.1,27.1,22.4,18.5,14.9,12.1,9.6,7.5,6.0,4.7,3.6,2.9,2.3,2026020053,2026-10-07T23:30:00Z
BigZ BetZ NHL · Time on Ice V1.1,2026-10-07,8479398,Samuel Girard,PIT,WSH,D,False,AWAY,18.829,18:50,19.42666666666667,18.823333333333334,19.086666666666666,19.805555555555557,18.506666666666664,18.34166666666667,0.22378292813334255,1.0,0.3400000000000034,1.0,,1.0,0.9991972298208729,1.000641415534405,0.9977530441073407,0.9991972298208729,49.19722982087289,0,0,,1.0,27.610238095238095,0.611111,1.3833333333333333,17.811111,0.611111,1.3833333333333333,17.811111,3,7,4,PAIR2,0.08,NONE,NONE,,,,,-0.08,PAIR2,NONE,NONE,0.0,0.0,1.000641415534405,0.9977530441073407,0.9991972298208729,1.0,18.814745326956277,16.57454959006852,21.047060773648727,82.60175164684162,1.8421200918367233,0.09665693529532433,3,45,25,78.19273569167348,80.20849766874566,STRONG,99.9,99.9,99.7,99.6,99.3,98.8,98.0,96.7,94.4,90.6,85.4,78.1,69.2,57.9,45.6,33.9,24.0,16.1,10.5,6.4,3.8,2.2,1.3,0.8,0.4,0.3,0.1,2026020053,2026-10-07T23:30:00Z
BigZ BetZ NHL · Time on Ice V1.1,2026-10-07,8474578,Erik Karlsson,PIT,WSH,D,False,AWAY,22.358,22:21,21.21,21.428333333333335,22.425555555555558,21.205555555555556,23.292592592592595,23.3,-0.7737246326599845,0.9919624163314309,-1.2175555555555577,0.9847978992221176,,1.0,0.9991972298208729,1.000641415534405,0.9977530441073407,0.9991972298208729,49.19722982087289,0,0,,0.9768825037104887,27.610238095238095,3.611111,0.7722221666666667,16.822222166666666,3.611111,0.7722221666666667,16.822222166666666,3,7,1,PAIR1,0.6,NONE,NONE,,,,,-0.08,PAIR1,NONE,NONE,0.25,0.77,1.000641415534405,0.9977530441073407,0.9991972298208729,0.9768825037104887,22.339601306231575,19.444626875638214,25.247532102268927,79.93653914695508,2.5827990392581803,0.11146367140580511,3,45,25,77.07334644172113,78.96437647379864,STRONG,100.0,99.9,99.9,99.9,99.8,99.8,99.7,99.5,99.3,99.0,98.5,97.7,96.5,94.9,92.7,89.6,85.4,80.0,73.5,65.4,56.4,47.4,38.3,30.0,22.6,16.6,11.9,2026020053,2026-10-07T23:30:00Z
BigZ BetZ NHL · Time on Ice V1.1,2026-10-07,8481527,Kaedan Korczak,PIT,WSH,D,False,AWAY,14.412,14:25,15.073333333333332,13.515,13.593333333333337,16.51111111111111,15.75555555555556,13.441666666666666,1.4555152617829688,1.0336082201854488,2.126999999999995,1.035,,1.0,0.9991972298208729,1.000641415534405,0.9977530441073407,0.9991972298208729,49.19722982087289,0,0,,1.0697845078919395,27.610238095238095,0.0,1.3277776666666665,15.183333333333334,0.0,1.3277776666666665,15.183333333333334,3,7,7,PAIR3,-0.6,NONE,NONE,,,,,-0.08,PAIR3,NONE,NONE,-0.22,-0.8999999999999999,1.000641415534405,0.9977530441073407,0.9991972298208729,1.0697845078919395,14.407114404981957,11.601748983301208,17.240209923366304,71.17364546056932,2.157839474759512,0.16014641410794822,3,45,25,73.39293109343912,74.87385770099375,GOOD,86.9,81.5,74.4,66.4,57.8,48.2,39.0,30.4,22.8,16.7,11.9,8.3,5.7,4.0,2.6,1.8,1.2,0.8,0.5,0.4,0.2,0.1,0.1,0.0,0.0,0.0,0.0,2026020053,2026-10-07T23:30:00Z
BigZ BetZ NHL · Time on Ice V1.1,2026-10-07,8471724,Kris Letang,PIT,WSH,D,False,AWAY,20.195,20:12,19.903333333333332,19.533333333333335,20.284444444444443,20.538888888888888,21.61925925925926,20.433333333333334,0.1640516465010471,1.0,-0.3811111111111103,1.0,,1.0,0.9991972298208729,1.000641415534405,0.9977530441073407,0.9991972298208729,49.19722982087289,0,0,,1.0,27.610238095238095,1.6833333333333333,0.15,18.7055555,1.6833333333333333,0.15,18.7055555,3,7,3,PAIR2,0.08,NONE,NONE,,,,,-0.08,PAIR2,NONE,NONE,0.0,0.0,1.000641415534405,0.9977530441073407,0.9991972298208729,1.0,20.19387408632339,17.25168824643298,23.090359470822236,77.56842826446805,2.5962467286495308,0.12461984297517746,3,45,25,76.07873987107658,77.85894231385367,STRONG,99.9,99.8,99.7,99.5,99.3,98.9,98.3,97.4,96.0,94.3,91.7,87.9,83.3,77.5,70.4,62.2,53.6,44.2,35.2,27.6,20.8,15.1,10.7,7.6,5.2,3.7,2.5,2026020053,2026-10-07T23:30:00Z
BigZ BetZ NHL · Time on Ice V1.1,2026-10-07,8482470,Ilya Solovyov,PIT,WSH,D,False,AWAY,13.76,13:46,15.193333333333333,14.033333333333331,13.69222222222222,,12.746666666666664,13.133333333333333,1.5420619634060202,1.035,2.159111111111113,1.035,,1.0,0.9991972298208729,1.000641415534405,0.9977530441073407,0.9991972298208729,49.19722982087289,0,0,,1.0712249999999999,27.610238095238095,0.035,0.26444433333333334,12.447222166666668,0.035,0.26444433333333334,12.447222166666668,3,7,6,PAIR3,-0.6,NONE,NONE,,,,,-0.08,PAIR3,NONE,NONE,-0.22,-0.8999999999999999,1.000641415534405,0.9977530441073407,0.9991972298208729,1.0712249999999999,13.760759126837925,10.557735318031414,17.015072801055926,63.49345391153957,2.725146060788592,0.20281414493589128,0,30,25,67.16725064284662,65.50874428590667,GOOD,76.5,70.0,62.4,54.3,46.2,37.7,30.2,23.7,18.0,13.7,10.1,7.2,5.1,3.6,2.5,1.7,1.1,0.8,0.6,0.4,0.3,0.2,0.1,0.1,0.1,0.1,0.0,2026020053,2026-10-07T23:30:00Z
BigZ BetZ NHL · Time on Ice V1.1,2026-10-07,8477845,Trevor van Riemsdyk,PIT,WSH,D,False,AWAY,19.883,19:53,19.506666666666668,19.156666666666666,18.842222222222222,19.5,16.582962962962963,18.891666666666666,0.440739989204463,1.0020019221697842,0.661444444444445,1.0098292251444745,,1.0,0.9991972298208729,1.000641415534405,0.9977530441073407,0.9991972298208729,49.19722982087289,0,0,,1.0118508246579871,27.610238095238095,0.0055555000000000005,2.6555554999999997,16.838888833333336,0.0055555000000000005,2.6555554999999997,16.838888833333336,3,7,2,PAIR1,0.6,NONE,NONE,,,,,-0.08,PAIR1,NONE,NONE,0.25,0.77,1.000641415534405,0.9977530441073407,0.9991972298208729,1.0118508246579871,19.90156122820999,17.25662199544654,22.550514668636733,83.53983050611424,1.6919682558923408,0.09144538607714313,3,45,25,78.58672881256798,80.64639288025413,STRONG,99.9,99.8,99.8,99.6,99.4,99.1,98.6,97.8,96.6,94.6,92.0,87.9,82.6,75.6,67.2,57.8,47.9,38.0,29.0,21.0,15.1,10.4,6.9,4.5,2.9,1.9,1.2,2026020053,2026-10-07T23:30:00Z
BigZ BetZ NHL · Time on Ice V1.1,2026-10-07,8478463,Anthony Beauvillier,WSH,PIT,R,True,HOME,14.487,14:29,15.15,15.793333333333333,16.114444444444445,12.766666666666666,16.17037037037037,16.141666666666666,-1.2728152477054522,0.9755528172930328,-1.4269444444444455,0.9752058194856237,,1.0,0.9991972298208729,0.9977530441073407,1.000641415534405,0.9991972298208729,49.19722982087289,0,0,,0.9513647846397609,27.610238095238095,0.0,1.3833333333333333,11.383333333333333,0.0,1.3833333333333333,11.383333333333333,3,7,7,LINE3,-0.18,NONE,NONE,,,,,-0.08,LINE3,NONE,NONE,0.0,-0.26,0.9977530441073407,1.000641415534405,0.9991972298208729,0.9513647846397609,14.52543439774527,11.928044039931715,17.05813928400746,75.4487574870577,2.1600546884997938,0.1363957917385683,2,45,25,75.18847814456424,76.14947999495854,STRONG,89.4,84.6,78.2,69.8,60.7,50.6,40.2,30.4,22.1,15.5,10.5,6.9,4.5,2.8,1.9,1.2,0.8,0.5,0.4,0.2,0.1,0.1,0.1,0.0,0.0,0.0,0.0,2026020053,2026-10-07T23:30:00Z
BigZ BetZ NHL · Time on Ice V1.1,2026-10-07,8479400,Pierre-Luc Dubois,WSH,PIT,C,True,HOME,14.142,14:09,13.623333333333331,15.243333333333334,16.19,15.35,16.82183908045977,17.191666666666666,-1.54050029738276,0.968280178172771,-1.6471666666666696,0.9715128680255302,,1.0,0.9991972298208729,0.9977530441073407,1.000641415534405,0.9991972298208729,49.19722982087289,0,0,,0.9406966529489001,27.610238095238095,2.091666666666667,0.025,13.233333333333333,2.091666666666667,0.025,13.233333333333333,3,7,12,LINE4,-0.65,NONE,NONE,,,,,-0.08,LINE4,NONE,NONE,-0.22,-0.95,0.9977530441073407,1.000641415534405,0.9991972298208729,0.9406966529489001,14.150008110891187,11.15623496349245,17.195281830460495,62.137079981292736,3.5093317535857373,0.2103495556594848,2,29,25,69.59757359214295,69.93558893526745,GOOD,82.6,76.5,69.4,61.3,52.6,43.9,35.4,27.8,21.2,15.7,11.3,8.0,5.6,3.9,2.6,1.7,1.2,0.8,0.5,0.4,0.2,0.2,0.1,0.1,0.0,0.0,0.0,2026020053,2026-10-07T23:30:00Z
BigZ BetZ NHL · Time on Ice V1.1,2026-10-07,8483573,Ethen Frank,WSH,PIT,R,True,HOME,8.886,8:53,9.096666666666668,9.618333333333332,10.66111111111111,,12.837777777777779,11.175,-1.3589885393052228,0.965,-2.25,0.965,,1.0,0.9991972298208729,0.9977530441073407,1.000641415534405,0.9991972298208729,49.19722982087289,0,0,,0.931225,27.610238095238095,1.4911290000000001,0.023924666666666667,10.721774166666668,1.4911290000000001,0.023924666666666667,10.721774166666668,3,7,14,LINE4,-0.65,NONE,NONE,,,,,-0.08,LINE4,NONE,NONE,-0.22,-0.95,0.9977530441073407,1.000641415534405,0.9991972298208729,0.931225,8.886168719408477,5.054421950564876,12.759006856929153,43.94851729933662,3.544996783211863,0.31139712611479653,0,45,25,58.95837726572138,56.38516787533034,MODERATE,14.8,11.4,8.7,6.6,5.0,3.8,2.8,2.0,1.5,1.2,0.9,0.6,0.4,0.3,0.2,0.2,0.1,0.1,0.1,0.1,0.0,0.0,0.0,0.0,0.0,0.0,0.0,2026020053,2026-10-07T23:30:00Z
BigZ BetZ NHL · Time on Ice V1.1,2026-10-07,8476432,Boone Jenner,WSH,PIT,C,True,HOME,15.888,15:53,15.77,16.0,15.997777777777776,15.625,15.907037037037039,15.483333333333334,-0.35252748824034796,0.999933357720051,-0.22777777777777608,1.0,,1.0,0.9991972298208729,0.9977530441073407,1.000641415534405,0.9991972298208729,49.19722982087289,0,0,,0.999933357720051,27.610238095238095,0.0,3.8,11.825,0.0,3.8,11.825,3,7,6,LINE2,0.22,NONE,NONE,,,,,-0.08,LINE2,NONE,NONE,0.0,0.14,0.9977530441073407,1.000641415534405,0.9991972298208729,0.999933357720051,15.896372404435024,13.432970852903349,18.34193815844972,75.44502489819357,2.1190034069336674,0.13641652834336912,2,45,25,75.1869104572413,76.14773762247675,STRONG,97.1,95.5,93.1,89.5,84.1,77.0,68.7,58.6,47.5,36.9,27.6,19.6,13.2,8.8,5.7,3.7,2.3,1.3,0.8,0.5,0.3,0.2,0.1,0.0,0.0,0.0,0.0,2026020053,2026-10-07T23:30:00Z
BigZ BetZ NHL · Time on Ice V1.1,2026-10-07,8479385,Jordan Kyrou,WSH,PIT,R,True,HOME,13.299,13:18,14.069999999999999,14.263333333333332,14.716666666666667,13.508333333333333,15.104814814814812,14.475000000000001,-0.5865395611508877,0.9931703162517803,-0.6466666666666683,1.0,,1.0,0.9991972298208729,0.9977530441073407,1.000641415534405,0.9991972298208729,49.19722982087289,0,0,,0.9931703162517803,27.610238095238095,1.1833333333333333,0.0,12.325,1.1833333333333333,0.0,12.325,3,7,10,LINE4,-0.65,NONE,NONE,,,,,-0.08,LINE4,NONE,NONE,-0.22,-0.95,0.9977530441073407,1.000641415534405,0.9991972298208729,0.9931703162517803,13.339662884734437,11.084297509776388,15.5635250270948,80.67421640591263,1.5770197297656663,0.10736546441159649,2,45,25,77.38317089048331,78.58872421828002,STRONG,78.3,68.8,57.9,46.0,34.2,23.9,16.5,10.7,6.6,3.9,2.4,1.4,0.8,0.6,0.3,0.2,0.1,0.1,0.1,0.0,0.0,0.0,0.0,0.0,0.0,0.0,0.0,2026020053,2026-10-07T23:30:00Z
BigZ BetZ NHL · Time on Ice V1.1,2026-10-07,8484186,Ryan Leonard,WSH,PIT,R,True,HOME,13.853,13:51,14.409999999999997,13.954999999999998,14.22111111111111,13.149999999999999,15.036296296296298,14.066666666666666,0.06319279273172818,1.0,0.18888888888888644,1.0,,1.0,0.9991972298208729,0.9977530441073407,1.000641415534405,0.9991972298208729,49.19722982087289,0,0,,1.0,27.610238095238095,0.95,0.0,12.2,0.95,0.0,12.2,3,7,8,LINE3,-0.18,NONE,NONE,,,,,-0.08,LINE3,NONE,NONE,0.0,-0.26,0.9977530441073407,1.000641415534405,0.9991972298208729,1.0,13.838073026876753,12.001172797909966,15.71971585512061,83.0112291142325,1.3255173876751827,0.09438206047648605,2,45,25,78.36471622797765,79.67964175052373,STRONG,90.0,83.0,73.1,59.8,45.3,31.6,20.8,12.9,7.2,4.0,2.0,1.2,0.6,0.4,0.2,0.1,0.0,0.0,0.0,0.0,0.0,0.0,0.0,0.0,0.0,0.0,0.0,2026020053,2026-10-07T23:30:00Z
BigZ BetZ NHL · Time on Ice V1.1,2026-10-07,8483491,Ivan Miroshnichenko,WSH,PIT,L,True,HOME,8.78,8:47,10.043333333333333,9.423333333333336,9.641025641025642,,9.641025641025642,9.75,0.36363800508823374,1.0005963877152524,0.4023076923076907,1.0,,1.0,0.9991972298208729,0.9977530441073407,1.000641415534405,0.9991972298208729,49.19722982087289,0,0,,1.0005963877152524,27.610238095238095,0.0,0.0,9.641025500000001,0.0,0.0,9.641025500000001,3,7,13,LINE4,-0.65,NONE,NONE,,,,,-0.08,LINE4,NONE,NONE,-0.22,-0.95,0.9977530441073407,1.000641415534405,0.9991972298208729,1.0005963877152524,8.760531725091631,6.624059055893953,10.918378350445995,68.26963519253445,1.699518115043739,0.17627980448591973,0,13,13,55.253246780864465,52.54146570787508,MODERATE,3.4,2.0,1.1,0.6,0.4,0.2,0.2,0.1,0.0,0.0,0.0,0.0,0.0,0.0,0.0,0.0,0.0,0.0,0.0,0.0,0.0,0.0,0.0,0.0,0.0,0.0,0.0,2026020053,2026-10-07T23:30:00Z
BigZ BetZ NHL · Time on Ice V1.1,2026-10-07,8471214,Alex Ovechkin,WSH,PIT,L,True,HOME,15.223,15:13,15.260000000000002,16.116666666666667,16.263333333333332,13.166666666666668,17.134074074074075,15.983333333333334,-1.1300847250846342,0.9796646119047216,-1.1003333333333303,0.9810559540889527,,1.0,0.9991972298208729,0.9977530441073407,1.000641415534405,0.9991972298208729,49.19722982087289,0,0,,0.9611058005193703,27.610238095238095,2.2583333333333333,0.0,10.908333333333333,2.2583333333333333,0.0,10.908333333333333,3,7,5,LINE2,0.22,NONE,NONE,,,,,-0.08,LINE2,NONE,NONE,0.0,0.14,0.9977530441073407,1.000641415534405,0.9991972298208729,0.9611058005193703,15.221642323937697,12.673871531924496,17.765386075874012,77.97544874670399,1.9566162685161907,0.12235861807386675,2,45,25,76.24968847361568,77.32893947496142,STRONG,94.4,91.4,87.0,81.3,73.9,64.8,54.6,44.6,34.6,26.0,18.6,12.6,8.3,5.6,3.7,2.3,1.5,0.9,0.6,0.4,0.3,0.2,0.1,0.1,0.0,0.0,0.0,2026020053,2026-10-07T23:30:00Z
BigZ BetZ NHL · Time on Ice V1.1,2026-10-07,8481656,Aliaksei Protas,WSH,PIT,L,True,HOME,18.013,18:01,17.03,16.261666666666667,17.56888888888889,16.475,18.087407407407408,17.84166666666667,-0.435302148387823,0.9979282475094584,-0.5388888888888879,1.0,,1.0,0.9991972298208729,0.9977530441073407,1.000641415534405,0.9991972298208729,49.19722982087289,0,0,,0.9979282475094584,27.610238095238095,0.0,3.433333333333333,13.041666666666666,0.0,3.433333333333333,13.041666666666666,3,7,3,LINE1,0.55,NONE,NONE,,,,,-0.08,LINE1,NONE,NONE,0.25,0.72,0.9977530441073407,1.000641415534405,0.9991972298208729,0.9979282475094584,17.99471185468282,15.082676285234403,20.908741931410454,68.05321779331486,3.1222063536255713,0.17748212337047303,2,45,25,72.08235147319223,72.69724206591937,GOOD,99.0,98.6,97.9,96.9,95.4,93.4,90.6,86.8,81.8,75.7,68.0,59.2,49.9,40.8,32.4,24.8,18.2,13.2,9.4,6.5,4.4,3.0,1.9,1.4,0.9,0.6,0.4,2026020053,2026-10-07T23:30:00Z
BigZ BetZ NHL · Time on Ice V1.1,2026-10-07,8484999,Ilya Protas,WSH,PIT,L,True,HOME,13.337,13:20,13.88,14.169444444444446,14.169444444444446,10.725,15.891666666666667,15.683333333333334,-0.7434781187245623,0.9881519625751941,-0.2894444444444453,1.0,,1.0,0.9991972298208729,0.9977530441073407,1.000641415534405,0.9991972298208729,49.19722982087289,0,0,,0.9881519625751941,27.610238095238095,1.1333333333333333,0.0,9.591666666666667,1.1333333333333333,0.0,9.591666666666667,3,7,11,LINE4,-0.65,NONE,NONE,,,,,-0.08,LINE4,NONE,NONE,-0.22,-0.95,0.9977530441073407,1.000641415534405,0.9991972298208729,0.9881519625751941,13.346062244926376,11.112521158356932,15.566738778537003,65.40481490750973,2.7233030734072976,0.19219547273605705,2,4,6,48.93002226115408,47.399367598825535,LIMITED,78.1,69.0,58.0,46.3,34.5,24.2,16.6,10.7,6.8,4.1,2.6,1.4,0.8,0.4,0.2,0.1,0.1,0.1,0.0,0.0,0.0,0.0,0.0,0.0,0.0,0.0,0.0,2026020053,2026-10-07T23:30:00Z
BigZ BetZ NHL · Time on Ice V1.1,2026-10-07,8482088,Justin Sourdif,WSH,PIT,C,True,HOME,13.951,13:57,14.496666666666666,15.091666666666669,15.540000000000001,12.7,15.687407407407406,15.391666666666666,-1.1671438224629487,0.9774774051838071,-1.3443333333333347,0.9757777777777777,,1.0,0.9991972298208729,0.9977530441073407,1.000641415534405,0.9991972298208729,49.19722982087289,0,0,,0.9538007302582437,27.610238095238095,0.0,0.8083333333333333,11.891666666666667,0.0,0.8083333333333333,11.891666666666667,3,7,9,LINE3,-0.18,NONE,NONE,,,,,-0.08,LINE3,NONE,NONE,0.0,-0.26,0.9977530441073407,1.000641415534405,0.9991972298208729,0.9538007302582437,13.949958860636968,10.806493614889222,17.003329475675955,73.24391516672867,2.275134306169882,0.14864491574039626,2,45,25,74.26244437002603,75.12025959982894,STRONG,79.3,73.1,65.7,57.6,49.1,40.5,32.4,25.3,19.2,14.0,10.0,7.2,5.0,3.5,2.5,1.7,1.2,0.7,0.5,0.3,0.3,0.2,0.1,0.1,0.1,0.1,0.0,2026020053,2026-10-07T23:30:00Z
BigZ BetZ NHL · Time on Ice V1.1,2026-10-07,8478440,Dylan Strome,WSH,PIT,C,True,HOME,16.691,16:41,16.493333333333332,16.273333333333333,16.376666666666665,15.608333333333334,17.97888888888889,16.666666666666664,-0.03032776513622437,1.0,0.11666666666666714,1.0,,1.0,0.9991972298208729,0.9977530441073407,1.000641415534405,0.9991972298208729,49.19722982087289,0,0,,1.0,27.610238095238095,2.033333333333333,0.05,13.525,2.033333333333333,0.05,13.525,3,7,4,LINE2,0.22,NONE,NONE,,,,,-0.08,LINE2,NONE,NONE,0.0,0.14,0.9977530441073407,1.000641415534405,0.9991972298208729,1.0,16.696472082831686,14.22764416667622,19.133727588651986,77.17927583612925,2.100563138083696,0.12678180091039307,2,45,25,75.91529585117428,76.95728596030513,STRONG,98.6,97.8,96.5,94.6,91.7,87.5,81.5,74.1,65.0,54.3,43.5,33.2,24.1,16.7,11.0,7.1,4.6,2.8,1.7,1.0,0.6,0.4,0.2,0.2,0.1,0.1,0.1,2026020053,2026-10-07T23:30:00Z
BigZ BetZ NHL · Time on Ice V1.1,2026-10-07,8477949,Alex Tuch,WSH,PIT,R,True,HOME,19.716,19:43,19.553333333333335,19.05333333333333,19.556666666666665,17.258333333333333,19.258888888888887,19.016666666666666,-0.31083437092981114,1.0,-0.0033333333333303017,1.0,,1.0,0.9991972298208729,0.9977530441073407,1.000641415534405,0.9991972298208729,49.19722982087289,0,0,,1.0,27.610238095238095,1.1916666666666667,3.325,12.741666666666667,1.1916666666666667,3.325,12.741666666666667,3,7,1,LINE1,0.55,NONE,NONE,,,,,-0.08,LINE1,NONE,NONE,0.25,0.72,0.9977530441073407,1.000641415534405,0.9991972298208729,1.0,19.716305463587627,17.351570557034535,22.065251769859664,80.19702312644046,2.1345042017139497,0.11001653818644189,2,45,25,77.18274971310498,78.36597039542241,STRONG,99.9,99.9,99.9,99.8,99.7,99.5,99.1,98.4,97.3,95.5,92.9,88.7,82.7,75.1,65.7,54.8,43.8,32.9,23.3,16.1,10.6,6.7,4.1,2.5,1.7,1.0,0.6,2026020053,2026-10-07T23:30:00Z
BigZ BetZ NHL · Time on Ice V1.1,2026-10-07,8476880,Tom Wilson,WSH,PIT,R,True,HOME,18.16,18:10,17.21,18.24833333333333,18.69222222222222,17.21666666666667,19.419259259259256,18.541666666666668,-1.1919452318781012,0.9808112511095626,-1.5642222222222195,0.9765687451703026,,1.0,0.9991972298208729,0.9977530441073407,1.000641415534405,0.9991972298208729,49.19722982087289,0,0,,0.95782961274498,27.610238095238095,2.025,4.45,10.741666666666667,2.025,4.45,10.741666666666667,3,7,2,LINE1,0.55,NONE,NONE,,,,,-0.08,LINE1,NONE,NONE,0.25,0.72,0.9977530441073407,1.000641415534405,0.9991972298208729,0.95782961274498,18.17247655921663,15.095730827755565,21.281034783811727,71.66350807560613,3.004455268761428,0.1574249551355215,2,45,25,73.59867339175457,74.38252556969294,GOOD,99.0,98.6,97.8,96.9,95.5,93.5,90.6,87.1,82.3,76.4,69.3,61.6,53.2,44.5,36.1,28.5,21.8,16.2,11.9,8.7,6.1,4.3,2.9,2.1,1.5,1.1,0.8,2026020053,2026-10-07T23:30:00Z
BigZ BetZ NHL · Time on Ice V1.1,2026-10-07,8479345,Jakob Chychrun,WSH,PIT,D,True,HOME,23.834,23:50,22.923333333333336,21.813333333333333,21.921111111111106,23.016666666666666,23.42037037037037,22.058333333333334,1.1241225605171188,1.0147572367312307,1.0542222222222284,1.013465659688783,,1.0,0.9991972298208729,0.9977530441073407,1.000641415534405,0.9991972298208729,49.19722982087289,0,0,,1.0284216123477834,27.610238095238095,2.0,0.975,20.041666666666668,2.0,0.975,20.041666666666668,3,7,1,PAIR1,0.6,NONE,NONE,,,,,-0.08,PAIR1,NONE,NONE,0.25,0.77,0.9977530441073407,1.000641415534405,0.9991972298208729,1.0284216123477834,23.83681260154333,20.942726953777555,26.754249144391252,79.61182982433024,2.4921706349454102,0.11326761208705419,2,45,25,76.93696852621869,78.09280216199735,STRONG,100.0,100.0,100.0,100.0,100.0,99.9,99.9,99.9,99.8,99.6,99.5,99.3,99.0,98.5,97.8,96.7,95.0,92.7,89.6,85.4,79.9,73.0,64.9,56.2,46.9,37.9,29.7,2026020053,2026-10-07T23:30:00Z
BigZ BetZ NHL · Time on Ice V1.1,2026-10-07,8479576,Vincent Desharnais,WSH,PIT,D,True,HOME,20.57,20:34,20.013333333333332,20.37333333333333,19.845555555555553,18.333333333333332,18.520740740740738,20.258333333333333,-0.422237199968702,0.9984745879194828,0.16777777777777914,1.0,,1.0,0.9991972298208729,0.9977530441073407,1.000641415534405,0.9991972298208729,49.19722982087289,0,0,,0.9984745879194828,27.610238095238095,0.0,4.475,13.858333333333333,0.0,4.475,13.858333333333333,3,7,2,PAIR1,0.6,NONE,NONE,,,,,-0.08,PAIR1,NONE,NONE,0.25,0.77,0.9977530441073407,1.000641415534405,0.9991972298208729,0.9984745879194828,20.591002624891964,18.231432242597798,22.909394697642878,81.1929451881334,2.097944378203361,0.10448363784370342,2,45,25,77.60103697901602,78.83086681382066,STRONG,100.0,100.0,99.9,99.9,99.9,99.8,99.6,99.4,98.8,98.0,96.7,94.9,91.9,87.5,81.2,72.7,62.9,52.1,41.0,30.1,21.4,14.3,9.2,5.8,3.4,2.0,1.2,2026020053,2026-10-07T23:30:00Z
BigZ BetZ NHL · Time on Ice V1.1,2026-10-07,8480796,Martin Fehérváry,WSH,PIT,D,True,HOME,19.219,19:13,18.880000000000003,19.121666666666663,19.466666666666665,18.833333333333336,19.658148148148147,19.55,-0.5074130124210079,0.9965749286686266,-0.5866666666666625,1.0,,1.0,0.9991972298208729,0.9977530441073407,1.000641415534405,0.9991972298208729,49.19722982087289,0,0,,0.9965749286686266,27.610238095238095,0.016666666666666666,3.683333333333333,15.133333333333333,0.016666666666666666,3.683333333333333,15.133333333333333,3,7,4,PAIR2,0.08,NONE,NONE,,,,,-0.08,PAIR2,NONE,NONE,0.0,0.0,0.9977530441073407,1.000641415534405,0.9991972298208729,0.9965749286686266,19.2171765728991,17.324652978033626,21.127799185001958,86.78624522572208,1.4402992703962931,0.07340974874598843,2,45,25,79.95022299480328,81.44181927136708,STRONG,100.0,100.0,100.0,99.9,99.8,99.7,99.4,98.8,97.9,96.1,93.2,87.7,80.0,69.1,56.1,42.2,29.1,18.9,11.5,6.6,3.7,2.0,1.0,0.6,0.3,0.2,0.1,2026020053,2026-10-07T23:30:00Z
BigZ BetZ NHL · Time on Ice V1.1,2026-10-07,8484873,Cole Hutson,WSH,PIT,D,True,HOME,18.112,18:07,18.886666666666667,17.988333333333337,17.745555555555555,19.09166666666667,17.457142857142856,18.0,1.0843575967565933,1.0171577718951217,1.3546111111111117,1.021373865130549,,1.0,0.9991972298208729,0.9977530441073407,1.000641415534405,0.9991972298208729,49.19722982087289,0,0,,1.0388983649280978,27.610238095238095,1.225,0.2833333333333333,17.583333333333332,1.225,0.2833333333333333,17.583333333333332,3,7,5,PAIR3,-0.6,NONE,NONE,,,,,-0.08,PAIR3,NONE,NONE,-0.22,-0.8999999999999999,0.9977530441073407,1.000641415534405,0.9991972298208729,1.0388983649280978,18.112185704726862,15.54545861723216,20.65811678450994,74.23956322994708,2.527593781459765,0.14311353761140513,2,14,16,64.24061655657776,64.1874281157393,MODERATE,99.5,99.3,98.9,98.2,97.3,96.0,93.7,90.4,85.8,79.6,71.7,62.4,52.2,42.1,32.2,23.7,16.8,11.3,7.6,5.0,3.2,2.0,1.3,0.8,0.5,0.3,0.3,2026020053,2026-10-07T23:30:00Z
BigZ BetZ NHL · Time on Ice V1.1,2026-10-07,8480043,Timothy Liljegren,WSH,PIT,D,True,HOME,17.609,17:37,17.766666666666666,18.371666666666666,18.738888888888887,17.991666666666667,19.84777777777778,18.991666666666667,-0.5350427006976375,0.9957950105163644,-0.9722222222222214,1.0,,1.0,0.9991972298208729,0.9977530441073407,1.000641415534405,0.9991972298208729,49.19722982087289,0,0,,0.9957950105163644,27.610238095238095,0.016666666666666666,3.066666666666667,14.908333333333333,0.016666666666666666,3.066666666666667,14.908333333333333,3,7,6,PAIR3,-0.6,NONE,NONE,,,,,-0.08,PAIR3,NONE,NONE,-0.22,-0.8999999999999999,0.9977530441073407,1.000641415534405,0.9991972298208729,0.9957950105163644,17.621142885248233,14.639237674170491,20.589629813989042,73.85126459215431,2.792709153349965,0.14527075226580943,2,45,25,74.5175311287048,75.40377031161763,STRONG,98.6,97.9,97.0,95.5,93.6,90.9,87.0,82.0,76.0,68.7,60.6,52.1,43.2,34.8,27.1,20.6,15.1,10.7,7.5,5.2,3.6,2.5,1.6,1.2,0.8,0.5,0.4,2026020053,2026-10-07T23:30:00Z
BigZ BetZ NHL · Time on Ice V1.1,2026-10-07,8475795,Dylan McIlrath,WSH,PIT,D,True,HOME,8.364,8:22,9.440000000000001,8.631666666666666,9.312820512820512,,9.312820512820512,9.25,0.5980242132161102,1.0113201280375599,0.12717948717948957,1.0,,1.0,0.9991972298208729,0.9977530441073407,1.000641415534405,0.9991972298208729,49.19722982087289,0,0,,1.0113201280375599,27.610238095238095,0.0,0.15897433333333336,9.153846,0.0,0.15897433333333336,9.153846,3,7,7,PAIR3,-0.6,NONE,NONE,,,,,-0.08,PAIR3,NONE,NONE,-0.22,-0.8999999999999999,0.9977530441073407,1.000641415534405,0.9991972298208729,1.0113201280375599,8.36208954235904,8.0,12.07283248095411,43.30775458826899,2.933137255490128,0.31495691895406114,0,13,13,44.76925692707297,40.88925984180396,LIMITED,10.4,7.8,6.0,4.3,3.2,2.3,1.8,1.3,1.0,0.7,0.5,0.4,0.3,0.2,0.2,0.1,0.1,0.1,0.0,0.0,0.0,0.0,0.0,0.0,0.0,0.0,0.0,2026020053,2026-10-07T23:30:00Z
BigZ BetZ NHL · Time on Ice V1.1,2026-10-07,8478911,Matt Roy,WSH,PIT,D,True,HOME,19.466,19:28,19.276666666666664,19.183333333333334,19.34888888888889,18.425,20.57111111111111,19.78333333333333,-0.3628580596074187,0.9997196424419302,-0.0722222222222264,1.0,,1.0,0.9991972298208729,0.9977530441073407,1.000641415534405,0.9991972298208729,49.19722982087289,0,0,,0.9997196424419302,27.610238095238095,0.0,4.908333333333333,13.516666666666667,0.0,4.908333333333333,13.516666666666667,3,7,3,PAIR2,0.08,NONE,NONE,,,,,-0.08,PAIR2,NONE,NONE,0.0,0.0,0.9977530441073407,1.000641415534405,0.9991972298208729,0.9997196424419302,19.487051714199122,17.30678516365567,21.69462089014779,79.77624981837866,2.2494240653400586,0.1123541676756741,2,45,25,77.00602492371904,78.16955341521916,STRONG,100.0,99.9,99.9,99.8,99.7,99.5,99.0,98.4,97.3,95.5,92.6,88.0,81.5,72.3,61.6,49.7,37.9,27.0,18.4,11.9,7.4,4.6,2.6,1.5,0.9,0.5,0.3,2026020053,2026-10-07T23:30:00Z
BigZ BetZ NHL · Time on Ice V1.1,2026-10-07,8486171,T.J. Hughes,COL,WPG,R,False,AWAY,16.915,16:55,16.758333333333333,16.758333333333333,16.758333333333333,16.758333333333333,,16.758333333333333,0.215815112722332,1.0,0.0,1.0,,1.0,1.0026992516899147,1.0053573757149639,1.0000411276648655,1.0026992516899147,52.699251689914696,0,0,,1.0,28.421428571428574,4.541666666666667,0.0,12.216666666666667,4.541666666666667,0.0,12.216666666666667,3,7,6,LINE2,0.22,NONE,NONE,,,,,-0.08,LINE2,NONE,NONE,0.0,0.14,1.0053573757149639,1.0000411276648655,1.0026992516899147,1.0,16.93040486347011,14.598147054779135,19.253633395578017,65.0,,,2,0,2,44.120000000000005,42.144800000000004,LIMITED,99.3,98.7,97.9,96.5,94.4,90.9,85.7,78.7,69.7,59.5,48.5,37.2,27.2,18.8,12.4,8.0,5.0,2.9,1.7,1.1,0.7,0.4,0.2,0.2,0.1,0.1,0.0,2026020054,2026-10-07T23:30:00Z
BigZ BetZ NHL · Time on Ice V1.1,2026-10-07,8475172,Nazem Kadri,COL,WPG,C,False,AWAY,15.917,15:55,14.993333333333334,15.893333333333334,17.183333333333334,18.2,18.52037037037037,17.96666666666667,-1.3332278819045715,0.9753063809226276,-2.25,0.965,,1.0,1.0026992516899147,1.0053573757149639,1.0000411276648655,1.0026992516899147,52.699251689914696,0,0,,0.9411706575903356,28.421428571428574,2.966666666666667,0.06666666666666667,15.166666666666666,2.966666666666667,0.06666666666666667,15.166666666666666,3,7,7,LINE3,-0.18,NONE,NONE,,,,,-0.08,LINE3,NONE,NONE,0.0,-0.26,1.0053573757149639,1.0000411276648655,1.0026992516899147,0.9411706575903356,15.924959296981836,12.843339758100935,18.963963991450527,61.90670926345004,3.7659450480939256,0.2116293929808331,2,45,25,69.50081789064902,69.82805188417848,GOOD,94.4,92.1,89.0,84.7,79.3,73.0,65.6,57.6,48.8,40.2,32.1,24.6,18.5,13.6,9.8,6.9,4.8,3.3,2.2,1.5,1.1,0.7,0.5,0.4,0.2,0.1,0.1,2026020054,2026-10-07T23:30:00Z
BigZ BetZ NHL · Time on Ice V1.1,2026-10-07,8480448,Parker Kelly,COL,WPG,C,False,AWAY,12.893,12:54,13.283333333333335,12.624999999999998,12.409999999999998,14.2,13.452592592592595,13.258333333333333,0.9812394222385095,1.021087601550824,1.1983333333333355,1.027037335482138,,1.0,1.0026992516899147,1.0053573757149639,1.0000411276648655,1.0026992516899147,52.699251689914696,0,0,,1.0486950895906053,28.421428571428574,0.0,2.4833333333333334,11.716666666666667,0.0,2.4833333333333334,11.716666666666667,3,7,12,LINE4,-0.65,NONE,NONE,,,,,-0.08,LINE4,NONE,NONE,-0.22,-0.95,1.0053573757149639,1.0000411276648655,1.0026992516899147,1.0486950895906053,12.900514908359796,11.03013988149993,14.772301805709535,79.2213506099999,1.4774966480602385,0.1154369410555561,2,45,25,76.77296725619996,77.91052646474796,STRONG,73.9,61.5,47.2,33.4,22.2,13.4,7.6,4.2,2.2,1.1,0.6,0.3,0.2,0.1,0.1,0.1,0.0,0.0,0.0,0.0,0.0,0.0,0.0,0.0,0.0,0.0,0.0,2026020054,2026-10-07T23:30:00Z
BigZ BetZ NHL · Time on Ice V1.1,2026-10-07,8482742,Zachary L'Heureux,COL,WPG,L,False,AWAY,13.717,13:43,13.8,14.326666666666664,14.417777777777776,,13.390666666666666,14.05,-0.47860473144847226,0.9962357677411142,-0.6177777777777749,1.0,,1.0,1.0026992516899147,1.0053573757149639,1.0000411276648655,1.0026992516899147,52.699251689914696,0,0,,0.9962357677411142,28.421428571428574,0.446,1.846,11.098666666666666,0.446,1.846,11.098666666666666,3,7,9,LINE3,-0.18,NONE,NONE,,,,,-0.08,LINE3,NONE,NONE,0.0,-0.26,1.0053573757149639,1.0000411276648655,1.0026992516899147,0.9962357677411142,13.687525501732075,11.122322234809175,16.302199937587236,74.3588083545339,1.9962142532877676,0.14245106469703386,0,25,25,71.73069950890424,70.58069173989642,GOOD,80.6,72.9,64.0,53.9,43.8,34.1,25.6,18.3,12.6,8.6,5.8,3.7,2.4,1.5,0.9,0.6,0.4,0.3,0.2,0.2,0.1,0.0,0.0,0.0,0.0,0.0,0.0,2026020054,2026-10-07T23:30:00Z
BigZ BetZ NHL · Time on Ice V1.1,2026-10-07,8476455,Gabriel Landeskog,COL,WPG,L,False,AWAY,17.81,17:49,18.403333333333336,16.638333333333332,16.169999999999998,16.225,17.242962962962963,16.7,1.4261628177503347,1.0275591085653761,1.3618333333333377,1.0235815295815296,,1.0,1.0026992516899147,1.0053573757149639,1.0000411276648655,1.0026992516899147,52.699251689914696,0,0,,1.0517905240807808,28.421428571428574,4.641666666666667,0.0,11.583333333333334,4.641666666666667,0.0,11.583333333333334,3,7,5,LINE2,0.22,NONE,NONE,,,,,-0.08,LINE2,NONE,NONE,0.0,0.14,1.0053573757149639,1.0000411276648655,1.0026992516899147,1.0517905240807808,17.80746293050874,13.748003856466129,21.79734098435433,65.78953769709472,3.310812518425611,0.19005812390502935,2,45,25,71.13160583277978,71.6405561970038,GOOD,96.2,95.0,93.3,91.1,88.7,85.5,81.6,77.2,72.2,66.4,60.2,53.9,47.4,40.8,34.5,28.9,23.5,18.9,14.9,11.7,9.1,6.8,5.2,3.9,2.9,2.2,1.6,2026020054,2026-10-07T23:30:00Z
BigZ BetZ NHL · Time on Ice V1.1,2026-10-07,8477476,Artturi Lehkonen,COL,WPG,L,False,AWAY,19.955,19:57,18.89666666666667,18.575,16.55111111111111,19.441666666666666,17.658148148148147,17.233333333333334,1.8115219855979987,1.035,2.25,1.035,,1.0,1.0026992516899147,1.0053573757149639,1.0000411276648655,1.0026992516899147,52.699251689914696,0,0,,1.0712249999999999,28.421428571428574,2.5083333333333333,3.35,13.583333333333334,2.5083333333333333,3.35,13.583333333333334,3,7,3,LINE1,0.55,NONE,NONE,,,,,-0.08,LINE1,NONE,NONE,0.25,0.72,1.0053573757149639,1.0000411276648655,1.0026992516899147,1.0712249999999999,19.939232874312317,16.39915053377129,23.459716234926496,56.943128563823166,4.0331929618896565,0.23920484131209352,2,45,25,67.41611399680573,67.51105241359267,GOOD,99.4,99.1,98.8,98.4,97.8,96.9,95.7,94.2,92.1,89.4,86.0,81.8,76.5,70.6,64.0,56.5,48.9,41.6,34.5,27.7,21.9,17.1,13.1,9.7,7.3,5.2,3.8,2026020054,2026-10-07T23:30:00Z
BigZ BetZ NHL · Time on Ice V1.1,2026-10-07,8477492,Nathan MacKinnon,COL,WPG,C,False,AWAY,21.732,21:44,21.343333333333334,21.7,21.715555555555557,18.0,22.474444444444448,21.916666666666664,-0.8961960395381503,0.9893557655599956,-0.37222222222222356,1.0,,1.0,1.0026992516899147,1.0053573757149639,1.0000411276648655,1.0026992516899147,52.699251689914696,0,0,,0.9893557655599956,28.421428571428574,4.566666666666666,0.1,13.333333333333334,4.566666666666666,0.1,13.333333333333334,3,7,2,LINE1,0.55,NONE,NONE,,,,,-0.08,LINE1,NONE,NONE,0.25,0.72,1.0053573757149639,1.0000411276648655,1.0026992516899147,0.9893557655599956,21.727333062794315,19.02326845865629,24.473298667211704,78.26869721596854,2.6780812444820987,0.12072945991128588,2,45,25,76.37285283070679,77.46582786041411,STRONG,100.0,99.9,99.9,99.9,99.8,99.8,99.6,99.5,99.2,98.8,98.2,97.1,95.6,93.4,90.2,85.8,80.0,72.8,64.2,54.5,44.9,35.4,26.8,19.7,14.2,9.8,6.6,2026020054,2026-10-07T23:30:00Z
BigZ BetZ NHL · Time on Ice V1.1,2026-10-07,8480039,Martin Necas,COL,WPG,C,False,AWAY,22.306,22:18,22.423333333333336,22.18,21.52333333333333,19.266666666666666,21.94962962962963,21.891666666666666,0.19489826539711075,1.0,0.9000000000000057,1.0,,1.0,1.0026992516899147,1.0053573757149639,1.0000411276648655,1.0026992516899147,52.699251689914696,0,0,,1.0,28.421428571428574,5.016666666666667,0.0,14.25,5.016666666666667,0.0,14.25,3,7,1,LINE1,0.55,NONE,NONE,,,,,-0.08,LINE1,NONE,NONE,0.25,0.72,1.0053573757149639,1.0000411276648655,1.0026992516899147,1.0,22.277528503024165,19.144661516809656,25.467931805968714,74.93589763177009,3.0759223406344374,0.13924501315683283,2,45,25,74.97307700534344,75.91007701451028,STRONG,99.9,99.9,99.9,99.8,99.8,99.6,99.5,99.3,98.9,98.4,97.8,96.9,95.6,93.6,91.0,87.5,82.8,77.3,70.6,63.1,54.7,46.2,37.9,30.3,23.7,18.1,13.5,2026020054,2026-10-07T23:30:00Z
BigZ BetZ NHL · Time on Ice V1.1,2026-10-07,8475754,Brock Nelson,COL,WPG,C,False,AWAY,19.136,19:08,18.78666666666667,19.553333333333335,19.194444444444443,17.708333333333336,20.54074074074074,19.325000000000003,-0.6316996782495465,0.9938068961946986,-0.407777777777774,1.0,,1.0,1.0026992516899147,1.0053573757149639,1.0000411276648655,1.0026992516899147,52.699251689914696,0,0,,0.9938068961946986,28.421428571428574,2.183333333333333,3.566666666666667,11.958333333333334,2.183333333333333,3.566666666666667,11.958333333333334,3,7,4,LINE2,0.22,NONE,NONE,,,,,-0.08,LINE2,NONE,NONE,0.0,0.14,1.0053573757149639,1.0000411276648655,1.0026992516899147,0.9938068961946986,19.146139908880002,15.96579662538755,22.2930598988532,75.98075600969021,2.638224831806018,0.13344024439060995,2,45,25,75.41191752406989,76.3978169053234,STRONG,99.4,99.2,98.8,98.2,97.4,96.2,94.7,92.5,89.8,86.0,81.1,75.2,68.1,60.4,52.6,44.0,36.0,28.4,21.8,16.5,12.2,8.7,6.2,4.3,3.1,2.0,1.4,2026020054,2026-10-07T23:30:00Z
BigZ BetZ NHL · Time on Ice V1.1,2026-10-07,8481186,Logan O'Connor,COL,WPG,R,False,AWAY,10.712,10:43,11.716666666666665,10.801666666666666,11.444871794871794,,11.444871794871794,12.066666666666666,0.6180006664631446,1.0099097772670371,0.27179487179487083,1.0,,1.0,1.0026992516899147,1.0053573757149639,1.0000411276648655,1.0026992516899147,52.699251689914696,0,0,,1.0099097772670371,28.421428571428574,0.001282,1.3897435,10.053846,0.001282,1.3897435,10.053846,3,7,13,LINE4,-0.65,NONE,NONE,,,,,-0.08,LINE4,NONE,NONE,-0.22,-0.95,1.0053573757149639,1.0000411276648655,1.0026992516899147,1.0099097772670371,10.71309201047523,7.539338117926798,13.821462408517352,61.9033254573746,2.4222864219516875,0.21164819190347445,0,13,13,52.57939669209733,49.569672323502466,LIMITED,29.4,22.5,17.1,12.5,8.9,6.1,4.3,3.0,2.1,1.4,1.0,0.7,0.5,0.3,0.2,0.2,0.1,0.1,0.0,0.0,0.0,0.0,0.0,0.0,0.0,0.0,0.0,2026020054,2026-10-07T23:30:00Z
BigZ BetZ NHL · Time on Ice V1.1,2026-10-07,8478462,Nicolas Roy,COL,WPG,C,False,AWAY,12.85,12:51,14.436666666666664,13.063333333333336,13.567777777777781,12.541666666666666,14.05,13.608333333333334,0.5838807184654726,1.0072390260685358,0.6398888888888836,1.0132054704774383,,1.0,1.0026992516899147,1.0053573757149639,1.0000411276648655,1.0026992516899147,52.699251689914696,0,0,,1.0205400912910074,28.421428571428574,0.0,1.475,11.066666666666666,0.0,1.475,11.066666666666666,3,7,11,LINE4,-0.65,NONE,NONE,,,,,-0.08,LINE4,NONE,NONE,-0.22,-0.95,1.0053573757149639,1.0000411276648655,1.0026992516899147,1.0205400912910074,12.835218711470231,10.286703338555785,15.431801103287345,66.07001464818879,2.5654838924341705,0.18849991862117343,2,45,25,71.24940615223929,71.77148283777453,GOOD,66.5,56.9,46.8,37.1,28.0,20.3,13.9,9.5,6.3,4.1,2.7,1.7,1.0,0.6,0.4,0.3,0.2,0.1,0.1,0.1,0.0,0.0,0.0,0.0,0.0,0.0,0.0,2026020054,2026-10-07T23:30:00Z
BigZ BetZ NHL · Time on Ice V1.1,2026-10-07,8475768,Jaden Schwartz,COL,WPG,L,False,AWAY,14.678,14:41,15.016666666666666,15.208333333333334,14.717777777777778,13.524999999999999,15.975555555555555,15.183333333333334,-0.011051213862673492,1.0,0.29888888888888765,1.0,,1.0,1.0026992516899147,1.0053573757149639,1.0000411276648655,1.0026992516899147,52.699251689914696,0,0,,1.0,28.421428571428574,2.658333333333333,0.0,10.866666666666667,2.658333333333333,0.0,10.866666666666667,3,7,8,LINE3,-0.18,NONE,NONE,,,,,-0.08,LINE3,NONE,NONE,0.0,-0.26,1.0053573757149639,1.0000411276648655,1.0026992516899147,1.0,14.688197953407752,12.295382517970323,17.087408969731555,70.03483722770702,2.4638022723885333,0.16647312651273877,2,45,25,72.91463163563694,73.62226201789363,GOOD,92.2,88.1,82.3,74.2,64.9,54.1,43.1,32.8,23.9,16.3,10.8,7.0,4.3,2.7,1.6,1.0,0.6,0.4,0.2,0.1,0.1,0.0,0.0,0.0,0.0,0.0,0.0,2026020054,2026-10-07T23:30:00Z
BigZ BetZ NHL · Time on Ice V1.1,2026-10-07,8482768,Fedor Svechkov,COL,WPG,C,False,AWAY,13.207,13:12,14.25,13.2,13.047777777777776,15.275,12.047407407407407,12.441666666666666,1.2168517023510521,1.0273690923738243,1.699722222222224,1.035,,1.0,1.0026992516899147,1.0053573757149639,1.0000411276648655,1.0026992516899147,52.699251689914696,0,0,,1.0633270106069082,28.421428571428574,0.0,0.95,14.325,0.0,0.95,14.325,3,7,10,LINE4,-0.65,NONE,NONE,,,,,-0.08,LINE4,NONE,NONE,-0.22,-0.95,1.0053573757149639,1.0000411276648655,1.0026992516899147,1.0633270106069082,13.184254852087331,9.907259734829182,16.51503526974778,68.08242573804799,2.228467302983788,0.1773198570108445,2,45,25,72.09461880998015,72.7108763345208,GOOD,68.6,61.2,53.2,44.7,36.8,29.7,23.2,17.7,13.5,10.1,7.3,5.2,3.6,2.6,1.8,1.2,0.8,0.5,0.4,0.3,0.2,0.2,0.1,0.1,0.1,0.0,0.0,2026020054,2026-10-07T23:30:00Z
BigZ BetZ NHL · Time on Ice V1.1,2026-10-07,8470613,Brent Burns,COL,WPG,D,False,AWAY,16.149,16:09,17.586666666666666,18.084999999999997,17.785555555555554,14.274999999999999,18.367407407407413,17.541666666666668,-0.9865162764063165,0.9849035487207605,-0.198888888888888,1.0,,1.0,1.0026992516899147,1.0053573757149639,1.0000411276648655,1.0026992516899147,52.699251689914696,0,0,,0.9849035487207605,28.421428571428574,0.0,2.558333333333333,11.716666666666667,0.0,2.558333333333333,11.716666666666667,3,7,5,PAIR3,-0.6,NONE,NONE,,,,,-0.08,PAIR3,NONE,NONE,-0.22,-0.8999999999999999,1.0053573757149639,1.0000411276648655,1.0026992516899147,0.9849035487207605,16.13714892139675,13.62185112351519,18.655237529689554,77.96150298942958,2.1247763900237455,0.12243609450316903,2,45,25,76.24383125556042,77.32242959546574,STRONG,97.5,96.2,94.0,90.9,86.6,80.6,72.8,63.4,52.9,42.4,32.5,23.7,16.6,11.3,7.4,4.7,2.9,1.8,1.1,0.7,0.4,0.3,0.1,0.1,0.1,0.0,0.0,2026020054,2026-10-07T23:30:00Z
BigZ BetZ NHL · Time on Ice V1.1,2026-10-07,8478454,Noah Juulsen,COL,WPG,D,False,AWAY,12.077,12:05,13.4,12.733333333333334,12.68,11.083333333333332,13.934444444444443,12.5,0.484174688181076,1.0044256638017288,1.2774999999999999,1.0282097791798108,,1.0,1.0026992516899147,1.0053573757149639,1.0000411276648655,1.0026992516899147,52.699251689914696,0,0,,1.0327602899801105,28.421428571428574,0.0,0.09166666666666666,10.991666666666667,0.0,0.09166666666666666,10.991666666666667,3,7,7,PAIR3,-0.6,NONE,NONE,,,,,-0.08,PAIR3,NONE,NONE,-0.22,-0.8999999999999999,1.0053573757149639,1.0000411276648655,1.0026992516899147,1.0327602899801105,12.049421161455271,8.661210466969647,15.50584013787725,59.47339817352365,2.987148276293195,0.22514778792486861,2,45,25,68.47882723287994,68.69218226740085,GOOD,50.7,43.2,35.8,29.2,23.1,17.8,13.7,10.0,7.2,5.1,3.7,2.8,2.0,1.4,1.0,0.7,0.5,0.4,0.3,0.2,0.1,0.1,0.1,0.0,0.0,0.0,0.0,2026020054,2026-10-07T23:30:00Z
BigZ BetZ NHL · Time on Ice V1.1,2026-10-07,8476967,Brett Kulak,COL,WPG,D,False,AWAY,19.4,19:24,19.75,20.751666666666665,20.494444444444447,18.266666666666666,19.764074074074077,20.45,-1.1023010456632356,0.984513826166012,-1.2519444444444483,0.9828956356736243,,1.0,1.0026992516899147,1.0053573757149639,1.0000411276648655,1.0026992516899147,52.699251689914696,0,0,,0.9676743429989144,28.421428571428574,0.0,2.5,15.766666666666667,0.0,2.5,15.766666666666667,3,7,3,PAIR2,0.08,NONE,NONE,,,,,-0.08,PAIR2,NONE,NONE,0.0,0.0,1.0053573757149639,1.0000411276648655,1.0026992516899147,0.9676743429989144,19.40269177195708,16.662474867307928,22.102773837995144,81.5092953793687,2.038856999766555,0.10272613678128505,2,45,25,77.73390405933485,78.9785390830893,STRONG,99.8,99.7,99.5,99.3,98.9,98.2,97.3,96.1,94.0,91.1,87.2,82.0,75.3,67.0,57.8,48.1,38.5,29.8,21.6,15.5,10.9,7.3,4.9,3.4,2.3,1.4,0.9,2026020054,2026-10-07T23:30:00Z
BigZ BetZ NHL · Time on Ice V1.1,2026-10-07,8480069,Cale Makar,COL,WPG,D,False,AWAY,21.978,21:59,20.5,22.905,23.236666666666668,19.15,24.443703703703704,24.275,-2.481319777285023,0.965,-2.25,0.9728876775211591,,1.0,1.0026992516899147,1.0053573757149639,1.0000411276648655,1.0026992516899147,52.699251689914696,0,0,,0.9388366088079185,28.421428571428574,5.075,1.6583333333333334,12.416666666666666,5.075,1.6583333333333334,12.416666666666666,3,7,2,PAIR1,0.6,NONE,NONE,,,,,-0.08,PAIR1,NONE,NONE,0.25,0.77,1.0053573757149639,1.0000411276648655,1.0026992516899147,0.9388366088079185,21.955114391290085,18.773962302286353,25.15908660944246,76.40448393977616,3.100188637912744,0.13108620033457694,2,45,25,75.58988325470598,76.59561310308752,STRONG,99.9,99.9,99.8,99.8,99.7,99.5,99.3,99.0,98.6,97.9,97.0,95.8,94.1,91.7,88.5,84.4,78.9,72.8,65.3,57.6,49.2,40.8,33.1,26.4,20.1,14.7,11.1,2026020054,2026-10-07T23:30:00Z
BigZ BetZ NHL · Time on Ice V1.1,2026-10-07,8484258,Sam Malinski,COL,WPG,D,False,AWAY,17.979,17:59,18.90666666666667,19.938333333333333,19.86777777777778,15.033333333333333,19.05962962962963,19.9,-1.6308252160215915,0.9726468469605765,-1.9666111111111109,0.9722842122923774,,1.0,1.0026992516899147,1.0053573757149639,1.0000411276648655,1.0026992516899147,52.699251689914696,0,0,,0.9456891734357287,28.421428571428574,0.08333333333333333,0.43333333333333335,14.516666666666667,0.08333333333333333,0.43333333333333335,14.516666666666667,3,7,4,PAIR2,0.08,NONE,NONE,,,,,-0.08,PAIR2,NONE,NONE,0.0,0.0,1.0053573757149639,1.0000411276648655,1.0026992516899147,0.9456891734357287,17.956152961050947,15.224800583414336,20.73566376912514,76.3471067201528,2.558454623103473,0.1314049626658178,2,45,25,75.56578482246417,76.56882941696732,STRONG,99.3,98.9,98.3,97.5,96.2,94.4,91.6,87.7,82.6,75.9,67.9,58.7,49.2,39.8,30.8,23.1,16.9,11.8,8.2,5.5,3.7,2.3,1.6,1.0,0.6,0.4,0.2,2026020054,2026-10-07T23:30:00Z
BigZ BetZ NHL · Time on Ice V1.1,2026-10-07,8476312,Josh Manson,COL,WPG,D,False,AWAY,15.693,15:42,16.776666666666664,17.398333333333333,17.087777777777777,15.558333333333334,17.852592592592597,16.450000000000003,-0.7770432573429282,0.9894847314234889,-0.31111111111111356,1.0,,1.0,1.0026992516899147,1.0053573757149639,1.0000411276648655,1.0026992516899147,52.699251689914696,0,0,,0.9894847314234889,28.421428571428574,0.0,2.6083333333333334,12.95,0.0,2.6083333333333334,12.95,3,7,6,PAIR3,-0.6,NONE,NONE,,,,,-0.08,PAIR3,NONE,NONE,-0.22,-0.8999999999999999,1.0053573757149639,1.0000411276648655,1.0026992516899147,0.9894847314234889,15.69847140067543,12.736802533578832,18.640099729626836,73.35648905257486,2.467978551092973,0.14801950526347296,2,45,25,74.30972540208144,75.17280908974195,STRONG,94.2,91.5,88.0,83.6,77.6,70.3,62.2,53.4,44.6,36.1,28.1,21.3,15.4,11.0,7.9,5.4,3.6,2.5,1.7,1.2,0.8,0.6,0.4,0.2,0.2,0.1,0.1,2026020054,2026-10-07T23:30:00Z
BigZ BetZ NHL · Time on Ice V1.1,2026-10-07,8478038,Devon Toews,COL,WPG,D,False,AWAY,22.838,22:50,23.926666666666666,23.983333333333334,22.46555555555556,19.491666666666667,22.137777777777778,20.933333333333334,0.11763875808546942,1.0,1.461111111111105,1.0,,1.0,1.0026992516899147,1.0053573757149639,1.0000411276648655,1.0026992516899147,52.699251689914696,0,0,,1.0,28.421428571428574,2.216666666666667,2.158333333333333,15.116666666666667,2.216666666666667,2.158333333333333,15.116666666666667,3,7,1,PAIR1,0.6,NONE,NONE,,,,,-0.08,PAIR1,NONE,NONE,0.25,0.77,1.0053573757149639,1.0000411276648655,1.0026992516899147,1.0,22.82686609610861,19.216914514527843,26.39716719645538,71.13605809377528,3.5288841567573264,0.16035523281235955,2,45,25,73.37714439938561,74.1363119181743,GOOD,99.9,99.8,99.8,99.7,99.6,99.4,99.3,99.0,98.7,98.2,97.5,96.5,95.2,93.5,91.2,88.2,84.3,79.8,74.3,68.5,61.8,54.7,47.6,40.5,33.5,27.2,21.3,2026020054,2026-10-07T23:30:00Z
BigZ BetZ NHL · Time on Ice V1.1,2026-10-07,8480289,Morgan Barron,WPG,COL,C,True,HOME,15.243,15:15,15.326666666666664,14.254999999999999,14.083333333333334,16.522222222222222,13.10962962962963,13.775,1.3291400542646983,1.0287272092412305,1.7813333333333317,1.035,,1.0,1.0026992516899147,1.0000411276648655,1.0053573757149639,1.0026992516899147,52.699251689914696,0,0,,1.0647326615646735,28.421428571428574,0.016666666666666666,2.8555555,13.65,0.016666666666666666,2.8555555,13.65,3,7,7,LINE3,-0.18,NONE,NONE,,,,,-0.08,LINE3,NONE,NONE,0.0,-0.26,1.0000411276648655,1.0053573757149639,1.0026992516899147,1.0647326615646735,15.23606599915059,12.63793706521503,17.889851209544265,77.05369016899643,1.7792951081457355,0.12747949906113099,3,45,25,75.8625498709785,77.61866257088752,STRONG,94.1,91.1,86.9,81.1,73.4,64.7,54.8,44.7,34.8,26.1,18.8,13.2,9.1,6.1,3.9,2.6,1.7,1.1,0.7,0.5,0.3,0.2,0.1,0.1,0.0,0.0,0.0,2026020054,2026-10-07T23:30:00Z
BigZ BetZ NHL · Time on Ice V1.1,2026-10-07,8486025,Viggo Björck,WPG,COL,C,True,HOME,13.749,13:45,14.183333333333332,14.183333333333332,14.183333333333332,14.183333333333332,,13.5,-0.09435193826461763,1.0,0.0,1.0,,1.0,1.0026992516899147,1.0000411276648655,1.0053573757149639,1.0026992516899147,52.699251689914696,0,0,,1.0,28.421428571428574,1.0722221666666667,1.0055555,12.105555500000001,1.0722221666666667,1.0055555,12.105555500000001,3,7,8,LINE3,-0.18,NONE,NONE,,,,,-0.08,LINE3,NONE,NONE,0.0,-0.26,1.0000411276648655,1.0053573757149639,1.0026992516899147,1.0,13.745930910884065,11.39530555747706,16.115842732493086,83.30363921534261,1.3156113914577254,0.09275755991476325,3,0,3,48.0,48.0,LIMITED,83.4,75.9,66.6,55.7,44.3,33.4,24.0,16.6,11.1,7.1,4.4,2.6,1.6,0.9,0.6,0.4,0.2,0.1,0.1,0.0,0.0,0.0,0.0,0.0,0.0,0.0,0.0,2026020054,2026-10-07T23:30:00Z
BigZ BetZ NHL · Time on Ice V1.1,2026-10-07,8478398,Kyle Connor,WPG,COL,L,True,HOME,21.75,21:45,20.43333333333333,20.69833333333333,21.23111111111111,21.0,22.011111111111113,21.433333333333334,-0.45234428826521267,0.9979592079286467,-0.5427777777777802,0.992841741678878,,1.0,1.0026992516899147,1.0000411276648655,1.0053573757149639,1.0026992516899147,52.699251689914696,0,0,,0.9908155581243511,28.421428571428574,2.6666666666666665,1.6277776666666666,16.7055555,2.6666666666666665,1.6277776666666666,16.7055555,3,7,1,LINE1,0.55,NONE,NONE,,,,,-0.08,LINE1,NONE,NONE,0.25,0.72,1.0000411276648655,1.0053573757149639,1.0026992516899147,0.9908155581243511,21.742616004760073,19.431522205182823,24.045500654534113,84.67250127551061,1.8561884797925616,0.08515277069160768,3,45,25,79.06245053571445,81.17512359540835,STRONG,100.0,100.0,100.0,100.0,99.9,99.9,99.8,99.8,99.7,99.5,99.1,98.6,97.6,96.1,93.5,89.4,83.6,75.9,66.4,55.5,44.1,33.2,23.3,15.8,10.4,6.5,4.0,2026020054,2026-10-07T23:30:00Z
BigZ BetZ NHL · Time on Ice V1.1,2026-10-07,8480113,Alex Iafallo,WPG,COL,L,True,HOME,14.309,14:19,13.77,16.003333333333334,15.986666666666668,11.444444444444443,16.04222222222222,16.133333333333333,-2.6591962499378905,0.965,-2.25,0.965,,1.0,1.0026992516899147,1.0000411276648655,1.0053573757149639,1.0026992516899147,52.699251689914696,0,0,,0.931225,28.421428571428574,0.23333333333333334,1.6666666666666667,9.544444333333333,0.23333333333333334,1.6666666666666667,9.544444333333333,3,7,5,LINE2,0.22,NONE,NONE,,,,,-0.08,LINE2,NONE,NONE,0.0,0.14,1.0000411276648655,1.0053573757149639,1.0026992516899147,0.931225,14.311860032653705,11.379392873872932,17.28476006262702,67.52299138859226,2.9021815750805193,0.18042782561893186,3,45,25,71.85965638320874,73.16973238019486,GOOD,84.9,79.4,72.6,64.7,55.8,46.6,37.9,30.0,22.6,16.7,12.0,8.6,6.1,4.1,2.8,1.9,1.3,0.9,0.6,0.4,0.3,0.2,0.1,0.1,0.1,0.0,0.0,2026020054,2026-10-07T23:30:00Z
BigZ BetZ NHL · Time on Ice V1.1,2026-10-07,8481043,Cole Koepke,WPG,COL,L,True,HOME,10.556,10:33,12.566666666666666,12.418333333333333,12.265555555555553,8.483333333333333,10.553703703703704,11.483333333333334,-0.26421538054219873,1.0,0.30111111111111377,1.0,,1.0,1.0026992516899147,1.0000411276648655,1.0053573757149639,1.0026992516899147,52.699251689914696,0,0,,1.0,28.421428571428574,0.0,1.1666666666666667,7.316666666666666,0.0,1.1666666666666667,7.316666666666666,3,7,12,LINE4,-0.65,NONE,NONE,,,,,-0.08,LINE4,NONE,NONE,-0.22,-0.95,1.0000411276648655,1.0053573757149639,1.0026992516899147,1.0,10.543051748539327,7.636547892092892,13.332655638490243,60.650751973429955,2.4957624905741187,0.2186069334809447,1,45,25,68.97331582884058,68.52177102119711,GOOD,24.2,17.9,12.7,8.9,6.0,4.0,2.6,1.6,1.1,0.7,0.4,0.3,0.2,0.1,0.1,0.0,0.0,0.0,0.0,0.0,0.0,0.0,0.0,0.0,0.0,0.0,0.0,2026020054,2026-10-07T23:30:00Z
BigZ BetZ NHL · Time on Ice V1.1,2026-10-07,8483471,Brad Lambert,WPG,COL,C,True,HOME,11.078,11:05,12.623333333333331,12.003333333333334,11.635555555555555,11.649999999999999,10.806,11.341666666666667,0.6089161139821524,1.0092099498807372,0.5497777777777761,1.0132299465240642,,1.0,1.0026992516899147,1.0000411276648655,1.0053573757149639,1.0026992516899147,52.699251689914696,0,0,,1.022561743549213,28.421428571428574,0.0,0.0,11.65,0.0,0.0,11.65,3,7,10,LINE4,-0.65,NONE,NONE,,,,,-0.08,LINE4,NONE,NONE,-0.22,-0.95,1.0000411276648655,1.0053573757149639,1.0026992516899147,1.022561743549213,11.077524110764951,8.542667441966431,13.581794198721818,74.92003838473944,1.6162641929834578,0.13933312008478085,3,25,25,74.96641612159057,76.62267391799637,STRONG,31.3,22.9,15.8,10.7,7.0,4.6,2.8,1.7,1.0,0.7,0.4,0.2,0.1,0.1,0.1,0.0,0.0,0.0,0.0,0.0,0.0,0.0,0.0,0.0,0.0,0.0,0.0,2026020054,2026-10-07T23:30:00Z
BigZ BetZ NHL · Time on Ice V1.1,2026-10-07,8476392,Adam Lowry,WPG,COL,C,True,HOME,15.938,15:56,15.563333333333336,15.403333333333336,15.610000000000003,15.738888888888889,15.409259259259263,16.058333333333334,0.020257659991152366,1.0,-0.046666666666666856,1.0,,1.0,1.0026992516899147,1.0000411276648655,1.0053573757149639,1.0026992516899147,52.699251689914696,0,0,,1.0,28.421428571428574,0.03888883333333334,2.388888833333333,13.311111,0.03888883333333334,2.388888833333333,13.311111,3,7,6,LINE2,0.22,NONE,NONE,,,,,-0.08,LINE2,NONE,NONE,0.0,0.14,1.0000411276648655,1.0053573757149639,1.0026992516899147,1.0,15.927931574775798,13.898733238726553,17.963636660221038,84.94416191351986,1.3327901854240125,0.08364354492488964,3,45,25,79.17654800367833,81.30193478123107,STRONG,98.7,97.8,96.2,93.4,88.9,82.0,72.7,61.3,48.1,35.6,24.6,15.7,9.6,5.7,3.3,1.9,1.0,0.6,0.3,0.2,0.1,0.1,0.0,0.0,0.0,0.0,0.0,2026020054,2026-10-07T23:30:00Z
BigZ BetZ NHL · Time on Ice V1.1,2026-10-07,8476480,Vladislav Namestnikov,WPG,COL,C,True,HOME,11.608,11:36,12.266666666666666,11.588333333333333,12.52888888888889,11.988888888888889,13.14148148148148,12.975,-0.08589785165433028,1.0,-0.26222222222222413,1.0,,1.0,1.0026992516899147,1.0000411276648655,1.0053573757149639,1.0026992516899147,52.699251689914696,0,0,,1.0,28.421428571428574,1.1,1.2833333333333334,9.605555500000001,1.1,1.2833333333333334,9.605555500000001,3,7,13,LINE4,-0.65,NONE,NONE,,,,,-0.08,LINE4,NONE,NONE,-0.22,-0.95,1.0000411276648655,1.0053573757149639,1.0026992516899147,1.0,11.592489136706329,8.744391501693965,14.391959182337944,64.12318266478147,2.5537317894860414,0.1993156518623252,3,45,25,70.43173671920822,71.58270166791999,GOOD,42.4,33.4,25.5,18.8,13.4,9.3,6.4,4.3,2.9,2.0,1.4,0.9,0.6,0.4,0.2,0.1,0.1,0.1,0.0,0.0,0.0,0.0,0.0,0.0,0.0,0.0,0.0,2026020054,2026-10-07T23:30:00Z
BigZ BetZ NHL · Time on Ice V1.1,2026-10-07,8475799,Nino Niederreiter,WPG,COL,R,True,HOME,12.537,12:32,12.77,12.515,12.982222222222223,11.766666666666666,13.546666666666665,12.975,-0.17977604745944298,1.0,-0.21222222222222342,1.0,,1.0,1.0026992516899147,1.0000411276648655,1.0053573757149639,1.0026992516899147,52.699251689914696,0,0,,1.0,28.421428571428574,1.3333333333333333,0.0,10.433333333333334,1.3333333333333333,0.0,10.433333333333334,3,7,9,LINE3,-0.18,NONE,NONE,,,,,-0.08,LINE3,NONE,NONE,0.0,-0.26,1.0000411276648655,1.0053573757149639,1.0026992516899147,1.0,12.551145819699457,10.358546766123816,14.71642508191026,79.593688549918,1.5070438900542038,0.11336839694489999,2,45,25,76.92934919096555,78.08433381510172,STRONG,63.0,51.2,39.4,28.2,19.2,12.4,7.8,4.7,2.9,1.6,1.0,0.6,0.4,0.2,0.1,0.1,0.0,0.0,0.0,0.0,0.0,0.0,0.0,0.0,0.0,0.0,0.0,2026020054,2026-10-07T23:30:00Z
BigZ BetZ NHL · Time on Ice V1.1,2026-10-07,8482149,Cole Perfetti,WPG,COL,C,True,HOME,17.914,17:55,17.690000000000005,16.133333333333333,16.936666666666667,18.083333333333336,16.21481481481482,17.208333333333336,1.029287674990318,1.0168658781431945,0.9303333333333363,1.0153804369218657,,1.0,1.0026992516899147,1.0000411276648655,1.0053573757149639,1.0026992516899147,52.699251689914696,0,0,,1.0325057196399736,28.421428571428574,2.6444443333333334,0.0,15.438888833333333,2.6444443333333334,0.0,15.438888833333333,3,7,4,LINE2,0.22,NONE,NONE,,,,,-0.08,LINE2,NONE,NONE,0.0,0.14,1.0000411276648655,1.0053573757149639,1.0026992516899147,1.0325057196399736,17.926396914770933,15.336777249310257,20.49364251798449,77.21637815520582,2.1820591902928577,0.12657567691552324,3,45,25,75.93087882518644,77.69460532285007,STRONG,99.5,99.2,98.8,97.9,96.6,95.0,92.4,88.6,83.3,76.5,68.0,58.3,48.5,38.2,29.0,21.0,14.8,10.0,6.6,4.4,2.8,1.7,1.1,0.7,0.5,0.3,0.2,2026020054,2026-10-07T23:30:00Z
BigZ BetZ NHL · Time on Ice V1.1,2026-10-07,8482765,Isak Rosen,WPG,COL,R,True,HOME,11.398,11:24,12.206666666666667,11.655,10.574444444444445,11.93888888888889,11.504504504504505,11.141666666666666,1.235697276536179,1.0339025424155452,1.5117222222222222,1.035,,1.0,1.0026992516899147,1.0000411276648655,1.0053573757149639,1.0026992516899147,52.699251689914696,0,0,,1.0700891314000893,28.421428571428574,1.061111,0.0,10.877777666666667,1.061111,0.0,10.877777666666667,3,7,11,LINE4,-0.65,NONE,NONE,,,,,-0.08,LINE4,NONE,NONE,-0.22,-0.95,1.0000411276648655,1.0053573757149639,1.0026992516899147,1.0700891314000893,11.404916737235471,9.166805250805394,13.640745504918835,64.69463449376207,2.1204467903353,0.19614091947909967,3,37,25,70.67174648738006,71.84945538168813,GOOD,35.8,25.5,17.1,11.3,7.2,4.4,2.6,1.4,0.8,0.5,0.2,0.1,0.1,0.0,0.0,0.0,0.0,0.0,0.0,0.0,0.0,0.0,0.0,0.0,0.0,0.0,0.0,2026020054,2026-10-07T23:30:00Z
BigZ BetZ NHL · Time on Ice V1.1,2026-10-07,8476460,Mark Scheifele,WPG,COL,C,True,HOME,21.795,21:48,20.336666666666666,20.881666666666668,21.1,20.62777777777778,22.15370370370371,22.066666666666666,-0.6380006329765315,0.99423320092273,-0.6323333333333342,0.9916088467614533,,1.0,1.0026992516899147,1.0000411276648655,1.0053573757149639,1.0026992516899147,52.699251689914696,0,0,,0.9858904377789367,28.421428571428574,2.688888833333333,0.13888883333333332,17.8,2.688888833333333,0.13888883333333332,17.8,3,7,2,LINE1,0.55,NONE,NONE,,,,,-0.08,LINE1,NONE,NONE,0.25,0.72,1.0000411276648655,1.0053573757149639,1.0026992516899147,0.9858904377789367,21.80924414888471,19.178543783549404,24.45142281813178,83.0072278909108,2.050697178553834,0.09440428949494001,3,45,25,78.36303571418253,80.39777397947715,STRONG,100.0,100.0,100.0,99.9,99.9,99.8,99.8,99.6,99.4,99.1,98.5,97.6,96.3,94.2,91.3,87.0,81.6,74.4,66.0,56.4,46.3,36.3,27.5,20.1,14.1,9.6,6.4,2026020054,2026-10-07T23:30:00Z
BigZ BetZ NHL · Time on Ice V1.1,2026-10-07,8480014,Gabriel Vilardi,WPG,COL,C,True,HOME,17.294,17:18,16.71333333333333,16.96333333333333,18.095555555555556,16.150000000000002,18.63740740740741,17.741666666666667,-1.3978393538892568,0.9751598759360377,-1.6357222222222232,0.9746897949158787,,1.0,1.0026992516899147,1.0000411276648655,1.0053573757149639,1.0026992516899147,52.699251689914696,0,0,,0.9504783794862903,28.421428571428574,2.6555554999999997,0.0,13.494444333333332,2.6555554999999997,0.0,13.494444333333332,3,7,3,LINE1,0.55,NONE,NONE,,,,,-0.08,LINE1,NONE,NONE,0.25,0.72,1.0000411276648655,1.0053573757149639,1.0026992516899147,0.9504783794862903,17.281716242213285,14.91476849277944,19.69740333988192,78.34025566006082,2.1914446889121804,0.12033191299966214,3,45,25,76.40290737722555,78.21923134211639,STRONG,99.3,98.9,98.2,97.1,95.5,93.0,89.1,83.2,75.9,66.7,56.3,45.1,34.9,25.5,17.6,11.9,7.6,4.8,3.0,1.8,1.1,0.7,0.5,0.3,0.2,0.1,0.1,2026020054,2026-10-07T23:30:00Z
BigZ BetZ NHL · Time on Ice V1.1,2026-10-07,8482459,Tyrel Bauer,WPG,COL,D,True,HOME,8.0,8:00,7.275,7.275,7.275,7.275,,8.0,0.08893168686983088,1.0,0.0,1.0,,1.0,1.0026992516899147,1.0000411276648655,1.0053573757149639,1.0026992516899147,52.699251689914696,0,0,,1.0,28.421428571428574,0.0,0.0,7.275,0.0,0.0,7.275,3,7,8,PAIR3,-0.6,NONE,NONE,,,,,-0.08,PAIR3,NONE,NONE,-0.22,-0.8999999999999999,1.0000411276648655,1.0053573757149639,1.0026992516899147,1.0,8.0,8.0,10.61264243752511,65.0,,,2,0,2,44.120000000000005,42.144800000000004,LIMITED,3.2,2.0,1.3,0.8,0.5,0.4,0.2,0.1,0.1,0.1,0.0,0.0,0.0,0.0,0.0,0.0,0.0,0.0,0.0,0.0,0.0,0.0,0.0,0.0,0.0,0.0,0.0,2026020054,2026-10-07T23:30:00Z
BigZ BetZ NHL · Time on Ice V1.1,2026-10-07,8476331,Dylan DeMelo,WPG,COL,D,True,HOME,21.787,21:47,20.773333333333333,21.46833333333333,21.308888888888884,22.055555555555554,21.651851851851855,22.083333333333336,-0.24396387505819916,1.0,-0.5355555555555505,1.0,,1.0,1.0026992516899147,1.0000411276648655,1.0053573757149639,1.0026992516899147,52.699251689914696,0,0,,1.0,28.421428571428574,0.0,2.488888833333333,19.566666666666666,0.0,2.488888833333333,19.566666666666666,3,7,3,PAIR2,0.08,NONE,NONE,,,,,-0.08,PAIR2,NONE,NONE,0.0,0.0,1.0000411276648655,1.0053573757149639,1.0026992516899147,1.0,21.800636628921794,19.0351470514111,24.54500937114898,74.59790589497118,2.9425268361200296,0.14112274502793795,3,45,25,74.8311204758879,76.47230247177255,STRONG,100.0,99.9,99.9,99.9,99.8,99.8,99.7,99.5,99.2,98.8,98.2,97.2,95.7,93.5,90.3,85.8,80.2,73.3,65.0,55.5,46.2,36.8,28.1,20.8,14.8,10.4,6.8,2026020054,2026-10-07T23:30:00Z
BigZ BetZ NHL · Time on Ice V1.1,2026-10-07,8479983,Mario Ferraro,WPG,COL,D,True,HOME,18.418,18:25,19.050000000000004,21.148333333333333,20.72555555555555,18.37777777777778,21.142222222222223,20.883333333333333,-1.7204402537544006,0.9720027798767156,-1.9780555555555486,0.9732766847155955,,1.0,1.0026992516899147,1.0000411276648655,1.0053573757149639,1.0026992516899147,52.699251689914696,0,0,,0.9460276431327524,28.421428571428574,0.0,2.6,15.777777666666667,0.0,2.6,15.777777666666667,3,7,5,PAIR3,-0.6,NONE,NONE,,,,,-0.08,PAIR3,NONE,NONE,-0.22,-0.8999999999999999,1.0000411276648655,1.0053573757149639,1.0026992516899147,0.9460276431327524,18.41140803124644,15.776607839865342,21.070488471275766,81.07461073702153,2.2066478175375597,0.10514105146099152,3,45,25,77.55133650954903,79.49562829204164,STRONG,99.6,99.4,99.1,98.6,97.7,96.6,94.7,91.9,88.1,83.3,76.6,68.4,58.8,48.2,38.3,29.4,21.5,15.2,10.6,7.0,4.5,2.9,1.8,1.0,0.7,0.5,0.3,2026020054,2026-10-07T23:30:00Z
BigZ BetZ NHL · Time on Ice V1.1,2026-10-07,8477938,Haydn Fleury,WPG,COL,D,True,HOME,13.694,13:42,14.396666666666667,12.810000000000002,12.77888888888889,,13.927192982456141,13.783333333333335,1.7702702266144712,1.035,1.8942777777777766,1.035,,1.0,1.0026992516899147,1.0000411276648655,1.0053573757149639,1.0026992516899147,52.699251689914696,0,0,,1.0712249999999999,28.421428571428574,0.18114033333333335,1.3635963333333334,12.382456,0.18114033333333335,1.3635963333333334,12.382456,3,7,7,PAIR3,-0.6,NONE,NONE,,,,,-0.08,PAIR3,NONE,NONE,-0.22,-0.8999999999999999,1.0000411276648655,1.0053573757149639,1.0026992516899147,1.0712249999999999,13.724931003954259,9.566721806936094,17.89738604920269,54.13959982809056,3.563098313356407,0.25478000095505243,0,38,25,63.23863192779804,61.142365199752675,MODERATE,70.9,65.3,59.3,52.8,46.4,40.0,33.9,28.6,23.4,19.1,15.3,12.0,9.5,7.5,5.8,4.4,3.4,2.6,2.0,1.5,1.1,0.9,0.7,0.5,0.4,0.3,0.2,2026020054,2026-10-07T23:30:00Z
BigZ BetZ NHL · Time on Ice V1.1,2026-10-07,8477504,Josh Morrissey,WPG,COL,D,True,HOME,25.012,25:01,23.636666666666663,23.913333333333334,23.986666666666668,23.583333333333332,24.93185185185185,24.65833333333333,-0.4648567511066801,0.9979869831720011,-0.350000000000005,1.0,,1.0,1.0026992516899147,1.0000411276648655,1.0053573757149639,1.0026992516899147,52.699251689914696,0,0,,0.9979869831720011,28.421428571428574,2.6777776666666666,0.31666666666666665,20.588888833333332,2.6777776666666666,0.31666666666666665,20.588888833333332,3,7,1,PAIR1,0.6,NONE,NONE,,,,,-0.08,PAIR1,NONE,NONE,0.25,0.77,1.0000411276648655,1.0053573757149639,1.0026992516899147,0.9979869831720011,24.99869783234336,22.466783481478775,27.50130575330745,82.60231183920374,2.3946790125399717,0.09665382311553485,3,45,25,78.19297097246556,80.20875916654029,STRONG,100.0,100.0,100.0,100.0,100.0,100.0,100.0,100.0,100.0,100.0,99.9,99.9,99.9,99.8,99.6,99.4,99.0,98.3,97.4,95.7,93.3,89.8,85.2,78.6,70.2,60.4,50.0,2026020054,2026-10-07T23:30:00Z
BigZ BetZ NHL · Time on Ice V1.1,2026-10-07,8480145,Neal Pionk,WPG,COL,D,True,HOME,23.556,23:33,22.526666666666664,22.56333333333333,22.36777777777778,22.855555555555554,22.66185185185185,22.708333333333336,-0.03170899231054847,1.0,0.1588888888888853,1.0,,1.0,1.0026992516899147,1.0000411276648655,1.0053573757149639,1.0026992516899147,52.699251689914696,0,0,,1.0,28.421428571428574,1.1277776666666666,3.0166666666666666,18.711111000000002,1.1277776666666666,3.0166666666666666,18.711111000000002,3,7,2,PAIR1,0.6,NONE,NONE,,,,,-0.08,PAIR1,NONE,NONE,0.25,0.77,1.0000411276648655,1.0053573757149639,1.0026992516899147,1.0,23.524323225501412,20.70888352593708,26.3936424661182,83.51701596870213,2.0789926710587,0.0915721335072104,3,45,25,78.57714670685489,80.63574305419016,STRONG,100.0,100.0,100.0,100.0,99.9,99.9,99.9,99.8,99.8,99.7,99.5,99.3,99.0,98.4,97.5,96.2,94.2,91.4,87.8,83.0,76.6,68.7,60.0,50.4,41.6,32.6,24.7,2026020054,2026-10-07T23:30:00Z
BigZ BetZ NHL · Time on Ice V1.1,2026-10-07,8480049,Dylan Samberg,WPG,COL,D,True,HOME,21.608,21:36,21.246666666666666,22.008333333333333,22.395555555555557,21.216666666666665,22.033703703703704,22.924999999999997,-1.0005979124928182,0.9876400322535918,-1.1623888888888914,0.985467255407819,,1.0,1.0026992516899147,1.0000411276648655,1.0053573757149639,1.0026992516899147,52.699251689914696,0,0,,0.9732869119158369,28.421428571428574,0.04444433333333333,2.977777666666667,18.194444333333333,0.04444433333333333,2.977777666666667,18.194444333333333,3,7,4,PAIR2,0.08,NONE,NONE,,,,,-0.08,PAIR2,NONE,NONE,0.0,0.0,1.0000411276648655,1.0053573757149639,1.0026992516899147,0.9732869119158369,21.60903888102854,18.946342955271366,24.259684870619896,82.83166648448716,2.165435547669593,0.09537963064173804,3,45,25,78.2892999234846,80.3158219149586,STRONG,100.0,100.0,99.9,99.9,99.9,99.8,99.7,99.6,99.3,98.9,98.1,97.1,95.5,93.0,89.6,84.7,78.4,70.8,61.9,52.2,42.1,32.9,24.6,17.6,12.1,8.2,5.5,2026020054,2026-10-07T23:30:00Z
BigZ BetZ NHL · Time on Ice V1.1,2026-10-07,8481030,Jack St. Ivany,WPG,COL,D,True,HOME,15.38,15:23,15.510000000000002,16.605,16.03,14.166666666666666,16.325833333333332,16.775,0.15369065418586203,1.0,-0.5199999999999996,1.0,,1.0,1.0026992516899147,1.0000411276648655,1.0053573757149639,1.0026992516899147,52.699251689914696,0,0,,1.0,28.421428571428574,0.0,0.0,14.166666666666666,0.0,0.0,14.166666666666666,3,7,6,PAIR3,-0.6,NONE,NONE,,,,,-0.08,PAIR3,NONE,NONE,-0.22,-0.8999999999999999,1.0000411276648655,1.0053573757149639,1.0026992516899147,1.0,15.422660718282408,11.516008891419775,19.307290809967427,55.530062767573206,4.024735198873664,0.2470552068468155,1,20,21,62.182626362380745,61.06583329990317,MODERATE,87.1,83.5,79.3,74.2,68.8,62.5,55.7,48.9,42.0,35.2,29.3,23.6,19.0,15.0,11.7,8.9,6.8,5.1,3.7,2.8,2.0,1.5,1.1,0.8,0.6,0.4,0.3,2026020054,2026-10-07T23:30:00Z
BigZ BetZ NHL · Time on Ice V1.1,2026-10-07,8482703,Colton Dach,EDM,ANA,C,False,AWAY,12.202,12:12,13.133333333333335,11.175,10.296666666666669,13.37777777777778,10.87962962962963,10.991666666666667,2.2483519101651197,1.035,2.25,1.035,,1.0,1.0020054258133069,1.0005221802726472,1.0034886713539666,1.0020054258133069,52.00542581330687,0,0,,1.0712249999999999,28.260714285714286,1.0833333333333333,0.711111,11.583333333333334,1.0833333333333333,0.711111,11.583333333333334,3,7,9,LINE3,-0.18,NONE,NONE,,,,,-0.08,LINE3,NONE,NONE,0.0,-0.26,1.0005221802726472,1.0034886713539666,1.0020054258133069,1.0712249999999999,12.23179326042392,9.080928216646196,15.314124714810378,41.22327954379949,3.352994210468994,0.3265373358677806,3,45,25,60.81377740839579,60.89302689104561,MODERATE,54.0,45.5,37.1,29.4,22.6,16.8,12.4,8.8,6.3,4.4,3.0,2.1,1.5,1.0,0.7,0.5,0.3,0.2,0.2,0.1,0.1,0.0,0.0,0.0,0.0,0.0,0.0,2026020055,2026-10-08T02:00:00Z
BigZ BetZ NHL · Time on Ice V1.1,2026-10-07,8477934,Leon Draisaitl,EDM,ANA,C,False,AWAY,20.937,20:56,18.0,19.601666666666667,19.965555555555557,21.900000000000002,21.214444444444442,21.041666666666668,-0.7493106373276142,0.9915035722465229,-1.9655555555555573,1.0,,1.0,1.0020054258133069,1.0005221802726472,1.0034886713539666,1.0020054258133069,52.00542581330687,0,0,,0.9915035722465229,28.260714285714286,4.833333333333333,0.016666666666666666,17.05,4.833333333333333,0.016666666666666666,17.05,3,7,3,LINE1,0.55,NONE,NONE,,,,,-0.08,LINE1,NONE,NONE,0.25,0.72,1.0005221802726472,1.0034886713539666,1.0020054258133069,0.9915035722465229,20.932351325785213,16.7529706608386,25.088441172993683,56.51393051064055,4.927011938023583,0.24158927494088583,3,45,25,67.23585081446903,68.03070276236701,GOOD,99.3,99.0,98.7,98.1,97.6,97.0,96.0,94.8,93.2,91.2,88.5,85.5,81.9,77.7,73.0,67.6,61.7,55.6,49.1,42.8,36.8,31.3,25.8,21.2,17.2,13.7,10.5,2026020055,2026-10-08T02:00:00Z
BigZ BetZ NHL · Time on Ice V1.1,2026-10-07,8480029,Alex Formenton,EDM,ANA,L,False,AWAY,14.87,14:52,15.15,15.15,15.15,15.15,,15.15,-0.05606708652697989,1.0,0.0,1.0,,1.0,1.0020054258133069,1.0005221802726472,1.0034886713539666,1.0020054258133069,52.00542581330687,0,0,,1.0,28.260714285714286,0.0,1.7222221666666668,13.427777666666666,0.0,1.7222221666666668,13.427777666666666,3,7,8,LINE3,-0.18,NONE,NONE,,,,,-0.08,LINE3,NONE,NONE,0.0,-0.26,1.0005221802726472,1.0034886713539666,1.0020054258133069,1.0,14.858163411040103,12.744242523531936,16.936426275045147,86.93069306930694,1.0999999999999996,0.07260726072607258,3,0,3,48.0,48.0,LIMITED,95.5,92.2,87.2,80.0,70.5,59.0,46.4,34.2,23.7,15.2,9.4,5.6,3.2,1.8,1.0,0.6,0.3,0.2,0.1,0.1,0.0,0.0,0.0,0.0,0.0,0.0,0.0,2026020055,2026-10-08T02:00:00Z
BigZ BetZ NHL · Time on Ice V1.1,2026-10-07,8479365,Trent Frederic,EDM,ANA,C,False,AWAY,10.014,10:01,11.303333333333333,12.549999999999999,11.502222222222223,9.505555555555555,10.588148148148147,10.95,-0.828652755944205,0.9826451706538223,-0.19888888888888978,1.0,,1.0,1.0020054258133069,1.0005221802726472,1.0034886713539666,1.0020054258133069,52.00542581330687,0,0,,0.9826451706538223,28.260714285714286,1.7944443333333333,0.0,7.711111,1.7944443333333333,0.0,7.711111,3,7,10,LINE4,-0.65,NONE,NONE,,,,,-0.08,LINE4,NONE,NONE,-0.22,-0.95,1.0005221802726472,1.0034886713539666,1.0020054258133069,0.9826451706538223,10.013536636325416,7.030052724348489,13.029570653097128,61.20656469190047,2.4249489052312954,0.2155190850449974,3,45,25,69.2067571705982,70.22122439817913,GOOD,19.4,14.1,10.2,7.2,5.1,3.5,2.5,1.6,1.2,0.8,0.4,0.3,0.2,0.1,0.1,0.0,0.0,0.0,0.0,0.0,0.0,0.0,0.0,0.0,0.0,0.0,0.0,2026020055,2026-10-08T02:00:00Z
BigZ BetZ NHL · Time on Ice V1.1,2026-10-07,8483455,Isaac Howard,EDM,ANA,L,False,AWAY,9.028,9:02,9.913333333333336,11.446666666666667,11.197777777777778,10.144444444444446,10.310919540229884,10.683333333333334,-1.213208094470069,0.9672505371543031,-1.1804444444444433,0.9704830323476881,,1.0,1.0020054258133069,1.0005221802726472,1.0034886713539666,1.0020054258133069,52.00542581330687,0,0,,0.9387002343374382,28.260714285714286,1.9,0.0,8.244444333333332,1.9,0.0,8.244444333333332,3,7,12,LINE4,-0.65,NONE,NONE,,,,,-0.08,LINE4,NONE,NONE,-0.22,-0.95,1.0005221802726472,1.0034886713539666,1.0020054258133069,0.9387002343374382,9.017944932606154,6.173486140547455,11.961796841523284,59.435459592829474,2.379974169352186,0.22535855781761402,3,29,25,68.46289302898838,69.39447253793278,GOOD,9.7,6.6,4.5,3.1,2.1,1.4,0.9,0.6,0.4,0.3,0.2,0.2,0.1,0.1,0.0,0.0,0.0,0.0,0.0,0.0,0.0,0.0,0.0,0.0,0.0,0.0,0.0,2026020055,2026-10-08T02:00:00Z
BigZ BetZ NHL · Time on Ice V1.1,2026-10-07,8475786,Zach Hyman,EDM,ANA,L,False,AWAY,18.986,18:59,18.160000000000004,18.744999999999997,19.267777777777777,20.55,20.09888888888889,19.508333333333333,-0.6486286906436831,0.9934254035562735,-0.9697777777777742,0.9859071564500318,,1.0,1.0020054258133069,1.0005221802726472,1.0034886713539666,1.0020054258133069,52.00542581330687,0,0,,0.9794252147653909,28.260714285714286,5.066666666666666,0.0,15.483333333333333,5.066666666666666,0.0,15.483333333333333,3,7,5,LINE2,0.22,NONE,NONE,,,,,-0.08,LINE2,NONE,NONE,0.0,0.14,1.0005221802726472,1.0034886713539666,1.0020054258133069,0.9794252147653909,19.018250639708192,16.38932695655421,21.6192530624654,80.00799790130174,2.180053784410829,0.11106667832610151,1,45,25,77.10335911854673,77.55773342032765,STRONG,99.8,99.7,99.5,99.2,98.7,98.0,96.8,95.3,92.6,89.1,84.0,77.4,69.7,60.2,50.4,40.1,30.6,22.2,15.8,10.8,7.3,4.8,2.9,1.9,1.2,0.7,0.5,2026020055,2026-10-08T02:00:00Z
BigZ BetZ NHL · Time on Ice V1.1,2026-10-07,8477406,Mattias Janmark,EDM,ANA,C,False,AWAY,8.741,8:44,7.806666666666667,10.533333333333335,10.493333333333336,,11.857751937984498,11.25,-3.075845849724309,0.965,-2.25,0.965,,1.0,1.0020054258133069,1.0005221802726472,1.0034886713539666,1.0020054258133069,52.00542581330687,0,0,,0.931225,28.260714285714286,0.012790666666666667,1.5034883333333333,10.341472833333334,0.012790666666666667,1.5034883333333333,10.341472833333334,3,7,16,LINE4,-0.65,NONE,NONE,,,,,-0.08,LINE4,NONE,NONE,-0.22,-0.95,1.0005221802726472,1.0034886713539666,1.0020054258133069,0.931225,8.74753383683634,5.679478305276465,11.811840765130896,45.72507896798917,3.351727646509225,0.30152733906672685,0,43,25,59.70453316655545,57.214466862257346,MODERATE,8.8,6.2,4.4,3.0,2.0,1.3,0.9,0.5,0.4,0.3,0.2,0.1,0.1,0.0,0.0,0.0,0.0,0.0,0.0,0.0,0.0,0.0,0.0,0.0,0.0,0.0,0.0,2026020055,2026-10-08T02:00:00Z
BigZ BetZ NHL · Time on Ice V1.1,2026-10-07,8479368,Max Jones,EDM,ANA,L,False,AWAY,8.708,8:42,9.233333333333334,9.461666666666664,9.24111111111111,11.22777777777778,8.346031746031748,9.733333333333334,0.2548253719226228,1.0,-0.007777777777775441,1.0,,1.0,1.0020054258133069,1.0005221802726472,1.0034886713539666,1.0020054258133069,52.00542581330687,0,0,,1.0,28.260714285714286,0.3777776666666667,0.0,10.85,0.3777776666666667,0.0,10.85,3,7,15,LINE4,-0.65,NONE,NONE,,,,,-0.08,LINE4,NONE,NONE,-0.22,-0.95,1.0005221802726472,1.0034886713539666,1.0020054258133069,1.0,8.711573509908167,6.029878698095559,11.42515834703882,55.24551576740209,2.252642373040761,0.24863602351443284,3,21,24,65.54311662230887,66.17220676022329,GOOD,6.4,4.2,2.7,1.7,1.1,0.7,0.5,0.3,0.2,0.1,0.1,0.0,0.0,0.0,0.0,0.0,0.0,0.0,0.0,0.0,0.0,0.0,0.0,0.0,0.0,0.0,0.0,2026020055,2026-10-08T02:00:00Z
BigZ BetZ NHL · Time on Ice V1.1,2026-10-07,8478472,Mathieu Joseph,EDM,ANA,R,False,AWAY,11.62,11:37,12.010000000000002,10.02,10.792222222222222,15.044444444444444,11.872222222222222,11.733333333333334,1.9880752337641105,1.035,2.25,1.035,,1.0,1.0020054258133069,1.0005221802726472,1.0034886713539666,1.0020054258133069,52.00542581330687,0,0,,1.0712249999999999,28.260714285714286,0.06666666666666667,1.6277776666666666,13.35,0.06666666666666667,1.6277776666666666,13.35,3,7,14,LINE4,-0.65,NONE,NONE,,,,,-0.08,LINE4,NONE,NONE,-0.22,-0.95,1.0005221802726472,1.0034886713539666,1.0020054258133069,1.0712249999999999,11.633255314006199,8.407434799215517,14.889003155545938,54.177132869662124,2.8004984675351396,0.25457148405743263,3,45,25,66.2543958052581,66.93988562355827,GOOD,43.8,36.0,28.9,22.6,17.1,12.7,9.3,6.6,4.7,3.3,2.2,1.5,1.1,0.7,0.5,0.3,0.3,0.2,0.1,0.1,0.0,0.0,0.0,0.0,0.0,0.0,0.0,2026020055,2026-10-08T02:00:00Z
BigZ BetZ NHL · Time on Ice V1.1,2026-10-07,8477953,Kasperi Kapanen,EDM,ANA,R,False,AWAY,15.97,15:58,15.929999999999998,16.155,15.784444444444448,18.17222222222222,14.590650406504063,15.683333333333334,0.6320227527560771,1.007429516811525,0.1455555555555499,1.0,,1.0,1.0020054258133069,1.0005221802726472,1.0034886713539666,1.0020054258133069,52.00542581330687,0,0,,1.007429516811525,28.260714285714286,3.15,1.0333333333333334,13.988888833333334,3.15,1.0333333333333334,13.988888833333334,3,7,7,LINE3,-0.18,NONE,NONE,,,,,-0.08,LINE3,NONE,NONE,0.0,-0.26,1.0005221802726472,1.0034886713539666,1.0020054258133069,1.007429516811525,15.951702578115162,13.416636117599475,18.527800647106307,76.539337257233,2.047594509382608,0.13033701523759442,3,41,25,75.64652164803786,77.37856263167636,STRONG,97.1,95.2,92.8,89.3,84.0,77.5,68.8,59.3,49.0,38.9,29.5,21.4,15.0,10.2,6.8,4.5,2.8,1.7,1.0,0.6,0.4,0.3,0.2,0.1,0.1,0.1,0.0,2026020055,2026-10-08T02:00:00Z
BigZ BetZ NHL · Time on Ice V1.1,2026-10-07,8478402,Connor McDavid,EDM,ANA,C,False,AWAY,24.063,24:04,23.473333333333336,23.261666666666663,22.697777777777777,23.727777777777778,23.246666666666666,22.34166666666667,0.6643666254355551,1.0057625353143982,0.8900555555555583,1.0109797336988449,,1.0,1.0020054258133069,1.0005221802726472,1.0034886713539666,1.0020054258133069,52.00542581330687,0,0,,1.0168055401164253,28.260714285714286,4.827777666666666,1.2277776666666667,17.672222166666664,4.827777666666666,1.2277776666666667,17.672222166666664,3,7,1,LINE1,0.55,NONE,NONE,,,,,-0.08,LINE1,NONE,NONE,0.25,0.72,1.0005221802726472,1.0034886713539666,1.0020054258133069,1.0168055401164253,24.092857956007453,21.431643582336406,26.733197970226424,78.44354630761529,2.72549421453253,0.11975807606880395,3,45,25,76.44628944919842,78.26744741639482,STRONG,100.0,100.0,100.0,100.0,100.0,100.0,99.9,99.9,99.9,99.9,99.8,99.7,99.5,99.2,98.8,98.1,97.0,95.3,92.9,89.5,84.7,78.4,70.6,61.4,51.8,42.0,32.5,2026020055,2026-10-08T02:00:00Z
BigZ BetZ NHL · Time on Ice V1.1,2026-10-07,8486161,Owen Michaels,EDM,ANA,R,False,AWAY,11.574,11:34,11.905555555555557,11.905555555555557,11.905555555555557,11.905555555555557,,13.383333333333333,0.24394055932585168,1.0,0.0,1.0,,1.0,1.0020054258133069,1.0005221802726472,1.0034886713539666,1.0020054258133069,52.00542581330687,0,0,,1.0,28.260714285714286,0.03888883333333334,0.9222221666666666,10.944444333333333,0.03888883333333334,0.9222221666666666,10.944444333333333,3,7,11,LINE4,-0.65,NONE,NONE,,,,,-0.08,LINE4,NONE,NONE,-0.22,-0.95,1.0005221802726472,1.0034886713539666,1.0020054258133069,1.0,11.561154602025265,9.044585681171016,14.074173734054495,53.45444410900864,3.0786150084689656,0.25858642161661866,3,0,3,40.43086652578363,38.74173451008524,LIMITED,40.8,30.7,22.5,15.7,10.6,6.9,4.6,2.9,1.8,1.2,0.7,0.5,0.3,0.2,0.1,0.1,0.1,0.0,0.0,0.0,0.0,0.0,0.0,0.0,0.0,0.0,0.0,2026020055,2026-10-08T02:00:00Z
BigZ BetZ NHL · Time on Ice V1.1,2026-10-07,8476454,Ryan Nugent-Hopkins,EDM,ANA,C,False,AWAY,19.458,19:27,18.743333333333332,18.840000000000003,18.654444444444447,,19.054814814814815,18.675,0.16221197253112152,1.0,0.08888888888888502,1.0,,1.0,1.0020054258133069,1.0005221802726472,1.0034886713539666,1.0020054258133069,52.00542581330687,0,0,,1.0,28.260714285714286,3.525,1.3506943333333332,14.182638833333334,3.525,1.3506943333333332,14.182638833333334,3,7,2,LINE1,0.55,NONE,NONE,,,,,-0.08,LINE1,NONE,NONE,0.25,0.72,1.0005221802726472,1.0034886713539666,1.0020054258133069,1.0,19.470354815127045,17.183682455122597,21.742596746990365,83.94411724544852,1.6663181653184287,0.08919934863639711,0,45,25,75.75652924308838,75.05511393017537,STRONG,100.0,99.9,99.9,99.8,99.6,99.3,98.8,97.9,96.6,94.6,91.5,86.6,80.0,71.3,60.7,49.2,37.8,27.4,18.7,12.3,8.0,5.0,3.1,1.9,1.2,0.7,0.4,2026020055,2026-10-08T02:00:00Z
BigZ BetZ NHL · Time on Ice V1.1,2026-10-07,8481617,Vasily Podkolzin,EDM,ANA,R,False,AWAY,18.491,18:29,18.61,17.246666666666666,17.064444444444447,18.92222222222222,15.296296296296294,16.833333333333336,1.4195603432618356,1.0258967831889572,1.6860555555555516,1.027665451230629,,1.0,1.0020054258133069,1.0005221802726472,1.0034886713539666,1.0020054258133069,52.00542581330687,0,0,,1.0542786806119304,28.260714285714286,4.377777666666666,0.0,14.544444333333333,4.377777666666666,0.0,14.544444333333333,3,7,4,LINE2,0.22,NONE,NONE,,,,,-0.08,LINE2,NONE,NONE,0.0,0.14,1.0005221802726472,1.0034886713539666,1.0020054258133069,1.0542786806119304,18.4947000264049,15.866816619909422,21.102390502363622,79.68676919684768,1.878879806556391,0.11285128223973516,3,45,25,76.96844306267602,78.84778386108849,STRONG,99.6,99.3,99.0,98.6,97.9,96.7,95.1,92.5,88.8,83.8,77.4,69.2,59.8,49.8,39.8,30.5,22.5,16.0,10.9,7.4,4.9,3.2,2.0,1.3,0.9,0.5,0.3,2026020055,2026-10-08T02:00:00Z
BigZ BetZ NHL · Time on Ice V1.1,2026-10-07,8484509,Josh Samanski,EDM,ANA,C,False,AWAY,9.232,9:14,10.72,10.688333333333333,10.865555555555554,7.491666666666667,10.558333333333335,10.8,-0.6436947117319303,0.9885347915756872,-0.14555555555555344,1.0,,1.0,1.0020054258133069,1.0005221802726472,1.0034886713539666,1.0020054258133069,52.00542581330687,0,0,,0.9885347915756872,28.260714285714286,0.0,0.0,7.491666666666666,0.0,0.0,7.491666666666666,3,7,13,LINE4,-0.65,NONE,NONE,,,,,-0.08,LINE4,NONE,NONE,-0.22,-0.95,1.0005221802726472,1.0034886713539666,1.0020054258133069,0.9885347915756872,9.249043312357468,7.1192115367621,11.351426294361158,66.3538525077241,1.9950919309308774,0.18692304162375495,2,24,25,71.36861805324412,71.9039783506056,GOOD,5.1,3.1,1.7,0.9,0.6,0.3,0.2,0.1,0.1,0.0,0.0,0.0,0.0,0.0,0.0,0.0,0.0,0.0,0.0,0.0,0.0,0.0,0.0,0.0,0.0,0.0,0.0,2026020055,2026-10-08T02:00:00Z
BigZ BetZ NHL · Time on Ice V1.1,2026-10-07,8483512,Matt Savoie,EDM,ANA,C,False,AWAY,17.358,17:21,17.303333333333335,18.471666666666668,17.945555555555554,,15.177037037037037,17.241666666666667,-0.8120199370405068,0.9891801015272447,-0.6422222222222196,1.0,,1.0,1.0020054258133069,1.0005221802726472,1.0034886713539666,1.0020054258133069,52.00542581330687,0,0,,0.9891801015272447,28.260714285714286,0.8329266666666667,1.6126015,12.3359755,0.8329266666666667,1.6126015,12.3359755,3,7,6,LINE2,0.22,NONE,NONE,,,,,-0.08,LINE2,NONE,NONE,0.0,0.14,1.0005221802726472,1.0034886713539666,1.0020054258133069,0.9891801015272447,17.333540002053894,14.767111885668257,19.90719010932655,77.19508074170855,2.1939176953115567,0.1266939958793969,0,45,25,72.92193391151758,71.90466369022955,GOOD,99.1,98.6,97.8,96.6,94.7,91.9,87.8,82.4,75.1,66.5,56.7,46.6,36.8,27.5,19.9,13.8,9.2,6.1,3.9,2.5,1.5,1.0,0.6,0.4,0.2,0.1,0.1,2026020055,2026-10-08T02:00:00Z
BigZ BetZ NHL · Time on Ice V1.1,2026-10-07,8480803,Evan Bouchard,EDM,ANA,D,False,AWAY,26.292,26:17,25.886666666666667,24.945,24.75,25.683333333333334,25.160740740740742,24.5,0.877498247326173,1.0088984115984692,1.0451666666666668,1.0118241077441077,,1.0,1.0020054258133069,1.0005221802726472,1.0034886713539666,1.0020054258133069,52.00542581330687,0,0,,1.0208277351200685,28.260714285714286,4.7,0.8277776666666666,20.1555555,4.7,0.8277776666666666,20.1555555,3,7,1,PAIR1,0.6,NONE,NONE,,,,,-0.08,PAIR1,NONE,NONE,0.25,0.77,1.0005221802726472,1.0034886713539666,1.0020054258133069,1.0208277351200685,26.324087363145964,23.262279965308117,29.378786107880668,81.96064738621168,2.498199790445603,0.10021862563215736,3,45,25,77.9234719022089,79.90923019988361,STRONG,100.0,100.0,100.0,100.0,100.0,100.0,100.0,100.0,100.0,100.0,99.9,99.9,99.8,99.7,99.6,99.4,99.1,98.6,98.0,97.0,95.7,94.0,91.5,88.3,84.0,78.6,72.1,2026020055,2026-10-08T02:00:00Z
BigZ BetZ NHL · Time on Ice V1.1,2026-10-07,8475218,Mattias Ekholm,EDM,ANA,D,False,AWAY,21.1,21:06,21.136666666666667,20.125,20.231111111111108,21.438888888888886,20.545185185185183,20.225,0.932471653267541,1.0120347509391656,1.0415555555555573,1.0144152021089632,,1.0,1.0020054258133069,1.0005221802726472,1.0034886713539666,1.0020054258133069,52.00542581330687,0,0,,1.026623436415248,28.260714285714286,0.1055555,2.3833333333333333,18.95,0.1055555,2.3833333333333333,18.95,3,7,3,PAIR2,0.08,NONE,NONE,,,,,-0.08,PAIR2,NONE,NONE,0.0,0.0,1.0005221802726472,1.0034886713539666,1.0020054258133069,1.026623436415248,21.102788476371835,18.48464282971922,23.68964770620071,84.07866516808113,1.7807570750200374,0.08845186017732708,3,45,25,78.81303937059408,80.89792090046028,STRONG,100.0,100.0,99.9,99.9,99.8,99.7,99.6,99.3,98.9,98.2,97.2,95.6,93.2,89.8,85.2,79.1,71.2,62.3,52.0,42.0,32.6,24.2,17.3,11.7,7.7,5.1,3.3,2026020055,2026-10-08T02:00:00Z
BigZ BetZ NHL · Time on Ice V1.1,2026-10-07,8480834,Ty Emberson,EDM,ANA,D,False,AWAY,12.977,12:59,13.709999999999999,13.656666666666666,13.44777777777778,11.366666666666667,15.251111111111108,14.891666666666666,0.08428911050607013,1.0,0.2622222222222188,1.0,,1.0,1.0020054258133069,1.0005221802726472,1.0034886713539666,1.0020054258133069,52.00542581330687,0,0,,1.0,28.260714285714286,0.0,0.0,11.366666666666667,0.0,0.0,11.366666666666667,3,7,8,PAIR3,-0.6,NONE,NONE,,,,,-0.08,PAIR3,NONE,NONE,-0.22,-0.8999999999999999,1.0005221802726472,1.0034886713539666,1.0020054258133069,1.0,13.003123686954513,9.469921060224387,16.43670406659321,57.969868194269004,3.2904144853468105,0.2335007322540611,1,45,25,67.84734464159298,67.27033447308477,GOOD,64.8,57.6,50.0,42.2,34.9,28.2,21.9,16.8,12.8,9.6,7.1,5.3,3.9,2.9,2.0,1.5,1.1,0.8,0.6,0.4,0.3,0.2,0.1,0.1,0.1,0.0,0.0,2026020055,2026-10-08T02:00:00Z
BigZ BetZ NHL · Time on Ice V1.1,2026-10-07,8482166,Shakir Mukhamadullin,EDM,ANA,D,False,AWAY,14.572,14:34,16.51,16.915,17.203333333333333,11.533333333333335,17.229259259259262,17.06666666666667,-1.5035628241881813,0.9714274255177053,-1.452833333333332,0.9763538074016663,,1.0,1.0020054258133069,1.0005221802726472,1.0034886713539666,1.0020054258133069,52.00542581330687,0,0,,0.9484568655186102,28.260714285714286,0.0,0.0,11.533333333333333,0.0,0.0,11.533333333333333,3,7,5,PAIR3,-0.6,NONE,NONE,,,,,-0.08,PAIR3,NONE,NONE,-0.22,-0.8999999999999999,1.0005221802726472,1.0034886713539666,1.0020054258133069,0.9484568655186102,14.554740367177082,11.62709860254552,17.530745028527562,70.27255950162595,2.835254637532425,0.16515244721318917,2,45,25,73.0144749906829,73.73323077535899,GOOD,86.8,81.9,75.9,68.3,59.8,51.0,42.0,33.5,25.6,19.3,14.3,10.2,7.1,4.8,3.3,2.2,1.5,1.0,0.7,0.4,0.3,0.2,0.2,0.1,0.1,0.1,0.0,2026020055,2026-10-08T02:00:00Z
BigZ BetZ NHL · Time on Ice V1.1,2026-10-07,8476473,Connor Murphy,EDM,ANA,D,False,AWAY,20.332,20:20,20.26,20.633333333333333,20.762222222222217,20.872222222222224,19.241851851851855,20.183333333333334,-0.3596085369747577,0.9998053844263555,-0.5022222222222155,1.0,,1.0,1.0020054258133069,1.0005221802726472,1.0034886713539666,1.0020054258133069,52.00542581330687,0,0,,0.9998053844263555,28.260714285714286,0.011111000000000001,1.9333333333333333,18.927777666666667,0.011111000000000001,1.9333333333333333,18.927777666666667,3,7,4,PAIR2,0.08,NONE,NONE,,,,,-0.08,PAIR2,NONE,NONE,0.0,0.0,1.0005221802726472,1.0034886713539666,1.0020054258133069,0.9998053844263555,20.351818064166693,17.719743378714103,22.978310379206683,80.85043584160704,2.1639894052880275,0.10638646754662759,3,45,25,77.45718305347495,79.39098345086217,STRONG,99.9,99.9,99.8,99.7,99.6,99.4,99.1,98.6,97.7,96.4,94.4,91.5,87.6,82.1,74.8,66.4,57.1,47.0,36.9,27.7,20.1,14.3,9.9,6.5,4.3,2.7,1.7,2026020055,2026-10-08T02:00:00Z
BigZ BetZ NHL · Time on Ice V1.1,2026-10-07,8480831,Alec Regula,EDM,ANA,D,False,AWAY,12.426,12:26,11.52,13.253333333333334,14.791111111111112,,14.46896551724138,16.15,-3.4312692473125974,0.965,-2.25,0.965,,1.0,1.0020054258133069,1.0005221802726472,1.0034886713539666,1.0020054258133069,52.00542581330687,0,0,,0.931225,28.260714285714286,0.012068833333333334,0.8189654999999999,13.637931,0.012068833333333334,0.8189654999999999,13.637931,3,7,9,PAIR3,-0.6,NONE,NONE,,,,,-0.08,PAIR3,NONE,NONE,-0.22,-0.8999999999999999,1.0005221802726472,1.0034886713539666,1.0020054258133069,0.931225,12.435667488341984,8.0,17.090273593421966,49.43037485122802,4.365844304510649,0.2809423619376221,0,29,25,61.260757437515764,58.944098980553235,MODERATE,55.1,49.4,43.7,38.3,33.0,28.0,23.5,19.4,15.9,12.9,10.4,8.4,6.7,5.3,4.2,3.4,2.7,2.1,1.6,1.2,0.9,0.7,0.5,0.4,0.3,0.2,0.2,2026020055,2026-10-08T02:00:00Z
BigZ BetZ NHL · Time on Ice V1.1,2026-10-07,8478854,Ryan Shea,EDM,ANA,D,False,AWAY,22.417,22:25,22.89,20.42,18.653333333333332,22.427777777777777,18.422592592592594,19.166666666666664,3.162359077203675,1.035,2.25,1.0337741243745533,,1.0,1.0020054258133069,1.0005221802726472,1.0034886713539666,1.0020054258133069,52.00542581330687,0,0,,1.0699562187276626,28.260714285714286,1.9055555,1.5444443333333333,18.977777666666668,1.9055555,1.5444443333333333,18.977777666666668,3,7,2,PAIR1,0.6,NONE,NONE,,,,,-0.08,PAIR1,NONE,NONE,0.25,0.77,1.0005221802726472,1.0034886713539666,1.0020054258133069,1.0699562187276626,22.4181357195732,18.660439030253702,26.165115358933193,65.16777862158605,3.7157594675991383,0.19351234099118858,3,45,25,70.87046702106613,72.07031906055636,GOOD,99.8,99.8,99.6,99.5,99.3,99.1,98.8,98.4,97.9,97.2,96.2,94.9,93.2,90.8,87.9,84.2,79.6,74.6,68.7,62.7,55.8,48.8,41.5,34.8,28.7,23.2,18.2,2026020055,2026-10-08T02:00:00Z
BigZ BetZ NHL · Time on Ice V1.1,2026-10-07,8481056,Spencer Stastney,EDM,ANA,D,False,AWAY,14.396,14:24,15.343333333333334,15.84,15.2,,15.481481481481481,14.774999999999999,-0.2750822228488605,1.0,0.14333333333333442,1.0,,1.0,1.0020054258133069,1.0005221802726472,1.0034886713539666,1.0020054258133069,52.00542581330687,0,0,,1.0,28.260714285714286,0.0560605,1.4469696666666667,14.000252499999998,0.0560605,1.4469696666666667,14.000252499999998,3,7,7,PAIR3,-0.6,NONE,NONE,,,,,-0.08,PAIR3,NONE,NONE,-0.22,-0.8999999999999999,1.0005221802726472,1.0034886713539666,1.0020054258133069,1.0,14.403888738102864,11.775545489354794,17.016610019561888,77.46722957362626,1.9028715988309421,0.1251820579242986,0,45,25,73.03623642092302,72.03170276496874,GOOD,88.0,82.7,76.1,67.7,58.4,47.9,37.8,28.5,20.8,14.5,10.1,6.9,4.5,2.8,1.8,1.1,0.7,0.5,0.3,0.2,0.2,0.1,0.0,0.0,0.0,0.0,0.0,2026020055,2026-10-08T02:00:00Z
BigZ BetZ NHL · Time on Ice V1.1,2026-10-07,8478013,Jake Walman,EDM,ANA,D,False,AWAY,14.538,14:32,15.293333333333331,16.09166666666667,16.202222222222225,14.438888888888888,18.491111111111113,16.641666666666666,-1.0064273579569925,0.9827938930789161,-1.2933888888888936,0.9776481964065286,,1.0,1.0020054258133069,1.0005221802726472,1.0034886713539666,1.0020054258133069,52.00542581330687,0,0,,0.960826677007953,28.260714285714286,1.8722221666666667,0.5833333333333334,11.983333333333333,1.8722221666666667,0.5833333333333334,11.983333333333333,3,7,6,PAIR3,-0.6,NONE,NONE,,,,,-0.08,PAIR3,NONE,NONE,-0.22,-0.8999999999999999,1.0005221802726472,1.0034886713539666,1.0020054258133069,0.960826677007953,14.570111109274672,11.973823415323809,17.101953790172512,80.25804599872308,1.8003565273942255,0.1096775222293162,3,45,25,77.20837931946369,79.11445587220393,STRONG,89.8,84.9,78.7,70.9,61.7,51.5,40.7,31.1,22.7,15.9,10.9,7.1,4.5,2.9,1.8,1.1,0.7,0.4,0.3,0.2,0.1,0.1,0.1,0.0,0.0,0.0,0.0,2026020055,2026-10-08T02:00:00Z
BigZ BetZ NHL · Time on Ice V1.1,2026-10-07,8484153,Leo Carlsson,ANA,EDM,C,True,HOME,19.734,19:44,19.130000000000003,19.08166666666667,19.01777777777778,19.075,18.67222222222222,18.65,0.16481467432356212,1.0,0.112222222222222,1.0,,1.0,1.0020054258133069,1.0034886713539666,1.0005221802726472,1.0020054258133069,52.00542581330687,0,0,,1.0,28.260714285714286,3.7333333333333334,0.4666666666666667,14.875,3.7333333333333334,0.4666666666666667,14.875,3,7,2,LINE1,0.55,NONE,NONE,,,,,-0.08,LINE1,NONE,NONE,0.25,0.72,1.0034886713539666,1.0005221802726472,1.0020054258133069,1.0,19.736967927839057,17.64528036917192,21.839132540743982,85.3128554641672,1.5382064059704152,0.08159524742129336,2,45,25,79.33139929495022,80.75404093067326,STRONG,100.0,100.0,100.0,100.0,99.8,99.7,99.4,99.1,98.4,97.1,94.9,91.4,85.9,78.3,68.2,56.0,43.4,31.7,21.5,13.8,8.5,5.2,3.0,1.7,1.0,0.5,0.3,2026020055,2026-10-08T02:00:00Z
BigZ BetZ NHL · Time on Ice V1.1,2026-10-07,8481538,Judd Caulfield,ANA,EDM,R,True,HOME,10.646,10:39,11.55,11.55,11.55,11.55,,11.55,-0.11782032400588882,1.0,0.0,1.0,,1.0,1.0020054258133069,1.0034886713539666,1.0005221802726472,1.0020054258133069,52.00542581330687,0,0,,1.0,28.260714285714286,0.0,0.0,11.55,0.0,0.0,11.55,3,7,10,LINE4,-0.65,NONE,NONE,,,,,-0.08,LINE4,NONE,NONE,-0.22,-0.95,1.0034886713539666,1.0005221802726472,1.0020054258133069,1.0,10.65707377280074,8.320607076988644,12.988117638652078,65.0,,,2,0,2,44.120000000000005,42.144800000000004,LIMITED,22.8,15.3,9.9,6.0,3.7,2.3,1.3,0.8,0.5,0.3,0.2,0.1,0.1,0.1,0.0,0.0,0.0,0.0,0.0,0.0,0.0,0.0,0.0,0.0,0.0,0.0,0.0,2026020055,2026-10-08T02:00:00Z
BigZ BetZ NHL · Time on Ice V1.1,2026-10-07,8482118,Sam Colangelo,ANA,EDM,R,True,HOME,9.329,9:20,9.946666666666667,10.200000000000001,10.200000000000001,10.4,10.177777777777777,10.333333333333334,-0.19468769416056553,1.0,-0.25333333333333385,1.0,,1.0,1.0020054258133069,1.0034886713539666,1.0005221802726472,1.0020054258133069,52.00542581330687,0,0,,1.0,28.260714285714286,0.0,0.0,10.4,0.0,0.0,10.4,3,7,12,LINE4,-0.65,NONE,NONE,,,,,-0.08,LINE4,NONE,NONE,-0.22,-0.95,1.0034886713539666,1.0005221802726472,1.0020054258133069,1.0,9.319505689256534,7.0747373484752965,11.589993618008256,70.61700753736598,1.6650362395492613,0.16323884701463345,1,9,10,55.75914316569371,54.178019118442435,MODERATE,6.8,4.2,2.6,1.5,0.9,0.5,0.4,0.2,0.1,0.1,0.0,0.0,0.0,0.0,0.0,0.0,0.0,0.0,0.0,0.0,0.0,0.0,0.0,0.0,0.0,0.0,0.0,2026020055,2026-10-08T02:00:00Z
BigZ BetZ NHL · Time on Ice V1.1,2026-10-07,8483445,Cutter Gauthier,ANA,EDM,L,True,HOME,18.894,18:54,17.803333333333335,16.263333333333335,16.715555555555557,19.34166666666667,16.703333333333337,17.94166666666667,1.6197914136758804,1.0319198327301518,1.6262777777777768,1.027241558096251,,1.0,1.0020054258133069,1.0034886713539666,1.0005221802726472,1.0020054258133069,52.00542581330687,0,0,,1.0600309368041438,28.260714285714286,3.7333333333333334,0.175,15.433333333333334,3.7333333333333334,0.175,15.433333333333334,3,7,6,LINE2,0.22,NONE,NONE,,,,,-0.08,LINE2,NONE,NONE,0.0,0.14,1.0034886713539666,1.0005221802726472,1.0020054258133069,1.0600309368041438,18.868609748682218,15.593939974509485,22.102779745190777,59.49502190638352,3.806905371659759,0.2250276560756471,2,45,25,68.48790920068107,68.70227622589982,GOOD,99.1,98.7,98.3,97.5,96.5,95.1,93.1,90.6,87.1,83.0,77.6,71.3,64.2,56.2,47.9,40.0,32.5,25.4,19.4,14.6,10.7,7.6,5.5,4.1,2.8,2.0,1.4,2026020055,2026-10-08T02:00:00Z
BigZ BetZ NHL · Time on Ice V1.1,2026-10-07,8475798,Mikael Granlund,ANA,EDM,C,True,HOME,20.974,20:58,20.68,20.354999999999997,20.427777777777774,20.583333333333332,19.676296296296297,19.508333333333333,0.14754660594005387,1.0,0.2522222222222261,1.0,,1.0,1.0020054258133069,1.0034886713539666,1.0005221802726472,1.0020054258133069,52.00542581330687,0,0,,1.0,28.260714285714286,3.7666666666666666,2.941666666666667,13.875,3.7666666666666666,2.941666666666667,13.875,3,7,1,LINE1,0.55,NONE,NONE,,,,,-0.08,LINE1,NONE,NONE,0.25,0.72,1.0034886713539666,1.0005221802726472,1.0020054258133069,1.0,20.98576866385953,18.399638073763093,23.521531480807578,77.38443998940866,2.4885492144987724,0.12564200005884077,2,45,25,76.00146479555164,77.05305658705596,STRONG,100.0,100.0,99.9,99.9,99.8,99.7,99.5,99.1,98.7,98.1,97.0,95.5,92.9,89.1,84.3,77.7,69.4,60.1,49.7,39.2,29.5,21.4,15.0,10.2,6.6,4.2,2.6,2026020055,2026-10-08T02:00:00Z
BigZ BetZ NHL · Time on Ice V1.1,2026-10-07,8478421,A.J. Greer,ANA,EDM,L,True,HOME,14.193,14:12,14.293333333333333,15.260000000000002,15.282222222222224,14.216666666666667,13.315925925925926,15.366666666666667,-0.8508212258807326,0.9861391465674721,-0.9258888888888914,0.9830359168241966,,1.0,1.0020054258133069,1.0034886713539666,1.0005221802726472,1.0020054258133069,52.00542581330687,0,0,,0.9694102000621857,28.260714285714286,0.4583333333333333,0.0,13.758333333333333,0.4583333333333333,0.0,13.758333333333333,3,7,7,LINE3,-0.18,NONE,NONE,,,,,-0.08,LINE3,NONE,NONE,0.0,-0.26,1.0034886713539666,1.0005221802726472,1.0020054258133069,0.9694102000621857,14.206627445622834,11.44285165965916,16.98837932498248,72.89262594931228,2.2432606997964957,0.1505965225038207,2,45,25,74.11490289871115,74.95627779313897,GOOD,84.9,79.0,71.8,63.2,53.8,44.5,35.2,27.0,20.3,14.1,9.9,6.7,4.5,3.0,2.0,1.4,0.9,0.6,0.4,0.3,0.2,0.1,0.1,0.1,0.0,0.0,0.0,2026020055,2026-10-08T02:00:00Z
BigZ BetZ NHL · Time on Ice V1.1,2026-10-07,8473986,Alex Killorn,ANA,EDM,L,True,HOME,17.737,17:44,18.326666666666664,17.48333333333333,17.67888888888889,15.883333333333333,17.56888888888889,17.75,0.23334119633700467,1.0,0.647777777777776,1.0,,1.0,1.0020054258133069,1.0034886713539666,1.0005221802726472,1.0020054258133069,52.00542581330687,0,0,,1.0,28.260714285714286,0.4083333333333333,3.033333333333333,12.441666666666666,0.4083333333333333,3.033333333333333,12.441666666666666,3,7,4,LINE2,0.22,NONE,NONE,,,,,-0.08,LINE2,NONE,NONE,0.0,0.14,1.0034886713539666,1.0005221802726472,1.0020054258133069,1.0,17.751337218888636,15.633554785777804,19.855688848503057,82.78550012684133,1.6889337097776784,0.09563611040643706,2,45,25,78.26991005327335,79.57427145920953,STRONG,99.8,99.7,99.4,99.0,98.3,97.1,94.6,91.1,85.7,77.8,67.9,56.3,43.6,31.9,22.0,14.2,8.7,5.2,3.1,1.8,1.0,0.6,0.3,0.2,0.1,0.1,0.1,2026020055,2026-10-08T02:00:00Z
BigZ BetZ NHL · Time on Ice V1.1,2026-10-07,8482408,Jeff Malott,ANA,EDM,L,True,HOME,7.46,7:28,7.959999999999999,8.118333333333334,8.144444444444446,9.291666666666668,9.122962962962964,8.233333333333334,0.0474944931439758,1.0,-0.18444444444444663,1.0,,1.0,1.0020054258133069,1.0034886713539666,1.0005221802726472,1.0020054258133069,52.00542581330687,0,0,,1.0,28.260714285714286,0.0,0.0,9.291666666666666,0.0,0.0,9.291666666666666,3,7,13,LINE4,-0.65,NONE,NONE,,,,,-0.08,LINE4,NONE,NONE,-0.22,-0.95,1.0034886713539666,1.0005221802726472,1.0020054258133069,1.0,7.443234026597317,5.0,10.008939561510646,57.453223079047106,2.006789644771612,0.23637098289418276,2,45,25,67.63035369319978,67.7491645332992,GOOD,1.6,1.0,0.6,0.3,0.2,0.1,0.1,0.0,0.0,0.0,0.0,0.0,0.0,0.0,0.0,0.0,0.0,0.0,0.0,0.0,0.0,0.0,0.0,0.0,0.0,0.0,0.0,2026020055,2026-10-08T02:00:00Z
BigZ BetZ NHL · Time on Ice V1.1,2026-10-07,8481754,Nikita Nesterenko,ANA,EDM,C,True,HOME,11.437,11:26,11.373333333333333,12.155,11.346666666666666,11.108333333333334,12.25689655172414,11.633333333333333,-0.24833600429384717,1.0,0.026666666666667282,1.0,,1.0,1.0020054258133069,1.0034886713539666,1.0005221802726472,1.0020054258133069,52.00542581330687,0,0,,1.0,28.260714285714286,0.0,0.0,11.108333333333333,0.0,0.0,11.108333333333333,3,7,9,LINE3,-0.18,NONE,NONE,,,,,-0.08,LINE3,NONE,NONE,0.0,-0.26,1.0034886713539666,1.0005221802726472,1.0020054258133069,1.0,11.441047395011843,8.87452984875071,14.008823913552787,70.34754135985045,1.89995383138736,0.16473588133416414,2,29,25,73.04596737113718,73.76823230677819,GOOD,38.5,29.2,21.3,14.9,10.1,6.7,4.4,2.9,1.8,1.2,0.7,0.5,0.3,0.3,0.2,0.1,0.1,0.1,0.0,0.0,0.0,0.0,0.0,0.0,0.0,0.0,0.0,2026020055,2026-10-08T02:00:00Z
BigZ BetZ NHL · Time on Ice V1.1,2026-10-07,8480068,Ryan Poehling,ANA,EDM,C,True,HOME,15.561,15:34,14.956666666666669,15.373333333333335,15.57777777777778,14.483333333333334,16.23851851851852,15.8,-0.4872506267903649,0.9962819939300405,-0.6211111111111105,1.0,,1.0,1.0020054258133069,1.0034886713539666,1.0005221802726472,1.0020054258133069,52.00542581330687,0,0,,0.9962819939300405,28.260714285714286,0.44166666666666665,2.4833333333333334,11.558333333333334,0.44166666666666665,2.4833333333333334,11.558333333333334,3,7,5,LINE2,0.22,NONE,NONE,,,,,-0.08,LINE2,NONE,NONE,0.0,0.14,1.0034886713539666,1.0005221802726472,1.0020054258133069,0.9962819939300405,15.54203415235013,13.394545404922582,17.74139306882241,81.01029399898762,1.6712699587002098,0.10549836667229098,2,45,25,77.5243234795748,78.74560523872742,STRONG,97.5,95.8,93.1,88.8,82.3,74.1,63.5,51.0,38.9,28.0,19.2,12.6,7.9,4.8,2.9,1.7,1.0,0.6,0.4,0.2,0.1,0.1,0.0,0.0,0.0,0.0,0.0,2026020055,2026-10-08T02:00:00Z
BigZ BetZ NHL · Time on Ice V1.1,2026-10-07,8484762,Beckett Sennecke,ANA,EDM,R,True,HOME,19.023,19:01,18.07,17.933333333333334,16.734444444444446,19.9,18.100370370370367,16.725,1.0549972560407745,1.0172603944969962,0.819055555555554,1.0137044020981343,,1.0,1.0020054258133069,1.0034886713539666,1.0005221802726472,1.0020054258133069,52.00542581330687,0,0,,1.0312013399816897,28.260714285714286,3.7333333333333334,0.18333333333333332,15.983333333333333,3.7333333333333334,0.18333333333333332,15.983333333333333,3,7,3,LINE1,0.55,NONE,NONE,,,,,-0.08,LINE1,NONE,NONE,0.25,0.72,1.0034886713539666,1.0005221802726472,1.0020054258133069,1.0312013399816897,19.039390576247353,15.455172747246513,22.576051578482232,64.646219810906,3.3617189412213038,0.19640988993941108,2,45,25,70.65141232058052,71.10685540773092,GOOD,98.9,98.4,97.8,97.1,96.0,94.4,92.2,89.7,86.3,82.3,77.4,71.6,65.0,58.0,50.7,43.1,36.0,29.2,23.2,18.1,13.8,10.4,7.9,5.8,4.3,3.1,2.3,2026020055,2026-10-08T02:00:00Z
BigZ BetZ NHL · Time on Ice V1.1,2026-10-07,8478366,Frank Vatrano,ANA,EDM,R,True,HOME,9.688,9:41,10.893333333333334,9.726666666666667,10.3,10.566666666666666,11.708518518518519,10.541666666666668,0.48272930453758,1.005442000053078,0.5933333333333337,1.0,,1.0,1.0020054258133069,1.0034886713539666,1.0005221802726472,1.0020054258133069,52.00542581330687,0,0,,1.005442000053078,28.260714285714286,0.0,0.0,10.566666666666666,0.0,0.0,10.566666666666666,3,7,11,LINE4,-0.65,NONE,NONE,,,,,-0.08,LINE4,NONE,NONE,-0.22,-0.95,1.0034886713539666,1.0005221802726472,1.0020054258133069,1.005442000053078,9.708988980087067,6.464315209108971,12.91299547775128,57.1593585392256,2.579165284981066,0.2380035636709689,1,45,25,67.50693058647475,66.89198856611051,GOOD,17.3,12.9,9.4,6.8,4.8,3.4,2.4,1.6,1.1,0.8,0.6,0.4,0.3,0.2,0.1,0.1,0.0,0.0,0.0,0.0,0.0,0.0,0.0,0.0,0.0,0.0,0.0,2026020055,2026-10-08T02:00:00Z
BigZ BetZ NHL · Time on Ice V1.1,2026-10-07,8485512,Tim Washe,ANA,EDM,C,True,HOME,12.934,12:56,12.873333333333335,13.388333333333332,13.538888888888888,16.225,12.052136752136752,12.233333333333334,-0.024203132226343627,1.0,-0.665555555555553,1.0,,1.0,1.0020054258133069,1.0034886713539666,1.0005221802726472,1.0020054258133069,52.00542581330687,0,0,,1.0,28.260714285714286,0.0,3.441666666666667,12.783333333333333,0.0,3.441666666666667,12.783333333333333,3,7,8,LINE3,-0.18,NONE,NONE,,,,,-0.08,LINE3,NONE,NONE,0.0,-0.26,1.0034886713539666,1.0005221802726472,1.0020054258133069,1.0,12.912827541814181,9.497942445843305,16.299864650459405,58.13623479456158,2.9593418098233295,0.23257647336354678,2,39,25,67.91721861371586,68.06799440210133,GOOD,64.1,56.4,48.8,41.2,33.9,27.1,21.3,16.2,12.0,8.8,6.5,4.6,3.3,2.3,1.7,1.2,0.8,0.6,0.4,0.3,0.2,0.1,0.1,0.1,0.1,0.0,0.0,2026020055,2026-10-08T02:00:00Z
BigZ BetZ NHL · Time on Ice V1.1,2026-10-07,8481563,Drew Helleson,ANA,EDM,D,True,HOME,14.207,14:12,14.986666666666668,14.811666666666667,14.661111111111113,,16.19111111111111,15.066666666666666,0.20427060938991026,1.0,0.32555555555555493,1.0,,1.0,1.0020054258133069,1.0034886713539666,1.0005221802726472,1.0020054258133069,52.00542581330687,0,0,,1.0,28.260714285714286,0.08472216666666667,1.4855555,15.394444333333333,0.08472216666666667,1.4855555,15.394444333333333,3,7,5,PAIR3,-0.6,NONE,NONE,,,,,-0.08,PAIR3,NONE,NONE,-0.22,-0.8999999999999999,1.0034886713539666,1.0005221802726472,1.0020054258133069,1.0,14.207896936504241,11.396526834443888,16.993695698049,70.97972093732834,2.417953529124546,0.16122377257039813,0,45,25,70.3114827936779,69.00333373354486,GOOD,84.8,79.1,71.9,63.4,54.1,44.5,35.4,27.0,20.3,14.5,9.9,6.9,4.6,3.2,2.2,1.5,1.0,0.7,0.4,0.3,0.2,0.1,0.1,0.1,0.0,0.0,0.0,2026020055,2026-10-08T02:00:00Z
BigZ BetZ NHL · Time on Ice V1.1,2026-10-07,8482731,Tyson Hinds,ANA,EDM,D,True,HOME,12.181,12:11,12.873333333333335,14.710416666666667,14.710416666666667,11.991666666666667,15.616666666666665,14.208333333333332,-1.496851790071327,0.9665377207620764,-1.9800833333333325,0.965,,1.0,1.0020054258133069,1.0034886713539666,1.0005221802726472,1.0020054258133069,52.00542581330687,0,0,,0.9327089005354038,28.260714285714286,0.0,0.125,11.866666666666667,0.0,0.125,11.866666666666667,3,7,7,PAIR3,-0.6,NONE,NONE,,,,,-0.08,PAIR3,NONE,NONE,-0.22,-0.8999999999999999,1.0034886713539666,1.0005221802726472,1.0020054258133069,0.9327089005354038,12.107814986192405,8.55182412689608,15.73099341018986,48.9267719073602,4.173935920857982,0.28374015607022113,2,6,8,44.329244201091285,42.24021712635574,LIMITED,51.7,44.0,36.9,30.4,24.7,19.2,14.8,11.4,8.5,6.3,4.7,3.3,2.5,1.9,1.4,1.0,0.7,0.5,0.4,0.3,0.2,0.2,0.1,0.1,0.1,0.0,0.0,2026020055,2026-10-08T02:00:00Z
BigZ BetZ NHL · Time on Ice V1.1,2026-10-07,8475324,Nick Jensen,ANA,EDM,D,True,HOME,17.718,17:43,18.01666666666667,17.93333333333333,17.666666666666668,,16.51851851851852,17.616666666666667,-0.1559061849014718,1.0,0.3500000000000014,1.0,,1.0,1.0020054258133069,1.0034886713539666,1.0005221802726472,1.0020054258133069,52.00542581330687,0,0,,1.0,28.260714285714286,0.0519125,0.8,16.1568305,0.0519125,0.8,16.1568305,3,7,4,PAIR2,0.08,NONE,NONE,,,,,-0.08,PAIR2,NONE,NONE,0.0,0.0,1.0034886713539666,1.0005221802726472,1.0020054258133069,1.0,17.727446943522892,15.304094264128294,20.158592286572063,79.53164229977578,2.0185970172693346,0.11371309833457897,0,45,25,73.90328976590582,72.99537062553533,GOOD,99.6,99.3,98.8,98.1,96.8,95.0,92.3,88.1,82.3,74.8,65.4,55.0,44.1,33.5,24.4,17.1,11.4,7.4,4.7,3.0,1.9,1.2,0.7,0.4,0.3,0.2,0.1,2026020055,2026-10-08T02:00:00Z
BigZ BetZ NHL · Time on Ice V1.1,2026-10-07,8481605,Jackson LaCombe,ANA,EDM,D,True,HOME,27.811,27:49,27.01666666666667,24.74,24.521111111111107,29.15,23.55407407407407,24.083333333333336,2.5154172329631734,1.035,2.25,1.0256921473560197,,1.0,1.0020054258133069,1.0034886713539666,1.0005221802726472,1.0020054258133069,52.00542581330687,0,0,,1.0615913725134802,28.260714285714286,2.716666666666667,2.691666666666667,23.741666666666667,2.716666666666667,2.691666666666667,23.741666666666667,3,7,1,PAIR1,0.6,NONE,NONE,,,,,-0.08,PAIR1,NONE,NONE,0.25,0.77,1.0034886713539666,1.0005221802726472,1.0020054258133069,1.0615913725134802,27.789196435287376,24.373755902201626,31.176996746577156,79.48738019423813,2.734446179106978,0.11395899892089928,2,45,25,76.88469968158,78.03470907467036,STRONG,100.0,100.0,100.0,100.0,100.0,100.0,100.0,100.0,100.0,100.0,99.9,99.9,99.9,99.8,99.8,99.7,99.6,99.3,99.0,98.6,98.0,97.1,95.8,94.2,92.2,89.3,85.8,2026020055,2026-10-08T02:00:00Z
BigZ BetZ NHL · Time on Ice V1.1,2026-10-07,8483482,Tristan Luneau,ANA,EDM,D,True,HOME,24.593,24:36,21.727777777777778,21.727777777777778,21.727777777777778,26.78333333333333,11.616666666666667,26.6,0.6451534466733797,1.0056262381103864,0.0,1.0,,1.0,1.0020054258133069,1.0034886713539666,1.0005221802726472,1.0020054258133069,52.00542581330687,0,0,,1.0056262381103864,28.260714285714286,0.625,2.5083333333333333,23.65,0.625,2.5083333333333333,23.65,3,7,2,PAIR1,0.6,NONE,NONE,,,,,-0.08,PAIR1,NONE,NONE,0.25,0.77,1.0034886713539666,1.0005221802726472,1.0020054258133069,1.0056262381103864,24.58825756616617,21.704373013141414,27.47891359771359,30.0,8.758398086239117,0.40309681808310943,2,1,3,30.58,27.073200000000003,LIMITED,100.0,100.0,100.0,100.0,100.0,100.0,100.0,100.0,99.9,99.9,99.8,99.6,99.5,99.2,98.8,98.2,97.4,96.0,94.0,91.4,87.8,83.0,76.9,69.3,60.8,51.7,42.3,2026020055,2026-10-08T02:00:00Z
BigZ BetZ NHL · Time on Ice V1.1,2026-10-07,8483490,Pavel Mintyukov,ANA,EDM,D,True,HOME,19.457,19:27,19.076666666666664,19.03166666666667,19.487777777777776,20.5,19.863703703703703,19.125,-0.2023283837612091,1.0,-0.4111111111111114,1.0,,1.0,1.0020054258133069,1.0034886713539666,1.0005221802726472,1.0020054258133069,52.00542581330687,0,0,,1.0,28.260714285714286,0.425,3.533333333333333,16.541666666666668,0.425,3.533333333333333,16.541666666666668,3,7,3,PAIR2,0.08,NONE,NONE,,,,,-0.08,PAIR2,NONE,NONE,0.0,0.0,1.0034886713539666,1.0005221802726472,1.0020054258133069,1.0,19.47060361562049,16.815083890732105,22.09941373284156,80.5292950356318,2.0783174706410787,0.10817058313537883,2,45,25,77.32230391496536,78.52107492263292,STRONG,99.8,99.7,99.6,99.3,99.0,98.5,97.8,96.5,94.8,92.2,88.5,83.1,76.3,68.1,59.1,49.4,39.2,30.0,22.4,15.8,10.8,7.3,4.8,3.1,2.0,1.3,0.8,2026020055,2026-10-08T02:00:00Z
BigZ BetZ NHL · Time on Ice V1.1,2026-10-07,8484262,Travis Mitchell,ANA,EDM,D,True,HOME,13.313,13:19,14.433333333333332,12.951666666666664,12.6,17.383333333333333,11.537037037037036,11.966666666666667,1.943258565756489,1.035,2.25,1.035,,1.0,1.0020054258133069,1.0034886713539666,1.0005221802726472,1.0020054258133069,52.00542581330687,0,0,,1.0712249999999999,28.260714285714286,0.0,1.6083333333333334,15.775,0.0,1.6083333333333334,15.775,3,7,6,PAIR3,-0.6,NONE,NONE,,,,,-0.08,PAIR3,NONE,NONE,-0.22,-0.8999999999999999,1.0034886713539666,1.0005221802726472,1.0020054258133069,1.0712249999999999,13.323006862212495,9.871667765768466,16.730031238441576,53.08424107643415,3.28410312464961,0.2606431051309214,2,9,11,49.555381252102336,47.980123734479456,LIMITED,69.4,62.4,55.0,47.2,39.3,32.1,25.5,19.8,14.9,11.3,8.4,6.2,4.4,3.1,2.1,1.5,1.1,0.7,0.5,0.3,0.2,0.2,0.1,0.1,0.1,0.1,0.0,2026020055,2026-10-08T02:00:00Z
BigZ BetZ NHL · Time on Ice V1.1,2026-10-07,8482178,Ian Moore,ANA,EDM,D,True,HOME,9.505,9:30,9.633333333333333,11.093333333333334,11.494444444444445,,13.418518518518521,11.325,-1.7920699054219185,0.965,-2.25,0.965,,1.0,1.0020054258133069,1.0034886713539666,1.0005221802726472,1.0020054258133069,52.00542581330687,0,0,,0.931225,28.260714285714286,0.05124366666666667,0.5639303333333333,13.052487500000002,0.05124366666666667,0.5639303333333333,13.052487500000002,3,7,9,PAIR3,-0.6,NONE,NONE,,,,,-0.08,PAIR3,NONE,NONE,-0.22,-0.8999999999999999,1.0034886713539666,1.0005221802726472,1.0020054258133069,0.931225,9.508927705381524,8.0,13.56872421457924,50.919442787545606,3.3527019521748365,0.2726697622914133,0,45,25,61.886165970769156,59.63919589322629,MODERATE,20.7,16.6,13.2,10.3,8.0,6.2,4.6,3.5,2.6,2.0,1.5,1.1,0.8,0.6,0.4,0.3,0.3,0.2,0.2,0.1,0.1,0.1,0.1,0.0,0.0,0.0,0.0,2026020055,2026-10-08T02:00:00Z
BigZ BetZ NHL · Time on Ice V1.1,2026-10-07,8483521,Noah Warren,ANA,EDM,D,True,HOME,11.936,11:56,12.75,12.75,12.75,12.75,,12.75,0.21751444431856903,1.0,0.0,1.0,,1.0,1.0020054258133069,1.0034886713539666,1.0005221802726472,1.0020054258133069,52.00542581330687,0,0,,1.0,28.260714285714286,0.0,2.275,10.475,0.0,2.275,10.475,3,7,8,PAIR3,-0.6,NONE,NONE,,,,,-0.08,PAIR3,NONE,NONE,-0.22,-0.8999999999999999,1.0034886713539666,1.0005221802726472,1.0020054258133069,1.0,11.957347312783288,9.297757375398973,14.573318708551225,65.0,,,2,0,2,44.120000000000005,42.144800000000004,LIMITED,49.1,38.9,29.7,22.1,15.6,10.6,7.1,4.7,3.1,2.1,1.4,0.9,0.6,0.4,0.3,0.2,0.1,0.1,0.1,0.0,0.0,0.0,0.0,0.0,0.0,0.0,0.0,2026020055,2026-10-08T02:00:00Z
