Rank,Date,Game PK,Game Time UTC,Game Status,Venue,Matchup,Home/Away,Player ID,Player,Team,Opponent,Position,Bats,Confirmed Lineup,Lineup Spot,G,PA,AB,H,2B,3B,HR,R,RBI,BB,HBP,SO,AVG,OBP,SLG,OPS,L14 G,L14 PA,L14 AB,L14 H,L14 HR,L14 AVG,L14 HR/PA,L30 G,L30 PA,L30 AB,L30 H,L30 HR,L30 AVG,L30 HR/PA,Statcast BBE,L30 Statcast BBE,Barrel %,Hard Hit %,Pull %,Center %,Oppo %,Fly Ball %,Air Ball %,Pull Air %,Sweet Spot %,HR Launch %,Ideal HR Contact %,Ideal Contact %,HR/Barrel %,Avg Exit Velocity,Avg Launch Angle,xSLG on Contact,Avg Bat Speed,EV50,Max Exit Velocity,Fast Swing Rate %,Squared-Up Rate %,Blast Rate %,Ideal Attack Angle %,Power DNA Score,Power DNA Label,Power DNA Stars,Power Archetype,Swing Plane Grade,Swing Plane Label,Power Profile Score,Power Profile Label,Power Profile Multiplier,Power Profile Data Quality,L30 Barrel %,L30 Pull Air %,L30 EV50,L30 xSLG on Contact,Fast Swing Source,Squared-Up Source,Blast Source,Ideal Attack Angle Source,Barrels per PA,Barrels per PA %,Estimated xHR,xHR Minus Actual HR,HR Regression Label,AI Power Outlook,Raw HR/PA,Bayesian HR/PA,Expected PA,AB Since Last HR,Games Since Last HR,AB/HR,Due Ratio,Due Meter Pct,Due Label,Opposing SP ID,Opposing SP,Opposing SP Throws,Platoon,SP G,SP GS,SP IP,SP ERA,SP WHIP,SP HR,SP HR/9,SP K/9,SP BB/9,SP Statcast BBE,SP Barrel % Allowed,SP Hard Hit % Allowed,SP Fly Ball % Allowed,SP Pull Air % Allowed,SP Sweet Spot % Allowed,SP Avg EV Allowed,SP EV50 Allowed,SP Max EV Allowed,SP xSLG on Contact Allowed,SP Statcast HR Allowed,Pitch Type Matchup Score,Pitch Mix Coverage %,Weighted xSLG vs Pitch Mix,Weighted Barrel % vs Pitch Mix,Primary Pitch Matchup,Effective Batter Side,Handedness Matchup,Handedness Matchup Score,Hitter Split PA,Hitter Split AVG,Hitter Split OBP,Hitter Split SLG,Hitter Split OPS,Hitter Split HR,Hitter Split BB,Hitter Split K,Hitter HR/PA vs Hand,Hitter Barrel % vs Hand,Hitter xSLG vs Hand,Pitcher Split PA Allowed,Pitcher HR/PA Allowed vs Side,Pitcher Barrel % Allowed vs Side,Pitcher xSLG Allowed vs Side,Career BvP PA,Career BvP AB,Career BvP H,Career BvP Results,Career BvP AVG,Career BvP OBP,Career BvP SLG,Career BvP OPS,Career BvP HR,Career BvP BB,Career BvP K,Hitter vs Pitcher Matchup Score,Hitter vs Pitcher Matchup Label,Hitter vs Pitcher Matchup Band,Career BvP Component Score,Recent Pitch Mix Games,Recent Pitch Mix Source,Recent Pitch Mix Total,Recent Pitch 1 Name,Recent Pitch 1 Usage %,Recent Pitch 1 Count,Recent Pitch 2 Name,Recent Pitch 2 Usage %,Recent Pitch 2 Count,Recent Pitch 3 Name,Recent Pitch 3 Usage %,Recent Pitch 3 Count,Recent Pitch 4 Name,Recent Pitch 4 Usage %,Recent Pitch 4 Count,Weather Condition,Temperature F,Wind,Wind MPH,Roof Closed,Park HR Factor,Park Multiplier,Weather Multiplier,Environment Score,Pitch Fit Multiplier,Pitcher Contact Multiplier,Hitter Power Component,Hitter Power Primary Metric,Hitter Power Secondary Metric,Hitter Power Third Metric,Hitter Power Fourth Metric,Handedness Matchup Component,Pitcher Vulnerability Component,Pitch Type Component,Recent Power Component,Environment Component,Lineup Component,HR Target Score,Target Score Probability %,Recent Form Multiplier,Pitcher HR Multiplier,Platoon Multiplier,Legacy OPS/SLG Multiplier,Statcast Power Multiplier,Power Multiplier,Due Multiplier,Baseline HR Probability %,HR Probability %,Model Confidence %,HR Model Score,Grade,Data Quality,Recent Pitch 5 Name,Recent Pitch 5 Usage %,Recent Pitch 5 Count,Recent Pitch 6 Name,Recent Pitch 6 Usage %,Recent Pitch 6 Count,Recent Pitch 7 Name,Recent Pitch 7 Usage %,Recent Pitch 7 Count
1,2026-08-21,824559,2026-08-21T23:40:00Z,Scheduled,Rate Field,New York Mets @ Chicago White Sox,Home,808959,Munetaka Murakami,Chicago White Sox,New York Mets,1B,L,No,,92,402,330,75,13,0,29,67,58,69,2,132,0.227,0.363,0.53,0.893,12,52,42,7,4,0.167,0.0769,26,117,100,22,9,0.22,0.0769,363,101,13.4,37.9,46.0,28.5,24.3,20.5,30.6,46.1,30.6,9.0,5.0,9.0,62.0,86.4,18.1,0.885,72.0,100.1,113.9,41.7,15.7,10.8,45.5,57.2,Average,3.5,Pull Power,A,Excellent HR swing plane,57.2,Average,1.02,Good,14.9,48.5,100.0,0.917,Derived proxy,Derived proxy,Derived proxy,Derived proxy,,,39.11,10.11,Strong positive regression,Average Pull Power profile. 13.4% barrel rate; 86.4 mph average exit velocity; 30.6% air-ball rate; 46.1% pull-air rate; 9.0% HR-launch rate.,0.0721,0.0629,4.09,9,2,11.4,0.79,79.1,Recently homered,640455.0,Sean Manaea,L,LHB vs LHP,26,12,111.0,4.22,1.32,16,1.3,9.16,3.0,671.0,4.8,22.4,14.2,50.6,31.3,80.7,93.6,114.6,0.571,16.0,72.2,100.0,0.803,10.5,4-Seam Fastball,L,LHB vs LHP,49.4,126,0.192,0.325,0.404,0.729,6,21,47,0.0476,9.0,0.792,155,0.0258,4.1,0.553,0,0,0,0/0,,,,,0,0,0,57.5,Neutral Matchup,Average,50.0,5,Pitch-level Statcast · last 5 MLB games,457,4-Seam Fastball,53.82932166301969,246.0,Sweeper,26.695842450765863,122.0,Sinker,15.317286652078774,70.0,Changeup,2.4070021881838075,11.0,Unknown,,Unknown,,No,100.0,1.0,1.0,50.0,1.044,0.973,65.1,Current-Season Handedness Matchup,Pull Air %,Barrel %,Max Exit Velocity,49.4,38.5,72.2,79.3,50.0,45.0,58.6,8.17,1.089,1.032,0.985,1.03,1.02,1.051,1.0,23.34,16.68,85.0,42.4,C-,Lineup unconfirmed,Cutter,1.75054704595186,8.0,,,,,,
2,2026-08-21,823911,2026-08-22T02:10:00Z,Scheduled,UNIQLO Field at Dodger Stadium,Pittsburgh Pirates @ Los Angeles Dodgers,Away,804668,Rafael Flores Jr.,Pittsburgh Pirates,Los Angeles Dodgers,C,R,No,,19,56,48,15,2,0,6,10,12,8,0,15,0.313,0.411,0.729,1.14,8,28,26,10,5,0.385,0.1786,11,37,33,11,5,0.333,0.1351,55,34,13.4,33.5,54.7,24.7,20.6,29.2,33.8,63.3,27.0,14.6,10.2,14.6,90.7,84.5,19.7,0.897,72.2,98.3,110.0,35.8,16.8,10.5,55.2,61.1,Average,3.5,Pull Power,A,Excellent HR swing plane,61.1,Average,1.031,Good,14.7,63.6,100.1,0.935,Derived proxy,Derived proxy,Derived proxy,Derived proxy,,,6.28,0.28,Near expected,Average Pull Power profile. 13.4% barrel rate; 84.5 mph average exit velocity; 33.8% air-ball rate; 63.3% pull-air rate; 14.6% HR-launch rate.,0.1071,0.0559,4.31,0,0,8.0,0.0,0.0,Very recent HR,808967.0,Yoshinobu Yamamoto,R,RHB vs RHP,22,22,145.1,2.6,0.89,15,0.93,8.42,2.11,711.0,3.8,23.3,12.9,44.9,28.3,81.9,94.4,114.2,0.467,15.0,80.9,73.1,0.831,13.4,4-Seam Fastball,R,RHB vs RHP,46.1,25,0.304,0.36,0.783,1.143,3,2,6,0.12,10.3,0.88,267,0.03,3.9,0.462,0,0,0,0/0,,,,,0,0,0,59.1,Slight Hitter Advantage,Above average,50.0,5,Pitch-level Statcast · last 5 MLB games,502,4-Seam Fastball,26.49402390438247,133.0,Split-Finger,25.298804780876495,127.0,Cutter,21.314741035856574,107.0,Sinker,12.151394422310757,61.0,Unknown,,Unknown,,No,100.0,1.0,1.0,50.0,1.062,0.963,63.3,Current-Season Handedness Matchup,Pull Air %,Barrel %,Max Exit Velocity,46.1,29.6,80.9,82.5,50.0,45.0,57.3,7.61,1.35,0.973,0.985,1.08,1.031,1.114,0.98,21.96,17.87,59.0,42.9,C-,Small season sample; Lineup unconfirmed,Curveball,10.159362549800797,51.0,Slider,4.581673306772909,23.0,,,
3,2026-08-21,824072,2026-08-22T00:10:00Z,Scheduled,Kauffman Stadium,Detroit Tigers @ Kansas City Royals,Away,680664,Eduardo Valencia,Detroit Tigers,Kansas City Royals,C,R,No,,21,61,59,21,6,0,6,12,17,1,1,17,0.356,0.377,0.763,1.14,8,24,23,7,2,0.304,0.0833,15,48,47,16,4,0.34,0.0833,85,69,14.2,31.8,44.3,22.2,33.5,13.7,26.7,58.1,41.7,13.0,7.1,13.0,46.5,85.3,13.3,0.749,71.4,97.6,112.4,30.5,18.3,10.7,53.2,60.1,Average,3.5,Pull Power,A,Excellent HR swing plane,60.1,Average,1.028,Good,14.5,61.1,97.7,0.718,Derived proxy,Derived proxy,Derived proxy,Derived proxy,,,10.03,4.03,Strong positive regression,Average Pull Power profile. 14.2% barrel rate; 85.3 mph average exit velocity; 26.7% air-ball rate; 58.1% pull-air rate; 13.0% HR-launch rate.,0.0984,0.0544,4.23,7,3,9.8,0.71,71.2,Recently homered,702070.0,Noah Cameron,L,RHB vs LHP,24,23,138.1,4.16,1.22,14,0.91,8.2,2.8,740.0,5.1,25.7,14.5,46.3,31.2,82.6,95.5,115.9,0.542,14.0,57.8,82.7,0.67,9.9,4-Seam Fastball,R,RHB vs LHP,48.6,28,0.357,0.357,0.893,1.25,4,0,12,0.1429,14.0,0.991,436,0.0229,4.3,0.525,0,0,0,0/0,,,,,0,0,0,52.1,Neutral Matchup,Average,50.0,5,Pitch-level Statcast · last 5 MLB games,516,Changeup,21.705426356589147,112.0,Cutter,20.930232558139537,108.0,Slider,18.6046511627907,96.0,4-Seam Fastball,17.635658914728683,91.0,Unknown,,Unknown,,No,100.0,1.0,1.0,50.0,1.016,0.976,67.9,Current-Season Handedness Matchup,Pull Air %,Barrel %,Max Exit Velocity,48.6,38.7,57.8,77.2,50.0,45.0,57.1,7.56,1.213,0.97,1.025,1.08,1.028,1.111,1.0,21.06,16.38,60.2,40.6,D+,Small season sample; Lineup unconfirmed,Curveball,16.666666666666668,86.0,Sinker,4.457364341085271,23.0,,,
4,2026-08-21,823420,2026-08-21T22:40:00Z,Scheduled,Citizens Bank Park,St. Louis Cardinals @ Philadelphia Phillies,Home,656941,Kyle Schwarber,Philadelphia Phillies,St. Louis Cardinals,DH,L,No,,122,545,454,111,15,1,37,73,74,80,6,184,0.244,0.362,0.526,0.888,11,52,43,11,4,0.256,0.0769,23,106,83,19,4,0.229,0.0377,607,112,8.8,31.0,63.0,17.1,19.6,15.1,27.9,59.3,30.0,9.0,6.4,9.0,58.8,85.4,18.9,0.772,74.1,97.8,112.6,65.9,15.2,15.5,63.0,53.8,Average,3.0,Pull Power,A,Excellent HR swing plane,53.8,Average,1.011,Good,6.2,59.4,96.2,0.67,Derived proxy,Derived proxy,Derived proxy,Derived proxy,,,48.51,11.51,Strong positive regression,Average Pull Power profile. 8.8% barrel rate; 85.4 mph average exit velocity; 27.9% air-ball rate; 59.3% pull-air rate; 9.0% HR-launch rate.,0.0679,0.0614,4.09,22,5,12.3,1.79,179.3,Above normal drought,,TBD,,Unknown,0,0,0.0,0.0,0.0,0,0.0,0.0,0.0,,,,,,,,,,,,50.0,0.0,,,Unknown,L,Unknown,50.0,0,,,,,0,0,0,,,,0,,,,0,0,0,0/0,,,,,0,0,0,50.0,Neutral Matchup,Average,50.0,0,,0,,,,,,,,,,,,,Unknown,,Unknown,,No,108.0,1.08,1.0,64.4,1.0,1.0,62.1,Current-Season Handedness Matchup,Pull Air %,Barrel %,Max Exit Velocity,50.0,50.0,50.0,55.9,64.4,45.0,56.1,7.18,0.986,1.0,1.0,1.03,1.011,1.041,1.035,22.84,15.58,75.0,43.8,C-,Probable SP unavailable; Lineup unconfirmed,,,,,,,,,
5,2026-08-21,823830,2026-08-21T23:10:00Z,Scheduled,loanDepot park,Washington Nationals @ Miami Marlins,Away,694673,Abimelec Ortiz,Washington Nationals,Miami Marlins,1B,L,No,,17,52,50,13,2,0,5,7,9,2,0,13,0.26,0.288,0.6,0.888,11,36,35,10,4,0.286,0.1111,16,50,48,12,5,0.25,0.1,82,77,13.3,35.6,58.4,22.3,19.4,16.2,25.7,53.3,34.0,13.3,5.0,13.3,47.0,87.7,17.2,0.822,73.8,99.2,111.2,57.7,17.8,19.1,47.7,63.8,Above Average,3.5,Pull Power,A,Excellent HR swing plane,63.8,Above Average,1.039,Good,13.0,55.0,98.4,0.831,Derived proxy,Derived proxy,Derived proxy,Derived proxy,,,9.53,4.53,Strong positive regression,Above Average Pull Power profile. 13.3% barrel rate; 87.7 mph average exit velocity; 25.7% air-ball rate; 53.3% pull-air rate; 13.3% HR-launch rate.,0.0962,0.0514,4.09,10,3,10.0,1.0,100.0,Near normal interval,687473.0,Ryan Gusto,R,LHB vs RHP,16,11,53.2,4.7,1.32,8,1.34,8.22,2.35,318.0,5.7,27.0,13.8,32.3,31.1,84.8,95.6,113.3,0.537,8.0,70.3,93.1,0.748,12.3,4-Seam Fastball,L,LHB vs RHP,53.9,46,0.295,0.326,0.682,1.008,5,2,8,0.1087,14.1,0.836,138,0.0217,5.5,0.525,0,0,0,0/0,,,,,0,0,0,58.9,Slight Hitter Advantage,Above average,50.0,5,Pitch-level Statcast · last 5 MLB games,349,4-Seam Fastball,31.23209169054441,109.0,Sweeper,15.472779369627506,54.0,Cutter,13.46704871060172,47.0,Sinker,12.034383954154729,42.0,Unknown,,Unknown,,No,94.0,0.94,1.0,39.2,1.041,0.982,67.5,Current-Season Handedness Matchup,Pull Air %,Barrel %,Max Exit Velocity,53.9,31.3,70.3,75.2,39.2,45.0,56.1,7.17,1.35,1.029,1.025,1.055,1.039,1.096,1.0,19.41,16.52,59.7,39.5,D+,Small season sample; Lineup unconfirmed,Changeup,10.02865329512894,35.0,Slider,9.455587392550143,33.0,Curveball,8.30945558739255,29.0
6,2026-08-21,823510,2026-08-21T23:05:00Z,Scheduled,Yankee Stadium,Toronto Blue Jays @ New York Yankees,Home,671277,Luis García Jr.,New York Yankees,Toronto Blue Jays,1B,L,No,,118,433,412,115,23,5,25,53,80,19,0,72,0.279,0.309,0.541,0.85,10,42,40,10,1,0.25,0.0238,23,95,90,25,4,0.278,0.0421,625,132,8.5,29.6,52.6,23.8,23.0,12.7,26.6,48.8,26.3,7.2,3.9,7.2,41.4,85.1,13.4,0.579,73.5,97.2,115.4,46.5,15.2,15.7,60.9,46.8,Below Average,3.0,Pull Power,A,Excellent HR swing plane,46.8,Below Average,0.991,Good,10.6,50.0,97.5,0.547,Derived proxy,Derived proxy,Derived proxy,Derived proxy,,,45.59,20.59,Strong positive regression,Below Average Pull Power profile. 8.5% barrel rate; 85.1 mph average exit velocity; 26.6% air-ball rate; 48.8% pull-air rate; 7.2% HR-launch rate.,0.0577,0.0522,4.09,0,0,16.5,0.0,0.0,Very recent HR,,TBD,,Unknown,0,0,0.0,0.0,0.0,0,0.0,0.0,0.0,,,,,,,,,,,,50.0,0.0,,,Unknown,L,Unknown,50.0,0,,,,,0,0,0,,,,0,,,,0,0,0,0/0,,,,,0,0,0,50.0,Neutral Matchup,Average,50.0,0,,0,,,,,,,,,,,,,Unknown,,Unknown,,No,108.0,1.08,1.0,64.4,1.0,1.0,59.6,Current-Season Handedness Matchup,Pull Air %,Barrel %,Max Exit Velocity,50.0,50.0,50.0,66.3,64.4,45.0,56.0,7.13,0.846,1.0,1.0,1.03,0.991,1.021,0.98,19.67,12.07,74.6,32.8,D,Probable SP unavailable; Lineup unconfirmed,,,,,,,,,
7,2026-08-21,823830,2026-08-21T23:10:00Z,Scheduled,loanDepot park,Washington Nationals @ Miami Marlins,Home,665052,Griffin Conine,Miami Marlins,Washington Nationals,RF,L,No,,61,198,173,47,6,0,14,28,31,22,3,60,0.272,0.364,0.549,0.913,11,41,34,12,4,0.353,0.0976,25,88,76,21,7,0.276,0.0795,214,86,9.3,33.6,50.2,30.4,19.4,15.3,29.4,52.8,33.9,10.1,7.2,10.1,76.1,86.2,18.7,0.821,72.0,99.3,115.0,41.5,13.3,10.6,47.6,56.2,Average,3.0,Pull Power,A,Excellent HR swing plane,56.2,Average,1.017,Good,9.3,48.3,100.5,0.82,Derived proxy,Derived proxy,Derived proxy,Derived proxy,,,18.01,4.01,Strong positive regression,Average Pull Power profile. 9.3% barrel rate; 86.2 mph average exit velocity; 29.4% air-ball rate; 52.8% pull-air rate; 10.1% HR-launch rate.,0.0707,0.0561,4.17,4,1,12.4,0.32,32.4,Very recent HR,695418.0,Brad Lord,R,LHB vs RHP,30,3,62.1,4.04,1.25,7,1.01,8.23,3.61,414.0,3.6,22.7,8.7,34.8,28.0,81.9,94.0,115.9,0.515,7.0,75.3,99.6,0.852,9.7,4-Seam Fastball,L,LHB vs RHP,69.7,165,0.282,0.382,0.62,1.002,14,21,51,0.0848,11.0,0.891,129,0.0388,5.7,0.702,0,0,0,0/0,,,,,0,0,0,67.7,Slight Hitter Advantage,Above average,50.0,5,Pitch-level Statcast · last 5 MLB games,208,4-Seam Fastball,33.17307692307692,69.0,Sinker,27.403846153846153,57.0,Slider,25.0,52.0,Sweeper,11.538461538461538,24.0,Unknown,,Unknown,,No,94.0,0.94,1.0,39.2,1.051,0.961,71.0,Current-Season Handedness Matchup,Pull Air %,Barrel %,Max Exit Velocity,69.7,24.0,75.3,67.7,39.2,45.0,55.7,7.04,1.238,0.987,1.025,1.03,1.017,1.048,0.98,21.4,15.4,73.2,38.8,D+,Lineup unconfirmed,Changeup,2.8846153846153846,6.0,,,,,,
8,2026-08-21,823510,2026-08-21T23:05:00Z,Scheduled,Yankee Stadium,Toronto Blue Jays @ New York Yankees,Home,700250,Ben Rice,New York Yankees,Toronto Blue Jays,DH,L,No,,122,523,455,114,20,3,34,78,80,62,4,131,0.251,0.344,0.532,0.876,11,48,43,7,3,0.163,0.0625,25,108,94,14,4,0.149,0.037,629,127,9.0,30.3,56.4,20.5,23.1,15.8,26.7,46.9,31.2,9.4,6.1,9.4,50.8,85.0,16.7,0.7,70.9,97.2,110.7,23.7,13.7,8.1,51.9,45.2,Below Average,3.0,Pull Power,A,Excellent HR swing plane,45.2,Below Average,0.987,Good,8.7,43.8,96.5,0.675,Derived proxy,Derived proxy,Derived proxy,Derived proxy,,,49.08,15.08,Strong positive regression,Below Average Pull Power profile. 9.0% barrel rate; 85.0 mph average exit velocity; 26.7% air-ball rate; 46.9% pull-air rate; 9.4% HR-launch rate.,0.065,0.0588,4.09,4,1,13.4,0.3,29.9,Very recent HR,,TBD,,Unknown,0,0,0.0,0.0,0.0,0,0.0,0.0,0.0,,,,,,,,,,,,50.0,0.0,,,Unknown,L,Unknown,50.0,0,,,,,0,0,0,,,,0,,,,0,0,0,0/0,,,,,0,0,0,50.0,Neutral Matchup,Average,50.0,0,,0,,,,,,,,,,,,,Unknown,,Unknown,,No,108.0,1.08,1.0,64.4,1.0,1.0,57.9,Current-Season Handedness Matchup,Pull Air %,Barrel %,Max Exit Velocity,50.0,50.0,50.0,54.0,64.4,45.0,54.4,6.61,0.947,1.0,1.0,1.03,0.987,1.016,0.98,21.97,13.69,75.0,35.8,D,Probable SP unavailable; Lineup unconfirmed,,,,,,,,,
9,2026-08-21,822857,2026-08-22T00:15:00Z,Scheduled,Globe Life Field,Los Angeles Angels @ Texas Rangers,Away,642350,Jose Siri,Los Angeles Angels,Texas Rangers,CF,R,No,,74,156,141,36,8,0,7,26,23,10,2,48,0.255,0.312,0.461,0.773,12,25,24,5,1,0.208,0.04,24,52,48,11,2,0.229,0.0385,184,61,8.4,27.6,47.5,27.2,24.6,17.3,26.5,48.0,25.4,8.2,6.2,8.2,44.2,81.8,18.7,0.755,71.4,95.4,111.5,40.9,12.4,10.8,49.0,44.2,Below Average,3.0,Pull Power,A,Excellent HR swing plane,44.2,Below Average,0.984,Good,9.8,50.0,95.9,0.849,Derived proxy,Derived proxy,Derived proxy,Derived proxy,,,12.62,5.62,Strong positive regression,Below Average Pull Power profile. 8.4% barrel rate; 81.8 mph average exit velocity; 26.5% air-ball rate; 48.0% pull-air rate; 8.2% HR-launch rate.,0.0449,0.0393,4.05,20,10,20.1,0.99,99.3,Near normal interval,669022.0,MacKenzie Gore,L,RHB vs LHP,26,26,139.2,4.45,1.26,18,1.16,9.92,3.29,807.0,5.2,23.3,12.5,42.1,28.9,81.7,94.2,115.7,0.53,18.0,70.6,100.0,0.828,8.4,4-Seam Fastball,R,RHB vs LHP,55.3,77,0.197,0.26,0.451,0.71,5,5,29,0.0649,9.3,0.89,445,0.036,5.1,0.534,8,8,1,1/8,0.125,0.125,0.125,0.25,0,0,5,55.6,Neutral Matchup,Average,30.0,5,Pitch-level Statcast · last 5 MLB games,492,4-Seam Fastball,51.6260162601626,254.0,Changeup,17.073170731707318,84.0,Slider,12.195121951219512,60.0,Curveball,10.16260162601626,50.0,Unknown,,Unknown,,No,104.0,1.04,1.0,57.2,1.041,0.977,58.5,Current-Season Handedness Matchup,Pull Air %,Barrel %,Max Exit Velocity,55.3,34.3,70.6,61.4,57.2,45.0,53.9,6.46,1.0,1.01,1.025,1.0,0.984,0.984,1.0,14.98,10.78,67.3,29.6,F,Lineup unconfirmed,Sinker,7.723577235772358,38.0,Cutter,1.2195121951219512,6.0,,,
10,2026-08-21,823911,2026-08-22T02:10:00Z,Scheduled,UNIQLO Field at Dodger Stadium,Pittsburgh Pirates @ Los Angeles Dodgers,Away,665833,Oneil Cruz,Pittsburgh Pirates,Los Angeles Dodgers,CF,L,No,,66,290,256,68,10,0,15,46,47,31,3,101,0.266,0.352,0.48,0.832,2,7,6,2,1,0.333,0.1429,2,7,6,2,1,0.333,0.1429,293,7,10.3,34.0,48.5,26.6,23.7,13.1,26.5,48.2,29.0,8.4,5.9,8.4,55.9,84.7,12.0,0.885,75.8,99.3,118.0,65.5,14.3,13.6,39.8,55.3,Average,3.0,Pull Power,A,Excellent HR swing plane,55.3,Average,1.015,Good,14.3,50.0,82.8,1.523,Derived proxy,Derived proxy,Derived proxy,Derived proxy,,,24.81,9.81,Strong positive regression,Average Pull Power profile. 10.3% barrel rate; 84.7 mph average exit velocity; 26.5% air-ball rate; 48.2% pull-air rate; 8.4% HR-launch rate.,0.0517,0.046,4.15,3,1,17.1,0.18,17.6,Very recent HR,808967.0,Yoshinobu Yamamoto,R,LHB vs RHP,22,22,145.1,2.6,0.89,15,0.93,8.42,2.11,711.0,3.8,23.3,12.9,44.9,28.3,81.9,94.4,114.2,0.467,15.0,66.5,99.7,0.783,8.6,4-Seam Fastball,L,LHB vs RHP,48.7,206,0.247,0.35,0.472,0.821,11,26,66,0.0534,9.5,0.811,289,0.0242,3.7,0.472,3,2,1,1/2,0.5,0.667,0.5,1.167,0,1,1,55.9,Neutral Matchup,Average,53.8,5,Pitch-level Statcast · last 5 MLB games,502,4-Seam Fastball,26.49402390438247,133.0,Split-Finger,25.298804780876495,127.0,Cutter,21.314741035856574,107.0,Sinker,12.151394422310757,61.0,Unknown,,Unknown,,No,100.0,1.0,1.0,50.0,1.033,0.963,65.3,Current-Season Handedness Matchup,Pull Air %,Barrel %,Max Exit Velocity,48.7,29.6,66.5,55.4,50.0,45.0,53.5,6.34,1.0,0.973,1.025,1.0,1.015,1.015,0.98,17.73,11.37,73.3,31.2,D,Lineup unconfirmed; Limited recent games,Curveball,10.159362549800797,51.0,Slider,4.581673306772909,23.0,,,
11,2026-08-21,823510,2026-08-21T23:05:00Z,Scheduled,Yankee Stadium,Toronto Blue Jays @ New York Yankees,Home,663757,Trent Grisham,New York Yankees,Toronto Blue Jays,CF,L,No,,107,429,374,84,19,2,17,61,54,51,0,75,0.225,0.315,0.422,0.737,11,47,44,15,5,0.341,0.1064,25,100,93,21,6,0.226,0.06,520,127,5.9,31.0,57.7,23.0,18.6,16.6,30.5,57.0,29.2,8.8,6.3,8.8,67.5,85.0,23.9,0.542,69.4,97.1,110.5,8.0,15.0,3.5,61.4,38.9,Below Average,2.5,Pull Power,A-,Elevated power plane,38.9,Below Average,0.969,Good,4.7,67.5,96.4,0.526,Derived proxy,Derived proxy,Derived proxy,Derived proxy,,,31.34,14.34,Strong positive regression,Below Average Pull Power profile. 5.9% barrel rate; 85.0 mph average exit velocity; 30.5% air-ball rate; 57.0% pull-air rate; 8.8% HR-launch rate.,0.0396,0.038,3.99,8,2,22.0,0.36,36.4,Recently homered,,TBD,,Unknown,0,0,0.0,0.0,0.0,0,0.0,0.0,0.0,,,,,,,,,,,,50.0,0.0,,,Unknown,L,Unknown,50.0,0,,,,,0,0,0,,,,0,,,,0,0,0,0/0,,,,,0,0,0,50.0,Neutral Matchup,Average,50.0,0,,0,,,,,,,,,,,,,Unknown,,Unknown,,No,108.0,1.08,1.0,64.4,1.0,1.0,55.6,Current-Season Handedness Matchup,Pull Air %,Barrel %,Max Exit Velocity,50.0,50.0,50.0,52.8,64.4,45.0,53.4,6.33,1.35,1.0,1.0,1.0,0.969,0.969,1.0,14.31,12.37,75.0,31.6,D,Probable SP unavailable; Lineup unconfirmed,,,,,,,,,
12,2026-08-21,824559,2026-08-21T23:40:00Z,Scheduled,Rate Field,New York Mets @ Chicago White Sox,Home,678246,Miguel Vargas,Chicago White Sox,New York Mets,3B,R,No,,125,551,466,112,29,1,28,86,72,72,7,98,0.24,0.347,0.487,0.834,11,51,43,13,4,0.302,0.0784,25,116,98,22,7,0.224,0.0603,714,142,7.6,28.7,52.9,22.4,24.6,19.0,30.9,56.2,32.5,9.7,7.8,9.7,57.0,84.7,22.5,0.65,72.2,96.7,111.9,39.4,14.9,12.6,61.7,49.0,Average,3.0,Pull Power,A-,Elevated power plane,49.0,Average,0.997,Good,7.0,58.1,97.0,0.637,Derived proxy,Derived proxy,Derived proxy,Derived proxy,,,50.72,22.72,Strong positive regression,Average Pull Power profile. 7.6% barrel rate; 84.7 mph average exit velocity; 30.9% air-ball rate; 56.2% pull-air rate; 9.7% HR-launch rate.,0.0508,0.0475,4.09,14,4,16.6,0.84,84.1,Near normal interval,640455.0,Sean Manaea,L,RHB vs LHP,26,12,111.0,4.22,1.32,16,1.3,9.16,3.0,671.0,4.8,22.4,14.2,50.6,31.3,80.7,93.6,114.6,0.571,16.0,59.2,100.0,0.729,7.6,4-Seam Fastball,R,RHB vs LHP,55.4,169,0.264,0.381,0.557,0.938,11,27,28,0.0651,8.4,0.74,328,0.0366,5.0,0.579,11,10,1,1/10,0.1,0.091,0.1,0.191,0,0,3,50.1,Neutral Matchup,Average,22.5,5,Pitch-level Statcast · last 5 MLB games,457,4-Seam Fastball,53.82932166301969,246.0,Sweeper,26.695842450765863,122.0,Sinker,15.317286652078774,70.0,Changeup,2.4070021881838075,11.0,Unknown,,Unknown,,No,100.0,1.0,1.0,50.0,1.018,0.973,61.0,Current-Season Handedness Matchup,Pull Air %,Barrel %,Max Exit Velocity,55.4,38.5,59.2,59.1,50.0,45.0,53.3,6.29,1.193,1.032,1.025,1.0,0.997,0.997,1.0,18.03,13.39,85.0,36.5,D+,Lineup unconfirmed,Cutter,1.75054704595186,8.0,,,,,,
13,2026-08-21,823830,2026-08-21T23:10:00Z,Scheduled,loanDepot park,Washington Nationals @ Miami Marlins,Away,665953,Andrés Chaparro,Washington Nationals,Miami Marlins,1B,R,No,,57,140,120,29,10,0,8,26,32,16,4,33,0.242,0.35,0.525,0.875,10,29,26,9,2,0.346,0.069,22,61,54,15,4,0.278,0.0656,159,66,9.8,36.3,51.8,32.2,16.0,17.4,25.8,54.5,27.8,10.7,7.4,10.7,54.7,85.0,19.7,0.689,71.9,98.7,112.1,44.7,15.9,17.2,50.9,56.1,Average,3.0,Pull Power,A,Excellent HR swing plane,56.1,Average,1.017,Good,10.6,47.1,100.0,0.675,Derived proxy,Derived proxy,Derived proxy,Derived proxy,,,13.75,5.75,Strong positive regression,Average Pull Power profile. 9.8% barrel rate; 85.0 mph average exit velocity; 25.8% air-ball rate; 54.5% pull-air rate; 10.7% HR-launch rate.,0.0571,0.0455,4.15,4,1,15.0,0.27,26.7,Very recent HR,687473.0,Ryan Gusto,R,RHB vs RHP,16,11,53.2,4.7,1.32,8,1.34,8.22,2.35,318.0,5.7,27.0,13.8,32.3,31.1,84.8,95.6,113.3,0.537,8.0,63.3,100.0,0.696,11.4,4-Seam Fastball,R,RHB vs RHP,55.0,29,0.393,0.414,0.821,1.235,3,0,7,0.1034,12.5,0.687,99,0.0505,5.8,0.554,0,0,0,0/0,,,,,0,0,0,56.9,Neutral Matchup,Average,50.0,5,Pitch-level Statcast · last 5 MLB games,349,4-Seam Fastball,31.23209169054441,109.0,Sweeper,15.472779369627506,54.0,Cutter,13.46704871060172,47.0,Sinker,12.034383954154729,42.0,Unknown,,Unknown,,No,94.0,0.94,1.0,39.2,1.027,0.982,63.9,Current-Season Handedness Matchup,Pull Air %,Barrel %,Max Exit Velocity,55.0,31.3,63.3,68.4,39.2,45.0,53.0,6.22,1.192,1.029,0.985,1.03,1.017,1.048,0.98,17.59,12.61,66.9,32.9,D,Lineup unconfirmed,Changeup,10.02865329512894,35.0,Slider,9.455587392550143,33.0,Curveball,8.30945558739255,29.0
14,2026-08-21,823262,2026-08-22T01:40:00Z,Scheduled,Petco Park,Minnesota Twins @ San Diego Padres,Away,668904,Royce Lewis,Minnesota Twins,San Diego Padres,1B,R,No,,93,381,341,82,20,1,13,45,45,34,3,98,0.24,0.312,0.419,0.731,11,47,44,12,0,0.273,0.0,25,104,95,29,3,0.305,0.0288,453,131,6.6,30.5,51.0,28.6,20.3,14.5,29.5,61.1,30.8,7.1,4.8,7.1,40.6,84.8,20.5,0.618,73.0,97.2,111.6,53.0,13.2,14.7,67.9,46.6,Below Average,3.0,Pull Power,A-,Elevated power plane,46.6,Below Average,0.99,Good,5.3,60.5,98.8,0.678,Derived proxy,Derived proxy,Derived proxy,Derived proxy,,,28.81,15.81,Strong positive regression,Below Average Pull Power profile. 6.6% barrel rate; 84.8 mph average exit velocity; 29.5% air-ball rate; 61.1% pull-air rate; 7.1% HR-launch rate.,0.0341,0.0336,4.05,49,12,26.2,1.87,186.8,Above normal drought,,TBD,,Unknown,0,0,0.0,0.0,0.0,0,0.0,0.0,0.0,,,,,,,,,,,,50.0,0.0,,,Unknown,R,Unknown,50.0,0,,,,,0,0,0,,,,0,,,,0,0,0,0/0,,,,,0,0,0,50.0,Neutral Matchup,Average,50.0,0,,0,,,,,,,,,,,,,Unknown,,Unknown,,No,94.0,0.94,1.0,39.2,1.0,1.0,58.1,Current-Season Handedness Matchup,Pull Air %,Barrel %,Max Exit Velocity,50.0,50.0,50.0,59.0,39.2,45.0,52.8,6.17,0.831,1.0,1.0,1.0,0.99,0.99,1.035,12.93,8.11,75.0,29.8,F,Probable SP unavailable; Lineup unconfirmed,,,,,,,,,
15,2026-08-21,824152,2026-08-22T00:10:00Z,Scheduled,Daikin Park,Athletics @ Houston Astros,Home,670541,Yordan Alvarez,Houston Astros,Athletics,DH,L,No,,126,553,455,145,26,0,36,84,88,87,7,95,0.319,0.432,0.613,1.045,11,44,37,8,1,0.216,0.0227,24,107,83,23,2,0.277,0.0187,678,112,8.2,32.8,49.8,16.8,33.1,19.2,35.2,45.1,33.4,8.4,5.3,8.4,47.1,86.3,23.8,0.763,74.8,98.9,118.5,57.1,17.1,17.8,40.3,53.3,Average,3.0,Pull Power,A-,Elevated power plane,53.3,Average,1.009,Good,5.4,45.0,99.0,0.597,Derived proxy,Derived proxy,Derived proxy,Derived proxy,,,49.65,13.65,Strong positive regression,Average Pull Power profile. 8.2% barrel rate; 86.3 mph average exit velocity; 35.2% air-ball rate; 45.1% pull-air rate; 8.4% HR-launch rate.,0.0651,0.0592,4.25,16,5,12.6,1.27,126.6,Near normal interval,669372.0,J.T. Ginn,R,LHB vs RHP,25,22,127.1,3.53,1.22,14,0.99,8.06,3.75,617.0,3.6,23.5,13.9,41.3,25.3,81.6,94.7,112.1,0.479,14.0,68.7,99.8,0.798,9.0,Sinker,L,LHB vs RHP,54.7,405,0.339,0.464,0.657,1.122,27,73,71,0.0667,10.1,0.88,321,0.028,3.9,0.505,1,1,0,0/1,0.0,0.0,0.0,0.0,0,0,1,58.2,Slight Hitter Advantage,Above average,47.5,5,Pitch-level Statcast · last 5 MLB games,448,Sinker,37.94642857142857,170.0,Changeup,24.553571428571427,110.0,Slider,15.625,70.0,4-Seam Fastball,11.830357142857142,53.0,Unknown,,Unknown,,No,100.0,1.0,1.0,50.0,1.037,0.961,64.2,Current-Season Handedness Matchup,Pull Air %,Barrel %,Max Exit Velocity,54.7,27.9,68.7,53.0,50.0,45.0,52.8,6.15,0.765,0.982,1.025,1.08,1.009,1.09,1.0,22.84,12.13,85.0,39.6,D+,Lineup unconfirmed,Cutter,10.044642857142858,45.0,,,,,,
16,2026-08-21,823101,2026-08-22T02:10:00Z,Scheduled,T-Mobile Park,Chicago Cubs @ Seattle Mariners,Home,663728,Cal Raleigh,Seattle Mariners,Chicago Cubs,C,S,No,,94,392,334,52,8,0,13,27,44,52,3,125,0.156,0.273,0.296,0.569,11,40,30,3,1,0.1,0.025,23,87,71,9,3,0.127,0.0345,543,102,9.6,27.3,56.1,20.9,23.0,17.5,24.6,54.5,30.7,7.6,3.4,7.6,27.1,85.8,29.2,0.574,72.8,97.5,119.7,46.7,12.2,12.3,45.4,47.8,Below Average,3.0,Pull Power,C+,High fly-ball plane,47.8,Below Average,0.994,Good,11.8,55.6,99.9,0.591,Derived proxy,Derived proxy,Derived proxy,Derived proxy,,,45.04,32.04,Strong positive regression,Below Average Pull Power profile. 9.6% barrel rate; 85.8 mph average exit velocity; 24.6% air-ball rate; 54.5% pull-air rate; 7.6% HR-launch rate.,0.0332,0.0329,3.81,4,3,25.7,0.16,15.6,Very recent HR,571510.0,Matthew Boyd,L,Switch vs LHP,15,15,85.0,4.02,1.24,13,1.38,7.2,2.75,483.0,6.2,22.8,13.0,46.8,30.8,81.6,94.1,112.5,0.567,13.0,41.5,100.0,0.538,8.4,4-Seam Fastball,R,RHB vs LHP,44.3,133,0.14,0.248,0.272,0.52,5,16,48,0.0376,7.4,0.537,263,0.0456,6.9,0.587,2,1,1,1/1,1.0,1.0,4.0,5.0,1,1,0,45.5,Neutral Matchup,Average,55.0,5,Pitch-level Statcast · last 5 MLB games,473,4-Seam Fastball,45.03171247357294,213.0,Changeup,24.312896405919663,115.0,Curveball,17.12473572938689,81.0,Slider,13.10782241014799,62.0,Unknown,,Unknown,,No,92.0,0.92,1.0,35.6,0.983,0.987,63.7,Current-Season Handedness Matchup,Pull Air %,Barrel %,Max Exit Velocity,44.3,42.4,41.5,75.4,35.6,45.0,52.5,6.09,0.956,1.045,1.035,0.94,0.994,0.934,0.98,11.96,7.93,84.0,24.5,F,Lineup unconfirmed,Sinker,0.42283298097251587,2.0,,,,,,
17,2026-08-21,824800,2026-08-21T23:15:00Z,Scheduled,Oriole Park at Camden Yards,Tampa Bay Rays @ Baltimore Orioles,Home,687952,Christian Encarnacion-Strand,Baltimore Orioles,Tampa Bay Rays,3B,R,No,,27,97,89,22,4,0,6,8,22,5,1,25,0.247,0.292,0.494,0.786,12,42,40,10,3,0.25,0.0714,23,80,73,16,4,0.219,0.05,140,110,9.5,23.4,45.6,25.8,28.6,13.9,26.3,51.2,32.8,8.8,4.8,8.8,42.7,83.8,19.9,0.778,71.7,95.5,111.0,32.6,12.7,7.1,50.6,45.9,Below Average,3.0,Pull Power,A,Excellent HR swing plane,45.9,Below Average,0.989,Good,10.0,53.3,95.8,0.783,Derived proxy,Derived proxy,Derived proxy,Derived proxy,,,11.16,5.16,Strong positive regression,Below Average Pull Power profile. 9.5% barrel rate; 83.8 mph average exit velocity; 26.3% air-ball rate; 51.2% pull-air rate; 8.8% HR-launch rate.,0.0619,0.0453,3.99,8,3,14.8,0.54,53.9,Recently homered,642547.0,Freddy Peralta,R,RHB vs RHP,25,25,128.0,5.27,1.48,20,1.41,8.65,3.73,760.0,3.4,23.0,14.1,46.1,30.1,82.1,93.6,114.7,0.504,20.0,76.6,98.3,0.888,10.3,4-Seam Fastball,R,RHB vs RHP,34.7,57,0.222,0.246,0.389,0.635,2,1,12,0.0351,5.5,0.573,207,0.0242,2.9,0.479,2,2,0,0/2,0.0,0.0,0.0,0.0,0,0,1,51.4,Neutral Matchup,Average,45.0,5,Pitch-level Statcast · last 5 MLB games,445,4-Seam Fastball,55.28089887640449,246.0,Changeup,23.370786516853933,104.0,Curveball,9.662921348314606,43.0,Sweeper,9.438202247191011,42.0,Unknown,,Unknown,,No,99.0,0.99,1.0,48.2,1.053,0.959,56.1,Current-Season Handedness Matchup,Pull Air %,Barrel %,Max Exit Velocity,34.7,30.7,76.6,63.4,48.2,45.0,52.4,6.07,1.145,1.05,0.985,1.0,0.989,0.989,1.0,16.9,12.14,65.3,30.6,D,Lineup unconfirmed,Slow Curve,1.348314606741573,6.0,Slider,0.898876404494382,4.0,,,
18,2026-08-21,823510,2026-08-21T23:05:00Z,Scheduled,Yankee Stadium,Toronto Blue Jays @ New York Yankees,Home,665862,Jazz Chisholm Jr.,New York Yankees,Toronto Blue Jays,2B,L,No,,118,463,412,89,14,3,17,58,49,47,1,143,0.216,0.296,0.388,0.684,10,36,31,7,0,0.226,0.0,21,80,70,12,1,0.171,0.0125,533,90,6.5,27.6,58.3,22.8,18.5,13.3,22.0,47.4,28.3,6.0,2.9,6.0,38.3,84.6,18.6,0.547,71.3,96.5,111.4,29.0,10.4,8.6,55.6,37.3,Below Average,2.5,Pull Power,A,Excellent HR swing plane,37.3,Below Average,0.964,Good,6.7,41.2,96.3,0.523,Derived proxy,Derived proxy,Derived proxy,Derived proxy,,,30.95,13.95,Strong positive regression,Below Average Pull Power profile. 6.5% barrel rate; 84.6 mph average exit velocity; 22.0% air-ball rate; 47.4% pull-air rate; 6.0% HR-launch rate.,0.0367,0.0357,3.99,36,12,24.2,1.49,148.5,Above normal drought,,TBD,,Unknown,0,0,0.0,0.0,0.0,0,0.0,0.0,0.0,,,,,,,,,,,,50.0,0.0,,,Unknown,L,Unknown,50.0,0,,,,,0,0,0,,,,0,,,,0,0,0,0/0,,,,,0,0,0,50.0,Neutral Matchup,Average,50.0,0,,0,,,,,,,,,,,,,Unknown,,Unknown,,No,108.0,1.08,1.0,64.4,1.0,1.0,53.9,Current-Season Handedness Matchup,Pull Air %,Barrel %,Max Exit Velocity,50.0,50.0,50.0,46.8,64.4,45.0,52.3,6.04,0.758,1.0,1.0,1.0,0.964,0.964,1.035,13.52,8.34,73.4,27.5,F,Probable SP unavailable; Lineup unconfirmed,,,,,,,,,
19,2026-08-21,824317,2026-08-22T00:40:00Z,Scheduled,Coors Field,Cleveland Guardians @ Colorado Rockies,Away,666176,Jo Adell,Cleveland Guardians,Colorado Rockies,RF,R,No,,125,512,471,111,20,1,19,52,73,21,16,125,0.236,0.289,0.403,0.692,10,38,34,8,3,0.235,0.0789,23,89,77,16,4,0.208,0.0449,700,100,7.8,30.5,39.7,28.5,31.3,14.4,27.0,39.7,32.3,7.8,4.2,7.8,40.8,83.6,17.8,0.709,74.9,97.8,114.1,63.4,14.0,15.9,45.3,45.5,Below Average,3.0,Contact-First Profile,A,Excellent HR swing plane,45.5,Below Average,0.987,Good,10.0,37.9,99.5,0.875,Derived proxy,Derived proxy,Derived proxy,Derived proxy,,,45.47,26.47,Strong positive regression,Below Average Contact-First Profile profile. 7.8% barrel rate; 83.6 mph average exit velocity; 27.1% air-ball rate; 39.7% pull-air rate; 7.8% HR-launch rate.,0.0371,0.0361,3.99,2,1,24.8,0.08,8.1,Very recent HR,685299.0,Tanner Gordon,R,RHB vs RHP,17,5,71.1,5.55,1.44,15,1.89,7.82,1.64,425.0,6.4,28.0,19.5,40.8,34.6,84.4,96.1,113.3,0.617,15.0,52.3,99.3,0.683,6.5,4-Seam Fastball,R,RHB vs RHP,34.2,364,0.202,0.261,0.318,0.579,7,15,92,0.0192,5.8,0.535,140,0.0286,6.8,0.586,0,0,0,0/0,,,,,0,0,0,43.7,Neutral Matchup,Average,50.0,5,Pitch-level Statcast · last 5 MLB games,270,4-Seam Fastball,55.18518518518518,149.0,Changeup,21.11111111111111,57.0,Slider,17.40740740740741,47.0,Curveball,6.296296296296297,17.0,Unknown,,Unknown,,No,118.0,1.18,1.0,82.4,1.005,0.989,51.4,Current-Season Handedness Matchup,Pull Air %,Barrel %,Max Exit Velocity,34.2,42.9,52.3,57.6,82.4,45.0,52.1,6.0,1.304,1.126,0.985,1.0,0.987,0.987,0.98,13.66,13.04,84.1,33.3,D,Lineup unconfirmed,,,,,,,,,
20,2026-08-21,824072,2026-08-22T00:10:00Z,Scheduled,Kauffman Stadium,Detroit Tigers @ Kansas City Royals,Home,695506,Jac Caglianone,Kansas City Royals,Detroit Tigers,RF,L,No,,119,461,426,119,22,2,22,58,60,29,5,118,0.279,0.332,0.495,0.827,11,43,40,20,4,0.5,0.093,24,94,89,32,6,0.36,0.0638,592,130,8.2,36.6,53.1,25.1,21.8,12.4,26.8,49.3,29.2,5.7,3.8,5.7,49.6,87.0,11.5,0.696,75.3,100.8,115.8,69.2,15.4,23.1,42.3,54.6,Average,3.0,Pull Power,A,Excellent HR swing plane,54.6,Average,1.013,Good,7.7,52.8,101.8,0.669,Derived proxy,Derived proxy,Derived proxy,Derived proxy,,,42.53,20.53,Strong positive regression,Average Pull Power profile. 8.2% barrel rate; 87.0 mph average exit velocity; 26.8% air-ball rate; 49.3% pull-air rate; 5.7% HR-launch rate.,0.0477,0.0445,4.09,16,5,19.4,0.83,82.6,Near normal interval,675512.0,Troy Melton,R,LHB vs RHP,14,14,84.1,1.49,0.96,8,0.85,7.79,2.67,419.0,4.1,25.8,12.9,38.5,26.7,83.4,95.4,111.9,0.432,8.0,64.0,100.0,0.757,8.6,4-Seam Fastball,L,LHB vs RHP,47.1,320,0.283,0.347,0.503,0.85,15,28,78,0.0469,9.7,0.754,197,0.0355,3.8,0.44,0,0,0,0/0,,,,,0,0,0,53.6,Neutral Matchup,Average,50.0,5,Pitch-level Statcast · last 5 MLB games,458,4-Seam Fastball,31.87772925764192,146.0,Cutter,24.017467248908297,110.0,Slider,13.318777292576419,61.0,Split-Finger,12.882096069868995,59.0,Unknown,,Unknown,,No,100.0,1.0,1.0,50.0,1.028,0.966,62.7,Current-Season Handedness Matchup,Pull Air %,Barrel %,Max Exit Velocity,47.1,25.5,64.0,70.3,50.0,45.0,52.1,5.99,1.318,0.96,1.025,1.0,1.013,1.013,1.0,16.98,13.05,84.5,35.7,D,Lineup unconfirmed,Curveball,10.043668122270743,46.0,Sinker,6.11353711790393,28.0,Changeup,1.7467248908296944,8.0
21,2026-08-21,823262,2026-08-22T01:40:00Z,Scheduled,Petco Park,Minnesota Twins @ San Diego Padres,Away,621439,Byron Buxton,Minnesota Twins,San Diego Padres,CF,R,No,,88,387,351,90,17,1,25,60,46,28,6,94,0.256,0.32,0.524,0.844,6,25,20,3,0,0.15,0.0,11,45,38,4,0,0.105,0.0,479,50,6.9,34.6,49.5,33.8,16.7,14.6,24.6,57.6,28.7,7.5,5.2,7.5,35.3,85.2,20.5,0.588,72.9,97.9,110.4,39.6,16.5,12.7,54.1,46.8,Below Average,3.0,Pull Power,A-,Elevated power plane,46.8,Below Average,0.991,Good,2.0,62.5,98.2,0.422,Derived proxy,Derived proxy,Derived proxy,Derived proxy,,,31.51,6.51,Strong positive regression,Below Average Pull Power profile. 6.9% barrel rate; 85.2 mph average exit velocity; 24.6% air-ball rate; 57.6% pull-air rate; 7.5% HR-launch rate.,0.0646,0.0569,4.15,71,20,14.0,5.06,505.7,Very long drought,,TBD,,Unknown,0,0,0.0,0.0,0.0,0,0.0,0.0,0.0,,,,,,,,,,,,50.0,0.0,,,Unknown,R,Unknown,50.0,0,,,,,0,0,0,,,,0,,,,0,0,0,0/0,,,,,0,0,0,50.0,Neutral Matchup,Average,50.0,0,,0,,,,,,,,,,,,,Unknown,,Unknown,,No,94.0,0.94,1.0,39.2,1.0,1.0,57.3,Current-Season Handedness Matchup,Pull Air %,Barrel %,Max Exit Velocity,50.0,50.0,50.0,50.4,39.2,45.0,51.9,5.93,0.758,1.0,1.0,1.03,0.991,1.021,1.06,21.58,10.9,70.6,38.2,D+,Probable SP unavailable; Lineup unconfirmed,,,,,,,,,
22,2026-08-21,824800,2026-08-21T23:15:00Z,Scheduled,Oriole Park at Camden Yards,Tampa Bay Rays @ Baltimore Orioles,Home,624413,Pete Alonso,Baltimore Orioles,Tampa Bay Rays,1B,R,No,,128,555,480,129,23,0,29,78,82,63,8,134,0.269,0.36,0.498,0.858,12,53,46,22,6,0.478,0.1132,25,107,96,34,8,0.354,0.0748,708,144,9.5,34.3,37.1,27.4,35.3,16.4,27.7,36.8,33.2,9.6,4.3,9.6,48.4,87.1,20.7,0.816,72.9,99.2,113.0,42.6,15.9,13.0,51.4,50.1,Average,3.0,Contact-First Profile,A-,Elevated power plane,50.1,Average,1.0,Good,11.8,38.1,100.1,0.927,Derived proxy,Derived proxy,Derived proxy,Derived proxy,,,58.32,29.32,Strong positive regression,Average Contact-First Profile profile. 9.5% barrel rate; 87.1 mph average exit velocity; 27.7% air-ball rate; 36.8% pull-air rate; 9.6% HR-launch rate.,0.0523,0.0487,4.09,4,1,16.6,0.24,24.2,Very recent HR,642547.0,Freddy Peralta,R,RHB vs RHP,25,25,128.0,5.27,1.48,20,1.41,8.65,3.73,760.0,3.4,23.0,14.1,46.1,30.1,82.1,93.6,114.7,0.504,20.0,74.7,98.3,0.832,10.3,4-Seam Fastball,R,RHB vs RHP,46.3,389,0.276,0.378,0.524,0.902,22,50,91,0.0566,7.6,0.775,207,0.0242,2.9,0.479,3,1,1,1/1,1.0,1.0,2.0,3.0,0,1,0,57.7,Neutral Matchup,Average,53.8,5,Pitch-level Statcast · last 5 MLB games,445,4-Seam Fastball,55.28089887640449,246.0,Changeup,23.370786516853933,104.0,Curveball,9.662921348314606,43.0,Sweeper,9.438202247191011,42.0,Unknown,,Unknown,,No,99.0,0.99,1.0,48.2,1.049,0.959,55.1,Current-Season Handedness Matchup,Pull Air %,Barrel %,Max Exit Velocity,46.3,30.7,74.7,62.9,48.2,45.0,51.7,5.89,1.35,1.05,0.985,1.0,1.0,1.0,0.98,18.45,14.26,85.0,37.8,D+,Lineup unconfirmed,Slow Curve,1.348314606741573,6.0,Slider,0.898876404494382,4.0,,,
23,2026-08-21,824800,2026-08-21T23:15:00Z,Scheduled,Oriole Park at Camden Yards,Tampa Bay Rays @ Baltimore Orioles,Away,691406,Junior Caminero,Tampa Bay Rays,Baltimore Orioles,3B,R,No,,127,555,485,133,19,1,35,78,81,66,2,104,0.274,0.362,0.534,0.896,12,53,50,10,2,0.2,0.0377,26,112,102,22,6,0.216,0.0536,648,124,9.0,32.2,47.6,34.4,17.9,15.1,25.0,60.4,23.9,6.6,4.2,6.6,57.7,85.9,13.8,0.612,78.2,99.9,116.9,79.3,11.1,19.4,64.1,53.5,Average,3.0,Pull Power,A,Excellent HR swing plane,53.5,Average,1.01,Good,8.9,61.3,98.7,0.573,Derived proxy,Derived proxy,Derived proxy,Derived proxy,,,51.45,16.45,Strong positive regression,Average Pull Power profile. 9.0% barrel rate; 85.9 mph average exit velocity; 25.0% air-ball rate; 60.4% pull-air rate; 6.6% HR-launch rate.,0.0631,0.0575,4.15,34,8,13.9,2.45,245.4,Very long drought,669432.0,Trevor Rogers,L,RHB vs LHP,23,23,125.2,4.15,1.25,13,0.93,7.73,2.51,764.0,4.3,23.3,12.3,42.9,27.9,82.2,94.5,117.3,0.514,13.0,54.4,100.0,0.664,8.5,4-Seam Fastball,R,RHB vs LHP,44.9,148,0.281,0.412,0.496,0.908,7,26,22,0.0473,8.5,0.617,395,0.0304,5.1,0.551,5,5,2,2/5,0.4,0.4,0.4,0.8,0,0,1,48.6,Neutral Matchup,Average,46.9,5,Pitch-level Statcast · last 5 MLB games,452,4-Seam Fastball,47.34513274336283,214.0,Changeup,20.353982300884955,92.0,Sweeper,15.70796460176991,71.0,Cutter,8.4070796460177,38.0,Unknown,,Unknown,,No,99.0,0.99,1.0,48.2,1.009,0.968,62.8,Current-Season Handedness Matchup,Pull Air %,Barrel %,Max Exit Velocity,44.9,31.1,54.4,66.6,48.2,45.0,51.6,5.87,0.912,0.973,1.025,1.03,1.01,1.04,1.06,21.8,12.76,85.0,43.8,C-,Lineup unconfirmed,Sinker,8.185840707964601,37.0,,,,,,
24,2026-08-21,824317,2026-08-22T00:40:00Z,Scheduled,Coors Field,Cleveland Guardians @ Colorado Rockies,Home,666160,Mickey Moniak,Colorado Rockies,Cleveland Guardians,LF,L,No,,88,332,304,81,15,4,20,42,59,18,3,85,0.266,0.307,0.539,0.846,10,40,35,6,1,0.171,0.025,21,85,75,17,4,0.227,0.0471,452,115,6.4,25.5,54.2,19.8,26.0,19.4,28.0,51.3,29.1,6.4,3.5,6.4,64.0,83.1,21.0,0.558,73.0,95.1,109.2,43.1,11.7,12.6,50.3,40.4,Below Average,2.5,Pull Power,A-,Elevated power plane,40.4,Below Average,0.973,Good,5.2,38.7,93.9,0.528,Derived proxy,Derived proxy,Derived proxy,Derived proxy,,,25.94,5.94,Strong positive regression,Below Average Pull Power profile. 6.4% barrel rate; 83.1 mph average exit velocity; 28.0% air-ball rate; 51.3% pull-air rate; 6.4% HR-launch rate.,0.0602,0.0527,4.09,0,0,15.2,0.0,0.0,Very recent HR,676282.0,Joey Cantillo,L,LHB vs LHP,26,26,125.2,3.8,1.44,15,1.07,9.95,4.23,624.0,4.8,25.0,15.2,43.6,25.6,81.8,94.9,113.4,0.52,15.0,75.0,99.9,0.912,9.5,4-Seam Fastball,L,LHB vs LHP,36.0,64,0.22,0.25,0.407,0.657,3,1,22,0.0469,3.9,0.443,133,0.0226,4.9,0.568,0,0,0,0/0,,,,,0,0,0,52.5,Neutral Matchup,Average,50.0,5,Pitch-level Statcast · last 5 MLB games,362,Curveball,44.751381215469614,162.0,4-Seam Fastball,27.900552486187845,101.0,Changeup,18.50828729281768,67.0,Cutter,8.839779005524862,32.0,Unknown,,Unknown,,No,118.0,1.18,1.0,82.4,1.05,0.973,50.1,Current-Season Handedness Matchup,Pull Air %,Barrel %,Max Exit Velocity,36.0,34.1,75.0,36.5,82.4,45.0,51.4,5.82,0.865,0.995,0.985,1.03,0.973,1.002,0.98,19.88,12.18,82.5,34.0,D,Lineup unconfirmed,,,,,,,,,
25,2026-08-21,824800,2026-08-21T23:15:00Z,Scheduled,Oriole Park at Camden Yards,Tampa Bay Rays @ Baltimore Orioles,Home,691723,Coby Mayo,Baltimore Orioles,Tampa Bay Rays,3B,R,No,,101,331,303,64,12,3,17,45,47,24,3,108,0.211,0.275,0.439,0.714,11,38,35,9,2,0.257,0.0526,22,70,65,17,4,0.262,0.0571,406,90,9.1,31.8,54.7,23.2,22.0,18.0,30.1,53.5,34.5,9.4,6.2,9.4,47.1,84.2,23.5,0.721,73.9,98.1,115.7,53.0,17.4,14.0,45.5,54.3,Average,3.0,Pull Power,A-,Elevated power plane,54.3,Average,1.012,Good,10.0,50.0,96.7,0.815,Derived proxy,Derived proxy,Derived proxy,Derived proxy,,,32.03,15.03,Strong positive regression,Average Pull Power profile. 9.1% barrel rate; 84.2 mph average exit velocity; 30.1% air-ball rate; 53.5% pull-air rate; 9.4% HR-launch rate.,0.0514,0.0462,3.93,4,1,17.8,0.22,22.4,Very recent HR,642547.0,Freddy Peralta,R,RHB vs RHP,25,25,128.0,5.27,1.48,20,1.41,8.65,3.73,760.0,3.4,23.0,14.1,46.1,30.1,82.1,93.6,114.7,0.504,20.0,64.5,98.3,0.738,9.9,4-Seam Fastball,R,RHB vs RHP,26.2,215,0.168,0.233,0.284,0.517,4,15,75,0.0186,6.7,0.497,207,0.0242,2.9,0.479,2,1,0,0/1,0.0,0.5,0.0,0.5,0,1,0,43.5,Neutral Matchup,Average,45.5,5,Pitch-level Statcast · last 5 MLB games,445,4-Seam Fastball,55.28089887640449,246.0,Changeup,23.370786516853933,104.0,Curveball,9.662921348314606,43.0,Sweeper,9.438202247191011,42.0,Unknown,,Unknown,,No,99.0,0.99,1.0,48.2,1.029,0.959,58.6,Current-Season Handedness Matchup,Pull Air %,Barrel %,Max Exit Velocity,26.2,30.7,64.5,63.3,48.2,45.0,51.3,5.8,1.073,1.05,0.985,1.0,1.012,1.012,0.98,16.97,11.36,81.2,30.5,D,Lineup unconfirmed,Slow Curve,1.348314606741573,6.0,Slider,0.898876404494382,4.0,,,
26,2026-08-21,823262,2026-08-22T01:40:00Z,Scheduled,Petco Park,Minnesota Twins @ San Diego Padres,Away,665019,Kody Clemens,Minnesota Twins,San Diego Padres,1B,L,No,,111,449,411,97,21,5,21,58,61,28,6,101,0.236,0.293,0.465,0.758,9,38,34,9,2,0.265,0.0526,22,93,86,19,3,0.221,0.0323,601,129,6.5,28.3,55.3,20.5,23.8,17.8,28.3,49.7,25.2,7.7,4.9,7.7,47.2,84.9,19.8,0.581,70.3,96.5,110.8,11.4,13.2,4.1,61.2,36.6,Below Average,2.5,Pull Power,A,Excellent HR swing plane,36.6,Below Average,0.962,Good,6.2,58.3,96.3,0.56,Derived proxy,Derived proxy,Derived proxy,Derived proxy,,,36.63,15.63,Strong positive regression,Below Average Pull Power profile. 6.5% barrel rate; 84.9 mph average exit velocity; 28.3% air-ball rate; 49.7% pull-air rate; 7.7% HR-launch rate.,0.0468,0.0437,4.05,11,3,19.6,0.56,56.2,Recently homered,,TBD,,Unknown,0,0,0.0,0.0,0.0,0,0.0,0.0,0.0,,,,,,,,,,,,50.0,0.0,,,Unknown,L,Unknown,50.0,0,,,,,0,0,0,,,,0,,,,0,0,0,0/0,,,,,0,0,0,50.0,Neutral Matchup,Average,50.0,0,,0,,,,,,,,,,,,,Unknown,,Unknown,,No,94.0,0.94,1.0,39.2,1.0,1.0,54.7,Current-Season Handedness Matchup,Pull Air %,Barrel %,Max Exit Velocity,50.0,50.0,50.0,56.0,39.2,45.0,51.3,5.8,0.998,1.0,1.0,1.0,0.962,0.962,1.0,16.54,9.95,74.4,28.0,F,Probable SP unavailable; Lineup unconfirmed,,,,,,,,,
27,2026-08-21,824559,2026-08-21T23:40:00Z,Scheduled,Rate Field,New York Mets @ Chicago White Sox,Home,545341,Randal Grichuk,Chicago White Sox,New York Mets,DH,R,No,,89,201,192,53,20,1,10,31,31,7,1,46,0.276,0.303,0.547,0.85,11,24,24,9,1,0.375,0.0417,23,48,47,17,1,0.362,0.0208,270,65,6.7,33.4,49.3,19.7,29.5,15.0,28.2,41.5,28.6,4.6,2.9,4.6,43.0,85.7,19.8,0.577,72.8,98.8,113.4,46.2,16.3,16.8,56.5,43.6,Below Average,2.5,Contact-First Profile,A,Excellent HR swing plane,43.6,Below Average,0.982,Good,6.2,38.9,100.3,0.474,Derived proxy,Derived proxy,Derived proxy,Derived proxy,,,15.62,5.62,Strong positive regression,Below Average Contact-First Profile profile. 6.7% barrel rate; 85.7 mph average exit velocity; 28.2% air-ball rate; 41.5% pull-air rate; 4.6% HR-launch rate.,0.0498,0.0431,4.09,4,3,19.2,0.21,20.8,Very recent HR,640455.0,Sean Manaea,L,RHB vs LHP,26,12,111.0,4.22,1.32,16,1.3,9.16,3.0,671.0,4.8,22.4,14.2,50.6,31.3,80.7,93.6,114.6,0.571,16.0,65.3,100.0,0.757,9.3,4-Seam Fastball,R,RHB vs LHP,51.6,132,0.315,0.356,0.637,0.993,8,7,32,0.0606,7.2,0.701,328,0.0366,5.0,0.579,3,3,1,1/3,0.333,0.333,0.667,1.0,0,0,1,56.4,Neutral Matchup,Average,51.3,5,Pitch-level Statcast · last 5 MLB games,457,4-Seam Fastball,53.82932166301969,246.0,Sweeper,26.695842450765863,122.0,Sinker,15.317286652078774,70.0,Changeup,2.4070021881838075,11.0,Unknown,,Unknown,,No,100.0,1.0,1.0,50.0,1.031,0.973,54.4,Current-Season Handedness Matchup,Pull Air %,Barrel %,Max Exit Velocity,51.6,38.5,65.3,51.6,50.0,45.0,51.2,5.78,0.9,1.032,1.025,1.03,0.982,1.012,0.98,16.49,10.22,70.2,29.2,F,Lineup unconfirmed,Cutter,1.75054704595186,8.0,,,,,,
28,2026-08-21,823262,2026-08-22T01:40:00Z,Scheduled,Petco Park,Minnesota Twins @ San Diego Padres,Away,663616,Trevor Larnach,Minnesota Twins,San Diego Padres,LF,L,No,,104,377,332,89,19,1,10,50,42,41,3,68,0.268,0.354,0.422,0.776,8,30,29,4,0,0.138,0.0,19,68,63,10,2,0.159,0.0294,454,84,5.7,30.8,50.2,27.7,22.0,12.6,28.2,49.6,31.9,8.2,4.7,8.2,40.7,84.3,12.8,0.489,70.2,97.0,112.3,22.4,14.2,7.0,41.3,37.8,Below Average,2.5,Pull Power,A,Excellent HR swing plane,37.8,Below Average,0.966,Good,4.8,47.6,98.1,0.457,Derived proxy,Derived proxy,Derived proxy,Derived proxy,,,25.31,15.31,Strong positive regression,Below Average Pull Power profile. 5.7% barrel rate; 84.3 mph average exit velocity; 28.2% air-ball rate; 49.6% pull-air rate; 8.2% HR-launch rate.,0.0265,0.0278,4.05,38,11,33.2,1.14,114.5,Near normal interval,,TBD,,Unknown,0,0,0.0,0.0,0.0,0,0.0,0.0,0.0,,,,,,,,,,,,50.0,0.0,,,Unknown,L,Unknown,50.0,0,,,,,0,0,0,,,,0,,,,0,0,0,0/0,,,,,0,0,0,50.0,Neutral Matchup,Average,50.0,0,,0,,,,,,,,,,,,,Unknown,,Unknown,,No,94.0,0.94,1.0,39.2,1.0,1.0,55.1,Current-Season Handedness Matchup,Pull Air %,Barrel %,Max Exit Velocity,50.0,50.0,50.0,52.2,39.2,45.0,51.1,5.76,0.867,1.0,1.0,1.0,0.966,0.966,1.0,10.81,7.03,72.4,25.1,F,Probable SP unavailable; Lineup unconfirmed,,,,,,,,,
29,2026-08-21,823510,2026-08-21T23:05:00Z,Scheduled,Yankee Stadium,Toronto Blue Jays @ New York Yankees,Home,641857,Ryan McMahon,New York Yankees,Toronto Blue Jays,3B,L,No,,106,306,278,60,12,0,10,29,32,24,2,93,0.216,0.282,0.367,0.649,10,28,25,5,0,0.2,0.0,23,63,54,12,1,0.222,0.0159,370,75,4.7,25.9,48.2,23.4,27.8,17.7,30.4,42.1,31.1,5.3,2.7,5.3,45.9,84.3,19.4,0.562,71.7,96.1,110.9,43.5,10.5,11.6,44.0,34.9,Weak,2.5,Pull Power,A,Excellent HR swing plane,34.9,Weak,0.958,Good,4.0,57.7,96.4,0.501,Derived proxy,Derived proxy,Derived proxy,Derived proxy,,,16.62,6.62,Strong positive regression,Weak Pull Power profile. 4.7% barrel rate; 84.3 mph average exit velocity; 30.4% air-ball rate; 42.1% pull-air rate; 5.3% HR-launch rate.,0.0327,0.0325,3.81,33,13,27.8,1.19,118.7,Near normal interval,,TBD,,Unknown,0,0,0.0,0.0,0.0,0,0.0,0.0,0.0,,,,,,,,,,,,50.0,0.0,,,Unknown,L,Unknown,50.0,0,,,,,0,0,0,,,,0,,,,0,0,0,0/0,,,,,0,0,0,50.0,Neutral Matchup,Average,50.0,0,,0,,,,,,,,,,,,,Unknown,,Unknown,,No,108.0,1.08,1.0,64.4,1.0,1.0,49.5,Current-Season Handedness Matchup,Pull Air %,Barrel %,Max Exit Velocity,50.0,50.0,50.0,51.3,64.4,45.0,51.0,5.73,0.765,1.0,1.0,0.975,0.958,0.934,1.0,11.82,7.3,68.9,23.3,F,Probable SP unavailable; Lineup unconfirmed,,,,,,,,,
30,2026-08-21,824317,2026-08-22T00:40:00Z,Scheduled,Coors Field,Cleveland Guardians @ Colorado Rockies,Away,682657,Angel Martínez,Cleveland Guardians,Colorado Rockies,LF,S,No,,88,318,298,72,17,1,12,34,44,8,5,71,0.242,0.272,0.426,0.698,10,34,34,11,0,0.324,0.0,22,75,72,18,1,0.25,0.0133,451,78,4.8,23.7,51.2,27.2,21.6,13.9,29.6,53.6,34.7,7.5,6.5,7.5,45.9,80.8,15.1,0.546,68.9,93.8,109.5,17.4,11.6,5.5,48.6,35.6,Below Average,2.5,Pull Power,A,Excellent HR swing plane,35.6,Below Average,0.96,Good,5.1,57.1,93.1,0.553,Derived proxy,Derived proxy,Derived proxy,Derived proxy,,,21.5,9.5,Strong positive regression,Below Average Pull Power profile. 4.8% barrel rate; 80.8 mph average exit velocity; 29.6% air-ball rate; 53.6% pull-air rate; 7.5% HR-launch rate.,0.0377,0.0362,3.99,34,10,24.8,1.37,136.9,Above normal drought,685299.0,Tanner Gordon,R,Switch vs RHP,17,5,71.1,5.55,1.44,15,1.89,7.82,1.64,425.0,6.4,28.0,19.5,40.8,34.6,84.4,96.1,113.3,0.617,15.0,47.6,99.3,0.633,6.7,4-Seam Fastball,L,LHB vs RHP,47.3,203,0.222,0.261,0.423,0.685,9,6,54,0.0443,5.0,0.52,172,0.064,6.0,0.642,0,0,0,0/0,,,,,0,0,0,47.9,Neutral Matchup,Average,50.0,5,Pitch-level Statcast · last 5 MLB games,270,4-Seam Fastball,55.18518518518518,149.0,Changeup,21.11111111111111,57.0,Slider,17.40740740740741,47.0,Curveball,6.296296296296297,17.0,Unknown,,Unknown,,No,118.0,1.18,1.0,82.4,0.995,0.989,52.3,Current-Season Handedness Matchup,Pull Air %,Barrel %,Max Exit Velocity,47.3,42.9,47.6,47.1,82.4,45.0,50.8,5.69,0.758,1.126,1.035,1.0,0.96,0.96,1.035,13.67,9.39,80.7,29.9,F,Lineup unconfirmed,,,,,,,,,
31,2026-08-21,823262,2026-08-22T01:40:00Z,Scheduled,Petco Park,Minnesota Twins @ San Diego Padres,Away,605137,Josh Bell,Minnesota Twins,San Diego Padres,DH,S,No,,123,499,453,117,26,1,17,64,77,41,2,103,0.258,0.321,0.433,0.754,11,48,41,13,2,0.317,0.0417,23,99,86,25,4,0.291,0.0404,715,142,5.0,24.5,51.1,24.4,24.6,12.8,23.6,49.1,26.7,6.5,5.0,6.5,50.7,83.4,17.7,0.571,70.0,95.4,113.7,23.5,11.4,8.3,54.7,36.8,Below Average,2.5,Pull Power,A,Excellent HR swing plane,36.8,Below Average,0.963,Good,4.9,48.4,96.0,0.562,Derived proxy,Derived proxy,Derived proxy,Derived proxy,,,34.8,17.8,Strong positive regression,Below Average Pull Power profile. 5.0% barrel rate; 83.4 mph average exit velocity; 23.6% air-ball rate; 49.1% pull-air rate; 6.5% HR-launch rate.,0.0341,0.0337,4.05,3,1,26.6,0.11,11.3,Very recent HR,,TBD,,Unknown,0,0,0.0,0.0,0.0,0,0.0,0.0,0.0,,,,,,,,,,,,50.0,0.0,,,Unknown,S,Unknown,50.0,0,,,,,0,0,0,,,,0,,,,0,0,0,0/0,,,,,0,0,0,50.0,Neutral Matchup,Average,50.0,0,,0,,,,,,,,,,,,,Unknown,,Unknown,,No,94.0,0.94,1.0,39.2,1.0,1.0,54.5,Current-Season Handedness Matchup,Pull Air %,Barrel %,Max Exit Velocity,50.0,50.0,50.0,49.1,39.2,45.0,50.7,5.66,1.088,1.0,1.0,1.0,0.963,0.963,0.98,12.95,8.75,74.9,26.0,F,Probable SP unavailable; Lineup unconfirmed,,,,,,,,,
32,2026-08-21,823420,2026-08-21T22:40:00Z,Scheduled,Citizens Bank Park,St. Louis Cardinals @ Philadelphia Phillies,Home,547180,Bryce Harper,Philadelphia Phillies,St. Louis Cardinals,1B,L,No,,128,546,447,116,23,3,25,80,72,91,1,112,0.26,0.381,0.492,0.873,11,52,35,10,1,0.286,0.0192,25,113,84,23,4,0.274,0.0354,689,140,5.1,24.4,50.2,22.7,27.1,12.6,24.8,39.8,33.6,7.2,4.2,7.2,66.1,83.5,16.3,0.658,72.5,95.2,113.2,39.7,11.0,10.1,42.1,37.1,Below Average,2.5,Contact-First Profile,A,Excellent HR swing plane,37.1,Below Average,0.964,Good,4.3,41.9,94.5,0.641,Derived proxy,Derived proxy,Derived proxy,Derived proxy,,,33.09,8.09,Strong positive regression,Below Average Contact-First Profile profile. 5.1% barrel rate; 83.5 mph average exit velocity; 24.8% air-ball rate; 39.8% pull-air rate; 7.2% HR-launch rate.,0.0458,0.0433,4.17,30,10,17.9,1.68,167.8,Above normal drought,,TBD,,Unknown,0,0,0.0,0.0,0.0,0,0.0,0.0,0.0,,,,,,,,,,,,50.0,0.0,,,Unknown,L,Unknown,50.0,0,,,,,0,0,0,,,,0,,,,0,0,0,0/0,,,,,0,0,0,50.0,Neutral Matchup,Average,50.0,0,,0,,,,,,,,,,,,,Unknown,,Unknown,,No,108.0,1.08,1.0,64.4,1.0,1.0,51.1,Current-Season Handedness Matchup,Pull Air %,Barrel %,Max Exit Velocity,50.0,50.0,50.0,38.7,64.4,45.0,50.6,5.64,0.845,1.0,1.0,1.0,0.964,0.964,1.035,16.86,10.05,75.0,34.2,D,Probable SP unavailable; Lineup unconfirmed,,,,,,,,,
33,2026-08-21,823911,2026-08-22T02:10:00Z,Scheduled,UNIQLO Field at Dodger Stadium,Pittsburgh Pirates @ Los Angeles Dodgers,Home,571970,Max Muncy,Los Angeles Dodgers,Pittsburgh Pirates,3B,L,No,,118,441,386,97,18,1,25,66,64,50,4,112,0.251,0.342,0.497,0.839,12,40,35,9,3,0.257,0.075,23,82,73,15,5,0.205,0.061,537,94,9.8,29.2,63.2,17.6,19.2,17.0,27.2,57.8,28.4,11.6,7.3,11.6,50.0,84.1,18.1,0.686,69.5,96.9,110.7,14.6,15.9,3.4,46.2,45.0,Below Average,3.0,Pull Power,A,Excellent HR swing plane,45.0,Below Average,0.986,Good,10.6,56.0,97.5,0.709,Derived proxy,Derived proxy,Derived proxy,Derived proxy,,,46.42,21.42,Strong positive regression,Below Average Pull Power profile. 9.8% barrel rate; 84.1 mph average exit velocity; 27.2% air-ball rate; 57.8% pull-air rate; 11.6% HR-launch rate.,0.0567,0.0514,4.09,5,2,15.4,0.32,32.4,Very recent HR,696149.0,Bubba Chandler,R,LHB vs RHP,24,23,121.1,4.23,1.37,10,0.74,8.01,4.75,718.0,3.2,21.3,13.8,34.5,26.9,83.1,93.8,114.8,0.479,10.0,63.4,99.7,0.74,9.2,4-Seam Fastball,L,LHB vs RHP,49.7,340,0.252,0.35,0.497,0.847,19,43,83,0.0559,9.8,0.691,284,0.0282,4.5,0.546,0,0,0,0/0,,,,,0,0,0,54.5,Neutral Matchup,Average,50.0,5,Pitch-level Statcast · last 5 MLB games,443,4-Seam Fastball,52.59593679458239,233.0,Slider,27.539503386004515,122.0,Changeup,11.512415349887133,51.0,Sinker,4.063205417607223,18.0,Unknown,,Unknown,,No,100.0,1.0,1.0,50.0,1.027,0.957,60.5,Current-Season Handedness Matchup,Pull Air %,Barrel %,Max Exit Velocity,49.7,22.3,63.4,68.3,50.0,45.0,50.2,5.55,1.134,0.942,1.025,1.0,0.986,0.986,0.98,19.41,12.11,83.6,33.9,D,Lineup unconfirmed,Curveball,4.063205417607223,18.0,Sweeper,0.22573363431151242,1.0,,,
34,2026-08-21,823911,2026-08-22T02:10:00Z,Scheduled,UNIQLO Field at Dodger Stadium,Pittsburgh Pirates @ Los Angeles Dodgers,Home,660271,Shohei Ohtani,Los Angeles Dodgers,Pittsburgh Pirates,TWP,L,No,,122,540,457,133,24,3,30,82,80,71,5,125,0.291,0.388,0.554,0.942,12,53,51,13,4,0.255,0.0755,24,107,97,31,8,0.32,0.0748,601,129,9.6,31.5,57.6,14.9,25.9,16.7,30.8,44.9,34.6,9.5,5.0,9.5,57.4,85.4,17.6,0.816,72.8,98.4,116.0,44.0,16.3,14.0,47.6,53.2,Average,3.0,Pull Power,A,Excellent HR swing plane,53.2,Average,1.009,Good,8.5,42.5,97.6,0.844,Derived proxy,Derived proxy,Derived proxy,Derived proxy,,,49.21,19.21,Strong positive regression,Average Pull Power profile. 9.6% barrel rate; 85.4 mph average exit velocity; 30.8% air-ball rate; 44.9% pull-air rate; 9.5% HR-launch rate.,0.0556,0.0513,4.25,4,1,15.2,0.26,26.3,Very recent HR,696149.0,Bubba Chandler,R,LHB vs RHP,24,23,121.1,4.23,1.37,10,0.74,8.01,4.75,718.0,3.2,21.3,13.8,34.5,26.9,83.1,93.8,114.8,0.479,10.0,64.3,99.7,0.755,8.9,4-Seam Fastball,L,LHB vs RHP,52.2,360,0.293,0.407,0.545,0.952,18,57,82,0.05,10.2,0.807,284,0.0282,4.5,0.546,2,2,1,1/2,0.5,0.5,2.0,2.5,1,0,0,57.0,Neutral Matchup,Average,55.0,5,Pitch-level Statcast · last 5 MLB games,443,4-Seam Fastball,52.59593679458239,233.0,Slider,27.539503386004515,122.0,Changeup,11.512415349887133,51.0,Sinker,4.063205417607223,18.0,Unknown,,Unknown,,No,100.0,1.0,1.0,50.0,1.029,0.957,62.8,Current-Season Handedness Matchup,Pull Air %,Barrel %,Max Exit Velocity,52.2,22.3,64.3,54.8,50.0,45.0,50.1,5.54,1.186,0.942,1.025,1.03,1.009,1.039,0.98,20.04,13.28,85.0,37.5,D+,Lineup unconfirmed,Curveball,4.063205417607223,18.0,Sweeper,0.22573363431151242,1.0,,,
35,2026-08-21,824317,2026-08-22T00:40:00Z,Scheduled,Coors Field,Cleveland Guardians @ Colorado Rockies,Away,694197,Angel Genao,Cleveland Guardians,Colorado Rockies,2B,S,No,,13,50,45,15,2,0,1,7,3,4,1,4,0.333,0.4,0.444,0.844,10,37,32,10,1,0.312,0.027,13,50,45,15,1,0.333,0.02,53,53,5.7,37.7,47.4,26.3,26.3,11.3,28.3,40.0,30.2,5.7,1.9,5.7,33.3,87.6,12.8,0.455,69.7,98.5,108.7,19.1,13.2,5.9,39.7,32.8,Weak,2.5,Contact-First Profile,A,Excellent HR swing plane,32.8,Weak,0.952,Good,5.7,40.0,98.5,0.455,Derived proxy,Derived proxy,Derived proxy,Derived proxy,,,2.85,1.85,Near expected,Weak Contact-First Profile profile. 5.7% barrel rate; 87.6 mph average exit velocity; 28.3% air-ball rate; 40.0% pull-air rate; 5.7% HR-launch rate.,0.02,0.0285,4.23,29,9,45.0,0.64,64.4,Recently homered,685299.0,Tanner Gordon,R,Switch vs RHP,17,5,71.1,5.55,1.44,15,1.89,7.82,1.64,425.0,6.4,28.0,19.5,40.8,34.6,84.4,96.1,113.3,0.617,15.0,51.2,99.3,0.55,12.6,4-Seam Fastball,L,LHB vs RHP,52.4,30,0.357,0.4,0.464,0.864,1,2,2,0.0333,7.7,0.524,172,0.064,6.0,0.642,0,0,0,0/0,,,,,0,0,0,51.5,Neutral Matchup,Average,50.0,5,Pitch-level Statcast · last 5 MLB games,270,4-Seam Fastball,55.18518518518518,149.0,Changeup,21.11111111111111,57.0,Slider,17.40740740740741,47.0,Curveball,6.296296296296297,17.0,Unknown,,Unknown,,No,118.0,1.18,1.0,82.4,1.002,0.989,48.4,Current-Season Handedness Matchup,Pull Air %,Barrel %,Max Exit Velocity,52.4,42.9,51.2,48.0,82.4,45.0,50.0,5.53,0.935,1.126,1.035,1.0,0.952,0.952,1.0,11.5,9.26,59.6,26.1,F,Small season sample; Lineup unconfirmed,,,,,,,,,
36,2026-08-21,823420,2026-08-21T22:40:00Z,Scheduled,Citizens Bank Park,St. Louis Cardinals @ Philadelphia Phillies,Home,624641,Edmundo Sosa,Philadelphia Phillies,St. Louis Cardinals,LF,R,No,,65,205,187,41,6,2,5,20,30,7,5,43,0.219,0.262,0.353,0.615,4,14,12,4,0,0.333,0.0,9,30,27,7,0,0.259,0.0,307,38,3.7,25.0,45.0,30.3,24.7,8.3,21.8,46.0,33.3,5.4,3.7,5.4,25.0,81.5,14.3,0.542,71.1,94.4,111.1,23.5,11.2,5.6,56.1,31.9,Weak,2.5,Pull Power,A,Excellent HR swing plane,31.9,Weak,0.949,Good,2.6,44.4,93.9,0.496,Derived proxy,Derived proxy,Derived proxy,Derived proxy,,,11.44,6.44,Strong positive regression,Weak Pull Power profile. 3.7% barrel rate; 81.5 mph average exit velocity; 21.8% air-ball rate; 46.0% pull-air rate; 5.4% HR-launch rate.,0.0244,0.0272,3.81,61,20,37.4,1.63,163.1,Above normal drought,,TBD,,Unknown,0,0,0.0,0.0,0.0,0,0.0,0.0,0.0,,,,,,,,,,,,50.0,0.0,,,Unknown,R,Unknown,50.0,0,,,,,0,0,0,,,,0,,,,0,0,0,0/0,,,,,0,0,0,50.0,Neutral Matchup,Average,50.0,0,,0,,,,,,,,,,,,,Unknown,,Unknown,,No,108.0,1.08,1.0,64.4,1.0,1.0,50.0,Current-Season Handedness Matchup,Pull Air %,Barrel %,Max Exit Velocity,50.0,50.0,50.0,36.1,64.4,45.0,49.9,5.5,0.771,1.0,1.0,0.975,0.949,0.926,1.035,9.97,6.64,59.0,22.9,F,Probable SP unavailable; Lineup unconfirmed,,,,,,,,,
37,2026-08-21,823510,2026-08-21T23:05:00Z,Scheduled,Yankee Stadium,Toronto Blue Jays @ New York Yankees,Home,669224,Austin Wells,New York Yankees,Toronto Blue Jays,C,L,No,,92,291,256,45,6,0,8,26,17,31,2,75,0.176,0.269,0.293,0.562,11,29,27,6,0,0.222,0.0,22,58,53,12,2,0.226,0.0345,364,72,4.1,28.3,53.5,24.8,21.4,16.9,27.0,44.7,27.2,6.4,3.7,6.4,58.0,82.8,21.4,0.507,70.4,95.9,109.0,21.9,11.8,7.3,52.4,31.7,Weak,2.5,Pull Power,A-,Elevated power plane,31.7,Weak,0.949,Good,4.2,42.9,96.1,0.501,Derived proxy,Derived proxy,Derived proxy,Derived proxy,,,15.23,7.23,Strong positive regression,Weak Pull Power profile. 4.1% barrel rate; 82.8 mph average exit velocity; 27.0% air-ball rate; 44.7% pull-air rate; 6.4% HR-launch rate.,0.0275,0.0288,3.81,35,14,32.0,1.09,109.4,Near normal interval,,TBD,,Unknown,0,0,0.0,0.0,0.0,0,0.0,0.0,0.0,,,,,,,,,,,,50.0,0.0,,,Unknown,L,Unknown,50.0,0,,,,,0,0,0,,,,0,,,,0,0,0,0/0,,,,,0,0,0,50.0,Neutral Matchup,Average,50.0,0,,0,,,,,,,,,,,,,Unknown,,Unknown,,No,108.0,1.08,1.0,64.4,1.0,1.0,47.9,Current-Season Handedness Matchup,Pull Air %,Barrel %,Max Exit Velocity,50.0,50.0,50.0,42.3,64.4,45.0,49.6,5.45,0.892,1.0,1.0,0.94,0.949,0.892,1.0,10.54,7.1,67.4,22.4,F,Probable SP unavailable; Lineup unconfirmed,,,,,,,,,
38,2026-08-21,823510,2026-08-21T23:05:00Z,Scheduled,Yankee Stadium,Toronto Blue Jays @ New York Yankees,Home,682987,Spencer Jones,New York Yankees,Toronto Blue Jays,CF,L,No,,54,167,150,34,7,1,6,17,19,16,1,61,0.227,0.305,0.407,0.712,11,42,38,11,1,0.289,0.0238,23,81,74,17,4,0.23,0.0494,205,101,7.9,29.7,38.0,29.5,32.5,15.4,26.2,25.0,35.8,7.9,3.3,7.9,34.5,86.0,21.9,0.739,75.8,97.1,112.6,68.6,14.4,13.9,40.1,39.7,Below Average,2.5,Contact-First Profile,A-,Elevated power plane,39.7,Below Average,0.971,Good,10.9,25.0,97.2,0.797,Derived proxy,Derived proxy,Derived proxy,Derived proxy,,,13.44,7.44,Strong positive regression,Below Average Contact-First Profile profile. 7.9% barrel rate; 86.0 mph average exit velocity; 26.2% air-ball rate; 25.0% pull-air rate; 7.9% HR-launch rate.,0.0359,0.0343,3.99,0,0,25.0,0.0,0.0,Very recent HR,,TBD,,Unknown,0,0,0.0,0.0,0.0,0,0.0,0.0,0.0,,,,,,,,,,,,50.0,0.0,,,Unknown,L,Unknown,50.0,0,,,,,0,0,0,,,,0,,,,0,0,0,0/0,,,,,0,0,0,50.0,Neutral Matchup,Average,50.0,0,,0,,,,,,,,,,,,,Unknown,,Unknown,,No,108.0,1.08,1.0,64.4,1.0,1.0,47.5,Current-Season Handedness Matchup,Pull Air %,Barrel %,Max Exit Velocity,50.0,50.0,50.0,42.9,64.4,45.0,49.5,5.42,1.012,1.0,1.0,1.0,0.971,0.971,0.98,12.99,9.05,60.4,23.9,F,Probable SP unavailable; Lineup unconfirmed,,,,,,,,,
39,2026-08-21,823262,2026-08-22T01:40:00Z,Scheduled,Petco Park,Minnesota Twins @ San Diego Padres,Away,668952,Ryan Kreidler,Minnesota Twins,San Diego Padres,SS,R,No,,81,217,202,46,8,3,5,26,25,14,1,47,0.228,0.281,0.371,0.652,9,18,17,2,0,0.118,0.0,23,56,54,11,0,0.204,0.0,277,68,4.9,22.0,43.9,35.4,20.7,14.1,23.9,56.4,23.5,5.1,3.9,5.1,27.1,81.7,12.7,0.505,69.4,93.9,109.0,32.7,9.4,8.0,62.0,33.0,Weak,2.5,Pull Power,A,Excellent HR swing plane,33.0,Weak,0.952,Good,5.9,68.4,93.9,0.525,Derived proxy,Derived proxy,Derived proxy,Derived proxy,,,12.88,7.88,Strong positive regression,Weak Pull Power profile. 4.9% barrel rate; 81.7 mph average exit velocity; 23.9% air-ball rate; 56.4% pull-air rate; 5.1% HR-launch rate.,0.023,0.0262,3.99,109,40,40.4,2.7,269.8,Very long drought,,TBD,,Unknown,0,0,0.0,0.0,0.0,0,0.0,0.0,0.0,,,,,,,,,,,,50.0,0.0,,,Unknown,R,Unknown,50.0,0,,,,,0,0,0,,,,0,,,,0,0,0,0/0,,,,,0,0,0,50.0,Neutral Matchup,Average,50.0,0,,0,,,,,,,,,,,,,Unknown,,Unknown,,No,94.0,0.94,1.0,39.2,1.0,1.0,50.8,Current-Season Handedness Matchup,Pull Air %,Barrel %,Max Exit Velocity,50.0,50.0,50.0,50.3,39.2,45.0,49.4,5.4,0.758,1.0,1.0,1.0,0.952,0.952,1.06,10.06,6.26,62.0,26.7,F,Probable SP unavailable; Lineup unconfirmed,,,,,,,,,
40,2026-08-21,823262,2026-08-22T01:40:00Z,Scheduled,Petco Park,Minnesota Twins @ San Diego Padres,Home,665487,Fernando Tatis Jr.,San Diego Padres,Minnesota Twins,RF,R,No,,126,555,489,137,26,2,15,71,61,54,5,103,0.28,0.354,0.434,0.788,11,46,37,10,5,0.27,0.1087,25,111,94,24,7,0.255,0.0631,621,124,9.4,35.7,39.1,31.7,29.2,14.9,29.0,33.5,29.9,7.8,3.4,7.8,36.2,86.6,10.8,0.637,73.6,100.3,116.9,61.3,16.5,17.5,57.5,48.7,Average,3.0,Contact-First Profile,A,Excellent HR swing plane,48.7,Average,0.996,Good,11.3,43.2,100.5,0.701,Derived proxy,Derived proxy,Derived proxy,Derived proxy,,,48.22,33.22,Strong positive regression,Average Contact-First Profile profile. 9.4% barrel rate; 86.6 mph average exit velocity; 29.0% air-ball rate; 33.5% pull-air rate; 7.8% HR-launch rate.,0.027,0.0279,3.99,3,1,32.6,0.09,9.2,Very recent HR,687570.0,Connor Prielipp,L,RHB vs LHP,17,17,87.2,5.34,1.38,12,1.23,9.65,3.7,498.0,4.6,24.1,13.3,40.8,31.1,83.2,95.0,113.1,0.557,12.0,58.0,99.9,0.669,10.0,Slider,R,RHB vs LHP,47.2,124,0.29,0.387,0.551,0.938,6,17,26,0.0484,9.4,0.664,271,0.0332,4.3,0.544,0,0,0,0/0,,,,,0,0,0,51.5,Neutral Matchup,Average,50.0,5,Pitch-level Statcast · last 5 MLB games,433,Slider,31.17782909930716,135.0,4-Seam Fastball,25.86605080831409,112.0,Sinker,21.939953810623557,95.0,Curveball,15.242494226327944,66.0,Unknown,,Unknown,,No,94.0,0.94,1.0,39.2,1.016,0.971,55.3,Current-Season Handedness Matchup,Pull Air %,Barrel %,Max Exit Velocity,47.2,32.9,58.0,67.4,39.2,45.0,49.2,5.36,1.35,1.021,1.025,1.0,0.996,0.996,0.98,10.68,9.02,85.0,28.4,F,Lineup unconfirmed,Changeup,5.773672055427252,25.0,,,,,,
41,2026-08-21,824721,2026-08-21T23:10:00Z,Scheduled,Fenway Park,San Francisco Giants @ Boston Red Sox,Home,575929,Willson Contreras,Boston Red Sox,San Francisco Giants,1B,R,No,,116,479,401,114,21,2,25,64,75,53,21,122,0.284,0.393,0.534,0.927,11,49,40,10,2,0.25,0.0408,22,91,70,17,3,0.243,0.033,566,101,8.4,26.2,49.0,26.7,23.9,15.7,26.1,52.9,29.5,6.8,3.3,6.8,46.2,82.4,18.1,0.658,74.7,96.4,116.5,64.6,10.8,14.0,46.1,47.0,Below Average,3.0,Pull Power,A,Excellent HR swing plane,47.0,Below Average,0.992,Good,6.9,53.8,94.6,0.554,Derived proxy,Derived proxy,Derived proxy,Derived proxy,,,39.07,14.07,Strong positive regression,Below Average Pull Power profile. 8.4% barrel rate; 82.4 mph average exit velocity; 26.1% air-ball rate; 52.9% pull-air rate; 6.8% HR-launch rate.,0.0522,0.0481,4.25,9,2,16.0,0.56,56.1,Recently homered,657277.0,Logan Webb,R,RHB vs RHP,22,22,139.0,3.5,1.06,9,0.58,7.12,2.07,719.0,3.1,23.9,11.5,39.5,27.4,81.8,94.4,114.4,0.464,9.0,56.5,100.0,0.676,9.0,Sinker,R,RHB vs RHP,39.2,357,0.285,0.385,0.523,0.908,18,33,99,0.0504,8.1,0.68,216,0.0139,2.6,0.452,6,6,0,0/6,0.0,0.0,0.0,0.0,0,0,2,44.4,Neutral Matchup,Average,35.0,5,Pitch-level Statcast · last 5 MLB games,471,Changeup,25.05307855626327,118.0,Sinker,23.35456475583864,110.0,Sweeper,18.683651804670912,88.0,Cutter,17.409766454352443,82.0,Unknown,,Unknown,,No,102.0,1.02,1.0,53.6,1.013,0.956,59.8,Current-Season Handedness Matchup,Pull Air %,Barrel %,Max Exit Velocity,39.2,25.9,56.5,54.1,53.6,45.0,48.8,5.3,0.91,0.917,0.985,1.03,0.992,1.021,1.0,18.92,10.06,84.3,32.1,D,Lineup unconfirmed,4-Seam Fastball,15.498938428874734,73.0,,,,,,
42,2026-08-21,823420,2026-08-21T22:40:00Z,Scheduled,Citizens Bank Park,St. Louis Cardinals @ Philadelphia Phillies,Home,681082,Bryson Stott,Philadelphia Phillies,St. Louis Cardinals,2B,L,No,,122,481,425,112,25,6,9,56,59,49,2,79,0.264,0.341,0.414,0.755,11,52,42,13,1,0.31,0.0192,25,106,83,26,2,0.313,0.0189,633,141,3.3,24.5,46.4,29.0,24.5,13.0,27.2,42.7,28.1,4.6,2.9,4.6,56.7,83.5,20.6,0.478,67.6,94.7,111.4,7.7,10.7,2.2,50.7,25.0,Weak,2.0,Pull Power,A-,Elevated power plane,25.0,Weak,0.93,Good,1.4,45.7,94.3,0.443,Derived proxy,Derived proxy,Derived proxy,Derived proxy,,,22.02,13.02,Strong positive regression,Weak Pull Power profile. 3.3% barrel rate; 83.5 mph average exit velocity; 27.2% air-ball rate; 42.7% pull-air rate; 4.6% HR-launch rate.,0.0187,0.0214,3.99,15,4,47.2,0.32,31.8,Very recent HR,,TBD,,Unknown,0,0,0.0,0.0,0.0,0,0.0,0.0,0.0,,,,,,,,,,,,50.0,0.0,,,Unknown,L,Unknown,50.0,0,,,,,0,0,0,,,,0,,,,0,0,0,0/0,,,,,0,0,0,50.0,Neutral Matchup,Average,50.0,0,,0,,,,,,,,,,,,,Unknown,,Unknown,,No,108.0,1.08,1.0,64.4,1.0,1.0,46.8,Current-Season Handedness Matchup,Pull Air %,Barrel %,Max Exit Velocity,50.0,50.0,50.0,36.7,64.4,45.0,48.8,5.29,0.957,1.0,1.0,1.0,0.93,0.93,0.98,8.26,6.41,75.0,22.3,F,Probable SP unavailable; Lineup unconfirmed,,,,,,,,,
43,2026-08-21,824559,2026-08-21T23:40:00Z,Scheduled,Rate Field,New York Mets @ Chicago White Sox,Away,596019,Francisco Lindor,New York Mets,Chicago White Sox,SS,S,No,,71,309,272,65,7,4,12,40,32,34,3,59,0.239,0.33,0.426,0.756,11,47,39,11,2,0.282,0.0426,25,112,96,24,6,0.25,0.0536,411,139,5.8,29.5,54.2,21.5,23.5,17.6,30.9,53.8,28.5,8.7,6.5,8.7,58.8,84.8,21.2,0.6,70.2,96.2,111.0,23.0,13.5,7.4,54.0,41.0,Below Average,2.5,Pull Power,A-,Elevated power plane,41.0,Below Average,0.975,Good,5.8,57.8,95.9,0.635,Derived proxy,Derived proxy,Derived proxy,Derived proxy,,,24.07,12.07,Strong positive regression,Below Average Pull Power profile. 5.8% barrel rate; 84.8 mph average exit velocity; 30.9% air-ball rate; 53.8% pull-air rate; 8.7% HR-launch rate.,0.0388,0.0369,4.05,18,5,22.7,0.79,79.4,Recently homered,680732.0,Sean Burke,R,Switch vs RHP,25,21,140.0,3.15,1.11,16,1.03,9.9,2.7,757.0,4.6,22.5,14.9,49.3,34.3,83.2,94.3,113.4,0.528,16.0,55.1,100.0,0.675,8.3,4-Seam Fastball,L,LHB vs RHP,40.4,216,0.253,0.343,0.442,0.785,8,23,47,0.037,5.9,0.629,341,0.0323,5.2,0.558,0,0,0,0/0,,,,,0,0,0,47.4,Neutral Matchup,Average,50.0,5,Pitch-level Statcast · last 5 MLB games,450,4-Seam Fastball,37.111111111111114,167.0,Slider,22.666666666666668,102.0,Knuckle Curve,17.77777777777778,80.0,Sinker,10.88888888888889,49.0,Unknown,,Unknown,,No,100.0,1.0,1.0,50.0,1.01,0.971,53.2,Current-Season Handedness Matchup,Pull Air %,Barrel %,Max Exit Velocity,40.4,36.8,55.1,54.1,50.0,45.0,48.8,5.28,1.115,0.989,1.035,1.0,0.975,0.975,1.0,14.13,9.81,82.1,29.0,F,Lineup unconfirmed,Cutter,10.444444444444445,47.0,Changeup,1.1111111111111112,5.0,,,
44,2026-08-21,824152,2026-08-22T00:10:00Z,Scheduled,Daikin Park,Athletics @ Houston Astros,Home,666211,Taylor Trammell,Houston Astros,Athletics,CF,L,No,,70,209,185,39,6,2,7,26,20,19,4,68,0.211,0.298,0.378,0.676,10,33,30,3,1,0.1,0.0303,22,77,64,11,4,0.172,0.0519,212,70,10.3,24.9,57.4,21.9,20.7,17.7,25.5,57.1,29.1,8.2,5.3,8.2,39.5,82.0,17.7,0.673,73.8,95.3,113.3,62.1,9.8,12.2,48.0,48.3,Average,3.0,Pull Power,A,Excellent HR swing plane,48.3,Average,0.995,Good,12.9,68.8,95.2,0.754,Derived proxy,Derived proxy,Derived proxy,Derived proxy,,,17.45,10.45,Strong positive regression,Average Pull Power profile. 10.3% barrel rate; 82.0 mph average exit velocity; 25.5% air-ball rate; 57.1% pull-air rate; 8.2% HR-launch rate.,0.0335,0.0329,3.99,28,9,26.4,1.06,105.9,Near normal interval,669372.0,J.T. Ginn,R,LHB vs RHP,25,22,127.1,3.53,1.22,14,0.99,8.06,3.75,617.0,3.6,23.5,13.9,41.3,25.3,81.6,94.7,112.1,0.479,14.0,45.8,99.8,0.58,8.4,Sinker,L,LHB vs RHP,45.3,173,0.235,0.324,0.425,0.749,7,18,58,0.0405,10.1,0.723,321,0.028,3.9,0.505,5,5,2,2/5,0.4,0.4,0.6,1.0,0,0,2,46.9,Neutral Matchup,Average,52.2,5,Pitch-level Statcast · last 5 MLB games,448,Sinker,37.94642857142857,170.0,Changeup,24.553571428571427,110.0,Slider,15.625,70.0,4-Seam Fastball,11.830357142857142,53.0,Unknown,,Unknown,,No,100.0,1.0,1.0,50.0,0.992,0.961,60.6,Current-Season Handedness Matchup,Pull Air %,Barrel %,Max Exit Velocity,45.3,27.9,45.8,68.6,50.0,45.0,48.7,5.28,1.086,0.982,1.025,1.0,0.995,0.995,1.0,12.51,8.73,73.1,26.0,F,Lineup unconfirmed,Cutter,10.044642857142858,45.0,,,,,,
45,2026-08-21,824800,2026-08-21T23:15:00Z,Scheduled,Oriole Park at Camden Yards,Tampa Bay Rays @ Baltimore Orioles,Home,694212,Samuel Basallo,Baltimore Orioles,Tampa Bay Rays,C,L,No,,88,319,289,69,9,1,16,34,46,26,2,85,0.239,0.304,0.443,0.747,2,8,7,1,0,0.143,0.0,2,8,7,1,0,0.143,0.0,388,4,8.2,27.8,50.5,24.5,24.5,14.2,26.3,41.2,30.4,7.2,4.6,7.2,50.0,84.5,14.2,0.669,72.6,97.2,112.5,43.4,11.9,11.0,49.1,42.7,Below Average,2.5,Contact-First Profile,A,Excellent HR swing plane,42.7,Below Average,0.98,Good,25.0,0.0,96.3,1.288,Derived proxy,Derived proxy,Derived proxy,Derived proxy,,,26.66,10.66,Strong positive regression,Below Average Contact-First Profile profile. 8.2% barrel rate; 84.5 mph average exit velocity; 26.3% air-ball rate; 41.2% pull-air rate; 7.2% HR-launch rate.,0.0502,0.0452,3.99,15,5,18.1,0.83,83.0,Near normal interval,642547.0,Freddy Peralta,R,LHB vs RHP,25,25,128.0,5.27,1.48,20,1.41,8.65,3.73,760.0,3.4,23.0,14.1,46.1,30.1,82.1,93.6,114.7,0.504,20.0,58.1,98.3,0.698,8.7,4-Seam Fastball,L,LHB vs RHP,52.1,236,0.258,0.335,0.512,0.847,14,23,53,0.0593,9.2,0.724,366,0.041,3.7,0.517,0,0,0,0/0,,,,,0,0,0,53.8,Neutral Matchup,Average,50.0,5,Pitch-level Statcast · last 5 MLB games,445,4-Seam Fastball,55.28089887640449,246.0,Changeup,23.370786516853933,104.0,Curveball,9.662921348314606,43.0,Sweeper,9.438202247191011,42.0,Unknown,,Unknown,,No,99.0,0.99,1.0,48.2,1.016,0.959,55.6,Current-Season Handedness Matchup,Pull Air %,Barrel %,Max Exit Velocity,52.1,30.7,58.1,56.6,48.2,45.0,48.6,5.25,1.0,1.05,1.025,1.0,0.98,0.98,1.0,16.85,10.59,75.4,29.3,F,Lineup unconfirmed; Limited recent games,Slow Curve,1.348314606741573,6.0,Slider,0.898876404494382,4.0,,,
46,2026-08-21,823510,2026-08-21T23:05:00Z,Scheduled,Yankee Stadium,Toronto Blue Jays @ New York Yankees,Home,676609,José Caballero,New York Yankees,Toronto Blue Jays,SS,R,No,,106,366,331,79,12,0,12,39,43,23,6,88,0.239,0.298,0.384,0.682,7,17,12,1,0,0.083,0.0,19,52,44,9,2,0.205,0.0385,484,62,2.6,12.1,47.4,34.4,17.9,9.4,21.6,58.1,33.0,3.9,3.3,3.9,105.9,77.1,17.4,0.552,63.4,88.4,107.8,6.1,6.6,1.7,43.1,23.6,Weak,2.0,Pull Power,A,Excellent HR swing plane,23.6,Weak,0.926,Good,3.2,71.4,86.0,0.713,Derived proxy,Derived proxy,Derived proxy,Derived proxy,,,15.54,3.54,Positive regression,Weak Pull Power profile. 2.6% barrel rate; 77.1 mph average exit velocity; 21.6% air-ball rate; 58.1% pull-air rate; 3.9% HR-launch rate.,0.0328,0.0326,3.99,13,9,27.6,0.47,47.1,Recently homered,,TBD,,Unknown,0,0,0.0,0.0,0.0,0,0.0,0.0,0.0,,,,,,,,,,,,50.0,0.0,,,Unknown,R,Unknown,50.0,0,,,,,0,0,0,,,,0,,,,0,0,0,0/0,,,,,0,0,0,50.0,Neutral Matchup,Average,50.0,0,,0,,,,,,,,,,,,,Unknown,,Unknown,,No,108.0,1.08,1.0,64.4,1.0,1.0,46.9,Current-Season Handedness Matchup,Pull Air %,Barrel %,Max Exit Velocity,50.0,50.0,50.0,32.7,64.4,45.0,48.5,5.24,0.889,1.0,1.0,1.0,0.926,0.926,1.0,12.38,7.86,71.2,23.0,F,Probable SP unavailable; Lineup unconfirmed,,,,,,,,,
47,2026-08-21,824559,2026-08-21T23:40:00Z,Scheduled,Rate Field,New York Mets @ Chicago White Sox,Away,682626,Francisco Alvarez,New York Mets,Chicago White Sox,C,R,No,,89,330,288,69,11,0,13,29,30,35,4,94,0.24,0.329,0.413,0.742,10,38,33,5,1,0.152,0.0263,21,82,66,12,2,0.182,0.0244,374,81,8.9,25.9,41.2,37.8,21.0,13.4,23.9,45.1,32.5,7.8,5.2,7.8,34.9,83.6,17.6,0.649,72.4,95.9,112.4,39.4,12.1,8.2,56.2,43.2,Below Average,2.5,Pull Power,A,Excellent HR swing plane,43.2,Below Average,0.981,Good,8.6,42.1,94.4,0.652,Derived proxy,Derived proxy,Derived proxy,Derived proxy,,,27.4,14.4,Strong positive regression,Below Average Pull Power profile. 8.9% barrel rate; 83.6 mph average exit velocity; 23.9% air-ball rate; 45.1% pull-air rate; 7.8% HR-launch rate.,0.0394,0.0374,4.05,27,8,22.2,1.22,121.9,Near normal interval,680732.0,Sean Burke,R,RHB vs RHP,25,21,140.0,3.15,1.11,16,1.03,9.9,2.7,757.0,4.6,22.5,14.9,49.3,34.3,83.2,94.3,113.4,0.528,16.0,52.5,100.0,0.655,8.0,4-Seam Fastball,R,RHB vs RHP,42.2,238,0.252,0.331,0.457,0.788,11,22,63,0.0462,9.6,0.653,234,0.0214,3.9,0.487,0,0,0,0/0,,,,,0,0,0,47.3,Neutral Matchup,Average,50.0,5,Pitch-level Statcast · last 5 MLB games,450,4-Seam Fastball,37.111111111111114,167.0,Slider,22.666666666666668,102.0,Knuckle Curve,17.77777777777778,80.0,Sinker,10.88888888888889,49.0,Unknown,,Unknown,,No,100.0,1.0,1.0,50.0,1.005,0.971,54.8,Current-Season Handedness Matchup,Pull Air %,Barrel %,Max Exit Velocity,42.2,36.8,52.5,48.2,50.0,45.0,48.4,5.23,0.872,0.989,0.985,1.0,0.981,0.981,1.0,14.31,8.17,82.1,28.1,F,Lineup unconfirmed,Cutter,10.444444444444445,47.0,Changeup,1.1111111111111112,5.0,,,
48,2026-08-21,823101,2026-08-22T02:10:00Z,Scheduled,T-Mobile Park,Chicago Cubs @ Seattle Mariners,Away,691718,Pete Crow-Armstrong,Chicago Cubs,Seattle Mariners,CF,L,No,,128,570,487,136,25,7,31,90,79,68,11,154,0.279,0.378,0.55,0.928,11,54,48,9,5,0.188,0.0926,26,125,108,29,10,0.269,0.08,745,178,8.2,29.6,57.8,20.0,22.2,17.0,27.1,59.4,31.1,9.2,5.7,9.2,56.6,83.4,24.2,0.714,72.5,96.5,114.2,45.2,13.4,13.8,49.0,49.8,Average,3.0,Pull Power,A-,Elevated power plane,49.8,Average,0.999,Good,9.0,58.8,95.9,0.763,Derived proxy,Derived proxy,Derived proxy,Derived proxy,,,54.73,23.73,Strong positive regression,Average Pull Power profile. 8.2% barrel rate; 83.4 mph average exit velocity; 27.1% air-ball rate; 59.4% pull-air rate; 9.2% HR-launch rate.,0.0544,0.0505,4.23,4,1,15.7,0.25,25.5,Very recent HR,676106.0,Emerson Hancock,R,LHB vs RHP,23,23,128.0,3.3,1.11,16,1.13,8.37,2.25,732.0,4.8,23.1,14.5,33.7,30.7,83.2,94.4,114.7,0.547,16.0,47.8,99.8,0.629,7.0,4-Seam Fastball,L,LHB vs RHP,54.2,386,0.268,0.361,0.554,0.915,22,45,103,0.057,9.2,0.74,295,0.0339,5.7,0.584,2,2,1,1/2,0.5,0.5,1.0,1.5,0,0,1,51.7,Neutral Matchup,Average,52.5,5,Pitch-level Statcast · last 5 MLB games,474,4-Seam Fastball,41.561181434599156,197.0,Sinker,23.839662447257385,113.0,Sweeper,10.759493670886076,51.0,Cutter,10.126582278481013,48.0,Unknown,,Unknown,,No,92.0,0.92,1.0,35.6,0.996,0.973,63.2,Current-Season Handedness Matchup,Pull Air %,Barrel %,Max Exit Velocity,54.2,27.7,47.8,61.3,35.6,45.0,48.3,5.2,1.289,1.005,1.025,1.03,0.999,1.029,0.98,19.68,13.26,85.0,37.3,D+,Lineup unconfirmed,Curveball,9.70464135021097,46.0,Changeup,4.008438818565401,19.0,,,
49,2026-08-21,823420,2026-08-21T22:40:00Z,Scheduled,Citizens Bank Park,St. Louis Cardinals @ Philadelphia Phillies,Home,592663,J.T. Realmuto,Philadelphia Phillies,St. Louis Cardinals,C,R,No,,94,357,316,68,14,0,8,38,40,27,9,76,0.215,0.291,0.335,0.626,8,34,29,3,0,0.103,0.0,20,80,69,14,1,0.203,0.0125,457,109,3.1,25.0,40.8,28.1,30.6,13.4,27.5,36.8,30.3,5.8,2.3,5.8,46.3,83.8,16.7,0.52,71.7,95.7,113.0,32.2,12.6,8.9,54.6,30.0,Weak,2.0,Contact-First Profile,A,Excellent HR swing plane,30.0,Weak,0.944,Good,2.8,39.3,95.3,0.546,Derived proxy,Derived proxy,Derived proxy,Derived proxy,,,15.44,7.44,Strong positive regression,Weak Contact-First Profile profile. 3.1% barrel rate; 83.8 mph average exit velocity; 27.5% air-ball rate; 36.8% pull-air rate; 5.8% HR-launch rate.,0.0224,0.0248,3.87,50,14,39.5,1.27,126.6,Near normal interval,,TBD,,Unknown,0,0,0.0,0.0,0.0,0,0.0,0.0,0.0,,,,,,,,,,,,50.0,0.0,,,Unknown,R,Unknown,50.0,0,,,,,0,0,0,,,,0,,,,0,0,0,0/0,,,,,0,0,0,50.0,Neutral Matchup,Average,50.0,0,,0,,,,,,,,,,,,,Unknown,,Unknown,,No,108.0,1.08,1.0,64.4,1.0,1.0,45.9,Current-Season Handedness Matchup,Pull Air %,Barrel %,Max Exit Velocity,50.0,50.0,50.0,34.3,64.4,45.0,48.2,5.19,0.768,1.0,1.0,0.94,0.944,0.887,1.0,9.27,5.95,73.4,22.2,F,Probable SP unavailable; Lineup unconfirmed,,,,,,,,,
50,2026-08-21,823262,2026-08-22T01:40:00Z,Scheduled,Petco Park,Minnesota Twins @ San Diego Padres,Away,680777,Ryan Jeffers,Minnesota Twins,San Diego Padres,C,R,No,,65,260,219,62,14,1,10,40,42,37,2,43,0.283,0.39,0.493,0.883,10,37,30,9,0,0.3,0.0,22,88,76,21,1,0.276,0.0114,353,132,6.0,26.0,40.1,29.7,30.3,13.6,24.2,40.2,29.3,6.9,3.4,6.9,32.9,83.1,19.1,0.516,71.2,96.0,112.2,36.6,12.2,12.4,48.2,35.6,Below Average,2.5,Contact-First Profile,A,Excellent HR swing plane,35.6,Below Average,0.96,Good,4.5,39.3,95.5,0.449,Derived proxy,Derived proxy,Derived proxy,Derived proxy,,,18.68,8.68,Strong positive regression,Below Average Contact-First Profile profile. 6.0% barrel rate; 83.1 mph average exit velocity; 24.2% air-ball rate; 40.2% pull-air rate; 6.9% HR-launch rate.,0.0385,0.0364,4.23,52,16,21.9,2.37,237.4,Very long drought,,TBD,,Unknown,0,0,0.0,0.0,0.0,0,0.0,0.0,0.0,,,,,,,,,,,,50.0,0.0,,,Unknown,R,Unknown,50.0,0,,,,,0,0,0,,,,0,,,,0,0,0,0/0,,,,,0,0,0,50.0,Neutral Matchup,Average,50.0,0,,0,,,,,,,,,,,,,Unknown,,Unknown,,No,94.0,0.94,1.0,39.2,1.0,1.0,49.8,Current-Season Handedness Matchup,Pull Air %,Barrel %,Max Exit Velocity,50.0,50.0,50.0,38.7,39.2,45.0,48.0,5.16,0.758,1.0,1.0,1.0,0.96,0.96,1.06,14.52,7.65,67.6,32.6,D,Probable SP unavailable; Lineup unconfirmed,,,,,,,,,
51,2026-08-21,823746,2026-08-21T20:10:00Z,Scheduled,American Family Field,Atlanta Braves @ Milwaukee Brewers,Away,621566,Matt Olson,Atlanta Braves,Milwaukee Brewers,1B,L,No,,128,557,495,129,31,0,36,89,77,56,3,141,0.261,0.338,0.541,0.879,12,49,45,8,3,0.178,0.0612,27,113,102,23,10,0.225,0.0885,772,154,9.5,28.4,51.0,22.4,26.4,15.8,25.0,48.0,32.8,10.0,6.2,10.0,55.5,84.7,22.5,0.782,72.9,97.2,111.7,46.3,14.3,14.1,46.9,51.2,Average,3.0,Pull Power,A-,Elevated power plane,51.2,Average,1.003,Good,11.0,48.6,96.1,0.878,Derived proxy,Derived proxy,Derived proxy,Derived proxy,,,62.94,26.94,Strong positive regression,Average Pull Power profile. 9.5% barrel rate; 84.7 mph average exit velocity; 25.0% air-ball rate; 48.0% pull-air rate; 10.0% HR-launch rate.,0.0646,0.0588,4.15,14,4,13.8,1.02,101.8,Near normal interval,694819.0,Jacob Misiorowski,R,LHB vs RHP,23,23,139.0,1.75,0.75,13,0.84,13.6,2.01,612.0,1.8,17.8,11.3,27.6,31.5,81.5,91.9,114.8,0.432,13.0,67.1,99.9,0.793,8.4,4-Seam Fastball,L,LHB vs RHP,48.5,320,0.258,0.347,0.559,0.906,22,38,81,0.0688,9.6,0.775,294,0.0204,1.5,0.398,3,2,0,0/2,0.0,0.333,0.0,0.333,0,1,0,53.8,Neutral Matchup,Average,42.5,5,Pitch-level Statcast · last 5 MLB games,423,4-Seam Fastball,66.903073286052,283.0,Cutter,11.583924349881796,49.0,Slider,11.583924349881796,49.0,Curveball,9.929078014184396,42.0,Unknown,,Unknown,,No,100.0,1.0,1.0,50.0,1.034,0.943,59.7,Current-Season Handedness Matchup,Pull Air %,Barrel %,Max Exit Velocity,48.5,14.0,67.1,63.1,50.0,45.0,47.8,5.12,1.1,0.958,1.025,1.03,1.003,1.033,1.0,22.25,13.63,85.0,38.4,D+,Lineup unconfirmed,,,,,,,,,
52,2026-08-21,824152,2026-08-22T00:10:00Z,Scheduled,Daikin Park,Athletics @ Houston Astros,Away,691777,Max Muncy,Athletics,Houston Astros,3B,R,No,,62,219,194,42,9,2,6,27,24,18,4,72,0.216,0.292,0.376,0.668,10,31,27,5,1,0.185,0.0323,14,41,37,7,1,0.189,0.0244,257,48,8.0,24.5,45.8,32.0,22.2,12.0,24.9,54.7,31.7,8.2,3.7,8.2,28.2,83.5,23.3,0.558,72.2,95.5,111.1,44.9,14.7,9.2,52.8,42.8,Below Average,2.5,Pull Power,A-,Elevated power plane,42.8,Below Average,0.98,Good,8.3,57.1,93.7,0.518,Derived proxy,Derived proxy,Derived proxy,Derived proxy,,,17.99,11.99,Strong positive regression,Below Average Pull Power profile. 8.0% barrel rate; 83.5 mph average exit velocity; 24.9% air-ball rate; 54.7% pull-air rate; 8.2% HR-launch rate.,0.0274,0.029,4.05,2,1,32.3,0.06,6.2,Very recent HR,669713.0,Hayden Wesneski,R,RHB vs RHP,4,4,22.2,5.16,1.32,2,0.79,7.15,2.78,109.0,5.5,32.1,17.4,41.0,29.4,85.4,97.9,109.2,0.518,2.0,41.8,100.0,0.53,8.9,Sweeper,R,RHB vs RHP,41.1,124,0.228,0.266,0.404,0.67,5,4,43,0.0403,9.3,0.575,47,0.0,0.0,0.444,0,0,0,0/0,,,,,0,0,0,43.1,Neutral Matchup,Average,50.0,4,Pitch-level Statcast · last 5 MLB games,321,Sweeper,29.28348909657321,94.0,4-Seam Fastball,24.922118380062305,80.0,Sinker,19.626168224299064,63.0,Cutter,16.1993769470405,52.0,Unknown,,Unknown,,No,100.0,1.0,1.0,50.0,0.984,0.98,55.0,Current-Season Handedness Matchup,Pull Air %,Barrel %,Max Exit Velocity,41.1,38.5,41.8,55.5,50.0,45.0,47.8,5.11,0.996,0.984,0.985,1.0,0.98,0.98,0.98,11.25,7.36,70.9,22.0,F,Lineup unconfirmed,Changeup,9.345794392523365,30.0,Curveball,0.6230529595015576,2.0,,,
53,2026-08-21,824559,2026-08-21T23:40:00Z,Scheduled,Rate Field,New York Mets @ Chicago White Sox,Home,695657,Colson Montgomery,Chicago White Sox,New York Mets,SS,L,No,,120,506,453,98,20,0,26,57,71,41,10,168,0.216,0.294,0.433,0.727,11,45,42,10,1,0.238,0.0222,24,104,94,19,2,0.202,0.0192,565,123,7.1,25.9,55.5,24.1,20.0,16.1,25.3,54.3,29.7,7.6,4.4,7.6,48.4,83.7,21.9,0.581,74.7,96.2,115.9,64.9,11.6,12.2,51.0,45.2,Below Average,3.0,Pull Power,A-,Elevated power plane,45.2,Below Average,0.987,Good,5.7,53.8,95.4,0.45,Derived proxy,Derived proxy,Derived proxy,Derived proxy,,,36.08,10.08,Strong positive regression,Below Average Pull Power profile. 7.1% barrel rate; 83.7 mph average exit velocity; 25.3% air-ball rate; 54.3% pull-air rate; 7.6% HR-launch rate.,0.0514,0.0477,3.99,35,9,17.4,2.01,200.9,Very long drought,640455.0,Sean Manaea,L,LHB vs LHP,26,12,111.0,4.22,1.32,16,1.3,9.16,3.0,671.0,4.8,22.4,14.2,50.6,31.3,80.7,93.6,114.6,0.571,16.0,37.2,100.0,0.537,6.2,4-Seam Fastball,L,LHB vs LHP,40.6,160,0.257,0.331,0.486,0.817,8,11,46,0.05,6.1,0.598,155,0.0258,4.1,0.553,0,0,0,0/0,,,,,0,0,0,41.3,Slight Pitcher Advantage,Below average,50.0,5,Pitch-level Statcast · last 5 MLB games,457,4-Seam Fastball,53.82932166301969,246.0,Sweeper,26.695842450765863,122.0,Sinker,15.317286652078774,70.0,Changeup,2.4070021881838075,11.0,Unknown,,Unknown,,No,100.0,1.0,1.0,50.0,0.974,0.973,57.6,Current-Season Handedness Matchup,Pull Air %,Barrel %,Max Exit Velocity,40.6,38.5,37.2,53.0,50.0,45.0,47.8,5.11,0.784,1.032,0.985,1.0,0.987,0.987,1.06,17.71,9.2,85.0,33.5,D,Lineup unconfirmed,Cutter,1.75054704595186,8.0,,,,,,
54,2026-08-21,825045,2026-08-22T01:40:00Z,Scheduled,Chase Field,Cincinnati Reds @ Arizona Diamondbacks,Away,553993,Eugenio Suárez,Cincinnati Reds,Arizona Diamondbacks,DH,R,No,,97,384,341,71,16,0,18,33,51,36,4,138,0.208,0.289,0.413,0.702,13,49,40,10,3,0.25,0.0612,25,98,82,17,5,0.207,0.051,417,105,6.2,24.7,56.3,20.5,21.6,15.3,26.8,55.5,31.8,6.4,4.0,6.4,71.8,83.9,19.3,0.618,69.4,94.5,111.0,17.9,12.8,5.5,49.4,37.0,Below Average,2.5,Pull Power,A,Excellent HR swing plane,37.0,Below Average,0.964,Good,6.7,59.3,94.9,0.686,Derived proxy,Derived proxy,Derived proxy,Derived proxy,,,24.23,6.23,Strong positive regression,Below Average Pull Power profile. 6.2% barrel rate; 83.9 mph average exit velocity; 26.8% air-ball rate; 55.5% pull-air rate; 6.4% HR-launch rate.,0.0469,0.0433,3.99,24,8,18.9,1.27,126.7,Near normal interval,593958.0,Eduardo Rodriguez,L,RHB vs LHP,25,25,149.1,2.71,1.21,14,0.84,6.39,2.83,838.0,5.3,22.2,15.9,38.4,30.9,81.6,93.8,112.0,0.545,14.0,54.1,99.9,0.674,7.8,4-Seam Fastball,R,RHB vs LHP,43.9,86,0.173,0.279,0.373,0.652,4,11,38,0.0465,7.0,0.709,431,0.0255,4.6,0.529,12,10,2,2/10,0.2,0.333,0.2,0.533,0,2,3,43.8,Neutral Matchup,Average,25.3,5,Pitch-level Statcast · last 5 MLB games,516,4-Seam Fastball,40.116279069767444,207.0,Changeup,23.643410852713178,122.0,Cutter,14.34108527131783,74.0,Curveball,12.4031007751938,64.0,Unknown,,Unknown,,No,100.0,1.0,1.0,50.0,1.008,0.978,54.4,Current-Season Handedness Matchup,Pull Air %,Barrel %,Max Exit Velocity,43.9,32.0,54.1,54.2,50.0,45.0,47.7,5.11,1.123,0.958,1.025,1.0,0.964,0.964,1.0,16.2,10.42,84.8,31.7,D,Lineup unconfirmed,Sinker,9.30232558139535,48.0,Pitch Out,0.1937984496124031,1.0,,,
55,2026-08-21,823420,2026-08-21T22:40:00Z,Scheduled,Citizens Bank Park,St. Louis Cardinals @ Philadelphia Phillies,Home,669016,Brandon Marsh,Philadelphia Phillies,St. Louis Cardinals,LF,L,No,,122,481,445,122,17,2,17,64,54,29,2,120,0.274,0.319,0.436,0.755,10,42,35,8,1,0.229,0.0238,24,96,85,17,1,0.2,0.0104,663,140,3.7,24.3,46.3,22.0,31.5,13.3,27.0,40.1,36.2,6.8,4.7,6.8,48.5,81.6,14.8,0.534,70.0,93.5,108.5,17.1,12.5,6.5,40.6,28.7,Weak,2.0,Contact-First Profile,A,Excellent HR swing plane,28.7,Weak,0.94,Good,2.1,36.8,93.2,0.456,Derived proxy,Derived proxy,Derived proxy,Derived proxy,,,24.96,7.96,Strong positive regression,Weak Contact-First Profile profile. 3.7% barrel rate; 81.6 mph average exit velocity; 27.0% air-ball rate; 40.1% pull-air rate; 6.8% HR-launch rate.,0.0353,0.0347,3.99,14,4,26.2,0.53,53.5,Recently homered,,TBD,,Unknown,0,0,0.0,0.0,0.0,0,0.0,0.0,0.0,,,,,,,,,,,,50.0,0.0,,,Unknown,L,Unknown,50.0,0,,,,,0,0,0,,,,0,,,,0,0,0,0/0,,,,,0,0,0,50.0,Neutral Matchup,Average,50.0,0,,0,,,,,,,,,,,,,Unknown,,Unknown,,No,108.0,1.08,1.0,64.4,1.0,1.0,45.0,Current-Season Handedness Matchup,Pull Air %,Barrel %,Max Exit Velocity,50.0,50.0,50.0,26.4,64.4,45.0,47.3,5.03,0.832,1.0,1.0,1.0,0.94,0.94,1.0,13.13,7.8,74.7,24.5,F,Probable SP unavailable; Lineup unconfirmed,,,,,,,,,
56,2026-08-21,823420,2026-08-21T22:40:00Z,Scheduled,Citizens Bank Park,St. Louis Cardinals @ Philadelphia Phillies,Home,607208,Trea Turner,Philadelphia Phillies,St. Louis Cardinals,SS,R,No,,123,547,505,125,22,1,17,84,49,35,4,118,0.248,0.3,0.396,0.696,9,42,36,8,1,0.222,0.0238,23,105,95,25,3,0.263,0.0286,706,130,3.4,25.3,35.3,33.4,31.3,13.2,25.8,38.5,30.4,4.8,3.1,4.8,74.5,82.8,16.5,0.48,70.2,94.7,109.2,18.7,10.7,5.3,60.9,26.4,Weak,2.0,Contact-First Profile,A,Excellent HR swing plane,26.4,Weak,0.934,Good,2.3,42.4,93.8,0.466,Derived proxy,Derived proxy,Derived proxy,Derived proxy,,,24.11,7.11,Strong positive regression,Weak Contact-First Profile profile. 3.4% barrel rate; 82.8 mph average exit velocity; 25.8% air-ball rate; 38.5% pull-air rate; 4.8% HR-launch rate.,0.0311,0.0312,3.99,31,8,29.7,1.04,104.4,Near normal interval,,TBD,,Unknown,0,0,0.0,0.0,0.0,0,0.0,0.0,0.0,,,,,,,,,,,,50.0,0.0,,,Unknown,R,Unknown,50.0,0,,,,,0,0,0,,,,0,,,,0,0,0,0/0,,,,,0,0,0,50.0,Neutral Matchup,Average,50.0,0,,0,,,,,,,,,,,,,Unknown,,Unknown,,No,108.0,1.08,1.0,64.4,1.0,1.0,43.5,Current-Season Handedness Matchup,Pull Air %,Barrel %,Max Exit Velocity,50.0,50.0,50.0,33.2,64.4,45.0,47.3,5.03,0.932,1.0,1.0,1.0,0.934,0.934,1.0,11.9,7.82,75.0,25.0,F,Probable SP unavailable; Lineup unconfirmed,,,,,,,,,
57,2026-08-21,823830,2026-08-21T23:10:00Z,Scheduled,loanDepot park,Washington Nationals @ Miami Marlins,Home,681715,Heriberto Hernández,Miami Marlins,Washington Nationals,LF,R,No,,96,351,315,72,13,1,18,35,51,33,2,99,0.229,0.305,0.448,0.753,10,44,38,9,2,0.237,0.0455,23,97,87,16,5,0.184,0.0515,380,108,8.9,29.6,48.1,32.4,19.5,13.5,25.0,52.2,28.9,10.6,5.2,10.6,53.0,85.1,13.4,0.651,72.1,97.1,113.3,43.5,14.3,9.8,61.5,48.8,Average,3.0,Pull Power,A,Excellent HR swing plane,48.8,Average,0.997,Good,9.3,57.9,96.2,0.595,Derived proxy,Derived proxy,Derived proxy,Derived proxy,,,30.36,12.36,Strong positive regression,Average Pull Power profile. 8.9% barrel rate; 85.1 mph average exit velocity; 25.0% air-ball rate; 52.2% pull-air rate; 10.6% HR-launch rate.,0.0513,0.0464,3.99,12,3,17.5,0.69,68.6,Recently homered,695418.0,Brad Lord,R,RHB vs RHP,30,3,62.1,4.04,1.25,7,1.01,8.23,3.61,414.0,3.6,22.7,8.7,34.8,28.0,81.9,94.0,115.9,0.515,7.0,60.2,99.6,0.713,8.9,4-Seam Fastball,R,RHB vs RHP,32.8,233,0.222,0.292,0.396,0.688,9,20,71,0.0386,8.7,0.636,140,0.0143,1.5,0.358,1,1,0,0/1,0.0,0.0,0.0,0.0,0,0,0,45.3,Neutral Matchup,Average,47.5,5,Pitch-level Statcast · last 5 MLB games,208,4-Seam Fastball,33.17307692307692,69.0,Sinker,27.403846153846153,57.0,Slider,25.0,52.0,Sweeper,11.538461538461538,24.0,Unknown,,Unknown,,No,94.0,0.94,1.0,39.2,1.02,0.961,56.5,Current-Season Handedness Matchup,Pull Air %,Barrel %,Max Exit Velocity,32.8,24.0,60.2,62.5,39.2,45.0,47.2,5.03,1.016,0.987,0.985,1.0,0.997,0.997,1.0,17.26,9.86,84.8,29.2,F,Lineup unconfirmed,Changeup,2.8846153846153846,6.0,,,,,,
58,2026-08-21,825045,2026-08-22T01:40:00Z,Scheduled,Chase Field,Cincinnati Reds @ Arizona Diamondbacks,Home,682998,Corbin Carroll,Arizona Diamondbacks,Cincinnati Reds,RF,L,No,,124,538,463,114,26,15,18,78,57,64,8,117,0.246,0.346,0.484,0.83,11,48,38,11,2,0.289,0.0417,26,119,98,22,3,0.224,0.0252,643,150,7.5,31.7,53.4,19.5,26.3,16.9,28.9,51.6,28.6,7.8,4.6,7.8,33.4,85.1,23.1,0.572,73.8,97.1,111.9,52.4,13.9,15.7,61.7,47.3,Below Average,3.0,Pull Power,A-,Elevated power plane,47.3,Below Average,0.992,Good,7.3,48.9,97.3,0.536,Derived proxy,Derived proxy,Derived proxy,Derived proxy,,,43.79,25.79,Strong positive regression,Below Average Pull Power profile. 7.5% barrel rate; 85.1 mph average exit velocity; 28.9% air-ball rate; 51.6% pull-air rate; 7.8% HR-launch rate.,0.0335,0.0332,4.09,19,6,25.7,0.74,73.9,Recently homered,666157.0,Nick Lodolo,L,LHB vs LHP,14,14,71.2,4.52,1.42,12,1.51,7.16,3.64,405.0,6.4,24.9,13.3,35.4,32.6,83.4,95.9,115.9,0.595,12.0,42.5,100.0,0.572,7.1,Sinker,L,LHB vs LHP,31.1,173,0.327,0.422,0.565,0.987,5,21,35,0.0289,5.6,0.534,79,0.0127,1.1,0.519,3,2,1,1/2,0.5,0.667,0.5,1.167,0,0,0,39.6,Slight Pitcher Advantage,Below average,53.8,5,Pitch-level Statcast · last 5 MLB games,414,4-Seam Fastball,28.502415458937197,118.0,Sinker,26.08695652173913,108.0,Changeup,23.67149758454106,98.0,Curveball,21.73913043478261,90.0,Unknown,,Unknown,,No,100.0,1.0,1.0,50.0,0.985,0.989,52.8,Current-Season Handedness Matchup,Pull Air %,Barrel %,Max Exit Velocity,31.1,38.6,42.5,57.6,50.0,45.0,47.2,5.03,1.013,1.066,0.985,1.0,0.992,0.992,1.0,12.9,8.72,85.0,28.6,F,Lineup unconfirmed,,,,,,,,,
59,2026-08-21,823510,2026-08-21T23:05:00Z,Scheduled,Yankee Stadium,Toronto Blue Jays @ New York Yankees,Home,642708,Amed Rosario,New York Yankees,Toronto Blue Jays,3B,R,No,,73,201,186,42,5,1,10,23,28,12,0,53,0.226,0.269,0.425,0.694,5,7,7,0,0,0.0,0.0,15,34,33,6,1,0.182,0.0294,270,56,4.9,21.3,36.4,37.8,25.8,11.3,25.2,34.6,32.4,4.0,2.8,4.0,60.8,81.8,21.1,0.59,72.1,94.2,110.8,33.2,9.0,6.1,44.1,28.5,Weak,2.0,Contact-First Profile,A-,Elevated power plane,28.5,Weak,0.94,Good,3.6,30.8,93.4,0.599,Derived proxy,Derived proxy,Derived proxy,Derived proxy,,,10.93,0.93,Near expected,Weak Contact-First Profile profile. 4.9% barrel rate; 81.8 mph average exit velocity; 25.2% air-ball rate; 34.6% pull-air rate; 4.0% HR-launch rate.,0.0498,0.0431,3.93,16,8,18.6,0.86,86.0,Near normal interval,,TBD,,Unknown,0,0,0.0,0.0,0.0,0,0.0,0.0,0.0,,,,,,,,,,,,50.0,0.0,,,Unknown,R,Unknown,50.0,0,,,,,0,0,0,,,,0,,,,0,0,0,0/0,,,,,0,0,0,50.0,Neutral Matchup,Average,50.0,0,,0,,,,,,,,,,,,,Unknown,,Unknown,,No,108.0,1.08,1.0,64.4,1.0,1.0,45.1,Current-Season Handedness Matchup,Pull Air %,Barrel %,Max Exit Velocity,50.0,50.0,50.0,24.4,64.4,45.0,47.1,5.01,0.943,1.0,1.0,1.0,0.94,0.94,1.0,15.9,9.62,59.1,24.8,F,Probable SP unavailable; Lineup unconfirmed,,,,,,,,,
60,2026-08-21,823101,2026-08-22T02:10:00Z,Scheduled,T-Mobile Park,Chicago Cubs @ Seattle Mariners,Home,686527,Dominic Canzone,Seattle Mariners,Chicago Cubs,DH,L,No,,113,386,344,90,21,1,19,45,55,36,4,81,0.262,0.337,0.494,0.831,11,50,45,15,1,0.333,0.02,25,110,99,27,4,0.273,0.0364,462,138,6.8,26.7,44.9,29.2,26.0,15.2,27.8,41.0,26.7,7.5,4.9,7.5,54.3,83.5,15.5,0.633,73.0,96.4,113.5,42.0,13.1,9.6,55.2,39.8,Below Average,2.5,Contact-First Profile,A,Excellent HR swing plane,39.8,Below Average,0.971,Good,5.1,36.1,94.5,0.617,Derived proxy,Derived proxy,Derived proxy,Derived proxy,,,27.35,8.35,Strong positive regression,Below Average Contact-First Profile profile. 6.8% barrel rate; 83.5 mph average exit velocity; 27.8% air-ball rate; 41.0% pull-air rate; 7.5% HR-launch rate.,0.0492,0.0451,4.09,29,7,18.1,1.6,160.2,Above normal drought,571510.0,Matthew Boyd,L,LHB vs LHP,15,15,85.0,4.02,1.24,13,1.38,7.2,2.75,483.0,6.2,22.8,13.0,46.8,30.8,81.6,94.1,112.5,0.567,13.0,58.5,100.0,0.7,8.7,4-Seam Fastball,L,LHB vs LHP,40.8,76,0.267,0.421,0.5,0.921,4,14,17,0.0526,5.9,0.673,91,0.011,3.7,0.504,0,0,0,0/0,,,,,0,0,0,48.8,Neutral Matchup,Average,50.0,5,Pitch-level Statcast · last 5 MLB games,473,4-Seam Fastball,45.03171247357294,213.0,Changeup,24.312896405919663,115.0,Curveball,17.12473572938689,81.0,Slider,13.10782241014799,62.0,Unknown,,Unknown,,No,92.0,0.92,1.0,35.6,1.017,0.987,50.3,Current-Season Handedness Matchup,Pull Air %,Barrel %,Max Exit Velocity,40.8,42.4,58.5,34.9,35.6,45.0,47.1,5.0,0.842,1.045,0.985,1.0,0.971,0.971,1.035,17.21,9.07,85.0,33.0,D,Lineup unconfirmed,Sinker,0.42283298097251587,2.0,,,,,,
61,2026-08-21,824317,2026-08-22T00:40:00Z,Scheduled,Coors Field,Cleveland Guardians @ Colorado Rockies,Away,800050,Chase DeLauter,Cleveland Guardians,Colorado Rockies,RF,L,No,,107,453,403,115,22,1,13,49,57,47,0,64,0.285,0.358,0.442,0.8,8,34,32,11,1,0.344,0.0294,21,94,79,22,2,0.278,0.0213,600,121,3.6,28.3,48.1,25.6,26.1,9.4,25.0,42.0,29.1,6.0,3.5,6.0,54.2,83.5,14.4,0.513,68.8,96.2,113.3,14.3,13.0,5.7,43.9,29.6,Weak,2.0,Contact-First Profile,A,Excellent HR swing plane,29.6,Weak,0.943,Good,3.3,46.2,95.8,0.514,Derived proxy,Derived proxy,Derived proxy,Derived proxy,,,23.06,10.06,Strong positive regression,Weak Contact-First Profile profile. 3.6% barrel rate; 83.5 mph average exit velocity; 25.0% air-ball rate; 42.0% pull-air rate; 6.0% HR-launch rate.,0.0287,0.0294,4.15,19,5,31.0,0.61,61.3,Recently homered,685299.0,Tanner Gordon,R,LHB vs RHP,17,5,71.1,5.55,1.44,15,1.89,7.82,1.64,425.0,6.4,28.0,19.5,40.8,34.6,84.4,96.1,113.3,0.617,15.0,36.6,99.3,0.549,5.3,4-Seam Fastball,L,LHB vs RHP,44.5,311,0.256,0.341,0.425,0.766,11,36,39,0.0354,4.1,0.535,172,0.064,6.0,0.642,0,0,0,0/0,,,,,0,0,0,42.8,Slight Pitcher Advantage,Below average,50.0,5,Pitch-level Statcast · last 5 MLB games,270,4-Seam Fastball,55.18518518518518,149.0,Changeup,21.11111111111111,57.0,Slider,17.40740740740741,47.0,Curveball,6.296296296296297,17.0,Unknown,,Unknown,,No,118.0,1.18,1.0,82.4,0.973,0.989,47.8,Current-Season Handedness Matchup,Pull Air %,Barrel %,Max Exit Velocity,44.5,42.9,36.6,42.9,82.4,45.0,46.9,4.98,0.95,1.126,1.025,1.0,0.943,0.943,1.0,11.64,8.84,84.5,28.2,F,Lineup unconfirmed,,,,,,,,,
62,2026-08-21,823101,2026-08-22T02:10:00Z,Scheduled,T-Mobile Park,Chicago Cubs @ Seattle Mariners,Home,677594,Julio Rodríguez,Seattle Mariners,Chicago Cubs,CF,R,No,,117,508,459,116,18,0,19,58,53,40,5,107,0.253,0.317,0.416,0.733,11,50,44,8,1,0.182,0.02,25,111,98,23,4,0.235,0.036,670,141,5.6,26.0,41.6,28.5,29.7,15.7,28.2,38.4,31.7,6.7,2.8,6.7,50.9,83.7,18.9,0.597,75.4,96.3,113.7,64.3,11.1,14.5,49.4,38.6,Below Average,2.5,Contact-First Profile,A,Excellent HR swing plane,38.6,Below Average,0.968,Good,5.7,35.7,95.3,0.576,Derived proxy,Derived proxy,Derived proxy,Derived proxy,,,33.65,14.65,Strong positive regression,Below Average Contact-First Profile profile. 5.6% barrel rate; 83.7 mph average exit velocity; 28.2% air-ball rate; 38.4% pull-air rate; 6.7% HR-launch rate.,0.0374,0.0364,3.99,31,7,24.2,1.28,128.3,Near normal interval,571510.0,Matthew Boyd,L,RHB vs LHP,15,15,85.0,4.02,1.24,13,1.38,7.2,2.75,483.0,6.2,22.8,13.0,46.8,30.8,81.6,94.1,112.5,0.567,13.0,52.0,100.0,0.69,6.0,4-Seam Fastball,R,RHB vs LHP,55.0,144,0.227,0.312,0.438,0.75,8,15,30,0.0556,6.6,0.748,263,0.0456,6.9,0.587,4,4,1,1/4,0.25,0.25,0.25,0.5,0,0,0,51.2,Neutral Matchup,Average,41.1,5,Pitch-level Statcast · last 5 MLB games,473,4-Seam Fastball,45.03171247357294,213.0,Changeup,24.312896405919663,115.0,Curveball,17.12473572938689,81.0,Slider,13.10782241014799,62.0,Unknown,,Unknown,,No,92.0,0.92,1.0,35.6,1.004,0.987,52.2,Current-Season Handedness Matchup,Pull Air %,Barrel %,Max Exit Velocity,55.0,42.4,52.0,37.5,35.6,45.0,46.9,4.98,0.899,1.045,1.025,1.0,0.968,0.968,1.0,13.74,8.04,85.0,28.4,F,Lineup unconfirmed,Sinker,0.42283298097251587,2.0,,,,,,
63,2026-08-21,823262,2026-08-22T01:40:00Z,Scheduled,Petco Park,Minnesota Twins @ San Diego Padres,Away,686797,Brooks Lee,Minnesota Twins,San Diego Padres,3B,S,No,,122,489,451,110,19,3,18,54,67,33,3,80,0.244,0.299,0.419,0.718,11,45,43,12,2,0.279,0.0444,24,95,89,18,3,0.202,0.0316,716,154,1.7,21.5,52.2,26.0,21.8,14.5,24.9,57.9,23.8,4.4,2.9,4.4,178.1,82.6,15.8,0.382,67.8,93.4,107.7,6.9,7.6,1.8,54.0,23.5,Weak,2.0,Pull Power,A,Excellent HR swing plane,23.5,Weak,0.926,Good,0.6,69.7,92.9,0.351,Derived proxy,Derived proxy,Derived proxy,Derived proxy,,,19.93,1.93,Near expected,Weak Pull Power profile. 1.7% barrel rate; 82.6 mph average exit velocity; 24.9% air-ball rate; 57.9% pull-air rate; 4.4% HR-launch rate.,0.0368,0.0359,4.05,10,3,25.1,0.4,39.9,Recently homered,,TBD,,Unknown,0,0,0.0,0.0,0.0,0,0.0,0.0,0.0,,,,,,,,,,,,50.0,0.0,,,Unknown,S,Unknown,50.0,0,,,,,0,0,0,,,,0,,,,0,0,0,0/0,,,,,0,0,0,50.0,Neutral Matchup,Average,50.0,0,,0,,,,,,,,,,,,,Unknown,,Unknown,,No,94.0,0.94,1.0,39.2,1.0,1.0,45.7,Current-Season Handedness Matchup,Pull Air %,Barrel %,Max Exit Velocity,50.0,50.0,50.0,39.8,39.2,45.0,46.6,4.93,1.031,1.0,1.0,1.0,0.926,0.926,1.0,13.75,8.3,74.6,24.7,F,Probable SP unavailable; Lineup unconfirmed,,,,,,,,,
64,2026-08-21,824152,2026-08-22T00:10:00Z,Scheduled,Daikin Park,Athletics @ Houston Astros,Home,701358,Cam Smith,Houston Astros,Athletics,RF,R,No,,125,456,408,90,15,3,17,54,48,35,6,112,0.221,0.288,0.397,0.685,10,33,30,6,2,0.2,0.0606,23,81,74,20,5,0.27,0.0617,590,108,7.5,30.5,41.0,27.8,30.5,14.5,24.3,47.0,27.5,7.0,3.4,7.0,45.8,83.8,19.2,0.599,76.0,97.8,114.5,72.1,11.1,17.7,49.1,46.0,Below Average,3.0,Pull Power,A,Excellent HR swing plane,46.0,Below Average,0.989,Good,8.3,59.3,99.1,0.581,Derived proxy,Derived proxy,Derived proxy,Derived proxy,,,38.17,21.17,Strong positive regression,Below Average Pull Power profile. 7.5% barrel rate; 83.8 mph average exit velocity; 24.3% air-ball rate; 47.0% pull-air rate; 7.0% HR-launch rate.,0.0373,0.0362,3.93,5,2,24.0,0.21,20.8,Very recent HR,669372.0,J.T. Ginn,R,RHB vs RHP,25,22,127.1,3.53,1.22,14,0.99,8.06,3.75,617.0,3.6,23.5,13.9,41.3,25.3,81.6,94.7,112.1,0.479,14.0,50.7,99.8,0.64,7.8,Sinker,R,RHB vs RHP,33.7,336,0.224,0.287,0.386,0.673,11,24,85,0.0327,7.1,0.631,213,0.0235,3.1,0.439,6,5,1,1/5,0.2,0.333,0.2,0.533,0,0,0,40.4,Slight Pitcher Advantage,Below average,37.7,5,Pitch-level Statcast · last 5 MLB games,448,Sinker,37.94642857142857,170.0,Changeup,24.553571428571427,110.0,Slider,15.625,70.0,4-Seam Fastball,11.830357142857142,53.0,Unknown,,Unknown,,No,100.0,1.0,1.0,50.0,1.001,0.961,53.3,Current-Season Handedness Matchup,Pull Air %,Barrel %,Max Exit Velocity,33.7,27.9,50.7,66.2,50.0,45.0,46.6,4.93,1.276,0.982,0.985,1.0,0.989,0.989,0.98,13.48,9.64,83.5,27.6,F,Lineup unconfirmed,Cutter,10.044642857142858,45.0,,,,,,
65,2026-08-21,824317,2026-08-22T00:40:00Z,Scheduled,Coors Field,Cleveland Guardians @ Colorado Rockies,Away,608070,José Ramírez,Cleveland Guardians,Colorado Rockies,3B,S,No,,95,410,348,83,20,0,10,57,39,54,2,51,0.239,0.34,0.382,0.722,10,41,32,9,0,0.281,0.0,22,91,75,17,0,0.227,0.0,608,136,3.3,28.6,58.5,22.0,19.6,13.8,28.4,59.1,31.7,5.9,3.2,5.9,25.0,84.3,19.8,0.463,68.8,96.1,110.2,11.7,12.9,4.7,61.0,31.9,Weak,2.5,Pull Power,A,Excellent HR swing plane,31.9,Weak,0.949,Good,1.5,64.1,95.5,0.393,Derived proxy,Derived proxy,Derived proxy,Derived proxy,,,24.73,14.73,Strong positive regression,Weak Pull Power profile. 3.3% barrel rate; 84.3 mph average exit velocity; 28.4% air-ball rate; 59.1% pull-air rate; 5.9% HR-launch rate.,0.0244,0.0261,4.05,104,29,34.8,2.99,298.9,Very long drought,685299.0,Tanner Gordon,R,Switch vs RHP,17,5,71.1,5.55,1.44,15,1.89,7.82,1.64,425.0,6.4,28.0,19.5,40.8,34.6,84.4,96.1,113.3,0.617,15.0,32.1,99.3,0.524,4.3,4-Seam Fastball,L,LHB vs RHP,37.1,287,0.209,0.311,0.32,0.631,5,38,42,0.0174,3.7,0.467,172,0.064,6.0,0.642,2,2,1,1/2,0.5,0.5,0.5,1.0,0,0,0,38.1,Slight Pitcher Advantage,Below average,50.9,5,Pitch-level Statcast · last 5 MLB games,270,4-Seam Fastball,55.18518518518518,149.0,Changeup,21.11111111111111,57.0,Slider,17.40740740740741,47.0,Curveball,6.296296296296297,17.0,Unknown,,Unknown,,No,118.0,1.18,1.0,82.4,0.964,0.989,48.4,Current-Season Handedness Matchup,Pull Air %,Barrel %,Max Exit Velocity,37.1,42.9,32.1,45.0,82.4,45.0,46.5,4.92,0.758,1.126,1.035,1.0,0.949,0.949,1.06,10.16,7.28,84.3,32.5,D,Lineup unconfirmed,,,,,,,,,
66,2026-08-21,822857,2026-08-22T00:15:00Z,Scheduled,Globe Life Field,Los Angeles Angels @ Texas Rangers,Home,672284,Jarred Kelenic,Texas Rangers,Los Angeles Angels,RF,L,No,,34,81,72,16,2,0,1,5,6,9,0,30,0.222,0.309,0.292,0.601,8,12,11,3,0,0.273,0.0,8,12,11,3,0,0.273,0.0,78,9,9.1,28.8,31.0,37.6,31.5,15.9,26.2,17.4,29.8,8.0,5.7,8.0,12.5,84.7,12.8,0.716,71.2,97.4,109.6,25.3,11.4,4.4,52.8,33.0,Weak,2.5,Contact-First Profile,A,Excellent HR swing plane,33.0,Weak,0.952,Good,0.0,,96.6,0.449,Derived proxy,Derived proxy,Derived proxy,Derived proxy,,,5.43,4.43,Strong positive regression,Weak Contact-First Profile profile. 9.1% barrel rate; 84.7 mph average exit velocity; 26.2% air-ball rate; 17.4% pull-air rate; 8.0% HR-launch rate.,0.0123,0.0241,3.87,36,21,72.0,0.5,50.0,Recently homered,672282.0,Reid Detmers,L,LHB vs LHP,25,25,143.0,3.78,1.06,17,1.07,10.51,2.71,742.0,4.6,22.2,15.2,38.7,28.8,83.3,94.8,112.6,0.535,17.0,90.2,88.8,0.905,17.1,4-Seam Fastball,L,LHB vs LHP,39.9,10,0.333,0.4,0.333,0.733,0,1,3,0.0,0.0,0.333,150,0.0267,4.9,0.513,1,1,1,1/1,1.0,1.0,1.0,2.0,0,0,0,59.8,Slight Hitter Advantage,Above average,51.2,5,Pitch-level Statcast · last 5 MLB games,430,4-Seam Fastball,50.0,215.0,Slider,29.53488372093023,127.0,Curveball,13.255813953488373,57.0,Changeup,7.209302325581396,31.0,Unknown,,Unknown,,No,104.0,1.04,1.0,57.2,1.08,0.971,39.2,Current-Season Handedness Matchup,Pull Air %,Barrel %,Max Exit Velocity,39.9,30.4,90.2,32.2,57.2,45.0,46.5,4.92,0.889,0.995,0.985,0.94,0.952,0.895,1.0,9.0,6.17,58.7,18.1,F,Lineup unconfirmed,,,,,,,,,
67,2026-08-21,825045,2026-08-22T01:40:00Z,Scheduled,Chase Field,Cincinnati Reds @ Arizona Diamondbacks,Away,668709,JJ Bleday,Cincinnati Reds,Arizona Diamondbacks,LF,L,No,,100,415,351,77,13,1,20,47,48,59,2,90,0.219,0.333,0.433,0.766,13,50,44,7,0,0.159,0.0,27,107,89,15,3,0.169,0.028,507,125,5.5,26.1,55.6,22.8,21.1,18.7,30.4,61.6,30.7,6.7,4.5,6.7,61.6,83.7,25.4,0.543,71.7,95.9,113.1,32.3,12.9,9.6,52.6,40.0,Below Average,2.5,Pull Power,A-,Elevated power plane,40.0,Below Average,0.972,Good,4.0,67.6,95.9,0.476,Derived proxy,Derived proxy,Derived proxy,Derived proxy,,,27.95,7.95,Strong positive regression,Below Average Pull Power profile. 5.5% barrel rate; 83.7 mph average exit velocity; 30.4% air-ball rate; 61.6% pull-air rate; 6.7% HR-launch rate.,0.0482,0.0446,4.05,47,14,17.6,2.68,267.8,Very long drought,593958.0,Eduardo Rodriguez,L,LHB vs LHP,25,25,149.1,2.71,1.21,14,0.84,6.39,2.83,838.0,5.3,22.2,15.9,38.4,30.9,81.6,93.8,112.0,0.545,14.0,52.1,99.9,0.646,8.3,4-Seam Fastball,L,LHB vs LHP,36.8,100,0.195,0.29,0.391,0.681,5,12,24,0.05,4.8,0.477,183,0.0164,6.8,0.582,2,2,0,0/2,0.0,0.0,0.0,0.0,0,0,1,43.8,Neutral Matchup,Average,45.0,5,Pitch-level Statcast · last 5 MLB games,516,4-Seam Fastball,40.116279069767444,207.0,Changeup,23.643410852713178,122.0,Cutter,14.34108527131783,74.0,Curveball,12.4031007751938,64.0,Unknown,,Unknown,,No,100.0,1.0,1.0,50.0,1.004,0.978,52.9,Current-Season Handedness Matchup,Pull Air %,Barrel %,Max Exit Velocity,36.8,32.0,52.1,50.2,50.0,45.0,46.5,4.92,0.79,0.958,0.985,1.0,0.972,0.972,1.06,16.86,8.53,85.0,35.3,D,Lineup unconfirmed,Sinker,9.30232558139535,48.0,Pitch Out,0.1937984496124031,1.0,,,
68,2026-08-21,823746,2026-08-21T20:10:00Z,Scheduled,American Family Field,Atlanta Braves @ Milwaukee Brewers,Home,641343,Jake Bauers,Milwaukee Brewers,Atlanta Braves,1B,L,No,,115,461,388,107,19,2,22,75,72,68,3,117,0.276,0.386,0.505,0.891,12,53,41,14,2,0.341,0.0377,22,94,75,27,4,0.36,0.0426,515,103,9.1,33.7,50.4,16.1,32.1,16.7,31.2,43.2,34.8,9.2,4.5,9.2,45.8,85.9,17.5,0.705,74.6,98.5,113.0,63.6,16.6,19.2,48.7,52.5,Average,3.0,Pull Power,A,Excellent HR swing plane,52.5,Average,1.007,Good,9.7,45.7,98.5,0.735,Derived proxy,Derived proxy,Derived proxy,Derived proxy,,,40.47,18.47,Strong positive regression,Average Pull Power profile. 9.1% barrel rate; 85.9 mph average exit velocity; 31.2% air-ball rate; 43.2% pull-air rate; 9.2% HR-launch rate.,0.0477,0.0445,4.17,7,2,17.6,0.4,39.7,Recently homered,519242.0,Chris Sale,L,LHB vs LHP,22,22,129.0,2.16,1.02,8,0.56,11.16,1.95,675.0,3.3,19.6,11.1,35.7,32.0,81.7,93.2,113.2,0.497,8.0,55.9,100.0,0.683,8.3,4-Seam Fastball,L,LHB vs LHP,36.2,117,0.29,0.385,0.54,0.925,5,16,25,0.0427,9.5,0.592,127,0.0079,3.9,0.476,0,0,0,0/0,,,,,0,0,0,45.9,Neutral Matchup,Average,50.0,5,Pitch-level Statcast · last 5 MLB games,492,4-Seam Fastball,44.91869918699187,221.0,Slider,39.43089430894309,194.0,Changeup,9.34959349593496,46.0,Sinker,6.300813008130081,31.0,Unknown,,Unknown,,No,100.0,1.0,1.0,50.0,1.012,0.958,55.0,Current-Season Handedness Matchup,Pull Air %,Barrel %,Max Exit Velocity,36.2,23.0,55.9,62.3,50.0,45.0,46.5,4.92,0.959,0.914,0.985,1.0,1.007,1.007,1.0,17.28,9.33,84.5,30.4,D,Lineup unconfirmed,,,,,,,,,
69,2026-08-21,823420,2026-08-21T22:40:00Z,Scheduled,Citizens Bank Park,St. Louis Cardinals @ Philadelphia Phillies,Home,656537,Derek Hill,Philadelphia Phillies,St. Louis Cardinals,CF,R,No,,93,181,165,39,3,0,9,27,24,12,1,63,0.236,0.292,0.418,0.71,8,15,14,3,0,0.214,0.0,16,24,23,4,1,0.174,0.0417,205,23,5.1,23.0,37.6,28.8,32.9,18.8,30.6,37.3,32.9,7.0,4.4,7.0,87.0,80.7,16.8,0.551,67.6,93.4,108.3,18.3,8.9,3.8,45.8,27.8,Weak,2.0,Contact-First Profile,A,Excellent HR swing plane,27.8,Weak,0.938,Good,4.3,20.0,95.4,0.396,Derived proxy,Derived proxy,Derived proxy,Derived proxy,,,9.24,0.24,Near expected,Weak Contact-First Profile profile. 5.1% barrel rate; 80.7 mph average exit velocity; 30.6% air-ball rate; 37.3% pull-air rate; 7.0% HR-launch rate.,0.0497,0.0427,3.99,16,11,18.3,0.87,87.3,Near normal interval,,TBD,,Unknown,0,0,0.0,0.0,0.0,0,0.0,0.0,0.0,,,,,,,,,,,,50.0,0.0,,,Unknown,R,Unknown,50.0,0,,,,,0,0,0,,,,0,,,,0,0,0,0/0,,,,,0,0,0,50.0,Neutral Matchup,Average,50.0,0,,0,,,,,,,,,,,,,Unknown,,Unknown,,No,108.0,1.08,1.0,64.4,1.0,1.0,44.2,Current-Season Handedness Matchup,Pull Air %,Barrel %,Max Exit Velocity,50.0,50.0,50.0,20.0,64.4,45.0,46.5,4.91,0.861,1.0,1.0,1.0,0.938,0.938,1.0,15.97,9.02,56.8,23.8,F,Probable SP unavailable; Lineup unconfirmed,,,,,,,,,
70,2026-08-21,824317,2026-08-22T00:40:00Z,Scheduled,Coors Field,Cleveland Guardians @ Colorado Rockies,Away,663993,Nathaniel Lowe,Cleveland Guardians,Colorado Rockies,1B,L,No,,95,321,289,76,20,0,14,29,46,30,0,79,0.263,0.33,0.478,0.808,9,32,29,6,1,0.207,0.0312,21,82,76,24,2,0.316,0.0244,437,118,4.0,24.7,46.2,23.3,29.0,12.0,28.1,39.2,33.4,5.1,3.0,5.1,66.7,83.0,21.2,0.591,72.9,94.7,112.4,45.0,11.3,13.8,55.5,35.7,Below Average,2.5,Contact-First Profile,A-,Elevated power plane,35.7,Below Average,0.96,Good,2.5,37.8,95.7,0.527,Derived proxy,Derived proxy,Derived proxy,Derived proxy,,,16.83,2.83,Positive regression,Below Average Contact-First Profile profile. 4.0% barrel rate; 83.0 mph average exit velocity; 28.1% air-ball rate; 39.2% pull-air rate; 5.1% HR-launch rate.,0.0436,0.0405,4.15,14,4,20.6,0.68,67.8,Recently homered,685299.0,Tanner Gordon,R,LHB vs RHP,17,5,71.1,5.55,1.44,15,1.89,7.82,1.64,425.0,6.4,28.0,19.5,40.8,34.6,84.4,96.1,113.3,0.617,15.0,35.0,99.3,0.552,4.4,4-Seam Fastball,L,LHB vs RHP,53.0,288,0.287,0.358,0.527,0.885,14,29,69,0.0486,5.2,0.654,172,0.064,6.0,0.642,4,4,2,2/4,0.5,0.5,0.5,1.0,0,0,0,46.5,Neutral Matchup,Average,51.8,5,Pitch-level Statcast · last 5 MLB games,270,4-Seam Fastball,55.18518518518518,149.0,Changeup,21.11111111111111,57.0,Slider,17.40740740740741,47.0,Curveball,6.296296296296297,17.0,Unknown,,Unknown,,No,118.0,1.18,1.0,82.4,0.97,0.989,49.1,Current-Season Handedness Matchup,Pull Air %,Barrel %,Max Exit Velocity,53.0,42.9,35.0,33.3,82.4,45.0,46.4,4.9,0.878,1.126,1.025,1.0,0.96,0.96,1.0,15.75,10.45,81.5,30.5,D,Lineup unconfirmed,,,,,,,,,
71,2026-08-21,823911,2026-08-22T02:10:00Z,Scheduled,UNIQLO Field at Dodger Stadium,Pittsburgh Pirates @ Los Angeles Dodgers,Away,680779,Henry Davis,Pittsburgh Pirates,Los Angeles Dodgers,C,R,No,,82,256,223,38,5,0,8,28,32,23,7,55,0.17,0.267,0.3,0.567,8,27,23,4,0,0.174,0.0,16,54,46,9,0,0.196,0.0,327,74,7.6,31.0,46.5,34.1,19.4,12.1,23.3,50.7,28.3,8.3,3.3,8.3,21.7,84.9,25.1,0.42,71.1,97.7,112.0,38.9,15.2,13.3,57.8,43.0,Below Average,2.5,Pull Power,A-,Elevated power plane,43.0,Below Average,0.98,Good,8.1,41.2,98.0,0.38,Derived proxy,Derived proxy,Derived proxy,Derived proxy,,,22.49,14.49,Strong positive regression,Below Average Pull Power profile. 7.6% barrel rate; 84.9 mph average exit velocity; 23.3% air-ball rate; 50.7% pull-air rate; 8.3% HR-launch rate.,0.0312,0.0315,3.87,60,20,27.9,2.15,215.2,Very long drought,808967.0,Yoshinobu Yamamoto,R,RHB vs RHP,22,22,145.1,2.6,0.89,15,0.93,8.42,2.11,711.0,3.8,23.3,12.9,44.9,28.3,81.9,94.4,114.2,0.467,15.0,56.7,99.7,0.671,9.3,4-Seam Fastball,R,RHB vs RHP,30.8,182,0.183,0.309,0.327,0.636,6,21,37,0.033,7.0,0.464,267,0.03,3.9,0.462,2,2,0,0/2,0.0,0.0,0.0,0.0,0,0,0,42.7,Slight Pitcher Advantage,Below average,45.0,5,Pitch-level Statcast · last 5 MLB games,502,4-Seam Fastball,26.49402390438247,133.0,Split-Finger,25.298804780876495,127.0,Cutter,21.314741035856574,107.0,Sinker,12.151394422310757,61.0,Unknown,,Unknown,,No,100.0,1.0,1.0,50.0,1.013,0.963,50.9,Current-Season Handedness Matchup,Pull Air %,Barrel %,Max Exit Velocity,30.8,29.6,56.7,53.5,50.0,45.0,46.1,4.87,0.758,0.973,0.985,0.94,0.98,0.922,1.06,11.65,6.36,74.6,27.0,F,Lineup unconfirmed,Curveball,10.159362549800797,51.0,Slider,4.581673306772909,23.0,,,
72,2026-08-21,822857,2026-08-22T00:15:00Z,Scheduled,Globe Life Field,Los Angeles Angels @ Texas Rangers,Away,687263,Zach Neto,Los Angeles Angels,Texas Rangers,SS,R,No,,124,554,493,114,25,3,21,78,61,52,8,172,0.231,0.314,0.422,0.736,11,48,45,12,1,0.267,0.0208,24,106,98,20,2,0.204,0.0189,683,122,5.8,25.6,46.7,26.4,26.7,17.0,26.3,51.5,29.5,6.6,3.5,6.6,36.1,82.8,18.1,0.542,68.6,94.9,109.5,12.8,10.7,3.5,39.3,32.1,Weak,2.5,Pull Power,A,Excellent HR swing plane,32.1,Weak,0.95,Good,4.9,53.1,95.1,0.45,Derived proxy,Derived proxy,Derived proxy,Derived proxy,,,36.62,15.62,Strong positive regression,Weak Pull Power profile. 5.8% barrel rate; 82.8 mph average exit velocity; 26.3% air-ball rate; 51.5% pull-air rate; 6.6% HR-launch rate.,0.0379,0.0369,4.05,0,0,23.5,0.0,0.0,Very recent HR,669022.0,MacKenzie Gore,L,RHB vs LHP,26,26,139.2,4.45,1.26,18,1.16,9.92,3.29,807.0,5.2,23.3,12.5,42.1,28.9,81.7,94.2,115.7,0.53,18.0,47.5,100.0,0.633,6.6,4-Seam Fastball,R,RHB vs LHP,37.6,146,0.248,0.336,0.426,0.762,5,17,40,0.0342,5.3,0.583,445,0.036,5.1,0.534,3,1,0,0/1,0.0,0.667,0.0,0.667,0,2,0,42.7,Slight Pitcher Advantage,Below average,46.0,5,Pitch-level Statcast · last 5 MLB games,492,4-Seam Fastball,51.6260162601626,254.0,Changeup,17.073170731707318,84.0,Slider,12.195121951219512,60.0,Curveball,10.16260162601626,50.0,Unknown,,Unknown,,No,104.0,1.04,1.0,57.2,0.995,0.977,49.9,Current-Season Handedness Matchup,Pull Air %,Barrel %,Max Exit Velocity,37.6,34.3,47.5,50.7,57.2,45.0,45.8,4.83,0.817,1.01,1.025,1.0,0.95,0.95,0.98,14.11,7.76,85.0,25.6,F,Lineup unconfirmed,Sinker,7.723577235772358,38.0,Cutter,1.2195121951219512,6.0,,,
73,2026-08-21,824721,2026-08-21T23:10:00Z,Scheduled,Fenway Park,San Francisco Giants @ Boston Red Sox,Home,663330,Jahmai Jones,Boston Red Sox,San Francisco Giants,DH,R,No,,72,131,118,24,6,0,4,15,13,12,1,42,0.203,0.282,0.356,0.638,4,9,8,5,0,0.625,0.0,11,19,17,9,1,0.529,0.0526,142,19,5.0,31.3,58.9,21.0,19.0,13.2,30.2,71.4,33.4,5.5,4.5,5.5,67.3,85.1,17.5,0.644,71.5,97.0,110.4,29.9,15.4,8.1,53.8,41.5,Below Average,2.5,Pull Power,A,Excellent HR swing plane,41.5,Below Average,0.976,Good,5.3,100.0,97.8,0.702,Derived proxy,Derived proxy,Derived proxy,Derived proxy,,,7.75,3.75,Positive regression,Below Average Pull Power profile. 5.0% barrel rate; 85.1 mph average exit velocity; 30.2% air-ball rate; 71.4% pull-air rate; 5.5% HR-launch rate.,0.0305,0.0312,3.81,10,7,29.5,0.34,33.9,Very recent HR,657277.0,Logan Webb,R,RHB vs RHP,22,22,139.0,3.5,1.06,9,0.58,7.12,2.07,719.0,3.1,23.9,11.5,39.5,27.4,81.8,94.4,114.4,0.464,9.0,56.6,100.0,0.75,5.3,Sinker,R,RHB vs RHP,31.2,22,0.136,0.136,0.136,0.273,0,0,9,0.0,0.0,0.457,216,0.0139,2.6,0.452,0,0,0,0/0,,,,,0,0,0,43.9,Neutral Matchup,Average,50.0,5,Pitch-level Statcast · last 5 MLB games,471,Changeup,25.05307855626327,118.0,Sinker,23.35456475583864,110.0,Sweeper,18.683651804670912,88.0,Cutter,17.409766454352443,82.0,Unknown,,Unknown,,No,102.0,1.02,1.0,53.6,1.013,0.956,51.2,Current-Season Handedness Matchup,Pull Air %,Barrel %,Max Exit Velocity,31.2,25.9,56.6,56.8,53.6,45.0,45.8,4.82,1.0,0.917,0.985,0.975,0.976,0.952,0.98,11.39,6.95,62.9,19.9,F,Lineup unconfirmed,4-Seam Fastball,15.498938428874734,73.0,,,,,,
74,2026-08-21,823420,2026-08-21T22:40:00Z,Scheduled,Citizens Bank Park,St. Louis Cardinals @ Philadelphia Phillies,Away,677592,Everson Pereira,St. Louis Cardinals,Philadelphia Phillies,RF,R,No,,37,106,95,22,5,0,5,10,12,6,4,36,0.232,0.302,0.442,0.744,10,18,15,4,1,0.267,0.0556,16,29,26,6,2,0.231,0.069,116,28,8.2,25.0,40.0,18.9,41.1,13.4,21.5,42.9,27.4,8.8,6.4,8.8,64.0,82.1,12.2,0.7,71.6,94.4,107.9,42.0,12.8,7.5,62.4,40.4,Below Average,2.5,Pull Power,A,Excellent HR swing plane,40.4,Below Average,0.973,Good,10.7,33.3,94.4,0.794,Derived proxy,Derived proxy,Derived proxy,Derived proxy,,,7.84,2.84,Positive regression,Below Average Pull Power profile. 8.2% barrel rate; 82.1 mph average exit velocity; 21.5% air-ball rate; 42.9% pull-air rate; 8.8% HR-launch rate.,0.0472,0.0391,4.05,10,7,19.0,0.53,52.6,Recently homered,666200.0,Jesús Luzardo,L,RHB vs LHP,25,25,150.1,3.23,1.15,12,0.72,11.08,2.75,698.0,3.6,20.5,11.5,37.3,28.4,81.7,93.4,110.9,0.454,12.0,66.2,100.0,0.766,9.3,Sweeper,R,RHB vs LHP,40.5,40,0.265,0.375,0.471,0.846,2,4,15,0.05,5.0,0.645,469,0.0235,4.3,0.504,0,0,0,0/0,,,,,0,0,0,51.4,Neutral Matchup,Average,50.0,5,Pitch-level Statcast · last 5 MLB games,512,Sweeper,41.015625,210.0,4-Seam Fastball,25.9765625,133.0,Sinker,18.75,96.0,Changeup,14.2578125,73.0,Unknown,,Unknown,,No,108.0,1.08,1.0,64.4,1.032,0.961,48.6,Current-Season Handedness Matchup,Pull Air %,Barrel %,Max Exit Velocity,40.5,22.9,66.2,44.6,64.4,45.0,45.5,4.79,1.23,0.939,1.025,1.0,0.973,0.973,1.0,14.92,10.8,61.9,27.4,F,Lineup unconfirmed,,,,,,,,,
75,2026-08-21,824317,2026-08-22T00:40:00Z,Scheduled,Coors Field,Cleveland Guardians @ Colorado Rockies,Home,650489,Willi Castro,Colorado Rockies,Cleveland Guardians,2B,S,No,,109,430,386,102,18,1,14,60,52,37,5,116,0.264,0.335,0.425,0.76,11,43,37,9,1,0.243,0.0233,21,85,74,21,5,0.284,0.0588,599,111,5.5,25.4,48.8,25.7,25.2,14.0,24.2,48.9,28.9,6.2,4.2,6.2,55.6,81.0,22.5,0.615,70.8,94.2,111.6,24.9,10.3,5.9,41.9,34.6,Weak,2.5,Pull Power,A-,Elevated power plane,34.6,Weak,0.957,Good,7.2,48.0,95.0,0.707,Derived proxy,Derived proxy,Derived proxy,Derived proxy,,,29.34,15.34,Strong positive regression,Weak Pull Power profile. 5.5% barrel rate; 81.0 mph average exit velocity; 24.2% air-ball rate; 48.9% pull-air rate; 6.2% HR-launch rate.,0.0326,0.0324,3.99,1,1,27.6,0.04,3.6,Very recent HR,676282.0,Joey Cantillo,L,Switch vs LHP,26,26,125.2,3.8,1.44,15,1.07,9.95,4.23,624.0,4.8,25.0,15.2,43.6,25.6,81.8,94.9,113.4,0.52,15.0,40.8,99.9,0.594,5.2,4-Seam Fastball,R,RHB vs LHP,24.4,150,0.27,0.313,0.404,0.718,4,7,40,0.0267,3.2,0.389,412,0.0291,4.8,0.502,4,3,0,0/3,0.0,0.25,0.0,0.25,0,1,1,33.3,Slight Pitcher Advantage,Below average,40.0,5,Pitch-level Statcast · last 5 MLB games,362,Curveball,44.751381215469614,162.0,4-Seam Fastball,27.900552486187845,101.0,Changeup,18.50828729281768,67.0,Cutter,8.839779005524862,32.0,Unknown,,Unknown,,No,118.0,1.18,1.0,82.4,0.982,0.973,46.4,Current-Season Handedness Matchup,Pull Air %,Barrel %,Max Exit Velocity,24.4,34.1,40.8,51.8,82.4,45.0,45.4,4.77,1.084,0.995,1.035,1.0,0.957,0.957,0.98,12.33,9.12,83.8,28.0,F,Lineup unconfirmed,,,,,,,,,
76,2026-08-21,822857,2026-08-22T00:15:00Z,Scheduled,Globe Life Field,Los Angeles Angels @ Texas Rangers,Home,679822,Justin Foscue,Texas Rangers,Los Angeles Angels,2B,R,No,,71,170,154,41,8,1,8,17,23,13,2,43,0.266,0.329,0.487,0.816,10,24,21,7,1,0.333,0.0417,19,36,33,8,1,0.242,0.0278,211,41,5.4,27.2,56.4,24.9,18.7,13.8,25.5,65.8,32.1,6.6,3.9,6.6,60.8,83.9,25.1,0.541,70.1,95.6,110.4,13.1,16.1,5.7,51.5,36.0,Below Average,2.5,Pull Power,A-,Elevated power plane,36.0,Below Average,0.961,Good,4.9,80.0,96.9,0.443,Derived proxy,Derived proxy,Derived proxy,Derived proxy,,,11.75,3.75,Positive regression,Below Average Pull Power profile. 5.4% barrel rate; 83.9 mph average exit velocity; 25.5% air-ball rate; 65.8% pull-air rate; 6.6% HR-launch rate.,0.0471,0.0408,4.09,2,1,19.2,0.1,10.4,Very recent HR,672282.0,Reid Detmers,L,RHB vs LHP,25,25,143.0,3.78,1.06,17,1.07,10.51,2.71,742.0,4.6,22.2,15.2,38.7,28.8,83.3,94.8,112.6,0.535,17.0,41.5,99.9,0.593,5.6,4-Seam Fastball,R,RHB vs LHP,45.7,102,0.3,0.382,0.589,0.971,6,11,24,0.0588,6.9,0.631,429,0.0303,4.5,0.543,9,7,1,1/7,0.143,0.333,0.571,0.904,1,2,3,47.2,Neutral Matchup,Average,60.6,5,Pitch-level Statcast · last 5 MLB games,430,4-Seam Fastball,50.0,215.0,Slider,29.53488372093023,127.0,Curveball,13.255813953488373,57.0,Changeup,7.209302325581396,31.0,Unknown,,Unknown,,No,104.0,1.04,1.0,57.2,0.983,0.971,53.5,Current-Season Handedness Matchup,Pull Air %,Barrel %,Max Exit Velocity,45.7,30.4,41.5,54.1,57.2,45.0,45.4,4.77,0.947,0.995,1.025,1.0,0.961,0.961,0.98,15.67,9.03,67.0,26.3,F,Lineup unconfirmed,,,,,,,,,
77,2026-08-21,822857,2026-08-22T00:15:00Z,Scheduled,Globe Life Field,Los Angeles Angels @ Texas Rangers,Home,669394,Jake Burger,Texas Rangers,Los Angeles Angels,1B,R,No,,121,484,443,105,18,0,21,52,73,36,3,129,0.237,0.298,0.42,0.718,10,40,36,9,2,0.25,0.05,23,86,80,19,4,0.238,0.0465,553,94,6.6,30.5,43.1,30.2,26.3,16.9,27.9,48.3,24.9,6.3,3.3,6.3,60.2,84.4,18.6,0.551,74.4,97.7,113.4,60.8,11.4,14.9,60.2,43.2,Below Average,2.5,Pull Power,A,Excellent HR swing plane,43.2,Below Average,0.981,Good,6.4,35.7,97.1,0.525,Derived proxy,Derived proxy,Derived proxy,Derived proxy,,,32.65,11.65,Strong positive regression,Below Average Pull Power profile. 6.6% barrel rate; 84.4 mph average exit velocity; 27.9% air-ball rate; 48.3% pull-air rate; 6.3% HR-launch rate.,0.0434,0.0411,3.99,8,2,21.1,0.38,37.9,Recently homered,672282.0,Reid Detmers,L,RHB vs LHP,25,25,143.0,3.78,1.06,17,1.07,10.51,2.71,742.0,4.6,22.2,15.2,38.7,28.8,83.3,94.8,112.6,0.535,17.0,42.5,99.9,0.584,6.5,4-Seam Fastball,R,RHB vs LHP,48.0,116,0.284,0.353,0.539,0.893,7,11,32,0.0603,8.1,0.65,429,0.0303,4.5,0.543,3,2,0,0/2,0.0,0.333,0.0,0.333,0,1,2,45.0,Neutral Matchup,Average,42.5,5,Pitch-level Statcast · last 5 MLB games,430,4-Seam Fastball,50.0,215.0,Slider,29.53488372093023,127.0,Curveball,13.255813953488373,57.0,Changeup,7.209302325581396,31.0,Unknown,,Unknown,,No,104.0,1.04,1.0,57.2,0.985,0.971,55.4,Current-Season Handedness Matchup,Pull Air %,Barrel %,Max Exit Velocity,48.0,30.4,42.5,42.8,57.2,45.0,45.4,4.77,1.071,0.995,1.025,1.0,0.981,0.981,1.0,15.43,9.99,83.9,28.8,F,Lineup unconfirmed,,,,,,,,,
78,2026-08-21,822857,2026-08-22T00:15:00Z,Scheduled,Globe Life Field,Los Angeles Angels @ Texas Rangers,Away,545361,Mike Trout,Los Angeles Angels,Texas Rangers,CF,R,No,,109,487,394,94,17,0,20,71,45,85,7,125,0.239,0.382,0.434,0.816,12,53,44,10,1,0.227,0.0189,25,108,91,23,2,0.253,0.0185,577,141,5.8,21.3,38.7,24.6,36.5,15.8,26.5,40.6,28.0,6.1,3.9,6.1,52.2,81.2,22.1,0.653,72.3,93.8,113.2,45.1,9.4,10.6,40.1,35.3,Below Average,2.5,Contact-First Profile,A-,Elevated power plane,35.3,Below Average,0.959,Good,2.1,35.1,91.8,0.522,Derived proxy,Derived proxy,Derived proxy,Derived proxy,,,28.34,8.34,Strong positive regression,Below Average Contact-First Profile profile. 5.8% barrel rate; 81.2 mph average exit velocity; 26.5% air-ball rate; 40.6% pull-air rate; 6.1% HR-launch rate.,0.0411,0.0393,4.23,35,9,19.7,1.78,177.7,Above normal drought,669022.0,MacKenzie Gore,L,RHB vs LHP,26,26,139.2,4.45,1.26,18,1.16,9.92,3.29,807.0,5.2,23.3,12.5,42.1,28.9,81.7,94.2,115.7,0.53,18.0,60.0,100.0,0.722,8.4,4-Seam Fastball,R,RHB vs LHP,44.0,131,0.274,0.412,0.453,0.865,5,24,31,0.0382,7.8,0.668,445,0.036,5.1,0.534,2,2,0,0/2,0.0,0.0,0.0,0.0,0,0,0,49.8,Neutral Matchup,Average,45.0,5,Pitch-level Statcast · last 5 MLB games,492,4-Seam Fastball,51.6260162601626,254.0,Changeup,17.073170731707318,84.0,Slider,12.195121951219512,60.0,Curveball,10.16260162601626,50.0,Unknown,,Unknown,,No,104.0,1.04,1.0,57.2,1.02,0.977,48.9,Current-Season Handedness Matchup,Pull Air %,Barrel %,Max Exit Velocity,44.0,34.3,60.0,22.1,57.2,45.0,45.3,4.76,0.791,1.01,1.025,1.0,0.959,0.959,1.035,15.59,8.58,85.0,32.8,D,Lineup unconfirmed,Sinker,7.723577235772358,38.0,Cutter,1.2195121951219512,6.0,,,
79,2026-08-21,823830,2026-08-21T23:10:00Z,Scheduled,loanDepot park,Washington Nationals @ Miami Marlins,Home,683357,Owen Caissie,Miami Marlins,Washington Nationals,RF,L,No,,93,290,257,57,13,0,13,38,52,22,4,111,0.222,0.286,0.424,0.71,9,30,27,5,1,0.185,0.0333,13,44,39,5,1,0.128,0.0227,327,54,6.5,22.4,47.0,26.0,27.0,14.5,27.0,49.2,33.0,8.8,5.8,8.8,50.0,82.1,19.4,0.627,72.7,94.2,111.2,51.0,12.6,10.1,37.3,41.2,Below Average,2.5,Pull Power,A,Excellent HR swing plane,41.2,Below Average,0.975,Good,3.7,64.3,92.9,0.462,Derived proxy,Derived proxy,Derived proxy,Derived proxy,,,19.13,6.13,Strong positive regression,Below Average Pull Power profile. 6.5% barrel rate; 82.1 mph average exit velocity; 27.0% air-ball rate; 49.2% pull-air rate; 8.8% HR-launch rate.,0.0448,0.0411,3.93,12,4,19.8,0.61,60.7,Recently homered,695418.0,Brad Lord,R,LHB vs RHP,30,3,62.1,4.04,1.25,7,1.01,8.23,3.61,414.0,3.6,22.7,8.7,34.8,28.0,81.9,94.0,115.9,0.515,7.0,56.4,99.6,0.695,7.9,4-Seam Fastball,L,LHB vs RHP,56.0,256,0.22,0.285,0.441,0.726,13,20,92,0.0508,8.4,0.737,129,0.0388,5.7,0.702,1,1,0,0/1,0.0,0.0,0.0,0.0,0,0,1,54.4,Neutral Matchup,Average,47.5,5,Pitch-level Statcast · last 5 MLB games,208,4-Seam Fastball,33.17307692307692,69.0,Sinker,27.403846153846153,57.0,Slider,25.0,52.0,Sweeper,11.538461538461538,24.0,Unknown,,Unknown,,No,94.0,0.94,1.0,39.2,1.013,0.961,56.7,Current-Season Handedness Matchup,Pull Air %,Barrel %,Max Exit Velocity,56.0,24.0,56.4,43.6,39.2,45.0,45.1,4.73,0.878,0.987,1.025,1.0,0.975,0.975,1.0,15.2,8.1,76.2,24.5,F,Lineup unconfirmed,Changeup,2.8846153846153846,6.0,,,,,,
80,2026-08-21,823911,2026-08-22T02:10:00Z,Scheduled,UNIQLO Field at Dodger Stadium,Pittsburgh Pirates @ Los Angeles Dodgers,Away,664040,Brandon Lowe,Pittsburgh Pirates,Los Angeles Dodgers,2B,L,No,,120,531,475,120,25,1,27,76,80,47,2,153,0.253,0.318,0.48,0.798,11,46,42,10,3,0.238,0.0652,25,108,100,29,6,0.29,0.0556,636,128,6.2,27.3,57.1,20.6,22.3,17.3,29.6,59.5,27.5,6.4,4.5,6.4,71.8,84.2,18.2,0.631,70.9,96.1,109.9,35.9,10.7,8.5,45.4,39.6,Below Average,2.5,Pull Power,A,Excellent HR swing plane,39.6,Below Average,0.971,Good,5.5,58.3,95.5,0.606,Derived proxy,Derived proxy,Derived proxy,Derived proxy,,,37.61,10.61,Strong positive regression,Below Average Pull Power profile. 6.2% barrel rate; 84.2 mph average exit velocity; 29.6% air-ball rate; 59.5% pull-air rate; 6.4% HR-launch rate.,0.0508,0.0474,4.05,0,0,17.6,0.0,0.0,Very recent HR,808967.0,Yoshinobu Yamamoto,R,LHB vs RHP,22,22,145.1,2.6,0.89,15,0.93,8.42,2.11,711.0,3.8,23.3,12.9,44.9,28.3,81.9,94.4,114.2,0.467,15.0,43.4,99.7,0.623,5.0,4-Seam Fastball,L,LHB vs RHP,44.4,366,0.272,0.347,0.546,0.893,22,37,91,0.0601,7.1,0.693,289,0.0242,3.7,0.472,3,3,1,1/3,0.333,0.333,0.333,0.666,0,0,1,44.4,Neutral Matchup,Average,46.0,5,Pitch-level Statcast · last 5 MLB games,502,4-Seam Fastball,26.49402390438247,133.0,Split-Finger,25.298804780876495,127.0,Cutter,21.314741035856574,107.0,Sinker,12.151394422310757,61.0,Unknown,,Unknown,,No,100.0,1.0,1.0,50.0,0.987,0.963,54.1,Current-Season Handedness Matchup,Pull Air %,Barrel %,Max Exit Velocity,44.4,29.6,43.4,52.8,50.0,45.0,45.1,4.73,1.114,0.973,1.025,1.0,0.971,0.971,0.98,17.84,10.66,85.0,31.2,D,Lineup unconfirmed,Curveball,10.159362549800797,51.0,Slider,4.581673306772909,23.0,,,
81,2026-08-21,823262,2026-08-22T01:40:00Z,Scheduled,Petco Park,Minnesota Twins @ San Diego Padres,Home,687749,Jase Bowen,San Diego Padres,Minnesota Twins,RF,R,No,,56,81,77,13,2,0,2,13,7,2,2,30,0.169,0.21,0.273,0.483,10,4,4,2,1,0.5,0.25,23,29,28,6,2,0.214,0.069,73,29,6.9,30.2,47.1,31.8,19.7,18.2,35.2,34.0,30.5,9.0,6.3,9.0,61.0,81.8,18.5,0.646,68.4,96.7,108.2,23.2,14.4,3.5,38.7,33.3,Weak,2.5,Contact-First Profile,A,Excellent HR swing plane,33.3,Weak,0.953,Good,6.9,40.0,99.4,0.76,Derived proxy,Derived proxy,Derived proxy,Derived proxy,,,4.19,2.19,Positive regression,Weak Contact-First Profile profile. 6.9% barrel rate; 81.8 mph average exit velocity; 35.2% air-ball rate; 34.0% pull-air rate; 9.0% HR-launch rate.,0.0247,0.0291,3.81,1,2,38.5,0.03,2.6,Very recent HR,687570.0,Connor Prielipp,L,RHB vs LHP,17,17,87.2,5.34,1.38,12,1.23,9.65,3.7,498.0,4.6,24.1,13.3,40.8,31.1,83.2,95.0,113.1,0.557,12.0,63.8,82.9,0.676,12.6,Slider,R,RHB vs LHP,43.8,43,0.195,0.233,0.39,0.623,2,2,15,0.0465,7.7,0.603,271,0.0332,4.3,0.544,0,0,0,0/0,,,,,0,0,0,52.0,Neutral Matchup,Average,50.0,5,Pitch-level Statcast · last 5 MLB games,433,Slider,31.17782909930716,135.0,4-Seam Fastball,25.86605080831409,112.0,Sinker,21.939953810623557,95.0,Curveball,15.242494226327944,66.0,Unknown,,Unknown,,No,94.0,0.94,1.0,39.2,1.028,0.971,44.8,Current-Season Handedness Matchup,Pull Air %,Barrel %,Max Exit Velocity,43.8,32.9,63.8,52.3,39.2,45.0,45.0,4.71,1.153,1.021,1.025,0.94,0.953,0.896,0.98,10.63,7.35,60.1,20.2,F,Lineup unconfirmed,Changeup,5.773672055427252,25.0,,,,,,
82,2026-08-21,825045,2026-08-22T01:40:00Z,Scheduled,Chase Field,Cincinnati Reds @ Arizona Diamondbacks,Away,682829,Elly De La Cruz,Cincinnati Reds,Arizona Diamondbacks,SS,S,No,,109,487,428,111,19,5,20,71,57,54,2,133,0.259,0.343,0.467,0.81,13,56,49,6,0,0.122,0.0,27,120,102,21,3,0.206,0.025,504,123,7.8,32.1,38.1,28.2,32.1,15.0,29.1,28.5,31.2,7.5,3.7,7.5,43.4,86.4,14.0,0.657,74.9,99.2,116.1,57.3,12.9,14.3,47.3,42.5,Below Average,2.5,Contact-First Profile,A,Excellent HR swing plane,42.5,Below Average,0.979,Good,6.5,23.5,98.8,0.609,Derived proxy,Derived proxy,Derived proxy,Derived proxy,,,33.2,13.2,Strong positive regression,Below Average Contact-First Profile profile. 7.8% barrel rate; 86.4 mph average exit velocity; 29.1% air-ball rate; 28.5% pull-air rate; 7.5% HR-launch rate.,0.0411,0.0393,4.15,49,13,21.4,2.29,229.0,Very long drought,593958.0,Eduardo Rodriguez,L,Switch vs LHP,25,25,149.1,2.71,1.21,14,0.84,6.39,2.83,838.0,5.3,22.2,15.9,38.4,30.9,81.6,93.8,112.0,0.545,14.0,50.9,99.9,0.652,7.4,4-Seam Fastball,R,RHB vs LHP,53.7,131,0.33,0.397,0.643,1.04,8,13,36,0.0611,12.9,0.699,431,0.0255,4.6,0.529,0,0,0,0/0,,,,,0,0,0,52.0,Neutral Matchup,Average,50.0,5,Pitch-level Statcast · last 5 MLB games,516,4-Seam Fastball,40.116279069767444,207.0,Changeup,23.643410852713178,122.0,Cutter,14.34108527131783,74.0,Curveball,12.4031007751938,64.0,Unknown,,Unknown,,No,100.0,1.0,1.0,50.0,1.002,0.978,52.3,Current-Season Handedness Matchup,Pull Air %,Barrel %,Max Exit Velocity,53.7,32.0,50.9,34.9,50.0,45.0,44.9,4.7,0.792,0.958,1.035,1.0,0.979,0.979,1.06,15.32,8.16,85.0,34.4,D,Lineup unconfirmed,Sinker,9.30232558139535,48.0,Pitch Out,0.1937984496124031,1.0,,,
83,2026-08-21,823510,2026-08-21T23:05:00Z,Scheduled,Yankee Stadium,Toronto Blue Jays @ New York Yankees,Home,806146,George Lombard Jr.,New York Yankees,Toronto Blue Jays,SS,R,No,,14,54,48,14,1,0,2,8,5,5,0,13,0.292,0.352,0.438,0.79,11,42,38,11,1,0.289,0.0238,14,54,48,14,2,0.292,0.037,59,59,5.1,27.1,32.4,32.4,32.4,11.9,25.4,26.7,33.9,11.9,5.1,11.9,66.7,81.0,6.7,0.535,68.8,94.2,108.0,17.0,13.6,5.3,44.7,27.0,Weak,2.0,Contact-First Profile,C,Low line-drive plane,27.0,Weak,0.936,Good,5.1,26.7,94.2,0.535,Derived proxy,Derived proxy,Derived proxy,Derived proxy,,,2.83,0.83,Near expected,Weak Contact-First Profile profile. 5.1% barrel rate; 81.0 mph average exit velocity; 25.4% air-ball rate; 26.7% pull-air rate; 11.9% HR-launch rate.,0.037,0.0336,3.99,35,10,24.0,1.46,145.8,Above normal drought,,TBD,,Unknown,0,0,0.0,0.0,0.0,0,0.0,0.0,0.0,,,,,,,,,,,,50.0,0.0,,,Unknown,R,Unknown,50.0,0,,,,,0,0,0,,,,0,,,,0,0,0,0/0,,,,,0,0,0,50.0,Neutral Matchup,Average,50.0,0,,0,,,,,,,,,,,,,Unknown,,Unknown,,No,108.0,1.08,1.0,64.4,1.0,1.0,38.8,Current-Season Handedness Matchup,Pull Air %,Barrel %,Max Exit Velocity,50.0,50.0,50.0,25.6,64.4,45.0,44.9,4.7,0.955,1.0,1.0,1.0,0.936,0.936,1.035,12.73,8.31,50.2,25.7,F,Small season sample; Probable SP unavailable; Lineup unconfirmed,,,,,,,,,
84,2026-08-21,824317,2026-08-22T00:40:00Z,Scheduled,Coors Field,Cleveland Guardians @ Colorado Rockies,Away,672275,Patrick Bailey,Cleveland Guardians,Colorado Rockies,C,S,No,,87,269,244,46,6,1,6,22,26,20,0,68,0.189,0.247,0.295,0.542,9,27,23,3,0,0.13,0.0,18,58,50,7,2,0.14,0.0345,359,67,3.4,23.9,49.1,23.3,25.9,13.2,22.9,39.0,30.2,5.2,3.6,5.2,65.0,83.6,16.4,0.535,69.8,94.9,110.9,27.6,9.3,4.3,39.5,27.4,Weak,2.0,Contact-First Profile,A,Excellent HR swing plane,27.4,Weak,0.937,Good,3.0,46.7,95.7,0.556,Derived proxy,Derived proxy,Derived proxy,Derived proxy,,,12.71,6.71,Strong positive regression,Weak Contact-First Profile profile. 3.4% barrel rate; 83.6 mph average exit velocity; 22.9% air-ball rate; 39.0% pull-air rate; 5.2% HR-launch rate.,0.0223,0.0253,3.87,32,11,40.7,0.79,78.7,Recently homered,685299.0,Tanner Gordon,R,Switch vs RHP,17,5,71.1,5.55,1.44,15,1.89,7.82,1.64,425.0,6.4,28.0,19.5,40.8,34.6,84.4,96.1,113.3,0.617,15.0,35.2,99.3,0.578,3.2,4-Seam Fastball,L,LHB vs RHP,40.0,221,0.184,0.227,0.29,0.517,5,12,55,0.0226,3.5,0.52,172,0.064,6.0,0.642,0,0,0,0/0,,,,,0,0,0,40.3,Slight Pitcher Advantage,Below average,50.0,5,Pitch-level Statcast · last 5 MLB games,270,4-Seam Fastball,55.18518518518518,149.0,Changeup,21.11111111111111,57.0,Slider,17.40740740740741,47.0,Curveball,6.296296296296297,17.0,Unknown,,Unknown,,No,118.0,1.18,1.0,82.4,0.97,0.989,42.9,Current-Season Handedness Matchup,Pull Air %,Barrel %,Max Exit Velocity,40.0,42.9,35.2,42.5,82.4,45.0,44.8,4.69,0.922,1.126,1.035,0.94,0.937,0.881,1.0,9.44,7.12,75.9,22.2,F,Lineup unconfirmed,,,,,,,,,
85,2026-08-21,823420,2026-08-21T22:40:00Z,Scheduled,Citizens Bank Park,St. Louis Cardinals @ Philadelphia Phillies,Away,699625,Jimmy Crooks,St. Louis Cardinals,Philadelphia Phillies,C,L,No,,46,135,121,21,5,0,4,9,12,9,4,43,0.174,0.252,0.314,0.566,7,25,21,2,0,0.095,0.0,17,54,50,9,1,0.18,0.0185,152,67,6.5,24.9,51.2,16.1,31.9,21.5,30.0,53.5,31.6,9.1,4.0,9.1,35.9,85.0,15.1,0.53,70.9,96.0,109.7,19.1,13.2,3.2,39.5,36.5,Below Average,2.5,Pull Power,A,Excellent HR swing plane,36.5,Below Average,0.962,Good,7.5,57.9,95.9,0.432,Derived proxy,Derived proxy,Derived proxy,Derived proxy,,,9.63,5.63,Strong positive regression,Below Average Pull Power profile. 6.5% barrel rate; 85.0 mph average exit velocity; 30.0% air-ball rate; 53.5% pull-air rate; 9.1% HR-launch rate.,0.0296,0.0307,3.87,29,9,30.2,0.96,95.9,Near normal interval,666200.0,Jesús Luzardo,L,LHB vs LHP,25,25,150.1,3.23,1.15,12,0.72,11.08,2.75,698.0,3.6,20.5,11.5,37.3,28.4,81.7,93.4,110.9,0.454,12.0,51.2,100.0,0.641,8.0,Sweeper,L,LHB vs LHP,33.2,17,0.133,0.235,0.4,0.635,1,1,7,0.0588,11.1,0.831,155,0.0065,1.2,0.296,0,0,0,0/0,,,,,0,0,0,42.9,Slight Pitcher Advantage,Below average,50.0,5,Pitch-level Statcast · last 5 MLB games,512,Sweeper,41.015625,210.0,4-Seam Fastball,25.9765625,133.0,Sinker,18.75,96.0,Changeup,14.2578125,73.0,Unknown,,Unknown,,No,108.0,1.08,1.0,64.4,1.002,0.961,50.5,Current-Season Handedness Matchup,Pull Air %,Barrel %,Max Exit Velocity,33.2,22.9,51.2,57.9,64.4,45.0,44.8,4.69,0.785,0.939,0.985,0.94,0.962,0.904,1.0,11.38,6.13,66.0,20.0,F,Lineup unconfirmed,,,,,,,,,
86,2026-08-21,823420,2026-08-21T22:40:00Z,Scheduled,Citizens Bank Park,St. Louis Cardinals @ Philadelphia Phillies,Away,691023,Jordan Walker,St. Louis Cardinals,Philadelphia Phillies,RF,R,No,,125,535,486,140,28,0,26,79,94,42,4,129,0.288,0.348,0.506,0.854,13,56,50,16,4,0.32,0.0714,26,113,105,30,4,0.286,0.0354,627,131,7.6,28.3,40.8,30.7,28.5,15.5,29.7,37.1,29.7,6.8,4.2,6.8,44.2,84.6,16.3,0.62,77.4,97.4,115.9,76.2,11.8,17.0,46.4,43.2,Below Average,2.5,Contact-First Profile,A,Excellent HR swing plane,43.2,Below Average,0.981,Good,6.9,34.1,95.2,0.542,Derived proxy,Derived proxy,Derived proxy,Derived proxy,,,39.77,13.77,Strong positive regression,Below Average Contact-First Profile profile. 7.6% barrel rate; 84.6 mph average exit velocity; 29.7% air-ball rate; 37.1% pull-air rate; 6.8% HR-launch rate.,0.0486,0.0456,4.15,0,0,18.7,0.0,0.0,Very recent HR,666200.0,Jesús Luzardo,L,RHB vs LHP,25,25,150.1,3.23,1.15,12,0.72,11.08,2.75,698.0,3.6,20.5,11.5,37.3,28.4,81.7,93.4,110.9,0.454,12.0,51.5,100.0,0.656,7.4,Sweeper,R,RHB vs LHP,49.0,143,0.288,0.378,0.536,0.914,8,18,27,0.0559,9.4,0.751,469,0.0235,4.3,0.504,8,8,2,2/8,0.25,0.25,0.25,0.5,0,0,2,46.5,Neutral Matchup,Average,32.1,5,Pitch-level Statcast · last 5 MLB games,512,Sweeper,41.015625,210.0,4-Seam Fastball,25.9765625,133.0,Sinker,18.75,96.0,Changeup,14.2578125,73.0,Unknown,,Unknown,,No,108.0,1.08,1.0,64.4,1.003,0.961,53.6,Current-Season Handedness Matchup,Pull Air %,Barrel %,Max Exit Velocity,49.0,22.9,51.5,38.6,64.4,45.0,44.5,4.65,1.085,0.939,1.025,1.0,0.981,0.981,0.98,17.59,10.81,85.0,32.2,D,Lineup unconfirmed,,,,,,,,,
87,2026-08-21,822857,2026-08-22T00:15:00Z,Scheduled,Globe Life Field,Los Angeles Angels @ Texas Rangers,Home,694671,Wyatt Langford,Texas Rangers,Los Angeles Angels,LF,R,No,,76,324,295,74,14,2,14,44,33,26,3,73,0.251,0.318,0.454,0.772,12,49,39,7,1,0.179,0.0204,26,108,93,17,3,0.183,0.0278,427,135,5.4,25.5,49.6,23.6,26.8,13.2,25.2,59.9,26.4,5.5,3.9,5.5,53.9,84.4,23.4,0.494,70.4,96.0,111.2,21.1,11.3,7.1,52.9,35.2,Below Average,2.5,Pull Power,A-,Elevated power plane,35.2,Below Average,0.959,Good,4.4,71.0,96.1,0.425,Derived proxy,Derived proxy,Derived proxy,Derived proxy,,,22.73,8.73,Strong positive regression,Below Average Pull Power profile. 5.4% barrel rate; 84.4 mph average exit velocity; 25.2% air-ball rate; 59.9% pull-air rate; 5.5% HR-launch rate.,0.0432,0.0402,3.99,14,4,21.1,0.66,66.4,Recently homered,672282.0,Reid Detmers,L,RHB vs LHP,25,25,143.0,3.78,1.06,17,1.07,10.51,2.71,742.0,4.6,22.2,15.2,38.7,28.8,83.3,94.8,112.6,0.535,17.0,43.1,99.9,0.576,7.3,4-Seam Fastball,R,RHB vs LHP,38.3,97,0.247,0.309,0.438,0.747,4,8,24,0.0412,6.9,0.544,429,0.0303,4.5,0.543,3,3,1,1/3,0.333,0.333,1.333,1.666,1,0,1,43.8,Neutral Matchup,Average,57.5,5,Pitch-level Statcast · last 5 MLB games,430,4-Seam Fastball,50.0,215.0,Slider,29.53488372093023,127.0,Curveball,13.255813953488373,57.0,Changeup,7.209302325581396,31.0,Unknown,,Unknown,,No,104.0,1.04,1.0,57.2,0.986,0.971,50.8,Current-Season Handedness Matchup,Pull Air %,Barrel %,Max Exit Velocity,38.3,30.4,43.1,51.6,57.2,45.0,44.5,4.65,0.836,0.995,1.025,1.0,0.959,0.959,1.0,15.09,8.15,83.1,26.5,F,Lineup unconfirmed,,,,,,,,,
88,2026-08-21,824072,2026-08-22T00:10:00Z,Scheduled,Kauffman Stadium,Detroit Tigers @ Kansas City Royals,Away,679529,Spencer Torkelson,Detroit Tigers,Kansas City Royals,1B,R,No,,126,496,433,97,21,0,20,53,63,53,5,154,0.224,0.313,0.411,0.724,11,41,35,8,0,0.229,0.0,25,100,88,25,1,0.284,0.01,587,115,6.4,25.9,48.5,22.4,28.9,16.9,28.1,50.0,30.0,7.8,4.9,7.8,36.5,83.6,19.7,0.582,71.4,95.5,108.5,23.5,13.1,7.3,49.2,37.6,Below Average,2.5,Pull Power,A,Excellent HR swing plane,37.6,Below Average,0.965,Good,4.3,48.4,95.3,0.495,Derived proxy,Derived proxy,Derived proxy,Derived proxy,,,34.66,14.66,Strong positive regression,Below Average Pull Power profile. 6.4% barrel rate; 83.6 mph average exit velocity; 28.1% air-ball rate; 50.0% pull-air rate; 7.8% HR-launch rate.,0.0403,0.0387,4.05,66,18,21.6,3.05,304.8,Very long drought,702070.0,Noah Cameron,L,RHB vs LHP,24,23,138.1,4.16,1.22,14,0.91,8.2,2.8,740.0,5.1,25.7,14.5,46.3,31.2,82.6,95.5,115.9,0.542,14.0,42.0,99.9,0.574,6.8,4-Seam Fastball,R,RHB vs LHP,31.0,139,0.269,0.367,0.42,0.787,3,19,40,0.0216,6.2,0.566,436,0.0229,4.3,0.525,4,4,0,0/4,0.0,0.0,0.0,0.0,0,0,4,36.7,Slight Pitcher Advantage,Below average,40.0,5,Pitch-level Statcast · last 5 MLB games,516,Changeup,21.705426356589147,112.0,Cutter,20.930232558139537,108.0,Slider,18.6046511627907,96.0,4-Seam Fastball,17.635658914728683,91.0,Unknown,,Unknown,,No,100.0,1.0,1.0,50.0,0.984,0.976,48.0,Current-Season Handedness Matchup,Pull Air %,Barrel %,Max Exit Velocity,31.0,38.7,42.0,46.4,50.0,45.0,44.4,4.65,0.758,0.97,1.025,1.0,0.965,0.965,1.06,14.77,7.56,85.0,33.1,D,Lineup unconfirmed,Curveball,16.666666666666668,86.0,Sinker,4.457364341085271,23.0,,,
89,2026-08-21,822857,2026-08-22T00:15:00Z,Scheduled,Globe Life Field,Los Angeles Angels @ Texas Rangers,Home,608369,Corey Seager,Texas Rangers,Los Angeles Angels,SS,L,No,,68,286,248,54,10,0,13,38,31,34,2,71,0.218,0.315,0.415,0.73,11,44,41,13,3,0.317,0.0682,17,67,61,20,3,0.328,0.0448,335,81,8.9,29.8,51.5,20.2,28.4,18.6,28.9,39.2,27.4,9.5,5.7,9.5,36.6,85.3,20.8,0.619,70.1,97.3,111.5,13.1,15.5,4.1,51.9,38.4,Below Average,2.5,Contact-First Profile,A-,Elevated power plane,38.4,Below Average,0.968,Good,9.9,38.5,98.4,0.59,Derived proxy,Derived proxy,Derived proxy,Derived proxy,,,25.44,12.44,Strong positive regression,Below Average Contact-First Profile profile. 8.9% barrel rate; 85.3 mph average exit velocity; 28.9% air-ball rate; 39.2% pull-air rate; 9.5% HR-launch rate.,0.0455,0.0415,3.99,0,0,19.1,0.0,0.0,Very recent HR,672282.0,Reid Detmers,L,LHB vs LHP,25,25,143.0,3.78,1.06,17,1.07,10.51,2.71,742.0,4.6,22.2,15.2,38.7,28.8,83.3,94.8,112.6,0.535,17.0,47.2,99.9,0.595,8.3,4-Seam Fastball,L,LHB vs LHP,32.7,78,0.194,0.308,0.313,0.621,2,11,24,0.0256,4.8,0.551,150,0.0267,4.9,0.513,29,23,5,5/23,0.217,0.379,0.348,0.727,1,4,6,38.9,Slight Pitcher Advantage,Below average,38.3,5,Pitch-level Statcast · last 5 MLB games,430,4-Seam Fastball,50.0,215.0,Slider,29.53488372093023,127.0,Curveball,13.255813953488373,57.0,Changeup,7.209302325581396,31.0,Unknown,,Unknown,,No,104.0,1.04,1.0,57.2,0.994,0.971,48.1,Current-Season Handedness Matchup,Pull Air %,Barrel %,Max Exit Velocity,32.7,30.4,47.2,55.6,57.2,45.0,44.4,4.65,1.156,0.995,0.985,1.0,0.968,0.968,0.98,15.55,10.07,77.8,28.2,F,Lineup unconfirmed,,,,,,,,,
90,2026-08-21,823262,2026-08-22T01:40:00Z,Scheduled,Petco Park,Minnesota Twins @ San Diego Padres,Home,669134,Luis Campusano,San Diego Padres,Minnesota Twins,C,R,No,,47,157,133,40,11,0,5,16,23,22,2,33,0.301,0.408,0.496,0.904,7,27,22,6,1,0.273,0.037,16,61,52,17,1,0.327,0.0164,192,81,5.9,27.9,46.1,29.5,22.8,11.7,28.2,52.0,30.6,8.8,4.7,8.8,36.5,83.5,17.5,0.548,70.0,95.7,110.4,24.1,15.8,8.2,67.0,39.2,Below Average,2.5,Pull Power,A,Excellent HR swing plane,39.2,Below Average,0.97,Good,6.2,52.2,95.6,0.536,Derived proxy,Derived proxy,Derived proxy,Derived proxy,,,11.0,6.0,Strong positive regression,Below Average Pull Power profile. 5.9% barrel rate; 83.5 mph average exit velocity; 28.2% air-ball rate; 52.0% pull-air rate; 8.8% HR-launch rate.,0.0318,0.0319,4.25,14,5,26.6,0.53,52.6,Recently homered,687570.0,Connor Prielipp,L,RHB vs LHP,17,17,87.2,5.34,1.38,12,1.23,9.65,3.7,498.0,4.6,24.1,13.3,40.8,31.1,83.2,95.0,113.1,0.557,12.0,41.1,99.9,0.611,4.5,Slider,R,RHB vs LHP,40.2,32,0.259,0.375,0.407,0.782,1,5,7,0.0312,3.2,0.55,271,0.0332,4.3,0.544,0,0,0,0/0,,,,,0,0,0,42.5,Slight Pitcher Advantage,Below average,50.0,5,Pitch-level Statcast · last 5 MLB games,433,Slider,31.17782909930716,135.0,4-Seam Fastball,25.86605080831409,112.0,Sinker,21.939953810623557,95.0,Curveball,15.242494226327944,66.0,Unknown,,Unknown,,No,94.0,0.94,1.0,39.2,0.982,0.971,52.3,Current-Season Handedness Matchup,Pull Air %,Barrel %,Max Exit Velocity,40.2,32.9,41.1,54.6,39.2,45.0,44.2,4.62,0.948,1.021,1.025,1.0,0.97,0.97,1.0,12.88,7.57,68.1,25.5,F,Lineup unconfirmed,Changeup,5.773672055427252,25.0,,,,,,
91,2026-08-21,823101,2026-08-22T02:10:00Z,Scheduled,T-Mobile Park,Chicago Cubs @ Seattle Mariners,Away,664023,Ian Happ,Chicago Cubs,Seattle Mariners,LF,S,No,,124,523,449,96,22,2,20,72,51,66,6,160,0.214,0.322,0.405,0.727,11,42,37,10,2,0.27,0.0476,26,100,89,16,2,0.18,0.02,626,130,5.8,23.2,50.7,24.0,25.2,14.6,23.3,52.7,28.5,8.2,4.7,8.2,44.2,81.6,18.1,0.536,70.0,93.7,110.3,17.6,10.6,3.6,42.9,33.8,Weak,2.5,Pull Power,A,Excellent HR swing plane,33.8,Weak,0.955,Good,4.6,50.0,92.2,0.415,Derived proxy,Derived proxy,Derived proxy,Derived proxy,,,33.83,13.83,Strong positive regression,Weak Pull Power profile. 5.8% barrel rate; 81.6 mph average exit velocity; 23.3% air-ball rate; 52.7% pull-air rate; 8.2% HR-launch rate.,0.0382,0.0371,4.05,28,9,22.4,1.25,124.7,Near normal interval,676106.0,Emerson Hancock,R,Switch vs RHP,23,23,128.0,3.3,1.11,16,1.13,8.37,2.25,732.0,4.8,23.1,14.5,33.7,30.7,83.2,94.4,114.7,0.547,16.0,57.6,99.8,0.686,9.0,4-Seam Fastball,L,LHB vs RHP,44.1,391,0.234,0.353,0.447,0.8,16,57,114,0.0409,6.8,0.636,295,0.0339,5.7,0.584,3,3,0,0/3,0.0,0.0,0.0,0.0,0,0,0,48.5,Neutral Matchup,Average,42.5,5,Pitch-level Statcast · last 5 MLB games,474,4-Seam Fastball,41.561181434599156,197.0,Sinker,23.839662447257385,113.0,Sweeper,10.759493670886076,51.0,Cutter,10.126582278481013,48.0,Unknown,,Unknown,,No,92.0,0.92,1.0,35.6,1.015,0.973,51.7,Current-Season Handedness Matchup,Pull Air %,Barrel %,Max Exit Velocity,44.1,27.7,57.6,42.4,35.6,45.0,44.1,4.61,0.98,1.005,1.035,1.0,0.955,0.955,1.0,14.19,8.21,85.0,28.5,F,Lineup unconfirmed,Curveball,9.70464135021097,46.0,Changeup,4.008438818565401,19.0,,,
92,2026-08-21,824721,2026-08-21T23:10:00Z,Scheduled,Fenway Park,San Francisco Giants @ Boston Red Sox,Away,678545,Osleivis Basabe,San Francisco Giants,Boston Red Sox,2B,R,No,,19,68,64,16,2,0,3,6,8,1,2,12,0.25,0.279,0.422,0.701,11,42,40,8,0,0.2,0.0,19,68,64,16,3,0.25,0.0441,85,85,7.1,25.9,45.1,35.3,17.6,22.4,29.4,52.0,25.9,7.1,4.7,7.1,50.0,83.6,21.1,0.439,69.9,95.5,110.0,29.1,10.6,7.7,59.8,37.2,Below Average,2.5,Pull Power,A-,Elevated power plane,37.2,Below Average,0.964,Good,7.1,52.0,95.5,0.439,Derived proxy,Derived proxy,Derived proxy,Derived proxy,,,5.33,2.33,Positive regression,Below Average Pull Power profile. 7.1% barrel rate; 83.6 mph average exit velocity; 29.4% air-ball rate; 52.0% pull-air rate; 7.1% HR-launch rate.,0.0441,0.0364,3.99,47,13,21.3,2.2,220.3,Very long drought,543243.0,Sonny Gray,R,RHB vs RHP,23,23,132.2,2.65,1.15,13,0.88,7.94,2.31,634.0,4.1,25.2,13.7,47.0,27.1,83.4,95.5,111.1,0.481,13.0,33.4,99.9,0.486,6.9,Sinker,R,RHB vs RHP,43.0,43,0.317,0.326,0.585,0.911,3,0,8,0.0698,10.9,0.558,188,0.0266,3.6,0.452,0,0,0,0/0,,,,,0,0,0,41.0,Slight Pitcher Advantage,Below average,50.0,5,Pitch-level Statcast · last 5 MLB games,440,Sweeper,24.09090909090909,106.0,Sinker,23.636363636363637,104.0,Curveball,17.045454545454547,75.0,4-Seam Fastball,15.909090909090908,70.0,Unknown,,Unknown,,No,102.0,1.02,1.0,53.6,0.967,0.966,51.9,Current-Season Handedness Matchup,Pull Air %,Barrel %,Max Exit Velocity,43.0,33.1,33.4,56.3,53.6,45.0,44.0,4.6,0.895,0.965,0.985,1.0,0.964,0.964,1.06,13.75,7.7,62.3,28.5,F,Small season sample; Lineup unconfirmed,Cutter,15.909090909090908,70.0,Changeup,3.409090909090909,15.0,,,
93,2026-08-21,823911,2026-08-22T02:10:00Z,Scheduled,UNIQLO Field at Dodger Stadium,Pittsburgh Pirates @ Los Angeles Dodgers,Away,699013,Esmerlyn Valdez,Pittsburgh Pirates,Los Angeles Dodgers,RF,R,No,,59,235,196,48,12,1,14,34,41,35,1,87,0.245,0.357,0.531,0.888,11,47,41,10,0,0.244,0.0,25,104,83,15,1,0.181,0.0096,243,107,7.7,25.4,43.6,24.6,31.8,19.1,28.3,43.7,27.2,9.0,5.9,9.0,46.7,84.3,16.2,0.692,72.5,95.4,111.9,47.6,11.6,10.8,48.7,42.4,Below Average,2.5,Pull Power,A,Excellent HR swing plane,42.4,Below Average,0.979,Good,3.7,46.7,93.4,0.514,Derived proxy,Derived proxy,Derived proxy,Derived proxy,,,16.48,2.48,Positive regression,Below Average Pull Power profile. 7.7% barrel rate; 84.3 mph average exit velocity; 28.3% air-ball rate; 43.7% pull-air rate; 9.0% HR-launch rate.,0.0596,0.0503,4.15,73,22,14.0,5.21,521.4,Very long drought,808967.0,Yoshinobu Yamamoto,R,RHB vs RHP,22,22,145.1,2.6,0.89,15,0.93,8.42,2.11,711.0,3.8,23.3,12.9,44.9,28.3,81.9,94.4,114.2,0.467,15.0,45.0,99.7,0.548,9.6,4-Seam Fastball,R,RHB vs RHP,46.6,150,0.236,0.333,0.441,0.774,7,19,60,0.0467,9.2,0.766,267,0.03,3.9,0.462,0,0,0,0/0,,,,,0,0,0,46.7,Neutral Matchup,Average,50.0,5,Pitch-level Statcast · last 5 MLB games,502,4-Seam Fastball,26.49402390438247,133.0,Split-Finger,25.298804780876495,127.0,Cutter,21.314741035856574,107.0,Sinker,12.151394422310757,61.0,Unknown,,Unknown,,No,100.0,1.0,1.0,50.0,0.99,0.963,53.3,Current-Season Handedness Matchup,Pull Air %,Barrel %,Max Exit Velocity,46.6,29.6,45.0,39.7,50.0,45.0,44.0,4.6,0.758,0.973,0.985,1.03,0.979,1.008,1.06,19.26,9.08,76.8,36.8,D+,Lineup unconfirmed,Curveball,10.159362549800797,51.0,Slider,4.581673306772909,23.0,,,
94,2026-08-21,822857,2026-08-22T00:15:00Z,Scheduled,Globe Life Field,Los Angeles Angels @ Texas Rangers,Home,592626,Joc Pederson,Texas Rangers,Los Angeles Angels,DH,L,No,,116,382,331,79,11,2,22,49,46,44,3,90,0.239,0.331,0.483,0.814,11,30,25,2,1,0.08,0.0333,25,77,69,15,5,0.217,0.0649,464,98,5.6,32.4,47.0,28.0,25.0,16.9,26.1,44.7,29.3,7.0,4.0,7.0,91.4,86.0,20.7,0.604,70.5,97.8,110.2,22.6,12.5,8.3,52.8,38.8,Below Average,2.5,Pull Power,A-,Elevated power plane,38.8,Below Average,0.969,Good,4.1,41.7,98.2,0.581,Derived proxy,Derived proxy,Derived proxy,Derived proxy,,,25.35,3.35,Positive regression,Below Average Pull Power profile. 5.6% barrel rate; 86.0 mph average exit velocity; 26.1% air-ball rate; 44.7% pull-air rate; 7.0% HR-launch rate.,0.0576,0.0515,4.09,20,8,15.0,1.33,132.9,Near normal interval,672282.0,Reid Detmers,L,LHB vs LHP,25,25,143.0,3.78,1.06,17,1.07,10.51,2.71,742.0,4.6,22.2,15.2,38.7,28.8,83.3,94.8,112.6,0.535,17.0,45.8,99.9,0.619,6.5,4-Seam Fastball,L,LHB vs LHP,39.9,34,0.138,0.242,0.414,0.656,1,3,14,0.0294,5.7,0.608,150,0.0267,4.9,0.513,0,0,0,0/0,,,,,0,0,0,44.0,Neutral Matchup,Average,50.0,5,Pitch-level Statcast · last 5 MLB games,430,4-Seam Fastball,50.0,215.0,Slider,29.53488372093023,127.0,Curveball,13.255813953488373,57.0,Changeup,7.209302325581396,31.0,Unknown,,Unknown,,No,104.0,1.04,1.0,57.2,0.992,0.971,49.6,Current-Season Handedness Matchup,Pull Air %,Barrel %,Max Exit Velocity,39.9,30.4,45.8,45.3,57.2,45.0,43.9,4.59,0.97,0.995,0.985,1.0,0.969,0.969,1.0,19.44,10.64,83.2,33.8,D,Lineup unconfirmed,,,,,,,,,
95,2026-08-21,823510,2026-08-21T23:05:00Z,Scheduled,Yankee Stadium,Toronto Blue Jays @ New York Yankees,Home,671218,Heliot Ramos,New York Yankees,Toronto Blue Jays,LF,R,No,,88,360,334,81,17,3,9,37,35,21,4,97,0.243,0.294,0.392,0.686,11,41,37,3,0,0.081,0.0,24,100,88,15,0,0.17,0.0,483,117,5.9,26.3,28.7,34.2,36.2,9.3,19.6,14.6,30.3,5.1,1.5,5.1,16.7,84.1,15.8,0.545,71.3,95.8,111.8,23.7,11.8,5.9,46.1,23.8,Weak,2.0,Contact-First Profile,A,Excellent HR swing plane,23.8,Weak,0.927,Good,3.4,5.0,94.9,0.412,Derived proxy,Derived proxy,Derived proxy,Derived proxy,,,21.91,12.91,Strong positive regression,Weak Contact-First Profile profile. 5.9% barrel rate; 84.1 mph average exit velocity; 19.6% air-ball rate; 14.6% pull-air rate; 5.1% HR-launch rate.,0.025,0.0268,3.99,95,26,37.1,2.56,256.0,Very long drought,,TBD,,Unknown,0,0,0.0,0.0,0.0,0,0.0,0.0,0.0,,,,,,,,,,,,50.0,0.0,,,Unknown,R,Unknown,50.0,0,,,,,0,0,0,,,,0,,,,0,0,0,0/0,,,,,0,0,0,50.0,Neutral Matchup,Average,50.0,0,,0,,,,,,,,,,,,,Unknown,,Unknown,,No,108.0,1.08,1.0,64.4,1.0,1.0,38.0,Current-Season Handedness Matchup,Pull Air %,Barrel %,Max Exit Velocity,50.0,50.0,50.0,17.0,64.4,45.0,43.8,4.58,0.758,1.0,1.0,1.0,0.927,0.927,1.06,10.25,6.26,75.0,29.1,F,Probable SP unavailable; Lineup unconfirmed,,,,,,,,,
96,2026-08-21,823830,2026-08-21T23:10:00Z,Scheduled,loanDepot park,Washington Nationals @ Miami Marlins,Away,682928,CJ Abrams,Washington Nationals,Miami Marlins,SS,L,No,,124,534,470,131,25,3,29,77,91,46,12,124,0.279,0.354,0.53,0.884,10,46,41,8,1,0.195,0.0217,25,111,99,25,5,0.253,0.045,685,138,6.2,25.3,49.1,24.9,25.8,12.7,23.9,50.1,28.2,7.9,5.3,7.9,65.1,83.4,20.6,0.586,71.0,95.3,109.2,27.2,13.4,7.7,53.8,38.5,Below Average,2.5,Pull Power,A-,Elevated power plane,38.5,Below Average,0.968,Good,5.1,46.2,94.3,0.547,Derived proxy,Derived proxy,Derived proxy,Derived proxy,,,39.62,10.62,Strong positive regression,Below Average Pull Power profile. 6.2% barrel rate; 83.4 mph average exit velocity; 23.9% air-ball rate; 50.1% pull-air rate; 7.9% HR-launch rate.,0.0543,0.0502,4.15,26,7,16.2,1.6,160.4,Above normal drought,687473.0,Ryan Gusto,R,LHB vs RHP,16,11,53.2,4.7,1.32,8,1.34,8.22,2.35,318.0,5.7,27.0,13.8,32.3,31.1,84.8,95.6,113.3,0.537,8.0,45.6,100.0,0.601,7.3,4-Seam Fastball,L,LHB vs RHP,47.5,368,0.291,0.38,0.566,0.947,23,37,73,0.0625,8.3,0.647,138,0.0217,5.5,0.525,3,2,0,0/2,0.0,0.333,0.0,0.333,0,1,1,45.8,Neutral Matchup,Average,42.5,5,Pitch-level Statcast · last 5 MLB games,349,4-Seam Fastball,31.23209169054441,109.0,Sweeper,15.472779369627506,54.0,Cutter,13.46704871060172,47.0,Sinker,12.034383954154729,42.0,Unknown,,Unknown,,No,94.0,0.94,1.0,39.2,0.991,0.982,52.7,Current-Season Handedness Matchup,Pull Air %,Barrel %,Max Exit Velocity,47.5,31.3,45.6,44.0,39.2,45.0,43.8,4.57,0.857,1.029,1.025,1.03,0.968,0.997,1.035,19.25,9.99,85.0,35.3,D,Lineup unconfirmed,Changeup,10.02865329512894,35.0,Slider,9.455587392550143,33.0,Curveball,8.30945558739255,29.0
97,2026-08-21,823746,2026-08-21T20:10:00Z,Scheduled,American Family Field,Atlanta Braves @ Milwaukee Brewers,Away,663586,Austin Riley,Atlanta Braves,Milwaukee Brewers,3B,R,No,,127,508,457,102,20,1,15,54,60,38,10,161,0.223,0.295,0.37,0.665,12,44,42,10,1,0.238,0.0227,26,98,91,23,3,0.253,0.0306,601,115,8.1,28.4,42.8,25.4,31.8,12.8,24.1,44.3,29.3,7.2,3.7,7.2,31.2,84.5,20.8,0.678,73.8,96.8,113.0,53.4,13.0,11.7,44.4,42.8,Below Average,2.5,Pull Power,A-,Elevated power plane,42.8,Below Average,0.98,Good,8.7,47.8,96.9,0.794,Derived proxy,Derived proxy,Derived proxy,Derived proxy,,,41.29,26.29,Strong positive regression,Below Average Pull Power profile. 8.1% barrel rate; 84.5 mph average exit velocity; 24.1% air-ball rate; 44.3% pull-air rate; 7.2% HR-launch rate.,0.0295,0.03,4.05,25,7,30.5,0.82,82.1,Near normal interval,694819.0,Jacob Misiorowski,R,RHB vs RHP,23,23,139.0,1.75,0.75,13,0.84,13.6,2.01,612.0,1.8,17.8,11.3,27.6,31.5,81.5,91.9,114.8,0.432,13.0,61.3,99.9,0.729,8.7,4-Seam Fastball,R,RHB vs RHP,35.8,349,0.214,0.278,0.377,0.655,13,22,110,0.0372,6.9,0.608,233,0.03,2.2,0.464,3,3,1,1/3,0.333,0.333,0.333,0.666,0,0,1,46.7,Neutral Matchup,Average,46.0,5,Pitch-level Statcast · last 5 MLB games,423,4-Seam Fastball,66.903073286052,283.0,Cutter,11.583924349881796,49.0,Slider,11.583924349881796,49.0,Curveball,9.929078014184396,42.0,Unknown,,Unknown,,No,100.0,1.0,1.0,50.0,1.023,0.943,52.6,Current-Season Handedness Matchup,Pull Air %,Barrel %,Max Exit Velocity,35.8,14.0,61.3,58.7,50.0,45.0,43.8,4.57,0.95,0.958,0.985,1.0,0.98,0.98,1.0,11.61,6.97,84.8,23.6,F,Lineup unconfirmed,,,,,,,,,
98,2026-08-21,823262,2026-08-22T01:40:00Z,Scheduled,Petco Park,Minnesota Twins @ San Diego Padres,Home,701538,Jackson Merrill,San Diego Padres,Minnesota Twins,CF,L,No,,125,523,483,116,20,2,19,65,63,33,2,129,0.24,0.29,0.408,0.698,11,44,40,9,3,0.225,0.0682,26,103,96,29,5,0.302,0.0485,780,147,6.1,25.9,48.4,20.1,31.3,15.3,28.3,44.3,33.9,7.6,4.7,7.6,45.3,83.9,21.7,0.671,71.5,95.5,111.6,27.5,13.5,6.5,47.9,37.9,Below Average,2.5,Pull Power,A-,Elevated power plane,37.9,Below Average,0.966,Good,7.5,47.9,96.7,0.753,Derived proxy,Derived proxy,Derived proxy,Derived proxy,,,43.74,24.74,Strong positive regression,Below Average Pull Power profile. 6.1% barrel rate; 83.9 mph average exit velocity; 28.3% air-ball rate; 44.3% pull-air rate; 7.6% HR-launch rate.,0.0363,0.0355,3.99,29,8,25.4,1.14,114.1,Near normal interval,687570.0,Connor Prielipp,L,LHB vs LHP,17,17,87.2,5.34,1.38,12,1.23,9.65,3.7,498.0,4.6,24.1,13.3,40.8,31.1,83.2,95.0,113.1,0.557,12.0,46.7,99.9,0.639,5.9,Slider,L,LHB vs LHP,30.7,141,0.289,0.312,0.407,0.719,3,5,38,0.0213,2.9,0.558,112,0.0268,5.4,0.586,0,0,0,0/0,,,,,0,0,0,40.2,Slight Pitcher Advantage,Below average,50.0,5,Pitch-level Statcast · last 5 MLB games,433,Slider,31.17782909930716,135.0,4-Seam Fastball,25.86605080831409,112.0,Sinker,21.939953810623557,95.0,Curveball,15.242494226327944,66.0,Unknown,,Unknown,,No,94.0,0.94,1.0,39.2,0.993,0.971,48.3,Current-Season Handedness Matchup,Pull Air %,Barrel %,Max Exit Velocity,30.7,32.9,46.7,55.8,39.2,45.0,43.7,4.57,1.268,1.021,0.985,1.0,0.966,0.966,1.0,13.44,9.23,85.0,29.2,F,Lineup unconfirmed,Changeup,5.773672055427252,25.0,,,,,,
99,2026-08-21,824072,2026-08-22T00:10:00Z,Scheduled,Kauffman Stadium,Detroit Tigers @ Kansas City Royals,Away,693307,Dillon Dingler,Detroit Tigers,Kansas City Royals,C,R,No,,118,500,451,115,24,2,26,65,82,31,13,111,0.255,0.319,0.49,0.809,11,47,44,3,0,0.068,0.0,25,113,104,21,4,0.202,0.0354,660,147,5.1,24.0,43.7,28.8,27.3,14.7,27.1,45.7,30.8,7.3,4.9,7.3,70.2,82.3,17.8,0.603,70.4,94.5,110.3,14.8,12.4,4.4,53.4,33.8,Weak,2.5,Pull Power,A,Excellent HR swing plane,33.8,Weak,0.955,Good,3.4,37.8,92.2,0.521,Derived proxy,Derived proxy,Derived proxy,Derived proxy,,,32.01,6.01,Strong positive regression,Weak Pull Power profile. 5.1% barrel rate; 82.3 mph average exit velocity; 27.1% air-ball rate; 45.7% pull-air rate; 7.3% HR-launch rate.,0.052,0.0481,4.15,48,12,17.3,2.77,276.7,Very long drought,702070.0,Noah Cameron,L,RHB vs LHP,24,23,138.1,4.16,1.22,14,0.91,8.2,2.8,740.0,5.1,25.7,14.5,46.3,31.2,82.6,95.5,115.9,0.542,14.0,52.8,99.9,0.677,7.0,4-Seam Fastball,R,RHB vs LHP,28.7,155,0.221,0.277,0.364,0.642,4,10,41,0.0258,3.6,0.544,436,0.0229,4.3,0.525,5,4,0,0/4,0.0,0.2,0.0,0.2,0,1,3,38.9,Slight Pitcher Advantage,Below average,37.5,5,Pitch-level Statcast · last 5 MLB games,516,Changeup,21.705426356589147,112.0,Cutter,20.930232558139537,108.0,Slider,18.6046511627907,96.0,4-Seam Fastball,17.635658914728683,91.0,Unknown,,Unknown,,No,100.0,1.0,1.0,50.0,1.006,0.976,45.0,Current-Season Handedness Matchup,Pull Air %,Barrel %,Max Exit Velocity,28.7,38.7,52.8,28.2,50.0,45.0,43.7,4.56,0.809,0.97,1.025,1.0,0.955,0.955,1.06,18.51,9.27,85.0,37.1,D+,Lineup unconfirmed,Curveball,16.666666666666668,86.0,Sinker,4.457364341085271,23.0,,,
100,2026-08-21,824559,2026-08-21T23:40:00Z,Scheduled,Rate Field,New York Mets @ Chicago White Sox,Home,668670,Jake Rogers,Chicago White Sox,New York Mets,C,R,No,,47,137,114,20,4,1,3,15,11,18,1,39,0.175,0.287,0.307,0.594,6,15,13,2,0,0.154,0.0,12,30,24,5,0,0.208,0.0,150,33,5.2,21.3,56.4,27.6,16.0,14.3,25.4,54.4,27.7,5.0,3.7,5.0,27.9,81.8,17.0,0.503,67.5,94.0,108.4,3.6,12.2,0.9,59.0,29.4,Weak,2.0,Pull Power,A,Excellent HR swing plane,29.4,Weak,0.942,Good,6.1,66.7,94.4,0.555,Derived proxy,Derived proxy,Derived proxy,Derived proxy,,,7.14,4.14,Strong positive regression,Weak Pull Power profile. 5.2% barrel rate; 81.8 mph average exit velocity; 25.4% air-ball rate; 54.4% pull-air rate; 5.0% HR-launch rate.,0.0219,0.0266,3.81,32,16,38.0,0.84,84.2,Near normal interval,640455.0,Sean Manaea,L,RHB vs LHP,26,12,111.0,4.22,1.32,16,1.3,9.16,3.0,671.0,4.8,22.4,14.2,50.6,31.3,80.7,93.6,114.6,0.571,16.0,32.3,100.0,0.498,5.7,4-Seam Fastball,R,RHB vs LHP,42.8,31,0.24,0.355,0.4,0.755,1,5,9,0.0323,3.7,0.539,328,0.0366,5.0,0.579,3,3,0,0/3,0.0,0.0,0.0,0.0,0,0,2,39.1,Slight Pitcher Advantage,Below average,42.5,5,Pitch-level Statcast · last 5 MLB games,457,4-Seam Fastball,53.82932166301969,246.0,Sweeper,26.695842450765863,122.0,Sinker,15.317286652078774,70.0,Changeup,2.4070021881838075,11.0,Unknown,,Unknown,,No,100.0,1.0,1.0,50.0,0.965,0.973,49.2,Current-Season Handedness Matchup,Pull Air %,Barrel %,Max Exit Velocity,42.8,38.5,32.3,51.9,50.0,45.0,43.7,4.56,0.762,1.032,1.025,0.94,0.942,0.886,1.0,9.77,5.49,64.2,18.2,F,Lineup unconfirmed,Cutter,1.75054704595186,8.0,,,,,,
101,2026-08-21,823510,2026-08-21T23:05:00Z,Scheduled,Yankee Stadium,Toronto Blue Jays @ New York Yankees,Home,502671,Paul Goldschmidt,New York Yankees,Toronto Blue Jays,1B,R,No,,89,330,300,74,11,1,16,37,44,26,3,79,0.247,0.312,0.45,0.762,3,6,3,1,0,0.333,0.0,16,52,45,9,1,0.2,0.0192,437,59,4.8,21.5,30.7,35.6,33.6,16.0,24.8,28.4,28.4,6.2,2.8,6.2,60.8,83.0,20.7,0.508,69.9,94.0,107.7,12.1,10.1,4.0,46.9,21.8,Weak,2.0,Contact-First Profile,A-,Elevated power plane,21.8,Weak,0.921,Good,3.4,13.3,93.4,0.43,Derived proxy,Derived proxy,Derived proxy,Derived proxy,,,18.29,2.29,Positive regression,Weak Contact-First Profile profile. 4.8% barrel rate; 83.0 mph average exit velocity; 24.8% air-ball rate; 28.4% pull-air rate; 6.2% HR-launch rate.,0.0485,0.0441,3.99,41,15,18.8,2.19,218.7,Very long drought,,TBD,,Unknown,0,0,0.0,0.0,0.0,0,0.0,0.0,0.0,,,,,,,,,,,,50.0,0.0,,,Unknown,R,Unknown,50.0,0,,,,,0,0,0,,,,0,,,,0,0,0,0/0,,,,,0,0,0,50.0,Neutral Matchup,Average,50.0,0,,0,,,,,,,,,,,,,Unknown,,Unknown,,No,108.0,1.08,1.0,64.4,1.0,1.0,38.0,Current-Season Handedness Matchup,Pull Air %,Barrel %,Max Exit Velocity,50.0,50.0,50.0,13.8,64.4,45.0,43.6,4.56,0.901,1.0,1.0,1.0,0.921,0.921,1.06,16.47,9.57,69.7,33.3,D,Probable SP unavailable; Lineup unconfirmed,,,,,,,,,
102,2026-08-21,823420,2026-08-21T22:40:00Z,Scheduled,Citizens Bank Park,St. Louis Cardinals @ Philadelphia Phillies,Home,702222,Justin Crawford,Philadelphia Phillies,St. Louis Cardinals,CF,L,No,,118,374,344,93,17,4,2,38,31,21,3,68,0.27,0.316,0.36,0.676,11,33,31,10,0,0.323,0.0,25,76,68,22,0,0.324,0.0,550,104,1.1,22.5,28.9,38.3,31.8,9.4,20.3,29.6,30.1,3.8,2.1,3.8,32.5,81.4,9.4,0.4,66.7,93.3,109.2,6.3,8.5,2.1,36.7,14.2,Weak,1.5,Contact-First Profile,C,Low line-drive plane,14.2,Weak,0.9,Good,1.9,31.8,94.4,0.399,Derived proxy,Derived proxy,Derived proxy,Derived proxy,,,9.47,7.47,Strong positive regression,Weak Contact-First Profile profile. 1.1% barrel rate; 81.4 mph average exit velocity; 20.3% air-ball rate; 29.6% pull-air rate; 3.8% HR-launch rate.,0.0053,0.0118,3.99,223,80,172.0,1.3,129.7,Near normal interval,,TBD,,Unknown,0,0,0.0,0.0,0.0,0,0.0,0.0,0.0,,,,,,,,,,,,50.0,0.0,,,Unknown,L,Unknown,50.0,0,,,,,0,0,0,,,,0,,,,0,0,0,0/0,,,,,0,0,0,50.0,Neutral Matchup,Average,50.0,0,,0,,,,,,,,,,,,,Unknown,,Unknown,,No,108.0,1.08,1.0,64.4,1.0,1.0,35.9,Current-Season Handedness Matchup,Pull Air %,Barrel %,Max Exit Velocity,50.0,50.0,50.0,23.9,64.4,45.0,43.6,4.56,0.758,1.0,1.0,1.0,0.9,0.9,1.0,4.63,4.05,73.1,19.6,F,Probable SP unavailable; Lineup unconfirmed,,,,,,,,,
103,2026-08-21,823510,2026-08-21T23:05:00Z,Scheduled,Yankee Stadium,Toronto Blue Jays @ New York Yankees,Home,645305,Ali Sánchez,New York Yankees,Toronto Blue Jays,C,R,No,,37,65,61,16,2,0,1,6,7,1,2,16,0.262,0.292,0.344,0.636,5,5,5,1,0,0.2,0.0,15,24,23,7,1,0.304,0.0417,74,25,2.2,23.0,31.3,30.1,38.6,14.3,27.0,33.3,28.9,2.2,2.2,2.2,100.0,78.9,12.9,0.435,67.6,92.0,105.3,6.2,5.0,2.1,56.2,16.0,Weak,1.5,Contact-First Profile,A,Excellent HR swing plane,16.0,Weak,0.905,Good,4.0,33.3,93.2,0.433,Derived proxy,Derived proxy,Derived proxy,Derived proxy,,,1.65,0.65,Near expected,Weak Contact-First Profile profile. 2.2% barrel rate; 78.9 mph average exit velocity; 27.0% air-ball rate; 33.3% pull-air rate; 2.2% HR-launch rate.,0.0154,0.0262,3.87,14,12,61.0,0.23,23.0,Very recent HR,,TBD,,Unknown,0,0,0.0,0.0,0.0,0,0.0,0.0,0.0,,,,,,,,,,,,50.0,0.0,,,Unknown,R,Unknown,50.0,0,,,,,0,0,0,,,,0,,,,0,0,0,0/0,,,,,0,0,0,50.0,Neutral Matchup,Average,50.0,0,,0,,,,,,,,,,,,,Unknown,,Unknown,,No,108.0,1.08,1.0,64.4,1.0,1.0,35.0,Current-Season Handedness Matchup,Pull Air %,Barrel %,Max Exit Velocity,50.0,50.0,50.0,27.4,64.4,45.0,43.5,4.55,1.0,1.0,1.0,0.94,0.905,0.851,0.98,9.75,6.47,48.6,17.1,F,Small season sample; Probable SP unavailable; Lineup unconfirmed,,,,,,,,,
104,2026-08-21,824072,2026-08-22T00:10:00Z,Scheduled,Kauffman Stadium,Detroit Tigers @ Kansas City Royals,Home,670231,John Rave,Kansas City Royals,Detroit Tigers,RF,L,No,,27,69,62,12,5,1,2,10,5,5,0,16,0.194,0.254,0.403,0.657,10,25,23,2,0,0.087,0.0,18,48,44,8,1,0.182,0.0208,71,48,10.2,24.0,49.5,35.6,13.5,20.1,30.2,64.3,26.0,10.2,6.8,10.2,25.0,80.8,18.7,0.503,69.1,95.6,107.3,40.0,12.6,10.8,59.5,44.4,Below Average,3.0,Pull Power,A,Excellent HR swing plane,44.4,Below Average,0.984,Good,8.3,60.0,93.7,0.407,Derived proxy,Derived proxy,Derived proxy,Derived proxy,,,6.0,4.0,Strong positive regression,Below Average Pull Power profile. 10.2% barrel rate; 80.8 mph average exit velocity; 30.2% air-ball rate; 64.3% pull-air rate; 10.2% HR-launch rate.,0.029,0.0309,3.93,34,15,31.0,1.1,109.7,Near normal interval,675512.0,Troy Melton,R,LHB vs RHP,14,14,84.1,1.49,0.96,8,0.85,7.79,2.67,419.0,4.1,25.8,12.9,38.5,26.7,83.4,95.4,111.9,0.432,8.0,40.4,89.5,0.529,8.3,4-Seam Fastball,L,LHB vs RHP,43.2,49,0.205,0.286,0.432,0.718,2,5,12,0.0408,13.0,0.621,197,0.0355,3.8,0.44,0,0,0,0/0,,,,,0,0,0,43.6,Neutral Matchup,Average,50.0,5,Pitch-level Statcast · last 5 MLB games,458,4-Seam Fastball,31.87772925764192,146.0,Cutter,24.017467248908297,110.0,Slider,13.318777292576419,61.0,Split-Finger,12.882096069868995,59.0,Unknown,,Unknown,,No,100.0,1.0,1.0,50.0,0.981,0.966,53.7,Current-Season Handedness Matchup,Pull Air %,Barrel %,Max Exit Velocity,43.2,25.5,40.4,55.5,50.0,45.0,43.5,4.55,0.798,0.96,1.025,1.0,0.984,0.984,1.0,11.6,6.37,60.8,20.4,F,Small season sample; Lineup unconfirmed,Curveball,10.043668122270743,46.0,Sinker,6.11353711790393,28.0,Changeup,1.7467248908296944,8.0
105,2026-08-21,824559,2026-08-21T23:40:00Z,Scheduled,Rate Field,New York Mets @ Chicago White Sox,Away,683146,Brett Baty,New York Mets,Chicago White Sox,3B,L,No,,113,391,349,74,14,1,8,44,38,34,3,109,0.212,0.285,0.327,0.612,7,24,21,2,1,0.095,0.0417,16,48,44,6,2,0.136,0.0417,492,65,4.7,26.0,42.5,29.3,28.2,16.1,26.1,37.3,29.3,5.2,3.5,5.2,45.9,84.1,18.3,0.571,73.4,95.6,110.9,53.1,12.0,11.8,47.4,33.5,Weak,2.5,Contact-First Profile,A,Excellent HR swing plane,33.5,Weak,0.954,Good,4.6,41.2,96.5,0.614,Derived proxy,Derived proxy,Derived proxy,Derived proxy,,,21.15,13.15,Strong positive regression,Weak Contact-First Profile profile. 4.7% barrel rate; 84.1 mph average exit velocity; 26.1% air-ball rate; 37.3% pull-air rate; 5.2% HR-launch rate.,0.0205,0.0232,3.87,10,4,43.6,0.23,22.9,Very recent HR,680732.0,Sean Burke,R,LHB vs RHP,25,21,140.0,3.15,1.11,16,1.03,9.9,2.7,757.0,4.6,22.5,14.9,49.3,34.3,83.2,94.3,113.4,0.528,16.0,54.3,100.0,0.69,7.2,4-Seam Fastball,L,LHB vs RHP,34.4,314,0.228,0.294,0.356,0.65,8,26,82,0.0255,4.9,0.569,341,0.0323,5.2,0.558,0,0,0,0/0,,,,,0,0,0,44.5,Neutral Matchup,Average,50.0,5,Pitch-level Statcast · last 5 MLB games,450,4-Seam Fastball,37.111111111111114,167.0,Slider,22.666666666666668,102.0,Knuckle Curve,17.77777777777778,80.0,Sinker,10.88888888888889,49.0,Unknown,,Unknown,,No,100.0,1.0,1.0,50.0,1.009,0.971,42.1,Current-Season Handedness Matchup,Pull Air %,Barrel %,Max Exit Velocity,34.4,36.8,54.3,42.7,50.0,45.0,43.5,4.54,1.319,0.989,1.025,0.94,0.954,0.897,0.98,8.67,6.97,80.8,22.5,F,Lineup unconfirmed,Cutter,10.444444444444445,47.0,Changeup,1.1111111111111112,5.0,,,
106,2026-08-21,823420,2026-08-21T22:40:00Z,Scheduled,Citizens Bank Park,St. Louis Cardinals @ Philadelphia Phillies,Home,664761,Alec Bohm,Philadelphia Phillies,St. Louis Cardinals,3B,R,No,,123,500,455,110,22,0,14,46,71,32,8,69,0.242,0.3,0.382,0.682,11,41,37,16,1,0.432,0.0244,25,101,91,28,1,0.308,0.0099,674,150,3.6,25.1,30.4,36.1,33.3,14.0,28.1,23.3,34.5,7.4,3.2,7.4,45.4,84.3,17.0,0.504,70.2,95.2,108.8,14.8,12.6,4.9,43.5,22.2,Weak,2.0,Contact-First Profile,A,Excellent HR swing plane,22.2,Weak,0.922,Good,4.0,17.8,94.4,0.558,Derived proxy,Derived proxy,Derived proxy,Derived proxy,,,24.27,10.27,Strong positive regression,Weak Contact-First Profile profile. 3.6% barrel rate; 84.3 mph average exit velocity; 28.1% air-ball rate; 23.3% pull-air rate; 7.4% HR-launch rate.,0.028,0.0288,3.99,12,3,32.5,0.37,36.9,Recently homered,,TBD,,Unknown,0,0,0.0,0.0,0.0,0,0.0,0.0,0.0,,,,,,,,,,,,50.0,0.0,,,Unknown,R,Unknown,50.0,0,,,,,0,0,0,,,,0,,,,0,0,0,0/0,,,,,0,0,0,50.0,Neutral Matchup,Average,50.0,0,,0,,,,,,,,,,,,,Unknown,,Unknown,,No,108.0,1.08,1.0,64.4,1.0,1.0,36.6,Current-Season Handedness Matchup,Pull Air %,Barrel %,Max Exit Velocity,50.0,50.0,50.0,17.2,64.4,45.0,43.3,4.53,0.867,1.0,1.0,1.0,0.922,0.922,1.0,11.0,6.79,75.0,21.8,F,Probable SP unavailable; Lineup unconfirmed,,,,,,,,,
107,2026-08-21,824152,2026-08-22T00:10:00Z,Scheduled,Daikin Park,Athletics @ Houston Astros,Away,680869,Zack Gelof,Athletics,Houston Astros,3B,R,No,,77,290,264,71,12,1,14,50,36,20,4,71,0.269,0.33,0.481,0.811,10,43,37,9,3,0.243,0.0698,10,43,37,9,3,0.243,0.0698,336,49,6.9,24.7,37.3,31.9,30.5,17.6,28.2,42.9,27.2,7.6,4.5,7.6,74.5,82.1,22.0,0.63,71.9,94.2,109.2,34.0,12.4,8.9,59.8,36.8,Below Average,2.5,Pull Power,A-,Elevated power plane,36.8,Below Average,0.963,Good,10.2,35.7,93.0,0.776,Derived proxy,Derived proxy,Derived proxy,Derived proxy,,,19.57,5.57,Strong positive regression,Below Average Pull Power profile. 6.9% barrel rate; 82.1 mph average exit velocity; 28.2% air-ball rate; 42.9% pull-air rate; 7.6% HR-launch rate.,0.0483,0.0435,4.15,14,4,18.9,0.74,74.2,Recently homered,669713.0,Hayden Wesneski,R,RHB vs RHP,4,4,22.2,5.16,1.32,2,0.79,7.15,2.78,109.0,5.5,32.1,17.4,41.0,29.4,85.4,97.9,109.2,0.518,2.0,38.9,100.0,0.57,5.5,Sweeper,R,RHB vs RHP,38.9,208,0.266,0.333,0.495,0.828,11,15,52,0.0529,4.6,0.557,47,0.0,0.0,0.444,0,0,0,0/0,,,,,0,0,0,41.1,Slight Pitcher Advantage,Below average,50.0,4,Pitch-level Statcast · last 5 MLB games,321,Sweeper,29.28348909657321,94.0,4-Seam Fastball,24.922118380062305,80.0,Sinker,19.626168224299064,63.0,Cutter,16.1993769470405,52.0,Unknown,,Unknown,,No,100.0,1.0,1.0,50.0,0.978,0.98,46.9,Current-Season Handedness Matchup,Pull Air %,Barrel %,Max Exit Velocity,38.9,38.5,38.9,42.9,50.0,45.0,43.2,4.51,1.241,0.984,0.985,1.0,0.963,0.963,1.0,16.86,10.84,76.2,30.4,D,Lineup unconfirmed,Changeup,9.345794392523365,30.0,Curveball,0.6230529595015576,2.0,,,
108,2026-08-21,824800,2026-08-21T23:15:00Z,Scheduled,Oriole Park at Camden Yards,Tampa Bay Rays @ Baltimore Orioles,Home,641933,Tyler O'Neill,Baltimore Orioles,Tampa Bay Rays,RF,R,No,,83,252,223,49,8,0,10,31,23,27,2,70,0.22,0.31,0.39,0.7,10,39,34,8,1,0.235,0.0256,20,64,56,14,4,0.25,0.0625,303,81,6.2,26.2,44.6,26.0,29.5,20.2,30.1,48.5,24.1,7.1,4.5,7.1,62.2,84.1,22.6,0.612,70.5,95.7,110.1,18.1,11.2,2.6,53.0,34.6,Weak,2.5,Pull Power,A-,Elevated power plane,34.6,Weak,0.957,Good,6.2,47.8,95.4,0.661,Derived proxy,Derived proxy,Derived proxy,Derived proxy,,,17.42,7.42,Strong positive regression,Weak Pull Power profile. 6.2% barrel rate; 84.1 mph average exit velocity; 30.1% air-ball rate; 48.5% pull-air rate; 7.1% HR-launch rate.,0.0397,0.0372,3.99,27,8,22.3,1.21,121.1,Near normal interval,642547.0,Freddy Peralta,R,RHB vs RHP,25,25,128.0,5.27,1.48,20,1.41,8.65,3.73,760.0,3.4,23.0,14.1,46.1,30.1,82.1,93.6,114.7,0.504,20.0,52.2,98.3,0.661,7.5,4-Seam Fastball,R,RHB vs RHP,21.9,132,0.211,0.318,0.289,0.608,2,16,37,0.0152,3.9,0.484,207,0.0242,2.9,0.479,17,16,4,4/16,0.25,0.294,0.313,0.607,0,1,7,32.5,Slight Pitcher Advantage,Below average,21.8,5,Pitch-level Statcast · last 5 MLB games,445,4-Seam Fastball,55.28089887640449,246.0,Changeup,23.370786516853933,104.0,Curveball,9.662921348314606,43.0,Sweeper,9.438202247191011,42.0,Unknown,,Unknown,,No,99.0,0.99,1.0,48.2,1.004,0.959,45.3,Current-Season Handedness Matchup,Pull Air %,Barrel %,Max Exit Velocity,21.9,30.7,52.2,50.1,48.2,45.0,43.1,4.5,1.054,1.05,0.985,1.0,0.957,0.957,1.0,14.04,8.76,75.1,27.4,F,Lineup unconfirmed,Slow Curve,1.348314606741573,6.0,Slider,0.898876404494382,4.0,,,
109,2026-08-21,825045,2026-08-22T01:40:00Z,Scheduled,Chase Field,Cincinnati Reds @ Arizona Diamondbacks,Away,701398,Sal Stewart,Cincinnati Reds,Arizona Diamondbacks,1B,R,No,,128,553,487,126,24,0,27,70,96,55,4,121,0.259,0.335,0.474,0.809,13,55,51,15,2,0.294,0.0364,27,113,101,30,6,0.297,0.0531,662,139,6.6,22.0,33.8,31.3,33.0,15.6,28.1,33.0,30.8,7.1,3.7,7.1,65.8,84.4,19.6,0.64,69.9,95.1,111.0,23.8,11.7,6.0,55.8,32.3,Weak,2.5,Contact-First Profile,A,Excellent HR swing plane,32.3,Weak,0.95,Good,5.0,33.3,94.4,0.651,Derived proxy,Derived proxy,Derived proxy,Derived proxy,,,37.27,10.27,Strong positive regression,Weak Contact-First Profile profile. 6.6% barrel rate; 84.4 mph average exit velocity; 28.1% air-ball rate; 33.0% pull-air rate; 7.1% HR-launch rate.,0.0488,0.0458,4.15,4,1,18.0,0.22,22.2,Very recent HR,593958.0,Eduardo Rodriguez,L,RHB vs LHP,25,25,149.1,2.71,1.21,14,0.84,6.39,2.83,838.0,5.3,22.2,15.9,38.4,30.9,81.6,93.8,112.0,0.545,14.0,54.9,99.9,0.693,7.3,4-Seam Fastball,R,RHB vs LHP,47.8,131,0.277,0.382,0.509,0.891,7,18,31,0.0534,8.4,0.724,431,0.0255,4.6,0.529,2,2,0,0/2,0.0,0.0,0.0,0.0,0,0,0,49.7,Neutral Matchup,Average,45.0,5,Pitch-level Statcast · last 5 MLB games,516,4-Seam Fastball,40.116279069767444,207.0,Changeup,23.643410852713178,122.0,Cutter,14.34108527131783,74.0,Curveball,12.4031007751938,64.0,Unknown,,Unknown,,No,100.0,1.0,1.0,50.0,1.01,0.978,46.1,Current-Season Handedness Matchup,Pull Air %,Barrel %,Max Exit Velocity,47.8,32.0,54.9,32.0,50.0,45.0,43.0,4.49,0.983,0.958,1.025,1.0,0.95,0.95,0.98,17.69,9.59,85.0,29.6,F,Lineup unconfirmed,Sinker,9.30232558139535,48.0,Pitch Out,0.1937984496124031,1.0,,,
110,2026-08-21,823830,2026-08-21T23:10:00Z,Scheduled,loanDepot park,Washington Nationals @ Miami Marlins,Home,691788,Joe Mack,Miami Marlins,Washington Nationals,C,L,No,,77,247,225,53,7,0,12,32,36,16,2,64,0.236,0.292,0.427,0.719,7,24,21,5,1,0.238,0.0417,18,57,52,11,3,0.212,0.0526,312,72,6.3,26.4,57.8,24.4,17.8,12.2,22.2,52.5,27.7,7.4,4.9,7.4,63.4,82.0,10.8,0.566,71.3,95.1,110.0,36.4,11.8,9.5,52.9,39.9,Below Average,2.5,Pull Power,A,Excellent HR swing plane,39.9,Below Average,0.972,Good,5.6,57.1,94.7,0.537,Derived proxy,Derived proxy,Derived proxy,Derived proxy,,,17.73,5.73,Strong positive regression,Below Average Pull Power profile. 6.3% barrel rate; 82.0 mph average exit velocity; 22.2% air-ball rate; 52.5% pull-air rate; 7.4% HR-launch rate.,0.0486,0.0432,3.99,4,1,18.8,0.21,21.3,Very recent HR,695418.0,Brad Lord,R,LHB vs RHP,30,3,62.1,4.04,1.25,7,1.01,8.23,3.61,414.0,3.6,22.7,8.7,34.8,28.0,81.9,94.0,115.9,0.515,7.0,42.4,99.6,0.585,6.4,4-Seam Fastball,L,LHB vs RHP,51.0,198,0.25,0.303,0.462,0.765,11,12,51,0.0556,6.7,0.602,129,0.0388,5.7,0.702,0,0,0,0/0,,,,,0,0,0,47.8,Neutral Matchup,Average,50.0,5,Pitch-level Statcast · last 5 MLB games,208,4-Seam Fastball,33.17307692307692,69.0,Sinker,27.403846153846153,57.0,Slider,25.0,52.0,Sweeper,11.538461538461538,24.0,Unknown,,Unknown,,No,94.0,0.94,1.0,39.2,0.985,0.961,54.9,Current-Season Handedness Matchup,Pull Air %,Barrel %,Max Exit Velocity,51.0,24.0,42.4,51.4,39.2,45.0,42.7,4.46,1.032,0.987,1.025,1.0,0.972,0.972,0.98,16.14,8.93,74.2,25.7,F,Lineup unconfirmed,Changeup,2.8846153846153846,6.0,,,,,,
111,2026-08-21,823262,2026-08-22T01:40:00Z,Scheduled,Petco Park,Minnesota Twins @ San Diego Padres,Away,807712,Luke Keaschall,Minnesota Twins,San Diego Padres,2B,R,No,,119,471,401,109,19,1,7,59,36,47,15,72,0.272,0.364,0.377,0.741,11,47,39,14,1,0.359,0.0213,23,96,79,25,3,0.316,0.0312,579,104,2.1,22.2,37.9,30.5,31.4,19.1,34.3,34.7,32.5,6.2,3.8,6.2,87.5,81.0,17.5,0.457,66.6,93.7,106.5,8.8,9.4,2.6,49.8,21.1,Weak,2.0,Contact-First Profile,A,Excellent HR swing plane,21.1,Weak,0.919,Good,1.9,34.1,94.6,0.512,Derived proxy,Derived proxy,Derived proxy,Derived proxy,,,15.36,8.36,Strong positive regression,Weak Contact-First Profile profile. 2.1% barrel rate; 81.0 mph average exit velocity; 34.3% air-ball rate; 34.7% pull-air rate; 6.2% HR-launch rate.,0.0149,0.0183,4.05,21,5,57.3,0.37,36.7,Recently homered,,TBD,,Unknown,0,0,0.0,0.0,0.0,0,0.0,0.0,0.0,,,,,,,,,,,,50.0,0.0,,,Unknown,R,Unknown,50.0,0,,,,,0,0,0,,,,0,,,,0,0,0,0/0,,,,,0,0,0,50.0,Neutral Matchup,Average,50.0,0,,0,,,,,,,,,,,,,Unknown,,Unknown,,No,94.0,0.94,1.0,39.2,1.0,1.0,38.1,Current-Season Handedness Matchup,Pull Air %,Barrel %,Max Exit Velocity,50.0,50.0,50.0,26.5,39.2,45.0,42.6,4.46,1.162,1.0,1.0,1.0,0.919,0.919,1.0,7.22,5.71,74.7,21.0,F,Probable SP unavailable; Lineup unconfirmed,,,,,,,,,
112,2026-08-21,825045,2026-08-22T01:40:00Z,Scheduled,Chase Field,Cincinnati Reds @ Arizona Diamondbacks,Home,694374,Tim Tawa,Arizona Diamondbacks,Cincinnati Reds,1B,R,No,,71,225,200,47,9,0,7,23,29,16,0,53,0.235,0.288,0.385,0.673,11,46,42,10,1,0.238,0.0217,26,104,94,24,3,0.255,0.0288,284,126,5.4,29.5,42.4,33.6,23.2,14.4,24.7,38.6,30.7,8.1,5.1,8.1,45.6,83.4,14.7,0.558,69.6,96.4,109.6,34.6,12.5,11.3,51.0,36.1,Below Average,2.5,Contact-First Profile,A,Excellent HR swing plane,36.1,Below Average,0.961,Good,6.3,37.5,98.2,0.582,Derived proxy,Derived proxy,Derived proxy,Derived proxy,,,14.37,7.37,Strong positive regression,Below Average Contact-First Profile profile. 5.4% barrel rate; 83.4 mph average exit velocity; 24.7% air-ball rate; 38.6% pull-air rate; 8.1% HR-launch rate.,0.0311,0.0314,3.93,20,5,28.6,0.7,70.0,Recently homered,666157.0,Nick Lodolo,L,RHB vs LHP,14,14,71.2,4.52,1.42,12,1.51,7.16,3.64,405.0,6.4,24.9,13.3,35.4,32.6,83.4,95.9,115.9,0.595,12.0,38.4,100.0,0.619,2.7,Sinker,R,RHB vs LHP,38.5,59,0.173,0.241,0.231,0.472,0,5,16,0.0,3.7,0.454,239,0.046,8.0,0.621,2,2,2,2/2,1.0,1.0,1.0,2.0,0,0,0,41.3,Slight Pitcher Advantage,Below average,52.5,5,Pitch-level Statcast · last 5 MLB games,414,4-Seam Fastball,28.502415458937197,118.0,Sinker,26.08695652173913,108.0,Changeup,23.67149758454106,98.0,Curveball,21.73913043478261,90.0,Unknown,,Unknown,,No,100.0,1.0,1.0,50.0,0.977,0.989,44.3,Current-Season Handedness Matchup,Pull Air %,Barrel %,Max Exit Velocity,38.5,38.6,38.4,46.4,50.0,45.0,42.4,4.43,0.917,1.066,1.025,1.0,0.961,0.961,1.0,11.79,7.39,76.1,22.8,F,Lineup unconfirmed,,,,,,,,,
113,2026-08-21,824800,2026-08-21T23:15:00Z,Scheduled,Oriole Park at Camden Yards,Tampa Bay Rays @ Baltimore Orioles,Away,668723,Ryan Vilade,Tampa Bay Rays,Baltimore Orioles,RF,R,No,,73,212,189,49,8,1,11,24,37,18,1,47,0.259,0.322,0.487,0.809,9,22,19,6,2,0.316,0.0909,18,45,41,11,4,0.268,0.0889,316,67,3.6,19.7,43.5,30.0,26.0,14.3,22.3,57.9,32.0,4.2,3.1,4.2,118.2,80.5,25.6,0.671,74.8,92.8,112.2,61.6,8.6,9.2,37.1,36.1,Below Average,2.5,Pull Power,A-,Elevated power plane,36.1,Below Average,0.961,Good,4.5,71.4,92.0,0.835,Derived proxy,Derived proxy,Derived proxy,Derived proxy,,,12.1,1.1,Near expected,Below Average Pull Power profile. 3.6% barrel rate; 80.5 mph average exit velocity; 22.3% air-ball rate; 57.9% pull-air rate; 4.2% HR-launch rate.,0.0519,0.0447,4.15,6,2,17.2,0.35,34.9,Very recent HR,669432.0,Trevor Rogers,L,RHB vs LHP,23,23,125.2,4.15,1.25,13,0.93,7.73,2.51,764.0,4.3,23.3,12.3,42.9,27.9,82.2,94.5,117.3,0.514,13.0,35.5,100.0,0.58,3.3,4-Seam Fastball,R,RHB vs LHP,41.0,126,0.281,0.333,0.535,0.868,7,10,29,0.0556,3.0,0.607,395,0.0304,5.1,0.551,6,4,4,4/4,1.0,0.833,2.5,3.333,1,1,0,43.8,Neutral Matchup,Average,65.0,5,Pitch-level Statcast · last 5 MLB games,452,4-Seam Fastball,47.34513274336283,214.0,Changeup,20.353982300884955,92.0,Sweeper,15.70796460176991,71.0,Cutter,8.4070796460177,38.0,Unknown,,Unknown,,No,99.0,0.99,1.0,48.2,0.971,0.968,51.7,Current-Season Handedness Matchup,Pull Air %,Barrel %,Max Exit Velocity,41.0,31.1,35.5,43.5,48.2,45.0,42.3,4.43,1.35,0.973,1.025,1.0,0.961,0.961,0.98,17.29,11.5,70.7,30.7,D,Lineup unconfirmed,Sinker,8.185840707964601,37.0,,,,,,
114,2026-08-21,823101,2026-08-22T02:10:00Z,Scheduled,T-Mobile Park,Chicago Cubs @ Seattle Mariners,Away,673548,Seiya Suzuki,Chicago Cubs,Seattle Mariners,RF,R,No,,110,483,418,112,24,0,22,71,74,58,4,124,0.268,0.36,0.483,0.843,10,44,39,9,3,0.231,0.0682,24,112,96,25,5,0.26,0.0446,592,140,7.5,22.1,44.1,25.7,30.2,15.1,27.7,46.7,30.4,7.0,4.4,7.0,50.1,82.2,23.3,0.593,71.2,93.9,112.1,34.4,11.0,10.5,45.2,38.6,Below Average,2.5,Pull Power,A-,Elevated power plane,38.6,Below Average,0.968,Good,9.3,47.4,92.3,0.567,Derived proxy,Derived proxy,Derived proxy,Derived proxy,,,37.01,15.01,Strong positive regression,Below Average Pull Power profile. 7.5% barrel rate; 82.2 mph average exit velocity; 27.7% air-ball rate; 46.7% pull-air rate; 7.0% HR-launch rate.,0.0455,0.0429,4.15,7,2,19.0,0.37,36.8,Recently homered,676106.0,Emerson Hancock,R,RHB vs RHP,23,23,128.0,3.3,1.11,16,1.13,8.37,2.25,732.0,4.8,23.1,14.5,33.7,30.7,83.2,94.4,114.7,0.547,16.0,45.1,99.8,0.613,6.4,4-Seam Fastball,R,RHB vs RHP,37.8,355,0.256,0.344,0.458,0.802,15,39,98,0.0423,7.3,0.59,222,0.027,3.6,0.501,6,6,1,1/6,0.167,0.167,0.667,0.834,1,0,3,43.8,Neutral Matchup,Average,54.8,5,Pitch-level Statcast · last 5 MLB games,474,4-Seam Fastball,41.561181434599156,197.0,Sinker,23.839662447257385,113.0,Sweeper,10.759493670886076,51.0,Cutter,10.126582278481013,48.0,Unknown,,Unknown,,No,92.0,0.92,1.0,35.6,0.99,0.973,50.9,Current-Season Handedness Matchup,Pull Air %,Barrel %,Max Exit Velocity,37.8,27.7,45.1,50.4,35.6,45.0,42.3,4.42,1.138,1.005,0.985,1.0,0.968,0.968,1.0,16.62,9.67,85.0,30.3,D,Lineup unconfirmed,Curveball,9.70464135021097,46.0,Changeup,4.008438818565401,19.0,,,
115,2026-08-21,823420,2026-08-21T22:40:00Z,Scheduled,Citizens Bank Park,St. Louis Cardinals @ Philadelphia Phillies,Away,676475,Alec Burleson,St. Louis Cardinals,Philadelphia Phillies,1B,L,No,,128,544,489,141,33,1,21,73,93,46,6,91,0.288,0.355,0.489,0.844,13,58,51,16,3,0.314,0.0517,28,120,106,34,6,0.321,0.05,755,176,7.2,30.8,55.6,20.6,23.7,13.1,25.4,44.1,32.9,8.1,4.7,8.1,41.9,86.0,17.1,0.697,71.7,97.9,113.4,35.8,14.6,12.7,51.5,45.6,Below Average,3.0,Pull Power,A,Excellent HR swing plane,45.6,Below Average,0.988,Good,6.8,41.5,97.6,0.753,Derived proxy,Derived proxy,Derived proxy,Derived proxy,,,49.66,28.66,Strong positive regression,Below Average Pull Power profile. 7.2% barrel rate; 86.0 mph average exit velocity; 25.4% air-ball rate; 44.1% pull-air rate; 8.1% HR-launch rate.,0.0386,0.0374,4.15,21,5,23.3,0.9,90.2,Near normal interval,666200.0,Jesús Luzardo,L,LHB vs LHP,25,25,150.1,3.23,1.15,12,0.72,11.08,2.75,698.0,3.6,20.5,11.5,37.3,28.4,81.7,93.4,110.9,0.454,12.0,45.0,100.0,0.627,5.7,Sweeper,L,LHB vs LHP,18.2,167,0.204,0.24,0.299,0.539,3,8,29,0.018,5.6,0.556,155,0.0065,1.2,0.296,0,0,0,0/0,,,,,0,0,0,34.0,Slight Pitcher Advantage,Below average,50.0,5,Pitch-level Statcast · last 5 MLB games,512,Sweeper,41.015625,210.0,4-Seam Fastball,25.9765625,133.0,Sinker,18.75,96.0,Changeup,14.2578125,73.0,Unknown,,Unknown,,No,108.0,1.08,1.0,64.4,0.99,0.961,48.3,Current-Season Handedness Matchup,Pull Air %,Barrel %,Max Exit Velocity,18.2,22.9,45.0,50.0,64.4,45.0,42.2,4.42,1.145,0.939,0.985,1.0,0.988,0.988,1.0,14.63,9.48,85.0,30.7,D,Lineup unconfirmed,,,,,,,,,
116,2026-08-21,824721,2026-08-21T23:10:00Z,Scheduled,Fenway Park,San Francisco Giants @ Boston Red Sox,Home,677800,Wilyer Abreu,Boston Red Sox,San Francisco Giants,RF,L,No,,124,540,471,121,27,3,22,72,67,58,2,106,0.257,0.336,0.467,0.803,11,48,38,10,2,0.263,0.0417,25,111,92,23,7,0.25,0.0631,731,136,7.0,27.2,43.6,25.5,30.8,18.1,29.2,37.6,32.4,8.2,5.9,8.2,53.1,82.7,25.1,0.647,72.4,95.4,112.3,35.7,13.4,11.5,48.3,39.3,Below Average,2.5,Contact-First Profile,A-,Elevated power plane,39.3,Below Average,0.97,Good,7.4,36.8,95.9,0.677,Derived proxy,Derived proxy,Derived proxy,Derived proxy,,,43.37,21.37,Strong positive regression,Below Average Contact-First Profile profile. 7.0% barrel rate; 82.7 mph average exit velocity; 29.2% air-ball rate; 37.6% pull-air rate; 8.2% HR-launch rate.,0.0407,0.0392,4.09,15,4,21.4,0.7,70.1,Recently homered,657277.0,Logan Webb,R,LHB vs RHP,22,22,139.0,3.5,1.06,9,0.58,7.12,2.07,719.0,3.1,23.9,11.5,39.5,27.4,81.8,94.4,114.4,0.464,9.0,50.0,100.0,0.632,7.9,Sinker,L,LHB vs RHP,38.0,379,0.234,0.307,0.449,0.756,17,38,80,0.0449,7.4,0.662,345,0.0174,3.3,0.471,3,2,2,2/2,1.0,1.0,2.5,3.5,0,1,0,45.3,Neutral Matchup,Average,53.8,5,Pitch-level Statcast · last 5 MLB games,471,Changeup,25.05307855626327,118.0,Sinker,23.35456475583864,110.0,Sweeper,18.683651804670912,88.0,Cutter,17.409766454352443,82.0,Unknown,,Unknown,,No,102.0,1.02,1.0,53.6,1.0,0.956,47.6,Current-Season Handedness Matchup,Pull Air %,Barrel %,Max Exit Velocity,38.0,25.9,50.0,43.5,53.6,45.0,42.2,4.42,1.124,0.917,1.025,1.0,0.97,0.97,1.0,15.07,9.2,85.0,28.9,F,Lineup unconfirmed,4-Seam Fastball,15.498938428874734,73.0,,,,,,
117,2026-08-21,825045,2026-08-22T01:40:00Z,Scheduled,Chase Field,Cincinnati Reds @ Arizona Diamondbacks,Home,663457,Lars Nootbaar,Arizona Diamondbacks,Cincinnati Reds,LF,L,No,,60,228,195,43,9,1,4,25,19,32,0,47,0.221,0.329,0.338,0.667,8,29,24,3,1,0.125,0.0345,23,86,74,13,1,0.176,0.0116,258,101,5.3,31.7,46.6,26.1,26.9,15.9,26.8,36.6,24.8,7.5,4.4,7.5,25.6,85.9,13.3,0.507,70.9,97.3,112.0,35.7,12.5,9.2,52.6,34.8,Weak,2.5,Contact-First Profile,A,Excellent HR swing plane,34.8,Weak,0.957,Good,5.0,40.0,97.3,0.435,Derived proxy,Derived proxy,Derived proxy,Derived proxy,,,13.12,9.12,Strong positive regression,Weak Contact-First Profile profile. 5.3% barrel rate; 85.9 mph average exit velocity; 26.8% air-ball rate; 36.6% pull-air rate; 7.5% HR-launch rate.,0.0175,0.0225,3.99,0,0,48.8,0.0,0.0,Very recent HR,666157.0,Nick Lodolo,L,LHB vs LHP,14,14,71.2,4.52,1.42,12,1.51,7.16,3.64,405.0,6.4,24.9,13.3,35.4,32.6,83.4,95.9,115.9,0.595,12.0,40.8,100.0,0.608,4.5,Sinker,L,LHB vs LHP,36.8,41,0.143,0.244,0.229,0.472,1,5,10,0.0244,7.3,0.511,79,0.0127,1.1,0.519,2,2,0,0/2,0.0,0.0,0.0,0.0,0,0,2,39.8,Slight Pitcher Advantage,Below average,45.0,5,Pitch-level Statcast · last 5 MLB games,414,4-Seam Fastball,28.502415458937197,118.0,Sinker,26.08695652173913,108.0,Changeup,23.67149758454106,98.0,Curveball,21.73913043478261,90.0,Unknown,,Unknown,,No,100.0,1.0,1.0,50.0,0.982,0.989,43.3,Current-Season Handedness Matchup,Pull Air %,Barrel %,Max Exit Velocity,36.8,38.6,40.8,43.8,50.0,45.0,42.2,4.42,1.03,1.066,0.985,0.965,0.957,0.924,0.98,8.69,6.15,75.2,20.6,F,Lineup unconfirmed,,,,,,,,,
118,2026-08-21,824721,2026-08-21T23:10:00Z,Scheduled,Fenway Park,San Francisco Giants @ Boston Red Sox,Away,646240,Rafael Devers,San Francisco Giants,Boston Red Sox,1B,L,No,,127,538,479,117,31,1,25,67,69,54,1,141,0.244,0.32,0.47,0.79,11,46,40,8,1,0.2,0.0217,25,105,90,23,5,0.256,0.0476,675,129,5.7,30.8,43.3,23.2,33.3,18.1,26.4,33.7,28.3,7.2,3.8,7.2,66.7,85.6,22.0,0.583,70.5,97.8,112.5,17.5,11.6,4.4,57.9,32.9,Weak,2.5,Contact-First Profile,A-,Elevated power plane,32.9,Weak,0.952,Good,5.4,29.4,98.5,0.514,Derived proxy,Derived proxy,Derived proxy,Derived proxy,,,35.1,10.1,Strong positive regression,Weak Contact-First Profile profile. 5.7% barrel rate; 85.6 mph average exit velocity; 26.4% air-ball rate; 33.7% pull-air rate; 7.2% HR-launch rate.,0.0465,0.0438,4.05,11,3,19.2,0.57,57.4,Recently homered,543243.0,Sonny Gray,R,LHB vs RHP,23,23,132.2,2.65,1.15,13,0.88,7.94,2.31,634.0,4.1,25.2,13.7,47.0,27.1,83.4,95.5,111.1,0.481,13.0,44.3,99.9,0.619,5.7,Sinker,L,LHB vs RHP,43.6,353,0.273,0.351,0.559,0.911,21,39,88,0.0595,6.1,0.669,349,0.0229,4.4,0.498,23,21,6,6/21,0.286,0.348,0.619,0.967,2,2,5,50.6,Neutral Matchup,Average,77.1,5,Pitch-level Statcast · last 5 MLB games,440,Sweeper,24.09090909090909,106.0,Sinker,23.636363636363637,104.0,Curveball,17.045454545454547,75.0,4-Seam Fastball,15.909090909090908,70.0,Unknown,,Unknown,,No,102.0,1.02,1.0,53.6,0.989,0.966,46.0,Current-Season Handedness Matchup,Pull Air %,Barrel %,Max Exit Velocity,43.6,33.1,44.3,37.4,53.6,45.0,42.1,4.41,0.905,0.965,1.025,1.0,0.952,0.952,1.0,16.6,8.69,85.0,27.9,F,Lineup unconfirmed,Cutter,15.909090909090908,70.0,Changeup,3.409090909090909,15.0,,,
119,2026-08-21,823262,2026-08-22T01:40:00Z,Scheduled,Petco Park,Minnesota Twins @ San Diego Padres,Away,605170,Victor Caratini,Minnesota Twins,San Diego Padres,C,S,No,,91,335,285,64,9,0,7,27,38,32,10,67,0.225,0.316,0.33,0.646,5,20,16,4,0,0.25,0.0,16,53,46,8,0,0.174,0.0,389,65,3.4,26.2,38.8,28.8,32.4,11.9,26.6,32.6,29.0,5.9,3.7,5.9,26.8,83.7,14.0,0.458,69.6,95.1,107.7,13.6,11.2,4.3,48.8,22.8,Weak,2.0,Contact-First Profile,A,Excellent HR swing plane,22.8,Weak,0.924,Good,1.5,21.4,94.0,0.38,Derived proxy,Derived proxy,Derived proxy,Derived proxy,,,13.48,6.48,Strong positive regression,Weak Contact-First Profile profile. 3.4% barrel rate; 83.7 mph average exit velocity; 26.6% air-ball rate; 32.6% pull-air rate; 5.9% HR-launch rate.,0.0209,0.0238,3.93,90,29,40.7,2.21,221.1,Very long drought,,TBD,,Unknown,0,0,0.0,0.0,0.0,0,0.0,0.0,0.0,,,,,,,,,,,,50.0,0.0,,,Unknown,S,Unknown,50.0,0,,,,,0,0,0,,,,0,,,,0,0,0,0/0,,,,,0,0,0,50.0,Neutral Matchup,Average,50.0,0,,0,,,,,,,,,,,,,Unknown,,Unknown,,No,94.0,0.94,1.0,39.2,1.0,1.0,39.2,Current-Season Handedness Matchup,Pull Air %,Barrel %,Max Exit Velocity,50.0,50.0,50.0,13.3,39.2,45.0,42.0,4.4,0.758,1.0,1.0,0.94,0.924,0.868,1.06,9.04,5.12,70.2,24.7,F,Probable SP unavailable; Lineup unconfirmed,,,,,,,,,
120,2026-08-21,823101,2026-08-22T02:10:00Z,Scheduled,T-Mobile Park,Chicago Cubs @ Seattle Mariners,Home,642215,Weston Wilson,Seattle Mariners,Chicago Cubs,3B,R,No,,51,117,102,20,3,0,4,13,11,14,1,35,0.196,0.299,0.343,0.642,7,16,11,1,1,0.091,0.0625,16,42,35,5,1,0.143,0.0238,131,44,3.3,19.8,43.5,31.7,23.7,11.8,19.2,51.1,32.1,7.3,5.9,7.3,87.0,79.4,12.6,0.449,69.1,92.1,109.4,15.8,10.4,3.3,44.7,29.7,Weak,2.0,Pull Power,A,Excellent HR swing plane,29.7,Weak,0.943,Good,2.3,50.0,91.5,0.464,Derived proxy,Derived proxy,Derived proxy,Derived proxy,,,4.98,0.98,Near expected,Weak Pull Power profile. 3.3% barrel rate; 79.4 mph average exit velocity; 19.2% air-ball rate; 51.1% pull-air rate; 7.3% HR-launch rate.,0.0342,0.0331,3.87,4,4,25.5,0.16,15.7,Very recent HR,571510.0,Matthew Boyd,L,RHB vs LHP,15,15,85.0,4.02,1.24,13,1.38,7.2,2.75,483.0,6.2,22.8,13.0,46.8,30.8,81.6,94.1,112.5,0.567,13.0,36.0,100.0,0.516,6.7,4-Seam Fastball,R,RHB vs LHP,42.9,73,0.215,0.301,0.385,0.686,3,7,22,0.0411,4.6,0.504,263,0.0456,6.9,0.587,2,2,1,1/2,0.5,0.5,0.5,1.0,0,0,0,42.1,Slight Pitcher Advantage,Below average,50.9,5,Pitch-level Statcast · last 5 MLB games,473,4-Seam Fastball,45.03171247357294,213.0,Changeup,24.312896405919663,115.0,Curveball,17.12473572938689,81.0,Slider,13.10782241014799,62.0,Unknown,,Unknown,,No,92.0,0.92,1.0,35.6,0.972,0.987,46.8,Current-Season Handedness Matchup,Pull Air %,Barrel %,Max Exit Velocity,42.9,42.4,36.0,35.7,35.6,45.0,42.0,4.39,1.145,1.045,1.025,0.94,0.943,0.887,0.98,12.21,7.6,63.7,21.1,F,Lineup unconfirmed,Sinker,0.42283298097251587,2.0,,,,,,
121,2026-08-21,823420,2026-08-21T22:40:00Z,Scheduled,Citizens Bank Park,St. Louis Cardinals @ Philadelphia Phillies,Home,650333,Luis Arraez,Philadelphia Phillies,St. Louis Cardinals,2B,L,No,,120,533,486,155,27,7,6,61,54,27,4,24,0.319,0.353,0.44,0.793,11,51,49,14,1,0.286,0.0196,24,109,105,33,2,0.314,0.0183,856,184,1.0,11.2,36.5,29.1,34.5,18.7,34.0,30.6,36.2,3.4,2.2,3.4,88.3,81.5,21.0,0.41,61.6,91.0,105.7,0.0,6.4,0.0,50.9,15.2,Weak,1.5,Contact-First Profile,A-,Elevated power plane,15.2,Weak,0.903,Good,1.6,27.9,90.9,0.435,Derived proxy,Derived proxy,Derived proxy,Derived proxy,,,13.98,7.98,Strong positive regression,Weak Contact-First Profile profile. 1.0% barrel rate; 81.5 mph average exit velocity; 34.0% air-ball rate; 30.6% pull-air rate; 3.4% HR-launch rate.,0.0113,0.0151,3.99,0,0,81.0,0.0,0.0,Very recent HR,,TBD,,Unknown,0,0,0.0,0.0,0.0,0,0.0,0.0,0.0,,,,,,,,,,,,50.0,0.0,,,Unknown,L,Unknown,50.0,0,,,,,0,0,0,,,,0,,,,0,0,0,0/0,,,,,0,0,0,50.0,Neutral Matchup,Average,50.0,0,,0,,,,,,,,,,,,,Unknown,,Unknown,,No,108.0,1.08,1.0,64.4,1.0,1.0,33.8,Current-Season Handedness Matchup,Pull Air %,Barrel %,Max Exit Velocity,50.0,50.0,50.0,13.2,64.4,45.0,42.0,4.39,1.105,1.0,1.0,1.0,0.903,0.903,0.98,5.88,5.21,75.0,21.0,F,Probable SP unavailable; Lineup unconfirmed,,,,,,,,,
122,2026-08-21,823510,2026-08-21T23:05:00Z,Scheduled,Yankee Stadium,Toronto Blue Jays @ New York Yankees,Away,672960,Kazuma Okamoto,Toronto Blue Jays,New York Yankees,3B,R,No,,124,507,457,105,18,0,26,67,74,42,6,155,0.23,0.302,0.44,0.742,10,40,37,10,2,0.27,0.05,25,103,99,24,4,0.242,0.0388,610,131,5.3,25.1,51.9,24.3,23.9,15.8,26.3,54.2,29.9,6.6,3.6,6.6,66.9,83.6,25.5,0.595,70.7,95.3,110.8,30.5,12.1,9.1,56.7,38.6,Below Average,2.5,Pull Power,A-,Elevated power plane,38.6,Below Average,0.968,Good,3.1,54.3,93.8,0.526,Derived proxy,Derived proxy,Derived proxy,Derived proxy,,,31.78,5.78,Strong positive regression,Below Average Pull Power profile. 5.3% barrel rate; 83.6 mph average exit velocity; 26.3% air-ball rate; 54.2% pull-air rate; 6.6% HR-launch rate.,0.0513,0.0476,4.05,0,0,17.6,0.0,0.0,Very recent HR,693645.0,Cam Schlittler,R,RHB vs RHP,26,26,152.0,2.19,0.94,14,0.83,11.19,2.01,828.0,4.0,21.0,12.2,31.7,31.6,82.4,93.0,115.9,0.516,14.0,41.1,99.8,0.58,6.0,4-Seam Fastball,R,RHB vs RHP,38.8,374,0.228,0.299,0.433,0.733,19,31,118,0.0508,6.5,0.626,229,0.0262,3.9,0.437,9,9,2,2/9,0.222,0.222,0.556,0.778,1,0,4,42.8,Slight Pitcher Advantage,Below average,54.6,5,Pitch-level Statcast · last 5 MLB games,468,4-Seam Fastball,42.52136752136752,199.0,Cutter,22.863247863247864,107.0,Sinker,19.871794871794872,93.0,Curveball,14.743589743589743,69.0,Unknown,,Unknown,,No,108.0,1.08,1.0,64.4,0.982,0.965,52.0,Current-Season Handedness Matchup,Pull Air %,Barrel %,Max Exit Velocity,38.8,20.8,41.1,44.0,64.4,45.0,41.9,4.39,0.978,0.957,0.985,1.0,0.968,0.968,0.98,17.92,9.69,85.0,28.8,F,Lineup unconfirmed,,,,,,,,,
123,2026-08-21,825045,2026-08-22T01:40:00Z,Scheduled,Chase Field,Cincinnati Reds @ Arizona Diamondbacks,Home,571448,Nolan Arenado,Arizona Diamondbacks,Cincinnati Reds,3B,R,No,,119,463,411,100,20,1,20,59,63,42,7,96,0.243,0.322,0.443,0.765,9,37,34,9,3,0.265,0.0811,23,91,81,19,6,0.235,0.0659,620,132,3.8,23.4,49.2,27.5,23.3,13.9,22.4,61.3,28.6,6.4,4.9,6.4,114.8,82.3,22.7,0.451,69.2,94.0,107.4,12.6,10.6,3.9,56.5,30.6,Weak,2.0,Pull Power,A-,Elevated power plane,30.6,Weak,0.946,Good,2.3,70.8,94.2,0.419,Derived proxy,Derived proxy,Derived proxy,Derived proxy,,,26.88,6.88,Strong positive regression,Weak Pull Power profile. 3.8% barrel rate; 82.3 mph average exit velocity; 22.4% air-ball rate; 61.3% pull-air rate; 6.4% HR-launch rate.,0.0432,0.0409,3.99,7,2,20.6,0.34,34.1,Very recent HR,666157.0,Nick Lodolo,L,RHB vs LHP,14,14,71.2,4.52,1.42,12,1.51,7.16,3.64,405.0,6.4,24.9,13.3,35.4,32.6,83.4,95.9,115.9,0.595,12.0,28.4,100.0,0.496,3.9,Sinker,R,RHB vs LHP,47.2,120,0.245,0.325,0.481,0.806,6,13,24,0.05,5.7,0.522,239,0.046,8.0,0.621,8,7,0,0/7,0.0,0.0,0.0,0.0,0,0,0,37.2,Slight Pitcher Advantage,Below average,30.0,5,Pitch-level Statcast · last 5 MLB games,414,4-Seam Fastball,28.502415458937197,118.0,Sinker,26.08695652173913,108.0,Changeup,23.67149758454106,98.0,Curveball,21.73913043478261,90.0,Unknown,,Unknown,,No,100.0,1.0,1.0,50.0,0.957,0.989,48.1,Current-Season Handedness Matchup,Pull Air %,Barrel %,Max Exit Velocity,47.2,38.6,28.4,43.0,50.0,45.0,41.9,4.38,1.326,1.066,1.025,1.0,0.946,0.946,0.98,15.35,11.04,84.3,31.2,D,Lineup unconfirmed,,,,,,,,,
124,2026-08-21,824559,2026-08-21T23:40:00Z,Scheduled,Rate Field,New York Mets @ Chicago White Sox,Away,673357,Luis Robert Jr.,New York Mets,Chicago White Sox,CF,R,No,,49,183,163,35,3,0,7,19,19,18,0,45,0.215,0.29,0.362,0.652,11,34,30,8,3,0.267,0.0882,22,75,68,15,4,0.221,0.0533,236,100,4.8,20.9,48.2,26.4,25.4,13.1,22.9,48.4,25.2,4.2,2.1,4.2,69.4,82.2,18.5,0.554,75.0,94.2,112.2,66.1,6.9,12.0,55.2,36.1,Below Average,2.5,Pull Power,A,Excellent HR swing plane,36.1,Below Average,0.961,Good,5.0,52.2,91.7,0.583,Derived proxy,Derived proxy,Derived proxy,Derived proxy,,,10.28,3.28,Positive regression,Below Average Pull Power profile. 4.8% barrel rate; 82.2 mph average exit velocity; 22.9% air-ball rate; 48.4% pull-air rate; 4.2% HR-launch rate.,0.0383,0.0358,4.05,0,1,23.3,0.0,0.0,Very recent HR,680732.0,Sean Burke,R,RHB vs RHP,25,21,140.0,3.15,1.11,16,1.03,9.9,2.7,757.0,4.6,22.5,14.9,49.3,34.3,83.2,94.3,113.4,0.528,16.0,39.0,79.5,0.587,4.6,4-Seam Fastball,R,RHB vs RHP,22.4,130,0.216,0.285,0.319,0.604,3,12,33,0.0231,3.1,0.444,234,0.0214,3.9,0.487,0,0,0,0/0,,,,,0,0,0,33.7,Slight Pitcher Advantage,Below average,50.0,5,Pitch-level Statcast · last 5 MLB games,450,4-Seam Fastball,37.111111111111114,167.0,Slider,22.666666666666668,102.0,Knuckle Curve,17.77777777777778,80.0,Sinker,10.88888888888889,49.0,Unknown,,Unknown,,No,100.0,1.0,1.0,50.0,0.978,0.971,44.1,Current-Season Handedness Matchup,Pull Air %,Barrel %,Max Exit Velocity,22.4,36.8,39.0,44.0,50.0,45.0,41.8,4.37,1.35,0.989,0.985,1.0,0.961,0.961,0.98,13.72,9.6,71.1,25.3,F,Lineup unconfirmed,Cutter,10.444444444444445,47.0,Changeup,1.1111111111111112,5.0,,,
125,2026-08-21,824317,2026-08-22T00:40:00Z,Scheduled,Coors Field,Cleveland Guardians @ Colorado Rockies,Away,595978,Austin Hedges,Cleveland Guardians,Colorado Rockies,C,R,No,,65,191,166,44,7,0,4,19,19,18,1,32,0.265,0.337,0.38,0.717,5,15,12,2,0,0.167,0.0,13,40,34,7,1,0.206,0.025,233,45,3.3,21.7,45.4,28.1,26.5,13.0,25.3,48.4,26.2,3.6,1.4,3.6,63.9,79.3,17.2,0.368,66.1,92.3,109.3,7.3,6.6,1.5,58.0,22.3,Weak,2.0,Pull Power,A,Excellent HR swing plane,22.3,Weak,0.922,Good,2.2,45.5,91.1,0.305,Derived proxy,Derived proxy,Derived proxy,Derived proxy,,,7.81,3.81,Positive regression,Weak Pull Power profile. 3.3% barrel rate; 79.3 mph average exit velocity; 25.3% air-ball rate; 48.4% pull-air rate; 3.6% HR-launch rate.,0.0209,0.0252,4.05,31,12,41.5,0.75,74.7,Recently homered,685299.0,Tanner Gordon,R,RHB vs RHP,17,5,71.1,5.55,1.44,15,1.89,7.82,1.64,425.0,6.4,28.0,19.5,40.8,34.6,84.4,96.1,113.3,0.617,15.0,28.1,99.3,0.443,6.4,4-Seam Fastball,R,RHB vs RHP,32.1,99,0.267,0.323,0.4,0.723,3,7,23,0.0303,4.4,0.429,140,0.0286,6.8,0.586,0,0,0,0/0,,,,,0,0,0,34.3,Slight Pitcher Advantage,Below average,50.0,5,Pitch-level Statcast · last 5 MLB games,270,4-Seam Fastball,55.18518518518518,149.0,Changeup,21.11111111111111,57.0,Slider,17.40740740740741,47.0,Curveball,6.296296296296297,17.0,Unknown,,Unknown,,No,118.0,1.18,1.0,82.4,0.956,0.989,40.6,Current-Season Handedness Matchup,Pull Air %,Barrel %,Max Exit Velocity,32.1,42.9,28.1,30.6,82.4,45.0,41.8,4.37,0.859,1.126,0.985,1.0,0.922,0.922,1.0,9.82,6.74,68.8,21.4,F,Lineup unconfirmed,,,,,,,,,
126,2026-08-21,824800,2026-08-21T23:15:00Z,Scheduled,Oriole Park at Camden Yards,Tampa Bay Rays @ Baltimore Orioles,Home,683002,Gunnar Henderson,Baltimore Orioles,Tampa Bay Rays,SS,L,No,,127,575,511,113,23,4,20,76,51,53,9,128,0.221,0.304,0.399,0.703,12,53,45,12,2,0.267,0.0377,25,108,89,18,3,0.202,0.0278,754,130,4.7,27.0,53.7,23.2,23.1,13.2,26.7,54.1,29.8,6.9,3.9,6.9,54.4,83.3,17.2,0.565,72.7,95.5,111.3,42.5,12.1,13.3,48.4,40.3,Below Average,2.5,Pull Power,A,Excellent HR swing plane,40.3,Below Average,0.973,Good,5.4,53.8,95.8,0.626,Derived proxy,Derived proxy,Derived proxy,Derived proxy,,,36.64,16.64,Strong positive regression,Below Average Pull Power profile. 4.7% barrel rate; 83.3 mph average exit velocity; 26.7% air-ball rate; 54.1% pull-air rate; 6.9% HR-launch rate.,0.0348,0.0343,3.99,22,6,25.6,0.86,86.1,Near normal interval,642547.0,Freddy Peralta,R,LHB vs RHP,25,25,128.0,5.27,1.48,20,1.41,8.65,3.73,760.0,3.4,23.0,14.1,46.1,30.1,82.1,93.6,114.7,0.504,20.0,29.8,98.3,0.519,3.4,4-Seam Fastball,L,LHB vs RHP,37.0,393,0.219,0.305,0.386,0.692,14,38,89,0.0356,5.1,0.586,366,0.041,3.7,0.517,5,5,0,0/5,0.0,0.0,0.0,0.0,0,0,1,34.6,Slight Pitcher Advantage,Below average,37.5,5,Pitch-level Statcast · last 5 MLB games,445,4-Seam Fastball,55.28089887640449,246.0,Changeup,23.370786516853933,104.0,Curveball,9.662921348314606,43.0,Sweeper,9.438202247191011,42.0,Unknown,,Unknown,,No,99.0,0.99,1.0,48.2,0.96,0.959,51.0,Current-Season Handedness Matchup,Pull Air %,Barrel %,Max Exit Velocity,37.0,30.7,29.8,53.1,48.2,45.0,41.7,4.37,0.988,1.05,1.025,1.0,0.973,0.973,1.0,13.0,7.93,85.0,25.9,F,Lineup unconfirmed,Slow Curve,1.348314606741573,6.0,Slider,0.898876404494382,4.0,,,
127,2026-08-21,824559,2026-08-21T23:40:00Z,Scheduled,Rate Field,New York Mets @ Chicago White Sox,Home,671976,Tristan Peters,Chicago White Sox,New York Mets,CF,L,No,,122,376,337,91,25,3,7,46,43,28,5,68,0.27,0.333,0.424,0.757,12,34,29,10,1,0.345,0.0294,25,77,67,14,1,0.209,0.013,513,96,2.9,21.5,53.3,22.4,23.8,11.8,26.5,56.3,30.2,4.3,3.4,4.3,44.3,80.5,18.4,0.456,65.8,93.8,110.8,7.9,10.2,2.8,50.7,27.4,Weak,2.0,Pull Power,A,Excellent HR swing plane,27.4,Weak,0.937,Good,2.1,50.0,93.6,0.437,Derived proxy,Derived proxy,Derived proxy,Derived proxy,,,17.26,10.26,Strong positive regression,Weak Pull Power profile. 2.9% barrel rate; 80.5 mph average exit velocity; 26.5% air-ball rate; 56.3% pull-air rate; 4.3% HR-launch rate.,0.0186,0.0219,3.99,16,6,48.1,0.33,33.2,Very recent HR,640455.0,Sean Manaea,L,LHB vs LHP,26,12,111.0,4.22,1.32,16,1.3,9.16,3.0,671.0,4.8,22.4,14.2,50.6,31.3,80.7,93.6,114.6,0.571,16.0,35.6,100.0,0.503,7.1,4-Seam Fastball,L,LHB vs LHP,29.4,43,0.139,0.244,0.139,0.383,0,4,8,0.0,0.0,0.287,155,0.0258,4.1,0.553,0,0,0,0/0,,,,,0,0,0,35.7,Slight Pitcher Advantage,Below average,50.0,5,Pitch-level Statcast · last 5 MLB games,457,4-Seam Fastball,53.82932166301969,246.0,Sweeper,26.695842450765863,122.0,Sinker,15.317286652078774,70.0,Changeup,2.4070021881838075,11.0,Unknown,,Unknown,,No,100.0,1.0,1.0,50.0,0.971,0.973,44.8,Current-Season Handedness Matchup,Pull Air %,Barrel %,Max Exit Velocity,29.4,38.5,35.6,39.5,50.0,45.0,41.5,4.35,1.003,1.032,0.985,1.0,0.937,0.937,0.98,8.44,5.77,83.2,22.5,F,Lineup unconfirmed,Cutter,1.75054704595186,8.0,,,,,,
128,2026-08-21,824072,2026-08-22T00:10:00Z,Scheduled,Kauffman Stadium,Detroit Tigers @ Kansas City Royals,Home,677951,Bobby Witt Jr.,Kansas City Royals,Detroit Tigers,SS,R,No,,110,486,430,123,26,1,16,71,48,51,2,84,0.286,0.362,0.463,0.825,12,55,45,13,3,0.289,0.0545,16,72,61,20,3,0.328,0.0417,597,87,6.2,29.9,38.8,21.0,39.2,15.6,30.5,40.0,32.3,6.5,2.7,6.5,40.7,83.9,21.4,0.578,71.9,96.8,114.4,37.3,14.1,11.2,43.4,37.4,Below Average,2.5,Contact-First Profile,A-,Elevated power plane,37.4,Below Average,0.965,Good,4.6,52.0,94.8,0.49,Derived proxy,Derived proxy,Derived proxy,Derived proxy,,,32.44,16.44,Strong positive regression,Below Average Contact-First Profile profile. 6.2% barrel rate; 83.9 mph average exit velocity; 30.5% air-ball rate; 40.0% pull-air rate; 6.5% HR-launch rate.,0.0329,0.0327,4.09,0,0,26.9,0.0,0.0,Very recent HR,675512.0,Troy Melton,R,RHB vs RHP,14,14,84.1,1.49,0.96,8,0.85,7.79,2.67,419.0,4.1,25.8,12.9,38.5,26.7,83.4,95.4,111.9,0.432,8.0,45.8,100.0,0.619,6.4,4-Seam Fastball,R,RHB vs RHP,30.4,353,0.279,0.357,0.449,0.806,12,37,69,0.034,6.2,0.621,132,0.0076,4.5,0.42,2,2,1,1/2,0.5,0.5,2.0,2.5,1,0,0,40.7,Slight Pitcher Advantage,Below average,55.0,5,Pitch-level Statcast · last 5 MLB games,458,4-Seam Fastball,31.87772925764192,146.0,Cutter,24.017467248908297,110.0,Slider,13.318777292576419,61.0,Split-Finger,12.882096069868995,59.0,Unknown,,Unknown,,No,100.0,1.0,1.0,50.0,0.992,0.966,47.3,Current-Season Handedness Matchup,Pull Air %,Barrel %,Max Exit Velocity,30.4,25.5,45.8,49.3,50.0,45.0,41.5,4.35,1.196,0.96,0.985,1.0,0.965,0.965,0.98,12.73,8.25,82.8,27.4,F,Lineup unconfirmed,Curveball,10.043668122270743,46.0,Sinker,6.11353711790393,28.0,Changeup,1.7467248908296944,8.0
129,2026-08-21,823262,2026-08-22T01:40:00Z,Scheduled,Petco Park,Minnesota Twins @ San Diego Padres,Away,702176,Alan Roden,Minnesota Twins,San Diego Padres,RF,L,No,,26,72,61,14,3,0,0,6,10,8,0,10,0.23,0.31,0.279,0.589,6,18,16,4,0,0.25,0.0,16,42,36,9,0,0.25,0.0,94,53,3.4,24.6,41.8,22.1,36.1,13.6,25.9,29.0,27.9,5.5,2.0,5.5,0.0,82.6,14.6,0.453,67.1,94.0,107.3,10.8,10.9,3.3,44.6,18.1,Weak,1.5,Contact-First Profile,A,Excellent HR swing plane,18.1,Weak,0.911,Good,1.9,30.8,93.2,0.43,Derived proxy,Derived proxy,Derived proxy,Derived proxy,,,3.09,3.09,Positive regression,Weak Contact-First Profile profile. 3.4% barrel rate; 82.6 mph average exit velocity; 25.9% air-ball rate; 29.0% pull-air rate; 5.5% HR-launch rate.,0.0,0.02,3.93,61,26,,,,No season HR,,TBD,,Unknown,0,0,0.0,0.0,0.0,0,0.0,0.0,0.0,,,,,,,,,,,,50.0,0.0,,,Unknown,L,Unknown,50.0,0,,,,,0,0,0,,,,0,,,,0,0,0,0/0,,,,,0,0,0,50.0,Neutral Matchup,Average,50.0,0,,0,,,,,,,,,,,,,Unknown,,Unknown,,No,94.0,0.94,1.0,39.2,1.0,1.0,36.2,Current-Season Handedness Matchup,Pull Air %,Barrel %,Max Exit Velocity,50.0,50.0,50.0,20.4,39.2,45.0,41.4,4.34,0.758,1.0,1.0,0.94,0.911,0.856,1.0,7.63,4.51,50.5,14.3,F,Small season sample; Probable SP unavailable; Lineup unconfirmed,,,,,,,,,
130,2026-08-21,825045,2026-08-22T01:40:00Z,Scheduled,Chase Field,Cincinnati Reds @ Arizona Diamondbacks,Home,672515,Gabriel Moreno,Arizona Diamondbacks,Cincinnati Reds,C,R,No,,99,413,355,109,26,1,10,55,62,46,4,64,0.307,0.385,0.47,0.855,11,50,46,16,2,0.348,0.04,24,111,97,31,3,0.32,0.027,598,170,3.8,24.8,41.3,22.8,35.8,12.5,26.5,38.1,31.3,7.3,4.5,7.3,44.6,83.0,16.4,0.552,69.7,94.0,112.9,18.6,11.4,7.6,37.9,29.1,Weak,2.0,Contact-First Profile,A,Excellent HR swing plane,29.1,Weak,0.941,Good,3.5,41.3,93.7,0.546,Derived proxy,Derived proxy,Derived proxy,Derived proxy,,,23.78,13.78,Strong positive regression,Weak Contact-First Profile profile. 3.8% barrel rate; 83.0 mph average exit velocity; 26.5% air-ball rate; 38.1% pull-air rate; 7.3% HR-launch rate.,0.0242,0.026,4.17,4,1,35.5,0.11,11.3,Very recent HR,666157.0,Nick Lodolo,L,RHB vs LHP,14,14,71.2,4.52,1.42,12,1.51,7.16,3.64,405.0,6.4,24.9,13.3,35.4,32.6,83.4,95.9,115.9,0.595,12.0,36.0,100.0,0.568,4.1,Sinker,R,RHB vs LHP,44.4,116,0.277,0.336,0.475,0.811,4,11,20,0.0345,3.8,0.62,239,0.046,8.0,0.621,2,2,0,0/2,0.0,0.0,0.0,0.0,0,0,0,41.6,Slight Pitcher Advantage,Below average,45.0,5,Pitch-level Statcast · last 5 MLB games,414,4-Seam Fastball,28.502415458937197,118.0,Sinker,26.08695652173913,108.0,Changeup,23.67149758454106,98.0,Curveball,21.73913043478261,90.0,Unknown,,Unknown,,No,100.0,1.0,1.0,50.0,0.972,0.989,45.2,Current-Season Handedness Matchup,Pull Air %,Barrel %,Max Exit Velocity,44.4,38.6,36.0,34.7,50.0,45.0,41.4,4.34,1.126,1.066,1.025,1.0,0.941,0.941,0.98,10.39,7.47,85.0,26.9,F,Lineup unconfirmed,,,,,,,,,
131,2026-08-21,824721,2026-08-21T23:10:00Z,Scheduled,Fenway Park,San Francisco Giants @ Boston Red Sox,Away,805811,Bryce Eldridge,San Francisco Giants,Boston Red Sox,DH,L,No,,84,343,299,74,15,0,14,41,33,43,0,92,0.247,0.341,0.438,0.779,11,46,41,9,3,0.22,0.0652,24,100,88,18,4,0.205,0.04,414,116,5.9,26.7,43.0,21.3,34.7,16.3,27.1,33.0,26.5,7.0,3.5,7.0,58.3,84.0,14.9,0.642,72.1,96.1,111.6,32.5,11.3,5.6,41.9,31.3,Weak,2.5,Contact-First Profile,A,Excellent HR swing plane,31.3,Weak,0.948,Good,5.2,23.3,95.2,0.589,Derived proxy,Derived proxy,Derived proxy,Derived proxy,,,21.32,7.32,Strong positive regression,Weak Contact-First Profile profile. 5.9% barrel rate; 84.0 mph average exit velocity; 27.1% air-ball rate; 33.0% pull-air rate; 7.0% HR-launch rate.,0.0408,0.0385,4.05,7,2,21.4,0.33,32.8,Very recent HR,543243.0,Sonny Gray,R,LHB vs RHP,23,23,132.2,2.65,1.15,13,0.88,7.94,2.31,634.0,4.1,25.2,13.7,47.0,27.1,83.4,95.5,111.1,0.481,13.0,51.5,99.9,0.675,6.5,Sinker,L,LHB vs RHP,38.9,239,0.24,0.347,0.436,0.784,10,34,63,0.0418,6.3,0.659,349,0.0229,4.4,0.498,3,3,1,1/3,0.333,0.333,0.667,1.0,0,0,2,45.8,Neutral Matchup,Average,51.3,5,Pitch-level Statcast · last 5 MLB games,440,Sweeper,24.09090909090909,106.0,Sinker,23.636363636363637,104.0,Curveball,17.045454545454547,75.0,4-Seam Fastball,15.909090909090908,70.0,Unknown,,Unknown,,No,102.0,1.02,1.0,53.6,1.003,0.966,43.4,Current-Season Handedness Matchup,Pull Air %,Barrel %,Max Exit Velocity,38.9,33.1,51.5,24.5,53.6,45.0,41.3,4.34,1.159,0.965,1.025,1.0,0.948,0.948,0.98,14.71,9.33,84.5,28.7,F,Lineup unconfirmed,Cutter,15.909090909090908,70.0,Changeup,3.409090909090909,15.0,,,
132,2026-08-21,823830,2026-08-21T23:10:00Z,Scheduled,loanDepot park,Washington Nationals @ Miami Marlins,Away,686611,Dylan Crews,Washington Nationals,Miami Marlins,RF,R,No,,77,310,282,59,11,0,10,40,27,21,7,75,0.209,0.281,0.355,0.636,11,39,38,6,1,0.158,0.0256,25,97,90,18,3,0.2,0.0309,365,109,6.3,27.6,41.1,29.8,28.5,18.1,32.8,39.1,33.0,9.0,5.6,9.0,44.1,83.9,19.4,0.59,72.2,95.6,110.7,40.3,11.9,10.4,44.6,38.0,Below Average,2.5,Contact-First Profile,A,Excellent HR swing plane,38.0,Below Average,0.966,Good,7.3,38.5,95.4,0.616,Derived proxy,Derived proxy,Derived proxy,Derived proxy,,,21.04,11.04,Strong positive regression,Below Average Contact-First Profile profile. 6.3% barrel rate; 83.9 mph average exit velocity; 32.8% air-ball rate; 39.1% pull-air rate; 9.0% HR-launch rate.,0.0323,0.0322,3.87,25,8,28.2,0.89,88.7,Near normal interval,687473.0,Ryan Gusto,R,RHB vs RHP,16,11,53.2,4.7,1.32,8,1.34,8.22,2.35,318.0,5.7,27.0,13.8,32.3,31.1,84.8,95.6,113.3,0.537,8.0,46.1,100.0,0.61,7.1,4-Seam Fastball,R,RHB vs RHP,37.4,202,0.177,0.243,0.29,0.533,5,10,50,0.0248,4.9,0.538,99,0.0505,5.8,0.554,2,2,1,1/2,0.5,0.5,0.5,1.0,0,0,1,43.1,Neutral Matchup,Average,50.9,5,Pitch-level Statcast · last 5 MLB games,349,4-Seam Fastball,31.23209169054441,109.0,Sweeper,15.472779369627506,54.0,Cutter,13.46704871060172,47.0,Sinker,12.034383954154729,42.0,Unknown,,Unknown,,No,94.0,0.94,1.0,39.2,0.992,0.982,46.0,Current-Season Handedness Matchup,Pull Air %,Barrel %,Max Exit Velocity,37.4,31.3,46.1,43.9,39.2,45.0,41.3,4.33,0.948,1.029,0.985,0.975,0.966,0.942,1.0,11.89,6.86,81.9,23.1,F,Lineup unconfirmed,Changeup,10.02865329512894,35.0,Slider,9.455587392550143,33.0,Curveball,8.30945558739255,29.0
133,2026-08-21,825045,2026-08-22T01:40:00Z,Scheduled,Chase Field,Cincinnati Reds @ Arizona Diamondbacks,Home,545121,Ildemaro Vargas,Arizona Diamondbacks,Cincinnati Reds,1B,S,No,,112,391,364,96,17,4,9,50,60,22,2,38,0.264,0.308,0.407,0.715,11,36,35,6,2,0.171,0.0556,24,73,69,18,2,0.261,0.0274,546,113,3.3,24.9,51.6,26.7,21.7,12.9,27.7,50.1,27.1,4.5,3.0,4.5,53.0,81.9,9.5,0.425,68.8,94.8,109.2,13.2,9.8,4.6,49.9,27.5,Weak,2.0,Pull Power,C,Low line-drive plane,27.5,Weak,0.937,Good,4.4,51.6,93.9,0.423,Derived proxy,Derived proxy,Derived proxy,Derived proxy,,,19.42,10.42,Strong positive regression,Weak Pull Power profile. 3.3% barrel rate; 81.9 mph average exit velocity; 27.7% air-ball rate; 50.1% pull-air rate; 4.5% HR-launch rate.,0.023,0.0251,3.99,13,3,40.4,0.32,32.1,Very recent HR,666157.0,Nick Lodolo,L,Switch vs LHP,14,14,71.2,4.52,1.42,12,1.51,7.16,3.64,405.0,6.4,24.9,13.3,35.4,32.6,83.4,95.9,115.9,0.595,12.0,24.2,100.0,0.457,3.8,Sinker,R,RHB vs LHP,46.3,134,0.328,0.353,0.539,0.892,6,5,11,0.0448,5.5,0.54,239,0.046,8.0,0.621,3,3,1,1/3,0.333,0.333,1.333,1.666,1,0,0,40.8,Slight Pitcher Advantage,Below average,57.5,5,Pitch-level Statcast · last 5 MLB games,414,4-Seam Fastball,28.502415458937197,118.0,Sinker,26.08695652173913,108.0,Changeup,23.67149758454106,98.0,Curveball,21.73913043478261,90.0,Unknown,,Unknown,,No,100.0,1.0,1.0,50.0,0.948,0.989,47.6,Current-Season Handedness Matchup,Pull Air %,Barrel %,Max Exit Velocity,46.3,38.6,24.2,46.9,50.0,45.0,41.3,4.33,1.28,1.066,1.035,1.0,0.937,0.937,0.98,9.66,7.62,82.8,24.8,F,Lineup unconfirmed,,,,,,,,,
134,2026-08-21,823101,2026-08-22T02:10:00Z,Scheduled,T-Mobile Park,Chicago Cubs @ Seattle Mariners,Home,668227,Randy Arozarena,Seattle Mariners,Chicago Cubs,LF,R,No,,120,516,445,121,26,1,17,80,53,48,20,110,0.272,0.366,0.449,0.815,11,50,44,8,3,0.182,0.06,25,111,100,24,6,0.24,0.0541,652,145,4.2,25.2,36.9,31.5,31.4,13.0,25.0,36.4,33.5,5.8,2.3,5.8,74.5,83.7,14.6,0.539,68.8,95.6,112.4,20.1,11.9,5.8,57.4,29.5,Weak,2.0,Contact-First Profile,A,Excellent HR swing plane,29.5,Weak,0.943,Good,4.1,41.0,95.3,0.519,Derived proxy,Derived proxy,Derived proxy,Derived proxy,,,26.53,9.53,Strong positive regression,Weak Contact-First Profile profile. 4.2% barrel rate; 83.7 mph average exit velocity; 25.0% air-ball rate; 36.4% pull-air rate; 5.8% HR-launch rate.,0.0329,0.0328,4.09,11,3,26.2,0.42,42.0,Recently homered,571510.0,Matthew Boyd,L,RHB vs LHP,15,15,85.0,4.02,1.24,13,1.38,7.2,2.75,483.0,6.2,22.8,13.0,46.8,30.8,81.6,94.1,112.5,0.567,13.0,37.6,100.0,0.576,4.5,4-Seam Fastball,R,RHB vs LHP,36.1,132,0.271,0.333,0.432,0.766,4,10,26,0.0303,3.3,0.477,263,0.0456,6.9,0.587,2,2,0,0/2,0.0,0.0,0.0,0.0,0,0,2,38.4,Slight Pitcher Advantage,Below average,45.0,5,Pitch-level Statcast · last 5 MLB games,473,4-Seam Fastball,45.03171247357294,213.0,Changeup,24.312896405919663,115.0,Curveball,17.12473572938689,81.0,Slider,13.10782241014799,62.0,Unknown,,Unknown,,No,92.0,0.92,1.0,35.6,0.975,0.987,43.0,Current-Season Handedness Matchup,Pull Air %,Barrel %,Max Exit Velocity,36.1,42.4,37.6,39.1,35.6,45.0,41.1,4.31,1.3,1.045,1.025,1.0,0.943,0.943,1.0,12.74,8.98,85.0,28.7,F,Lineup unconfirmed,Sinker,0.42283298097251587,2.0,,,,,,
135,2026-08-21,824317,2026-08-22T00:40:00Z,Scheduled,Coors Field,Cleveland Guardians @ Colorado Rockies,Away,683953,Travis Bazzana,Cleveland Guardians,Colorado Rockies,2B,L,No,,94,400,347,81,16,2,9,38,36,46,4,88,0.233,0.328,0.369,0.697,10,37,34,5,0,0.147,0.0,23,91,82,16,0,0.195,0.0,503,115,3.1,22.1,44.5,31.7,23.8,13.3,24.7,40.0,29.3,5.2,3.0,5.2,34.4,83.5,18.4,0.46,66.9,94.4,107.5,11.5,11.4,2.4,52.4,23.1,Weak,2.0,Contact-First Profile,A,Excellent HR swing plane,23.1,Weak,0.925,Good,2.6,42.9,94.1,0.445,Derived proxy,Derived proxy,Derived proxy,Derived proxy,,,16.97,7.97,Strong positive regression,Weak Contact-First Profile profile. 3.1% barrel rate; 83.5 mph average exit velocity; 24.7% air-ball rate; 40.0% pull-air rate; 5.2% HR-launch rate.,0.0225,0.0247,4.05,87,25,38.6,2.26,225.6,Very long drought,685299.0,Tanner Gordon,R,LHB vs RHP,17,5,71.1,5.55,1.44,15,1.89,7.82,1.64,425.0,6.4,28.0,19.5,40.8,34.6,84.4,96.1,113.3,0.617,15.0,23.5,99.3,0.459,3.3,4-Seam Fastball,L,LHB vs RHP,40.6,270,0.256,0.344,0.436,0.78,8,31,55,0.0296,3.2,0.492,172,0.064,6.0,0.642,0,0,0,0/0,,,,,0,0,0,36.5,Slight Pitcher Advantage,Below average,50.0,5,Pitch-level Statcast · last 5 MLB games,270,4-Seam Fastball,55.18518518518518,149.0,Changeup,21.11111111111111,57.0,Slider,17.40740740740741,47.0,Curveball,6.296296296296297,17.0,Unknown,,Unknown,,No,118.0,1.18,1.0,82.4,0.947,0.989,39.8,Current-Season Handedness Matchup,Pull Air %,Barrel %,Max Exit Velocity,40.6,42.9,23.5,35.0,82.4,45.0,41.0,4.31,0.758,1.126,1.025,1.0,0.925,0.925,1.06,9.63,6.48,84.3,29.8,F,Lineup unconfirmed,,,,,,,,,
136,2026-08-21,823911,2026-08-22T02:10:00Z,Scheduled,UNIQLO Field at Dodger Stadium,Pittsburgh Pirates @ Los Angeles Dodgers,Away,668804,Bryan Reynolds,Pittsburgh Pirates,Los Angeles Dodgers,LF,S,No,,129,560,475,124,30,2,15,85,66,75,8,135,0.261,0.37,0.427,0.797,11,46,41,8,0,0.195,0.0,26,112,101,21,1,0.208,0.0089,665,138,6.5,28.3,41.3,28.5,30.2,13.9,25.8,38.2,29.0,6.1,3.8,6.1,27.3,84.2,12.6,0.572,70.2,96.4,113.5,28.1,12.7,5.1,48.2,33.3,Weak,2.5,Contact-First Profile,A,Excellent HR swing plane,33.3,Weak,0.953,Good,7.2,40.5,96.3,0.523,Derived proxy,Derived proxy,Derived proxy,Derived proxy,,,37.17,22.17,Strong positive regression,Weak Contact-First Profile profile. 6.5% barrel rate; 84.2 mph average exit velocity; 25.8% air-ball rate; 38.2% pull-air rate; 6.1% HR-launch rate.,0.0268,0.0277,4.05,81,21,31.7,2.56,255.8,Very long drought,808967.0,Yoshinobu Yamamoto,R,Switch vs RHP,22,22,145.1,2.6,0.89,15,0.93,8.42,2.11,711.0,3.8,23.3,12.9,44.9,28.3,81.9,94.4,114.2,0.467,15.0,41.8,99.7,0.568,7.0,4-Seam Fastball,L,LHB vs RHP,30.1,375,0.244,0.368,0.399,0.767,9,55,93,0.024,5.7,0.589,289,0.0242,3.7,0.472,3,3,0,0/3,0.0,0.0,0.0,0.0,0,0,1,36.7,Slight Pitcher Advantage,Below average,42.5,5,Pitch-level Statcast · last 5 MLB games,502,4-Seam Fastball,26.49402390438247,133.0,Split-Finger,25.298804780876495,127.0,Cutter,21.314741035856574,107.0,Sinker,12.151394422310757,61.0,Unknown,,Unknown,,No,100.0,1.0,1.0,50.0,0.984,0.963,45.3,Current-Season Handedness Matchup,Pull Air %,Barrel %,Max Exit Velocity,30.1,29.6,41.8,47.6,50.0,45.0,41.0,4.31,0.758,0.973,1.035,1.0,0.953,0.953,1.06,10.76,5.95,85.0,31.6,D,Lineup unconfirmed,Curveball,10.159362549800797,51.0,Slider,4.581673306772909,23.0,,,
137,2026-08-21,822857,2026-08-22T00:15:00Z,Scheduled,Globe Life Field,Los Angeles Angels @ Texas Rangers,Away,518595,Travis d'Arnaud,Los Angeles Angels,Texas Rangers,C,R,No,,21,55,48,9,1,0,1,5,3,5,2,14,0.188,0.291,0.271,0.562,3,6,4,0,0,0.0,0.0,7,15,13,2,0,0.154,0.0,66,18,7.1,19.0,30.3,28.8,40.9,15.4,20.1,25.8,21.2,7.1,2.3,7.1,15.5,83.1,18.9,0.472,70.4,92.4,104.0,17.5,8.3,3.6,53.3,20.3,Weak,2.0,Contact-First Profile,A,Excellent HR swing plane,20.3,Weak,0.917,Good,5.6,0.0,89.3,0.342,Derived proxy,Derived proxy,Derived proxy,Derived proxy,,,3.73,2.73,Positive regression,Weak Contact-First Profile profile. 7.1% barrel rate; 83.1 mph average exit velocity; 20.1% air-ball rate; 25.8% pull-air rate; 7.1% HR-launch rate.,0.0182,0.0277,3.93,13,7,48.0,0.27,27.1,Very recent HR,669022.0,MacKenzie Gore,L,RHB vs LHP,26,26,139.2,4.45,1.26,18,1.16,9.92,3.29,807.0,5.2,23.3,12.5,42.1,28.9,81.7,94.2,115.7,0.53,18.0,77.4,81.3,0.923,10.7,4-Seam Fastball,R,RHB vs LHP,43.1,27,0.217,0.333,0.348,0.681,1,3,8,0.037,6.5,0.511,445,0.036,5.1,0.534,2,2,0,0/2,0.0,0.0,0.0,0.0,0,0,0,55.5,Neutral Matchup,Average,45.0,5,Pitch-level Statcast · last 5 MLB games,492,4-Seam Fastball,51.6260162601626,254.0,Changeup,17.073170731707318,84.0,Slider,12.195121951219512,60.0,Curveball,10.16260162601626,50.0,Unknown,,Unknown,,No,104.0,1.04,1.0,57.2,1.055,0.977,32.3,Current-Season Handedness Matchup,Pull Air %,Barrel %,Max Exit Velocity,43.1,34.3,77.4,10.5,57.2,45.0,41.0,4.31,1.0,1.01,1.025,0.94,0.917,0.862,0.98,10.44,6.78,57.1,18.8,F,Small season sample; Lineup unconfirmed,Sinker,7.723577235772358,38.0,Cutter,1.2195121951219512,6.0,,,
138,2026-08-21,824800,2026-08-21T23:15:00Z,Scheduled,Oriole Park at Camden Yards,Tampa Bay Rays @ Baltimore Orioles,Home,681297,Colton Cowser,Baltimore Orioles,Tampa Bay Rays,CF,L,No,,114,304,263,55,4,0,11,34,33,37,1,93,0.209,0.307,0.35,0.657,12,30,29,7,3,0.241,0.1,24,57,50,11,3,0.22,0.0526,352,65,6.6,24.3,42.0,32.9,25.1,16.6,27.9,35.3,29.7,8.6,5.1,8.6,55.0,81.4,17.0,0.678,71.4,94.3,113.5,46.1,11.3,11.2,38.7,37.0,Below Average,2.5,Contact-First Profile,A,Excellent HR swing plane,37.0,Below Average,0.964,Good,7.7,25.0,94.7,0.74,Derived proxy,Derived proxy,Derived proxy,Derived proxy,,,19.38,8.38,Strong positive regression,Below Average Contact-First Profile profile. 6.6% barrel rate; 81.4 mph average exit velocity; 27.9% air-ball rate; 35.3% pull-air rate; 8.6% HR-launch rate.,0.0362,0.035,3.99,10,4,23.9,0.42,41.8,Recently homered,642547.0,Freddy Peralta,R,LHB vs RHP,25,25,128.0,5.27,1.48,20,1.41,8.65,3.73,760.0,3.4,23.0,14.1,46.1,30.1,82.1,93.6,114.7,0.504,20.0,44.0,98.3,0.611,6.0,4-Seam Fastball,L,LHB vs RHP,42.4,258,0.215,0.314,0.368,0.682,10,32,73,0.0388,6.5,0.679,366,0.041,3.7,0.517,5,5,2,2/5,0.4,0.4,1.2,1.6,1,0,1,47.0,Neutral Matchup,Average,62.5,5,Pitch-level Statcast · last 5 MLB games,445,4-Seam Fastball,55.28089887640449,246.0,Changeup,23.370786516853933,104.0,Curveball,9.662921348314606,43.0,Sweeper,9.438202247191011,42.0,Unknown,,Unknown,,No,99.0,0.99,1.0,48.2,0.988,0.959,47.4,Current-Season Handedness Matchup,Pull Air %,Barrel %,Max Exit Velocity,42.4,30.7,44.0,30.7,48.2,45.0,41.0,4.31,1.35,1.05,1.025,1.0,0.964,0.964,1.0,13.25,10.07,78.3,27.2,F,Lineup unconfirmed,Slow Curve,1.348314606741573,6.0,Slider,0.898876404494382,4.0,,,
139,2026-08-21,823101,2026-08-22T02:10:00Z,Scheduled,T-Mobile Park,Chicago Cubs @ Seattle Mariners,Away,621438,Tyrone Taylor,Chicago Cubs,Seattle Mariners,LF,R,No,,79,185,167,41,9,0,10,25,29,11,2,35,0.246,0.298,0.479,0.777,9,19,16,5,0,0.312,0.0,20,47,40,12,3,0.3,0.0638,251,67,7.0,22.9,50.8,32.3,16.9,17.9,27.5,62.4,27.8,7.3,5.2,7.3,59.2,80.3,18.0,0.587,69.5,94.1,109.5,13.0,10.4,3.2,49.7,35.6,Below Average,2.5,Pull Power,A,Excellent HR swing plane,35.6,Below Average,0.96,Good,7.5,64.7,94.1,0.677,Derived proxy,Derived proxy,Derived proxy,Derived proxy,,,15.6,5.6,Strong positive regression,Below Average Pull Power profile. 7.0% barrel rate; 80.3 mph average exit velocity; 27.5% air-ball rate; 62.4% pull-air rate; 7.3% HR-launch rate.,0.0541,0.0454,4.05,22,13,16.7,1.32,131.7,Near normal interval,676106.0,Emerson Hancock,R,RHB vs RHP,23,23,128.0,3.3,1.11,16,1.13,8.37,2.25,732.0,4.8,23.1,14.5,33.7,30.7,83.2,94.4,114.7,0.547,16.0,34.1,99.8,0.51,6.1,4-Seam Fastball,R,RHB vs RHP,38.4,99,0.198,0.286,0.407,0.693,5,9,15,0.0505,8.0,0.52,222,0.027,3.6,0.501,0,0,0,0/0,,,,,0,0,0,39.2,Slight Pitcher Advantage,Below average,50.0,5,Pitch-level Statcast · last 5 MLB games,474,4-Seam Fastball,41.561181434599156,197.0,Sinker,23.839662447257385,113.0,Sweeper,10.759493670886076,51.0,Cutter,10.126582278481013,48.0,Unknown,,Unknown,,No,92.0,0.92,1.0,35.6,0.968,0.973,51.4,Current-Season Handedness Matchup,Pull Air %,Barrel %,Max Exit Velocity,38.4,27.7,34.1,54.3,35.6,45.0,40.9,4.3,0.93,1.005,0.985,1.0,0.96,0.96,1.0,17.14,8.37,69.0,27.6,F,Lineup unconfirmed,Curveball,9.70464135021097,46.0,Changeup,4.008438818565401,19.0,,,
140,2026-08-21,824559,2026-08-21T23:40:00Z,Scheduled,Rate Field,New York Mets @ Chicago White Sox,Away,676724,Jared Young,New York Mets,Chicago White Sox,1B,L,No,,79,252,226,61,12,2,8,28,30,18,6,47,0.27,0.337,0.447,0.784,10,37,36,13,1,0.361,0.027,23,79,72,23,1,0.319,0.0127,314,98,4.0,29.7,47.8,29.7,22.5,14.1,26.8,47.5,26.8,5.3,3.7,5.3,50.0,84.5,16.8,0.499,71.2,97.2,112.9,29.2,9.6,8.8,53.7,35.4,Below Average,2.5,Pull Power,A,Excellent HR swing plane,35.4,Below Average,0.959,Good,2.0,46.4,98.4,0.47,Derived proxy,Derived proxy,Derived proxy,Derived proxy,,,13.18,5.18,Strong positive regression,Below Average Pull Power profile. 4.0% barrel rate; 84.5 mph average exit velocity; 26.8% air-ball rate; 47.5% pull-air rate; 5.3% HR-launch rate.,0.0317,0.0318,4.05,16,5,28.2,0.57,56.6,Recently homered,680732.0,Sean Burke,R,LHB vs RHP,25,21,140.0,3.15,1.11,16,1.03,9.9,2.7,757.0,4.6,22.5,14.9,49.3,34.3,83.2,94.3,113.4,0.528,16.0,22.4,100.0,0.457,2.8,4-Seam Fastball,L,LHB vs RHP,37.3,213,0.277,0.343,0.476,0.819,8,16,37,0.0376,5.8,0.532,341,0.0323,5.2,0.558,0,0,0,0/0,,,,,0,0,0,34.6,Slight Pitcher Advantage,Below average,50.0,5,Pitch-level Statcast · last 5 MLB games,450,4-Seam Fastball,37.111111111111114,167.0,Slider,22.666666666666668,102.0,Knuckle Curve,17.77777777777778,80.0,Sinker,10.88888888888889,49.0,Unknown,,Unknown,,No,100.0,1.0,1.0,50.0,0.945,0.971,48.9,Current-Season Handedness Matchup,Pull Air %,Barrel %,Max Exit Velocity,37.3,36.8,22.4,45.8,50.0,45.0,40.9,4.3,0.868,0.989,1.025,1.0,0.959,0.959,1.0,12.28,6.69,76.3,23.4,F,Lineup unconfirmed,Cutter,10.444444444444445,47.0,Changeup,1.1111111111111112,5.0,,,
141,2026-08-21,822857,2026-08-22T00:15:00Z,Scheduled,Globe Life Field,Los Angeles Angels @ Texas Rangers,Away,666139,Josh Lowe,Los Angeles Angels,Texas Rangers,LF,L,No,,84,257,235,50,6,0,10,24,26,18,1,72,0.213,0.271,0.366,0.637,11,36,34,9,2,0.265,0.0556,20,58,51,12,2,0.235,0.0345,373,71,5.1,19.8,40.2,26.1,33.7,17.0,26.6,39.5,27.1,6.0,2.9,6.0,53.6,82.4,24.5,0.598,70.7,93.2,108.7,34.8,9.2,6.5,40.9,28.8,Weak,2.0,Contact-First Profile,A-,Elevated power plane,28.8,Weak,0.941,Good,5.6,42.9,94.1,0.633,Derived proxy,Derived proxy,Derived proxy,Derived proxy,,,17.02,7.02,Strong positive regression,Weak Contact-First Profile profile. 5.1% barrel rate; 82.4 mph average exit velocity; 26.6% air-ball rate; 39.5% pull-air rate; 6.0% HR-launch rate.,0.0389,0.0367,3.87,7,2,23.5,0.3,29.8,Very recent HR,669022.0,MacKenzie Gore,L,LHB vs LHP,26,26,139.2,4.45,1.26,18,1.16,9.92,3.29,807.0,5.2,23.3,12.5,42.1,28.9,81.7,94.2,115.7,0.53,18.0,45.7,100.0,0.644,5.2,4-Seam Fastball,L,LHB vs LHP,29.3,37,0.171,0.194,0.2,0.394,0,1,12,0.0,0.0,0.308,152,0.0132,5.4,0.519,2,2,0,0/2,0.0,0.0,0.0,0.0,0,0,0,38.2,Slight Pitcher Advantage,Below average,45.0,5,Pitch-level Statcast · last 5 MLB games,492,4-Seam Fastball,51.6260162601626,254.0,Changeup,17.073170731707318,84.0,Slider,12.195121951219512,60.0,Curveball,10.16260162601626,50.0,Unknown,,Unknown,,No,104.0,1.04,1.0,57.2,0.991,0.977,39.5,Current-Season Handedness Matchup,Pull Air %,Barrel %,Max Exit Velocity,29.3,34.3,45.7,41.7,57.2,45.0,40.9,4.3,1.102,1.01,0.985,0.975,0.941,0.917,0.98,13.48,8.38,75.0,23.9,F,Lineup unconfirmed,Sinker,7.723577235772358,38.0,Cutter,1.2195121951219512,6.0,,,
142,2026-08-21,823746,2026-08-21T20:10:00Z,Scheduled,American Family Field,Atlanta Braves @ Milwaukee Brewers,Home,596142,Gary Sánchez,Milwaukee Brewers,Atlanta Braves,C,R,No,,70,224,181,40,9,1,10,33,31,39,3,46,0.221,0.366,0.448,0.814,9,28,24,5,1,0.208,0.0357,13,40,35,8,2,0.229,0.05,223,35,5.8,28.5,50.2,26.9,22.9,13.5,25.7,48.4,31.4,5.5,4.9,5.5,85.0,82.7,14.7,0.587,68.5,96.3,112.3,18.0,12.0,6.8,54.7,37.5,Below Average,2.5,Pull Power,A,Excellent HR swing plane,37.5,Below Average,0.965,Good,5.7,57.1,96.2,0.61,Derived proxy,Derived proxy,Derived proxy,Derived proxy,,,11.49,1.49,Near expected,Below Average Pull Power profile. 5.8% barrel rate; 82.7 mph average exit velocity; 25.7% air-ball rate; 48.4% pull-air rate; 5.5% HR-launch rate.,0.0446,0.0402,4.09,16,5,18.1,0.88,88.4,Near normal interval,519242.0,Chris Sale,L,RHB vs LHP,22,22,129.0,2.16,1.02,8,0.56,11.16,1.95,675.0,3.3,19.6,11.1,35.7,32.0,81.7,93.2,113.2,0.497,8.0,35.9,100.0,0.553,4.8,4-Seam Fastball,R,RHB vs LHP,33.3,95,0.269,0.389,0.487,0.877,4,15,18,0.0421,5.3,0.584,391,0.0179,3.1,0.503,4,4,0,0/4,0.0,0.0,0.0,0.0,0,0,1,35.5,Slight Pitcher Advantage,Below average,40.0,5,Pitch-level Statcast · last 5 MLB games,492,4-Seam Fastball,44.91869918699187,221.0,Slider,39.43089430894309,194.0,Changeup,9.34959349593496,46.0,Sinker,6.300813008130081,31.0,Unknown,,Unknown,,No,100.0,1.0,1.0,50.0,0.972,0.958,50.5,Current-Season Handedness Matchup,Pull Air %,Barrel %,Max Exit Velocity,33.3,23.0,35.9,54.6,50.0,45.0,40.8,4.29,1.019,0.914,1.025,1.0,0.965,0.965,1.0,15.46,8.37,71.2,26.4,F,Lineup unconfirmed,,,,,,,,,
143,2026-08-21,825045,2026-08-22T01:40:00Z,Scheduled,Chase Field,Cincinnati Reds @ Arizona Diamondbacks,Home,596146,Max Kepler,Arizona Diamondbacks,Cincinnati Reds,LF,L,No,,35,124,111,24,7,0,2,10,15,11,0,28,0.216,0.282,0.333,0.615,5,18,17,4,0,0.235,0.0,18,67,60,12,0,0.2,0.0,168,85,4.3,22.5,54.6,22.3,23.1,17.0,30.4,51.9,29.9,5.5,4.7,5.5,16.2,82.0,20.1,0.417,69.3,93.2,110.3,14.9,13.4,4.4,43.8,29.6,Weak,2.0,Pull Power,A-,Elevated power plane,29.6,Weak,0.943,Good,3.5,50.0,92.6,0.342,Derived proxy,Derived proxy,Derived proxy,Derived proxy,,,7.22,5.22,Strong positive regression,Weak Pull Power profile. 4.3% barrel rate; 82.0 mph average exit velocity; 30.4% air-ball rate; 51.9% pull-air rate; 5.5% HR-launch rate.,0.0161,0.0239,3.81,61,19,55.5,1.1,109.9,Near normal interval,666157.0,Nick Lodolo,L,LHB vs LHP,14,14,71.2,4.52,1.42,12,1.51,7.16,3.64,405.0,6.4,24.9,13.3,35.4,32.6,83.4,95.9,115.9,0.595,12.0,23.0,100.0,0.464,2.8,Sinker,L,LHB vs LHP,40.1,12,0.333,0.333,0.5,0.833,0,0,3,0.0,6.7,0.643,79,0.0127,1.1,0.519,0,0,0,0/0,,,,,0,0,0,36.1,Slight Pitcher Advantage,Below average,50.0,5,Pitch-level Statcast · last 5 MLB games,414,4-Seam Fastball,28.502415458937197,118.0,Sinker,26.08695652173913,108.0,Changeup,23.67149758454106,98.0,Curveball,21.73913043478261,90.0,Unknown,,Unknown,,No,100.0,1.0,1.0,50.0,0.946,0.989,47.9,Current-Season Handedness Matchup,Pull Air %,Barrel %,Max Exit Velocity,40.1,38.6,23.0,40.7,50.0,45.0,40.7,4.28,0.758,1.066,0.985,0.94,0.943,0.886,1.0,8.82,5.0,66.2,18.9,F,Lineup unconfirmed,,,,,,,,,
144,2026-08-21,824072,2026-08-22T00:10:00Z,Scheduled,Kauffman Stadium,Detroit Tigers @ Kansas City Royals,Home,695600,Carter Jensen,Kansas City Royals,Detroit Tigers,C,L,No,,119,472,416,92,25,1,16,56,56,49,2,137,0.221,0.303,0.401,0.704,10,40,32,4,0,0.125,0.0,24,99,83,12,2,0.145,0.0202,570,112,5.7,22.4,50.2,20.7,28.9,17.6,27.4,43.1,27.6,6.6,4.2,6.6,43.5,82.4,22.2,0.527,71.5,94.3,112.5,31.2,11.2,5.9,45.9,32.8,Weak,2.5,Pull Power,A-,Elevated power plane,32.8,Weak,0.952,Good,6.2,48.3,92.6,0.512,Derived proxy,Derived proxy,Derived proxy,Derived proxy,,,28.96,12.96,Strong positive regression,Weak Pull Power profile. 5.7% barrel rate; 82.4 mph average exit velocity; 27.4% air-ball rate; 43.1% pull-air rate; 6.6% HR-launch rate.,0.0339,0.0335,3.99,32,10,26.0,1.23,123.1,Near normal interval,675512.0,Troy Melton,R,LHB vs RHP,14,14,84.1,1.49,0.96,8,0.85,7.79,2.67,419.0,4.1,25.8,12.9,38.5,26.7,83.4,95.4,111.9,0.432,8.0,46.0,100.0,0.629,6.1,4-Seam Fastball,L,LHB vs RHP,34.3,339,0.214,0.301,0.424,0.725,14,38,97,0.0413,5.3,0.545,197,0.0355,3.8,0.44,3,2,1,1/2,0.5,0.667,1.0,1.667,0,1,0,42.3,Slight Pitcher Advantage,Below average,53.8,5,Pitch-level Statcast · last 5 MLB games,458,4-Seam Fastball,31.87772925764192,146.0,Cutter,24.017467248908297,110.0,Slider,13.318777292576419,61.0,Split-Finger,12.882096069868995,59.0,Unknown,,Unknown,,No,100.0,1.0,1.0,50.0,0.992,0.966,45.8,Current-Season Handedness Matchup,Pull Air %,Barrel %,Max Exit Velocity,34.3,25.5,46.0,45.2,50.0,45.0,40.6,4.28,0.786,0.96,1.025,1.0,0.952,0.952,1.0,12.72,6.45,84.9,25.2,F,Lineup unconfirmed,Curveball,10.043668122270743,46.0,Sinker,6.11353711790393,28.0,Changeup,1.7467248908296944,8.0
145,2026-08-21,823101,2026-08-22T02:10:00Z,Scheduled,T-Mobile Park,Chicago Cubs @ Seattle Mariners,Away,624424,Michael Conforto,Chicago Cubs,Seattle Mariners,DH,L,No,,85,225,194,43,12,0,10,25,30,27,1,67,0.222,0.316,0.438,0.754,9,27,22,4,1,0.182,0.037,18,53,43,7,1,0.163,0.0189,268,62,5.6,24.2,56.5,23.0,20.5,18.3,29.0,57.2,27.4,5.0,3.5,5.0,52.3,83.2,21.6,0.539,70.3,95.3,110.7,28.9,8.5,5.3,53.6,35.1,Below Average,2.5,Pull Power,A-,Elevated power plane,35.1,Below Average,0.958,Good,4.8,58.8,93.6,0.395,Derived proxy,Derived proxy,Derived proxy,Derived proxy,,,13.98,3.98,Positive regression,Below Average Pull Power profile. 5.6% barrel rate; 83.2 mph average exit velocity; 29.0% air-ball rate; 57.2% pull-air rate; 5.0% HR-launch rate.,0.0444,0.0401,4.05,9,4,19.4,0.46,46.4,Recently homered,676106.0,Emerson Hancock,R,LHB vs RHP,23,23,128.0,3.3,1.11,16,1.13,8.37,2.25,732.0,4.8,23.1,14.5,33.7,30.7,83.2,94.4,114.7,0.547,16.0,35.0,99.8,0.535,5.2,4-Seam Fastball,L,LHB vs RHP,39.9,218,0.213,0.307,0.404,0.712,8,26,66,0.0367,5.4,0.588,295,0.0339,5.7,0.584,0,0,0,0/0,,,,,0,0,0,40.2,Slight Pitcher Advantage,Below average,50.0,5,Pitch-level Statcast · last 5 MLB games,474,4-Seam Fastball,41.561181434599156,197.0,Sinker,23.839662447257385,113.0,Sweeper,10.759493670886076,51.0,Cutter,10.126582278481013,48.0,Unknown,,Unknown,,No,92.0,0.92,1.0,35.6,0.97,0.973,51.4,Current-Season Handedness Matchup,Pull Air %,Barrel %,Max Exit Velocity,39.9,27.7,35.0,47.6,35.6,45.0,40.5,4.27,0.888,1.005,1.025,1.0,0.958,0.958,1.0,15.28,7.66,72.3,23.9,F,Lineup unconfirmed,Curveball,9.70464135021097,46.0,Changeup,4.008438818565401,19.0,,,
146,2026-08-21,823262,2026-08-22T01:40:00Z,Scheduled,Petco Park,Minnesota Twins @ San Diego Padres,Away,656577,Alex Jackson,Minnesota Twins,San Diego Padres,C,R,No,,29,69,66,20,4,0,1,11,5,1,2,23,0.303,0.333,0.409,0.742,1,0,0,0,0,0.0,0.0,5,7,7,1,0,0.143,0.0,92,6,1.0,15.1,34.4,44.1,21.5,12.3,21.4,41.6,20.4,5.0,3.0,5.0,100.0,75.8,15.0,0.441,67.9,89.5,106.5,23.6,7.0,3.9,47.9,18.8,Weak,2.0,Contact-First Profile,A,Excellent HR swing plane,18.8,Weak,0.913,Good,0.0,0.0,76.4,0.89,Derived proxy,Derived proxy,Derived proxy,Derived proxy,,,1.87,0.87,Near expected,Weak Contact-First Profile profile. 1.0% barrel rate; 75.8 mph average exit velocity; 21.4% air-ball rate; 41.6% pull-air rate; 5.0% HR-launch rate.,0.0145,0.0256,4.05,16,10,66.0,0.24,24.2,Very recent HR,,TBD,,Unknown,0,0,0.0,0.0,0.0,0,0.0,0.0,0.0,,,,,,,,,,,,50.0,0.0,,,Unknown,R,Unknown,50.0,0,,,,,0,0,0,,,,0,,,,0,0,0,0/0,,,,,0,0,0,50.0,Neutral Matchup,Average,50.0,0,,0,,,,,,,,,,,,,Unknown,,Unknown,,No,94.0,0.94,1.0,39.2,1.0,1.0,37.8,Current-Season Handedness Matchup,Pull Air %,Barrel %,Max Exit Velocity,50.0,50.0,50.0,0.0,39.2,45.0,40.4,4.26,1.0,1.0,1.0,1.0,0.913,0.913,0.98,9.97,6.14,47.5,17.9,F,Small season sample; Probable SP unavailable; Lineup unconfirmed,,,,,,,,,
147,2026-08-21,824559,2026-08-21T23:40:00Z,Scheduled,Rate Field,New York Mets @ Chicago White Sox,Home,643217,Andrew Benintendi,Chicago White Sox,New York Mets,DH,L,No,,113,381,343,84,18,2,13,48,63,32,1,91,0.245,0.308,0.423,0.731,12,34,30,7,1,0.233,0.0294,24,73,66,16,3,0.242,0.0411,484,81,4.8,24.5,53.5,22.8,22.1,17.4,30.4,49.4,24.5,7.5,6.2,7.5,67.5,82.8,24.1,0.515,68.0,93.7,106.3,3.5,10.8,0.7,49.7,29.3,Weak,2.0,Pull Power,A-,Elevated power plane,29.3,Weak,0.942,Good,3.7,38.5,92.9,0.438,Derived proxy,Derived proxy,Derived proxy,Derived proxy,,,23.24,10.24,Strong positive regression,Weak Pull Power profile. 4.8% barrel rate; 82.8 mph average exit velocity; 30.4% air-ball rate; 49.4% pull-air rate; 7.5% HR-launch rate.,0.0341,0.0336,3.99,10,3,26.4,0.38,37.9,Recently homered,640455.0,Sean Manaea,L,LHB vs LHP,26,12,111.0,4.22,1.32,16,1.3,9.16,3.0,671.0,4.8,22.4,14.2,50.6,31.3,80.7,93.6,114.6,0.571,16.0,36.8,100.0,0.553,5.2,4-Seam Fastball,L,LHB vs LHP,33.3,44,0.244,0.279,0.268,0.547,0,2,15,0.0,1.7,0.556,155,0.0258,4.1,0.553,14,12,4,4/12,0.333,0.429,0.333,0.762,0,2,1,35.5,Slight Pitcher Advantage,Below average,38.4,5,Pitch-level Statcast · last 5 MLB games,457,4-Seam Fastball,53.82932166301969,246.0,Sweeper,26.695842450765863,122.0,Sinker,15.317286652078774,70.0,Changeup,2.4070021881838075,11.0,Unknown,,Unknown,,No,100.0,1.0,1.0,50.0,0.974,0.973,43.0,Current-Season Handedness Matchup,Pull Air %,Barrel %,Max Exit Velocity,33.3,38.5,36.8,31.0,50.0,45.0,40.4,4.26,1.013,1.032,0.985,1.0,0.942,0.942,1.0,12.75,7.63,82.8,25.0,F,Lineup unconfirmed,Cutter,1.75054704595186,8.0,,,,,,
148,2026-08-21,824072,2026-08-22T00:10:00Z,Scheduled,Kauffman Stadium,Detroit Tigers @ Kansas City Royals,Away,690993,Colt Keith,Detroit Tigers,Kansas City Royals,3B,L,No,,117,363,333,90,15,4,9,46,32,25,3,67,0.27,0.325,0.42,0.745,11,30,24,6,1,0.25,0.0333,25,77,67,23,1,0.343,0.013,457,105,3.4,25.7,43.0,27.2,29.5,12.7,28.6,36.6,33.3,5.6,3.4,5.6,48.3,83.5,17.2,0.535,70.1,94.9,109.0,14.5,12.3,2.9,44.9,25.4,Weak,2.0,Contact-First Profile,A,Excellent HR swing plane,25.4,Weak,0.931,Good,1.9,33.3,93.6,0.521,Derived proxy,Derived proxy,Derived proxy,Derived proxy,,,15.99,6.99,Strong positive regression,Weak Contact-First Profile profile. 3.4% barrel rate; 83.5 mph average exit velocity; 28.6% air-ball rate; 36.6% pull-air rate; 5.6% HR-launch rate.,0.0248,0.0266,4.05,9,3,37.0,0.24,24.3,Very recent HR,702070.0,Noah Cameron,L,LHB vs LHP,24,23,138.1,4.16,1.22,14,0.91,8.2,2.8,740.0,5.1,25.7,14.5,46.3,31.2,82.6,95.5,115.9,0.542,14.0,44.9,99.9,0.616,6.1,4-Seam Fastball,L,LHB vs LHP,40.3,25,0.125,0.16,0.125,0.285,0,0,4,0.0,0.0,0.324,144,0.0278,7.6,0.596,3,3,0,0/3,0.0,0.0,0.0,0.0,0,0,2,42.3,Slight Pitcher Advantage,Below average,42.5,5,Pitch-level Statcast · last 5 MLB games,516,Changeup,21.705426356589147,112.0,Cutter,20.930232558139537,108.0,Slider,18.6046511627907,96.0,4-Seam Fastball,17.635658914728683,91.0,Unknown,,Unknown,,No,100.0,1.0,1.0,50.0,0.99,0.976,40.8,Current-Season Handedness Matchup,Pull Air %,Barrel %,Max Exit Velocity,40.3,38.7,44.9,23.7,50.0,45.0,40.4,4.26,0.964,0.97,0.985,1.0,0.931,0.931,0.98,10.34,6.15,83.2,22.9,F,Lineup unconfirmed,Curveball,16.666666666666668,86.0,Sinker,4.457364341085271,23.0,,,
149,2026-08-21,823830,2026-08-21T23:10:00Z,Scheduled,loanDepot park,Washington Nationals @ Miami Marlins,Away,691781,Brady House,Washington Nationals,Miami Marlins,3B,R,No,,66,252,231,55,10,0,9,31,31,17,3,72,0.238,0.298,0.398,0.696,10,35,30,9,1,0.3,0.0286,22,75,68,18,2,0.265,0.0267,294,83,7.2,29.5,33.8,33.0,32.8,13.9,27.6,27.7,28.4,6.9,2.0,6.9,40.8,83.7,15.4,0.677,72.4,96.2,112.2,34.9,12.4,9.3,42.6,32.4,Weak,2.5,Contact-First Profile,A,Excellent HR swing plane,32.4,Weak,0.951,Good,8.4,25.0,96.4,0.728,Derived proxy,Derived proxy,Derived proxy,Derived proxy,,,16.94,7.94,Strong positive regression,Weak Contact-First Profile profile. 7.2% barrel rate; 83.7 mph average exit velocity; 27.6% air-ball rate; 27.7% pull-air rate; 6.9% HR-launch rate.,0.0357,0.0345,4.05,8,4,25.7,0.31,31.2,Very recent HR,687473.0,Ryan Gusto,R,RHB vs RHP,16,11,53.2,4.7,1.32,8,1.34,8.22,2.35,318.0,5.7,27.0,13.8,32.3,31.1,84.8,95.6,113.3,0.537,8.0,49.4,100.0,0.661,6.2,4-Seam Fastball,R,RHB vs RHP,40.5,166,0.175,0.229,0.299,0.528,5,8,52,0.0301,5.6,0.568,99,0.0505,5.8,0.554,0,0,0,0/0,,,,,0,0,0,45.5,Neutral Matchup,Average,50.0,5,Pitch-level Statcast · last 5 MLB games,349,4-Seam Fastball,31.23209169054441,109.0,Sweeper,15.472779369627506,54.0,Cutter,13.46704871060172,47.0,Sinker,12.034383954154729,42.0,Unknown,,Unknown,,No,94.0,0.94,1.0,39.2,0.999,0.982,43.3,Current-Season Handedness Matchup,Pull Air %,Barrel %,Max Exit Velocity,40.5,31.3,49.4,35.9,39.2,45.0,40.2,4.24,0.921,1.029,0.985,1.0,0.951,0.951,0.98,13.26,7.17,76.0,22.8,F,Lineup unconfirmed,Changeup,10.02865329512894,35.0,Slider,9.455587392550143,33.0,Curveball,8.30945558739255,29.0
150,2026-08-21,824072,2026-08-22T00:10:00Z,Scheduled,Kauffman Stadium,Detroit Tigers @ Kansas City Royals,Away,701678,Hao-Yu Lee,Detroit Tigers,Kansas City Royals,2B,R,No,,82,227,210,58,11,1,6,23,30,14,0,53,0.276,0.319,0.424,0.743,9,20,16,7,0,0.438,0.0,22,51,42,15,1,0.357,0.0196,269,55,5.3,26.4,34.3,26.6,39.0,14.4,31.0,35.8,27.8,7.0,3.7,7.0,39.5,83.1,15.3,0.501,69.7,95.6,108.8,20.0,14.9,4.7,57.1,28.2,Weak,2.0,Contact-First Profile,A,Excellent HR swing plane,28.2,Weak,0.939,Good,5.5,37.5,96.6,0.473,Derived proxy,Derived proxy,Derived proxy,Derived proxy,,,12.83,6.83,Strong positive regression,Weak Contact-First Profile profile. 5.3% barrel rate; 83.1 mph average exit velocity; 31.0% air-ball rate; 35.8% pull-air rate; 7.0% HR-launch rate.,0.0264,0.0284,4.05,34,19,35.0,0.97,97.1,Near normal interval,702070.0,Noah Cameron,L,RHB vs LHP,24,23,138.1,4.16,1.22,14,0.91,8.2,2.8,740.0,5.1,25.7,14.5,46.3,31.2,82.6,95.5,115.9,0.542,14.0,40.4,99.9,0.565,6.5,4-Seam Fastball,R,RHB vs LHP,29.5,104,0.258,0.291,0.402,0.693,2,5,24,0.0192,5.6,0.555,436,0.0229,4.3,0.525,4,4,2,2/4,0.5,0.5,1.25,1.75,0,0,0,38.4,Slight Pitcher Advantage,Below average,55.0,5,Pitch-level Statcast · last 5 MLB games,516,Changeup,21.705426356589147,112.0,Cutter,20.930232558139537,108.0,Slider,18.6046511627907,96.0,4-Seam Fastball,17.635658914728683,91.0,Unknown,,Unknown,,No,100.0,1.0,1.0,50.0,0.981,0.976,38.2,Current-Season Handedness Matchup,Pull Air %,Barrel %,Max Exit Velocity,29.5,38.7,40.4,41.4,50.0,45.0,40.0,4.23,0.801,0.97,1.025,1.0,0.939,0.939,1.0,11.0,5.92,72.3,22.0,F,Lineup unconfirmed,Curveball,16.666666666666668,86.0,Sinker,4.457364341085271,23.0,,,
151,2026-08-21,823830,2026-08-21T23:10:00Z,Scheduled,loanDepot park,Washington Nationals @ Miami Marlins,Away,695734,Daylen Lile,Washington Nationals,Miami Marlins,LF,L,No,,127,525,486,117,23,5,15,62,65,29,6,103,0.241,0.29,0.401,0.691,11,45,44,9,0,0.205,0.0,26,97,93,21,4,0.226,0.0412,744,140,4.7,23.0,51.3,19.5,29.1,20.5,31.7,47.6,31.8,7.4,5.7,7.4,48.7,82.2,22.8,0.549,70.0,93.9,109.8,12.5,11.9,3.3,52.4,32.6,Weak,2.5,Pull Power,A-,Elevated power plane,32.6,Weak,0.951,Good,5.0,58.7,94.1,0.585,Derived proxy,Derived proxy,Derived proxy,Derived proxy,,,34.56,19.56,Strong positive regression,Weak Pull Power profile. 4.7% barrel rate; 82.2 mph average exit velocity; 31.7% air-ball rate; 47.6% pull-air rate; 7.4% HR-launch rate.,0.0286,0.0292,4.05,44,11,32.4,1.36,135.8,Above normal drought,687473.0,Ryan Gusto,R,LHB vs RHP,16,11,53.2,4.7,1.32,8,1.34,8.22,2.35,318.0,5.7,27.0,13.8,32.3,31.1,84.8,95.6,113.3,0.537,8.0,34.9,100.0,0.54,5.0,4-Seam Fastball,L,LHB vs RHP,35.9,377,0.249,0.294,0.446,0.74,14,21,67,0.0371,5.6,0.584,138,0.0217,5.5,0.525,3,2,1,1/2,0.5,0.333,0.5,0.833,0,0,0,38.1,Slight Pitcher Advantage,Below average,48.7,5,Pitch-level Statcast · last 5 MLB games,349,4-Seam Fastball,31.23209169054441,109.0,Sweeper,15.472779369627506,54.0,Cutter,13.46704871060172,47.0,Sinker,12.034383954154729,42.0,Unknown,,Unknown,,No,94.0,0.94,1.0,39.2,0.97,0.982,46.5,Current-Season Handedness Matchup,Pull Air %,Barrel %,Max Exit Velocity,35.9,31.3,34.9,48.8,39.2,45.0,40.0,4.23,0.931,1.029,1.025,1.0,0.951,0.951,1.035,11.31,6.76,84.8,26.1,F,Lineup unconfirmed,Changeup,10.02865329512894,35.0,Slider,9.455587392550143,33.0,Curveball,8.30945558739255,29.0
152,2026-08-21,825045,2026-08-22T01:40:00Z,Scheduled,Chase Field,Cincinnati Reds @ Arizona Diamondbacks,Home,699912,Jose Fernandez,Arizona Diamondbacks,Cincinnati Reds,DH,R,No,,58,189,176,46,9,0,3,24,16,8,1,43,0.261,0.297,0.364,0.661,3,12,11,4,0,0.364,0.0,3,12,11,4,0,0.364,0.0,239,16,3.3,23.2,38.4,39.2,22.4,5.7,20.2,57.6,23.4,4.6,3.3,4.6,40.0,79.8,7.8,0.468,70.8,93.6,110.1,37.3,9.9,10.9,44.8,30.8,Weak,2.0,Pull Power,C,Low line-drive plane,30.8,Weak,0.946,Good,6.2,100.0,92.2,0.493,Derived proxy,Derived proxy,Derived proxy,Derived proxy,,,8.71,5.71,Strong positive regression,Weak Pull Power profile. 3.3% barrel rate; 79.8 mph average exit velocity; 20.2% air-ball rate; 57.6% pull-air rate; 4.6% HR-launch rate.,0.0159,0.0221,3.99,100,36,58.7,1.7,170.5,Above normal drought,666157.0,Nick Lodolo,L,RHB vs LHP,14,14,71.2,4.52,1.42,12,1.51,7.16,3.64,405.0,6.4,24.9,13.3,35.4,32.6,83.4,95.9,115.9,0.595,12.0,17.2,100.0,0.422,0.5,Sinker,R,RHB vs LHP,41.1,56,0.25,0.291,0.327,0.618,0,3,13,0.0,3.7,0.546,239,0.046,8.0,0.621,0,0,0,0/0,,,,,0,0,0,34.5,Slight Pitcher Advantage,Below average,50.0,5,Pitch-level Statcast · last 5 MLB games,414,4-Seam Fastball,28.502415458937197,118.0,Sinker,26.08695652173913,108.0,Changeup,23.67149758454106,98.0,Curveball,21.73913043478261,90.0,Unknown,,Unknown,,No,100.0,1.0,1.0,50.0,0.934,0.989,47.0,Current-Season Handedness Matchup,Pull Air %,Barrel %,Max Exit Velocity,41.1,38.6,17.2,47.9,50.0,45.0,40.0,4.23,0.889,1.066,1.025,1.0,0.946,0.946,1.035,8.54,5.72,66.5,23.0,F,Lineup unconfirmed; Limited recent games,,,,,,,,,
153,2026-08-21,824721,2026-08-21T23:10:00Z,Scheduled,Fenway Park,San Francisco Giants @ Boston Red Sox,Away,642715,Willy Adames,San Francisco Giants,Boston Red Sox,SS,R,No,,118,493,454,104,25,1,20,60,50,36,2,135,0.229,0.288,0.421,0.709,7,27,24,9,1,0.375,0.037,21,85,75,18,2,0.24,0.0235,605,102,3.8,22.1,48.6,28.4,22.2,16.4,26.8,53.9,29.4,6.1,3.0,6.1,60.1,81.1,21.5,0.484,70.8,93.1,108.0,24.1,11.0,5.8,57.5,31.2,Weak,2.0,Pull Power,A-,Elevated power plane,31.2,Weak,0.947,Good,2.0,60.0,91.7,0.379,Derived proxy,Derived proxy,Derived proxy,Derived proxy,,,24.43,4.43,Strong positive regression,Weak Pull Power profile. 3.8% barrel rate; 81.1 mph average exit velocity; 26.8% air-ball rate; 53.9% pull-air rate; 6.1% HR-launch rate.,0.0406,0.0389,3.99,0,0,22.7,0.0,0.0,Very recent HR,543243.0,Sonny Gray,R,RHB vs RHP,23,23,132.2,2.65,1.15,13,0.88,7.94,2.31,634.0,4.1,25.2,13.7,47.0,27.1,83.4,95.5,111.1,0.481,13.0,34.9,99.9,0.558,4.0,Sinker,R,RHB vs RHP,32.7,360,0.237,0.292,0.441,0.733,16,24,95,0.0444,4.8,0.537,188,0.0266,3.6,0.452,27,19,6,6/19,0.316,0.519,0.526,1.045,1,8,6,41.5,Slight Pitcher Advantage,Below average,73.0,5,Pitch-level Statcast · last 5 MLB games,440,Sweeper,24.09090909090909,106.0,Sinker,23.636363636363637,104.0,Curveball,17.045454545454547,75.0,4-Seam Fastball,15.909090909090908,70.0,Unknown,,Unknown,,No,102.0,1.02,1.0,53.6,0.97,0.966,44.5,Current-Season Handedness Matchup,Pull Air %,Barrel %,Max Exit Velocity,32.7,33.1,34.9,37.4,53.6,45.0,40.0,4.22,0.918,0.965,0.985,1.0,0.947,0.947,0.98,14.64,7.49,83.8,24.6,F,Lineup unconfirmed,Cutter,15.909090909090908,70.0,Changeup,3.409090909090909,15.0,,,
154,2026-08-21,824317,2026-08-22T00:40:00Z,Scheduled,Coors Field,Cleveland Guardians @ Colorado Rockies,Home,664954,Brett Sullivan,Colorado Rockies,Cleveland Guardians,C,L,No,,67,184,168,40,11,1,7,21,27,11,1,31,0.238,0.284,0.44,0.724,9,30,25,7,3,0.28,0.1,15,42,37,11,3,0.297,0.0714,262,64,3.9,21.8,61.7,18.7,19.2,15.6,29.0,64.7,27.0,6.9,5.9,6.9,85.6,82.8,19.8,0.499,66.9,93.7,107.7,5.0,12.9,2.1,55.0,30.0,Weak,2.0,Pull Power,A,Excellent HR swing plane,30.0,Weak,0.944,Good,4.7,68.4,94.1,0.595,Derived proxy,Derived proxy,Derived proxy,Derived proxy,,,11.88,4.88,Strong positive regression,Weak Pull Power profile. 3.9% barrel rate; 82.8 mph average exit velocity; 29.0% air-ball rate; 64.7% pull-air rate; 6.9% HR-launch rate.,0.038,0.0357,3.93,6,3,24.0,0.25,25.0,Very recent HR,676282.0,Joey Cantillo,L,LHB vs LHP,26,26,125.2,3.8,1.44,15,1.07,9.95,4.23,624.0,4.8,25.0,15.2,43.6,25.6,81.8,94.9,113.4,0.52,15.0,16.3,99.9,0.413,1.3,4-Seam Fastball,L,LHB vs LHP,29.7,45,0.25,0.295,0.35,0.645,0,2,6,0.0,0.0,0.317,133,0.0226,4.9,0.568,0,0,0,0/0,,,,,0,0,0,29.1,Strong Pitcher Advantage,Below average,50.0,5,Pitch-level Statcast · last 5 MLB games,362,Curveball,44.751381215469614,162.0,4-Seam Fastball,27.900552486187845,101.0,Changeup,18.50828729281768,67.0,Cutter,8.839779005524862,32.0,Unknown,,Unknown,,No,118.0,1.18,1.0,82.4,0.933,0.973,43.6,Current-Season Handedness Matchup,Pull Air %,Barrel %,Max Exit Velocity,29.7,34.1,16.3,48.1,82.4,45.0,39.9,4.22,1.35,0.995,0.985,1.0,0.944,0.944,0.98,13.3,10.04,68.5,26.8,F,Lineup unconfirmed,,,,,,,,,
155,2026-08-21,823420,2026-08-21T22:40:00Z,Scheduled,Citizens Bank Park,St. Louis Cardinals @ Philadelphia Phillies,Away,671056,Iván Herrera,St. Louis Cardinals,Philadelphia Phillies,DH,R,No,,128,573,479,117,23,1,14,80,53,63,27,100,0.244,0.361,0.384,0.745,13,62,49,14,1,0.286,0.0161,27,122,106,27,3,0.255,0.0246,752,159,4.4,28.2,43.2,26.9,29.3,9.4,22.1,48.9,31.4,5.1,2.1,5.1,42.6,83.6,14.6,0.498,71.1,96.6,113.5,36.1,12.8,9.9,42.9,35.3,Below Average,2.5,Pull Power,A,Excellent HR swing plane,35.3,Below Average,0.959,Good,4.4,57.9,96.9,0.535,Derived proxy,Derived proxy,Derived proxy,Derived proxy,,,32.79,18.79,Strong positive regression,Below Average Pull Power profile. 4.4% barrel rate; 83.6 mph average exit velocity; 22.1% air-ball rate; 48.9% pull-air rate; 5.1% HR-launch rate.,0.0244,0.0257,4.05,11,3,34.2,0.32,32.2,Very recent HR,666200.0,Jesús Luzardo,L,RHB vs LHP,25,25,150.1,3.23,1.15,12,0.72,11.08,2.75,698.0,3.6,20.5,11.5,37.3,28.4,81.7,93.4,110.9,0.454,12.0,28.5,100.0,0.476,4.9,Sweeper,R,RHB vs LHP,31.0,177,0.243,0.401,0.393,0.794,5,31,26,0.0282,6.3,0.523,469,0.0235,4.3,0.504,2,2,0,0/2,0.0,0.0,0.0,0.0,0,0,0,32.9,Slight Pitcher Advantage,Below average,45.0,5,Pitch-level Statcast · last 5 MLB games,512,Sweeper,41.015625,210.0,4-Seam Fastball,25.9765625,133.0,Sinker,18.75,96.0,Changeup,14.2578125,73.0,Unknown,,Unknown,,No,108.0,1.08,1.0,64.4,0.957,0.961,48.8,Current-Season Handedness Matchup,Pull Air %,Barrel %,Max Exit Velocity,31.0,22.9,28.5,53.1,64.4,45.0,39.9,4.22,0.91,0.939,1.025,1.0,0.959,0.959,0.98,10.02,6.03,85.0,23.0,F,Lineup unconfirmed,,,,,,,,,
156,2026-08-21,824072,2026-08-22T00:10:00Z,Scheduled,Kauffman Stadium,Detroit Tigers @ Kansas City Royals,Home,686469,Vinnie Pasquantino,Kansas City Royals,Detroit Tigers,1B,L,No,,83,353,308,75,13,2,7,37,36,39,2,60,0.244,0.329,0.367,0.696,4,17,15,7,1,0.467,0.0588,8,33,30,12,1,0.4,0.0303,517,46,5.9,30.3,52.2,19.4,28.1,13.9,27.8,47.5,31.9,7.4,3.5,7.4,27.4,85.3,21.7,0.563,68.4,96.9,109.3,9.8,14.1,5.0,54.7,35.8,Below Average,2.5,Pull Power,A-,Elevated power plane,35.8,Below Average,0.96,Good,6.5,42.9,98.5,0.671,Derived proxy,Derived proxy,Derived proxy,Derived proxy,,,29.47,22.47,Strong positive regression,Below Average Pull Power profile. 5.9% barrel rate; 85.3 mph average exit velocity; 27.8% air-ball rate; 47.5% pull-air rate; 7.4% HR-launch rate.,0.0198,0.0229,3.99,3,1,44.0,0.07,6.8,Very recent HR,675512.0,Troy Melton,R,LHB vs RHP,14,14,84.1,1.49,0.96,8,0.85,7.79,2.67,419.0,4.1,25.8,12.9,38.5,26.7,83.4,95.4,111.9,0.432,8.0,33.9,100.0,0.496,6.6,4-Seam Fastball,L,LHB vs RHP,30.7,253,0.267,0.356,0.41,0.766,6,31,37,0.0237,6.5,0.539,197,0.0355,3.8,0.44,4,3,1,1/3,0.333,0.5,0.333,0.833,0,1,0,35.3,Slight Pitcher Advantage,Below average,48.2,5,Pitch-level Statcast · last 5 MLB games,458,4-Seam Fastball,31.87772925764192,146.0,Cutter,24.017467248908297,110.0,Slider,13.318777292576419,61.0,Split-Finger,12.882096069868995,59.0,Unknown,,Unknown,,No,100.0,1.0,1.0,50.0,0.968,0.966,47.5,Current-Season Handedness Matchup,Pull Air %,Barrel %,Max Exit Velocity,30.7,25.5,33.9,52.5,50.0,45.0,39.8,4.21,1.322,0.96,1.025,1.0,0.96,0.96,0.98,8.84,6.84,79.6,22.8,F,Lineup unconfirmed,Curveball,10.043668122270743,46.0,Sinker,6.11353711790393,28.0,Changeup,1.7467248908296944,8.0
157,2026-08-21,822857,2026-08-22T00:15:00Z,Scheduled,Globe Life Field,Los Angeles Angels @ Texas Rangers,Home,607043,Brandon Nimmo,Texas Rangers,Los Angeles Angels,RF,L,No,,122,514,466,125,28,4,13,52,48,40,6,110,0.268,0.333,0.429,0.762,12,49,47,10,1,0.213,0.0204,26,105,97,26,3,0.268,0.0286,731,165,3.9,27.4,43.0,29.1,27.9,12.1,25.6,36.6,30.8,8.0,4.9,8.0,74.2,84.1,19.0,0.597,70.3,95.8,110.7,25.4,14.2,5.8,48.5,31.6,Weak,2.5,Contact-First Profile,A,Excellent HR swing plane,31.6,Weak,0.948,Good,1.2,37.8,94.3,0.518,Derived proxy,Derived proxy,Derived proxy,Derived proxy,,,30.22,17.22,Strong positive regression,Weak Contact-First Profile profile. 3.9% barrel rate; 84.1 mph average exit velocity; 25.6% air-ball rate; 36.6% pull-air rate; 8.0% HR-launch rate.,0.0253,0.0266,3.99,39,10,35.8,1.09,108.8,Near normal interval,672282.0,Reid Detmers,L,LHB vs LHP,25,25,143.0,3.78,1.06,17,1.07,10.51,2.71,742.0,4.6,22.2,15.2,38.7,28.8,83.3,94.8,112.6,0.535,17.0,48.1,99.9,0.665,5.3,4-Seam Fastball,L,LHB vs LHP,32.2,142,0.338,0.387,0.531,0.918,5,9,27,0.0352,2.9,0.569,150,0.0267,4.9,0.513,9,7,3,3/7,0.429,0.556,0.857,1.413,1,1,3,45.9,Neutral Matchup,Average,72.5,5,Pitch-level Statcast · last 5 MLB games,430,4-Seam Fastball,50.0,215.0,Slider,29.53488372093023,127.0,Curveball,13.255813953488373,57.0,Changeup,7.209302325581396,31.0,Unknown,,Unknown,,No,104.0,1.04,1.0,57.2,0.996,0.971,41.0,Current-Season Handedness Matchup,Pull Air %,Barrel %,Max Exit Velocity,32.2,30.4,48.1,29.2,57.2,45.0,39.8,4.21,0.963,0.995,0.985,1.0,0.948,0.948,1.0,10.18,6.46,85.0,25.5,F,Lineup unconfirmed,,,,,,,,,
158,2026-08-21,824317,2026-08-22T00:40:00Z,Scheduled,Coors Field,Cleveland Guardians @ Colorado Rockies,Home,678662,Ezequiel Tovar,Colorado Rockies,Cleveland Guardians,SS,R,No,,117,422,386,79,20,0,9,42,38,25,2,107,0.205,0.252,0.326,0.578,10,29,25,5,0,0.2,0.0,21,67,58,15,1,0.259,0.0149,637,106,3.1,18.1,40.4,32.8,26.8,13.5,22.3,46.3,30.5,4.8,2.5,4.8,39.5,79.2,24.1,0.481,69.9,91.1,108.2,20.5,7.9,4.4,46.2,24.6,Weak,2.0,Pull Power,A-,Elevated power plane,24.6,Weak,0.929,Good,2.8,55.0,90.3,0.461,Derived proxy,Derived proxy,Derived proxy,Derived proxy,,,21.3,12.3,Strong positive regression,Weak Pull Power profile. 3.1% barrel rate; 79.2 mph average exit velocity; 22.3% air-ball rate; 46.3% pull-air rate; 4.8% HR-launch rate.,0.0213,0.0237,3.81,35,13,42.9,0.82,81.6,Near normal interval,676282.0,Joey Cantillo,L,RHB vs LHP,26,26,125.2,3.8,1.44,15,1.07,9.95,4.23,624.0,4.8,25.0,15.2,43.6,25.6,81.8,94.9,113.4,0.52,15.0,33.4,99.9,0.524,5.0,4-Seam Fastball,R,RHB vs LHP,25.3,125,0.212,0.274,0.336,0.61,2,9,39,0.016,3.5,0.492,412,0.0291,4.8,0.502,0,0,0,0/0,,,,,0,0,0,33.1,Slight Pitcher Advantage,Below average,50.0,5,Pitch-level Statcast · last 5 MLB games,362,Curveball,44.751381215469614,162.0,4-Seam Fastball,27.900552486187845,101.0,Changeup,18.50828729281768,67.0,Cutter,8.839779005524862,32.0,Unknown,,Unknown,,No,118.0,1.18,1.0,82.4,0.967,0.973,37.9,Current-Season Handedness Matchup,Pull Air %,Barrel %,Max Exit Velocity,25.3,34.1,33.4,36.4,82.4,45.0,39.7,4.21,0.79,0.995,1.025,0.94,0.929,0.873,1.0,8.73,5.41,82.4,20.5,F,Lineup unconfirmed,,,,,,,,,
159,2026-08-21,823262,2026-08-22T01:40:00Z,Scheduled,Petco Park,Minnesota Twins @ San Diego Padres,Home,669720,Austin Hays,San Diego Padres,Minnesota Twins,LF,R,No,,18,60,59,14,1,0,2,6,10,1,0,16,0.237,0.25,0.356,0.606,6,16,16,4,1,0.25,0.0625,6,16,16,4,1,0.25,0.0625,76,23,3.1,24.7,59.1,24.9,16.0,8.1,26.6,69.6,33.4,6.2,4.4,6.2,100.0,81.3,4.3,0.513,70.3,93.7,110.1,21.0,11.2,3.9,55.3,32.3,Weak,2.5,Pull Power,D,Ground-ball heavy,32.3,Weak,0.95,Good,4.3,85.7,91.4,0.503,Derived proxy,Derived proxy,Derived proxy,Derived proxy,,,3.05,1.05,Near expected,Weak Pull Power profile. 3.1% barrel rate; 81.3 mph average exit velocity; 26.6% air-ball rate; 69.6% pull-air rate; 6.2% HR-launch rate.,0.0333,0.0324,3.81,15,5,29.5,0.51,50.8,Recently homered,687570.0,Connor Prielipp,L,RHB vs LHP,17,17,87.2,5.34,1.38,12,1.23,9.65,3.7,498.0,4.6,24.1,13.3,40.8,31.1,83.2,95.0,113.1,0.557,12.0,26.9,99.9,0.519,1.5,Slider,R,RHB vs LHP,43.4,21,0.35,0.381,0.55,0.931,1,1,5,0.0476,3.6,0.634,271,0.0332,4.3,0.544,0,0,0,0/0,,,,,0,0,0,39.0,Slight Pitcher Advantage,Below average,50.0,5,Pitch-level Statcast · last 5 MLB games,433,Slider,31.17782909930716,135.0,4-Seam Fastball,25.86605080831409,112.0,Sinker,21.939953810623557,95.0,Curveball,15.242494226327944,66.0,Unknown,,Unknown,,No,94.0,0.94,1.0,39.2,0.954,0.971,49.5,Current-Season Handedness Matchup,Pull Air %,Barrel %,Max Exit Velocity,43.4,32.9,26.9,41.9,39.2,45.0,39.7,4.2,1.204,1.021,1.025,0.975,0.95,0.927,1.0,11.81,7.71,57.6,20.4,F,Small season sample; Lineup unconfirmed,Changeup,5.773672055427252,25.0,,,,,,
160,2026-08-21,824559,2026-08-21T23:40:00Z,Scheduled,Rate Field,New York Mets @ Chicago White Sox,Away,543760,Marcus Semien,New York Mets,Chicago White Sox,2B,R,No,,108,420,382,80,10,1,14,41,41,32,1,92,0.209,0.27,0.351,0.621,10,36,33,5,0,0.152,0.0,24,85,76,16,4,0.211,0.0471,542,103,3.7,20.7,46.2,27.2,26.2,16.9,30.4,47.3,31.7,5.3,3.4,5.3,88.0,81.7,17.3,0.487,66.3,92.7,106.7,3.0,7.7,1.5,56.5,26.0,Weak,2.0,Pull Power,A,Excellent HR swing plane,26.0,Weak,0.933,Good,2.9,40.6,93.0,0.436,Derived proxy,Derived proxy,Derived proxy,Derived proxy,,,20.34,6.34,Strong positive regression,Weak Pull Power profile. 3.7% barrel rate; 81.7 mph average exit velocity; 30.4% air-ball rate; 47.3% pull-air rate; 5.3% HR-launch rate.,0.0333,0.033,3.87,33,10,27.3,1.21,120.9,Near normal interval,680732.0,Sean Burke,R,RHB vs RHP,25,21,140.0,3.15,1.11,16,1.03,9.9,2.7,757.0,4.6,22.5,14.9,49.3,34.3,83.2,94.3,113.4,0.528,16.0,41.9,100.0,0.594,5.7,4-Seam Fastball,R,RHB vs RHP,28.0,309,0.199,0.247,0.341,0.588,11,19,68,0.0356,3.9,0.488,234,0.0214,3.9,0.487,2,2,0,0/2,0.0,0.0,0.0,0.0,0,0,0,36.2,Slight Pitcher Advantage,Below average,45.0,5,Pitch-level Statcast · last 5 MLB games,450,4-Seam Fastball,37.111111111111114,167.0,Slider,22.666666666666668,102.0,Knuckle Curve,17.77777777777778,80.0,Sinker,10.88888888888889,49.0,Unknown,,Unknown,,No,100.0,1.0,1.0,50.0,0.984,0.971,39.9,Current-Season Handedness Matchup,Pull Air %,Barrel %,Max Exit Velocity,28.0,36.8,41.9,31.3,50.0,45.0,39.6,4.2,0.933,0.989,0.985,0.975,0.933,0.909,1.0,12.19,6.69,83.8,24.5,F,Lineup unconfirmed,Cutter,10.444444444444445,47.0,Changeup,1.1111111111111112,5.0,,,
161,2026-08-21,823746,2026-08-21T20:10:00Z,Scheduled,American Family Field,Atlanta Braves @ Milwaukee Brewers,Away,671739,Michael Harris II,Atlanta Braves,Milwaukee Brewers,CF,L,No,,122,487,464,135,28,1,20,61,68,18,2,96,0.291,0.318,0.485,0.803,12,47,46,13,0,0.283,0.0,27,106,103,28,2,0.272,0.0189,676,148,5.6,30.4,49.6,23.2,27.0,10.8,25.2,46.1,28.0,4.9,2.3,4.9,41.2,83.6,14.4,0.559,73.2,97.6,114.2,48.8,11.5,14.2,43.3,39.6,Below Average,2.5,Pull Power,A,Excellent HR swing plane,39.6,Below Average,0.971,Good,4.1,44.1,96.6,0.48,Derived proxy,Derived proxy,Derived proxy,Derived proxy,,,34.09,14.09,Strong positive regression,Below Average Pull Power profile. 5.6% barrel rate; 83.6 mph average exit velocity; 25.2% air-ball rate; 46.1% pull-air rate; 4.9% HR-launch rate.,0.0411,0.0393,4.15,67,18,23.2,2.89,288.8,Very long drought,694819.0,Jacob Misiorowski,R,LHB vs RHP,23,23,139.0,1.75,0.75,13,0.84,13.6,2.01,612.0,1.8,17.8,11.3,27.6,31.5,81.5,91.9,114.8,0.432,13.0,46.6,99.9,0.639,5.9,4-Seam Fastball,L,LHB vs RHP,35.4,307,0.295,0.316,0.492,0.807,13,10,64,0.0423,7.3,0.659,294,0.0204,1.5,0.398,0,0,0,0/0,,,,,0,0,0,42.2,Slight Pitcher Advantage,Below average,50.0,5,Pitch-level Statcast · last 5 MLB games,423,4-Seam Fastball,66.903073286052,283.0,Cutter,11.583924349881796,49.0,Slider,11.583924349881796,49.0,Curveball,9.929078014184396,42.0,Unknown,,Unknown,,No,100.0,1.0,1.0,50.0,0.993,0.943,50.9,Current-Season Handedness Matchup,Pull Air %,Barrel %,Max Exit Velocity,35.4,14.0,46.6,44.3,50.0,45.0,39.5,4.19,0.763,0.958,1.025,1.0,0.971,0.971,1.06,15.32,7.38,85.0,34.0,D,Lineup unconfirmed,,,,,,,,,
162,2026-08-21,823510,2026-08-21T23:05:00Z,Scheduled,Yankee Stadium,Toronto Blue Jays @ New York Yankees,Away,660821,Jesús Sánchez,Toronto Blue Jays,New York Yankees,RF,L,No,,87,273,246,64,16,0,8,23,33,17,6,63,0.26,0.319,0.423,0.742,8,22,17,2,0,0.118,0.0,14,39,31,5,1,0.161,0.0256,370,34,7.1,26.3,36.6,30.7,32.4,20.3,29.5,33.4,30.5,7.7,4.5,7.7,34.3,82.7,16.2,0.555,70.7,94.9,110.4,34.2,11.7,6.9,45.9,32.3,Weak,2.5,Contact-First Profile,A,Excellent HR swing plane,32.3,Weak,0.95,Good,8.8,30.8,94.2,0.489,Derived proxy,Derived proxy,Derived proxy,Derived proxy,,,21.61,13.61,Strong positive regression,Weak Contact-First Profile profile. 7.1% barrel rate; 82.7 mph average exit velocity; 29.5% air-ball rate; 33.4% pull-air rate; 7.7% HR-launch rate.,0.0293,0.0301,4.05,20,10,30.8,0.65,65.0,Recently homered,693645.0,Cam Schlittler,R,LHB vs RHP,26,26,152.0,2.19,0.94,14,0.83,11.19,2.01,828.0,4.0,21.0,12.2,31.7,31.6,82.4,93.0,115.9,0.516,14.0,50.3,99.8,0.63,8.1,4-Seam Fastball,L,LHB vs RHP,38.0,241,0.278,0.336,0.458,0.794,8,16,57,0.0332,6.9,0.638,373,0.0214,4.1,0.575,3,3,1,1/3,0.333,0.333,0.333,0.666,0,0,0,43.9,Neutral Matchup,Average,46.0,5,Pitch-level Statcast · last 5 MLB games,468,4-Seam Fastball,42.52136752136752,199.0,Cutter,22.863247863247864,107.0,Sinker,19.871794871794872,93.0,Curveball,14.743589743589743,69.0,Unknown,,Unknown,,No,108.0,1.08,1.0,64.4,1.001,0.965,42.6,Current-Season Handedness Matchup,Pull Air %,Barrel %,Max Exit Velocity,38.0,20.8,50.3,37.6,64.4,45.0,39.4,4.18,0.83,0.957,1.025,1.0,0.95,0.95,1.0,11.65,6.57,74.6,22.3,F,Lineup unconfirmed,,,,,,,,,
163,2026-08-21,824072,2026-08-22T00:10:00Z,Scheduled,Kauffman Stadium,Detroit Tigers @ Kansas City Royals,Home,686681,Michael Massey,Kansas City Royals,Detroit Tigers,2B,L,No,,107,356,331,92,21,1,11,45,43,18,0,62,0.278,0.311,0.447,0.758,11,40,38,16,2,0.421,0.05,24,88,83,25,4,0.301,0.0455,492,125,4.9,24.4,62.9,20.2,16.9,17.5,30.6,50.8,29.0,8.3,5.3,8.3,52.5,84.0,19.2,0.492,69.8,94.7,107.6,13.7,12.1,3.5,54.5,33.0,Weak,2.5,Pull Power,A,Excellent HR swing plane,33.0,Weak,0.952,Good,5.6,52.8,94.0,0.488,Derived proxy,Derived proxy,Derived proxy,Derived proxy,,,24.98,13.98,Strong positive regression,Weak Pull Power profile. 4.9% barrel rate; 84.0 mph average exit velocity; 30.6% air-ball rate; 50.8% pull-air rate; 8.3% HR-launch rate.,0.0309,0.0312,3.99,10,3,30.1,0.33,33.2,Very recent HR,675512.0,Troy Melton,R,LHB vs RHP,14,14,84.1,1.49,0.96,8,0.85,7.79,2.67,419.0,4.1,25.8,12.9,38.5,26.7,83.4,95.4,111.9,0.432,8.0,39.1,100.0,0.557,6.2,4-Seam Fastball,L,LHB vs RHP,28.7,270,0.257,0.294,0.414,0.707,8,15,41,0.0296,4.3,0.501,197,0.0355,3.8,0.44,4,4,2,2/4,0.5,0.5,0.5,1.0,0,0,2,37.0,Slight Pitcher Advantage,Below average,51.8,5,Pitch-level Statcast · last 5 MLB games,458,4-Seam Fastball,31.87772925764192,146.0,Cutter,24.017467248908297,110.0,Slider,13.318777292576419,61.0,Split-Finger,12.882096069868995,59.0,Unknown,,Unknown,,No,100.0,1.0,1.0,50.0,0.978,0.966,44.3,Current-Season Handedness Matchup,Pull Air %,Barrel %,Max Exit Velocity,28.7,25.5,39.1,50.0,50.0,45.0,39.2,4.17,1.215,0.96,1.025,1.0,0.952,0.952,0.98,11.87,7.91,84.0,26.0,F,Lineup unconfirmed,Curveball,10.043668122270743,46.0,Sinker,6.11353711790393,28.0,Changeup,1.7467248908296944,8.0
164,2026-08-21,824317,2026-08-22T00:40:00Z,Scheduled,Coors Field,Cleveland Guardians @ Colorado Rockies,Home,664983,Jake McCarthy,Colorado Rockies,Cleveland Guardians,LF,L,No,,112,439,404,119,26,7,13,62,68,22,4,75,0.295,0.334,0.49,0.824,11,50,45,12,2,0.267,0.04,23,105,99,26,3,0.263,0.0286,582,145,2.6,17.9,46.2,31.3,22.3,13.0,28.8,46.6,33.9,3.8,3.1,3.8,84.7,78.5,14.4,0.494,67.1,92.0,110.7,12.0,11.8,3.5,47.6,25.5,Weak,2.0,Pull Power,A,Excellent HR swing plane,25.5,Weak,0.931,Good,2.1,50.0,92.2,0.494,Derived proxy,Derived proxy,Derived proxy,Derived proxy,,,17.15,4.15,Strong positive regression,Weak Pull Power profile. 2.6% barrel rate; 78.5 mph average exit velocity; 28.8% air-ball rate; 46.6% pull-air rate; 3.8% HR-launch rate.,0.0296,0.0301,4.09,40,10,31.1,1.29,128.7,Near normal interval,676282.0,Joey Cantillo,L,LHB vs LHP,26,26,125.2,3.8,1.44,15,1.07,9.95,4.23,624.0,4.8,25.0,15.2,43.6,25.6,81.8,94.9,113.4,0.52,15.0,20.8,99.9,0.458,1.8,4-Seam Fastball,L,LHB vs LHP,31.9,114,0.318,0.354,0.542,0.896,4,3,19,0.0351,3.2,0.529,133,0.0226,4.9,0.568,0,0,0,0/0,,,,,0,0,0,31.6,Slight Pitcher Advantage,Below average,50.0,5,Pitch-level Statcast · last 5 MLB games,362,Curveball,44.751381215469614,162.0,4-Seam Fastball,27.900552486187845,101.0,Changeup,18.50828729281768,67.0,Cutter,8.839779005524862,32.0,Unknown,,Unknown,,No,118.0,1.18,1.0,82.4,0.942,0.973,42.3,Current-Season Handedness Matchup,Pull Air %,Barrel %,Max Exit Velocity,31.9,34.1,20.8,36.6,82.4,45.0,39.2,4.17,1.063,0.995,0.985,1.0,0.931,0.931,1.0,11.76,7.83,85.0,29.5,F,Lineup unconfirmed,,,,,,,,,
165,2026-08-21,822857,2026-08-22T00:15:00Z,Scheduled,Globe Life Field,Los Angeles Angels @ Texas Rangers,Away,694208,Moisés Ballesteros,Los Angeles Angels,Texas Rangers,DH,L,No,,74,236,212,44,7,0,6,19,25,22,0,50,0.208,0.28,0.325,0.605,11,46,42,5,0,0.119,0.0,15,61,56,8,0,0.143,0.0,294,78,4.4,27.6,41.8,25.5,32.3,13.3,24.0,36.1,24.4,6.7,3.3,6.7,27.9,83.6,15.0,0.468,70.3,96.2,110.1,29.4,13.1,9.1,48.8,28.8,Weak,2.0,Contact-First Profile,A,Excellent HR swing plane,28.8,Weak,0.941,Good,3.8,35.3,96.0,0.436,Derived proxy,Derived proxy,Derived proxy,Derived proxy,,,12.54,6.54,Strong positive regression,Weak Contact-First Profile profile. 4.4% barrel rate; 83.6 mph average exit velocity; 24.0% air-ball rate; 36.1% pull-air rate; 6.7% HR-launch rate.,0.0254,0.0276,3.87,130,44,35.3,3.68,367.9,Very long drought,669022.0,MacKenzie Gore,L,LHB vs LHP,26,26,139.2,4.45,1.26,18,1.16,9.92,3.29,807.0,5.2,23.3,12.5,42.1,28.9,81.7,94.2,115.7,0.53,18.0,39.4,100.0,0.555,6.5,4-Seam Fastball,L,LHB vs LHP,34.7,24,0.13,0.167,0.174,0.341,0,1,6,0.0,2.5,0.445,152,0.0132,5.4,0.519,2,2,0,0/2,0.0,0.0,0.0,0.0,0,0,1,38.4,Slight Pitcher Advantage,Below average,45.0,5,Pitch-level Statcast · last 5 MLB games,492,4-Seam Fastball,51.6260162601626,254.0,Changeup,17.073170731707318,84.0,Slider,12.195121951219512,60.0,Curveball,10.16260162601626,50.0,Unknown,,Unknown,,No,104.0,1.04,1.0,57.2,0.979,0.977,39.4,Current-Season Handedness Matchup,Pull Air %,Barrel %,Max Exit Velocity,34.7,34.3,39.4,34.5,57.2,45.0,39.1,4.17,0.758,1.01,0.985,0.94,0.941,0.884,1.06,10.28,5.58,73.7,27.2,F,Lineup unconfirmed,Sinker,7.723577235772358,38.0,Cutter,1.2195121951219512,6.0,,,
166,2026-08-21,824152,2026-08-22T00:10:00Z,Scheduled,Daikin Park,Athletics @ Houston Astros,Away,641680,Jonah Heim,Athletics,Houston Astros,C,S,No,,79,294,267,56,15,0,11,26,39,22,2,54,0.21,0.272,0.39,0.662,10,38,33,3,0,0.091,0.0,23,91,82,13,2,0.159,0.022,393,129,4.4,24.2,50.3,26.9,22.0,15.8,27.4,48.8,31.7,7.0,5.0,7.0,53.7,83.0,20.2,0.472,68.4,94.2,107.8,9.7,12.2,2.6,55.9,30.5,Weak,2.0,Pull Power,A-,Elevated power plane,30.5,Weak,0.945,Good,4.7,50.0,95.0,0.459,Derived proxy,Derived proxy,Derived proxy,Derived proxy,,,17.84,6.84,Strong positive regression,Weak Pull Power profile. 4.4% barrel rate; 83.0 mph average exit velocity; 27.4% air-ball rate; 48.8% pull-air rate; 7.0% HR-launch rate.,0.0374,0.0358,3.99,62,18,24.3,2.55,255.4,Very long drought,669713.0,Hayden Wesneski,R,Switch vs RHP,4,4,22.2,5.16,1.32,2,0.79,7.15,2.78,109.0,5.5,32.1,17.4,41.0,29.4,85.4,97.9,109.2,0.518,2.0,21.6,100.0,0.453,2.7,Sweeper,L,LHB vs RHP,28.7,160,0.172,0.238,0.269,0.506,2,11,30,0.0125,2.4,0.396,48,0.0417,10.7,0.591,0,0,0,0/0,,,,,0,0,0,30.5,Slight Pitcher Advantage,Below average,50.0,4,Pitch-level Statcast · last 5 MLB games,321,Sweeper,29.28348909657321,94.0,4-Seam Fastball,24.922118380062305,80.0,Sinker,19.626168224299064,63.0,Cutter,16.1993769470405,52.0,Unknown,,Unknown,,No,100.0,1.0,1.0,50.0,0.943,0.98,42.9,Current-Season Handedness Matchup,Pull Air %,Barrel %,Max Exit Velocity,28.7,38.5,21.6,48.0,50.0,45.0,39.1,4.16,0.787,0.984,1.035,1.0,0.945,0.945,1.06,13.55,6.89,80.3,30.4,D,Lineup unconfirmed,Changeup,9.345794392523365,30.0,Curveball,0.6230529595015576,2.0,,,
167,2026-08-21,825045,2026-08-22T01:40:00Z,Scheduled,Chase Field,Cincinnati Reds @ Arizona Diamondbacks,Away,680574,Matt McLain,Cincinnati Reds,Arizona Diamondbacks,2B,R,No,,104,385,335,67,17,0,12,46,33,43,4,104,0.2,0.298,0.358,0.656,13,48,42,10,2,0.238,0.0417,21,76,67,16,4,0.239,0.0526,432,88,5.8,20.1,39.2,29.8,30.1,17.7,29.2,40.4,38.0,8.3,5.7,8.3,48.6,79.9,26.2,0.61,68.6,92.0,109.4,9.8,12.7,2.5,55.4,31.4,Weak,2.5,Contact-First Profile,A-,Elevated power plane,31.4,Weak,0.948,Good,6.8,40.0,90.7,0.664,Derived proxy,Derived proxy,Derived proxy,Derived proxy,,,22.3,10.3,Strong positive regression,Weak Contact-First Profile profile. 5.8% barrel rate; 79.9 mph average exit velocity; 29.2% air-ball rate; 40.4% pull-air rate; 8.3% HR-launch rate.,0.0312,0.0314,4.05,0,0,27.9,0.0,0.0,Very recent HR,593958.0,Eduardo Rodriguez,L,RHB vs LHP,25,25,149.1,2.71,1.21,14,0.84,6.39,2.83,838.0,5.3,22.2,15.9,38.4,30.9,81.6,93.8,112.0,0.545,14.0,35.1,99.9,0.548,4.6,4-Seam Fastball,R,RHB vs LHP,36.9,91,0.243,0.371,0.419,0.79,4,14,18,0.044,5.3,0.568,431,0.0255,4.6,0.529,3,3,1,1/3,0.333,0.333,0.333,0.666,0,0,2,38.1,Slight Pitcher Advantage,Below average,46.0,5,Pitch-level Statcast · last 5 MLB games,516,4-Seam Fastball,40.116279069767444,207.0,Changeup,23.643410852713178,122.0,Cutter,14.34108527131783,74.0,Curveball,12.4031007751938,64.0,Unknown,,Unknown,,No,100.0,1.0,1.0,50.0,0.97,0.978,44.3,Current-Season Handedness Matchup,Pull Air %,Barrel %,Max Exit Velocity,36.9,32.0,35.1,34.8,50.0,45.0,39.1,4.16,1.194,0.958,1.025,1.0,0.948,0.948,0.98,12.11,7.91,83.1,24.4,F,Lineup unconfirmed,Sinker,9.30232558139535,48.0,Pitch Out,0.1937984496124031,1.0,,,
168,2026-08-21,823830,2026-08-21T23:10:00Z,Scheduled,loanDepot park,Washington Nationals @ Miami Marlins,Home,665923,Esteury Ruiz,Miami Marlins,Washington Nationals,RF,R,No,,83,179,148,37,10,1,6,33,11,19,9,54,0.25,0.367,0.453,0.82,8,25,22,4,1,0.182,0.04,20,50,41,11,1,0.268,0.02,197,45,7.8,20.4,58.9,22.6,18.5,9.8,24.2,73.6,38.2,5.6,3.4,5.6,39.5,77.3,16.3,0.512,64.9,93.0,110.0,18.9,14.6,4.6,31.0,33.9,Weak,2.5,Pull Power,A,Excellent HR swing plane,33.9,Weak,0.955,Good,11.1,88.9,94.6,0.474,Derived proxy,Derived proxy,Derived proxy,Derived proxy,,,13.34,7.34,Strong positive regression,Weak Pull Power profile. 7.8% barrel rate; 77.3 mph average exit velocity; 24.2% air-ball rate; 73.6% pull-air rate; 5.6% HR-launch rate.,0.0335,0.0329,4.09,20,7,24.7,0.81,81.1,Near normal interval,695418.0,Brad Lord,R,RHB vs RHP,30,3,62.1,4.04,1.25,7,1.01,8.23,3.61,414.0,3.6,22.7,8.7,34.8,28.0,81.9,94.0,115.9,0.515,7.0,33.7,99.6,0.498,6.5,4-Seam Fastball,R,RHB vs RHP,18.0,96,0.228,0.351,0.367,0.718,2,9,28,0.0208,3.7,0.485,140,0.0143,1.5,0.358,0,0,0,0/0,,,,,0,0,0,29.9,Strong Pitcher Advantage,Below average,50.0,5,Pitch-level Statcast · last 5 MLB games,208,4-Seam Fastball,33.17307692307692,69.0,Sinker,27.403846153846153,57.0,Slider,25.0,52.0,Sweeper,11.538461538461538,24.0,Unknown,,Unknown,,No,94.0,0.94,1.0,39.2,0.967,0.961,46.8,Current-Season Handedness Matchup,Pull Air %,Barrel %,Max Exit Velocity,18.0,24.0,33.7,63.4,39.2,45.0,39.1,4.16,0.977,0.987,0.985,1.0,0.955,0.955,1.0,12.79,6.9,68.8,23.5,F,Lineup unconfirmed,Changeup,2.8846153846153846,6.0,,,,,,
169,2026-08-21,823830,2026-08-21T23:10:00Z,Scheduled,loanDepot park,Washington Nationals @ Miami Marlins,Away,677588,José Tena,Washington Nationals,Miami Marlins,DH,L,No,,97,249,223,53,11,2,7,32,22,23,3,76,0.238,0.317,0.399,0.716,9,22,17,4,2,0.235,0.0909,21,50,41,8,2,0.195,0.04,286,51,5.0,25.3,45.1,32.0,22.9,9.6,21.2,43.1,31.0,5.9,3.4,5.9,58.3,83.3,12.6,0.566,72.1,95.3,111.3,36.1,11.2,7.6,38.6,33.4,Weak,2.5,Pull Power,A,Excellent HR swing plane,33.4,Weak,0.954,Good,5.9,55.6,92.4,0.549,Derived proxy,Derived proxy,Derived proxy,Derived proxy,,,13.35,6.35,Strong positive regression,Weak Pull Power profile. 5.0% barrel rate; 83.3 mph average exit velocity; 21.2% air-ball rate; 43.1% pull-air rate; 5.9% HR-launch rate.,0.0281,0.0294,4.05,3,1,31.9,0.09,9.4,Very recent HR,687473.0,Ryan Gusto,R,LHB vs RHP,16,11,53.2,4.7,1.32,8,1.34,8.22,2.35,318.0,5.7,27.0,13.8,32.3,31.1,84.8,95.6,113.3,0.537,8.0,33.0,100.0,0.551,3.5,4-Seam Fastball,L,LHB vs RHP,32.5,227,0.233,0.304,0.393,0.697,7,19,67,0.0308,4.4,0.565,138,0.0217,5.5,0.525,0,0,0,0/0,,,,,0,0,0,36.2,Slight Pitcher Advantage,Below average,50.0,5,Pitch-level Statcast · last 5 MLB games,349,4-Seam Fastball,31.23209169054441,109.0,Sweeper,15.472779369627506,54.0,Cutter,13.46704871060172,47.0,Sinker,12.034383954154729,42.0,Unknown,,Unknown,,No,94.0,0.94,1.0,39.2,0.966,0.982,45.2,Current-Season Handedness Matchup,Pull Air %,Barrel %,Max Exit Velocity,32.5,31.3,33.0,47.3,39.2,45.0,39.1,4.16,1.329,1.029,1.025,1.0,0.954,0.954,0.98,11.38,8.22,73.8,24.5,F,Lineup unconfirmed,Changeup,10.02865329512894,35.0,Slider,9.455587392550143,33.0,Curveball,8.30945558739255,29.0
170,2026-08-21,824317,2026-08-22T00:40:00Z,Scheduled,Coors Field,Cleveland Guardians @ Colorado Rockies,Away,681807,David Fry,Cleveland Guardians,Colorado Rockies,RF,R,No,,71,168,143,26,4,0,6,16,13,25,0,51,0.182,0.304,0.336,0.64,0,0,0,0,0,0.0,0.0,5,10,7,0,0,0.0,0.0,201,10,3.5,18.7,55.4,28.1,16.4,15.6,22.1,64.6,25.6,3.9,3.0,3.9,75.0,80.1,22.6,0.389,68.1,90.8,105.6,11.3,7.8,4.1,54.3,24.0,Weak,2.0,Pull Power,A-,Elevated power plane,24.0,Weak,0.927,Good,0.0,50.0,81.9,0.274,Derived proxy,Derived proxy,Derived proxy,Derived proxy,,,7.75,1.75,Near expected,Weak Pull Power profile. 3.5% barrel rate; 80.1 mph average exit velocity; 22.1% air-ball rate; 64.6% pull-air rate; 3.9% HR-launch rate.,0.0357,0.0342,3.93,25,14,23.8,1.05,104.9,Near normal interval,685299.0,Tanner Gordon,R,RHB vs RHP,17,5,71.1,5.55,1.44,15,1.89,7.82,1.64,425.0,6.4,28.0,19.5,40.8,34.6,84.4,96.1,113.3,0.617,15.0,11.5,99.3,0.344,3.1,4-Seam Fastball,R,RHB vs RHP,38.9,58,0.226,0.293,0.396,0.689,2,5,13,0.0345,7.5,0.367,140,0.0286,6.8,0.586,2,2,1,1/2,0.5,0.5,0.5,1.0,0,0,0,31.7,Slight Pitcher Advantage,Below average,50.9,5,Pitch-level Statcast · last 5 MLB games,270,4-Seam Fastball,55.18518518518518,149.0,Changeup,21.11111111111111,57.0,Slider,17.40740740740741,47.0,Curveball,6.296296296296297,17.0,Unknown,,Unknown,,No,118.0,1.18,1.0,82.4,0.923,0.989,41.5,Current-Season Handedness Matchup,Pull Air %,Barrel %,Max Exit Velocity,38.9,42.9,11.5,28.1,82.4,45.0,39.1,4.16,1.0,1.126,0.985,0.94,0.927,0.872,1.0,12.77,8.26,64.8,23.7,F,Lineup unconfirmed,,,,,,,,,
171,2026-08-21,824317,2026-08-22T00:40:00Z,Scheduled,Coors Field,Cleveland Guardians @ Colorado Rockies,Away,690984,Petey Halpin,Cleveland Guardians,Colorado Rockies,CF,L,No,,55,139,130,28,4,1,2,17,8,3,2,29,0.215,0.243,0.308,0.551,6,16,16,3,0,0.188,0.0,19,55,52,11,0,0.212,0.0,189,74,3.4,15.0,36.8,33.8,29.4,19.2,27.0,35.1,35.1,5.7,3.5,5.7,18.6,79.2,22.9,0.446,67.2,90.8,106.4,3.6,8.1,1.0,42.6,18.8,Weak,2.0,Contact-First Profile,A-,Elevated power plane,18.8,Weak,0.913,Good,2.7,29.4,90.9,0.414,Derived proxy,Derived proxy,Derived proxy,Derived proxy,,,6.27,4.27,Strong positive regression,Weak Contact-First Profile profile. 3.4% barrel rate; 79.2 mph average exit velocity; 27.0% air-ball rate; 35.1% pull-air rate; 5.7% HR-launch rate.,0.0144,0.0225,3.87,58,21,65.0,0.89,89.2,Near normal interval,685299.0,Tanner Gordon,R,LHB vs RHP,17,5,71.1,5.55,1.44,15,1.89,7.82,1.64,425.0,6.4,28.0,19.5,40.8,34.6,84.4,96.1,113.3,0.617,15.0,30.8,99.3,0.516,4.1,4-Seam Fastball,L,LHB vs RHP,39.7,106,0.26,0.288,0.38,0.668,2,2,20,0.0189,4.5,0.509,172,0.064,6.0,0.642,0,0,0,0/0,,,,,0,0,0,38.6,Slight Pitcher Advantage,Below average,50.0,5,Pitch-level Statcast · last 5 MLB games,270,4-Seam Fastball,55.18518518518518,149.0,Changeup,21.11111111111111,57.0,Slider,17.40740740740741,47.0,Curveball,6.296296296296297,17.0,Unknown,,Unknown,,No,118.0,1.18,1.0,82.4,0.962,0.989,35.2,Current-Season Handedness Matchup,Pull Air %,Barrel %,Max Exit Velocity,39.7,42.9,30.8,16.2,82.4,45.0,39.0,4.16,0.758,1.126,1.025,0.94,0.913,0.858,1.0,8.45,5.5,66.3,18.7,F,Lineup unconfirmed,,,,,,,,,
172,2026-08-21,824800,2026-08-21T23:15:00Z,Scheduled,Oriole Park at Camden Yards,Tampa Bay Rays @ Baltimore Orioles,Away,622761,Jorge Mateo,Tampa Bay Rays,Baltimore Orioles,SS,R,No,,72,146,138,33,6,0,5,32,14,8,0,43,0.239,0.281,0.391,0.672,5,9,9,2,1,0.222,0.1111,8,11,11,2,1,0.182,0.0909,199,16,7.3,22.6,35.8,30.4,33.8,17.1,28.4,33.1,33.2,8.5,4.9,8.5,43.3,80.4,21.8,0.628,70.7,93.4,111.0,32.7,13.0,9.1,39.6,33.6,Weak,2.5,Contact-First Profile,A-,Elevated power plane,33.6,Weak,0.954,Good,12.5,20.0,89.8,0.546,Derived proxy,Derived proxy,Derived proxy,Derived proxy,,,11.71,6.71,Strong positive regression,Weak Contact-First Profile profile. 7.3% barrel rate; 80.4 mph average exit velocity; 28.4% air-ball rate; 33.1% pull-air rate; 8.5% HR-launch rate.,0.0342,0.0332,3.99,3,1,27.6,0.11,10.9,Very recent HR,669432.0,Trevor Rogers,L,RHB vs LHP,23,23,125.2,4.15,1.25,13,0.93,7.73,2.51,764.0,4.3,23.3,12.3,42.9,27.9,82.2,94.5,117.3,0.514,13.0,39.9,100.0,0.603,4.3,4-Seam Fastball,R,RHB vs LHP,41.4,57,0.236,0.263,0.364,0.627,2,2,18,0.0351,5.0,0.66,395,0.0304,5.1,0.551,5,5,1,1/5,0.2,0.2,0.2,0.4,0,0,0,40.1,Slight Pitcher Advantage,Below average,37.5,5,Pitch-level Statcast · last 5 MLB games,452,4-Seam Fastball,47.34513274336283,214.0,Changeup,20.353982300884955,92.0,Sweeper,15.70796460176991,71.0,Cutter,8.4070796460177,38.0,Unknown,,Unknown,,No,99.0,0.99,1.0,48.2,0.98,0.968,44.3,Current-Season Handedness Matchup,Pull Air %,Barrel %,Max Exit Velocity,41.4,31.1,39.9,27.0,48.2,45.0,38.9,4.15,1.0,0.973,1.025,1.0,0.954,0.954,0.98,12.62,7.29,63.3,20.8,F,Lineup unconfirmed,Sinker,8.185840707964601,37.0,,,,,,
173,2026-08-21,824721,2026-08-21T23:10:00Z,Scheduled,Fenway Park,San Francisco Giants @ Boston Red Sox,Home,680776,Jarren Duran,Boston Red Sox,San Francisco Giants,LF,L,No,,119,504,457,94,13,3,17,58,62,34,4,143,0.206,0.263,0.359,0.622,11,44,41,9,1,0.22,0.0227,25,101,94,25,4,0.266,0.0396,572,127,4.5,24.7,47.8,27.8,23.8,13.0,24.1,41.1,27.3,5.2,3.5,5.2,81.2,82.1,17.6,0.537,72.8,95.4,113.5,48.0,8.5,11.4,40.7,34.1,Weak,2.5,Contact-First Profile,A,Excellent HR swing plane,34.1,Weak,0.955,Good,2.4,40.0,95.0,0.515,Derived proxy,Derived proxy,Derived proxy,Derived proxy,,,23.52,6.52,Strong positive regression,Weak Contact-First Profile profile. 4.5% barrel rate; 82.1 mph average exit velocity; 24.1% air-ball rate; 41.1% pull-air rate; 5.2% HR-launch rate.,0.0337,0.0334,3.81,0,0,26.9,0.0,0.0,Very recent HR,657277.0,Logan Webb,R,LHB vs RHP,22,22,139.0,3.5,1.06,9,0.58,7.12,2.07,719.0,3.1,23.9,11.5,39.5,27.4,81.8,94.4,114.4,0.464,9.0,42.0,100.0,0.569,7.1,Sinker,L,LHB vs RHP,32.5,383,0.2,0.251,0.38,0.631,16,23,112,0.0418,5.9,0.565,345,0.0174,3.3,0.471,3,3,1,1/3,0.333,0.333,0.333,0.666,0,0,1,38.5,Slight Pitcher Advantage,Below average,46.0,5,Pitch-level Statcast · last 5 MLB games,471,Changeup,25.05307855626327,118.0,Sinker,23.35456475583864,110.0,Sweeper,18.683651804670912,88.0,Cutter,17.409766454352443,82.0,Unknown,,Unknown,,No,102.0,1.02,1.0,53.6,0.984,0.956,44.5,Current-Season Handedness Matchup,Pull Air %,Barrel %,Max Exit Velocity,32.5,25.9,42.0,33.5,53.6,45.0,38.9,4.15,0.963,0.917,1.025,0.975,0.955,0.932,0.98,12.14,6.65,85.0,22.5,F,Lineup unconfirmed,4-Seam Fastball,15.498938428874734,73.0,,,,,,
174,2026-08-21,823262,2026-08-22T01:40:00Z,Scheduled,Petco Park,Minnesota Twins @ San Diego Padres,Home,664034,Ty France,San Diego Padres,Minnesota Twins,1B,R,No,,102,365,327,95,17,2,17,43,52,20,12,82,0.291,0.349,0.511,0.86,11,47,40,12,1,0.3,0.0213,26,108,95,31,2,0.326,0.0185,521,154,4.5,27.2,39.1,27.2,33.4,13.2,25.3,40.4,34.7,5.8,3.4,5.8,54.9,84.5,19.3,0.547,70.4,96.0,111.9,19.9,11.7,7.0,46.2,32.0,Weak,2.5,Contact-First Profile,A,Excellent HR swing plane,32.0,Weak,0.95,Good,3.2,35.7,95.9,0.499,Derived proxy,Derived proxy,Derived proxy,Derived proxy,,,22.87,5.87,Strong positive regression,Weak Contact-First Profile profile. 4.5% barrel rate; 84.5 mph average exit velocity; 25.3% air-ball rate; 40.4% pull-air rate; 5.8% HR-launch rate.,0.0466,0.043,4.09,31,8,19.2,1.61,161.2,Above normal drought,687570.0,Connor Prielipp,L,RHB vs LHP,17,17,87.2,5.34,1.38,12,1.23,9.65,3.7,498.0,4.6,24.1,13.3,40.8,31.1,83.2,95.0,113.1,0.557,12.0,35.9,99.9,0.555,4.7,Slider,R,RHB vs LHP,34.7,109,0.278,0.339,0.443,0.783,3,6,28,0.0275,4.6,0.603,271,0.0332,4.3,0.544,0,0,0,0/0,,,,,0,0,0,38.2,Slight Pitcher Advantage,Below average,50.0,5,Pitch-level Statcast · last 5 MLB games,433,Slider,31.17782909930716,135.0,4-Seam Fastball,25.86605080831409,112.0,Sinker,21.939953810623557,95.0,Curveball,15.242494226327944,66.0,Unknown,,Unknown,,No,94.0,0.94,1.0,39.2,0.972,0.971,45.1,Current-Season Handedness Matchup,Pull Air %,Barrel %,Max Exit Velocity,34.7,32.9,35.9,33.4,39.2,45.0,38.8,4.15,0.79,1.021,1.025,1.0,0.95,0.95,1.035,16.44,7.71,85.0,31.3,D,Lineup unconfirmed,Changeup,5.773672055427252,25.0,,,,,,
175,2026-08-21,824721,2026-08-21T23:10:00Z,Scheduled,Fenway Park,San Francisco Giants @ Boston Red Sox,Away,687551,Drew Gilbert,San Francisco Giants,Boston Red Sox,CF,L,No,,102,306,267,63,10,3,6,35,29,29,6,54,0.236,0.322,0.363,0.685,10,37,32,7,2,0.219,0.0541,22,70,59,16,2,0.271,0.0286,361,80,4.2,22.1,46.3,26.9,26.1,13.8,30.7,48.6,31.5,6.7,4.5,6.7,55.0,81.0,19.7,0.551,67.6,92.8,109.6,6.6,14.1,1.1,43.6,28.7,Weak,2.0,Pull Power,A,Excellent HR swing plane,28.7,Weak,0.94,Good,7.5,55.2,93.7,0.71,Derived proxy,Derived proxy,Derived proxy,Derived proxy,,,15.3,9.3,Strong positive regression,Weak Pull Power profile. 4.2% barrel rate; 81.0 mph average exit velocity; 30.7% air-ball rate; 48.6% pull-air rate; 6.7% HR-launch rate.,0.0196,0.0231,4.05,12,4,44.5,0.27,27.0,Very recent HR,543243.0,Sonny Gray,R,LHB vs RHP,23,23,132.2,2.65,1.15,13,0.88,7.94,2.31,634.0,4.1,25.2,13.7,47.0,27.1,83.4,95.5,111.1,0.481,13.0,24.3,99.9,0.482,2.5,Sinker,L,LHB vs RHP,24.7,262,0.274,0.364,0.425,0.789,6,27,38,0.0229,2.9,0.488,349,0.0229,4.4,0.498,5,4,0,0/4,0.0,0.2,0.0,0.2,0,1,0,27.1,Strong Pitcher Advantage,Below average,37.5,5,Pitch-level Statcast · last 5 MLB games,440,Sweeper,24.09090909090909,106.0,Sinker,23.636363636363637,104.0,Curveball,17.045454545454547,75.0,4-Seam Fastball,15.909090909090908,70.0,Unknown,,Unknown,,No,102.0,1.02,1.0,53.6,0.949,0.966,42.8,Current-Season Handedness Matchup,Pull Air %,Barrel %,Max Exit Velocity,24.7,33.1,24.3,53.6,53.6,45.0,38.8,4.14,1.307,0.965,1.025,1.0,0.94,0.94,0.98,9.03,6.78,79.5,22.5,F,Lineup unconfirmed,Cutter,15.909090909090908,70.0,Changeup,3.409090909090909,15.0,,,
176,2026-08-21,823911,2026-08-22T02:10:00Z,Scheduled,UNIQLO Field at Dodger Stadium,Pittsburgh Pirates @ Los Angeles Dodgers,Home,676439,Hunter Feduccia,Los Angeles Dodgers,Pittsburgh Pirates,C,L,No,,74,191,168,39,8,1,3,19,13,18,1,47,0.232,0.309,0.345,0.654,11,26,22,5,1,0.227,0.0385,19,45,40,10,1,0.25,0.0222,245,56,5.9,26.6,44.0,31.6,24.4,18.4,35.8,39.3,33.8,7.9,5.2,7.9,23.8,82.3,18.6,0.563,67.7,95.0,108.2,16.7,14.2,5.1,48.4,31.7,Weak,2.5,Contact-First Profile,A,Excellent HR swing plane,31.7,Weak,0.949,Good,7.1,44.0,96.4,0.588,Derived proxy,Derived proxy,Derived proxy,Derived proxy,,,12.89,9.89,Strong positive regression,Weak Contact-First Profile profile. 5.9% barrel rate; 82.3 mph average exit velocity; 35.8% air-ball rate; 39.3% pull-air rate; 7.9% HR-launch rate.,0.0157,0.022,3.99,12,6,56.0,0.21,21.4,Very recent HR,696149.0,Bubba Chandler,R,LHB vs RHP,24,23,121.1,4.23,1.37,10,0.74,8.01,4.75,718.0,3.2,21.3,13.8,34.5,26.9,83.1,93.8,114.8,0.479,10.0,46.0,99.7,0.602,7.4,4-Seam Fastball,L,LHB vs RHP,31.3,158,0.25,0.335,0.375,0.71,3,17,42,0.019,5.1,0.577,284,0.0282,4.5,0.546,0,0,0,0/0,,,,,0,0,0,40.2,Slight Pitcher Advantage,Below average,50.0,5,Pitch-level Statcast · last 5 MLB games,443,4-Seam Fastball,52.59593679458239,233.0,Slider,27.539503386004515,122.0,Changeup,11.512415349887133,51.0,Sinker,4.063205417607223,18.0,Unknown,,Unknown,,No,100.0,1.0,1.0,50.0,0.992,0.957,41.9,Current-Season Handedness Matchup,Pull Air %,Barrel %,Max Exit Velocity,31.3,22.3,46.0,50.8,50.0,45.0,38.7,4.14,1.167,0.942,1.025,0.965,0.949,0.916,0.98,8.49,5.95,69.2,19.3,F,Lineup unconfirmed,Curveball,4.063205417607223,18.0,Sweeper,0.22573363431151242,1.0,,,
177,2026-08-21,824559,2026-08-21T23:40:00Z,Scheduled,Rate Field,New York Mets @ Chicago White Sox,Away,805999,A.J. Ewing,New York Mets,Chicago White Sox,CF,L,No,,87,358,315,78,16,1,7,40,28,35,2,95,0.248,0.324,0.371,0.695,11,48,40,4,0,0.1,0.0,24,107,92,17,0,0.185,0.0,455,133,4.4,23.3,44.7,28.4,26.9,13.0,25.8,37.7,32.1,5.7,3.6,5.7,25.3,82.0,19.0,0.562,67.3,93.7,109.2,11.0,10.6,2.6,39.1,24.9,Weak,2.0,Contact-First Profile,A,Excellent HR swing plane,24.9,Weak,0.93,Good,5.3,36.1,94.3,0.539,Derived proxy,Derived proxy,Derived proxy,Derived proxy,,,18.4,11.4,Strong positive regression,Weak Contact-First Profile profile. 4.4% barrel rate; 82.0 mph average exit velocity; 25.8% air-ball rate; 37.7% pull-air rate; 5.7% HR-launch rate.,0.0196,0.0227,4.05,136,34,45.0,3.02,302.2,Very long drought,680732.0,Sean Burke,R,LHB vs RHP,25,21,140.0,3.15,1.11,16,1.03,9.9,2.7,757.0,4.6,22.5,14.9,49.3,34.3,83.2,94.3,113.4,0.528,16.0,35.9,79.5,0.568,4.0,4-Seam Fastball,L,LHB vs RHP,31.0,262,0.253,0.327,0.369,0.696,5,25,67,0.0191,3.4,0.563,341,0.0323,5.2,0.558,0,0,0,0/0,,,,,0,0,0,36.5,Slight Pitcher Advantage,Below average,50.0,5,Pitch-level Statcast · last 5 MLB games,450,4-Seam Fastball,37.111111111111114,167.0,Slider,22.666666666666668,102.0,Knuckle Curve,17.77777777777778,80.0,Sinker,10.88888888888889,49.0,Unknown,,Unknown,,No,100.0,1.0,1.0,50.0,0.972,0.971,39.3,Current-Season Handedness Matchup,Pull Air %,Barrel %,Max Exit Velocity,31.0,36.8,35.9,34.9,50.0,45.0,38.7,4.14,0.758,0.989,1.025,1.0,0.93,0.93,1.06,8.87,5.16,85.0,28.8,F,Lineup unconfirmed,Cutter,10.444444444444445,47.0,Changeup,1.1111111111111112,5.0,,,
178,2026-08-21,824800,2026-08-21T23:15:00Z,Scheduled,Oriole Park at Camden Yards,Tampa Bay Rays @ Baltimore Orioles,Away,666018,Jonathan Aranda,Tampa Bay Rays,Baltimore Orioles,1B,L,No,,124,544,471,133,20,0,15,59,76,58,8,127,0.282,0.366,0.42,0.786,12,56,53,13,0,0.245,0.0,24,109,104,28,1,0.269,0.0092,730,157,4.9,23.7,42.9,22.7,34.3,15.2,28.2,39.9,35.5,6.3,3.3,6.3,32.2,84.0,21.5,0.605,68.7,94.6,111.2,11.8,12.7,4.2,48.8,30.2,Weak,2.0,Contact-First Profile,A-,Elevated power plane,30.2,Weak,0.945,Good,5.1,43.2,94.6,0.599,Derived proxy,Derived proxy,Derived proxy,Derived proxy,,,33.76,18.76,Strong positive regression,Weak Contact-First Profile profile. 4.9% barrel rate; 84.0 mph average exit velocity; 28.2% air-ball rate; 39.9% pull-air rate; 6.3% HR-launch rate.,0.0276,0.0284,4.05,53,12,31.4,1.69,168.8,Above normal drought,669432.0,Trevor Rogers,L,LHB vs LHP,23,23,125.2,4.15,1.25,13,0.93,7.73,2.51,764.0,4.3,23.3,12.3,42.9,27.9,82.2,94.5,117.3,0.514,13.0,42.4,100.0,0.627,4.3,4-Seam Fastball,L,LHB vs LHP,15.0,154,0.242,0.338,0.288,0.626,1,17,44,0.0065,3.2,0.538,135,0.0074,1.7,0.395,8,8,2,2/8,0.25,0.25,0.25,0.5,0,0,3,28.0,Strong Pitcher Advantage,Below average,32.1,5,Pitch-level Statcast · last 5 MLB games,452,4-Seam Fastball,47.34513274336283,214.0,Changeup,20.353982300884955,92.0,Sweeper,15.70796460176991,71.0,Cutter,8.4070796460177,38.0,Unknown,,Unknown,,No,99.0,0.99,1.0,48.2,0.985,0.968,39.2,Current-Season Handedness Matchup,Pull Air %,Barrel %,Max Exit Velocity,15.0,31.1,42.4,41.7,48.2,45.0,38.6,4.13,0.758,0.973,0.985,1.0,0.945,0.945,1.035,11.0,5.64,85.0,27.2,F,Lineup unconfirmed,Sinker,8.185840707964601,37.0,,,,,,
179,2026-08-21,824152,2026-08-22T00:10:00Z,Scheduled,Daikin Park,Athletics @ Houston Astros,Away,671732,Lawrence Butler,Athletics,Houston Astros,RF,L,No,,120,392,344,75,13,1,11,48,36,45,1,98,0.218,0.309,0.358,0.667,12,49,44,13,4,0.295,0.0816,26,97,85,23,6,0.271,0.0619,500,129,5.2,25.5,41.1,29.9,28.5,13.0,23.7,27.4,31.2,4.9,2.9,4.9,57.3,82.4,16.7,0.574,71.9,94.4,111.1,37.1,10.4,9.7,42.0,27.9,Weak,2.0,Contact-First Profile,A,Excellent HR swing plane,27.9,Weak,0.938,Good,6.2,26.5,93.8,0.64,Derived proxy,Derived proxy,Derived proxy,Derived proxy,,,21.05,10.05,Strong positive regression,Weak Contact-First Profile profile. 5.2% barrel rate; 82.4 mph average exit velocity; 23.7% air-ball rate; 27.4% pull-air rate; 4.9% HR-launch rate.,0.0281,0.029,4.05,13,4,31.3,0.42,41.6,Recently homered,669713.0,Hayden Wesneski,R,LHB vs RHP,4,4,22.2,5.16,1.32,2,0.79,7.15,2.78,109.0,5.5,32.1,17.4,41.0,29.4,85.4,97.9,109.2,0.518,2.0,36.6,100.0,0.537,6.0,Sweeper,L,LHB vs RHP,41.0,285,0.215,0.305,0.355,0.66,8,33,72,0.0281,4.9,0.567,48,0.0417,10.7,0.591,0,0,0,0/0,,,,,0,0,0,41.3,Slight Pitcher Advantage,Below average,50.0,4,Pitch-level Statcast · last 5 MLB games,321,Sweeper,29.28348909657321,94.0,4-Seam Fastball,24.922118380062305,80.0,Sinker,19.626168224299064,63.0,Cutter,16.1993769470405,52.0,Unknown,,Unknown,,No,100.0,1.0,1.0,50.0,0.973,0.98,39.0,Current-Season Handedness Matchup,Pull Air %,Barrel %,Max Exit Velocity,41.0,38.5,36.6,27.1,50.0,45.0,38.5,4.13,1.35,0.984,1.025,1.0,0.938,0.938,1.0,11.23,8.37,84.8,25.5,F,Lineup unconfirmed,Changeup,9.345794392523365,30.0,Curveball,0.6230529595015576,2.0,,,
180,2026-08-21,824721,2026-08-21T23:10:00Z,Scheduled,Fenway Park,San Francisco Giants @ Boston Red Sox,Home,668939,Adley Rutschman,Boston Red Sox,San Francisco Giants,C,S,No,,75,317,274,67,20,1,9,32,51,36,2,49,0.245,0.331,0.423,0.754,8,33,27,5,1,0.185,0.0303,8,33,27,5,1,0.185,0.0303,419,34,5.0,21.4,39.6,35.9,24.2,16.6,28.4,44.5,35.1,7.9,5.6,7.9,48.3,82.1,17.9,0.556,68.2,92.9,109.3,9.9,11.0,2.9,40.7,30.1,Weak,2.0,Pull Power,A,Excellent HR swing plane,30.1,Weak,0.944,Good,5.9,50.0,89.3,0.616,Derived proxy,Derived proxy,Derived proxy,Derived proxy,,,20.09,11.09,Strong positive regression,Weak Pull Power profile. 5.0% barrel rate; 82.1 mph average exit velocity; 28.4% air-ball rate; 44.5% pull-air rate; 7.9% HR-launch rate.,0.0284,0.0294,3.99,1,1,30.4,0.03,3.3,Very recent HR,657277.0,Logan Webb,R,Switch vs RHP,22,22,139.0,3.5,1.06,9,0.58,7.12,2.07,719.0,3.1,23.9,11.5,39.5,27.4,81.8,94.4,114.4,0.464,9.0,40.9,100.0,0.591,5.4,Sinker,L,LHB vs RHP,28.2,207,0.256,0.348,0.46,0.808,6,25,35,0.029,5.4,0.554,345,0.0174,3.3,0.471,3,3,0,0/3,0.0,0.0,0.0,0.0,0,0,1,35.5,Slight Pitcher Advantage,Below average,42.5,5,Pitch-level Statcast · last 5 MLB games,471,Changeup,25.05307855626327,118.0,Sinker,23.35456475583864,110.0,Sweeper,18.683651804670912,88.0,Cutter,17.409766454352443,82.0,Unknown,,Unknown,,No,102.0,1.02,1.0,53.6,0.982,0.956,42.7,Current-Season Handedness Matchup,Pull Air %,Barrel %,Max Exit Velocity,28.2,25.9,40.9,39.4,53.6,45.0,38.5,4.13,1.013,0.917,1.035,1.0,0.944,0.944,0.98,11.22,6.59,77.3,22.9,F,Lineup unconfirmed,4-Seam Fastball,15.498938428874734,73.0,,,,,,
181,2026-08-21,824317,2026-08-22T00:40:00Z,Scheduled,Coors Field,Cleveland Guardians @ Colorado Rockies,Away,677587,Brayan Rocchio,Cleveland Guardians,Colorado Rockies,SS,S,No,,124,482,434,109,18,2,10,46,52,32,9,70,0.251,0.314,0.371,0.685,10,38,37,8,1,0.216,0.0263,24,97,89,14,1,0.157,0.0103,676,135,2.3,19.1,47.0,30.6,22.1,15.3,28.2,39.8,32.4,5.9,4.5,5.9,58.8,81.2,18.0,0.397,68.1,92.7,108.5,6.0,10.4,1.6,49.6,21.9,Weak,2.0,Contact-First Profile,A,Excellent HR swing plane,21.9,Weak,0.921,Good,3.0,37.5,92.4,0.358,Derived proxy,Derived proxy,Derived proxy,Derived proxy,,,19.09,9.09,Strong positive regression,Weak Contact-First Profile profile. 2.3% barrel rate; 81.2 mph average exit velocity; 28.2% air-ball rate; 39.8% pull-air rate; 5.9% HR-launch rate.,0.0207,0.023,4.05,13,4,43.4,0.3,30.0,Very recent HR,685299.0,Tanner Gordon,R,Switch vs RHP,17,5,71.1,5.55,1.44,15,1.89,7.82,1.64,425.0,6.4,28.0,19.5,40.8,34.6,84.4,96.1,113.3,0.617,15.0,18.8,99.3,0.438,1.8,4-Seam Fastball,L,LHB vs RHP,34.4,326,0.262,0.329,0.381,0.71,7,24,46,0.0215,1.3,0.405,172,0.064,6.0,0.642,2,2,2,2/2,1.0,1.0,2.0,3.0,0,0,0,32.5,Slight Pitcher Advantage,Below average,52.5,5,Pitch-level Statcast · last 5 MLB games,270,4-Seam Fastball,55.18518518518518,149.0,Changeup,21.11111111111111,57.0,Slider,17.40740740740741,47.0,Curveball,6.296296296296297,17.0,Unknown,,Unknown,,No,118.0,1.18,1.0,82.4,0.938,0.989,36.7,Current-Season Handedness Matchup,Pull Air %,Barrel %,Max Exit Velocity,34.4,42.9,18.8,27.4,82.4,45.0,38.4,4.12,0.933,1.126,1.035,1.0,0.921,0.921,0.98,8.99,6.6,84.8,23.0,F,Lineup unconfirmed,,,,,,,,,
182,2026-08-21,823746,2026-08-21T20:10:00Z,Scheduled,American Family Field,Atlanta Braves @ Milwaukee Brewers,Away,686948,Drake Baldwin,Atlanta Braves,Milwaukee Brewers,C,L,No,,105,466,412,112,10,0,21,68,63,46,7,95,0.272,0.354,0.449,0.803,12,52,50,13,1,0.26,0.0192,27,118,110,29,3,0.264,0.0254,634,169,6.3,31.9,41.6,24.1,34.2,12.6,24.5,32.3,29.1,5.9,2.9,5.9,44.0,84.8,17.2,0.624,73.6,97.3,111.6,51.9,12.6,17.4,43.4,38.0,Below Average,2.5,Contact-First Profile,A,Excellent HR swing plane,38.0,Below Average,0.966,Good,4.1,29.3,97.6,0.562,Derived proxy,Derived proxy,Derived proxy,Derived proxy,,,33.73,12.73,Strong positive regression,Below Average Contact-First Profile profile. 6.3% barrel rate; 84.8 mph average exit velocity; 24.5% air-ball rate; 32.3% pull-air rate; 5.9% HR-launch rate.,0.0451,0.0424,4.15,9,2,19.6,0.46,45.9,Recently homered,694819.0,Jacob Misiorowski,R,LHB vs RHP,23,23,139.0,1.75,0.75,13,0.84,13.6,2.01,612.0,1.8,17.8,11.3,27.6,31.5,81.5,91.9,114.8,0.432,13.0,60.0,99.9,0.719,8.6,4-Seam Fastball,L,LHB vs RHP,38.7,286,0.289,0.378,0.482,0.86,14,32,59,0.049,7.7,0.694,294,0.0204,1.5,0.398,3,3,0,0/3,0.0,0.0,0.0,0.0,0,0,2,46.9,Neutral Matchup,Average,42.5,5,Pitch-level Statcast · last 5 MLB games,423,4-Seam Fastball,66.903073286052,283.0,Cutter,11.583924349881796,49.0,Slider,11.583924349881796,49.0,Curveball,9.929078014184396,42.0,Unknown,,Unknown,,No,100.0,1.0,1.0,50.0,1.02,0.943,44.1,Current-Season Handedness Matchup,Pull Air %,Barrel %,Max Exit Velocity,38.7,14.0,60.0,32.7,50.0,45.0,38.3,4.11,0.808,0.958,1.025,1.0,0.966,0.966,1.0,16.45,7.82,85.0,26.7,F,Lineup unconfirmed,,,,,,,,,
183,2026-08-21,823101,2026-08-22T02:10:00Z,Scheduled,T-Mobile Park,Chicago Cubs @ Seattle Mariners,Home,647304,Josh Naylor,Seattle Mariners,Chicago Cubs,1B,L,No,,119,510,463,124,18,0,10,47,46,39,5,64,0.268,0.33,0.371,0.701,10,44,40,15,2,0.375,0.0455,23,97,87,26,2,0.299,0.0206,669,128,2.9,26.9,48.8,26.4,24.7,12.6,27.4,45.0,30.7,4.5,2.7,4.5,51.7,82.8,13.5,0.476,67.9,95.9,110.7,8.7,12.1,2.9,45.0,26.2,Weak,2.0,Pull Power,A,Excellent HR swing plane,26.2,Weak,0.933,Good,3.1,45.7,96.5,0.506,Derived proxy,Derived proxy,Derived proxy,Derived proxy,,,21.84,11.84,Strong positive regression,Weak Pull Power profile. 2.9% barrel rate; 82.8 mph average exit velocity; 27.4% air-ball rate; 45.0% pull-air rate; 4.5% HR-launch rate.,0.0196,0.022,3.99,36,9,46.3,0.78,77.8,Recently homered,571510.0,Matthew Boyd,L,LHB vs LHP,15,15,85.0,4.02,1.24,13,1.38,7.2,2.75,483.0,6.2,22.8,13.0,46.8,30.8,81.6,94.1,112.5,0.567,13.0,23.0,100.0,0.456,3.2,4-Seam Fastball,L,LHB vs LHP,22.8,157,0.297,0.344,0.407,0.751,3,8,26,0.0191,3.6,0.462,91,0.011,3.7,0.504,8,7,2,2/7,0.286,0.375,0.286,0.661,0,1,2,26.1,Strong Pitcher Advantage,Below average,39.0,5,Pitch-level Statcast · last 5 MLB games,473,4-Seam Fastball,45.03171247357294,213.0,Changeup,24.312896405919663,115.0,Curveball,17.12473572938689,81.0,Slider,13.10782241014799,62.0,Unknown,,Unknown,,No,92.0,0.92,1.0,35.6,0.946,0.987,40.5,Current-Season Handedness Matchup,Pull Air %,Barrel %,Max Exit Velocity,22.8,42.4,23.0,43.5,35.6,45.0,38.0,4.09,1.224,1.045,0.985,1.0,0.933,0.933,1.0,8.48,6.11,84.8,22.5,F,Lineup unconfirmed,Sinker,0.42283298097251587,2.0,,,,,,
184,2026-08-21,824800,2026-08-21T23:15:00Z,Scheduled,Oriole Park at Camden Yards,Tampa Bay Rays @ Baltimore Orioles,Home,687637,Dylan Beavers,Baltimore Orioles,Tampa Bay Rays,RF,L,No,,73,240,213,51,12,0,5,26,26,23,2,64,0.239,0.318,0.366,0.684,11,32,30,6,3,0.2,0.0938,24,75,68,15,3,0.221,0.04,294,82,3.3,24.0,50.2,22.9,26.4,14.6,26.8,47.1,33.8,6.1,2.4,6.1,52.2,82.8,23.4,0.542,70.5,94.3,108.6,21.8,10.3,6.5,49.2,30.8,Weak,2.0,Pull Power,A-,Elevated power plane,30.8,Weak,0.946,Good,3.7,47.8,95.4,0.583,Derived proxy,Derived proxy,Derived proxy,Derived proxy,,,10.84,5.84,Strong positive regression,Weak Pull Power profile. 3.3% barrel rate; 82.8 mph average exit velocity; 26.8% air-ball rate; 47.1% pull-air rate; 6.1% HR-launch rate.,0.0208,0.0246,3.99,0,0,42.6,0.0,0.0,Very recent HR,642547.0,Freddy Peralta,R,LHB vs RHP,25,25,128.0,5.27,1.48,20,1.41,8.65,3.73,760.0,3.4,23.0,14.1,46.1,30.1,82.1,93.6,114.7,0.504,20.0,29.1,98.3,0.532,2.5,4-Seam Fastball,L,LHB vs RHP,30.6,202,0.24,0.327,0.374,0.701,4,21,56,0.0198,3.6,0.564,366,0.041,3.7,0.517,2,2,0,0/2,0.0,0.0,0.0,0.0,0,0,0,32.9,Slight Pitcher Advantage,Below average,45.0,5,Pitch-level Statcast · last 5 MLB games,445,4-Seam Fastball,55.28089887640449,246.0,Changeup,23.370786516853933,104.0,Curveball,9.662921348314606,43.0,Sweeper,9.438202247191011,42.0,Unknown,,Unknown,,No,99.0,0.99,1.0,48.2,0.958,0.959,43.2,Current-Season Handedness Matchup,Pull Air %,Barrel %,Max Exit Velocity,30.6,30.7,29.1,44.6,48.2,45.0,37.9,4.09,1.35,1.05,1.025,1.0,0.946,0.946,0.98,9.44,7.41,75.1,22.9,F,Lineup unconfirmed,Slow Curve,1.348314606741573,6.0,Slider,0.898876404494382,4.0,,,
185,2026-08-21,824317,2026-08-22T00:40:00Z,Scheduled,Coors Field,Cleveland Guardians @ Colorado Rockies,Home,681393,Connor Norby,Colorado Rockies,Cleveland Guardians,2B,R,No,,73,260,223,47,16,0,4,21,17,28,8,77,0.211,0.319,0.336,0.655,8,27,23,6,0,0.261,0.0,8,27,23,6,0,0.261,0.0,312,33,2.1,19.9,51.9,17.7,30.4,17.8,28.3,50.8,29.6,5.7,1.9,5.7,40.0,81.4,19.8,0.53,68.5,92.6,105.6,6.9,10.5,1.6,41.2,23.8,Weak,2.0,Pull Power,A,Excellent HR swing plane,23.8,Weak,0.927,Good,0.0,54.5,91.4,0.573,Derived proxy,Derived proxy,Derived proxy,Derived proxy,,,9.14,5.14,Strong positive regression,Weak Pull Power profile. 2.1% barrel rate; 81.4 mph average exit velocity; 28.3% air-ball rate; 50.8% pull-air rate; 5.7% HR-launch rate.,0.0154,0.0206,3.99,95,33,55.8,1.7,170.4,Above normal drought,676282.0,Joey Cantillo,L,RHB vs LHP,26,26,125.2,3.8,1.44,15,1.07,9.95,4.23,624.0,4.8,25.0,15.2,43.6,25.6,81.8,94.9,113.4,0.52,15.0,18.6,99.9,0.424,2.6,4-Seam Fastball,R,RHB vs LHP,27.9,82,0.167,0.329,0.288,0.617,1,13,22,0.0122,5.1,0.507,412,0.0291,4.8,0.502,0,0,0,0/0,,,,,0,0,0,29.1,Strong Pitcher Advantage,Below average,50.0,5,Pitch-level Statcast · last 5 MLB games,362,Curveball,44.751381215469614,162.0,4-Seam Fastball,27.900552486187845,101.0,Changeup,18.50828729281768,67.0,Cutter,8.839779005524862,32.0,Unknown,,Unknown,,No,118.0,1.18,1.0,82.4,0.937,0.973,39.7,Current-Season Handedness Matchup,Pull Air %,Barrel %,Max Exit Velocity,27.9,34.1,18.6,36.9,82.4,45.0,37.9,4.09,0.758,0.995,1.025,0.965,0.927,0.894,1.035,7.98,5.03,72.7,22.7,F,Lineup unconfirmed,,,,,,,,,
186,2026-08-21,824317,2026-08-22T00:40:00Z,Scheduled,Coors Field,Cleveland Guardians @ Colorado Rockies,Home,694249,Cole Carrigg,Colorado Rockies,Cleveland Guardians,CF,S,No,,59,232,199,56,16,3,5,35,34,24,4,48,0.281,0.364,0.467,0.831,11,46,42,10,0,0.238,0.0,23,94,82,22,1,0.268,0.0106,324,129,2.1,17.5,48.1,22.7,29.2,11.8,25.2,44.2,34.3,5.0,2.5,5.0,71.1,81.3,19.6,0.501,70.5,92.2,109.0,33.7,9.9,6.3,48.0,27.5,Weak,2.0,Pull Power,A,Excellent HR swing plane,27.5,Weak,0.937,Good,0.8,43.3,91.5,0.481,Derived proxy,Derived proxy,Derived proxy,Derived proxy,,,8.76,3.76,Positive regression,Weak Pull Power profile. 2.1% barrel rate; 81.3 mph average exit velocity; 25.2% air-ball rate; 44.2% pull-air rate; 5.0% HR-launch rate.,0.0216,0.0251,4.09,70,20,39.8,1.76,175.9,Above normal drought,676282.0,Joey Cantillo,L,Switch vs LHP,26,26,125.2,3.8,1.44,15,1.07,9.95,4.23,624.0,4.8,25.0,15.2,43.6,25.6,81.8,94.9,113.4,0.52,15.0,24.8,99.9,0.485,2.7,4-Seam Fastball,R,RHB vs LHP,27.9,100,0.308,0.333,0.495,0.828,2,5,25,0.02,3.4,0.543,412,0.0291,4.8,0.502,0,0,0,0/0,,,,,0,0,0,31.2,Slight Pitcher Advantage,Below average,50.0,5,Pitch-level Statcast · last 5 MLB games,362,Curveball,44.751381215469614,162.0,4-Seam Fastball,27.900552486187845,101.0,Changeup,18.50828729281768,67.0,Cutter,8.839779005524862,32.0,Unknown,,Unknown,,No,118.0,1.18,1.0,82.4,0.95,0.973,38.5,Current-Season Handedness Matchup,Pull Air %,Barrel %,Max Exit Velocity,27.9,34.1,24.8,28.8,82.4,45.0,37.9,4.08,0.758,0.995,1.035,1.0,0.937,0.937,1.035,9.88,5.94,76.1,27.5,F,Lineup unconfirmed,,,,,,,,,
187,2026-08-21,824721,2026-08-21T23:10:00Z,Scheduled,Fenway Park,San Francisco Giants @ Boston Red Sox,Home,681508,Mickey Gasper,Boston Red Sox,San Francisco Giants,C,S,No,,37,131,117,30,5,1,3,14,14,11,1,22,0.256,0.323,0.393,0.716,3,12,10,4,3,0.4,0.25,3,12,10,4,3,0.4,0.25,161,14,9.4,28.3,48.6,26.0,25.4,22.1,34.9,37.4,26.2,10.9,7.3,10.9,40.0,84.8,12.2,0.612,69.7,96.7,108.2,16.4,15.5,6.3,53.7,38.8,Below Average,2.5,Contact-First Profile,A,Excellent HR swing plane,38.8,Below Average,0.969,Good,21.4,28.6,96.0,1.211,Derived proxy,Derived proxy,Derived proxy,Derived proxy,,,12.81,9.81,Strong positive regression,Below Average Contact-First Profile profile. 9.4% barrel rate; 84.8 mph average exit velocity; 34.9% air-ball rate; 37.4% pull-air rate; 10.9% HR-launch rate.,0.0229,0.0273,3.99,0,0,39.0,0.0,0.0,Very recent HR,657277.0,Logan Webb,R,Switch vs RHP,22,22,139.0,3.5,1.06,9,0.58,7.12,2.07,719.0,3.1,23.9,11.5,39.5,27.4,81.8,94.4,114.4,0.464,9.0,23.5,80.7,0.405,6.0,Sinker,L,LHB vs RHP,28.1,112,0.283,0.357,0.444,0.802,3,11,15,0.0268,7.2,0.509,345,0.0174,3.3,0.471,0,0,0,0/0,,,,,0,0,0,30.9,Slight Pitcher Advantage,Below average,50.0,5,Pitch-level Statcast · last 5 MLB games,471,Changeup,25.05307855626327,118.0,Sinker,23.35456475583864,110.0,Sweeper,18.683651804670912,88.0,Cutter,17.409766454352443,82.0,Unknown,,Unknown,,No,102.0,1.02,1.0,53.6,0.947,0.956,43.5,Current-Season Handedness Matchup,Pull Air %,Barrel %,Max Exit Velocity,28.1,25.9,23.5,64.0,53.6,45.0,37.8,4.08,1.206,0.917,1.035,1.0,0.969,0.969,0.98,10.44,6.95,62.3,20.8,F,Lineup unconfirmed; Limited recent games,4-Seam Fastball,15.498938428874734,73.0,,,,,,
188,2026-08-21,824559,2026-08-21T23:40:00Z,Scheduled,Rate Field,New York Mets @ Chicago White Sox,Home,805367,Chase Meidroth,Chicago White Sox,New York Mets,2B,R,No,,122,513,451,123,24,0,12,72,49,49,4,117,0.273,0.347,0.406,0.753,10,42,39,10,1,0.256,0.0238,24,102,87,22,5,0.253,0.049,651,123,3.1,21.6,41.9,30.9,26.7,10.7,23.1,46.0,28.2,5.6,3.6,5.6,80.9,81.8,12.7,0.458,64.1,93.5,109.5,1.4,8.6,0.7,58.4,25.4,Weak,2.0,Pull Power,A,Excellent HR swing plane,25.4,Weak,0.931,Good,4.1,51.7,93.7,0.472,Derived proxy,Derived proxy,Derived proxy,Derived proxy,,,22.43,10.43,Strong positive regression,Weak Pull Power profile. 3.1% barrel rate; 81.8 mph average exit velocity; 23.1% air-ball rate; 46.0% pull-air rate; 5.6% HR-launch rate.,0.0234,0.025,3.99,31,8,37.6,0.82,82.5,Near normal interval,640455.0,Sean Manaea,L,RHB vs LHP,26,12,111.0,4.22,1.32,16,1.3,9.16,3.0,671.0,4.8,22.4,14.2,50.6,31.3,80.7,93.6,114.6,0.571,16.0,19.4,100.0,0.437,2.4,4-Seam Fastball,R,RHB vs LHP,30.9,149,0.32,0.401,0.516,0.917,4,18,30,0.0268,2.6,0.487,328,0.0366,5.0,0.579,0,0,0,0/0,,,,,0,0,0,30.7,Slight Pitcher Advantage,Below average,50.0,5,Pitch-level Statcast · last 5 MLB games,457,4-Seam Fastball,53.82932166301969,246.0,Sweeper,26.695842450765863,122.0,Sinker,15.317286652078774,70.0,Changeup,2.4070021881838075,11.0,Unknown,,Unknown,,No,100.0,1.0,1.0,50.0,0.939,0.973,40.9,Current-Season Handedness Matchup,Pull Air %,Barrel %,Max Exit Velocity,30.9,38.5,19.4,45.6,50.0,45.0,37.8,4.08,1.142,1.032,1.025,1.0,0.931,0.931,1.0,9.62,6.69,85.0,24.5,F,Lineup unconfirmed,Cutter,1.75054704595186,8.0,,,,,,
189,2026-08-21,822857,2026-08-22T00:15:00Z,Scheduled,Globe Life Field,Los Angeles Angels @ Texas Rangers,Home,553869,Elias Díaz,Texas Rangers,Los Angeles Angels,C,R,No,,62,166,158,36,9,0,5,14,20,4,1,39,0.228,0.25,0.38,0.63,9,26,26,4,0,0.154,0.0,20,58,54,10,1,0.185,0.0172,234,79,4.1,22.1,36.5,31.9,31.6,14.8,24.5,37.9,24.6,7.7,5.2,7.7,44.2,80.6,17.4,0.468,72.1,93.1,111.6,45.0,11.0,8.7,50.6,30.3,Weak,2.0,Contact-First Profile,A,Excellent HR swing plane,30.3,Weak,0.945,Good,3.8,35.3,91.5,0.46,Derived proxy,Derived proxy,Derived proxy,Derived proxy,,,9.44,4.44,Strong positive regression,Weak Contact-First Profile profile. 4.1% barrel rate; 80.6 mph average exit velocity; 24.5% air-ball rate; 37.9% pull-air rate; 7.7% HR-launch rate.,0.0301,0.0309,3.81,38,14,31.6,1.2,120.3,Near normal interval,672282.0,Reid Detmers,L,RHB vs LHP,25,25,143.0,3.78,1.06,17,1.07,10.51,2.71,742.0,4.6,22.2,15.2,38.7,28.8,83.3,94.8,112.6,0.535,17.0,34.5,99.9,0.542,4.7,4-Seam Fastball,R,RHB vs LHP,45.2,68,0.231,0.265,0.492,0.757,4,3,14,0.0588,8.7,0.568,429,0.0303,4.5,0.543,2,2,1,1/2,0.5,0.5,0.5,1.0,0,0,1,42.6,Slight Pitcher Advantage,Below average,50.9,5,Pitch-level Statcast · last 5 MLB games,430,4-Seam Fastball,50.0,215.0,Slider,29.53488372093023,127.0,Curveball,13.255813953488373,57.0,Changeup,7.209302325581396,31.0,Unknown,,Unknown,,No,104.0,1.04,1.0,57.2,0.969,0.971,42.4,Current-Season Handedness Matchup,Pull Air %,Barrel %,Max Exit Velocity,45.2,30.4,34.5,25.4,57.2,45.0,37.7,4.07,0.777,0.995,1.025,0.975,0.945,0.921,1.0,11.27,5.91,68.5,21.1,F,Lineup unconfirmed,,,,,,,,,
190,2026-08-21,824559,2026-08-21T23:40:00Z,Scheduled,Rate Field,New York Mets @ Chicago White Sox,Away,701807,Carson Benge,New York Mets,Chicago White Sox,RF,L,No,,122,503,459,125,16,3,15,64,51,37,6,107,0.272,0.334,0.418,0.752,10,42,37,11,2,0.297,0.0476,23,95,86,27,4,0.314,0.0421,681,134,4.0,24.6,41.7,24.8,32.2,13.5,25.3,34.5,31.7,7.0,3.5,7.0,62.8,83.4,17.4,0.568,68.6,94.8,109.1,14.7,11.8,4.2,40.1,26.0,Weak,2.0,Contact-First Profile,A,Excellent HR swing plane,26.0,Weak,0.933,Good,3.7,38.7,95.1,0.567,Derived proxy,Derived proxy,Derived proxy,Derived proxy,,,27.04,12.04,Strong positive regression,Weak Contact-First Profile profile. 4.0% barrel rate; 83.4 mph average exit velocity; 25.3% air-ball rate; 34.5% pull-air rate; 7.0% HR-launch rate.,0.0298,0.0302,4.05,0,0,30.6,0.0,0.0,Very recent HR,680732.0,Sean Burke,R,LHB vs RHP,25,21,140.0,3.15,1.11,16,1.03,9.9,2.7,757.0,4.6,22.5,14.9,49.3,34.3,83.2,94.3,113.4,0.528,16.0,31.3,100.0,0.531,3.6,4-Seam Fastball,L,LHB vs RHP,33.7,375,0.275,0.336,0.424,0.76,11,28,74,0.0293,3.8,0.554,341,0.0323,5.2,0.558,0,0,0,0/0,,,,,0,0,0,36.1,Slight Pitcher Advantage,Below average,50.0,5,Pitch-level Statcast · last 5 MLB games,450,4-Seam Fastball,37.111111111111114,167.0,Slider,22.666666666666668,102.0,Knuckle Curve,17.77777777777778,80.0,Sinker,10.88888888888889,49.0,Unknown,,Unknown,,No,100.0,1.0,1.0,50.0,0.963,0.971,38.5,Current-Season Handedness Matchup,Pull Air %,Barrel %,Max Exit Velocity,33.7,36.8,31.3,35.6,50.0,45.0,37.7,4.07,1.197,0.989,1.025,1.0,0.933,0.933,0.98,11.69,7.69,84.6,25.7,F,Lineup unconfirmed,Cutter,10.444444444444445,47.0,Changeup,1.1111111111111112,5.0,,,
191,2026-08-21,824152,2026-08-22T00:10:00Z,Scheduled,Daikin Park,Athletics @ Houston Astros,Away,643446,Jeff McNeil,Athletics,Houston Astros,2B,L,No,,112,388,353,92,16,0,6,35,43,25,4,44,0.261,0.313,0.357,0.67,11,42,38,13,2,0.342,0.0476,22,81,76,26,2,0.342,0.0247,622,117,1.8,20.1,51.4,26.3,22.3,10.9,26.2,53.3,33.6,4.4,2.7,4.4,66.7,81.6,18.8,0.451,67.1,92.9,105.8,2.9,10.8,0.8,40.5,23.8,Weak,2.0,Pull Power,A,Excellent HR swing plane,23.8,Weak,0.927,Good,2.6,66.7,93.2,0.497,Derived proxy,Derived proxy,Derived proxy,Derived proxy,,,16.92,10.92,Strong positive regression,Weak Pull Power profile. 1.8% barrel rate; 81.6 mph average exit velocity; 26.2% air-ball rate; 53.3% pull-air rate; 4.4% HR-launch rate.,0.0155,0.0194,4.05,13,3,58.8,0.22,22.1,Very recent HR,669713.0,Hayden Wesneski,R,LHB vs RHP,4,4,22.2,5.16,1.32,2,0.79,7.15,2.78,109.0,5.5,32.1,17.4,41.0,29.4,85.4,97.9,109.2,0.518,2.0,19.3,100.0,0.443,2.0,Sweeper,L,LHB vs RHP,32.2,302,0.279,0.326,0.391,0.717,6,17,38,0.0199,1.8,0.456,48,0.0417,10.7,0.591,1,1,1,1/1,1.0,1.0,4.0,5.0,1,0,0,31.7,Slight Pitcher Advantage,Below average,52.5,4,Pitch-level Statcast · last 5 MLB games,321,Sweeper,29.28348909657321,94.0,4-Seam Fastball,24.922118380062305,80.0,Sinker,19.626168224299064,63.0,Cutter,16.1993769470405,52.0,Unknown,,Unknown,,No,100.0,1.0,1.0,50.0,0.939,0.98,41.3,Current-Season Handedness Matchup,Pull Air %,Barrel %,Max Exit Velocity,32.2,38.5,19.3,41.6,50.0,45.0,37.6,4.07,1.313,0.984,1.025,1.0,0.927,0.927,0.98,7.62,6.02,83.5,21.6,F,Lineup unconfirmed,Changeup,9.345794392523365,30.0,Curveball,0.6230529595015576,2.0,,,
192,2026-08-21,824559,2026-08-21T23:40:00Z,Scheduled,Rate Field,New York Mets @ Chicago White Sox,Home,695731,Braden Montgomery,Chicago White Sox,New York Mets,RF,S,No,,60,247,217,51,11,3,4,30,30,26,3,55,0.235,0.324,0.369,0.693,12,51,43,10,0,0.233,0.0,25,106,90,21,1,0.233,0.0094,293,111,2.5,26.0,44.7,23.5,30.9,10.3,19.0,35.1,30.8,5.4,3.3,5.4,48.8,83.1,9.4,0.496,67.3,95.0,107.8,7.1,8.7,1.8,47.8,21.5,Weak,2.0,Contact-First Profile,C,Low line-drive plane,21.5,Weak,0.92,Good,2.7,45.0,94.9,0.518,Derived proxy,Derived proxy,Derived proxy,Derived proxy,,,8.49,4.49,Strong positive regression,Weak Contact-First Profile profile. 2.5% barrel rate; 83.1 mph average exit velocity; 19.0% air-ball rate; 35.1% pull-air rate; 5.4% HR-launch rate.,0.0162,0.0214,3.99,43,12,54.2,0.79,79.3,Recently homered,640455.0,Sean Manaea,L,Switch vs LHP,26,12,111.0,4.22,1.32,16,1.3,9.16,3.0,671.0,4.8,22.4,14.2,50.6,31.3,80.7,93.6,114.6,0.571,16.0,33.7,100.0,0.582,2.3,4-Seam Fastball,R,RHB vs LHP,31.6,72,0.161,0.264,0.29,0.554,1,8,21,0.0139,2.5,0.498,328,0.0366,5.0,0.579,0,0,0,0/0,,,,,0,0,0,36.0,Slight Pitcher Advantage,Below average,50.0,5,Pitch-level Statcast · last 5 MLB games,457,4-Seam Fastball,53.82932166301969,246.0,Sweeper,26.695842450765863,122.0,Sinker,15.317286652078774,70.0,Changeup,2.4070021881838075,11.0,Unknown,,Unknown,,No,100.0,1.0,1.0,50.0,0.967,0.973,35.3,Current-Season Handedness Matchup,Pull Air %,Barrel %,Max Exit Velocity,31.6,38.5,33.7,38.7,50.0,45.0,37.5,4.06,0.758,1.032,1.035,1.0,0.92,0.92,1.0,8.26,4.87,77.6,19.5,F,Lineup unconfirmed,Cutter,1.75054704595186,8.0,,,,,,
193,2026-08-21,825045,2026-08-22T01:40:00Z,Scheduled,Chase Field,Cincinnati Reds @ Arizona Diamondbacks,Home,678489,Jorge Barrosa,Arizona Diamondbacks,Cincinnati Reds,CF,S,No,,91,157,132,26,11,1,2,26,12,14,2,42,0.197,0.282,0.341,0.623,9,8,6,1,0,0.167,0.0,20,19,13,3,0,0.231,0.0,191,25,1.8,18.1,43.6,39.7,16.6,17.4,27.6,54.9,30.9,4.8,4.5,4.8,40.0,76.5,17.2,0.409,60.8,91.1,102.3,1.7,13.4,0.2,46.2,21.9,Weak,2.0,Pull Power,A,Excellent HR swing plane,21.9,Weak,0.921,Good,0.0,50.0,90.7,0.492,Derived proxy,Derived proxy,Derived proxy,Derived proxy,,,5.28,3.28,Positive regression,Weak Pull Power profile. 1.8% barrel rate; 76.5 mph average exit velocity; 27.6% air-ball rate; 54.9% pull-air rate; 4.8% HR-launch rate.,0.0127,0.0211,3.81,29,38,66.0,0.44,43.9,Recently homered,666157.0,Nick Lodolo,L,Switch vs LHP,14,14,71.2,4.52,1.42,12,1.51,7.16,3.64,405.0,6.4,24.9,13.3,35.4,32.6,83.4,95.9,115.9,0.595,12.0,26.2,100.0,0.503,2.5,Sinker,R,RHB vs LHP,38.7,55,0.233,0.358,0.419,0.777,1,7,11,0.0182,2.8,0.335,239,0.046,8.0,0.621,0,0,0,0/0,,,,,0,0,0,36.6,Slight Pitcher Advantage,Below average,50.0,5,Pitch-level Statcast · last 5 MLB games,414,4-Seam Fastball,28.502415458937197,118.0,Sinker,26.08695652173913,108.0,Changeup,23.67149758454106,98.0,Curveball,21.73913043478261,90.0,Unknown,,Unknown,,No,100.0,1.0,1.0,50.0,0.952,0.989,39.0,Current-Season Handedness Matchup,Pull Air %,Barrel %,Max Exit Velocity,38.7,38.6,26.2,33.4,50.0,45.0,37.3,4.05,1.0,1.066,1.035,0.94,0.921,0.866,1.0,7.8,5.39,64.7,17.7,F,Lineup unconfirmed,,,,,,,,,
194,2026-08-21,824721,2026-08-21T23:10:00Z,Scheduled,Fenway Park,San Francisco Giants @ Boston Red Sox,Home,657136,Connor Wong,Boston Red Sox,San Francisco Giants,C,R,No,,63,194,168,42,10,0,4,18,22,16,5,47,0.25,0.332,0.381,0.713,5,17,17,4,1,0.235,0.0588,16,48,46,9,3,0.196,0.0625,247,68,4.7,24.0,42.7,34.2,23.1,13.3,23.8,54.9,26.6,5.2,3.4,5.2,52.2,80.9,15.7,0.535,70.3,94.8,110.5,27.4,9.1,7.2,48.2,33.6,Weak,2.5,Pull Power,A,Excellent HR swing plane,33.6,Weak,0.954,Good,5.9,62.5,95.7,0.609,Derived proxy,Derived proxy,Derived proxy,Derived proxy,,,11.07,7.07,Strong positive regression,Weak Pull Power profile. 4.7% barrel rate; 80.9 mph average exit velocity; 23.8% air-ball rate; 54.9% pull-air rate; 5.2% HR-launch rate.,0.0206,0.025,3.99,3,1,42.0,0.07,7.1,Very recent HR,657277.0,Logan Webb,R,RHB vs RHP,22,22,139.0,3.5,1.06,9,0.58,7.12,2.07,719.0,3.1,23.9,11.5,39.5,27.4,81.8,94.4,114.4,0.464,9.0,25.5,100.0,0.455,4.5,Sinker,R,RHB vs RHP,15.2,138,0.244,0.331,0.353,0.684,1,12,38,0.0072,2.9,0.458,216,0.0139,2.6,0.452,3,3,1,1/3,0.333,0.333,0.333,0.666,0,0,1,25.0,Strong Pitcher Advantage,Below average,46.0,5,Pitch-level Statcast · last 5 MLB games,471,Changeup,25.05307855626327,118.0,Sinker,23.35456475583864,110.0,Sweeper,18.683651804670912,88.0,Cutter,17.409766454352443,82.0,Unknown,,Unknown,,No,102.0,1.02,1.0,53.6,0.951,0.956,43.1,Current-Season Handedness Matchup,Pull Air %,Barrel %,Max Exit Velocity,15.2,25.9,25.5,54.1,53.6,45.0,37.3,4.05,1.35,0.917,0.985,1.0,0.954,0.954,0.98,9.6,6.78,69.7,21.6,F,Lineup unconfirmed,4-Seam Fastball,15.498938428874734,73.0,,,,,,
195,2026-08-21,824072,2026-08-22T00:10:00Z,Scheduled,Kauffman Stadium,Detroit Tigers @ Kansas City Royals,Away,805808,Kevin McGonigle,Detroit Tigers,Kansas City Royals,SS,L,No,,123,555,472,133,22,3,13,82,52,77,3,78,0.282,0.384,0.424,0.808,11,51,46,10,1,0.217,0.0196,24,116,99,28,4,0.283,0.0345,753,154,3.4,22.4,46.1,20.6,33.1,19.8,32.3,39.5,30.0,5.8,3.5,5.8,73.9,82.1,21.2,0.482,69.4,94.1,109.0,13.4,11.0,4.1,48.4,25.6,Weak,2.0,Contact-First Profile,A-,Elevated power plane,25.6,Weak,0.932,Good,1.9,37.7,93.8,0.434,Derived proxy,Derived proxy,Derived proxy,Derived proxy,,,26.28,13.28,Strong positive regression,Weak Contact-First Profile profile. 3.4% barrel rate; 82.1 mph average exit velocity; 32.3% air-ball rate; 39.5% pull-air rate; 5.8% HR-launch rate.,0.0234,0.0249,4.23,7,2,36.3,0.19,19.3,Very recent HR,702070.0,Noah Cameron,L,LHB vs LHP,24,23,138.1,4.16,1.22,14,0.91,8.2,2.8,740.0,5.1,25.7,14.5,46.3,31.2,82.6,95.5,115.9,0.542,14.0,31.8,99.9,0.515,4.6,4-Seam Fastball,L,LHB vs LHP,28.2,160,0.236,0.319,0.336,0.654,3,17,32,0.0188,3.0,0.423,144,0.0278,7.6,0.596,3,3,1,1/3,0.333,0.333,0.333,0.666,0,0,0,33.0,Slight Pitcher Advantage,Below average,46.0,5,Pitch-level Statcast · last 5 MLB games,516,Changeup,21.705426356589147,112.0,Cutter,20.930232558139537,108.0,Slider,18.6046511627907,96.0,4-Seam Fastball,17.635658914728683,91.0,Unknown,,Unknown,,No,100.0,1.0,1.0,50.0,0.964,0.976,37.5,Current-Season Handedness Matchup,Pull Air %,Barrel %,Max Exit Velocity,28.2,38.7,31.8,28.2,50.0,45.0,37.2,4.05,1.022,0.97,0.985,1.0,0.932,0.932,0.98,10.14,6.07,85.0,24.0,F,Lineup unconfirmed,Curveball,16.666666666666668,86.0,Sinker,4.457364341085271,23.0,,,
196,2026-08-21,823262,2026-08-22T01:40:00Z,Scheduled,Petco Park,Minnesota Twins @ San Diego Padres,Home,592518,Manny Machado,San Diego Padres,Minnesota Twins,3B,R,No,,125,532,465,100,20,0,24,63,71,58,1,117,0.215,0.299,0.413,0.712,11,48,44,11,1,0.25,0.0208,26,114,103,27,2,0.262,0.0175,684,148,4.7,27.4,42.4,26.8,30.0,13.9,27.9,35.6,31.6,7.2,2.9,7.2,56.2,83.9,23.0,0.557,73.0,96.1,111.3,43.6,13.0,12.5,58.6,35.2,Below Average,2.5,Contact-First Profile,A-,Elevated power plane,35.2,Below Average,0.959,Good,3.4,30.2,96.4,0.531,Derived proxy,Derived proxy,Derived proxy,Derived proxy,,,30.73,6.73,Strong positive regression,Below Average Contact-First Profile profile. 4.7% barrel rate; 83.9 mph average exit velocity; 27.9% air-ball rate; 35.6% pull-air rate; 7.2% HR-launch rate.,0.0451,0.0427,3.99,4,1,19.4,0.21,20.6,Very recent HR,687570.0,Connor Prielipp,L,RHB vs LHP,17,17,87.2,5.34,1.38,12,1.23,9.65,3.7,498.0,4.6,24.1,13.3,40.8,31.1,83.2,95.0,113.1,0.557,12.0,35.0,99.9,0.53,5.5,Slider,R,RHB vs LHP,34.3,129,0.23,0.302,0.416,0.718,4,13,26,0.031,5.1,0.545,271,0.0332,4.3,0.544,0,0,0,0/0,,,,,0,0,0,37.7,Slight Pitcher Advantage,Below average,50.0,5,Pitch-level Statcast · last 5 MLB games,433,Slider,31.17782909930716,135.0,4-Seam Fastball,25.86605080831409,112.0,Sinker,21.939953810623557,95.0,Curveball,15.242494226327944,66.0,Unknown,,Unknown,,No,94.0,0.94,1.0,39.2,0.97,0.971,42.0,Current-Season Handedness Matchup,Pull Air %,Barrel %,Max Exit Velocity,34.3,32.9,35.0,29.6,39.2,45.0,37.2,4.04,0.788,1.021,1.025,1.0,0.959,0.959,0.98,15.98,7.26,85.0,24.4,F,Lineup unconfirmed,Changeup,5.773672055427252,25.0,,,,,,
197,2026-08-21,823101,2026-08-22T02:10:00Z,Scheduled,T-Mobile Park,Chicago Cubs @ Seattle Mariners,Home,702284,Cole Young,Seattle Mariners,Chicago Cubs,2B,L,No,,128,514,468,119,15,3,15,60,56,33,9,87,0.254,0.314,0.395,0.709,11,45,42,7,1,0.167,0.0222,25,106,97,26,2,0.268,0.0189,700,141,2.6,24.4,45.7,25.7,28.6,14.9,26.5,42.8,28.7,5.6,3.3,5.6,77.4,83.1,19.6,0.46,68.8,94.8,111.2,17.2,11.3,4.1,41.6,26.0,Weak,2.0,Pull Power,A,Excellent HR swing plane,26.0,Weak,0.933,Good,1.4,38.9,95.5,0.394,Derived proxy,Derived proxy,Derived proxy,Derived proxy,,,22.19,7.19,Strong positive regression,Weak Pull Power profile. 2.6% barrel rate; 83.1 mph average exit velocity; 26.5% air-ball rate; 42.8% pull-air rate; 5.6% HR-launch rate.,0.0292,0.0297,3.99,14,4,31.2,0.45,44.9,Recently homered,571510.0,Matthew Boyd,L,LHB vs LHP,15,15,85.0,4.02,1.24,13,1.38,7.2,2.75,483.0,6.2,22.8,13.0,46.8,30.8,81.6,94.1,112.5,0.567,13.0,28.4,100.0,0.503,3.5,4-Seam Fastball,L,LHB vs LHP,20.7,165,0.238,0.291,0.325,0.615,3,8,32,0.0182,1.3,0.459,91,0.011,3.7,0.504,2,2,0,0/2,0.0,0.0,0.0,0.0,0,0,2,28.3,Strong Pitcher Advantage,Below average,45.0,5,Pitch-level Statcast · last 5 MLB games,473,4-Seam Fastball,45.03171247357294,213.0,Changeup,24.312896405919663,115.0,Curveball,17.12473572938689,81.0,Slider,13.10782241014799,62.0,Unknown,,Unknown,,No,92.0,0.92,1.0,35.6,0.957,0.987,37.9,Current-Season Handedness Matchup,Pull Air %,Barrel %,Max Exit Velocity,20.7,42.4,28.4,32.7,35.6,45.0,37.1,4.04,0.879,1.045,0.985,1.0,0.933,0.933,1.0,11.34,6.01,85.0,22.4,F,Lineup unconfirmed,Sinker,0.42283298097251587,2.0,,,,,,
198,2026-08-21,823510,2026-08-21T23:05:00Z,Scheduled,Yankee Stadium,Toronto Blue Jays @ New York Yankees,Away,807727,Charles McAdoo,Toronto Blue Jays,New York Yankees,2B,R,No,,17,57,53,15,2,0,2,5,9,3,0,15,0.283,0.316,0.434,0.75,9,32,28,11,1,0.393,0.0312,9,32,28,11,1,0.393,0.0312,71,36,6.6,19.7,16.6,32.4,51.1,10.2,28.1,16.6,30.0,7.5,1.9,7.5,44.2,80.5,17.6,0.569,71.5,92.1,107.7,29.4,5.6,5.7,41.9,22.2,Weak,2.0,Contact-First Profile,A,Excellent HR swing plane,22.2,Weak,0.922,Good,8.3,18.2,92.3,0.644,Derived proxy,Derived proxy,Derived proxy,Derived proxy,,,3.53,1.53,Near expected,Weak Contact-First Profile profile. 6.6% barrel rate; 80.5 mph average exit velocity; 28.1% air-ball rate; 16.6% pull-air rate; 7.5% HR-launch rate.,0.0351,0.033,4.05,26,8,26.5,0.98,98.1,Near normal interval,693645.0,Cam Schlittler,R,RHB vs RHP,26,26,152.0,2.19,0.94,14,0.83,11.19,2.01,828.0,4.0,21.0,12.2,31.7,31.6,82.4,93.0,115.9,0.516,14.0,70.6,89.9,0.774,11.1,4-Seam Fastball,R,RHB vs RHP,37.0,27,0.231,0.259,0.385,0.644,1,1,5,0.037,6.8,0.481,229,0.0262,3.9,0.437,5,5,1,1/5,0.2,0.2,0.2,0.4,0,0,1,48.9,Neutral Matchup,Average,37.5,5,Pitch-level Statcast · last 5 MLB games,468,4-Seam Fastball,42.52136752136752,199.0,Cutter,22.863247863247864,107.0,Sinker,19.871794871794872,93.0,Curveball,14.743589743589743,69.0,Unknown,,Unknown,,No,108.0,1.08,1.0,64.4,1.041,0.965,30.5,Current-Season Handedness Matchup,Pull Air %,Barrel %,Max Exit Velocity,37.0,20.8,70.6,22.6,64.4,45.0,37.0,4.04,0.979,0.957,0.985,1.0,0.922,0.922,1.0,12.71,7.52,58.6,22.8,F,Small season sample; Lineup unconfirmed,,,,,,,,,
199,2026-08-21,824072,2026-08-22T00:10:00Z,Scheduled,Kauffman Stadium,Detroit Tigers @ Kansas City Royals,Away,701162,Ben Malgeri,Detroit Tigers,Kansas City Royals,RF,R,No,,31,71,59,15,2,0,3,9,10,10,1,15,0.254,0.366,0.441,0.807,9,19,17,3,2,0.176,0.1053,16,36,29,7,3,0.241,0.0833,82,44,4.0,24.6,38.9,28.3,32.8,15.1,32.5,36.5,38.9,6.3,4.8,6.3,117.5,82.5,19.7,0.514,66.7,95.4,106.5,3.2,12.7,1.6,31.3,25.0,Weak,2.0,Contact-First Profile,A,Excellent HR swing plane,25.0,Weak,0.93,Good,4.5,40.0,95.4,0.56,Derived proxy,Derived proxy,Derived proxy,Derived proxy,,,3.17,0.17,Near expected,Weak Contact-First Profile profile. 4.0% barrel rate; 82.5 mph average exit velocity; 32.5% air-ball rate; 36.5% pull-air rate; 6.3% HR-launch rate.,0.0423,0.0358,4.15,6,4,19.7,0.31,30.5,Very recent HR,702070.0,Noah Cameron,L,RHB vs LHP,24,23,138.1,4.16,1.22,14,0.91,8.2,2.8,740.0,5.1,25.7,14.5,46.3,31.2,82.6,95.5,115.9,0.542,14.0,25.7,99.9,0.458,4.4,4-Seam Fastball,R,RHB vs LHP,29.3,45,0.222,0.356,0.278,0.633,0,7,11,0.0,0.0,0.396,436,0.0229,4.3,0.525,3,2,0,0/2,0.0,0.333,0.0,0.333,0,1,0,30.7,Slight Pitcher Advantage,Below average,42.5,5,Pitch-level Statcast · last 5 MLB games,516,Changeup,21.705426356589147,112.0,Cutter,20.930232558139537,108.0,Slider,18.6046511627907,96.0,4-Seam Fastball,17.635658914728683,91.0,Unknown,,Unknown,,No,100.0,1.0,1.0,50.0,0.951,0.976,37.3,Current-Season Handedness Matchup,Pull Air %,Barrel %,Max Exit Velocity,29.3,38.7,25.7,39.1,50.0,45.0,37.0,4.03,1.35,0.97,1.025,1.0,0.93,0.93,0.98,14.04,9.34,60.0,25.7,F,Small season sample; Lineup unconfirmed,Curveball,16.666666666666668,86.0,Sinker,4.457364341085271,23.0,,,
200,2026-08-21,824721,2026-08-21T23:10:00Z,Scheduled,Fenway Park,San Francisco Giants @ Boston Red Sox,Away,682674,Victor Bericoto,San Francisco Giants,Boston Red Sox,LF,R,No,,30,80,79,20,3,0,4,7,11,1,0,22,0.253,0.263,0.443,0.706,6,21,21,3,0,0.143,0.0,6,21,21,3,0,0.143,0.0,108,20,6.1,29.6,37.7,24.6,37.7,14.2,24.9,29.3,26.8,11.4,4.2,11.4,42.9,84.8,14.7,0.618,73.3,95.9,108.5,54.0,11.5,12.8,47.4,35.6,Below Average,2.5,Contact-First Profile,A,Excellent HR swing plane,35.6,Below Average,0.96,Good,5.0,33.3,99.2,0.619,Derived proxy,Derived proxy,Derived proxy,Derived proxy,,,6.25,2.25,Positive regression,Below Average Contact-First Profile profile. 6.1% barrel rate; 84.8 mph average exit velocity; 24.9% air-ball rate; 29.3% pull-air rate; 11.4% HR-launch rate.,0.05,0.0392,3.99,40,11,19.8,2.03,202.5,Very long drought,543243.0,Sonny Gray,R,RHB vs RHP,23,23,132.2,2.65,1.15,13,0.88,7.94,2.31,634.0,4.1,25.2,13.7,47.0,27.1,83.4,95.5,111.1,0.481,13.0,23.8,83.3,0.465,3.1,Sinker,R,RHB vs RHP,44.2,37,0.25,0.27,0.5,0.77,3,1,8,0.0811,7.7,0.696,188,0.0266,3.6,0.452,0,0,0,0/0,,,,,0,0,0,38.2,Slight Pitcher Advantage,Below average,50.0,5,Pitch-level Statcast · last 5 MLB games,440,Sweeper,24.09090909090909,106.0,Sinker,23.636363636363637,104.0,Curveball,17.045454545454547,75.0,4-Seam Fastball,15.909090909090908,70.0,Unknown,,Unknown,,No,102.0,1.02,1.0,53.6,0.948,0.966,40.8,Current-Season Handedness Matchup,Pull Air %,Barrel %,Max Exit Velocity,44.2,33.1,23.8,41.6,53.6,45.0,37.0,4.03,0.857,0.965,0.985,1.0,0.96,0.96,1.06,14.75,7.42,59.4,26.9,F,Lineup unconfirmed,Cutter,15.909090909090908,70.0,Changeup,3.409090909090909,15.0,,,
201,2026-08-21,823911,2026-08-22T02:10:00Z,Scheduled,UNIQLO Field at Dodger Stadium,Pittsburgh Pirates @ Los Angeles Dodgers,Away,694378,Jacob Gonzalez,Pittsburgh Pirates,Los Angeles Dodgers,SS,L,No,,59,175,161,37,7,0,6,19,28,9,3,31,0.23,0.282,0.385,0.667,10,28,26,5,1,0.192,0.0357,22,61,58,11,2,0.19,0.0328,284,110,3.2,18.0,55.1,19.0,25.5,12.5,23.5,51.2,30.8,5.8,2.2,5.8,62.3,80.6,23.8,0.486,68.8,92.0,109.2,13.0,8.6,3.7,52.0,27.8,Weak,2.0,Pull Power,A-,Elevated power plane,27.8,Weak,0.938,Good,2.7,48.0,90.5,0.451,Derived proxy,Derived proxy,Derived proxy,Derived proxy,,,10.29,4.29,Strong positive regression,Weak Pull Power profile. 3.2% barrel rate; 80.6 mph average exit velocity; 23.5% air-ball rate; 51.2% pull-air rate; 5.8% HR-launch rate.,0.0343,0.0334,3.99,11,5,26.8,0.41,41.0,Recently homered,808967.0,Yoshinobu Yamamoto,R,LHB vs RHP,22,22,145.1,2.6,0.89,15,0.93,8.42,2.11,711.0,3.8,23.3,12.9,44.9,28.3,81.9,94.4,114.2,0.467,15.0,29.2,99.7,0.496,4.3,4-Seam Fastball,L,LHB vs RHP,30.1,147,0.23,0.26,0.388,0.649,6,6,27,0.0408,3.2,0.535,289,0.0242,3.7,0.472,3,3,0,0/3,0.0,0.0,0.0,0.0,0,0,2,32.3,Slight Pitcher Advantage,Below average,42.5,5,Pitch-level Statcast · last 5 MLB games,502,4-Seam Fastball,26.49402390438247,133.0,Split-Finger,25.298804780876495,127.0,Cutter,21.314741035856574,107.0,Sinker,12.151394422310757,61.0,Unknown,,Unknown,,No,100.0,1.0,1.0,50.0,0.958,0.963,43.3,Current-Season Handedness Matchup,Pull Air %,Barrel %,Max Exit Velocity,30.1,29.6,29.2,32.9,50.0,45.0,37.0,4.03,1.012,0.973,1.025,1.0,0.938,0.938,1.0,12.66,7.23,69.4,21.5,F,Lineup unconfirmed,Curveball,10.159362549800797,51.0,Slider,4.581673306772909,23.0,,,
202,2026-08-21,823510,2026-08-21T23:05:00Z,Scheduled,Yankee Stadium,Toronto Blue Jays @ New York Yankees,Away,678218,Brandon Valenzuela,Toronto Blue Jays,New York Yankees,C,S,No,,75,231,205,47,8,0,8,25,21,23,1,62,0.229,0.309,0.385,0.694,9,21,18,3,0,0.167,0.0,15,36,33,7,0,0.212,0.0,318,51,3.8,20.6,50.8,25.1,24.1,8.0,20.3,52.5,27.4,4.6,2.7,4.6,43.3,80.6,17.2,0.535,70.6,92.8,110.2,17.4,9.7,5.7,50.7,30.0,Weak,2.0,Pull Power,A,Excellent HR swing plane,30.0,Weak,0.944,Good,3.9,57.1,92.9,0.502,Derived proxy,Derived proxy,Derived proxy,Derived proxy,,,12.3,4.3,Strong positive regression,Weak Pull Power profile. 3.8% barrel rate; 80.6 mph average exit velocity; 20.3% air-ball rate; 52.5% pull-air rate; 4.6% HR-launch rate.,0.0346,0.0337,4.05,39,17,25.6,1.52,152.2,Above normal drought,693645.0,Cam Schlittler,R,Switch vs RHP,26,26,152.0,2.19,0.94,14,0.83,11.19,2.01,828.0,4.0,21.0,12.2,31.7,31.6,82.4,93.0,115.9,0.516,14.0,23.9,99.8,0.489,1.5,4-Seam Fastball,L,LHB vs RHP,33.4,164,0.242,0.307,0.396,0.703,6,14,46,0.0366,3.8,0.57,373,0.0214,4.1,0.575,8,6,2,2/6,0.333,0.429,0.333,0.762,0,1,3,32.1,Slight Pitcher Advantage,Below average,43.4,5,Pitch-level Statcast · last 5 MLB games,468,4-Seam Fastball,42.52136752136752,199.0,Cutter,22.863247863247864,107.0,Sinker,19.871794871794872,93.0,Curveball,14.743589743589743,69.0,Unknown,,Unknown,,No,108.0,1.08,1.0,64.4,0.948,0.965,46.3,Current-Season Handedness Matchup,Pull Air %,Barrel %,Max Exit Velocity,33.4,20.8,23.9,44.0,64.4,45.0,36.8,4.03,0.758,0.957,1.035,1.0,0.944,0.944,1.035,12.97,6.5,71.4,24.6,F,Lineup unconfirmed,,,,,,,,,
203,2026-08-21,823746,2026-08-21T20:10:00Z,Scheduled,American Family Field,Atlanta Braves @ Milwaukee Brewers,Home,694192,Jackson Chourio,Milwaukee Brewers,Atlanta Braves,LF,R,No,,94,424,386,108,22,0,17,63,50,35,2,103,0.28,0.342,0.469,0.811,12,52,46,14,1,0.304,0.0192,26,115,104,30,4,0.288,0.0348,540,135,7.0,28.2,28.6,37.6,33.5,15.6,27.2,21.0,28.3,8.7,4.2,8.7,43.9,84.8,16.1,0.66,72.4,96.6,111.5,39.2,13.2,10.9,64.4,33.5,Weak,2.5,Contact-First Profile,A,Excellent HR swing plane,33.5,Weak,0.954,Good,7.4,15.0,96.9,0.68,Derived proxy,Derived proxy,Derived proxy,Derived proxy,,,31.63,14.63,Strong positive regression,Weak Contact-First Profile profile. 7.0% barrel rate; 84.8 mph average exit velocity; 27.2% air-ball rate; 21.0% pull-air rate; 8.7% HR-launch rate.,0.0401,0.0383,4.09,40,10,22.7,1.76,176.2,Above normal drought,519242.0,Chris Sale,L,RHB vs LHP,22,22,129.0,2.16,1.02,8,0.56,11.16,1.95,675.0,3.3,19.6,11.1,35.7,32.0,81.7,93.2,113.2,0.497,8.0,51.2,100.0,0.665,6.9,4-Seam Fastball,R,RHB vs LHP,37.5,116,0.301,0.379,0.505,0.884,5,13,29,0.0431,7.0,0.65,391,0.0179,3.1,0.503,12,12,5,5/12,0.417,0.417,0.5,0.917,0,0,3,44.8,Neutral Matchup,Average,50.0,5,Pitch-level Statcast · last 5 MLB games,492,4-Seam Fastball,44.91869918699187,221.0,Slider,39.43089430894309,194.0,Changeup,9.34959349593496,46.0,Sinker,6.300813008130081,31.0,Unknown,,Unknown,,No,100.0,1.0,1.0,50.0,1.002,0.958,38.4,Current-Season Handedness Matchup,Pull Air %,Barrel %,Max Exit Velocity,37.5,23.0,51.2,29.7,50.0,45.0,36.8,4.02,0.874,0.914,1.025,1.0,0.954,0.954,1.035,14.77,7.43,85.0,30.8,D,Lineup unconfirmed,,,,,,,,,
204,2026-08-21,823101,2026-08-22T02:10:00Z,Scheduled,T-Mobile Park,Chicago Cubs @ Seattle Mariners,Away,683737,Michael Busch,Chicago Cubs,Seattle Mariners,1B,L,No,,126,564,479,116,20,2,15,53,64,70,11,125,0.242,0.349,0.386,0.735,10,42,40,9,1,0.225,0.0238,25,112,106,25,2,0.236,0.0179,675,149,4.7,22.8,47.4,24.4,28.2,18.0,30.0,39.9,29.2,6.2,4.1,6.2,40.3,82.5,17.2,0.517,66.3,94.3,109.5,5.6,12.3,1.3,47.6,25.8,Weak,2.0,Contact-First Profile,A,Excellent HR swing plane,25.8,Weak,0.932,Good,4.0,40.4,94.4,0.468,Derived proxy,Derived proxy,Derived proxy,Derived proxy,,,29.38,14.38,Strong positive regression,Weak Contact-First Profile profile. 4.7% barrel rate; 82.5 mph average exit velocity; 30.0% air-ball rate; 39.9% pull-air rate; 6.2% HR-launch rate.,0.0266,0.0275,4.05,3,1,31.9,0.09,9.4,Very recent HR,676106.0,Emerson Hancock,R,LHB vs RHP,23,23,128.0,3.3,1.11,16,1.13,8.37,2.25,732.0,4.8,23.1,14.5,33.7,30.7,83.2,94.4,114.7,0.547,16.0,40.5,99.8,0.574,6.1,4-Seam Fastball,L,LHB vs RHP,34.3,400,0.241,0.35,0.376,0.726,10,51,91,0.025,4.6,0.535,295,0.0339,5.7,0.584,2,2,1,1/2,0.5,0.5,0.5,1.0,0,0,0,39.8,Slight Pitcher Advantage,Below average,50.9,5,Pitch-level Statcast · last 5 MLB games,474,4-Seam Fastball,41.561181434599156,197.0,Sinker,23.839662447257385,113.0,Sweeper,10.759493670886076,51.0,Cutter,10.126582278481013,48.0,Unknown,,Unknown,,No,92.0,0.92,1.0,35.6,0.981,0.973,41.3,Current-Season Handedness Matchup,Pull Air %,Barrel %,Max Exit Velocity,34.3,27.7,40.5,36.4,35.6,45.0,36.7,4.02,0.907,1.005,1.025,1.0,0.932,0.932,0.98,10.7,5.85,85.0,22.5,F,Lineup unconfirmed,Curveball,9.70464135021097,46.0,Changeup,4.008438818565401,19.0,,,
205,2026-08-21,823911,2026-08-22T02:10:00Z,Scheduled,UNIQLO Field at Dodger Stadium,Pittsburgh Pirates @ Los Angeles Dodgers,Home,606192,Teoscar Hernández,Los Angeles Dodgers,Pittsburgh Pirates,LF,R,No,,93,358,324,81,14,1,11,50,43,29,2,97,0.25,0.313,0.401,0.714,12,40,38,9,0,0.237,0.0,25,88,84,23,3,0.274,0.0341,434,116,5.0,24.6,36.2,27.3,36.2,15.9,25.4,32.6,29.3,5.1,2.4,5.1,52.1,83.4,20.6,0.589,70.9,95.3,111.5,20.6,9.3,3.2,51.8,26.8,Weak,2.0,Contact-First Profile,A-,Elevated power plane,26.8,Weak,0.935,Good,4.3,35.7,95.1,0.579,Derived proxy,Derived proxy,Derived proxy,Derived proxy,,,18.7,7.7,Strong positive regression,Weak Contact-First Profile profile. 5.0% barrel rate; 83.4 mph average exit velocity; 25.4% air-ball rate; 32.6% pull-air rate; 5.1% HR-launch rate.,0.0307,0.031,3.99,46,15,29.5,1.56,156.2,Above normal drought,696149.0,Bubba Chandler,R,RHB vs RHP,24,23,121.1,4.23,1.37,10,0.74,8.01,4.75,718.0,3.2,21.3,13.8,34.5,26.9,83.1,93.8,114.8,0.479,10.0,50.7,99.7,0.67,6.4,4-Seam Fastball,R,RHB vs RHP,25.6,255,0.244,0.298,0.389,0.687,7,18,74,0.0275,6.0,0.596,244,0.0082,1.6,0.398,2,2,1,1/2,0.5,0.5,0.5,1.0,0,0,1,39.5,Slight Pitcher Advantage,Below average,50.9,5,Pitch-level Statcast · last 5 MLB games,443,4-Seam Fastball,52.59593679458239,233.0,Slider,27.539503386004515,122.0,Changeup,11.512415349887133,51.0,Sinker,4.063205417607223,18.0,Unknown,,Unknown,,No,100.0,1.0,1.0,50.0,1.001,0.957,37.9,Current-Season Handedness Matchup,Pull Air %,Barrel %,Max Exit Velocity,25.6,22.3,50.7,34.0,50.0,45.0,36.7,4.02,0.875,0.942,0.985,1.0,0.935,0.935,1.035,11.82,6.26,84.0,26.5,F,Lineup unconfirmed,Curveball,4.063205417607223,18.0,Sweeper,0.22573363431151242,1.0,,,
206,2026-08-21,824152,2026-08-22T00:10:00Z,Scheduled,Daikin Park,Athletics @ Houston Astros,Home,572233,Christian Walker,Houston Astros,Athletics,1B,R,No,,123,504,452,104,24,1,23,61,71,42,9,120,0.23,0.308,0.44,0.748,10,35,32,3,1,0.094,0.0286,22,90,80,17,3,0.212,0.0333,652,118,6.0,27.1,40.2,30.0,29.8,13.9,24.5,35.6,29.6,6.6,3.4,6.6,53.3,84.0,20.9,0.547,72.2,96.3,111.7,41.5,10.7,10.2,46.5,34.1,Weak,2.5,Contact-First Profile,A-,Elevated power plane,34.1,Weak,0.955,Good,5.9,25.0,97.1,0.587,Derived proxy,Derived proxy,Derived proxy,Derived proxy,,,33.98,10.98,Strong positive regression,Weak Contact-First Profile profile. 6.0% barrel rate; 84.0 mph average exit velocity; 24.5% air-ball rate; 35.6% pull-air rate; 6.6% HR-launch rate.,0.0456,0.043,3.99,15,4,19.7,0.76,76.3,Recently homered,669372.0,J.T. Ginn,R,RHB vs RHP,25,22,127.1,3.53,1.22,14,0.99,8.06,3.75,617.0,3.6,23.5,13.9,41.3,25.3,81.6,94.7,112.1,0.479,14.0,32.5,99.8,0.508,5.3,Sinker,R,RHB vs RHP,32.6,395,0.232,0.296,0.434,0.73,18,27,99,0.0456,6.0,0.532,213,0.0235,3.1,0.439,7,6,2,2/6,0.333,0.429,0.833,1.262,1,1,2,39.5,Slight Pitcher Advantage,Below average,67.5,5,Pitch-level Statcast · last 5 MLB games,448,Sinker,37.94642857142857,170.0,Changeup,24.553571428571427,110.0,Slider,15.625,70.0,4-Seam Fastball,11.830357142857142,53.0,Unknown,,Unknown,,No,100.0,1.0,1.0,50.0,0.965,0.961,42.6,Current-Season Handedness Matchup,Pull Air %,Barrel %,Max Exit Velocity,32.6,27.9,32.5,31.6,50.0,45.0,36.7,4.02,0.886,0.982,0.985,1.0,0.955,0.955,1.0,16.09,7.79,84.2,25.8,F,Lineup unconfirmed,Cutter,10.044642857142858,45.0,,,,,,
207,2026-08-21,824152,2026-08-22T00:10:00Z,Scheduled,Daikin Park,Athletics @ Houston Astros,Away,703607,Henry Bolte,Athletics,Houston Astros,CF,R,No,,85,318,283,76,10,0,6,33,26,20,11,86,0.269,0.339,0.367,0.706,12,53,51,17,2,0.333,0.0377,26,100,92,28,3,0.304,0.03,343,111,4.2,29.5,29.2,41.5,28.9,9.6,20.1,26.3,27.8,3.7,2.3,3.7,48.9,84.6,6.1,0.527,74.6,98.3,113.5,67.1,7.3,15.2,43.4,30.7,Weak,2.0,Contact-First Profile,C,Low line-drive plane,30.7,Weak,0.946,Good,4.5,26.1,99.0,0.541,Derived proxy,Derived proxy,Derived proxy,Derived proxy,,,12.55,6.55,Strong positive regression,Weak Contact-First Profile profile. 4.2% barrel rate; 84.6 mph average exit velocity; 20.1% air-ball rate; 26.3% pull-air rate; 3.7% HR-launch rate.,0.0189,0.0225,4.05,22,5,47.2,0.47,46.6,Recently homered,669713.0,Hayden Wesneski,R,RHB vs RHP,4,4,22.2,5.16,1.32,2,0.79,7.15,2.78,109.0,5.5,32.1,17.4,41.0,29.4,85.4,97.9,109.2,0.518,2.0,33.0,100.0,0.542,3.9,Sweeper,R,RHB vs RHP,19.6,192,0.262,0.34,0.315,0.656,1,14,43,0.0052,1.9,0.435,47,0.0,0.0,0.444,0,0,0,0/0,,,,,0,0,0,30.4,Slight Pitcher Advantage,Below average,50.0,4,Pitch-level Statcast · last 5 MLB games,321,Sweeper,29.28348909657321,94.0,4-Seam Fastball,24.922118380062305,80.0,Sinker,19.626168224299064,63.0,Cutter,16.1993769470405,52.0,Unknown,,Unknown,,No,100.0,1.0,1.0,50.0,0.966,0.98,34.3,Current-Season Handedness Matchup,Pull Air %,Barrel %,Max Exit Velocity,19.6,38.5,33.0,33.3,50.0,45.0,36.6,4.01,1.21,0.984,0.985,1.0,0.946,0.946,1.0,8.79,6.36,82.7,22.6,F,Lineup unconfirmed,Changeup,9.345794392523365,30.0,Curveball,0.6230529595015576,2.0,,,
208,2026-08-21,825045,2026-08-22T01:40:00Z,Scheduled,Chase Field,Cincinnati Reds @ Arizona Diamondbacks,Home,814439,Ryan Waldschmidt,Arizona Diamondbacks,Cincinnati Reds,CF,R,No,,61,222,197,55,14,1,2,26,17,16,4,63,0.279,0.342,0.391,0.733,10,40,29,6,0,0.207,0.0,22,78,66,21,1,0.318,0.0128,241,95,3.2,20.2,36.1,34.6,29.3,16.3,35.5,36.8,37.1,3.7,2.5,3.7,31.9,81.0,16.4,0.534,69.4,93.4,107.8,19.2,11.3,2.8,38.7,22.9,Weak,2.0,Contact-First Profile,A,Excellent HR swing plane,22.9,Weak,0.924,Good,2.1,31.2,93.7,0.493,Derived proxy,Derived proxy,Derived proxy,Derived proxy,,,7.32,5.32,Strong positive regression,Weak Contact-First Profile profile. 3.2% barrel rate; 81.0 mph average exit velocity; 35.5% air-ball rate; 36.8% pull-air rate; 3.7% HR-launch rate.,0.009,0.0171,3.99,29,10,98.5,0.29,29.4,Very recent HR,666157.0,Nick Lodolo,L,RHB vs LHP,14,14,71.2,4.52,1.42,12,1.51,7.16,3.64,405.0,6.4,24.9,13.3,35.4,32.6,83.4,95.9,115.9,0.595,12.0,27.9,100.0,0.521,2.4,Sinker,R,RHB vs LHP,36.6,63,0.327,0.403,0.436,0.84,0,7,12,0.0,2.7,0.443,239,0.046,8.0,0.621,2,2,0,0/2,0.0,0.0,0.0,0.0,0,0,1,35.2,Slight Pitcher Advantage,Below average,45.0,5,Pitch-level Statcast · last 5 MLB games,414,4-Seam Fastball,28.502415458937197,118.0,Sinker,26.08695652173913,108.0,Changeup,23.67149758454106,98.0,Curveball,21.73913043478261,90.0,Unknown,,Unknown,,No,100.0,1.0,1.0,50.0,0.956,0.989,38.6,Current-Season Handedness Matchup,Pull Air %,Barrel %,Max Exit Velocity,36.6,38.6,27.9,22.1,50.0,45.0,36.5,4.01,0.812,1.066,1.025,1.0,0.924,0.924,0.98,6.64,4.49,74.1,18.8,F,Lineup unconfirmed,,,,,,,,,
209,2026-08-21,823746,2026-08-21T20:10:00Z,Scheduled,American Family Field,Atlanta Braves @ Milwaukee Brewers,Away,660670,Ronald Acuña Jr.,Atlanta Braves,Milwaukee Brewers,RF,R,No,,76,334,287,68,12,1,13,43,35,40,5,78,0.237,0.338,0.422,0.76,12,50,48,9,2,0.188,0.04,23,98,92,19,6,0.207,0.0612,415,131,6.9,26.6,37.8,30.5,31.7,13.5,26.3,35.1,32.1,8.8,5.0,8.8,52.5,83.1,19.6,0.671,73.4,95.3,112.8,54.3,12.6,13.2,51.3,40.2,Below Average,2.5,Contact-First Profile,A,Excellent HR swing plane,40.2,Below Average,0.973,Good,6.9,31.4,95.4,0.674,Derived proxy,Derived proxy,Derived proxy,Derived proxy,,,24.69,11.69,Strong positive regression,Below Average Contact-First Profile profile. 6.9% barrel rate; 83.1 mph average exit velocity; 26.3% air-ball rate; 35.1% pull-air rate; 8.8% HR-launch rate.,0.0389,0.0371,4.05,21,5,22.1,0.95,95.1,Near normal interval,694819.0,Jacob Misiorowski,R,RHB vs RHP,23,23,139.0,1.75,0.75,13,0.84,13.6,2.01,612.0,1.8,17.8,11.3,27.6,31.5,81.5,91.9,114.8,0.432,13.0,41.2,99.9,0.602,5.0,4-Seam Fastball,R,RHB vs RHP,39.7,222,0.25,0.342,0.432,0.775,9,24,49,0.0405,8.0,0.669,233,0.03,2.2,0.464,0,0,0,0/0,,,,,0,0,0,42.3,Slight Pitcher Advantage,Below average,50.0,5,Pitch-level Statcast · last 5 MLB games,423,4-Seam Fastball,66.903073286052,283.0,Cutter,11.583924349881796,49.0,Slider,11.583924349881796,49.0,Curveball,9.929078014184396,42.0,Unknown,,Unknown,,No,100.0,1.0,1.0,50.0,0.982,0.943,47.1,Current-Season Handedness Matchup,Pull Air %,Barrel %,Max Exit Velocity,39.7,14.0,41.2,36.3,50.0,45.0,36.5,4.01,1.134,0.958,0.985,1.0,0.973,0.973,1.0,14.19,8.38,83.7,27.7,F,Lineup unconfirmed,,,,,,,,,
210,2026-08-21,822857,2026-08-22T00:15:00Z,Scheduled,Globe Life Field,Los Angeles Angels @ Texas Rangers,Home,643376,Danny Jansen,Texas Rangers,Los Angeles Angels,C,R,No,,43,150,130,21,6,1,3,11,12,13,5,44,0.162,0.264,0.292,0.556,2,8,7,0,0,0.0,0.0,2,8,7,0,0,0.0,0.0,184,5,4.1,22.9,60.9,24.0,15.1,12.2,20.6,70.4,28.2,4.1,3.1,4.1,37.5,82.5,26.3,0.386,67.2,93.0,108.6,6.2,8.7,2.9,54.9,25.9,Weak,2.0,Pull Power,A-,Elevated power plane,25.9,Weak,0.933,Good,0.0,100.0,73.8,0.182,Derived proxy,Derived proxy,Derived proxy,Derived proxy,,,8.18,5.18,Strong positive regression,Weak Pull Power profile. 4.1% barrel rate; 82.5 mph average exit velocity; 20.6% air-ball rate; 70.4% pull-air rate; 4.1% HR-launch rate.,0.02,0.0253,3.81,28,10,43.3,0.65,64.6,Recently homered,672282.0,Reid Detmers,L,RHB vs LHP,25,25,143.0,3.78,1.06,17,1.07,10.51,2.71,742.0,4.6,22.2,15.2,38.7,28.8,83.3,94.8,112.6,0.535,17.0,17.7,99.9,0.38,4.4,4-Seam Fastball,R,RHB vs LHP,38.8,36,0.188,0.278,0.344,0.622,1,3,12,0.0278,6.8,0.428,429,0.0303,4.5,0.543,4,3,0,0/3,0.0,0.25,0.0,0.25,0,1,3,31.6,Slight Pitcher Advantage,Below average,40.0,5,Pitch-level Statcast · last 5 MLB games,430,4-Seam Fastball,50.0,215.0,Slider,29.53488372093023,127.0,Curveball,13.255813953488373,57.0,Changeup,7.209302325581396,31.0,Unknown,,Unknown,,No,104.0,1.04,1.0,57.2,0.935,0.971,45.5,Current-Season Handedness Matchup,Pull Air %,Barrel %,Max Exit Velocity,38.8,30.4,17.7,30.0,57.2,45.0,36.4,4.0,1.0,0.995,1.025,0.94,0.933,0.877,1.0,9.31,5.76,63.4,18.1,F,Lineup unconfirmed; Limited recent games,,,,,,,,,
211,2026-08-21,824152,2026-08-22T00:10:00Z,Scheduled,Daikin Park,Athletics @ Houston Astros,Home,665161,Jeremy Peña,Houston Astros,Athletics,SS,R,No,,79,340,311,88,14,1,14,59,40,21,6,69,0.283,0.338,0.469,0.807,10,40,40,5,1,0.125,0.025,23,105,99,24,5,0.242,0.0476,439,123,3.4,25.7,45.3,24.8,30.0,12.3,25.6,43.9,25.1,5.3,2.8,5.3,104.4,83.3,11.4,0.53,70.7,95.1,111.4,12.4,10.8,2.9,55.9,27.8,Weak,2.0,Pull Power,A,Excellent HR swing plane,27.8,Weak,0.938,Good,3.3,41.4,95.2,0.515,Derived proxy,Derived proxy,Derived proxy,Derived proxy,,,15.86,1.86,Near expected,Weak Pull Power profile. 3.4% barrel rate; 83.3 mph average exit velocity; 25.6% air-ball rate; 43.9% pull-air rate; 5.3% HR-launch rate.,0.0412,0.0388,4.09,5,2,22.2,0.23,22.5,Very recent HR,669372.0,J.T. Ginn,R,RHB vs RHP,25,22,127.1,3.53,1.22,14,0.99,8.06,3.75,617.0,3.6,23.5,13.9,41.3,25.3,81.6,94.7,112.1,0.479,14.0,28.3,99.8,0.514,3.0,Sinker,R,RHB vs RHP,30.7,268,0.296,0.343,0.502,0.845,13,15,52,0.0485,3.4,0.534,213,0.0235,3.1,0.439,2,2,1,1/2,0.5,0.5,0.5,1.0,0,0,1,33.9,Slight Pitcher Advantage,Below average,50.9,5,Pitch-level Statcast · last 5 MLB games,448,Sinker,37.94642857142857,170.0,Changeup,24.553571428571427,110.0,Slider,15.625,70.0,4-Seam Fastball,11.830357142857142,53.0,Unknown,,Unknown,,No,100.0,1.0,1.0,50.0,0.957,0.961,42.5,Current-Season Handedness Matchup,Pull Air %,Barrel %,Max Exit Velocity,30.7,27.9,28.3,37.2,50.0,45.0,36.4,4.0,0.963,0.982,0.985,1.0,0.938,0.938,0.98,14.94,7.56,84.3,26.3,F,Lineup unconfirmed,Cutter,10.044642857142858,45.0,,,,,,
212,2026-08-21,824559,2026-08-21T23:40:00Z,Scheduled,Rate Field,New York Mets @ Chicago White Sox,Away,666624,Christopher Morel,New York Mets,Chicago White Sox,1B,R,No,,23,77,71,12,3,0,0,3,1,5,1,28,0.169,0.234,0.211,0.445,1,4,3,1,0,0.333,0.0,1,4,3,1,0,0.333,0.0,83,3,1.2,21.7,58.1,20.9,20.9,14.5,26.5,68.2,28.9,2.4,2.4,2.4,0.0,81.1,25.9,0.389,72.8,93.5,109.4,52.6,7.2,10.2,73.7,30.3,Weak,2.0,Pull Power,A-,Elevated power plane,30.3,Weak,0.945,Good,0.0,50.0,97.2,0.144,Derived proxy,Derived proxy,Derived proxy,Derived proxy,,,2.04,2.04,Positive regression,Weak Pull Power profile. 1.2% barrel rate; 81.1 mph average exit velocity; 26.5% air-ball rate; 68.2% pull-air rate; 2.4% HR-launch rate.,0.0,0.0195,3.87,71,23,,,,No season HR,680732.0,Sean Burke,R,RHB vs RHP,25,21,140.0,3.15,1.11,16,1.03,9.9,2.7,757.0,4.6,22.5,14.9,49.3,34.3,83.2,94.3,113.4,0.528,16.0,13.1,79.5,0.381,0.5,4-Seam Fastball,R,RHB vs RHP,25.9,48,0.14,0.229,0.186,0.415,0,4,17,0.0,0.0,0.354,234,0.0214,3.9,0.487,2,2,0,0/2,0.0,0.0,0.0,0.0,0,0,2,25.3,Strong Pitcher Advantage,Below average,45.0,5,Pitch-level Statcast · last 5 MLB games,450,4-Seam Fastball,37.111111111111114,167.0,Slider,22.666666666666668,102.0,Knuckle Curve,17.77777777777778,80.0,Sinker,10.88888888888889,49.0,Unknown,,Unknown,,No,100.0,1.0,1.0,50.0,0.926,0.971,41.0,Current-Season Handedness Matchup,Pull Air %,Barrel %,Max Exit Velocity,25.9,36.8,13.1,46.5,50.0,45.0,36.4,4.0,1.0,0.989,0.985,0.94,0.945,0.888,1.0,7.34,4.78,57.8,15.7,F,Small season sample; Lineup unconfirmed; Limited recent games,Cutter,10.444444444444445,47.0,Changeup,1.1111111111111112,5.0,,,
213,2026-08-21,822857,2026-08-22T00:15:00Z,Scheduled,Globe Life Field,Los Angeles Angels @ Texas Rangers,Away,687093,Vaughn Grissom,Los Angeles Angels,Texas Rangers,2B,R,No,,85,329,297,74,17,0,7,33,50,22,5,61,0.249,0.308,0.377,0.685,10,41,40,9,0,0.225,0.0,23,95,90,22,2,0.244,0.0211,440,112,3.2,21.2,44.5,30.1,25.4,13.7,24.6,42.2,29.0,3.0,1.8,3.0,53.7,81.5,18.1,0.45,69.0,93.1,110.0,14.5,8.8,4.8,45.1,23.0,Weak,2.0,Pull Power,A,Excellent HR swing plane,23.0,Weak,0.924,Good,2.7,43.5,90.7,0.398,Derived proxy,Derived proxy,Derived proxy,Derived proxy,,,13.57,6.57,Strong positive regression,Weak Pull Power profile. 3.2% barrel rate; 81.5 mph average exit velocity; 24.6% air-ball rate; 42.2% pull-air rate; 3.0% HR-launch rate.,0.0213,0.0241,4.05,73,19,42.4,1.72,172.1,Above normal drought,669022.0,MacKenzie Gore,L,RHB vs LHP,26,26,139.2,4.45,1.26,18,1.16,9.92,3.29,807.0,5.2,23.3,12.5,42.1,28.9,81.7,94.2,115.7,0.53,18.0,31.6,100.0,0.526,4.0,4-Seam Fastball,R,RHB vs LHP,21.9,120,0.272,0.353,0.33,0.683,0,12,18,0.0,2.4,0.43,445,0.036,5.1,0.534,12,12,5,5/12,0.417,0.417,0.417,0.834,0,0,3,29.8,Strong Pitcher Advantage,Below average,44.7,5,Pitch-level Statcast · last 5 MLB games,492,4-Seam Fastball,51.6260162601626,254.0,Changeup,17.073170731707318,84.0,Slider,12.195121951219512,60.0,Curveball,10.16260162601626,50.0,Unknown,,Unknown,,No,104.0,1.04,1.0,57.2,0.963,0.977,36.6,Current-Season Handedness Matchup,Pull Air %,Barrel %,Max Exit Velocity,21.9,34.3,31.6,29.0,57.2,45.0,36.3,4.0,0.834,1.01,1.025,1.0,0.924,0.924,1.035,9.42,5.65,83.1,25.6,F,Lineup unconfirmed,Sinker,7.723577235772358,38.0,Cutter,1.2195121951219512,6.0,,,
214,2026-08-21,824721,2026-08-21T23:10:00Z,Scheduled,Fenway Park,San Francisco Giants @ Boston Red Sox,Away,683766,Christian Koss,San Francisco Giants,Boston Red Sox,3B,R,No,,36,94,89,17,4,0,0,5,2,4,1,24,0.191,0.234,0.236,0.47,11,40,38,9,0,0.237,0.0,22,71,68,14,0,0.206,0.0,107,78,4.2,19.8,42.7,29.6,24.0,13.2,26.0,43.0,29.4,4.2,4.2,4.2,0.0,80.1,17.0,0.435,66.7,92.2,108.7,4.1,10.1,0.7,56.7,23.5,Weak,2.0,Pull Power,A,Excellent HR swing plane,23.5,Weak,0.926,Good,5.1,50.0,92.8,0.484,Derived proxy,Derived proxy,Derived proxy,Derived proxy,,,4.12,4.12,Strong positive regression,Weak Pull Power profile. 4.2% barrel rate; 80.1 mph average exit velocity; 26.0% air-ball rate; 43.0% pull-air rate; 4.2% HR-launch rate.,0.0,0.0179,3.87,89,35,,,,No season HR,543243.0,Sonny Gray,R,RHB vs RHP,23,23,132.2,2.65,1.15,13,0.88,7.94,2.31,634.0,4.1,25.2,13.7,47.0,27.1,83.4,95.5,111.1,0.481,13.0,25.7,83.3,0.445,5.1,Sinker,R,RHB vs RHP,24.6,64,0.197,0.234,0.246,0.48,0,2,17,0.0,4.2,0.436,188,0.0266,3.6,0.452,3,2,0,0/2,0.0,0.333,0.0,0.333,0,1,0,28.5,Strong Pitcher Advantage,Below average,42.5,5,Pitch-level Statcast · last 5 MLB games,440,Sweeper,24.09090909090909,106.0,Sinker,23.636363636363637,104.0,Curveball,17.045454545454547,75.0,4-Seam Fastball,15.909090909090908,70.0,Unknown,,Unknown,,No,102.0,1.02,1.0,53.6,0.951,0.966,37.3,Current-Season Handedness Matchup,Pull Air %,Barrel %,Max Exit Velocity,24.6,33.1,25.7,44.6,53.6,45.0,36.2,3.99,0.758,0.965,0.985,0.94,0.926,0.87,1.0,6.77,4.0,64.4,15.4,F,Lineup unconfirmed,Cutter,15.909090909090908,70.0,Changeup,3.409090909090909,15.0,,,
215,2026-08-21,822857,2026-08-22T00:15:00Z,Scheduled,Globe Life Field,Los Angeles Angels @ Texas Rangers,Home,694497,Evan Carter,Texas Rangers,Los Angeles Angels,CF,L,No,,109,364,310,60,11,2,8,41,31,42,4,88,0.194,0.297,0.319,0.616,12,36,36,6,0,0.167,0.0,26,85,75,15,0,0.2,0.0,398,78,3.3,22.3,46.2,30.9,22.9,17.1,31.3,45.8,28.6,6.3,4.4,6.3,34.7,80.4,17.7,0.445,67.4,93.8,108.1,19.0,10.4,4.6,41.2,26.4,Weak,2.0,Pull Power,A,Excellent HR swing plane,26.4,Weak,0.934,Good,2.6,50.0,94.3,0.431,Derived proxy,Derived proxy,Derived proxy,Derived proxy,,,14.4,6.4,Strong positive regression,Weak Pull Power profile. 3.3% barrel rate; 80.4 mph average exit velocity; 31.3% air-ball rate; 45.8% pull-air rate; 6.3% HR-launch rate.,0.022,0.0245,3.87,82,29,38.8,2.12,211.6,Very long drought,672282.0,Reid Detmers,L,LHB vs LHP,25,25,143.0,3.78,1.06,17,1.07,10.51,2.71,742.0,4.6,22.2,15.2,38.7,28.8,83.3,94.8,112.6,0.535,17.0,27.9,99.9,0.491,3.9,4-Seam Fastball,L,LHB vs LHP,22.7,61,0.115,0.193,0.115,0.308,0,5,21,0.0,0.0,0.254,150,0.0267,4.9,0.513,0,0,0,0/0,,,,,0,0,0,30.0,Strong Pitcher Advantage,Below average,50.0,5,Pitch-level Statcast · last 5 MLB games,430,4-Seam Fastball,50.0,215.0,Slider,29.53488372093023,127.0,Curveball,13.255813953488373,57.0,Changeup,7.209302325581396,31.0,Unknown,,Unknown,,No,104.0,1.04,1.0,57.2,0.956,0.971,37.8,Current-Season Handedness Matchup,Pull Air %,Barrel %,Max Exit Velocity,22.7,30.4,27.9,41.9,57.2,45.0,36.2,3.99,0.758,0.995,0.985,0.94,0.934,0.878,1.06,9.14,4.97,83.8,25.9,F,Lineup unconfirmed,,,,,,,,,
216,2026-08-21,823420,2026-08-21T22:40:00Z,Scheduled,Citizens Bank Park,St. Louis Cardinals @ Philadelphia Phillies,Away,691458,Blaze Jordan,St. Louis Cardinals,Philadelphia Phillies,3B,R,No,,52,181,169,41,7,4,2,14,25,7,1,27,0.243,0.271,0.367,0.638,10,36,34,7,1,0.206,0.0278,24,83,78,18,1,0.231,0.012,254,123,5.1,25.9,39.3,29.6,30.1,10.0,23.2,44.5,31.8,6.1,3.2,6.1,15.8,81.3,15.7,0.497,71.5,94.2,109.2,23.7,11.1,5.2,37.3,29.6,Weak,2.0,Pull Power,A,Excellent HR swing plane,29.6,Weak,0.943,Good,5.7,45.8,92.2,0.515,Derived proxy,Derived proxy,Derived proxy,Derived proxy,,,11.6,9.6,Strong positive regression,Weak Pull Power profile. 5.1% barrel rate; 81.3 mph average exit velocity; 23.2% air-ball rate; 44.5% pull-air rate; 6.1% HR-launch rate.,0.011,0.0194,3.87,23,6,84.5,0.27,27.2,Very recent HR,666200.0,Jesús Luzardo,L,RHB vs LHP,25,25,150.1,3.23,1.15,12,0.72,11.08,2.75,698.0,3.6,20.5,11.5,37.3,28.4,81.7,93.4,110.9,0.454,12.0,25.5,100.0,0.447,4.9,Sweeper,R,RHB vs LHP,30.7,65,0.267,0.323,0.5,0.823,1,4,7,0.0154,5.3,0.524,469,0.0235,4.3,0.504,0,0,0,0/0,,,,,0,0,0,32.7,Slight Pitcher Advantage,Below average,50.0,5,Pitch-level Statcast · last 5 MLB games,512,Sweeper,41.015625,210.0,4-Seam Fastball,25.9765625,133.0,Sinker,18.75,96.0,Changeup,14.2578125,73.0,Unknown,,Unknown,,No,108.0,1.08,1.0,64.4,0.951,0.961,42.9,Current-Season Handedness Matchup,Pull Air %,Barrel %,Max Exit Velocity,30.7,22.9,25.5,40.8,64.4,45.0,36.1,3.99,1.027,0.939,1.025,0.975,0.943,0.919,0.98,7.3,5.09,71.6,18.2,F,Lineup unconfirmed,,,,,,,,,
217,2026-08-21,823911,2026-08-22T02:10:00Z,Scheduled,UNIQLO Field at Dodger Stadium,Pittsburgh Pirates @ Los Angeles Dodgers,Away,694377,Nick Yorke,Pittsburgh Pirates,Los Angeles Dodgers,3B,R,No,,30,96,86,19,4,0,1,7,12,7,2,20,0.221,0.292,0.302,0.594,3,10,10,4,0,0.4,0.0,3,10,10,4,0,0.4,0.0,129,12,3.9,27.4,38.6,25.0,36.4,12.5,24.8,33.9,30.8,3.3,1.3,3.3,21.2,83.4,13.5,0.495,71.7,95.9,113.1,21.9,11.1,7.9,34.9,25.6,Weak,2.0,Contact-First Profile,A,Excellent HR swing plane,25.6,Weak,0.932,Good,8.3,75.0,98.0,0.587,Derived proxy,Derived proxy,Derived proxy,Derived proxy,,,4.51,3.51,Positive regression,Weak Contact-First Profile profile. 3.9% barrel rate; 83.4 mph average exit velocity; 24.8% air-ball rate; 33.9% pull-air rate; 3.3% HR-launch rate.,0.0104,0.0224,3.93,29,13,86.0,0.34,33.7,Very recent HR,808967.0,Yoshinobu Yamamoto,R,RHB vs RHP,22,22,145.1,2.6,0.89,15,0.93,8.42,2.11,711.0,3.8,23.3,12.9,44.9,28.3,81.9,94.4,114.2,0.467,15.0,19.6,99.7,0.438,2.4,4-Seam Fastball,R,RHB vs RHP,27.8,52,0.213,0.288,0.277,0.565,0,3,8,0.0,2.8,0.432,267,0.03,3.9,0.462,0,0,0,0/0,,,,,0,0,0,29.4,Strong Pitcher Advantage,Below average,50.0,5,Pitch-level Statcast · last 5 MLB games,502,4-Seam Fastball,26.49402390438247,133.0,Split-Finger,25.298804780876495,127.0,Cutter,21.314741035856574,107.0,Sinker,12.151394422310757,61.0,Unknown,,Unknown,,No,100.0,1.0,1.0,50.0,0.939,0.963,38.8,Current-Season Handedness Matchup,Pull Air %,Barrel %,Max Exit Velocity,27.8,29.6,19.6,64.2,50.0,45.0,36.1,3.99,1.0,0.973,0.985,0.94,0.932,0.876,0.98,8.52,5.07,59.7,16.5,F,Lineup unconfirmed; Limited recent games,Curveball,10.159362549800797,51.0,Slider,4.581673306772909,23.0,,,
218,2026-08-21,823262,2026-08-22T01:40:00Z,Scheduled,Petco Park,Minnesota Twins @ San Diego Padres,Home,593428,Xander Bogaerts,San Diego Padres,Minnesota Twins,SS,R,No,,121,481,413,91,12,0,11,49,46,59,4,85,0.22,0.32,0.329,0.649,10,38,30,5,2,0.167,0.0526,24,92,75,16,2,0.213,0.0217,555,105,4.0,29.3,42.9,28.0,28.9,14.1,26.2,47.8,22.3,4.4,3.5,4.4,48.6,84.6,8.0,0.476,70.6,96.7,110.8,30.0,9.8,7.7,49.0,31.6,Weak,2.5,Pull Power,C,Low line-drive plane,31.6,Weak,0.948,Good,3.8,46.4,97.7,0.476,Derived proxy,Derived proxy,Derived proxy,Derived proxy,,,22.81,11.81,Strong positive regression,Weak Pull Power profile. 4.0% barrel rate; 84.6 mph average exit velocity; 26.2% air-ball rate; 47.8% pull-air rate; 4.4% HR-launch rate.,0.0229,0.0247,3.87,14,5,37.5,0.37,37.3,Recently homered,687570.0,Connor Prielipp,L,RHB vs LHP,17,17,87.2,5.34,1.38,12,1.23,9.65,3.7,498.0,4.6,24.1,13.3,40.8,31.1,83.2,95.0,113.1,0.557,12.0,19.7,99.9,0.436,2.5,Slider,R,RHB vs LHP,21.2,122,0.224,0.32,0.299,0.619,1,15,14,0.0082,2.0,0.43,271,0.0332,4.3,0.544,0,0,0,0/0,,,,,0,0,0,26.4,Strong Pitcher Advantage,Below average,50.0,5,Pitch-level Statcast · last 5 MLB games,433,Slider,31.17782909930716,135.0,4-Seam Fastball,25.86605080831409,112.0,Sinker,21.939953810623557,95.0,Curveball,15.242494226327944,66.0,Unknown,,Unknown,,No,94.0,0.94,1.0,39.2,0.939,0.971,42.0,Current-Season Handedness Matchup,Pull Air %,Barrel %,Max Exit Velocity,21.2,32.9,19.7,48.2,39.2,45.0,36.1,3.98,1.227,1.021,1.025,0.94,0.948,0.892,1.0,9.22,6.27,84.4,21.8,F,Lineup unconfirmed,Changeup,5.773672055427252,25.0,,,,,,
219,2026-08-21,824072,2026-08-22T00:10:00Z,Scheduled,Kauffman Stadium,Detroit Tigers @ Kansas City Royals,Away,595879,Javier Báez,Detroit Tigers,Kansas City Royals,SS,R,No,,39,144,137,35,7,0,2,19,14,4,2,26,0.255,0.285,0.35,0.635,8,30,28,5,0,0.179,0.0,15,62,59,15,0,0.254,0.0,183,70,0.7,24.6,43.6,34.9,20.9,12.0,24.0,44.9,24.6,3.1,0.7,3.1,100.0,80.6,10.4,0.367,72.5,93.5,107.8,33.7,7.5,10.7,53.2,25.7,Weak,2.0,Pull Power,A,Excellent HR swing plane,25.7,Weak,0.932,Good,0.0,50.0,95.0,0.317,Derived proxy,Derived proxy,Derived proxy,Derived proxy,,,3.17,1.17,Near expected,Weak Pull Power profile. 0.7% barrel rate; 80.6 mph average exit velocity; 24.0% air-ball rate; 44.9% pull-air rate; 3.1% HR-launch rate.,0.0139,0.0221,3.87,65,18,68.5,0.95,94.9,Near normal interval,702070.0,Noah Cameron,L,RHB vs LHP,24,23,138.1,4.16,1.22,14,0.91,8.2,2.8,740.0,5.1,25.7,14.5,46.3,31.2,82.6,95.5,115.9,0.542,14.0,17.6,99.9,0.426,1.3,4-Seam Fastball,R,RHB vs LHP,34.7,37,0.278,0.297,0.417,0.714,1,1,5,0.027,2.1,0.444,436,0.0229,4.3,0.525,0,0,0,0/0,,,,,0,0,0,31.8,Slight Pitcher Advantage,Below average,50.0,5,Pitch-level Statcast · last 5 MLB games,516,Changeup,21.705426356589147,112.0,Cutter,20.930232558139537,108.0,Slider,18.6046511627907,96.0,4-Seam Fastball,17.635658914728683,91.0,Unknown,,Unknown,,No,100.0,1.0,1.0,50.0,0.935,0.976,37.8,Current-Season Handedness Matchup,Pull Air %,Barrel %,Max Exit Velocity,34.7,38.7,17.6,42.2,50.0,45.0,36.1,3.98,0.758,0.97,1.025,0.975,0.932,0.909,1.0,8.29,4.55,67.2,17.6,F,Lineup unconfirmed,Curveball,16.666666666666668,86.0,Sinker,4.457364341085271,23.0,,,
220,2026-08-21,822857,2026-08-22T00:15:00Z,Scheduled,Globe Life Field,Los Angeles Angels @ Texas Rangers,Away,672724,Oswald Peraza,Los Angeles Angels,Texas Rangers,2B,R,No,,106,321,298,68,12,2,7,29,24,13,8,95,0.228,0.278,0.352,0.63,9,18,15,2,0,0.133,0.0,17,31,27,3,0,0.111,0.0,433,53,3.1,21.5,31.3,33.7,34.3,9.4,17.6,34.4,26.6,4.0,1.8,4.0,28.4,80.3,12.0,0.42,69.9,93.0,110.2,26.1,9.1,4.9,40.9,20.1,Weak,2.0,Contact-First Profile,A,Excellent HR swing plane,20.1,Weak,0.916,Good,1.9,16.7,92.7,0.273,Derived proxy,Derived proxy,Derived proxy,Derived proxy,,,12.82,5.82,Strong positive regression,Weak Contact-First Profile profile. 3.1% barrel rate; 80.3 mph average exit velocity; 17.6% air-ball rate; 34.4% pull-air rate; 4.0% HR-launch rate.,0.0218,0.0246,3.87,143,53,42.6,3.36,335.9,Very long drought,669022.0,MacKenzie Gore,L,RHB vs LHP,26,26,139.2,4.45,1.26,18,1.16,9.92,3.29,807.0,5.2,23.3,12.5,42.1,28.9,81.7,94.2,115.7,0.53,18.0,35.0,100.0,0.562,3.9,4-Seam Fastball,R,RHB vs LHP,44.8,114,0.245,0.292,0.453,0.745,5,5,32,0.0439,7.5,0.653,445,0.036,5.1,0.534,2,1,0,0/1,0.0,0.5,0.0,0.5,0,1,1,41.5,Slight Pitcher Advantage,Below average,45.5,5,Pitch-level Statcast · last 5 MLB games,492,4-Seam Fastball,51.6260162601626,254.0,Changeup,17.073170731707318,84.0,Slider,12.195121951219512,60.0,Curveball,10.16260162601626,50.0,Unknown,,Unknown,,No,104.0,1.04,1.0,57.2,0.97,0.977,38.2,Current-Season Handedness Matchup,Pull Air %,Barrel %,Max Exit Velocity,44.8,34.3,35.0,9.4,57.2,45.0,35.9,3.98,0.758,1.01,1.025,0.975,0.916,0.893,1.06,9.18,5.24,77.4,27.2,F,Lineup unconfirmed,Sinker,7.723577235772358,38.0,Cutter,1.2195121951219512,6.0,,,
221,2026-08-21,824559,2026-08-21T23:40:00Z,Scheduled,Rate Field,New York Mets @ Chicago White Sox,Home,691011,Drew Romo,Chicago White Sox,New York Mets,C,S,No,,53,178,159,22,5,0,7,14,16,15,2,43,0.138,0.22,0.302,0.522,7,22,20,4,2,0.2,0.0909,15,48,44,7,2,0.159,0.0417,213,65,4.1,21.0,43.3,33.5,23.2,17.8,26.9,42.4,23.7,5.6,4.1,5.6,80.5,79.5,20.3,0.391,67.6,92.1,107.6,4.8,9.3,1.6,45.5,21.5,Weak,2.0,Pull Power,A-,Elevated power plane,21.5,Weak,0.92,Good,3.1,41.2,91.4,0.375,Derived proxy,Derived proxy,Derived proxy,Derived proxy,,,8.35,1.35,Near expected,Weak Pull Power profile. 4.1% barrel rate; 79.5 mph average exit velocity; 26.9% air-ball rate; 42.4% pull-air rate; 5.6% HR-launch rate.,0.0393,0.0364,3.81,4,2,22.7,0.18,17.6,Very recent HR,640455.0,Sean Manaea,L,Switch vs LHP,26,12,111.0,4.22,1.32,16,1.3,9.16,3.0,671.0,4.8,22.4,14.2,50.6,31.3,80.7,93.6,114.6,0.571,16.0,20.4,100.0,0.386,5.4,4-Seam Fastball,R,RHB vs LHP,40.0,35,0.143,0.294,0.321,0.616,1,6,7,0.0286,4.3,0.367,328,0.0366,5.0,0.579,0,0,0,0/0,,,,,0,0,0,35.1,Slight Pitcher Advantage,Below average,50.0,5,Pitch-level Statcast · last 5 MLB games,457,4-Seam Fastball,53.82932166301969,246.0,Sweeper,26.695842450765863,122.0,Sinker,15.317286652078774,70.0,Changeup,2.4070021881838075,11.0,Unknown,,Unknown,,No,100.0,1.0,1.0,50.0,0.941,0.973,39.1,Current-Season Handedness Matchup,Pull Air %,Barrel %,Max Exit Velocity,40.0,38.5,20.4,29.1,50.0,45.0,35.9,3.98,1.29,1.032,1.035,0.94,0.92,0.865,0.98,13.17,8.5,68.6,23.2,F,Lineup unconfirmed,Cutter,1.75054704595186,8.0,,,,,,
222,2026-08-21,823911,2026-08-22T02:10:00Z,Scheduled,UNIQLO Field at Dodger Stadium,Pittsburgh Pirates @ Los Angeles Dodgers,Home,663656,Kyle Tucker,Los Angeles Dodgers,Pittsburgh Pirates,RF,L,No,,120,493,427,99,19,3,11,68,55,59,3,92,0.232,0.327,0.368,0.695,11,44,41,5,1,0.122,0.0227,24,92,80,17,4,0.212,0.0435,695,138,4.8,24.0,48.7,21.9,27.9,17.0,27.3,43.7,27.0,6.2,2.5,6.2,41.3,82.8,20.6,0.471,68.9,94.3,111.5,17.5,11.6,6.0,42.3,28.2,Weak,2.0,Pull Power,A-,Elevated power plane,28.2,Weak,0.939,Good,5.8,37.8,94.4,0.438,Derived proxy,Derived proxy,Derived proxy,Derived proxy,,,31.68,20.68,Strong positive regression,Weak Pull Power profile. 4.8% barrel rate; 82.8 mph average exit velocity; 27.3% air-ball rate; 43.7% pull-air rate; 6.2% HR-launch rate.,0.0223,0.0242,3.99,37,10,38.8,0.95,95.3,Near normal interval,696149.0,Bubba Chandler,R,LHB vs RHP,24,23,121.1,4.23,1.37,10,0.74,8.01,4.75,718.0,3.2,21.3,13.8,34.5,26.9,83.1,93.8,114.8,0.479,10.0,32.6,99.7,0.512,5.2,4-Seam Fastball,L,LHB vs RHP,29.7,346,0.22,0.318,0.35,0.668,9,42,65,0.026,4.3,0.496,284,0.0282,4.5,0.546,0,0,0,0/0,,,,,0,0,0,34.8,Slight Pitcher Advantage,Below average,50.0,5,Pitch-level Statcast · last 5 MLB games,443,4-Seam Fastball,52.59593679458239,233.0,Slider,27.539503386004515,122.0,Changeup,11.512415349887133,51.0,Sinker,4.063205417607223,18.0,Unknown,,Unknown,,No,100.0,1.0,1.0,50.0,0.965,0.957,42.7,Current-Season Handedness Matchup,Pull Air %,Barrel %,Max Exit Velocity,29.7,22.3,32.6,38.0,50.0,45.0,35.7,3.97,1.13,0.942,1.025,1.0,0.939,0.939,1.0,9.32,6.16,84.4,23.3,F,Lineup unconfirmed,Curveball,4.063205417607223,18.0,Sweeper,0.22573363431151242,1.0,,,
223,2026-08-21,825045,2026-08-22T01:40:00Z,Scheduled,Chase Field,Cincinnati Reds @ Arizona Diamondbacks,Away,663886,Tyler Stephenson,Cincinnati Reds,Arizona Diamondbacks,C,R,No,,100,356,314,75,16,0,12,33,40,38,2,95,0.239,0.323,0.404,0.727,12,40,36,6,2,0.167,0.05,23,84,72,16,4,0.222,0.0476,426,100,6.6,24.2,32.3,29.2,37.0,16.4,29.5,27.2,31.3,8.5,4.6,8.5,48.9,83.3,21.6,0.687,68.3,94.6,107.0,5.9,14.3,1.4,51.0,26.9,Weak,2.0,Contact-First Profile,A-,Elevated power plane,26.9,Weak,0.935,Good,7.0,15.4,93.7,0.732,Derived proxy,Derived proxy,Derived proxy,Derived proxy,,,23.54,11.54,Strong positive regression,Weak Contact-First Profile profile. 6.6% barrel rate; 83.3 mph average exit velocity; 29.5% air-ball rate; 27.2% pull-air rate; 8.5% HR-launch rate.,0.0337,0.0333,4.05,15,5,26.2,0.57,57.3,Recently homered,593958.0,Eduardo Rodriguez,L,RHB vs LHP,25,25,149.1,2.71,1.21,14,0.84,6.39,2.83,838.0,5.3,22.2,15.9,38.4,30.9,81.6,93.8,112.0,0.545,14.0,43.4,99.9,0.624,5.0,4-Seam Fastball,R,RHB vs LHP,24.5,77,0.167,0.351,0.217,0.567,0,17,17,0.0,2.8,0.487,431,0.0255,4.6,0.529,4,4,0,0/4,0.0,0.0,0.0,0.0,0,0,2,34.2,Slight Pitcher Advantage,Below average,40.0,5,Pitch-level Statcast · last 5 MLB games,516,4-Seam Fastball,40.116279069767444,207.0,Changeup,23.643410852713178,122.0,Cutter,14.34108527131783,74.0,Curveball,12.4031007751938,64.0,Unknown,,Unknown,,No,100.0,1.0,1.0,50.0,0.987,0.978,34.2,Current-Season Handedness Matchup,Pull Air %,Barrel %,Max Exit Velocity,24.5,32.0,43.4,22.4,50.0,45.0,35.7,3.97,1.188,0.958,1.025,1.0,0.935,0.935,1.0,12.81,8.23,83.7,26.0,F,Lineup unconfirmed,Sinker,9.30232558139535,48.0,Pitch Out,0.1937984496124031,1.0,,,
224,2026-08-21,823911,2026-08-22T02:10:00Z,Scheduled,UNIQLO Field at Dodger Stadium,Pittsburgh Pirates @ Los Angeles Dodgers,Home,605141,Mookie Betts,Los Angeles Dodgers,Pittsburgh Pirates,SS,R,No,,91,382,354,84,14,0,16,49,44,26,1,44,0.237,0.291,0.412,0.703,12,48,45,12,3,0.267,0.0625,25,98,95,24,3,0.253,0.0306,496,130,4.8,27.3,45.7,26.9,27.3,21.6,38.9,44.9,34.0,7.1,5.0,7.1,61.0,84.8,20.2,0.482,67.9,95.9,108.9,9.5,14.6,2.0,56.8,31.5,Weak,2.5,Pull Power,A-,Elevated power plane,31.5,Weak,0.948,Good,3.8,48.0,95.9,0.465,Derived proxy,Derived proxy,Derived proxy,Derived proxy,,,23.93,7.93,Strong positive regression,Weak Pull Power profile. 4.8% barrel rate; 84.8 mph average exit velocity; 38.9% air-ball rate; 44.9% pull-air rate; 7.1% HR-launch rate.,0.0419,0.0395,3.99,0,0,22.1,0.0,0.0,Very recent HR,696149.0,Bubba Chandler,R,RHB vs RHP,24,23,121.1,4.23,1.37,10,0.74,8.01,4.75,718.0,3.2,21.3,13.8,34.5,26.9,83.1,93.8,114.8,0.479,10.0,29.8,99.7,0.473,5.7,4-Seam Fastball,R,RHB vs RHP,25.0,259,0.248,0.297,0.434,0.731,12,16,34,0.0463,4.7,0.467,244,0.0082,1.6,0.398,2,2,2,2/2,1.0,1.0,1.0,2.0,0,0,0,32.2,Slight Pitcher Advantage,Below average,52.5,5,Pitch-level Statcast · last 5 MLB games,443,4-Seam Fastball,52.59593679458239,233.0,Slider,27.539503386004515,122.0,Changeup,11.512415349887133,51.0,Sinker,4.063205417607223,18.0,Unknown,,Unknown,,No,100.0,1.0,1.0,50.0,0.96,0.957,42.1,Current-Season Handedness Matchup,Pull Air %,Barrel %,Max Exit Velocity,25.0,22.3,29.8,46.2,50.0,45.0,35.7,3.97,1.087,0.942,0.985,1.0,0.948,0.948,0.98,14.86,7.99,84.8,25.4,F,Lineup unconfirmed,Curveball,4.063205417607223,18.0,Sweeper,0.22573363431151242,1.0,,,
225,2026-08-21,823746,2026-08-21T20:10:00Z,Scheduled,American Family Field,Atlanta Braves @ Milwaukee Brewers,Away,573262,Mike Yastrzemski,Atlanta Braves,Milwaukee Brewers,LF,L,No,,109,320,282,64,16,1,9,40,34,32,4,77,0.227,0.313,0.387,0.7,10,27,23,5,1,0.217,0.037,22,53,47,11,3,0.234,0.0566,402,74,4.6,26.8,57.6,19.1,23.3,14.4,26.1,52.2,32.5,7.4,5.0,7.4,60.7,85.2,22.6,0.564,69.5,95.9,106.8,8.3,13.8,2.9,63.7,34.7,Weak,2.5,Pull Power,A-,Elevated power plane,34.7,Weak,0.957,Good,5.4,52.9,96.2,0.673,Derived proxy,Derived proxy,Derived proxy,Derived proxy,,,20.04,11.04,Strong positive regression,Weak Pull Power profile. 4.6% barrel rate; 85.2 mph average exit velocity; 26.1% air-ball rate; 52.2% pull-air rate; 7.4% HR-launch rate.,0.0281,0.0292,4.05,13,5,31.3,0.41,41.5,Recently homered,694819.0,Jacob Misiorowski,R,LHB vs RHP,23,23,139.0,1.75,0.75,13,0.84,13.6,2.01,612.0,1.8,17.8,11.3,27.6,31.5,81.5,91.9,114.8,0.432,13.0,32.4,99.9,0.52,4.7,4-Seam Fastball,L,LHB vs RHP,25.4,285,0.23,0.312,0.405,0.717,9,29,64,0.0316,4.6,0.526,294,0.0204,1.5,0.398,2,2,0,0/2,0.0,0.0,0.0,0.0,0,0,0,31.8,Slight Pitcher Advantage,Below average,45.0,5,Pitch-level Statcast · last 5 MLB games,423,4-Seam Fastball,66.903073286052,283.0,Cutter,11.583924349881796,49.0,Slider,11.583924349881796,49.0,Curveball,9.929078014184396,42.0,Unknown,,Unknown,,No,100.0,1.0,1.0,50.0,0.965,0.943,45.2,Current-Season Handedness Matchup,Pull Air %,Barrel %,Max Exit Velocity,25.4,14.0,32.4,54.0,50.0,45.0,35.7,3.96,1.212,0.958,1.025,1.0,0.957,0.957,1.0,11.3,7.45,79.1,23.7,F,Lineup unconfirmed,,,,,,,,,
226,2026-08-21,824800,2026-08-21T23:15:00Z,Scheduled,Oriole Park at Camden Yards,Tampa Bay Rays @ Baltimore Orioles,Away,650490,Yandy Díaz,Tampa Bay Rays,Baltimore Orioles,DH,R,No,,122,542,481,148,21,1,19,73,72,46,10,78,0.308,0.376,0.474,0.85,12,57,52,21,4,0.404,0.0702,25,114,104,32,5,0.308,0.0439,768,163,4.6,29.2,24.9,36.2,38.2,9.7,22.9,23.5,28.8,6.8,2.4,6.8,58.4,85.0,15.9,0.551,72.0,97.0,114.5,34.3,12.1,12.7,25.6,28.3,Weak,2.0,Contact-First Profile,A,Excellent HR swing plane,28.3,Weak,0.939,Good,4.3,19.4,96.7,0.567,Derived proxy,Derived proxy,Derived proxy,Derived proxy,,,32.39,13.39,Strong positive regression,Weak Contact-First Profile profile. 4.6% barrel rate; 85.0 mph average exit velocity; 22.9% air-ball rate; 23.5% pull-air rate; 6.8% HR-launch rate.,0.0351,0.0345,4.15,4,1,25.3,0.16,15.8,Very recent HR,669432.0,Trevor Rogers,L,RHB vs LHP,23,23,125.2,4.15,1.25,13,0.93,7.73,2.51,764.0,4.3,23.3,12.3,42.9,27.9,82.2,94.5,117.3,0.514,13.0,35.1,100.0,0.547,4.7,4-Seam Fastball,R,RHB vs LHP,37.3,151,0.299,0.364,0.5,0.864,7,13,20,0.0464,5.1,0.503,395,0.0304,5.1,0.551,14,13,7,7/13,0.538,0.571,0.769,1.34,0,1,2,42.5,Slight Pitcher Advantage,Below average,67.5,5,Pitch-level Statcast · last 5 MLB games,452,4-Seam Fastball,47.34513274336283,214.0,Changeup,20.353982300884955,92.0,Sweeper,15.70796460176991,71.0,Cutter,8.4070796460177,38.0,Unknown,,Unknown,,No,99.0,0.99,1.0,48.2,0.97,0.968,38.5,Current-Season Handedness Matchup,Pull Air %,Barrel %,Max Exit Velocity,37.3,31.1,35.1,22.4,48.2,45.0,35.5,3.96,1.276,0.973,1.025,1.0,0.939,0.939,0.98,13.56,8.79,85.0,29.0,F,Lineup unconfirmed,Sinker,8.185840707964601,37.0,,,,,,
227,2026-08-21,823830,2026-08-21T23:10:00Z,Scheduled,loanDepot park,Washington Nationals @ Miami Marlins,Away,660688,Keibert Ruiz,Washington Nationals,Miami Marlins,C,S,No,,83,287,268,74,21,0,7,37,42,14,2,33,0.276,0.314,0.433,0.747,7,26,24,8,0,0.333,0.0,17,62,56,16,0,0.286,0.0,395,82,4.0,25.3,63.5,22.1,14.4,14.3,30.7,61.0,32.8,5.1,3.4,5.1,23.9,82.5,18.7,0.406,66.2,94.9,106.7,1.1,14.5,0.6,51.4,27.8,Weak,2.0,Pull Power,A,Excellent HR swing plane,27.8,Weak,0.938,Good,2.4,60.0,94.0,0.391,Derived proxy,Derived proxy,Derived proxy,Derived proxy,,,16.98,9.98,Strong positive regression,Weak Pull Power profile. 4.0% barrel rate; 82.5 mph average exit velocity; 30.7% air-ball rate; 61.0% pull-air rate; 5.1% HR-launch rate.,0.0244,0.0266,4.05,71,22,38.3,1.85,185.4,Above normal drought,687473.0,Ryan Gusto,R,Switch vs RHP,16,11,53.2,4.7,1.32,8,1.34,8.22,2.35,318.0,5.7,27.0,13.8,32.3,31.1,84.8,95.6,113.3,0.537,8.0,22.0,100.0,0.415,4.7,4-Seam Fastball,L,LHB vs RHP,23.8,196,0.278,0.321,0.428,0.749,4,11,17,0.0204,3.9,0.401,138,0.0217,5.5,0.525,0,0,0,0/0,,,,,0,0,0,28.4,Strong Pitcher Advantage,Below average,50.0,5,Pitch-level Statcast · last 5 MLB games,349,4-Seam Fastball,31.23209169054441,109.0,Sweeper,15.472779369627506,54.0,Cutter,13.46704871060172,47.0,Sinker,12.034383954154729,42.0,Unknown,,Unknown,,No,94.0,0.94,1.0,39.2,0.944,0.982,41.8,Current-Season Handedness Matchup,Pull Air %,Barrel %,Max Exit Velocity,23.8,31.3,22.0,42.9,39.2,45.0,35.5,3.96,0.758,1.029,1.035,1.0,0.938,0.938,1.035,10.36,5.4,77.5,26.0,F,Lineup unconfirmed,Changeup,10.02865329512894,35.0,Slider,9.455587392550143,33.0,Curveball,8.30945558739255,29.0
228,2026-08-21,823746,2026-08-21T20:10:00Z,Scheduled,American Family Field,Atlanta Braves @ Milwaukee Brewers,Home,683734,Andrew Vaughn,Milwaukee Brewers,Atlanta Braves,1B,R,No,,82,265,228,69,16,2,5,29,36,30,5,40,0.303,0.392,0.456,0.848,11,38,34,11,0,0.324,0.0,22,78,65,19,2,0.292,0.0256,317,87,4.1,28.5,37.1,29.8,33.1,14.1,28.7,40.0,24.9,5.9,3.3,5.9,44.6,83.8,13.9,0.508,68.6,96.0,111.6,16.0,12.2,4.4,49.1,27.4,Weak,2.0,Contact-First Profile,A,Excellent HR swing plane,27.4,Weak,0.937,Good,4.6,45.5,95.4,0.56,Derived proxy,Derived proxy,Derived proxy,Derived proxy,,,12.88,7.88,Strong positive regression,Weak Contact-First Profile profile. 4.1% barrel rate; 83.8 mph average exit velocity; 28.7% air-ball rate; 40.0% pull-air rate; 5.9% HR-launch rate.,0.0189,0.023,4.17,41,13,45.6,0.9,89.9,Near normal interval,519242.0,Chris Sale,L,RHB vs LHP,22,22,129.0,2.16,1.02,8,0.56,11.16,1.95,675.0,3.3,19.6,11.1,35.7,32.0,81.7,93.2,113.2,0.497,8.0,31.3,100.0,0.539,3.2,4-Seam Fastball,R,RHB vs LHP,27.9,96,0.37,0.469,0.617,1.086,2,14,11,0.0208,6.4,0.555,391,0.0179,3.1,0.503,8,7,2,2/7,0.286,0.375,0.429,0.804,0,1,3,32.6,Slight Pitcher Advantage,Below average,45.2,5,Pitch-level Statcast · last 5 MLB games,492,4-Seam Fastball,44.91869918699187,221.0,Slider,39.43089430894309,194.0,Changeup,9.34959349593496,46.0,Sinker,6.300813008130081,31.0,Unknown,,Unknown,,No,100.0,1.0,1.0,50.0,0.963,0.958,40.7,Current-Season Handedness Matchup,Pull Air %,Barrel %,Max Exit Velocity,27.9,23.0,31.3,44.5,50.0,45.0,35.4,3.95,0.878,0.914,1.025,1.0,0.937,0.937,1.0,9.23,5.16,77.2,22.7,F,Lineup unconfirmed,,,,,,,,,
229,2026-08-21,824317,2026-08-22T00:40:00Z,Scheduled,Coors Field,Cleveland Guardians @ Colorado Rockies,Home,687859,Troy Johnston,Colorado Rockies,Cleveland Guardians,RF,L,No,,106,375,332,93,25,1,3,36,44,32,5,64,0.28,0.348,0.389,0.737,4,15,13,4,0,0.308,0.0,13,43,41,7,0,0.171,0.0,504,64,1.8,19.5,48.4,26.6,24.3,12.6,30.3,38.6,30.9,5.8,3.4,5.8,19.5,81.7,18.4,0.482,68.6,92.7,106.8,4.1,11.2,0.9,41.4,20.2,Weak,2.0,Contact-First Profile,A,Excellent HR swing plane,20.2,Weak,0.917,Good,1.6,36.8,90.9,0.496,Derived proxy,Derived proxy,Derived proxy,Derived proxy,,,12.83,9.83,Strong positive regression,Weak Contact-First Profile profile. 1.8% barrel rate; 81.7 mph average exit velocity; 30.3% air-ball rate; 38.6% pull-air rate; 5.8% HR-launch rate.,0.008,0.0138,3.99,102,38,110.7,0.92,92.2,Near normal interval,676282.0,Joey Cantillo,L,LHB vs LHP,26,26,125.2,3.8,1.44,15,1.07,9.95,4.23,624.0,4.8,25.0,15.2,43.6,25.6,81.8,94.9,113.4,0.52,15.0,29.0,99.9,0.517,3.1,4-Seam Fastball,L,LHB vs LHP,20.4,87,0.203,0.244,0.278,0.523,1,4,12,0.0115,2.6,0.363,133,0.0226,4.9,0.568,0,0,0,0/0,,,,,0,0,0,29.3,Strong Pitcher Advantage,Below average,50.0,5,Pitch-level Statcast · last 5 MLB games,362,Curveball,44.751381215469614,162.0,4-Seam Fastball,27.900552486187845,101.0,Changeup,18.50828729281768,67.0,Cutter,8.839779005524862,32.0,Unknown,,Unknown,,No,118.0,1.18,1.0,82.4,0.958,0.973,31.5,Current-Season Handedness Matchup,Pull Air %,Barrel %,Max Exit Velocity,20.4,34.1,29.0,21.6,82.4,45.0,35.3,3.95,0.762,0.995,0.985,1.0,0.917,0.917,1.0,5.4,4.01,80.4,19.8,F,Lineup unconfirmed,,,,,,,,,
230,2026-08-21,824152,2026-08-22T00:10:00Z,Scheduled,Daikin Park,Athletics @ Houston Astros,Home,670623,Isaac Paredes,Houston Astros,Athletics,3B,R,No,,121,513,443,116,22,1,16,48,67,49,17,69,0.262,0.355,0.424,0.779,11,45,40,14,1,0.35,0.0222,24,103,89,23,2,0.258,0.0194,781,156,2.9,20.8,49.3,23.2,27.5,13.9,29.2,56.3,34.1,4.2,2.8,4.2,61.9,82.5,21.3,0.442,65.1,93.4,109.5,6.3,11.5,1.6,51.8,26.9,Weak,2.0,Pull Power,A-,Elevated power plane,26.9,Weak,0.935,Good,1.9,53.2,92.5,0.431,Derived proxy,Derived proxy,Derived proxy,Derived proxy,,,27.02,11.02,Strong positive regression,Weak Pull Power profile. 2.9% barrel rate; 82.5 mph average exit velocity; 29.2% air-ball rate; 56.3% pull-air rate; 4.2% HR-launch rate.,0.0312,0.0313,3.99,12,4,27.7,0.43,43.3,Recently homered,669372.0,J.T. Ginn,R,RHB vs RHP,25,22,127.1,3.53,1.22,14,0.99,8.06,3.75,617.0,3.6,23.5,13.9,41.3,25.3,81.6,94.7,112.1,0.479,14.0,20.6,99.8,0.431,3.3,Sinker,R,RHB vs RHP,24.6,392,0.249,0.352,0.423,0.775,15,41,51,0.0383,3.4,0.431,213,0.0235,3.1,0.439,5,4,2,2/4,0.5,0.6,0.5,1.1,0,0,1,29.3,Strong Pitcher Advantage,Below average,54.9,5,Pitch-level Statcast · last 5 MLB games,448,Sinker,37.94642857142857,170.0,Changeup,24.553571428571427,110.0,Slider,15.625,70.0,4-Seam Fastball,11.830357142857142,53.0,Unknown,,Unknown,,No,100.0,1.0,1.0,50.0,0.941,0.961,42.8,Current-Season Handedness Matchup,Pull Air %,Barrel %,Max Exit Velocity,24.6,27.9,20.6,39.0,50.0,45.0,35.3,3.95,0.867,0.982,0.985,1.0,0.935,0.935,1.0,11.93,6.04,85.0,23.5,F,Lineup unconfirmed,Cutter,10.044642857142858,45.0,,,,,,
231,2026-08-21,822857,2026-08-22T00:15:00Z,Scheduled,Globe Life Field,Los Angeles Angels @ Texas Rangers,Home,677649,Ezequiel Duran,Texas Rangers,Los Angeles Angels,SS,R,No,,119,455,412,109,23,4,13,56,64,34,3,110,0.265,0.322,0.434,0.756,12,49,44,8,0,0.182,0.0,26,106,94,24,3,0.255,0.0283,614,144,3.0,20.1,39.4,25.8,33.6,12.6,23.2,39.4,32.6,5.1,3.2,5.1,70.7,81.4,19.2,0.514,69.7,92.9,111.0,26.4,10.3,5.4,44.4,26.4,Weak,2.0,Contact-First Profile,A,Excellent HR swing plane,26.4,Weak,0.934,Good,2.8,42.4,92.7,0.523,Derived proxy,Derived proxy,Derived proxy,Derived proxy,,,19.31,6.31,Strong positive regression,Weak Contact-First Profile profile. 3.0% barrel rate; 81.4 mph average exit velocity; 23.2% air-ball rate; 39.4% pull-air rate; 5.1% HR-launch rate.,0.0286,0.0293,3.99,54,15,31.7,1.7,170.4,Above normal drought,672282.0,Reid Detmers,L,RHB vs LHP,25,25,143.0,3.78,1.06,17,1.07,10.51,2.71,742.0,4.6,22.2,15.2,38.7,28.8,83.3,94.8,112.6,0.535,17.0,27.1,99.9,0.507,2.7,4-Seam Fastball,R,RHB vs LHP,24.9,112,0.26,0.357,0.385,0.743,2,14,27,0.0179,1.3,0.479,429,0.0303,4.5,0.543,23,23,3,3/23,0.13,0.13,0.261,0.391,1,0,9,22.9,Strong Pitcher Advantage,Below average,10.9,5,Pitch-level Statcast · last 5 MLB games,430,4-Seam Fastball,50.0,215.0,Slider,29.53488372093023,127.0,Curveball,13.255813953488373,57.0,Changeup,7.209302325581396,31.0,Unknown,,Unknown,,No,104.0,1.04,1.0,57.2,0.954,0.971,37.6,Current-Season Handedness Matchup,Pull Air %,Barrel %,Max Exit Velocity,24.9,30.4,27.1,32.1,57.2,45.0,35.1,3.94,0.851,0.995,1.025,1.0,0.934,0.934,1.035,11.18,6.27,85.0,27.9,F,Lineup unconfirmed,,,,,,,,,
232,2026-08-21,824800,2026-08-21T23:15:00Z,Scheduled,Oriole Park at Camden Yards,Tampa Bay Rays @ Baltimore Orioles,Away,676356,Jonny DeLuca,Tampa Bay Rays,Baltimore Orioles,RF,R,No,,80,256,243,64,17,0,8,33,36,11,0,52,0.263,0.295,0.432,0.727,9,28,27,8,0,0.296,0.0,19,61,59,16,2,0.271,0.0328,345,82,3.2,19.2,44.0,30.6,25.4,9.3,21.4,49.2,26.3,5.1,3.1,5.1,75.3,80.0,21.0,0.446,71.3,92.3,109.4,34.2,10.2,8.7,57.4,30.0,Weak,2.0,Pull Power,A-,Elevated power plane,30.0,Weak,0.944,Good,3.7,50.0,92.4,0.427,Derived proxy,Derived proxy,Derived proxy,Derived proxy,,,11.95,3.95,Positive regression,Weak Pull Power profile. 3.2% barrel rate; 80.0 mph average exit velocity; 21.4% air-ball rate; 49.2% pull-air rate; 5.1% HR-launch rate.,0.0312,0.0315,4.05,27,9,30.4,0.89,88.9,Near normal interval,669432.0,Trevor Rogers,L,RHB vs LHP,23,23,125.2,4.15,1.25,13,0.93,7.73,2.51,764.0,4.3,23.3,12.3,42.9,27.9,82.2,94.5,117.3,0.514,13.0,21.2,100.0,0.437,3.3,4-Seam Fastball,R,RHB vs LHP,24.8,107,0.267,0.302,0.406,0.708,2,5,22,0.0187,2.6,0.424,395,0.0304,5.1,0.551,5,5,1,1/5,0.2,0.2,0.4,0.6,0,0,2,26.9,Strong Pitcher Advantage,Below average,41.5,5,Pitch-level Statcast · last 5 MLB games,452,4-Seam Fastball,47.34513274336283,214.0,Changeup,20.353982300884955,92.0,Sweeper,15.70796460176991,71.0,Cutter,8.4070796460177,38.0,Unknown,,Unknown,,No,99.0,0.99,1.0,48.2,0.942,0.968,39.8,Current-Season Handedness Matchup,Pull Air %,Barrel %,Max Exit Velocity,24.8,31.1,21.2,40.6,48.2,45.0,35.1,3.94,0.864,0.973,1.025,1.0,0.944,0.944,1.0,12.15,6.24,75.2,22.3,F,Lineup unconfirmed,Sinker,8.185840707964601,37.0,,,,,,
233,2026-08-21,822857,2026-08-22T00:15:00Z,Scheduled,Globe Life Field,Los Angeles Angels @ Texas Rangers,Away,694384,Nolan Schanuel,Los Angeles Angels,Texas Rangers,1B,L,No,,107,446,392,108,22,0,7,43,49,42,6,58,0.276,0.351,0.385,0.736,11,46,37,11,0,0.297,0.0,24,101,85,22,1,0.259,0.0099,597,128,1.8,21.1,52.6,27.5,19.9,14.7,31.7,44.9,33.4,4.8,4.3,4.8,62.2,81.8,17.4,0.458,66.5,93.4,108.2,4.3,10.1,1.3,48.5,24.0,Weak,2.0,Pull Power,A,Excellent HR swing plane,24.0,Weak,0.927,Good,2.3,46.8,94.4,0.457,Derived proxy,Derived proxy,Derived proxy,Derived proxy,,,15.31,8.31,Strong positive regression,Weak Pull Power profile. 1.8% barrel rate; 81.8 mph average exit velocity; 31.7% air-ball rate; 44.9% pull-air rate; 4.8% HR-launch rate.,0.0157,0.0192,4.05,37,11,56.0,0.66,66.1,Recently homered,669022.0,MacKenzie Gore,L,LHB vs LHP,26,26,139.2,4.45,1.26,18,1.16,9.92,3.29,807.0,5.2,23.3,12.5,42.1,28.9,81.7,94.2,115.7,0.53,18.0,22.0,100.0,0.47,1.3,4-Seam Fastball,L,LHB vs LHP,18.5,118,0.229,0.297,0.324,0.62,2,8,19,0.0169,1.4,0.387,152,0.0132,5.4,0.519,3,2,0,0/2,0.0,0.333,0.0,0.333,0,1,1,24.5,Strong Pitcher Advantage,Below average,42.5,5,Pitch-level Statcast · last 5 MLB games,492,4-Seam Fastball,51.6260162601626,254.0,Changeup,17.073170731707318,84.0,Slider,12.195121951219512,60.0,Curveball,10.16260162601626,50.0,Unknown,,Unknown,,No,104.0,1.04,1.0,57.2,0.944,0.977,35.7,Current-Season Handedness Matchup,Pull Air %,Barrel %,Max Exit Velocity,18.5,34.3,22.0,38.7,57.2,45.0,35.1,3.94,0.77,1.01,0.985,1.0,0.927,0.927,1.0,7.53,4.5,85.0,20.4,F,Lineup unconfirmed,Sinker,7.723577235772358,38.0,Cutter,1.2195121951219512,6.0,,,
234,2026-08-21,822857,2026-08-22T00:15:00Z,Scheduled,Globe Life Field,Los Angeles Angels @ Texas Rangers,Away,694203,Denzer Guzman,Los Angeles Angels,Texas Rangers,3B,R,No,,56,195,182,43,6,0,6,19,22,10,1,50,0.236,0.28,0.368,0.648,12,36,35,9,1,0.257,0.0278,24,69,64,14,2,0.219,0.029,255,82,2.9,19.7,36.3,35.0,28.6,12.2,25.7,34.9,32.8,5.3,2.2,5.3,58.1,80.7,15.3,0.438,71.7,92.4,110.2,38.2,7.7,9.7,37.8,24.8,Weak,2.0,Contact-First Profile,A,Excellent HR swing plane,24.8,Weak,0.929,Good,2.4,27.3,92.6,0.4,Derived proxy,Derived proxy,Derived proxy,Derived proxy,,,7.67,1.67,Near expected,Weak Contact-First Profile profile. 2.9% barrel rate; 80.7 mph average exit velocity; 25.7% air-ball rate; 34.9% pull-air rate; 5.3% HR-launch rate.,0.0308,0.0312,3.87,0,0,30.3,0.0,0.0,Very recent HR,669022.0,MacKenzie Gore,L,RHB vs LHP,26,26,139.2,4.45,1.26,18,1.16,9.92,3.29,807.0,5.2,23.3,12.5,42.1,28.9,81.7,94.2,115.7,0.53,18.0,24.5,100.0,0.476,2.9,4-Seam Fastball,R,RHB vs LHP,43.9,52,0.149,0.231,0.362,0.592,3,5,17,0.0577,4.9,0.564,445,0.036,5.1,0.534,3,3,1,1/3,0.333,0.333,0.333,0.666,0,0,0,37.5,Slight Pitcher Advantage,Below average,46.0,5,Pitch-level Statcast · last 5 MLB games,492,4-Seam Fastball,51.6260162601626,254.0,Changeup,17.073170731707318,84.0,Slider,12.195121951219512,60.0,Curveball,10.16260162601626,50.0,Unknown,,Unknown,,No,104.0,1.04,1.0,57.2,0.949,0.977,38.8,Current-Season Handedness Matchup,Pull Air %,Barrel %,Max Exit Velocity,43.9,34.3,24.5,16.9,57.2,45.0,35.0,3.93,0.963,1.01,1.025,0.975,0.929,0.906,0.98,11.56,6.63,71.4,20.6,F,Lineup unconfirmed,Sinker,7.723577235772358,38.0,Cutter,1.2195121951219512,6.0,,,
235,2026-08-21,824559,2026-08-21T23:40:00Z,Scheduled,Rate Field,New York Mets @ Chicago White Sox,Away,666182,Bo Bichette,New York Mets,Chicago White Sox,3B,R,No,,127,548,503,134,21,2,12,62,64,36,2,100,0.266,0.314,0.388,0.702,11,45,39,15,1,0.385,0.0222,25,108,100,31,2,0.31,0.0185,827,172,3.3,21.9,25.6,30.8,43.4,11.2,24.7,29.5,39.0,4.7,1.6,4.7,40.9,81.9,17.2,0.507,68.0,94.2,113.5,12.9,10.0,4.4,27.4,21.5,Weak,2.0,Contact-First Profile,A,Excellent HR swing plane,21.5,Weak,0.92,Good,2.9,31.7,92.8,0.492,Derived proxy,Derived proxy,Derived proxy,Derived proxy,,,25.64,13.64,Strong positive regression,Weak Contact-First Profile profile. 3.3% barrel rate; 81.9 mph average exit velocity; 24.7% air-ball rate; 29.5% pull-air rate; 4.7% HR-launch rate.,0.0219,0.0237,4.05,22,6,41.9,0.52,52.5,Recently homered,680732.0,Sean Burke,R,RHB vs RHP,25,21,140.0,3.15,1.11,16,1.03,9.9,2.7,757.0,4.6,22.5,14.9,49.3,34.3,83.2,94.3,113.4,0.528,16.0,29.0,100.0,0.531,2.4,4-Seam Fastball,R,RHB vs RHP,22.8,404,0.265,0.309,0.365,0.674,7,24,76,0.0173,3.1,0.5,234,0.0214,3.9,0.487,3,3,2,2/3,0.667,0.667,1.0,1.667,0,0,0,31.1,Slight Pitcher Advantage,Below average,53.8,5,Pitch-level Statcast · last 5 MLB games,450,4-Seam Fastball,37.111111111111114,167.0,Slider,22.666666666666668,102.0,Knuckle Curve,17.77777777777778,80.0,Sinker,10.88888888888889,49.0,Unknown,,Unknown,,No,100.0,1.0,1.0,50.0,0.958,0.971,35.2,Current-Season Handedness Matchup,Pull Air %,Barrel %,Max Exit Velocity,22.8,36.8,29.0,22.6,50.0,45.0,34.9,3.93,0.947,0.989,0.985,1.0,0.92,0.92,1.0,9.26,5.48,85.0,21.4,F,Lineup unconfirmed,Cutter,10.444444444444445,47.0,Changeup,1.1111111111111112,5.0,,,
236,2026-08-21,824800,2026-08-21T23:15:00Z,Scheduled,Oriole Park at Camden Yards,Tampa Bay Rays @ Baltimore Orioles,Home,702616,Jackson Holliday,Baltimore Orioles,Tampa Bay Rays,2B,L,No,,76,263,225,52,9,1,6,32,25,34,0,63,0.231,0.328,0.36,0.688,12,55,50,11,1,0.22,0.0182,25,103,91,23,1,0.253,0.0097,292,119,3.6,19.8,45.2,23.7,31.1,13.2,27.4,42.8,30.8,6.4,5.0,6.4,44.2,81.8,17.6,0.493,68.4,92.3,105.7,5.4,11.0,1.6,49.8,24.3,Weak,2.0,Pull Power,A,Excellent HR swing plane,24.3,Weak,0.928,Good,2.5,45.2,91.5,0.467,Derived proxy,Derived proxy,Derived proxy,Derived proxy,,,10.83,4.83,Strong positive regression,Weak Pull Power profile. 3.6% barrel rate; 81.8 mph average exit velocity; 27.4% air-ball rate; 42.8% pull-air rate; 6.4% HR-launch rate.,0.0228,0.0257,3.99,47,11,37.5,1.25,125.3,Near normal interval,642547.0,Freddy Peralta,R,LHB vs RHP,25,25,128.0,5.27,1.48,20,1.41,8.65,3.73,760.0,3.4,23.0,14.1,46.1,30.1,82.1,93.6,114.7,0.504,20.0,30.3,98.3,0.525,3.4,4-Seam Fastball,L,LHB vs RHP,31.0,194,0.23,0.326,0.37,0.696,5,25,42,0.0258,4.5,0.5,366,0.041,3.7,0.517,4,4,0,0/4,0.0,0.0,0.0,0.0,0,0,2,32.6,Slight Pitcher Advantage,Below average,40.0,5,Pitch-level Statcast · last 5 MLB games,445,4-Seam Fastball,55.28089887640449,246.0,Changeup,23.370786516853933,104.0,Curveball,9.662921348314606,43.0,Sweeper,9.438202247191011,42.0,Unknown,,Unknown,,No,99.0,0.99,1.0,48.2,0.961,0.959,37.2,Current-Season Handedness Matchup,Pull Air %,Barrel %,Max Exit Velocity,31.0,30.7,30.3,31.7,48.2,45.0,34.9,3.93,0.837,1.05,1.025,1.0,0.928,0.928,1.0,9.86,5.57,78.8,22.8,F,Lineup unconfirmed,Slow Curve,1.348314606741573,6.0,Slider,0.898876404494382,4.0,,,
237,2026-08-21,823262,2026-08-22T01:40:00Z,Scheduled,Petco Park,Minnesota Twins @ San Diego Padres,Home,657757,Gavin Sheets,San Diego Padres,Minnesota Twins,1B,L,No,,118,399,345,74,15,0,16,46,46,47,5,83,0.214,0.316,0.397,0.713,10,27,23,6,2,0.261,0.0741,22,60,50,10,2,0.2,0.0333,543,91,4.0,22.8,44.0,31.1,25.0,11.0,19.3,47.5,26.4,6.1,3.8,6.1,66.7,81.6,21.6,0.465,72.5,93.6,110.0,42.2,9.0,10.5,46.9,32.9,Weak,2.5,Pull Power,A-,Elevated power plane,32.9,Weak,0.952,Good,3.3,42.9,91.1,0.392,Derived proxy,Derived proxy,Derived proxy,Derived proxy,,,22.0,6.0,Strong positive regression,Weak Pull Power profile. 4.0% barrel rate; 81.6 mph average exit velocity; 19.3% air-ball rate; 47.5% pull-air rate; 6.1% HR-launch rate.,0.0401,0.0382,3.99,4,2,21.6,0.19,18.6,Very recent HR,687570.0,Connor Prielipp,L,LHB vs LHP,17,17,87.2,5.34,1.38,12,1.23,9.65,3.7,498.0,4.6,24.1,13.3,40.8,31.1,83.2,95.0,113.1,0.557,12.0,22.3,99.9,0.448,3.2,Slider,L,LHB vs LHP,25.2,72,0.167,0.236,0.212,0.448,0,6,20,0.0,2.2,0.389,112,0.0268,5.4,0.586,0,0,0,0/0,,,,,0,0,0,29.1,Strong Pitcher Advantage,Below average,50.0,5,Pitch-level Statcast · last 5 MLB games,433,Slider,31.17782909930716,135.0,4-Seam Fastball,25.86605080831409,112.0,Sinker,21.939953810623557,95.0,Curveball,15.242494226327944,66.0,Unknown,,Unknown,,No,94.0,0.94,1.0,39.2,0.945,0.971,41.2,Current-Season Handedness Matchup,Pull Air %,Barrel %,Max Exit Velocity,25.2,32.9,22.3,30.5,39.2,45.0,34.8,3.92,1.183,1.021,0.985,1.0,0.952,0.952,0.98,14.4,8.38,81.8,25.8,F,Lineup unconfirmed,Changeup,5.773672055427252,25.0,,,,,,
238,2026-08-21,824800,2026-08-21T23:15:00Z,Scheduled,Oriole Park at Camden Yards,Tampa Bay Rays @ Baltimore Orioles,Away,663743,Nick Fortes,Tampa Bay Rays,Baltimore Orioles,C,R,No,,91,277,256,68,14,0,4,28,29,9,8,34,0.266,0.31,0.367,0.677,7,15,13,1,0,0.077,0.0,14,36,32,8,0,0.25,0.0,377,44,1.6,25.4,47.2,30.5,21.7,7.0,24.5,60.4,25.7,3.1,1.9,3.1,44.4,80.2,13.5,0.416,70.5,95.3,111.2,19.0,9.4,5.7,33.0,25.9,Weak,2.0,Pull Power,A,Excellent HR swing plane,25.9,Weak,0.933,Good,0.0,61.5,95.0,0.454,Derived proxy,Derived proxy,Derived proxy,Derived proxy,,,9.64,5.64,Strong positive regression,Weak Pull Power profile. 1.6% barrel rate; 80.2 mph average exit velocity; 24.5% air-ball rate; 60.4% pull-air rate; 3.1% HR-launch rate.,0.0144,0.0197,4.05,34,15,64.0,0.53,53.1,Recently homered,669432.0,Trevor Rogers,L,RHB vs LHP,23,23,125.2,4.15,1.25,13,0.93,7.73,2.51,764.0,4.3,23.3,12.3,42.9,27.9,82.2,94.5,117.3,0.514,13.0,12.3,100.0,0.373,1.6,4-Seam Fastball,R,RHB vs LHP,21.1,133,0.254,0.321,0.339,0.66,1,6,15,0.0075,2.6,0.399,395,0.0304,5.1,0.551,5,4,0,0/4,0.0,0.2,0.0,0.2,0,1,0,21.3,Strong Pitcher Advantage,Below average,37.5,5,Pitch-level Statcast · last 5 MLB games,452,4-Seam Fastball,47.34513274336283,214.0,Changeup,20.353982300884955,92.0,Sweeper,15.70796460176991,71.0,Cutter,8.4070796460177,38.0,Unknown,,Unknown,,No,99.0,0.99,1.0,48.2,0.925,0.968,41.6,Current-Season Handedness Matchup,Pull Air %,Barrel %,Max Exit Velocity,21.1,31.1,12.3,43.9,48.2,45.0,34.6,3.91,0.762,0.973,1.025,1.0,0.933,0.933,1.0,7.76,4.37,74.7,17.9,F,Lineup unconfirmed,Sinker,8.185840707964601,37.0,,,,,,
239,2026-08-21,823911,2026-08-22T02:10:00Z,Scheduled,UNIQLO Field at Dodger Stadium,Pittsburgh Pirates @ Los Angeles Dodgers,Home,518692,Freddie Freeman,Los Angeles Dodgers,Pittsburgh Pirates,1B,L,No,,124,532,468,142,30,1,15,62,61,55,3,87,0.303,0.376,0.468,0.844,11,47,41,11,0,0.268,0.0,24,98,91,33,0,0.363,0.0,808,149,3.9,22.9,43.4,20.1,35.3,11.0,25.9,33.9,35.1,5.8,2.8,5.8,24.4,83.1,17.0,0.579,68.4,94.4,109.1,6.4,12.4,2.0,39.7,23.6,Weak,2.0,Contact-First Profile,A,Excellent HR swing plane,23.6,Weak,0.926,Good,2.0,30.8,93.4,0.544,Derived proxy,Derived proxy,Derived proxy,Derived proxy,,,30.39,15.39,Strong positive regression,Weak Contact-First Profile profile. 3.9% barrel rate; 83.1 mph average exit velocity; 25.9% air-ball rate; 33.9% pull-air rate; 5.8% HR-launch rate.,0.0282,0.0289,4.09,141,37,31.2,4.52,451.9,Very long drought,696149.0,Bubba Chandler,R,LHB vs RHP,24,23,121.1,4.23,1.37,10,0.74,8.01,4.75,718.0,3.2,21.3,13.8,34.5,26.9,83.1,93.8,114.8,0.479,10.0,41.7,99.7,0.612,4.7,4-Seam Fastball,L,LHB vs RHP,35.9,358,0.324,0.397,0.513,0.909,11,40,53,0.0307,5.4,0.615,284,0.0282,4.5,0.546,2,2,0,0/2,0.0,0.0,0.0,0.0,0,0,0,39.8,Slight Pitcher Advantage,Below average,45.0,5,Pitch-level Statcast · last 5 MLB games,443,4-Seam Fastball,52.59593679458239,233.0,Slider,27.539503386004515,122.0,Changeup,11.512415349887133,51.0,Sinker,4.063205417607223,18.0,Unknown,,Unknown,,No,100.0,1.0,1.0,50.0,0.983,0.957,39.2,Current-Season Handedness Matchup,Pull Air %,Barrel %,Max Exit Velocity,35.9,22.3,41.7,20.8,50.0,45.0,34.6,3.91,0.758,0.942,1.025,1.0,0.926,0.926,1.06,11.3,5.64,84.8,31.8,D,Lineup unconfirmed,Curveball,4.063205417607223,18.0,Sweeper,0.22573363431151242,1.0,,,
240,2026-08-21,823746,2026-08-21T20:10:00Z,Scheduled,American Family Field,Atlanta Braves @ Milwaukee Brewers,Home,669003,Garrett Mitchell,Milwaukee Brewers,Atlanta Braves,CF,L,No,,115,425,368,96,26,3,9,54,54,51,4,135,0.261,0.356,0.421,0.777,10,37,33,10,1,0.303,0.027,23,91,76,15,1,0.197,0.011,446,94,5.5,29.4,36.6,35.8,27.6,7.5,20.2,25.1,28.1,6.8,2.9,6.8,17.3,84.7,9.4,0.631,75.8,97.6,114.0,74.1,12.0,15.9,53.7,35.8,Below Average,2.5,Contact-First Profile,C,Low line-drive plane,35.8,Below Average,0.96,Good,3.2,18.8,97.2,0.525,Derived proxy,Derived proxy,Derived proxy,Derived proxy,,,21.26,12.26,Strong positive regression,Below Average Contact-First Profile profile. 5.5% barrel rate; 84.7 mph average exit velocity; 20.2% air-ball rate; 25.1% pull-air rate; 6.8% HR-launch rate.,0.0212,0.0236,3.99,0,0,40.9,0.0,0.0,Very recent HR,519242.0,Chris Sale,L,LHB vs LHP,22,22,129.0,2.16,1.02,8,0.56,11.16,1.95,675.0,3.3,19.6,11.1,35.7,32.0,81.7,93.2,113.2,0.497,8.0,48.1,100.0,0.667,5.2,4-Seam Fastball,L,LHB vs LHP,17.3,93,0.26,0.37,0.351,0.72,0,11,28,0.0,3.3,0.516,127,0.0079,3.9,0.476,2,2,0,0/2,0.0,0.0,0.0,0.0,0,0,2,33.6,Slight Pitcher Advantage,Below average,45.0,5,Pitch-level Statcast · last 5 MLB games,492,4-Seam Fastball,44.91869918699187,221.0,Slider,39.43089430894309,194.0,Changeup,9.34959349593496,46.0,Sinker,6.300813008130081,31.0,Unknown,,Unknown,,No,100.0,1.0,1.0,50.0,0.996,0.958,35.3,Current-Season Handedness Matchup,Pull Air %,Barrel %,Max Exit Velocity,17.3,23.0,48.1,21.0,50.0,45.0,34.4,3.91,0.936,0.914,0.985,1.0,0.96,0.96,0.98,9.07,5.26,84.3,22.1,F,Lineup unconfirmed,,,,,,,,,
241,2026-08-21,825045,2026-08-22T01:40:00Z,Scheduled,Chase Field,Cincinnati Reds @ Arizona Diamondbacks,Away,663647,Ke'Bryan Hayes,Cincinnati Reds,Arizona Diamondbacks,3B,R,No,,74,196,184,28,2,1,5,18,8,10,2,38,0.152,0.204,0.255,0.459,12,24,23,5,1,0.217,0.0417,23,50,47,8,3,0.17,0.06,209,56,5.6,27.4,30.6,26.5,40.6,21.8,38.9,35.4,31.1,10.0,6.5,10.0,62.1,84.3,20.5,0.54,69.6,95.5,108.1,6.6,15.6,3.0,60.6,30.8,Weak,2.0,Contact-First Profile,A-,Elevated power plane,30.8,Weak,0.946,Good,5.4,40.0,94.0,0.595,Derived proxy,Derived proxy,Derived proxy,Derived proxy,,,11.29,6.29,Strong positive regression,Weak Contact-First Profile profile. 5.6% barrel rate; 84.3 mph average exit velocity; 38.9% air-ball rate; 35.4% pull-air rate; 10.0% HR-launch rate.,0.0255,0.028,3.87,9,6,36.8,0.24,24.5,Very recent HR,593958.0,Eduardo Rodriguez,L,RHB vs LHP,25,25,149.1,2.71,1.21,14,0.84,6.39,2.83,838.0,5.3,22.2,15.9,38.4,30.9,81.6,93.8,112.0,0.545,14.0,15.3,99.9,0.389,2.7,4-Seam Fastball,R,RHB vs LHP,34.0,46,0.186,0.239,0.279,0.518,1,2,8,0.0217,1.9,0.503,431,0.0255,4.6,0.529,6,5,0,0/5,0.0,0.0,0.0,0.0,0,0,1,27.7,Strong Pitcher Advantage,Below average,35.0,5,Pitch-level Statcast · last 5 MLB games,516,4-Seam Fastball,40.116279069767444,207.0,Changeup,23.643410852713178,122.0,Cutter,14.34108527131783,74.0,Curveball,12.4031007751938,64.0,Unknown,,Unknown,,No,100.0,1.0,1.0,50.0,0.931,0.978,39.9,Current-Season Handedness Matchup,Pull Air %,Barrel %,Max Exit Velocity,34.0,32.0,15.3,38.3,50.0,45.0,34.4,3.91,1.261,0.958,1.025,0.94,0.946,0.889,0.98,10.4,6.75,70.0,20.6,F,Lineup unconfirmed,Sinker,9.30232558139535,48.0,Pitch Out,0.1937984496124031,1.0,,,
242,2026-08-21,823262,2026-08-22T01:40:00Z,Scheduled,Petco Park,Minnesota Twins @ San Diego Padres,Home,666023,Freddy Fermin,San Diego Padres,Minnesota Twins,C,R,No,,78,217,191,37,10,0,4,18,16,17,3,44,0.194,0.268,0.309,0.577,7,20,20,5,0,0.25,0.0,16,48,46,14,1,0.304,0.0208,291,59,3.3,20.1,42.7,32.1,25.2,15.4,28.1,47.5,28.0,6.5,3.3,6.5,48.8,82.5,16.4,0.447,66.9,93.5,106.6,5.6,10.6,1.2,49.9,24.6,Weak,2.0,Pull Power,A,Excellent HR swing plane,24.6,Weak,0.929,Good,5.1,50.0,95.0,0.531,Derived proxy,Derived proxy,Derived proxy,Derived proxy,,,10.94,6.94,Strong positive regression,Weak Pull Power profile. 3.3% barrel rate; 82.5 mph average exit velocity; 28.1% air-ball rate; 47.5% pull-air rate; 6.5% HR-launch rate.,0.0184,0.0233,3.81,29,9,47.8,0.61,60.7,Recently homered,687570.0,Connor Prielipp,L,RHB vs LHP,17,17,87.2,5.34,1.38,12,1.23,9.65,3.7,498.0,4.6,24.1,13.3,40.8,31.1,83.2,95.0,113.1,0.557,12.0,11.7,99.9,0.353,2.7,Slider,R,RHB vs LHP,34.4,61,0.196,0.25,0.357,0.607,2,4,12,0.0328,3.5,0.438,271,0.0332,4.3,0.544,0,0,0,0/0,,,,,0,0,0,29.5,Strong Pitcher Advantage,Below average,50.0,5,Pitch-level Statcast · last 5 MLB games,433,Slider,31.17782909930716,135.0,4-Seam Fastball,25.86605080831409,112.0,Sinker,21.939953810623557,95.0,Curveball,15.242494226327944,66.0,Unknown,,Unknown,,No,94.0,0.94,1.0,39.2,0.923,0.971,40.8,Current-Season Handedness Matchup,Pull Air %,Barrel %,Max Exit Velocity,34.4,32.9,11.7,49.0,39.2,45.0,34.3,3.9,0.838,1.021,1.025,0.94,0.929,0.873,1.0,8.58,4.67,71.3,17.5,F,Lineup unconfirmed,Changeup,5.773672055427252,25.0,,,,,,
243,2026-08-21,823101,2026-08-22T02:10:00Z,Scheduled,T-Mobile Park,Chicago Cubs @ Seattle Mariners,Home,621493,Taylor Ward,Seattle Mariners,Chicago Cubs,LF,R,No,,121,546,448,107,20,1,7,66,32,89,6,113,0.239,0.37,0.335,0.705,6,26,24,4,0,0.167,0.0,19,78,69,12,0,0.174,0.0,583,82,3.5,23.3,33.9,30.0,35.7,16.7,30.1,28.3,30.4,6.4,2.7,6.4,22.8,83.0,17.5,0.483,67.3,94.0,108.3,2.8,11.4,0.8,45.2,18.9,Weak,2.0,Contact-First Profile,A,Excellent HR swing plane,18.9,Weak,0.913,Good,3.7,21.7,93.7,0.454,Derived proxy,Derived proxy,Derived proxy,Derived proxy,,,20.1,13.1,Strong positive regression,Weak Contact-First Profile profile. 3.5% barrel rate; 83.0 mph average exit velocity; 30.1% air-ball rate; 28.3% pull-air rate; 6.4% HR-launch rate.,0.0128,0.0163,3.99,88,24,64.0,1.38,137.5,Above normal drought,571510.0,Matthew Boyd,L,RHB vs LHP,15,15,85.0,4.02,1.24,13,1.38,7.2,2.75,483.0,6.2,22.8,13.0,46.8,30.8,81.6,94.1,112.5,0.567,13.0,26.6,100.0,0.494,3.1,4-Seam Fastball,R,RHB vs LHP,41.1,155,0.248,0.381,0.4,0.781,4,28,30,0.0258,5.4,0.598,263,0.0456,6.9,0.587,4,3,1,1/3,0.333,0.5,0.333,0.833,0,1,1,37.4,Slight Pitcher Advantage,Below average,48.2,5,Pitch-level Statcast · last 5 MLB games,473,4-Seam Fastball,45.03171247357294,213.0,Changeup,24.312896405919663,115.0,Curveball,17.12473572938689,81.0,Slider,13.10782241014799,62.0,Unknown,,Unknown,,No,92.0,0.92,1.0,35.6,0.953,0.987,34.8,Current-Season Handedness Matchup,Pull Air %,Barrel %,Max Exit Velocity,41.1,42.4,26.6,16.6,35.6,45.0,34.3,3.9,0.758,1.045,1.025,0.965,0.913,0.881,1.035,6.34,3.99,83.2,21.7,F,Lineup unconfirmed,Sinker,0.42283298097251587,2.0,,,,,,
244,2026-08-21,824072,2026-08-22T00:10:00Z,Scheduled,Kauffman Stadium,Detroit Tigers @ Kansas City Royals,Home,521692,Salvador Perez,Kansas City Royals,Detroit Tigers,DH,R,No,,119,497,457,100,18,1,16,43,56,19,12,97,0.219,0.265,0.368,0.633,10,40,35,9,0,0.257,0.0,24,98,88,22,2,0.25,0.0204,731,145,5.3,22.5,37.0,32.6,30.4,16.4,28.0,38.5,30.6,6.8,4.3,6.8,35.4,82.1,21.1,0.531,69.8,93.6,110.5,16.1,10.5,4.5,53.3,29.0,Weak,2.0,Contact-First Profile,A-,Elevated power plane,29.0,Weak,0.941,Good,4.8,30.2,92.6,0.541,Derived proxy,Derived proxy,Derived proxy,Derived proxy,,,34.67,18.67,Strong positive regression,Weak Contact-First Profile profile. 5.3% barrel rate; 82.1 mph average exit velocity; 28.0% air-ball rate; 38.5% pull-air rate; 6.8% HR-launch rate.,0.0322,0.0322,3.81,52,15,28.6,1.82,182.1,Above normal drought,675512.0,Troy Melton,R,RHB vs RHP,14,14,84.1,1.49,0.96,8,0.85,7.79,2.67,419.0,4.1,25.8,12.9,38.5,26.7,83.4,95.4,111.9,0.432,8.0,32.7,100.0,0.533,4.2,4-Seam Fastball,R,RHB vs RHP,24.7,355,0.198,0.243,0.338,0.581,12,13,72,0.0338,4.8,0.498,132,0.0076,4.5,0.42,5,4,0,0/4,0.0,0.2,0.0,0.2,0,1,1,30.1,Slight Pitcher Advantage,Below average,37.5,5,Pitch-level Statcast · last 5 MLB games,458,4-Seam Fastball,31.87772925764192,146.0,Cutter,24.017467248908297,110.0,Slider,13.318777292576419,61.0,Split-Finger,12.882096069868995,59.0,Unknown,,Unknown,,No,100.0,1.0,1.0,50.0,0.965,0.966,39.1,Current-Season Handedness Matchup,Pull Air %,Barrel %,Max Exit Velocity,24.7,25.5,32.7,25.1,50.0,45.0,34.2,3.9,0.791,0.96,0.985,0.975,0.941,0.918,1.035,11.71,5.69,84.8,25.9,F,Lineup unconfirmed,Curveball,10.043668122270743,46.0,Sinker,6.11353711790393,28.0,Changeup,1.7467248908296944,8.0
245,2026-08-21,823101,2026-08-22T02:10:00Z,Scheduled,T-Mobile Park,Chicago Cubs @ Seattle Mariners,Away,665804,Miguel Amaya,Chicago Cubs,Seattle Mariners,C,R,No,,69,208,177,42,9,0,5,30,22,21,8,54,0.237,0.345,0.373,0.718,6,19,17,4,2,0.235,0.1053,15,43,39,10,2,0.256,0.0465,264,51,4.3,22.2,41.8,28.6,29.6,15.3,26.4,43.7,29.2,9.2,4.7,9.2,59.4,82.7,22.5,0.503,68.7,93.9,105.4,10.5,14.3,1.4,57.9,28.2,Weak,2.0,Pull Power,A-,Elevated power plane,28.2,Weak,0.939,Good,5.9,42.9,95.3,0.572,Derived proxy,Derived proxy,Derived proxy,Derived proxy,,,12.0,7.0,Strong positive regression,Weak Pull Power profile. 4.3% barrel rate; 82.7 mph average exit velocity; 26.4% air-ball rate; 43.7% pull-air rate; 9.2% HR-launch rate.,0.024,0.027,4.05,3,2,35.4,0.08,8.5,Very recent HR,676106.0,Emerson Hancock,R,RHB vs RHP,23,23,128.0,3.3,1.11,16,1.13,8.37,2.25,732.0,4.8,23.1,14.5,33.7,30.7,83.2,94.4,114.7,0.547,16.0,29.3,99.8,0.504,4.0,4-Seam Fastball,R,RHB vs RHP,27.0,145,0.224,0.326,0.376,0.702,4,12,42,0.0276,4.2,0.476,222,0.027,3.6,0.501,2,2,0,0/2,0.0,0.0,0.0,0.0,0,0,0,31.4,Slight Pitcher Advantage,Below average,45.0,5,Pitch-level Statcast · last 5 MLB games,474,4-Seam Fastball,41.561181434599156,197.0,Sinker,23.839662447257385,113.0,Sweeper,10.759493670886076,51.0,Cutter,10.126582278481013,48.0,Unknown,,Unknown,,No,92.0,0.92,1.0,35.6,0.959,0.973,37.8,Current-Season Handedness Matchup,Pull Air %,Barrel %,Max Exit Velocity,27.0,27.7,29.3,44.7,35.6,45.0,34.1,3.9,1.35,1.005,0.985,1.0,0.939,0.939,0.98,10.47,7.1,70.3,22.2,F,Lineup unconfirmed,Curveball,9.70464135021097,46.0,Changeup,4.008438818565401,19.0,,,
246,2026-08-21,823911,2026-08-22T02:10:00Z,Scheduled,UNIQLO Field at Dodger Stadium,Pittsburgh Pirates @ Los Angeles Dodgers,Away,687462,Spencer Horwitz,Pittsburgh Pirates,Los Angeles Dodgers,1B,L,No,,87,348,293,75,12,1,10,37,38,44,7,49,0.256,0.362,0.406,0.768,7,32,27,3,0,0.111,0.0,13,53,47,6,0,0.128,0.0,463,72,2.8,16.2,49.5,24.9,25.6,15.0,25.6,42.1,23.2,4.1,2.4,4.1,50.0,81.1,18.0,0.384,67.4,92.0,106.4,3.8,7.3,1.0,51.4,18.2,Weak,1.5,Pull Power,A,Excellent HR swing plane,18.2,Weak,0.911,Good,0.0,44.4,90.0,0.281,Derived proxy,Derived proxy,Derived proxy,Derived proxy,,,13.86,3.86,Positive regression,Weak Pull Power profile. 2.8% barrel rate; 81.1 mph average exit velocity; 25.6% air-ball rate; 42.1% pull-air rate; 4.1% HR-launch rate.,0.0287,0.0296,4.05,58,16,29.3,1.98,198.0,Above normal drought,808967.0,Yoshinobu Yamamoto,R,LHB vs RHP,22,22,145.1,2.6,0.89,15,0.93,8.42,2.11,711.0,3.8,23.3,12.9,44.9,28.3,81.9,94.4,114.2,0.467,15.0,37.9,99.7,0.504,8.3,4-Seam Fastball,L,LHB vs RHP,26.9,288,0.267,0.372,0.436,0.808,9,37,39,0.0312,4.7,0.465,289,0.0242,3.7,0.472,0,0,0,0/0,,,,,0,0,0,35.4,Slight Pitcher Advantage,Below average,50.0,5,Pitch-level Statcast · last 5 MLB games,502,4-Seam Fastball,26.49402390438247,133.0,Split-Finger,25.298804780876495,127.0,Cutter,21.314741035856574,107.0,Sinker,12.151394422310757,61.0,Unknown,,Unknown,,No,100.0,1.0,1.0,50.0,0.976,0.963,33.0,Current-Season Handedness Matchup,Pull Air %,Barrel %,Max Exit Velocity,26.9,29.6,37.9,26.9,50.0,45.0,34.1,3.89,0.758,0.973,1.025,1.0,0.911,0.911,1.035,11.45,5.64,81.1,27.8,F,Lineup unconfirmed,Curveball,10.159362549800797,51.0,Slider,4.581673306772909,23.0,,,
247,2026-08-21,823101,2026-08-22T02:10:00Z,Scheduled,T-Mobile Park,Chicago Cubs @ Seattle Mariners,Away,699393,Pedro Ramírez,Chicago Cubs,Seattle Mariners,2B,S,No,,52,152,137,39,10,1,2,20,15,13,0,30,0.285,0.344,0.416,0.76,9,30,27,6,0,0.222,0.0,22,75,67,19,1,0.284,0.0133,203,105,2.6,27.6,48.6,29.3,22.1,9.4,24.0,47.5,32.8,4.2,2.3,4.2,37.7,83.7,13.8,0.451,70.2,95.3,109.7,20.4,9.8,7.8,40.8,28.4,Weak,2.0,Pull Power,A,Excellent HR swing plane,28.4,Weak,0.94,Good,2.9,50.0,94.6,0.459,Derived proxy,Derived proxy,Derived proxy,Derived proxy,,,6.39,4.39,Strong positive regression,Weak Pull Power profile. 2.6% barrel rate; 83.7 mph average exit velocity; 24.0% air-ball rate; 47.5% pull-air rate; 4.2% HR-launch rate.,0.0132,0.0215,4.05,27,9,68.5,0.39,39.4,Recently homered,676106.0,Emerson Hancock,R,Switch vs RHP,23,23,128.0,3.3,1.11,16,1.13,8.37,2.25,732.0,4.8,23.1,14.5,33.7,30.7,83.2,94.4,114.7,0.547,16.0,22.4,99.8,0.444,3.5,4-Seam Fastball,L,LHB vs RHP,23.4,126,0.274,0.336,0.389,0.725,1,11,28,0.0079,1.9,0.422,295,0.0339,5.7,0.584,0,0,0,0/0,,,,,0,0,0,28.4,Strong Pitcher Advantage,Below average,50.0,5,Pitch-level Statcast · last 5 MLB games,474,4-Seam Fastball,41.561181434599156,197.0,Sinker,23.839662447257385,113.0,Sweeper,10.759493670886076,51.0,Cutter,10.126582278481013,48.0,Unknown,,Unknown,,No,92.0,0.92,1.0,35.6,0.945,0.973,40.8,Current-Season Handedness Matchup,Pull Air %,Barrel %,Max Exit Velocity,23.4,27.7,22.4,43.3,35.6,45.0,34.0,3.89,0.789,1.005,1.035,1.0,0.94,0.94,1.0,8.42,4.64,68.9,18.7,F,Lineup unconfirmed,Curveball,9.70464135021097,46.0,Changeup,4.008438818565401,19.0,,,
248,2026-08-21,824152,2026-08-22T00:10:00Z,Scheduled,Daikin Park,Athletics @ Houston Astros,Away,666126,Carlos Cortes,Athletics,Houston Astros,RF,L,No,,95,292,258,67,15,1,7,24,35,27,4,43,0.26,0.336,0.407,0.743,9,30,27,7,0,0.259,0.0,17,47,40,7,0,0.175,0.0,389,48,2.7,20.0,40.8,26.6,32.0,12.2,27.1,28.7,30.8,4.8,3.8,4.8,43.8,82.4,16.4,0.416,68.6,93.2,107.7,11.7,10.8,2.5,40.9,17.3,Weak,1.5,Contact-First Profile,A,Excellent HR swing plane,17.3,Weak,0.908,Good,0.0,21.4,90.5,0.318,Derived proxy,Derived proxy,Derived proxy,Derived proxy,,,10.71,3.71,Positive regression,Weak Contact-First Profile profile. 2.7% barrel rate; 82.4 mph average exit velocity; 27.1% air-ball rate; 28.7% pull-air rate; 4.8% HR-launch rate.,0.024,0.0263,4.05,46,20,36.9,1.25,124.8,Near normal interval,669713.0,Hayden Wesneski,R,LHB vs RHP,4,4,22.2,5.16,1.32,2,0.79,7.15,2.78,109.0,5.5,32.1,17.4,41.0,29.4,85.4,97.9,109.2,0.518,2.0,35.6,100.0,0.551,4.8,Sweeper,L,LHB vs RHP,36.9,271,0.247,0.325,0.397,0.722,7,26,39,0.0258,4.3,0.48,48,0.0417,10.7,0.591,0,0,0,0/0,,,,,0,0,0,39.1,Slight Pitcher Advantage,Below average,50.0,4,Pitch-level Statcast · last 5 MLB games,321,Sweeper,29.28348909657321,94.0,4-Seam Fastball,24.922118380062305,80.0,Sinker,19.626168224299064,63.0,Cutter,16.1993769470405,52.0,Unknown,,Unknown,,No,100.0,1.0,1.0,50.0,0.971,0.98,31.6,Current-Season Handedness Matchup,Pull Air %,Barrel %,Max Exit Velocity,36.9,38.5,35.6,6.4,50.0,45.0,33.9,3.89,0.758,0.984,1.025,1.0,0.908,0.908,1.0,10.24,5.22,76.6,22.8,F,Lineup unconfirmed,Changeup,9.345794392523365,30.0,Curveball,0.6230529595015576,2.0,,,
249,2026-08-21,824317,2026-08-22T00:40:00Z,Scheduled,Coors Field,Cleveland Guardians @ Colorado Rockies,Home,687597,Jordan Beck,Colorado Rockies,Cleveland Guardians,LF,R,No,,40,122,112,20,7,2,1,11,10,9,0,33,0.179,0.238,0.304,0.542,7,25,21,2,0,0.095,0.0,10,34,30,5,0,0.167,0.0,155,37,4.4,21.6,41.0,26.1,32.2,18.1,26.2,31.6,20.8,3.0,0.0,3.0,10.8,81.5,17.1,0.388,72.1,93.6,110.0,37.2,7.5,9.6,50.9,22.9,Weak,2.0,Contact-First Profile,A,Excellent HR swing plane,22.9,Weak,0.924,Good,5.4,30.0,96.1,0.34,Derived proxy,Derived proxy,Derived proxy,Derived proxy,,,5.56,4.56,Strong positive regression,Weak Contact-First Profile profile. 4.4% barrel rate; 81.5 mph average exit velocity; 26.2% air-ball rate; 31.6% pull-air rate; 3.0% HR-launch rate.,0.0082,0.02,3.81,77,28,112.0,0.69,68.8,Recently homered,676282.0,Joey Cantillo,L,RHB vs LHP,26,26,125.2,3.8,1.44,15,1.07,9.95,4.23,624.0,4.8,25.0,15.2,43.6,25.6,81.8,94.9,113.4,0.52,15.0,9.7,99.9,0.347,1.9,4-Seam Fastball,R,RHB vs LHP,32.8,56,0.294,0.339,0.471,0.81,1,4,16,0.0179,4.3,0.491,412,0.0291,4.8,0.502,0,0,0,0/0,,,,,0,0,0,28.2,Strong Pitcher Advantage,Below average,50.0,5,Pitch-level Statcast · last 5 MLB games,362,Curveball,44.751381215469614,162.0,4-Seam Fastball,27.900552486187845,101.0,Changeup,18.50828729281768,67.0,Cutter,8.839779005524862,32.0,Unknown,,Unknown,,No,118.0,1.18,1.0,82.4,0.92,0.973,33.8,Current-Season Handedness Matchup,Pull Air %,Barrel %,Max Exit Velocity,32.8,34.1,9.7,33.2,82.4,45.0,33.8,3.88,0.758,0.995,1.025,0.94,0.924,0.869,1.0,7.41,4.52,63.4,16.1,F,Lineup unconfirmed,,,,,,,,,
250,2026-08-21,825045,2026-08-22T01:40:00Z,Scheduled,Chase Field,Cincinnati Reds @ Arizona Diamondbacks,Home,672695,Geraldo Perdomo,Arizona Diamondbacks,Cincinnati Reds,SS,S,No,,123,533,442,108,17,6,9,59,43,75,4,66,0.244,0.355,0.371,0.726,10,44,37,9,0,0.243,0.0,25,114,96,26,2,0.271,0.0175,717,158,1.9,19.9,49.7,22.1,27.9,15.5,29.5,43.9,30.8,4.5,4.2,4.5,65.1,81.9,17.8,0.411,63.7,93.0,107.7,0.8,9.1,0.4,48.5,21.9,Weak,2.0,Pull Power,A,Excellent HR swing plane,21.9,Weak,0.921,Good,1.9,46.9,93.0,0.431,Derived proxy,Derived proxy,Derived proxy,Derived proxy,,,18.61,9.61,Strong positive regression,Weak Pull Power profile. 1.9% barrel rate; 81.9 mph average exit velocity; 29.5% air-ball rate; 43.9% pull-air rate; 4.5% HR-launch rate.,0.0169,0.0197,3.99,60,16,49.1,1.22,122.2,Near normal interval,666157.0,Nick Lodolo,L,Switch vs LHP,14,14,71.2,4.52,1.42,12,1.51,7.16,3.64,405.0,6.4,24.9,13.3,35.4,32.6,83.4,95.9,115.9,0.595,12.0,12.3,100.0,0.373,1.7,Sinker,R,RHB vs LHP,25.7,163,0.25,0.348,0.333,0.681,1,22,20,0.0061,0.9,0.336,239,0.046,8.0,0.621,6,6,2,2/6,0.333,0.333,0.833,1.166,1,0,2,28.9,Strong Pitcher Advantage,Below average,65.0,5,Pitch-level Statcast · last 5 MLB games,414,4-Seam Fastball,28.502415458937197,118.0,Sinker,26.08695652173913,108.0,Changeup,23.67149758454106,98.0,Curveball,21.73913043478261,90.0,Unknown,,Unknown,,No,100.0,1.0,1.0,50.0,0.925,0.989,35.8,Current-Season Handedness Matchup,Pull Air %,Barrel %,Max Exit Velocity,25.7,38.6,12.3,35.3,50.0,45.0,33.8,3.88,0.838,1.066,1.035,1.0,0.921,0.921,1.0,7.62,4.82,85.0,22.9,F,Lineup unconfirmed,,,,,,,,,
251,2026-08-21,823911,2026-08-22T02:10:00Z,Scheduled,UNIQLO Field at Dodger Stadium,Pittsburgh Pirates @ Los Angeles Dodgers,Home,681624,Andy Pages,Los Angeles Dodgers,Pittsburgh Pirates,CF,R,No,,127,548,492,134,25,2,21,72,80,45,6,106,0.272,0.338,0.459,0.797,12,53,48,15,2,0.312,0.0377,25,110,100,30,4,0.3,0.0364,775,168,3.7,23.1,40.9,23.9,35.2,12.7,26.6,39.7,32.5,6.6,3.9,6.6,70.7,82.5,18.4,0.546,70.9,94.3,109.4,24.3,11.1,7.8,42.3,29.8,Weak,2.0,Contact-First Profile,A,Excellent HR swing plane,29.8,Weak,0.943,Good,3.0,41.9,93.8,0.521,Derived proxy,Derived proxy,Derived proxy,Derived proxy,,,29.58,8.58,Strong positive regression,Weak Contact-First Profile profile. 3.7% barrel rate; 82.5 mph average exit velocity; 26.6% air-ball rate; 39.7% pull-air rate; 6.6% HR-launch rate.,0.0383,0.0372,3.99,14,3,23.4,0.6,59.8,Recently homered,696149.0,Bubba Chandler,R,RHB vs RHP,24,23,121.1,4.23,1.37,10,0.74,8.01,4.75,718.0,3.2,21.3,13.8,34.5,26.9,83.1,93.8,114.8,0.479,10.0,34.3,99.7,0.549,4.2,4-Seam Fastball,R,RHB vs RHP,22.0,388,0.264,0.322,0.426,0.748,13,27,78,0.0335,3.6,0.513,244,0.0082,1.6,0.398,2,2,1,1/2,0.5,0.5,2.0,2.5,1,0,0,32.9,Slight Pitcher Advantage,Below average,55.0,5,Pitch-level Statcast · last 5 MLB games,443,4-Seam Fastball,52.59593679458239,233.0,Slider,27.539503386004515,122.0,Changeup,11.512415349887133,51.0,Sinker,4.063205417607223,18.0,Unknown,,Unknown,,No,100.0,1.0,1.0,50.0,0.969,0.957,37.6,Current-Season Handedness Matchup,Pull Air %,Barrel %,Max Exit Velocity,22.0,22.3,34.3,34.3,50.0,45.0,33.8,3.88,0.999,0.942,0.985,1.0,0.943,0.943,1.0,14.03,7.31,85.0,25.8,F,Lineup unconfirmed,Curveball,4.063205417607223,18.0,Sweeper,0.22573363431151242,1.0,,,
252,2026-08-21,825045,2026-08-22T01:40:00Z,Scheduled,Chase Field,Cincinnati Reds @ Arizona Diamondbacks,Home,543510,James McCann,Arizona Diamondbacks,Cincinnati Reds,C,R,No,,38,123,115,34,5,0,4,11,21,5,1,29,0.296,0.331,0.443,0.774,6,19,16,4,0,0.25,0.0,12,45,41,15,1,0.366,0.0222,154,57,4.2,25.3,33.1,31.7,35.2,13.4,28.1,29.4,32.1,3.1,2.7,3.1,54.6,82.3,15.4,0.505,69.4,95.0,109.4,20.3,11.5,4.5,38.6,22.1,Weak,2.0,Contact-First Profile,A,Excellent HR swing plane,22.1,Weak,0.922,Good,3.5,31.6,94.3,0.521,Derived proxy,Derived proxy,Derived proxy,Derived proxy,,,5.35,1.35,Near expected,Weak Contact-First Profile profile. 4.2% barrel rate; 82.3 mph average exit velocity; 28.1% air-ball rate; 29.4% pull-air rate; 3.1% HR-launch rate.,0.0325,0.0323,3.99,21,7,28.8,0.73,73.0,Recently homered,666157.0,Nick Lodolo,L,RHB vs LHP,14,14,71.2,4.52,1.42,12,1.51,7.16,3.64,405.0,6.4,24.9,13.3,35.4,32.6,83.4,95.9,115.9,0.595,12.0,12.7,100.0,0.364,2.6,Sinker,R,RHB vs LHP,38.8,48,0.289,0.333,0.333,0.667,0,3,9,0.0,1.5,0.372,239,0.046,8.0,0.621,2,2,0,0/2,0.0,0.0,0.0,0.0,0,0,1,30.9,Slight Pitcher Advantage,Below average,45.0,5,Pitch-level Statcast · last 5 MLB games,414,4-Seam Fastball,28.502415458937197,118.0,Sinker,26.08695652173913,108.0,Changeup,23.67149758454106,98.0,Curveball,21.73913043478261,90.0,Unknown,,Unknown,,No,100.0,1.0,1.0,50.0,0.925,0.989,37.1,Current-Season Handedness Matchup,Pull Air %,Barrel %,Max Exit Velocity,38.8,38.6,12.7,26.8,50.0,45.0,33.7,3.88,0.801,1.066,1.025,1.0,0.922,0.922,1.0,12.27,6.26,64.4,20.9,F,Lineup unconfirmed,,,,,,,,,
253,2026-08-21,823420,2026-08-21T22:40:00Z,Scheduled,Citizens Bank Park,St. Louis Cardinals @ Philadelphia Phillies,Away,665877,José Fermín,St. Louis Cardinals,Philadelphia Phillies,LF,R,No,,90,271,238,59,13,0,5,22,30,26,1,33,0.248,0.322,0.366,0.688,11,35,26,9,0,0.346,0.0,25,80,66,15,1,0.227,0.0125,360,98,1.6,23.9,50.1,33.0,16.9,15.3,30.4,60.1,27.7,5.4,4.1,5.4,81.4,82.4,19.3,0.418,66.0,94.7,111.4,2.5,11.5,1.4,60.1,27.4,Weak,2.0,Pull Power,A,Excellent HR swing plane,27.4,Weak,0.937,Good,1.0,63.6,95.4,0.439,Derived proxy,Derived proxy,Derived proxy,Derived proxy,,,10.43,5.43,Strong positive regression,Weak Pull Power profile. 1.6% barrel rate; 82.4 mph average exit velocity; 30.4% air-ball rate; 60.1% pull-air rate; 5.4% HR-launch rate.,0.0185,0.0226,4.05,56,20,47.6,1.18,117.6,Near normal interval,666200.0,Jesús Luzardo,L,RHB vs LHP,25,25,150.1,3.23,1.15,12,0.72,11.08,2.75,698.0,3.6,20.5,11.5,37.3,28.4,81.7,93.4,110.9,0.454,12.0,10.3,100.0,0.353,0.9,Sweeper,R,RHB vs LHP,22.7,127,0.264,0.349,0.418,0.767,3,15,14,0.0236,2.8,0.419,469,0.0235,4.3,0.504,2,2,0,0/2,0.0,0.0,0.0,0.0,0,0,0,22.8,Strong Pitcher Advantage,Below average,45.0,5,Pitch-level Statcast · last 5 MLB games,512,Sweeper,41.015625,210.0,4-Seam Fastball,25.9765625,133.0,Sinker,18.75,96.0,Changeup,14.2578125,73.0,Unknown,,Unknown,,No,108.0,1.08,1.0,64.4,0.921,0.961,42.2,Current-Season Handedness Matchup,Pull Air %,Barrel %,Max Exit Velocity,22.7,22.9,10.3,44.8,64.4,45.0,33.6,3.88,0.777,0.939,1.025,1.0,0.937,0.937,1.0,8.85,4.83,77.8,21.1,F,Lineup unconfirmed,,,,,,,,,
254,2026-08-21,823101,2026-08-22T02:10:00Z,Scheduled,T-Mobile Park,Chicago Cubs @ Seattle Mariners,Home,640902,Jhonny Pereda,Seattle Mariners,Chicago Cubs,C,R,No,,24,79,74,20,0,0,2,9,4,4,1,15,0.27,0.316,0.351,0.667,4,8,8,3,0,0.375,0.0,5,11,11,3,0,0.273,0.0,119,8,1.5,22.2,28.2,36.0,32.6,6.1,24.7,29.0,37.3,3.8,3.0,3.8,100.0,82.0,15.7,0.474,69.8,92.8,105.7,7.1,9.8,0.6,43.4,17.3,Weak,1.5,Contact-First Profile,A,Excellent HR swing plane,17.3,Weak,0.908,Good,0.0,0.0,92.4,0.335,Derived proxy,Derived proxy,Derived proxy,Derived proxy,,,2.31,0.31,Near expected,Weak Contact-First Profile profile. 1.5% barrel rate; 82.0 mph average exit velocity; 24.7% air-ball rate; 29.0% pull-air rate; 3.8% HR-launch rate.,0.0253,0.0293,3.99,36,12,37.0,0.97,97.3,Near normal interval,571510.0,Matthew Boyd,L,RHB vs LHP,15,15,85.0,4.02,1.24,13,1.38,7.2,2.75,483.0,6.2,22.8,13.0,46.8,30.8,81.6,94.1,112.5,0.567,13.0,26.2,100.0,0.512,0.0,4-Seam Fastball,R,RHB vs LHP,50.2,18,0.267,0.389,0.467,0.856,1,2,3,0.0556,4.5,0.614,263,0.0456,6.9,0.587,0,0,0,0/0,,,,,0,0,0,41.7,Slight Pitcher Advantage,Below average,50.0,5,Pitch-level Statcast · last 5 MLB games,473,4-Seam Fastball,45.03171247357294,213.0,Changeup,24.312896405919663,115.0,Curveball,17.12473572938689,81.0,Slider,13.10782241014799,62.0,Unknown,,Unknown,,No,92.0,0.92,1.0,35.6,0.952,0.987,34.9,Current-Season Handedness Matchup,Pull Air %,Barrel %,Max Exit Velocity,50.2,42.4,26.2,8.8,35.6,45.0,33.6,3.88,1.0,1.045,1.025,1.0,0.908,0.908,1.0,11.21,6.4,58.5,19.7,F,Small season sample; Lineup unconfirmed,Sinker,0.42283298097251587,2.0,,,,,,
255,2026-08-21,824559,2026-08-21T23:40:00Z,Scheduled,Rate Field,New York Mets @ Chicago White Sox,Home,686668,Brenton Doyle,Chicago White Sox,New York Mets,CF,R,No,,60,162,150,32,6,0,2,25,6,12,0,50,0.213,0.272,0.293,0.565,11,24,24,5,1,0.208,0.0417,17,40,39,9,1,0.231,0.025,186,45,2.9,19.2,31.1,40.5,26.5,17.3,27.0,36.8,17.7,2.2,1.8,2.2,56.7,83.1,21.2,0.396,69.5,93.5,109.0,13.1,6.8,3.3,55.3,18.9,Weak,2.0,Contact-First Profile,A-,Elevated power plane,18.9,Weak,0.913,Good,2.2,33.3,94.6,0.367,Derived proxy,Derived proxy,Derived proxy,Derived proxy,,,5.22,3.22,Positive regression,Weak Contact-First Profile profile. 2.9% barrel rate; 83.1 mph average exit velocity; 27.0% air-ball rate; 36.8% pull-air rate; 2.2% HR-launch rate.,0.0123,0.0207,3.81,16,8,75.0,0.21,21.3,Very recent HR,640455.0,Sean Manaea,L,RHB vs LHP,26,12,111.0,4.22,1.32,16,1.3,9.16,3.0,671.0,4.8,22.4,14.2,50.6,31.3,80.7,93.6,114.6,0.571,16.0,17.8,100.0,0.396,3.6,4-Seam Fastball,R,RHB vs LHP,33.3,66,0.217,0.288,0.333,0.621,1,6,17,0.0152,5.3,0.413,328,0.0366,5.0,0.579,8,7,0,0/7,0.0,0.125,0.0,0.125,0,1,3,27.2,Strong Pitcher Advantage,Below average,30.0,5,Pitch-level Statcast · last 5 MLB games,457,4-Seam Fastball,53.82932166301969,246.0,Sweeper,26.695842450765863,122.0,Sinker,15.317286652078774,70.0,Changeup,2.4070021881838075,11.0,Unknown,,Unknown,,No,100.0,1.0,1.0,50.0,0.936,0.973,34.6,Current-Season Handedness Matchup,Pull Air %,Barrel %,Max Exit Velocity,33.3,38.5,17.8,26.1,50.0,45.0,33.6,3.87,1.26,1.032,1.025,0.94,0.913,0.858,0.98,7.66,5.65,66.8,18.4,F,Lineup unconfirmed,Cutter,1.75054704595186,8.0,,,,,,
256,2026-08-21,824800,2026-08-21T23:15:00Z,Scheduled,Oriole Park at Camden Yards,Tampa Bay Rays @ Baltimore Orioles,Home,665966,Carlos Narváez,Baltimore Orioles,Tampa Bay Rays,C,R,No,,76,239,209,35,6,0,3,17,10,16,6,78,0.167,0.244,0.239,0.483,11,33,30,2,0,0.067,0.0,20,57,47,3,0,0.064,0.0,306,56,3.8,20.0,30.0,42.9,27.2,15.6,26.1,27.2,33.5,5.1,3.2,5.1,16.2,81.0,24.1,0.482,69.3,92.4,108.2,17.0,9.3,2.9,49.3,19.8,Weak,2.0,Contact-First Profile,A-,Elevated power plane,19.8,Weak,0.915,Good,3.6,31.2,91.5,0.42,Derived proxy,Derived proxy,Derived proxy,Derived proxy,,,10.22,7.22,Strong positive regression,Weak Contact-First Profile profile. 3.8% barrel rate; 81.0 mph average exit velocity; 26.1% air-ball rate; 27.2% pull-air rate; 5.1% HR-launch rate.,0.0126,0.0191,3.81,51,22,69.7,0.73,73.2,Recently homered,642547.0,Freddy Peralta,R,RHB vs RHP,25,25,128.0,5.27,1.48,20,1.41,8.65,3.73,760.0,3.4,23.0,14.1,46.1,30.1,82.1,93.6,114.7,0.504,20.0,45.0,98.3,0.649,4.5,4-Seam Fastball,R,RHB vs RHP,24.7,180,0.16,0.234,0.237,0.471,3,11,61,0.0167,4.3,0.542,207,0.0242,2.9,0.479,2,1,0,0/1,0.0,0.5,0.0,0.5,0,1,0,36.0,Slight Pitcher Advantage,Below average,45.5,5,Pitch-level Statcast · last 5 MLB games,445,4-Seam Fastball,55.28089887640449,246.0,Changeup,23.370786516853933,104.0,Curveball,9.662921348314606,43.0,Sweeper,9.438202247191011,42.0,Unknown,,Unknown,,No,99.0,0.99,1.0,48.2,0.99,0.959,29.4,Current-Season Handedness Matchup,Pull Air %,Barrel %,Max Exit Velocity,24.7,30.7,45.0,21.1,48.2,45.0,33.6,3.87,0.758,1.05,0.985,0.94,0.915,0.861,1.0,7.07,4.17,73.6,17.0,F,Lineup unconfirmed,Slow Curve,1.348314606741573,6.0,Slider,0.898876404494382,4.0,,,
257,2026-08-21,824317,2026-08-22T00:40:00Z,Scheduled,Coors Field,Cleveland Guardians @ Colorado Rockies,Home,681198,TJ Rumfield,Colorado Rockies,Cleveland Guardians,1B,L,No,,123,497,438,128,25,2,13,54,60,48,9,71,0.292,0.372,0.447,0.819,10,42,36,9,0,0.25,0.0,22,88,81,22,0,0.272,0.0,692,135,2.3,15.3,43.8,25.7,30.0,15.0,28.8,37.2,34.5,3.7,2.4,3.7,38.4,79.9,19.4,0.443,66.4,91.1,110.8,7.3,7.3,1.8,38.2,18.3,Weak,1.5,Contact-First Profile,A,Excellent HR swing plane,18.3,Weak,0.911,Good,0.7,23.7,89.6,0.425,Derived proxy,Derived proxy,Derived proxy,Derived proxy,,,17.73,4.73,Strong positive regression,Weak Contact-First Profile profile. 2.3% barrel rate; 79.9 mph average exit velocity; 28.8% air-ball rate; 37.2% pull-air rate; 3.7% HR-launch rate.,0.0262,0.0273,4.09,94,26,33.7,2.79,279.0,Very long drought,676282.0,Joey Cantillo,L,LHB vs LHP,26,26,125.2,3.8,1.44,15,1.07,9.95,4.23,624.0,4.8,25.0,15.2,43.6,25.6,81.8,94.9,113.4,0.52,15.0,21.5,99.9,0.448,2.8,4-Seam Fastball,L,LHB vs LHP,20.1,150,0.261,0.34,0.366,0.706,2,15,20,0.0133,2.1,0.378,133,0.0226,4.9,0.568,0,0,0,0/0,,,,,0,0,0,26.6,Strong Pitcher Advantage,Below average,50.0,5,Pitch-level Statcast · last 5 MLB games,362,Curveball,44.751381215469614,162.0,4-Seam Fastball,27.900552486187845,101.0,Changeup,18.50828729281768,67.0,Cutter,8.839779005524862,32.0,Unknown,,Unknown,,No,118.0,1.18,1.0,82.4,0.943,0.973,32.9,Current-Season Handedness Matchup,Pull Air %,Barrel %,Max Exit Velocity,20.1,34.1,21.5,6.7,82.4,45.0,33.4,3.87,0.758,0.995,0.985,1.0,0.911,0.911,1.06,10.7,5.9,84.0,31.7,D,Lineup unconfirmed,,,,,,,,,
258,2026-08-21,823830,2026-08-21T23:10:00Z,Scheduled,loanDepot park,Washington Nationals @ Miami Marlins,Home,688363,Graham Pauley,Miami Marlins,Washington Nationals,3B,L,No,,46,115,108,21,9,0,1,9,14,5,0,27,0.194,0.228,0.306,0.534,5,9,8,2,0,0.25,0.0,8,16,15,5,0,0.333,0.0,158,23,4.0,19.3,64.2,16.3,19.5,14.2,26.4,66.7,30.3,5.8,4.0,5.8,11.9,81.0,20.2,0.429,69.3,92.1,106.2,17.0,11.4,4.0,53.3,28.3,Weak,2.0,Pull Power,A-,Elevated power plane,28.3,Weak,0.939,Good,4.3,66.7,92.4,0.565,Derived proxy,Derived proxy,Derived proxy,Derived proxy,,,6.91,5.91,Strong positive regression,Weak Pull Power profile. 4.0% barrel rate; 81.0 mph average exit velocity; 26.4% air-ball rate; 66.7% pull-air rate; 5.8% HR-launch rate.,0.0087,0.0206,3.81,48,24,108.0,0.44,44.4,Recently homered,695418.0,Brad Lord,R,LHB vs RHP,30,3,62.1,4.04,1.25,7,1.01,8.23,3.61,414.0,3.6,22.7,8.7,34.8,28.0,81.9,94.0,115.9,0.515,7.0,21.1,99.6,0.389,5.6,4-Seam Fastball,L,LHB vs RHP,29.1,108,0.196,0.231,0.314,0.545,1,5,26,0.0093,4.0,0.391,129,0.0388,5.7,0.702,0,0,0,0/0,,,,,0,0,0,30.5,Slight Pitcher Advantage,Below average,50.0,5,Pitch-level Statcast · last 5 MLB games,208,4-Seam Fastball,33.17307692307692,69.0,Sinker,27.403846153846153,57.0,Slider,25.0,52.0,Sweeper,11.538461538461538,24.0,Unknown,,Unknown,,No,94.0,0.94,1.0,39.2,0.942,0.961,41.4,Current-Season Handedness Matchup,Pull Air %,Barrel %,Max Exit Velocity,29.1,24.0,21.1,44.0,39.2,45.0,33.3,3.86,1.0,0.987,1.025,0.94,0.939,0.883,1.0,7.62,4.75,61.5,16.2,F,Lineup unconfirmed,Changeup,2.8846153846153846,6.0,,,,,,
259,2026-08-21,822857,2026-08-22T00:15:00Z,Scheduled,Globe Life Field,Los Angeles Angels @ Texas Rangers,Away,685133,Wade Meckler,Los Angeles Angels,Texas Rangers,LF,L,No,,70,229,205,59,10,0,3,28,20,21,2,49,0.288,0.36,0.38,0.74,12,49,42,10,0,0.238,0.0,23,82,73,18,1,0.247,0.0122,258,99,1.3,19.5,43.6,34.3,22.1,10.5,24.9,41.8,28.0,3.4,2.6,3.4,60.0,81.3,11.0,0.433,66.7,92.2,104.4,2.5,7.3,1.3,42.4,17.5,Weak,1.5,Contact-First Profile,A,Excellent HR swing plane,17.5,Weak,0.909,Good,0.0,42.1,91.7,0.37,Derived proxy,Derived proxy,Derived proxy,Derived proxy,,,5.18,2.18,Positive regression,Weak Contact-First Profile profile. 1.3% barrel rate; 81.3 mph average exit velocity; 24.9% air-ball rate; 41.8% pull-air rate; 3.4% HR-launch rate.,0.0131,0.0196,4.05,56,16,68.3,0.82,82.0,Near normal interval,669022.0,MacKenzie Gore,L,LHB vs LHP,26,26,139.2,4.45,1.26,18,1.16,9.92,3.29,807.0,5.2,23.3,12.5,42.1,28.9,81.7,94.2,115.7,0.53,18.0,21.5,100.0,0.465,1.6,4-Seam Fastball,L,LHB vs LHP,31.0,32,0.2,0.25,0.233,0.483,0,2,7,0.0,0.0,0.322,152,0.0132,5.4,0.519,2,2,1,1/2,0.5,0.5,0.5,1.0,0,0,0,31.7,Slight Pitcher Advantage,Below average,50.9,5,Pitch-level Statcast · last 5 MLB games,492,4-Seam Fastball,51.6260162601626,254.0,Changeup,17.073170731707318,84.0,Slider,12.195121951219512,60.0,Curveball,10.16260162601626,50.0,Unknown,,Unknown,,No,104.0,1.04,1.0,57.2,0.943,0.977,33.4,Current-Season Handedness Matchup,Pull Air %,Barrel %,Max Exit Velocity,31.0,34.3,21.5,28.1,57.2,45.0,33.3,3.86,0.789,1.01,0.985,1.0,0.909,0.909,1.0,7.7,4.52,74.9,19.4,F,Lineup unconfirmed,Sinker,7.723577235772358,38.0,Cutter,1.2195121951219512,6.0,,,
260,2026-08-21,822857,2026-08-22T00:15:00Z,Scheduled,Globe Life Field,Los Angeles Angels @ Texas Rangers,Away,623168,Tyler Heineman,Los Angeles Angels,Texas Rangers,C,S,No,,60,155,136,25,2,1,1,12,9,5,4,24,0.184,0.234,0.235,0.469,7,21,17,4,0,0.235,0.0,15,41,33,7,0,0.212,0.0,213,45,0.6,10.0,48.1,31.5,19.9,10.9,21.2,56.5,25.3,2.3,1.7,2.3,50.0,74.6,13.2,0.322,59.2,88.3,106.3,0.0,6.5,0.0,41.2,16.3,Weak,1.5,Pull Power,A,Excellent HR swing plane,16.3,Weak,0.906,Good,0.0,60.0,88.8,0.3,Derived proxy,Derived proxy,Derived proxy,Derived proxy,,,3.92,2.92,Positive regression,Weak Pull Power profile. 0.6% barrel rate; 74.6 mph average exit velocity; 21.2% air-ball rate; 56.5% pull-air rate; 2.3% HR-launch rate.,0.0065,0.0176,3.87,70,29,136.0,0.51,51.5,Recently homered,669022.0,MacKenzie Gore,L,Switch vs LHP,26,26,139.2,4.45,1.26,18,1.16,9.92,3.29,807.0,5.2,23.3,12.5,42.1,28.9,81.7,94.2,115.7,0.53,18.0,11.3,100.0,0.363,1.4,4-Seam Fastball,R,RHB vs LHP,33.4,40,0.158,0.158,0.158,0.316,0,0,7,0.0,0.0,0.329,445,0.036,5.1,0.534,3,3,1,1/3,0.333,0.333,0.333,0.666,0,0,0,28.2,Strong Pitcher Advantage,Below average,46.0,5,Pitch-level Statcast · last 5 MLB games,492,4-Seam Fastball,51.6260162601626,254.0,Changeup,17.073170731707318,84.0,Slider,12.195121951219512,60.0,Curveball,10.16260162601626,50.0,Unknown,,Unknown,,No,104.0,1.04,1.0,57.2,0.923,0.977,36.9,Current-Season Handedness Matchup,Pull Air %,Barrel %,Max Exit Velocity,33.4,34.3,11.3,31.7,57.2,45.0,33.2,3.86,0.758,1.01,1.035,0.94,0.906,0.851,1.0,6.64,4.03,66.4,15.7,F,Lineup unconfirmed,Sinker,7.723577235772358,38.0,Cutter,1.2195121951219512,6.0,,,
261,2026-08-21,824152,2026-08-22T00:10:00Z,Scheduled,Daikin Park,Athletics @ Houston Astros,Away,622268,Donovan Walton,Athletics,Houston Astros,2B,L,No,,61,168,146,41,12,1,3,27,17,17,3,28,0.281,0.367,0.438,0.805,11,30,25,7,0,0.28,0.0,23,53,44,10,0,0.227,0.0,231,68,2.5,16.8,45.3,31.5,23.2,14.1,27.8,39.5,30.9,5.0,3.6,5.0,27.9,79.8,15.0,0.415,65.1,92.3,105.1,0.6,8.6,0.6,49.9,19.4,Weak,2.0,Contact-First Profile,A,Excellent HR swing plane,19.4,Weak,0.914,Good,1.5,31.6,91.3,0.347,Derived proxy,Derived proxy,Derived proxy,Derived proxy,,,6.55,3.55,Positive regression,Weak Contact-First Profile profile. 2.5% barrel rate; 79.8 mph average exit velocity; 27.8% air-ball rate; 39.5% pull-air rate; 5.0% HR-launch rate.,0.0179,0.0238,4.15,76,38,48.7,1.56,156.2,Above normal drought,669713.0,Hayden Wesneski,R,LHB vs RHP,4,4,22.2,5.16,1.32,2,0.79,7.15,2.78,109.0,5.5,32.1,17.4,41.0,29.4,85.4,97.9,109.2,0.518,2.0,21.7,100.0,0.457,2.5,Sweeper,L,LHB vs RHP,31.8,149,0.292,0.383,0.438,0.821,2,16,26,0.0134,2.9,0.469,48,0.0417,10.7,0.591,0,0,0,0/0,,,,,0,0,0,31.9,Slight Pitcher Advantage,Below average,50.0,4,Pitch-level Statcast · last 5 MLB games,321,Sweeper,29.28348909657321,94.0,4-Seam Fastball,24.922118380062305,80.0,Sinker,19.626168224299064,63.0,Cutter,16.1993769470405,52.0,Unknown,,Unknown,,No,100.0,1.0,1.0,50.0,0.943,0.98,33.5,Current-Season Handedness Matchup,Pull Air %,Barrel %,Max Exit Velocity,31.8,38.5,21.7,17.4,50.0,45.0,33.1,3.86,0.758,0.984,1.025,1.0,0.914,0.914,1.035,9.49,5.02,68.2,23.6,F,Lineup unconfirmed,Changeup,9.345794392523365,30.0,Curveball,0.6230529595015576,2.0,,,
262,2026-08-21,824800,2026-08-21T23:15:00Z,Scheduled,Oriole Park at Camden Yards,Tampa Bay Rays @ Baltimore Orioles,Home,665750,Leody Taveras,Baltimore Orioles,Tampa Bay Rays,CF,S,No,,111,391,344,79,13,6,7,48,44,36,1,95,0.23,0.304,0.363,0.667,11,41,40,11,1,0.275,0.0244,24,86,78,16,3,0.205,0.0349,496,115,2.1,19.8,41.6,32.0,25.9,13.2,25.3,39.9,23.8,3.4,2.3,3.4,93.9,79.0,19.6,0.444,68.7,92.5,112.4,24.4,7.9,5.8,36.8,21.2,Weak,2.0,Contact-First Profile,A,Excellent HR swing plane,21.2,Weak,0.919,Good,1.7,38.7,93.6,0.421,Derived proxy,Derived proxy,Derived proxy,Derived proxy,,,12.04,5.04,Strong positive regression,Weak Contact-First Profile profile. 2.1% barrel rate; 79.0 mph average exit velocity; 25.3% air-ball rate; 39.9% pull-air rate; 3.4% HR-launch rate.,0.0179,0.0212,3.99,24,7,49.1,0.49,48.8,Recently homered,642547.0,Freddy Peralta,R,Switch vs RHP,25,25,128.0,5.27,1.48,20,1.41,8.65,3.73,760.0,3.4,23.0,14.1,46.1,30.1,82.1,93.6,114.7,0.504,20.0,22.9,98.3,0.459,3.0,4-Seam Fastball,L,LHB vs RHP,27.6,264,0.242,0.318,0.424,0.742,6,25,59,0.0227,2.6,0.478,366,0.041,3.7,0.517,6,4,0,0/4,0.0,0.333,0.0,0.333,0,2,2,27.4,Strong Pitcher Advantage,Below average,35.0,5,Pitch-level Statcast · last 5 MLB games,445,4-Seam Fastball,55.28089887640449,246.0,Changeup,23.370786516853933,104.0,Curveball,9.662921348314606,43.0,Sweeper,9.438202247191011,42.0,Unknown,,Unknown,,No,99.0,0.99,1.0,48.2,0.946,0.959,36.4,Current-Season Handedness Matchup,Pull Air %,Barrel %,Max Exit Velocity,27.6,30.7,22.9,28.7,48.2,45.0,33.1,3.85,1.149,1.05,1.035,1.0,0.919,0.919,1.0,8.2,5.92,83.9,21.5,F,Lineup unconfirmed,Slow Curve,1.348314606741573,6.0,Slider,0.898876404494382,4.0,,,
263,2026-08-21,824152,2026-08-22T00:10:00Z,Scheduled,Daikin Park,Athletics @ Houston Astros,Home,514888,Jose Altuve,Houston Astros,Athletics,2B,R,No,,102,432,392,96,16,2,13,56,37,35,2,88,0.245,0.309,0.395,0.704,10,36,32,8,0,0.25,0.0,23,94,86,25,1,0.291,0.0106,530,122,2.2,19.8,47.0,32.6,19.1,10.8,24.5,54.0,26.2,4.5,3.4,4.5,87.8,79.4,10.7,0.405,66.3,91.9,109.3,9.6,8.9,3.3,51.4,24.4,Weak,2.0,Pull Power,A,Excellent HR swing plane,24.4,Weak,0.928,Good,0.8,57.1,90.8,0.364,Derived proxy,Derived proxy,Derived proxy,Derived proxy,,,15.73,2.73,Positive regression,Weak Pull Power profile. 2.2% barrel rate; 79.4 mph average exit velocity; 24.5% air-ball rate; 54.0% pull-air rate; 4.5% HR-launch rate.,0.0301,0.0305,3.99,35,11,30.2,1.16,116.1,Near normal interval,669372.0,J.T. Ginn,R,RHB vs RHP,25,22,127.1,3.53,1.22,14,0.99,8.06,3.75,617.0,3.6,23.5,13.9,41.3,25.3,81.6,94.7,112.1,0.479,14.0,16.9,99.8,0.411,2.4,Sinker,R,RHB vs RHP,22.6,331,0.24,0.294,0.405,0.699,11,24,69,0.0332,2.9,0.425,213,0.0235,3.1,0.439,8,7,1,1/7,0.143,0.25,0.286,0.536,0,1,3,22.8,Strong Pitcher Advantage,Below average,33.7,5,Pitch-level Statcast · last 5 MLB games,448,Sinker,37.94642857142857,170.0,Changeup,24.553571428571427,110.0,Slider,15.625,70.0,4-Seam Fastball,11.830357142857142,53.0,Unknown,,Unknown,,No,100.0,1.0,1.0,50.0,0.934,0.961,39.2,Current-Season Handedness Matchup,Pull Air %,Barrel %,Max Exit Velocity,22.6,27.9,16.9,35.5,50.0,45.0,33.0,3.85,0.758,0.982,0.985,1.0,0.928,0.928,1.0,11.63,5.37,84.5,23.1,F,Lineup unconfirmed,Cutter,10.044642857142858,45.0,,,,,,
264,2026-08-21,823746,2026-08-21T20:10:00Z,Scheduled,American Family Field,Atlanta Braves @ Milwaukee Brewers,Home,661388,William Contreras,Milwaukee Brewers,Atlanta Braves,C,R,No,,118,509,451,116,18,1,12,62,63,48,4,71,0.257,0.33,0.381,0.711,11,50,39,6,1,0.154,0.02,23,101,87,17,2,0.195,0.0198,635,130,5.6,29.8,34.9,34.8,30.3,16.1,30.3,31.1,29.2,7.8,3.4,7.8,31.7,85.0,15.7,0.519,71.6,97.0,112.8,33.0,14.3,10.9,56.1,33.7,Weak,2.5,Contact-First Profile,A,Excellent HR swing plane,33.7,Weak,0.954,Good,6.2,27.5,96.7,0.518,Derived proxy,Derived proxy,Derived proxy,Derived proxy,,,32.64,20.64,Strong positive regression,Weak Contact-First Profile profile. 5.6% barrel rate; 85.0 mph average exit velocity; 30.3% air-ball rate; 31.1% pull-air rate; 7.8% HR-launch rate.,0.0236,0.0252,3.99,12,3,37.6,0.32,31.9,Very recent HR,519242.0,Chris Sale,L,RHB vs LHP,22,22,129.0,2.16,1.02,8,0.56,11.16,1.95,675.0,3.3,19.6,11.1,35.7,32.0,81.7,93.2,113.2,0.497,8.0,27.4,100.0,0.489,3.8,4-Seam Fastball,R,RHB vs LHP,24.1,134,0.252,0.351,0.383,0.733,3,17,22,0.0224,3.6,0.516,391,0.0179,3.1,0.503,3,3,1,1/3,0.333,0.333,0.333,0.666,0,0,2,29.6,Strong Pitcher Advantage,Below average,46.0,5,Pitch-level Statcast · last 5 MLB games,492,4-Seam Fastball,44.91869918699187,221.0,Slider,39.43089430894309,194.0,Changeup,9.34959349593496,46.0,Sinker,6.300813008130081,31.0,Unknown,,Unknown,,No,100.0,1.0,1.0,50.0,0.955,0.958,38.2,Current-Season Handedness Matchup,Pull Air %,Barrel %,Max Exit Velocity,24.1,23.0,27.4,33.6,50.0,45.0,33.0,3.85,0.916,0.914,1.025,1.0,0.954,0.954,0.98,9.68,5.35,85.0,21.4,F,Lineup unconfirmed,,,,,,,,,
265,2026-08-21,824072,2026-08-22T00:10:00Z,Scheduled,Kauffman Stadium,Detroit Tigers @ Kansas City Royals,Away,656716,Zach McKinstry,Detroit Tigers,Kansas City Royals,2B,L,No,,102,349,306,68,14,3,4,34,25,36,2,54,0.222,0.306,0.327,0.633,11,36,30,7,0,0.233,0.0,25,83,71,23,0,0.324,0.0,508,121,1.1,13.8,51.4,17.6,30.7,13.4,28.9,42.0,37.0,3.5,2.1,3.5,43.3,80.1,20.6,0.401,65.7,90.4,106.2,3.7,9.0,0.8,37.3,17.6,Weak,1.5,Contact-First Profile,A-,Elevated power plane,17.6,Weak,0.909,Good,0.8,51.3,90.5,0.419,Derived proxy,Derived proxy,Derived proxy,Derived proxy,,,9.67,5.67,Strong positive regression,Weak Contact-First Profile profile. 1.1% barrel rate; 80.1 mph average exit velocity; 28.9% air-ball rate; 42.0% pull-air rate; 3.5% HR-launch rate.,0.0115,0.0167,3.93,98,34,76.5,1.28,128.1,Near normal interval,702070.0,Noah Cameron,L,LHB vs LHP,24,23,138.1,4.16,1.22,14,0.91,8.2,2.8,740.0,5.1,25.7,14.5,46.3,31.2,82.6,95.5,115.9,0.542,14.0,12.6,99.9,0.376,0.5,4-Seam Fastball,L,LHB vs LHP,27.5,70,0.169,0.279,0.186,0.466,0,8,12,0.0,0.0,0.364,144,0.0278,7.6,0.596,2,2,1,1/2,0.5,0.5,0.5,1.0,0,0,0,27.0,Strong Pitcher Advantage,Below average,50.9,5,Pitch-level Statcast · last 5 MLB games,516,Changeup,21.705426356589147,112.0,Cutter,20.930232558139537,108.0,Slider,18.6046511627907,96.0,4-Seam Fastball,17.635658914728683,91.0,Unknown,,Unknown,,No,100.0,1.0,1.0,50.0,0.925,0.976,33.6,Current-Season Handedness Matchup,Pull Air %,Barrel %,Max Exit Velocity,27.5,38.7,12.6,34.3,50.0,45.0,33.0,3.85,0.758,0.97,0.985,0.94,0.909,0.855,1.0,6.41,3.75,83.6,20.1,F,Lineup unconfirmed,Curveball,16.666666666666668,86.0,Sinker,4.457364341085271,23.0,,,
266,2026-08-21,823101,2026-08-22T02:10:00Z,Scheduled,T-Mobile Park,Chicago Cubs @ Seattle Mariners,Home,645302,Victor Robles,Seattle Mariners,Chicago Cubs,RF,R,No,,58,140,127,33,3,2,0,13,9,8,3,22,0.26,0.317,0.315,0.632,5,14,11,5,0,0.455,0.0,11,23,19,7,0,0.368,0.0,194,34,1.0,15.2,45.4,34.0,20.5,13.8,27.7,41.2,32.5,4.7,3.4,4.7,0.0,77.8,11.9,0.399,63.7,90.1,106.5,3.1,9.1,0.2,46.6,18.1,Weak,1.5,Contact-First Profile,A,Excellent HR swing plane,18.1,Weak,0.911,Good,0.0,33.3,89.0,0.408,Derived proxy,Derived proxy,Derived proxy,Derived proxy,,,3.86,3.86,Positive regression,Weak Contact-First Profile profile. 1.0% barrel rate; 77.8 mph average exit velocity; 27.7% air-ball rate; 41.2% pull-air rate; 4.7% HR-launch rate.,0.0,0.0148,3.87,127,57,,,,No season HR,571510.0,Matthew Boyd,L,RHB vs LHP,15,15,85.0,4.02,1.24,13,1.38,7.2,2.75,483.0,6.2,22.8,13.0,46.8,30.8,81.6,94.1,112.5,0.567,13.0,17.3,100.0,0.423,0.9,4-Seam Fastball,R,RHB vs LHP,39.7,47,0.295,0.319,0.364,0.683,0,2,10,0.0,3.2,0.489,263,0.0456,6.9,0.587,0,0,0,0/0,,,,,0,0,0,33.9,Slight Pitcher Advantage,Below average,50.0,5,Pitch-level Statcast · last 5 MLB games,473,4-Seam Fastball,45.03171247357294,213.0,Changeup,24.312896405919663,115.0,Curveball,17.12473572938689,81.0,Slider,13.10782241014799,62.0,Unknown,,Unknown,,No,92.0,0.92,1.0,35.6,0.935,0.987,36.0,Current-Season Handedness Matchup,Pull Air %,Barrel %,Max Exit Velocity,39.7,42.4,17.3,14.5,35.6,45.0,33.0,3.85,0.87,1.045,1.025,0.94,0.911,0.856,1.0,5.6,3.83,63.8,15.1,F,Lineup unconfirmed,Sinker,0.42283298097251587,2.0,,,,,,
267,2026-08-21,824721,2026-08-21T23:10:00Z,Scheduled,Fenway Park,San Francisco Giants @ Boston Red Sox,Home,655316,Andruw Monasterio,Boston Red Sox,San Francisco Giants,SS,R,No,,87,286,257,67,22,1,6,31,37,22,2,56,0.261,0.319,0.424,0.743,12,47,40,8,0,0.2,0.0,26,106,91,26,1,0.286,0.0094,426,147,3.9,17.5,36.1,28.2,35.7,15.9,29.0,38.8,36.4,6.7,4.6,6.7,28.7,81.7,22.1,0.464,67.9,92.6,108.8,4.3,10.4,0.9,52.1,24.9,Weak,2.0,Contact-First Profile,A-,Elevated power plane,24.9,Weak,0.93,Good,3.4,37.0,92.8,0.42,Derived proxy,Derived proxy,Derived proxy,Derived proxy,,,16.51,10.51,Strong positive regression,Weak Contact-First Profile profile. 3.9% barrel rate; 81.7 mph average exit velocity; 29.0% air-ball rate; 38.8% pull-air rate; 6.7% HR-launch rate.,0.021,0.0242,3.99,72,20,42.8,1.68,168.1,Above normal drought,657277.0,Logan Webb,R,RHB vs RHP,22,22,139.0,3.5,1.06,9,0.58,7.12,2.07,719.0,3.1,23.9,11.5,39.5,27.4,81.8,94.4,114.4,0.464,9.0,34.5,100.0,0.552,4.1,Sinker,R,RHB vs RHP,12.8,185,0.256,0.299,0.351,0.65,1,10,36,0.0054,2.6,0.409,216,0.0139,2.6,0.452,2,2,0,0/2,0.0,0.0,0.0,0.0,0,0,0,26.8,Strong Pitcher Advantage,Below average,45.0,5,Pitch-level Statcast · last 5 MLB games,471,Changeup,25.05307855626327,118.0,Sinker,23.35456475583864,110.0,Sweeper,18.683651804670912,88.0,Cutter,17.409766454352443,82.0,Unknown,,Unknown,,No,102.0,1.02,1.0,53.6,0.969,0.956,33.1,Current-Season Handedness Matchup,Pull Air %,Barrel %,Max Exit Velocity,12.8,25.9,34.5,28.5,53.6,45.0,32.9,3.85,0.758,0.917,0.985,1.0,0.93,0.93,1.035,9.33,4.76,80.4,24.5,F,Lineup unconfirmed,4-Seam Fastball,15.498938428874734,73.0,,,,,,
268,2026-08-21,824721,2026-08-21T23:10:00Z,Scheduled,Fenway Park,San Francisco Giants @ Boston Red Sox,Away,808982,Jung Hoo Lee,San Francisco Giants,Boston Red Sox,RF,L,No,,116,472,443,130,27,4,9,58,46,19,6,48,0.293,0.328,0.433,0.761,10,42,41,8,1,0.195,0.0238,22,96,89,23,4,0.258,0.0417,663,135,1.9,19.7,43.5,27.1,28.8,13.6,27.9,41.9,32.0,4.9,3.6,4.9,99.8,81.8,15.9,0.434,66.1,93.0,107.0,4.4,9.0,1.6,35.3,20.4,Weak,2.0,Contact-First Profile,A,Excellent HR swing plane,20.4,Weak,0.917,Good,2.2,42.4,92.8,0.445,Derived proxy,Derived proxy,Derived proxy,Derived proxy,,,16.82,7.82,Strong positive regression,Weak Contact-First Profile profile. 1.9% barrel rate; 81.8 mph average exit velocity; 27.9% air-ball rate; 41.9% pull-air rate; 4.9% HR-launch rate.,0.0191,0.0217,4.05,29,7,49.2,0.59,58.9,Recently homered,543243.0,Sonny Gray,R,LHB vs RHP,23,23,132.2,2.65,1.15,13,0.88,7.94,2.31,634.0,4.1,25.2,13.7,47.0,27.1,83.4,95.5,111.1,0.481,13.0,20.5,99.9,0.447,2.4,Sinker,L,LHB vs RHP,22.0,329,0.302,0.337,0.455,0.792,7,14,29,0.0213,1.9,0.448,349,0.0229,4.4,0.498,5,5,1,1/5,0.2,0.2,0.4,0.6,0,0,0,25.4,Strong Pitcher Advantage,Below average,41.5,5,Pitch-level Statcast · last 5 MLB games,440,Sweeper,24.09090909090909,106.0,Sinker,23.636363636363637,104.0,Curveball,17.045454545454547,75.0,4-Seam Fastball,15.909090909090908,70.0,Unknown,,Unknown,,No,102.0,1.02,1.0,53.6,0.941,0.966,33.6,Current-Season Handedness Matchup,Pull Air %,Barrel %,Max Exit Velocity,22.0,33.1,20.5,31.1,53.6,45.0,32.9,3.85,1.175,0.965,1.025,1.0,0.917,0.917,1.0,8.5,5.89,84.7,23.0,F,Lineup unconfirmed,Cutter,15.909090909090908,70.0,Changeup,3.409090909090909,15.0,,,
269,2026-08-21,824152,2026-08-22T00:10:00Z,Scheduled,Daikin Park,Athletics @ Houston Astros,Home,662139,Daulton Varsho,Houston Astros,Athletics,CF,L,No,,114,423,385,88,20,2,8,43,29,35,2,83,0.229,0.296,0.353,0.649,11,40,38,5,1,0.132,0.025,25,94,85,17,1,0.2,0.0106,615,126,4.0,22.5,45.6,31.4,23.0,14.1,25.1,41.3,29.0,6.1,3.8,6.1,27.8,81.2,20.2,0.432,71.1,93.5,110.3,26.8,11.0,7.4,50.3,28.5,Weak,2.0,Contact-First Profile,A-,Elevated power plane,28.5,Weak,0.94,Good,4.0,34.4,94.4,0.393,Derived proxy,Derived proxy,Derived proxy,Derived proxy,,,23.98,15.98,Strong positive regression,Weak Contact-First Profile profile. 4.0% barrel rate; 81.2 mph average exit velocity; 25.1% air-ball rate; 41.3% pull-air rate; 6.1% HR-launch rate.,0.0189,0.0218,3.87,31,9,48.1,0.64,64.4,Recently homered,669372.0,J.T. Ginn,R,LHB vs RHP,25,22,127.1,3.53,1.22,14,0.99,8.06,3.75,617.0,3.6,23.5,13.9,41.3,25.3,81.6,94.7,112.1,0.479,14.0,20.0,99.8,0.432,2.9,Sinker,L,LHB vs RHP,26.0,317,0.226,0.297,0.352,0.648,7,29,63,0.0221,4.3,0.464,321,0.028,3.9,0.505,1,1,0,0/1,0.0,0.0,0.0,0.0,0,0,0,28.2,Strong Pitcher Advantage,Below average,47.5,5,Pitch-level Statcast · last 5 MLB games,448,Sinker,37.94642857142857,170.0,Changeup,24.553571428571427,110.0,Slider,15.625,70.0,4-Seam Fastball,11.830357142857142,53.0,Unknown,,Unknown,,No,100.0,1.0,1.0,50.0,0.94,0.961,38.2,Current-Season Handedness Matchup,Pull Air %,Barrel %,Max Exit Velocity,26.0,27.9,20.0,30.7,50.0,45.0,32.8,3.85,0.94,0.982,1.025,0.975,0.94,0.916,1.0,8.18,5.02,84.5,19.9,F,Lineup unconfirmed,Cutter,10.044642857142858,45.0,,,,,,
270,2026-08-21,823830,2026-08-21T23:10:00Z,Scheduled,loanDepot park,Washington Nationals @ Miami Marlins,Home,805300,Jakob Marsee,Miami Marlins,Washington Nationals,CF,L,No,,123,486,409,84,14,4,7,60,29,62,9,103,0.205,0.322,0.311,0.633,11,45,40,9,1,0.225,0.0222,25,83,71,19,2,0.268,0.0241,584,97,2.6,23.5,49.4,27.2,22.8,14.0,28.7,49.8,30.6,4.8,3.7,4.8,55.8,80.5,20.5,0.42,65.8,93.2,108.5,5.4,9.3,2.5,44.6,24.6,Weak,2.0,Pull Power,A-,Elevated power plane,24.6,Weak,0.929,Good,3.1,53.1,93.5,0.421,Derived proxy,Derived proxy,Derived proxy,Derived proxy,,,18.32,11.32,Strong positive regression,Weak Pull Power profile. 2.6% barrel rate; 80.5 mph average exit velocity; 28.7% air-ball rate; 49.8% pull-air rate; 4.8% HR-launch rate.,0.0144,0.0179,3.87,12,4,58.4,0.21,20.5,Very recent HR,695418.0,Brad Lord,R,LHB vs RHP,30,3,62.1,4.04,1.25,7,1.01,8.23,3.61,414.0,3.6,22.7,8.7,34.8,28.0,81.9,94.0,115.9,0.515,7.0,17.6,99.6,0.425,2.1,4-Seam Fastball,L,LHB vs RHP,30.7,385,0.213,0.314,0.318,0.632,6,46,75,0.0156,2.7,0.431,129,0.0388,5.7,0.702,2,1,0,0/1,0.0,0.5,0.0,0.5,0,1,1,29.1,Strong Pitcher Advantage,Below average,45.5,5,Pitch-level Statcast · last 5 MLB games,208,4-Seam Fastball,33.17307692307692,69.0,Sinker,27.403846153846153,57.0,Slider,25.0,52.0,Sweeper,11.538461538461538,24.0,Unknown,,Unknown,,No,94.0,0.94,1.0,39.2,0.935,0.961,41.5,Current-Season Handedness Matchup,Pull Air %,Barrel %,Max Exit Velocity,30.7,24.0,17.6,43.4,39.2,45.0,32.7,3.84,1.116,0.987,1.025,0.94,0.929,0.873,0.98,6.75,4.6,83.6,19.1,F,Lineup unconfirmed,Changeup,2.8846153846153846,6.0,,,,,,
271,2026-08-21,824072,2026-08-22T00:10:00Z,Scheduled,Kauffman Stadium,Detroit Tigers @ Kansas City Royals,Home,679845,Nick Loftin,Kansas City Royals,Detroit Tigers,3B,R,No,,90,320,273,63,20,2,5,33,36,33,6,50,0.231,0.323,0.374,0.697,11,45,36,5,0,0.139,0.0,25,95,79,15,1,0.19,0.0105,374,104,2.6,18.7,46.1,29.7,24.1,17.0,32.0,49.0,30.4,6.0,4.3,6.0,47.0,80.8,14.4,0.398,65.9,93.1,110.8,5.6,11.8,1.1,48.3,25.3,Weak,2.0,Pull Power,A,Excellent HR swing plane,25.3,Weak,0.931,Good,1.9,45.5,92.2,0.377,Derived proxy,Derived proxy,Derived proxy,Derived proxy,,,12.02,7.02,Strong positive regression,Weak Pull Power profile. 2.6% barrel rate; 80.8 mph average exit velocity; 32.0% air-ball rate; 49.0% pull-air rate; 6.0% HR-launch rate.,0.0156,0.0201,3.99,69,22,54.6,1.26,126.4,Near normal interval,675512.0,Troy Melton,R,RHB vs RHP,14,14,84.1,1.49,0.96,8,0.85,7.79,2.67,419.0,4.1,25.8,12.9,38.5,26.7,83.4,95.4,111.9,0.432,8.0,22.3,100.0,0.435,3.9,4-Seam Fastball,R,RHB vs RHP,17.0,180,0.205,0.294,0.365,0.659,4,17,28,0.0222,3.9,0.383,132,0.0076,4.5,0.42,2,2,0,0/2,0.0,0.0,0.0,0.0,0,0,1,24.5,Strong Pitcher Advantage,Below average,45.0,5,Pitch-level Statcast · last 5 MLB games,458,4-Seam Fastball,31.87772925764192,146.0,Cutter,24.017467248908297,110.0,Slider,13.318777292576419,61.0,Split-Finger,12.882096069868995,59.0,Unknown,,Unknown,,No,100.0,1.0,1.0,50.0,0.945,0.966,38.4,Current-Season Handedness Matchup,Pull Air %,Barrel %,Max Exit Velocity,17.0,25.5,22.3,32.2,50.0,45.0,32.7,3.84,0.771,0.96,0.985,1.0,0.931,0.931,1.0,7.78,4.31,82.5,21.5,F,Lineup unconfirmed,Curveball,10.043668122270743,46.0,Sinker,6.11353711790393,28.0,Changeup,1.7467248908296944,8.0
272,2026-08-21,823101,2026-08-22T02:10:00Z,Scheduled,T-Mobile Park,Chicago Cubs @ Seattle Mariners,Away,608324,Alex Bregman,Chicago Cubs,Seattle Mariners,3B,R,No,,125,571,495,126,24,1,16,69,63,63,8,89,0.255,0.345,0.404,0.749,11,49,43,14,4,0.326,0.0816,25,113,101,32,6,0.317,0.0531,753,167,3.4,26.6,47.6,26.4,25.8,16.5,28.4,45.4,28.7,7.8,4.0,7.8,76.6,83.4,20.5,0.471,68.3,95.0,107.7,3.0,13.1,0.9,63.2,27.7,Weak,2.0,Pull Power,A-,Elevated power plane,27.7,Weak,0.938,Good,3.6,36.7,95.4,0.514,Derived proxy,Derived proxy,Derived proxy,Derived proxy,,,29.88,13.88,Strong positive regression,Weak Pull Power profile. 3.4% barrel rate; 83.4 mph average exit velocity; 28.4% air-ball rate; 45.4% pull-air rate; 7.8% HR-launch rate.,0.028,0.0287,4.05,26,7,30.9,0.84,84.0,Near normal interval,676106.0,Emerson Hancock,R,RHB vs RHP,23,23,128.0,3.3,1.11,16,1.13,8.37,2.25,732.0,4.8,23.1,14.5,33.7,30.7,83.2,94.4,114.7,0.547,16.0,22.6,99.8,0.451,3.2,4-Seam Fastball,R,RHB vs RHP,25.9,429,0.25,0.329,0.408,0.737,13,41,69,0.0303,3.2,0.452,222,0.027,3.6,0.501,4,4,1,1/4,0.25,0.25,0.5,0.75,0,0,2,28.8,Strong Pitcher Advantage,Below average,46.4,5,Pitch-level Statcast · last 5 MLB games,474,4-Seam Fastball,41.561181434599156,197.0,Sinker,23.839662447257385,113.0,Sweeper,10.759493670886076,51.0,Cutter,10.126582278481013,48.0,Unknown,,Unknown,,No,92.0,0.92,1.0,35.6,0.945,0.973,39.3,Current-Season Handedness Matchup,Pull Air %,Barrel %,Max Exit Velocity,25.9,27.7,22.6,34.0,35.6,45.0,32.7,3.84,1.35,1.005,0.985,1.0,0.938,0.938,1.0,11.13,7.41,85.0,25.6,F,Lineup unconfirmed,Curveball,9.70464135021097,46.0,Changeup,4.008438818565401,19.0,,,
273,2026-08-21,823911,2026-08-22T02:10:00Z,Scheduled,UNIQLO Field at Dodger Stadium,Pittsburgh Pirates @ Los Angeles Dodgers,Home,500743,Miguel Rojas,Los Angeles Dodgers,Pittsburgh Pirates,2B,R,No,,82,197,174,48,12,0,3,20,18,13,2,21,0.276,0.323,0.397,0.72,8,17,14,2,0,0.143,0.0,14,34,30,6,0,0.2,0.0,266,48,2.7,28.1,37.6,31.9,30.6,14.1,29.3,41.9,33.9,4.4,2.4,4.4,27.3,82.2,18.6,0.435,66.7,95.3,108.5,6.1,13.2,1.0,38.5,22.3,Weak,2.0,Contact-First Profile,A,Excellent HR swing plane,22.3,Weak,0.922,Good,0.0,50.0,94.4,0.397,Derived proxy,Derived proxy,Derived proxy,Derived proxy,,,7.98,4.98,Strong positive regression,Weak Contact-First Profile profile. 2.7% barrel rate; 82.2 mph average exit velocity; 29.3% air-ball rate; 41.9% pull-air rate; 4.4% HR-launch rate.,0.0152,0.0216,3.99,52,24,58.0,0.9,89.7,Near normal interval,696149.0,Bubba Chandler,R,RHB vs RHP,24,23,121.1,4.23,1.37,10,0.74,8.01,4.75,718.0,3.2,21.3,13.8,34.5,26.9,83.1,93.8,114.8,0.479,10.0,31.5,99.7,0.502,5.2,4-Seam Fastball,R,RHB vs RHP,14.4,73,0.21,0.254,0.242,0.495,0,4,6,0.0,2.2,0.411,244,0.0082,1.6,0.398,2,2,0,0/2,0.0,0.0,0.0,0.0,0,0,0,26.5,Strong Pitcher Advantage,Below average,45.0,5,Pitch-level Statcast · last 5 MLB games,443,4-Seam Fastball,52.59593679458239,233.0,Slider,27.539503386004515,122.0,Changeup,11.512415349887133,51.0,Sinker,4.063205417607223,18.0,Unknown,,Unknown,,No,100.0,1.0,1.0,50.0,0.963,0.957,34.6,Current-Season Handedness Matchup,Pull Air %,Barrel %,Max Exit Velocity,14.4,22.3,31.5,41.0,50.0,45.0,32.7,3.84,0.758,0.942,0.985,1.0,0.922,0.922,1.0,8.34,4.39,68.8,18.4,F,Lineup unconfirmed,Curveball,4.063205417607223,18.0,Sweeper,0.22573363431151242,1.0,,,
274,2026-08-21,824800,2026-08-21T23:15:00Z,Scheduled,Oriole Park at Camden Yards,Tampa Bay Rays @ Baltimore Orioles,Away,656775,Cedric Mullins,Tampa Bay Rays,Baltimore Orioles,CF,L,No,,110,421,367,76,9,3,13,48,39,35,7,84,0.207,0.286,0.354,0.64,11,41,34,8,0,0.235,0.0,22,79,68,16,1,0.235,0.0127,559,100,2.4,20.6,51.3,22.8,25.7,16.2,26.3,59.7,25.6,4.7,2.4,4.7,81.9,80.7,24.1,0.376,67.4,93.0,109.1,7.0,9.3,2.1,61.8,24.3,Weak,2.0,Pull Power,A-,Elevated power plane,24.3,Weak,0.928,Good,1.0,61.5,92.5,0.336,Derived proxy,Derived proxy,Derived proxy,Derived proxy,,,18.03,5.03,Strong positive regression,Weak Pull Power profile. 2.4% barrel rate; 80.7 mph average exit velocity; 26.3% air-ball rate; 59.7% pull-air rate; 4.7% HR-launch rate.,0.0309,0.0311,3.87,50,17,28.2,1.77,177.1,Above normal drought,669432.0,Trevor Rogers,L,LHB vs LHP,23,23,125.2,4.15,1.25,13,0.93,7.73,2.51,764.0,4.3,23.3,12.3,42.9,27.9,82.2,94.5,117.3,0.514,13.0,20.1,100.0,0.416,3.8,4-Seam Fastball,L,LHB vs LHP,4.0,99,0.186,0.271,0.221,0.492,0,7,18,0.0,0.7,0.238,135,0.0074,1.7,0.395,0,0,0,0/0,,,,,0,0,0,18.8,Strong Pitcher Advantage,Below average,50.0,5,Pitch-level Statcast · last 5 MLB games,452,4-Seam Fastball,47.34513274336283,214.0,Changeup,20.353982300884955,92.0,Sweeper,15.70796460176991,71.0,Cutter,8.4070796460177,38.0,Unknown,,Unknown,,No,99.0,0.99,1.0,48.2,0.94,0.968,34.1,Current-Season Handedness Matchup,Pull Air %,Barrel %,Max Exit Velocity,4.0,31.1,20.1,39.0,48.2,45.0,32.7,3.84,0.758,0.973,0.985,0.975,0.928,0.905,1.035,11.52,5.35,83.3,24.9,F,Lineup unconfirmed,Sinker,8.185840707964601,37.0,,,,,,
275,2026-08-21,824152,2026-08-22T00:10:00Z,Scheduled,Daikin Park,Athletics @ Houston Astros,Home,664774,LaMonte Wade Jr.,Houston Astros,Athletics,LF,L,No,,35,104,87,19,4,0,2,12,15,17,0,24,0.218,0.346,0.333,0.679,10,20,17,3,0,0.176,0.0,19,48,40,11,0,0.275,0.0,129,51,1.0,20.6,49.4,24.8,25.8,10.0,23.9,61.9,22.8,2.0,1.0,2.0,100.0,81.3,17.0,0.377,69.2,93.1,107.7,7.0,7.1,1.6,49.7,21.9,Weak,2.0,Pull Power,A,Excellent HR swing plane,21.9,Weak,0.921,Good,0.0,75.0,94.4,0.35,Derived proxy,Derived proxy,Derived proxy,Derived proxy,,,2.79,0.79,Near expected,Weak Pull Power profile. 1.0% barrel rate; 81.3 mph average exit velocity; 23.9% air-ball rate; 61.9% pull-air rate; 2.0% HR-launch rate.,0.0192,0.0261,3.99,59,26,43.5,1.36,135.6,Above normal drought,669372.0,J.T. Ginn,R,LHB vs RHP,25,22,127.1,3.53,1.22,14,0.99,8.06,3.75,617.0,3.6,23.5,13.9,41.3,25.3,81.6,94.7,112.1,0.479,14.0,14.8,99.8,0.398,1.6,Sinker,L,LHB vs RHP,21.1,90,0.224,0.344,0.342,0.687,2,14,19,0.0222,1.7,0.39,321,0.028,3.9,0.505,0,0,0,0/0,,,,,0,0,0,24.7,Strong Pitcher Advantage,Below average,50.0,5,Pitch-level Statcast · last 5 MLB games,448,Sinker,37.94642857142857,170.0,Changeup,24.553571428571427,110.0,Slider,15.625,70.0,4-Seam Fastball,11.830357142857142,53.0,Unknown,,Unknown,,No,100.0,1.0,1.0,50.0,0.93,0.961,37.3,Current-Season Handedness Matchup,Pull Air %,Barrel %,Max Exit Velocity,21.1,27.9,14.8,42.8,50.0,45.0,32.5,3.84,0.758,0.982,1.025,0.965,0.921,0.889,1.035,10.0,4.97,63.3,20.0,F,Lineup unconfirmed,Cutter,10.044642857142858,45.0,,,,,,
276,2026-08-21,824317,2026-08-22T00:40:00Z,Scheduled,Coors Field,Cleveland Guardians @ Colorado Rockies,Away,680757,Steven Kwan,Cleveland Guardians,Colorado Rockies,LF,L,No,,118,486,407,108,15,2,2,58,24,67,4,49,0.265,0.372,0.327,0.699,11,51,40,11,0,0.275,0.0,23,107,88,30,1,0.341,0.0093,615,142,0.5,5.7,35.6,27.6,36.6,12.9,30.9,31.6,38.4,2.7,2.3,2.7,100.0,79.3,19.1,0.391,59.9,88.8,103.8,0.1,3.5,0.0,31.1,11.9,Weak,1.5,Contact-First Profile,A,Excellent HR swing plane,11.9,Weak,0.893,Good,0.7,35.7,88.8,0.415,Derived proxy,Derived proxy,Derived proxy,Derived proxy,,,7.67,5.67,Strong positive regression,Weak Contact-First Profile profile. 0.5% barrel rate; 79.3 mph average exit velocity; 30.9% air-ball rate; 31.6% pull-air rate; 2.7% HR-launch rate.,0.0041,0.0096,4.05,40,11,203.5,0.2,19.7,Very recent HR,685299.0,Tanner Gordon,R,LHB vs RHP,17,5,71.1,5.55,1.44,15,1.89,7.82,1.64,425.0,6.4,28.0,19.5,40.8,34.6,84.4,96.1,113.3,0.617,15.0,12.7,99.3,0.377,0.5,4-Seam Fastball,L,LHB vs RHP,29.6,337,0.278,0.369,0.347,0.717,2,41,30,0.0059,0.2,0.384,172,0.064,6.0,0.642,3,2,0,0/2,0.0,0.333,0.0,0.333,0,1,1,26.3,Strong Pitcher Advantage,Below average,42.5,5,Pitch-level Statcast · last 5 MLB games,270,4-Seam Fastball,55.18518518518518,149.0,Changeup,21.11111111111111,57.0,Slider,17.40740740740741,47.0,Curveball,6.296296296296297,17.0,Unknown,,Unknown,,No,118.0,1.18,1.0,82.4,0.925,0.989,26.3,Current-Season Handedness Matchup,Pull Air %,Barrel %,Max Exit Velocity,29.6,42.9,12.7,16.3,82.4,45.0,32.5,3.84,0.852,1.126,1.025,0.965,0.893,0.862,0.98,3.85,3.66,85.0,18.5,F,Lineup unconfirmed,,,,,,,,,
277,2026-08-21,823101,2026-08-22T02:10:00Z,Scheduled,T-Mobile Park,Chicago Cubs @ Seattle Mariners,Home,660844,Leo Rivas,Seattle Mariners,Chicago Cubs,3B,S,No,,45,130,108,14,2,1,0,9,7,16,3,38,0.13,0.258,0.167,0.425,3,3,3,0,0,0.0,0.0,6,10,9,1,0,0.111,0.0,141,9,0.6,10.1,48.2,27.1,24.7,15.1,27.0,52.0,29.6,3.1,2.5,3.1,0.0,79.4,15.7,0.327,61.2,89.5,102.8,1.3,5.0,0.0,52.8,18.4,Weak,1.5,Pull Power,A,Excellent HR swing plane,18.4,Weak,0.912,Good,0.0,100.0,91.2,0.29,Derived proxy,Derived proxy,Derived proxy,Derived proxy,,,2.6,2.6,Positive regression,Weak Pull Power profile. 0.6% barrel rate; 79.4 mph average exit velocity; 27.0% air-ball rate; 52.0% pull-air rate; 3.1% HR-launch rate.,0.0,0.0154,3.81,108,44,,,,No season HR,571510.0,Matthew Boyd,L,Switch vs LHP,15,15,85.0,4.02,1.24,13,1.38,7.2,2.75,483.0,6.2,22.8,13.0,46.8,30.8,81.6,94.1,112.5,0.567,13.0,2.3,100.0,0.273,0.8,4-Seam Fastball,R,RHB vs LHP,36.3,43,0.056,0.171,0.083,0.254,0,5,9,0.0,0.0,0.211,263,0.0456,6.9,0.587,0,0,0,0/0,,,,,0,0,0,27.1,Strong Pitcher Advantage,Below average,50.0,5,Pitch-level Statcast · last 5 MLB games,473,4-Seam Fastball,45.03171247357294,213.0,Changeup,24.312896405919663,115.0,Curveball,17.12473572938689,81.0,Slider,13.10782241014799,62.0,Unknown,,Unknown,,No,92.0,0.92,1.0,35.6,0.92,0.987,36.8,Current-Season Handedness Matchup,Pull Air %,Barrel %,Max Exit Velocity,36.3,42.4,2.3,36.4,35.6,45.0,32.5,3.83,1.0,1.045,1.035,0.94,0.912,0.857,1.0,5.73,4.11,62.1,15.3,F,Lineup unconfirmed,Sinker,0.42283298097251587,2.0,,,,,,
278,2026-08-21,824559,2026-08-21T23:40:00Z,Scheduled,Rate Field,New York Mets @ Chicago White Sox,Home,803011,Sam Antonacci,Chicago White Sox,New York Mets,LF,L,No,,107,429,369,99,18,2,8,64,36,33,23,68,0.268,0.364,0.393,0.757,12,51,41,8,0,0.195,0.0,26,99,85,20,1,0.235,0.0101,572,131,2.7,19.2,43.3,28.6,27.7,10.5,23.2,35.5,37.8,4.4,2.6,4.4,44.9,81.0,16.4,0.461,67.9,92.4,108.0,7.3,7.2,2.1,44.3,20.2,Weak,2.0,Contact-First Profile,A,Excellent HR swing plane,20.2,Weak,0.917,Good,1.5,34.5,91.3,0.405,Derived proxy,Derived proxy,Derived proxy,Derived proxy,,,16.07,8.07,Strong positive regression,Weak Contact-First Profile profile. 2.7% barrel rate; 81.0 mph average exit velocity; 23.2% air-ball rate; 35.5% pull-air rate; 4.4% HR-launch rate.,0.0186,0.0216,3.99,67,20,46.1,1.45,145.3,Above normal drought,640455.0,Sean Manaea,L,LHB vs LHP,26,12,111.0,4.22,1.32,16,1.3,9.16,3.0,671.0,4.8,22.4,14.2,50.6,31.3,80.7,93.6,114.6,0.571,16.0,22.0,100.0,0.456,2.7,4-Seam Fastball,L,LHB vs LHP,17.3,93,0.225,0.326,0.262,0.589,0,4,19,0.0,1.7,0.378,155,0.0258,4.1,0.553,0,0,0,0/0,,,,,0,0,0,25.5,Strong Pitcher Advantage,Below average,50.0,5,Pitch-level Statcast · last 5 MLB games,457,4-Seam Fastball,53.82932166301969,246.0,Sweeper,26.695842450765863,122.0,Sinker,15.317286652078774,70.0,Changeup,2.4070021881838075,11.0,Unknown,,Unknown,,No,100.0,1.0,1.0,50.0,0.944,0.973,31.0,Current-Season Handedness Matchup,Pull Air %,Barrel %,Max Exit Velocity,17.3,38.5,22.0,20.2,50.0,45.0,32.4,3.83,0.761,1.032,0.985,1.0,0.917,0.917,1.035,8.33,4.66,84.9,24.2,F,Lineup unconfirmed,Cutter,1.75054704595186,8.0,,,,,,
279,2026-08-21,823746,2026-08-21T20:10:00Z,Scheduled,American Family Field,Atlanta Braves @ Milwaukee Brewers,Away,657041,Lane Thomas,Atlanta Braves,Milwaukee Brewers,CF,R,No,,108,352,306,70,18,0,11,35,40,42,2,88,0.229,0.324,0.395,0.719,7,14,12,3,1,0.25,0.0714,20,58,52,9,2,0.173,0.0345,426,68,3.6,22.1,38.2,27.9,33.9,10.8,22.8,46.2,30.7,4.9,2.7,4.9,77.1,81.7,18.1,0.51,70.3,93.8,109.0,23.4,12.2,6.1,56.9,29.6,Weak,2.0,Pull Power,A,Excellent HR swing plane,29.6,Weak,0.943,Good,2.9,41.7,92.5,0.478,Derived proxy,Derived proxy,Derived proxy,Derived proxy,,,15.62,4.62,Strong positive regression,Weak Pull Power profile. 3.6% barrel rate; 81.7 mph average exit velocity; 22.8% air-ball rate; 46.2% pull-air rate; 4.9% HR-launch rate.,0.0312,0.0314,4.05,10,4,27.8,0.36,35.9,Recently homered,694819.0,Jacob Misiorowski,R,RHB vs RHP,23,23,139.0,1.75,0.75,13,0.84,13.6,2.01,612.0,1.8,17.8,11.3,27.6,31.5,81.5,91.9,114.8,0.432,13.0,31.6,99.9,0.521,4.2,4-Seam Fastball,R,RHB vs RHP,28.2,202,0.201,0.287,0.352,0.639,6,20,53,0.0297,5.1,0.497,233,0.03,2.2,0.464,0,0,0,0/0,,,,,0,0,0,33.8,Slight Pitcher Advantage,Below average,50.0,5,Pitch-level Statcast · last 5 MLB games,423,4-Seam Fastball,66.903073286052,283.0,Cutter,11.583924349881796,49.0,Slider,11.583924349881796,49.0,Curveball,9.929078014184396,42.0,Unknown,,Unknown,,No,100.0,1.0,1.0,50.0,0.963,0.943,41.5,Current-Season Handedness Matchup,Pull Air %,Barrel %,Max Exit Velocity,28.2,14.0,31.6,31.3,50.0,45.0,32.3,3.83,1.257,0.958,0.985,1.0,0.943,0.943,1.0,12.14,7.65,81.6,24.7,F,Lineup unconfirmed,,,,,,,,,
280,2026-08-21,824559,2026-08-21T23:40:00Z,Scheduled,Rate Field,New York Mets @ Chicago White Sox,Away,620443,Luis Torrens,New York Mets,Chicago White Sox,C,R,No,,76,231,209,50,12,0,7,30,31,16,4,44,0.239,0.306,0.397,0.703,5,15,14,5,3,0.357,0.2,12,43,38,11,5,0.289,0.1163,314,57,4.5,24.1,21.4,35.7,41.8,15.0,24.9,20.1,33.0,7.8,3.1,7.8,89.2,83.7,15.4,0.52,68.7,94.5,107.3,8.5,11.5,3.5,52.4,20.9,Weak,2.0,Contact-First Profile,A,Excellent HR swing plane,20.9,Weak,0.919,Good,7.0,17.6,95.0,0.617,Derived proxy,Derived proxy,Derived proxy,Derived proxy,,,12.83,5.83,Strong positive regression,Weak Contact-First Profile profile. 4.5% barrel rate; 83.7 mph average exit velocity; 24.9% air-ball rate; 20.1% pull-air rate; 7.8% HR-launch rate.,0.0303,0.0309,4.05,3,1,29.9,0.1,10.0,Very recent HR,680732.0,Sean Burke,R,RHB vs RHP,25,21,140.0,3.15,1.11,16,1.03,9.9,2.7,757.0,4.6,22.5,14.9,49.3,34.3,83.2,94.3,113.4,0.528,16.0,32.3,79.5,0.541,3.6,4-Seam Fastball,R,RHB vs RHP,21.2,159,0.228,0.291,0.352,0.643,3,10,31,0.0189,2.7,0.455,234,0.0214,3.9,0.487,0,0,0,0/0,,,,,0,0,0,30.9,Slight Pitcher Advantage,Below average,50.0,5,Pitch-level Statcast · last 5 MLB games,450,4-Seam Fastball,37.111111111111114,167.0,Slider,22.666666666666668,102.0,Knuckle Curve,17.77777777777778,80.0,Sinker,10.88888888888889,49.0,Unknown,,Unknown,,No,100.0,1.0,1.0,50.0,0.965,0.971,26.2,Current-Season Handedness Matchup,Pull Air %,Barrel %,Max Exit Velocity,21.2,36.8,32.3,25.2,50.0,45.0,32.3,3.83,1.35,0.989,0.985,1.0,0.919,0.919,0.98,11.93,8.03,71.9,23.7,F,Lineup unconfirmed,Cutter,10.444444444444445,47.0,Changeup,1.1111111111111112,5.0,,,
281,2026-08-21,824072,2026-08-22T00:10:00Z,Scheduled,Kauffman Stadium,Detroit Tigers @ Kansas City Royals,Home,686555,Isaac Collins,Kansas City Royals,Detroit Tigers,LF,S,No,,116,422,362,82,20,3,6,41,38,49,6,94,0.227,0.326,0.348,0.674,11,36,31,3,0,0.097,0.0,24,86,75,12,1,0.16,0.0116,471,99,4.7,26.9,43.1,23.3,33.6,15.9,29.7,34.0,27.9,4.9,2.8,4.9,25.6,83.0,22.5,0.41,70.0,95.9,110.7,31.1,12.0,10.1,32.4,26.1,Weak,2.0,Contact-First Profile,A-,Elevated power plane,26.1,Weak,0.933,Good,5.1,20.7,96.4,0.361,Derived proxy,Derived proxy,Derived proxy,Derived proxy,,,19.34,13.34,Strong positive regression,Weak Contact-First Profile profile. 4.7% barrel rate; 83.0 mph average exit velocity; 29.7% air-ball rate; 34.0% pull-air rate; 4.9% HR-launch rate.,0.0142,0.0182,3.99,72,23,60.3,1.19,119.3,Near normal interval,675512.0,Troy Melton,R,Switch vs RHP,14,14,84.1,1.49,0.96,8,0.85,7.79,2.67,419.0,4.1,25.8,12.9,38.5,26.7,83.4,95.4,111.9,0.432,8.0,29.9,100.0,0.49,5.0,4-Seam Fastball,L,LHB vs RHP,22.8,289,0.239,0.351,0.366,0.717,4,40,65,0.0138,4.0,0.458,197,0.0355,3.8,0.44,3,2,1,1/2,0.5,0.667,2.0,2.667,1,1,1,32.2,Slight Pitcher Advantage,Below average,57.5,5,Pitch-level Statcast · last 5 MLB games,458,4-Seam Fastball,31.87772925764192,146.0,Cutter,24.017467248908297,110.0,Slider,13.318777292576419,61.0,Split-Finger,12.882096069868995,59.0,Unknown,,Unknown,,No,100.0,1.0,1.0,50.0,0.96,0.966,35.2,Current-Season Handedness Matchup,Pull Air %,Barrel %,Max Exit Velocity,22.8,25.5,29.9,24.3,50.0,45.0,32.2,3.82,0.792,0.96,1.035,0.965,0.933,0.9,1.0,7.05,4.21,83.9,20.9,F,Lineup unconfirmed,Curveball,10.043668122270743,46.0,Sinker,6.11353711790393,28.0,Changeup,1.7467248908296944,8.0
282,2026-08-21,824152,2026-08-22T00:10:00Z,Scheduled,Daikin Park,Athletics @ Houston Astros,Home,673237,Yainer Diaz,Houston Astros,Athletics,C,R,No,,67,248,236,60,9,0,8,25,28,9,1,38,0.254,0.282,0.394,0.676,9,19,17,4,0,0.235,0.0,19,57,55,17,2,0.309,0.0351,330,83,3.0,22.4,42.6,29.2,28.2,9.6,22.3,35.1,25.2,4.0,2.8,4.0,82.3,82.1,13.0,0.497,70.8,93.6,109.3,21.5,7.8,6.4,55.9,23.9,Weak,2.0,Contact-First Profile,A,Excellent HR swing plane,23.9,Weak,0.927,Good,2.4,35.3,92.7,0.524,Derived proxy,Derived proxy,Derived proxy,Derived proxy,,,9.88,1.88,Near expected,Weak Contact-First Profile profile. 3.0% barrel rate; 82.1 mph average exit velocity; 22.3% air-ball rate; 35.1% pull-air rate; 4.0% HR-launch rate.,0.0323,0.0322,3.93,37,15,29.5,1.25,125.4,Near normal interval,669372.0,J.T. Ginn,R,RHB vs RHP,25,22,127.1,3.53,1.22,14,0.99,8.06,3.75,617.0,3.6,23.5,13.9,41.3,25.3,81.6,94.7,112.1,0.479,14.0,26.4,99.8,0.49,3.2,Sinker,R,RHB vs RHP,30.2,179,0.257,0.279,0.433,0.712,8,5,23,0.0447,3.8,0.536,213,0.0235,3.1,0.439,3,3,1,1/3,0.333,0.333,0.667,1.0,0,0,0,33.1,Slight Pitcher Advantage,Below average,51.3,5,Pitch-level Statcast · last 5 MLB games,448,Sinker,37.94642857142857,170.0,Changeup,24.553571428571427,110.0,Slider,15.625,70.0,4-Seam Fastball,11.830357142857142,53.0,Unknown,,Unknown,,No,100.0,1.0,1.0,50.0,0.953,0.961,34.9,Current-Season Handedness Matchup,Pull Air %,Barrel %,Max Exit Velocity,30.2,27.9,26.4,24.6,50.0,45.0,32.1,3.82,0.873,0.982,0.985,1.0,0.927,0.927,1.0,12.06,6.05,74.3,22.8,F,Lineup unconfirmed,Cutter,10.044642857142858,45.0,,,,,,
283,2026-08-21,823830,2026-08-21T23:10:00Z,Scheduled,loanDepot park,Washington Nationals @ Miami Marlins,Away,696285,Jacob Young,Washington Nationals,Miami Marlins,CF,R,No,,112,382,344,86,16,3,10,45,43,25,7,65,0.25,0.312,0.401,0.713,9,34,31,10,1,0.323,0.0294,21,76,61,21,1,0.344,0.0132,451,87,2.9,19.5,38.0,30.6,31.1,18.8,36.9,32.6,32.7,5.8,3.4,5.8,73.2,82.0,14.7,0.469,66.1,93.2,108.7,1.2,10.1,0.2,59.3,20.9,Weak,2.0,Contact-First Profile,A,Excellent HR swing plane,20.9,Weak,0.919,Good,1.1,34.3,91.2,0.439,Derived proxy,Derived proxy,Derived proxy,Derived proxy,,,13.63,3.63,Positive regression,Weak Contact-First Profile profile. 2.9% barrel rate; 82.0 mph average exit velocity; 36.9% air-ball rate; 32.6% pull-air rate; 5.8% HR-launch rate.,0.0262,0.0276,4.05,22,6,34.4,0.64,64.0,Recently homered,687473.0,Ryan Gusto,R,RHB vs RHP,16,11,53.2,4.7,1.32,8,1.34,8.22,2.35,318.0,5.7,27.0,13.8,32.3,31.1,84.8,95.6,113.3,0.537,8.0,29.1,100.0,0.502,3.9,4-Seam Fastball,R,RHB vs RHP,34.0,248,0.221,0.276,0.363,0.639,7,13,43,0.0282,3.4,0.456,99,0.0505,5.8,0.554,2,2,0,0/2,0.0,0.0,0.0,0.0,0,0,0,34.5,Slight Pitcher Advantage,Below average,45.0,5,Pitch-level Statcast · last 5 MLB games,349,4-Seam Fastball,31.23209169054441,109.0,Sweeper,15.472779369627506,54.0,Cutter,13.46704871060172,47.0,Sinker,12.034383954154729,42.0,Unknown,,Unknown,,No,94.0,0.94,1.0,39.2,0.958,0.982,34.5,Current-Season Handedness Matchup,Pull Air %,Barrel %,Max Exit Velocity,34.0,31.3,29.1,19.8,39.2,45.0,32.1,3.82,0.921,1.029,0.985,1.0,0.919,0.919,1.0,10.71,5.79,83.1,21.8,F,Lineup unconfirmed,Changeup,10.02865329512894,35.0,Slider,9.455587392550143,33.0,Curveball,8.30945558739255,29.0
284,2026-08-21,823101,2026-08-22T02:10:00Z,Scheduled,T-Mobile Park,Chicago Cubs @ Seattle Mariners,Away,608348,Carson Kelly,Chicago Cubs,Seattle Mariners,C,R,No,,95,333,296,77,12,0,7,43,43,34,3,57,0.26,0.342,0.372,0.714,7,25,24,5,0,0.208,0.0,19,65,62,15,1,0.242,0.0154,438,90,2.9,22.6,43.0,27.3,29.7,12.7,24.1,42.3,28.8,4.7,2.3,4.7,50.0,81.4,17.2,0.445,69.3,93.6,107.4,8.2,9.3,2.0,46.0,21.8,Weak,2.0,Pull Power,A,Excellent HR swing plane,21.8,Weak,0.921,Good,2.2,50.0,93.1,0.407,Derived proxy,Derived proxy,Derived proxy,Derived proxy,,,13.54,6.54,Strong positive regression,Weak Pull Power profile. 2.9% barrel rate; 81.4 mph average exit velocity; 24.1% air-ball rate; 42.3% pull-air rate; 4.7% HR-launch rate.,0.021,0.0239,4.05,34,10,42.3,0.8,80.4,Near normal interval,676106.0,Emerson Hancock,R,RHB vs RHP,23,23,128.0,3.3,1.11,16,1.13,8.37,2.25,732.0,4.8,23.1,14.5,33.7,30.7,83.2,94.4,114.7,0.547,16.0,29.5,99.8,0.508,3.9,4-Seam Fastball,R,RHB vs RHP,17.5,218,0.224,0.303,0.286,0.588,2,19,36,0.0092,1.8,0.404,222,0.027,3.6,0.501,6,6,1,1/6,0.167,0.167,0.333,0.5,0,0,0,25.5,Strong Pitcher Advantage,Below average,36.6,5,Pitch-level Statcast · last 5 MLB games,474,4-Seam Fastball,41.561181434599156,197.0,Sinker,23.839662447257385,113.0,Sweeper,10.759493670886076,51.0,Cutter,10.126582278481013,48.0,Unknown,,Unknown,,No,92.0,0.92,1.0,35.6,0.959,0.973,33.6,Current-Season Handedness Matchup,Pull Air %,Barrel %,Max Exit Velocity,17.5,27.7,29.5,38.7,35.6,45.0,32.1,3.82,0.793,1.005,0.985,1.0,0.921,0.921,1.0,9.34,4.75,81.0,20.1,F,Lineup unconfirmed,Curveball,9.70464135021097,46.0,Changeup,4.008438818565401,19.0,,,
285,2026-08-21,825045,2026-08-22T01:40:00Z,Scheduled,Chase Field,Cincinnati Reds @ Arizona Diamondbacks,Home,691783,Jordan Lawlar,Arizona Diamondbacks,Cincinnati Reds,LF,R,No,,15,54,48,12,2,0,1,6,4,3,3,15,0.25,0.333,0.354,0.687,3,10,10,0,0,0.0,0.0,3,10,10,0,0,0.0,0.0,68,11,1.3,13.9,31.4,34.4,34.2,19.0,26.6,36.3,24.1,2.5,2.5,2.5,100.0,80.8,18.8,0.427,65.9,92.0,105.0,4.4,3.8,0.9,58.4,15.7,Weak,1.5,Contact-First Profile,A,Excellent HR swing plane,15.7,Weak,0.904,Good,0.0,0.0,87.1,0.138,Derived proxy,Derived proxy,Derived proxy,Derived proxy,,,1.23,0.23,Near expected,Weak Contact-First Profile profile. 1.3% barrel rate; 80.8 mph average exit velocity; 26.6% air-ball rate; 36.3% pull-air rate; 2.5% HR-launch rate.,0.0185,0.0278,3.99,30,9,48.0,0.62,62.5,Recently homered,666157.0,Nick Lodolo,L,RHB vs LHP,14,14,71.2,4.52,1.42,12,1.51,7.16,3.64,405.0,6.4,24.9,13.3,35.4,32.6,83.4,95.9,115.9,0.595,12.0,21.8,100.0,0.468,1.1,Sinker,R,RHB vs LHP,46.3,23,0.25,0.348,0.3,0.648,0,2,4,0.0,0.0,0.403,239,0.046,8.0,0.621,3,2,0,0/2,0.0,0.333,0.0,0.333,0,0,1,36.9,Slight Pitcher Advantage,Below average,42.5,5,Pitch-level Statcast · last 5 MLB games,414,4-Seam Fastball,28.502415458937197,118.0,Sinker,26.08695652173913,108.0,Changeup,23.67149758454106,98.0,Curveball,21.73913043478261,90.0,Unknown,,Unknown,,No,100.0,1.0,1.0,50.0,0.944,0.989,34.4,Current-Season Handedness Matchup,Pull Air %,Barrel %,Max Exit Velocity,46.3,38.6,21.8,0.0,50.0,45.0,32.1,3.82,1.0,1.066,1.025,1.0,0.904,0.904,1.0,10.65,6.53,56.7,18.9,F,Small season sample; Lineup unconfirmed; Limited recent games,,,,,,,,,
286,2026-08-21,823262,2026-08-22T01:40:00Z,Scheduled,Petco Park,Minnesota Twins @ San Diego Padres,Home,823550,Sung-Mun Song,San Diego Padres,Minnesota Twins,2B,L,No,,62,134,114,23,4,0,1,19,15,17,0,25,0.202,0.305,0.263,0.568,6,7,6,0,0,0.0,0.0,16,28,22,2,0,0.091,0.0,172,34,1.9,17.9,47.2,29.9,22.8,14.6,20.9,50.0,17.8,2.3,1.1,2.3,20.0,80.4,17.6,0.301,67.0,92.6,107.8,15.0,4.2,3.6,56.4,20.4,Weak,2.0,Pull Power,A,Excellent HR swing plane,20.4,Weak,0.917,Good,0.0,66.7,91.8,0.223,Derived proxy,Derived proxy,Derived proxy,Derived proxy,,,4.19,3.19,Positive regression,Weak Pull Power profile. 1.9% barrel rate; 80.4 mph average exit velocity; 20.9% air-ball rate; 50.0% pull-air rate; 2.3% HR-launch rate.,0.0075,0.0191,3.87,54,29,114.0,0.47,47.4,Recently homered,687570.0,Connor Prielipp,L,LHB vs LHP,17,17,87.2,5.34,1.38,12,1.23,9.65,3.7,498.0,4.6,24.1,13.3,40.8,31.1,83.2,95.0,113.1,0.557,12.0,2.9,99.9,0.279,0.9,Slider,L,LHB vs LHP,42.0,11,0.111,0.2,0.111,0.311,0,1,2,0.0,0.0,0.302,112,0.0268,5.4,0.586,0,0,0,0/0,,,,,0,0,0,29.9,Strong Pitcher Advantage,Below average,50.0,5,Pitch-level Statcast · last 5 MLB games,433,Slider,31.17782909930716,135.0,4-Seam Fastball,25.86605080831409,112.0,Sinker,21.939953810623557,95.0,Curveball,15.242494226327944,66.0,Unknown,,Unknown,,No,94.0,0.94,1.0,39.2,0.92,0.971,40.9,Current-Season Handedness Matchup,Pull Air %,Barrel %,Max Exit Velocity,42.0,32.9,2.9,37.7,39.2,45.0,32.0,3.82,0.901,1.021,0.985,0.94,0.917,0.862,1.0,7.18,4.24,63.8,15.7,F,Lineup unconfirmed,Changeup,5.773672055427252,25.0,,,,,,
287,2026-08-21,823420,2026-08-21T22:40:00Z,Scheduled,Citizens Bank Park,St. Louis Cardinals @ Philadelphia Phillies,Away,802139,JJ Wetherholt,St. Louis Cardinals,Philadelphia Phillies,2B,L,No,,123,557,477,116,14,0,16,85,46,62,16,87,0.243,0.348,0.373,0.721,13,60,51,11,0,0.216,0.0,27,122,100,19,1,0.19,0.0082,671,136,4.2,26.9,40.7,31.3,27.5,15.8,26.9,28.5,27.9,8.5,4.4,8.5,41.7,84.5,18.7,0.513,69.3,95.2,107.6,15.2,13.5,5.5,60.7,25.4,Weak,2.0,Contact-First Profile,A,Excellent HR swing plane,25.4,Weak,0.931,Good,3.7,23.3,95.1,0.488,Derived proxy,Derived proxy,Derived proxy,Derived proxy,,,28.34,12.34,Strong positive regression,Weak Contact-First Profile profile. 4.2% barrel rate; 84.5 mph average exit velocity; 26.9% air-ball rate; 28.5% pull-air rate; 8.5% HR-launch rate.,0.0287,0.0293,4.05,70,19,29.8,2.35,234.8,Very long drought,666200.0,Jesús Luzardo,L,LHB vs LHP,25,25,150.1,3.23,1.15,12,0.72,11.08,2.75,698.0,3.6,20.5,11.5,37.3,28.4,81.7,93.4,110.9,0.454,12.0,38.6,100.0,0.575,5.0,Sweeper,L,LHB vs LHP,21.1,196,0.229,0.321,0.347,0.668,5,21,30,0.0255,6.5,0.558,155,0.0065,1.2,0.296,0,0,0,0/0,,,,,0,0,0,33.0,Slight Pitcher Advantage,Below average,50.0,5,Pitch-level Statcast · last 5 MLB games,512,Sweeper,41.015625,210.0,4-Seam Fastball,25.9765625,133.0,Sinker,18.75,96.0,Changeup,14.2578125,73.0,Unknown,,Unknown,,No,108.0,1.08,1.0,64.4,0.977,0.961,30.1,Current-Season Handedness Matchup,Pull Air %,Barrel %,Max Exit Velocity,21.1,22.9,38.6,21.1,64.4,45.0,31.9,3.82,0.758,0.939,0.985,1.0,0.931,0.931,1.06,11.35,5.73,85.0,29.4,F,Lineup unconfirmed,,,,,,,,,
288,2026-08-21,823510,2026-08-21T23:05:00Z,Scheduled,Yankee Stadium,Toronto Blue Jays @ New York Yankees,Away,543807,George Springer,Toronto Blue Jays,New York Yankees,DH,R,No,,97,409,361,85,15,2,12,45,40,40,3,76,0.235,0.315,0.388,0.703,11,31,28,7,0,0.25,0.0,26,96,85,23,2,0.271,0.0208,555,125,2.8,20.1,40.8,33.4,25.8,13.4,24.3,36.9,26.7,4.9,3.7,4.9,76.1,81.5,15.1,0.446,70.5,93.0,109.0,32.1,8.9,6.8,56.4,25.0,Weak,2.0,Contact-First Profile,A,Excellent HR swing plane,25.0,Weak,0.93,Good,1.6,25.8,92.5,0.406,Derived proxy,Derived proxy,Derived proxy,Derived proxy,,,16.4,4.4,Strong positive regression,Weak Contact-First Profile profile. 2.8% barrel rate; 81.5 mph average exit velocity; 24.3% air-ball rate; 36.9% pull-air rate; 4.9% HR-launch rate.,0.0293,0.0299,4.05,62,20,30.1,2.06,206.1,Very long drought,693645.0,Cam Schlittler,R,RHB vs RHP,26,26,152.0,2.19,0.94,14,0.83,11.19,2.01,828.0,4.0,21.0,12.2,31.7,31.6,82.4,93.0,115.9,0.516,14.0,36.8,99.8,0.565,4.6,4-Seam Fastball,R,RHB vs RHP,27.5,285,0.236,0.314,0.398,0.712,10,28,53,0.0351,4.0,0.488,229,0.0262,3.9,0.437,5,2,1,1/2,0.5,0.8,0.5,1.3,0,2,1,36.5,Slight Pitcher Advantage,Below average,56.2,5,Pitch-level Statcast · last 5 MLB games,468,4-Seam Fastball,42.52136752136752,199.0,Cutter,22.863247863247864,107.0,Sinker,19.871794871794872,93.0,Curveball,14.743589743589743,69.0,Unknown,,Unknown,,No,108.0,1.08,1.0,64.4,0.974,0.965,33.9,Current-Season Handedness Matchup,Pull Air %,Barrel %,Max Exit Velocity,27.5,20.8,36.8,14.4,64.4,45.0,31.9,3.81,0.802,0.957,0.985,1.0,0.93,0.93,1.06,11.58,6.08,84.7,28.4,F,Lineup unconfirmed,,,,,,,,,
289,2026-08-21,823262,2026-08-22T01:40:00Z,Scheduled,Petco Park,Minnesota Twins @ San Diego Padres,Home,650859,Luis Rengifo,San Diego Padres,Minnesota Twins,LF,S,No,,87,329,288,70,11,0,4,36,32,33,3,44,0.243,0.325,0.323,0.648,10,40,35,10,2,0.286,0.05,25,101,86,25,3,0.291,0.0297,459,140,2.7,21.2,43.5,30.2,26.1,10.5,22.8,37.8,27.3,5.1,3.2,5.1,53.6,81.2,12.3,0.423,69.1,93.7,109.1,15.7,8.0,4.8,42.4,21.9,Weak,2.0,Contact-First Profile,A,Excellent HR swing plane,21.9,Weak,0.921,Good,2.1,39.4,93.1,0.445,Derived proxy,Derived proxy,Derived proxy,Derived proxy,,,13.59,9.59,Strong positive regression,Weak Contact-First Profile profile. 2.7% barrel rate; 81.2 mph average exit velocity; 22.8% air-ball rate; 37.8% pull-air rate; 5.1% HR-launch rate.,0.0122,0.0175,3.87,10,3,72.0,0.14,13.9,Very recent HR,687570.0,Connor Prielipp,L,Switch vs LHP,17,17,87.2,5.34,1.38,12,1.23,9.65,3.7,498.0,4.6,24.1,13.3,40.8,31.1,83.2,95.0,113.1,0.557,12.0,24.4,99.9,0.444,4.5,Slider,R,RHB vs LHP,22.0,126,0.205,0.28,0.268,0.548,1,11,24,0.0079,2.8,0.428,271,0.0332,4.3,0.544,3,3,0,0/3,0.0,0.0,0.0,0.0,0,0,2,26.9,Strong Pitcher Advantage,Below average,42.5,5,Pitch-level Statcast · last 5 MLB games,433,Slider,31.17782909930716,135.0,4-Seam Fastball,25.86605080831409,112.0,Sinker,21.939953810623557,95.0,Curveball,15.242494226327944,66.0,Unknown,,Unknown,,No,94.0,0.94,1.0,39.2,0.949,0.971,33.0,Current-Season Handedness Matchup,Pull Air %,Barrel %,Max Exit Velocity,22.0,32.9,24.4,28.7,39.2,45.0,31.9,3.81,1.35,1.021,1.035,0.94,0.921,0.866,0.98,6.59,5.2,83.5,20.0,F,Lineup unconfirmed,Changeup,5.773672055427252,25.0,,,,,,
290,2026-08-21,824800,2026-08-21T23:15:00Z,Scheduled,Oriole Park at Camden Yards,Tampa Bay Rays @ Baltimore Orioles,Away,680700,Richie Palacios,Tampa Bay Rays,Baltimore Orioles,2B,L,No,,97,314,270,65,12,2,5,41,39,38,3,57,0.241,0.339,0.356,0.695,12,41,35,12,0,0.343,0.0,23,72,60,16,2,0.267,0.0278,407,97,3.0,21.5,43.7,28.1,25.5,10.8,25.5,39.7,32.3,4.9,2.4,4.9,50.0,80.4,16.1,0.453,65.8,92.6,106.6,3.1,10.1,0.9,46.3,20.5,Weak,2.0,Contact-First Profile,A,Excellent HR swing plane,20.5,Weak,0.917,Good,4.1,36.0,94.0,0.493,Derived proxy,Derived proxy,Derived proxy,Derived proxy,,,12.86,7.86,Strong positive regression,Weak Contact-First Profile profile. 3.0% barrel rate; 80.4 mph average exit velocity; 25.5% air-ball rate; 39.7% pull-air rate; 4.9% HR-launch rate.,0.0159,0.0204,4.05,39,15,54.0,0.72,72.2,Recently homered,669432.0,Trevor Rogers,L,LHB vs LHP,23,23,125.2,4.15,1.25,13,0.93,7.73,2.51,764.0,4.3,23.3,12.3,42.9,27.9,82.2,94.5,117.3,0.514,13.0,21.9,100.0,0.446,3.1,4-Seam Fastball,L,LHB vs LHP,19.3,44,0.175,0.25,0.25,0.5,0,4,11,0.0,0.0,0.252,135,0.0074,1.7,0.395,0,0,0,0/0,,,,,0,0,0,26.3,Strong Pitcher Advantage,Below average,50.0,5,Pitch-level Statcast · last 5 MLB games,452,4-Seam Fastball,47.34513274336283,214.0,Changeup,20.353982300884955,92.0,Sweeper,15.70796460176991,71.0,Cutter,8.4070796460177,38.0,Unknown,,Unknown,,No,99.0,0.99,1.0,48.2,0.944,0.968,32.4,Current-Season Handedness Matchup,Pull Air %,Barrel %,Max Exit Velocity,19.3,31.1,21.9,31.7,48.2,45.0,31.7,3.81,0.922,0.973,0.985,1.0,0.917,0.917,1.0,8.0,4.76,80.2,19.5,F,Lineup unconfirmed,Sinker,8.185840707964601,37.0,,,,,,
291,2026-08-21,823510,2026-08-21T23:05:00Z,Scheduled,Yankee Stadium,Toronto Blue Jays @ New York Yankees,Away,669701,Josh Smith,Toronto Blue Jays,New York Yankees,2B,L,No,,59,187,164,36,3,1,3,16,11,19,1,40,0.22,0.303,0.305,0.608,10,23,18,4,1,0.222,0.0435,19,49,42,8,2,0.19,0.0408,246,54,5.1,17.2,43.5,28.0,28.5,13.9,25.3,38.9,27.3,5.3,2.5,5.3,39.6,77.7,13.6,0.441,66.0,91.5,107.2,3.3,8.0,0.6,37.1,19.8,Weak,2.0,Contact-First Profile,A,Excellent HR swing plane,19.8,Weak,0.915,Good,5.6,38.5,89.4,0.468,Derived proxy,Derived proxy,Derived proxy,Derived proxy,,,10.78,7.78,Strong positive regression,Weak Contact-First Profile profile. 5.1% barrel rate; 77.7 mph average exit velocity; 25.3% air-ball rate; 38.9% pull-air rate; 5.3% HR-launch rate.,0.016,0.0223,3.93,3,1,54.7,0.05,5.5,Very recent HR,693645.0,Cam Schlittler,R,LHB vs RHP,26,26,152.0,2.19,0.94,14,0.83,11.19,2.01,828.0,4.0,21.0,12.2,31.7,31.6,82.4,93.0,115.9,0.516,14.0,26.8,99.8,0.462,4.8,4-Seam Fastball,L,LHB vs RHP,25.9,158,0.239,0.329,0.341,0.67,3,18,28,0.019,5.1,0.439,373,0.0214,4.1,0.575,4,4,0,0/4,0.0,0.0,0.0,0.0,0,0,4,29.1,Strong Pitcher Advantage,Below average,40.0,5,Pitch-level Statcast · last 5 MLB games,468,4-Seam Fastball,42.52136752136752,199.0,Cutter,22.863247863247864,107.0,Sinker,19.871794871794872,93.0,Curveball,14.743589743589743,69.0,Unknown,,Unknown,,No,108.0,1.08,1.0,64.4,0.954,0.965,34.6,Current-Season Handedness Matchup,Pull Air %,Barrel %,Max Exit Velocity,25.9,20.8,26.8,28.0,64.4,45.0,31.6,3.8,1.35,0.957,1.025,0.94,0.915,0.861,0.98,8.47,6.31,69.3,19.8,F,Lineup unconfirmed,,,,,,,,,
292,2026-08-21,824072,2026-08-22T00:10:00Z,Scheduled,Kauffman Stadium,Detroit Tigers @ Kansas City Royals,Home,686475,Tyler Tolbert,Kansas City Royals,Detroit Tigers,SS,R,No,,59,115,99,30,5,0,3,25,8,11,0,19,0.303,0.369,0.444,0.813,8,21,16,3,0,0.188,0.0,20,46,38,10,1,0.263,0.0217,129,40,2.4,17.3,32.2,38.3,29.5,16.4,31.3,36.9,36.2,4.8,2.9,4.8,100.0,78.9,15.4,0.438,63.7,91.9,106.2,1.4,8.7,0.0,39.4,18.7,Weak,1.5,Contact-First Profile,A,Excellent HR swing plane,18.7,Weak,0.912,Good,2.5,33.3,92.5,0.458,Derived proxy,Derived proxy,Derived proxy,Derived proxy,,,3.49,0.49,Near expected,Weak Contact-First Profile profile. 2.4% barrel rate; 78.9 mph average exit velocity; 31.3% air-ball rate; 36.9% pull-air rate; 4.8% HR-launch rate.,0.0261,0.0291,4.09,31,14,33.0,0.94,93.9,Near normal interval,675512.0,Troy Melton,R,RHB vs RHP,14,14,84.1,1.49,0.96,8,0.85,7.79,2.67,419.0,4.1,25.8,12.9,38.5,26.7,83.4,95.4,111.9,0.432,8.0,29.7,89.5,0.526,3.0,4-Seam Fastball,R,RHB vs RHP,32.4,47,0.357,0.378,0.524,0.902,2,2,10,0.0426,5.4,0.538,132,0.0076,4.5,0.42,0,0,0,0/0,,,,,0,0,0,35.0,Slight Pitcher Advantage,Below average,50.0,5,Pitch-level Statcast · last 5 MLB games,458,4-Seam Fastball,31.87772925764192,146.0,Cutter,24.017467248908297,110.0,Slider,13.318777292576419,61.0,Split-Finger,12.882096069868995,59.0,Unknown,,Unknown,,No,100.0,1.0,1.0,50.0,0.959,0.966,33.8,Current-Season Handedness Matchup,Pull Air %,Barrel %,Max Exit Velocity,32.4,25.5,29.7,22.7,50.0,45.0,31.5,3.8,0.811,0.96,0.985,1.0,0.912,0.912,1.0,11.38,5.46,63.9,21.0,F,Lineup unconfirmed,Curveball,10.043668122270743,46.0,Sinker,6.11353711790393,28.0,Changeup,1.7467248908296944,8.0
293,2026-08-21,823830,2026-08-21T23:10:00Z,Scheduled,loanDepot park,Washington Nationals @ Miami Marlins,Away,695670,Harry Ford,Washington Nationals,Miami Marlins,C,R,No,,19,61,52,11,5,0,2,9,7,8,1,18,0.212,0.328,0.423,0.751,6,19,17,4,0,0.235,0.0,16,48,41,8,1,0.195,0.0208,69,53,4.1,14.7,51.2,23.5,25.3,21.1,25.3,39.3,33.2,4.1,4.1,4.1,60.8,77.6,16.7,0.381,66.2,89.2,103.1,2.3,4.1,1.0,43.6,18.1,Weak,1.5,Contact-First Profile,A,Excellent HR swing plane,18.1,Weak,0.911,Good,3.8,35.7,89.9,0.36,Derived proxy,Derived proxy,Derived proxy,Derived proxy,,,2.56,0.56,Near expected,Weak Contact-First Profile profile. 4.1% barrel rate; 77.6 mph average exit velocity; 25.3% air-ball rate; 39.3% pull-air rate; 4.1% HR-launch rate.,0.0328,0.0323,4.05,17,6,26.0,0.65,65.4,Recently homered,687473.0,Ryan Gusto,R,RHB vs RHP,16,11,53.2,4.7,1.32,8,1.34,8.22,2.35,318.0,5.7,27.0,13.8,32.3,31.1,84.8,95.6,113.3,0.537,8.0,19.4,100.0,0.374,5.5,4-Seam Fastball,R,RHB vs RHP,48.8,25,0.143,0.28,0.476,0.756,2,3,7,0.08,4.0,0.401,99,0.0505,5.8,0.554,0,0,0,0/0,,,,,0,0,0,38.7,Slight Pitcher Advantage,Below average,50.0,5,Pitch-level Statcast · last 5 MLB games,349,4-Seam Fastball,31.23209169054441,109.0,Sweeper,15.472779369627506,54.0,Cutter,13.46704871060172,47.0,Sinker,12.034383954154729,42.0,Unknown,,Unknown,,No,94.0,0.94,1.0,39.2,0.939,0.982,36.5,Current-Season Handedness Matchup,Pull Air %,Barrel %,Max Exit Velocity,48.8,31.3,19.4,22.5,39.2,45.0,31.4,3.8,0.793,1.029,0.985,1.0,0.911,0.911,1.0,12.44,5.71,60.2,19.1,F,Small season sample; Lineup unconfirmed,Changeup,10.02865329512894,35.0,Slider,9.455587392550143,33.0,Curveball,8.30945558739255,29.0
294,2026-08-21,824152,2026-08-22T00:10:00Z,Scheduled,Daikin Park,Athletics @ Houston Astros,Away,805779,Jacob Wilson,Athletics,Houston Astros,SS,R,No,,80,337,320,85,16,1,7,37,37,12,3,39,0.266,0.298,0.388,0.686,6,22,21,5,0,0.238,0.0,18,72,69,12,0,0.174,0.0,507,102,1.5,17.8,34.8,31.6,32.3,11.5,25.0,38.0,31.9,3.3,2.4,3.3,50.6,80.7,12.5,0.373,62.9,92.0,106.6,0.6,7.8,0.2,35.8,15.7,Weak,1.5,Contact-First Profile,A,Excellent HR swing plane,15.7,Weak,0.904,Good,1.0,36.0,91.9,0.334,Derived proxy,Derived proxy,Derived proxy,Derived proxy,,,10.43,3.43,Positive regression,Weak Contact-First Profile profile. 1.5% barrel rate; 80.7 mph average exit velocity; 25.0% air-ball rate; 38.0% pull-air rate; 3.3% HR-launch rate.,0.0208,0.0237,4.05,73,19,45.7,1.6,159.7,Above normal drought,669713.0,Hayden Wesneski,R,RHB vs RHP,4,4,22.2,5.16,1.32,2,0.79,7.15,2.78,109.0,5.5,32.1,17.4,41.0,29.4,85.4,97.9,109.2,0.518,2.0,15.2,100.0,0.402,1.5,Sweeper,R,RHB vs RHP,23.8,221,0.278,0.308,0.396,0.704,5,7,27,0.0226,2.4,0.409,47,0.0,0.0,0.444,0,0,0,0/0,,,,,0,0,0,26.0,Strong Pitcher Advantage,Below average,50.0,4,Pitch-level Statcast · last 5 MLB games,321,Sweeper,29.28348909657321,94.0,4-Seam Fastball,24.922118380062305,80.0,Sinker,19.626168224299064,63.0,Cutter,16.1993769470405,52.0,Unknown,,Unknown,,No,100.0,1.0,1.0,50.0,0.93,0.98,30.5,Current-Season Handedness Matchup,Pull Air %,Barrel %,Max Exit Velocity,23.8,38.5,15.2,22.7,50.0,45.0,31.3,3.79,0.758,0.984,0.985,1.0,0.904,0.904,1.035,9.26,4.74,81.8,23.4,F,Lineup unconfirmed,Changeup,9.345794392523365,30.0,Curveball,0.6230529595015576,2.0,,,
295,2026-08-21,824072,2026-08-22T00:10:00Z,Scheduled,Kauffman Stadium,Detroit Tigers @ Kansas City Royals,Away,650402,Gleyber Torres,Detroit Tigers,Kansas City Royals,2B,R,No,,70,312,262,71,10,0,8,43,34,45,3,58,0.271,0.381,0.401,0.782,11,50,44,13,1,0.295,0.02,25,113,98,25,4,0.255,0.0354,396,148,3.6,19.9,27.9,32.0,40.0,13.8,26.2,22.8,29.0,6.2,2.4,6.2,62.7,82.5,19.3,0.487,66.6,92.7,106.7,2.9,10.0,1.4,50.5,16.0,Weak,1.5,Contact-First Profile,A,Excellent HR swing plane,16.0,Weak,0.905,Good,3.4,26.3,93.5,0.479,Derived proxy,Derived proxy,Derived proxy,Derived proxy,,,13.29,5.29,Strong positive regression,Weak Contact-First Profile profile. 3.6% barrel rate; 82.5 mph average exit velocity; 26.2% air-ball rate; 22.8% pull-air rate; 6.2% HR-launch rate.,0.0256,0.0274,4.13,27,7,32.8,0.82,82.4,Near normal interval,702070.0,Noah Cameron,L,RHB vs LHP,24,23,138.1,4.16,1.22,14,0.91,8.2,2.8,740.0,5.1,25.7,14.5,46.3,31.2,82.6,95.5,115.9,0.542,14.0,20.1,99.9,0.431,3.0,4-Seam Fastball,R,RHB vs LHP,35.5,85,0.161,0.376,0.339,0.715,2,20,15,0.0235,8.2,0.611,436,0.0229,4.3,0.525,3,1,0,0/1,0.0,0.667,0.0,0.667,0,2,0,32.2,Slight Pitcher Advantage,Below average,46.0,5,Pitch-level Statcast · last 5 MLB games,516,Changeup,21.705426356589147,112.0,Cutter,20.930232558139537,108.0,Slider,18.6046511627907,96.0,4-Seam Fastball,17.635658914728683,91.0,Unknown,,Unknown,,No,100.0,1.0,1.0,50.0,0.94,0.976,28.6,Current-Season Handedness Matchup,Pull Air %,Barrel %,Max Exit Velocity,35.5,38.7,20.1,20.0,50.0,45.0,31.2,3.79,0.993,0.97,1.025,1.0,0.905,0.905,1.0,10.84,6.12,82.3,23.6,F,Lineup unconfirmed,Curveball,16.666666666666668,86.0,Sinker,4.457364341085271,23.0,,,
296,2026-08-21,823911,2026-08-22T02:10:00Z,Scheduled,UNIQLO Field at Dodger Stadium,Pittsburgh Pirates @ Los Angeles Dodgers,Away,669707,Jared Triolo,Pittsburgh Pirates,Los Angeles Dodgers,SS,R,No,,92,291,260,62,12,0,2,28,24,24,4,59,0.238,0.313,0.308,0.621,9,29,27,5,1,0.185,0.0345,24,61,54,11,1,0.204,0.0164,347,80,2.2,25.9,37.3,32.9,29.5,10.2,27.3,35.7,32.8,3.6,1.6,3.6,36.1,82.1,11.1,0.41,67.4,94.2,108.5,4.8,8.6,2.1,41.7,18.1,Weak,1.5,Contact-First Profile,A,Excellent HR swing plane,18.1,Weak,0.911,Good,2.5,43.5,94.2,0.402,Derived proxy,Derived proxy,Derived proxy,Derived proxy,,,8.57,6.57,Strong positive regression,Weak Contact-First Profile profile. 2.2% barrel rate; 82.1 mph average exit velocity; 27.3% air-ball rate; 35.7% pull-air rate; 3.6% HR-launch rate.,0.0069,0.0142,3.93,20,6,130.0,0.15,15.4,Very recent HR,808967.0,Yoshinobu Yamamoto,R,RHB vs RHP,22,22,145.1,2.6,0.89,15,0.93,8.42,2.11,711.0,3.8,23.3,12.9,44.9,28.3,81.9,94.4,114.2,0.467,15.0,21.2,99.7,0.462,1.3,4-Seam Fastball,R,RHB vs RHP,17.7,183,0.228,0.306,0.309,0.614,2,15,43,0.0109,2.3,0.391,267,0.03,3.9,0.462,0,0,0,0/0,,,,,0,0,0,25.4,Strong Pitcher Advantage,Below average,50.0,5,Pitch-level Statcast · last 5 MLB games,502,4-Seam Fastball,26.49402390438247,133.0,Split-Finger,25.298804780876495,127.0,Cutter,21.314741035856574,107.0,Sinker,12.151394422310757,61.0,Unknown,,Unknown,,No,100.0,1.0,1.0,50.0,0.942,0.963,30.7,Current-Season Handedness Matchup,Pull Air %,Barrel %,Max Exit Velocity,17.7,29.6,21.2,35.5,50.0,45.0,31.0,3.79,1.292,0.973,0.985,0.94,0.911,0.856,0.98,5.47,4.4,77.7,17.9,F,Lineup unconfirmed,Curveball,10.159362549800797,51.0,Slider,4.581673306772909,23.0,,,
297,2026-08-21,823510,2026-08-21T23:05:00Z,Scheduled,Yankee Stadium,Toronto Blue Jays @ New York Yankees,Away,672386,Alejandro Kirk,Toronto Blue Jays,New York Yankees,C,R,No,,53,207,181,51,6,0,7,15,27,23,0,23,0.282,0.357,0.431,0.788,10,44,37,15,3,0.405,0.0682,22,93,80,29,4,0.362,0.043,262,119,2.9,25.9,29.3,31.9,38.8,11.5,25.4,34.8,29.1,5.7,2.9,5.7,100.0,83.3,16.9,0.44,70.0,95.2,107.0,16.9,12.1,5.9,48.8,23.5,Weak,2.0,Contact-First Profile,A,Excellent HR swing plane,23.5,Weak,0.926,Good,3.4,31.0,95.1,0.461,Derived proxy,Derived proxy,Derived proxy,Derived proxy,,,8.35,1.35,Near expected,Weak Contact-First Profile profile. 2.9% barrel rate; 83.3 mph average exit velocity; 25.4% air-ball rate; 34.8% pull-air rate; 5.7% HR-launch rate.,0.0338,0.0331,4.05,4,1,25.9,0.15,15.5,Very recent HR,693645.0,Cam Schlittler,R,RHB vs RHP,26,26,152.0,2.19,0.94,14,0.83,11.19,2.01,828.0,4.0,21.0,12.2,31.7,31.6,82.4,93.0,115.9,0.516,14.0,27.7,99.8,0.479,4.4,4-Seam Fastball,R,RHB vs RHP,26.3,138,0.276,0.341,0.455,0.796,6,13,11,0.0435,2.5,0.433,229,0.0262,3.9,0.437,7,6,1,1/6,0.167,0.286,0.167,0.453,0,1,1,28.1,Strong Pitcher Advantage,Below average,32.6,5,Pitch-level Statcast · last 5 MLB games,468,4-Seam Fastball,42.52136752136752,199.0,Cutter,22.863247863247864,107.0,Sinker,19.871794871794872,93.0,Curveball,14.743589743589743,69.0,Unknown,,Unknown,,No,108.0,1.08,1.0,64.4,0.955,0.965,32.7,Current-Season Handedness Matchup,Pull Air %,Barrel %,Max Exit Velocity,26.3,20.8,27.7,27.5,64.4,45.0,31.0,3.79,1.286,0.957,0.985,1.0,0.926,0.926,0.98,12.76,8.34,74.2,25.8,F,Lineup unconfirmed,,,,,,,,,
298,2026-08-21,823746,2026-08-21T20:10:00Z,Scheduled,American Family Field,Atlanta Braves @ Milwaukee Brewers,Away,642086,Dominic Smith,Atlanta Braves,Milwaukee Brewers,DH,L,No,,99,282,253,66,6,1,8,39,44,21,2,45,0.261,0.317,0.387,0.704,7,14,13,2,0,0.154,0.0,16,39,36,9,2,0.25,0.0513,388,49,2.7,18.0,46.8,22.3,30.3,16.1,29.3,42.1,32.9,5.1,3.8,5.1,113.3,83.0,18.1,0.452,66.5,92.9,107.9,6.6,8.6,1.6,47.1,23.1,Weak,2.0,Pull Power,A,Excellent HR swing plane,23.1,Weak,0.925,Good,2.0,42.9,91.0,0.435,Derived proxy,Derived proxy,Derived proxy,Derived proxy,,,12.22,4.22,Strong positive regression,Weak Pull Power profile. 2.7% barrel rate; 83.0 mph average exit velocity; 29.3% air-ball rate; 42.1% pull-air rate; 5.1% HR-launch rate.,0.0284,0.0295,4.05,18,10,31.6,0.57,56.9,Recently homered,694819.0,Jacob Misiorowski,R,LHB vs RHP,23,23,139.0,1.75,0.75,13,0.84,13.6,2.01,612.0,1.8,17.8,11.3,27.6,31.5,81.5,91.9,114.8,0.432,13.0,38.8,99.9,0.597,4.0,4-Seam Fastball,L,LHB vs RHP,23.1,246,0.275,0.325,0.414,0.74,8,17,40,0.0325,3.3,0.491,294,0.0204,1.5,0.398,3,3,1,1/3,0.333,0.333,0.333,0.666,0,0,2,33.2,Slight Pitcher Advantage,Below average,46.0,5,Pitch-level Statcast · last 5 MLB games,423,4-Seam Fastball,66.903073286052,283.0,Cutter,11.583924349881796,49.0,Slider,11.583924349881796,49.0,Curveball,9.929078014184396,42.0,Unknown,,Unknown,,No,100.0,1.0,1.0,50.0,0.978,0.943,35.5,Current-Season Handedness Matchup,Pull Air %,Barrel %,Max Exit Velocity,23.1,14.0,38.8,27.4,50.0,45.0,31.0,3.78,1.003,0.958,1.025,1.0,0.925,0.925,1.0,11.4,6.42,75.3,21.6,F,Lineup unconfirmed,,,,,,,,,
299,2026-08-21,824800,2026-08-21T23:15:00Z,Scheduled,Oriole Park at Camden Yards,Tampa Bay Rays @ Baltimore Orioles,Away,689414,Liam Hicks,Tampa Bay Rays,Baltimore Orioles,C,L,No,,114,460,395,112,12,1,16,61,71,48,10,43,0.284,0.37,0.441,0.811,10,37,30,9,1,0.3,0.027,23,93,76,21,2,0.276,0.0215,578,111,2.7,17.5,50.7,24.4,24.1,15.4,29.9,53.0,26.0,3.6,3.0,3.6,88.3,80.1,17.9,0.386,66.0,92.6,106.7,3.5,9.0,1.0,46.3,22.7,Weak,2.0,Pull Power,A,Excellent HR swing plane,22.7,Weak,0.924,Good,2.7,50.0,90.7,0.371,Derived proxy,Derived proxy,Derived proxy,Derived proxy,,,18.17,2.17,Positive regression,Weak Pull Power profile. 2.7% barrel rate; 80.1 mph average exit velocity; 29.9% air-ball rate; 53.0% pull-air rate; 3.6% HR-launch rate.,0.0348,0.0342,4.15,15,5,24.7,0.61,60.8,Recently homered,669432.0,Trevor Rogers,L,LHB vs LHP,23,23,125.2,4.15,1.25,13,0.93,7.73,2.51,764.0,4.3,23.3,12.3,42.9,27.9,82.2,94.5,117.3,0.514,13.0,13.3,100.0,0.377,2.3,4-Seam Fastball,L,LHB vs LHP,6.3,98,0.198,0.278,0.244,0.523,1,8,15,0.0102,0.9,0.28,135,0.0074,1.7,0.395,0,0,0,0/0,,,,,0,0,0,17.5,Strong Pitcher Advantage,Below average,50.0,5,Pitch-level Statcast · last 5 MLB games,452,4-Seam Fastball,47.34513274336283,214.0,Changeup,20.353982300884955,92.0,Sweeper,15.70796460176991,71.0,Cutter,8.4070796460177,38.0,Unknown,,Unknown,,No,99.0,0.99,1.0,48.2,0.927,0.968,33.4,Current-Season Handedness Matchup,Pull Air %,Barrel %,Max Exit Velocity,6.3,31.1,13.3,35.0,48.2,45.0,30.9,3.78,0.887,0.973,0.985,1.0,0.924,0.924,1.0,13.45,6.37,84.4,24.4,F,Lineup unconfirmed,Sinker,8.185840707964601,37.0,,,,,,
300,2026-08-21,822857,2026-08-22T00:15:00Z,Scheduled,Globe Life Field,Los Angeles Angels @ Texas Rangers,Away,624428,Adam Frazier,Los Angeles Angels,Texas Rangers,2B,L,No,,50,115,103,25,7,1,1,18,10,9,1,31,0.243,0.31,0.359,0.669,7,18,18,8,0,0.444,0.0,9,22,22,8,0,0.364,0.0,149,24,1.4,9.5,51.5,25.8,22.7,10.5,22.5,38.4,26.0,2.3,0.9,2.3,33.3,79.2,14.6,0.384,62.4,89.7,106.8,1.2,5.0,0.0,43.2,13.8,Weak,1.5,Contact-First Profile,A,Excellent HR swing plane,13.8,Weak,0.899,Good,0.0,33.3,92.0,0.403,Derived proxy,Derived proxy,Derived proxy,Derived proxy,,,2.85,1.85,Near expected,Weak Contact-First Profile profile. 1.4% barrel rate; 79.2 mph average exit velocity; 22.5% air-ball rate; 38.4% pull-air rate; 2.3% HR-launch rate.,0.0087,0.0206,4.05,81,38,103.0,0.79,78.6,Recently homered,669022.0,MacKenzie Gore,L,LHB vs LHP,26,26,139.2,4.45,1.26,18,1.16,9.92,3.29,807.0,5.2,23.3,12.5,42.1,28.9,81.7,94.2,115.7,0.53,18.0,13.9,100.0,0.389,2.0,4-Seam Fastball,L,LHB vs LHP,34.6,19,0.2,0.333,0.2,0.533,0,2,3,0.0,0.0,0.272,152,0.0132,5.4,0.519,3,2,1,1/2,0.5,0.667,2.0,2.667,1,1,0,32.0,Slight Pitcher Advantage,Below average,57.5,5,Pitch-level Statcast · last 5 MLB games,492,4-Seam Fastball,51.6260162601626,254.0,Changeup,17.073170731707318,84.0,Slider,12.195121951219512,60.0,Curveball,10.16260162601626,50.0,Unknown,,Unknown,,No,104.0,1.04,1.0,57.2,0.928,0.977,32.0,Current-Season Handedness Matchup,Pull Air %,Barrel %,Max Exit Velocity,34.6,34.3,13.9,20.5,57.2,45.0,30.9,3.78,0.857,1.01,0.985,1.0,0.899,0.899,1.0,8.08,4.73,62.0,16.7,F,Lineup unconfirmed,Sinker,7.723577235772358,38.0,Cutter,1.2195121951219512,6.0,,,
301,2026-08-21,824072,2026-08-22T00:10:00Z,Scheduled,Kauffman Stadium,Detroit Tigers @ Kansas City Royals,Home,664728,Kyle Isbel,Kansas City Royals,Detroit Tigers,CF,L,No,,70,228,205,47,7,1,4,21,17,12,3,51,0.229,0.279,0.332,0.611,10,34,31,5,1,0.161,0.0294,14,45,41,7,1,0.171,0.0222,292,60,2.1,23.1,44.9,29.9,25.2,10.5,21.7,42.2,29.7,4.1,2.1,4.1,72.1,81.4,14.7,0.376,67.0,94.5,108.1,12.6,9.1,3.7,36.3,20.8,Weak,2.0,Pull Power,A,Excellent HR swing plane,20.8,Weak,0.918,Good,1.7,41.7,94.6,0.317,Derived proxy,Derived proxy,Derived proxy,Derived proxy,,,7.6,3.6,Positive regression,Weak Pull Power profile. 2.1% barrel rate; 81.4 mph average exit velocity; 21.7% air-ball rate; 42.2% pull-air rate; 4.1% HR-launch rate.,0.0175,0.0225,3.81,21,7,51.2,0.41,41.0,Recently homered,675512.0,Troy Melton,R,LHB vs RHP,14,14,84.1,1.49,0.96,8,0.85,7.79,2.67,419.0,4.1,25.8,12.9,38.5,26.7,83.4,95.4,111.9,0.432,8.0,19.6,100.0,0.418,3.4,4-Seam Fastball,L,LHB vs RHP,21.5,174,0.252,0.306,0.355,0.661,3,10,40,0.0172,3.1,0.419,197,0.0355,3.8,0.44,1,1,0,0/1,0.0,0.0,0.0,0.0,0,0,0,26.0,Strong Pitcher Advantage,Below average,47.5,5,Pitch-level Statcast · last 5 MLB games,458,4-Seam Fastball,31.87772925764192,146.0,Cutter,24.017467248908297,110.0,Slider,13.318777292576419,61.0,Split-Finger,12.882096069868995,59.0,Unknown,,Unknown,,No,100.0,1.0,1.0,50.0,0.939,0.966,34.3,Current-Season Handedness Matchup,Pull Air %,Barrel %,Max Exit Velocity,21.5,25.5,19.6,33.6,50.0,45.0,30.8,3.78,1.065,0.96,1.025,0.94,0.918,0.863,1.0,8.32,5.17,71.9,18.3,F,Lineup unconfirmed,Curveball,10.043668122270743,46.0,Sinker,6.11353711790393,28.0,Changeup,1.7467248908296944,8.0
302,2026-08-21,824721,2026-08-21T23:10:00Z,Scheduled,Fenway Park,San Francisco Giants @ Boston Red Sox,Home,678011,Anthony Seigler,Boston Red Sox,San Francisco Giants,2B,S,No,,44,158,139,35,12,0,3,20,12,14,1,26,0.252,0.321,0.403,0.724,5,12,9,3,0,0.333,0.0,17,52,45,12,1,0.267,0.0192,200,66,4.2,21.2,40.6,19.7,39.7,20.7,33.5,34.6,35.4,10.2,5.8,10.2,36.0,82.5,21.4,0.446,64.9,92.9,103.4,0.2,15.1,0.0,56.7,24.4,Weak,2.0,Contact-First Profile,A-,Elevated power plane,24.4,Weak,0.928,Good,4.5,29.2,92.3,0.407,Derived proxy,Derived proxy,Derived proxy,Derived proxy,,,8.75,5.75,Strong positive regression,Weak Contact-First Profile profile. 4.2% barrel rate; 82.5 mph average exit velocity; 33.5% air-ball rate; 34.6% pull-air rate; 10.2% HR-launch rate.,0.019,0.0246,3.99,40,16,46.3,0.86,86.3,Near normal interval,657277.0,Logan Webb,R,Switch vs RHP,22,22,139.0,3.5,1.06,9,0.58,7.12,2.07,719.0,3.1,23.9,11.5,39.5,27.4,81.8,94.4,114.4,0.464,9.0,32.8,100.0,0.532,4.3,Sinker,L,LHB vs RHP,20.3,116,0.282,0.348,0.437,0.785,2,10,20,0.0172,3.4,0.471,345,0.0174,3.3,0.471,3,2,1,1/2,0.5,0.667,0.5,1.167,0,1,0,31.4,Slight Pitcher Advantage,Below average,53.8,5,Pitch-level Statcast · last 5 MLB games,471,Changeup,25.05307855626327,118.0,Sinker,23.35456475583864,110.0,Sweeper,18.683651804670912,88.0,Cutter,17.409766454352443,82.0,Unknown,,Unknown,,No,102.0,1.02,1.0,53.6,0.966,0.956,29.4,Current-Season Handedness Matchup,Pull Air %,Barrel %,Max Exit Velocity,20.3,25.9,32.8,22.8,53.6,45.0,30.8,3.78,0.849,0.917,1.035,1.0,0.928,0.928,1.0,9.46,5.11,67.4,19.2,F,Lineup unconfirmed,4-Seam Fastball,15.498938428874734,73.0,,,,,,
303,2026-08-21,824721,2026-08-21T23:10:00Z,Scheduled,Fenway Park,San Francisco Giants @ Boston Red Sox,Away,701852,Drew Cavanaugh,San Francisco Giants,Boston Red Sox,C,L,No,,33,96,81,19,1,0,0,5,5,13,0,22,0.235,0.34,0.247,0.587,9,28,25,5,0,0.2,0.0,17,49,43,10,0,0.233,0.0,115,53,1.1,15.6,26.1,28.3,41.3,11.4,27.1,29.1,35.0,4.1,1.1,4.1,0.0,78.8,17.0,0.482,66.9,91.2,106.6,3.3,9.0,0.0,33.6,13.8,Weak,1.5,Contact-First Profile,A,Excellent HR swing plane,13.8,Weak,0.899,Good,0.0,23.5,92.4,0.472,Derived proxy,Derived proxy,Derived proxy,Derived proxy,,,2.0,2.0,Positive regression,Weak Contact-First Profile profile. 1.1% barrel rate; 78.8 mph average exit velocity; 27.1% air-ball rate; 29.1% pull-air rate; 4.1% HR-launch rate.,0.0,0.0178,3.93,81,33,,,,No season HR,543243.0,Sonny Gray,R,LHB vs RHP,23,23,132.2,2.65,1.15,13,0.88,7.94,2.31,634.0,4.1,25.2,13.7,47.0,27.1,83.4,95.5,111.1,0.481,13.0,32.8,99.9,0.578,0.3,Sinker,L,LHB vs RHP,21.7,81,0.265,0.375,0.279,0.654,0,12,15,0.0,1.9,0.501,349,0.0229,4.4,0.498,0,0,0,0/0,,,,,0,0,0,31.2,Slight Pitcher Advantage,Below average,50.0,5,Pitch-level Statcast · last 5 MLB games,440,Sweeper,24.09090909090909,106.0,Sinker,23.636363636363637,104.0,Curveball,17.045454545454547,75.0,4-Seam Fastball,15.909090909090908,70.0,Unknown,,Unknown,,No,102.0,1.02,1.0,53.6,0.966,0.966,26.5,Current-Season Handedness Matchup,Pull Air %,Barrel %,Max Exit Velocity,21.7,33.1,32.8,12.2,53.6,45.0,30.7,3.78,0.758,0.965,1.025,0.94,0.899,0.845,1.0,6.81,3.94,62.8,15.1,F,Lineup unconfirmed,Cutter,15.909090909090908,70.0,Changeup,3.409090909090909,15.0,,,
304,2026-08-21,823101,2026-08-22T02:10:00Z,Scheduled,T-Mobile Park,Chicago Cubs @ Seattle Mariners,Home,680977,Brendan Donovan,Seattle Mariners,Chicago Cubs,3B,L,No,,38,154,132,36,7,1,3,12,14,15,6,23,0.273,0.37,0.409,0.779,10,43,39,12,0,0.308,0.0,13,53,48,13,0,0.271,0.0,197,82,1.7,16.0,40.2,31.9,26.6,10.1,21.8,33.2,28.2,4.8,3.1,4.8,48.8,80.5,19.5,0.366,66.6,91.5,108.0,0.9,7.2,0.6,48.0,15.4,Weak,1.5,Contact-First Profile,A,Excellent HR swing plane,15.4,Weak,0.903,Good,1.2,21.4,89.9,0.29,Derived proxy,Derived proxy,Derived proxy,Derived proxy,,,4.44,1.44,Near expected,Weak Contact-First Profile profile. 1.7% barrel rate; 80.5 mph average exit velocity; 21.8% air-ball rate; 33.2% pull-air rate; 4.8% HR-launch rate.,0.0195,0.025,3.99,97,28,44.0,2.2,220.5,Very long drought,571510.0,Matthew Boyd,L,LHB vs LHP,15,15,85.0,4.02,1.24,13,1.38,7.2,2.75,483.0,6.2,22.8,13.0,46.8,30.8,81.6,94.1,112.5,0.567,13.0,24.3,100.0,0.455,3.9,4-Seam Fastball,L,LHB vs LHP,26.5,46,0.163,0.217,0.186,0.403,0,2,10,0.0,0.0,0.337,91,0.011,3.7,0.504,11,10,1,1/10,0.1,0.1,0.1,0.2,0,0,2,24.9,Strong Pitcher Advantage,Below average,22.5,5,Pitch-level Statcast · last 5 MLB games,473,4-Seam Fastball,45.03171247357294,213.0,Changeup,24.312896405919663,115.0,Curveball,17.12473572938689,81.0,Slider,13.10782241014799,62.0,Unknown,,Unknown,,No,92.0,0.92,1.0,35.6,0.949,0.987,28.9,Current-Season Handedness Matchup,Pull Air %,Barrel %,Max Exit Velocity,26.5,42.4,24.3,5.2,35.6,45.0,30.7,3.78,0.758,1.045,0.985,1.0,0.903,0.903,1.06,9.59,4.89,67.2,25.8,F,Lineup unconfirmed,Sinker,0.42283298097251587,2.0,,,,,,
305,2026-08-21,824152,2026-08-22T00:10:00Z,Scheduled,Daikin Park,Athletics @ Houston Astros,Away,695720,Tommy White,Athletics,Houston Astros,3B,R,No,,29,113,109,28,2,0,2,12,4,4,0,18,0.257,0.283,0.33,0.613,10,36,34,8,2,0.235,0.0556,24,92,90,21,2,0.233,0.0217,158,128,3.8,20.3,31.9,29.0,39.1,11.8,24.8,24.3,29.7,6.6,2.7,6.6,35.7,81.0,14.3,0.457,67.9,91.9,107.4,12.3,11.2,5.4,54.2,18.4,Weak,1.5,Contact-First Profile,A,Excellent HR swing plane,18.4,Weak,0.912,Good,3.9,21.9,91.8,0.466,Derived proxy,Derived proxy,Derived proxy,Derived proxy,,,5.46,3.46,Positive regression,Weak Contact-First Profile profile. 3.8% barrel rate; 81.0 mph average exit velocity; 24.8% air-ball rate; 24.3% pull-air rate; 6.6% HR-launch rate.,0.0177,0.0251,3.87,8,2,54.5,0.15,14.7,Very recent HR,669713.0,Hayden Wesneski,R,RHB vs RHP,4,4,22.2,5.16,1.32,2,0.79,7.15,2.78,109.0,5.5,32.1,17.4,41.0,29.4,85.4,97.9,109.2,0.518,2.0,18.1,100.0,0.421,2.5,Sweeper,R,RHB vs RHP,35.5,64,0.21,0.234,0.339,0.573,2,2,8,0.0312,5.7,0.491,47,0.0,0.0,0.444,0,0,0,0/0,,,,,0,0,0,32.3,Slight Pitcher Advantage,Below average,50.0,4,Pitch-level Statcast · last 5 MLB games,321,Sweeper,29.28348909657321,94.0,4-Seam Fastball,24.922118380062305,80.0,Sinker,19.626168224299064,63.0,Cutter,16.1993769470405,52.0,Unknown,,Unknown,,No,100.0,1.0,1.0,50.0,0.936,0.98,29.3,Current-Season Handedness Matchup,Pull Air %,Barrel %,Max Exit Velocity,35.5,38.5,18.1,13.7,50.0,45.0,30.6,3.77,1.24,0.984,0.985,0.94,0.912,0.857,0.98,9.36,5.99,67.4,19.0,F,Lineup unconfirmed,Changeup,9.345794392523365,30.0,Curveball,0.6230529595015576,2.0,,,
306,2026-08-21,823746,2026-08-21T20:10:00Z,Scheduled,American Family Field,Atlanta Braves @ Milwaukee Brewers,Home,592885,Christian Yelich,Milwaukee Brewers,Atlanta Braves,DH,L,No,,89,389,343,79,18,2,9,53,44,38,4,105,0.23,0.312,0.373,0.685,10,37,33,7,2,0.212,0.0541,22,89,80,15,3,0.188,0.0337,474,108,7.5,25.5,36.9,30.9,31.9,10.3,20.1,19.1,34.5,9.2,2.1,9.2,31.2,82.5,8.7,0.596,70.7,94.8,109.4,25.3,12.1,4.9,41.7,26.5,Weak,2.0,Contact-First Profile,C,Low line-drive plane,26.5,Weak,0.934,Good,11.1,14.3,96.0,0.66,Derived proxy,Derived proxy,Derived proxy,Derived proxy,,,27.75,18.75,Strong positive regression,Weak Contact-First Profile profile. 7.5% barrel rate; 82.5 mph average exit velocity; 20.1% air-ball rate; 19.1% pull-air rate; 9.2% HR-launch rate.,0.0231,0.0252,3.99,6,2,38.1,0.16,15.7,Very recent HR,519242.0,Chris Sale,L,LHB vs LHP,22,22,129.0,2.16,1.02,8,0.56,11.16,1.95,675.0,3.3,19.6,11.1,35.7,32.0,81.7,93.2,113.2,0.497,8.0,27.7,100.0,0.492,3.7,4-Seam Fastball,L,LHB vs LHP,22.2,97,0.218,0.292,0.356,0.648,2,9,28,0.0206,3.8,0.526,127,0.0079,3.9,0.476,4,4,0,0/4,0.0,0.0,0.0,0.0,0,0,1,27.7,Strong Pitcher Advantage,Below average,40.0,5,Pitch-level Statcast · last 5 MLB games,492,4-Seam Fastball,44.91869918699187,221.0,Slider,39.43089430894309,194.0,Changeup,9.34959349593496,46.0,Sinker,6.300813008130081,31.0,Unknown,,Unknown,,No,100.0,1.0,1.0,50.0,0.955,0.958,31.2,Current-Season Handedness Matchup,Pull Air %,Barrel %,Max Exit Velocity,22.2,23.0,27.7,36.3,50.0,45.0,30.6,3.77,1.312,0.914,0.985,1.0,0.934,0.934,0.98,9.69,6.39,84.1,22.5,F,Lineup unconfirmed,,,,,,,,,
307,2026-08-21,824152,2026-08-22T00:10:00Z,Scheduled,Daikin Park,Athletics @ Houston Astros,Away,675961,Alika Williams,Athletics,Houston Astros,SS,R,No,,62,152,141,37,12,0,2,16,10,6,2,37,0.262,0.3,0.39,0.69,8,21,18,6,0,0.333,0.0,21,54,49,12,0,0.245,0.0,222,83,1.0,16.3,45.1,32.1,22.8,10.8,20.7,40.5,26.1,3.9,1.6,3.9,65.0,77.7,21.8,0.387,67.9,89.2,107.6,4.0,5.4,0.5,43.5,15.3,Weak,1.5,Contact-First Profile,A-,Elevated power plane,15.3,Weak,0.903,Good,1.2,40.0,88.2,0.385,Derived proxy,Derived proxy,Derived proxy,Derived proxy,,,4.19,2.19,Positive regression,Weak Contact-First Profile profile. 1.0% barrel rate; 77.7 mph average exit velocity; 20.7% air-ball rate; 40.5% pull-air rate; 3.9% HR-launch rate.,0.0132,0.0215,4.05,72,32,70.5,1.02,102.1,Near normal interval,669713.0,Hayden Wesneski,R,RHB vs RHP,4,4,22.2,5.16,1.32,2,0.79,7.15,2.78,109.0,5.5,32.1,17.4,41.0,29.4,85.4,97.9,109.2,0.518,2.0,11.0,100.0,0.36,0.6,Sweeper,R,RHB vs RHP,26.3,67,0.226,0.258,0.323,0.58,1,2,19,0.0149,1.1,0.382,47,0.0,0.0,0.444,1,1,1,1/1,1.0,1.0,1.0,2.0,0,0,0,26.0,Strong Pitcher Advantage,Below average,51.2,4,Pitch-level Statcast · last 5 MLB games,321,Sweeper,29.28348909657321,94.0,4-Seam Fastball,24.922118380062305,80.0,Sinker,19.626168224299064,63.0,Cutter,16.1993769470405,52.0,Unknown,,Unknown,,No,100.0,1.0,1.0,50.0,0.922,0.98,31.1,Current-Season Handedness Matchup,Pull Air %,Barrel %,Max Exit Velocity,26.3,38.5,11.0,19.2,50.0,45.0,30.5,3.77,0.758,0.984,0.985,1.0,0.903,0.903,1.0,8.42,4.38,67.2,18.2,F,Lineup unconfirmed,Changeup,9.345794392523365,30.0,Curveball,0.6230529595015576,2.0,,,
308,2026-08-21,824721,2026-08-21T23:10:00Z,Scheduled,Fenway Park,San Francisco Giants @ Boston Red Sox,Home,678882,Ceddanne Rafaela,Boston Red Sox,San Francisco Giants,CF,R,No,,122,513,482,137,32,3,16,67,64,19,8,104,0.284,0.321,0.463,0.784,11,52,49,12,1,0.245,0.0192,25,116,111,33,7,0.297,0.0603,748,172,4.0,18.2,33.7,28.7,37.1,13.2,26.4,32.6,33.3,5.8,3.7,5.8,68.8,80.4,19.2,0.494,66.8,91.7,108.6,6.5,10.1,2.0,46.9,20.9,Weak,2.0,Contact-First Profile,A,Excellent HR swing plane,20.9,Weak,0.919,Good,5.2,31.1,90.9,0.547,Derived proxy,Derived proxy,Derived proxy,Derived proxy,,,27.33,11.33,Strong positive regression,Weak Contact-First Profile profile. 4.0% barrel rate; 80.4 mph average exit velocity; 26.4% air-ball rate; 32.6% pull-air rate; 5.8% HR-launch rate.,0.0312,0.0313,3.99,32,7,30.1,1.06,106.2,Near normal interval,657277.0,Logan Webb,R,RHB vs RHP,22,22,139.0,3.5,1.06,9,0.58,7.12,2.07,719.0,3.1,23.9,11.5,39.5,27.4,81.8,94.4,114.4,0.464,9.0,25.9,100.0,0.473,3.8,Sinker,R,RHB vs RHP,21.2,378,0.287,0.322,0.444,0.766,11,13,69,0.0291,3.3,0.453,216,0.0139,2.6,0.452,2,2,0,0/2,0.0,0.0,0.0,0.0,0,0,1,27.6,Strong Pitcher Advantage,Below average,45.0,5,Pitch-level Statcast · last 5 MLB games,471,Changeup,25.05307855626327,118.0,Sinker,23.35456475583864,110.0,Sweeper,18.683651804670912,88.0,Cutter,17.409766454352443,82.0,Unknown,,Unknown,,No,102.0,1.02,1.0,53.6,0.952,0.956,31.4,Current-Season Handedness Matchup,Pull Air %,Barrel %,Max Exit Velocity,21.2,25.9,25.9,23.4,53.6,45.0,30.4,3.77,1.068,0.917,0.985,1.0,0.919,0.919,1.0,11.93,6.52,85.0,25.8,F,Lineup unconfirmed,4-Seam Fastball,15.498938428874734,73.0,,,,,,
309,2026-08-21,823420,2026-08-21T22:40:00Z,Scheduled,Citizens Bank Park,St. Louis Cardinals @ Philadelphia Phillies,Away,663494,Bryan Torres,St. Louis Cardinals,Philadelphia Phillies,LF,L,No,,54,127,114,27,1,2,4,13,16,10,1,25,0.237,0.302,0.386,0.688,7,21,18,5,0,0.278,0.0,20,51,45,13,0,0.289,0.0,170,65,2.3,15.4,54.6,19.2,24.8,10.3,25.8,45.6,33.1,6.8,4.7,6.8,66.7,80.5,14.7,0.448,63.3,91.6,103.0,0.6,9.8,0.3,44.7,22.6,Weak,2.0,Pull Power,A,Excellent HR swing plane,22.6,Weak,0.923,Good,0.0,43.8,91.2,0.387,Derived proxy,Derived proxy,Derived proxy,Derived proxy,,,5.2,1.2,Near expected,Weak Pull Power profile. 2.3% barrel rate; 80.5 mph average exit velocity; 25.8% air-ball rate; 45.6% pull-air rate; 6.8% HR-launch rate.,0.0315,0.0317,4.05,65,32,28.5,2.28,228.1,Very long drought,666200.0,Jesús Luzardo,L,LHB vs LHP,25,25,150.1,3.23,1.15,12,0.72,11.08,2.75,698.0,3.6,20.5,11.5,37.3,28.4,81.7,93.4,110.9,0.454,12.0,18.7,100.0,0.432,2.2,Sweeper,L,LHB vs LHP,24.2,22,0.158,0.238,0.158,0.396,0,2,3,0.0,0.0,0.314,155,0.0065,1.2,0.296,0,0,0,0/0,,,,,0,0,0,27.4,Strong Pitcher Advantage,Below average,50.0,5,Pitch-level Statcast · last 5 MLB games,512,Sweeper,41.015625,210.0,4-Seam Fastball,25.9765625,133.0,Sinker,18.75,96.0,Changeup,14.2578125,73.0,Unknown,,Unknown,,No,108.0,1.08,1.0,64.4,0.937,0.961,33.4,Current-Season Handedness Matchup,Pull Air %,Barrel %,Max Exit Velocity,24.2,22.9,18.7,28.8,64.4,45.0,30.4,3.77,0.758,0.939,0.985,1.0,0.923,0.923,1.06,12.25,5.81,65.2,26.0,F,Lineup unconfirmed,,,,,,,,,
310,2026-08-21,823746,2026-08-21T20:10:00Z,Scheduled,American Family Field,Atlanta Braves @ Milwaukee Brewers,Away,645277,Ozzie Albies,Atlanta Braves,Milwaukee Brewers,2B,S,No,,128,546,490,123,23,0,20,72,65,38,6,77,0.251,0.306,0.42,0.726,12,48,42,7,1,0.167,0.0208,27,107,97,20,5,0.206,0.0467,821,175,2.9,18.4,49.7,22.7,27.0,17.8,28.9,48.4,26.3,5.3,3.6,5.3,93.8,81.7,19.9,0.419,67.0,92.6,110.1,5.0,8.1,1.2,54.6,24.6,Weak,2.0,Pull Power,A,Excellent HR swing plane,24.6,Weak,0.929,Good,2.3,41.7,91.9,0.407,Derived proxy,Derived proxy,Derived proxy,Derived proxy,,,27.16,7.16,Strong positive regression,Weak Pull Power profile. 2.9% barrel rate; 81.7 mph average exit velocity; 28.9% air-ball rate; 48.4% pull-air rate; 5.3% HR-launch rate.,0.0366,0.0358,4.05,29,8,24.5,1.18,118.4,Near normal interval,694819.0,Jacob Misiorowski,R,Switch vs RHP,23,23,139.0,1.75,0.75,13,0.84,13.6,2.01,612.0,1.8,17.8,11.3,27.6,31.5,81.5,91.9,114.8,0.432,13.0,27.0,99.9,0.486,3.7,4-Seam Fastball,L,LHB vs RHP,22.3,328,0.229,0.305,0.389,0.694,12,30,60,0.0366,3.3,0.435,294,0.0204,1.5,0.398,3,3,1,1/3,0.333,0.333,0.333,0.666,0,0,0,28.7,Strong Pitcher Advantage,Below average,46.0,5,Pitch-level Statcast · last 5 MLB games,423,4-Seam Fastball,66.903073286052,283.0,Cutter,11.583924349881796,49.0,Slider,11.583924349881796,49.0,Curveball,9.929078014184396,42.0,Unknown,,Unknown,,No,100.0,1.0,1.0,50.0,0.954,0.943,38.8,Current-Season Handedness Matchup,Pull Air %,Barrel %,Max Exit Velocity,22.3,14.0,27.0,28.8,50.0,45.0,30.3,3.77,0.963,0.958,1.035,1.0,0.929,0.929,1.0,13.73,7.06,85.0,26.3,F,Lineup unconfirmed,,,,,,,,,
311,2026-08-21,824721,2026-08-21T23:10:00Z,Scheduled,Fenway Park,San Francisco Giants @ Boston Red Sox,Home,686765,Nick Sogard,Boston Red Sox,San Francisco Giants,2B,S,No,,32,136,112,30,7,1,1,16,7,20,0,23,0.268,0.376,0.375,0.751,12,55,46,14,1,0.304,0.0182,20,95,77,21,1,0.273,0.0105,167,121,3.5,19.7,47.6,37.1,15.3,12.4,27.7,46.5,30.8,5.5,3.4,5.5,19.6,80.9,20.4,0.442,66.2,92.6,104.9,4.7,12.4,1.1,49.9,23.4,Weak,2.0,Pull Power,A-,Elevated power plane,23.4,Weak,0.926,Good,3.3,44.1,93.0,0.462,Derived proxy,Derived proxy,Derived proxy,Derived proxy,,,6.07,5.07,Strong positive regression,Weak Pull Power profile. 3.5% barrel rate; 80.9 mph average exit velocity; 27.7% air-ball rate; 46.5% pull-air rate; 5.5% HR-launch rate.,0.0074,0.0189,3.99,0,0,112.0,0.0,0.0,Very recent HR,657277.0,Logan Webb,R,Switch vs RHP,22,22,139.0,3.5,1.06,9,0.58,7.12,2.07,719.0,3.1,23.9,11.5,39.5,27.4,81.8,94.4,114.4,0.464,9.0,11.5,100.0,0.362,2.2,Sinker,L,LHB vs RHP,17.6,108,0.276,0.39,0.391,0.781,1,17,16,0.0093,3.8,0.439,345,0.0174,3.3,0.471,0,0,0,0/0,,,,,0,0,0,21.9,Strong Pitcher Advantage,Below average,50.0,5,Pitch-level Statcast · last 5 MLB games,471,Changeup,25.05307855626327,118.0,Sinker,23.35456475583864,110.0,Sweeper,18.683651804670912,88.0,Cutter,17.409766454352443,82.0,Unknown,,Unknown,,No,102.0,1.02,1.0,53.6,0.923,0.956,34.4,Current-Season Handedness Matchup,Pull Air %,Barrel %,Max Exit Velocity,17.6,25.9,11.5,35.5,53.6,45.0,30.1,3.76,0.912,0.917,1.035,1.0,0.926,0.926,0.98,7.33,4.42,69.3,18.3,F,Lineup unconfirmed,4-Seam Fastball,15.498938428874734,73.0,,,,,,
312,2026-08-21,823746,2026-08-21T20:10:00Z,Scheduled,American Family Field,Atlanta Braves @ Milwaukee Brewers,Home,668930,Brice Turang,Milwaukee Brewers,Atlanta Braves,2B,L,No,,118,537,462,121,28,3,16,77,75,69,0,133,0.262,0.356,0.439,0.795,8,38,33,7,0,0.212,0.0,22,100,88,24,2,0.273,0.02,701,123,3.3,20.5,36.0,26.8,36.2,11.4,25.5,24.1,34.7,6.5,2.2,6.5,63.3,82.5,17.5,0.6,66.9,93.5,109.5,10.7,10.5,3.0,45.6,20.5,Weak,2.0,Contact-First Profile,A,Excellent HR swing plane,20.5,Weak,0.917,Good,2.4,27.3,92.4,0.585,Derived proxy,Derived proxy,Derived proxy,Derived proxy,,,22.39,6.39,Strong positive regression,Weak Contact-First Profile profile. 3.3% barrel rate; 82.5 mph average exit velocity; 25.5% air-ball rate; 24.1% pull-air rate; 6.5% HR-launch rate.,0.0298,0.0302,3.99,60,15,28.9,2.08,207.8,Very long drought,519242.0,Chris Sale,L,LHB vs LHP,22,22,129.0,2.16,1.02,8,0.56,11.16,1.95,675.0,3.3,19.6,11.1,35.7,32.0,81.7,93.2,113.2,0.497,8.0,41.2,100.0,0.612,4.5,4-Seam Fastball,L,LHB vs LHP,14.9,145,0.205,0.294,0.283,0.577,1,16,39,0.0069,2.2,0.463,127,0.0079,3.9,0.476,6,4,0,0/4,0.0,0.333,0.0,0.333,0,2,3,28.1,Strong Pitcher Advantage,Below average,35.0,5,Pitch-level Statcast · last 5 MLB games,492,4-Seam Fastball,44.91869918699187,221.0,Slider,39.43089430894309,194.0,Changeup,9.34959349593496,46.0,Sinker,6.300813008130081,31.0,Unknown,,Unknown,,No,100.0,1.0,1.0,50.0,0.982,0.958,27.5,Current-Season Handedness Matchup,Pull Air %,Barrel %,Max Exit Velocity,14.9,23.0,41.2,16.7,50.0,45.0,29.9,3.75,0.796,0.914,0.985,1.0,0.917,0.917,1.06,11.52,5.52,85.0,29.0,F,Lineup unconfirmed,,,,,,,,,
313,2026-08-21,824800,2026-08-21T23:15:00Z,Scheduled,Oriole Park at Camden Yards,Tampa Bay Rays @ Baltimore Orioles,Home,650968,Yohel Pozo,Baltimore Orioles,Tampa Bay Rays,C,R,No,,29,50,48,12,1,0,1,3,7,1,0,6,0.25,0.26,0.333,0.593,7,7,6,2,0,0.333,0.0,11,17,15,4,1,0.267,0.0588,89,30,1.9,17.5,27.4,35.0,37.6,6.7,21.3,33.1,32.1,1.9,1.9,1.9,100.0,81.2,25.5,0.353,67.3,92.0,110.6,7.9,8.6,2.4,42.6,15.6,Weak,1.5,Contact-First Profile,A-,Elevated power plane,15.6,Weak,0.904,Good,3.3,42.9,90.4,0.366,Derived proxy,Derived proxy,Derived proxy,Derived proxy,,,1.81,0.81,Near expected,Weak Contact-First Profile profile. 1.9% barrel rate; 81.2 mph average exit velocity; 21.3% air-ball rate; 33.1% pull-air rate; 1.9% HR-launch rate.,0.02,0.0285,3.81,6,7,48.0,0.12,12.5,Very recent HR,642547.0,Freddy Peralta,R,RHB vs RHP,25,25,128.0,5.27,1.48,20,1.41,8.65,3.73,760.0,3.4,23.0,14.1,46.1,30.1,82.1,93.6,114.7,0.504,20.0,11.2,98.3,0.362,0.6,4-Seam Fastball,R,RHB vs RHP,33.5,30,0.276,0.267,0.414,0.68,1,0,6,0.0333,2.1,0.369,207,0.0242,2.9,0.479,2,2,1,1/2,0.5,0.5,0.5,1.0,0,0,0,29.2,Strong Pitcher Advantage,Below average,50.9,5,Pitch-level Statcast · last 5 MLB games,445,4-Seam Fastball,55.28089887640449,246.0,Changeup,23.370786516853933,104.0,Curveball,9.662921348314606,43.0,Sweeper,9.438202247191011,42.0,Unknown,,Unknown,,No,99.0,0.99,1.0,48.2,0.922,0.959,33.1,Current-Season Handedness Matchup,Pull Air %,Barrel %,Max Exit Velocity,33.5,30.7,11.2,29.1,48.2,45.0,29.9,3.75,1.0,1.05,0.985,0.94,0.904,0.849,0.98,10.42,5.64,56.9,17.0,F,Small season sample; Lineup unconfirmed,Slow Curve,1.348314606741573,6.0,Slider,0.898876404494382,4.0,,,
314,2026-08-21,823911,2026-08-22T02:10:00Z,Scheduled,UNIQLO Field at Dodger Stadium,Pittsburgh Pirates @ Los Angeles Dodgers,Home,669242,Tommy Edman,Los Angeles Dodgers,Pittsburgh Pirates,2B,S,No,,51,190,170,46,8,2,4,25,23,12,6,38,0.271,0.34,0.412,0.752,11,41,38,7,1,0.184,0.0244,23,90,84,15,2,0.179,0.0222,247,117,3.2,21.6,46.8,30.9,22.2,15.5,26.4,39.5,23.1,4.1,2.7,4.1,61.0,81.9,14.5,0.441,69.3,93.6,109.3,10.9,9.2,3.2,53.7,21.9,Weak,2.0,Contact-First Profile,A,Excellent HR swing plane,21.9,Weak,0.921,Good,1.7,37.5,92.2,0.365,Derived proxy,Derived proxy,Derived proxy,Derived proxy,,,7.94,3.94,Positive regression,Weak Contact-First Profile profile. 3.2% barrel rate; 81.9 mph average exit velocity; 26.4% air-ball rate; 39.5% pull-air rate; 4.1% HR-launch rate.,0.0211,0.0253,3.99,14,4,42.5,0.33,32.9,Very recent HR,696149.0,Bubba Chandler,R,Switch vs RHP,24,23,121.1,4.23,1.37,10,0.74,8.01,4.75,718.0,3.2,21.3,13.8,34.5,26.9,83.1,93.8,114.8,0.479,10.0,23.2,99.7,0.477,2.3,4-Seam Fastball,L,LHB vs RHP,21.9,127,0.291,0.336,0.402,0.738,1,5,21,0.0079,2.9,0.447,284,0.0282,4.5,0.546,0,0,0,0/0,,,,,0,0,0,28.0,Strong Pitcher Advantage,Below average,50.0,5,Pitch-level Statcast · last 5 MLB games,443,4-Seam Fastball,52.59593679458239,233.0,Slider,27.539503386004515,122.0,Changeup,11.512415349887133,51.0,Sinker,4.063205417607223,18.0,Unknown,,Unknown,,No,100.0,1.0,1.0,50.0,0.946,0.957,34.1,Current-Season Handedness Matchup,Pull Air %,Barrel %,Max Exit Velocity,21.9,22.3,23.2,24.9,50.0,45.0,29.8,3.75,0.97,0.942,1.035,1.0,0.921,0.921,0.98,9.72,5.48,72.8,20.5,F,Lineup unconfirmed,Curveball,4.063205417607223,18.0,Sweeper,0.22573363431151242,1.0,,,
315,2026-08-21,824072,2026-08-22T00:10:00Z,Scheduled,Kauffman Stadium,Detroit Tigers @ Kansas City Royals,Away,703601,Max Clark,Detroit Tigers,Kansas City Royals,CF,L,No,,18,75,70,19,3,2,1,8,9,4,1,17,0.271,0.32,0.414,0.734,11,42,42,10,0,0.238,0.0,18,75,70,19,1,0.271,0.0133,111,111,1.8,21.6,37.7,17.0,45.3,13.5,27.0,26.7,34.2,4.5,1.8,4.5,50.0,81.8,24.2,0.45,71.1,92.2,105.0,23.2,11.7,2.1,42.3,16.0,Weak,1.5,Contact-First Profile,A-,Elevated power plane,16.0,Weak,0.905,Good,1.8,26.7,92.2,0.45,Derived proxy,Derived proxy,Derived proxy,Derived proxy,,,2.37,1.37,Near expected,Weak Contact-First Profile profile. 1.8% barrel rate; 81.8 mph average exit velocity; 27.0% air-ball rate; 26.7% pull-air rate; 4.5% HR-launch rate.,0.0133,0.0248,4.05,61,16,70.0,0.87,87.1,Near normal interval,702070.0,Noah Cameron,L,LHB vs LHP,24,23,138.1,4.16,1.22,14,0.91,8.2,2.8,740.0,5.1,25.7,14.5,46.3,31.2,82.6,95.5,115.9,0.542,14.0,9.7,82.7,0.316,3.6,4-Seam Fastball,L,LHB vs LHP,43.1,22,0.263,0.364,0.421,0.785,0,3,5,0.0,3.8,0.5,144,0.0278,7.6,0.596,0,0,0,0/0,,,,,0,0,0,32.8,Slight Pitcher Advantage,Below average,50.0,5,Pitch-level Statcast · last 5 MLB games,516,Changeup,21.705426356589147,112.0,Cutter,20.930232558139537,108.0,Slider,18.6046511627907,96.0,4-Seam Fastball,17.635658914728683,91.0,Unknown,,Unknown,,No,100.0,1.0,1.0,50.0,0.92,0.976,30.2,Current-Season Handedness Matchup,Pull Air %,Barrel %,Max Exit Velocity,43.1,38.7,9.7,14.7,50.0,45.0,29.6,3.75,0.774,0.97,0.985,1.0,0.905,0.905,1.0,9.68,4.72,63.4,18.2,F,Small season sample; Lineup unconfirmed,Curveball,16.666666666666668,86.0,Sinker,4.457364341085271,23.0,,,
316,2026-08-21,823420,2026-08-21T22:40:00Z,Scheduled,Citizens Bank Park,St. Louis Cardinals @ Philadelphia Phillies,Away,686780,Pedro Pagés,St. Louis Cardinals,Philadelphia Phillies,C,R,No,,70,184,167,35,6,0,4,13,11,9,2,49,0.21,0.256,0.317,0.573,6,13,12,3,0,0.25,0.0,13,22,19,4,0,0.211,0.0,262,32,2.0,18.5,29.0,38.2,32.3,11.7,21.0,37.4,28.8,3.5,1.7,3.5,50.0,80.2,19.1,0.447,71.3,92.1,109.6,31.0,11.3,5.3,40.0,20.7,Weak,2.0,Contact-First Profile,A,Excellent HR swing plane,20.7,Weak,0.918,Good,0.0,33.3,89.4,0.39,Derived proxy,Derived proxy,Derived proxy,Derived proxy,,,6.14,2.14,Positive regression,Weak Contact-First Profile profile. 2.0% barrel rate; 80.2 mph average exit velocity; 21.0% air-ball rate; 37.4% pull-air rate; 3.5% HR-launch rate.,0.0217,0.0258,3.87,72,41,41.8,1.72,172.5,Above normal drought,666200.0,Jesús Luzardo,L,RHB vs LHP,25,25,150.1,3.23,1.15,12,0.72,11.08,2.75,698.0,3.6,20.5,11.5,37.3,28.4,81.7,93.4,110.9,0.454,12.0,22.9,100.0,0.479,1.3,Sweeper,R,RHB vs LHP,21.4,79,0.176,0.228,0.216,0.444,0,5,24,0.0,0.8,0.467,469,0.0235,4.3,0.504,3,3,1,1/3,0.333,0.333,0.333,0.666,0,0,1,26.8,Strong Pitcher Advantage,Below average,46.0,5,Pitch-level Statcast · last 5 MLB games,512,Sweeper,41.015625,210.0,4-Seam Fastball,25.9765625,133.0,Sinker,18.75,96.0,Changeup,14.2578125,73.0,Unknown,,Unknown,,No,108.0,1.08,1.0,64.4,0.946,0.961,32.0,Current-Season Handedness Matchup,Pull Air %,Barrel %,Max Exit Velocity,21.4,22.9,22.9,15.3,64.4,45.0,29.5,3.74,0.879,0.939,1.025,0.94,0.918,0.863,1.035,9.62,5.3,66.9,22.3,F,Lineup unconfirmed,,,,,,,,,
317,2026-08-21,823746,2026-08-21T20:10:00Z,Scheduled,American Family Field,Atlanta Braves @ Milwaukee Brewers,Home,800325,Luis Lara,Milwaukee Brewers,Atlanta Braves,RF,S,No,,34,112,99,23,6,1,1,14,15,12,0,21,0.232,0.313,0.343,0.656,12,39,38,8,1,0.211,0.0256,24,82,74,17,1,0.23,0.0122,145,108,2.8,24.8,34.8,28.1,37.1,10.0,28.1,32.7,38.1,4.3,2.3,4.3,27.9,82.7,14.5,0.472,69.3,94.0,107.7,15.1,11.4,4.9,26.7,20.4,Weak,2.0,Contact-First Profile,A,Excellent HR swing plane,20.4,Weak,0.917,Good,2.8,30.0,94.5,0.479,Derived proxy,Derived proxy,Derived proxy,Derived proxy,,,4.14,3.14,Positive regression,Weak Contact-First Profile profile. 2.8% barrel rate; 82.7 mph average exit velocity; 28.1% air-ball rate; 32.7% pull-air rate; 4.3% HR-launch rate.,0.0089,0.0209,3.99,8,2,99.0,0.08,8.1,Very recent HR,519242.0,Chris Sale,L,Switch vs LHP,22,22,129.0,2.16,1.02,8,0.56,11.16,1.95,675.0,3.3,19.6,11.1,35.7,32.0,81.7,93.2,113.2,0.497,8.0,19.5,100.0,0.445,0.7,4-Seam Fastball,R,RHB vs LHP,32.4,22,0.05,0.136,0.1,0.236,0,2,3,0.0,0.0,0.324,391,0.0179,3.1,0.503,0,0,0,0/0,,,,,0,0,0,31.4,Slight Pitcher Advantage,Below average,50.0,5,Pitch-level Statcast · last 5 MLB games,492,4-Seam Fastball,44.91869918699187,221.0,Slider,39.43089430894309,194.0,Changeup,9.34959349593496,46.0,Sinker,6.300813008130081,31.0,Unknown,,Unknown,,No,100.0,1.0,1.0,50.0,0.939,0.958,34.6,Current-Season Handedness Matchup,Pull Air %,Barrel %,Max Exit Velocity,32.4,23.0,19.5,24.0,50.0,45.0,29.5,3.74,0.976,0.914,1.035,0.965,0.917,0.885,0.98,8.07,4.69,66.6,16.9,F,Lineup unconfirmed,,,,,,,,,
318,2026-08-21,823420,2026-08-21T22:40:00Z,Scheduled,Citizens Bank Park,St. Louis Cardinals @ Philadelphia Phillies,Away,701675,Nathan Church,St. Louis Cardinals,Philadelphia Phillies,CF,L,No,,109,355,327,77,10,1,9,40,41,19,3,68,0.235,0.28,0.355,0.635,12,35,33,8,0,0.242,0.0,26,84,73,19,1,0.26,0.0119,557,132,2.9,14.6,39.3,33.3,27.4,12.2,22.7,42.0,32.9,4.1,2.9,4.1,46.8,77.7,24.0,0.435,66.8,89.7,108.5,9.0,7.3,1.6,38.0,19.0,Weak,2.0,Pull Power,A-,Elevated power plane,19.0,Weak,0.913,Good,1.5,45.7,88.4,0.401,Derived proxy,Derived proxy,Derived proxy,Derived proxy,,,16.82,7.82,Strong positive regression,Weak Pull Power profile. 2.9% barrel rate; 77.7 mph average exit velocity; 22.7% air-ball rate; 42.0% pull-air rate; 4.1% HR-launch rate.,0.0254,0.027,3.87,43,15,36.3,1.18,118.3,Near normal interval,666200.0,Jesús Luzardo,L,LHB vs LHP,25,25,150.1,3.23,1.15,12,0.72,11.08,2.75,698.0,3.6,20.5,11.5,37.3,28.4,81.7,93.4,110.9,0.454,12.0,16.6,100.0,0.405,2.5,Sweeper,L,LHB vs LHP,17.7,76,0.221,0.28,0.324,0.604,2,5,13,0.0263,4.6,0.43,155,0.0065,1.2,0.296,0,0,0,0/0,,,,,0,0,0,23.8,Strong Pitcher Advantage,Below average,50.0,5,Pitch-level Statcast · last 5 MLB games,512,Sweeper,41.015625,210.0,4-Seam Fastball,25.9765625,133.0,Sinker,18.75,96.0,Changeup,14.2578125,73.0,Unknown,,Unknown,,No,108.0,1.08,1.0,64.4,0.933,0.961,32.5,Current-Season Handedness Matchup,Pull Air %,Barrel %,Max Exit Velocity,17.7,22.9,16.6,24.9,64.4,45.0,29.4,3.74,0.758,0.939,0.985,0.975,0.913,0.89,1.0,10.06,4.84,83.7,21.4,F,Lineup unconfirmed,,,,,,,,,
319,2026-08-21,823830,2026-08-21T23:10:00Z,Scheduled,loanDepot park,Washington Nationals @ Miami Marlins,Home,672640,Otto Lopez,Miami Marlins,Washington Nationals,SS,R,No,,124,538,497,153,29,7,9,75,54,28,4,69,0.308,0.344,0.449,0.793,11,48,43,10,0,0.233,0.0,25,110,102,22,0,0.216,0.0,698,153,3.2,28.1,28.5,37.9,32.8,13.3,27.1,27.3,24.9,4.7,1.8,4.7,21.7,82.8,12.3,0.451,69.2,95.9,111.5,20.1,11.9,5.5,42.0,20.1,Weak,2.0,Contact-First Profile,A,Excellent HR swing plane,20.1,Weak,0.916,Good,2.0,25.0,95.2,0.377,Derived proxy,Derived proxy,Derived proxy,Derived proxy,,,21.28,12.28,Strong positive regression,Weak Contact-First Profile profile. 3.2% barrel rate; 82.8 mph average exit velocity; 27.1% air-ball rate; 27.3% pull-air rate; 4.7% HR-launch rate.,0.0167,0.0195,3.99,141,35,55.2,2.55,255.3,Very long drought,695418.0,Brad Lord,R,RHB vs RHP,30,3,62.1,4.04,1.25,7,1.01,8.23,3.61,414.0,3.6,22.7,8.7,34.8,28.0,81.9,94.0,115.9,0.515,7.0,35.9,99.6,0.554,4.8,4-Seam Fastball,R,RHB vs RHP,16.9,416,0.287,0.334,0.423,0.757,7,25,55,0.0168,3.6,0.489,140,0.0143,1.5,0.358,1,1,0,0/1,0.0,0.0,0.0,0.0,0,0,0,29.7,Strong Pitcher Advantage,Below average,47.5,5,Pitch-level Statcast · last 5 MLB games,208,4-Seam Fastball,33.17307692307692,69.0,Sinker,27.403846153846153,57.0,Slider,25.0,52.0,Sweeper,11.538461538461538,24.0,Unknown,,Unknown,,No,94.0,0.94,1.0,39.2,0.972,0.961,29.3,Current-Season Handedness Matchup,Pull Air %,Barrel %,Max Exit Velocity,16.9,24.0,35.9,19.0,39.2,45.0,29.3,3.74,0.758,0.987,0.985,1.0,0.916,0.916,1.06,7.56,4.22,85.0,28.8,F,Lineup unconfirmed,Changeup,2.8846153846153846,6.0,,,,,,
320,2026-08-21,823510,2026-08-21T23:05:00Z,Scheduled,Yankee Stadium,Toronto Blue Jays @ New York Yankees,Away,664702,Myles Straw,Toronto Blue Jays,New York Yankees,CF,R,No,,116,247,223,48,13,1,3,35,21,17,1,35,0.215,0.27,0.323,0.593,12,33,30,5,0,0.167,0.0,26,71,65,13,0,0.2,0.0,316,90,2.2,16.7,36.5,36.8,26.7,15.4,30.6,41.6,29.6,5.2,4.0,5.2,21.7,79.1,17.8,0.401,64.9,91.1,108.4,6.5,10.9,1.3,48.3,19.7,Weak,2.0,Contact-First Profile,A,Excellent HR swing plane,19.7,Weak,0.915,Good,1.1,37.9,90.4,0.382,Derived proxy,Derived proxy,Derived proxy,Derived proxy,,,8.75,5.75,Strong positive regression,Weak Contact-First Profile profile. 2.2% barrel rate; 79.1 mph average exit velocity; 30.6% air-ball rate; 41.6% pull-air rate; 5.2% HR-launch rate.,0.0121,0.0186,3.87,89,40,74.3,1.2,119.7,Near normal interval,693645.0,Cam Schlittler,R,RHB vs RHP,26,26,152.0,2.19,0.94,14,0.83,11.19,2.01,828.0,4.0,21.0,12.2,31.7,31.6,82.4,93.0,115.9,0.516,14.0,23.8,99.8,0.478,2.5,4-Seam Fastball,R,RHB vs RHP,15.7,105,0.253,0.311,0.368,0.679,1,7,8,0.0095,1.5,0.397,229,0.0262,3.9,0.437,0,0,0,0/0,,,,,0,0,0,25.4,Strong Pitcher Advantage,Below average,50.0,5,Pitch-level Statcast · last 5 MLB games,468,4-Seam Fastball,42.52136752136752,199.0,Cutter,22.863247863247864,107.0,Sinker,19.871794871794872,93.0,Curveball,14.743589743589743,69.0,Unknown,,Unknown,,No,108.0,1.08,1.0,64.4,0.948,0.965,31.1,Current-Season Handedness Matchup,Pull Air %,Barrel %,Max Exit Velocity,15.7,20.8,23.8,21.7,64.4,45.0,29.2,3.74,0.758,0.957,0.985,0.94,0.915,0.86,1.0,7.02,3.99,75.3,19.0,F,Lineup unconfirmed,,,,,,,,,
321,2026-08-21,824721,2026-08-21T23:10:00Z,Scheduled,Fenway Park,San Francisco Giants @ Boston Red Sox,Home,702332,Caleb Durbin,Boston Red Sox,San Francisco Giants,3B,R,No,,120,458,405,103,22,1,12,62,62,34,10,62,0.254,0.325,0.402,0.727,12,50,43,12,1,0.279,0.02,26,112,93,29,2,0.312,0.0179,620,153,2.6,15.4,35.8,36.9,27.1,10.8,24.1,46.6,30.5,4.3,2.9,4.3,66.2,77.7,18.0,0.384,66.3,89.9,108.8,7.0,8.4,2.5,57.9,21.1,Weak,2.0,Pull Power,A,Excellent HR swing plane,21.1,Weak,0.919,Good,2.6,43.6,87.5,0.382,Derived proxy,Derived proxy,Derived proxy,Derived proxy,,,18.5,6.5,Strong positive regression,Weak Pull Power profile. 2.6% barrel rate; 77.7 mph average exit velocity; 24.1% air-ball rate; 46.6% pull-air rate; 4.3% HR-launch rate.,0.0262,0.0274,3.99,22,6,33.8,0.65,65.2,Recently homered,657277.0,Logan Webb,R,RHB vs RHP,22,22,139.0,3.5,1.06,9,0.58,7.12,2.07,719.0,3.1,23.9,11.5,39.5,27.4,81.8,94.4,114.4,0.464,9.0,12.8,100.0,0.366,2.6,Sinker,R,RHB vs RHP,16.7,338,0.247,0.318,0.397,0.715,9,26,50,0.0266,2.0,0.377,216,0.0139,2.6,0.452,6,5,2,2/5,0.4,0.5,0.6,1.1,0,0,1,23.2,Strong Pitcher Advantage,Below average,55.9,5,Pitch-level Statcast · last 5 MLB games,471,Changeup,25.05307855626327,118.0,Sinker,23.35456475583864,110.0,Sweeper,18.683651804670912,88.0,Cutter,17.409766454352443,82.0,Unknown,,Unknown,,No,102.0,1.02,1.0,53.6,0.926,0.956,33.9,Current-Season Handedness Matchup,Pull Air %,Barrel %,Max Exit Velocity,16.7,25.9,12.8,23.5,53.6,45.0,29.1,3.74,0.878,0.917,0.985,1.0,0.919,0.919,1.0,10.49,5.2,85.0,21.4,F,Lineup unconfirmed,4-Seam Fastball,15.498938428874734,73.0,,,,,,
322,2026-08-21,823510,2026-08-21T23:05:00Z,Scheduled,Yankee Stadium,Toronto Blue Jays @ New York Yankees,Away,665926,Andrés Giménez,Toronto Blue Jays,New York Yankees,SS,L,No,,123,421,388,93,19,1,8,34,49,14,12,81,0.24,0.284,0.356,0.64,12,48,44,12,0,0.273,0.0,27,93,84,25,1,0.298,0.0108,614,135,1.1,13.2,47.1,25.9,26.8,12.3,23.4,43.8,28.3,3.7,2.9,3.7,80.0,79.1,16.8,0.401,64.5,90.0,107.4,4.5,6.6,0.5,45.6,18.1,Weak,1.5,Pull Power,A,Excellent HR swing plane,18.1,Weak,0.911,Good,0.0,45.5,88.8,0.393,Derived proxy,Derived proxy,Derived proxy,Derived proxy,,,12.11,4.11,Strong positive regression,Weak Pull Power profile. 1.1% barrel rate; 79.1 mph average exit velocity; 23.4% air-ball rate; 43.8% pull-air rate; 3.7% HR-launch rate.,0.019,0.0219,3.87,44,12,48.5,0.91,90.7,Near normal interval,693645.0,Cam Schlittler,R,LHB vs RHP,26,26,152.0,2.19,0.94,14,0.83,11.19,2.01,828.0,4.0,21.0,12.2,31.7,31.6,82.4,93.0,115.9,0.516,14.0,15.9,99.8,0.409,1.7,4-Seam Fastball,L,LHB vs RHP,22.1,303,0.244,0.285,0.369,0.654,6,11,62,0.0198,1.7,0.416,373,0.0214,4.1,0.575,9,8,2,2/8,0.25,0.333,0.25,0.583,0,1,2,22.3,Strong Pitcher Advantage,Below average,33.9,5,Pitch-level Statcast · last 5 MLB games,468,4-Seam Fastball,42.52136752136752,199.0,Cutter,22.863247863247864,107.0,Sinker,19.871794871794872,93.0,Curveball,14.743589743589743,69.0,Unknown,,Unknown,,No,108.0,1.08,1.0,64.4,0.932,0.965,32.4,Current-Season Handedness Matchup,Pull Air %,Barrel %,Max Exit Velocity,22.1,20.8,15.9,25.4,64.4,45.0,28.7,3.72,0.765,0.957,1.025,0.975,0.911,0.888,1.0,8.21,4.47,84.4,19.7,F,Lineup unconfirmed,,,,,,,,,
323,2026-08-21,824559,2026-08-21T23:40:00Z,Scheduled,Rate Field,New York Mets @ Chicago White Sox,Home,682668,Luisangel Acuña,Chicago White Sox,New York Mets,SS,R,No,,86,199,186,44,3,0,1,21,12,8,1,39,0.237,0.269,0.269,0.538,5,14,13,1,0,0.077,0.0,15,34,33,6,0,0.182,0.0,247,46,1.8,22.7,38.0,30.1,31.9,8.6,19.8,23.0,23.5,1.6,0.5,1.6,14.3,81.8,8.4,0.358,68.1,93.7,109.5,24.3,9.1,5.9,60.9,14.6,Weak,1.5,Contact-First Profile,C,Low line-drive plane,14.6,Weak,0.901,Good,0.0,28.6,90.7,0.281,Derived proxy,Derived proxy,Derived proxy,Derived proxy,,,4.35,3.35,Positive regression,Weak Contact-First Profile profile. 1.8% barrel rate; 81.8 mph average exit velocity; 19.8% air-ball rate; 23.0% pull-air rate; 1.6% HR-launch rate.,0.005,0.0152,3.81,59,32,186.0,0.32,31.7,Very recent HR,640455.0,Sean Manaea,L,RHB vs LHP,26,12,111.0,4.22,1.32,16,1.3,9.16,3.0,671.0,4.8,22.4,14.2,50.6,31.3,80.7,93.6,114.6,0.571,16.0,20.0,100.0,0.45,1.9,4-Seam Fastball,R,RHB vs LHP,21.0,90,0.23,0.244,0.253,0.497,0,2,15,0.0,1.7,0.377,328,0.0366,5.0,0.579,0,0,0,0/0,,,,,0,0,0,26.4,Strong Pitcher Advantage,Below average,50.0,5,Pitch-level Statcast · last 5 MLB games,457,4-Seam Fastball,53.82932166301969,246.0,Sweeper,26.695842450765863,122.0,Sinker,15.317286652078774,70.0,Changeup,2.4070021881838075,11.0,Unknown,,Unknown,,No,100.0,1.0,1.0,50.0,0.94,0.973,23.3,Current-Season Handedness Matchup,Pull Air %,Barrel %,Max Exit Velocity,21.0,38.5,20.0,13.3,50.0,45.0,28.6,3.72,0.771,1.032,1.025,0.94,0.901,0.847,0.98,5.66,3.64,68.9,15.5,F,Lineup unconfirmed,Cutter,1.75054704595186,8.0,,,,,,
324,2026-08-21,825045,2026-08-22T01:40:00Z,Scheduled,Chase Field,Cincinnati Reds @ Arizona Diamondbacks,Away,667472,Dane Myers,Cincinnati Reds,Arizona Diamondbacks,CF,R,No,,92,240,207,53,8,0,5,25,21,28,3,60,0.256,0.35,0.367,0.717,12,41,36,8,2,0.222,0.0488,23,86,76,18,2,0.237,0.0233,284,112,2.5,20.7,19.6,40.6,37.5,12.4,24.4,17.6,28.0,5.1,2.8,5.1,75.6,81.4,17.2,0.479,68.3,93.2,108.0,17.5,10.1,4.6,47.7,15.9,Weak,1.5,Contact-First Profile,A,Excellent HR swing plane,15.9,Weak,0.905,Good,1.8,12.5,92.7,0.385,Derived proxy,Derived proxy,Derived proxy,Derived proxy,,,6.67,1.67,Near expected,Weak Contact-First Profile profile. 2.5% barrel rate; 81.4 mph average exit velocity; 24.4% air-ball rate; 17.6% pull-air rate; 5.1% HR-launch rate.,0.0208,0.0246,4.05,10,3,41.4,0.24,24.2,Very recent HR,593958.0,Eduardo Rodriguez,L,RHB vs LHP,25,25,149.1,2.71,1.21,14,0.84,6.39,2.83,838.0,5.3,22.2,15.9,38.4,30.9,81.6,93.8,112.0,0.545,14.0,26.3,99.9,0.513,1.8,4-Seam Fastball,R,RHB vs LHP,35.3,97,0.274,0.361,0.452,0.813,3,10,23,0.0309,4.8,0.637,431,0.0255,4.6,0.529,6,5,0,0/5,0.0,0.167,0.0,0.167,0,1,1,32.1,Slight Pitcher Advantage,Below average,35.0,5,Pitch-level Statcast · last 5 MLB games,516,4-Seam Fastball,40.116279069767444,207.0,Changeup,23.643410852713178,122.0,Cutter,14.34108527131783,74.0,Curveball,12.4031007751938,64.0,Unknown,,Unknown,,No,100.0,1.0,1.0,50.0,0.953,0.978,25.8,Current-Season Handedness Matchup,Pull Air %,Barrel %,Max Exit Velocity,35.3,32.0,26.3,9.4,50.0,45.0,28.6,3.72,1.208,0.958,1.025,1.0,0.905,0.905,0.98,9.58,6.27,76.0,21.7,F,Lineup unconfirmed,Sinker,9.30232558139535,48.0,Pitch Out,0.1937984496124031,1.0,,,
325,2026-08-21,823262,2026-08-22T01:40:00Z,Scheduled,Petco Park,Minnesota Twins @ San Diego Padres,Home,630105,Jake Cronenworth,San Diego Padres,Minnesota Twins,2B,L,No,,76,292,258,58,7,0,4,32,20,27,5,64,0.225,0.31,0.298,0.608,11,47,44,11,1,0.25,0.0213,25,109,96,25,1,0.26,0.0092,389,153,2.5,20.5,41.2,25.8,33.0,10.6,21.5,31.9,26.5,3.8,1.7,3.8,35.3,81.3,14.8,0.394,68.1,93.3,107.7,16.3,8.1,3.9,37.3,16.3,Weak,1.5,Contact-First Profile,A,Excellent HR swing plane,16.3,Weak,0.906,Good,2.0,32.4,93.5,0.348,Derived proxy,Derived proxy,Derived proxy,Derived proxy,,,10.0,6.0,Strong positive regression,Weak Contact-First Profile profile. 2.5% barrel rate; 81.3 mph average exit velocity; 21.5% air-ball rate; 31.9% pull-air rate; 3.8% HR-launch rate.,0.0137,0.019,3.87,10,3,64.5,0.16,15.5,Very recent HR,687570.0,Connor Prielipp,L,LHB vs LHP,17,17,87.2,5.34,1.38,12,1.23,9.65,3.7,498.0,4.6,24.1,13.3,40.8,31.1,83.2,95.0,113.1,0.557,12.0,15.0,99.9,0.366,3.7,Slider,L,LHB vs LHP,27.2,67,0.262,0.318,0.344,0.662,1,2,11,0.0149,2.0,0.34,112,0.0268,5.4,0.586,0,0,0,0/0,,,,,0,0,0,27.5,Strong Pitcher Advantage,Below average,50.0,5,Pitch-level Statcast · last 5 MLB games,433,Slider,31.17782909930716,135.0,4-Seam Fastball,25.86605080831409,112.0,Sinker,21.939953810623557,95.0,Curveball,15.242494226327944,66.0,Unknown,,Unknown,,No,94.0,0.94,1.0,39.2,0.93,0.971,29.7,Current-Season Handedness Matchup,Pull Air %,Barrel %,Max Exit Velocity,27.2,32.9,15.0,22.6,39.2,45.0,28.6,3.72,0.933,1.021,0.985,0.94,0.906,0.851,0.98,7.17,4.21,80.9,18.1,F,Lineup unconfirmed,Changeup,5.773672055427252,25.0,,,,,,
326,2026-08-21,823510,2026-08-21T23:05:00Z,Scheduled,Yankee Stadium,Toronto Blue Jays @ New York Yankees,Away,676391,Ernie Clement,Toronto Blue Jays,New York Yankees,2B,R,No,,125,502,477,136,28,1,9,54,43,18,2,48,0.285,0.311,0.405,0.716,11,41,37,11,0,0.297,0.0,26,103,96,23,1,0.24,0.0097,721,144,1.2,12.9,42.3,37.2,20.4,16.6,30.4,49.2,29.3,4.0,3.3,4.0,88.2,79.4,19.6,0.35,65.0,90.6,107.2,2.6,8.2,0.5,60.6,20.9,Weak,2.0,Pull Power,A,Excellent HR swing plane,20.9,Weak,0.919,Good,0.7,47.6,89.6,0.315,Derived proxy,Derived proxy,Derived proxy,Derived proxy,,,16.04,7.04,Strong positive regression,Weak Pull Power profile. 1.2% barrel rate; 79.4 mph average exit velocity; 30.4% air-ball rate; 49.2% pull-air rate; 4.0% HR-launch rate.,0.0179,0.0206,4.05,46,13,53.0,0.87,86.8,Near normal interval,693645.0,Cam Schlittler,R,RHB vs RHP,26,26,152.0,2.19,0.94,14,0.83,11.19,2.01,828.0,4.0,21.0,12.2,31.7,31.6,82.4,93.0,115.9,0.516,14.0,11.1,99.8,0.361,1.4,4-Seam Fastball,R,RHB vs RHP,15.9,342,0.294,0.316,0.411,0.727,5,11,30,0.0146,1.3,0.362,229,0.0262,3.9,0.437,3,3,1,1/3,0.333,0.333,0.333,0.666,0,0,0,20.2,Strong Pitcher Advantage,Below average,46.0,5,Pitch-level Statcast · last 5 MLB games,468,4-Seam Fastball,42.52136752136752,199.0,Cutter,22.863247863247864,107.0,Sinker,19.871794871794872,93.0,Curveball,14.743589743589743,69.0,Unknown,,Unknown,,No,108.0,1.08,1.0,64.4,0.922,0.965,33.3,Current-Season Handedness Matchup,Pull Air %,Barrel %,Max Exit Velocity,15.9,20.8,11.1,29.1,64.4,45.0,28.5,3.72,0.762,0.957,0.985,1.0,0.919,0.919,1.0,8.1,4.38,85.0,20.4,F,Lineup unconfirmed,,,,,,,,,
327,2026-08-21,824800,2026-08-21T23:15:00Z,Scheduled,Oriole Park at Camden Yards,Tampa Bay Rays @ Baltimore Orioles,Away,670764,Taylor Walls,Tampa Bay Rays,Baltimore Orioles,SS,S,No,,104,360,308,69,14,2,2,49,31,37,2,87,0.224,0.309,0.302,0.611,11,37,34,11,2,0.324,0.0541,22,70,62,14,2,0.226,0.0286,435,83,1.0,13.5,47.3,26.6,25.9,15.2,25.7,46.6,28.1,2.5,1.0,2.5,28.6,78.9,19.0,0.347,63.1,90.8,103.9,1.7,6.9,0.4,55.8,17.5,Weak,1.5,Pull Power,A,Excellent HR swing plane,17.5,Weak,0.909,Good,0.0,45.5,90.8,0.328,Derived proxy,Derived proxy,Derived proxy,Derived proxy,,,8.26,6.26,Strong positive regression,Weak Pull Power profile. 1.0% barrel rate; 78.9 mph average exit velocity; 25.7% air-ball rate; 46.6% pull-air rate; 2.5% HR-launch rate.,0.0056,0.0122,3.93,21,7,154.0,0.14,13.6,Very recent HR,669432.0,Trevor Rogers,L,Switch vs LHP,23,23,125.2,4.15,1.25,13,0.93,7.73,2.51,764.0,4.3,23.3,12.3,42.9,27.9,82.2,94.5,117.3,0.514,13.0,10.3,100.0,0.353,1.6,4-Seam Fastball,R,RHB vs LHP,15.9,123,0.208,0.28,0.283,0.563,1,11,24,0.0081,0.7,0.255,395,0.0304,5.1,0.551,9,8,2,2/8,0.25,0.333,0.375,0.708,0,1,0,18.7,Strong Pitcher Advantage,Below average,39.9,5,Pitch-level Statcast · last 5 MLB games,452,4-Seam Fastball,47.34513274336283,214.0,Changeup,20.353982300884955,92.0,Sweeper,15.70796460176991,71.0,Cutter,8.4070796460177,38.0,Unknown,,Unknown,,No,99.0,0.99,1.0,48.2,0.921,0.968,29.6,Current-Season Handedness Matchup,Pull Air %,Barrel %,Max Exit Velocity,15.9,31.1,10.3,29.4,48.2,45.0,28.5,3.72,1.35,0.973,1.035,0.94,0.909,0.854,0.98,4.7,4.17,82.6,18.2,F,Lineup unconfirmed,Sinker,8.185840707964601,37.0,,,,,,
328,2026-08-21,824317,2026-08-22T00:40:00Z,Scheduled,Coors Field,Cleveland Guardians @ Colorado Rockies,Home,690924,Braxton Fulford,Colorado Rockies,Cleveland Guardians,DH,R,No,,41,74,65,12,4,0,1,12,7,6,1,31,0.185,0.257,0.292,0.549,1,3,3,1,0,0.333,0.0,3,6,6,1,0,0.167,0.0,87,13,3.9,14.7,25.6,29.1,45.3,14.7,19.5,22.0,26.5,6.1,2.9,6.1,25.0,78.4,32.3,0.432,69.4,88.4,107.4,15.9,5.8,4.2,46.9,13.0,Weak,1.5,Contact-First Profile,C+,High fly-ball plane,13.0,Weak,0.896,Good,0.0,0.0,82.9,0.436,Derived proxy,Derived proxy,Derived proxy,Derived proxy,,,2.92,1.92,Near expected,Weak Contact-First Profile profile. 3.9% barrel rate; 78.4 mph average exit velocity; 19.5% air-ball rate; 22.0% pull-air rate; 6.1% HR-launch rate.,0.0135,0.0249,3.81,60,38,65.0,0.92,92.3,Near normal interval,676282.0,Joey Cantillo,L,RHB vs LHP,26,26,125.2,3.8,1.44,15,1.07,9.95,4.23,624.0,4.8,25.0,15.2,43.6,25.6,81.8,94.9,113.4,0.52,15.0,13.7,99.9,0.351,3.8,4-Seam Fastball,R,RHB vs LHP,32.6,54,0.184,0.241,0.265,0.506,0,3,25,0.0,6.3,0.499,412,0.0291,4.8,0.502,0,0,0,0/0,,,,,0,0,0,29.5,Strong Pitcher Advantage,Below average,50.0,5,Pitch-level Statcast · last 5 MLB games,362,Curveball,44.751381215469614,162.0,4-Seam Fastball,27.900552486187845,101.0,Changeup,18.50828729281768,67.0,Cutter,8.839779005524862,32.0,Unknown,,Unknown,,No,118.0,1.18,1.0,82.4,0.927,0.973,24.7,Current-Season Handedness Matchup,Pull Air %,Barrel %,Max Exit Velocity,32.6,34.1,13.7,0.0,82.4,45.0,28.4,3.72,1.0,0.995,1.025,0.94,0.896,0.843,1.0,9.18,5.84,57.8,18.2,F,Small season sample; Lineup unconfirmed; Limited recent games,,,,,,,,,
329,2026-08-21,825045,2026-08-22T01:40:00Z,Scheduled,Chase Field,Cincinnati Reds @ Arizona Diamondbacks,Away,624431,Jose Trevino,Cincinnati Reds,Arizona Diamondbacks,C,R,No,,36,105,102,25,3,0,4,11,12,1,0,20,0.245,0.252,0.392,0.644,5,15,15,3,0,0.2,0.0,9,27,27,5,1,0.185,0.037,126,36,1.0,21.2,36.9,36.1,25.5,14.1,21.8,36.9,29.7,3.0,1.0,3.0,200.0,81.0,16.0,0.337,67.1,92.9,103.1,2.5,5.6,0.0,62.7,15.8,Weak,1.5,Contact-First Profile,A,Excellent HR swing plane,15.8,Weak,0.904,Good,0.0,28.6,91.1,0.297,Derived proxy,Derived proxy,Derived proxy,Derived proxy,,,2.18,-1.82,Near expected,Weak Contact-First Profile profile. 1.0% barrel rate; 81.0 mph average exit velocity; 21.8% air-ball rate; 36.9% pull-air rate; 3.0% HR-launch rate.,0.0381,0.0348,3.87,18,6,25.5,0.71,70.6,Recently homered,593958.0,Eduardo Rodriguez,L,RHB vs LHP,25,25,149.1,2.71,1.21,14,0.84,6.39,2.83,838.0,5.3,22.2,15.9,38.4,30.9,81.6,93.8,112.0,0.545,14.0,10.6,99.9,0.356,0.0,4-Seam Fastball,R,RHB vs LHP,38.0,19,0.278,0.278,0.278,0.556,0,0,5,0.0,0.0,0.459,431,0.0255,4.6,0.529,3,3,1,1/3,0.333,0.333,0.333,0.666,0,0,0,30.0,Strong Pitcher Advantage,Below average,46.0,5,Pitch-level Statcast · last 5 MLB games,516,4-Seam Fastball,40.116279069767444,207.0,Changeup,23.643410852713178,122.0,Cutter,14.34108527131783,74.0,Curveball,12.4031007751938,64.0,Unknown,,Unknown,,No,100.0,1.0,1.0,50.0,0.921,0.978,31.3,Current-Season Handedness Matchup,Pull Air %,Barrel %,Max Exit Velocity,38.0,32.0,10.6,14.2,50.0,45.0,28.4,3.72,0.872,0.958,1.025,0.975,0.904,0.882,1.0,12.83,6.03,61.7,18.3,F,Lineup unconfirmed,Sinker,9.30232558139535,48.0,Pitch Out,0.1937984496124031,1.0,,,
330,2026-08-21,823746,2026-08-21T20:10:00Z,Scheduled,American Family Field,Atlanta Braves @ Milwaukee Brewers,Home,687401,Joey Ortiz,Milwaukee Brewers,Atlanta Braves,SS,R,No,,105,316,278,70,11,2,7,37,38,29,0,60,0.252,0.317,0.381,0.698,9,35,29,10,2,0.345,0.0571,16,54,48,15,2,0.312,0.037,409,69,2.6,23.7,39.0,30.2,30.8,10.2,22.7,35.7,26.1,3.2,2.7,3.2,80.5,83.0,14.4,0.423,71.4,95.1,109.6,30.7,9.6,9.4,31.1,23.3,Weak,2.0,Contact-First Profile,A,Excellent HR swing plane,23.3,Weak,0.925,Good,2.9,35.7,95.3,0.404,Derived proxy,Derived proxy,Derived proxy,Derived proxy,,,11.15,4.15,Strong positive regression,Weak Contact-First Profile profile. 2.6% barrel rate; 83.0 mph average exit velocity; 22.7% air-ball rate; 35.7% pull-air rate; 3.2% HR-launch rate.,0.0222,0.0249,3.99,4,1,39.7,0.1,10.1,Very recent HR,519242.0,Chris Sale,L,RHB vs LHP,22,22,129.0,2.16,1.02,8,0.56,11.16,1.95,675.0,3.3,19.6,11.1,35.7,32.0,81.7,93.2,113.2,0.497,8.0,14.9,100.0,0.399,1.5,4-Seam Fastball,R,RHB vs LHP,19.7,104,0.239,0.314,0.348,0.662,2,10,23,0.0192,2.2,0.451,391,0.0179,3.1,0.503,11,10,3,3/10,0.3,0.364,0.5,0.864,0,1,4,23.4,Strong Pitcher Advantage,Below average,46.9,5,Pitch-level Statcast · last 5 MLB games,492,4-Seam Fastball,44.91869918699187,221.0,Slider,39.43089430894309,194.0,Changeup,9.34959349593496,46.0,Sinker,6.300813008130081,31.0,Unknown,,Unknown,,No,100.0,1.0,1.0,50.0,0.93,0.958,32.2,Current-Season Handedness Matchup,Pull Air %,Barrel %,Max Exit Velocity,19.7,23.0,14.9,31.4,50.0,45.0,28.4,3.72,1.35,0.914,1.025,1.0,0.925,0.925,0.98,9.56,6.43,78.9,22.1,F,Lineup unconfirmed,,,,,,,,,
331,2026-08-21,823420,2026-08-21T22:40:00Z,Scheduled,Citizens Bank Park,St. Louis Cardinals @ Philadelphia Phillies,Away,691026,Masyn Winn,St. Louis Cardinals,Philadelphia Phillies,SS,R,No,,121,490,432,103,19,2,5,49,51,44,7,105,0.238,0.314,0.326,0.64,13,51,47,11,1,0.234,0.0196,28,110,98,23,1,0.235,0.0091,585,115,2.6,21.9,28.7,33.1,38.0,13.0,28.6,29.9,31.8,4.5,2.4,4.5,35.8,82.5,18.7,0.471,69.9,93.9,107.9,17.4,9.0,4.3,41.2,19.2,Weak,2.0,Contact-First Profile,A,Excellent HR swing plane,19.2,Weak,0.914,Good,3.5,22.2,94.4,0.529,Derived proxy,Derived proxy,Derived proxy,Derived proxy,,,15.63,10.63,Strong positive regression,Weak Contact-First Profile profile. 2.6% barrel rate; 82.5 mph average exit velocity; 28.6% air-ball rate; 29.9% pull-air rate; 4.5% HR-launch rate.,0.0102,0.0145,3.93,5,2,86.4,0.06,5.8,Very recent HR,666200.0,Jesús Luzardo,L,RHB vs LHP,25,25,150.1,3.23,1.15,12,0.72,11.08,2.75,698.0,3.6,20.5,11.5,37.3,28.4,81.7,93.4,110.9,0.454,12.0,21.9,100.0,0.459,2.5,Sweeper,R,RHB vs LHP,19.6,128,0.295,0.359,0.411,0.77,1,12,26,0.0078,1.2,0.478,469,0.0235,4.3,0.504,3,3,1,1/3,0.333,0.333,0.333,0.666,0,0,0,25.7,Strong Pitcher Advantage,Below average,46.0,5,Pitch-level Statcast · last 5 MLB games,512,Sweeper,41.015625,210.0,4-Seam Fastball,25.9765625,133.0,Sinker,18.75,96.0,Changeup,14.2578125,73.0,Unknown,,Unknown,,No,108.0,1.08,1.0,64.4,0.944,0.961,28.5,Current-Season Handedness Matchup,Pull Air %,Barrel %,Max Exit Velocity,19.6,22.9,21.9,18.2,64.4,45.0,28.3,3.71,1.011,0.939,1.025,0.94,0.914,0.859,0.98,5.58,4.06,85.0,18.4,F,Lineup unconfirmed,,,,,,,,,
332,2026-08-21,823911,2026-08-22T02:10:00Z,Scheduled,UNIQLO Field at Dodger Stadium,Pittsburgh Pirates @ Los Angeles Dodgers,Away,693304,Nick Gonzales,Pittsburgh Pirates,Los Angeles Dodgers,3B,R,No,,120,494,451,140,22,1,6,66,53,33,9,82,0.31,0.368,0.404,0.772,8,32,26,8,0,0.308,0.0,23,95,87,26,0,0.299,0.0,693,133,1.4,19.7,33.4,34.7,31.6,11.7,26.1,29.9,31.3,3.7,1.9,3.7,32.5,82.2,13.3,0.462,68.9,92.9,108.3,11.9,7.5,2.7,44.5,16.6,Weak,1.5,Contact-First Profile,A,Excellent HR swing plane,16.6,Weak,0.906,Good,0.8,25.0,92.5,0.44,Derived proxy,Derived proxy,Derived proxy,Derived proxy,,,13.06,7.06,Strong positive regression,Weak Contact-First Profile profile. 1.4% barrel rate; 82.2 mph average exit velocity; 26.1% air-ball rate; 29.9% pull-air rate; 3.7% HR-launch rate.,0.0121,0.016,4.05,91,24,75.2,1.21,121.1,Near normal interval,808967.0,Yoshinobu Yamamoto,R,RHB vs RHP,22,22,145.1,2.6,0.89,15,0.93,8.42,2.11,711.0,3.8,23.3,12.9,44.9,28.3,81.9,94.4,114.2,0.467,15.0,20.3,99.7,0.453,2.0,4-Seam Fastball,R,RHB vs RHP,22.2,341,0.325,0.384,0.434,0.818,5,22,56,0.0147,2.1,0.504,267,0.03,3.9,0.462,0,0,0,0/0,,,,,0,0,0,27.1,Strong Pitcher Advantage,Below average,50.0,5,Pitch-level Statcast · last 5 MLB games,502,4-Seam Fastball,26.49402390438247,133.0,Split-Finger,25.298804780876495,127.0,Cutter,21.314741035856574,107.0,Sinker,12.151394422310757,61.0,Unknown,,Unknown,,No,100.0,1.0,1.0,50.0,0.941,0.963,28.3,Current-Season Handedness Matchup,Pull Air %,Barrel %,Max Exit Velocity,22.2,29.6,20.3,13.8,50.0,45.0,28.2,3.71,0.758,0.973,0.985,1.0,0.906,0.906,1.0,6.33,3.76,84.6,21.8,F,Lineup unconfirmed,Curveball,10.159362549800797,51.0,Slider,4.581673306772909,23.0,,,
333,2026-08-21,823746,2026-08-21T20:10:00Z,Scheduled,American Family Field,Atlanta Braves @ Milwaukee Brewers,Home,806198,Cooper Pratt,Milwaukee Brewers,Atlanta Braves,SS,R,No,,45,163,140,37,5,1,2,20,17,18,1,33,0.264,0.344,0.357,0.701,2,8,8,0,0,0.0,0.0,15,55,47,13,1,0.277,0.0182,201,65,1.8,17.9,33.9,28.7,36.2,12.9,28.8,34.8,34.2,5.4,3.0,5.4,67.5,80.7,13.3,0.448,68.7,92.0,103.5,7.7,9.7,1.7,41.3,17.5,Weak,1.5,Contact-First Profile,A,Excellent HR swing plane,17.5,Weak,0.909,Good,1.5,33.3,91.3,0.418,Derived proxy,Derived proxy,Derived proxy,Derived proxy,,,4.82,2.82,Positive regression,Weak Contact-First Profile profile. 1.8% barrel rate; 80.7 mph average exit velocity; 28.8% air-ball rate; 34.8% pull-air rate; 5.4% HR-launch rate.,0.0123,0.0206,3.99,44,14,70.0,0.63,62.9,Recently homered,519242.0,Chris Sale,L,RHB vs LHP,22,22,129.0,2.16,1.02,8,0.56,11.16,1.95,675.0,3.3,19.6,11.1,35.7,32.0,81.7,93.2,113.2,0.497,8.0,24.7,100.0,0.489,2.4,4-Seam Fastball,R,RHB vs LHP,29.4,34,0.138,0.235,0.138,0.373,0,4,9,0.0,0.0,0.377,391,0.0179,3.1,0.503,2,2,0,0/2,0.0,0.0,0.0,0.0,0,0,0,30.9,Slight Pitcher Advantage,Below average,45.0,5,Pitch-level Statcast · last 5 MLB games,492,4-Seam Fastball,44.91869918699187,221.0,Slider,39.43089430894309,194.0,Changeup,9.34959349593496,46.0,Sinker,6.300813008130081,31.0,Unknown,,Unknown,,No,100.0,1.0,1.0,50.0,0.949,0.958,29.4,Current-Season Handedness Matchup,Pull Air %,Barrel %,Max Exit Velocity,29.4,23.0,24.7,19.2,50.0,45.0,28.0,3.71,0.979,0.914,1.025,1.0,0.909,0.909,1.0,7.98,4.78,68.0,17.9,F,Lineup unconfirmed,,,,,,,,,
334,2026-08-21,824072,2026-08-22T00:10:00Z,Scheduled,Kauffman Stadium,Detroit Tigers @ Kansas City Royals,Home,672580,Maikel Garcia,Kansas City Royals,Detroit Tigers,3B,R,No,,73,309,283,76,18,3,3,34,32,24,0,47,0.269,0.324,0.385,0.709,4,15,15,6,0,0.4,0.0,4,15,15,6,0,0.4,0.0,379,18,2.2,27.3,34.4,28.3,37.3,11.3,29.4,30.9,32.4,2.7,1.8,2.7,27.3,84.0,11.5,0.449,69.6,95.7,109.1,13.5,11.3,4.6,38.4,19.4,Weak,2.0,Contact-First Profile,A,Excellent HR swing plane,19.4,Weak,0.914,Good,0.0,0.0,94.8,0.449,Derived proxy,Derived proxy,Derived proxy,Derived proxy,,,9.06,6.06,Strong positive regression,Weak Contact-First Profile profile. 2.2% barrel rate; 84.0 mph average exit velocity; 29.4% air-ball rate; 30.9% pull-air rate; 2.7% HR-launch rate.,0.0097,0.0159,3.99,170,44,94.3,1.8,180.2,Above normal drought,675512.0,Troy Melton,R,RHB vs RHP,14,14,84.1,1.49,0.96,8,0.85,7.79,2.67,419.0,4.1,25.8,12.9,38.5,26.7,83.4,95.4,111.9,0.432,8.0,23.6,100.0,0.462,3.2,4-Seam Fastball,R,RHB vs RHP,11.5,241,0.251,0.299,0.354,0.653,1,16,38,0.0041,2.1,0.411,132,0.0076,4.5,0.42,2,2,0,0/2,0.0,0.0,0.0,0.0,0,0,0,22.5,Strong Pitcher Advantage,Below average,45.0,5,Pitch-level Statcast · last 5 MLB games,458,4-Seam Fastball,31.87772925764192,146.0,Cutter,24.017467248908297,110.0,Slider,13.318777292576419,61.0,Split-Finger,12.882096069868995,59.0,Unknown,,Unknown,,No,100.0,1.0,1.0,50.0,0.947,0.966,28.1,Current-Season Handedness Matchup,Pull Air %,Barrel %,Max Exit Velocity,11.5,25.5,23.6,13.6,50.0,45.0,27.6,3.7,0.861,0.96,0.985,1.0,0.914,0.914,1.035,6.21,4.02,75.3,22.7,F,Lineup unconfirmed; Limited recent games,Curveball,10.043668122270743,46.0,Sinker,6.11353711790393,28.0,Changeup,1.7467248908296944,8.0
335,2026-08-21,825045,2026-08-22T01:40:00Z,Scheduled,Chase Field,Cincinnati Reds @ Arizona Diamondbacks,Away,670770,TJ Friedl,Cincinnati Reds,Arizona Diamondbacks,CF,L,No,,73,247,217,34,6,1,3,19,11,20,4,58,0.157,0.24,0.235,0.475,7,11,11,0,0,0.0,0.0,11,21,21,0,0,0.0,0.0,266,22,1.1,19.2,38.6,33.4,24.5,22.0,30.2,38.2,19.9,4.5,3.4,4.5,75.0,79.5,26.7,0.283,65.1,92.6,105.9,9.4,7.5,1.3,58.4,16.4,Weak,1.5,Contact-First Profile,A-,Elevated power plane,16.4,Weak,0.906,Good,0.0,25.0,92.3,0.164,Derived proxy,Derived proxy,Derived proxy,Derived proxy,,,5.19,2.19,Positive regression,Weak Contact-First Profile profile. 1.1% barrel rate; 79.5 mph average exit velocity; 30.2% air-ball rate; 38.2% pull-air rate; 4.5% HR-launch rate.,0.0121,0.0186,3.87,51,22,72.3,0.71,70.5,Recently homered,593958.0,Eduardo Rodriguez,L,LHB vs LHP,25,25,149.1,2.71,1.21,14,0.84,6.39,2.83,838.0,5.3,22.2,15.9,38.4,30.9,81.6,93.8,112.0,0.545,14.0,6.8,99.9,0.318,1.8,4-Seam Fastball,L,LHB vs LHP,34.4,34,0.188,0.235,0.188,0.423,0,2,8,0.0,0.0,0.344,183,0.0164,6.8,0.582,2,2,2,2/2,1.0,1.0,2.0,3.0,0,0,0,28.4,Strong Pitcher Advantage,Below average,52.5,5,Pitch-level Statcast · last 5 MLB games,516,4-Seam Fastball,40.116279069767444,207.0,Changeup,23.643410852713178,122.0,Cutter,14.34108527131783,74.0,Curveball,12.4031007751938,64.0,Unknown,,Unknown,,No,100.0,1.0,1.0,50.0,0.92,0.978,31.1,Current-Season Handedness Matchup,Pull Air %,Barrel %,Max Exit Velocity,34.4,32.0,6.8,13.3,50.0,45.0,27.6,3.7,1.0,0.958,0.985,0.94,0.906,0.852,1.0,7.02,4.34,71.3,16.9,F,Lineup unconfirmed,Sinker,9.30232558139535,48.0,Pitch Out,0.1937984496124031,1.0,,,
336,2026-08-21,823830,2026-08-21T23:10:00Z,Scheduled,loanDepot park,Washington Nationals @ Miami Marlins,Home,691594,Javier Sanoja,Miami Marlins,Washington Nationals,3B,R,No,,110,348,327,91,26,2,6,32,48,19,0,29,0.278,0.317,0.425,0.742,11,38,35,12,2,0.343,0.0526,25,81,76,22,3,0.289,0.037,514,127,2.9,22.9,35.4,36.1,28.1,12.3,27.1,41.8,28.7,5.9,2.8,5.9,53.5,81.1,17.5,0.376,67.4,94.2,107.7,8.7,11.8,2.6,49.7,22.2,Weak,2.0,Contact-First Profile,A,Excellent HR swing plane,22.2,Weak,0.922,Good,3.9,42.9,94.6,0.398,Derived proxy,Derived proxy,Derived proxy,Derived proxy,,,16.59,10.59,Strong positive regression,Weak Contact-First Profile profile. 2.9% barrel rate; 81.1 mph average exit velocity; 27.1% air-ball rate; 41.8% pull-air rate; 5.9% HR-launch rate.,0.0172,0.021,3.99,0,0,54.5,0.0,0.0,Very recent HR,695418.0,Brad Lord,R,RHB vs RHP,30,3,62.1,4.04,1.25,7,1.01,8.23,3.61,414.0,3.6,22.7,8.7,34.8,28.0,81.9,94.0,115.9,0.515,7.0,13.1,99.6,0.367,2.7,4-Seam Fastball,R,RHB vs RHP,9.3,239,0.254,0.294,0.384,0.678,3,13,15,0.0126,1.4,0.341,140,0.0143,1.5,0.358,1,1,0,0/1,0.0,0.0,0.0,0.0,0,0,0,18.3,Strong Pitcher Advantage,Below average,47.5,5,Pitch-level Statcast · last 5 MLB games,208,4-Seam Fastball,33.17307692307692,69.0,Sinker,27.403846153846153,57.0,Slider,25.0,52.0,Sweeper,11.538461538461538,24.0,Unknown,,Unknown,,No,94.0,0.94,1.0,39.2,0.926,0.961,30.8,Current-Season Handedness Matchup,Pull Air %,Barrel %,Max Exit Velocity,9.3,24.0,13.1,38.9,39.2,45.0,27.6,3.7,1.35,0.987,0.985,1.0,0.922,0.922,0.98,8.13,5.67,83.3,22.1,F,Lineup unconfirmed,Changeup,2.8846153846153846,6.0,,,,,,
337,2026-08-21,823830,2026-08-21T23:10:00Z,Scheduled,loanDepot park,Washington Nationals @ Miami Marlins,Home,682663,Agustín Ramírez,Miami Marlins,Washington Nationals,C,R,No,,43,164,144,35,8,1,2,20,17,17,2,38,0.243,0.329,0.354,0.683,8,26,23,6,0,0.261,0.0,12,35,31,9,0,0.29,0.0,198,39,2.6,25.5,36.6,39.3,24.1,6.7,19.1,35.0,27.9,2.3,1.0,2.3,25.0,82.3,11.9,0.406,74.1,95.7,114.1,50.0,8.6,9.9,48.7,27.0,Weak,2.0,Contact-First Profile,A,Excellent HR swing plane,27.0,Weak,0.936,Good,0.0,28.6,94.1,0.395,Derived proxy,Derived proxy,Derived proxy,Derived proxy,,,5.13,3.13,Positive regression,Weak Contact-First Profile profile. 2.6% barrel rate; 82.3 mph average exit velocity; 19.1% air-ball rate; 35.0% pull-air rate; 2.3% HR-launch rate.,0.0122,0.0206,3.99,63,21,72.0,0.88,87.5,Near normal interval,695418.0,Brad Lord,R,RHB vs RHP,30,3,62.1,4.04,1.25,7,1.01,8.23,3.61,414.0,3.6,22.7,8.7,34.8,28.0,81.9,94.0,115.9,0.515,7.0,17.5,99.6,0.398,3.4,4-Seam Fastball,R,RHB vs RHP,9.1,114,0.214,0.281,0.282,0.562,1,9,28,0.0088,3.4,0.321,140,0.0143,1.5,0.358,2,2,1,1/2,0.5,0.5,0.5,1.0,0,0,0,20.4,Strong Pitcher Advantage,Below average,50.9,5,Pitch-level Statcast · last 5 MLB games,208,4-Seam Fastball,33.17307692307692,69.0,Sinker,27.403846153846153,57.0,Slider,25.0,52.0,Sweeper,11.538461538461538,24.0,Unknown,,Unknown,,No,94.0,0.94,1.0,39.2,0.935,0.961,32.2,Current-Season Handedness Matchup,Pull Air %,Barrel %,Max Exit Velocity,9.1,24.0,17.5,20.3,39.2,45.0,27.3,3.69,0.758,0.987,0.985,1.0,0.936,0.936,1.0,7.96,4.15,66.5,17.0,F,Lineup unconfirmed,Changeup,2.8846153846153846,6.0,,,,,,
338,2026-08-21,823911,2026-08-22T02:10:00Z,Scheduled,UNIQLO Field at Dodger Stadium,Pittsburgh Pirates @ Los Angeles Dodgers,Away,663968,Jake Mangum,Pittsburgh Pirates,Los Angeles Dodgers,CF,S,No,,106,381,346,103,15,2,4,50,28,21,9,70,0.298,0.352,0.387,0.739,11,41,38,12,1,0.316,0.0244,25,106,95,27,2,0.284,0.0189,587,146,1.4,15.7,31.4,30.7,37.5,8.9,19.7,30.9,33.8,3.4,2.5,3.4,66.7,79.5,15.5,0.439,65.1,91.6,107.1,3.0,8.1,1.3,33.1,14.4,Weak,1.5,Contact-First Profile,A,Excellent HR swing plane,14.4,Weak,0.9,Good,2.1,29.4,92.1,0.47,Derived proxy,Derived proxy,Derived proxy,Derived proxy,,,10.85,6.85,Strong positive regression,Weak Contact-First Profile profile. 1.4% barrel rate; 79.5 mph average exit velocity; 19.7% air-ball rate; 30.9% pull-air rate; 3.4% HR-launch rate.,0.0105,0.0156,4.05,29,9,86.5,0.34,33.5,Very recent HR,808967.0,Yoshinobu Yamamoto,R,Switch vs RHP,22,22,145.1,2.6,0.89,15,0.93,8.42,2.11,711.0,3.8,23.3,12.9,44.9,28.3,81.9,94.4,114.2,0.467,15.0,17.4,99.7,0.424,1.2,4-Seam Fastball,L,LHB vs RHP,17.8,277,0.3,0.35,0.395,0.746,3,15,52,0.0108,0.9,0.436,289,0.0242,3.7,0.472,2,2,1,1/2,0.5,0.5,0.5,1.0,0,0,0,24.2,Strong Pitcher Advantage,Below average,50.9,5,Pitch-level Statcast · last 5 MLB games,502,4-Seam Fastball,26.49402390438247,133.0,Split-Finger,25.298804780876495,127.0,Cutter,21.314741035856574,107.0,Sinker,12.151394422310757,61.0,Unknown,,Unknown,,No,100.0,1.0,1.0,50.0,0.935,0.963,26.2,Current-Season Handedness Matchup,Pull Air %,Barrel %,Max Exit Velocity,17.8,29.6,17.4,17.1,50.0,45.0,27.2,3.69,1.16,0.973,1.035,1.0,0.9,0.9,0.98,6.19,4.62,85.0,20.6,F,Lineup unconfirmed,Curveball,10.159362549800797,51.0,Slider,4.581673306772909,23.0,,,
339,2026-08-21,824152,2026-08-22T00:10:00Z,Scheduled,Daikin Park,Athletics @ Houston Astros,Home,669397,Nick Allen,Houston Astros,Athletics,SS,R,No,,71,132,119,31,4,0,2,20,13,7,1,27,0.261,0.3,0.345,0.645,7,16,15,4,1,0.267,0.0625,19,26,24,8,1,0.333,0.0385,151,29,2.1,16.0,37.5,36.8,25.7,12.7,24.4,43.1,22.7,2.9,2.5,2.9,100.0,80.0,17.4,0.364,65.4,91.2,105.7,0.6,6.3,0.0,59.1,16.8,Weak,1.5,Pull Power,A,Excellent HR swing plane,16.8,Weak,0.907,Good,3.4,42.9,91.7,0.409,Derived proxy,Derived proxy,Derived proxy,Derived proxy,,,3.71,1.71,Near expected,Weak Pull Power profile. 2.1% barrel rate; 80.0 mph average exit velocity; 24.4% air-ball rate; 43.1% pull-air rate; 2.9% HR-launch rate.,0.0152,0.0232,3.87,7,2,59.5,0.12,11.8,Very recent HR,669372.0,J.T. Ginn,R,RHB vs RHP,25,22,127.1,3.53,1.22,14,0.99,8.06,3.75,617.0,3.6,23.5,13.9,41.3,25.3,81.6,94.7,112.1,0.479,14.0,7.5,99.8,0.325,1.2,Sinker,R,RHB vs RHP,11.7,96,0.233,0.277,0.279,0.556,1,6,22,0.0104,0.9,0.305,213,0.0235,3.1,0.439,1,1,1,1/1,1.0,1.0,1.0,2.0,0,0,0,18.2,Strong Pitcher Advantage,Below average,51.2,5,Pitch-level Statcast · last 5 MLB games,448,Sinker,37.94642857142857,170.0,Changeup,24.553571428571427,110.0,Slider,15.625,70.0,4-Seam Fastball,11.830357142857142,53.0,Unknown,,Unknown,,No,100.0,1.0,1.0,50.0,0.92,0.961,27.6,Current-Season Handedness Matchup,Pull Air %,Barrel %,Max Exit Velocity,11.7,27.9,7.5,32.0,50.0,45.0,26.8,3.68,1.35,0.982,0.985,0.94,0.907,0.853,0.98,8.67,5.8,63.5,18.2,F,Lineup unconfirmed,Cutter,10.044642857142858,45.0,,,,,,
340,2026-08-21,823510,2026-08-21T23:05:00Z,Scheduled,Yankee Stadium,Toronto Blue Jays @ New York Yankees,Away,664770,Nathan Lukes,Toronto Blue Jays,New York Yankees,RF,L,No,,94,337,305,79,11,0,7,33,24,19,5,51,0.259,0.311,0.364,0.675,12,45,39,9,2,0.231,0.0444,27,98,88,17,2,0.193,0.0204,511,129,1.1,14.6,38.0,32.5,29.5,9.9,21.7,36.5,29.9,2.2,1.6,2.2,115.0,79.9,15.8,0.394,64.7,91.6,105.1,2.7,6.5,0.4,43.4,15.1,Weak,1.5,Contact-First Profile,A,Excellent HR swing plane,15.1,Weak,0.902,Good,1.6,34.5,92.1,0.39,Derived proxy,Derived proxy,Derived proxy,Derived proxy,,,8.41,1.41,Near expected,Weak Contact-First Profile profile. 1.1% barrel rate; 79.9 mph average exit velocity; 21.7% air-ball rate; 36.5% pull-air rate; 2.2% HR-launch rate.,0.0208,0.0237,4.05,0,0,43.6,0.0,0.0,Very recent HR,693645.0,Cam Schlittler,R,LHB vs RHP,26,26,152.0,2.19,0.94,14,0.83,11.19,2.01,828.0,4.0,21.0,12.2,31.7,31.6,82.4,93.0,115.9,0.516,14.0,14.5,99.8,0.395,0.5,4-Seam Fastball,L,LHB vs RHP,22.4,273,0.284,0.331,0.396,0.727,6,16,36,0.022,0.9,0.407,373,0.0214,4.1,0.575,11,9,2,2/9,0.222,0.3,0.222,0.522,0,1,2,20.5,Strong Pitcher Advantage,Below average,26.7,5,Pitch-level Statcast · last 5 MLB games,468,4-Seam Fastball,42.52136752136752,199.0,Cutter,22.863247863247864,107.0,Sinker,19.871794871794872,93.0,Curveball,14.743589743589743,69.0,Unknown,,Unknown,,No,108.0,1.08,1.0,64.4,0.929,0.965,28.1,Current-Season Handedness Matchup,Pull Air %,Barrel %,Max Exit Velocity,22.4,20.8,14.5,21.8,64.4,45.0,26.5,3.68,1.167,0.957,1.025,1.0,0.902,0.902,0.98,9.26,6.11,83.9,21.9,F,Lineup unconfirmed,,,,,,,,,
341,2026-08-21,823746,2026-08-21T20:10:00Z,Scheduled,American Family Field,Atlanta Braves @ Milwaukee Brewers,Home,666152,David Hamilton,Milwaukee Brewers,Atlanta Braves,3B,L,No,,96,312,268,65,10,2,4,40,22,30,1,70,0.243,0.321,0.34,0.661,11,37,32,9,1,0.281,0.027,22,74,64,16,1,0.25,0.0135,381,84,2.4,16.0,43.0,27.5,29.3,13.2,25.4,35.9,25.5,4.7,3.9,4.7,46.4,76.5,13.4,0.401,62.3,89.9,106.6,3.8,8.1,1.2,36.1,14.5,Weak,1.5,Contact-First Profile,A,Excellent HR swing plane,14.5,Weak,0.901,Good,2.4,34.8,89.6,0.402,Derived proxy,Derived proxy,Derived proxy,Derived proxy,,,10.16,6.16,Strong positive regression,Weak Contact-First Profile profile. 2.4% barrel rate; 76.5 mph average exit velocity; 25.4% air-ball rate; 35.9% pull-air rate; 4.7% HR-launch rate.,0.0128,0.0181,3.99,4,1,67.0,0.06,6.0,Very recent HR,519242.0,Chris Sale,L,LHB vs LHP,22,22,129.0,2.16,1.02,8,0.56,11.16,1.95,675.0,3.3,19.6,11.1,35.7,32.0,81.7,93.2,113.2,0.497,8.0,19.0,100.0,0.408,3.6,4-Seam Fastball,L,LHB vs LHP,24.1,56,0.208,0.283,0.292,0.575,1,4,16,0.0179,3.5,0.372,127,0.0079,3.9,0.476,0,0,0,0/0,,,,,0,0,0,27.5,Strong Pitcher Advantage,Below average,50.0,5,Pitch-level Statcast · last 5 MLB games,492,4-Seam Fastball,44.91869918699187,221.0,Slider,39.43089430894309,194.0,Changeup,9.34959349593496,46.0,Sinker,6.300813008130081,31.0,Unknown,,Unknown,,No,100.0,1.0,1.0,50.0,0.938,0.958,28.2,Current-Season Handedness Matchup,Pull Air %,Barrel %,Max Exit Velocity,24.1,23.0,19.0,17.8,50.0,45.0,26.5,3.68,1.062,0.914,0.985,0.965,0.901,0.869,0.98,7.05,4.36,80.2,18.4,F,Lineup unconfirmed,,,,,,,,,
342,2026-08-21,823101,2026-08-22T02:10:00Z,Scheduled,T-Mobile Park,Chicago Cubs @ Seattle Mariners,Away,663538,Nico Hoerner,Chicago Cubs,Seattle Mariners,2B,R,No,,125,549,497,131,26,1,7,52,58,40,6,47,0.264,0.322,0.362,0.684,10,42,38,13,0,0.342,0.0,25,102,96,33,3,0.344,0.0294,756,146,1.0,17.9,32.3,32.6,34.2,11.4,29.4,34.2,34.0,3.1,2.3,3.1,128.3,81.0,15.9,0.437,66.7,92.2,105.0,1.5,8.7,0.1,44.1,16.2,Weak,1.5,Contact-First Profile,A,Excellent HR swing plane,16.2,Weak,0.905,Good,1.4,35.7,91.8,0.476,Derived proxy,Derived proxy,Derived proxy,Derived proxy,,,12.52,5.52,Strong positive regression,Weak Contact-First Profile profile. 1.0% barrel rate; 81.0 mph average exit velocity; 29.4% air-ball rate; 34.2% pull-air rate; 3.1% HR-launch rate.,0.0128,0.0162,4.05,51,13,71.0,0.72,71.8,Recently homered,676106.0,Emerson Hancock,R,RHB vs RHP,23,23,128.0,3.3,1.11,16,1.13,8.37,2.25,732.0,4.8,23.1,14.5,33.7,30.7,83.2,94.4,114.7,0.547,16.0,17.2,99.8,0.422,0.5,4-Seam Fastball,R,RHB vs RHP,18.6,409,0.253,0.318,0.346,0.664,5,32,33,0.0122,0.9,0.412,222,0.027,3.6,0.501,2,1,0,0/1,0.0,0.0,0.0,0.0,0,0,0,23.4,Strong Pitcher Advantage,Below average,45.0,5,Pitch-level Statcast · last 5 MLB games,474,4-Seam Fastball,41.561181434599156,197.0,Sinker,23.839662447257385,113.0,Sweeper,10.759493670886076,51.0,Cutter,10.126582278481013,48.0,Unknown,,Unknown,,No,92.0,0.92,1.0,35.6,0.934,0.973,27.1,Current-Season Handedness Matchup,Pull Air %,Barrel %,Max Exit Velocity,18.6,27.7,17.2,22.4,35.6,45.0,26.2,3.67,1.004,1.005,0.985,1.0,0.905,0.905,1.0,6.4,4.2,85.0,19.1,F,Lineup unconfirmed,Curveball,9.70464135021097,46.0,Changeup,4.008438818565401,19.0,,,
343,2026-08-21,824721,2026-08-21T23:10:00Z,Scheduled,Fenway Park,San Francisco Giants @ Boston Red Sox,Home,642201,Eli White,Boston Red Sox,San Francisco Giants,RF,R,No,,78,165,153,36,6,1,5,22,19,10,1,37,0.235,0.285,0.386,0.671,6,18,17,5,0,0.294,0.0,18,31,30,9,0,0.3,0.0,227,51,3.0,16.1,33.5,33.3,32.6,12.4,20.2,25.1,25.7,4.2,1.1,4.2,40.6,80.2,9.4,0.369,70.7,92.2,110.2,27.1,7.2,5.2,48.3,16.4,Weak,1.5,Contact-First Profile,C,Low line-drive plane,16.4,Weak,0.906,Good,2.0,11.1,91.0,0.29,Derived proxy,Derived proxy,Derived proxy,Derived proxy,,,6.19,1.19,Near expected,Weak Contact-First Profile profile. 3.0% barrel rate; 80.2 mph average exit velocity; 20.2% air-ball rate; 25.1% pull-air rate; 4.2% HR-launch rate.,0.0303,0.031,3.93,34,21,30.6,1.11,111.1,Near normal interval,657277.0,Logan Webb,R,RHB vs RHP,22,22,139.0,3.5,1.06,9,0.58,7.12,2.07,719.0,3.1,23.9,11.5,39.5,27.4,81.8,94.4,114.4,0.464,9.0,21.1,100.0,0.422,4.0,Sinker,R,RHB vs RHP,21.1,65,0.238,0.262,0.333,0.595,1,2,11,0.0154,3.6,0.365,216,0.0139,2.6,0.452,0,0,0,0/0,,,,,0,0,0,26.9,Strong Pitcher Advantage,Below average,50.0,5,Pitch-level Statcast · last 5 MLB games,471,Changeup,25.05307855626327,118.0,Sinker,23.35456475583864,110.0,Sweeper,18.683651804670912,88.0,Cutter,17.409766454352443,82.0,Unknown,,Unknown,,No,102.0,1.02,1.0,53.6,0.942,0.956,25.4,Current-Season Handedness Matchup,Pull Air %,Barrel %,Max Exit Velocity,21.1,25.9,21.1,6.0,53.6,45.0,25.9,3.67,0.758,0.917,0.985,1.0,0.906,0.906,1.0,11.65,5.06,66.3,19.3,F,Lineup unconfirmed,4-Seam Fastball,15.498938428874734,73.0,,,,,,
344,2026-08-21,823746,2026-08-21T20:10:00Z,Scheduled,American Family Field,Atlanta Braves @ Milwaukee Brewers,Away,643289,Mauricio Dubón,Atlanta Braves,Milwaukee Brewers,LF,R,No,,121,488,451,119,23,2,10,55,61,29,2,62,0.264,0.31,0.39,0.7,10,36,34,7,0,0.206,0.0,24,90,84,22,0,0.262,0.0,755,150,1.9,16.2,34.3,28.4,37.1,13.7,27.4,37.4,34.9,3.8,2.3,3.8,34.2,80.8,22.7,0.409,67.2,91.5,107.5,4.4,7.3,1.2,38.1,16.7,Weak,1.5,Contact-First Profile,A-,Elevated power plane,16.7,Weak,0.907,Good,0.7,38.6,91.3,0.355,Derived proxy,Derived proxy,Derived proxy,Derived proxy,,,17.47,7.47,Strong positive regression,Weak Contact-First Profile profile. 1.9% barrel rate; 80.8 mph average exit velocity; 27.4% air-ball rate; 37.4% pull-air rate; 3.8% HR-launch rate.,0.0205,0.0228,4.05,113,31,45.1,2.51,250.6,Very long drought,694819.0,Jacob Misiorowski,R,RHB vs RHP,23,23,139.0,1.75,0.75,13,0.84,13.6,2.01,612.0,1.8,17.8,11.3,27.6,31.5,81.5,91.9,114.8,0.432,13.0,19.9,99.9,0.445,2.2,4-Seam Fastball,R,RHB vs RHP,21.0,309,0.274,0.324,0.393,0.717,6,20,43,0.0194,2.5,0.442,233,0.03,2.2,0.464,3,3,1,1/3,0.333,0.333,0.333,0.666,0,0,0,25.6,Strong Pitcher Advantage,Below average,46.0,5,Pitch-level Statcast · last 5 MLB games,423,4-Seam Fastball,66.903073286052,283.0,Cutter,11.583924349881796,49.0,Slider,11.583924349881796,49.0,Curveball,9.929078014184396,42.0,Unknown,,Unknown,,No,100.0,1.0,1.0,50.0,0.94,0.943,30.5,Current-Season Handedness Matchup,Pull Air %,Barrel %,Max Exit Velocity,21.0,14.0,19.9,24.1,50.0,45.0,25.6,3.66,0.758,0.958,0.985,1.0,0.907,0.907,1.06,8.9,4.49,84.2,27.7,F,Lineup unconfirmed,,,,,,,,,
345,2026-08-21,823830,2026-08-21T23:10:00Z,Scheduled,loanDepot park,Washington Nationals @ Miami Marlins,Home,669364,Xavier Edwards,Miami Marlins,Washington Nationals,2B,S,No,,128,537,466,134,16,6,6,59,47,62,0,72,0.288,0.367,0.386,0.753,11,48,41,13,0,0.317,0.0,25,103,90,25,0,0.278,0.0,691,127,1.3,18.7,31.5,29.8,38.0,13.8,28.5,25.0,31.1,3.8,2.2,3.8,42.9,80.8,17.4,0.416,65.6,92.3,110.8,2.6,9.6,0.7,42.0,13.4,Weak,1.5,Contact-First Profile,A,Excellent HR swing plane,13.4,Weak,0.898,Good,0.0,18.9,92.7,0.383,Derived proxy,Derived proxy,Derived proxy,Derived proxy,,,11.87,5.87,Strong positive regression,Weak Contact-First Profile profile. 1.3% barrel rate; 80.8 mph average exit velocity; 28.5% air-ball rate; 25.0% pull-air rate; 3.8% HR-launch rate.,0.0112,0.015,3.99,284,79,77.7,3.66,365.7,Very long drought,695418.0,Brad Lord,R,Switch vs RHP,30,3,62.1,4.04,1.25,7,1.01,8.23,3.61,414.0,3.6,22.7,8.7,34.8,28.0,81.9,94.0,115.9,0.515,7.0,20.7,99.6,0.456,2.1,4-Seam Fastball,L,LHB vs RHP,27.1,414,0.296,0.376,0.383,0.759,2,49,52,0.0048,1.9,0.428,129,0.0388,5.7,0.702,2,2,0,0/2,0.0,0.0,0.0,0.0,0,0,0,28.5,Strong Pitcher Advantage,Below average,45.0,5,Pitch-level Statcast · last 5 MLB games,208,4-Seam Fastball,33.17307692307692,69.0,Sinker,27.403846153846153,57.0,Slider,25.0,52.0,Sweeper,11.538461538461538,24.0,Unknown,,Unknown,,No,94.0,0.94,1.0,39.2,0.941,0.961,27.9,Current-Season Handedness Matchup,Pull Air %,Barrel %,Max Exit Velocity,27.1,24.0,20.7,9.4,39.2,45.0,25.4,3.66,0.758,0.987,1.035,1.0,0.898,0.898,1.06,5.84,3.67,85.0,27.3,F,Lineup unconfirmed,Changeup,2.8846153846153846,6.0,,,,,,
346,2026-08-21,824152,2026-08-22T00:10:00Z,Scheduled,Daikin Park,Athletics @ Houston Astros,Home,543877,Christian Vázquez,Houston Astros,Athletics,C,R,No,,75,237,214,47,7,0,7,21,25,17,0,45,0.22,0.276,0.35,0.626,7,20,17,4,2,0.235,0.1,12,37,33,9,2,0.273,0.0541,324,46,2.5,16.5,30.4,36.9,32.7,13.4,26.4,32.1,29.2,5.7,4.1,5.7,126.0,78.7,18.6,0.4,62.0,90.9,106.6,0.3,10.3,0.0,54.6,16.9,Weak,1.5,Contact-First Profile,A,Excellent HR swing plane,16.9,Weak,0.907,Good,4.3,33.3,90.7,0.485,Derived proxy,Derived proxy,Derived proxy,Derived proxy,,,8.97,1.97,Near expected,Weak Contact-First Profile profile. 2.5% barrel rate; 78.7 mph average exit velocity; 26.4% air-ball rate; 32.1% pull-air rate; 5.7% HR-launch rate.,0.0295,0.0304,3.81,4,1,30.6,0.13,13.1,Very recent HR,669372.0,J.T. Ginn,R,RHB vs RHP,25,22,127.1,3.53,1.22,14,0.99,8.06,3.75,617.0,3.6,23.5,13.9,41.3,25.3,81.6,94.7,112.1,0.479,14.0,7.0,99.8,0.32,1.7,Sinker,R,RHB vs RHP,19.5,178,0.219,0.286,0.35,0.636,6,15,35,0.0337,1.6,0.355,213,0.0235,3.1,0.439,2,2,0,0/2,0.0,0.0,0.0,0.0,0,0,0,20.2,Strong Pitcher Advantage,Below average,45.0,5,Pitch-level Statcast · last 5 MLB games,448,Sinker,37.94642857142857,170.0,Changeup,24.553571428571427,110.0,Slider,15.625,70.0,4-Seam Fastball,11.830357142857142,53.0,Unknown,,Unknown,,No,100.0,1.0,1.0,50.0,0.92,0.961,26.0,Current-Season Handedness Matchup,Pull Air %,Barrel %,Max Exit Velocity,19.5,27.9,7.0,23.1,50.0,45.0,25.4,3.66,1.35,0.982,0.985,0.975,0.907,0.885,0.98,11.08,7.0,71.9,21.3,F,Lineup unconfirmed,Cutter,10.044642857142858,45.0,,,,,,
347,2026-08-21,823830,2026-08-21T23:10:00Z,Scheduled,loanDepot park,Washington Nationals @ Miami Marlins,Away,683083,Nasim Nuñez,Washington Nationals,Miami Marlins,2B,S,No,,118,419,366,82,4,3,1,46,34,44,1,86,0.224,0.308,0.26,0.568,9,35,32,5,0,0.156,0.0,23,89,78,9,0,0.115,0.0,564,120,0.1,13.1,35.6,36.6,26.8,9.7,21.6,33.4,27.6,1.4,1.3,1.4,100.0,79.2,16.2,0.333,65.0,89.9,109.7,2.8,5.4,0.5,37.7,12.4,Weak,1.5,Contact-First Profile,A,Excellent HR swing plane,12.4,Weak,0.895,Good,0.0,26.9,90.3,0.293,Derived proxy,Derived proxy,Derived proxy,Derived proxy,,,5.38,4.38,Strong positive regression,Weak Contact-First Profile profile. 0.1% barrel rate; 79.2 mph average exit velocity; 21.6% air-ball rate; 33.4% pull-air rate; 1.4% HR-launch rate.,0.0024,0.009,3.93,121,36,366.0,0.33,33.1,Very recent HR,687473.0,Ryan Gusto,R,Switch vs RHP,16,11,53.2,4.7,1.32,8,1.34,8.22,2.35,318.0,5.7,27.0,13.8,32.3,31.1,84.8,95.6,113.3,0.537,8.0,11.0,100.0,0.36,0.1,4-Seam Fastball,L,LHB vs RHP,16.1,284,0.225,0.299,0.253,0.552,0,27,60,0.0,0.0,0.35,138,0.0217,5.5,0.525,0,0,0,0/0,,,,,0,0,0,21.1,Strong Pitcher Advantage,Below average,50.0,5,Pitch-level Statcast · last 5 MLB games,349,4-Seam Fastball,31.23209169054441,109.0,Sweeper,15.472779369627506,54.0,Cutter,13.46704871060172,47.0,Sinker,12.034383954154729,42.0,Unknown,,Unknown,,No,94.0,0.94,1.0,39.2,0.922,0.982,25.8,Current-Season Handedness Matchup,Pull Air %,Barrel %,Max Exit Velocity,16.1,31.3,11.0,11.1,39.2,45.0,25.1,3.65,0.758,1.029,1.035,0.94,0.895,0.841,0.98,3.48,2.9,84.1,16.4,F,Lineup unconfirmed,Changeup,10.02865329512894,35.0,Slider,9.455587392550143,33.0,Curveball,8.30945558739255,29.0
348,2026-08-21,823911,2026-08-22T02:10:00Z,Scheduled,UNIQLO Field at Dodger Stadium,Pittsburgh Pirates @ Los Angeles Dodgers,Home,669743,Alex Call,Los Angeles Dodgers,Pittsburgh Pirates,LF,R,No,,68,154,130,33,7,0,1,21,17,18,4,26,0.254,0.357,0.331,0.688,3,8,8,3,0,0.375,0.0,9,14,13,4,0,0.308,0.0,220,18,1.1,11.3,36.8,34.5,28.0,9.7,21.0,42.2,32.4,3.0,2.3,3.0,33.3,77.5,18.5,0.359,62.9,89.3,107.8,2.7,7.1,0.5,35.2,15.2,Weak,1.5,Pull Power,A,Excellent HR swing plane,15.2,Weak,0.903,Good,0.0,40.0,89.3,0.436,Derived proxy,Derived proxy,Derived proxy,Derived proxy,,,4.09,3.09,Positive regression,Weak Pull Power profile. 1.1% barrel rate; 77.5 mph average exit velocity; 21.0% air-ball rate; 42.2% pull-air rate; 3.0% HR-launch rate.,0.0065,0.0177,3.99,30,20,130.0,0.23,23.1,Very recent HR,696149.0,Bubba Chandler,R,RHB vs RHP,24,23,121.1,4.23,1.37,10,0.74,8.01,4.75,718.0,3.2,21.3,13.8,34.5,26.9,83.1,93.8,114.8,0.479,10.0,12.3,99.7,0.373,1.4,4-Seam Fastball,R,RHB vs RHP,6.1,96,0.21,0.323,0.247,0.57,0,12,17,0.0,0.8,0.309,244,0.0082,1.6,0.398,0,0,0,0/0,,,,,0,0,0,17.1,Strong Pitcher Advantage,Below average,50.0,5,Pitch-level Statcast · last 5 MLB games,443,4-Seam Fastball,52.59593679458239,233.0,Slider,27.539503386004515,122.0,Changeup,11.512415349887133,51.0,Sinker,4.063205417607223,18.0,Unknown,,Unknown,,No,100.0,1.0,1.0,50.0,0.925,0.957,27.1,Current-Season Handedness Matchup,Pull Air %,Barrel %,Max Exit Velocity,6.1,22.3,12.3,21.3,50.0,45.0,25.0,3.65,1.0,0.942,0.985,0.965,0.903,0.871,0.98,6.86,4.19,64.1,16.3,F,Lineup unconfirmed,Curveball,4.063205417607223,18.0,Sweeper,0.22573363431151242,1.0,,,
349,2026-08-21,823830,2026-08-21T23:10:00Z,Scheduled,loanDepot park,Washington Nationals @ Miami Marlins,Away,678391,Jorbit Vivas,Washington Nationals,Miami Marlins,3B,L,No,,95,272,232,55,8,1,3,27,21,29,4,38,0.237,0.327,0.319,0.646,9,28,24,6,0,0.25,0.0,20,53,45,9,0,0.2,0.0,374,73,2.0,13.1,39.1,31.9,29.0,11.3,24.7,32.9,29.2,3.2,2.0,3.2,21.7,77.8,16.6,0.353,67.3,88.9,105.2,2.4,6.5,0.5,42.1,11.1,Weak,1.5,Contact-First Profile,A,Excellent HR swing plane,11.1,Weak,0.891,Good,1.4,29.4,87.2,0.309,Derived proxy,Derived proxy,Derived proxy,Derived proxy,,,8.41,5.41,Strong positive regression,Weak Contact-First Profile profile. 2.0% barrel rate; 77.8 mph average exit velocity; 24.7% air-ball rate; 32.9% pull-air rate; 3.2% HR-launch rate.,0.011,0.0174,3.93,91,36,77.3,1.18,117.7,Near normal interval,687473.0,Ryan Gusto,R,LHB vs RHP,16,11,53.2,4.7,1.32,8,1.34,8.22,2.35,318.0,5.7,27.0,13.8,32.3,31.1,84.8,95.6,113.3,0.537,8.0,16.6,100.0,0.395,3.1,4-Seam Fastball,L,LHB vs RHP,19.9,239,0.236,0.329,0.33,0.659,3,26,35,0.0126,2.7,0.385,138,0.0217,5.5,0.525,2,2,0,0/2,0.0,0.0,0.0,0.0,0,0,1,23.8,Strong Pitcher Advantage,Below average,45.0,5,Pitch-level Statcast · last 5 MLB games,349,4-Seam Fastball,31.23209169054441,109.0,Sweeper,15.472779369627506,54.0,Cutter,13.46704871060172,47.0,Sinker,12.034383954154729,42.0,Unknown,,Unknown,,No,94.0,0.94,1.0,39.2,0.933,0.982,23.6,Current-Season Handedness Matchup,Pull Air %,Barrel %,Max Exit Velocity,19.9,31.3,16.6,8.8,39.2,45.0,25.0,3.65,0.758,1.029,1.025,0.94,0.891,0.84,1.0,6.68,3.77,75.7,18.6,F,Lineup unconfirmed,Changeup,10.02865329512894,35.0,Slider,9.455587392550143,33.0,Curveball,8.30945558739255,29.0
350,2026-08-21,824152,2026-08-22T00:10:00Z,Scheduled,Daikin Park,Athletics @ Houston Astros,Away,687231,Darell Hernaiz,Athletics,Houston Astros,SS,R,No,,50,144,127,30,3,0,1,12,7,14,1,24,0.236,0.317,0.283,0.6,3,10,9,2,0,0.222,0.0,3,10,9,2,0,0.222,0.0,197,8,0.5,16.5,26.1,32.9,41.1,10.5,23.2,13.1,30.4,2.3,0.9,2.3,100.0,78.1,17.1,0.343,67.1,89.8,107.6,7.7,5.4,0.7,39.3,8.0,Weak,1.5,Contact-First Profile,A,Excellent HR swing plane,8.0,Weak,0.882,Good,0.0,0.0,94.8,0.373,Derived proxy,Derived proxy,Derived proxy,Derived proxy,,,1.57,0.57,Near expected,Weak Contact-First Profile profile. 0.5% barrel rate; 78.1 mph average exit velocity; 23.2% air-ball rate; 13.1% pull-air rate; 2.3% HR-launch rate.,0.0069,0.0183,3.93,105,37,127.0,0.83,82.7,Near normal interval,669713.0,Hayden Wesneski,R,RHB vs RHP,4,4,22.2,5.16,1.32,2,0.79,7.15,2.78,109.0,5.5,32.1,17.4,41.0,29.4,85.4,97.9,109.2,0.518,2.0,5.7,100.0,0.307,0.0,Sweeper,R,RHB vs RHP,17.1,87,0.221,0.294,0.26,0.554,0,7,15,0.0,0.8,0.331,47,0.0,0.0,0.444,0,0,0,0/0,,,,,0,0,0,19.7,Strong Pitcher Advantage,Below average,50.0,4,Pitch-level Statcast · last 5 MLB games,321,Sweeper,29.28348909657321,94.0,4-Seam Fastball,24.922118380062305,80.0,Sinker,19.626168224299064,63.0,Cutter,16.1993769470405,52.0,Unknown,,Unknown,,No,100.0,1.0,1.0,50.0,0.92,0.98,17.0,Current-Season Handedness Matchup,Pull Air %,Barrel %,Max Exit Velocity,17.1,38.5,5.7,13.6,50.0,45.0,23.8,3.63,1.0,0.984,0.985,0.94,0.882,0.84,1.0,7.01,4.33,63.1,16.1,F,Lineup unconfirmed; Limited recent games,Changeup,9.345794392523365,30.0,Curveball,0.6230529595015576,2.0,,,
351,2026-08-21,822857,2026-08-22T00:15:00Z,Scheduled,Globe Life Field,Los Angeles Angels @ Texas Rangers,Home,670032,Nicky Lopez,Texas Rangers,Los Angeles Angels,2B,L,No,,74,220,198,52,3,1,1,19,22,9,3,37,0.263,0.302,0.303,0.605,11,24,22,3,0,0.136,0.0,25,74,64,10,0,0.156,0.0,325,119,0.0,10.9,33.2,45.8,20.6,7.2,16.8,27.0,24.6,1.1,0.9,1.1,,78.8,11.6,0.326,62.7,88.9,105.2,0.4,4.1,0.4,52.5,8.5,Weak,1.5,Contact-First Profile,A,Excellent HR swing plane,8.5,Weak,0.884,Good,0.0,23.5,87.9,0.291,Derived proxy,Derived proxy,Derived proxy,Derived proxy,,,2.3,1.3,Near expected,Weak Contact-First Profile profile. 0.0% barrel rate; 78.8 mph average exit velocity; 16.8% air-ball rate; 27.0% pull-air rate; 1.1% HR-launch rate.,0.0045,0.0142,3.87,183,67,198.0,0.92,92.4,Near normal interval,672282.0,Reid Detmers,L,LHB vs LHP,25,25,143.0,3.78,1.06,17,1.07,10.51,2.71,742.0,4.6,22.2,15.2,38.7,28.8,83.3,94.8,112.6,0.535,17.0,8.0,99.9,0.33,0.0,4-Seam Fastball,L,LHB vs LHP,26.5,55,0.245,0.275,0.245,0.519,0,1,8,0.0,0.0,0.346,150,0.0267,4.9,0.513,0,0,0,0/0,,,,,0,0,0,24.7,Strong Pitcher Advantage,Below average,50.0,5,Pitch-level Statcast · last 5 MLB games,430,4-Seam Fastball,50.0,215.0,Slider,29.53488372093023,127.0,Curveball,13.255813953488373,57.0,Changeup,7.209302325581396,31.0,Unknown,,Unknown,,No,104.0,1.04,1.0,57.2,0.92,0.971,21.3,Current-Season Handedness Matchup,Pull Air %,Barrel %,Max Exit Velocity,26.5,30.4,8.0,3.3,57.2,45.0,23.4,3.63,0.758,0.995,0.985,0.94,0.884,0.84,1.0,5.4,3.42,73.6,16.6,F,Lineup unconfirmed,,,,,,,,,
352,2026-08-21,823510,2026-08-21T23:05:00Z,Scheduled,Yankee Stadium,Toronto Blue Jays @ New York Yankees,Away,703520,Brett Bateman,Toronto Blue Jays,New York Yankees,CF,L,No,,11,51,48,13,2,0,0,4,4,3,0,10,0.271,0.314,0.313,0.627,10,47,46,12,0,0.261,0.0,11,51,48,13,0,0.271,0.0,61,61,0.0,11.5,21.1,55.3,21.1,4.9,21.3,0.0,39.3,3.3,1.6,3.3,,78.0,8.2,0.379,63.7,89.8,105.2,1.3,8.2,1.3,30.8,8.3,Weak,1.5,Contact-First Profile,C,Low line-drive plane,8.3,Weak,0.883,Good,0.0,0.0,89.8,0.379,Derived proxy,Derived proxy,Derived proxy,Derived proxy,,,0.21,0.21,Near expected,Weak Contact-First Profile profile. 0.0% barrel rate; 78.0 mph average exit velocity; 21.3% air-ball rate; 0.0% pull-air rate; 3.3% HR-launch rate.,0.0,0.0225,3.93,48,11,,,,No season HR,693645.0,Cam Schlittler,R,LHB vs RHP,26,26,152.0,2.19,0.94,14,0.83,11.19,2.01,828.0,4.0,21.0,12.2,31.7,31.6,82.4,93.0,115.9,0.516,14.0,15.8,91.0,0.408,0.0,4-Seam Fastball,L,LHB vs RHP,34.3,31,0.214,0.29,0.25,0.54,0,3,6,0.0,0.0,0.417,373,0.0214,4.1,0.575,3,2,1,1/2,0.5,0.667,0.5,1.167,0,1,0,31.7,Slight Pitcher Advantage,Below average,53.8,5,Pitch-level Statcast · last 5 MLB games,468,4-Seam Fastball,42.52136752136752,199.0,Cutter,22.863247863247864,107.0,Sinker,19.871794871794872,93.0,Curveball,14.743589743589743,69.0,Unknown,,Unknown,,No,108.0,1.08,1.0,64.4,0.932,0.965,21.9,Current-Season Handedness Matchup,Pull Air %,Barrel %,Max Exit Velocity,34.3,20.8,15.8,3.6,64.4,45.0,22.9,3.62,0.758,0.957,1.025,0.94,0.883,0.84,1.0,8.54,4.35,59.7,15.3,F,Small season sample; Lineup unconfirmed,,,,,,,,,
353,2026-08-21,823746,2026-08-21T20:10:00Z,Scheduled,American Family Field,Atlanta Braves @ Milwaukee Brewers,Away,673490,Ha-Seong Kim,Atlanta Braves,Milwaukee Brewers,SS,R,No,,31,85,76,5,0,0,0,5,4,9,0,23,0.066,0.165,0.066,0.231,3,1,1,0,0,0.0,0.0,4,3,3,0,0,0.0,0.0,112,5,1.7,15.5,40.3,31.4,24.8,15.9,20.1,37.5,19.7,4.2,1.7,4.2,0.0,79.5,21.4,0.28,69.4,89.9,107.8,16.9,5.0,3.1,51.5,14.7,Weak,1.5,Contact-First Profile,A-,Elevated power plane,14.7,Weak,0.901,Good,0.0,,81.5,0.152,Derived proxy,Derived proxy,Derived proxy,Derived proxy,,,2.51,2.51,Positive regression,Weak Contact-First Profile profile. 1.7% barrel rate; 79.5 mph average exit velocity; 20.1% air-ball rate; 37.5% pull-air rate; 4.2% HR-launch rate.,0.0,0.0187,3.87,76,31,,,,No season HR,694819.0,Jacob Misiorowski,R,RHB vs RHP,23,23,139.0,1.75,0.75,13,0.84,13.6,2.01,612.0,1.8,17.8,11.3,27.6,31.5,81.5,91.9,114.8,0.432,13.0,9.3,99.9,0.326,2.8,4-Seam Fastball,R,RHB vs RHP,27.9,40,0.086,0.2,0.086,0.286,0,5,10,0.0,1.9,0.304,233,0.03,2.2,0.464,0,0,0,0/0,,,,,0,0,0,25.8,Strong Pitcher Advantage,Below average,50.0,5,Pitch-level Statcast · last 5 MLB games,423,4-Seam Fastball,66.903073286052,283.0,Cutter,11.583924349881796,49.0,Slider,11.583924349881796,49.0,Curveball,9.929078014184396,42.0,Unknown,,Unknown,,No,100.0,1.0,1.0,50.0,0.92,0.943,28.7,Current-Season Handedness Matchup,Pull Air %,Barrel %,Max Exit Velocity,27.9,14.0,9.3,15.0,50.0,45.0,22.3,3.62,1.0,0.958,0.985,0.94,0.901,0.847,1.0,7.06,4.21,58.3,14.9,F,Lineup unconfirmed; Limited recent games,,,,,,,,,
354,2026-08-21,824800,2026-08-21T23:15:00Z,Scheduled,Oriole Park at Camden Yards,Tampa Bay Rays @ Baltimore Orioles,Away,802415,Chandler Simpson,Tampa Bay Rays,Baltimore Orioles,LF,L,No,,119,481,447,138,13,6,0,50,26,21,0,41,0.309,0.335,0.365,0.7,11,50,48,20,0,0.417,0.0,24,102,96,36,0,0.375,0.0,631,129,0.0,8.5,30.7,39.1,29.7,10.5,26.3,28.2,28.8,0.0,0.0,0.0,,76.8,7.1,0.327,60.3,89.0,106.8,0.5,2.0,0.0,34.2,8.4,Weak,1.5,Contact-First Profile,C,Low line-drive plane,8.4,Weak,0.884,Good,0.0,33.3,88.7,0.326,Derived proxy,Derived proxy,Derived proxy,Derived proxy,,,3.92,3.92,Positive regression,Weak Contact-First Profile profile. 0.0% barrel rate; 76.8 mph average exit velocity; 26.3% air-ball rate; 28.2% pull-air rate; 0.0% HR-launch rate.,0.0,0.0064,4.05,447,119,,,,No season HR,669432.0,Trevor Rogers,L,LHB vs LHP,23,23,125.2,4.15,1.25,13,0.93,7.73,2.51,764.0,4.3,23.3,12.3,42.9,27.9,82.2,94.5,117.3,0.514,13.0,7.2,100.0,0.322,0.0,4-Seam Fastball,L,LHB vs LHP,5.7,152,0.268,0.279,0.338,0.617,0,3,17,0.0,0.0,0.302,135,0.0074,1.7,0.395,3,3,0,0/3,0.0,0.0,0.0,0.0,0,0,0,13.6,Strong Pitcher Advantage,Below average,42.5,5,Pitch-level Statcast · last 5 MLB games,452,4-Seam Fastball,47.34513274336283,214.0,Changeup,20.353982300884955,92.0,Sweeper,15.70796460176991,71.0,Cutter,8.4070796460177,38.0,Unknown,,Unknown,,No,99.0,0.99,1.0,48.2,0.92,0.968,17.9,Current-Season Handedness Matchup,Pull Air %,Barrel %,Max Exit Velocity,5.7,31.1,7.2,13.9,48.2,45.0,22.3,3.61,0.758,0.973,0.985,1.0,0.884,0.884,1.0,2.56,2.64,85.0,16.9,F,Lineup unconfirmed,Sinker,8.185840707964601,37.0,,,,,,
355,2026-08-21,823830,2026-08-21T23:10:00Z,Scheduled,loanDepot park,Washington Nationals @ Miami Marlins,Home,677870,Leo Jiménez,Miami Marlins,Washington Nationals,3B,R,No,,59,172,150,31,4,0,2,15,14,14,7,34,0.207,0.302,0.273,0.575,7,18,16,2,0,0.125,0.0,13,36,32,6,0,0.188,0.0,214,38,1.5,25.9,34.8,32.3,32.4,12.8,26.8,20.4,28.7,3.0,1.5,3.0,40.0,82.3,13.1,0.414,70.2,95.2,107.4,16.2,8.8,3.7,43.9,14.1,Weak,1.5,Contact-First Profile,A,Excellent HR swing plane,14.1,Weak,0.899,Good,0.0,8.3,95.5,0.355,Derived proxy,Derived proxy,Derived proxy,Derived proxy,,,3.61,1.61,Near expected,Weak Contact-First Profile profile. 1.5% barrel rate; 82.3 mph average exit velocity; 26.8% air-ball rate; 20.4% pull-air rate; 3.0% HR-launch rate.,0.0116,0.02,3.87,44,19,75.0,0.59,58.7,Recently homered,695418.0,Brad Lord,R,RHB vs RHP,30,3,62.1,4.04,1.25,7,1.01,8.23,3.61,414.0,3.6,22.7,8.7,34.8,28.0,81.9,94.0,115.9,0.515,7.0,17.7,99.6,0.427,1.9,4-Seam Fastball,R,RHB vs RHP,10.6,92,0.228,0.326,0.253,0.579,0,9,18,0.0,1.8,0.442,140,0.0143,1.5,0.358,0,0,0,0/0,,,,,0,0,0,21.0,Strong Pitcher Advantage,Below average,50.0,5,Pitch-level Statcast · last 5 MLB games,208,4-Seam Fastball,33.17307692307692,69.0,Sinker,27.403846153846153,57.0,Slider,25.0,52.0,Sweeper,11.538461538461538,24.0,Unknown,,Unknown,,No,94.0,0.94,1.0,39.2,0.935,0.961,19.8,Current-Season Handedness Matchup,Pull Air %,Barrel %,Max Exit Velocity,10.6,24.0,17.7,14.9,39.2,45.0,22.2,3.61,0.758,0.987,0.985,0.94,0.899,0.846,1.0,7.52,3.79,67.2,15.5,F,Lineup unconfirmed,Changeup,2.8846153846153846,6.0,,,,,,
356,2026-08-21,823746,2026-08-21T20:10:00Z,Scheduled,American Family Field,Atlanta Braves @ Milwaukee Brewers,Away,805347,Jim Jarvis,Atlanta Braves,Milwaukee Brewers,SS,L,No,,37,121,108,23,5,1,1,10,11,8,1,22,0.213,0.274,0.306,0.58,8,24,20,2,0,0.1,0.0,21,65,56,7,0,0.125,0.0,153,70,1.3,24.2,38.6,46.8,14.6,11.7,23.9,24.4,24.1,2.2,2.2,2.2,33.3,81.7,5.5,0.362,68.4,94.2,106.0,11.3,6.7,2.8,41.6,11.4,Weak,1.5,Contact-First Profile,C,Low line-drive plane,11.4,Weak,0.892,Good,0.0,16.7,95.0,0.318,Derived proxy,Derived proxy,Derived proxy,Derived proxy,,,2.33,1.33,Near expected,Weak Contact-First Profile profile. 1.3% barrel rate; 81.7 mph average exit velocity; 23.9% air-ball rate; 24.4% pull-air rate; 2.2% HR-launch rate.,0.0083,0.0201,3.87,84,30,108.0,0.78,77.8,Recently homered,694819.0,Jacob Misiorowski,R,LHB vs RHP,23,23,139.0,1.75,0.75,13,0.84,13.6,2.01,612.0,1.8,17.8,11.3,27.6,31.5,81.5,91.9,114.8,0.432,13.0,18.9,99.9,0.424,2.7,4-Seam Fastball,L,LHB vs RHP,12.2,98,0.225,0.266,0.315,0.581,1,5,18,0.0102,1.6,0.377,294,0.0204,1.5,0.398,0,0,0,0/0,,,,,0,0,0,22.1,Strong Pitcher Advantage,Below average,50.0,5,Pitch-level Statcast · last 5 MLB games,423,4-Seam Fastball,66.903073286052,283.0,Cutter,11.583924349881796,49.0,Slider,11.583924349881796,49.0,Curveball,9.929078014184396,42.0,Unknown,,Unknown,,No,100.0,1.0,1.0,50.0,0.938,0.943,19.7,Current-Season Handedness Matchup,Pull Air %,Barrel %,Max Exit Velocity,12.2,14.0,18.9,14.0,50.0,45.0,20.5,3.59,0.758,0.958,1.025,0.94,0.892,0.84,1.0,7.55,3.88,65.8,15.5,F,Lineup unconfirmed,,,,,,,,,
