Rank,Date,Game PK,Game Time UTC,Game Status,Venue,Matchup,Home/Away,Player ID,Player,Team,Opponent,Position,Bats,Confirmed Lineup,Lineup Spot,G,PA,AB,H,2B,3B,HR,R,RBI,BB,HBP,SO,AVG,OBP,SLG,OPS,L14 G,L14 PA,L14 AB,L14 H,L14 HR,L14 AVG,L14 HR/PA,L30 G,L30 PA,L30 AB,L30 H,L30 HR,L30 AVG,L30 HR/PA,Statcast BBE,L30 Statcast BBE,Barrel %,Hard Hit %,Pull %,Center %,Oppo %,Fly Ball %,Air Ball %,Pull Air %,Sweet Spot %,HR Launch %,Ideal HR Contact %,Ideal Contact %,HR/Barrel %,Avg Exit Velocity,Avg Launch Angle,xSLG on Contact,Avg Bat Speed,EV50,Max Exit Velocity,Fast Swing Rate %,Squared-Up Rate %,Blast Rate %,Ideal Attack Angle %,Power DNA Score,Power DNA Label,Power DNA Stars,Power Archetype,Swing Plane Grade,Swing Plane Label,Power Profile Score,Power Profile Label,Power Profile Multiplier,Power Profile Data Quality,L30 Barrel %,L30 Pull Air %,L30 EV50,L30 xSLG on Contact,Fast Swing Source,Squared-Up Source,Blast Source,Ideal Attack Angle Source,Barrels per PA,Barrels per PA %,Estimated xHR,xHR Minus Actual HR,HR Regression Label,AI Power Outlook,Raw HR/PA,Bayesian HR/PA,Expected PA,AB Since Last HR,Games Since Last HR,AB/HR,Due Ratio,Due Meter Pct,Due Label,Opposing SP ID,Opposing SP,Opposing SP Throws,Platoon,SP G,SP GS,SP IP,SP ERA,SP WHIP,SP HR,SP HR/9,SP K/9,SP BB/9,SP Statcast BBE,SP Barrel % Allowed,SP Hard Hit % Allowed,SP Fly Ball % Allowed,SP Pull Air % Allowed,SP Sweet Spot % Allowed,SP Avg EV Allowed,SP EV50 Allowed,SP Max EV Allowed,SP xSLG on Contact Allowed,SP Statcast HR Allowed,Pitch Type Matchup Score,Pitch Mix Coverage %,Weighted xSLG vs Pitch Mix,Weighted Barrel % vs Pitch Mix,Primary Pitch Matchup,Effective Batter Side,Handedness Matchup,Handedness Matchup Score,Hitter Split PA,Hitter Split AVG,Hitter Split OBP,Hitter Split SLG,Hitter Split OPS,Hitter Split HR,Hitter Split BB,Hitter Split K,Hitter HR/PA vs Hand,Hitter Barrel % vs Hand,Hitter xSLG vs Hand,Pitcher Split PA Allowed,Pitcher HR/PA Allowed vs Side,Pitcher Barrel % Allowed vs Side,Pitcher xSLG Allowed vs Side,Career BvP PA,Career BvP AB,Career BvP H,Career BvP Results,Career BvP AVG,Career BvP OBP,Career BvP SLG,Career BvP OPS,Career BvP HR,Career BvP BB,Career BvP K,Hitter vs Pitcher Matchup Score,Hitter vs Pitcher Matchup Label,Hitter vs Pitcher Matchup Band,Career BvP Component Score,Recent Pitch Mix Games,Recent Pitch Mix Source,Recent Pitch Mix Total,Recent Pitch 1 Name,Recent Pitch 1 Usage %,Recent Pitch 1 Count,Recent Pitch 2 Name,Recent Pitch 2 Usage %,Recent Pitch 2 Count,Recent Pitch 3 Name,Recent Pitch 3 Usage %,Recent Pitch 3 Count,Recent Pitch 4 Name,Recent Pitch 4 Usage %,Recent Pitch 4 Count,Recent Pitch 5 Name,Recent Pitch 5 Usage %,Recent Pitch 5 Count,Weather Condition,Temperature F,Wind,Wind MPH,Roof Closed,Park HR Factor,Park Multiplier,Weather Multiplier,Environment Score,Pitch Fit Multiplier,Pitcher Contact Multiplier,Hitter Power Component,Hitter Power Primary Metric,Hitter Power Secondary Metric,Hitter Power Third Metric,Hitter Power Fourth Metric,Handedness Matchup Component,Pitcher Vulnerability Component,Pitch Type Component,Recent Power Component,Environment Component,Lineup Component,HR Target Score,Target Score Probability %,Recent Form Multiplier,Pitcher HR Multiplier,Platoon Multiplier,Legacy OPS/SLG Multiplier,Statcast Power Multiplier,Power Multiplier,Due Multiplier,Baseline HR Probability %,HR Probability %,Model Confidence %,HR Model Score,Grade,Data Quality,Recent Pitch 6 Name,Recent Pitch 6 Usage %,Recent Pitch 6 Count,Recent Pitch 7 Name,Recent Pitch 7 Usage %,Recent Pitch 7 Count
1,2026-09-04,824554,2026-09-04T23:40:00Z,Scheduled,Rate Field,Minnesota Twins @ Chicago White Sox,Home,808959,Munetaka Murakami,Chicago White Sox,Minnesota Twins,1B,L,No,,105,460,376,80,14,0,29,72,59,81,2,157,0.213,0.354,0.481,0.835,12,54,43,5,0,0.116,0.0,27,121,98,13,5,0.133,0.0413,419,107,11.2,32.6,52.1,26.8,20.6,18.6,25.8,54.2,26.7,7.5,3.9,7.5,54.4,86.0,20.6,0.779,72.4,98.9,113.9,45.4,11.3,9.5,44.4,51.7,Average,3.0,Pull Power,A-,Elevated power plane,51.7,Average,1.005,Good,10.3,65.2,97.5,0.706,Derived proxy,Derived proxy,Derived proxy,Derived proxy,,,39.0,10.0,Strong positive regression,Average Pull Power profile. 11.2% barrel rate; 86.0 mph average exit velocity; 25.8% air-ball rate; 54.2% pull-air rate; 7.5% HR-launch rate.,0.063,0.0566,4.09,55,15,13.0,4.24,424.2,Very long drought,805673.0,Zebby Matthews,R,LHB vs RHP,19,19,112.0,4.58,1.26,19,1.53,7.47,2.57,620.0,6.5,27.1,13.7,47.9,31.0,85.0,96.4,112.8,0.55,19.0,79.8,100.0,0.854,11.9,4-Seam Fastball,L,LHB vs RHP,66.8,316,0.228,0.367,0.533,0.9,23,55,103,0.0728,13.4,0.84,265,0.0377,7.2,0.578,7,7,1,1/7,0.143,0.143,0.571,0.714,1,0,2,68.2,Slight Hitter Advantage,Above average,51.2,5,Pitch-level Statcast · last 5 MLB games,475,4-Seam Fastball,34.526315789473685,164.0,Slider,22.526315789473685,107.0,Changeup,13.894736842105264,66.0,Cutter,13.263157894736842,63.0,Curveball,10.105263157894736,48.0,Unknown,,Unknown,,No,100.0,1.0,1.0,50.0,1.06,0.99,69.9,Current-Season Handedness Matchup,Pull Air %,Barrel %,Max Exit Velocity,66.8,46.2,79.8,67.4,50.0,45.0,62.9,10.35,0.808,1.069,1.025,1.0,1.005,1.005,1.06,21.21,15.14,85.0,46.9,C-,Lineup unconfirmed,Sinker,5.684210526315789,27.0,,,
2,2026-09-04,824146,2026-09-05T00:10:00Z,Scheduled,Daikin Park,Arizona Diamondbacks @ Houston Astros,Home,670541,Yordan Alvarez,Houston Astros,Arizona Diamondbacks,DH,L,No,,139,609,497,157,29,1,37,92,94,97,10,106,0.316,0.433,0.602,1.035,12,52,39,10,1,0.256,0.0192,25,105,83,21,2,0.253,0.019,753,132,7.9,30.5,50.3,17.5,31.8,19.7,33.1,45.8,32.4,8.4,5.1,8.4,44.4,86.0,23.1,0.726,75.0,98.3,118.5,57.4,15.3,17.0,38.8,50.7,Average,3.0,Pull Power,A-,Elevated power plane,50.7,Average,1.002,Good,5.3,46.3,97.5,0.53,Derived proxy,Derived proxy,Derived proxy,Derived proxy,,,53.51,16.51,Strong positive regression,Average Pull Power profile. 7.9% barrel rate; 86.0 mph average exit velocity; 33.1% air-ball rate; 45.8% pull-air rate; 8.4% HR-launch rate.,0.0608,0.056,4.25,16,5,13.4,1.19,119.1,Near normal interval,518876.0,Merrill Kelly,R,LHB vs RHP,25,25,141.2,5.08,1.48,26,1.65,6.04,4.07,814.0,7.9,28.7,15.0,47.5,31.2,83.8,96.8,114.6,0.65,26.0,73.8,99.6,0.847,9.0,Changeup,L,LHB vs RHP,66.2,445,0.336,0.467,0.647,1.114,28,83,79,0.0629,9.6,0.861,378,0.0476,8.4,0.679,3,3,1,1/3,0.333,0.333,0.333,0.666,0,0,0,64.8,Slight Hitter Advantage,Above average,46.0,5,Pitch-level Statcast · last 5 MLB games,436,4-Seam Fastball,31.422018348623855,137.0,Changeup,30.504587155963304,133.0,Curveball,11.238532110091743,49.0,Cutter,8.944954128440367,39.0,Slider,8.944954128440367,39.0,Unknown,,Unknown,,No,100.0,1.0,1.0,50.0,1.048,1.004,67.1,Current-Season Handedness Matchup,Pull Air %,Barrel %,Max Exit Velocity,66.2,55.2,73.8,51.1,50.0,45.0,61.9,9.79,0.758,1.088,1.025,1.08,1.002,1.082,1.0,21.73,14.82,85.0,43.4,C-,Lineup unconfirmed,Sinker,8.486238532110091,37.0,Pitch Out,0.45871559633027525,2.0
3,2026-09-04,824067,2026-09-05T00:10:00Z,Scheduled,Kauffman Stadium,Toronto Blue Jays @ Kansas City Royals,Home,695506,Jac Caglianone,Kansas City Royals,Toronto Blue Jays,RF,L,No,,129,505,469,133,27,2,23,66,69,30,5,131,0.284,0.333,0.497,0.83,9,40,39,14,1,0.359,0.025,23,95,91,37,5,0.407,0.0526,636,120,8.3,35.7,57.1,20.3,22.5,13.4,28.4,53.1,29.2,5.8,3.5,5.8,45.7,86.8,11.1,0.716,74.8,100.6,115.5,66.1,13.9,21.2,41.8,54.4,Average,3.0,Pull Power,A,Excellent HR swing plane,54.4,Average,1.012,Good,8.3,62.2,101.2,0.734,Derived proxy,Derived proxy,Derived proxy,Derived proxy,,,46.83,23.83,Strong positive regression,Average Pull Power profile. 8.3% barrel rate; 86.8 mph average exit velocity; 28.4% air-ball rate; 53.1% pull-air rate; 5.8% HR-launch rate.,0.0455,0.0429,4.09,25,6,20.4,1.23,122.6,Near normal interval,592791.0,Jameson Taillon,R,LHB vs RHP,17,17,84.0,5.68,1.37,26,2.79,8.04,3.43,449.0,8.5,24.3,21.6,48.0,33.6,82.8,95.4,112.4,0.681,26.0,53.3,99.7,0.668,7.8,4-Seam Fastball,L,LHB vs RHP,66.9,348,0.29,0.351,0.511,0.862,16,29,86,0.046,9.7,0.752,189,0.0741,9.2,0.717,0,0,0,0/0,,,,,0,0,0,58.8,Slight Hitter Advantage,Above average,50.0,5,Pitch-level Statcast · last 5 MLB games,320,4-Seam Fastball,23.4375,75.0,Changeup,18.75,60.0,Cutter,17.1875,55.0,Curveball,16.25,52.0,Sweeper,14.6875,47.0,Unknown,,Unknown,,No,100.0,1.0,1.0,50.0,1.007,1.01,69.7,Current-Season Handedness Matchup,Pull Air %,Barrel %,Max Exit Velocity,66.9,58.2,53.3,70.5,50.0,45.0,61.8,9.72,0.949,1.2,1.025,1.0,1.012,1.012,1.0,16.43,14.1,84.6,39.3,D+,Lineup unconfirmed,Sinker,9.6875,31.0,,,
4,2026-09-04,824311,2026-09-05T00:40:00Z,Scheduled,Coors Field,St. Louis Cardinals @ Colorado Rockies,Away,695491,Joshua Báez,St. Louis Cardinals,Colorado Rockies,LF,R,No,,19,69,62,13,4,0,6,10,14,3,3,24,0.21,0.275,0.565,0.84,11,36,34,8,2,0.235,0.0556,19,69,62,13,6,0.21,0.087,73,73,9.6,31.5,48.6,24.3,27.0,20.5,30.1,36.4,30.1,12.3,9.6,12.3,85.7,85.2,23.1,0.781,75.8,98.3,111.9,70.7,17.8,17.9,56.9,54.5,Average,3.0,Balanced Power,A-,Elevated power plane,54.5,Average,1.013,Good,9.6,36.4,98.3,0.781,Derived proxy,Derived proxy,Derived proxy,Derived proxy,,,6.04,0.04,Near expected,Average Balanced Power profile. 9.6% barrel rate; 85.2 mph average exit velocity; 30.1% air-ball rate; 36.4% pull-air rate; 12.3% HR-launch rate.,0.087,0.0521,4.09,5,2,10.3,0.48,48.4,Recently homered,663372.0,Ryan Feltner,R,RHB vs RHP,21,20,101.2,5.84,1.55,19,1.68,6.73,3.98,583.0,6.9,24.7,16.5,50.9,27.4,82.8,95.0,111.1,0.592,19.0,75.1,92.6,0.797,12.2,4-Seam Fastball,R,RHB vs RHP,48.6,33,0.133,0.182,0.3,0.482,1,2,12,0.0303,5.9,0.682,213,0.0469,6.3,0.593,0,0,0,0/0,,,,,0,0,0,58.2,Slight Hitter Advantage,Above average,50.0,5,Pitch-level Statcast · last 5 MLB games,441,4-Seam Fastball,30.158730158730158,133.0,Changeup,23.356009070294785,103.0,Slider,17.687074829931973,78.0,Sinker,15.873015873015873,70.0,Curveball,7.936507936507937,35.0,Unknown,,Unknown,,No,118.0,1.18,1.0,82.4,1.05,0.994,54.0,Current-Season Handedness Matchup,Pull Air %,Barrel %,Max Exit Velocity,48.6,48.9,75.1,52.8,82.4,45.0,58.2,7.98,1.135,1.093,0.985,1.03,1.013,1.043,1.0,19.64,17.64,62.4,39.8,D+,Small season sample; Lineup unconfirmed,Sweeper,4.988662131519274,22.0,,,
5,2026-09-04,823338,2026-09-04T22:45:00Z,Scheduled,PNC Park,Los Angeles Angels @ Pittsburgh Pirates,Home,665833,Oneil Cruz,Pittsburgh Pirates,Los Angeles Angels,CF,L,No,,78,343,300,81,11,1,17,54,58,40,3,118,0.27,0.362,0.483,0.845,11,48,41,12,1,0.293,0.0208,14,60,50,15,3,0.3,0.05,347,61,9.8,29.4,51.7,24.7,22.9,12.3,23.9,50.6,27.7,7.2,4.1,7.2,50.0,84.2,12.8,0.786,76.0,98.0,117.2,67.1,12.2,12.2,37.1,50.2,Average,3.0,Pull Power,A,Excellent HR swing plane,50.2,Average,1.001,Good,9.8,53.8,94.1,0.757,Derived proxy,Derived proxy,Derived proxy,Derived proxy,,,27.82,10.82,Strong positive regression,Average Pull Power profile. 9.8% barrel rate; 84.2 mph average exit velocity; 23.9% air-ball rate; 50.6% pull-air rate; 7.2% HR-launch rate.,0.0496,0.045,4.09,27,7,17.6,1.53,153.0,Above normal drought,696270.0,Ryan Johnson,R,LHB vs RHP,17,14,72.1,5.47,1.42,16,1.99,6.47,4.48,421.0,6.2,24.2,19.0,39.8,29.9,82.4,94.8,113.6,0.572,16.0,67.5,100.0,0.787,8.9,Cutter,L,LHB vs RHP,58.5,234,0.254,0.359,0.483,0.842,13,31,74,0.0556,9.6,0.802,185,0.0486,6.2,0.54,1,1,1,1/1,1.0,1.0,1.0,2.0,0,0,0,60.2,Slight Hitter Advantage,Above average,51.2,5,Pitch-level Statcast · last 5 MLB games,423,Cutter,48.463356973995275,205.0,Sweeper,25.53191489361702,108.0,Split-Finger,15.130023640661939,64.0,Sinker,10.874704491725769,46.0,,,,Unknown,,Unknown,,No,100.0,1.0,1.0,50.0,1.035,0.987,67.5,Current-Season Handedness Matchup,Pull Air %,Barrel %,Max Exit Velocity,58.5,38.6,67.5,59.6,50.0,45.0,57.2,7.59,0.902,1.142,1.025,1.0,1.001,1.001,1.035,17.17,12.73,81.3,38.2,D+,Lineup unconfirmed,,,,,,
6,2026-09-04,823093,2026-09-05T02:10:00Z,Scheduled,T-Mobile Park,Athletics @ Seattle Mariners,Home,663728,Cal Raleigh,Seattle Mariners,Athletics,C,S,No,,106,442,377,65,10,0,20,36,56,59,3,139,0.172,0.287,0.358,0.645,11,46,39,12,6,0.308,0.1304,24,93,75,16,8,0.213,0.086,596,103,10.3,28.0,59.5,20.3,20.2,19.0,25.5,59.7,28.7,7.3,4.1,7.3,46.1,86.0,26.7,0.643,72.7,97.5,119.7,45.8,11.6,12.2,43.5,49.2,Average,3.0,Pull Power,A-,Elevated power plane,49.2,Average,0.998,Good,11.7,65.5,99.0,0.687,Derived proxy,Derived proxy,Derived proxy,Derived proxy,,,52.6,32.6,Strong positive regression,Average Pull Power profile. 10.3% barrel rate; 86.0 mph average exit velocity; 25.5% air-ball rate; 59.7% pull-air rate; 7.3% HR-launch rate.,0.0452,0.0424,3.81,9,2,18.8,0.48,47.7,Recently homered,,TBD,,Unknown,0,0,0.0,0.0,0.0,0,0.0,0.0,0.0,,,,,,,,,,,,50.0,0.0,,,Unknown,S,Unknown,50.0,0,,,,,0,0,0,,,,0,,,,0,0,0,0/0,,,,,0,0,0,50.0,Neutral Matchup,Average,50.0,0,,0,,,,,,,,,,,,,,,,Unknown,,Unknown,,No,92.0,0.92,1.0,35.6,1.0,1.0,66.5,Current-Season Handedness Matchup,Pull Air %,Barrel %,Max Exit Velocity,50.0,50.0,50.0,73.4,35.6,45.0,56.9,7.46,1.35,1.0,1.0,0.975,0.998,0.973,1.0,15.22,12.27,74.4,30.1,D,Probable SP unavailable; Lineup unconfirmed,,,,,,
7,2026-09-04,824146,2026-09-05T00:10:00Z,Scheduled,Daikin Park,Arizona Diamondbacks @ Houston Astros,Home,676369,Nelson Velázquez,Houston Astros,Arizona Diamondbacks,LF,R,No,,44,102,91,18,4,0,5,11,17,8,1,33,0.198,0.265,0.407,0.672,7,14,13,2,1,0.154,0.0714,10,19,17,2,1,0.118,0.0526,111,16,8.3,36.3,51.3,27.3,21.3,22.1,39.5,54.9,30.0,9.0,8.3,9.0,60.0,86.5,23.1,0.764,72.9,98.6,110.1,45.6,19.6,11.9,56.3,55.2,Average,3.0,Pull Power,A-,Elevated power plane,55.2,Average,1.015,Good,12.5,50.0,100.2,0.736,Derived proxy,Derived proxy,Derived proxy,Derived proxy,,,8.54,3.54,Positive regression,Average Pull Power profile. 8.3% barrel rate; 86.5 mph average exit velocity; 39.5% air-ball rate; 54.9% pull-air rate; 9.0% HR-launch rate.,0.049,0.0398,3.93,3,2,18.2,0.16,16.5,Very recent HR,518876.0,Merrill Kelly,R,RHB vs RHP,25,25,141.2,5.08,1.48,26,1.65,6.04,4.07,814.0,7.9,28.7,15.0,47.5,31.2,83.8,96.8,114.6,0.65,26.0,49.7,99.6,0.679,5.4,Changeup,R,RHB vs RHP,45.0,28,0.2,0.25,0.24,0.49,0,2,11,0.0,6.9,0.655,241,0.0332,6.9,0.602,0,0,0,0/0,,,,,0,0,0,47.6,Neutral Matchup,Average,50.0,5,Pitch-level Statcast · last 5 MLB games,436,4-Seam Fastball,31.422018348623855,137.0,Changeup,30.504587155963304,133.0,Curveball,11.238532110091743,49.0,Cutter,8.944954128440367,39.0,Slider,8.944954128440367,39.0,Unknown,,Unknown,,No,100.0,1.0,1.0,50.0,0.999,1.004,59.0,Current-Season Handedness Matchup,Pull Air %,Barrel %,Max Exit Velocity,45.0,55.2,49.7,75.8,50.0,45.0,56.7,7.4,1.159,1.088,0.985,1.0,1.015,1.015,0.98,14.76,12.18,60.8,28.3,F,Lineup unconfirmed,Sinker,8.486238532110091,37.0,Pitch Out,0.45871559633027525,2.0
8,2026-09-04,824554,2026-09-04T23:40:00Z,Scheduled,Rate Field,Minnesota Twins @ Chicago White Sox,Home,695657,Colson Montgomery,Chicago White Sox,Minnesota Twins,SS,L,No,,132,558,498,106,22,0,29,64,79,47,11,189,0.213,0.294,0.432,0.726,11,48,42,7,2,0.167,0.0417,25,108,96,20,4,0.208,0.037,622,126,8.5,28.9,55.2,26.2,18.2,14.5,25.3,57.2,32.7,7.8,4.9,7.8,49.0,83.9,23.6,0.67,74.4,97.0,115.7,64.2,14.9,13.6,50.3,49.7,Average,3.0,Pull Power,A-,Elevated power plane,49.7,Average,0.999,Good,8.7,60.7,97.2,0.682,Derived proxy,Derived proxy,Derived proxy,Derived proxy,,,45.94,16.94,Strong positive regression,Average Pull Power profile. 8.5% barrel rate; 83.9 mph average exit velocity; 25.3% air-ball rate; 57.2% pull-air rate; 7.8% HR-launch rate.,0.052,0.0484,3.99,11,3,17.2,0.64,64.1,Recently homered,805673.0,Zebby Matthews,R,LHB vs RHP,19,19,112.0,4.58,1.26,19,1.53,7.47,2.57,620.0,6.5,27.1,13.7,47.9,31.0,85.0,96.4,112.8,0.55,19.0,56.8,100.0,0.676,9.1,4-Seam Fastball,L,LHB vs RHP,51.5,386,0.192,0.277,0.397,0.674,19,35,141,0.0492,8.9,0.665,265,0.0377,7.2,0.578,6,6,2,2/6,0.333,0.333,1.0,1.333,1,0,2,56.0,Neutral Matchup,Average,65.0,5,Pitch-level Statcast · last 5 MLB games,475,4-Seam Fastball,34.526315789473685,164.0,Slider,22.526315789473685,107.0,Changeup,13.894736842105264,66.0,Cutter,13.263157894736842,63.0,Curveball,10.105263157894736,48.0,Unknown,,Unknown,,No,100.0,1.0,1.0,50.0,1.014,0.99,63.7,Current-Season Handedness Matchup,Pull Air %,Barrel %,Max Exit Velocity,51.5,46.2,56.8,63.3,50.0,45.0,56.3,7.24,0.927,1.069,1.025,1.0,0.999,0.999,1.0,17.97,12.2,85.0,32.6,D,Lineup unconfirmed,Sinker,5.684210526315789,27.0,,,
9,2026-09-04,823579,2026-09-04T23:10:00Z,Scheduled,Citi Field,San Francisco Giants @ New York Mets,Home,665742,Juan Soto,New York Mets,San Francisco Giants,LF,L,No,,89,377,310,87,8,2,23,49,55,64,0,51,0.281,0.402,0.542,0.944,5,18,17,4,2,0.235,0.1111,5,18,17,4,2,0.235,0.1111,437,16,10.9,36.5,52.3,22.2,24.9,24.3,38.9,50.6,31.6,12.9,7.3,12.9,60.5,86.9,19.6,0.731,70.6,99.4,113.7,29.8,20.8,9.9,62.0,58.0,Average,3.5,Pull Power,A,Excellent HR swing plane,58.0,Average,1.022,Good,18.8,50.0,101.8,0.812,Derived proxy,Derived proxy,Derived proxy,Derived proxy,,,42.83,19.83,Strong positive regression,Average Pull Power profile. 10.9% barrel rate; 86.9 mph average exit velocity; 38.9% air-ball rate; 50.6% pull-air rate; 12.9% HR-launch rate.,0.061,0.054,4.25,0,0,13.5,0.0,0.0,Very recent HR,683363.0,Matt Wilkinson,L,LHB vs LHP,3,3,11.2,4.63,1.11,1,0.77,4.63,1.54,69.0,2.9,30.4,17.4,45.5,27.5,84.2,95.7,108.2,0.491,1.0,67.3,100.0,0.769,9.7,4-Seam Fastball,L,LHB vs LHP,39.4,124,0.266,0.35,0.431,0.781,4,14,18,0.0323,6.2,0.541,9,0.0,0.0,0.251,0,0,0,0/0,,,,,0,0,0,51.3,Neutral Matchup,Average,50.0,3,Pitch-level Statcast · last 5 MLB games,181,4-Seam Fastball,54.69613259668508,99.0,Changeup,24.30939226519337,44.0,Slider,15.469613259668508,28.0,Cutter,5.524861878453039,10.0,,,,Unknown,,Unknown,,No,100.0,1.0,1.0,50.0,1.035,0.954,62.1,Current-Season Handedness Matchup,Pull Air %,Barrel %,Max Exit Velocity,39.4,32.2,67.3,92.8,50.0,45.0,56.0,7.15,1.233,0.992,0.985,1.03,1.022,1.053,0.98,21.02,15.3,78.4,39.9,D+,Lineup unconfirmed,,,,,,
10,2026-09-04,823824,2026-09-04T23:10:00Z,Scheduled,loanDepot park,Chicago Cubs @ Miami Marlins,Home,665052,Griffin Conine,Miami Marlins,Chicago Cubs,RF,L,No,,73,242,209,52,6,0,14,32,32,29,4,76,0.249,0.351,0.478,0.829,11,40,33,5,0,0.152,0.0,25,91,76,18,4,0.237,0.044,249,79,8.1,28.6,54.7,25.6,19.7,13.2,28.6,55.5,33.0,8.8,5.2,8.8,66.7,84.8,20.3,0.747,72.2,97.7,115.0,39.6,12.1,9.2,50.4,49.3,Average,3.0,Pull Power,A-,Elevated power plane,49.3,Average,0.998,Good,7.6,56.0,97.6,0.723,Derived proxy,Derived proxy,Derived proxy,Derived proxy,,,18.37,4.37,Strong positive regression,Average Pull Power profile. 8.1% barrel rate; 84.8 mph average exit velocity; 28.6% air-ball rate; 55.5% pull-air rate; 8.8% HR-launch rate.,0.0579,0.0493,4.09,40,13,14.9,2.68,267.9,Very long drought,684007.0,Shota Imanaga,L,LHB vs LHP,27,27,150.1,4.01,1.14,33,1.98,8.86,2.1,818.0,6.0,22.1,17.5,45.9,27.6,81.8,94.3,114.7,0.549,33.0,73.1,100.0,0.843,8.9,4-Seam Fastball,L,LHB vs LHP,43.8,48,0.178,0.229,0.178,0.407,0,2,15,0.0,1.8,0.478,172,0.064,7.9,0.607,0,0,0,0/0,,,,,0,0,0,55.3,Neutral Matchup,Average,50.0,5,Pitch-level Statcast · last 5 MLB games,428,4-Seam Fastball,42.05607476635514,180.0,Split-Finger,31.77570093457944,136.0,Sweeper,17.757009345794394,76.0,Sinker,3.97196261682243,17.0,Slider,3.2710280373831777,14.0,Unknown,,Unknown,,No,94.0,0.94,1.0,39.2,1.046,0.985,61.7,Current-Season Handedness Matchup,Pull Air %,Barrel %,Max Exit Velocity,43.8,40.6,73.1,61.6,39.2,45.0,55.8,7.07,0.838,1.141,0.985,1.0,0.998,0.998,1.06,18.67,12.01,76.6,40.6,D+,Lineup unconfirmed,Curveball,1.1682242990654206,5.0,,,
11,2026-09-04,824311,2026-09-05T00:40:00Z,Scheduled,Coors Field,St. Louis Cardinals @ Colorado Rockies,Away,669357,Nolan Gorman,St. Louis Cardinals,Colorado Rockies,3B,L,No,,70,253,224,41,5,0,8,21,27,26,0,84,0.183,0.265,0.313,0.578,8,24,23,2,1,0.087,0.0417,8,24,23,2,1,0.087,0.0417,294,25,9.4,27.5,66.6,9.2,24.2,23.1,31.8,66.8,32.4,9.2,2.9,9.2,36.8,85.2,24.3,0.589,72.2,96.2,111.3,32.6,15.1,8.5,41.8,43.7,Below Average,2.5,Pull Power,A-,Elevated power plane,43.7,Below Average,0.982,Good,16.0,88.9,97.7,0.646,Derived proxy,Derived proxy,Derived proxy,Derived proxy,,,25.13,17.13,Strong positive regression,Below Average Pull Power profile. 9.4% barrel rate; 85.2 mph average exit velocity; 31.8% air-ball rate; 66.8% pull-air rate; 9.2% HR-launch rate.,0.0316,0.0317,3.87,16,6,28.0,0.57,57.1,Recently homered,663372.0,Ryan Feltner,R,LHB vs RHP,21,20,101.2,5.84,1.55,19,1.68,6.73,3.98,583.0,6.9,24.7,16.5,50.9,27.4,82.8,95.0,111.1,0.592,19.0,36.8,99.9,0.524,6.7,4-Seam Fastball,L,LHB vs RHP,42.1,213,0.186,0.272,0.319,0.591,7,23,73,0.0329,6.7,0.568,243,0.037,7.4,0.591,3,3,1,1/3,0.333,0.333,0.667,1.0,0,0,0,42.1,Slight Pitcher Advantage,Below average,51.3,5,Pitch-level Statcast · last 5 MLB games,441,4-Seam Fastball,30.158730158730158,133.0,Changeup,23.356009070294785,103.0,Slider,17.687074829931973,78.0,Sinker,15.873015873015873,70.0,Curveball,7.936507936507937,35.0,Unknown,,Unknown,,No,118.0,1.18,1.0,82.4,0.974,0.994,57.6,Current-Season Handedness Matchup,Pull Air %,Barrel %,Max Exit Velocity,42.1,48.9,36.8,80.5,82.4,45.0,55.3,6.89,1.069,1.093,1.025,0.94,0.982,0.923,1.0,11.74,10.37,72.0,26.7,F,Lineup unconfirmed,Sweeper,4.988662131519274,22.0,,,
12,2026-09-04,824146,2026-09-05T00:10:00Z,Scheduled,Daikin Park,Arizona Diamondbacks @ Houston Astros,Home,701358,Cam Smith,Houston Astros,Arizona Diamondbacks,RF,R,No,,137,493,443,94,16,5,17,57,50,37,6,122,0.212,0.278,0.386,0.664,11,33,31,4,0,0.129,0.0,23,74,69,13,4,0.188,0.0541,652,109,7.7,28.2,39.0,33.9,26.5,12.5,23.1,48.9,28.8,7.3,3.7,7.3,38.6,82.9,18.2,0.578,75.9,96.5,116.1,70.3,12.5,17.0,44.7,45.3,Below Average,3.0,Pull Power,A,Excellent HR swing plane,45.3,Below Average,0.987,Good,9.2,62.5,95.9,0.561,Derived proxy,Derived proxy,Derived proxy,Derived proxy,,,42.49,25.49,Strong positive regression,Below Average Pull Power profile. 7.7% barrel rate; 82.9 mph average exit velocity; 23.1% air-ball rate; 48.9% pull-air rate; 7.3% HR-launch rate.,0.0345,0.034,3.93,40,14,26.1,1.53,153.5,Above normal drought,518876.0,Merrill Kelly,R,RHB vs RHP,25,25,141.2,5.08,1.48,26,1.65,6.04,4.07,814.0,7.9,28.7,15.0,47.5,31.2,83.8,96.8,114.6,0.65,26.0,51.1,99.6,0.641,8.0,Changeup,R,RHB vs RHP,41.5,364,0.216,0.278,0.374,0.652,11,26,92,0.0302,6.5,0.604,241,0.0332,6.9,0.602,3,3,0,0/3,0.0,0.0,0.0,0.0,0,0,2,45.1,Neutral Matchup,Average,42.5,5,Pitch-level Statcast · last 5 MLB games,436,4-Seam Fastball,31.422018348623855,137.0,Changeup,30.504587155963304,133.0,Curveball,11.238532110091743,49.0,Cutter,8.944954128440367,39.0,Slider,8.944954128440367,39.0,Unknown,,Unknown,,No,100.0,1.0,1.0,50.0,1.002,1.004,57.0,Current-Season Handedness Matchup,Pull Air %,Barrel %,Max Exit Velocity,41.5,55.2,51.1,61.7,50.0,45.0,55.1,6.83,0.963,1.088,0.985,1.0,0.987,0.987,1.035,12.71,9.8,82.9,31.1,D,Lineup unconfirmed,Sinker,8.486238532110091,37.0,Pitch Out,0.45871559633027525,2.0
13,2026-09-04,823418,2026-09-04T22:40:00Z,Scheduled,Citizens Bank Park,Atlanta Braves @ Philadelphia Phillies,Home,656941,Kyle Schwarber,Philadelphia Phillies,Atlanta Braves,DH,L,No,,134,601,501,120,17,1,40,81,83,87,6,198,0.24,0.355,0.517,0.872,11,51,43,9,3,0.209,0.0588,25,118,99,23,7,0.232,0.0593,672,131,10.4,30.9,63.9,19.5,16.5,15.2,27.4,60.5,30.2,9.9,6.8,9.9,55.2,86.0,19.4,0.775,74.4,98.0,113.4,67.8,15.4,16.2,64.2,56.8,Average,3.5,Pull Power,A,Excellent HR swing plane,56.8,Average,1.019,Good,10.7,63.9,97.0,0.711,Derived proxy,Derived proxy,Derived proxy,Derived proxy,,,62.02,22.02,Strong positive regression,Average Pull Power profile. 10.4% barrel rate; 86.0 mph average exit velocity; 27.4% air-ball rate; 60.5% pull-air rate; 9.9% HR-launch rate.,0.0666,0.0608,4.09,23,6,12.5,1.84,183.6,Above normal drought,519242.0,Chris Sale,L,LHB vs LHP,24,24,144.0,2.06,1.0,8,0.5,11.06,1.75,744.0,3.1,19.5,11.6,36.0,32.3,81.8,93.2,113.2,0.487,8.0,76.6,100.0,0.85,10.3,4-Seam Fastball,L,LHB vs LHP,42.6,217,0.269,0.382,0.516,0.899,12,30,62,0.0553,7.7,0.77,144,0.0069,3.6,0.467,3,3,0,0/3,0.0,0.0,0.0,0.0,0,0,2,54.5,Neutral Matchup,Average,42.5,5,Pitch-level Statcast · last 5 MLB games,508,4-Seam Fastball,42.51968503937008,216.0,Slider,39.960629921259844,203.0,Sinker,9.05511811023622,46.0,Changeup,8.464566929133857,43.0,,,,Unknown,,Unknown,,No,108.0,1.08,1.0,64.4,1.053,0.956,62.2,Current-Season Handedness Matchup,Pull Air %,Barrel %,Max Exit Velocity,42.6,22.9,76.6,67.3,64.4,45.0,54.3,6.57,0.988,0.904,0.985,1.0,1.019,1.019,1.035,22.63,13.89,85.0,42.4,C-,Lineup unconfirmed,,,,,,
14,2026-09-04,824311,2026-09-05T00:40:00Z,Scheduled,Coors Field,St. Louis Cardinals @ Colorado Rockies,Away,676475,Alec Burleson,St. Louis Cardinals,Colorado Rockies,1B,L,No,,140,590,532,150,33,1,21,78,101,48,6,100,0.282,0.346,0.466,0.812,11,44,41,8,0,0.195,0.0,26,108,97,25,3,0.258,0.0278,829,166,5.7,30.4,55.1,19.8,24.9,13.0,23.4,46.6,30.0,6.9,3.6,6.9,41.4,86.2,17.6,0.615,71.9,97.6,113.4,37.5,12.5,12.2,48.9,41.9,Below Average,2.5,Pull Power,A,Excellent HR swing plane,41.9,Below Average,0.977,Good,3.6,46.9,97.0,0.568,Derived proxy,Derived proxy,Derived proxy,Derived proxy,,,46.37,25.37,Strong positive regression,Below Average Pull Power profile. 5.7% barrel rate; 86.2 mph average exit velocity; 23.4% air-ball rate; 46.6% pull-air rate; 6.9% HR-launch rate.,0.0356,0.035,4.15,64,17,25.3,2.53,252.6,Very long drought,663372.0,Ryan Feltner,R,LHB vs RHP,21,20,101.2,5.84,1.55,19,1.68,6.73,3.98,583.0,6.9,24.7,16.5,50.9,27.4,82.8,95.0,111.1,0.592,19.0,49.4,99.9,0.653,6.6,4-Seam Fastball,L,LHB vs RHP,50.1,404,0.316,0.391,0.547,0.939,18,39,67,0.0446,7.6,0.688,243,0.037,7.4,0.591,6,6,1,1/6,0.167,0.167,0.167,0.334,0,0,1,46.8,Neutral Matchup,Average,35.0,5,Pitch-level Statcast · last 5 MLB games,441,4-Seam Fastball,30.158730158730158,133.0,Changeup,23.356009070294785,103.0,Slider,17.687074829931973,78.0,Sinker,15.873015873015873,70.0,Curveball,7.936507936507937,35.0,Unknown,,Unknown,,No,118.0,1.18,1.0,82.4,0.999,0.994,55.8,Current-Season Handedness Matchup,Pull Air %,Barrel %,Max Exit Velocity,50.1,48.9,49.4,46.8,82.4,45.0,54.0,6.51,0.82,1.093,1.025,1.0,0.977,0.977,1.06,13.74,10.43,85.0,39.0,D+,Lineup unconfirmed,Sweeper,4.988662131519274,22.0,,,
15,2026-09-04,824311,2026-09-05T00:40:00Z,Scheduled,Coors Field,St. Louis Cardinals @ Colorado Rockies,Away,691023,Jordan Walker,St. Louis Cardinals,Colorado Rockies,RF,R,No,,137,586,536,155,32,0,28,89,99,43,4,146,0.289,0.345,0.506,0.851,11,46,45,13,1,0.289,0.0217,26,111,104,32,6,0.308,0.0541,688,134,8.3,31.1,39.2,30.4,30.5,15.0,28.1,36.9,28.7,7.9,4.4,7.9,50.6,85.2,13.9,0.661,77.4,98.2,115.9,77.4,13.5,17.5,43.9,46.0,Below Average,3.0,Contact-First Profile,A,Excellent HR swing plane,46.0,Below Average,0.989,Good,9.0,33.3,97.5,0.655,Derived proxy,Derived proxy,Derived proxy,Derived proxy,,,48.08,20.08,Strong positive regression,Below Average Contact-First Profile profile. 8.3% barrel rate; 85.2 mph average exit velocity; 28.1% air-ball rate; 36.9% pull-air rate; 7.9% HR-launch rate.,0.0478,0.0451,4.15,9,2,19.1,0.47,47.0,Recently homered,663372.0,Ryan Feltner,R,RHB vs RHP,21,20,101.2,5.84,1.55,19,1.68,6.73,3.98,583.0,6.9,24.7,16.5,50.9,27.4,82.8,95.0,111.1,0.592,19.0,50.3,99.9,0.651,7.1,4-Seam Fastball,R,RHB vs RHP,49.1,423,0.286,0.331,0.49,0.821,19,24,112,0.0449,7.6,0.625,213,0.0469,6.3,0.593,2,2,0,0/2,0.0,0.0,0.0,0.0,0,0,0,48.7,Neutral Matchup,Average,45.0,5,Pitch-level Statcast · last 5 MLB games,441,4-Seam Fastball,30.158730158730158,133.0,Changeup,23.356009070294785,103.0,Slider,17.687074829931973,78.0,Sinker,15.873015873015873,70.0,Curveball,7.936507936507937,35.0,Unknown,,Unknown,,No,118.0,1.18,1.0,82.4,1.001,0.994,55.0,Current-Season Handedness Matchup,Pull Air %,Barrel %,Max Exit Velocity,49.1,48.9,50.3,47.0,82.4,45.0,53.9,6.47,0.922,1.093,0.985,1.0,0.989,0.989,1.0,17.43,12.49,85.0,34.9,D,Lineup unconfirmed,Sweeper,4.988662131519274,22.0,,,
16,2026-09-04,824067,2026-09-05T00:10:00Z,Scheduled,Kauffman Stadium,Toronto Blue Jays @ Kansas City Royals,Home,695600,Carter Jensen,Kansas City Royals,Toronto Blue Jays,C,L,No,,131,525,459,106,27,2,22,66,67,58,2,148,0.231,0.316,0.442,0.758,11,48,39,13,5,0.333,0.1042,24,101,82,20,7,0.244,0.0693,626,108,7.1,26.5,51.0,19.4,29.3,21.2,31.0,42.0,29.5,8.0,5.6,8.0,57.9,84.6,22.2,0.618,71.8,96.4,112.5,33.1,12.8,8.1,46.5,39.3,Below Average,2.5,Pull Power,A-,Elevated power plane,39.3,Below Average,0.97,Good,9.3,44.7,97.7,0.711,Derived proxy,Derived proxy,Derived proxy,Derived proxy,,,39.26,17.26,Strong positive regression,Below Average Pull Power profile. 7.1% barrel rate; 84.6 mph average exit velocity; 31.0% air-ball rate; 42.0% pull-air rate; 8.0% HR-launch rate.,0.0419,0.0401,3.99,0,0,20.9,0.0,0.0,Very recent HR,592791.0,Jameson Taillon,R,LHB vs RHP,17,17,84.0,5.68,1.37,26,2.79,8.04,3.43,449.0,8.5,24.3,21.6,48.0,33.6,82.8,95.4,112.4,0.681,26.0,42.3,99.7,0.592,6.0,4-Seam Fastball,L,LHB vs RHP,58.0,373,0.223,0.314,0.455,0.769,18,44,104,0.0483,5.9,0.585,189,0.0741,9.2,0.717,0,0,0,0/0,,,,,0,0,0,50.9,Neutral Matchup,Average,50.0,5,Pitch-level Statcast · last 5 MLB games,320,4-Seam Fastball,23.4375,75.0,Changeup,18.75,60.0,Cutter,17.1875,55.0,Curveball,16.25,52.0,Sweeper,14.6875,47.0,Unknown,,Unknown,,No,100.0,1.0,1.0,50.0,0.985,1.01,55.5,Current-Season Handedness Matchup,Pull Air %,Barrel %,Max Exit Velocity,58.0,58.2,42.3,58.8,50.0,45.0,53.6,6.38,1.35,1.2,1.025,1.0,0.97,0.97,0.98,15.05,13.78,85.0,35.6,D,Lineup unconfirmed,Sinker,9.6875,31.0,,,
17,2026-09-04,823824,2026-09-04T23:10:00Z,Scheduled,loanDepot park,Chicago Cubs @ Miami Marlins,Home,681715,Heriberto Hernández,Miami Marlins,Chicago Cubs,LF,R,No,,109,408,362,84,16,1,23,43,61,42,3,110,0.232,0.316,0.472,0.788,12,53,44,12,5,0.273,0.0943,25,108,92,21,7,0.228,0.0648,441,118,10.5,28.1,55.3,27.8,16.9,15.7,26.9,60.5,31.0,10.6,6.4,10.6,48.9,85.0,15.5,0.716,72.0,97.1,113.3,41.2,15.1,10.0,60.4,51.7,Average,3.0,Pull Power,A,Excellent HR swing plane,51.7,Average,1.005,Good,12.7,74.1,96.3,0.746,Derived proxy,Derived proxy,Derived proxy,Derived proxy,,,40.48,17.48,Strong positive regression,Average Pull Power profile. 10.5% barrel rate; 85.0 mph average exit velocity; 26.9% air-ball rate; 60.5% pull-air rate; 10.6% HR-launch rate.,0.0564,0.0508,3.99,0,0,15.7,0.0,0.0,Very recent HR,684007.0,Shota Imanaga,L,RHB vs LHP,27,27,150.1,4.01,1.14,33,1.98,8.86,2.1,818.0,6.0,22.1,17.5,45.9,27.6,81.8,94.3,114.7,0.549,33.0,44.1,100.0,0.596,6.7,4-Seam Fastball,R,RHB vs LHP,60.9,143,0.25,0.343,0.556,0.899,10,16,31,0.0699,10.2,0.766,444,0.0495,5.4,0.529,0,0,0,0/0,,,,,0,0,0,52.8,Neutral Matchup,Average,50.0,5,Pitch-level Statcast · last 5 MLB games,428,4-Seam Fastball,42.05607476635514,180.0,Split-Finger,31.77570093457944,136.0,Sweeper,17.757009345794394,76.0,Sinker,3.97196261682243,17.0,Slider,3.2710280373831777,14.0,Unknown,,Unknown,,No,94.0,0.94,1.0,39.2,0.988,0.985,66.8,Current-Season Handedness Matchup,Pull Air %,Barrel %,Max Exit Velocity,60.9,40.6,44.1,70.4,39.2,45.0,53.5,6.36,1.238,1.141,1.025,1.0,1.005,1.005,0.98,18.79,14.27,85.0,36.8,D+,Lineup unconfirmed,Curveball,1.1682242990654206,5.0,,,
18,2026-09-04,824146,2026-09-05T00:10:00Z,Scheduled,Daikin Park,Arizona Diamondbacks @ Houston Astros,Home,666211,Taylor Trammell,Houston Astros,Arizona Diamondbacks,CF,L,No,,83,238,211,44,8,2,7,26,20,22,4,72,0.209,0.295,0.365,0.66,12,29,26,5,0,0.192,0.0,23,62,56,8,1,0.143,0.0161,254,70,7.9,24.9,51.9,22.3,25.8,16.0,25.1,43.2,26.7,6.9,4.1,6.9,28.7,82.0,20.3,0.548,73.5,94.6,112.4,64.9,8.9,13.4,44.9,39.0,Below Average,2.5,Pull Power,A-,Elevated power plane,39.0,Below Average,0.969,Good,7.1,37.5,93.7,0.485,Derived proxy,Derived proxy,Derived proxy,Derived proxy,,,16.1,9.1,Strong positive regression,Below Average Pull Power profile. 7.9% barrel rate; 82.0 mph average exit velocity; 25.1% air-ball rate; 43.2% pull-air rate; 6.9% HR-launch rate.,0.0294,0.0303,3.99,54,22,30.1,1.79,179.1,Above normal drought,518876.0,Merrill Kelly,R,LHB vs RHP,25,25,141.2,5.08,1.48,26,1.65,6.04,4.07,814.0,7.9,28.7,15.0,47.5,31.2,83.8,96.8,114.6,0.65,26.0,58.3,99.6,0.684,9.4,Changeup,L,LHB vs RHP,54.0,200,0.219,0.305,0.388,0.693,7,20,64,0.035,9.3,0.66,378,0.0476,8.4,0.679,3,3,0,0/3,0.0,0.0,0.0,0.0,0,0,1,53.2,Neutral Matchup,Average,42.5,5,Pitch-level Statcast · last 5 MLB games,436,4-Seam Fastball,31.422018348623855,137.0,Changeup,30.504587155963304,133.0,Curveball,11.238532110091743,49.0,Cutter,8.944954128440367,39.0,Slider,8.944954128440367,39.0,Unknown,,Unknown,,No,100.0,1.0,1.0,50.0,1.017,1.004,53.5,Current-Season Handedness Matchup,Pull Air %,Barrel %,Max Exit Velocity,54.0,55.2,58.3,39.2,50.0,45.0,53.2,6.26,0.773,1.088,1.025,1.0,0.969,0.969,1.035,11.55,8.05,74.0,28.2,F,Lineup unconfirmed,Sinker,8.486238532110091,37.0,Pitch Out,0.45871559633027525,2.0
19,2026-09-04,823338,2026-09-04T22:45:00Z,Scheduled,PNC Park,Los Angeles Angels @ Pittsburgh Pirates,Home,804668,Rafael Flores Jr.,Pittsburgh Pirates,Los Angeles Angels,C,R,No,,31,101,90,19,3,0,7,12,17,11,0,31,0.211,0.297,0.478,0.775,11,41,38,4,1,0.105,0.0244,21,76,70,15,6,0.214,0.0789,104,78,8.8,25.7,52.0,30.2,17.7,19.6,25.1,53.4,28.0,9.4,7.2,9.4,80.6,83.4,19.2,0.752,71.8,94.8,110.0,35.3,12.6,9.0,58.4,46.8,Below Average,3.0,Pull Power,A,Excellent HR swing plane,46.8,Below Average,0.991,Good,9.0,52.9,94.9,0.773,Derived proxy,Derived proxy,Derived proxy,Derived proxy,,,7.86,0.86,Near expected,Below Average Pull Power profile. 8.8% barrel rate; 83.4 mph average exit velocity; 25.1% air-ball rate; 53.4% pull-air rate; 9.4% HR-launch rate.,0.0693,0.049,3.99,13,4,12.9,1.01,101.1,Near normal interval,696270.0,Ryan Johnson,R,RHB vs RHP,17,14,72.1,5.47,1.42,16,1.99,6.47,4.48,421.0,6.2,24.2,19.0,39.8,29.9,82.4,94.8,113.6,0.572,16.0,60.2,77.3,0.703,9.4,Cutter,R,RHB vs RHP,55.7,46,0.19,0.261,0.476,0.737,3,4,14,0.0652,7.1,0.731,132,0.053,6.1,0.617,0,0,0,0/0,,,,,0,0,0,56.1,Neutral Matchup,Average,50.0,5,Pitch-level Statcast · last 5 MLB games,423,Cutter,48.463356973995275,205.0,Sweeper,25.53191489361702,108.0,Split-Finger,15.130023640661939,64.0,Sinker,10.874704491725769,46.0,,,,Unknown,,Unknown,,No,100.0,1.0,1.0,50.0,1.02,0.987,60.1,Current-Season Handedness Matchup,Pull Air %,Barrel %,Max Exit Velocity,55.7,38.6,60.2,59.3,50.0,45.0,53.1,6.26,0.999,1.142,0.985,1.0,0.991,0.991,1.0,18.18,12.54,65.3,32.3,D,Lineup unconfirmed,,,,,,
20,2026-09-04,824311,2026-09-05T00:40:00Z,Scheduled,Coors Field,St. Louis Cardinals @ Colorado Rockies,Away,695336,Thomas Saggese,St. Louis Cardinals,Colorado Rockies,LF,R,No,,37,100,91,22,2,1,4,16,10,8,0,29,0.242,0.3,0.418,0.718,5,18,15,8,3,0.533,0.1667,5,18,15,8,3,0.533,0.1667,125,14,9.7,22.2,42.9,15.1,42.0,18.7,33.7,39.3,37.3,11.7,3.9,11.7,54.2,83.0,21.6,0.736,70.3,95.1,108.8,20.6,14.3,4.7,46.8,40.0,Below Average,2.5,Contact-First Profile,A-,Elevated power plane,40.0,Below Average,0.972,Good,21.4,44.4,99.2,1.134,Derived proxy,Derived proxy,Derived proxy,Derived proxy,,,9.99,5.99,Strong positive regression,Below Average Contact-First Profile profile. 9.7% barrel rate; 83.0 mph average exit velocity; 33.7% air-ball rate; 39.3% pull-air rate; 11.7% HR-launch rate.,0.04,0.0356,4.05,3,1,22.8,0.13,13.2,Very recent HR,663372.0,Ryan Feltner,R,RHB vs RHP,21,20,101.2,5.84,1.55,19,1.68,6.73,3.98,583.0,6.9,24.7,16.5,50.9,27.4,82.8,95.0,111.1,0.592,19.0,35.9,99.9,0.554,4.7,4-Seam Fastball,R,RHB vs RHP,41.8,63,0.23,0.254,0.311,0.565,1,2,18,0.0159,6.0,0.572,213,0.0469,6.3,0.593,0,0,0,0/0,,,,,0,0,0,41.4,Slight Pitcher Advantage,Below average,50.0,5,Pitch-level Statcast · last 5 MLB games,441,4-Seam Fastball,30.158730158730158,133.0,Changeup,23.356009070294785,103.0,Slider,17.687074829931973,78.0,Sinker,15.873015873015873,70.0,Curveball,7.936507936507937,35.0,Unknown,,Unknown,,No,118.0,1.18,1.0,82.4,0.972,0.994,50.9,Current-Season Handedness Matchup,Pull Air %,Barrel %,Max Exit Velocity,41.8,48.9,35.9,85.2,82.4,45.0,53.0,6.21,1.264,1.093,0.985,1.0,0.972,0.972,0.98,13.67,12.26,60.6,29.1,F,Lineup unconfirmed,Sweeper,4.988662131519274,22.0,,,
21,2026-09-04,823824,2026-09-04T23:10:00Z,Scheduled,loanDepot park,Chicago Cubs @ Miami Marlins,Home,669065,Kyle Stowers,Miami Marlins,Chicago Cubs,1B,L,No,,104,437,384,95,24,4,18,48,59,42,8,140,0.247,0.333,0.471,0.804,10,38,33,10,2,0.303,0.0526,14,55,48,17,2,0.354,0.0364,507,54,8.8,36.5,61.9,21.4,16.7,18.2,30.3,62.0,30.6,8.5,5.8,8.5,42.5,86.2,19.5,0.739,73.5,99.4,112.9,52.2,16.6,16.2,50.9,55.4,Average,3.0,Pull Power,A,Excellent HR swing plane,55.4,Average,1.015,Good,11.1,73.7,101.9,0.824,Derived proxy,Derived proxy,Derived proxy,Derived proxy,,,40.97,22.97,Strong positive regression,Average Pull Power profile. 8.8% barrel rate; 86.2 mph average exit velocity; 30.3% air-ball rate; 62.0% pull-air rate; 8.5% HR-launch rate.,0.0412,0.0392,4.09,3,1,21.3,0.14,14.1,Very recent HR,684007.0,Shota Imanaga,L,LHB vs LHP,27,27,150.1,4.01,1.14,33,1.98,8.86,2.1,818.0,6.0,22.1,17.5,45.9,27.6,81.8,94.3,114.7,0.549,33.0,49.9,100.0,0.688,5.0,4-Seam Fastball,L,LHB vs LHP,40.3,102,0.198,0.275,0.352,0.626,2,9,31,0.0196,4.0,0.513,172,0.064,7.9,0.607,0,0,0,0/0,,,,,0,0,0,45.6,Neutral Matchup,Average,50.0,5,Pitch-level Statcast · last 5 MLB games,428,4-Seam Fastball,42.05607476635514,180.0,Split-Finger,31.77570093457944,136.0,Sweeper,17.757009345794394,76.0,Sinker,3.97196261682243,17.0,Slider,3.2710280373831777,14.0,Unknown,,Unknown,,No,94.0,0.94,1.0,39.2,1.0,0.985,60.5,Current-Season Handedness Matchup,Pull Air %,Barrel %,Max Exit Velocity,40.3,40.6,49.9,78.0,39.2,45.0,52.7,6.14,1.062,1.141,0.985,1.0,1.015,1.015,0.98,15.09,10.79,81.4,31.0,D,Lineup unconfirmed,Curveball,1.1682242990654206,5.0,,,
22,2026-09-04,824067,2026-09-05T00:10:00Z,Scheduled,Kauffman Stadium,Toronto Blue Jays @ Kansas City Royals,Home,670231,John Rave,Kansas City Royals,Toronto Blue Jays,RF,L,No,,34,97,86,19,5,1,3,16,8,9,0,20,0.221,0.295,0.407,0.702,7,28,24,7,1,0.292,0.0357,19,56,50,9,1,0.18,0.0179,111,69,7.4,24.1,51.4,29.0,18.6,15.0,26.1,57.8,31.0,7.4,5.1,7.4,31.2,81.3,19.8,0.493,69.8,95.2,107.3,36.5,10.7,8.7,61.2,39.4,Below Average,2.5,Pull Power,A,Excellent HR swing plane,39.4,Below Average,0.97,Good,4.3,50.0,93.7,0.41,Derived proxy,Derived proxy,Derived proxy,Derived proxy,,,7.03,4.03,Strong positive regression,Below Average Pull Power profile. 7.4% barrel rate; 81.3 mph average exit velocity; 26.1% air-ball rate; 57.8% pull-air rate; 7.4% HR-launch rate.,0.0309,0.0315,3.99,21,6,28.7,0.73,73.3,Recently homered,592791.0,Jameson Taillon,R,LHB vs RHP,17,17,84.0,5.68,1.37,26,2.79,8.04,3.43,449.0,8.5,24.3,21.6,48.0,33.6,82.8,95.4,112.4,0.681,26.0,43.8,99.7,0.537,9.6,4-Seam Fastball,L,LHB vs RHP,56.6,73,0.2,0.288,0.354,0.642,2,8,16,0.0274,9.9,0.547,189,0.0741,9.2,0.717,0,0,0,0/0,,,,,0,0,0,50.8,Neutral Matchup,Average,50.0,5,Pitch-level Statcast · last 5 MLB games,320,4-Seam Fastball,23.4375,75.0,Changeup,18.75,60.0,Cutter,17.1875,55.0,Curveball,16.25,52.0,Sweeper,14.6875,47.0,Unknown,,Unknown,,No,100.0,1.0,1.0,50.0,0.988,1.01,55.3,Current-Season Handedness Matchup,Pull Air %,Barrel %,Max Exit Velocity,56.6,58.2,43.8,44.6,50.0,45.0,52.6,6.12,0.951,1.2,1.025,1.0,0.97,0.97,1.0,12.0,9.44,63.4,24.8,F,Lineup unconfirmed,Sinker,9.6875,31.0,,,
23,2026-09-04,824554,2026-09-04T23:40:00Z,Scheduled,Rate Field,Minnesota Twins @ Chicago White Sox,Home,545341,Randal Grichuk,Chicago White Sox,Minnesota Twins,DH,R,No,,98,218,209,56,21,1,11,32,34,7,1,52,0.268,0.294,0.536,0.83,8,14,14,1,0,0.071,0.0,22,46,46,14,2,0.304,0.0435,293,60,8.4,31.0,49.7,20.5,28.3,16.8,32.5,47.0,31.9,6.0,3.6,6.0,44.2,85.1,23.5,0.611,72.6,98.4,113.4,44.2,16.8,14.8,56.1,47.3,Below Average,3.0,Pull Power,A-,Elevated power plane,47.3,Below Average,0.992,Good,10.0,52.2,99.0,0.581,Derived proxy,Derived proxy,Derived proxy,Derived proxy,,,20.6,9.6,Strong positive regression,Below Average Pull Power profile. 8.4% barrel rate; 85.1 mph average exit velocity; 32.5% air-ball rate; 47.0% pull-air rate; 6.0% HR-launch rate.,0.0505,0.0439,4.09,14,8,19.0,0.74,73.7,Recently homered,805673.0,Zebby Matthews,R,RHB vs RHP,19,19,112.0,4.58,1.26,19,1.53,7.47,2.57,620.0,6.5,27.1,13.7,47.9,31.0,85.0,96.4,112.8,0.55,19.0,49.1,100.0,0.634,7.3,4-Seam Fastball,R,RHB vs RHP,38.9,73,0.208,0.205,0.389,0.594,2,0,15,0.0274,7.3,0.513,203,0.0443,5.4,0.515,0,0,0,0/0,,,,,0,0,0,44.7,Neutral Matchup,Average,50.0,5,Pitch-level Statcast · last 5 MLB games,475,4-Seam Fastball,34.526315789473685,164.0,Slider,22.526315789473685,107.0,Changeup,13.894736842105264,66.0,Cutter,13.263157894736842,63.0,Curveball,10.105263157894736,48.0,Unknown,,Unknown,,No,100.0,1.0,1.0,50.0,0.998,0.99,55.8,Current-Season Handedness Matchup,Pull Air %,Barrel %,Max Exit Velocity,38.9,46.2,49.1,69.9,50.0,45.0,52.5,6.09,0.868,1.069,0.985,1.03,0.992,1.022,1.0,16.78,10.35,71.3,29.2,F,Lineup unconfirmed,Sinker,5.684210526315789,27.0,,,
24,2026-09-04,824424,2026-09-04T18:10:00Z,Scheduled,Progressive Field,Detroit Tigers @ Cleveland Guardians,Away,680664,Eduardo Valencia,Detroit Tigers,Cleveland Guardians,DH,R,No,,28,85,83,26,8,0,6,14,17,1,1,26,0.313,0.329,0.627,0.956,6,22,22,5,0,0.227,0.0,16,50,49,12,2,0.245,0.04,115,70,10.8,27.1,38.3,24.7,37.1,11.4,23.9,43.0,41.1,10.8,4.4,10.8,40.0,83.1,13.8,0.71,71.4,95.6,111.6,29.0,15.7,8.9,51.3,46.4,Below Average,3.0,Pull Power,A,Excellent HR swing plane,46.4,Below Average,0.99,Good,10.0,33.3,95.2,0.693,Derived proxy,Derived proxy,Derived proxy,Derived proxy,,,9.99,3.99,Positive regression,Below Average Pull Power profile. 10.8% barrel rate; 83.1 mph average exit velocity; 23.9% air-ball rate; 43.0% pull-air rate; 10.8% HR-launch rate.,0.0706,0.048,4.23,31,10,13.8,2.24,224.1,Very long drought,671106.0,Logan Allen,L,RHB vs LHP,6,1,14.1,3.77,1.47,3,1.88,9.42,2.51,93.0,5.4,23.7,20.4,41.7,25.8,81.7,95.0,109.4,0.531,3.0,67.0,100.0,0.69,13.5,4-Seam Fastball,R,RHB vs LHP,55.9,40,0.3,0.3,0.7,1.0,4,0,17,0.1,10.5,0.801,43,0.0233,6.7,0.544,0,0,0,0/0,,,,,0,0,0,58.6,Slight Hitter Advantage,Above average,50.0,5,Pitch-level Statcast · last 5 MLB games,180,4-Seam Fastball,30.555555555555557,55.0,Cutter,26.666666666666668,48.0,Sweeper,18.88888888888889,34.0,Changeup,15.0,27.0,Sinker,8.88888888888889,16.0,Unknown,,Unknown,,No,100.0,1.0,1.0,50.0,1.034,0.979,60.4,Current-Season Handedness Matchup,Pull Air %,Barrel %,Max Exit Velocity,55.9,35.8,67.0,44.7,50.0,45.0,52.5,6.09,0.827,1.025,1.025,1.08,0.99,1.069,1.06,18.79,11.78,62.1,38.9,D+,Lineup unconfirmed,,,,,,
25,2026-09-04,824067,2026-09-05T00:10:00Z,Scheduled,Kauffman Stadium,Toronto Blue Jays @ Kansas City Royals,Home,677951,Bobby Witt Jr.,Kansas City Royals,Toronto Blue Jays,SS,R,No,,122,540,477,135,28,1,16,78,50,57,2,92,0.283,0.359,0.447,0.806,11,50,43,9,0,0.209,0.0,26,117,100,29,3,0.29,0.0256,665,145,6.2,30.5,37.4,24.9,36.8,15.7,31.0,35.4,34.1,8.0,4.0,8.0,37.6,84.2,20.4,0.618,72.3,97.5,115.5,38.4,15.2,11.9,44.7,39.4,Below Average,2.5,Contact-First Profile,A-,Elevated power plane,39.4,Below Average,0.97,Good,4.8,39.5,96.6,0.591,Derived proxy,Derived proxy,Derived proxy,Derived proxy,,,36.7,20.7,Strong positive regression,Below Average Contact-First Profile profile. 6.2% barrel rate; 84.2 mph average exit velocity; 31.0% air-ball rate; 35.4% pull-air rate; 8.0% HR-launch rate.,0.0296,0.0301,4.09,47,12,29.8,1.58,157.7,Above normal drought,592791.0,Jameson Taillon,R,RHB vs RHP,17,17,84.0,5.68,1.37,26,2.79,8.04,3.43,449.0,8.5,24.3,21.6,48.0,33.6,82.8,95.4,112.4,0.681,26.0,50.5,99.7,0.645,7.5,4-Seam Fastball,R,RHB vs RHP,50.7,390,0.284,0.359,0.443,0.802,12,40,73,0.0308,6.0,0.619,174,0.069,7.7,0.643,3,3,2,2/3,0.667,0.667,1.667,2.334,1,0,1,52.0,Neutral Matchup,Average,57.5,5,Pitch-level Statcast · last 5 MLB games,320,4-Seam Fastball,23.4375,75.0,Changeup,18.75,60.0,Cutter,17.1875,55.0,Curveball,16.25,52.0,Sweeper,14.6875,47.0,Unknown,,Unknown,,No,100.0,1.0,1.0,50.0,1.001,1.01,52.3,Current-Season Handedness Matchup,Pull Air %,Barrel %,Max Exit Velocity,50.7,58.2,50.5,41.8,50.0,45.0,52.4,6.07,0.831,1.2,0.985,1.0,0.97,0.97,1.035,11.74,8.6,85.0,31.8,D,Lineup unconfirmed,Sinker,9.6875,31.0,,,
26,2026-09-04,823824,2026-09-04T23:10:00Z,Scheduled,loanDepot park,Chicago Cubs @ Miami Marlins,Away,691718,Pete Crow-Armstrong,Chicago Cubs,Miami Marlins,CF,L,No,,141,631,543,152,27,7,39,103,93,73,11,166,0.28,0.375,0.571,0.946,12,56,52,15,7,0.288,0.125,26,125,112,28,13,0.25,0.104,819,162,8.5,29.4,55.7,21.3,22.4,17.0,27.6,60.1,31.3,8.9,5.7,8.9,65.4,83.9,24.1,0.736,72.5,96.8,114.2,47.2,13.7,13.4,49.7,50.5,Average,3.0,Pull Power,A-,Elevated power plane,50.5,Average,1.001,Good,9.3,59.6,96.5,0.783,Derived proxy,Derived proxy,Derived proxy,Derived proxy,,,61.96,22.96,Strong positive regression,Average Pull Power profile. 8.5% barrel rate; 83.9 mph average exit velocity; 27.6% air-ball rate; 60.1% pull-air rate; 8.9% HR-launch rate.,0.0618,0.057,4.23,0,0,13.9,0.0,0.0,Very recent HR,676083.0,Janson Junk,R,LHB vs RHP,21,20,103.0,4.11,1.3,12,1.05,6.12,2.45,635.0,4.3,23.9,11.7,47.2,29.3,83.0,95.2,114.2,0.497,12.0,59.2,99.9,0.714,8.4,4-Seam Fastball,L,LHB vs RHP,51.4,423,0.269,0.363,0.571,0.934,27,50,107,0.0638,9.2,0.759,274,0.0219,4.2,0.527,1,1,0,0/1,0.0,0.0,0.0,0.0,0,0,0,53.3,Neutral Matchup,Average,47.5,5,Pitch-level Statcast · last 5 MLB games,311,4-Seam Fastball,28.938906752411576,90.0,Slider,18.327974276527332,57.0,Sweeper,17.363344051446944,54.0,Changeup,17.041800643086816,53.0,Curveball,13.82636655948553,43.0,Unknown,,Unknown,,No,94.0,0.94,1.0,39.2,1.018,0.968,62.9,Current-Season Handedness Matchup,Pull Air %,Barrel %,Max Exit Velocity,51.4,34.0,59.2,63.2,39.2,45.0,52.2,6.02,1.35,0.992,1.025,1.03,1.001,1.031,0.98,22.0,15.7,85.0,41.5,D+,Lineup unconfirmed,Sinker,4.501607717041801,14.0,,,
27,2026-09-04,824387,2026-09-04T23:15:00Z,Scheduled,Progressive Field,Detroit Tigers @ Cleveland Guardians,Away,680664,Eduardo Valencia,Detroit Tigers,Cleveland Guardians,DH,R,No,,28,85,83,26,8,0,6,14,17,1,1,26,0.313,0.329,0.627,0.956,6,22,22,5,0,0.227,0.0,16,50,49,12,2,0.245,0.04,115,70,10.8,27.1,38.3,24.7,37.1,11.4,23.9,43.0,41.1,10.8,4.4,10.8,40.0,83.1,13.8,0.71,71.4,95.6,111.6,29.0,15.7,8.9,51.3,46.4,Below Average,3.0,Pull Power,A,Excellent HR swing plane,46.4,Below Average,0.99,Good,10.0,33.3,95.2,0.693,Derived proxy,Derived proxy,Derived proxy,Derived proxy,,,9.99,3.99,Positive regression,Below Average Pull Power profile. 10.8% barrel rate; 83.1 mph average exit velocity; 23.9% air-ball rate; 43.0% pull-air rate; 10.8% HR-launch rate.,0.0706,0.048,4.23,31,10,13.8,2.24,224.1,Very long drought,656492.0,Foster Griffin,L,RHB vs LHP,27,27,154.1,3.21,1.12,23,1.34,8.11,2.27,855.0,5.4,23.0,13.9,39.5,33.9,81.5,94.4,119.0,0.551,23.0,67.9,93.8,0.699,13.5,Cutter,R,RHB vs LHP,53.5,40,0.3,0.3,0.7,1.0,4,0,17,0.1,10.5,0.801,461,0.0347,5.2,0.54,0,0,0,0/0,,,,,0,0,0,57.9,Neutral Matchup,Average,50.0,5,Pitch-level Statcast · last 5 MLB games,459,Cutter,30.065359477124183,138.0,4-Seam Fastball,18.30065359477124,84.0,Changeup,15.250544662309368,70.0,Sweeper,14.596949891067538,67.0,Sinker,9.368191721132897,43.0,Unknown,,Unknown,,No,100.0,1.0,1.0,50.0,1.036,0.979,59.8,Current-Season Handedness Matchup,Pull Air %,Barrel %,Max Exit Velocity,53.5,34.1,67.9,44.7,50.0,45.0,51.9,5.95,0.827,1.038,1.025,1.08,0.99,1.069,1.06,18.79,11.81,62.1,39.0,D+,Lineup unconfirmed,Split-Finger,6.5359477124183005,30.0,Curveball,5.882352941176471,27.0
28,2026-09-04,824311,2026-09-05T00:40:00Z,Scheduled,Coors Field,St. Louis Cardinals @ Colorado Rockies,Home,696100,Hunter Goodman,Colorado Rockies,St. Louis Cardinals,C,R,No,,120,497,449,113,18,1,36,75,73,41,4,164,0.252,0.318,0.537,0.855,9,37,35,9,2,0.257,0.0541,15,60,56,13,3,0.232,0.05,600,76,8.3,28.8,50.7,23.9,25.0,16.1,24.8,47.8,25.0,7.5,4.8,7.5,63.4,83.9,21.6,0.708,73.6,96.8,114.8,45.2,11.3,10.5,64.1,45.8,Below Average,3.0,Pull Power,A-,Elevated power plane,45.8,Below Average,0.988,Good,7.9,37.5,96.7,0.671,Derived proxy,Derived proxy,Derived proxy,Derived proxy,,,42.05,6.05,Strong positive regression,Below Average Pull Power profile. 8.3% barrel rate; 83.9 mph average exit velocity; 24.8% air-ball rate; 47.8% pull-air rate; 7.5% HR-launch rate.,0.0724,0.0646,4.09,25,7,12.5,2.0,200.4,Very long drought,669467.0,Andre Pallante,R,RHB vs RHP,24,24,136.0,3.57,1.24,10,0.66,6.42,2.71,716.0,3.4,22.8,10.3,39.4,29.5,82.4,94.6,117.8,0.462,10.0,62.9,100.0,0.761,7.9,4-Seam Fastball,R,RHB vs RHP,49.4,335,0.241,0.299,0.544,0.842,27,22,105,0.0806,9.0,0.719,259,0.0154,2.4,0.441,3,3,2,2/3,0.667,0.667,0.667,1.334,0,0,0,55.0,Neutral Matchup,Average,53.8,5,Pitch-level Statcast · last 5 MLB games,468,4-Seam Fastball,35.68376068376068,167.0,Slider,28.418803418803417,133.0,Knuckle Curve,17.521367521367523,82.0,Sinker,15.598290598290598,73.0,Split-Finger,2.7777777777777777,13.0,Unknown,,Unknown,,No,118.0,1.18,1.0,82.4,1.026,0.959,59.4,Current-Season Handedness Matchup,Pull Air %,Barrel %,Max Exit Velocity,49.4,26.0,62.9,46.9,82.4,45.0,51.5,5.85,0.924,0.93,0.985,1.03,0.988,1.018,1.06,23.89,14.53,81.8,43.5,C-,Lineup unconfirmed,,,,,,
29,2026-09-04,823824,2026-09-04T23:10:00Z,Scheduled,loanDepot park,Chicago Cubs @ Miami Marlins,Home,683357,Owen Caissie,Miami Marlins,Chicago Cubs,RF,L,No,,100,308,274,61,14,0,13,40,52,23,4,115,0.223,0.286,0.416,0.702,6,16,15,3,0,0.2,0.0,17,51,46,9,1,0.196,0.0196,348,60,6.0,24.0,48.9,24.8,26.3,13.8,27.1,48.6,34.1,8.1,5.3,8.1,50.0,81.9,17.2,0.624,72.3,94.8,111.7,49.8,13.2,11.2,39.2,41.3,Below Average,2.5,Pull Power,A,Excellent HR swing plane,41.3,Below Average,0.976,Good,3.3,62.5,94.7,0.499,Derived proxy,Derived proxy,Derived proxy,Derived proxy,,,19.08,6.08,Strong positive regression,Below Average Pull Power profile. 6.0% barrel rate; 81.9 mph average exit velocity; 27.1% air-ball rate; 48.6% pull-air rate; 8.1% HR-launch rate.,0.0422,0.0393,3.93,29,11,21.1,1.38,137.6,Above normal drought,684007.0,Shota Imanaga,L,LHB vs LHP,27,27,150.1,4.01,1.14,33,1.98,8.86,2.1,818.0,6.0,22.1,17.5,45.9,27.6,81.8,94.3,114.7,0.549,33.0,70.9,100.0,0.809,9.5,4-Seam Fastball,L,LHB vs LHP,46.3,40,0.25,0.3,0.306,0.606,0,2,19,0.0,2.8,0.489,172,0.064,7.9,0.607,0,0,0,0/0,,,,,0,0,0,55.6,Neutral Matchup,Average,50.0,5,Pitch-level Statcast · last 5 MLB games,428,4-Seam Fastball,42.05607476635514,180.0,Split-Finger,31.77570093457944,136.0,Sweeper,17.757009345794394,76.0,Sinker,3.97196261682243,17.0,Slider,3.2710280373831777,14.0,Unknown,,Unknown,,No,94.0,0.94,1.0,39.2,1.042,0.985,54.0,Current-Season Handedness Matchup,Pull Air %,Barrel %,Max Exit Velocity,46.3,40.6,70.9,46.3,39.2,45.0,51.3,5.79,0.767,1.141,0.985,1.0,0.976,0.976,1.035,14.59,8.75,78.1,28.6,F,Lineup unconfirmed,Curveball,1.1682242990654206,5.0,,,
30,2026-09-04,824471,2026-09-04T22:10:00Z,Scheduled,Great American Ball Park,Milwaukee Brewers @ Cincinnati Reds,Away,641343,Jake Bauers,Milwaukee Brewers,Cincinnati Reds,1B,L,No,,126,507,421,113,19,2,23,78,76,80,4,131,0.268,0.389,0.487,0.876,10,42,29,6,1,0.207,0.0238,24,104,77,20,3,0.26,0.0288,562,113,7.2,29.7,48.9,18.0,32.4,15.9,28.0,43.3,35.0,7.3,3.2,7.3,50.0,84.1,17.8,0.674,74.0,96.8,113.2,59.8,13.8,15.4,45.6,44.4,Below Average,3.0,Pull Power,A,Excellent HR swing plane,44.4,Below Average,0.984,Good,5.3,43.3,94.3,0.654,Derived proxy,Derived proxy,Derived proxy,Derived proxy,,,34.98,11.98,Strong positive regression,Below Average Pull Power profile. 7.2% barrel rate; 84.1 mph average exit velocity; 28.0% air-ball rate; 43.3% pull-air rate; 7.3% HR-launch rate.,0.0454,0.0428,4.23,26,9,18.3,1.42,142.0,Above normal drought,695076.0,Rhett Lowder,R,LHB vs RHP,24,21,112.0,5.14,1.46,16,1.29,7.07,3.46,617.0,5.8,25.1,16.7,40.2,32.1,84.1,95.6,116.0,0.572,16.0,53.4,99.7,0.674,7.5,Sinker,L,LHB vs RHP,53.2,363,0.268,0.388,0.48,0.869,17,57,98,0.0468,8.1,0.718,307,0.0391,6.9,0.633,2,2,0,0/2,0.0,0.0,0.0,0.0,0,0,1,51.6,Neutral Matchup,Average,45.0,5,Pitch-level Statcast · last 5 MLB games,476,Sinker,26.680672268907564,127.0,Slider,24.57983193277311,117.0,Changeup,22.478991596638654,107.0,4-Seam Fastball,18.69747899159664,89.0,Curveball,7.563025210084033,36.0,Unknown,,Unknown,,No,112.0,1.12,1.0,71.6,1.007,0.983,56.9,Current-Season Handedness Matchup,Pull Air %,Barrel %,Max Exit Velocity,53.2,38.5,53.4,41.8,71.6,45.0,51.1,5.75,0.844,1.03,1.025,1.0,0.984,0.984,1.035,16.89,10.81,85.0,35.6,D,Lineup unconfirmed,,,,,,
31,2026-09-04,824797,2026-09-04T23:05:00Z,Scheduled,Oriole Park at Camden Yards,Boston Red Sox @ Baltimore Orioles,Home,691723,Coby Mayo,Baltimore Orioles,Boston Red Sox,3B,R,No,,112,372,340,75,13,3,19,53,55,26,5,119,0.221,0.285,0.444,0.729,10,38,35,11,2,0.314,0.0526,24,84,77,21,4,0.273,0.0476,460,112,8.5,29.9,48.3,27.2,24.5,15.4,27.5,48.8,32.0,8.4,5.6,8.4,46.4,83.4,21.8,0.713,74.1,97.9,115.7,54.7,15.2,14.0,45.0,50.0,Average,3.0,Pull Power,A-,Elevated power plane,50.0,Average,1.0,Good,8.0,40.6,96.3,0.762,Derived proxy,Derived proxy,Derived proxy,Derived proxy,,,32.97,13.97,Strong positive regression,Average Pull Power profile. 8.5% barrel rate; 83.4 mph average exit velocity; 27.5% air-ball rate; 48.8% pull-air rate; 8.4% HR-launch rate.,0.0511,0.0464,3.93,9,3,17.9,0.5,50.3,Recently homered,624133.0,Ranger Suarez,L,RHB vs LHP,24,24,123.2,3.64,1.24,8,0.58,8.66,2.84,664.0,3.2,20.5,12.2,44.1,32.1,80.4,93.2,113.6,0.477,8.0,60.3,99.9,0.731,8.1,Sinker,R,RHB vs LHP,57.2,133,0.322,0.383,0.76,1.144,15,10,36,0.1128,12.6,1.003,372,0.0134,2.7,0.462,3,3,2,2/3,0.667,0.667,1.667,2.334,1,0,0,58.4,Slight Hitter Advantage,Above average,57.5,5,Pitch-level Statcast · last 5 MLB games,438,4-Seam Fastball,24.200913242009133,106.0,Sinker,21.91780821917808,96.0,Curveball,17.123287671232877,75.0,Cutter,15.981735159817351,70.0,Changeup,12.100456621004566,53.0,Unknown,,Unknown,,No,99.0,0.99,1.0,48.2,1.021,0.957,64.4,Current-Season Handedness Matchup,Pull Air %,Barrel %,Max Exit Velocity,57.2,28.0,60.3,49.3,48.2,45.0,51.0,5.73,1.034,0.917,1.025,1.0,1.0,1.0,1.0,17.04,10.39,83.7,29.5,F,Lineup unconfirmed,Slider,8.67579908675799,38.0,,,
32,2026-09-04,823905,2026-09-05T02:10:00Z,Scheduled,UNIQLO Field at Dodger Stadium,Washington Nationals @ Los Angeles Dodgers,Home,571970,Max Muncy,Los Angeles Dodgers,Washington Nationals,3B,L,No,,129,482,418,103,20,1,26,69,68,59,4,121,0.246,0.344,0.486,0.83,10,37,29,5,0,0.172,0.0,24,84,70,15,4,0.214,0.0476,584,103,9.3,27.9,60.5,21.5,18.0,16.8,27.9,57.4,28.6,10.6,6.2,10.6,45.9,83.7,18.0,0.663,69.6,96.3,110.7,14.7,15.7,3.8,46.4,42.7,Below Average,2.5,Pull Power,A,Excellent HR swing plane,42.7,Below Average,0.98,Good,9.7,55.2,96.1,0.663,Derived proxy,Derived proxy,Derived proxy,Derived proxy,,,47.7,21.7,Strong positive regression,Below Average Pull Power profile. 9.3% barrel rate; 83.7 mph average exit velocity; 27.9% air-ball rate; 57.4% pull-air rate; 10.6% HR-launch rate.,0.0539,0.0496,4.09,29,10,16.1,1.8,180.4,Above normal drought,800600.0,Jackson Kent,L,LHB vs LHP,4,4,19.1,5.59,1.71,1,0.47,7.91,6.98,116.0,3.4,24.1,7.8,61.9,27.6,80.5,93.2,111.3,0.521,1.0,56.2,100.0,0.683,8.5,4-Seam Fastball,L,LHB vs LHP,47.7,108,0.24,0.324,0.479,0.803,6,10,30,0.0556,7.5,0.592,21,0.0,3.6,0.491,0,0,0,0/0,,,,,0,0,0,51.1,Neutral Matchup,Average,50.0,4,Pitch-level Statcast · last 5 MLB games,358,4-Seam Fastball,35.19553072625698,126.0,Changeup,21.22905027932961,76.0,Slider,17.877094972067038,64.0,Curveball,13.687150837988828,49.0,Sinker,12.011173184357542,43.0,Unknown,,Unknown,,No,100.0,1.0,1.0,50.0,1.012,0.959,59.0,Current-Season Handedness Matchup,Pull Air %,Barrel %,Max Exit Velocity,47.7,33.4,56.2,63.3,50.0,45.0,51.0,5.72,0.85,0.972,0.985,1.0,0.98,0.98,1.035,18.77,10.03,83.7,35.3,D,Lineup unconfirmed,,,,,,
33,2026-09-04,823905,2026-09-05T02:10:00Z,Scheduled,UNIQLO Field at Dodger Stadium,Washington Nationals @ Los Angeles Dodgers,Home,660271,Shohei Ohtani,Los Angeles Dodgers,Washington Nationals,TWP,L,No,,133,592,499,139,25,4,30,89,80,79,7,142,0.279,0.381,0.525,0.906,10,47,39,5,0,0.128,0.0,24,109,95,19,4,0.2,0.0367,666,133,7.9,28.6,59.4,14.8,25.2,14.6,26.8,44.3,30.5,8.2,3.9,8.2,51.5,84.9,16.9,0.75,73.1,97.2,116.1,45.7,14.3,13.0,46.1,46.4,Below Average,3.0,Pull Power,A,Excellent HR swing plane,46.4,Below Average,0.99,Good,5.3,41.4,95.3,0.692,Derived proxy,Derived proxy,Derived proxy,Derived proxy,,,45.92,15.92,Strong positive regression,Below Average Pull Power profile. 7.9% barrel rate; 84.9 mph average exit velocity; 26.8% air-ball rate; 44.3% pull-air rate; 8.2% HR-launch rate.,0.0507,0.0475,4.25,46,12,16.6,2.77,276.6,Very long drought,800600.0,Jackson Kent,L,LHB vs LHP,4,4,19.1,5.59,1.71,1,0.47,7.91,6.98,116.0,3.4,24.1,7.8,61.9,27.6,80.5,93.2,111.3,0.521,1.0,60.9,100.0,0.735,8.2,4-Seam Fastball,L,LHB vs LHP,57.0,196,0.272,0.344,0.538,0.881,12,15,48,0.0612,9.4,0.77,21,0.0,3.6,0.491,0,0,0,0/0,,,,,0,0,0,57.0,Neutral Matchup,Average,50.0,4,Pitch-level Statcast · last 5 MLB games,358,4-Seam Fastball,35.19553072625698,126.0,Changeup,21.22905027932961,76.0,Slider,17.877094972067038,64.0,Curveball,13.687150837988828,49.0,Sinker,12.011173184357542,43.0,Unknown,,Unknown,,No,100.0,1.0,1.0,50.0,1.022,0.959,61.3,Current-Season Handedness Matchup,Pull Air %,Barrel %,Max Exit Velocity,57.0,33.4,60.9,42.0,50.0,45.0,50.9,5.71,0.816,0.972,0.985,1.03,0.99,1.02,1.06,18.69,10.2,85.0,40.1,D+,Lineup unconfirmed,,,,,,
34,2026-09-04,824067,2026-09-05T00:10:00Z,Scheduled,Kauffman Stadium,Toronto Blue Jays @ Kansas City Royals,Home,686469,Vinnie Pasquantino,Kansas City Royals,Toronto Blue Jays,1B,L,No,,94,401,349,84,16,2,9,41,42,45,3,64,0.241,0.329,0.375,0.704,10,44,37,7,1,0.189,0.0227,15,65,56,16,3,0.286,0.0462,580,83,6.8,29.5,51.5,21.0,27.3,17.1,28.5,48.7,29.3,9.2,5.6,9.2,32.2,85.5,22.9,0.515,69.0,96.8,109.3,9.8,14.9,4.6,58.2,37.4,Below Average,2.5,Pull Power,A-,Elevated power plane,37.4,Below Average,0.965,Good,8.4,48.1,98.0,0.548,Derived proxy,Derived proxy,Derived proxy,Derived proxy,,,37.53,28.53,Strong positive regression,Below Average Pull Power profile. 6.8% barrel rate; 85.5 mph average exit velocity; 28.5% air-ball rate; 48.7% pull-air rate; 9.2% HR-launch rate.,0.0224,0.0246,3.99,18,5,38.8,0.46,46.4,Recently homered,592791.0,Jameson Taillon,R,LHB vs RHP,17,17,84.0,5.68,1.37,26,2.79,8.04,3.43,449.0,8.5,24.3,21.6,48.0,33.6,82.8,95.4,112.4,0.681,26.0,29.1,99.7,0.478,5.1,4-Seam Fastball,L,LHB vs RHP,51.7,289,0.263,0.356,0.417,0.773,8,36,40,0.0277,6.8,0.528,189,0.0741,9.2,0.717,3,3,1,1/3,0.333,0.333,0.333,0.666,0,0,0,42.6,Slight Pitcher Advantage,Below average,46.0,5,Pitch-level Statcast · last 5 MLB games,320,4-Seam Fastball,23.4375,75.0,Changeup,18.75,60.0,Cutter,17.1875,55.0,Curveball,16.25,52.0,Sweeper,14.6875,47.0,Unknown,,Unknown,,No,100.0,1.0,1.0,50.0,0.958,1.01,53.8,Current-Season Handedness Matchup,Pull Air %,Barrel %,Max Exit Velocity,51.7,58.2,29.1,60.6,50.0,45.0,50.9,5.7,1.136,1.2,1.025,1.0,0.965,0.965,1.0,9.48,8.63,82.2,26.1,F,Lineup unconfirmed,Sinker,9.6875,31.0,,,
35,2026-09-04,823093,2026-09-05T02:10:00Z,Scheduled,T-Mobile Park,Athletics @ Seattle Mariners,Home,686527,Dominic Canzone,Seattle Mariners,Athletics,DH,L,No,,125,439,392,100,23,2,21,49,63,40,5,96,0.255,0.33,0.485,0.815,11,49,44,10,2,0.227,0.0408,25,111,101,26,3,0.257,0.027,526,130,6.6,26.4,45.3,30.6,24.1,14.4,26.6,45.9,27.4,7.3,4.8,7.3,51.6,83.2,13.6,0.629,72.7,96.3,114.0,37.5,13.2,8.4,53.9,40.4,Below Average,2.5,Pull Power,A,Excellent HR swing plane,40.4,Below Average,0.973,Good,4.6,48.4,94.9,0.595,Derived proxy,Derived proxy,Derived proxy,Derived proxy,,,30.55,9.55,Strong positive regression,Below Average Pull Power profile. 6.6% barrel rate; 83.2 mph average exit velocity; 26.6% air-ball rate; 45.9% pull-air rate; 7.3% HR-launch rate.,0.0478,0.0444,4.09,7,2,18.7,0.38,37.5,Recently homered,,TBD,,Unknown,0,0,0.0,0.0,0.0,0,0.0,0.0,0.0,,,,,,,,,,,,50.0,0.0,,,Unknown,L,Unknown,50.0,0,,,,,0,0,0,,,,0,,,,0,0,0,0/0,,,,,0,0,0,50.0,Neutral Matchup,Average,50.0,0,,0,,,,,,,,,,,,,,,,Unknown,,Unknown,,No,92.0,0.92,1.0,35.6,1.0,1.0,55.7,Current-Season Handedness Matchup,Pull Air %,Barrel %,Max Exit Velocity,50.0,50.0,50.0,46.2,35.6,45.0,50.6,5.64,0.912,1.0,1.0,1.0,0.973,0.973,1.0,16.96,9.41,75.0,28.0,F,Probable SP unavailable; Lineup unconfirmed,,,,,,
36,2026-09-04,824554,2026-09-04T23:40:00Z,Scheduled,Rate Field,Minnesota Twins @ Chicago White Sox,Home,678246,Miguel Vargas,Chicago White Sox,Minnesota Twins,3B,R,No,,138,609,510,128,30,1,29,93,76,86,7,106,0.251,0.363,0.484,0.847,12,54,41,14,0,0.341,0.0,26,120,96,29,5,0.302,0.0417,782,149,6.7,25.0,53.4,24.4,22.1,16.4,30.0,57.1,32.1,8.7,6.9,8.7,54.4,83.5,22.8,0.635,71.9,95.3,112.4,36.1,13.6,10.2,60.9,44.8,Below Average,3.0,Pull Power,A-,Elevated power plane,44.8,Below Average,0.985,Good,5.4,59.5,93.6,0.603,Derived proxy,Derived proxy,Derived proxy,Derived proxy,,,49.53,20.53,Strong positive regression,Below Average Pull Power profile. 6.7% barrel rate; 83.5 mph average exit velocity; 30.0% air-ball rate; 57.1% pull-air rate; 8.7% HR-launch rate.,0.0476,0.045,4.09,41,12,17.6,2.33,233.1,Very long drought,805673.0,Zebby Matthews,R,RHB vs RHP,19,19,112.0,4.58,1.26,19,1.53,7.47,2.57,620.0,6.5,27.1,13.7,47.9,31.0,85.0,96.4,112.8,0.55,19.0,47.2,100.0,0.618,7.2,4-Seam Fastball,R,RHB vs RHP,42.9,424,0.237,0.347,0.444,0.791,17,55,77,0.0401,6.8,0.607,203,0.0443,5.4,0.515,3,2,0,0/2,0.0,0.333,0.0,0.333,0,1,1,44.3,Neutral Matchup,Average,42.5,5,Pitch-level Statcast · last 5 MLB games,475,4-Seam Fastball,34.526315789473685,164.0,Slider,22.526315789473685,107.0,Changeup,13.894736842105264,66.0,Cutter,13.263157894736842,63.0,Curveball,10.105263157894736,48.0,Unknown,,Unknown,,No,100.0,1.0,1.0,50.0,0.994,0.99,56.1,Current-Season Handedness Matchup,Pull Air %,Barrel %,Max Exit Velocity,42.9,46.2,47.2,48.6,50.0,45.0,50.6,5.64,0.843,1.069,0.985,1.0,0.985,0.985,1.06,17.18,10.2,85.0,38.4,D+,Lineup unconfirmed,Sinker,5.684210526315789,27.0,,,
37,2026-09-04,824067,2026-09-05T00:10:00Z,Scheduled,Kauffman Stadium,Toronto Blue Jays @ Kansas City Royals,Home,686681,Michael Massey,Kansas City Royals,Toronto Blue Jays,2B,L,No,,112,374,348,97,23,1,11,46,45,19,0,62,0.279,0.312,0.445,0.757,4,14,13,3,0,0.231,0.0,18,66,63,21,2,0.333,0.0303,520,90,4.9,24.9,63.6,19.2,17.1,15.8,30.5,54.2,30.9,9.3,6.1,9.3,43.8,83.9,19.2,0.522,70.1,95.0,107.6,14.2,12.9,3.3,53.8,35.2,Below Average,2.5,Pull Power,A,Excellent HR swing plane,35.2,Below Average,0.959,Good,5.6,61.5,94.6,0.559,Derived proxy,Derived proxy,Derived proxy,Derived proxy,,,27.61,16.61,Strong positive regression,Below Average Pull Power profile. 4.9% barrel rate; 83.9 mph average exit velocity; 30.5% air-ball rate; 54.2% pull-air rate; 9.3% HR-launch rate.,0.0294,0.03,3.99,27,8,31.6,0.85,85.3,Near normal interval,592791.0,Jameson Taillon,R,LHB vs RHP,17,17,84.0,5.68,1.37,26,2.79,8.04,3.43,449.0,8.5,24.3,21.6,48.0,33.6,82.8,95.4,112.4,0.681,26.0,34.8,99.7,0.537,5.0,4-Seam Fastball,L,LHB vs RHP,48.9,285,0.262,0.299,0.422,0.721,8,16,41,0.0281,4.6,0.512,189,0.0741,9.2,0.717,3,3,0,0/3,0.0,0.0,0.0,0.0,0,0,1,42.7,Slight Pitcher Advantage,Below average,42.5,5,Pitch-level Statcast · last 5 MLB games,320,4-Seam Fastball,23.4375,75.0,Changeup,18.75,60.0,Cutter,17.1875,55.0,Curveball,16.25,52.0,Sweeper,14.6875,47.0,Unknown,,Unknown,,No,100.0,1.0,1.0,50.0,0.97,1.01,51.4,Current-Season Handedness Matchup,Pull Air %,Barrel %,Max Exit Velocity,48.9,58.2,34.8,51.2,50.0,45.0,50.1,5.55,0.872,1.2,1.025,1.0,0.959,0.959,1.0,11.46,8.24,82.3,26.8,F,Lineup unconfirmed,Sinker,9.6875,31.0,,,
38,2026-09-04,823256,2026-09-05T01:40:00Z,Scheduled,Petco Park,New York Yankees @ San Diego Padres,Away,682987,Spencer Jones,New York Yankees,San Diego Padres,RF,L,No,,67,210,188,45,9,1,9,27,28,20,1,76,0.239,0.314,0.441,0.755,12,40,35,10,2,0.286,0.05,25,90,80,22,4,0.275,0.0444,277,123,7.9,26.6,45.7,24.4,29.9,14.5,27.7,37.4,36.7,7.5,4.1,7.5,42.5,85.2,20.2,0.836,75.7,96.7,112.6,64.1,14.8,11.6,41.5,44.2,Below Average,3.0,Contact-First Profile,A-,Elevated power plane,44.2,Below Average,0.984,Good,9.8,43.2,96.5,0.922,Derived proxy,Derived proxy,Derived proxy,Derived proxy,,,18.52,9.52,Strong positive regression,Below Average Contact-First Profile profile. 7.9% barrel rate; 85.2 mph average exit velocity; 27.7% air-ball rate; 37.4% pull-air rate; 7.5% HR-launch rate.,0.0429,0.0389,4.05,4,1,20.9,0.19,19.1,Very recent HR,621111.0,Walker Buehler,R,LHB vs RHP,27,27,131.1,4.66,1.36,17,1.16,7.61,3.36,747.0,4.6,23.2,12.0,40.8,27.6,83.0,94.6,111.9,0.507,17.0,79.0,99.6,1.019,11.5,Cutter,L,LHB vs RHP,43.7,168,0.205,0.28,0.391,0.67,7,16,63,0.0417,6.7,0.799,311,0.0225,4.2,0.503,0,0,0,0/0,,,,,0,0,0,57.3,Neutral Matchup,Average,50.0,5,Pitch-level Statcast · last 5 MLB games,415,Cutter,27.951807228915662,116.0,Sinker,25.542168674698797,106.0,4-Seam Fastball,17.59036144578313,73.0,Slider,11.08433734939759,46.0,Changeup,8.674698795180722,36.0,Unknown,,Unknown,,No,94.0,0.94,1.0,39.2,1.058,0.971,52.1,Current-Season Handedness Matchup,Pull Air %,Barrel %,Max Exit Velocity,43.7,30.6,79.0,55.9,39.2,45.0,50.0,5.52,1.088,1.01,1.025,1.0,0.984,0.984,0.98,14.85,10.02,74.2,28.0,F,Lineup unconfirmed,Sweeper,4.819277108433735,20.0,Knuckle Curve,4.337349397590361,18.0
39,2026-09-04,822852,2026-09-05T00:05:00Z,Scheduled,Globe Life Field,Tampa Bay Rays @ Texas Rangers,Home,608369,Corey Seager,Texas Rangers,Tampa Bay Rays,SS,L,No,,81,344,296,66,14,0,14,48,37,42,3,81,0.223,0.323,0.412,0.735,12,53,43,10,1,0.233,0.0189,25,105,92,25,4,0.272,0.0381,402,124,8.6,30.3,53.7,17.7,28.6,17.0,29.7,42.1,30.6,9.9,7.0,9.9,34.4,85.5,20.4,0.65,69.5,97.4,111.7,9.9,16.2,3.3,52.6,40.9,Below Average,2.5,Pull Power,A-,Elevated power plane,40.9,Below Average,0.975,Good,8.9,43.9,97.8,0.652,Derived proxy,Derived proxy,Derived proxy,Derived proxy,,,30.4,16.4,Strong positive regression,Below Average Pull Power profile. 8.6% barrel rate; 85.5 mph average exit velocity; 29.7% air-ball rate; 42.1% pull-air rate; 9.9% HR-launch rate.,0.0407,0.0384,3.99,0,0,21.1,0.0,0.0,Very recent HR,607259.0,Nick Martinez,R,LHB vs RHP,26,26,153.2,2.99,1.1,18,1.05,5.33,1.29,848.0,4.7,23.3,17.3,45.8,32.9,82.0,94.6,113.3,0.508,18.0,58.7,99.9,0.69,9.3,Sinker,L,LHB vs RHP,44.4,232,0.211,0.315,0.402,0.717,10,29,52,0.0431,9.2,0.656,369,0.0325,5.1,0.492,0,0,0,0/0,,,,,0,0,0,50.5,Neutral Matchup,Average,50.0,5,Pitch-level Statcast · last 5 MLB games,425,Sinker,30.352941176470587,129.0,Changeup,26.352941176470587,112.0,Cutter,21.647058823529413,92.0,4-Seam Fastball,15.294117647058824,65.0,Slider,5.647058823529412,24.0,Unknown,,Unknown,,No,104.0,1.04,1.0,57.2,1.017,0.972,53.6,Current-Season Handedness Matchup,Pull Air %,Barrel %,Max Exit Velocity,44.4,34.5,58.7,57.4,57.2,45.0,49.7,5.47,0.886,0.992,1.025,1.0,0.975,0.975,0.98,14.48,8.81,84.6,27.2,F,Lineup unconfirmed,Curveball,0.7058823529411765,3.0,,,
40,2026-09-04,823338,2026-09-04T22:45:00Z,Scheduled,PNC Park,Los Angeles Angels @ Pittsburgh Pirates,Home,680779,Henry Davis,Pittsburgh Pirates,Los Angeles Angels,C,R,No,,87,268,232,39,5,0,8,29,34,24,8,58,0.168,0.267,0.293,0.56,4,11,8,1,0,0.125,0.0,14,42,35,5,0,0.143,0.0,346,59,6.5,28.2,45.6,34.6,19.8,9.9,20.2,55.6,28.1,6.7,2.6,6.7,20.8,83.8,22.3,0.416,70.4,96.7,112.0,38.4,13.5,11.9,55.4,39.1,Below Average,2.5,Pull Power,A-,Elevated power plane,39.1,Below Average,0.969,Good,5.1,55.6,95.3,0.374,Derived proxy,Derived proxy,Derived proxy,Derived proxy,,,20.66,12.66,Strong positive regression,Below Average Pull Power profile. 6.5% barrel rate; 83.8 mph average exit velocity; 20.2% air-ball rate; 55.6% pull-air rate; 6.7% HR-launch rate.,0.0299,0.0305,3.81,69,25,29.0,2.38,237.9,Very long drought,696270.0,Ryan Johnson,R,RHB vs RHP,17,14,72.1,5.47,1.42,16,1.99,6.47,4.48,421.0,6.2,24.2,19.0,39.8,29.9,82.4,94.8,113.6,0.572,16.0,58.9,100.0,0.676,10.2,Cutter,R,RHB vs RHP,41.3,187,0.185,0.312,0.325,0.637,6,21,37,0.0321,6.7,0.466,132,0.053,6.1,0.617,0,0,0,0/0,,,,,0,0,0,49.2,Neutral Matchup,Average,50.0,5,Pitch-level Statcast · last 5 MLB games,423,Cutter,48.463356973995275,205.0,Sweeper,25.53191489361702,108.0,Split-Finger,15.130023640661939,64.0,Sinker,10.874704491725769,46.0,,,,Unknown,,Unknown,,No,100.0,1.0,1.0,50.0,1.018,0.987,52.9,Current-Season Handedness Matchup,Pull Air %,Barrel %,Max Exit Velocity,41.3,38.6,58.9,51.5,50.0,45.0,49.6,5.43,0.901,1.142,0.985,0.94,0.969,0.911,1.06,11.14,7.92,74.5,30.6,D,Lineup unconfirmed,,,,,,
41,2026-09-04,822852,2026-09-05T00:05:00Z,Scheduled,Globe Life Field,Tampa Bay Rays @ Texas Rangers,Home,679822,Justin Foscue,Texas Rangers,Tampa Bay Rays,2B,R,No,,82,207,188,49,10,1,11,22,28,15,3,52,0.261,0.324,0.5,0.824,10,32,30,8,3,0.267,0.0938,21,61,55,15,4,0.273,0.0656,271,86,7.6,25.3,55.3,19.9,24.8,18.1,27.9,56.3,33.1,9.2,6.0,9.2,57.2,83.5,25.5,0.636,70.1,95.0,110.4,12.9,16.6,5.4,55.3,41.5,Below Average,2.5,Pull Power,A-,Elevated power plane,41.5,Below Average,0.976,Good,9.3,57.7,95.7,0.667,Derived proxy,Derived proxy,Derived proxy,Derived proxy,,,18.72,7.72,Strong positive regression,Below Average Pull Power profile. 7.6% barrel rate; 83.5 mph average exit velocity; 27.9% air-ball rate; 56.3% pull-air rate; 9.2% HR-launch rate.,0.0531,0.0454,4.09,2,1,17.1,0.12,11.7,Very recent HR,607259.0,Nick Martinez,R,RHB vs RHP,26,26,153.2,2.99,1.1,18,1.05,5.33,1.29,848.0,4.7,23.3,17.3,45.8,32.9,82.0,94.6,113.3,0.508,18.0,56.1,99.9,0.678,8.7,Sinker,R,RHB vs RHP,35.3,77,0.181,0.221,0.319,0.54,3,3,20,0.039,5.0,0.549,249,0.0241,4.2,0.531,0,0,0,0/0,,,,,0,0,0,45.5,Neutral Matchup,Average,50.0,5,Pitch-level Statcast · last 5 MLB games,425,Sinker,30.352941176470587,129.0,Changeup,26.352941176470587,112.0,Cutter,21.647058823529413,92.0,4-Seam Fastball,15.294117647058824,65.0,Slider,5.647058823529412,24.0,Unknown,,Unknown,,No,104.0,1.04,1.0,57.2,1.012,0.972,53.4,Current-Season Handedness Matchup,Pull Air %,Barrel %,Max Exit Velocity,35.3,34.5,56.1,61.5,57.2,45.0,49.6,5.43,1.315,0.992,0.985,1.0,0.976,0.976,0.98,17.3,12.6,71.7,32.8,D,Lineup unconfirmed,Curveball,0.7058823529411765,3.0,,,
42,2026-09-04,824554,2026-09-04T23:40:00Z,Scheduled,Rate Field,Minnesota Twins @ Chicago White Sox,Away,665019,Kody Clemens,Minnesota Twins,Chicago White Sox,2B,L,No,,123,498,453,107,21,6,24,66,70,33,7,113,0.236,0.296,0.468,0.764,11,46,39,9,3,0.231,0.0652,23,95,84,20,5,0.238,0.0526,670,125,7.2,29.4,56.1,20.8,22.7,18.3,29.5,52.3,27.5,7.7,4.9,7.7,52.2,84.8,20.9,0.69,70.5,96.8,111.0,13.0,13.7,4.3,59.7,40.7,Below Average,2.5,Pull Power,A-,Elevated power plane,40.7,Below Average,0.974,Good,8.0,61.5,97.1,0.813,Derived proxy,Derived proxy,Derived proxy,Derived proxy,,,43.98,19.98,Strong positive regression,Below Average Pull Power profile. 7.2% barrel rate; 84.8 mph average exit velocity; 29.5% air-ball rate; 52.3% pull-air rate; 7.7% HR-launch rate.,0.0482,0.045,4.05,4,1,18.9,0.21,21.2,Very recent HR,607200.0,Erick Fedde,R,LHB vs RHP,29,13,123.1,4.16,1.37,22,1.61,6.42,3.28,696.0,5.5,26.9,16.8,46.0,32.8,83.4,95.8,114.9,0.537,22.0,43.5,99.6,0.602,6.1,Sweeper,L,LHB vs RHP,42.3,371,0.236,0.3,0.484,0.784,19,27,84,0.0512,7.2,0.635,290,0.0207,4.6,0.538,2,1,0,0/1,0.0,0.5,0.0,0.5,0,1,0,43.4,Neutral Matchup,Average,45.5,5,Pitch-level Statcast · last 5 MLB games,288,Sweeper,36.458333333333336,105.0,Sinker,34.02777777777778,98.0,Cutter,15.972222222222221,46.0,Changeup,12.5,36.0,4-Seam Fastball,1.0416666666666667,3.0,Unknown,,Unknown,,No,100.0,1.0,1.0,50.0,0.987,0.98,56.2,Current-Season Handedness Matchup,Pull Air %,Barrel %,Max Exit Velocity,42.3,39.9,43.5,61.5,50.0,45.0,49.4,5.39,1.129,1.082,1.025,1.0,0.974,0.974,0.98,17.03,11.72,84.6,32.3,D,Lineup unconfirmed,,,,,,
43,2026-09-04,823418,2026-09-04T22:40:00Z,Scheduled,Citizens Bank Park,Atlanta Braves @ Philadelphia Phillies,Away,621566,Matt Olson,Atlanta Braves,Philadelphia Phillies,1B,L,No,,140,609,544,138,33,0,37,94,80,59,3,156,0.254,0.328,0.518,0.846,11,48,45,8,1,0.178,0.0208,26,110,101,20,6,0.198,0.0545,841,153,8.4,29.6,48.0,21.7,30.2,16.8,27.3,43.7,33.7,9.2,4.8,9.2,50.5,85.0,22.2,0.737,73.1,97.7,111.7,47.0,15.1,14.7,45.0,47.8,Below Average,3.0,Pull Power,A-,Elevated power plane,47.8,Below Average,0.994,Good,8.5,37.8,97.4,0.769,Derived proxy,Derived proxy,Derived proxy,Derived proxy,,,61.52,24.52,Strong positive regression,Below Average Pull Power profile. 8.4% barrel rate; 85.0 mph average exit velocity; 27.3% air-ball rate; 43.7% pull-air rate; 9.2% HR-launch rate.,0.0608,0.056,4.15,29,7,14.7,1.97,197.2,Above normal drought,650911.0,Cristopher Sánchez,L,LHB vs LHP,28,28,175.1,2.52,1.19,14,0.72,10.37,2.0,827.0,4.2,27.3,9.1,42.6,26.6,83.4,96.1,112.7,0.504,14.0,59.7,100.0,0.714,8.7,Sinker,L,LHB vs LHP,35.3,249,0.26,0.321,0.507,0.828,14,19,63,0.0562,6.9,0.647,165,0.0061,1.7,0.396,21,20,6,6/20,0.3,0.333,0.7,1.033,2,1,4,54.1,Neutral Matchup,Average,86.3,5,Pitch-level Statcast · last 5 MLB games,471,Sinker,46.07218683651805,217.0,Changeup,35.881104033970274,169.0,Slider,18.046709129511676,85.0,,,,,,,Unknown,,Unknown,,No,108.0,1.08,1.0,64.4,1.019,0.967,53.1,Current-Season Handedness Matchup,Pull Air %,Barrel %,Max Exit Velocity,35.3,32.2,59.7,49.9,64.4,45.0,49.1,5.34,0.857,0.939,0.985,1.0,0.994,0.994,1.035,21.28,11.35,85.0,38.6,D+,Lineup unconfirmed,,,,,,
44,2026-09-04,823338,2026-09-04T22:45:00Z,Scheduled,PNC Park,Los Angeles Angels @ Pittsburgh Pirates,Home,699013,Esmerlyn Valdez,Pittsburgh Pirates,Los Angeles Angels,RF,R,No,,67,269,226,54,13,1,16,38,45,39,1,103,0.239,0.349,0.518,0.867,8,34,30,6,2,0.2,0.0588,20,85,73,16,2,0.219,0.0235,270,89,7.8,26.5,44.4,28.4,27.2,16.6,27.2,46.2,29.3,9.7,6.5,9.7,57.5,84.1,14.5,0.737,72.8,95.8,112.3,48.2,12.4,10.7,52.1,45.9,Below Average,3.0,Pull Power,A,Excellent HR swing plane,45.9,Below Average,0.989,Good,4.5,50.0,94.8,0.629,Derived proxy,Derived proxy,Derived proxy,Derived proxy,,,18.82,2.82,Positive regression,Below Average Pull Power profile. 7.8% barrel rate; 84.1 mph average exit velocity; 27.2% air-ball rate; 46.2% pull-air rate; 9.7% HR-launch rate.,0.0595,0.051,4.09,9,2,14.1,0.64,63.7,Recently homered,696270.0,Ryan Johnson,R,RHB vs RHP,17,14,72.1,5.47,1.42,16,1.99,6.47,4.48,421.0,6.2,24.2,19.0,39.8,29.9,82.4,94.8,113.6,0.572,16.0,45.7,100.0,0.582,8.2,Cutter,R,RHB vs RHP,55.7,166,0.232,0.325,0.423,0.748,7,20,68,0.0422,8.8,0.757,132,0.053,6.1,0.617,0,0,0,0/0,,,,,0,0,0,51.0,Neutral Matchup,Average,50.0,5,Pitch-level Statcast · last 5 MLB games,423,Cutter,48.463356973995275,205.0,Sweeper,25.53191489361702,108.0,Split-Finger,15.130023640661939,64.0,Sinker,10.874704491725769,46.0,,,,Unknown,,Unknown,,No,100.0,1.0,1.0,50.0,0.991,0.987,58.4,Current-Season Handedness Matchup,Pull Air %,Barrel %,Max Exit Velocity,55.7,38.6,45.7,47.2,50.0,45.0,49.1,5.34,0.937,1.142,0.985,1.0,0.989,0.989,1.0,19.27,11.76,78.0,33.0,D,Lineup unconfirmed,,,,,,
45,2026-09-04,822852,2026-09-05T00:05:00Z,Scheduled,Globe Life Field,Tampa Bay Rays @ Texas Rangers,Away,691406,Junior Caminero,Tampa Bay Rays,Texas Rangers,3B,R,No,,140,610,535,149,20,1,37,85,88,70,3,112,0.279,0.364,0.527,0.891,12,51,46,14,2,0.304,0.0392,26,112,102,26,4,0.255,0.0357,717,128,7.3,32.9,47.9,32.9,19.2,13.0,24.0,57.5,23.2,5.1,3.4,5.1,62.1,86.1,14.1,0.565,77.8,99.9,116.9,76.3,10.9,18.7,63.6,50.0,Average,3.0,Pull Power,A,Excellent HR swing plane,50.0,Average,1.0,Good,4.7,55.2,98.8,0.457,Derived proxy,Derived proxy,Derived proxy,Derived proxy,,,47.41,10.41,Strong positive regression,Average Pull Power profile. 7.3% barrel rate; 86.1 mph average exit velocity; 24.0% air-ball rate; 57.5% pull-air rate; 5.1% HR-launch rate.,0.0607,0.0559,4.15,17,4,14.5,1.18,117.6,Near normal interval,592866.0,Trevor Williams,R,RHB vs RHP,9,0,18.1,3.93,1.42,3,1.47,11.29,3.44,114.0,3.5,16.7,10.5,34.8,34.2,79.5,91.9,109.6,0.501,3.0,53.0,100.0,0.66,8.0,4-Seam Fastball,R,RHB vs RHP,54.8,446,0.272,0.341,0.529,0.869,29,41,88,0.065,8.8,0.617,40,0.05,3.7,0.632,0,0,0,0/0,,,,,0,0,0,53.2,Neutral Matchup,Average,50.0,5,Pitch-level Statcast · last 5 MLB games,240,4-Seam Fastball,39.166666666666664,94.0,Sweeper,23.75,57.0,Sinker,19.166666666666668,46.0,Changeup,9.583333333333334,23.0,Slider,8.333333333333334,20.0,Unknown,,Unknown,,No,104.0,1.04,1.0,57.2,1.006,0.96,63.3,Current-Season Handedness Matchup,Pull Air %,Barrel %,Max Exit Velocity,54.8,21.1,53.0,57.6,57.2,45.0,48.9,5.3,0.869,1.015,0.985,1.03,1.0,1.03,1.0,21.25,11.59,85.0,36.0,D+,Lineup unconfirmed,,,,,,
46,2026-09-04,824146,2026-09-05T00:10:00Z,Scheduled,Daikin Park,Arizona Diamondbacks @ Houston Astros,Away,663457,Lars Nootbaar,Arizona Diamondbacks,Houston Astros,DH,L,No,,70,261,225,52,12,1,6,29,27,35,0,51,0.231,0.333,0.373,0.706,10,33,30,9,2,0.3,0.0606,20,69,61,14,3,0.23,0.0435,305,86,6.7,32.7,48.0,23.0,28.7,19.4,31.0,41.9,29.1,7.3,5.2,7.3,36.7,85.8,13.2,0.596,71.1,97.9,112.0,34.2,15.1,9.5,55.3,41.2,Below Average,2.5,Contact-First Profile,A,Excellent HR swing plane,41.2,Below Average,0.975,Good,8.1,51.7,98.6,0.637,Derived proxy,Derived proxy,Derived proxy,Derived proxy,,,18.58,12.58,Strong positive regression,Below Average Contact-First Profile profile. 6.7% barrel rate; 85.8 mph average exit velocity; 31.0% air-ball rate; 41.9% pull-air rate; 7.3% HR-launch rate.,0.023,0.0258,4.05,9,3,37.5,0.24,24.0,Very recent HR,664299.0,Cristian Javier,R,LHB vs RHP,13,8,44.2,6.45,1.63,8,1.61,8.46,3.83,281.0,4.3,20.3,20.3,46.8,32.4,82.3,93.7,110.8,0.58,8.0,66.0,99.8,0.771,9.0,4-Seam Fastball,L,LHB vs RHP,30.3,219,0.249,0.352,0.402,0.754,5,30,40,0.0228,5.7,0.584,92,0.0217,3.2,0.468,3,3,1,1/3,0.333,0.333,0.333,0.666,0,0,0,46.0,Neutral Matchup,Average,46.0,5,Pitch-level Statcast · last 5 MLB games,426,4-Seam Fastball,48.35680751173709,206.0,Sweeper,27.934272300469484,119.0,Changeup,15.492957746478874,66.0,Cutter,7.042253521126761,30.0,Knuckle Curve,0.9389671361502347,4.0,Unknown,,Unknown,,No,100.0,1.0,1.0,50.0,1.032,0.968,47.5,Current-Season Handedness Matchup,Pull Air %,Barrel %,Max Exit Velocity,30.3,35.0,66.0,64.7,50.0,45.0,48.8,5.29,1.35,1.052,1.025,1.0,0.975,0.975,0.98,10.06,9.1,76.2,26.1,F,Lineup unconfirmed,Pitch Out,0.2347417840375587,1.0,,,
47,2026-09-04,824554,2026-09-04T23:40:00Z,Scheduled,Rate Field,Minnesota Twins @ Chicago White Sox,Away,663616,Trevor Larnach,Minnesota Twins,Chicago White Sox,LF,L,No,,114,411,363,97,22,1,11,54,46,43,4,72,0.267,0.351,0.424,0.775,9,31,28,8,1,0.286,0.0323,19,67,63,13,1,0.206,0.0149,485,74,5.9,33.1,52.0,27.8,20.2,14.5,33.3,50.9,33.8,7.5,4.3,7.5,32.6,85.1,14.9,0.47,70.4,97.7,112.5,25.5,16.0,8.3,38.0,40.0,Below Average,2.5,Pull Power,A,Excellent HR swing plane,40.0,Below Average,0.972,Good,5.4,50.0,99.1,0.417,Derived proxy,Derived proxy,Derived proxy,Derived proxy,,,27.92,16.92,Strong positive regression,Below Average Pull Power profile. 5.9% barrel rate; 85.1 mph average exit velocity; 33.3% air-ball rate; 50.9% pull-air rate; 7.5% HR-launch rate.,0.0268,0.0279,4.05,19,6,33.0,0.58,57.6,Recently homered,607200.0,Erick Fedde,R,LHB vs RHP,29,13,123.1,4.16,1.37,22,1.61,6.42,3.28,696.0,5.5,26.9,16.8,46.0,32.8,83.4,95.8,114.9,0.537,22.0,53.0,99.6,0.651,8.5,Sweeper,L,LHB vs RHP,30.4,361,0.278,0.36,0.434,0.794,9,37,60,0.0249,6.4,0.507,290,0.0207,4.6,0.538,9,8,1,1/8,0.125,0.222,0.25,0.472,0,1,3,37.9,Slight Pitcher Advantage,Below average,28.6,5,Pitch-level Statcast · last 5 MLB games,288,Sweeper,36.458333333333336,105.0,Sinker,34.02777777777778,98.0,Cutter,15.972222222222221,46.0,Changeup,12.5,36.0,4-Seam Fastball,1.0416666666666667,3.0,Unknown,,Unknown,,No,100.0,1.0,1.0,50.0,1.006,0.98,51.0,Current-Season Handedness Matchup,Pull Air %,Barrel %,Max Exit Velocity,30.4,39.9,53.0,57.9,50.0,45.0,48.7,5.27,0.95,1.082,1.025,1.0,0.972,0.972,1.0,10.85,7.82,82.4,25.9,F,Lineup unconfirmed,,,,,,
48,2026-09-04,823579,2026-09-04T23:10:00Z,Scheduled,Citi Field,San Francisco Giants @ New York Mets,Home,668901,Mark Vientos,New York Mets,San Francisco Giants,1B,R,No,,76,260,243,52,9,0,12,26,36,12,3,62,0.214,0.258,0.399,0.657,3,6,6,2,1,0.333,0.1667,3,6,6,2,1,0.333,0.1667,327,7,6.8,30.7,37.9,29.2,32.9,17.2,27.1,40.7,26.8,7.9,6.6,7.9,63.5,84.6,19.1,0.621,72.2,96.4,109.5,30.1,13.4,8.8,61.6,39.0,Below Average,2.5,Contact-First Profile,A,Excellent HR swing plane,39.0,Below Average,0.969,Good,14.3,50.0,98.9,0.77,Derived proxy,Derived proxy,Derived proxy,Derived proxy,,,19.9,7.9,Strong positive regression,Below Average Contact-First Profile profile. 6.8% barrel rate; 84.6 mph average exit velocity; 27.1% air-ball rate; 40.7% pull-air rate; 7.9% HR-launch rate.,0.0462,0.0417,3.93,2,2,20.2,0.1,9.9,Very recent HR,683363.0,Matt Wilkinson,L,RHB vs LHP,3,3,11.2,4.63,1.11,1,0.77,4.63,1.54,69.0,2.9,30.4,17.4,45.5,27.5,84.2,95.7,108.2,0.491,1.0,56.1,100.0,0.71,7.1,4-Seam Fastball,R,RHB vs LHP,53.4,100,0.287,0.32,0.564,0.884,7,4,20,0.07,6.9,0.671,38,0.0263,3.7,0.544,0,0,0,0/0,,,,,0,0,0,53.7,Neutral Matchup,Average,50.0,3,Pitch-level Statcast · last 5 MLB games,181,4-Seam Fastball,54.69613259668508,99.0,Changeup,24.30939226519337,44.0,Slider,15.469613259668508,28.0,Cutter,5.524861878453039,10.0,,,,Unknown,,Unknown,,No,100.0,1.0,1.0,50.0,1.012,0.954,51.0,Current-Season Handedness Matchup,Pull Air %,Barrel %,Max Exit Velocity,53.4,32.2,56.1,77.3,50.0,45.0,48.7,5.27,1.0,0.992,1.025,1.0,0.969,0.969,0.98,15.41,9.39,71.1,25.1,F,Lineup unconfirmed; Limited recent games,,,,,,
49,2026-09-04,823093,2026-09-05T02:10:00Z,Scheduled,T-Mobile Park,Athletics @ Seattle Mariners,Home,677594,Julio Rodríguez,Seattle Mariners,Athletics,CF,R,No,,130,566,515,126,21,0,20,64,60,42,5,129,0.245,0.306,0.402,0.708,12,53,51,9,1,0.176,0.0189,26,116,108,21,3,0.194,0.0259,732,118,6.3,27.4,39.8,31.3,28.7,14.5,27.5,38.5,29.4,6.5,3.0,6.5,43.4,83.4,16.9,0.588,75.2,96.4,113.7,64.2,12.1,14.1,49.8,38.6,Below Average,2.5,Contact-First Profile,A,Excellent HR swing plane,38.6,Below Average,0.968,Good,7.6,36.4,95.8,0.57,Derived proxy,Derived proxy,Derived proxy,Derived proxy,,,39.64,19.64,Strong positive regression,Below Average Contact-First Profile profile. 6.3% barrel rate; 83.4 mph average exit velocity; 27.5% air-ball rate; 38.5% pull-air rate; 6.5% HR-launch rate.,0.0353,0.0348,3.99,38,9,25.8,1.48,147.6,Above normal drought,,TBD,,Unknown,0,0,0.0,0.0,0.0,0,0.0,0.0,0.0,,,,,,,,,,,,50.0,0.0,,,Unknown,R,Unknown,50.0,0,,,,,0,0,0,,,,0,,,,0,0,0,0/0,,,,,0,0,0,50.0,Neutral Matchup,Average,50.0,0,,0,,,,,,,,,,,,,,,,Unknown,,Unknown,,No,92.0,0.92,1.0,35.6,1.0,1.0,51.2,Current-Season Handedness Matchup,Pull Air %,Barrel %,Max Exit Velocity,50.0,50.0,50.0,43.4,35.6,45.0,48.7,5.27,0.853,1.0,1.0,1.0,0.968,0.968,1.035,13.16,7.61,75.0,26.9,F,Probable SP unavailable; Lineup unconfirmed,,,,,,
50,2026-09-04,824067,2026-09-05T00:10:00Z,Scheduled,Kauffman Stadium,Toronto Blue Jays @ Kansas City Royals,Away,672960,Kazuma Okamoto,Toronto Blue Jays,Kansas City Royals,3B,R,No,,135,550,493,112,21,0,28,73,78,48,6,165,0.227,0.302,0.44,0.742,10,39,32,6,2,0.188,0.0513,23,93,82,18,4,0.22,0.043,670,119,7.2,25.0,52.7,23.7,23.5,17.5,28.2,55.5,30.2,8.6,5.6,8.6,54.3,83.9,24.6,0.656,70.6,95.3,111.0,29.4,13.0,8.9,56.8,42.8,Below Average,2.5,Pull Power,A-,Elevated power plane,42.8,Below Average,0.98,Good,7.6,56.8,93.9,0.672,Derived proxy,Derived proxy,Derived proxy,Derived proxy,,,44.5,16.5,Strong positive regression,Below Average Pull Power profile. 7.2% barrel rate; 83.9 mph average exit velocity; 28.2% air-ball rate; 55.5% pull-air rate; 8.6% HR-launch rate.,0.0509,0.0475,4.05,7,2,17.6,0.4,39.8,Recently homered,663738.0,Daniel Lynch IV,L,RHB vs LHP,51,5,61.2,3.06,1.05,5,0.73,6.71,2.77,299.0,4.3,27.1,16.1,34.9,25.1,83.5,96.0,111.3,0.498,5.0,60.2,100.0,0.716,8.8,Sinker,R,RHB vs LHP,48.2,144,0.25,0.333,0.508,0.841,8,14,39,0.0556,8.1,0.736,147,0.0272,3.9,0.534,0,0,0,0/0,,,,,0,0,0,52.8,Neutral Matchup,Average,50.0,5,Pitch-level Statcast · last 5 MLB games,248,Sinker,35.88709677419355,89.0,Changeup,22.983870967741936,57.0,Slider,15.32258064516129,38.0,4-Seam Fastball,15.32258064516129,38.0,Knuckle Curve,10.483870967741936,26.0,Unknown,,Unknown,,No,100.0,1.0,1.0,50.0,1.02,0.968,57.1,Current-Season Handedness Matchup,Pull Air %,Barrel %,Max Exit Velocity,48.2,27.2,60.2,54.2,50.0,45.0,48.5,5.24,1.0,0.948,1.025,1.0,0.98,0.98,1.0,17.9,10.49,84.4,30.0,D,Lineup unconfirmed,,,,,,
51,2026-09-04,824146,2026-09-05T00:10:00Z,Scheduled,Daikin Park,Arizona Diamondbacks @ Houston Astros,Home,665161,Jeremy Peña,Houston Astros,Arizona Diamondbacks,SS,R,No,,91,392,360,100,16,1,17,67,46,23,7,86,0.278,0.332,0.469,0.801,12,52,49,12,3,0.245,0.0577,23,97,93,17,4,0.183,0.0412,494,107,4.6,23.6,47.2,27.8,25.1,14.4,25.1,48.3,24.1,5.8,4.0,5.8,78.6,82.6,9.3,0.553,70.7,94.6,111.1,14.9,9.7,4.5,57.2,31.6,Weak,2.5,Pull Power,C,Low line-drive plane,31.6,Weak,0.948,Good,5.6,50.0,93.8,0.535,Derived proxy,Derived proxy,Derived proxy,Derived proxy,,,22.02,5.02,Strong positive regression,Weak Pull Power profile. 4.6% barrel rate; 82.6 mph average exit velocity; 25.1% air-ball rate; 48.3% pull-air rate; 5.8% HR-launch rate.,0.0434,0.0407,4.09,15,4,21.2,0.71,70.8,Recently homered,518876.0,Merrill Kelly,R,RHB vs RHP,25,25,141.2,5.08,1.48,26,1.65,6.04,4.07,814.0,7.9,28.7,15.0,47.5,31.2,83.8,96.8,114.6,0.65,26.0,37.7,99.6,0.582,4.3,Changeup,R,RHB vs RHP,41.5,304,0.286,0.336,0.496,0.832,15,17,64,0.0493,3.8,0.539,241,0.0332,6.9,0.602,2,2,0,0/2,0.0,0.0,0.0,0.0,0,0,0,40.9,Slight Pitcher Advantage,Below average,45.0,5,Pitch-level Statcast · last 5 MLB games,436,4-Seam Fastball,31.422018348623855,137.0,Changeup,30.504587155963304,133.0,Curveball,11.238532110091743,49.0,Cutter,8.944954128440367,39.0,Slider,8.944954128440367,39.0,Unknown,,Unknown,,No,100.0,1.0,1.0,50.0,0.975,1.004,48.6,Current-Season Handedness Matchup,Pull Air %,Barrel %,Max Exit Velocity,41.5,55.2,37.7,47.7,50.0,45.0,48.5,5.23,1.094,1.088,0.985,1.0,0.948,0.948,1.0,15.63,10.49,84.8,30.9,D,Lineup unconfirmed,Sinker,8.486238532110091,37.0,Pitch Out,0.45871559633027525,2.0
52,2026-09-04,823256,2026-09-05T01:40:00Z,Scheduled,Petco Park,New York Yankees @ San Diego Padres,Away,700250,Ben Rice,New York Yankees,San Diego Padres,DH,L,No,,134,577,502,127,22,3,35,86,87,68,5,144,0.253,0.347,0.518,0.865,11,50,45,13,1,0.289,0.02,24,107,95,21,4,0.221,0.0374,701,137,8.3,30.0,54.6,21.2,24.2,17.0,28.8,47.1,31.9,9.6,5.4,9.6,50.7,84.7,15.8,0.693,70.9,97.0,110.7,23.1,14.3,7.3,53.1,43.9,Below Average,3.0,Pull Power,A,Excellent HR swing plane,43.9,Below Average,0.983,Good,7.3,46.3,96.3,0.669,Derived proxy,Derived proxy,Derived proxy,Derived proxy,,,51.47,16.47,Strong positive regression,Below Average Pull Power profile. 8.3% barrel rate; 84.7 mph average exit velocity; 28.8% air-ball rate; 47.1% pull-air rate; 9.6% HR-launch rate.,0.0607,0.0557,4.15,31,7,14.3,2.16,216.1,Very long drought,621111.0,Walker Buehler,R,LHB vs RHP,27,27,131.1,4.66,1.36,17,1.16,7.61,3.36,747.0,4.6,23.2,12.0,40.8,27.6,83.0,94.6,111.9,0.507,17.0,58.4,99.6,0.653,11.0,Cutter,L,LHB vs RHP,51.9,379,0.255,0.361,0.55,0.911,25,54,89,0.066,10.3,0.742,311,0.0225,4.2,0.503,1,1,0,0/1,0.0,0.0,0.0,0.0,0,0,1,53.3,Neutral Matchup,Average,47.5,5,Pitch-level Statcast · last 5 MLB games,415,Cutter,27.951807228915662,116.0,Sinker,25.542168674698797,106.0,4-Seam Fastball,17.59036144578313,73.0,Slider,11.08433734939759,46.0,Changeup,8.674698795180722,36.0,Unknown,,Unknown,,No,94.0,0.94,1.0,39.2,1.017,0.971,57.8,Current-Season Handedness Matchup,Pull Air %,Barrel %,Max Exit Velocity,51.9,30.6,58.4,53.1,39.2,45.0,48.4,5.22,0.8,1.01,1.025,1.0,0.983,0.983,1.06,21.18,10.63,85.0,38.6,D+,Lineup unconfirmed,Sweeper,4.819277108433735,20.0,Knuckle Curve,4.337349397590361,18.0
53,2026-09-04,823093,2026-09-05T02:10:00Z,Scheduled,T-Mobile Park,Athletics @ Seattle Mariners,Home,668227,Randy Arozarena,Seattle Mariners,Athletics,LF,R,No,,133,576,495,135,28,1,22,91,66,57,21,124,0.273,0.37,0.467,0.837,12,55,45,13,5,0.289,0.0909,26,118,101,23,8,0.228,0.0678,720,140,4.7,23.7,39.7,32.4,27.8,13.7,24.9,41.1,32.6,6.9,3.6,6.9,83.3,83.8,15.1,0.572,68.9,95.3,111.6,21.6,11.0,6.4,57.8,33.0,Weak,2.5,Contact-First Profile,A,Excellent HR swing plane,33.0,Weak,0.952,Good,5.0,50.0,94.6,0.586,Derived proxy,Derived proxy,Derived proxy,Derived proxy,,,33.11,11.11,Strong positive regression,Weak Contact-First Profile profile. 4.7% barrel rate; 83.8 mph average exit velocity; 24.9% air-ball rate; 41.1% pull-air rate; 6.9% HR-launch rate.,0.0382,0.0371,4.09,8,2,22.5,0.36,35.6,Recently homered,,TBD,,Unknown,0,0,0.0,0.0,0.0,0,0.0,0.0,0.0,,,,,,,,,,,,50.0,0.0,,,Unknown,R,Unknown,50.0,0,,,,,0,0,0,,,,0,,,,0,0,0,0/0,,,,,0,0,0,50.0,Neutral Matchup,Average,50.0,0,,0,,,,,,,,,,,,,,,,Unknown,,Unknown,,No,92.0,0.92,1.0,35.6,1.0,1.0,49.4,Current-Season Handedness Matchup,Pull Air %,Barrel %,Max Exit Velocity,50.0,50.0,50.0,48.1,35.6,45.0,48.4,5.22,1.35,1.0,1.0,1.0,0.952,0.952,1.0,14.34,10.42,75.0,30.0,D,Probable SP unavailable; Lineup unconfirmed,,,,,,
54,2026-09-04,824554,2026-09-04T23:40:00Z,Scheduled,Rate Field,Minnesota Twins @ Chicago White Sox,Away,668904,Royce Lewis,Minnesota Twins,Chicago White Sox,1B,R,No,,105,430,387,91,21,1,14,48,51,36,3,106,0.235,0.302,0.403,0.705,11,46,43,9,1,0.209,0.0217,25,106,99,24,2,0.242,0.0189,532,156,6.4,26.7,52.2,29.3,18.4,14.3,27.9,63.4,28.5,6.2,4.0,6.2,32.7,83.7,23.0,0.562,73.0,95.8,111.4,51.6,12.0,13.0,69.7,42.1,Below Average,2.5,Pull Power,A-,Elevated power plane,42.1,Below Average,0.978,Good,5.1,68.3,95.4,0.556,Derived proxy,Derived proxy,Derived proxy,Derived proxy,,,32.29,18.29,Strong positive regression,Below Average Pull Power profile. 6.4% barrel rate; 83.7 mph average exit velocity; 27.9% air-ball rate; 63.4% pull-air rate; 6.2% HR-launch rate.,0.0326,0.0324,4.05,6,1,27.6,0.22,21.7,Very recent HR,607200.0,Erick Fedde,R,RHB vs RHP,29,13,123.1,4.16,1.37,22,1.61,6.42,3.28,696.0,5.5,26.9,16.8,46.0,32.8,83.4,95.8,114.9,0.537,22.0,46.2,99.6,0.617,6.7,Sweeper,R,RHB vs RHP,43.3,315,0.227,0.295,0.39,0.685,10,27,83,0.0317,5.8,0.539,244,0.0656,6.5,0.537,2,2,0,0/2,0.0,0.0,0.0,0.0,0,0,1,44.6,Neutral Matchup,Average,45.0,5,Pitch-level Statcast · last 5 MLB games,288,Sweeper,36.458333333333336,105.0,Sinker,34.02777777777778,98.0,Cutter,15.972222222222221,46.0,Changeup,12.5,36.0,4-Seam Fastball,1.0416666666666667,3.0,Unknown,,Unknown,,No,100.0,1.0,1.0,50.0,0.992,0.98,54.3,Current-Season Handedness Matchup,Pull Air %,Barrel %,Max Exit Velocity,43.3,39.9,46.2,51.8,50.0,45.0,48.3,5.2,0.852,1.082,0.985,1.0,0.978,0.978,0.98,12.5,7.65,85.0,25.0,F,Lineup unconfirmed,,,,,,
55,2026-09-04,824471,2026-09-04T22:10:00Z,Scheduled,Great American Ball Park,Milwaukee Brewers @ Cincinnati Reds,Home,682829,Elly De La Cruz,Cincinnati Reds,Milwaukee Brewers,SS,S,No,,121,541,477,130,24,5,21,83,60,59,2,147,0.273,0.353,0.476,0.829,11,50,45,19,1,0.422,0.02,27,119,105,27,3,0.257,0.0252,578,141,8.0,31.0,37.9,29.6,31.2,14.4,27.4,28.2,29.8,6.7,3.1,6.7,38.4,86.2,13.1,0.661,74.8,99.0,115.9,56.6,13.4,13.5,49.7,41.0,Below Average,2.5,Contact-First Profile,A,Excellent HR swing plane,41.0,Below Average,0.975,Good,7.1,23.5,98.3,0.613,Derived proxy,Derived proxy,Derived proxy,Derived proxy,,,37.95,16.95,Strong positive regression,Below Average Contact-First Profile profile. 8.0% barrel rate; 86.2 mph average exit velocity; 27.4% air-ball rate; 28.2% pull-air rate; 6.7% HR-launch rate.,0.0388,0.0376,4.09,39,10,22.7,1.72,171.7,Above normal drought,675660.0,Shane Drohan,L,Switch vs LHP,27,16,110.1,3.75,1.3,10,0.82,8.97,3.02,557.0,5.4,25.7,16.0,37.2,30.9,82.4,95.0,113.6,0.49,10.0,64.5,100.0,0.743,9.6,4-Seam Fastball,R,RHB vs LHP,50.8,151,0.333,0.404,0.621,1.025,8,16,40,0.053,11.8,0.68,321,0.0312,5.6,0.494,6,6,2,2/6,0.333,0.333,0.333,0.666,0,0,2,53.8,Neutral Matchup,Average,41.9,5,Pitch-level Statcast · last 5 MLB games,400,4-Seam Fastball,23.25,93.0,Slider,21.5,86.0,Sinker,20.25,81.0,Cutter,15.5,62.0,Curveball,12.25,49.0,Unknown,,Unknown,,No,112.0,1.12,1.0,71.6,1.029,0.979,51.2,Current-Season Handedness Matchup,Pull Air %,Barrel %,Max Exit Velocity,50.8,31.2,64.5,35.2,71.6,45.0,48.3,5.2,0.838,0.955,1.035,1.0,0.975,0.975,1.035,14.5,9.03,85.0,33.5,D,Lineup unconfirmed,Changeup,7.25,29.0,,,
56,2026-09-04,824311,2026-09-05T00:40:00Z,Scheduled,Coors Field,St. Louis Cardinals @ Colorado Rockies,Away,602104,Ramón Urías,St. Louis Cardinals,Colorado Rockies,3B,R,No,,35,94,80,13,3,0,4,14,9,9,4,17,0.163,0.277,0.35,0.627,10,26,23,4,2,0.174,0.0769,10,26,23,4,2,0.174,0.0769,112,27,6.6,26.0,38.6,28.5,33.0,22.4,29.6,44.4,24.7,9.7,6.6,9.7,71.6,84.5,20.8,0.548,68.5,95.2,106.0,6.1,10.3,1.3,78.0,32.5,Weak,2.5,Pull Power,A-,Elevated power plane,32.5,Weak,0.951,Good,7.4,55.6,96.0,0.622,Derived proxy,Derived proxy,Derived proxy,Derived proxy,,,6.99,2.99,Positive regression,Weak Pull Power profile. 6.6% barrel rate; 84.5 mph average exit velocity; 29.6% air-ball rate; 44.4% pull-air rate; 9.7% HR-launch rate.,0.0426,0.0366,3.87,5,2,20.0,0.25,25.0,Very recent HR,663372.0,Ryan Feltner,R,RHB vs RHP,21,20,101.2,5.84,1.55,19,1.68,6.73,3.98,583.0,6.9,24.7,16.5,50.9,27.4,82.8,95.0,111.1,0.592,19.0,40.2,99.9,0.57,6.1,4-Seam Fastball,R,RHB vs RHP,31.2,58,0.1,0.207,0.14,0.347,0,5,10,0.0,1.3,0.235,213,0.0469,6.3,0.593,2,1,0,0/1,0.0,0.5,0.0,0.5,0,0,1,37.2,Slight Pitcher Advantage,Below average,45.5,5,Pitch-level Statcast · last 5 MLB games,441,4-Seam Fastball,30.158730158730158,133.0,Changeup,23.356009070294785,103.0,Slider,17.687074829931973,78.0,Sinker,15.873015873015873,70.0,Curveball,7.936507936507937,35.0,Unknown,,Unknown,,No,118.0,1.18,1.0,82.4,0.98,0.994,42.4,Current-Season Handedness Matchup,Pull Air %,Barrel %,Max Exit Velocity,31.2,48.9,40.2,57.9,82.4,45.0,48.3,5.2,1.35,1.093,0.985,0.975,0.951,0.927,0.98,13.45,11.8,60.8,27.4,F,Lineup unconfirmed,Sweeper,4.988662131519274,22.0,,,
57,2026-09-04,823093,2026-09-05T02:10:00Z,Scheduled,T-Mobile Park,Athletics @ Seattle Mariners,Away,661531,Brian Serven,Athletics,Seattle Mariners,C,R,No,,20,63,60,14,1,0,5,8,14,2,1,16,0.233,0.27,0.5,0.77,6,23,21,6,2,0.286,0.087,13,50,48,11,4,0.229,0.08,68,53,7.4,22.6,40.1,27.3,32.6,19.0,35.2,41.2,41.4,9.0,5.8,9.0,100.0,83.3,15.7,0.623,68.1,95.1,108.6,6.0,10.7,2.7,51.6,36.1,Below Average,2.5,Contact-First Profile,A,Excellent HR swing plane,36.1,Below Average,0.961,Good,7.5,45.0,94.5,0.635,Derived proxy,Derived proxy,Derived proxy,Derived proxy,,,4.36,-0.64,Near expected,Below Average Contact-First Profile profile. 7.4% barrel rate; 83.3 mph average exit velocity; 35.2% air-ball rate; 41.2% pull-air rate; 9.0% HR-launch rate.,0.0794,0.0483,3.99,8,2,12.0,0.67,66.7,Recently homered,669302.0,Logan Gilbert,R,RHB vs RHP,27,27,160.1,3.42,1.04,22,1.23,9.32,2.25,844.0,5.2,23.2,14.5,46.0,31.6,82.5,94.6,115.2,0.543,22.0,59.9,61.1,0.721,8.4,4-Seam Fastball,R,RHB vs RHP,52.2,29,0.259,0.31,0.593,0.903,3,2,8,0.1034,6.9,0.749,278,0.0396,6.8,0.547,0,0,0,0/0,,,,,0,0,0,54.5,Neutral Matchup,Average,50.0,5,Pitch-level Statcast · last 5 MLB games,479,4-Seam Fastball,43.42379958246347,208.0,Slider,23.799582463465555,114.0,Split-Finger,16.701461377870565,80.0,Changeup,9.394572025052192,45.0,Sweeper,4.592901878914405,22.0,Unknown,,Unknown,,No,92.0,0.92,1.0,35.6,1.02,0.977,52.1,Current-Season Handedness Matchup,Pull Air %,Barrel %,Max Exit Velocity,52.2,37.8,59.9,48.8,35.6,45.0,47.9,5.13,1.294,1.021,0.985,1.0,0.961,0.961,1.0,17.93,11.97,60.5,29.4,F,Small season sample; Lineup unconfirmed,Cutter,1.8789144050104385,9.0,Sinker,0.20876826722338204,1.0
58,2026-09-04,823338,2026-09-04T22:45:00Z,Scheduled,PNC Park,Los Angeles Angels @ Pittsburgh Pirates,Away,642350,Jose Siri,Los Angeles Angels,Pittsburgh Pirates,CF,R,No,,86,194,175,39,8,0,7,29,23,12,3,63,0.223,0.283,0.389,0.672,11,34,30,2,0,0.067,0.0,26,68,62,10,1,0.161,0.0147,232,82,7.5,24.8,41.1,31.3,27.1,16.2,26.1,39.4,28.0,8.5,5.5,8.5,33.4,81.9,16.0,0.711,70.6,95.0,113.2,37.1,10.8,9.4,46.6,39.0,Below Average,2.5,Contact-First Profile,A,Excellent HR swing plane,39.0,Below Average,0.969,Good,8.5,33.3,95.2,0.779,Derived proxy,Derived proxy,Derived proxy,Derived proxy,,,14.32,7.32,Strong positive regression,Below Average Contact-First Profile profile. 7.5% barrel rate; 81.9 mph average exit velocity; 26.1% air-ball rate; 39.4% pull-air rate; 8.5% HR-launch rate.,0.0361,0.0345,3.99,54,22,25.0,2.16,216.0,Very long drought,683003.0,Jared Jones,R,RHB vs RHP,16,16,72.2,4.83,1.28,12,1.49,10.28,3.34,372.0,5.9,27.2,14.8,37.5,31.2,84.7,96.5,115.1,0.557,12.0,63.1,100.0,0.809,5.6,4-Seam Fastball,R,RHB vs RHP,37.1,98,0.273,0.316,0.398,0.714,2,5,29,0.0204,6.1,0.569,123,0.0407,7.4,0.522,3,3,0,0/3,0.0,0.0,0.0,0.0,0,0,2,47.3,Neutral Matchup,Average,42.5,5,Pitch-level Statcast · last 5 MLB games,410,4-Seam Fastball,47.80487804878049,196.0,Slider,33.90243902439025,139.0,Changeup,11.707317073170731,48.0,Curveball,6.585365853658536,27.0,,,,Unknown,,Unknown,,No,100.0,1.0,1.0,50.0,1.026,0.984,49.1,Current-Season Handedness Matchup,Pull Air %,Barrel %,Max Exit Velocity,37.1,37.5,63.1,41.5,50.0,45.0,47.7,5.11,0.758,1.062,0.985,1.0,0.969,0.969,1.06,13.08,7.7,71.3,29.1,F,Lineup unconfirmed,,,,,,
59,2026-09-04,824797,2026-09-04T23:05:00Z,Scheduled,Oriole Park at Camden Yards,Boston Red Sox @ Baltimore Orioles,Home,624413,Pete Alonso,Baltimore Orioles,Boston Red Sox,1B,R,No,,141,611,528,142,24,0,33,86,94,69,9,147,0.269,0.36,0.502,0.862,12,52,44,11,3,0.25,0.0577,27,117,101,36,10,0.356,0.0855,779,153,8.4,34.3,41.8,27.5,30.5,14.5,25.8,41.9,31.1,8.7,3.9,8.7,56.0,87.1,19.5,0.797,73.0,99.0,113.4,43.6,15.4,12.9,50.8,49.5,Average,3.0,Contact-First Profile,A,Excellent HR swing plane,49.5,Average,0.999,Good,9.2,50.0,99.5,0.884,Derived proxy,Derived proxy,Derived proxy,Derived proxy,,,58.43,25.43,Strong positive regression,Average Contact-First Profile profile. 8.4% barrel rate; 87.1 mph average exit velocity; 25.8% air-ball rate; 41.9% pull-air rate; 8.7% HR-launch rate.,0.054,0.0504,4.09,0,0,16.0,0.0,0.0,Very recent HR,624133.0,Ranger Suarez,L,RHB vs LHP,24,24,123.2,3.64,1.24,8,0.58,8.66,2.84,664.0,3.2,20.5,12.2,44.1,32.1,80.4,93.2,113.6,0.477,8.0,53.6,99.9,0.697,6.5,Sinker,R,RHB vs LHP,40.4,182,0.258,0.33,0.448,0.778,8,16,44,0.044,9.3,0.722,372,0.0134,2.7,0.462,1,1,0,0/1,0.0,0.0,0.0,0.0,0,0,0,46.5,Neutral Matchup,Average,47.5,5,Pitch-level Statcast · last 5 MLB games,438,4-Seam Fastball,24.200913242009133,106.0,Sinker,21.91780821917808,96.0,Curveball,17.123287671232877,75.0,Cutter,15.981735159817351,70.0,Changeup,12.100456621004566,53.0,Unknown,,Unknown,,No,99.0,0.99,1.0,48.2,1.007,0.957,55.0,Current-Season Handedness Matchup,Pull Air %,Barrel %,Max Exit Velocity,40.4,28.0,53.6,67.1,48.2,45.0,47.7,5.11,1.157,0.917,1.025,1.0,0.999,0.999,0.98,19.06,11.51,85.0,33.5,D,Lineup unconfirmed,Slider,8.67579908675799,38.0,,,
60,2026-09-04,823905,2026-09-05T02:10:00Z,Scheduled,UNIQLO Field at Dodger Stadium,Washington Nationals @ Los Angeles Dodgers,Home,687221,Dalton Rushing,Los Angeles Dodgers,Washington Nationals,C,L,No,,77,249,220,55,12,0,12,37,36,23,5,73,0.25,0.333,0.468,0.801,3,4,3,0,0,0.0,0.0,3,4,3,0,0,0.0,0.0,285,0,7.4,26.7,52.7,26.4,20.9,14.0,30.5,48.3,33.7,6.7,4.6,6.7,57.1,83.5,19.2,0.641,70.5,95.9,111.5,14.0,14.0,4.0,50.8,38.3,Below Average,2.5,Pull Power,A,Excellent HR swing plane,38.3,Below Average,0.967,Good,,,,,Derived proxy,Derived proxy,Derived proxy,Derived proxy,,,18.0,6.0,Strong positive regression,Below Average Pull Power profile. 7.4% barrel rate; 83.5 mph average exit velocity; 30.5% air-ball rate; 48.3% pull-air rate; 6.7% HR-launch rate.,0.0482,0.0429,4.09,6,4,18.3,0.33,32.7,Very recent HR,800600.0,Jackson Kent,L,LHB vs LHP,4,4,19.1,5.59,1.71,1,0.47,7.91,6.98,116.0,3.4,24.1,7.8,61.9,27.6,80.5,93.2,111.3,0.521,1.0,57.5,100.0,0.704,8.0,4-Seam Fastball,L,LHB vs LHP,35.0,66,0.22,0.303,0.356,0.659,1,5,19,0.0152,4.1,0.497,21,0.0,3.6,0.491,0,0,0,0/0,,,,,0,0,0,45.8,Neutral Matchup,Average,50.0,4,Pitch-level Statcast · last 5 MLB games,358,4-Seam Fastball,35.19553072625698,126.0,Changeup,21.22905027932961,76.0,Slider,17.877094972067038,64.0,Curveball,13.687150837988828,49.0,Sinker,12.011173184357542,43.0,Unknown,,Unknown,,No,100.0,1.0,1.0,50.0,1.015,0.959,52.5,Current-Season Handedness Matchup,Pull Air %,Barrel %,Max Exit Velocity,35.0,33.4,57.5,50.0,50.0,45.0,47.6,5.09,1.0,0.972,0.985,1.0,0.967,0.967,0.98,16.43,9.39,70.1,27.1,F,Lineup unconfirmed; Limited recent games,,,,,,
61,2026-09-04,824797,2026-09-04T23:05:00Z,Scheduled,Oriole Park at Camden Yards,Boston Red Sox @ Baltimore Orioles,Away,663330,Jahmai Jones,Boston Red Sox,Baltimore Orioles,DH,R,No,,81,147,129,29,6,1,5,18,15,15,3,44,0.225,0.32,0.403,0.723,9,16,11,5,1,0.455,0.0625,14,26,20,11,1,0.55,0.0385,153,23,6.7,33.6,61.4,20.6,17.2,12.7,32.2,71.5,33.8,7.2,4.5,7.2,54.0,86.7,18.1,0.75,72.3,98.6,111.9,33.6,16.8,12.8,54.6,49.9,Average,3.0,Pull Power,A,Excellent HR swing plane,49.9,Average,1.0,Good,8.7,88.9,101.1,0.924,Derived proxy,Derived proxy,Derived proxy,Derived proxy,,,10.55,5.55,Strong positive regression,Average Pull Power profile. 6.7% barrel rate; 86.7 mph average exit velocity; 32.2% air-ball rate; 71.5% pull-air rate; 7.2% HR-launch rate.,0.034,0.0331,4.05,1,1,25.8,0.04,3.9,Very recent HR,669358.0,Shane Baz,R,RHB vs RHP,27,27,157.0,4.01,1.35,11,0.63,7.97,3.15,919.0,3.7,24.0,13.5,38.1,29.8,83.1,94.8,116.9,0.507,11.0,51.2,66.7,0.669,6.6,4-Seam Fastball,R,RHB vs RHP,31.5,23,0.13,0.13,0.13,0.261,0,0,9,0.0,0.0,0.423,277,0.0144,3.0,0.477,0,0,0,0/0,,,,,0,0,0,42.1,Slight Pitcher Advantage,Below average,50.0,5,Pitch-level Statcast · last 5 MLB games,442,4-Seam Fastball,37.33031674208145,165.0,Knuckle Curve,31.67420814479638,140.0,Sinker,12.44343891402715,55.0,Changeup,10.180995475113122,45.0,Cutter,8.371040723981901,37.0,Unknown,,Unknown,,No,99.0,0.99,1.0,48.2,1.002,0.962,55.5,Current-Season Handedness Matchup,Pull Air %,Barrel %,Max Exit Velocity,31.5,26.8,51.2,71.0,48.2,45.0,47.5,5.06,1.224,0.925,0.985,1.0,1.0,1.0,0.98,12.75,8.76,64.6,24.1,F,Lineup unconfirmed,,,,,,
62,2026-09-04,824797,2026-09-04T23:05:00Z,Scheduled,Oriole Park at Camden Yards,Boston Red Sox @ Baltimore Orioles,Home,687952,Christian Encarnacion-Strand,Baltimore Orioles,Boston Red Sox,3B,R,No,,39,141,130,35,7,0,8,14,30,8,1,37,0.269,0.314,0.508,0.822,12,44,41,13,2,0.317,0.0455,26,91,85,23,5,0.271,0.0549,217,138,7.1,20.6,47.9,22.7,29.3,13.2,25.3,51.2,31.9,6.0,3.4,6.0,44.3,82.3,21.4,0.719,72.4,94.1,111.8,36.6,11.6,7.3,53.4,40.8,Below Average,2.5,Pull Power,A-,Elevated power plane,40.8,Below Average,0.974,Good,5.8,50.0,93.7,0.695,Derived proxy,Derived proxy,Derived proxy,Derived proxy,,,13.05,5.05,Strong positive regression,Below Average Pull Power profile. 7.1% barrel rate; 82.3 mph average exit velocity; 25.3% air-ball rate; 51.2% pull-air rate; 6.0% HR-launch rate.,0.0567,0.0454,4.09,0,0,16.2,0.0,0.0,Very recent HR,624133.0,Ranger Suarez,L,RHB vs LHP,24,24,123.2,3.64,1.24,8,0.58,8.66,2.84,664.0,3.2,20.5,12.2,44.1,32.1,80.4,93.2,113.6,0.477,8.0,55.1,99.9,0.721,6.0,Sinker,R,RHB vs LHP,48.9,51,0.311,0.38,0.689,1.069,5,5,16,0.098,13.3,1.15,372,0.0134,2.7,0.462,3,3,1,1/3,0.333,0.333,0.333,0.666,0,0,1,50.5,Neutral Matchup,Average,46.0,5,Pitch-level Statcast · last 5 MLB games,438,4-Seam Fastball,24.200913242009133,106.0,Sinker,21.91780821917808,96.0,Curveball,17.123287671232877,75.0,Cutter,15.981735159817351,70.0,Changeup,12.100456621004566,53.0,Unknown,,Unknown,,No,99.0,0.99,1.0,48.2,1.01,0.957,57.6,Current-Season Handedness Matchup,Pull Air %,Barrel %,Max Exit Velocity,48.9,28.0,55.1,47.9,48.2,45.0,47.4,5.06,1.038,0.917,1.025,1.0,0.974,0.974,0.98,17.29,9.77,69.4,27.9,F,Lineup unconfirmed,Slider,8.67579908675799,38.0,,,
63,2026-09-04,823093,2026-09-05T02:10:00Z,Scheduled,T-Mobile Park,Athletics @ Seattle Mariners,Home,642215,Weston Wilson,Seattle Mariners,Athletics,3B,R,No,,57,142,125,26,4,0,4,18,11,16,1,46,0.208,0.303,0.336,0.639,6,25,23,6,0,0.261,0.0,14,44,37,8,1,0.216,0.0227,155,46,2.9,25.3,49.2,26.7,23.3,11.4,21.1,48.1,34.6,6.5,5.2,6.5,87.0,81.2,10.0,0.488,69.0,94.3,109.1,16.1,12.5,4.2,43.1,30.1,Weak,2.0,Pull Power,C,Low line-drive plane,30.1,Weak,0.944,Good,2.2,44.4,95.9,0.55,Derived proxy,Derived proxy,Derived proxy,Derived proxy,,,5.27,1.27,Near expected,Weak Pull Power profile. 2.9% barrel rate; 81.2 mph average exit velocity; 21.1% air-ball rate; 48.1% pull-air rate; 6.5% HR-launch rate.,0.0282,0.0299,3.87,27,10,31.2,0.86,86.4,Near normal interval,,TBD,,Unknown,0,0,0.0,0.0,0.0,0,0.0,0.0,0.0,,,,,,,,,,,,50.0,0.0,,,Unknown,R,Unknown,50.0,0,,,,,0,0,0,,,,0,,,,0,0,0,0/0,,,,,0,0,0,50.0,Neutral Matchup,Average,50.0,0,,0,,,,,,,,,,,,,,,,Unknown,,Unknown,,No,92.0,0.92,1.0,35.6,1.0,1.0,48.5,Current-Season Handedness Matchup,Pull Air %,Barrel %,Max Exit Velocity,50.0,50.0,50.0,39.1,35.6,45.0,47.3,5.04,0.814,1.0,1.0,0.94,0.944,0.888,1.0,11.09,6.14,55.7,18.1,F,Probable SP unavailable; Lineup unconfirmed,,,,,,
64,2026-09-04,823338,2026-09-04T22:45:00Z,Scheduled,PNC Park,Los Angeles Angels @ Pittsburgh Pirates,Away,687263,Zach Neto,Los Angeles Angels,Pittsburgh Pirates,SS,R,No,,135,603,538,127,28,4,23,88,66,55,9,185,0.236,0.317,0.431,0.748,10,45,41,12,2,0.293,0.0444,24,106,99,27,4,0.273,0.0377,760,145,6.3,26.3,49.6,26.8,23.4,16.4,28.0,55.7,29.8,7.9,5.2,7.9,46.7,83.2,16.4,0.609,69.1,95.3,109.6,15.5,12.7,3.7,39.2,35.9,Below Average,2.5,Pull Power,A,Excellent HR swing plane,35.9,Below Average,0.961,Good,6.2,62.8,96.0,0.598,Derived proxy,Derived proxy,Derived proxy,Derived proxy,,,45.06,22.06,Strong positive regression,Below Average Pull Power profile. 6.3% barrel rate; 83.2 mph average exit velocity; 28.0% air-ball rate; 55.7% pull-air rate; 7.9% HR-launch rate.,0.0381,0.0371,4.05,12,3,23.4,0.51,51.3,Recently homered,683003.0,Jared Jones,R,RHB vs RHP,16,16,72.2,4.83,1.28,12,1.49,10.28,3.34,372.0,5.9,27.2,14.8,37.5,31.2,84.7,96.5,115.1,0.557,12.0,43.9,100.0,0.623,5.3,4-Seam Fastball,R,RHB vs RHP,43.9,435,0.224,0.306,0.418,0.723,17,38,141,0.0391,6.5,0.614,123,0.0407,7.4,0.522,0,0,0,0/0,,,,,0,0,0,45.1,Neutral Matchup,Average,50.0,5,Pitch-level Statcast · last 5 MLB games,410,4-Seam Fastball,47.80487804878049,196.0,Slider,33.90243902439025,139.0,Changeup,11.707317073170731,48.0,Curveball,6.585365853658536,27.0,,,,Unknown,,Unknown,,No,100.0,1.0,1.0,50.0,0.988,0.984,53.5,Current-Season Handedness Matchup,Pull Air %,Barrel %,Max Exit Velocity,43.9,37.5,43.9,55.3,50.0,45.0,47.3,5.03,1.046,1.062,0.985,1.0,0.961,0.961,1.0,14.21,9.3,85.0,28.2,F,Lineup unconfirmed,,,,,,
65,2026-09-04,823905,2026-09-05T02:10:00Z,Scheduled,UNIQLO Field at Dodger Stadium,Washington Nationals @ Los Angeles Dodgers,Away,695578,James Wood,Washington Nationals,Los Angeles Dodgers,RF,L,No,,115,539,441,117,26,1,30,100,73,90,4,154,0.265,0.391,0.533,0.924,1,4,4,1,0,0.25,0.0,1,4,4,1,0,0.25,0.0,545,3,11.4,35.8,41.4,20.7,37.6,14.7,29.0,28.5,33.4,9.5,4.0,9.5,48.4,87.7,11.6,0.896,74.1,100.6,116.3,62.9,16.3,18.8,41.9,53.3,Average,3.0,Balanced Power,A,Excellent HR swing plane,53.3,Average,1.009,Good,0.0,100.0,101.4,0.513,Derived proxy,Derived proxy,Derived proxy,Derived proxy,,,50.75,20.75,Strong positive regression,Average Balanced Power profile. 11.4% barrel rate; 87.7 mph average exit velocity; 29.0% air-ball rate; 28.5% pull-air rate; 9.5% HR-launch rate.,0.0557,0.0514,4.31,32,9,14.7,2.18,217.7,Very long drought,605483.0,Blake Snell,L,LHB vs LHP,5,5,26.0,2.42,1.08,0,0.0,12.46,4.15,129.0,0.8,6.2,10.1,33.3,29.5,78.0,87.5,107.3,0.331,0.0,79.4,100.0,0.937,11.7,4-Seam Fastball,L,LHB vs LHP,52.1,180,0.252,0.339,0.484,0.823,9,20,59,0.05,9.5,0.809,35,0.0,0.0,0.363,2,2,0,0/2,0.0,0.0,0.0,0.0,0,0,2,60.2,Slight Hitter Advantage,Above average,45.0,5,Pitch-level Statcast · last 5 MLB games,444,4-Seam Fastball,49.32432432432432,219.0,Curveball,20.945945945945947,93.0,Changeup,17.792792792792792,79.0,Slider,11.936936936936936,53.0,,,,Unknown,,Unknown,,No,100.0,1.0,1.0,50.0,1.059,0.933,56.9,Current-Season Handedness Matchup,Pull Air %,Barrel %,Max Exit Velocity,52.1,9.9,79.4,56.8,50.0,45.0,47.3,5.03,1.0,1.0,0.985,1.03,1.009,1.04,1.06,20.32,12.51,77.3,41.5,D+,Lineup unconfirmed; Limited recent games,,,,,,
66,2026-09-04,824424,2026-09-04T18:10:00Z,Scheduled,Progressive Field,Detroit Tigers @ Cleveland Guardians,Home,666176,Jo Adell,Cleveland Guardians,Detroit Tigers,RF,R,No,,137,566,519,125,23,1,20,58,83,27,16,135,0.241,0.297,0.405,0.702,11,49,43,12,1,0.279,0.0204,24,99,87,22,4,0.253,0.0404,781,129,6.8,29.3,42.8,27.6,29.1,12.6,25.0,42.6,30.1,6.3,3.4,6.3,40.5,83.6,17.0,0.629,75.0,97.5,114.5,65.2,12.2,16.0,46.9,43.0,Below Average,2.5,Pull Power,A,Excellent HR swing plane,43.0,Below Average,0.98,Good,7.8,45.2,99.1,0.661,Derived proxy,Derived proxy,Derived proxy,Derived proxy,,,45.34,25.34,Strong positive regression,Below Average Pull Power profile. 6.8% barrel rate; 83.6 mph average exit velocity; 25.0% air-ball rate; 42.6% pull-air rate; 6.3% HR-launch rate.,0.0353,0.0348,3.99,39,10,26.0,1.5,150.3,Above normal drought,672456.0,Keider Montero,R,RHB vs RHP,28,22,139.0,3.24,0.99,14,0.91,5.96,2.01,738.0,4.6,24.7,14.8,46.6,26.0,83.1,95.0,112.4,0.463,14.0,59.4,99.7,0.711,8.6,4-Seam Fastball,R,RHB vs RHP,24.4,408,0.212,0.27,0.332,0.601,8,18,99,0.0196,5.6,0.528,240,0.0208,3.7,0.406,2,2,0,0/2,0.0,0.0,0.0,0.0,0,0,1,40.8,Slight Pitcher Advantage,Below average,45.0,5,Pitch-level Statcast · last 5 MLB games,407,4-Seam Fastball,31.44963144963145,128.0,Slider,20.884520884520885,85.0,Sinker,18.91891891891892,77.0,Changeup,15.97051597051597,65.0,Knuckle Curve,12.776412776412776,52.0,Unknown,,Unknown,,No,100.0,1.0,1.0,50.0,1.019,0.971,48.3,Current-Season Handedness Matchup,Pull Air %,Barrel %,Max Exit Velocity,24.4,33.6,59.4,58.5,50.0,45.0,47.1,5.01,0.938,0.97,0.985,1.0,0.98,0.98,1.035,13.16,8.11,84.9,29.1,F,Lineup unconfirmed,,,,,,
67,2026-09-04,824471,2026-09-04T22:10:00Z,Scheduled,Great American Ball Park,Milwaukee Brewers @ Cincinnati Reds,Home,668709,JJ Bleday,Cincinnati Reds,Milwaukee Brewers,LF,L,No,,112,467,396,88,15,2,22,53,55,64,3,99,0.222,0.333,0.437,0.77,11,48,41,11,2,0.268,0.0417,27,110,95,20,3,0.211,0.0273,584,144,6.2,25.0,54.1,23.0,22.5,17.0,31.4,59.2,31.7,7.2,4.8,7.2,50.8,82.9,23.7,0.56,71.3,95.4,113.1,27.9,13.5,8.4,50.7,40.1,Below Average,2.5,Pull Power,A-,Elevated power plane,40.1,Below Average,0.972,Good,5.6,61.4,94.9,0.507,Derived proxy,Derived proxy,Derived proxy,Derived proxy,,,34.07,12.07,Strong positive regression,Below Average Pull Power profile. 6.2% barrel rate; 82.9 mph average exit velocity; 31.4% air-ball rate; 59.2% pull-air rate; 7.2% HR-launch rate.,0.0471,0.044,3.99,0,0,18.0,0.0,0.0,Very recent HR,675660.0,Shane Drohan,L,LHB vs LHP,27,16,110.1,3.75,1.3,10,0.82,8.97,3.02,557.0,5.4,25.7,16.0,37.2,30.9,82.4,95.0,113.6,0.49,10.0,50.4,100.0,0.632,8.1,4-Seam Fastball,L,LHB vs LHP,27.3,117,0.204,0.291,0.369,0.66,5,13,26,0.0427,4.7,0.461,145,0.0,4.9,0.48,0,0,0,0/0,,,,,0,0,0,39.9,Slight Pitcher Advantage,Below average,50.0,5,Pitch-level Statcast · last 5 MLB games,400,4-Seam Fastball,23.25,93.0,Slider,21.5,86.0,Sinker,20.25,81.0,Cutter,15.5,62.0,Curveball,12.25,49.0,Unknown,,Unknown,,No,112.0,1.12,1.0,71.6,1.001,0.979,50.9,Current-Season Handedness Matchup,Pull Air %,Barrel %,Max Exit Velocity,27.3,31.2,50.4,51.7,71.6,45.0,47.1,5.01,0.92,0.955,0.985,1.0,0.972,0.972,0.98,16.44,9.49,85.0,28.9,F,Lineup unconfirmed,Changeup,7.25,29.0,,,
68,2026-09-04,823338,2026-09-04T22:45:00Z,Scheduled,PNC Park,Los Angeles Angels @ Pittsburgh Pirates,Away,545361,Mike Trout,Los Angeles Angels,Pittsburgh Pirates,CF,R,No,,121,540,440,105,21,0,20,75,50,89,8,139,0.239,0.375,0.423,0.798,11,49,42,11,0,0.262,0.0,26,115,97,22,2,0.227,0.0174,645,145,7.1,21.4,37.0,26.1,36.6,15.2,26.7,36.7,29.3,6.4,4.3,6.4,34.2,81.5,21.7,0.669,72.4,94.3,113.3,44.5,9.9,10.8,40.7,36.2,Below Average,2.5,Contact-First Profile,A-,Elevated power plane,36.2,Below Average,0.961,Good,5.5,28.9,93.4,0.587,Derived proxy,Derived proxy,Derived proxy,Derived proxy,,,36.17,16.17,Strong positive regression,Below Average Contact-First Profile profile. 7.1% barrel rate; 81.5 mph average exit velocity; 26.7% air-ball rate; 36.7% pull-air rate; 6.4% HR-launch rate.,0.037,0.0361,4.05,81,21,22.0,3.68,368.2,Very long drought,683003.0,Jared Jones,R,RHB vs RHP,16,16,72.2,4.83,1.28,12,1.49,10.28,3.34,372.0,5.9,27.2,14.8,37.5,31.2,84.7,96.5,115.1,0.557,12.0,63.8,100.0,0.76,8.4,4-Seam Fastball,R,RHB vs RHP,49.0,390,0.228,0.364,0.419,0.783,15,62,103,0.0385,7.8,0.732,123,0.0407,7.4,0.522,0,0,0,0/0,,,,,0,0,0,54.4,Neutral Matchup,Average,50.0,5,Pitch-level Statcast · last 5 MLB games,410,4-Seam Fastball,47.80487804878049,196.0,Slider,33.90243902439025,139.0,Changeup,11.707317073170731,48.0,Curveball,6.585365853658536,27.0,,,,Unknown,,Unknown,,No,100.0,1.0,1.0,50.0,1.028,0.984,50.1,Current-Season Handedness Matchup,Pull Air %,Barrel %,Max Exit Velocity,49.0,37.5,63.8,27.1,50.0,45.0,47.1,5.0,0.764,1.062,0.985,1.0,0.961,0.961,1.06,13.84,7.93,85.0,34.8,D,Lineup unconfirmed,,,,,,
69,2026-09-04,824311,2026-09-05T00:40:00Z,Scheduled,Coors Field,St. Louis Cardinals @ Colorado Rockies,Away,671056,Iván Herrera,St. Louis Cardinals,Colorado Rockies,DH,R,No,,140,627,527,129,24,1,14,85,56,69,27,113,0.245,0.359,0.374,0.733,11,49,43,11,0,0.256,0.0,26,120,101,27,2,0.267,0.0167,826,152,3.3,26.5,41.5,28.6,29.4,10.2,21.9,49.7,29.6,4.9,2.2,4.9,50.9,83.6,14.4,0.464,70.5,95.9,112.7,33.3,11.4,9.7,43.2,32.6,Weak,2.5,Pull Power,A,Excellent HR swing plane,32.6,Weak,0.951,Good,2.0,58.3,95.3,0.456,Derived proxy,Derived proxy,Derived proxy,Derived proxy,,,30.45,16.45,Strong positive regression,Weak Pull Power profile. 3.3% barrel rate; 83.6 mph average exit velocity; 21.9% air-ball rate; 49.7% pull-air rate; 4.9% HR-launch rate.,0.0223,0.0239,4.05,59,15,37.6,1.57,156.7,Above normal drought,663372.0,Ryan Feltner,R,RHB vs RHP,21,20,101.2,5.84,1.55,19,1.68,6.73,3.98,583.0,6.9,24.7,16.5,50.9,27.4,82.8,95.0,111.1,0.592,19.0,27.0,99.9,0.476,4.2,4-Seam Fastball,R,RHB vs RHP,32.7,425,0.243,0.339,0.372,0.71,9,34,82,0.0212,3.2,0.454,213,0.0469,6.3,0.593,5,5,1,1/5,0.2,0.2,0.2,0.4,0,0,0,31.7,Slight Pitcher Advantage,Below average,37.5,5,Pitch-level Statcast · last 5 MLB games,441,4-Seam Fastball,30.158730158730158,133.0,Changeup,23.356009070294785,103.0,Slider,17.687074829931973,78.0,Sinker,15.873015873015873,70.0,Curveball,7.936507936507937,35.0,Unknown,,Unknown,,No,118.0,1.18,1.0,82.4,0.954,0.994,47.2,Current-Season Handedness Matchup,Pull Air %,Barrel %,Max Exit Velocity,32.7,48.9,27.0,44.7,82.4,45.0,46.8,4.96,0.803,1.093,0.985,1.0,0.951,0.951,1.035,9.33,6.73,85.0,27.6,F,Lineup unconfirmed,Sweeper,4.988662131519274,22.0,,,
70,2026-09-04,824387,2026-09-04T23:15:00Z,Scheduled,Progressive Field,Detroit Tigers @ Cleveland Guardians,Home,666176,Jo Adell,Cleveland Guardians,Detroit Tigers,RF,R,No,,137,566,519,125,23,1,20,58,83,27,16,135,0.241,0.297,0.405,0.702,11,49,43,12,1,0.279,0.0204,24,99,87,22,4,0.253,0.0404,781,129,6.8,29.3,42.8,27.6,29.1,12.6,25.0,42.6,30.1,6.3,3.4,6.3,40.5,83.6,17.0,0.629,75.0,97.5,114.5,65.2,12.2,16.0,46.9,43.0,Below Average,2.5,Pull Power,A,Excellent HR swing plane,43.0,Below Average,0.98,Good,7.8,45.2,99.1,0.661,Derived proxy,Derived proxy,Derived proxy,Derived proxy,,,45.34,25.34,Strong positive regression,Below Average Pull Power profile. 6.8% barrel rate; 83.6 mph average exit velocity; 25.0% air-ball rate; 42.6% pull-air rate; 6.3% HR-launch rate.,0.0353,0.0348,3.99,39,10,26.0,1.5,150.3,Above normal drought,808825.0,Andrew Sears,L,RHB vs LHP,2,0,6.2,6.75,1.35,1,1.35,5.4,1.35,40.0,5.0,17.5,20.0,35.7,37.5,84.6,94.2,107.5,0.523,1.0,42.1,100.0,0.602,5.5,4-Seam Fastball,R,RHB vs LHP,60.7,155,0.314,0.361,0.6,0.961,12,8,35,0.0774,8.1,0.831,17,0.0,0.0,0.365,0,0,0,0/0,,,,,0,0,0,52.1,Neutral Matchup,Average,50.0,2,Pitch-level Statcast · last 5 MLB games,116,4-Seam Fastball,45.689655172413794,53.0,Slider,34.48275862068966,40.0,Changeup,11.206896551724139,13.0,Sinker,8.620689655172415,10.0,,,,Unknown,,Unknown,,No,100.0,1.0,1.0,50.0,0.984,0.975,58.4,Current-Season Handedness Matchup,Pull Air %,Barrel %,Max Exit Velocity,60.7,28.9,42.1,58.5,50.0,45.0,46.8,4.96,0.938,1.004,1.025,1.0,0.98,0.98,1.035,13.16,8.31,84.9,29.4,F,Lineup unconfirmed,,,,,,
71,2026-09-04,823093,2026-09-05T02:10:00Z,Scheduled,T-Mobile Park,Athletics @ Seattle Mariners,Home,647304,Josh Naylor,Seattle Mariners,Athletics,1B,L,No,,131,562,513,136,19,0,10,51,48,41,5,73,0.265,0.324,0.361,0.685,11,47,46,11,0,0.239,0.0,23,100,93,27,2,0.29,0.02,750,143,2.7,25.1,51.7,26.7,21.5,11.0,24.5,44.9,28.8,4.2,2.9,4.2,50.0,81.8,12.4,0.45,68.0,94.9,110.7,9.7,11.1,2.6,43.4,24.5,Weak,2.0,Pull Power,A,Excellent HR swing plane,24.5,Weak,0.929,Good,2.8,46.7,94.2,0.453,Derived proxy,Derived proxy,Derived proxy,Derived proxy,,,22.82,12.82,Strong positive regression,Weak Pull Power profile. 2.7% barrel rate; 81.8 mph average exit velocity; 24.5% air-ball rate; 44.9% pull-air rate; 4.2% HR-launch rate.,0.0178,0.0203,3.99,86,21,51.3,1.68,167.6,Above normal drought,,TBD,,Unknown,0,0,0.0,0.0,0.0,0,0.0,0.0,0.0,,,,,,,,,,,,50.0,0.0,,,Unknown,L,Unknown,50.0,0,,,,,0,0,0,,,,0,,,,0,0,0,0/0,,,,,0,0,0,50.0,Neutral Matchup,Average,50.0,0,,0,,,,,,,,,,,,,,,,Unknown,,Unknown,,No,92.0,0.92,1.0,35.6,1.0,1.0,46.8,Current-Season Handedness Matchup,Pull Air %,Barrel %,Max Exit Velocity,50.0,50.0,50.0,39.3,35.6,45.0,46.7,4.95,0.854,1.0,1.0,1.0,0.929,0.929,1.035,7.85,5.41,75.0,23.9,F,Probable SP unavailable; Lineup unconfirmed,,,,,,
72,2026-09-04,824471,2026-09-04T22:10:00Z,Scheduled,Great American Ball Park,Milwaukee Brewers @ Cincinnati Reds,Home,553993,Eugenio Suárez,Cincinnati Reds,Milwaukee Brewers,DH,R,No,,107,426,373,77,16,0,20,36,59,44,6,149,0.206,0.298,0.41,0.708,9,38,30,6,2,0.2,0.0526,25,99,78,18,6,0.231,0.0606,462,104,5.7,22.5,52.7,22.0,24.0,16.4,28.5,49.4,34.4,5.9,4.0,5.9,85.0,83.0,18.9,0.576,69.6,94.0,109.7,19.8,13.0,5.2,49.2,34.8,Weak,2.5,Pull Power,A,Excellent HR swing plane,34.8,Weak,0.957,Good,5.8,46.9,94.0,0.592,Derived proxy,Derived proxy,Derived proxy,Derived proxy,,,23.89,3.89,Positive regression,Weak Pull Power profile. 5.7% barrel rate; 83.0 mph average exit velocity; 28.5% air-ball rate; 49.4% pull-air rate; 5.9% HR-launch rate.,0.0469,0.0437,3.99,6,2,18.6,0.32,32.2,Very recent HR,675660.0,Shane Drohan,L,RHB vs LHP,27,16,110.1,3.75,1.3,10,0.82,8.97,3.02,557.0,5.4,25.7,16.0,37.2,30.9,82.4,95.0,113.6,0.49,10.0,50.8,100.0,0.665,6.7,4-Seam Fastball,R,RHB vs LHP,41.2,100,0.179,0.31,0.357,0.667,4,16,42,0.04,6.1,0.674,321,0.0312,5.6,0.494,5,4,2,2/4,0.5,0.6,1.0,1.6,0,1,1,47.6,Neutral Matchup,Average,56.2,5,Pitch-level Statcast · last 5 MLB games,400,4-Seam Fastball,23.25,93.0,Slider,21.5,86.0,Sinker,20.25,81.0,Cutter,15.5,62.0,Curveball,12.25,49.0,Unknown,,Unknown,,No,112.0,1.12,1.0,71.6,1.002,0.979,50.5,Current-Season Handedness Matchup,Pull Air %,Barrel %,Max Exit Velocity,41.2,31.2,50.8,45.6,71.6,45.0,46.6,4.93,1.115,0.955,1.025,1.0,0.957,0.957,0.98,16.32,10.9,84.9,30.2,D,Lineup unconfirmed,Changeup,7.25,29.0,,,
73,2026-09-04,824554,2026-09-04T23:40:00Z,Scheduled,Rate Field,Minnesota Twins @ Chicago White Sox,Away,680777,Ryan Jeffers,Minnesota Twins,Chicago White Sox,C,R,No,,76,306,261,72,17,2,13,47,50,41,2,50,0.276,0.377,0.506,0.883,10,43,39,10,3,0.256,0.0698,23,90,77,20,3,0.26,0.0333,417,127,6.8,25.1,37.4,33.1,29.5,13.8,26.1,42.2,29.1,7.0,3.9,7.0,41.8,82.3,19.1,0.543,71.6,95.6,112.2,40.0,12.4,12.6,51.2,38.0,Below Average,2.5,Pull Power,A,Excellent HR swing plane,38.0,Below Average,0.966,Good,7.1,43.8,94.8,0.519,Derived proxy,Derived proxy,Derived proxy,Derived proxy,,,24.01,11.01,Strong positive regression,Below Average Pull Power profile. 6.8% barrel rate; 82.3 mph average exit velocity; 26.1% air-ball rate; 42.2% pull-air rate; 7.0% HR-launch rate.,0.0425,0.0395,4.15,6,1,20.1,0.3,29.9,Very recent HR,607200.0,Erick Fedde,R,RHB vs RHP,29,13,123.1,4.16,1.37,22,1.61,6.42,3.28,696.0,5.5,26.9,16.8,46.0,32.8,83.4,95.8,114.9,0.537,22.0,42.1,99.6,0.563,7.4,Sweeper,R,RHB vs RHP,52.4,196,0.266,0.347,0.532,0.879,11,20,35,0.0561,7.3,0.573,244,0.0656,6.5,0.537,3,2,0,0/2,0.0,0.333,0.0,0.333,0,1,0,46.8,Neutral Matchup,Average,42.5,5,Pitch-level Statcast · last 5 MLB games,288,Sweeper,36.458333333333336,105.0,Sinker,34.02777777777778,98.0,Cutter,15.972222222222221,46.0,Changeup,12.5,36.0,4-Seam Fastball,1.0416666666666667,3.0,Unknown,,Unknown,,No,100.0,1.0,1.0,50.0,0.984,0.98,52.3,Current-Season Handedness Matchup,Pull Air %,Barrel %,Max Exit Velocity,52.4,39.9,42.1,47.2,50.0,45.0,46.5,4.92,1.14,1.082,0.985,1.0,0.966,0.966,0.98,15.41,10.34,81.1,31.4,D,Lineup unconfirmed,,,,,,
74,2026-09-04,824554,2026-09-04T23:40:00Z,Scheduled,Rate Field,Minnesota Twins @ Chicago White Sox,Home,643217,Andrew Benintendi,Chicago White Sox,Minnesota Twins,DH,L,No,,123,420,379,92,21,2,14,52,70,34,1,98,0.243,0.303,0.42,0.723,10,39,36,8,1,0.222,0.0256,23,78,71,16,2,0.225,0.0256,544,102,4.4,25.2,55.6,22.6,21.2,16.2,28.8,51.5,27.9,7.8,6.1,7.8,55.8,82.7,23.3,0.512,68.2,94.1,109.9,5.7,12.1,1.3,50.0,31.5,Weak,2.5,Pull Power,A-,Elevated power plane,31.5,Weak,0.948,Good,2.9,44.8,93.8,0.442,Derived proxy,Derived proxy,Derived proxy,Derived proxy,,,25.12,11.12,Strong positive regression,Weak Pull Power profile. 4.4% barrel rate; 82.7 mph average exit velocity; 28.8% air-ball rate; 51.5% pull-air rate; 7.8% HR-launch rate.,0.0333,0.033,3.99,18,5,27.1,0.66,66.5,Recently homered,805673.0,Zebby Matthews,R,LHB vs RHP,19,19,112.0,4.58,1.26,19,1.53,7.47,2.57,620.0,6.5,27.1,13.7,47.9,31.0,85.0,96.4,112.8,0.55,19.0,43.0,100.0,0.606,5.7,4-Seam Fastball,L,LHB vs RHP,41.3,371,0.249,0.31,0.446,0.756,14,31,81,0.0377,5.6,0.551,265,0.0377,7.2,0.578,5,4,0,0/4,0.0,0.2,0.0,0.2,0,1,0,41.1,Slight Pitcher Advantage,Below average,37.5,5,Pitch-level Statcast · last 5 MLB games,475,4-Seam Fastball,34.526315789473685,164.0,Slider,22.526315789473685,107.0,Changeup,13.894736842105264,66.0,Cutter,13.263157894736842,63.0,Curveball,10.105263157894736,48.0,Unknown,,Unknown,,No,100.0,1.0,1.0,50.0,0.986,0.99,49.0,Current-Season Handedness Matchup,Pull Air %,Barrel %,Max Exit Velocity,41.3,46.2,43.0,36.9,50.0,45.0,46.3,4.89,0.91,1.069,1.025,1.0,0.948,0.948,1.0,12.54,7.92,83.2,25.4,F,Lineup unconfirmed,Sinker,5.684210526315789,27.0,,,
75,2026-09-04,823824,2026-09-04T23:10:00Z,Scheduled,loanDepot park,Chicago Cubs @ Miami Marlins,Home,691788,Joe Mack,Miami Marlins,Chicago Cubs,C,L,No,,88,280,256,60,8,0,12,33,40,17,2,72,0.234,0.286,0.406,0.692,10,29,27,7,0,0.259,0.0,19,61,56,12,1,0.214,0.0164,344,64,4.5,23.5,55.9,25.6,18.5,12.5,22.6,51.3,23.4,5.8,3.2,5.8,72.1,80.9,10.5,0.453,72.2,94.2,110.1,39.9,8.3,8.2,54.6,33.7,Weak,2.5,Pull Power,A,Excellent HR swing plane,33.7,Weak,0.954,Good,1.6,53.8,92.6,0.285,Derived proxy,Derived proxy,Derived proxy,Derived proxy,,,15.02,3.02,Positive regression,Weak Pull Power profile. 4.5% barrel rate; 80.9 mph average exit velocity; 22.6% air-ball rate; 51.3% pull-air rate; 5.8% HR-launch rate.,0.0429,0.0396,3.93,35,12,21.3,1.64,164.1,Above normal drought,684007.0,Shota Imanaga,L,LHB vs LHP,27,27,150.1,4.01,1.14,33,1.98,8.86,2.1,818.0,6.0,22.1,17.5,45.9,27.6,81.8,94.3,114.7,0.549,33.0,56.2,100.0,0.652,10.0,4-Seam Fastball,L,LHB vs LHP,44.0,62,0.189,0.241,0.264,0.506,1,4,16,0.0161,5.9,0.429,172,0.064,7.9,0.607,0,0,0,0/0,,,,,0,0,0,49.5,Neutral Matchup,Average,50.0,5,Pitch-level Statcast · last 5 MLB games,428,4-Seam Fastball,42.05607476635514,180.0,Split-Finger,31.77570093457944,136.0,Sweeper,17.757009345794394,76.0,Sinker,3.97196261682243,17.0,Slider,3.2710280373831777,14.0,Unknown,,Unknown,,No,94.0,0.94,1.0,39.2,1.012,0.985,48.7,Current-Season Handedness Matchup,Pull Air %,Barrel %,Max Exit Velocity,44.0,40.6,56.2,39.3,39.2,45.0,46.2,4.88,0.758,1.141,0.985,1.0,0.954,0.954,1.035,14.68,7.96,76.9,28.2,F,Lineup unconfirmed,Curveball,1.1682242990654206,5.0,,,
76,2026-09-04,822852,2026-09-05T00:05:00Z,Scheduled,Globe Life Field,Tampa Bay Rays @ Texas Rangers,Home,592626,Joc Pederson,Texas Rangers,Tampa Bay Rays,DH,L,No,,128,410,355,84,11,2,24,54,49,47,4,97,0.237,0.33,0.482,0.812,11,27,24,5,2,0.208,0.0741,24,62,53,8,4,0.151,0.0645,500,78,6.0,31.2,48.8,26.8,24.5,18.6,26.1,47.4,25.3,6.9,4.8,6.9,83.8,85.7,24.1,0.603,70.4,97.1,110.2,23.7,10.6,8.4,53.5,39.0,Below Average,2.5,Pull Power,A-,Elevated power plane,39.0,Below Average,0.969,Good,5.1,47.4,96.7,0.592,Derived proxy,Derived proxy,Derived proxy,Derived proxy,,,28.44,4.44,Strong positive regression,Below Average Pull Power profile. 6.0% barrel rate; 85.7 mph average exit velocity; 26.1% air-ball rate; 47.4% pull-air rate; 6.9% HR-launch rate.,0.0585,0.0525,4.09,4,3,14.8,0.27,27.0,Very recent HR,607259.0,Nick Martinez,R,LHB vs RHP,26,26,153.2,2.99,1.1,18,1.05,5.33,1.29,848.0,4.7,23.3,17.3,45.8,32.9,82.0,94.6,113.3,0.508,18.0,45.3,99.9,0.626,5.8,Sinker,L,LHB vs RHP,45.1,373,0.245,0.338,0.489,0.827,23,44,82,0.0617,6.5,0.615,369,0.0325,5.1,0.492,4,2,1,1/2,0.5,0.75,2.0,2.75,1,1,1,48.1,Neutral Matchup,Average,60.0,5,Pitch-level Statcast · last 5 MLB games,425,Sinker,30.352941176470587,129.0,Changeup,26.352941176470587,112.0,Cutter,21.647058823529413,92.0,4-Seam Fastball,15.294117647058824,65.0,Slider,5.647058823529412,24.0,Unknown,,Unknown,,No,104.0,1.04,1.0,57.2,0.991,0.972,51.9,Current-Season Handedness Matchup,Pull Air %,Barrel %,Max Exit Velocity,45.1,34.5,45.3,50.0,57.2,45.0,46.2,4.88,1.131,0.992,1.025,1.0,0.969,0.969,0.98,19.8,12.36,82.0,33.7,D,Lineup unconfirmed,Curveball,0.7058823529411765,3.0,,,
77,2026-09-04,823905,2026-09-05T02:10:00Z,Scheduled,UNIQLO Field at Dodger Stadium,Washington Nationals @ Los Angeles Dodgers,Home,606192,Teoscar Hernández,Los Angeles Dodgers,Washington Nationals,LF,R,No,,104,406,367,94,16,1,12,53,48,33,3,112,0.256,0.32,0.403,0.723,10,44,39,13,1,0.333,0.0227,24,92,85,22,1,0.259,0.0109,492,112,5.9,26.2,43.6,26.1,30.0,13.8,23.7,47.7,30.3,5.6,3.2,5.6,32.9,83.9,20.8,0.612,71.1,96.0,111.3,22.3,9.6,4.3,50.4,34.9,Weak,2.5,Pull Power,A-,Elevated power plane,34.9,Weak,0.958,Good,6.2,69.6,97.0,0.627,Derived proxy,Derived proxy,Derived proxy,Derived proxy,,,26.21,14.21,Strong positive regression,Weak Pull Power profile. 5.9% barrel rate; 83.9 mph average exit velocity; 23.7% air-ball rate; 47.7% pull-air rate; 5.6% HR-launch rate.,0.0296,0.0301,3.99,13,3,30.6,0.43,42.5,Recently homered,800600.0,Jackson Kent,L,RHB vs LHP,4,4,19.1,5.59,1.71,1,0.47,7.91,6.98,116.0,3.4,24.1,7.8,61.9,27.6,80.5,93.2,111.3,0.521,1.0,46.7,100.0,0.641,5.8,4-Seam Fastball,R,RHB vs LHP,40.2,115,0.277,0.357,0.465,0.822,5,12,26,0.0435,5.4,0.642,67,0.0149,3.4,0.532,0,0,0,0/0,,,,,0,0,0,44.4,Neutral Matchup,Average,50.0,4,Pitch-level Statcast · last 5 MLB games,358,4-Seam Fastball,35.19553072625698,126.0,Changeup,21.22905027932961,76.0,Slider,17.877094972067038,64.0,Curveball,13.687150837988828,49.0,Sinker,12.011173184357542,43.0,Unknown,,Unknown,,No,100.0,1.0,1.0,50.0,0.993,0.959,51.5,Current-Season Handedness Matchup,Pull Air %,Barrel %,Max Exit Velocity,40.2,33.4,46.7,57.5,50.0,45.0,46.0,4.85,0.847,0.972,1.025,1.0,0.958,0.958,1.0,11.49,6.69,84.4,23.6,F,Lineup unconfirmed,,,,,,
78,2026-09-04,823256,2026-09-05T01:40:00Z,Scheduled,Petco Park,New York Yankees @ San Diego Padres,Away,671277,Luis García Jr.,New York Yankees,San Diego Padres,1B,L,No,,130,478,453,129,25,5,28,61,88,23,0,79,0.285,0.318,0.547,0.865,11,44,40,14,3,0.35,0.0682,23,92,85,25,4,0.294,0.0435,692,124,7.0,30.1,54.3,21.6,23.6,12.1,25.9,47.5,24.6,6.9,4.1,6.9,53.2,85.0,12.9,0.599,73.0,97.3,114.4,43.5,14.8,13.9,62.6,44.0,Below Average,3.0,Pull Power,A,Excellent HR swing plane,44.0,Below Average,0.983,Good,6.5,43.8,97.6,0.586,Derived proxy,Derived proxy,Derived proxy,Derived proxy,,,43.61,15.61,Strong positive regression,Below Average Pull Power profile. 7.0% barrel rate; 85.0 mph average exit velocity; 25.9% air-ball rate; 47.5% pull-air rate; 6.9% HR-launch rate.,0.0586,0.0532,4.15,24,7,16.2,1.48,148.3,Above normal drought,621111.0,Walker Buehler,R,LHB vs RHP,27,27,131.1,4.66,1.36,17,1.16,7.61,3.36,747.0,4.6,23.2,12.0,40.8,27.6,83.0,94.6,111.9,0.507,17.0,49.5,99.6,0.631,7.7,Cutter,L,LHB vs RHP,45.0,399,0.294,0.326,0.582,0.908,25,19,65,0.0627,7.7,0.639,311,0.0225,4.2,0.503,2,2,1,1/2,0.5,0.5,0.5,1.0,0,0,0,47.8,Neutral Matchup,Average,50.9,5,Pitch-level Statcast · last 5 MLB games,415,Cutter,27.951807228915662,116.0,Sinker,25.542168674698797,106.0,4-Seam Fastball,17.59036144578313,73.0,Slider,11.08433734939759,46.0,Changeup,8.674698795180722,36.0,Unknown,,Unknown,,No,94.0,0.94,1.0,39.2,0.999,0.971,55.5,Current-Season Handedness Matchup,Pull Air %,Barrel %,Max Exit Velocity,45.0,30.6,49.5,51.4,39.2,45.0,45.9,4.84,1.029,1.01,1.025,1.03,0.983,1.013,1.035,20.31,11.94,84.4,37.5,D+,Lineup unconfirmed,Sweeper,4.819277108433735,20.0,Knuckle Curve,4.337349397590361,18.0
79,2026-09-04,824067,2026-09-05T00:10:00Z,Scheduled,Kauffman Stadium,Toronto Blue Jays @ Kansas City Royals,Home,521692,Salvador Perez,Kansas City Royals,Toronto Blue Jays,DH,R,No,,131,548,506,112,22,1,18,47,65,21,12,108,0.221,0.266,0.375,0.641,11,47,45,11,2,0.244,0.0426,24,99,91,23,2,0.253,0.0202,812,150,5.2,23.1,35.1,34.6,30.3,15.1,26.8,37.0,27.9,6.5,4.5,6.5,36.0,82.4,20.1,0.532,69.8,94.1,110.5,15.8,10.8,5.0,50.8,28.0,Weak,2.0,Contact-First Profile,A-,Elevated power plane,28.0,Weak,0.938,Good,4.7,30.0,93.9,0.533,Derived proxy,Derived proxy,Derived proxy,Derived proxy,,,37.65,19.65,Strong positive regression,Weak Contact-First Profile profile. 5.2% barrel rate; 82.4 mph average exit velocity; 26.8% air-ball rate; 37.0% pull-air rate; 6.5% HR-launch rate.,0.0328,0.0327,3.81,4,1,28.1,0.14,14.2,Very recent HR,592791.0,Jameson Taillon,R,RHB vs RHP,17,17,84.0,5.68,1.37,26,2.79,8.04,3.43,449.0,8.5,24.3,21.6,48.0,33.6,82.8,95.4,112.4,0.681,26.0,37.0,99.7,0.544,5.8,4-Seam Fastball,R,RHB vs RHP,46.9,394,0.2,0.244,0.345,0.589,14,15,78,0.0355,4.9,0.503,174,0.069,7.7,0.643,6,4,1,1/4,0.25,0.5,0.25,0.75,0,1,2,43.0,Slight Pitcher Advantage,Below average,44.6,5,Pitch-level Statcast · last 5 MLB games,320,4-Seam Fastball,23.4375,75.0,Changeup,18.75,60.0,Cutter,17.1875,55.0,Curveball,16.25,52.0,Sweeper,14.6875,47.0,Unknown,,Unknown,,No,100.0,1.0,1.0,50.0,0.974,1.01,44.3,Current-Season Handedness Matchup,Pull Air %,Barrel %,Max Exit Velocity,46.9,58.2,37.0,27.1,50.0,45.0,45.9,4.84,0.998,1.2,0.985,0.975,0.938,0.915,0.98,11.9,8.21,84.9,25.0,F,Lineup unconfirmed,Sinker,9.6875,31.0,,,
80,2026-09-04,824387,2026-09-04T23:15:00Z,Scheduled,Progressive Field,Detroit Tigers @ Cleveland Guardians,Away,682985,Riley Greene,Detroit Tigers,Cleveland Guardians,LF,L,No,,119,502,432,116,26,1,16,65,56,61,4,138,0.269,0.361,0.444,0.805,2,10,10,1,0,0.1,0.0,7,29,26,4,0,0.154,0.0,628,27,6.4,22.3,41.2,25.7,33.1,14.4,28.8,39.5,39.2,6.0,2.3,6.0,21.6,81.6,16.4,0.587,74.4,93.8,110.8,53.8,12.7,9.2,33.1,34.6,Weak,2.5,Contact-First Profile,A,Excellent HR swing plane,34.6,Weak,0.957,Good,3.7,37.5,89.2,0.379,Derived proxy,Derived proxy,Derived proxy,Derived proxy,,,33.01,17.01,Strong positive regression,Weak Contact-First Profile profile. 6.4% barrel rate; 81.6 mph average exit velocity; 28.8% air-ball rate; 39.5% pull-air rate; 6.0% HR-launch rate.,0.0319,0.0319,4.15,29,8,27.0,1.07,107.4,Near normal interval,656492.0,Foster Griffin,L,LHB vs LHP,27,27,154.1,3.21,1.12,23,1.34,8.11,2.27,855.0,5.4,23.0,13.9,39.5,33.9,81.5,94.4,119.0,0.551,23.0,75.8,99.9,0.853,9.9,Cutter,L,LHB vs LHP,32.1,157,0.231,0.344,0.351,0.695,2,22,45,0.0127,4.1,0.525,169,0.0414,5.9,0.584,0,0,0,0/0,,,,,0,0,0,51.0,Neutral Matchup,Average,50.0,5,Pitch-level Statcast · last 5 MLB games,459,Cutter,30.065359477124183,138.0,4-Seam Fastball,18.30065359477124,84.0,Changeup,15.250544662309368,70.0,Sweeper,14.596949891067538,67.0,Sinker,9.368191721132897,43.0,Unknown,,Unknown,,No,100.0,1.0,1.0,50.0,1.052,0.979,44.7,Current-Season Handedness Matchup,Pull Air %,Barrel %,Max Exit Velocity,32.1,34.1,75.8,22.5,50.0,45.0,45.8,4.82,0.901,1.038,0.985,1.0,0.957,0.957,1.0,12.59,7.82,79.3,27.4,F,Lineup unconfirmed,Split-Finger,6.5359477124183005,30.0,Curveball,5.882352941176471,27.0
81,2026-09-04,822852,2026-09-05T00:05:00Z,Scheduled,Globe Life Field,Tampa Bay Rays @ Texas Rangers,Home,669394,Jake Burger,Texas Rangers,Tampa Bay Rays,1B,R,No,,134,532,485,114,21,0,23,55,79,40,4,142,0.235,0.297,0.421,0.718,12,44,38,9,2,0.237,0.0455,24,91,81,18,4,0.222,0.044,614,108,7.1,29.6,45.3,30.9,23.5,14.9,25.4,47.7,24.8,7.3,5.2,7.3,52.3,83.9,18.0,0.637,74.3,97.6,112.6,58.4,12.1,14.8,56.7,45.3,Below Average,3.0,Pull Power,A,Excellent HR swing plane,45.3,Below Average,0.987,Good,7.4,36.0,97.0,0.727,Derived proxy,Derived proxy,Derived proxy,Derived proxy,,,38.52,15.52,Strong positive regression,Below Average Pull Power profile. 7.1% barrel rate; 83.9 mph average exit velocity; 25.4% air-ball rate; 47.7% pull-air rate; 7.3% HR-launch rate.,0.0432,0.0412,3.99,28,8,21.1,1.33,132.8,Near normal interval,607259.0,Nick Martinez,R,RHB vs RHP,26,26,153.2,2.99,1.1,18,1.05,5.33,1.29,848.0,4.7,23.3,17.3,45.8,32.9,82.0,94.6,113.3,0.508,18.0,43.0,99.9,0.601,6.0,Sinker,R,RHB vs RHP,34.6,389,0.223,0.285,0.383,0.668,14,28,104,0.036,6.2,0.547,249,0.0241,4.2,0.531,1,1,0,0/1,0.0,0.0,0.0,0.0,0,0,0,40.1,Slight Pitcher Advantage,Below average,47.5,5,Pitch-level Statcast · last 5 MLB games,425,Sinker,30.352941176470587,129.0,Changeup,26.352941176470587,112.0,Cutter,21.647058823529413,92.0,4-Seam Fastball,15.294117647058824,65.0,Slider,5.647058823529412,24.0,Unknown,,Unknown,,No,104.0,1.04,1.0,57.2,0.986,0.972,52.3,Current-Season Handedness Matchup,Pull Air %,Barrel %,Max Exit Velocity,34.6,34.5,43.0,45.0,57.2,45.0,45.6,4.79,1.035,0.992,0.985,1.0,0.987,0.987,1.0,15.44,9.55,84.3,30.7,D,Lineup unconfirmed,Curveball,0.7058823529411765,3.0,,,
82,2026-09-04,823093,2026-09-05T02:10:00Z,Scheduled,T-Mobile Park,Athletics @ Seattle Mariners,Home,641487,J.P. Crawford,Seattle Mariners,Athletics,SS,L,No,,96,399,333,74,12,0,10,42,31,57,6,82,0.222,0.343,0.348,0.691,9,35,26,9,0,0.346,0.0,9,35,26,9,0,0.346,0.0,500,37,3.0,23.6,46.4,25.8,27.6,11.4,21.5,43.0,30.5,6.5,2.2,6.5,40.6,81.5,19.3,0.455,68.3,93.5,107.1,17.0,8.8,5.5,40.3,24.4,Weak,2.0,Pull Power,A,Excellent HR swing plane,24.4,Weak,0.928,Good,2.7,50.0,94.1,0.415,Derived proxy,Derived proxy,Derived proxy,Derived proxy,,,16.98,6.98,Strong positive regression,Weak Pull Power profile. 3.0% barrel rate; 81.5 mph average exit velocity; 21.5% air-ball rate; 43.0% pull-air rate; 6.5% HR-launch rate.,0.0251,0.0267,3.99,141,42,33.3,4.23,423.4,Very long drought,,TBD,,Unknown,0,0,0.0,0.0,0.0,0,0.0,0.0,0.0,,,,,,,,,,,,50.0,0.0,,,Unknown,L,Unknown,50.0,0,,,,,0,0,0,,,,0,,,,0,0,0,0/0,,,,,0,0,0,50.0,Neutral Matchup,Average,50.0,0,,0,,,,,,,,,,,,,,,,Unknown,,Unknown,,No,92.0,0.92,1.0,35.6,1.0,1.0,43.3,Current-Season Handedness Matchup,Pull Air %,Barrel %,Max Exit Velocity,50.0,50.0,50.0,41.8,35.6,45.0,45.5,4.79,0.758,1.0,1.0,0.965,0.928,0.896,1.06,10.22,5.72,69.8,27.5,F,Probable SP unavailable; Lineup unconfirmed,,,,,,
83,2026-09-04,823093,2026-09-05T02:10:00Z,Scheduled,T-Mobile Park,Athletics @ Seattle Mariners,Home,702284,Cole Young,Seattle Mariners,Athletics,2B,L,No,,140,565,513,126,16,3,16,66,57,37,11,98,0.246,0.309,0.382,0.691,11,47,42,6,1,0.143,0.0213,25,104,94,15,2,0.16,0.0192,762,124,2.7,21.4,49.6,23.6,26.7,13.3,23.6,45.1,27.9,5.1,3.0,5.1,76.6,82.0,19.5,0.418,68.7,93.2,111.1,19.6,9.3,3.5,44.5,25.0,Weak,2.0,Pull Power,A,Excellent HR swing plane,25.0,Weak,0.93,Good,1.6,43.5,91.7,0.3,Derived proxy,Derived proxy,Derived proxy,Derived proxy,,,23.87,7.87,Strong positive regression,Weak Pull Power profile. 2.7% barrel rate; 82.0 mph average exit velocity; 23.6% air-ball rate; 45.1% pull-air rate; 5.1% HR-launch rate.,0.0283,0.029,3.99,30,8,32.1,0.94,93.6,Near normal interval,,TBD,,Unknown,0,0,0.0,0.0,0.0,0,0.0,0.0,0.0,,,,,,,,,,,,50.0,0.0,,,Unknown,L,Unknown,50.0,0,,,,,0,0,0,,,,0,,,,0,0,0,0/0,,,,,0,0,0,50.0,Neutral Matchup,Average,50.0,0,,0,,,,,,,,,,,,,,,,Unknown,,Unknown,,No,92.0,0.92,1.0,35.6,1.0,1.0,45.8,Current-Season Handedness Matchup,Pull Air %,Barrel %,Max Exit Velocity,50.0,50.0,50.0,29.4,35.6,45.0,45.5,4.78,0.881,1.0,1.0,1.0,0.93,0.93,1.0,11.07,6.43,75.0,22.2,F,Probable SP unavailable; Lineup unconfirmed,,,,,,
84,2026-09-04,824797,2026-09-04T23:05:00Z,Scheduled,Oriole Park at Camden Yards,Boston Red Sox @ Baltimore Orioles,Away,701350,Roman Anthony,Boston Red Sox,Baltimore Orioles,LF,L,No,,35,154,131,35,7,2,3,17,7,22,1,38,0.267,0.377,0.42,0.797,5,24,22,10,2,0.455,0.0833,5,24,22,10,2,0.455,0.0833,160,25,6.8,35.7,46.3,24.3,28.7,12.3,33.1,34.0,41.6,8.1,3.0,8.1,29.4,87.4,12.6,0.643,74.4,99.4,113.4,57.8,22.0,18.4,43.5,48.4,Average,3.0,Contact-First Profile,A,Excellent HR swing plane,48.4,Average,0.996,Good,8.0,40.0,101.5,0.714,Derived proxy,Derived proxy,Derived proxy,Derived proxy,,,9.99,6.99,Strong positive regression,Average Contact-First Profile profile. 6.8% barrel rate; 87.4 mph average exit velocity; 33.1% air-ball rate; 34.0% pull-air rate; 8.1% HR-launch rate.,0.0195,0.025,4.05,0,0,43.7,0.0,0.0,Very recent HR,669358.0,Shane Baz,R,LHB vs RHP,27,27,157.0,4.01,1.35,11,0.63,7.97,3.15,919.0,3.7,24.0,13.5,38.1,29.8,83.1,94.8,116.9,0.507,11.0,60.0,99.6,0.681,10.5,4-Seam Fastball,L,LHB vs RHP,35.0,109,0.256,0.385,0.433,0.819,2,18,27,0.0183,8.0,0.685,394,0.0178,4.1,0.53,5,4,1,1/4,0.25,0.4,0.5,0.9,0,1,0,46.6,Neutral Matchup,Average,49.6,5,Pitch-level Statcast · last 5 MLB games,442,4-Seam Fastball,37.33031674208145,165.0,Knuckle Curve,31.67420814479638,140.0,Sinker,12.44343891402715,55.0,Changeup,10.180995475113122,45.0,Cutter,8.371040723981901,37.0,Unknown,,Unknown,,No,99.0,0.99,1.0,48.2,1.02,0.962,48.6,Current-Season Handedness Matchup,Pull Air %,Barrel %,Max Exit Velocity,35.0,26.8,60.0,59.1,48.2,45.0,45.4,4.77,1.264,0.925,1.025,1.0,0.996,0.996,0.98,9.73,7.57,64.9,23.4,F,Lineup unconfirmed,,,,,,
85,2026-09-04,823579,2026-09-04T23:10:00Z,Scheduled,Citi Field,San Francisco Giants @ New York Mets,Away,646240,Rafael Devers,San Francisco Giants,New York Mets,1B,L,No,,141,602,531,134,32,1,32,82,83,65,2,154,0.252,0.334,0.497,0.831,13,60,49,16,6,0.327,0.1,26,114,96,26,9,0.271,0.0789,746,121,7.7,31.3,44.0,26.8,29.0,20.4,28.6,38.9,29.0,9.2,5.9,9.2,69.6,86.7,22.9,0.665,70.8,98.4,111.7,18.7,13.4,5.2,58.6,40.8,Below Average,2.5,Contact-First Profile,A-,Elevated power plane,40.8,Below Average,0.974,Good,9.9,42.1,99.5,0.694,Derived proxy,Derived proxy,Derived proxy,Derived proxy,,,51.84,19.84,Strong positive regression,Below Average Contact-First Profile profile. 7.7% barrel rate; 86.7 mph average exit velocity; 28.6% air-ball rate; 38.9% pull-air rate; 9.2% HR-launch rate.,0.0532,0.0496,4.15,4,1,16.6,0.24,24.1,Very recent HR,690997.0,Nolan McLean,R,LHB vs RHP,27,27,155.2,3.06,1.12,15,0.87,9.94,3.53,770.0,3.6,21.2,12.3,40.4,29.0,81.4,93.6,112.8,0.483,15.0,47.9,99.8,0.639,6.5,Sinker,L,LHB vs RHP,51.3,394,0.296,0.383,0.613,0.996,27,50,94,0.0685,7.1,0.723,386,0.0285,4.2,0.553,2,2,0,0/2,0.0,0.0,0.0,0.0,0,0,1,48.8,Neutral Matchup,Average,45.0,5,Pitch-level Statcast · last 5 MLB games,467,Sinker,35.54603854389722,166.0,4-Seam Fastball,18.41541755888651,86.0,Curveball,14.5610278372591,68.0,Cutter,14.132762312633833,66.0,Slider,7.494646680942184,35.0,Unknown,,Unknown,,No,100.0,1.0,1.0,50.0,0.996,0.961,53.4,Current-Season Handedness Matchup,Pull Air %,Barrel %,Max Exit Velocity,51.3,26.2,47.9,61.4,50.0,45.0,45.3,4.76,1.329,0.963,1.025,1.0,0.974,0.974,0.98,19.05,12.74,85.0,35.0,D,Lineup unconfirmed,Sweeper,6.638115631691649,31.0,Changeup,3.2119914346895073,15.0
86,2026-09-04,823579,2026-09-04T23:10:00Z,Scheduled,Citi Field,San Francisco Giants @ New York Mets,Home,682626,Francisco Alvarez,New York Mets,San Francisco Giants,C,R,No,,98,359,316,73,12,0,13,29,34,36,4,110,0.231,0.317,0.392,0.709,8,25,24,4,0,0.167,0.0,20,73,65,10,1,0.154,0.0137,401,77,7.5,26.3,39.0,35.2,25.9,12.7,21.8,41.9,32.6,8.5,5.4,8.5,32.9,83.6,16.9,0.607,72.2,95.5,112.0,37.1,12.4,8.1,53.8,39.9,Below Average,2.5,Contact-First Profile,A,Excellent HR swing plane,39.9,Below Average,0.972,Good,5.2,35.7,93.7,0.534,Derived proxy,Derived proxy,Derived proxy,Derived proxy,,,25.88,12.88,Strong positive regression,Below Average Contact-First Profile profile. 7.5% barrel rate; 83.6 mph average exit velocity; 21.8% air-ball rate; 41.9% pull-air rate; 8.5% HR-launch rate.,0.0362,0.0352,3.99,55,17,24.3,2.26,226.3,Very long drought,683363.0,Matt Wilkinson,L,RHB vs LHP,3,3,11.2,4.63,1.11,1,0.77,4.63,1.54,69.0,2.9,30.4,17.4,45.5,27.5,84.2,95.7,108.2,0.491,1.0,58.8,100.0,0.687,9.5,4-Seam Fastball,R,RHB vs LHP,39.7,101,0.195,0.307,0.276,0.583,2,13,37,0.0198,7.3,0.642,38,0.0263,3.7,0.544,0,0,0,0/0,,,,,0,0,0,48.4,Neutral Matchup,Average,50.0,3,Pitch-level Statcast · last 5 MLB games,181,4-Seam Fastball,54.69613259668508,99.0,Changeup,24.30939226519337,44.0,Slider,15.469613259668508,28.0,Cutter,5.524861878453039,10.0,,,,Unknown,,Unknown,,No,100.0,1.0,1.0,50.0,1.018,0.954,50.2,Current-Season Handedness Matchup,Pull Air %,Barrel %,Max Exit Velocity,39.7,32.2,58.8,33.3,50.0,45.0,45.3,4.76,0.758,0.992,1.025,1.0,0.972,0.972,1.06,13.31,7.29,82.8,31.0,D,Lineup unconfirmed,,,,,,
87,2026-09-04,823824,2026-09-04T23:10:00Z,Scheduled,loanDepot park,Chicago Cubs @ Miami Marlins,Away,664023,Ian Happ,Chicago Cubs,Miami Marlins,LF,S,No,,136,567,489,107,24,2,23,80,61,69,7,173,0.219,0.323,0.417,0.74,11,39,35,9,2,0.257,0.0513,25,94,85,21,5,0.247,0.0532,678,106,6.2,24.5,49.6,25.5,24.9,14.6,25.2,55.0,30.2,8.1,5.3,8.1,63.1,81.9,18.1,0.593,70.0,94.4,110.6,15.7,11.9,2.9,44.9,36.1,Below Average,2.5,Pull Power,A,Excellent HR swing plane,36.1,Below Average,0.961,Good,5.7,55.6,94.6,0.56,Derived proxy,Derived proxy,Derived proxy,Derived proxy,,,38.9,15.9,Strong positive regression,Below Average Pull Power profile. 6.2% barrel rate; 81.9 mph average exit velocity; 25.2% air-ball rate; 55.0% pull-air rate; 8.1% HR-launch rate.,0.0406,0.0391,4.05,21,7,21.3,0.99,98.8,Near normal interval,676083.0,Janson Junk,R,Switch vs RHP,21,20,103.0,4.11,1.3,12,1.05,6.12,2.45,635.0,4.3,23.9,11.7,47.2,29.3,83.0,95.2,114.2,0.497,12.0,47.4,99.9,0.627,6.9,4-Seam Fastball,L,LHB vs RHP,40.0,427,0.243,0.356,0.467,0.823,19,60,124,0.0445,6.8,0.645,274,0.0219,4.2,0.527,1,1,0,0/1,0.0,0.0,0.0,0.0,0,0,0,44.1,Neutral Matchup,Average,47.5,5,Pitch-level Statcast · last 5 MLB games,311,4-Seam Fastball,28.938906752411576,90.0,Slider,18.327974276527332,57.0,Sweeper,17.363344051446944,54.0,Changeup,17.041800643086816,53.0,Curveball,13.82636655948553,43.0,Unknown,,Unknown,,No,94.0,0.94,1.0,39.2,0.995,0.968,52.4,Current-Season Handedness Matchup,Pull Air %,Barrel %,Max Exit Velocity,40.0,34.0,47.4,51.3,39.2,45.0,45.3,4.75,1.134,0.992,1.035,1.0,0.961,0.961,1.0,14.9,9.4,84.5,29.3,F,Lineup unconfirmed,Sinker,4.501607717041801,14.0,,,
88,2026-09-04,823093,2026-09-05T02:10:00Z,Scheduled,T-Mobile Park,Athletics @ Seattle Mariners,Home,640902,Jhonny Pereda,Seattle Mariners,Athletics,C,R,No,,27,86,79,23,0,0,2,10,6,6,1,16,0.291,0.349,0.367,0.716,3,7,5,3,0,0.6,0.0,8,18,16,6,0,0.375,0.0,129,18,1.2,27.4,30.3,37.3,29.1,4.8,25.4,38.6,37.5,3.0,2.4,3.0,100.0,83.2,15.3,0.51,69.3,94.5,106.1,7.0,15.2,1.7,44.2,21.8,Weak,2.0,Contact-First Profile,A,Excellent HR swing plane,21.8,Weak,0.921,Good,0.0,50.0,97.3,0.522,Derived proxy,Derived proxy,Derived proxy,Derived proxy,,,2.5,0.5,Near expected,Weak Contact-First Profile profile. 1.2% barrel rate; 83.2 mph average exit velocity; 25.4% air-ball rate; 38.6% pull-air rate; 3.0% HR-launch rate.,0.0233,0.0283,3.99,41,15,39.5,1.04,103.8,Near normal interval,,TBD,,Unknown,0,0,0.0,0.0,0.0,0,0.0,0.0,0.0,,,,,,,,,,,,50.0,0.0,,,Unknown,R,Unknown,50.0,0,,,,,0,0,0,,,,0,,,,0,0,0,0/0,,,,,0,0,0,50.0,Neutral Matchup,Average,50.0,0,,0,,,,,,,,,,,,,,,,Unknown,,Unknown,,No,92.0,0.92,1.0,35.6,1.0,1.0,41.5,Current-Season Handedness Matchup,Pull Air %,Barrel %,Max Exit Velocity,50.0,50.0,50.0,46.7,35.6,45.0,45.2,4.75,1.0,1.0,1.0,1.0,0.921,0.921,1.0,10.84,6.77,49.6,20.1,F,Probable SP unavailable; Lineup unconfirmed,,,,,,
89,2026-09-04,824146,2026-09-05T00:10:00Z,Scheduled,Daikin Park,Arizona Diamondbacks @ Houston Astros,Away,682998,Corbin Carroll,Arizona Diamondbacks,Houston Astros,RF,L,No,,137,593,511,123,28,16,19,83,61,69,8,130,0.241,0.337,0.47,0.807,12,50,44,7,1,0.159,0.02,26,111,94,21,3,0.223,0.027,706,129,7.1,29.6,50.7,20.7,28.0,16.4,29.3,49.0,28.4,7.7,4.2,7.7,36.4,85.3,22.8,0.571,73.6,96.9,112.1,49.9,13.7,13.7,61.8,44.5,Below Average,3.0,Pull Power,A-,Elevated power plane,44.5,Below Average,0.985,Good,6.2,43.9,96.6,0.534,Derived proxy,Derived proxy,Derived proxy,Derived proxy,,,45.68,26.68,Strong positive regression,Below Average Pull Power profile. 7.1% barrel rate; 85.3 mph average exit velocity; 29.3% air-ball rate; 49.0% pull-air rate; 7.7% HR-launch rate.,0.032,0.032,4.15,19,5,26.9,0.71,70.6,Recently homered,664299.0,Cristian Javier,R,LHB vs RHP,13,8,44.2,6.45,1.63,8,1.61,8.46,3.83,281.0,4.3,20.3,20.3,46.8,32.4,82.3,93.7,110.8,0.58,8.0,40.9,99.8,0.565,6.7,4-Seam Fastball,L,LHB vs RHP,36.8,399,0.206,0.306,0.433,0.739,14,47,88,0.0351,8.1,0.606,92,0.0217,3.2,0.468,0,0,0,0/0,,,,,0,0,0,40.9,Slight Pitcher Advantage,Below average,50.0,5,Pitch-level Statcast · last 5 MLB games,426,4-Seam Fastball,48.35680751173709,206.0,Sweeper,27.934272300469484,119.0,Changeup,15.492957746478874,66.0,Cutter,7.042253521126761,30.0,Knuckle Curve,0.9389671361502347,4.0,Unknown,,Unknown,,No,100.0,1.0,1.0,50.0,0.982,0.968,52.6,Current-Season Handedness Matchup,Pull Air %,Barrel %,Max Exit Velocity,36.8,35.0,40.9,48.9,50.0,45.0,45.2,4.74,0.889,1.052,1.025,1.0,0.985,0.985,1.0,12.64,7.73,85.0,26.6,F,Lineup unconfirmed,Pitch Out,0.2347417840375587,1.0,,,
90,2026-09-04,824554,2026-09-04T23:40:00Z,Scheduled,Rate Field,Minnesota Twins @ Chicago White Sox,Home,671976,Tristan Peters,Chicago White Sox,Minnesota Twins,CF,L,No,,135,423,378,105,27,4,12,55,52,33,6,76,0.278,0.344,0.466,0.81,12,44,38,14,5,0.368,0.1136,26,85,73,25,6,0.342,0.0706,567,96,4.7,25.7,54.4,23.8,21.4,17.5,32.0,56.3,31.4,6.9,6.1,6.9,70.5,81.8,17.2,0.539,66.6,94.9,109.6,7.9,12.8,2.8,50.2,33.6,Weak,2.5,Pull Power,A,Excellent HR swing plane,33.6,Weak,0.954,Good,6.2,52.6,96.0,0.622,Derived proxy,Derived proxy,Derived proxy,Derived proxy,,,26.91,14.91,Strong positive regression,Weak Pull Power profile. 4.7% barrel rate; 81.8 mph average exit velocity; 32.0% air-ball rate; 56.3% pull-air rate; 6.9% HR-launch rate.,0.0284,0.0292,4.09,20,7,31.5,0.63,63.5,Recently homered,805673.0,Zebby Matthews,R,LHB vs RHP,19,19,112.0,4.58,1.26,19,1.53,7.47,2.57,620.0,6.5,27.1,13.7,47.9,31.0,85.0,96.4,112.8,0.55,19.0,27.3,100.0,0.493,3.5,4-Seam Fastball,L,LHB vs RHP,36.4,368,0.296,0.358,0.498,0.856,11,28,65,0.0299,4.1,0.512,265,0.0377,7.2,0.578,6,5,1,1/5,0.2,0.333,0.2,0.533,0,1,1,33.4,Slight Pitcher Advantage,Below average,37.7,5,Pitch-level Statcast · last 5 MLB games,475,4-Seam Fastball,34.526315789473685,164.0,Slider,22.526315789473685,107.0,Changeup,13.894736842105264,66.0,Cutter,13.263157894736842,63.0,Curveball,10.105263157894736,48.0,Unknown,,Unknown,,No,100.0,1.0,1.0,50.0,0.955,0.99,49.3,Current-Season Handedness Matchup,Pull Air %,Barrel %,Max Exit Velocity,36.4,46.2,27.3,55.4,50.0,45.0,45.2,4.74,1.35,1.069,1.025,1.0,0.954,0.954,1.0,11.4,9.34,83.8,29.1,F,Lineup unconfirmed,Sinker,5.684210526315789,27.0,,,
91,2026-09-04,824146,2026-09-05T00:10:00Z,Scheduled,Daikin Park,Arizona Diamondbacks @ Houston Astros,Away,606466,Ketel Marte,Arizona Diamondbacks,Houston Astros,2B,S,No,,120,527,475,119,23,3,21,65,67,42,6,78,0.251,0.317,0.444,0.761,2,8,6,2,0,0.333,0.0,11,44,34,10,2,0.294,0.0455,683,59,6.2,30.1,53.5,30.9,15.1,14.6,28.3,52.9,27.8,5.9,4.2,5.9,53.0,85.2,15.1,0.545,73.9,97.8,113.8,47.9,13.1,13.3,60.4,44.6,Below Average,3.0,Pull Power,A,Excellent HR swing plane,44.6,Below Average,0.985,Good,5.1,60.0,96.6,0.518,Derived proxy,Derived proxy,Derived proxy,Derived proxy,,,39.49,18.49,Strong positive regression,Below Average Pull Power profile. 6.2% barrel rate; 85.2 mph average exit velocity; 28.3% air-ball rate; 52.9% pull-air rate; 5.9% HR-launch rate.,0.0398,0.0384,4.05,13,5,22.6,0.57,57.5,Recently homered,664299.0,Cristian Javier,R,Switch vs RHP,13,8,44.2,6.45,1.63,8,1.61,8.46,3.83,281.0,4.3,20.3,20.3,46.8,32.4,82.3,93.7,110.8,0.58,8.0,37.5,99.8,0.505,8.0,4-Seam Fastball,L,LHB vs RHP,30.3,392,0.232,0.304,0.391,0.695,12,33,61,0.0306,5.8,0.518,92,0.0217,3.2,0.468,3,3,0,0/3,0.0,0.0,0.0,0.0,0,0,0,35.3,Slight Pitcher Advantage,Below average,42.5,5,Pitch-level Statcast · last 5 MLB games,426,4-Seam Fastball,48.35680751173709,206.0,Sweeper,27.934272300469484,119.0,Changeup,15.492957746478874,66.0,Cutter,7.042253521126761,30.0,Knuckle Curve,0.9389671361502347,4.0,Unknown,,Unknown,,No,100.0,1.0,1.0,50.0,0.975,0.968,52.7,Current-Season Handedness Matchup,Pull Air %,Barrel %,Max Exit Velocity,30.3,35.0,37.5,54.0,50.0,45.0,45.1,4.73,1.033,1.052,1.035,1.0,0.985,0.985,1.0,14.66,9.48,80.5,28.1,F,Lineup unconfirmed,Pitch Out,0.2347417840375587,1.0,,,
92,2026-09-04,823418,2026-09-04T22:40:00Z,Scheduled,Citizens Bank Park,Atlanta Braves @ Philadelphia Phillies,Away,660670,Ronald Acuña Jr.,Atlanta Braves,Philadelphia Phillies,RF,R,No,,87,383,329,80,13,1,14,50,39,47,5,90,0.243,0.345,0.416,0.761,10,44,38,12,1,0.316,0.0227,25,109,100,25,5,0.25,0.0459,485,148,5.7,24.7,38.8,32.1,29.1,12.6,24.7,36.8,31.7,7.2,3.7,7.2,57.6,83.1,18.3,0.607,73.7,95.4,115.2,56.5,10.8,12.7,51.4,38.1,Below Average,2.5,Contact-First Profile,A,Excellent HR swing plane,38.1,Below Average,0.967,Good,4.1,36.1,95.8,0.547,Derived proxy,Derived proxy,Derived proxy,Derived proxy,,,24.58,10.58,Strong positive regression,Below Average Contact-First Profile profile. 5.7% barrel rate; 83.1 mph average exit velocity; 24.7% air-ball rate; 36.8% pull-air rate; 7.2% HR-launch rate.,0.0366,0.0355,4.05,0,0,23.5,0.0,0.0,Very recent HR,650911.0,Cristopher Sánchez,L,RHB vs LHP,28,28,175.1,2.52,1.19,14,0.72,10.37,2.0,827.0,4.2,27.3,9.1,42.6,26.6,83.4,96.1,112.7,0.504,14.0,57.0,100.0,0.694,8.3,Sinker,R,RHB vs LHP,36.0,121,0.216,0.339,0.392,0.731,4,18,30,0.0331,5.3,0.631,561,0.0232,4.9,0.533,6,6,3,3/6,0.5,0.5,1.0,1.5,1,0,1,49.2,Neutral Matchup,Average,65.0,5,Pitch-level Statcast · last 5 MLB games,471,Sinker,46.07218683651805,217.0,Changeup,35.881104033970274,169.0,Slider,18.046709129511676,85.0,,,,,,,Unknown,,Unknown,,No,108.0,1.08,1.0,64.4,1.014,0.967,46.8,Current-Season Handedness Matchup,Pull Air %,Barrel %,Max Exit Velocity,36.0,32.2,57.0,35.2,64.4,45.0,45.0,4.72,0.974,0.939,1.025,1.0,0.967,0.967,0.98,13.61,8.38,85.0,27.0,F,Lineup unconfirmed,,,,,,
93,2026-09-04,823905,2026-09-05T02:10:00Z,Scheduled,UNIQLO Field at Dodger Stadium,Washington Nationals @ Los Angeles Dodgers,Away,665953,Andrés Chaparro,Washington Nationals,Los Angeles Dodgers,1B,R,No,,67,176,150,37,11,0,9,30,34,21,5,40,0.247,0.358,0.5,0.858,9,32,27,7,1,0.259,0.0312,21,69,60,18,3,0.3,0.0435,219,99,7.5,33.7,53.8,23.2,23.0,12.7,22.9,54.2,26.3,7.8,5.9,7.8,49.4,85.4,20.8,0.597,72.2,98.5,112.1,45.7,15.0,16.5,50.0,49.2,Average,3.0,Pull Power,A-,Elevated power plane,49.2,Average,0.998,Good,7.1,47.6,99.2,0.539,Derived proxy,Derived proxy,Derived proxy,Derived proxy,,,15.15,6.15,Strong positive regression,Average Pull Power profile. 7.5% barrel rate; 85.4 mph average exit velocity; 22.9% air-ball rate; 54.2% pull-air rate; 7.8% HR-launch rate.,0.0511,0.0434,4.15,19,6,16.7,1.14,114.0,Near normal interval,605483.0,Blake Snell,L,RHB vs LHP,5,5,26.0,2.42,1.08,0,0.0,12.46,4.15,129.0,0.8,6.2,10.1,33.3,29.5,78.0,87.5,107.3,0.331,0.0,66.6,100.0,0.776,9.0,4-Seam Fastball,R,RHB vs LHP,37.2,116,0.208,0.345,0.438,0.782,5,17,27,0.0431,7.8,0.667,74,0.0,1.1,0.319,0,0,0,0/0,,,,,0,0,0,50.1,Neutral Matchup,Average,50.0,5,Pitch-level Statcast · last 5 MLB games,444,4-Seam Fastball,49.32432432432432,219.0,Curveball,20.945945945945947,93.0,Changeup,17.792792792792792,79.0,Slider,11.936936936936936,53.0,,,,Unknown,,Unknown,,No,100.0,1.0,1.0,50.0,1.033,0.933,55.5,Current-Season Handedness Matchup,Pull Air %,Barrel %,Max Exit Velocity,37.2,9.9,66.6,59.7,50.0,45.0,44.8,4.69,0.939,1.0,1.025,1.0,0.998,0.998,1.0,16.81,9.62,70.1,30.1,D,Lineup unconfirmed,,,,,,
94,2026-09-04,823824,2026-09-04T23:10:00Z,Scheduled,loanDepot park,Chicago Cubs @ Miami Marlins,Home,665923,Esteury Ruiz,Miami Marlins,Chicago Cubs,RF,R,No,,93,206,170,40,10,1,6,35,11,22,11,65,0.235,0.358,0.412,0.77,9,25,20,2,0,0.1,0.0,20,57,47,8,1,0.17,0.0175,232,61,5.4,16.9,55.3,26.6,18.1,11.0,23.4,68.1,33.6,5.1,3.1,5.1,41.7,74.8,17.9,0.456,66.0,90.3,110.0,18.0,11.0,3.7,35.6,27.8,Weak,2.0,Pull Power,A,Excellent HR swing plane,27.8,Weak,0.938,Good,4.9,75.0,88.8,0.369,Derived proxy,Derived proxy,Derived proxy,Derived proxy,,,11.95,5.95,Strong positive regression,Weak Pull Power profile. 5.4% barrel rate; 74.8 mph average exit velocity; 23.4% air-ball rate; 68.1% pull-air rate; 5.1% HR-launch rate.,0.0291,0.0302,3.99,42,17,28.3,1.48,148.2,Above normal drought,684007.0,Shota Imanaga,L,RHB vs LHP,27,27,150.1,4.01,1.14,33,1.98,8.86,2.1,818.0,6.0,22.1,17.5,45.9,27.6,81.8,94.3,114.7,0.549,33.0,47.1,67.1,0.571,9.5,4-Seam Fastball,R,RHB vs LHP,43.8,100,0.244,0.37,0.476,0.846,4,13,33,0.04,8.0,0.557,444,0.0495,5.4,0.529,0,0,0,0/0,,,,,0,0,0,46.2,Neutral Matchup,Average,50.0,5,Pitch-level Statcast · last 5 MLB games,428,4-Seam Fastball,42.05607476635514,180.0,Split-Finger,31.77570093457944,136.0,Sweeper,17.757009345794394,76.0,Sinker,3.97196261682243,17.0,Slider,3.2710280373831777,14.0,Unknown,,Unknown,,No,94.0,0.94,1.0,39.2,0.994,0.985,49.1,Current-Season Handedness Matchup,Pull Air %,Barrel %,Max Exit Velocity,43.8,40.6,47.1,38.0,39.2,45.0,44.7,4.68,0.782,1.141,1.025,1.0,0.938,0.938,1.035,11.51,6.84,71.3,26.1,F,Lineup unconfirmed,Curveball,1.1682242990654206,5.0,,,
95,2026-09-04,824471,2026-09-04T22:10:00Z,Scheduled,Great American Ball Park,Milwaukee Brewers @ Cincinnati Reds,Away,666310,Bo Naylor,Milwaukee Brewers,Cincinnati Reds,C,L,No,,28,90,84,12,2,0,2,4,7,6,0,21,0.143,0.2,0.238,0.438,0,0,0,0,0,0.0,0.0,0,0,0,0,0,0.0,0.0,144,0,4.9,22.9,46.0,30.2,23.8,14.6,23.6,50.0,26.4,7.6,4.2,7.6,28.6,82.1,25.5,0.532,70.3,93.8,108.9,13.3,11.1,5.2,48.6,31.5,Weak,2.5,Pull Power,A-,Elevated power plane,31.5,Weak,0.948,Good,,,,,Derived proxy,Derived proxy,Derived proxy,Derived proxy,,,6.92,4.92,Strong positive regression,Weak Pull Power profile. 4.9% barrel rate; 82.1 mph average exit velocity; 23.6% air-ball rate; 50.0% pull-air rate; 7.6% HR-launch rate.,0.0222,0.0278,3.87,0,0,42.0,0.0,0.0,Very recent HR,695076.0,Rhett Lowder,R,LHB vs RHP,24,21,112.0,5.14,1.46,16,1.29,7.07,3.46,617.0,5.8,25.1,16.7,40.2,32.1,84.1,95.6,116.0,0.572,16.0,31.5,99.7,0.528,3.8,Sinker,L,LHB vs RHP,41.6,77,0.113,0.182,0.197,0.379,2,6,18,0.026,6.0,0.553,307,0.0391,6.9,0.633,0,0,0,0/0,,,,,0,0,0,39.8,Slight Pitcher Advantage,Below average,50.0,5,Pitch-level Statcast · last 5 MLB games,476,Sinker,26.680672268907564,127.0,Slider,24.57983193277311,117.0,Changeup,22.478991596638654,107.0,4-Seam Fastball,18.69747899159664,89.0,Curveball,7.563025210084033,36.0,Unknown,,Unknown,,No,112.0,1.12,1.0,71.6,0.963,0.983,48.0,Current-Season Handedness Matchup,Pull Air %,Barrel %,Max Exit Velocity,41.6,38.5,31.5,50.0,71.6,45.0,44.6,4.67,1.0,1.03,1.025,0.94,0.948,0.891,0.98,10.34,7.13,58.4,19.6,F,Lineup unconfirmed; Limited recent games,,,,,,
96,2026-09-04,823418,2026-09-04T22:40:00Z,Scheduled,Citizens Bank Park,Atlanta Braves @ Philadelphia Phillies,Home,547180,Bryce Harper,Philadelphia Phillies,Atlanta Braves,1B,L,No,,140,599,491,135,28,3,27,85,80,100,1,123,0.275,0.394,0.509,0.903,11,48,40,19,2,0.475,0.0417,25,114,86,33,3,0.384,0.0263,759,141,5.5,24.8,50.6,17.9,31.5,12.6,26.5,40.6,34.1,7.5,3.6,7.5,54.9,83.5,16.2,0.65,71.9,95.1,112.4,37.4,12.3,9.4,40.1,36.6,Below Average,2.5,Contact-First Profile,A,Excellent HR swing plane,36.6,Below Average,0.962,Good,5.0,43.2,94.4,0.61,Derived proxy,Derived proxy,Derived proxy,Derived proxy,,,38.74,11.74,Strong positive regression,Below Average Contact-First Profile profile. 5.5% barrel rate; 83.5 mph average exit velocity; 26.5% air-ball rate; 40.6% pull-air rate; 7.5% HR-launch rate.,0.0451,0.0429,4.25,22,6,18.2,1.21,121.0,Near normal interval,519242.0,Chris Sale,L,LHB vs LHP,24,24,144.0,2.06,1.0,8,0.5,11.06,1.75,744.0,3.1,19.5,11.6,36.0,32.3,81.8,93.2,113.2,0.487,8.0,74.0,100.0,0.86,9.0,4-Seam Fastball,L,LHB vs LHP,21.2,229,0.225,0.345,0.337,0.682,4,36,58,0.0175,4.1,0.535,144,0.0069,3.6,0.467,3,3,1,1/3,0.333,0.333,0.333,0.666,0,0,1,44.6,Neutral Matchup,Average,46.0,5,Pitch-level Statcast · last 5 MLB games,508,4-Seam Fastball,42.51968503937008,216.0,Slider,39.960629921259844,203.0,Sinker,9.05511811023622,46.0,Changeup,8.464566929133857,43.0,,,,Unknown,,Unknown,,No,108.0,1.08,1.0,64.4,1.048,0.956,43.3,Current-Season Handedness Matchup,Pull Air %,Barrel %,Max Exit Velocity,21.2,22.9,74.0,41.1,64.4,45.0,44.5,4.66,0.924,0.904,0.985,1.0,0.962,0.962,1.0,17.0,9.18,85.0,32.5,D,Lineup unconfirmed,,,,,,
97,2026-09-04,824797,2026-09-04T23:05:00Z,Scheduled,Oriole Park at Camden Yards,Boston Red Sox @ Baltimore Orioles,Away,681508,Mickey Gasper,Boston Red Sox,Baltimore Orioles,DH,S,No,,49,173,148,41,9,1,7,21,21,20,3,27,0.277,0.372,0.493,0.865,11,38,28,11,4,0.393,0.1053,15,54,41,15,7,0.366,0.1296,204,57,11.9,30.2,56.2,22.2,21.6,19.5,31.7,41.6,28.6,11.9,8.7,11.9,49.8,84.8,15.0,0.706,70.1,96.8,108.6,12.8,18.5,6.8,56.8,46.8,Below Average,3.0,Contact-First Profile,A,Excellent HR swing plane,46.8,Below Average,0.991,Good,17.5,42.1,96.5,0.965,Derived proxy,Derived proxy,Derived proxy,Derived proxy,,,19.8,12.8,Strong positive regression,Below Average Contact-First Profile profile. 11.9% barrel rate; 84.8 mph average exit velocity; 31.7% air-ball rate; 41.6% pull-air rate; 11.9% HR-launch rate.,0.0405,0.037,4.15,8,2,21.1,0.38,37.8,Recently homered,669358.0,Shane Baz,R,Switch vs RHP,27,27,157.0,4.01,1.35,11,0.63,7.97,3.15,919.0,3.7,24.0,13.5,38.1,29.8,83.1,94.8,116.9,0.507,11.0,37.7,99.6,0.557,5.5,4-Seam Fastball,L,LHB vs RHP,41.4,148,0.312,0.412,0.568,0.98,7,19,18,0.0473,9.5,0.604,394,0.0178,4.1,0.53,3,3,0,0/3,0.0,0.0,0.0,0.0,0,0,1,40.3,Slight Pitcher Advantage,Below average,42.5,5,Pitch-level Statcast · last 5 MLB games,442,4-Seam Fastball,37.33031674208145,165.0,Knuckle Curve,31.67420814479638,140.0,Sinker,12.44343891402715,55.0,Changeup,10.180995475113122,45.0,Cutter,8.371040723981901,37.0,Unknown,,Unknown,,No,99.0,0.99,1.0,48.2,0.975,0.962,53.3,Current-Season Handedness Matchup,Pull Air %,Barrel %,Max Exit Velocity,41.4,26.8,37.7,72.3,48.2,45.0,44.5,4.65,1.35,0.925,1.035,1.0,0.991,0.991,1.0,14.48,10.23,68.7,29.2,F,Lineup unconfirmed,,,,,,
98,2026-09-04,823824,2026-09-04T23:10:00Z,Scheduled,loanDepot park,Chicago Cubs @ Miami Marlins,Away,624424,Michael Conforto,Chicago Cubs,Miami Marlins,DH,L,No,,95,249,216,50,13,0,13,29,37,28,2,71,0.231,0.321,0.472,0.793,9,19,18,7,3,0.389,0.1579,20,55,47,11,4,0.234,0.0727,298,74,6.3,26.7,57.3,21.9,20.8,17.7,29.1,63.5,28.7,6.0,4.7,6.0,74.9,83.1,21.1,0.67,70.6,96.1,110.9,29.5,10.5,6.4,51.9,40.0,Below Average,2.5,Pull Power,A-,Elevated power plane,40.0,Below Average,0.972,Good,6.8,70.0,95.6,0.711,Derived proxy,Derived proxy,Derived proxy,Derived proxy,,,17.57,4.57,Strong positive regression,Below Average Pull Power profile. 6.3% barrel rate; 83.1 mph average exit velocity; 29.1% air-ball rate; 63.5% pull-air rate; 6.0% HR-launch rate.,0.0522,0.0456,4.05,3,2,16.6,0.18,18.1,Very recent HR,676083.0,Janson Junk,R,LHB vs RHP,21,20,103.0,4.11,1.3,12,1.05,6.12,2.45,635.0,4.3,23.9,11.7,47.2,29.3,83.0,95.2,114.2,0.497,12.0,37.3,99.9,0.549,5.7,4-Seam Fastball,L,LHB vs RHP,38.4,240,0.226,0.317,0.447,0.764,11,27,70,0.0458,5.5,0.624,274,0.0219,4.2,0.527,0,0,0,0/0,,,,,0,0,0,40.3,Slight Pitcher Advantage,Below average,50.0,5,Pitch-level Statcast · last 5 MLB games,311,4-Seam Fastball,28.938906752411576,90.0,Slider,18.327974276527332,57.0,Sweeper,17.363344051446944,54.0,Changeup,17.041800643086816,53.0,Curveball,13.82636655948553,43.0,Unknown,,Unknown,,No,94.0,0.94,1.0,39.2,0.975,0.968,53.8,Current-Season Handedness Matchup,Pull Air %,Barrel %,Max Exit Velocity,38.4,34.0,37.3,55.7,39.2,45.0,44.4,4.65,1.35,0.992,1.025,1.0,0.972,0.972,0.98,17.24,11.45,74.2,30.8,D,Lineup unconfirmed,Sinker,4.501607717041801,14.0,,,
99,2026-09-04,823579,2026-09-04T23:10:00Z,Scheduled,Citi Field,San Francisco Giants @ New York Mets,Home,596019,Francisco Lindor,New York Mets,San Francisco Giants,SS,S,No,,83,361,321,74,9,4,15,47,36,37,3,69,0.231,0.316,0.424,0.74,11,48,45,9,3,0.2,0.0625,25,110,97,23,6,0.237,0.0545,482,142,5.5,30.9,54.7,18.9,25.7,18.3,29.6,55.8,26.7,8.0,5.7,8.0,64.8,85.2,21.4,0.557,70.8,96.8,111.0,23.4,12.7,8.7,54.6,40.7,Below Average,2.5,Pull Power,A-,Elevated power plane,40.7,Below Average,0.974,Good,4.9,61.9,97.1,0.542,Derived proxy,Derived proxy,Derived proxy,Derived proxy,,,27.4,12.4,Strong positive regression,Below Average Pull Power profile. 5.5% barrel rate; 85.2 mph average exit velocity; 29.6% air-ball rate; 55.8% pull-air rate; 8.0% HR-launch rate.,0.0416,0.0392,3.99,6,1,21.4,0.28,28.0,Very recent HR,683363.0,Matt Wilkinson,L,Switch vs LHP,3,3,11.2,4.63,1.11,1,0.77,4.63,1.54,69.0,2.9,30.4,17.4,45.5,27.5,84.2,95.7,108.2,0.491,1.0,38.2,100.0,0.564,5.4,4-Seam Fastball,R,RHB vs LHP,39.7,110,0.196,0.291,0.392,0.683,5,13,16,0.0455,5.7,0.487,38,0.0263,3.7,0.544,0,0,0,0/0,,,,,0,0,0,41.2,Slight Pitcher Advantage,Below average,50.0,3,Pitch-level Statcast · last 5 MLB games,181,4-Seam Fastball,54.69613259668508,99.0,Changeup,24.30939226519337,44.0,Slider,15.469613259668508,28.0,Cutter,5.524861878453039,10.0,,,,Unknown,,Unknown,,No,100.0,1.0,1.0,50.0,0.976,0.954,52.4,Current-Season Handedness Matchup,Pull Air %,Barrel %,Max Exit Velocity,39.7,32.2,38.2,54.7,50.0,45.0,44.4,4.64,1.202,0.992,1.035,1.0,0.974,0.974,0.98,14.74,9.78,85.0,28.9,F,Lineup unconfirmed,,,,,,
100,2026-09-04,823093,2026-09-05T02:10:00Z,Scheduled,T-Mobile Park,Athletics @ Seattle Mariners,Away,691777,Max Muncy,Athletics,Seattle Mariners,3B,R,No,,72,255,228,49,9,2,7,28,26,20,4,82,0.215,0.286,0.364,0.65,9,33,31,7,1,0.226,0.0303,22,74,68,14,2,0.206,0.027,293,79,7.1,23.9,44.6,33.7,21.7,11.5,24.2,49.7,30.6,7.1,3.5,7.1,34.7,82.5,19.8,0.528,71.6,94.8,111.2,41.2,13.7,9.1,52.2,39.0,Below Average,2.5,Pull Power,A,Excellent HR swing plane,39.0,Below Average,0.969,Good,6.3,47.6,92.6,0.473,Derived proxy,Derived proxy,Derived proxy,Derived proxy,,,17.87,10.87,Strong positive regression,Below Average Pull Power profile. 7.1% barrel rate; 82.5 mph average exit velocity; 24.2% air-ball rate; 49.7% pull-air rate; 7.1% HR-launch rate.,0.0275,0.0289,3.99,23,7,32.6,0.71,70.6,Recently homered,669302.0,Logan Gilbert,R,RHB vs RHP,27,27,160.1,3.42,1.04,22,1.23,9.32,2.25,844.0,5.2,23.2,14.5,46.0,31.6,82.5,94.6,115.2,0.543,22.0,40.4,99.8,0.558,6.8,4-Seam Fastball,R,RHB vs RHP,41.5,153,0.214,0.261,0.357,0.619,5,7,52,0.0327,8.3,0.54,278,0.0396,6.8,0.547,2,2,0,0/2,0.0,0.0,0.0,0.0,0,0,2,41.8,Slight Pitcher Advantage,Below average,45.0,5,Pitch-level Statcast · last 5 MLB games,479,4-Seam Fastball,43.42379958246347,208.0,Slider,23.799582463465555,114.0,Split-Finger,16.701461377870565,80.0,Changeup,9.394572025052192,45.0,Sweeper,4.592901878914405,22.0,Unknown,,Unknown,,No,92.0,0.92,1.0,35.6,0.981,0.977,52.3,Current-Season Handedness Matchup,Pull Air %,Barrel %,Max Exit Velocity,41.5,37.8,40.4,44.8,35.6,45.0,44.3,4.63,0.999,1.021,0.985,1.0,0.969,0.969,1.0,11.04,6.84,76.1,21.6,F,Lineup unconfirmed,Cutter,1.8789144050104385,9.0,Sinker,0.20876826722338204,1.0
101,2026-09-04,824424,2026-09-04T18:10:00Z,Scheduled,Progressive Field,Detroit Tigers @ Cleveland Guardians,Away,682985,Riley Greene,Detroit Tigers,Cleveland Guardians,LF,L,No,,119,502,432,116,26,1,16,65,56,61,4,138,0.269,0.361,0.444,0.805,2,10,10,1,0,0.1,0.0,7,29,26,4,0,0.154,0.0,628,27,6.4,22.3,41.2,25.7,33.1,14.4,28.8,39.5,39.2,6.0,2.3,6.0,21.6,81.6,16.4,0.587,74.4,93.8,110.8,53.8,12.7,9.2,33.1,34.6,Weak,2.5,Contact-First Profile,A,Excellent HR swing plane,34.6,Weak,0.957,Good,3.7,37.5,89.2,0.379,Derived proxy,Derived proxy,Derived proxy,Derived proxy,,,33.01,17.01,Strong positive regression,Weak Contact-First Profile profile. 6.4% barrel rate; 81.6 mph average exit velocity; 28.8% air-ball rate; 39.5% pull-air rate; 6.0% HR-launch rate.,0.0319,0.0319,4.15,29,8,27.0,1.07,107.4,Near normal interval,671106.0,Logan Allen,L,LHB vs LHP,6,1,14.1,3.77,1.47,3,1.88,9.42,2.51,93.0,5.4,23.7,20.4,41.7,25.8,81.7,95.0,109.4,0.531,3.0,63.1,100.0,0.749,8.6,4-Seam Fastball,L,LHB vs LHP,33.4,157,0.231,0.344,0.351,0.695,2,22,45,0.0127,4.1,0.525,24,0.0833,3.0,0.502,3,3,1,1/3,0.333,0.333,0.333,0.666,0,0,2,46.3,Neutral Matchup,Average,46.0,5,Pitch-level Statcast · last 5 MLB games,180,4-Seam Fastball,30.555555555555557,55.0,Cutter,26.666666666666668,48.0,Sweeper,18.88888888888889,34.0,Changeup,15.0,27.0,Sinker,8.88888888888889,16.0,Unknown,,Unknown,,No,100.0,1.0,1.0,50.0,1.026,0.979,45.1,Current-Season Handedness Matchup,Pull Air %,Barrel %,Max Exit Velocity,33.4,35.8,63.1,22.5,50.0,45.0,44.2,4.63,0.901,1.025,0.985,1.0,0.957,0.957,1.0,12.59,7.53,79.3,27.0,F,Lineup unconfirmed,,,,,,
102,2026-09-04,824471,2026-09-04T22:10:00Z,Scheduled,Great American Ball Park,Milwaukee Brewers @ Cincinnati Reds,Home,701398,Sal Stewart,Cincinnati Reds,Milwaukee Brewers,1B,R,No,,140,607,538,143,25,0,31,80,105,57,4,130,0.266,0.336,0.485,0.821,11,50,47,16,4,0.34,0.08,27,117,110,34,7,0.309,0.0598,757,172,6.8,22.1,32.2,30.5,35.6,16.5,28.3,33.1,33.6,7.6,4.2,7.6,61.1,84.3,19.5,0.645,69.9,95.0,111.0,23.4,13.0,5.8,56.6,33.3,Weak,2.5,Contact-First Profile,A,Excellent HR swing plane,33.3,Weak,0.953,Good,5.8,32.7,94.5,0.654,Derived proxy,Derived proxy,Derived proxy,Derived proxy,,,43.82,12.82,Strong positive regression,Weak Contact-First Profile profile. 6.8% barrel rate; 84.3 mph average exit velocity; 28.3% air-ball rate; 33.1% pull-air rate; 7.6% HR-launch rate.,0.0511,0.0479,4.09,12,3,17.4,0.69,69.1,Recently homered,675660.0,Shane Drohan,L,RHB vs LHP,27,16,110.1,3.75,1.3,10,0.82,8.97,3.02,557.0,5.4,25.7,16.0,37.2,30.9,82.4,95.0,113.6,0.49,10.0,52.0,100.0,0.656,7.7,4-Seam Fastball,R,RHB vs LHP,47.0,149,0.287,0.383,0.512,0.894,8,19,34,0.0537,7.8,0.683,321,0.0312,5.6,0.494,5,5,2,2/5,0.4,0.4,0.4,0.8,0,0,1,48.7,Neutral Matchup,Average,46.9,5,Pitch-level Statcast · last 5 MLB games,400,4-Seam Fastball,23.25,93.0,Slider,21.5,86.0,Sinker,20.25,81.0,Cutter,15.5,62.0,Curveball,12.25,49.0,Unknown,,Unknown,,No,112.0,1.12,1.0,71.6,1.004,0.979,46.5,Current-Season Handedness Matchup,Pull Air %,Barrel %,Max Exit Velocity,47.0,31.2,52.0,33.3,71.6,45.0,44.2,4.63,1.192,0.955,1.025,1.0,0.953,0.953,1.0,18.2,12.41,85.0,34.3,D,Lineup unconfirmed,Changeup,7.25,29.0,,,
103,2026-09-04,823418,2026-09-04T22:40:00Z,Scheduled,Citizens Bank Park,Atlanta Braves @ Philadelphia Phillies,Away,663586,Austin Riley,Atlanta Braves,Philadelphia Phillies,3B,R,No,,138,550,494,110,21,1,15,55,63,42,10,173,0.223,0.295,0.36,0.655,10,38,33,8,0,0.242,0.0,25,94,85,19,2,0.224,0.0213,670,128,7.6,27.1,43.5,23.4,33.1,14.6,26.4,47.3,29.6,6.5,3.4,6.5,26.5,84.2,23.6,0.626,74.0,96.5,112.9,54.3,13.5,11.4,45.8,42.0,Below Average,2.5,Pull Power,A-,Elevated power plane,42.0,Below Average,0.978,Good,7.8,52.9,96.4,0.669,Derived proxy,Derived proxy,Derived proxy,Derived proxy,,,43.53,28.53,Strong positive regression,Below Average Pull Power profile. 7.6% barrel rate; 84.2 mph average exit velocity; 26.4% air-ball rate; 47.3% pull-air rate; 6.5% HR-launch rate.,0.0273,0.0281,4.05,62,18,32.9,1.88,188.3,Above normal drought,650911.0,Cristopher Sánchez,L,RHB vs LHP,28,28,175.1,2.52,1.19,14,0.72,10.37,2.0,827.0,4.2,27.3,9.1,42.6,26.6,83.4,96.1,112.7,0.504,14.0,27.2,100.0,0.464,4.9,Sinker,R,RHB vs LHP,34.7,165,0.231,0.327,0.336,0.663,2,18,53,0.0121,9.6,0.617,561,0.0232,4.9,0.533,1,1,0,0/1,0.0,0.0,0.0,0.0,0,0,0,34.6,Slight Pitcher Advantage,Below average,47.5,5,Pitch-level Statcast · last 5 MLB games,471,Sinker,46.07218683651805,217.0,Changeup,35.881104033970274,169.0,Slider,18.046709129511676,85.0,,,,,,,Unknown,,Unknown,,No,108.0,1.08,1.0,64.4,0.954,0.967,52.7,Current-Season Handedness Matchup,Pull Air %,Barrel %,Max Exit Velocity,34.7,32.2,27.2,59.8,64.4,45.0,44.2,4.62,0.813,0.939,1.025,1.0,0.978,0.978,1.035,10.91,6.45,84.5,27.4,F,Lineup unconfirmed,,,,,,
104,2026-09-04,824471,2026-09-04T22:10:00Z,Scheduled,Great American Ball Park,Milwaukee Brewers @ Cincinnati Reds,Away,596142,Gary Sánchez,Milwaukee Brewers,Cincinnati Reds,C,R,No,,78,245,200,41,9,1,11,34,35,41,3,51,0.205,0.347,0.425,0.772,7,17,15,1,1,0.067,0.0588,18,52,46,8,3,0.174,0.0577,254,56,5.5,23.3,50.8,26.2,23.0,12.2,23.9,49.3,30.9,5.2,3.8,5.2,86.1,80.9,15.8,0.537,68.0,94.4,112.3,15.8,10.4,5.0,55.8,33.7,Weak,2.5,Pull Power,A,Excellent HR swing plane,33.7,Weak,0.954,Good,5.4,60.0,91.9,0.514,Derived proxy,Derived proxy,Derived proxy,Derived proxy,,,12.2,1.2,Near expected,Weak Pull Power profile. 5.5% barrel rate; 80.9 mph average exit velocity; 23.9% air-ball rate; 49.3% pull-air rate; 5.2% HR-launch rate.,0.0449,0.0407,4.05,2,2,18.2,0.11,11.0,Very recent HR,695076.0,Rhett Lowder,R,RHB vs RHP,24,21,112.0,5.14,1.46,16,1.29,7.07,3.46,617.0,5.8,25.1,16.7,40.2,32.1,84.1,95.6,116.0,0.572,16.0,26.8,99.7,0.484,3.7,Sinker,R,RHB vs RHP,34.4,135,0.174,0.333,0.394,0.728,6,24,31,0.0444,5.7,0.551,192,0.0208,4.2,0.485,0,0,0,0/0,,,,,0,0,0,34.9,Slight Pitcher Advantage,Below average,50.0,5,Pitch-level Statcast · last 5 MLB games,476,Sinker,26.680672268907564,127.0,Slider,24.57983193277311,117.0,Changeup,22.478991596638654,107.0,4-Seam Fastball,18.69747899159664,89.0,Curveball,7.563025210084033,36.0,Unknown,,Unknown,,No,112.0,1.12,1.0,71.6,0.954,0.983,49.3,Current-Season Handedness Matchup,Pull Air %,Barrel %,Max Exit Velocity,34.4,38.5,26.8,45.4,71.6,45.0,44.0,4.6,1.174,1.03,0.985,1.0,0.954,0.954,0.98,15.47,10.59,73.7,29.1,F,Lineup unconfirmed,,,,,,
105,2026-09-04,823093,2026-09-05T02:10:00Z,Scheduled,T-Mobile Park,Athletics @ Seattle Mariners,Home,801126,Brock Rodden,Seattle Mariners,Athletics,SS,S,No,,17,55,46,9,2,1,0,5,4,8,0,17,0.196,0.309,0.283,0.592,10,27,22,3,0,0.136,0.0,17,55,46,9,0,0.196,0.0,49,49,2.0,20.4,55.2,20.7,24.1,26.5,34.7,47.1,34.7,4.1,2.0,4.1,0.0,82.8,18.3,0.295,65.9,93.7,102.2,2.3,6.1,0.0,33.7,19.1,Weak,2.0,Pull Power,A,Excellent HR swing plane,19.1,Weak,0.913,Good,2.0,47.1,93.7,0.295,Derived proxy,Derived proxy,Derived proxy,Derived proxy,,,1.34,1.34,Near expected,Weak Pull Power profile. 2.0% barrel rate; 82.8 mph average exit velocity; 34.7% air-ball rate; 47.1% pull-air rate; 4.1% HR-launch rate.,0.0,0.0219,3.87,46,17,,,,No season HR,,TBD,,Unknown,0,0,0.0,0.0,0.0,0,0.0,0.0,0.0,,,,,,,,,,,,50.0,0.0,,,Unknown,S,Unknown,50.0,0,,,,,0,0,0,,,,0,,,,0,0,0,0/0,,,,,0,0,0,50.0,Neutral Matchup,Average,50.0,0,,0,,,,,,,,,,,,,,,,Unknown,,Unknown,,No,92.0,0.92,1.0,35.6,1.0,1.0,40.2,Current-Season Handedness Matchup,Pull Air %,Barrel %,Max Exit Velocity,50.0,50.0,50.0,36.9,35.6,45.0,44.0,4.59,0.758,1.0,1.0,0.94,0.913,0.859,1.0,8.23,4.77,50.3,14.7,F,Small season sample; Probable SP unavailable; Lineup unconfirmed,,,,,,
106,2026-09-04,824146,2026-09-05T00:10:00Z,Scheduled,Daikin Park,Arizona Diamondbacks @ Houston Astros,Away,543510,James McCann,Arizona Diamondbacks,Houston Astros,C,R,No,,44,141,132,39,6,0,5,15,23,6,1,36,0.295,0.331,0.455,0.786,5,18,17,5,1,0.294,0.0556,12,37,33,9,1,0.273,0.027,174,38,6.1,28.6,32.5,39.3,28.2,15.4,30.5,35.7,31.9,4.8,4.5,4.8,47.8,82.0,16.8,0.593,68.7,96.1,109.4,18.7,15.2,3.3,43.2,29.3,Weak,2.0,Contact-First Profile,A,Excellent HR swing plane,29.3,Weak,0.942,Good,7.9,42.9,97.0,0.673,Derived proxy,Derived proxy,Derived proxy,Derived proxy,,,8.57,3.57,Positive regression,Weak Contact-First Profile profile. 6.1% barrel rate; 82.0 mph average exit velocity; 30.5% air-ball rate; 35.7% pull-air rate; 4.8% HR-launch rate.,0.0355,0.0339,4.05,0,0,26.4,0.0,0.0,Very recent HR,664299.0,Cristian Javier,R,RHB vs RHP,13,8,44.2,6.45,1.63,8,1.61,8.46,3.83,281.0,4.3,20.3,20.3,46.8,32.4,82.3,93.7,110.8,0.58,8.0,41.2,97.8,0.615,4.4,4-Seam Fastball,R,RHB vs RHP,55.0,88,0.313,0.337,0.542,0.879,5,2,26,0.0568,6.9,0.642,112,0.0536,5.1,0.692,0,0,0,0/0,,,,,0,0,0,49.2,Neutral Matchup,Average,50.0,5,Pitch-level Statcast · last 5 MLB games,426,4-Seam Fastball,48.35680751173709,206.0,Sweeper,27.934272300469484,119.0,Changeup,15.492957746478874,66.0,Cutter,7.042253521126761,30.0,Knuckle Curve,0.9389671361502347,4.0,Unknown,,Unknown,,No,100.0,1.0,1.0,50.0,0.982,0.968,48.3,Current-Season Handedness Matchup,Pull Air %,Barrel %,Max Exit Velocity,55.0,35.0,41.2,52.5,50.0,45.0,43.9,4.59,1.104,1.052,0.985,1.0,0.942,0.942,0.98,13.02,8.41,65.0,24.6,F,Lineup unconfirmed,Pitch Out,0.2347417840375587,1.0,,,
107,2026-09-04,824067,2026-09-05T00:10:00Z,Scheduled,Kauffman Stadium,Toronto Blue Jays @ Kansas City Royals,Home,686555,Isaac Collins,Kansas City Royals,Toronto Blue Jays,LF,S,No,,126,459,395,90,23,3,6,42,40,53,6,103,0.228,0.326,0.347,0.673,9,33,30,7,0,0.233,0.0,23,81,71,12,0,0.169,0.0,522,101,4.0,26.0,45.2,26.6,28.2,14.0,27.1,40.7,26.9,4.2,2.2,4.2,18.6,82.9,21.0,0.408,70.4,95.6,110.6,31.1,10.7,10.1,33.8,27.0,Weak,2.0,Contact-First Profile,A-,Elevated power plane,27.0,Weak,0.936,Good,4.0,37.5,95.8,0.368,Derived proxy,Derived proxy,Derived proxy,Derived proxy,,,19.69,13.69,Strong positive regression,Weak Contact-First Profile profile. 4.0% barrel rate; 82.9 mph average exit velocity; 27.1% air-ball rate; 40.7% pull-air rate; 4.2% HR-launch rate.,0.0131,0.017,3.99,105,33,65.8,1.59,159.5,Above normal drought,592791.0,Jameson Taillon,R,Switch vs RHP,17,17,84.0,5.68,1.37,26,2.79,8.04,3.43,449.0,8.5,24.3,21.6,48.0,33.6,82.8,95.4,112.4,0.681,26.0,24.0,99.7,0.462,3.4,4-Seam Fastball,L,LHB vs RHP,41.5,319,0.239,0.352,0.362,0.714,4,45,73,0.0125,3.5,0.443,189,0.0741,9.2,0.717,7,6,0,0/6,0.0,0.143,0.0,0.143,0,1,3,33.6,Slight Pitcher Advantage,Below average,32.5,5,Pitch-level Statcast · last 5 MLB games,320,4-Seam Fastball,23.4375,75.0,Changeup,18.75,60.0,Cutter,17.1875,55.0,Curveball,16.25,52.0,Sweeper,14.6875,47.0,Unknown,,Unknown,,No,100.0,1.0,1.0,50.0,0.948,1.01,43.0,Current-Season Handedness Matchup,Pull Air %,Barrel %,Max Exit Velocity,41.5,58.2,24.0,36.3,50.0,45.0,43.9,4.59,0.758,1.2,1.035,0.965,0.936,0.903,1.035,6.61,5.04,83.5,24.0,F,Lineup unconfirmed,Sinker,9.6875,31.0,,,
108,2026-09-04,824424,2026-09-04T18:10:00Z,Scheduled,Progressive Field,Detroit Tigers @ Cleveland Guardians,Away,679529,Spencer Torkelson,Detroit Tigers,Cleveland Guardians,1B,R,No,,137,532,462,102,24,0,21,55,65,58,7,166,0.221,0.315,0.409,0.724,10,32,28,5,1,0.179,0.0312,24,86,72,17,1,0.236,0.0116,623,91,5.8,24.7,49.0,23.3,27.4,15.7,28.1,50.9,31.6,8.3,5.7,8.3,42.0,83.1,20.3,0.571,71.4,94.9,108.8,24.0,12.4,6.6,48.5,37.6,Below Average,2.5,Pull Power,A-,Elevated power plane,37.6,Below Average,0.965,Good,3.3,50.0,93.9,0.481,Derived proxy,Derived proxy,Derived proxy,Derived proxy,,,34.78,13.78,Strong positive regression,Below Average Pull Power profile. 5.8% barrel rate; 83.1 mph average exit velocity; 28.1% air-ball rate; 50.9% pull-air rate; 8.3% HR-launch rate.,0.0395,0.0381,4.05,0,0,22.0,0.0,0.0,Very recent HR,671106.0,Logan Allen,L,RHB vs LHP,6,1,14.1,3.77,1.47,3,1.88,9.42,2.51,93.0,5.4,23.7,20.4,41.7,25.8,81.7,95.0,109.4,0.531,3.0,40.8,100.0,0.591,5.3,4-Seam Fastball,R,RHB vs LHP,34.9,153,0.26,0.359,0.405,0.764,3,21,43,0.0196,5.5,0.539,43,0.0233,6.7,0.544,3,3,1,1/3,0.333,0.333,1.333,1.666,1,0,0,41.5,Slight Pitcher Advantage,Below average,57.5,5,Pitch-level Statcast · last 5 MLB games,180,4-Seam Fastball,30.555555555555557,55.0,Cutter,26.666666666666668,48.0,Sweeper,18.88888888888889,34.0,Changeup,15.0,27.0,Sinker,8.88888888888889,16.0,Unknown,,Unknown,,No,100.0,1.0,1.0,50.0,0.982,0.979,49.1,Current-Season Handedness Matchup,Pull Air %,Barrel %,Max Exit Velocity,34.9,35.8,40.8,42.8,50.0,45.0,43.6,4.55,0.861,1.025,1.025,1.0,0.965,0.965,0.98,14.56,7.95,83.9,25.6,F,Lineup unconfirmed,,,,,,
109,2026-09-04,823338,2026-09-04T22:45:00Z,Scheduled,PNC Park,Los Angeles Angels @ Pittsburgh Pirates,Home,664040,Brandon Lowe,Pittsburgh Pirates,Los Angeles Angels,2B,L,No,,131,578,515,131,28,1,29,84,83,54,2,168,0.254,0.324,0.482,0.806,10,42,35,9,2,0.257,0.0476,24,102,90,23,6,0.256,0.0588,689,115,5.7,27.1,54.0,20.8,25.2,16.8,27.9,54.6,26.8,6.3,3.6,6.3,84.8,83.7,17.8,0.608,70.9,95.7,110.2,35.9,11.8,8.2,44.5,37.9,Below Average,2.5,Pull Power,A,Excellent HR swing plane,37.9,Below Average,0.966,Good,4.3,46.4,94.9,0.559,Derived proxy,Derived proxy,Derived proxy,Derived proxy,,,37.28,8.28,Strong positive regression,Below Average Pull Power profile. 5.7% barrel rate; 83.7 mph average exit velocity; 27.9% air-ball rate; 54.6% pull-air rate; 6.3% HR-launch rate.,0.0502,0.047,4.09,7,2,17.8,0.39,39.4,Recently homered,696270.0,Ryan Johnson,R,LHB vs RHP,17,14,72.1,5.47,1.42,16,1.99,6.47,4.48,421.0,6.2,24.2,19.0,39.8,29.9,82.4,94.8,113.6,0.572,16.0,20.7,100.0,0.457,1.7,Cutter,L,LHB vs RHP,52.3,390,0.276,0.354,0.547,0.9,23,41,98,0.059,6.6,0.677,185,0.0486,6.2,0.54,1,1,0,0/1,0.0,0.0,0.0,0.0,0,0,0,40.3,Slight Pitcher Advantage,Below average,47.5,5,Pitch-level Statcast · last 5 MLB games,423,Cutter,48.463356973995275,205.0,Sweeper,25.53191489361702,108.0,Split-Finger,15.130023640661939,64.0,Sinker,10.874704491725769,46.0,,,,Unknown,,Unknown,,No,100.0,1.0,1.0,50.0,0.941,0.987,55.5,Current-Season Handedness Matchup,Pull Air %,Barrel %,Max Exit Velocity,52.3,38.6,20.7,43.8,50.0,45.0,43.5,4.54,1.048,1.142,1.025,1.0,0.966,0.966,1.0,17.89,11.3,85.0,32.3,D,Lineup unconfirmed,,,,,,
110,2026-09-04,824311,2026-09-05T00:40:00Z,Scheduled,Coors Field,St. Louis Cardinals @ Colorado Rockies,Away,687363,Victor Scott II,St. Louis Cardinals,Colorado Rockies,CF,L,No,,64,185,156,31,4,0,2,19,9,16,2,44,0.199,0.28,0.263,0.543,3,1,1,1,0,1.0,0.0,3,1,1,1,0,1.0,0.0,215,2,1.4,14.9,41.5,35.8,20.3,9.8,22.8,38.8,30.7,3.7,2.8,3.7,66.7,76.2,13.9,0.423,61.7,90.4,106.3,2.3,7.9,0.0,38.4,16.2,Weak,1.5,Contact-First Profile,A,Excellent HR swing plane,16.2,Weak,0.905,Good,50.0,100.0,106.3,1.634,Derived proxy,Derived proxy,Derived proxy,Derived proxy,,,4.42,2.42,Positive regression,Weak Contact-First Profile profile. 1.4% barrel rate; 76.2 mph average exit velocity; 22.8% air-ball rate; 38.8% pull-air rate; 3.7% HR-launch rate.,0.0108,0.0191,3.87,52,23,78.0,0.67,66.7,Recently homered,663372.0,Ryan Feltner,R,LHB vs RHP,21,20,101.2,5.84,1.55,19,1.68,6.73,3.98,583.0,6.9,24.7,16.5,50.9,27.4,82.8,95.0,111.1,0.592,19.0,16.8,99.9,0.418,1.3,4-Seam Fastball,L,LHB vs RHP,26.9,126,0.154,0.261,0.221,0.482,1,14,35,0.0079,2.0,0.453,243,0.037,7.4,0.591,0,0,0,0/0,,,,,0,0,0,28.0,Strong Pitcher Advantage,Below average,50.0,5,Pitch-level Statcast · last 5 MLB games,441,4-Seam Fastball,30.158730158730158,133.0,Changeup,23.356009070294785,103.0,Slider,17.687074829931973,78.0,Sinker,15.873015873015873,70.0,Curveball,7.936507936507937,35.0,Unknown,,Unknown,,No,118.0,1.18,1.0,82.4,0.934,0.994,31.2,Current-Season Handedness Matchup,Pull Air %,Barrel %,Max Exit Velocity,26.9,48.9,16.8,100.0,82.4,45.0,43.4,4.53,1.0,1.093,1.025,0.94,0.905,0.851,1.0,7.21,5.87,65.3,18.5,F,Lineup unconfirmed; Limited recent games,Sweeper,4.988662131519274,22.0,,,
111,2026-09-04,824146,2026-09-05T00:10:00Z,Scheduled,Daikin Park,Arizona Diamondbacks @ Houston Astros,Home,670623,Isaac Paredes,Houston Astros,Arizona Diamondbacks,3B,R,No,,134,569,486,125,24,1,18,58,75,61,17,74,0.257,0.357,0.422,0.779,12,52,40,8,2,0.2,0.0385,25,106,88,26,3,0.295,0.0283,872,160,2.8,20.1,49.0,21.2,29.2,14.7,27.8,56.1,30.6,3.6,2.1,3.6,75.3,82.6,22.2,0.4,65.3,93.7,109.5,5.8,10.3,1.5,49.5,25.1,Weak,2.0,Pull Power,A-,Elevated power plane,25.1,Weak,0.93,Good,1.9,54.5,93.5,0.343,Derived proxy,Derived proxy,Derived proxy,Derived proxy,,,29.05,11.05,Strong positive regression,Weak Pull Power profile. 2.8% barrel rate; 82.6 mph average exit velocity; 27.8% air-ball rate; 56.1% pull-air rate; 3.6% HR-launch rate.,0.0316,0.0317,3.99,6,2,27.0,0.22,22.2,Very recent HR,518876.0,Merrill Kelly,R,RHB vs RHP,25,25,141.2,5.08,1.48,26,1.65,6.04,4.07,814.0,7.9,28.7,15.0,47.5,31.2,83.8,96.8,114.6,0.65,26.0,19.7,99.6,0.426,3.0,Changeup,R,RHB vs RHP,34.4,434,0.246,0.355,0.423,0.778,17,50,53,0.0392,3.4,0.417,241,0.0332,6.9,0.602,0,0,0,0/0,,,,,0,0,0,32.4,Slight Pitcher Advantage,Below average,50.0,5,Pitch-level Statcast · last 5 MLB games,436,4-Seam Fastball,31.422018348623855,137.0,Changeup,30.504587155963304,133.0,Curveball,11.238532110091743,49.0,Cutter,8.944954128440367,39.0,Slider,8.944954128440367,39.0,Unknown,,Unknown,,No,100.0,1.0,1.0,50.0,0.939,1.004,44.6,Current-Season Handedness Matchup,Pull Air %,Barrel %,Max Exit Velocity,34.4,55.2,19.7,41.1,50.0,45.0,43.4,4.53,1.028,1.088,0.985,1.0,0.93,0.93,0.98,12.06,7.64,85.0,26.1,F,Lineup unconfirmed,Sinker,8.486238532110091,37.0,Pitch Out,0.45871559633027525,2.0
112,2026-09-04,824387,2026-09-04T23:15:00Z,Scheduled,Progressive Field,Detroit Tigers @ Cleveland Guardians,Away,690993,Colt Keith,Detroit Tigers,Cleveland Guardians,3B,L,No,,127,391,356,92,16,4,9,46,32,29,4,75,0.258,0.32,0.402,0.722,9,26,22,1,0,0.045,0.0,23,66,55,11,1,0.2,0.0152,483,74,4.2,27.2,46.5,23.6,29.7,11.8,28.0,39.2,31.5,5.3,3.0,5.3,39.5,84.1,16.8,0.545,70.5,95.8,111.2,19.3,13.5,4.2,45.5,28.7,Weak,2.0,Contact-First Profile,A,Excellent HR swing plane,28.7,Weak,0.94,Good,4.1,38.9,96.2,0.55,Derived proxy,Derived proxy,Derived proxy,Derived proxy,,,19.81,10.81,Strong positive regression,Weak Contact-First Profile profile. 4.2% barrel rate; 84.1 mph average exit velocity; 28.0% air-ball rate; 39.2% pull-air rate; 5.3% HR-launch rate.,0.023,0.0251,4.05,32,13,39.6,0.81,80.9,Near normal interval,656492.0,Foster Griffin,L,LHB vs LHP,27,27,154.1,3.21,1.12,23,1.34,8.11,2.27,855.0,5.4,23.0,13.9,39.5,33.9,81.5,94.4,119.0,0.551,23.0,51.9,99.9,0.659,7.5,Cutter,L,LHB vs LHP,41.1,25,0.125,0.16,0.125,0.285,0,0,4,0.0,0.0,0.324,169,0.0414,5.9,0.584,0,0,0,0/0,,,,,0,0,0,46.7,Neutral Matchup,Average,50.0,5,Pitch-level Statcast · last 5 MLB games,459,Cutter,30.065359477124183,138.0,4-Seam Fastball,18.30065359477124,84.0,Changeup,15.250544662309368,70.0,Sweeper,14.596949891067538,67.0,Sinker,9.368191721132897,43.0,Unknown,,Unknown,,No,100.0,1.0,1.0,50.0,1.004,0.979,45.0,Current-Season Handedness Matchup,Pull Air %,Barrel %,Max Exit Velocity,41.1,34.1,51.9,38.7,50.0,45.0,43.1,4.5,0.786,1.038,0.985,1.0,0.94,0.94,1.0,9.79,5.78,82.3,22.1,F,Lineup unconfirmed,Split-Finger,6.5359477124183005,30.0,Curveball,5.882352941176471,27.0
113,2026-09-04,824424,2026-09-04T18:10:00Z,Scheduled,Progressive Field,Detroit Tigers @ Cleveland Guardians,Away,690993,Colt Keith,Detroit Tigers,Cleveland Guardians,3B,L,No,,127,391,356,92,16,4,9,46,32,29,4,75,0.258,0.32,0.402,0.722,9,26,22,1,0,0.045,0.0,23,66,55,11,1,0.2,0.0152,483,74,4.2,27.2,46.5,23.6,29.7,11.8,28.0,39.2,31.5,5.3,3.0,5.3,39.5,84.1,16.8,0.545,70.5,95.8,111.2,19.3,13.5,4.2,45.5,28.7,Weak,2.0,Contact-First Profile,A,Excellent HR swing plane,28.7,Weak,0.94,Good,4.1,38.9,96.2,0.55,Derived proxy,Derived proxy,Derived proxy,Derived proxy,,,19.81,10.81,Strong positive regression,Weak Contact-First Profile profile. 4.2% barrel rate; 84.1 mph average exit velocity; 28.0% air-ball rate; 39.2% pull-air rate; 5.3% HR-launch rate.,0.023,0.0251,4.05,32,13,39.6,0.81,80.9,Near normal interval,671106.0,Logan Allen,L,LHB vs LHP,6,1,14.1,3.77,1.47,3,1.88,9.42,2.51,93.0,5.4,23.7,20.4,41.7,25.8,81.7,95.0,109.4,0.531,3.0,48.0,100.0,0.637,6.6,4-Seam Fastball,L,LHB vs LHP,42.4,25,0.125,0.16,0.125,0.285,0,0,4,0.0,0.0,0.324,24,0.0833,3.0,0.502,0,0,0,0/0,,,,,0,0,0,45.9,Neutral Matchup,Average,50.0,5,Pitch-level Statcast · last 5 MLB games,180,4-Seam Fastball,30.555555555555557,55.0,Cutter,26.666666666666668,48.0,Sweeper,18.88888888888889,34.0,Changeup,15.0,27.0,Sinker,8.88888888888889,16.0,Unknown,,Unknown,,No,100.0,1.0,1.0,50.0,0.996,0.979,45.4,Current-Season Handedness Matchup,Pull Air %,Barrel %,Max Exit Velocity,42.4,35.8,48.0,38.7,50.0,45.0,43.1,4.5,0.786,1.025,0.985,1.0,0.94,0.94,1.0,9.79,5.71,82.3,22.0,F,Lineup unconfirmed,,,,,,
114,2026-09-04,823256,2026-09-05T01:40:00Z,Scheduled,Petco Park,New York Yankees @ San Diego Padres,Home,665487,Fernando Tatis Jr.,San Diego Padres,New York Yankees,RF,R,No,,138,609,543,154,29,2,19,80,70,54,5,114,0.284,0.35,0.449,0.799,11,50,50,14,4,0.28,0.08,25,110,100,30,10,0.3,0.0909,687,131,10.4,38.4,36.2,34.5,29.4,13.2,29.7,35.3,31.1,8.0,3.9,8.0,40.4,86.5,10.6,0.677,73.7,101.0,116.9,59.7,17.9,19.5,53.9,53.3,Average,3.0,Balanced Power,A,Excellent HR swing plane,53.3,Average,1.009,Good,13.7,46.3,101.9,0.798,Derived proxy,Derived proxy,Derived proxy,Derived proxy,,,58.14,39.14,Strong positive regression,Average Balanced Power profile. 10.4% barrel rate; 86.5 mph average exit velocity; 29.7% air-ball rate; 35.3% pull-air rate; 8.0% HR-launch rate.,0.0312,0.0313,3.99,4,1,28.6,0.14,14.0,Very recent HR,608331.0,Max Fried,L,RHB vs LHP,16,16,90.0,2.8,1.0,3,0.3,8.3,2.8,426.0,1.4,20.2,12.9,26.7,30.5,80.3,92.8,111.6,0.357,3.0,49.2,100.0,0.618,8.2,Cutter,R,RHB vs LHP,38.5,140,0.309,0.393,0.593,0.986,8,17,27,0.0571,9.4,0.658,263,0.0114,1.2,0.357,4,4,2,2/4,0.5,0.5,0.75,1.25,0,0,0,45.5,Neutral Matchup,Average,55.0,5,Pitch-level Statcast · last 5 MLB games,385,Cutter,22.5974025974026,87.0,4-Seam Fastball,21.558441558441558,83.0,Sinker,21.038961038961038,81.0,Sweeper,12.987012987012987,50.0,Curveball,10.64935064935065,41.0,Unknown,,Unknown,,No,94.0,0.94,1.0,39.2,0.998,0.939,55.6,Current-Season Handedness Matchup,Pull Air %,Barrel %,Max Exit Velocity,38.5,11.9,49.2,78.5,39.2,45.0,43.0,4.5,1.35,0.872,1.025,1.0,1.009,1.009,0.98,11.93,8.1,85.0,27.1,F,Lineup unconfirmed,Changeup,8.571428571428571,33.0,Slider,2.5974025974025974,10.0
115,2026-09-04,824311,2026-09-05T00:40:00Z,Scheduled,Coors Field,St. Louis Cardinals @ Colorado Rockies,Home,650489,Willi Castro,Colorado Rockies,St. Louis Cardinals,2B,S,No,,120,477,427,111,20,1,15,65,56,41,6,129,0.26,0.331,0.417,0.748,10,43,37,8,1,0.216,0.0233,23,94,82,20,2,0.244,0.0213,655,123,5.0,24.1,52.7,23.2,23.1,12.6,23.6,53.3,30.1,6.2,3.6,6.2,42.5,81.1,21.2,0.561,70.7,94.0,111.6,23.7,10.1,5.5,42.0,34.0,Weak,2.5,Pull Power,A-,Elevated power plane,34.0,Weak,0.955,Good,5.7,57.7,94.6,0.564,Derived proxy,Derived proxy,Derived proxy,Derived proxy,,,30.89,15.89,Strong positive regression,Weak Pull Power profile. 5.0% barrel rate; 81.1 mph average exit velocity; 23.6% air-ball rate; 53.3% pull-air rate; 6.2% HR-launch rate.,0.0314,0.0316,3.99,25,7,28.5,0.88,87.8,Near normal interval,669467.0,Andre Pallante,R,Switch vs RHP,24,24,136.0,3.57,1.24,10,0.66,6.42,2.71,716.0,3.4,22.8,10.3,39.4,29.5,82.4,94.6,117.8,0.462,10.0,31.3,100.0,0.539,3.2,4-Seam Fastball,L,LHB vs RHP,35.0,314,0.252,0.341,0.423,0.764,11,34,85,0.035,5.6,0.66,305,0.0197,4.2,0.479,1,0,0,0/0,0.0,1.0,0.0,1.0,0,0,0,36.8,Slight Pitcher Advantage,Below average,50.4,5,Pitch-level Statcast · last 5 MLB games,468,4-Seam Fastball,35.68376068376068,167.0,Slider,28.418803418803417,133.0,Knuckle Curve,17.521367521367523,82.0,Sinker,15.598290598290598,73.0,Split-Finger,2.7777777777777777,13.0,Unknown,,Unknown,,No,118.0,1.18,1.0,82.4,0.963,0.959,50.0,Current-Season Handedness Matchup,Pull Air %,Barrel %,Max Exit Velocity,35.0,26.0,31.3,51.3,82.4,45.0,42.9,4.49,0.883,0.93,1.035,1.0,0.955,0.955,1.0,12.01,7.27,84.5,25.5,F,Lineup unconfirmed,,,,,,
116,2026-09-04,823338,2026-09-04T22:45:00Z,Scheduled,PNC Park,Los Angeles Angels @ Pittsburgh Pirates,Home,668804,Bryan Reynolds,Pittsburgh Pirates,Los Angeles Angels,LF,S,No,,141,616,524,137,33,2,15,95,66,80,10,144,0.261,0.369,0.418,0.787,11,51,45,11,0,0.244,0.0,25,111,98,23,0,0.235,0.0,724,127,6.2,29.9,38.4,29.1,32.6,14.9,28.1,36.1,32.6,7.0,3.7,7.0,21.7,85.1,14.0,0.606,70.5,97.1,113.5,28.1,14.6,5.7,47.4,35.0,Below Average,2.5,Contact-First Profile,A,Excellent HR swing plane,35.0,Below Average,0.958,Good,6.3,35.9,97.8,0.602,Derived proxy,Derived proxy,Derived proxy,Derived proxy,,,40.26,25.26,Strong positive regression,Below Average Contact-First Profile profile. 6.2% barrel rate; 85.1 mph average exit velocity; 28.1% air-ball rate; 36.1% pull-air rate; 7.0% HR-launch rate.,0.0244,0.0256,3.99,130,33,34.9,3.72,372.1,Very long drought,696270.0,Ryan Johnson,R,Switch vs RHP,17,14,72.1,5.47,1.42,16,1.99,6.47,4.48,421.0,6.2,24.2,19.0,39.8,29.9,82.4,94.8,113.6,0.572,16.0,34.5,100.0,0.54,4.8,Cutter,L,LHB vs RHP,39.9,405,0.254,0.373,0.405,0.778,9,56,97,0.0222,5.9,0.616,185,0.0486,6.2,0.54,1,1,0,0/1,0.0,0.0,0.0,0.0,0,0,0,39.5,Slight Pitcher Advantage,Below average,47.5,5,Pitch-level Statcast · last 5 MLB games,423,Cutter,48.463356973995275,205.0,Sweeper,25.53191489361702,108.0,Split-Finger,15.130023640661939,64.0,Sinker,10.874704491725769,46.0,,,,Unknown,,Unknown,,No,100.0,1.0,1.0,50.0,0.969,0.987,47.9,Current-Season Handedness Matchup,Pull Air %,Barrel %,Max Exit Velocity,39.9,38.6,34.5,44.1,50.0,45.0,42.9,4.48,0.758,1.142,1.035,1.0,0.958,0.958,1.06,9.83,6.34,85.0,32.1,D,Lineup unconfirmed,,,,,,
117,2026-09-04,824146,2026-09-05T00:10:00Z,Scheduled,Daikin Park,Arizona Diamondbacks @ Houston Astros,Home,572233,Christian Walker,Houston Astros,Arizona Diamondbacks,1B,R,No,,136,556,500,114,25,1,24,64,77,44,10,131,0.228,0.302,0.426,0.728,12,48,45,8,1,0.178,0.0208,24,92,83,14,2,0.169,0.0217,712,108,4.7,24.9,40.7,27.6,31.7,13.3,23.7,33.4,28.1,5.4,3.4,5.4,61.4,83.3,19.3,0.494,72.1,95.5,111.7,40.1,8.3,9.5,44.6,29.8,Weak,2.0,Contact-First Profile,A,Excellent HR swing plane,29.8,Weak,0.943,Good,2.8,20.8,94.7,0.445,Derived proxy,Derived proxy,Derived proxy,Derived proxy,,,29.97,5.97,Strong positive regression,Weak Contact-First Profile profile. 4.7% barrel rate; 83.3 mph average exit velocity; 23.7% air-ball rate; 33.4% pull-air rate; 5.4% HR-launch rate.,0.0432,0.0412,3.99,24,7,20.8,1.15,115.2,Near normal interval,518876.0,Merrill Kelly,R,RHB vs RHP,25,25,141.2,5.08,1.48,26,1.65,6.04,4.07,814.0,7.9,28.7,15.0,47.5,31.2,83.8,96.8,114.6,0.65,26.0,35.1,99.6,0.526,5.8,Changeup,R,RHB vs RHP,42.3,426,0.227,0.286,0.423,0.71,19,27,106,0.0446,5.9,0.531,241,0.0332,6.9,0.602,5,5,1,1/5,0.2,0.2,0.2,0.4,0,0,2,38.8,Slight Pitcher Advantage,Below average,37.5,5,Pitch-level Statcast · last 5 MLB games,436,4-Seam Fastball,31.422018348623855,137.0,Changeup,30.504587155963304,133.0,Curveball,11.238532110091743,49.0,Cutter,8.944954128440367,39.0,Slider,8.944954128440367,39.0,Unknown,,Unknown,,No,100.0,1.0,1.0,50.0,0.97,1.004,41.8,Current-Season Handedness Matchup,Pull Air %,Barrel %,Max Exit Velocity,42.3,55.2,35.1,15.8,50.0,45.0,42.9,4.48,0.806,1.088,0.985,1.0,0.943,0.943,1.0,15.45,8.06,84.4,27.7,F,Lineup unconfirmed,Sinker,8.486238532110091,37.0,Pitch Out,0.45871559633027525,2.0
118,2026-09-04,824797,2026-09-04T23:05:00Z,Scheduled,Oriole Park at Camden Yards,Boston Red Sox @ Baltimore Orioles,Away,596115,Trevor Story,Boston Red Sox,Baltimore Orioles,SS,R,No,,45,192,181,41,11,0,3,17,23,8,1,61,0.227,0.26,0.337,0.597,4,16,16,7,0,0.438,0.0,4,16,16,7,0,0.438,0.0,251,22,4.8,20.9,49.4,31.7,18.8,14.3,24.6,61.8,29.5,6.3,3.3,6.3,27.2,81.3,19.8,0.499,69.1,92.3,108.4,10.6,10.4,1.7,50.7,29.0,Weak,2.0,Pull Power,A,Excellent HR swing plane,29.0,Weak,0.941,Good,9.1,71.4,90.6,0.549,Derived proxy,Derived proxy,Derived proxy,Derived proxy,,,12.09,9.09,Strong positive regression,Weak Pull Power profile. 4.8% barrel rate; 81.3 mph average exit velocity; 24.6% air-ball rate; 61.8% pull-air rate; 6.3% HR-launch rate.,0.0156,0.0219,3.87,20,5,60.3,0.33,33.1,Very recent HR,669358.0,Shane Baz,R,RHB vs RHP,27,27,157.0,4.01,1.35,11,0.63,7.97,3.15,919.0,3.7,24.0,13.5,38.1,29.8,83.1,94.8,116.9,0.507,11.0,63.7,99.6,0.733,9.7,4-Seam Fastball,R,RHB vs RHP,20.8,143,0.221,0.252,0.346,0.597,3,6,45,0.021,3.8,0.467,277,0.0144,3.0,0.477,5,4,1,1/4,0.25,0.4,0.25,0.65,0,1,1,40.3,Slight Pitcher Advantage,Below average,42.9,5,Pitch-level Statcast · last 5 MLB games,442,4-Seam Fastball,37.33031674208145,165.0,Knuckle Curve,31.67420814479638,140.0,Sinker,12.44343891402715,55.0,Changeup,10.180995475113122,45.0,Cutter,8.371040723981901,37.0,Unknown,,Unknown,,No,99.0,0.99,1.0,48.2,1.027,0.962,42.1,Current-Season Handedness Matchup,Pull Air %,Barrel %,Max Exit Velocity,20.8,26.8,63.7,50.9,48.2,45.0,42.9,4.48,0.857,0.925,0.985,0.94,0.941,0.885,0.98,8.22,4.94,67.0,17.3,F,Lineup unconfirmed; Limited recent games,,,,,,
119,2026-09-04,822852,2026-09-05T00:05:00Z,Scheduled,Globe Life Field,Tampa Bay Rays @ Texas Rangers,Away,668723,Ryan Vilade,Tampa Bay Rays,Texas Rangers,RF,R,No,,80,230,206,54,8,2,11,25,39,19,1,50,0.262,0.323,0.481,0.804,6,14,13,3,0,0.231,0.0,16,40,36,11,2,0.306,0.05,335,51,6.0,25.8,40.6,34.8,24.2,13.0,24.2,50.9,33.5,5.7,3.5,5.7,69.0,83.5,23.9,0.705,74.5,95.9,113.4,58.4,10.0,9.9,37.3,42.0,Below Average,2.5,Pull Power,A-,Elevated power plane,42.0,Below Average,0.978,Good,9.8,53.8,99.2,0.891,Derived proxy,Derived proxy,Derived proxy,Derived proxy,,,18.09,7.09,Strong positive regression,Below Average Pull Power profile. 6.0% barrel rate; 83.5 mph average exit velocity; 24.2% air-ball rate; 50.9% pull-air rate; 5.7% HR-launch rate.,0.0478,0.0424,4.15,23,9,18.7,1.23,122.8,Near normal interval,592866.0,Trevor Williams,R,RHB vs RHP,9,0,18.1,3.93,1.42,3,1.47,11.29,3.44,114.0,3.5,16.7,10.5,34.8,34.2,79.5,91.9,109.6,0.501,3.0,27.2,100.0,0.502,3.0,4-Seam Fastball,R,RHB vs RHP,42.2,87,0.237,0.314,0.421,0.735,4,8,18,0.046,3.3,0.552,40,0.05,3.7,0.632,0,0,0,0/0,,,,,0,0,0,38.5,Slight Pitcher Advantage,Below average,50.0,5,Pitch-level Statcast · last 5 MLB games,240,4-Seam Fastball,39.166666666666664,94.0,Sweeper,23.75,57.0,Sinker,19.166666666666668,46.0,Changeup,9.583333333333334,23.0,Slider,8.333333333333334,20.0,Unknown,,Unknown,,No,104.0,1.04,1.0,57.2,0.954,0.96,56.7,Current-Season Handedness Matchup,Pull Air %,Barrel %,Max Exit Velocity,42.2,21.1,27.2,69.8,57.2,45.0,42.9,4.48,0.902,1.015,0.985,1.0,0.978,0.978,1.0,16.46,8.76,71.6,28.5,F,Lineup unconfirmed,,,,,,
120,2026-09-04,824424,2026-09-04T18:10:00Z,Scheduled,Progressive Field,Detroit Tigers @ Cleveland Guardians,Home,663993,Nathaniel Lowe,Cleveland Guardians,Detroit Tigers,1B,L,No,,107,373,335,85,21,0,15,34,52,34,0,90,0.254,0.319,0.451,0.77,11,47,42,7,1,0.167,0.0213,22,89,79,17,3,0.215,0.0337,506,117,5.3,22.6,45.6,21.9,31.1,13.3,27.5,38.4,33.1,5.6,2.7,5.6,54.0,82.6,20.3,0.555,72.7,94.1,112.4,41.2,10.7,12.4,52.9,34.6,Weak,2.5,Contact-First Profile,A-,Elevated power plane,34.6,Weak,0.957,Good,6.0,35.3,94.0,0.477,Derived proxy,Derived proxy,Derived proxy,Derived proxy,,,23.41,8.41,Strong positive regression,Weak Contact-First Profile profile. 5.3% barrel rate; 82.6 mph average exit velocity; 27.5% air-ball rate; 38.4% pull-air rate; 5.6% HR-launch rate.,0.0402,0.0382,3.99,11,3,22.3,0.49,49.3,Recently homered,672456.0,Keider Montero,R,LHB vs RHP,28,22,139.0,3.24,0.99,14,0.91,5.96,2.01,738.0,4.6,24.7,14.8,46.6,26.0,83.1,95.0,112.4,0.463,14.0,52.0,99.7,0.658,7.6,4-Seam Fastball,L,LHB vs RHP,39.9,331,0.274,0.338,0.497,0.835,15,31,79,0.0453,5.4,0.63,316,0.0285,5.2,0.504,2,2,1,1/2,0.5,0.5,0.5,1.0,0,0,0,46.3,Neutral Matchup,Average,50.9,5,Pitch-level Statcast · last 5 MLB games,407,4-Seam Fastball,31.44963144963145,128.0,Slider,20.884520884520885,85.0,Sinker,18.91891891891892,77.0,Changeup,15.97051597051597,65.0,Knuckle Curve,12.776412776412776,52.0,Unknown,,Unknown,,No,100.0,1.0,1.0,50.0,1.004,0.971,45.3,Current-Season Handedness Matchup,Pull Air %,Barrel %,Max Exit Velocity,39.9,33.6,52.0,35.3,50.0,45.0,42.9,4.48,0.881,0.97,1.025,1.0,0.957,0.957,1.0,14.4,7.81,84.1,26.1,F,Lineup unconfirmed,,,,,,
121,2026-09-04,824424,2026-09-04T18:10:00Z,Scheduled,Progressive Field,Detroit Tigers @ Cleveland Guardians,Away,693307,Dillon Dingler,Detroit Tigers,Cleveland Guardians,C,R,No,,128,539,487,121,24,2,26,66,82,32,15,121,0.248,0.313,0.466,0.779,9,34,31,6,0,0.194,0.0,23,97,90,12,1,0.133,0.0103,712,128,4.7,25.7,43.9,29.3,26.6,15.4,27.6,45.2,31.5,6.8,4.8,6.8,51.9,82.5,17.2,0.54,70.3,94.8,110.1,15.2,13.0,4.1,52.7,32.0,Weak,2.5,Pull Power,A,Excellent HR swing plane,32.0,Weak,0.95,Good,2.3,38.2,93.2,0.372,Derived proxy,Derived proxy,Derived proxy,Derived proxy,,,32.21,6.21,Strong positive regression,Weak Pull Power profile. 4.7% barrel rate; 82.5 mph average exit velocity; 27.6% air-ball rate; 45.2% pull-air rate; 6.8% HR-launch rate.,0.0482,0.0453,4.05,84,22,18.7,4.48,448.5,Very long drought,671106.0,Logan Allen,L,RHB vs LHP,6,1,14.1,3.77,1.47,3,1.88,9.42,2.51,93.0,5.4,23.7,20.4,41.7,25.8,81.7,95.0,109.4,0.531,3.0,52.1,100.0,0.68,6.5,4-Seam Fastball,R,RHB vs LHP,33.4,170,0.219,0.271,0.348,0.619,4,10,46,0.0235,3.3,0.534,43,0.0233,6.7,0.544,2,2,0,0/2,0.0,0.0,0.0,0.0,0,0,1,42.3,Slight Pitcher Advantage,Below average,45.0,5,Pitch-level Statcast · last 5 MLB games,180,4-Seam Fastball,30.555555555555557,55.0,Cutter,26.666666666666668,48.0,Sweeper,18.88888888888889,34.0,Changeup,15.0,27.0,Sinker,8.88888888888889,16.0,Unknown,,Unknown,,No,100.0,1.0,1.0,50.0,1.004,0.979,45.0,Current-Season Handedness Matchup,Pull Air %,Barrel %,Max Exit Velocity,33.4,35.8,52.1,28.2,50.0,45.0,42.8,4.47,0.758,1.025,1.025,1.0,0.95,0.95,1.06,17.11,8.62,84.8,35.6,D,Lineup unconfirmed,,,,,,
122,2026-09-04,823824,2026-09-04T23:10:00Z,Scheduled,loanDepot park,Chicago Cubs @ Miami Marlins,Away,673548,Seiya Suzuki,Chicago Cubs,Miami Marlins,RF,R,No,,123,545,469,128,28,0,24,85,80,69,4,134,0.273,0.369,0.486,0.855,12,57,46,15,2,0.326,0.0351,25,116,99,27,5,0.273,0.0431,662,143,6.6,23.2,42.8,27.8,29.4,16.5,28.8,42.9,32.3,6.6,4.3,6.6,54.6,82.3,22.6,0.608,71.2,94.0,112.1,34.1,11.1,10.5,45.1,36.8,Below Average,2.5,Pull Power,A-,Elevated power plane,36.8,Below Average,0.963,Good,7.0,38.1,92.6,0.615,Derived proxy,Derived proxy,Derived proxy,Derived proxy,,,36.86,12.86,Strong positive regression,Below Average Pull Power profile. 6.6% barrel rate; 82.3 mph average exit velocity; 28.8% air-ball rate; 42.9% pull-air rate; 6.6% HR-launch rate.,0.044,0.0419,4.15,8,3,19.5,0.41,40.9,Recently homered,676083.0,Janson Junk,R,RHB vs RHP,21,20,103.0,4.11,1.3,12,1.05,6.12,2.45,635.0,4.3,23.9,11.7,47.2,29.3,83.0,95.2,114.2,0.497,12.0,47.5,99.9,0.617,7.4,4-Seam Fastball,R,RHB vs RHP,38.2,396,0.26,0.351,0.46,0.811,16,46,106,0.0404,6.9,0.59,162,0.037,4.3,0.45,0,0,0,0/0,,,,,0,0,0,43.8,Neutral Matchup,Average,50.0,5,Pitch-level Statcast · last 5 MLB games,311,4-Seam Fastball,28.938906752411576,90.0,Slider,18.327974276527332,57.0,Sweeper,17.363344051446944,54.0,Changeup,17.041800643086816,53.0,Curveball,13.82636655948553,43.0,Unknown,,Unknown,,No,94.0,0.94,1.0,39.2,0.995,0.968,48.7,Current-Season Handedness Matchup,Pull Air %,Barrel %,Max Exit Velocity,38.2,34.0,47.5,37.3,39.2,45.0,42.7,4.47,0.97,0.992,0.985,1.0,0.963,0.963,1.0,16.26,8.57,85.0,28.7,F,Lineup unconfirmed,Sinker,4.501607717041801,14.0,,,
123,2026-09-04,824146,2026-09-05T00:10:00Z,Scheduled,Daikin Park,Arizona Diamondbacks @ Houston Astros,Away,596146,Max Kepler,Arizona Diamondbacks,Houston Astros,LF,L,No,,39,139,126,27,7,0,2,11,15,11,0,30,0.214,0.273,0.317,0.59,4,15,15,3,0,0.2,0.0,11,41,39,8,0,0.205,0.0,186,48,4.6,25.5,54.5,26.1,19.4,17.0,30.5,59.3,29.0,4.2,3.9,4.2,14.4,84.0,18.0,0.433,69.2,95.6,110.7,14.2,14.2,3.9,47.5,30.7,Weak,2.0,Pull Power,A,Excellent HR swing plane,30.7,Weak,0.946,Good,4.2,66.7,96.9,0.396,Derived proxy,Derived proxy,Derived proxy,Derived proxy,,,8.68,6.68,Strong positive regression,Weak Pull Power profile. 4.6% barrel rate; 84.0 mph average exit velocity; 30.5% air-ball rate; 59.3% pull-air rate; 4.2% HR-launch rate.,0.0144,0.0225,3.87,76,23,63.0,1.21,120.6,Near normal interval,664299.0,Cristian Javier,R,LHB vs RHP,13,8,44.2,6.45,1.63,8,1.61,8.46,3.83,281.0,4.3,20.3,20.3,46.8,32.4,82.3,93.7,110.8,0.58,8.0,42.0,97.8,0.555,7.8,4-Seam Fastball,L,LHB vs RHP,22.5,127,0.202,0.268,0.298,0.566,2,11,27,0.0157,4.7,0.434,92,0.0217,3.2,0.468,1,1,0,0/1,0.0,0.0,0.0,0.0,0,0,0,34.3,Slight Pitcher Advantage,Below average,47.5,5,Pitch-level Statcast · last 5 MLB games,426,4-Seam Fastball,48.35680751173709,206.0,Sweeper,27.934272300469484,119.0,Changeup,15.492957746478874,66.0,Cutter,7.042253521126761,30.0,Knuckle Curve,0.9389671361502347,4.0,Unknown,,Unknown,,No,100.0,1.0,1.0,50.0,0.984,0.968,44.8,Current-Season Handedness Matchup,Pull Air %,Barrel %,Max Exit Velocity,22.5,35.0,42.0,52.5,50.0,45.0,42.7,4.47,0.762,1.052,1.025,0.94,0.946,0.889,1.0,8.45,5.12,65.2,19.4,F,Lineup unconfirmed,Pitch Out,0.2347417840375587,1.0,,,
124,2026-09-04,824311,2026-09-05T00:40:00Z,Scheduled,Coors Field,St. Louis Cardinals @ Colorado Rockies,Away,665877,José Fermín,St. Louis Cardinals,Colorado Rockies,LF,R,No,,102,322,287,69,14,0,6,27,35,27,1,42,0.24,0.305,0.352,0.657,11,46,44,8,1,0.182,0.0217,24,87,76,19,1,0.25,0.0115,423,107,2.5,24.0,47.8,31.9,20.3,14.0,28.4,56.3,31.6,5.2,3.1,5.2,50.7,82.3,16.9,0.4,65.3,93.9,109.9,2.3,10.8,0.9,59.8,26.5,Weak,2.0,Pull Power,A,Excellent HR swing plane,26.5,Weak,0.934,Good,2.8,53.3,93.3,0.399,Derived proxy,Derived proxy,Derived proxy,Derived proxy,,,14.0,8.0,Strong positive regression,Weak Pull Power profile. 2.5% barrel rate; 82.3 mph average exit velocity; 28.4% air-ball rate; 56.3% pull-air rate; 5.2% HR-launch rate.,0.0186,0.0223,4.05,36,9,47.8,0.75,75.3,Recently homered,663372.0,Ryan Feltner,R,RHB vs RHP,21,20,101.2,5.84,1.55,19,1.68,6.73,3.98,583.0,6.9,24.7,16.5,50.9,27.4,82.8,95.0,111.1,0.592,19.0,14.3,99.9,0.388,2.3,4-Seam Fastball,R,RHB vs RHP,26.2,176,0.214,0.272,0.283,0.555,2,12,26,0.0114,1.4,0.374,213,0.0469,6.3,0.593,0,0,0,0/0,,,,,0,0,0,26.8,Strong Pitcher Advantage,Below average,50.0,5,Pitch-level Statcast · last 5 MLB games,441,4-Seam Fastball,30.158730158730158,133.0,Changeup,23.356009070294785,103.0,Slider,17.687074829931973,78.0,Sinker,15.873015873015873,70.0,Curveball,7.936507936507937,35.0,Unknown,,Unknown,,No,118.0,1.18,1.0,82.4,0.929,0.994,42.6,Current-Season Handedness Matchup,Pull Air %,Barrel %,Max Exit Velocity,26.2,48.9,14.3,42.3,82.4,45.0,42.7,4.46,0.908,1.093,0.985,1.0,0.934,0.934,1.0,8.71,6.35,82.0,21.8,F,Lineup unconfirmed,Sweeper,4.988662131519274,22.0,,,
125,2026-09-04,824146,2026-09-05T00:10:00Z,Scheduled,Daikin Park,Arizona Diamondbacks @ Houston Astros,Home,514888,Jose Altuve,Houston Astros,Arizona Diamondbacks,2B,R,No,,114,483,438,107,18,2,15,63,43,39,3,99,0.244,0.309,0.397,0.706,11,47,42,9,2,0.214,0.0426,23,92,81,20,2,0.247,0.0217,592,108,3.1,22.8,47.8,33.3,18.2,11.8,25.2,58.4,27.8,5.1,3.6,5.1,59.6,80.0,11.5,0.396,66.4,92.8,108.7,10.5,10.5,4.3,53.1,26.5,Weak,2.0,Pull Power,A,Excellent HR swing plane,26.5,Weak,0.934,Good,2.8,66.7,92.7,0.35,Derived proxy,Derived proxy,Derived proxy,Derived proxy,,,21.33,6.33,Strong positive regression,Weak Pull Power profile. 3.1% barrel rate; 80.0 mph average exit velocity; 25.2% air-ball rate; 58.4% pull-air rate; 5.1% HR-launch rate.,0.0311,0.0312,3.99,0,0,29.2,0.0,0.0,Very recent HR,518876.0,Merrill Kelly,R,RHB vs RHP,25,25,141.2,5.08,1.48,26,1.65,6.04,4.07,814.0,7.9,28.7,15.0,47.5,31.2,83.8,96.8,114.6,0.65,26.0,19.8,99.6,0.421,3.3,Changeup,R,RHB vs RHP,31.7,368,0.237,0.294,0.392,0.686,11,28,74,0.0299,3.1,0.418,241,0.0332,6.9,0.602,3,3,2,2/3,0.667,0.667,0.667,1.334,0,0,0,31.9,Slight Pitcher Advantage,Below average,53.8,5,Pitch-level Statcast · last 5 MLB games,436,4-Seam Fastball,31.422018348623855,137.0,Changeup,30.504587155963304,133.0,Curveball,11.238532110091743,49.0,Cutter,8.944954128440367,39.0,Slider,8.944954128440367,39.0,Unknown,,Unknown,,No,100.0,1.0,1.0,50.0,0.94,1.004,42.7,Current-Season Handedness Matchup,Pull Air %,Barrel %,Max Exit Velocity,31.7,55.2,19.8,41.0,50.0,45.0,42.7,4.46,1.025,1.088,0.985,1.0,0.934,0.934,0.98,11.9,7.54,84.4,24.7,F,Lineup unconfirmed,Sinker,8.486238532110091,37.0,Pitch Out,0.45871559633027525,2.0
126,2026-09-04,824554,2026-09-04T23:40:00Z,Scheduled,Rate Field,Minnesota Twins @ Chicago White Sox,Away,701785,Kaelen Culpepper,Minnesota Twins,Chicago White Sox,SS,R,No,,22,88,80,24,4,0,3,12,9,5,2,19,0.3,0.352,0.463,0.815,11,45,42,13,2,0.31,0.0444,22,88,80,24,3,0.3,0.0341,117,117,3.4,21.4,40.3,35.5,22.6,13.7,27.4,53.1,32.5,4.3,3.4,4.3,75.0,82.9,15.9,0.526,71.9,94.0,108.4,32.5,8.5,5.4,58.4,32.9,Weak,2.5,Pull Power,A,Excellent HR swing plane,32.9,Weak,0.952,Good,3.4,53.1,94.0,0.526,Derived proxy,Derived proxy,Derived proxy,Derived proxy,,,4.35,1.35,Near expected,Weak Pull Power profile. 3.4% barrel rate; 82.9 mph average exit velocity; 27.4% air-ball rate; 53.1% pull-air rate; 4.3% HR-launch rate.,0.0341,0.0329,4.15,23,6,26.7,0.86,86.2,Near normal interval,607200.0,Erick Fedde,R,RHB vs RHP,29,13,123.1,4.16,1.37,22,1.61,6.42,3.28,696.0,5.5,26.9,16.8,46.0,32.8,83.4,95.8,114.9,0.537,22.0,26.1,99.6,0.511,1.8,Sweeper,R,RHB vs RHP,46.2,55,0.3,0.364,0.46,0.824,2,4,10,0.0364,2.6,0.562,244,0.0656,6.5,0.537,2,2,0,0/2,0.0,0.0,0.0,0.0,0,0,1,38.9,Slight Pitcher Advantage,Below average,45.0,5,Pitch-level Statcast · last 5 MLB games,288,Sweeper,36.458333333333336,105.0,Sinker,34.02777777777778,98.0,Cutter,15.972222222222221,46.0,Changeup,12.5,36.0,4-Seam Fastball,1.0416666666666667,3.0,Unknown,,Unknown,,No,100.0,1.0,1.0,50.0,0.952,0.98,49.6,Current-Season Handedness Matchup,Pull Air %,Barrel %,Max Exit Velocity,46.2,39.9,26.1,45.2,50.0,45.0,42.6,4.45,1.084,1.082,0.985,1.0,0.952,0.952,1.0,12.96,8.42,65.3,25.6,F,Lineup unconfirmed,,,,,,
127,2026-09-04,823824,2026-09-04T23:10:00Z,Scheduled,loanDepot park,Chicago Cubs @ Miami Marlins,Home,688363,Graham Pauley,Miami Marlins,Chicago Cubs,3B,L,No,,48,123,116,23,9,1,2,11,18,5,0,28,0.198,0.23,0.345,0.575,2,8,8,2,1,0.25,0.125,7,17,16,4,1,0.25,0.0588,166,19,5.7,20.5,65.1,16.8,18.0,16.2,26.5,66.2,29.1,7.6,5.7,7.6,33.7,81.4,21.2,0.473,69.8,93.1,107.9,20.0,12.5,5.1,54.1,33.8,Weak,2.5,Pull Power,A-,Elevated power plane,33.8,Weak,0.955,Good,10.5,60.0,95.9,0.736,Derived proxy,Derived proxy,Derived proxy,Derived proxy,,,9.28,7.28,Strong positive regression,Weak Pull Power profile. 5.7% barrel rate; 81.4 mph average exit velocity; 26.5% air-ball rate; 66.2% pull-air rate; 7.6% HR-launch rate.,0.0163,0.024,3.81,4,1,58.0,0.07,6.9,Very recent HR,684007.0,Shota Imanaga,L,LHB vs LHP,27,27,150.1,4.01,1.14,33,1.98,8.86,2.1,818.0,6.0,22.1,17.5,45.9,27.6,81.8,94.3,114.7,0.549,33.0,15.6,100.0,0.362,4.2,4-Seam Fastball,L,LHB vs LHP,53.5,7,0.167,0.167,0.167,0.333,0,0,1,0.0,0.0,0.101,172,0.064,7.9,0.607,0,0,0,0/0,,,,,0,0,0,39.5,Slight Pitcher Advantage,Below average,50.0,5,Pitch-level Statcast · last 5 MLB games,428,4-Seam Fastball,42.05607476635514,180.0,Split-Finger,31.77570093457944,136.0,Sweeper,17.757009345794394,76.0,Sinker,3.97196261682243,17.0,Slider,3.2710280373831777,14.0,Unknown,,Unknown,,No,94.0,0.94,1.0,39.2,0.931,0.985,51.8,Current-Season Handedness Matchup,Pull Air %,Barrel %,Max Exit Velocity,53.5,40.6,15.6,64.8,39.2,45.0,42.5,4.44,1.0,1.141,0.985,0.94,0.955,0.897,0.98,8.85,5.85,62.1,18.1,F,Lineup unconfirmed,Curveball,1.1682242990654206,5.0,,,
128,2026-09-04,824146,2026-09-05T00:10:00Z,Scheduled,Daikin Park,Arizona Diamondbacks @ Houston Astros,Home,662139,Daulton Varsho,Houston Astros,Arizona Diamondbacks,CF,L,No,,126,474,433,99,22,3,10,47,38,38,2,95,0.229,0.293,0.363,0.656,11,47,44,10,2,0.227,0.0426,24,95,90,16,3,0.178,0.0316,681,116,4.2,23.7,43.1,30.7,26.1,16.1,27.4,40.6,28.9,6.2,4.2,6.2,44.2,81.2,21.4,0.452,71.2,93.7,110.3,23.0,12.2,5.9,50.5,28.2,Weak,2.0,Contact-First Profile,A-,Elevated power plane,28.2,Weak,0.939,Good,4.3,33.3,94.9,0.449,Derived proxy,Derived proxy,Derived proxy,Derived proxy,,,27.1,17.1,Strong positive regression,Weak Contact-First Profile profile. 4.2% barrel rate; 81.2 mph average exit velocity; 27.4% air-ball rate; 40.6% pull-air rate; 6.2% HR-launch rate.,0.0211,0.0233,3.99,26,7,43.3,0.6,60.0,Recently homered,518876.0,Merrill Kelly,R,LHB vs RHP,25,25,141.2,5.08,1.48,26,1.65,6.04,4.07,814.0,7.9,28.7,15.0,47.5,31.2,83.8,96.8,114.6,0.65,26.0,24.1,99.6,0.457,3.7,Changeup,L,LHB vs RHP,40.1,352,0.226,0.295,0.364,0.659,9,32,71,0.0256,4.6,0.466,378,0.0476,8.4,0.679,0,0,0,0/0,,,,,0,0,0,36.5,Slight Pitcher Advantage,Below average,50.0,5,Pitch-level Statcast · last 5 MLB games,436,4-Seam Fastball,31.422018348623855,137.0,Changeup,30.504587155963304,133.0,Curveball,11.238532110091743,49.0,Cutter,8.944954128440367,39.0,Slider,8.944954128440367,39.0,Unknown,,Unknown,,No,100.0,1.0,1.0,50.0,0.948,1.004,42.2,Current-Season Handedness Matchup,Pull Air %,Barrel %,Max Exit Velocity,40.1,55.2,24.1,31.4,50.0,45.0,42.5,4.44,1.246,1.088,1.025,1.0,0.939,0.939,1.0,8.98,7.41,84.6,23.8,F,Lineup unconfirmed,Sinker,8.486238532110091,37.0,Pitch Out,0.45871559633027525,2.0
129,2026-09-04,824146,2026-09-05T00:10:00Z,Scheduled,Daikin Park,Arizona Diamondbacks @ Houston Astros,Away,694374,Tim Tawa,Arizona Diamondbacks,Houston Astros,1B,R,No,,84,276,246,59,11,0,9,30,35,21,0,67,0.24,0.296,0.394,0.69,12,46,42,10,2,0.238,0.0435,26,105,95,24,3,0.253,0.0286,350,129,6.4,28.1,44.1,31.3,23.1,14.2,27.0,41.5,31.0,8.4,4.9,8.4,39.8,82.7,15.3,0.591,69.6,95.9,109.1,34.3,13.1,10.6,51.2,37.4,Below Average,2.5,Contact-First Profile,A,Excellent HR swing plane,37.4,Below Average,0.965,Good,7.8,42.1,96.4,0.656,Derived proxy,Derived proxy,Derived proxy,Derived proxy,,,19.91,10.91,Strong positive regression,Below Average Contact-First Profile profile. 6.4% barrel rate; 82.7 mph average exit velocity; 27.0% air-ball rate; 41.5% pull-air rate; 8.4% HR-launch rate.,0.0326,0.0324,4.05,18,5,27.3,0.66,65.9,Recently homered,664299.0,Cristian Javier,R,RHB vs RHP,13,8,44.2,6.45,1.63,8,1.61,8.46,3.83,281.0,4.3,20.3,20.3,46.8,32.4,82.3,93.7,110.8,0.58,8.0,30.2,99.8,0.485,5.4,4-Seam Fastball,R,RHB vs RHP,49.8,202,0.244,0.299,0.433,0.733,9,15,48,0.0446,6.8,0.584,112,0.0536,5.1,0.692,0,0,0,0/0,,,,,0,0,0,43.0,Slight Pitcher Advantage,Below average,50.0,5,Pitch-level Statcast · last 5 MLB games,426,4-Seam Fastball,48.35680751173709,206.0,Sweeper,27.934272300469484,119.0,Changeup,15.492957746478874,66.0,Cutter,7.042253521126761,30.0,Knuckle Curve,0.9389671361502347,4.0,Unknown,,Unknown,,No,100.0,1.0,1.0,50.0,0.96,0.968,49.7,Current-Season Handedness Matchup,Pull Air %,Barrel %,Max Exit Velocity,49.8,35.0,30.2,50.3,50.0,45.0,42.4,4.43,1.054,1.052,0.985,1.0,0.965,0.965,1.0,12.5,7.95,79.7,24.5,F,Lineup unconfirmed,Pitch Out,0.2347417840375587,1.0,,,
130,2026-09-04,824311,2026-09-05T00:40:00Z,Scheduled,Coors Field,St. Louis Cardinals @ Colorado Rockies,Home,666160,Mickey Moniak,Colorado Rockies,St. Louis Cardinals,LF,L,No,,100,380,350,88,16,4,21,46,60,20,3,98,0.251,0.292,0.5,0.792,11,44,43,7,1,0.163,0.0227,23,91,84,14,2,0.167,0.022,518,128,5.6,25.5,55.9,18.1,26.0,18.7,28.8,54.5,26.7,6.0,2.9,6.0,54.1,83.0,21.1,0.487,73.0,95.4,109.2,40.8,11.5,11.9,47.3,37.4,Below Average,2.5,Pull Power,A-,Elevated power plane,37.4,Below Average,0.965,Good,3.9,45.9,94.7,0.374,Derived proxy,Derived proxy,Derived proxy,Derived proxy,,,27.37,6.37,Strong positive regression,Below Average Pull Power profile. 5.6% barrel rate; 83.0 mph average exit velocity; 28.8% air-ball rate; 54.5% pull-air rate; 6.0% HR-launch rate.,0.0553,0.0497,3.99,39,10,16.7,2.34,234.0,Very long drought,669467.0,Andre Pallante,R,LHB vs RHP,24,24,136.0,3.57,1.24,10,0.66,6.42,2.71,716.0,3.4,22.8,10.3,39.4,29.5,82.4,94.6,117.8,0.462,10.0,32.3,100.0,0.494,6.0,4-Seam Fastball,L,LHB vs RHP,40.6,296,0.268,0.311,0.544,0.855,18,18,69,0.0608,6.9,0.584,305,0.0197,4.2,0.479,3,3,1,1/3,0.333,0.333,0.333,0.666,0,0,1,38.8,Slight Pitcher Advantage,Below average,46.0,5,Pitch-level Statcast · last 5 MLB games,468,4-Seam Fastball,35.68376068376068,167.0,Slider,28.418803418803417,133.0,Knuckle Curve,17.521367521367523,82.0,Sinker,15.598290598290598,73.0,Split-Finger,2.7777777777777777,13.0,Unknown,,Unknown,,No,118.0,1.18,1.0,82.4,0.965,0.959,50.0,Current-Season Handedness Matchup,Pull Air %,Barrel %,Max Exit Velocity,40.6,26.0,32.3,42.0,82.4,45.0,42.4,4.43,0.782,0.93,1.025,1.0,0.965,0.965,1.06,18.4,9.4,84.3,36.2,D+,Lineup unconfirmed,,,,,,
131,2026-09-04,824146,2026-09-05T00:10:00Z,Scheduled,Daikin Park,Arizona Diamondbacks @ Houston Astros,Home,664774,LaMonte Wade Jr.,Houston Astros,Arizona Diamondbacks,LF,L,No,,44,124,106,22,5,0,3,15,17,18,0,31,0.208,0.323,0.34,0.663,9,20,19,3,1,0.158,0.05,19,40,36,6,1,0.167,0.025,158,48,2.0,22.3,46.1,25.3,28.7,13.3,24.1,54.1,27.9,8.5,3.1,8.5,100.0,81.5,17.7,0.462,68.8,93.0,107.0,5.8,10.5,1.4,55.6,26.9,Weak,2.0,Pull Power,A,Excellent HR swing plane,26.9,Weak,0.935,Good,2.1,54.5,93.9,0.525,Derived proxy,Derived proxy,Derived proxy,Derived proxy,,,5.12,2.12,Positive regression,Weak Pull Power profile. 2.0% barrel rate; 81.5 mph average exit velocity; 24.1% air-ball rate; 54.1% pull-air rate; 8.5% HR-launch rate.,0.0242,0.028,3.99,6,3,35.3,0.17,17.0,Very recent HR,518876.0,Merrill Kelly,R,LHB vs RHP,25,25,141.2,5.08,1.48,26,1.65,6.04,4.07,814.0,7.9,28.7,15.0,47.5,31.2,83.8,96.8,114.6,0.65,26.0,17.1,99.6,0.421,2.0,Changeup,L,LHB vs RHP,36.8,108,0.207,0.324,0.348,0.672,3,16,27,0.0278,2.1,0.425,378,0.0476,8.4,0.679,16,16,3,3/16,0.188,0.188,0.375,0.563,1,0,2,29.0,Strong Pitcher Advantage,Below average,32.2,5,Pitch-level Statcast · last 5 MLB games,436,4-Seam Fastball,31.422018348623855,137.0,Changeup,30.504587155963304,133.0,Curveball,11.238532110091743,49.0,Cutter,8.944954128440367,39.0,Slider,8.944954128440367,39.0,Unknown,,Unknown,,No,100.0,1.0,1.0,50.0,0.934,1.004,42.9,Current-Season Handedness Matchup,Pull Air %,Barrel %,Max Exit Velocity,36.8,55.2,17.1,42.1,50.0,45.0,42.4,4.43,1.153,1.088,1.025,0.965,0.935,0.903,0.98,10.72,7.57,64.1,21.3,F,Lineup unconfirmed,Sinker,8.486238532110091,37.0,Pitch Out,0.45871559633027525,2.0
132,2026-09-04,824471,2026-09-04T22:10:00Z,Scheduled,Great American Ball Park,Milwaukee Brewers @ Cincinnati Reds,Home,699302,Héctor Rodríguez,Cincinnati Reds,Milwaukee Brewers,RF,L,No,,22,82,75,18,3,0,5,11,11,6,1,20,0.24,0.305,0.48,0.785,10,45,41,14,5,0.341,0.1111,21,79,73,18,5,0.247,0.0633,106,103,5.7,25.7,50.7,25.6,23.7,15.2,21.6,39.8,24.7,5.7,1.9,5.7,83.3,83.9,11.7,0.477,72.5,96.3,117.4,46.1,10.5,9.3,56.9,35.1,Below Average,2.5,Contact-First Profile,A,Excellent HR swing plane,35.1,Below Average,0.958,Good,5.8,40.9,96.4,0.474,Derived proxy,Derived proxy,Derived proxy,Derived proxy,,,5.35,0.35,Near expected,Below Average Contact-First Profile profile. 5.7% barrel rate; 83.9 mph average exit velocity; 21.6% air-ball rate; 39.8% pull-air rate; 5.7% HR-launch rate.,0.061,0.0438,3.99,0,0,15.0,0.0,0.0,Very recent HR,675660.0,Shane Drohan,L,LHB vs LHP,27,16,110.1,3.75,1.3,10,0.82,8.97,3.02,557.0,5.4,25.7,16.0,37.2,30.9,82.4,95.0,113.6,0.49,10.0,31.4,100.0,0.495,5.4,4-Seam Fastball,L,LHB vs LHP,36.6,16,0.125,0.125,0.312,0.438,1,0,5,0.0625,5.3,0.426,145,0.0,4.9,0.48,0,0,0,0/0,,,,,0,0,0,37.5,Slight Pitcher Advantage,Below average,50.0,5,Pitch-level Statcast · last 5 MLB games,400,4-Seam Fastball,23.25,93.0,Slider,21.5,86.0,Sinker,20.25,81.0,Cutter,15.5,62.0,Curveball,12.25,49.0,Unknown,,Unknown,,No,112.0,1.12,1.0,71.6,0.963,0.979,48.0,Current-Season Handedness Matchup,Pull Air %,Barrel %,Max Exit Velocity,36.6,31.2,31.4,44.9,71.6,45.0,42.3,4.42,1.344,0.955,0.985,1.0,0.958,0.958,0.98,16.35,11.5,64.2,29.4,F,Lineup unconfirmed,Changeup,7.25,29.0,,,
133,2026-09-04,823256,2026-09-05T01:40:00Z,Scheduled,Petco Park,New York Yankees @ San Diego Padres,Away,663757,Trent Grisham,New York Yankees,San Diego Padres,CF,L,No,,120,483,418,88,19,2,18,67,59,60,0,89,0.211,0.307,0.395,0.702,12,50,42,4,1,0.095,0.02,25,104,91,19,6,0.209,0.0577,587,125,5.9,31.5,52.8,28.3,18.7,17.2,30.6,49.4,29.1,10.5,7.5,10.5,62.5,85.3,23.8,0.572,69.2,97.1,110.0,9.1,15.4,3.2,59.1,39.8,Below Average,2.5,Pull Power,A-,Elevated power plane,39.8,Below Average,0.971,Good,5.6,50.0,96.9,0.623,Derived proxy,Derived proxy,Derived proxy,Derived proxy,,,35.84,17.84,Strong positive regression,Below Average Pull Power profile. 5.9% barrel rate; 85.3 mph average exit velocity; 30.6% air-ball rate; 49.4% pull-air rate; 10.5% HR-launch rate.,0.0373,0.0362,4.05,34,10,23.2,1.46,146.4,Above normal drought,621111.0,Walker Buehler,R,LHB vs RHP,27,27,131.1,4.66,1.36,17,1.16,7.61,3.36,747.0,4.6,23.2,12.0,40.8,27.6,83.0,94.6,111.9,0.507,17.0,37.9,99.6,0.549,6.0,Cutter,L,LHB vs RHP,36.3,347,0.201,0.303,0.403,0.706,15,45,61,0.0432,6.7,0.563,311,0.0225,4.2,0.503,3,2,1,1/2,0.5,0.667,2.0,2.667,1,1,0,41.1,Slight Pitcher Advantage,Below average,57.5,5,Pitch-level Statcast · last 5 MLB games,415,Cutter,27.951807228915662,116.0,Sinker,25.542168674698797,106.0,4-Seam Fastball,17.59036144578313,73.0,Slider,11.08433734939759,46.0,Changeup,8.674698795180722,36.0,Unknown,,Unknown,,No,94.0,0.94,1.0,39.2,0.976,0.971,50.5,Current-Season Handedness Matchup,Pull Air %,Barrel %,Max Exit Velocity,36.3,30.6,37.9,53.9,39.2,45.0,42.2,4.42,1.008,1.01,1.025,1.0,0.971,0.971,1.035,13.88,8.28,85.0,29.2,F,Lineup unconfirmed,Sweeper,4.819277108433735,20.0,Knuckle Curve,4.337349397590361,18.0
134,2026-09-04,823256,2026-09-05T01:40:00Z,Scheduled,Petco Park,New York Yankees @ San Diego Padres,Away,642708,Amed Rosario,New York Yankees,San Diego Padres,3B,R,No,,80,223,206,49,6,1,10,26,31,14,0,55,0.238,0.283,0.422,0.705,6,21,20,7,0,0.35,0.0,13,31,28,7,0,0.25,0.0,298,43,5.3,26.9,40.2,37.7,22.1,14.2,25.2,38.2,27.9,5.1,4.0,5.1,38.2,83.5,18.1,0.581,73.1,96.2,110.8,38.7,9.8,8.6,46.3,33.1,Weak,2.5,Contact-First Profile,A,Excellent HR swing plane,33.1,Weak,0.953,Good,4.7,40.0,97.9,0.558,Derived proxy,Derived proxy,Derived proxy,Derived proxy,,,13.95,3.95,Positive regression,Weak Contact-First Profile profile. 5.3% barrel rate; 83.5 mph average exit velocity; 25.2% air-ball rate; 38.2% pull-air rate; 5.1% HR-launch rate.,0.0448,0.0403,3.99,36,15,20.6,1.75,174.8,Above normal drought,621111.0,Walker Buehler,R,RHB vs RHP,27,27,131.1,4.66,1.36,17,1.16,7.61,3.36,747.0,4.6,23.2,12.0,40.8,27.6,83.0,94.6,111.9,0.507,17.0,49.0,91.0,0.656,6.2,Cutter,R,RHB vs RHP,48.7,78,0.306,0.346,0.528,0.874,5,5,23,0.0641,5.6,0.685,248,0.0403,5.0,0.512,5,5,0,0/5,0.0,0.0,0.0,0.0,0,0,1,46.6,Neutral Matchup,Average,37.5,5,Pitch-level Statcast · last 5 MLB games,415,Cutter,27.951807228915662,116.0,Sinker,25.542168674698797,106.0,4-Seam Fastball,17.59036144578313,73.0,Slider,11.08433734939759,46.0,Changeup,8.674698795180722,36.0,Unknown,,Unknown,,No,94.0,0.94,1.0,39.2,0.998,0.971,47.4,Current-Season Handedness Matchup,Pull Air %,Barrel %,Max Exit Velocity,48.7,30.6,49.0,44.4,39.2,45.0,42.2,4.41,0.758,1.01,0.985,1.0,0.953,0.953,1.035,15.15,7.13,70.4,26.7,F,Lineup unconfirmed,Sweeper,4.819277108433735,20.0,Knuckle Curve,4.337349397590361,18.0
135,2026-09-04,824387,2026-09-04T23:15:00Z,Scheduled,Progressive Field,Detroit Tigers @ Cleveland Guardians,Home,682657,Angel Martínez,Cleveland Guardians,Detroit Tigers,LF,S,No,,97,350,325,80,18,1,14,40,50,11,7,76,0.246,0.285,0.437,0.722,8,31,26,8,2,0.308,0.0645,21,76,71,22,3,0.31,0.0395,504,100,4.2,24.8,50.6,26.2,23.2,13.8,27.3,51.5,31.1,6.7,5.3,6.7,67.6,81.7,16.8,0.542,69.2,94.7,109.4,18.0,9.7,5.8,48.1,34.2,Weak,2.5,Pull Power,A,Excellent HR swing plane,34.2,Weak,0.956,Good,4.0,50.0,95.3,0.557,Derived proxy,Derived proxy,Derived proxy,Derived proxy,,,21.84,7.84,Strong positive regression,Weak Pull Power profile. 4.2% barrel rate; 81.7 mph average exit velocity; 27.3% air-ball rate; 51.5% pull-air rate; 6.7% HR-launch rate.,0.04,0.038,3.93,4,2,23.2,0.17,17.2,Very recent HR,808825.0,Andrew Sears,L,Switch vs LHP,2,0,6.2,6.75,1.35,1,1.35,5.4,1.35,40.0,5.0,17.5,20.0,35.7,37.5,84.6,94.2,107.5,0.523,1.0,41.8,100.0,0.593,5.7,4-Seam Fastball,R,RHB vs LHP,38.2,118,0.286,0.302,0.473,0.775,4,2,18,0.0339,4.3,0.58,17,0.0,0.0,0.365,0,0,0,0/0,,,,,0,0,0,41.8,Slight Pitcher Advantage,Below average,50.0,2,Pitch-level Statcast · last 5 MLB games,116,4-Seam Fastball,45.689655172413794,53.0,Slider,34.48275862068966,40.0,Changeup,11.206896551724139,13.0,Sinker,8.620689655172415,10.0,,,,Unknown,,Unknown,,No,100.0,1.0,1.0,50.0,0.984,0.975,48.8,Current-Season Handedness Matchup,Pull Air %,Barrel %,Max Exit Velocity,38.2,28.9,41.8,47.1,50.0,45.0,42.1,4.41,1.161,1.004,1.035,1.0,0.956,0.956,0.98,14.11,9.27,83.1,27.5,F,Lineup unconfirmed,,,,,,
136,2026-09-04,823418,2026-09-04T22:40:00Z,Scheduled,Citizens Bank Park,Atlanta Braves @ Philadelphia Phillies,Home,624641,Edmundo Sosa,Philadelphia Phillies,Atlanta Braves,LF,R,No,,71,220,202,48,8,2,7,25,40,7,5,45,0.238,0.276,0.401,0.677,5,15,15,7,2,0.467,0.1333,10,29,27,11,2,0.407,0.069,328,37,5.8,23.1,42.2,32.5,25.3,12.8,26.8,42.8,36.1,6.3,4.7,6.3,53.7,82.5,14.9,0.643,71.1,94.7,111.1,25.3,11.5,7.2,51.5,36.3,Below Average,2.5,Pull Power,A,Excellent HR swing plane,36.3,Below Average,0.962,Good,8.1,38.5,94.8,0.742,Derived proxy,Derived proxy,Derived proxy,Derived proxy,,,16.71,9.71,Strong positive regression,Below Average Pull Power profile. 5.8% barrel rate; 82.5 mph average exit velocity; 26.8% air-ball rate; 42.8% pull-air rate; 6.3% HR-launch rate.,0.0318,0.0319,3.93,3,1,28.9,0.1,10.4,Very recent HR,519242.0,Chris Sale,L,RHB vs LHP,24,24,144.0,2.06,1.0,8,0.5,11.06,1.75,744.0,3.1,19.5,11.6,36.0,32.3,81.8,93.2,113.2,0.487,8.0,50.3,100.0,0.66,6.6,4-Seam Fastball,R,RHB vs LHP,31.6,120,0.271,0.328,0.458,0.786,5,7,25,0.0417,4.4,0.587,433,0.0162,3.0,0.493,3,2,0,0/2,0.0,0.333,0.0,0.333,0,0,2,40.3,Slight Pitcher Advantage,Below average,42.5,5,Pitch-level Statcast · last 5 MLB games,508,4-Seam Fastball,42.51968503937008,216.0,Slider,39.960629921259844,203.0,Sinker,9.05511811023622,46.0,Changeup,8.464566929133857,43.0,,,,Unknown,,Unknown,,No,108.0,1.08,1.0,64.4,1.001,0.956,46.8,Current-Season Handedness Matchup,Pull Air %,Barrel %,Max Exit Velocity,31.6,22.9,50.3,44.4,64.4,45.0,42.1,4.41,1.35,0.904,1.025,1.0,0.962,0.962,0.98,11.96,8.91,70.0,24.5,F,Lineup unconfirmed,,,,,,
137,2026-09-04,824554,2026-09-04T23:40:00Z,Scheduled,Rate Field,Minnesota Twins @ Chicago White Sox,Away,605137,Josh Bell,Minnesota Twins,Chicago White Sox,DH,S,No,,134,547,494,126,27,1,17,70,83,44,4,111,0.255,0.319,0.417,0.736,10,44,38,9,0,0.237,0.0,24,105,90,27,3,0.3,0.0286,782,148,4.3,24.2,51.2,24.3,24.5,13.4,23.8,48.6,27.0,6.3,4.3,6.3,50.9,82.7,18.6,0.535,70.4,95.1,113.0,25.1,10.6,8.5,54.9,34.9,Weak,2.5,Pull Power,A,Excellent HR swing plane,34.9,Weak,0.958,Good,3.4,47.1,94.9,0.495,Derived proxy,Derived proxy,Derived proxy,Derived proxy,,,33.85,16.85,Strong positive regression,Weak Pull Power profile. 4.3% barrel rate; 82.7 mph average exit velocity; 23.8% air-ball rate; 48.6% pull-air rate; 6.3% HR-launch rate.,0.0311,0.0312,4.05,44,12,29.1,1.51,151.4,Above normal drought,607200.0,Erick Fedde,R,Switch vs RHP,29,13,123.1,4.16,1.37,22,1.61,6.42,3.28,696.0,5.5,26.9,16.8,46.0,32.8,83.4,95.8,114.9,0.537,22.0,28.0,99.6,0.485,4.3,Sweeper,L,LHB vs RHP,33.3,377,0.242,0.316,0.409,0.725,12,35,80,0.0318,5.0,0.586,290,0.0207,4.6,0.538,3,3,0,0/3,0.0,0.0,0.0,0.0,0,0,1,33.3,Slight Pitcher Advantage,Below average,42.5,5,Pitch-level Statcast · last 5 MLB games,288,Sweeper,36.458333333333336,105.0,Sinker,34.02777777777778,98.0,Cutter,15.972222222222221,46.0,Changeup,12.5,36.0,4-Seam Fastball,1.0416666666666667,3.0,Unknown,,Unknown,,No,100.0,1.0,1.0,50.0,0.956,0.98,47.9,Current-Season Handedness Matchup,Pull Air %,Barrel %,Max Exit Velocity,33.3,39.9,28.0,42.3,50.0,45.0,42.0,4.4,0.842,1.082,1.035,1.0,0.958,0.958,1.035,12.06,7.2,85.0,28.2,F,Lineup unconfirmed,,,,,,
138,2026-09-04,823093,2026-09-05T02:10:00Z,Scheduled,T-Mobile Park,Athletics @ Seattle Mariners,Away,680869,Zack Gelof,Athletics,Seattle Mariners,3B,R,No,,90,348,314,81,14,1,16,59,40,26,5,88,0.258,0.325,0.462,0.787,12,54,46,10,2,0.217,0.037,23,101,87,19,5,0.218,0.0495,402,115,5.7,26.3,36.9,35.8,27.0,17.8,27.8,41.0,24.7,7.7,4.7,7.7,66.2,82.5,20.1,0.584,71.6,94.8,109.2,32.1,11.4,9.2,57.0,34.3,Weak,2.5,Contact-First Profile,A-,Elevated power plane,34.3,Weak,0.956,Good,7.0,34.4,94.5,0.646,Derived proxy,Derived proxy,Derived proxy,Derived proxy,,,20.6,4.6,Strong positive regression,Weak Contact-First Profile profile. 5.7% barrel rate; 82.5 mph average exit velocity; 27.8% air-ball rate; 41.0% pull-air rate; 7.7% HR-launch rate.,0.046,0.0424,4.05,0,0,19.6,0.0,0.0,Very recent HR,669302.0,Logan Gilbert,R,RHB vs RHP,27,27,160.1,3.42,1.04,22,1.23,9.32,2.25,844.0,5.2,23.2,14.5,46.0,31.6,82.5,94.6,115.2,0.543,22.0,47.2,99.8,0.627,6.8,4-Seam Fastball,R,RHB vs RHP,40.7,248,0.249,0.325,0.448,0.773,11,20,63,0.0444,4.3,0.548,278,0.0396,6.8,0.547,6,6,2,2/6,0.333,0.333,0.833,1.166,1,0,2,47.8,Neutral Matchup,Average,65.0,5,Pitch-level Statcast · last 5 MLB games,479,4-Seam Fastball,43.42379958246347,208.0,Slider,23.799582463465555,114.0,Split-Finger,16.701461377870565,80.0,Changeup,9.394572025052192,45.0,Sweeper,4.592901878914405,22.0,Unknown,,Unknown,,No,92.0,0.92,1.0,35.6,0.994,0.977,44.8,Current-Season Handedness Matchup,Pull Air %,Barrel %,Max Exit Velocity,40.7,37.8,47.2,37.5,35.6,45.0,42.0,4.39,1.002,1.021,0.985,1.0,0.956,0.956,0.98,16.09,8.59,84.9,27.7,F,Lineup unconfirmed,Cutter,1.8789144050104385,9.0,Sinker,0.20876826722338204,1.0
139,2026-09-04,824146,2026-09-05T00:10:00Z,Scheduled,Daikin Park,Arizona Diamondbacks @ Houston Astros,Away,672515,Gabriel Moreno,Arizona Diamondbacks,Houston Astros,C,R,No,,110,460,396,118,29,1,11,58,67,51,4,70,0.298,0.376,0.46,0.836,10,42,36,7,1,0.194,0.0238,24,105,95,29,3,0.305,0.0286,663,157,4.3,26.3,41.1,21.1,37.7,12.6,26.8,38.7,31.5,6.4,3.1,6.4,40.5,83.3,15.0,0.538,70.0,94.5,113.7,20.9,12.5,7.1,38.0,29.2,Weak,2.0,Contact-First Profile,A,Excellent HR swing plane,29.2,Weak,0.942,Good,4.5,41.9,94.8,0.524,Derived proxy,Derived proxy,Derived proxy,Derived proxy,,,27.83,16.83,Strong positive regression,Weak Contact-First Profile profile. 4.3% barrel rate; 83.3 mph average exit velocity; 26.8% air-ball rate; 38.7% pull-air rate; 6.4% HR-launch rate.,0.0239,0.0256,4.15,20,5,36.0,0.56,55.6,Recently homered,664299.0,Cristian Javier,R,RHB vs RHP,13,8,44.2,6.45,1.63,8,1.61,8.46,3.83,281.0,4.3,20.3,20.3,46.8,32.4,82.3,93.7,110.8,0.58,8.0,42.2,99.8,0.613,5.0,4-Seam Fastball,R,RHB vs RHP,39.0,328,0.305,0.39,0.461,0.851,7,38,49,0.0213,4.4,0.517,112,0.0536,5.1,0.692,0,0,0,0/0,,,,,0,0,0,42.3,Slight Pitcher Advantage,Below average,50.0,5,Pitch-level Statcast · last 5 MLB games,426,4-Seam Fastball,48.35680751173709,206.0,Sweeper,27.934272300469484,119.0,Changeup,15.492957746478874,66.0,Cutter,7.042253521126761,30.0,Knuckle Curve,0.9389671361502347,4.0,Unknown,,Unknown,,No,100.0,1.0,1.0,50.0,0.984,0.968,45.1,Current-Season Handedness Matchup,Pull Air %,Barrel %,Max Exit Velocity,39.0,35.0,42.2,39.6,50.0,45.0,41.8,4.38,1.006,1.052,0.985,1.0,0.942,0.942,1.0,10.2,6.71,85.0,25.4,F,Lineup unconfirmed,Pitch Out,0.2347417840375587,1.0,,,
140,2026-09-04,824554,2026-09-04T23:40:00Z,Scheduled,Rate Field,Minnesota Twins @ Chicago White Sox,Home,668670,Jake Rogers,Chicago White Sox,Minnesota Twins,C,R,No,,54,159,134,23,4,1,4,17,14,20,1,46,0.172,0.278,0.306,0.584,6,18,16,2,0,0.125,0.0,15,43,36,7,1,0.194,0.0233,183,58,5.6,18.9,53.6,29.9,16.5,14.0,23.1,57.0,27.2,6.7,4.7,6.7,37.6,81.1,20.8,0.527,67.2,93.0,108.4,4.3,10.4,0.7,62.4,30.6,Weak,2.0,Pull Power,A-,Elevated power plane,30.6,Weak,0.946,Good,6.9,70.0,92.3,0.599,Derived proxy,Derived proxy,Derived proxy,Derived proxy,,,9.55,5.55,Strong positive regression,Weak Pull Power profile. 5.6% barrel rate; 81.1 mph average exit velocity; 23.1% air-ball rate; 57.0% pull-air rate; 6.7% HR-launch rate.,0.0252,0.0281,3.81,16,6,33.5,0.48,47.8,Recently homered,805673.0,Zebby Matthews,R,RHB vs RHP,19,19,112.0,4.58,1.26,19,1.53,7.47,2.57,620.0,6.5,27.1,13.7,47.9,31.0,85.0,96.4,112.8,0.55,19.0,19.4,100.0,0.435,2.4,4-Seam Fastball,R,RHB vs RHP,28.2,119,0.14,0.254,0.25,0.504,2,15,35,0.0168,4.2,0.428,203,0.0443,5.4,0.515,5,5,0,0/5,0.0,0.0,0.0,0.0,0,0,0,27.0,Strong Pitcher Advantage,Below average,37.5,5,Pitch-level Statcast · last 5 MLB games,475,4-Seam Fastball,34.526315789473685,164.0,Slider,22.526315789473685,107.0,Changeup,13.894736842105264,66.0,Cutter,13.263157894736842,63.0,Curveball,10.105263157894736,48.0,Unknown,,Unknown,,No,100.0,1.0,1.0,50.0,0.939,0.99,45.2,Current-Season Handedness Matchup,Pull Air %,Barrel %,Max Exit Velocity,28.2,46.2,19.4,49.4,50.0,45.0,41.8,4.38,0.826,1.069,0.985,0.94,0.946,0.889,1.0,10.29,5.77,66.8,18.6,F,Lineup unconfirmed,Sinker,5.684210526315789,27.0,,,
141,2026-09-04,823824,2026-09-04T23:10:00Z,Scheduled,loanDepot park,Chicago Cubs @ Miami Marlins,Away,672356,Gabriel Arias,Chicago Cubs,Miami Marlins,3B,R,No,,48,146,138,33,3,0,5,14,13,8,0,60,0.239,0.281,0.37,0.651,4,7,6,2,0,0.333,0.0,6,12,11,2,0,0.182,0.0,142,15,5.8,23.2,31.5,38.8,28.6,9.3,21.5,32.5,34.5,5.8,4.7,5.8,50.8,81.4,6.4,0.646,72.6,94.2,110.6,37.3,11.5,9.2,40.1,32.0,Weak,2.5,Contact-First Profile,C,Low line-drive plane,32.0,Weak,0.95,Good,6.7,33.3,89.6,0.576,Derived proxy,Derived proxy,Derived proxy,Derived proxy,,,6.7,1.7,Near expected,Weak Contact-First Profile profile. 5.8% barrel rate; 81.4 mph average exit velocity; 21.5% air-ball rate; 32.5% pull-air rate; 5.8% HR-launch rate.,0.0342,0.0332,3.99,54,19,27.6,1.96,195.7,Above normal drought,676083.0,Janson Junk,R,RHB vs RHP,21,20,103.0,4.11,1.3,12,1.05,6.12,2.45,635.0,4.3,23.9,11.7,47.2,29.3,83.0,95.2,114.2,0.497,12.0,55.7,99.9,0.703,7.2,4-Seam Fastball,R,RHB vs RHP,46.6,96,0.3,0.344,0.5,0.844,5,6,35,0.0521,7.3,0.739,162,0.037,4.3,0.45,2,2,1,1/2,0.5,0.5,1.0,1.5,0,0,1,50.9,Neutral Matchup,Average,52.5,5,Pitch-level Statcast · last 5 MLB games,311,4-Seam Fastball,28.938906752411576,90.0,Slider,18.327974276527332,57.0,Sweeper,17.363344051446944,54.0,Changeup,17.041800643086816,53.0,Curveball,13.82636655948553,43.0,Unknown,,Unknown,,No,94.0,0.94,1.0,39.2,1.011,0.968,44.7,Current-Season Handedness Matchup,Pull Air %,Barrel %,Max Exit Velocity,46.6,34.0,55.7,26.1,39.2,45.0,41.7,4.37,1.0,0.992,0.985,1.0,0.95,0.95,1.035,12.62,7.45,63.4,26.3,F,Lineup unconfirmed,Sinker,4.501607717041801,14.0,,,
142,2026-09-04,824471,2026-09-04T22:10:00Z,Scheduled,Great American Ball Park,Milwaukee Brewers @ Cincinnati Reds,Home,663886,Tyler Stephenson,Cincinnati Reds,Milwaukee Brewers,C,R,No,,110,398,350,87,19,0,14,37,49,42,2,109,0.249,0.329,0.423,0.752,10,42,36,12,2,0.333,0.0476,24,90,80,19,5,0.238,0.0556,484,115,6.2,23.3,37.6,26.2,34.9,15.9,31.5,37.9,31.0,7.8,4.6,7.8,55.3,82.9,19.6,0.665,68.6,94.2,107.7,6.0,14.4,1.3,53.0,29.9,Weak,2.0,Contact-First Profile,A,Excellent HR swing plane,29.9,Weak,0.944,Good,6.1,40.0,93.0,0.677,Derived proxy,Derived proxy,Derived proxy,Derived proxy,,,26.16,12.16,Strong positive regression,Weak Contact-First Profile profile. 6.2% barrel rate; 82.9 mph average exit velocity; 31.5% air-ball rate; 37.9% pull-air rate; 7.8% HR-launch rate.,0.0352,0.0344,3.99,6,2,25.0,0.24,24.0,Very recent HR,675660.0,Shane Drohan,L,RHB vs LHP,27,16,110.1,3.75,1.3,10,0.82,8.97,3.02,557.0,5.4,25.7,16.0,37.2,30.9,82.4,95.0,113.6,0.49,10.0,50.6,100.0,0.674,6.1,4-Seam Fastball,R,RHB vs LHP,24.1,89,0.194,0.348,0.278,0.626,1,17,21,0.0112,2.4,0.492,321,0.0312,5.6,0.494,5,4,1,1/4,0.25,0.4,0.25,0.65,0,1,1,37.1,Slight Pitcher Advantage,Below average,42.9,5,Pitch-level Statcast · last 5 MLB games,400,4-Seam Fastball,23.25,93.0,Slider,21.5,86.0,Sinker,20.25,81.0,Cutter,15.5,62.0,Curveball,12.25,49.0,Unknown,,Unknown,,No,112.0,1.12,1.0,71.6,1.001,0.979,39.3,Current-Season Handedness Matchup,Pull Air %,Barrel %,Max Exit Velocity,24.1,31.2,50.6,37.8,71.6,45.0,41.6,4.36,1.195,0.955,1.025,1.0,0.944,0.944,0.98,13.05,9.3,84.2,28.2,F,Lineup unconfirmed,Changeup,7.25,29.0,,,
143,2026-09-04,822852,2026-09-05T00:05:00Z,Scheduled,Globe Life Field,Tampa Bay Rays @ Texas Rangers,Home,694671,Wyatt Langford,Texas Rangers,Tampa Bay Rays,LF,R,No,,89,383,341,86,18,2,15,54,36,38,4,80,0.252,0.334,0.449,0.783,12,54,41,11,1,0.268,0.0185,26,111,88,19,2,0.216,0.018,514,150,4.5,26.0,41.8,29.0,29.2,14.3,25.4,48.5,26.8,5.6,3.3,5.6,52.3,84.1,22.6,0.479,70.6,95.7,110.6,23.1,8.7,7.5,49.6,32.3,Weak,2.5,Pull Power,A-,Elevated power plane,32.3,Weak,0.95,Good,2.7,42.9,95.2,0.419,Derived proxy,Derived proxy,Derived proxy,Derived proxy,,,23.07,8.07,Strong positive regression,Weak Pull Power profile. 4.5% barrel rate; 84.1 mph average exit velocity; 25.4% air-ball rate; 48.5% pull-air rate; 5.6% HR-launch rate.,0.0392,0.0375,3.99,29,9,22.7,1.28,127.6,Near normal interval,607259.0,Nick Martinez,R,RHB vs RHP,26,26,153.2,2.99,1.1,18,1.05,5.33,1.29,848.0,4.7,23.3,17.3,45.8,32.9,82.0,94.6,113.3,0.508,18.0,36.9,99.9,0.541,5.9,Sinker,R,RHB vs RHP,33.4,253,0.256,0.332,0.463,0.795,11,23,51,0.0435,4.7,0.502,249,0.0241,4.2,0.531,0,0,0,0/0,,,,,0,0,0,38.0,Slight Pitcher Advantage,Below average,50.0,5,Pitch-level Statcast · last 5 MLB games,425,Sinker,30.352941176470587,129.0,Changeup,26.352941176470587,112.0,Cutter,21.647058823529413,92.0,4-Seam Fastball,15.294117647058824,65.0,Slider,5.647058823529412,24.0,Unknown,,Unknown,,No,104.0,1.04,1.0,57.2,0.974,0.972,46.2,Current-Season Handedness Matchup,Pull Air %,Barrel %,Max Exit Velocity,33.4,34.5,36.9,37.3,57.2,45.0,41.6,4.36,0.795,0.992,0.985,1.0,0.95,0.95,1.0,14.13,7.09,85.0,27.6,F,Lineup unconfirmed,Curveball,0.7058823529411765,3.0,,,
144,2026-09-04,824797,2026-09-04T23:05:00Z,Scheduled,Oriole Park at Camden Yards,Boston Red Sox @ Baltimore Orioles,Home,673357,Luis Robert Jr.,Baltimore Orioles,Boston Red Sox,CF,R,No,,60,226,201,45,5,0,11,26,26,23,0,55,0.224,0.301,0.413,0.714,10,39,35,9,4,0.257,0.1026,23,83,74,21,7,0.284,0.0843,288,106,6.6,25.0,43.4,29.8,26.8,14.4,23.3,38.8,25.1,5.8,2.9,5.8,64.0,83.9,18.5,0.611,75.3,96.2,114.6,68.4,7.7,13.5,50.7,38.4,Below Average,2.5,Contact-First Profile,A,Excellent HR swing plane,38.4,Below Average,0.968,Good,8.5,30.8,96.2,0.698,Derived proxy,Derived proxy,Derived proxy,Derived proxy,,,16.02,5.02,Strong positive regression,Below Average Contact-First Profile profile. 6.6% barrel rate; 83.9 mph average exit velocity; 23.3% air-ball rate; 38.8% pull-air rate; 5.8% HR-launch rate.,0.0487,0.0429,3.99,0,0,18.3,0.0,0.0,Very recent HR,624133.0,Ranger Suarez,L,RHB vs LHP,24,24,123.2,3.64,1.24,8,0.58,8.66,2.84,664.0,3.2,20.5,12.2,44.1,32.1,80.4,93.2,113.6,0.477,8.0,42.8,99.9,0.591,6.3,Sinker,R,RHB vs LHP,41.1,62,0.214,0.29,0.429,0.719,4,6,14,0.0645,7.3,0.698,372,0.0134,2.7,0.462,0,0,0,0/0,,,,,0,0,0,43.5,Neutral Matchup,Average,50.0,5,Pitch-level Statcast · last 5 MLB games,438,4-Seam Fastball,24.200913242009133,106.0,Sinker,21.91780821917808,96.0,Curveball,17.123287671232877,75.0,Cutter,15.981735159817351,70.0,Changeup,12.100456621004566,53.0,Unknown,,Unknown,,No,99.0,0.99,1.0,48.2,0.986,0.957,49.2,Current-Season Handedness Matchup,Pull Air %,Barrel %,Max Exit Velocity,41.1,28.0,42.8,41.0,48.2,45.0,41.6,4.36,1.35,0.917,1.025,1.0,0.968,0.968,0.98,16.05,10.44,74.8,28.1,F,Lineup unconfirmed,Slider,8.67579908675799,38.0,,,
145,2026-09-04,823256,2026-09-05T01:40:00Z,Scheduled,Petco Park,New York Yankees @ San Diego Padres,Away,665862,Jazz Chisholm Jr.,New York Yankees,San Diego Padres,2B,L,No,,131,509,451,104,16,3,19,68,55,53,1,152,0.231,0.31,0.406,0.716,12,43,36,15,2,0.417,0.0465,24,85,73,22,2,0.301,0.0235,591,100,6.1,29.1,55.6,24.0,19.9,16.0,27.0,45.8,29.1,6.9,2.6,6.9,46.0,84.5,18.1,0.545,70.7,96.4,111.4,24.4,12.1,7.3,55.1,36.1,Below Average,2.5,Pull Power,A,Excellent HR swing plane,36.1,Below Average,0.961,Good,6.0,38.7,96.1,0.521,Derived proxy,Derived proxy,Derived proxy,Derived proxy,,,33.09,14.09,Strong positive regression,Below Average Pull Power profile. 6.1% barrel rate; 84.5 mph average exit velocity; 27.0% air-ball rate; 45.8% pull-air rate; 6.9% HR-launch rate.,0.0373,0.0363,4.05,3,1,23.7,0.13,12.6,Very recent HR,621111.0,Walker Buehler,R,LHB vs RHP,27,27,131.1,4.66,1.36,17,1.16,7.61,3.36,747.0,4.6,23.2,12.0,40.8,27.6,83.0,94.6,111.9,0.507,17.0,42.5,99.6,0.598,5.9,Cutter,L,LHB vs RHP,36.8,354,0.233,0.328,0.411,0.739,14,43,97,0.0395,7.0,0.595,311,0.0225,4.2,0.503,3,3,1,1/3,0.333,0.333,0.333,0.666,0,0,2,40.6,Slight Pitcher Advantage,Below average,46.0,5,Pitch-level Statcast · last 5 MLB games,415,Cutter,27.951807228915662,116.0,Sinker,25.542168674698797,106.0,4-Seam Fastball,17.59036144578313,73.0,Slider,11.08433734939759,46.0,Changeup,8.674698795180722,36.0,Unknown,,Unknown,,No,94.0,0.94,1.0,39.2,0.985,0.971,49.0,Current-Season Handedness Matchup,Pull Air %,Barrel %,Max Exit Velocity,36.8,30.6,42.5,42.6,39.2,45.0,41.6,4.36,0.998,1.01,1.025,1.0,0.961,0.961,0.98,13.91,7.91,83.8,25.4,F,Lineup unconfirmed,Sweeper,4.819277108433735,20.0,Knuckle Curve,4.337349397590361,18.0
146,2026-09-04,824387,2026-09-04T23:15:00Z,Scheduled,Progressive Field,Detroit Tigers @ Cleveland Guardians,Away,693307,Dillon Dingler,Detroit Tigers,Cleveland Guardians,C,R,No,,128,539,487,121,24,2,26,66,82,32,15,121,0.248,0.313,0.466,0.779,9,34,31,6,0,0.194,0.0,23,97,90,12,1,0.133,0.0103,712,128,4.7,25.7,43.9,29.3,26.6,15.4,27.6,45.2,31.5,6.8,4.8,6.8,51.9,82.5,17.2,0.54,70.3,94.8,110.1,15.2,13.0,4.1,52.7,32.0,Weak,2.5,Pull Power,A,Excellent HR swing plane,32.0,Weak,0.95,Good,2.3,38.2,93.2,0.372,Derived proxy,Derived proxy,Derived proxy,Derived proxy,,,32.21,6.21,Strong positive regression,Weak Pull Power profile. 4.7% barrel rate; 82.5 mph average exit velocity; 27.6% air-ball rate; 45.2% pull-air rate; 6.8% HR-launch rate.,0.0482,0.0453,4.05,84,22,18.7,4.48,448.5,Very long drought,656492.0,Foster Griffin,L,RHB vs LHP,27,27,154.1,3.21,1.12,23,1.34,8.11,2.27,855.0,5.4,23.0,13.9,39.5,33.9,81.5,94.4,119.0,0.551,23.0,49.1,99.9,0.655,6.3,Cutter,R,RHB vs LHP,31.0,170,0.219,0.271,0.348,0.619,4,10,46,0.0235,3.3,0.534,461,0.0347,5.2,0.54,3,3,0,0/3,0.0,0.0,0.0,0.0,0,0,0,39.6,Slight Pitcher Advantage,Below average,42.5,5,Pitch-level Statcast · last 5 MLB games,459,Cutter,30.065359477124183,138.0,4-Seam Fastball,18.30065359477124,84.0,Changeup,15.250544662309368,70.0,Sweeper,14.596949891067538,67.0,Sinker,9.368191721132897,43.0,Unknown,,Unknown,,No,100.0,1.0,1.0,50.0,0.998,0.979,44.4,Current-Season Handedness Matchup,Pull Air %,Barrel %,Max Exit Velocity,31.0,34.1,49.1,28.2,50.0,45.0,41.6,4.36,0.758,1.038,1.025,1.0,0.95,0.95,1.06,17.11,8.59,84.8,35.6,D,Lineup unconfirmed,Split-Finger,6.5359477124183005,30.0,Curveball,5.882352941176471,27.0
147,2026-09-04,824471,2026-09-04T22:10:00Z,Scheduled,Great American Ball Park,Milwaukee Brewers @ Cincinnati Reds,Away,669003,Garrett Mitchell,Milwaukee Brewers,Cincinnati Reds,CF,L,No,,125,455,395,103,26,3,9,58,55,53,5,144,0.261,0.355,0.41,0.765,9,29,27,7,0,0.259,0.0,22,76,68,19,1,0.279,0.0132,477,82,4.7,30.3,38.2,35.9,25.8,8.1,20.4,22.3,29.0,6.0,3.0,6.0,53.9,84.6,10.2,0.634,76.1,97.9,114.4,74.9,11.6,16.9,54.2,35.2,Below Average,2.5,Contact-First Profile,A,Excellent HR swing plane,35.2,Below Average,0.959,Good,1.2,13.3,97.9,0.54,Derived proxy,Derived proxy,Derived proxy,Derived proxy,,,19.48,10.48,Strong positive regression,Below Average Contact-First Profile profile. 4.7% barrel rate; 84.6 mph average exit velocity; 20.4% air-ball rate; 22.3% pull-air rate; 6.0% HR-launch rate.,0.0198,0.0223,4.05,27,10,43.9,0.62,61.5,Recently homered,695076.0,Rhett Lowder,R,LHB vs RHP,24,21,112.0,5.14,1.46,16,1.29,7.07,3.46,617.0,5.8,25.1,16.7,40.2,32.1,84.1,95.6,116.0,0.572,16.0,41.6,99.7,0.614,4.6,Sinker,L,LHB vs RHP,46.2,349,0.258,0.35,0.418,0.768,8,41,112,0.0229,7.2,0.724,307,0.0391,6.9,0.633,8,6,3,3/6,0.5,0.625,0.5,1.125,0,2,2,47.1,Neutral Matchup,Average,58.9,5,Pitch-level Statcast · last 5 MLB games,476,Sinker,26.680672268907564,127.0,Slider,24.57983193277311,117.0,Changeup,22.478991596638654,107.0,4-Seam Fastball,18.69747899159664,89.0,Curveball,7.563025210084033,36.0,Unknown,,Unknown,,No,112.0,1.12,1.0,71.6,0.983,0.983,41.8,Current-Season Handedness Matchup,Pull Air %,Barrel %,Max Exit Velocity,46.2,38.5,41.6,19.7,71.6,45.0,41.6,4.35,0.783,1.03,1.025,1.0,0.959,0.959,1.0,8.74,5.79,83.1,22.6,F,Lineup unconfirmed,,,,,,
148,2026-09-04,824471,2026-09-04T22:10:00Z,Scheduled,Great American Ball Park,Milwaukee Brewers @ Cincinnati Reds,Away,694192,Jackson Chourio,Milwaukee Brewers,Cincinnati Reds,LF,R,No,,106,480,439,125,24,0,21,74,58,38,2,114,0.285,0.344,0.483,0.827,11,52,50,16,4,0.32,0.0769,26,117,106,33,7,0.311,0.0598,620,138,6.9,28.1,31.7,35.6,32.5,17.5,27.2,23.9,26.8,8.9,4.2,8.9,57.0,84.9,15.8,0.655,72.4,96.8,112.0,43.3,12.3,12.5,64.4,35.5,Below Average,2.5,Contact-First Profile,A,Excellent HR swing plane,35.5,Below Average,0.959,Good,7.2,22.0,97.3,0.678,Derived proxy,Derived proxy,Derived proxy,Derived proxy,,,36.57,15.57,Strong positive regression,Below Average Contact-First Profile profile. 6.9% barrel rate; 84.9 mph average exit velocity; 27.2% air-ball rate; 23.9% pull-air rate; 8.9% HR-launch rate.,0.0438,0.0414,4.15,4,1,20.9,0.19,19.1,Very recent HR,695076.0,Rhett Lowder,R,RHB vs RHP,24,21,112.0,5.14,1.46,16,1.29,7.07,3.46,617.0,5.8,25.1,16.7,40.2,32.1,84.1,95.6,116.0,0.572,16.0,39.4,99.7,0.577,5.3,Sinker,R,RHB vs RHP,38.0,333,0.279,0.33,0.471,0.801,14,22,79,0.042,6.7,0.648,192,0.0208,4.2,0.485,6,6,2,2/6,0.333,0.333,0.333,0.666,0,0,2,39.3,Slight Pitcher Advantage,Below average,41.9,5,Pitch-level Statcast · last 5 MLB games,476,Sinker,26.680672268907564,127.0,Slider,24.57983193277311,117.0,Changeup,22.478991596638654,107.0,4-Seam Fastball,18.69747899159664,89.0,Curveball,7.563025210084033,36.0,Unknown,,Unknown,,No,112.0,1.12,1.0,71.6,0.979,0.983,40.1,Current-Season Handedness Matchup,Pull Air %,Barrel %,Max Exit Velocity,38.0,38.5,39.4,32.0,71.6,45.0,41.5,4.35,1.269,1.03,0.985,1.0,0.959,0.959,0.98,16.09,11.66,85.0,33.2,D,Lineup unconfirmed,,,,,,
149,2026-09-04,824471,2026-09-04T22:10:00Z,Scheduled,Great American Ball Park,Milwaukee Brewers @ Cincinnati Reds,Home,670770,TJ Friedl,Cincinnati Reds,Milwaukee Brewers,CF,L,No,,82,263,231,38,6,1,4,20,12,21,5,60,0.165,0.248,0.251,0.499,8,13,12,3,1,0.25,0.0769,16,27,25,4,1,0.16,0.037,283,28,6.8,27.8,47.8,31.3,18.0,14.1,28.4,57.1,29.3,7.2,3.3,7.2,41.2,80.9,18.4,0.44,66.2,95.8,107.6,11.8,14.2,2.4,60.3,32.8,Weak,2.5,Pull Power,A,Excellent HR swing plane,32.8,Weak,0.952,Good,14.3,75.0,100.2,0.583,Derived proxy,Derived proxy,Derived proxy,Derived proxy,,,16.95,12.95,Strong positive regression,Weak Pull Power profile. 6.8% barrel rate; 80.9 mph average exit velocity; 28.4% air-ball rate; 57.1% pull-air rate; 7.2% HR-launch rate.,0.0152,0.0205,3.81,8,5,57.8,0.14,13.9,Very recent HR,675660.0,Shane Drohan,L,LHB vs LHP,27,16,110.1,3.75,1.3,10,0.82,8.97,3.02,557.0,5.4,25.7,16.0,37.2,30.9,82.4,95.0,113.6,0.49,10.0,13.9,100.0,0.365,3.2,4-Seam Fastball,L,LHB vs LHP,27.0,36,0.206,0.25,0.206,0.456,0,2,8,0.0,0.0,0.359,145,0.0,4.9,0.48,0,0,0,0/0,,,,,0,0,0,27.0,Strong Pitcher Advantage,Below average,50.0,5,Pitch-level Statcast · last 5 MLB games,400,4-Seam Fastball,23.25,93.0,Slider,21.5,86.0,Sinker,20.25,81.0,Cutter,15.5,62.0,Curveball,12.25,49.0,Unknown,,Unknown,,No,112.0,1.12,1.0,71.6,0.928,0.979,46.2,Current-Season Handedness Matchup,Pull Air %,Barrel %,Max Exit Velocity,27.0,31.2,13.9,81.7,71.6,45.0,41.5,4.35,1.35,0.955,0.985,0.94,0.952,0.895,0.98,7.58,6.24,72.9,20.2,F,Lineup unconfirmed,Changeup,7.25,29.0,,,
150,2026-09-04,824424,2026-09-04T18:10:00Z,Scheduled,Progressive Field,Detroit Tigers @ Cleveland Guardians,Away,701678,Hao-Yu Lee,Detroit Tigers,Cleveland Guardians,2B,R,No,,94,274,253,68,13,1,8,29,36,18,0,64,0.269,0.315,0.423,0.738,11,44,40,9,2,0.225,0.0455,23,70,61,17,2,0.279,0.0286,332,90,5.1,25.2,33.4,25.6,41.0,13.7,29.1,40.7,28.1,8.2,4.3,8.2,46.4,83.4,15.8,0.567,70.0,95.8,112.2,22.6,13.9,6.1,54.0,33.1,Weak,2.5,Contact-First Profile,A,Excellent HR swing plane,33.1,Weak,0.953,Good,4.4,47.8,96.2,0.607,Derived proxy,Derived proxy,Derived proxy,Derived proxy,,,16.31,8.31,Strong positive regression,Weak Contact-First Profile profile. 5.1% barrel rate; 83.4 mph average exit velocity; 29.1% air-ball rate; 40.7% pull-air rate; 8.2% HR-launch rate.,0.0292,0.0301,4.05,9,2,31.6,0.28,28.5,Very recent HR,671106.0,Logan Allen,L,RHB vs LHP,6,1,14.1,3.77,1.47,3,1.88,9.42,2.51,93.0,5.4,23.7,20.4,41.7,25.8,81.7,95.0,109.4,0.531,3.0,35.2,100.0,0.556,4.3,4-Seam Fastball,R,RHB vs LHP,33.9,122,0.246,0.281,0.368,0.649,2,6,28,0.0164,5.2,0.543,43,0.0233,6.7,0.544,0,0,0,0/0,,,,,0,0,0,37.6,Slight Pitcher Advantage,Below average,50.0,5,Pitch-level Statcast · last 5 MLB games,180,4-Seam Fastball,30.555555555555557,55.0,Cutter,26.666666666666668,48.0,Sweeper,18.88888888888889,34.0,Changeup,15.0,27.0,Sinker,8.88888888888889,16.0,Unknown,,Unknown,,No,100.0,1.0,1.0,50.0,0.97,0.979,45.0,Current-Season Handedness Matchup,Pull Air %,Barrel %,Max Exit Velocity,33.9,35.8,35.2,47.9,50.0,45.0,41.5,4.35,1.104,1.025,1.025,1.0,0.953,0.953,0.98,11.62,7.77,77.2,24.6,F,Lineup unconfirmed,,,,,,
151,2026-09-04,824471,2026-09-04T22:10:00Z,Scheduled,Great American Ball Park,Milwaukee Brewers @ Cincinnati Reds,Home,680574,Matt McLain,Cincinnati Reds,Milwaukee Brewers,2B,R,No,,116,435,378,71,17,0,13,50,36,46,6,119,0.188,0.285,0.336,0.621,11,46,39,4,1,0.103,0.0217,27,105,91,16,4,0.176,0.0381,498,130,5.1,20.4,41.0,29.8,28.5,17.7,27.8,41.9,36.0,8.3,5.7,8.3,53.8,80.5,25.8,0.545,68.9,92.8,109.4,11.2,11.9,3.2,56.2,31.0,Weak,2.0,Contact-First Profile,A-,Elevated power plane,31.0,Weak,0.947,Good,5.4,45.5,92.8,0.534,Derived proxy,Derived proxy,Derived proxy,Derived proxy,,,23.86,10.86,Strong positive regression,Weak Contact-First Profile profile. 5.1% barrel rate; 80.5 mph average exit velocity; 27.8% air-ball rate; 41.9% pull-air rate; 8.3% HR-launch rate.,0.0299,0.0303,3.81,35,10,29.1,1.2,120.4,Near normal interval,675660.0,Shane Drohan,L,RHB vs LHP,27,16,110.1,3.75,1.3,10,0.82,8.97,3.02,557.0,5.4,25.7,16.0,37.2,30.9,82.4,95.0,113.6,0.49,10.0,39.5,100.0,0.572,5.6,4-Seam Fastball,R,RHB vs LHP,34.3,104,0.221,0.343,0.372,0.715,4,15,22,0.0385,4.5,0.526,321,0.0312,5.6,0.494,4,4,0,0/4,0.0,0.0,0.0,0.0,0,0,1,37.3,Slight Pitcher Advantage,Below average,40.0,5,Pitch-level Statcast · last 5 MLB games,400,4-Seam Fastball,23.25,93.0,Slider,21.5,86.0,Sinker,20.25,81.0,Cutter,15.5,62.0,Curveball,12.25,49.0,Unknown,,Unknown,,No,112.0,1.12,1.0,71.6,0.979,0.979,43.2,Current-Season Handedness Matchup,Pull Air %,Barrel %,Max Exit Velocity,34.3,31.2,39.5,41.0,71.6,45.0,41.5,4.35,0.984,0.955,1.025,0.94,0.947,0.89,1.0,11.08,6.99,85.0,25.2,F,Lineup unconfirmed,Changeup,7.25,29.0,,,
152,2026-09-04,823418,2026-09-04T22:40:00Z,Scheduled,Citizens Bank Park,Atlanta Braves @ Philadelphia Phillies,Away,686948,Drake Baldwin,Atlanta Braves,Philadelphia Phillies,C,L,No,,117,518,460,127,15,0,22,74,69,50,7,111,0.276,0.355,0.452,0.807,11,48,44,15,1,0.341,0.0208,26,113,107,31,2,0.29,0.0177,705,150,6.0,31.8,44.3,22.2,33.5,13.9,26.8,36.0,28.7,5.9,2.9,5.9,40.3,85.2,19.3,0.621,74.2,97.6,111.6,57.3,13.9,16.7,46.8,39.4,Below Average,2.5,Contact-First Profile,A,Excellent HR swing plane,39.4,Below Average,0.97,Good,4.0,37.8,98.5,0.563,Derived proxy,Derived proxy,Derived proxy,Derived proxy,,,37.31,15.31,Strong positive regression,Below Average Contact-First Profile profile. 6.0% barrel rate; 85.2 mph average exit velocity; 26.8% air-ball rate; 36.0% pull-air rate; 5.9% HR-launch rate.,0.0425,0.0405,4.15,26,6,20.9,1.24,124.3,Near normal interval,650911.0,Cristopher Sánchez,L,LHB vs LHP,28,28,175.1,2.52,1.19,14,0.72,10.37,2.0,827.0,4.2,27.3,9.1,42.6,26.6,83.4,96.1,112.7,0.504,14.0,41.0,100.0,0.582,5.9,Sinker,L,LHB vs LHP,27.8,191,0.243,0.314,0.393,0.707,7,15,39,0.0366,6.4,0.592,165,0.0061,1.7,0.396,3,3,2,2/3,0.667,0.667,0.667,1.334,0,0,0,37.6,Slight Pitcher Advantage,Below average,53.8,5,Pitch-level Statcast · last 5 MLB games,471,Sinker,46.07218683651805,217.0,Changeup,35.881104033970274,169.0,Slider,18.046709129511676,85.0,,,,,,,Unknown,,Unknown,,No,108.0,1.08,1.0,64.4,0.982,0.967,42.9,Current-Season Handedness Matchup,Pull Air %,Barrel %,Max Exit Velocity,27.8,32.2,41.0,42.2,64.4,45.0,41.4,4.34,0.794,0.939,0.985,1.0,0.97,0.97,1.0,15.77,7.67,85.0,28.8,F,Lineup unconfirmed,,,,,,
153,2026-09-04,824797,2026-09-04T23:05:00Z,Scheduled,Oriole Park at Camden Yards,Boston Red Sox @ Baltimore Orioles,Home,681297,Colton Cowser,Baltimore Orioles,Boston Red Sox,CF,L,No,,125,342,298,64,6,0,13,38,37,39,1,103,0.215,0.305,0.366,0.671,10,35,32,7,2,0.219,0.0571,25,73,69,17,5,0.246,0.0685,406,96,5.9,25.6,44.4,30.5,25.2,16.2,27.7,38.8,32.4,8.6,5.8,8.6,65.9,81.8,18.1,0.67,71.8,95.1,112.2,44.3,11.3,11.3,38.1,38.7,Below Average,2.5,Contact-First Profile,A,Excellent HR swing plane,38.7,Below Average,0.968,Good,6.2,34.5,96.3,0.727,Derived proxy,Derived proxy,Derived proxy,Derived proxy,,,21.19,8.19,Strong positive regression,Below Average Contact-First Profile profile. 5.9% barrel rate; 81.8 mph average exit velocity; 27.7% air-ball rate; 38.8% pull-air rate; 8.6% HR-launch rate.,0.038,0.0365,3.99,17,5,22.9,0.74,74.2,Recently homered,624133.0,Ranger Suarez,L,LHB vs LHP,24,24,123.2,3.64,1.24,8,0.58,8.66,2.84,664.0,3.2,20.5,12.2,44.1,32.1,80.4,93.2,113.6,0.477,8.0,52.5,99.9,0.695,6.0,Sinker,L,LHB vs LHP,28.9,52,0.159,0.255,0.227,0.482,1,6,22,0.0192,1.9,0.384,145,0.0207,4.5,0.518,3,3,1,1/3,0.333,0.333,0.667,1.0,0,0,0,41.6,Slight Pitcher Advantage,Below average,51.3,5,Pitch-level Statcast · last 5 MLB games,438,4-Seam Fastball,24.200913242009133,106.0,Sinker,21.91780821917808,96.0,Curveball,17.123287671232877,75.0,Cutter,15.981735159817351,70.0,Changeup,12.100456621004566,53.0,Unknown,,Unknown,,No,99.0,0.99,1.0,48.2,1.005,0.957,44.6,Current-Season Handedness Matchup,Pull Air %,Barrel %,Max Exit Velocity,28.9,28.0,52.5,39.5,48.2,45.0,41.4,4.34,1.278,0.917,0.985,1.0,0.968,0.968,1.0,13.77,8.95,82.3,26.2,F,Lineup unconfirmed,Slider,8.67579908675799,38.0,,,
154,2026-09-04,824387,2026-09-04T23:15:00Z,Scheduled,Progressive Field,Detroit Tigers @ Cleveland Guardians,Away,679529,Spencer Torkelson,Detroit Tigers,Cleveland Guardians,1B,R,No,,137,532,462,102,24,0,21,55,65,58,7,166,0.221,0.315,0.409,0.724,10,32,28,5,1,0.179,0.0312,24,86,72,17,1,0.236,0.0116,623,91,5.8,24.7,49.0,23.3,27.4,15.7,28.1,50.9,31.6,8.3,5.7,8.3,42.0,83.1,20.3,0.571,71.4,94.9,108.8,24.0,12.4,6.6,48.5,37.6,Below Average,2.5,Pull Power,A-,Elevated power plane,37.6,Below Average,0.965,Good,3.3,50.0,93.9,0.481,Derived proxy,Derived proxy,Derived proxy,Derived proxy,,,34.78,13.78,Strong positive regression,Below Average Pull Power profile. 5.8% barrel rate; 83.1 mph average exit velocity; 28.1% air-ball rate; 50.9% pull-air rate; 8.3% HR-launch rate.,0.0395,0.0381,4.05,0,0,22.0,0.0,0.0,Very recent HR,656492.0,Foster Griffin,L,RHB vs LHP,27,27,154.1,3.21,1.12,23,1.34,8.11,2.27,855.0,5.4,23.0,13.9,39.5,33.9,81.5,94.4,119.0,0.551,23.0,31.8,99.9,0.524,4.2,Cutter,R,RHB vs LHP,32.5,153,0.26,0.359,0.405,0.764,3,21,43,0.0196,5.5,0.539,461,0.0347,5.2,0.54,2,2,1,1/2,0.5,0.5,1.0,1.5,0,0,1,36.2,Slight Pitcher Advantage,Below average,52.5,5,Pitch-level Statcast · last 5 MLB games,459,Cutter,30.065359477124183,138.0,4-Seam Fastball,18.30065359477124,84.0,Changeup,15.250544662309368,70.0,Sweeper,14.596949891067538,67.0,Sinker,9.368191721132897,43.0,Unknown,,Unknown,,No,100.0,1.0,1.0,50.0,0.964,0.979,48.4,Current-Season Handedness Matchup,Pull Air %,Barrel %,Max Exit Velocity,32.5,34.1,31.8,42.8,50.0,45.0,41.3,4.34,0.861,1.038,1.025,1.0,0.965,0.965,0.98,14.56,7.8,83.9,25.3,F,Lineup unconfirmed,Split-Finger,6.5359477124183005,30.0,Curveball,5.882352941176471,27.0
155,2026-09-04,824067,2026-09-05T00:10:00Z,Scheduled,Kauffman Stadium,Toronto Blue Jays @ Kansas City Royals,Home,679845,Nick Loftin,Kansas City Royals,Toronto Blue Jays,3B,R,No,,101,365,313,75,23,2,7,40,41,38,6,59,0.24,0.33,0.393,0.723,10,41,37,12,2,0.324,0.0488,24,95,81,17,2,0.21,0.0211,432,107,2.6,17.4,42.6,29.2,28.2,19.1,33.2,40.6,32.2,4.7,3.4,4.7,70.0,81.2,15.4,0.405,65.7,93.0,109.2,5.9,10.2,1.2,49.7,21.7,Weak,2.0,Contact-First Profile,A,Excellent HR swing plane,21.7,Weak,0.921,Good,1.9,29.7,91.8,0.388,Derived proxy,Derived proxy,Derived proxy,Derived proxy,,,12.57,5.57,Strong positive regression,Weak Contact-First Profile profile. 2.6% barrel rate; 81.2 mph average exit velocity; 33.2% air-ball rate; 40.6% pull-air rate; 4.7% HR-launch rate.,0.0192,0.0224,3.99,5,2,44.7,0.11,11.2,Very recent HR,592791.0,Jameson Taillon,R,RHB vs RHP,17,17,84.0,5.68,1.37,26,2.79,8.04,3.43,449.0,8.5,24.3,21.6,48.0,33.6,82.8,95.4,112.4,0.681,26.0,25.0,99.7,0.453,4.3,4-Seam Fastball,R,RHB vs RHP,39.8,217,0.213,0.304,0.383,0.687,6,22,36,0.0276,3.6,0.389,174,0.069,7.7,0.643,0,0,0,0/0,,,,,0,0,0,36.7,Slight Pitcher Advantage,Below average,50.0,5,Pitch-level Statcast · last 5 MLB games,320,4-Seam Fastball,23.4375,75.0,Changeup,18.75,60.0,Cutter,17.1875,55.0,Curveball,16.25,52.0,Sweeper,14.6875,47.0,Unknown,,Unknown,,No,100.0,1.0,1.0,50.0,0.95,1.01,39.6,Current-Season Handedness Matchup,Pull Air %,Barrel %,Max Exit Velocity,39.8,58.2,25.0,16.8,50.0,45.0,41.2,4.33,1.25,1.2,0.985,1.0,0.921,0.921,0.98,8.62,7.3,84.6,24.6,F,Lineup unconfirmed,Sinker,9.6875,31.0,,,
156,2026-09-04,823579,2026-09-04T23:10:00Z,Scheduled,Citi Field,San Francisco Giants @ New York Mets,Away,805811,Bryce Eldridge,San Francisco Giants,New York Mets,DH,L,No,,95,394,341,89,18,0,15,44,45,51,0,103,0.261,0.355,0.446,0.801,10,47,38,14,1,0.368,0.0213,23,101,86,24,4,0.279,0.0396,476,112,6.6,29.7,43.3,21.3,35.1,15.6,29.9,33.7,30.0,6.6,3.6,6.6,50.0,84.8,15.6,0.671,71.9,97.6,112.2,31.0,15.1,5.8,39.6,34.5,Weak,2.5,Contact-First Profile,A,Excellent HR swing plane,34.5,Weak,0.957,Good,7.1,27.0,98.4,0.67,Derived proxy,Derived proxy,Derived proxy,Derived proxy,,,26.87,11.87,Strong positive regression,Weak Contact-First Profile profile. 6.6% barrel rate; 84.8 mph average exit velocity; 29.9% air-ball rate; 33.7% pull-air rate; 6.6% HR-launch rate.,0.0381,0.0367,4.15,22,6,22.7,0.97,96.8,Near normal interval,690997.0,Nolan McLean,R,LHB vs RHP,27,27,155.2,3.06,1.12,15,0.87,9.94,3.53,770.0,3.6,21.2,12.3,40.4,29.0,81.4,93.6,112.8,0.483,15.0,49.8,99.8,0.667,6.0,Sinker,L,LHB vs RHP,39.4,273,0.246,0.352,0.427,0.778,10,39,70,0.0366,6.4,0.639,386,0.0285,4.2,0.553,0,0,0,0/0,,,,,0,0,0,45.1,Neutral Matchup,Average,50.0,5,Pitch-level Statcast · last 5 MLB games,467,Sinker,35.54603854389722,166.0,4-Seam Fastball,18.41541755888651,86.0,Curveball,14.5610278372591,68.0,Cutter,14.132762312633833,66.0,Slider,7.494646680942184,35.0,Unknown,,Unknown,,No,100.0,1.0,1.0,50.0,1.0,0.961,46.6,Current-Season Handedness Matchup,Pull Air %,Barrel %,Max Exit Velocity,39.4,26.2,49.8,38.8,50.0,45.0,41.2,4.33,0.922,0.963,1.025,1.0,0.957,0.957,1.0,14.36,7.84,85.0,27.7,F,Lineup unconfirmed,Sweeper,6.638115631691649,31.0,Changeup,3.2119914346895073,15.0
157,2026-09-04,822852,2026-09-05T00:05:00Z,Scheduled,Globe Life Field,Tampa Bay Rays @ Texas Rangers,Home,607043,Brandon Nimmo,Texas Rangers,Tampa Bay Rays,RF,L,No,,135,571,514,138,31,4,14,56,58,46,7,122,0.268,0.335,0.426,0.761,12,52,44,13,1,0.295,0.0192,26,109,98,24,2,0.245,0.0183,813,159,4.2,27.3,44.2,28.3,26.9,13.4,25.1,36.9,29.7,7.4,4.1,7.4,39.2,84.7,18.5,0.568,70.6,96.0,111.6,26.3,12.9,6.5,50.3,31.3,Weak,2.5,Contact-First Profile,A,Excellent HR swing plane,31.3,Weak,0.948,Good,2.5,37.1,95.2,0.472,Derived proxy,Derived proxy,Derived proxy,Derived proxy,,,35.18,21.18,Strong positive regression,Weak Contact-First Profile profile. 4.2% barrel rate; 84.7 mph average exit velocity; 25.1% air-ball rate; 36.9% pull-air rate; 7.4% HR-launch rate.,0.0245,0.0258,3.99,17,5,36.7,0.46,46.3,Recently homered,607259.0,Nick Martinez,R,LHB vs RHP,26,26,153.2,2.99,1.1,18,1.05,5.33,1.29,848.0,4.7,23.3,17.3,45.8,32.9,82.0,94.6,113.3,0.508,18.0,44.6,99.9,0.627,5.5,Sinker,L,LHB vs RHP,36.3,396,0.242,0.318,0.394,0.713,9,35,88,0.0227,6.2,0.667,369,0.0325,5.1,0.492,2,2,0,0/2,0.0,0.0,0.0,0.0,0,0,0,41.0,Slight Pitcher Advantage,Below average,45.0,5,Pitch-level Statcast · last 5 MLB games,425,Sinker,30.352941176470587,129.0,Changeup,26.352941176470587,112.0,Cutter,21.647058823529413,92.0,4-Seam Fastball,15.294117647058824,65.0,Slider,5.647058823529412,24.0,Unknown,,Unknown,,No,104.0,1.04,1.0,57.2,0.989,0.972,42.8,Current-Season Handedness Matchup,Pull Air %,Barrel %,Max Exit Velocity,36.3,34.5,44.6,31.7,57.2,45.0,41.2,4.32,0.892,0.992,1.025,1.0,0.948,0.948,1.0,9.91,6.23,85.0,23.5,F,Lineup unconfirmed,Curveball,0.7058823529411765,3.0,,,
158,2026-09-04,823093,2026-09-05T02:10:00Z,Scheduled,T-Mobile Park,Athletics @ Seattle Mariners,Home,621493,Taylor Ward,Seattle Mariners,Athletics,DH,R,No,,132,587,482,109,20,1,7,69,34,95,7,126,0.226,0.359,0.315,0.674,10,37,32,2,0,0.062,0.0,19,75,66,7,0,0.106,0.0,628,80,2.9,21.5,34.1,35.1,30.5,16.3,30.1,30.2,31.9,4.9,2.8,4.9,22.8,82.1,17.6,0.467,66.7,93.6,107.5,2.3,10.5,0.4,44.2,17.9,Weak,1.5,Contact-First Profile,A,Excellent HR swing plane,17.9,Weak,0.91,Good,2.5,26.1,92.6,0.422,Derived proxy,Derived proxy,Derived proxy,Derived proxy,,,18.49,11.49,Strong positive regression,Weak Contact-First Profile profile. 2.9% barrel rate; 82.1 mph average exit velocity; 30.1% air-ball rate; 30.2% pull-air rate; 4.9% HR-launch rate.,0.0119,0.0153,3.99,122,35,68.9,1.77,177.2,Above normal drought,,TBD,,Unknown,0,0,0.0,0.0,0.0,0,0.0,0.0,0.0,,,,,,,,,,,,50.0,0.0,,,Unknown,R,Unknown,50.0,0,,,,,0,0,0,,,,0,,,,0,0,0,0/0,,,,,0,0,0,50.0,Neutral Matchup,Average,50.0,0,,0,,,,,,,,,,,,,,,,Unknown,,Unknown,,No,92.0,0.92,1.0,35.6,1.0,1.0,37.1,Current-Season Handedness Matchup,Pull Air %,Barrel %,Max Exit Velocity,50.0,50.0,50.0,16.0,35.6,45.0,41.1,4.32,0.758,1.0,1.0,0.965,0.91,0.878,1.035,5.98,4.1,73.0,21.8,F,Probable SP unavailable; Lineup unconfirmed,,,,,,
159,2026-09-04,823418,2026-09-04T22:40:00Z,Scheduled,Citizens Bank Park,Atlanta Braves @ Philadelphia Phillies,Away,671739,Michael Harris II,Atlanta Braves,Philadelphia Phillies,CF,L,No,,134,536,509,150,32,1,24,67,80,20,2,107,0.295,0.322,0.503,0.825,11,45,41,13,4,0.317,0.0889,26,103,98,31,4,0.316,0.0388,741,139,6.4,30.2,47.3,24.4,28.2,11.3,26.2,41.5,28.5,6.0,2.2,6.0,48.7,82.8,11.1,0.592,72.7,97.3,113.3,44.4,13.5,12.4,41.5,38.3,Below Average,2.5,Contact-First Profile,A,Excellent HR swing plane,38.3,Below Average,0.967,Good,5.8,34.3,95.7,0.557,Derived proxy,Derived proxy,Derived proxy,Derived proxy,,,40.2,16.2,Strong positive regression,Below Average Contact-First Profile profile. 6.4% barrel rate; 82.8 mph average exit velocity; 26.2% air-ball rate; 41.5% pull-air rate; 6.0% HR-launch rate.,0.0448,0.0424,4.15,3,1,21.2,0.14,14.1,Very recent HR,650911.0,Cristopher Sánchez,L,LHB vs LHP,28,28,175.1,2.52,1.19,14,0.72,10.37,2.0,827.0,4.2,27.3,9.1,42.6,26.6,83.4,96.1,112.7,0.504,14.0,34.2,100.0,0.525,5.3,Sinker,L,LHB vs LHP,24.0,196,0.266,0.303,0.457,0.759,8,8,36,0.0408,4.7,0.496,165,0.0061,1.7,0.396,5,5,0,0/5,0.0,0.0,0.0,0.0,0,0,4,30.3,Slight Pitcher Advantage,Below average,37.5,5,Pitch-level Statcast · last 5 MLB games,471,Sinker,46.07218683651805,217.0,Changeup,35.881104033970274,169.0,Slider,18.046709129511676,85.0,,,,,,,Unknown,,Unknown,,No,108.0,1.08,1.0,64.4,0.968,0.967,45.7,Current-Season Handedness Matchup,Pull Air %,Barrel %,Max Exit Velocity,24.0,32.2,34.2,37.1,64.4,45.0,40.9,4.3,1.226,0.939,0.985,1.0,0.967,0.967,0.98,16.47,10.38,85.0,31.1,D,Lineup unconfirmed,,,,,,
160,2026-09-04,824424,2026-09-04T18:10:00Z,Scheduled,Progressive Field,Detroit Tigers @ Cleveland Guardians,Home,682657,Angel Martínez,Cleveland Guardians,Detroit Tigers,LF,S,No,,97,350,325,80,18,1,14,40,50,11,7,76,0.246,0.285,0.437,0.722,8,31,26,8,2,0.308,0.0645,21,76,71,22,3,0.31,0.0395,504,100,4.2,24.8,50.6,26.2,23.2,13.8,27.3,51.5,31.1,6.7,5.3,6.7,67.6,81.7,16.8,0.542,69.2,94.7,109.4,18.0,9.7,5.8,48.1,34.2,Weak,2.5,Pull Power,A,Excellent HR swing plane,34.2,Weak,0.956,Good,4.0,50.0,95.3,0.557,Derived proxy,Derived proxy,Derived proxy,Derived proxy,,,21.84,7.84,Strong positive regression,Weak Pull Power profile. 4.2% barrel rate; 81.7 mph average exit velocity; 27.3% air-ball rate; 51.5% pull-air rate; 6.7% HR-launch rate.,0.04,0.038,3.93,4,2,23.2,0.17,17.2,Very recent HR,672456.0,Keider Montero,R,Switch vs RHP,28,22,139.0,3.24,0.99,14,0.91,5.96,2.01,738.0,4.6,24.7,14.8,46.6,26.0,83.1,95.0,112.4,0.463,14.0,29.4,99.7,0.508,3.8,4-Seam Fastball,L,LHB vs RHP,34.2,231,0.226,0.278,0.42,0.697,10,9,58,0.0433,4.4,0.505,316,0.0285,5.2,0.504,3,3,2,2/3,0.667,0.667,0.667,1.334,0,0,0,36.4,Slight Pitcher Advantage,Below average,53.8,5,Pitch-level Statcast · last 5 MLB games,407,4-Seam Fastball,31.44963144963145,128.0,Slider,20.884520884520885,85.0,Sinker,18.91891891891892,77.0,Changeup,15.97051597051597,65.0,Knuckle Curve,12.776412776412776,52.0,Unknown,,Unknown,,No,100.0,1.0,1.0,50.0,0.959,0.971,47.7,Current-Season Handedness Matchup,Pull Air %,Barrel %,Max Exit Velocity,34.2,33.6,29.4,47.1,50.0,45.0,40.9,4.3,1.161,0.97,1.035,1.0,0.956,0.956,0.98,14.11,8.81,83.1,26.8,F,Lineup unconfirmed,,,,,,
161,2026-09-04,823418,2026-09-04T22:40:00Z,Scheduled,Citizens Bank Park,Atlanta Braves @ Philadelphia Phillies,Away,657041,Lane Thomas,Atlanta Braves,Philadelphia Phillies,LF,R,No,,116,368,321,73,19,0,11,36,40,43,2,90,0.227,0.321,0.389,0.71,7,16,15,3,0,0.2,0.0,17,35,32,7,1,0.219,0.0286,450,38,3.4,22.7,44.8,26.5,28.7,13.8,26.7,47.0,29.0,4.1,2.9,4.1,77.1,82.6,17.9,0.53,70.8,95.1,109.9,29.1,11.6,6.2,54.8,31.2,Weak,2.0,Pull Power,A,Excellent HR swing plane,31.2,Weak,0.947,Good,2.6,45.5,95.9,0.56,Derived proxy,Derived proxy,Derived proxy,Derived proxy,,,15.83,4.83,Strong positive regression,Weak Pull Power profile. 3.4% barrel rate; 82.6 mph average exit velocity; 26.7% air-ball rate; 47.0% pull-air rate; 4.1% HR-launch rate.,0.0299,0.0304,4.05,25,12,29.2,0.86,85.7,Near normal interval,650911.0,Cristopher Sánchez,L,RHB vs LHP,28,28,175.1,2.52,1.19,14,0.72,10.37,2.0,827.0,4.2,27.3,9.1,42.6,26.6,83.4,96.1,112.7,0.504,14.0,37.2,100.0,0.594,3.4,Sinker,R,RHB vs LHP,29.8,159,0.272,0.371,0.456,0.827,5,22,36,0.0314,2.2,0.553,561,0.0232,4.9,0.533,5,5,1,1/5,0.2,0.2,0.4,0.6,0,0,0,34.7,Slight Pitcher Advantage,Below average,41.5,5,Pitch-level Statcast · last 5 MLB games,471,Sinker,46.07218683651805,217.0,Changeup,35.881104033970274,169.0,Slider,18.046709129511676,85.0,,,,,,,Unknown,,Unknown,,No,108.0,1.08,1.0,64.4,0.974,0.967,43.4,Current-Season Handedness Matchup,Pull Air %,Barrel %,Max Exit Velocity,29.8,32.2,37.2,41.1,64.4,45.0,40.9,4.3,0.846,0.939,1.025,1.0,0.947,0.947,1.0,11.76,6.56,79.8,23.1,F,Lineup unconfirmed,,,,,,
162,2026-09-04,824554,2026-09-04T23:40:00Z,Scheduled,Rate Field,Minnesota Twins @ Chicago White Sox,Away,668952,Ryan Kreidler,Minnesota Twins,Chicago White Sox,SS,R,No,,89,230,212,47,8,3,6,28,26,16,1,50,0.222,0.279,0.373,0.652,8,13,10,1,1,0.1,0.0769,19,35,31,5,1,0.161,0.0286,293,43,3.7,20.1,40.4,38.1,21.5,15.8,22.0,51.9,21.0,5.0,4.3,5.0,65.0,80.8,12.7,0.437,69.5,93.0,109.0,34.3,8.9,7.1,60.2,30.3,Weak,2.0,Pull Power,A,Excellent HR swing plane,30.3,Weak,0.945,Good,2.3,55.6,91.1,0.332,Derived proxy,Derived proxy,Derived proxy,Derived proxy,,,11.17,5.17,Strong positive regression,Weak Pull Power profile. 3.7% barrel rate; 80.8 mph average exit velocity; 22.0% air-ball rate; 51.9% pull-air rate; 5.0% HR-launch rate.,0.0261,0.0281,3.99,5,5,35.3,0.14,14.2,Very recent HR,607200.0,Erick Fedde,R,RHB vs RHP,29,13,123.1,4.16,1.37,22,1.61,6.42,3.28,696.0,5.5,26.9,16.8,46.0,32.8,83.4,95.8,114.9,0.537,22.0,25.1,99.6,0.465,3.8,Sweeper,R,RHB vs RHP,44.5,130,0.25,0.279,0.427,0.706,4,5,34,0.0308,6.2,0.569,244,0.0656,6.5,0.537,2,2,0,0/2,0.0,0.0,0.0,0.0,0,0,1,37.8,Slight Pitcher Advantage,Below average,45.0,5,Pitch-level Statcast · last 5 MLB games,288,Sweeper,36.458333333333336,105.0,Sinker,34.02777777777778,98.0,Cutter,15.972222222222221,46.0,Changeup,12.5,36.0,4-Seam Fastball,1.0416666666666667,3.0,Unknown,,Unknown,,No,100.0,1.0,1.0,50.0,0.95,0.98,46.7,Current-Season Handedness Matchup,Pull Air %,Barrel %,Max Exit Velocity,44.5,39.9,25.1,36.8,50.0,45.0,40.6,4.28,1.226,1.082,0.985,1.0,0.945,0.945,0.98,10.75,7.77,71.2,22.4,F,Lineup unconfirmed,,,,,,
163,2026-09-04,824387,2026-09-04T23:15:00Z,Scheduled,Progressive Field,Detroit Tigers @ Cleveland Guardians,Away,701678,Hao-Yu Lee,Detroit Tigers,Cleveland Guardians,2B,R,No,,94,274,253,68,13,1,8,29,36,18,0,64,0.269,0.315,0.423,0.738,11,44,40,9,2,0.225,0.0455,23,70,61,17,2,0.279,0.0286,332,90,5.1,25.2,33.4,25.6,41.0,13.7,29.1,40.7,28.1,8.2,4.3,8.2,46.4,83.4,15.8,0.567,70.0,95.8,112.2,22.6,13.9,6.1,54.0,33.1,Weak,2.5,Contact-First Profile,A,Excellent HR swing plane,33.1,Weak,0.953,Good,4.4,47.8,96.2,0.607,Derived proxy,Derived proxy,Derived proxy,Derived proxy,,,16.31,8.31,Strong positive regression,Weak Contact-First Profile profile. 5.1% barrel rate; 83.4 mph average exit velocity; 29.1% air-ball rate; 40.7% pull-air rate; 8.2% HR-launch rate.,0.0292,0.0301,4.05,9,2,31.6,0.28,28.5,Very recent HR,656492.0,Foster Griffin,L,RHB vs LHP,27,27,154.1,3.21,1.12,23,1.34,8.11,2.27,855.0,5.4,23.0,13.9,39.5,33.9,81.5,94.4,119.0,0.551,23.0,34.5,93.8,0.545,4.5,Cutter,R,RHB vs LHP,31.5,122,0.246,0.281,0.368,0.649,2,6,28,0.0164,5.2,0.543,461,0.0347,5.2,0.54,2,2,1,1/2,0.5,0.5,1.0,1.5,0,0,0,36.7,Slight Pitcher Advantage,Below average,52.5,5,Pitch-level Statcast · last 5 MLB games,459,Cutter,30.065359477124183,138.0,4-Seam Fastball,18.30065359477124,84.0,Changeup,15.250544662309368,70.0,Sweeper,14.596949891067538,67.0,Sinker,9.368191721132897,43.0,Unknown,,Unknown,,No,100.0,1.0,1.0,50.0,0.969,0.979,44.3,Current-Season Handedness Matchup,Pull Air %,Barrel %,Max Exit Velocity,31.5,34.1,34.5,47.9,50.0,45.0,40.6,4.28,1.104,1.038,1.025,1.0,0.953,0.953,0.98,11.62,7.78,77.2,24.6,F,Lineup unconfirmed,Split-Finger,6.5359477124183005,30.0,Curveball,5.882352941176471,27.0
164,2026-09-04,824797,2026-09-04T23:05:00Z,Scheduled,Oriole Park at Camden Yards,Boston Red Sox @ Baltimore Orioles,Away,677800,Wilyer Abreu,Boston Red Sox,Baltimore Orioles,RF,L,No,,138,603,528,136,34,4,23,78,70,62,3,123,0.258,0.335,0.468,0.803,13,58,53,12,1,0.226,0.0172,27,121,102,28,3,0.275,0.0248,811,144,6.5,26.6,45.4,20.9,33.5,17.0,29.0,41.3,33.3,8.0,4.8,8.0,39.4,82.7,23.8,0.592,72.1,95.3,112.3,34.8,13.8,11.5,49.0,38.8,Below Average,2.5,Contact-First Profile,A-,Elevated power plane,38.8,Below Average,0.969,Good,6.2,46.3,95.8,0.543,Derived proxy,Derived proxy,Derived proxy,Derived proxy,,,46.14,23.14,Strong positive regression,Below Average Contact-First Profile profile. 6.5% barrel rate; 82.7 mph average exit velocity; 29.0% air-ball rate; 41.3% pull-air rate; 8.0% HR-launch rate.,0.0381,0.0371,4.15,24,6,23.0,1.05,104.5,Near normal interval,669358.0,Shane Baz,R,LHB vs RHP,27,27,157.0,4.01,1.35,11,0.63,7.97,3.15,919.0,3.7,24.0,13.5,38.1,29.8,83.1,94.8,116.9,0.507,11.0,35.7,99.6,0.563,4.2,4-Seam Fastball,L,LHB vs RHP,38.8,421,0.237,0.31,0.45,0.76,17,41,92,0.0404,7.2,0.653,394,0.0178,4.1,0.53,5,4,2,2/4,0.5,0.6,0.5,1.1,0,1,0,40.9,Slight Pitcher Advantage,Below average,54.9,5,Pitch-level Statcast · last 5 MLB games,442,4-Seam Fastball,37.33031674208145,165.0,Knuckle Curve,31.67420814479638,140.0,Sinker,12.44343891402715,55.0,Changeup,10.180995475113122,45.0,Cutter,8.371040723981901,37.0,Unknown,,Unknown,,No,99.0,0.99,1.0,48.2,0.971,0.962,48.7,Current-Season Handedness Matchup,Pull Air %,Barrel %,Max Exit Velocity,38.8,26.8,35.7,49.7,48.2,45.0,40.5,4.27,0.822,0.925,1.025,1.0,0.969,0.969,1.0,14.53,7.0,85.0,26.7,F,Lineup unconfirmed,,,,,,
165,2026-09-04,823338,2026-09-04T22:45:00Z,Scheduled,PNC Park,Los Angeles Angels @ Pittsburgh Pirates,Away,687093,Vaughn Grissom,Los Angeles Angels,Pittsburgh Pirates,2B,R,No,,97,380,342,85,20,0,10,40,59,23,9,68,0.249,0.31,0.395,0.705,11,47,43,11,3,0.256,0.0638,24,100,93,22,3,0.237,0.03,516,138,4.4,21.2,43.5,31.4,25.1,13.4,26.9,44.3,31.8,4.5,2.4,4.5,46.0,81.2,18.5,0.493,68.5,92.9,110.0,14.1,9.2,4.5,45.3,26.5,Weak,2.0,Pull Power,A,Excellent HR swing plane,26.5,Weak,0.934,Good,5.1,48.6,90.7,0.487,Derived proxy,Derived proxy,Derived proxy,Derived proxy,,,20.75,10.75,Strong positive regression,Weak Pull Power profile. 4.4% barrel rate; 81.2 mph average exit velocity; 26.9% air-ball rate; 44.3% pull-air rate; 4.5% HR-launch rate.,0.0263,0.0277,4.05,0,0,34.2,0.0,0.0,Very recent HR,683003.0,Jared Jones,R,RHB vs RHP,16,16,72.2,4.83,1.28,12,1.49,10.28,3.34,372.0,5.9,27.2,14.8,37.5,31.2,84.7,96.5,115.1,0.557,12.0,32.3,100.0,0.533,4.0,4-Seam Fastball,R,RHB vs RHP,39.0,236,0.24,0.289,0.419,0.709,9,10,46,0.0381,4.7,0.531,123,0.0407,7.4,0.522,0,0,0,0/0,,,,,0,0,0,38.9,Slight Pitcher Advantage,Below average,50.0,5,Pitch-level Statcast · last 5 MLB games,410,4-Seam Fastball,47.80487804878049,196.0,Slider,33.90243902439025,139.0,Changeup,11.707317073170731,48.0,Curveball,6.585365853658536,27.0,,,,Unknown,,Unknown,,No,100.0,1.0,1.0,50.0,0.965,0.984,44.4,Current-Season Handedness Matchup,Pull Air %,Barrel %,Max Exit Velocity,39.0,37.5,32.3,38.9,50.0,45.0,40.5,4.27,1.279,1.062,0.985,1.0,0.934,0.934,0.98,10.75,7.93,85.0,25.4,F,Lineup unconfirmed,,,,,,
166,2026-09-04,824387,2026-09-04T23:15:00Z,Scheduled,Progressive Field,Detroit Tigers @ Cleveland Guardians,Home,682177,Daniel Schneemann,Cleveland Guardians,Detroit Tigers,CF,L,No,,85,278,254,52,11,0,6,28,28,24,0,82,0.205,0.273,0.319,0.592,2,2,2,0,0,0.0,0.0,2,2,2,0,0,0.0,0.0,347,1,5.2,22.5,55.0,20.5,24.6,14.4,25.4,40.9,30.8,7.8,4.6,7.8,33.3,82.5,18.5,0.526,69.5,93.7,111.5,10.5,11.0,3.1,53.0,29.9,Weak,2.0,Contact-First Profile,A,Excellent HR swing plane,29.9,Weak,0.944,Good,0.0,,96.9,,Derived proxy,Derived proxy,Derived proxy,Derived proxy,,,16.82,10.82,Strong positive regression,Weak Contact-First Profile profile. 5.2% barrel rate; 82.5 mph average exit velocity; 25.4% air-ball rate; 40.9% pull-air rate; 7.8% HR-launch rate.,0.0216,0.0247,3.81,70,27,42.3,1.65,165.4,Above normal drought,808825.0,Andrew Sears,L,LHB vs LHP,2,0,6.2,6.75,1.35,1,1.35,5.4,1.35,40.0,5.0,17.5,20.0,35.7,37.5,84.6,94.2,107.5,0.523,1.0,45.1,100.0,0.606,6.8,4-Seam Fastball,L,LHB vs LHP,42.5,64,0.232,0.328,0.393,0.721,2,8,18,0.0312,6.0,0.449,11,0.0909,11.1,0.695,0,0,0,0/0,,,,,0,0,0,44.9,Neutral Matchup,Average,50.0,2,Pitch-level Statcast · last 5 MLB games,116,4-Seam Fastball,45.689655172413794,53.0,Slider,34.48275862068966,40.0,Changeup,11.206896551724139,13.0,Sinker,8.620689655172415,10.0,,,,Unknown,,Unknown,,No,100.0,1.0,1.0,50.0,0.99,0.975,45.9,Current-Season Handedness Matchup,Pull Air %,Barrel %,Max Exit Velocity,42.5,28.9,45.1,32.8,50.0,45.0,40.4,4.26,1.0,1.004,0.985,0.94,0.944,0.887,1.035,9.1,5.95,72.0,23.7,F,Lineup unconfirmed; Limited recent games,,,,,,
167,2026-09-04,824067,2026-09-05T00:10:00Z,Scheduled,Kauffman Stadium,Toronto Blue Jays @ Kansas City Royals,Away,678218,Brandon Valenzuela,Toronto Blue Jays,Kansas City Royals,C,S,No,,81,246,217,48,9,0,8,26,21,26,1,64,0.221,0.306,0.373,0.679,5,11,8,0,0,0.0,0.0,16,36,30,4,0,0.133,0.0,334,44,3.1,21.8,52.0,22.7,25.4,9.8,22.1,55.6,27.8,4.9,2.9,4.9,43.3,81.6,16.9,0.485,70.9,94.0,110.2,21.0,9.2,7.2,50.1,30.6,Weak,2.0,Pull Power,A,Excellent HR swing plane,30.6,Weak,0.946,Good,2.3,62.5,95.8,0.375,Derived proxy,Derived proxy,Derived proxy,Derived proxy,,,11.94,3.94,Positive regression,Weak Pull Power profile. 3.1% barrel rate; 81.6 mph average exit velocity; 22.1% air-ball rate; 55.6% pull-air rate; 4.9% HR-launch rate.,0.0325,0.0323,4.05,51,23,27.1,1.88,188.0,Above normal drought,663738.0,Daniel Lynch IV,L,Switch vs LHP,51,5,61.2,3.06,1.05,5,0.73,6.71,2.77,299.0,4.3,27.1,16.1,34.9,25.1,83.5,96.0,111.3,0.498,5.0,41.5,100.0,0.602,5.2,Sinker,R,RHB vs LHP,33.2,66,0.179,0.288,0.321,0.609,2,8,16,0.0303,3.8,0.512,147,0.0272,3.9,0.534,0,0,0,0/0,,,,,0,0,0,39.5,Slight Pitcher Advantage,Below average,50.0,5,Pitch-level Statcast · last 5 MLB games,248,Sinker,35.88709677419355,89.0,Changeup,22.983870967741936,57.0,Slider,15.32258064516129,38.0,4-Seam Fastball,15.32258064516129,38.0,Knuckle Curve,10.483870967741936,26.0,Unknown,,Unknown,,No,100.0,1.0,1.0,50.0,0.983,0.968,45.8,Current-Season Handedness Matchup,Pull Air %,Barrel %,Max Exit Velocity,33.2,27.2,41.5,46.3,50.0,45.0,40.4,4.26,0.901,0.948,1.035,1.0,0.946,0.946,1.035,12.47,7.01,72.5,27.0,F,Lineup unconfirmed,,,,,,
168,2026-09-04,824387,2026-09-04T23:15:00Z,Scheduled,Progressive Field,Detroit Tigers @ Cleveland Guardians,Home,608070,José Ramírez,Cleveland Guardians,Detroit Tigers,3B,S,No,,106,459,394,95,24,0,11,61,48,56,2,60,0.241,0.334,0.386,0.72,10,44,41,12,1,0.293,0.0227,23,99,85,23,1,0.271,0.0101,675,133,2.8,29.1,59.5,19.1,21.4,12.7,29.0,56.3,32.0,6.5,3.6,6.5,62.5,84.5,21.2,0.474,69.1,96.4,110.2,11.0,14.4,4.1,57.2,32.5,Weak,2.5,Pull Power,A-,Elevated power plane,32.5,Weak,0.951,Good,0.8,57.5,96.7,0.439,Derived proxy,Derived proxy,Derived proxy,Derived proxy,,,25.4,14.4,Strong positive regression,Weak Pull Power profile. 2.8% barrel rate; 84.5 mph average exit velocity; 29.0% air-ball rate; 56.3% pull-air rate; 6.5% HR-launch rate.,0.024,0.0256,3.99,12,3,35.8,0.34,33.5,Very recent HR,808825.0,Andrew Sears,L,Switch vs LHP,2,0,6.2,6.75,1.35,1,1.35,5.4,1.35,40.0,5.0,17.5,20.0,35.7,37.5,84.6,94.2,107.5,0.523,1.0,30.6,100.0,0.505,4.5,4-Seam Fastball,R,RHB vs LHP,40.5,126,0.308,0.405,0.533,0.937,5,16,9,0.0397,5.6,0.565,17,0.0,0.0,0.365,0,0,0,0/0,,,,,0,0,0,38.9,Slight Pitcher Advantage,Below average,50.0,2,Pitch-level Statcast · last 5 MLB games,116,4-Seam Fastball,45.689655172413794,53.0,Slider,34.48275862068966,40.0,Changeup,11.206896551724139,13.0,Sinker,8.620689655172415,10.0,,,,Unknown,,Unknown,,No,100.0,1.0,1.0,50.0,0.961,0.975,49.2,Current-Season Handedness Matchup,Pull Air %,Barrel %,Max Exit Velocity,40.5,28.9,30.6,47.3,50.0,45.0,40.4,4.26,0.876,1.004,1.035,1.0,0.951,0.951,0.98,9.84,5.89,84.9,22.4,F,Lineup unconfirmed,,,,,,
169,2026-09-04,823338,2026-09-04T22:45:00Z,Scheduled,PNC Park,Los Angeles Angels @ Pittsburgh Pirates,Away,666139,Josh Lowe,Los Angeles Angels,Pittsburgh Pirates,LF,L,No,,95,290,262,55,7,0,10,25,27,23,1,81,0.21,0.274,0.351,0.625,10,29,23,5,0,0.217,0.0,24,76,65,15,2,0.231,0.0263,437,111,3.3,16.0,40.9,25.9,33.2,13.8,22.9,40.7,28.0,4.4,2.0,4.4,71.1,81.4,25.2,0.512,70.0,91.6,108.7,31.6,6.5,5.0,39.5,23.6,Weak,2.0,Contact-First Profile,A-,Elevated power plane,23.6,Weak,0.926,Good,1.8,45.8,90.9,0.453,Derived proxy,Derived proxy,Derived proxy,Derived proxy,,,14.34,4.34,Strong positive regression,Weak Contact-First Profile profile. 3.3% barrel rate; 81.4 mph average exit velocity; 22.9% air-ball rate; 40.7% pull-air rate; 4.4% HR-launch rate.,0.0345,0.0338,3.87,34,13,26.2,1.3,129.8,Near normal interval,683003.0,Jared Jones,R,LHB vs RHP,16,16,72.2,4.83,1.28,12,1.49,10.28,3.34,372.0,5.9,27.2,14.8,37.5,31.2,84.7,96.5,115.1,0.557,12.0,43.3,100.0,0.627,4.8,4-Seam Fastball,L,LHB vs RHP,40.7,239,0.219,0.29,0.386,0.676,10,21,64,0.0418,4.9,0.589,190,0.0368,4.9,0.585,3,2,0,0/2,0.0,0.333,0.0,0.333,0,1,0,42.0,Slight Pitcher Advantage,Below average,42.5,5,Pitch-level Statcast · last 5 MLB games,410,4-Seam Fastball,47.80487804878049,196.0,Slider,33.90243902439025,139.0,Changeup,11.707317073170731,48.0,Curveball,6.585365853658536,27.0,,,,Unknown,,Unknown,,No,100.0,1.0,1.0,50.0,0.987,0.984,40.1,Current-Season Handedness Matchup,Pull Air %,Barrel %,Max Exit Velocity,40.7,37.5,43.3,30.0,50.0,45.0,40.0,4.23,0.817,1.062,1.025,0.975,0.926,0.903,1.0,12.44,6.74,78.8,24.3,F,Lineup unconfirmed,,,,,,
170,2026-09-04,822852,2026-09-05T00:05:00Z,Scheduled,Globe Life Field,Tampa Bay Rays @ Texas Rangers,Home,553869,Elias Díaz,Texas Rangers,Tampa Bay Rays,C,R,No,,74,200,186,43,12,0,6,17,24,8,2,48,0.231,0.268,0.392,0.66,11,31,25,6,1,0.24,0.0323,22,63,57,12,1,0.211,0.0159,278,89,6.3,23.3,41.2,28.0,30.8,12.0,23.9,44.6,27.8,6.6,4.1,6.6,31.0,81.7,18.4,0.528,72.4,94.3,111.6,44.0,12.9,9.3,49.1,35.9,Below Average,2.5,Pull Power,A,Excellent HR swing plane,35.9,Below Average,0.961,Good,7.9,50.0,93.9,0.577,Derived proxy,Derived proxy,Derived proxy,Derived proxy,,,14.86,8.86,Strong positive regression,Below Average Pull Power profile. 6.3% barrel rate; 81.7 mph average exit velocity; 23.9% air-ball rate; 44.6% pull-air rate; 6.6% HR-launch rate.,0.03,0.0308,3.93,23,9,31.0,0.74,74.2,Recently homered,607259.0,Nick Martinez,R,RHB vs RHP,26,26,153.2,2.99,1.1,18,1.05,5.33,1.29,848.0,4.7,23.3,17.3,45.8,32.9,82.0,94.6,113.3,0.508,18.0,29.5,99.9,0.462,6.2,Sinker,R,RHB vs RHP,18.1,112,0.223,0.264,0.311,0.574,1,4,29,0.0089,1.3,0.398,249,0.0241,4.2,0.531,8,8,4,4/8,0.5,0.5,1.0,1.5,1,0,2,32.5,Slight Pitcher Advantage,Below average,70.0,5,Pitch-level Statcast · last 5 MLB games,425,Sinker,30.352941176470587,129.0,Changeup,26.352941176470587,112.0,Cutter,21.647058823529413,92.0,4-Seam Fastball,15.294117647058824,65.0,Slider,5.647058823529412,24.0,Unknown,,Unknown,,No,104.0,1.04,1.0,57.2,0.959,0.972,42.0,Current-Season Handedness Matchup,Pull Air %,Barrel %,Max Exit Velocity,18.1,34.5,29.5,53.0,57.2,45.0,40.0,4.23,0.924,0.992,0.985,1.0,0.961,0.961,1.0,11.55,6.73,71.3,20.9,F,Lineup unconfirmed,Curveball,0.7058823529411765,3.0,,,
171,2026-09-04,824797,2026-09-04T23:05:00Z,Scheduled,Oriole Park at Camden Yards,Boston Red Sox @ Baltimore Orioles,Home,683002,Gunnar Henderson,Baltimore Orioles,Boston Red Sox,SS,L,No,,140,627,558,123,24,5,22,83,57,58,9,136,0.22,0.303,0.4,0.703,12,48,44,9,2,0.205,0.0417,27,113,96,22,4,0.229,0.0354,827,148,4.5,24.4,53.3,24.0,22.7,11.6,24.9,52.6,27.9,5.9,3.4,5.9,59.7,82.5,16.6,0.525,72.4,94.7,111.3,39.7,10.6,11.8,48.4,37.2,Below Average,2.5,Pull Power,A,Excellent HR swing plane,37.2,Below Average,0.964,Good,4.7,50.0,94.1,0.529,Derived proxy,Derived proxy,Derived proxy,Derived proxy,,,37.11,15.11,Strong positive regression,Below Average Pull Power profile. 4.5% barrel rate; 82.5 mph average exit velocity; 24.9% air-ball rate; 52.6% pull-air rate; 5.9% HR-launch rate.,0.0351,0.0346,3.99,16,4,25.4,0.63,63.1,Recently homered,624133.0,Ranger Suarez,L,LHB vs LHP,24,24,123.2,3.64,1.24,8,0.58,8.66,2.84,664.0,3.2,20.5,12.2,44.1,32.1,80.4,93.2,113.6,0.477,8.0,35.1,99.9,0.553,4.4,Sinker,L,LHB vs LHP,28.5,196,0.23,0.301,0.449,0.75,8,15,40,0.0408,3.2,0.444,145,0.0207,4.5,0.518,6,6,2,2/6,0.333,0.333,0.333,0.666,0,0,2,33.5,Slight Pitcher Advantage,Below average,41.9,5,Pitch-level Statcast · last 5 MLB games,438,4-Seam Fastball,24.200913242009133,106.0,Sinker,21.91780821917808,96.0,Curveball,17.123287671232877,75.0,Cutter,15.981735159817351,70.0,Changeup,12.100456621004566,53.0,Unknown,,Unknown,,No,99.0,0.99,1.0,48.2,0.97,0.957,47.2,Current-Season Handedness Matchup,Pull Air %,Barrel %,Max Exit Velocity,28.5,28.0,35.1,46.5,48.2,45.0,40.0,4.23,1.049,0.917,0.985,1.0,0.964,0.964,1.0,13.1,7.32,85.0,24.4,F,Lineup unconfirmed,Slider,8.67579908675799,38.0,,,
172,2026-09-04,824471,2026-09-04T22:10:00Z,Scheduled,Great American Ball Park,Milwaukee Brewers @ Cincinnati Reds,Away,661388,William Contreras,Milwaukee Brewers,Cincinnati Reds,C,R,No,,130,563,500,136,24,1,13,70,72,52,4,79,0.272,0.341,0.402,0.743,11,50,45,16,1,0.356,0.02,24,109,93,26,2,0.28,0.0183,706,143,5.4,29.8,36.3,33.9,29.7,15.5,29.6,33.3,28.0,6.7,2.9,6.7,31.6,85.5,17.4,0.525,72.0,97.2,111.4,36.7,13.2,10.8,57.7,33.6,Weak,2.5,Contact-First Profile,A,Excellent HR swing plane,33.6,Weak,0.954,Good,5.6,33.3,97.4,0.529,Derived proxy,Derived proxy,Derived proxy,Derived proxy,,,34.93,21.93,Strong positive regression,Weak Contact-First Profile profile. 5.4% barrel rate; 85.5 mph average exit velocity; 29.6% air-ball rate; 33.3% pull-air rate; 6.7% HR-launch rate.,0.0231,0.0247,4.05,16,4,38.5,0.42,41.6,Recently homered,695076.0,Rhett Lowder,R,RHB vs RHP,24,21,112.0,5.14,1.46,16,1.29,7.07,3.46,617.0,5.8,25.1,16.7,40.2,32.1,84.1,95.6,116.0,0.572,16.0,27.5,99.7,0.48,4.2,Sinker,R,RHB vs RHP,29.2,399,0.27,0.336,0.404,0.74,10,35,52,0.0251,6.2,0.533,192,0.0208,4.2,0.485,2,2,0,0/2,0.0,0.0,0.0,0.0,0,0,1,31.8,Slight Pitcher Advantage,Below average,45.0,5,Pitch-level Statcast · last 5 MLB games,476,Sinker,26.680672268907564,127.0,Slider,24.57983193277311,117.0,Changeup,22.478991596638654,107.0,4-Seam Fastball,18.69747899159664,89.0,Curveball,7.563025210084033,36.0,Unknown,,Unknown,,No,112.0,1.12,1.0,71.6,0.955,0.983,39.7,Current-Season Handedness Matchup,Pull Air %,Barrel %,Max Exit Velocity,29.2,38.5,27.5,39.2,71.6,45.0,39.9,4.22,0.912,1.03,0.985,1.0,0.954,0.954,1.0,9.62,6.35,85.0,23.5,F,Lineup unconfirmed,,,,,,
173,2026-09-04,823256,2026-09-05T01:40:00Z,Scheduled,Petco Park,New York Yankees @ San Diego Padres,Away,671218,Heliot Ramos,New York Yankees,San Diego Padres,LF,R,No,,96,383,352,85,18,3,10,38,38,25,5,103,0.241,0.3,0.395,0.695,7,20,15,3,1,0.2,0.05,20,69,57,8,1,0.14,0.0145,513,78,8.0,29.7,31.5,32.9,34.9,12.6,22.6,21.4,30.7,7.3,2.7,7.3,22.1,84.3,16.2,0.624,71.8,96.9,112.2,30.1,13.6,8.6,45.9,31.5,Weak,2.5,Contact-First Profile,A,Excellent HR swing plane,31.5,Weak,0.948,Good,9.0,21.1,98.1,0.619,Derived proxy,Derived proxy,Derived proxy,Derived proxy,,,31.93,21.93,Strong positive regression,Weak Contact-First Profile profile. 8.0% barrel rate; 84.3 mph average exit velocity; 22.6% air-ball rate; 21.4% pull-air rate; 7.3% HR-launch rate.,0.0261,0.0275,4.05,3,1,35.2,0.09,8.5,Very recent HR,621111.0,Walker Buehler,R,RHB vs RHP,27,27,131.1,4.66,1.36,17,1.16,7.61,3.36,747.0,4.6,23.2,12.0,40.8,27.6,83.0,94.6,111.9,0.507,17.0,56.0,99.6,0.683,8.4,Cutter,R,RHB vs RHP,37.5,287,0.232,0.282,0.371,0.653,7,14,80,0.0244,7.3,0.592,248,0.0403,5.0,0.512,8,7,1,1/7,0.143,0.25,0.143,0.393,0,1,4,42.5,Slight Pitcher Advantage,Below average,30.0,5,Pitch-level Statcast · last 5 MLB games,415,Cutter,27.951807228915662,116.0,Sinker,25.542168674698797,106.0,4-Seam Fastball,17.59036144578313,73.0,Slider,11.08433734939759,46.0,Changeup,8.674698795180722,36.0,Unknown,,Unknown,,No,94.0,0.94,1.0,39.2,1.012,0.971,39.9,Current-Season Handedness Matchup,Pull Air %,Barrel %,Max Exit Velocity,37.5,30.6,56.0,36.8,39.2,45.0,39.9,4.22,1.095,1.01,0.985,1.0,0.948,0.948,0.98,10.68,6.83,82.5,23.1,F,Lineup unconfirmed,Sweeper,4.819277108433735,20.0,Knuckle Curve,4.337349397590361,18.0
174,2026-09-04,824797,2026-09-04T23:05:00Z,Scheduled,Oriole Park at Camden Yards,Boston Red Sox @ Baltimore Orioles,Away,680776,Jarren Duran,Boston Red Sox,Baltimore Orioles,LF,L,No,,132,549,500,102,14,4,19,61,68,35,5,152,0.204,0.26,0.362,0.622,12,41,40,6,2,0.15,0.0488,26,100,93,18,4,0.194,0.04,627,123,5.2,26.8,49.8,26.1,23.5,12.9,24.8,42.8,27.4,6.7,4.3,6.7,62.3,83.1,18.1,0.555,73.2,96.1,113.5,47.4,10.2,12.6,41.4,37.5,Below Average,2.5,Pull Power,A,Excellent HR swing plane,37.5,Below Average,0.965,Good,4.1,45.2,96.5,0.545,Derived proxy,Derived proxy,Derived proxy,Derived proxy,,,30.2,11.2,Strong positive regression,Below Average Pull Power profile. 5.2% barrel rate; 83.1 mph average exit velocity; 24.8% air-ball rate; 42.8% pull-air rate; 6.7% HR-launch rate.,0.0346,0.0341,3.87,12,3,26.3,0.46,45.6,Recently homered,669358.0,Shane Baz,R,LHB vs RHP,27,27,157.0,4.01,1.35,11,0.63,7.97,3.15,919.0,3.7,24.0,13.5,38.1,29.8,83.1,94.8,116.9,0.507,11.0,36.7,99.6,0.582,3.8,4-Seam Fastball,L,LHB vs RHP,34.8,420,0.197,0.248,0.377,0.625,17,24,118,0.0405,5.9,0.571,394,0.0178,4.1,0.53,6,5,0,0/5,0.0,0.167,0.0,0.167,0,0,1,35.5,Slight Pitcher Advantage,Below average,35.0,5,Pitch-level Statcast · last 5 MLB games,442,4-Seam Fastball,37.33031674208145,165.0,Knuckle Curve,31.67420814479638,140.0,Sinker,12.44343891402715,55.0,Changeup,10.180995475113122,45.0,Cutter,8.371040723981901,37.0,Unknown,,Unknown,,No,99.0,0.99,1.0,48.2,0.973,0.962,47.2,Current-Season Handedness Matchup,Pull Air %,Barrel %,Max Exit Velocity,34.8,26.8,36.7,45.3,48.2,45.0,39.8,4.21,1.125,0.925,1.025,0.975,0.965,0.941,1.0,12.58,7.6,85.0,24.1,F,Lineup unconfirmed,,,,,,
175,2026-09-04,823905,2026-09-05T02:10:00Z,Scheduled,UNIQLO Field at Dodger Stadium,Washington Nationals @ Los Angeles Dodgers,Home,690976,Alex Freeland,Los Angeles Dodgers,Washington Nationals,2B,S,No,,75,230,201,45,7,0,3,25,19,23,1,68,0.224,0.304,0.303,0.607,3,7,6,0,0,0.0,0.0,3,7,6,0,0,0.0,0.0,249,5,4.6,25.5,41.9,26.2,31.9,14.4,26.1,31.3,31.4,7.3,4.1,7.3,31.3,83.4,12.8,0.527,68.9,94.9,109.4,7.6,12.5,1.3,50.5,24.8,Weak,2.0,Contact-First Profile,A,Excellent HR swing plane,24.8,Weak,0.929,Good,20.0,0.0,99.1,0.927,Derived proxy,Derived proxy,Derived proxy,Derived proxy,,,10.77,7.77,Strong positive regression,Weak Contact-First Profile profile. 4.6% barrel rate; 83.4 mph average exit velocity; 26.1% air-ball rate; 31.3% pull-air rate; 7.3% HR-launch rate.,0.013,0.0195,3.87,95,39,67.0,1.42,141.8,Above normal drought,800600.0,Jackson Kent,L,Switch vs LHP,4,4,19.1,5.59,1.71,1,0.47,7.91,6.98,116.0,3.4,24.1,7.8,61.9,27.6,80.5,93.2,111.3,0.521,1.0,39.0,100.0,0.569,5.5,4-Seam Fastball,R,RHB vs LHP,34.8,32,0.133,0.188,0.167,0.354,0,2,15,0.0,3.4,0.358,67,0.0149,3.4,0.532,0,0,0,0/0,,,,,0,0,0,39.3,Slight Pitcher Advantage,Below average,50.0,4,Pitch-level Statcast · last 5 MLB games,358,4-Seam Fastball,35.19553072625698,126.0,Changeup,21.22905027932961,76.0,Slider,17.877094972067038,64.0,Curveball,13.687150837988828,49.0,Sinker,12.011173184357542,43.0,Unknown,,Unknown,,No,100.0,1.0,1.0,50.0,0.978,0.959,37.5,Current-Season Handedness Matchup,Pull Air %,Barrel %,Max Exit Velocity,34.8,33.4,39.0,62.3,50.0,45.0,39.8,4.21,1.0,0.972,1.035,0.94,0.929,0.874,1.035,7.35,5.15,69.0,21.0,F,Lineup unconfirmed; Limited recent games,,,,,,
176,2026-09-04,823824,2026-09-04T23:10:00Z,Scheduled,loanDepot park,Chicago Cubs @ Miami Marlins,Away,621438,Tyrone Taylor,Chicago Cubs,Miami Marlins,LF,R,No,,87,214,194,55,12,0,11,33,36,13,2,37,0.284,0.333,0.515,0.848,8,29,27,14,1,0.519,0.0345,18,48,43,19,1,0.442,0.0208,292,74,4.5,20.4,50.0,29.6,20.4,17.4,30.0,59.8,31.4,5.1,4.3,5.1,74.7,80.1,20.5,0.516,69.3,93.0,108.4,15.0,10.2,4.0,50.6,31.2,Weak,2.0,Pull Power,A-,Elevated power plane,31.2,Weak,0.947,Good,1.4,59.1,91.2,0.484,Derived proxy,Derived proxy,Derived proxy,Derived proxy,,,13.03,2.03,Positive regression,Weak Pull Power profile. 4.5% barrel rate; 80.1 mph average exit velocity; 30.0% air-ball rate; 59.8% pull-air rate; 5.1% HR-launch rate.,0.0514,0.0444,4.15,5,2,17.6,0.28,28.4,Very recent HR,676083.0,Janson Junk,R,RHB vs RHP,21,20,103.0,4.11,1.3,12,1.05,6.12,2.45,635.0,4.3,23.9,11.7,47.2,29.3,83.0,95.2,114.2,0.497,12.0,34.0,99.9,0.531,5.0,4-Seam Fastball,R,RHB vs RHP,36.2,113,0.24,0.312,0.43,0.742,5,9,17,0.0442,6.9,0.499,162,0.037,4.3,0.45,0,0,0,0/0,,,,,0,0,0,38.2,Slight Pitcher Advantage,Below average,50.0,5,Pitch-level Statcast · last 5 MLB games,311,4-Seam Fastball,28.938906752411576,90.0,Slider,18.327974276527332,57.0,Sweeper,17.363344051446944,54.0,Changeup,17.041800643086816,53.0,Curveball,13.82636655948553,43.0,Unknown,,Unknown,,No,94.0,0.94,1.0,39.2,0.968,0.968,46.9,Current-Season Handedness Matchup,Pull Air %,Barrel %,Max Exit Velocity,36.2,34.0,34.0,36.4,39.2,45.0,39.7,4.21,0.855,0.992,0.985,1.0,0.947,0.947,0.98,17.19,7.72,71.1,25.3,F,Lineup unconfirmed,Sinker,4.501607717041801,14.0,,,
177,2026-09-04,824146,2026-09-05T00:10:00Z,Scheduled,Daikin Park,Arizona Diamondbacks @ Houston Astros,Home,673237,Yainer Diaz,Houston Astros,Arizona Diamondbacks,C,R,No,,77,282,268,69,12,0,10,30,33,10,2,45,0.257,0.287,0.414,0.701,9,30,28,8,2,0.286,0.0667,20,57,53,13,2,0.245,0.0351,378,79,3.1,21.5,41.7,30.2,28.1,10.4,20.8,35.4,24.0,4.3,3.6,4.3,85.0,82.2,15.3,0.44,71.2,93.4,109.4,21.2,7.3,6.5,54.0,23.4,Weak,2.0,Contact-First Profile,A,Excellent HR swing plane,23.4,Weak,0.926,Good,2.5,35.7,92.1,0.382,Derived proxy,Derived proxy,Derived proxy,Derived proxy,,,11.7,1.7,Near expected,Weak Contact-First Profile profile. 3.1% barrel rate; 82.2 mph average exit velocity; 20.8% air-ball rate; 35.4% pull-air rate; 4.3% HR-launch rate.,0.0355,0.0344,3.93,19,6,26.8,0.71,70.9,Recently homered,518876.0,Merrill Kelly,R,RHB vs RHP,25,25,141.2,5.08,1.48,26,1.65,6.04,4.07,814.0,7.9,28.7,15.0,47.5,31.2,83.8,96.8,114.6,0.65,26.0,23.6,99.6,0.468,2.9,Changeup,R,RHB vs RHP,39.4,202,0.259,0.282,0.435,0.717,9,6,27,0.0446,3.7,0.515,241,0.0332,6.9,0.602,2,2,1,1/2,0.5,0.5,1.0,1.5,0,0,0,36.5,Slight Pitcher Advantage,Below average,52.5,5,Pitch-level Statcast · last 5 MLB games,436,4-Seam Fastball,31.422018348623855,137.0,Changeup,30.504587155963304,133.0,Curveball,11.238532110091743,49.0,Cutter,8.944954128440367,39.0,Slider,8.944954128440367,39.0,Unknown,,Unknown,,No,100.0,1.0,1.0,50.0,0.947,1.004,36.8,Current-Season Handedness Matchup,Pull Air %,Barrel %,Max Exit Velocity,39.4,55.2,23.6,24.1,50.0,45.0,39.7,4.21,1.209,1.088,0.985,1.0,0.926,0.926,1.0,12.86,8.87,76.7,25.7,F,Lineup unconfirmed,Sinker,8.486238532110091,37.0,Pitch Out,0.45871559633027525,2.0
178,2026-09-04,823579,2026-09-04T23:10:00Z,Scheduled,Citi Field,San Francisco Giants @ New York Mets,Away,813841,Jonah Cox,San Francisco Giants,New York Mets,CF,R,No,,41,80,72,20,2,2,4,14,10,5,0,34,0.278,0.325,0.528,0.853,11,34,29,10,3,0.345,0.0882,17,51,46,13,3,0.283,0.0588,76,50,7.1,26.9,21.7,32.9,45.4,19.1,27.9,31.2,42.8,13.5,7.8,13.5,78.2,80.6,20.1,0.738,64.9,94.5,104.4,7.0,19.8,1.4,49.3,35.7,Below Average,2.5,Contact-First Profile,A-,Elevated power plane,35.7,Below Average,0.96,Good,8.0,38.5,95.2,0.688,Derived proxy,Derived proxy,Derived proxy,Derived proxy,,,4.72,0.72,Near expected,Below Average Contact-First Profile profile. 7.1% barrel rate; 80.6 mph average exit velocity; 27.9% air-ball rate; 31.2% pull-air rate; 13.5% HR-launch rate.,0.05,0.0392,4.15,9,3,18.0,0.5,50.0,Recently homered,690997.0,Nolan McLean,R,RHB vs RHP,27,27,155.2,3.06,1.12,15,0.87,9.94,3.53,770.0,3.6,21.2,12.3,40.4,29.0,81.4,93.6,112.8,0.483,15.0,54.1,99.8,0.693,6.9,Sinker,R,RHB vs RHP,32.7,27,0.292,0.32,0.458,0.778,1,1,11,0.037,3.7,0.621,259,0.0154,2.8,0.375,0,0,0,0/0,,,,,0,0,0,43.7,Neutral Matchup,Average,50.0,5,Pitch-level Statcast · last 5 MLB games,467,Sinker,35.54603854389722,166.0,4-Seam Fastball,18.41541755888651,86.0,Curveball,14.5610278372591,68.0,Cutter,14.132762312633833,66.0,Slider,7.494646680942184,35.0,Unknown,,Unknown,,No,100.0,1.0,1.0,50.0,1.008,0.961,39.2,Current-Season Handedness Matchup,Pull Air %,Barrel %,Max Exit Velocity,32.7,26.2,54.1,45.1,50.0,45.0,39.7,4.2,1.35,0.963,0.985,1.03,0.96,0.989,1.0,15.29,10.64,61.8,28.7,F,Lineup unconfirmed,Sweeper,6.638115631691649,31.0,Changeup,3.2119914346895073,15.0
179,2026-09-04,824311,2026-09-05T00:40:00Z,Scheduled,Coors Field,St. Louis Cardinals @ Colorado Rockies,Away,701675,Nathan Church,St. Louis Cardinals,Colorado Rockies,CF,L,No,,121,395,364,88,11,2,10,46,47,21,3,71,0.242,0.284,0.365,0.649,11,40,37,11,1,0.297,0.025,25,79,72,19,1,0.264,0.0127,610,114,3.3,16.0,39.3,32.4,28.3,13.6,23.5,37.4,31.2,4.7,3.1,4.7,41.2,79.3,21.7,0.416,67.3,90.5,108.2,8.9,7.7,2.3,36.5,17.9,Weak,1.5,Contact-First Profile,A-,Elevated power plane,17.9,Weak,0.91,Good,2.6,34.4,90.0,0.355,Derived proxy,Derived proxy,Derived proxy,Derived proxy,,,19.64,9.64,Strong positive regression,Weak Contact-First Profile profile. 3.3% barrel rate; 79.3 mph average exit velocity; 23.5% air-ball rate; 37.4% pull-air rate; 4.7% HR-launch rate.,0.0253,0.0269,3.87,30,8,36.4,0.82,82.4,Near normal interval,663372.0,Ryan Feltner,R,LHB vs RHP,21,20,101.2,5.84,1.55,19,1.68,6.73,3.98,583.0,6.9,24.7,16.5,50.9,27.4,82.8,95.0,111.1,0.592,19.0,25.1,99.9,0.451,4.5,4-Seam Fastball,L,LHB vs RHP,33.3,309,0.248,0.288,0.381,0.669,8,16,57,0.0259,3.5,0.457,243,0.037,7.4,0.591,2,1,0,0/1,0.0,0.0,0.0,0.0,0,0,1,32.8,Slight Pitcher Advantage,Below average,45.0,5,Pitch-level Statcast · last 5 MLB games,441,4-Seam Fastball,30.158730158730158,133.0,Changeup,23.356009070294785,103.0,Slider,17.687074829931973,78.0,Sinker,15.873015873015873,70.0,Curveball,7.936507936507937,35.0,Unknown,,Unknown,,No,118.0,1.18,1.0,82.4,0.95,0.994,34.6,Current-Season Handedness Matchup,Pull Air %,Barrel %,Max Exit Velocity,33.3,48.9,25.1,19.0,82.4,45.0,39.6,4.2,0.889,1.093,1.025,0.975,0.91,0.887,1.0,10.01,6.75,83.3,22.8,F,Lineup unconfirmed,Sweeper,4.988662131519274,22.0,,,
180,2026-09-04,824387,2026-09-04T23:15:00Z,Scheduled,Progressive Field,Detroit Tigers @ Cleveland Guardians,Home,800050,Chase DeLauter,Cleveland Guardians,Detroit Tigers,RF,L,No,,118,493,440,129,26,3,13,55,60,50,0,73,0.293,0.363,0.455,0.818,10,36,34,13,0,0.382,0.0,21,84,78,29,1,0.372,0.0119,655,115,3.3,27.6,49.6,22.0,28.3,10.4,23.8,42.8,29.8,4.4,2.8,4.4,46.9,84.5,15.3,0.497,69.3,96.3,113.2,15.6,12.1,5.5,42.4,28.4,Weak,2.0,Pull Power,A,Excellent HR swing plane,28.4,Weak,0.94,Good,2.6,50.0,95.8,0.477,Derived proxy,Derived proxy,Derived proxy,Derived proxy,,,23.16,10.16,Strong positive regression,Weak Pull Power profile. 3.3% barrel rate; 84.5 mph average exit velocity; 23.8% air-ball rate; 42.8% pull-air rate; 4.4% HR-launch rate.,0.0264,0.0275,4.09,56,16,33.8,1.65,165.5,Above normal drought,808825.0,Andrew Sears,L,LHB vs LHP,2,0,6.2,6.75,1.35,1,1.35,5.4,1.35,40.0,5.0,17.5,20.0,35.7,37.5,84.6,94.2,107.5,0.523,1.0,38.2,100.0,0.561,5.6,4-Seam Fastball,L,LHB vs LHP,31.5,150,0.343,0.393,0.482,0.875,2,12,29,0.0133,3.0,0.461,11,0.0909,11.1,0.695,0,0,0,0/0,,,,,0,0,0,37.5,Slight Pitcher Advantage,Below average,50.0,2,Pitch-level Statcast · last 5 MLB games,116,4-Seam Fastball,45.689655172413794,53.0,Slider,34.48275862068966,40.0,Changeup,11.206896551724139,13.0,Sinker,8.620689655172415,10.0,,,,Unknown,,Unknown,,No,100.0,1.0,1.0,50.0,0.976,0.975,44.2,Current-Season Handedness Matchup,Pull Air %,Barrel %,Max Exit Velocity,31.5,28.9,38.2,45.1,50.0,45.0,39.6,4.2,0.758,1.004,0.985,1.0,0.94,0.94,1.035,10.77,5.71,83.7,27.5,F,Lineup unconfirmed,,,,,,
181,2026-09-04,824471,2026-09-04T22:10:00Z,Scheduled,Great American Ball Park,Milwaukee Brewers @ Cincinnati Reds,Home,695490,Edwin Arroyo,Cincinnati Reds,Milwaukee Brewers,2B,S,No,,49,158,146,33,4,1,0,14,5,6,3,37,0.226,0.269,0.267,0.536,5,16,15,1,0,0.067,0.0,5,16,15,1,0,0.067,0.0,202,18,3.9,20.7,49.6,23.0,25.3,12.2,26.9,49.5,33.9,7.9,5.6,7.9,0.0,83.6,15.5,0.449,66.6,93.5,107.3,5.1,10.9,0.7,40.4,28.2,Weak,2.0,Pull Power,A,Excellent HR swing plane,28.2,Weak,0.939,Good,5.6,75.0,94.6,0.366,Derived proxy,Derived proxy,Derived proxy,Derived proxy,,,8.89,8.89,Strong positive regression,Weak Pull Power profile. 3.9% barrel rate; 83.6 mph average exit velocity; 26.9% air-ball rate; 49.5% pull-air rate; 7.9% HR-launch rate.,0.0,0.0138,3.81,146,49,,,,No season HR,675660.0,Shane Drohan,L,Switch vs LHP,27,16,110.1,3.75,1.3,10,0.82,8.97,3.02,557.0,5.4,25.7,16.0,37.2,30.9,82.4,95.0,113.6,0.49,10.0,21.5,100.0,0.438,3.3,4-Seam Fastball,R,RHB vs LHP,35.5,41,0.256,0.268,0.333,0.602,0,1,10,0.0,4.2,0.531,321,0.0312,5.6,0.494,2,2,1,1/2,0.5,0.5,0.5,1.0,0,0,1,33.7,Slight Pitcher Advantage,Below average,50.9,5,Pitch-level Statcast · last 5 MLB games,400,4-Seam Fastball,23.25,93.0,Slider,21.5,86.0,Sinker,20.25,81.0,Cutter,15.5,62.0,Curveball,12.25,49.0,Unknown,,Unknown,,No,112.0,1.12,1.0,71.6,0.943,0.979,44.1,Current-Season Handedness Matchup,Pull Air %,Barrel %,Max Exit Velocity,35.5,31.2,21.5,51.2,71.6,45.0,39.5,4.2,0.857,0.955,1.035,0.94,0.939,0.883,1.0,5.16,4.11,64.6,15.6,F,Lineup unconfirmed,Changeup,7.25,29.0,,,
182,2026-09-04,823338,2026-09-04T22:45:00Z,Scheduled,PNC Park,Los Angeles Angels @ Pittsburgh Pirates,Home,694378,Jacob Gonzalez,Pittsburgh Pirates,Los Angeles Angels,SS,L,No,,69,200,184,41,9,0,6,20,30,10,4,39,0.223,0.276,0.37,0.646,9,21,19,4,0,0.211,0.0,22,56,52,10,1,0.192,0.0179,319,91,3.0,17.5,54.4,20.4,24.7,11.0,22.0,52.8,29.2,6.0,2.4,6.0,53.0,80.3,23.1,0.49,68.9,91.7,109.2,14.9,9.2,3.1,53.8,27.5,Weak,2.0,Pull Power,A-,Elevated power plane,27.5,Weak,0.937,Good,2.2,55.6,90.1,0.468,Derived proxy,Derived proxy,Derived proxy,Derived proxy,,,11.31,5.31,Strong positive regression,Weak Pull Power profile. 3.0% barrel rate; 80.3 mph average exit velocity; 22.0% air-ball rate; 52.8% pull-air rate; 6.0% HR-launch rate.,0.03,0.0308,3.81,34,15,30.7,1.11,110.9,Near normal interval,696270.0,Ryan Johnson,R,LHB vs RHP,17,14,72.1,5.47,1.42,16,1.99,6.47,4.48,421.0,6.2,24.2,19.0,39.8,29.9,82.4,94.8,113.6,0.572,16.0,24.9,100.0,0.43,5.4,Cutter,L,LHB vs RHP,37.7,166,0.218,0.255,0.365,0.62,6,7,31,0.0361,3.3,0.522,185,0.0486,6.2,0.54,0,0,0,0/0,,,,,0,0,0,35.7,Slight Pitcher Advantage,Below average,50.0,5,Pitch-level Statcast · last 5 MLB games,423,Cutter,48.463356973995275,205.0,Sweeper,25.53191489361702,108.0,Split-Finger,15.130023640661939,64.0,Sinker,10.874704491725769,46.0,,,,Unknown,,Unknown,,No,100.0,1.0,1.0,50.0,0.95,0.987,45.3,Current-Season Handedness Matchup,Pull Air %,Barrel %,Max Exit Velocity,37.7,38.6,24.9,34.6,50.0,45.0,39.5,4.19,0.782,1.142,1.025,0.975,0.937,0.914,1.0,11.22,6.3,70.8,21.6,F,Lineup unconfirmed,,,,,,
183,2026-09-04,823579,2026-09-04T23:10:00Z,Scheduled,Citi Field,San Francisco Giants @ New York Mets,Away,687529,Grant McCray,San Francisco Giants,New York Mets,CF,L,No,,29,62,51,6,1,1,1,9,2,8,0,18,0.118,0.237,0.235,0.472,6,15,14,3,0,0.214,0.0,11,25,23,3,0,0.13,0.0,65,31,7.4,16.8,40.6,40.2,19.2,8.3,20.8,60.5,22.8,6.3,4.3,6.3,16.2,77.9,18.6,0.598,65.7,92.4,109.7,18.1,11.5,3.9,38.4,31.8,Weak,2.5,Pull Power,A,Excellent HR swing plane,31.8,Weak,0.949,Good,9.7,66.7,92.7,0.697,Derived proxy,Derived proxy,Derived proxy,Derived proxy,,,4.08,3.08,Positive regression,Weak Pull Power profile. 7.4% barrel rate; 77.9 mph average exit velocity; 20.8% air-ball rate; 60.5% pull-air rate; 6.3% HR-launch rate.,0.0161,0.0266,3.87,43,20,51.0,0.84,84.3,Near normal interval,690997.0,Nolan McLean,R,LHB vs RHP,27,27,155.2,3.06,1.12,15,0.87,9.94,3.53,770.0,3.6,21.2,12.3,40.4,29.0,81.4,93.6,112.8,0.483,15.0,22.0,85.5,0.465,2.2,Sinker,L,LHB vs RHP,39.6,46,0.105,0.209,0.263,0.472,1,5,12,0.0217,8.3,0.584,386,0.0285,4.2,0.553,0,0,0,0/0,,,,,0,0,0,35.5,Slight Pitcher Advantage,Below average,50.0,5,Pitch-level Statcast · last 5 MLB games,467,Sinker,35.54603854389722,166.0,4-Seam Fastball,18.41541755888651,86.0,Curveball,14.5610278372591,68.0,Cutter,14.132762312633833,66.0,Slider,7.494646680942184,35.0,Unknown,,Unknown,,No,100.0,1.0,1.0,50.0,0.944,0.961,50.8,Current-Season Handedness Matchup,Pull Air %,Barrel %,Max Exit Velocity,39.6,26.2,22.0,56.4,50.0,45.0,39.5,4.19,0.762,0.963,1.025,0.94,0.949,0.892,1.0,9.91,5.06,58.4,16.7,F,Small season sample; Lineup unconfirmed,Sweeper,6.638115631691649,31.0,Changeup,3.2119914346895073,15.0
184,2026-09-04,823579,2026-09-04T23:10:00Z,Scheduled,Citi Field,San Francisco Giants @ New York Mets,Home,683146,Brett Baty,New York Mets,San Francisco Giants,3B,L,No,,124,417,373,83,18,1,8,45,43,36,3,116,0.223,0.293,0.34,0.633,10,22,20,7,0,0.35,0.0,20,54,49,12,1,0.245,0.0185,523,66,5.9,26.0,38.6,27.2,34.2,14.8,28.4,32.0,28.8,5.8,4.0,5.8,27.0,84.0,16.8,0.58,73.6,96.3,114.0,53.8,13.3,11.2,45.5,34.2,Weak,2.5,Contact-First Profile,A,Excellent HR swing plane,34.2,Weak,0.956,Good,7.6,28.6,98.0,0.625,Derived proxy,Derived proxy,Derived proxy,Derived proxy,,,26.07,18.07,Strong positive regression,Weak Contact-First Profile profile. 5.9% barrel rate; 84.0 mph average exit velocity; 28.4% air-ball rate; 32.0% pull-air rate; 5.8% HR-launch rate.,0.0192,0.022,3.87,34,15,46.6,0.73,72.9,Recently homered,683363.0,Matt Wilkinson,L,LHB vs LHP,3,3,11.2,4.63,1.11,1,0.77,4.63,1.54,69.0,2.9,30.4,17.4,45.5,27.5,84.2,95.7,108.2,0.491,1.0,40.5,100.0,0.587,5.4,4-Seam Fastball,L,LHB vs LHP,29.2,80,0.171,0.275,0.229,0.504,0,9,27,0.0,3.4,0.461,9,0.0,0.0,0.251,0,0,0,0/0,,,,,0,0,0,37.3,Slight Pitcher Advantage,Below average,50.0,3,Pitch-level Statcast · last 5 MLB games,181,4-Seam Fastball,54.69613259668508,99.0,Changeup,24.30939226519337,44.0,Slider,15.469613259668508,28.0,Cutter,5.524861878453039,10.0,,,,Unknown,,Unknown,,No,100.0,1.0,1.0,50.0,0.981,0.954,41.4,Current-Season Handedness Matchup,Pull Air %,Barrel %,Max Exit Velocity,29.2,32.2,40.5,40.5,50.0,45.0,39.5,4.19,0.828,0.992,0.985,0.94,0.956,0.898,1.0,8.27,4.86,81.3,19.2,F,Lineup unconfirmed,,,,,,
185,2026-09-04,824424,2026-09-04T18:10:00Z,Scheduled,Progressive Field,Detroit Tigers @ Cleveland Guardians,Home,608070,José Ramírez,Cleveland Guardians,Detroit Tigers,3B,S,No,,106,459,394,95,24,0,11,61,48,56,2,60,0.241,0.334,0.386,0.72,10,44,41,12,1,0.293,0.0227,23,99,85,23,1,0.271,0.0101,675,133,2.8,29.1,59.5,19.1,21.4,12.7,29.0,56.3,32.0,6.5,3.6,6.5,62.5,84.5,21.2,0.474,69.1,96.4,110.2,11.0,14.4,4.1,57.2,32.5,Weak,2.5,Pull Power,A-,Elevated power plane,32.5,Weak,0.951,Good,0.8,57.5,96.7,0.439,Derived proxy,Derived proxy,Derived proxy,Derived proxy,,,25.4,14.4,Strong positive regression,Weak Pull Power profile. 2.8% barrel rate; 84.5 mph average exit velocity; 29.0% air-ball rate; 56.3% pull-air rate; 6.5% HR-launch rate.,0.024,0.0256,3.99,12,3,35.8,0.34,33.5,Very recent HR,672456.0,Keider Montero,R,Switch vs RHP,28,22,139.0,3.24,0.99,14,0.91,5.96,2.01,738.0,4.6,24.7,14.8,46.6,26.0,83.1,95.0,112.4,0.463,14.0,27.4,99.7,0.464,5.0,4-Seam Fastball,L,LHB vs RHP,25.0,328,0.216,0.309,0.333,0.642,6,40,50,0.0183,3.2,0.461,316,0.0285,5.2,0.504,3,3,0,0/3,0.0,0.0,0.0,0.0,0,0,1,29.3,Strong Pitcher Advantage,Below average,42.5,5,Pitch-level Statcast · last 5 MLB games,407,4-Seam Fastball,31.44963144963145,128.0,Slider,20.884520884520885,85.0,Sinker,18.91891891891892,77.0,Changeup,15.97051597051597,65.0,Knuckle Curve,12.776412776412776,52.0,Unknown,,Unknown,,No,100.0,1.0,1.0,50.0,0.955,0.971,44.8,Current-Season Handedness Matchup,Pull Air %,Barrel %,Max Exit Velocity,25.0,33.6,27.4,47.3,50.0,45.0,39.5,4.19,0.876,0.97,1.035,1.0,0.951,0.951,0.98,9.84,5.7,84.9,22.1,F,Lineup unconfirmed,,,,,,
186,2026-09-04,823579,2026-09-04T23:10:00Z,Scheduled,Citi Field,San Francisco Giants @ New York Mets,Away,678545,Osleivis Basabe,San Francisco Giants,New York Mets,2B,R,No,,31,104,95,20,2,0,4,11,10,4,3,18,0.211,0.262,0.358,0.62,11,32,27,4,1,0.148,0.0312,24,81,74,14,1,0.189,0.0123,128,92,5.2,25.9,42.3,39.5,16.8,19.3,30.1,49.8,29.8,6.5,5.1,6.5,44.2,82.9,14.0,0.431,69.9,95.3,110.0,28.4,10.5,7.1,56.4,34.7,Weak,2.5,Pull Power,A,Excellent HR swing plane,34.7,Weak,0.957,Good,3.3,51.9,95.1,0.384,Derived proxy,Derived proxy,Derived proxy,Derived proxy,,,6.34,2.34,Positive regression,Weak Pull Power profile. 5.2% barrel rate; 82.9 mph average exit velocity; 30.1% air-ball rate; 49.8% pull-air rate; 6.5% HR-launch rate.,0.0385,0.035,3.87,3,3,23.8,0.13,12.6,Very recent HR,690997.0,Nolan McLean,R,RHB vs RHP,27,27,155.2,3.06,1.12,15,0.87,9.94,3.53,770.0,3.6,21.2,12.3,40.4,29.0,81.4,93.6,112.8,0.483,15.0,31.8,99.8,0.491,5.9,Sinker,R,RHB vs RHP,38.5,63,0.276,0.306,0.517,0.824,4,2,11,0.0635,11.0,0.561,259,0.0154,2.8,0.375,0,0,0,0/0,,,,,0,0,0,38.5,Slight Pitcher Advantage,Below average,50.0,5,Pitch-level Statcast · last 5 MLB games,467,Sinker,35.54603854389722,166.0,4-Seam Fastball,18.41541755888651,86.0,Curveball,14.5610278372591,68.0,Cutter,14.132762312633833,66.0,Slider,7.494646680942184,35.0,Unknown,,Unknown,,No,100.0,1.0,1.0,50.0,0.964,0.961,48.1,Current-Season Handedness Matchup,Pull Air %,Barrel %,Max Exit Velocity,38.5,26.2,31.8,46.8,50.0,45.0,39.4,4.19,0.877,0.963,0.985,0.975,0.957,0.933,0.98,12.88,6.45,65.9,19.5,F,Lineup unconfirmed,Sweeper,6.638115631691649,31.0,Changeup,3.2119914346895073,15.0
187,2026-09-04,824424,2026-09-04T18:10:00Z,Scheduled,Progressive Field,Detroit Tigers @ Cleveland Guardians,Home,800050,Chase DeLauter,Cleveland Guardians,Detroit Tigers,RF,L,No,,118,493,440,129,26,3,13,55,60,50,0,73,0.293,0.363,0.455,0.818,10,36,34,13,0,0.382,0.0,21,84,78,29,1,0.372,0.0119,655,115,3.3,27.6,49.6,22.0,28.3,10.4,23.8,42.8,29.8,4.4,2.8,4.4,46.9,84.5,15.3,0.497,69.3,96.3,113.2,15.6,12.1,5.5,42.4,28.4,Weak,2.0,Pull Power,A,Excellent HR swing plane,28.4,Weak,0.94,Good,2.6,50.0,95.8,0.477,Derived proxy,Derived proxy,Derived proxy,Derived proxy,,,23.16,10.16,Strong positive regression,Weak Pull Power profile. 3.3% barrel rate; 84.5 mph average exit velocity; 23.8% air-ball rate; 42.8% pull-air rate; 4.4% HR-launch rate.,0.0264,0.0275,4.09,56,16,33.8,1.65,165.5,Above normal drought,672456.0,Keider Montero,R,LHB vs RHP,28,22,139.0,3.24,0.99,14,0.91,5.96,2.01,738.0,4.6,24.7,14.8,46.6,26.0,83.1,95.0,112.4,0.463,14.0,28.4,99.7,0.503,3.5,4-Seam Fastball,L,LHB vs RHP,31.7,338,0.272,0.352,0.443,0.795,11,38,44,0.0325,4.0,0.528,316,0.0285,5.2,0.504,6,6,2,2/6,0.333,0.333,0.333,0.666,0,0,1,32.6,Slight Pitcher Advantage,Below average,41.9,5,Pitch-level Statcast · last 5 MLB games,407,4-Seam Fastball,31.44963144963145,128.0,Slider,20.884520884520885,85.0,Sinker,18.91891891891892,77.0,Changeup,15.97051597051597,65.0,Knuckle Curve,12.776412776412776,52.0,Unknown,,Unknown,,No,100.0,1.0,1.0,50.0,0.957,0.971,44.2,Current-Season Handedness Matchup,Pull Air %,Barrel %,Max Exit Velocity,31.7,33.6,28.4,45.1,50.0,45.0,39.2,4.17,0.758,0.97,1.025,1.0,0.94,0.94,1.035,10.77,5.64,83.7,27.4,F,Lineup unconfirmed,,,,,,
188,2026-09-04,824067,2026-09-05T00:10:00Z,Scheduled,Kauffman Stadium,Toronto Blue Jays @ Kansas City Royals,Home,668942,Josh Rojas,Kansas City Royals,Toronto Blue Jays,3B,L,No,,36,97,91,23,4,0,2,10,13,4,0,15,0.253,0.284,0.363,0.647,6,17,15,6,1,0.4,0.0588,10,32,30,9,1,0.3,0.0312,128,43,0.5,17.9,49.5,21.5,29.0,17.6,29.1,47.8,27.7,5.2,2.0,5.2,200.0,80.0,21.8,0.341,66.1,92.2,104.1,4.0,10.7,1.1,48.0,19.6,Weak,2.0,Pull Power,A-,Elevated power plane,19.6,Weak,0.915,Good,0.0,58.3,91.7,0.358,Derived proxy,Derived proxy,Derived proxy,Derived proxy,,,2.42,0.42,Near expected,Weak Pull Power profile. 0.5% barrel rate; 80.0 mph average exit velocity; 29.1% air-ball rate; 47.8% pull-air rate; 5.2% HR-launch rate.,0.0206,0.0269,3.81,6,3,45.5,0.13,13.2,Very recent HR,592791.0,Jameson Taillon,R,LHB vs RHP,17,17,84.0,5.68,1.37,26,2.79,8.04,3.43,449.0,8.5,24.3,21.6,48.0,33.6,82.8,95.4,112.4,0.681,26.0,6.3,99.7,0.313,0.7,4-Seam Fastball,L,LHB vs RHP,41.4,75,0.268,0.297,0.366,0.663,1,3,11,0.0133,1.0,0.359,189,0.0741,9.2,0.717,0,0,0,0/0,,,,,0,0,0,30.8,Slight Pitcher Advantage,Below average,50.0,5,Pitch-level Statcast · last 5 MLB games,320,4-Seam Fastball,23.4375,75.0,Changeup,18.75,60.0,Cutter,17.1875,55.0,Curveball,16.25,52.0,Sweeper,14.6875,47.0,Unknown,,Unknown,,No,100.0,1.0,1.0,50.0,0.92,1.01,38.2,Current-Season Handedness Matchup,Pull Air %,Barrel %,Max Exit Velocity,41.4,58.2,6.3,37.5,50.0,45.0,39.2,4.17,1.29,1.2,1.025,0.975,0.915,0.892,0.98,9.87,7.95,61.5,21.3,F,Lineup unconfirmed,Sinker,9.6875,31.0,,,
189,2026-09-04,824146,2026-09-05T00:10:00Z,Scheduled,Daikin Park,Arizona Diamondbacks @ Houston Astros,Away,814439,Ryan Waldschmidt,Arizona Diamondbacks,Houston Astros,CF,R,No,,72,256,227,62,15,1,3,27,22,19,4,73,0.273,0.336,0.388,0.724,10,30,27,6,1,0.222,0.0333,23,81,66,14,2,0.212,0.0247,270,84,3.9,18.0,41.6,29.0,29.3,16.2,36.3,40.3,37.1,3.7,3.0,3.7,41.1,80.8,16.6,0.518,69.9,92.4,108.3,21.5,11.3,3.0,38.9,24.8,Weak,2.0,Contact-First Profile,A,Excellent HR swing plane,24.8,Weak,0.929,Good,3.6,40.0,91.4,0.47,Derived proxy,Derived proxy,Derived proxy,Derived proxy,,,9.57,6.57,Strong positive regression,Weak Contact-First Profile profile. 3.9% barrel rate; 80.8 mph average exit velocity; 36.3% air-ball rate; 40.3% pull-air rate; 3.7% HR-launch rate.,0.0117,0.0182,4.05,17,6,75.7,0.22,22.5,Very recent HR,664299.0,Cristian Javier,R,RHB vs RHP,13,8,44.2,6.45,1.63,8,1.61,8.46,3.83,281.0,4.3,20.3,20.3,46.8,32.4,82.3,93.7,110.8,0.58,8.0,39.1,97.8,0.576,5.3,4-Seam Fastball,R,RHB vs RHP,40.1,181,0.252,0.307,0.368,0.675,3,10,58,0.0166,4.3,0.589,112,0.0536,5.1,0.692,0,0,0,0/0,,,,,0,0,0,41.7,Slight Pitcher Advantage,Below average,50.0,5,Pitch-level Statcast · last 5 MLB games,426,4-Seam Fastball,48.35680751173709,206.0,Sweeper,27.934272300469484,119.0,Changeup,15.492957746478874,66.0,Cutter,7.042253521126761,30.0,Knuckle Curve,0.9389671361502347,4.0,Unknown,,Unknown,,No,100.0,1.0,1.0,50.0,0.978,0.968,41.7,Current-Season Handedness Matchup,Pull Air %,Barrel %,Max Exit Velocity,40.1,35.0,39.1,28.9,50.0,45.0,39.2,4.17,1.247,1.052,0.985,1.0,0.929,0.929,0.98,7.17,5.87,76.8,21.3,F,Lineup unconfirmed,Pitch Out,0.2347417840375587,1.0,,,
190,2026-09-04,824067,2026-09-05T00:10:00Z,Scheduled,Kauffman Stadium,Toronto Blue Jays @ Kansas City Royals,Away,669701,Josh Smith,Toronto Blue Jays,Kansas City Royals,2B,L,No,,61,194,168,37,3,1,4,18,12,22,1,42,0.22,0.313,0.321,0.634,2,7,4,1,1,0.25,0.1429,14,37,29,8,3,0.276,0.0811,248,32,7.8,19.4,42.8,28.3,28.9,16.0,28.2,43.1,30.4,6.1,2.9,6.1,46.2,77.5,14.0,0.574,65.7,92.0,107.2,2.7,9.3,0.6,35.9,27.0,Weak,2.0,Pull Power,A,Excellent HR swing plane,27.0,Weak,0.936,Good,12.5,50.0,90.7,0.826,Derived proxy,Derived proxy,Derived proxy,Derived proxy,,,15.16,11.16,Strong positive regression,Weak Pull Power profile. 7.8% barrel rate; 77.5 mph average exit velocity; 28.2% air-ball rate; 43.1% pull-air rate; 6.1% HR-launch rate.,0.0206,0.025,3.93,2,1,42.0,0.05,4.8,Very recent HR,663738.0,Daniel Lynch IV,L,LHB vs LHP,51,5,61.2,3.06,1.05,5,0.73,6.71,2.77,299.0,4.3,27.1,16.1,34.9,25.1,83.5,96.0,111.3,0.498,5.0,36.0,100.0,0.496,7.7,Sinker,L,LHB vs LHP,29.8,30,0.111,0.143,0.111,0.254,0,1,12,0.0,3.2,0.329,103,0.0097,5.0,0.447,2,2,0,0/2,0.0,0.0,0.0,0.0,0,0,1,35.0,Slight Pitcher Advantage,Below average,45.0,5,Pitch-level Statcast · last 5 MLB games,248,Sinker,35.88709677419355,89.0,Changeup,22.983870967741936,57.0,Slider,15.32258064516129,38.0,4-Seam Fastball,15.32258064516129,38.0,Knuckle Curve,10.483870967741936,26.0,Unknown,,Unknown,,No,100.0,1.0,1.0,50.0,0.972,0.968,42.6,Current-Season Handedness Matchup,Pull Air %,Barrel %,Max Exit Velocity,29.8,27.2,36.0,56.8,50.0,45.0,39.1,4.16,1.153,0.948,0.985,0.94,0.936,0.879,0.98,9.46,6.03,68.8,19.3,F,Lineup unconfirmed,,,,,,
191,2026-09-04,822852,2026-09-05T00:05:00Z,Scheduled,Globe Life Field,Tampa Bay Rays @ Texas Rangers,Home,643376,Danny Jansen,Texas Rangers,Tampa Bay Rays,C,R,No,,50,170,149,25,7,1,5,14,16,14,5,49,0.168,0.262,0.329,0.591,6,20,19,4,2,0.211,0.1,9,28,26,4,2,0.154,0.0714,215,36,5.0,21.3,59.0,24.3,16.7,13.6,21.4,65.2,27.6,5.0,4.4,5.0,67.5,80.6,25.8,0.467,66.3,91.7,109.2,4.5,9.0,1.7,53.9,27.8,Weak,2.0,Pull Power,A-,Elevated power plane,27.8,Weak,0.938,Good,5.6,62.5,87.9,0.541,Derived proxy,Derived proxy,Derived proxy,Derived proxy,,,10.42,5.42,Strong positive regression,Weak Pull Power profile. 5.0% barrel rate; 80.6 mph average exit velocity; 21.4% air-ball rate; 65.2% pull-air rate; 5.0% HR-launch rate.,0.0294,0.0305,3.81,10,3,29.8,0.34,33.6,Very recent HR,607259.0,Nick Martinez,R,RHB vs RHP,26,26,153.2,2.99,1.1,18,1.05,5.33,1.29,848.0,4.7,23.3,17.3,45.8,32.9,82.0,94.6,113.3,0.508,18.0,28.9,99.9,0.485,4.7,Sinker,R,RHB vs RHP,24.4,120,0.171,0.269,0.324,0.593,3,10,32,0.025,3.9,0.4,249,0.0241,4.2,0.531,3,2,0,0/2,0.0,0.333,0.0,0.333,0,1,1,29.6,Strong Pitcher Advantage,Below average,42.5,5,Pitch-level Statcast · last 5 MLB games,425,Sinker,30.352941176470587,129.0,Changeup,26.352941176470587,112.0,Cutter,21.647058823529413,92.0,4-Seam Fastball,15.294117647058824,65.0,Slider,5.647058823529412,24.0,Unknown,,Unknown,,No,104.0,1.04,1.0,57.2,0.958,0.972,42.8,Current-Season Handedness Matchup,Pull Air %,Barrel %,Max Exit Velocity,24.4,34.5,28.9,37.9,57.2,45.0,39.0,4.16,1.35,0.992,0.985,0.94,0.938,0.882,0.98,11.13,7.79,66.4,21.8,F,Lineup unconfirmed,Curveball,0.7058823529411765,3.0,,,
192,2026-09-04,823824,2026-09-04T23:10:00Z,Scheduled,loanDepot park,Chicago Cubs @ Miami Marlins,Away,608324,Alex Bregman,Chicago Cubs,Miami Marlins,3B,R,No,,138,631,550,143,28,1,24,82,81,66,9,97,0.26,0.345,0.445,0.79,12,55,50,14,6,0.28,0.1091,26,118,106,34,13,0.321,0.1102,828,168,4.8,24.7,50.1,26.8,23.0,16.5,28.1,53.0,28.0,8.0,5.7,8.0,90.1,82.6,21.4,0.494,68.1,94.5,107.7,2.8,12.7,1.1,62.7,32.1,Weak,2.5,Pull Power,A-,Elevated power plane,32.1,Weak,0.95,Good,6.5,56.2,94.0,0.558,Derived proxy,Derived proxy,Derived proxy,Derived proxy,,,40.78,16.78,Strong positive regression,Weak Pull Power profile. 4.8% barrel rate; 82.6 mph average exit velocity; 28.1% air-ball rate; 53.0% pull-air rate; 8.0% HR-launch rate.,0.038,0.0371,4.05,3,1,22.9,0.13,13.1,Very recent HR,676083.0,Janson Junk,R,RHB vs RHP,21,20,103.0,4.11,1.3,12,1.05,6.12,2.45,635.0,4.3,23.9,11.7,47.2,29.3,83.0,95.2,114.2,0.497,12.0,26.3,99.9,0.476,3.8,4-Seam Fastball,R,RHB vs RHP,29.2,470,0.254,0.33,0.434,0.764,17,43,75,0.0362,3.6,0.457,162,0.037,4.3,0.45,2,2,0,0/2,0.0,0.0,0.0,0.0,0,0,0,31.4,Slight Pitcher Advantage,Below average,45.0,5,Pitch-level Statcast · last 5 MLB games,311,4-Seam Fastball,28.938906752411576,90.0,Slider,18.327974276527332,57.0,Sweeper,17.363344051446944,54.0,Changeup,17.041800643086816,53.0,Curveball,13.82636655948553,43.0,Unknown,,Unknown,,No,94.0,0.94,1.0,39.2,0.953,0.968,44.9,Current-Season Handedness Matchup,Pull Air %,Barrel %,Max Exit Velocity,29.2,34.0,26.3,52.2,39.2,45.0,38.9,4.15,1.35,0.992,0.985,1.0,0.95,0.95,0.98,14.19,9.05,85.0,28.5,F,Lineup unconfirmed,Sinker,4.501607717041801,14.0,,,
193,2026-09-04,824797,2026-09-04T23:05:00Z,Scheduled,Oriole Park at Camden Yards,Boston Red Sox @ Baltimore Orioles,Home,687637,Dylan Beavers,Baltimore Orioles,Boston Red Sox,LF,L,No,,86,286,253,62,17,0,6,32,32,29,2,72,0.245,0.326,0.383,0.709,12,43,37,10,0,0.27,0.0,26,85,76,19,4,0.25,0.0471,355,93,4.6,23.7,53.8,19.1,26.8,17.4,30.2,54.0,33.6,8.0,4.3,8.0,53.3,82.2,22.5,0.551,69.8,93.9,108.6,21.1,12.6,6.6,46.9,35.1,Below Average,2.5,Pull Power,A-,Elevated power plane,35.1,Below Average,0.958,Good,6.5,62.5,94.3,0.583,Derived proxy,Derived proxy,Derived proxy,Derived proxy,,,17.06,11.06,Strong positive regression,Below Average Pull Power profile. 4.6% barrel rate; 82.2 mph average exit velocity; 30.2% air-ball rate; 54.0% pull-air rate; 8.0% HR-launch rate.,0.021,0.0242,3.99,37,12,42.2,0.88,87.7,Near normal interval,624133.0,Ranger Suarez,L,LHB vs LHP,24,24,123.2,3.64,1.24,8,0.58,8.66,2.84,664.0,3.2,20.5,12.2,44.1,32.1,80.4,93.2,113.6,0.477,8.0,28.7,99.9,0.511,3.3,Sinker,L,LHB vs LHP,27.5,46,0.25,0.311,0.275,0.586,0,4,9,0.0,0.0,0.328,145,0.0207,4.5,0.518,0,0,0,0/0,,,,,0,0,0,32.4,Slight Pitcher Advantage,Below average,50.0,5,Pitch-level Statcast · last 5 MLB games,438,4-Seam Fastball,24.200913242009133,106.0,Sinker,21.91780821917808,96.0,Curveball,17.123287671232877,75.0,Cutter,15.981735159817351,70.0,Changeup,12.100456621004566,53.0,Unknown,,Unknown,,No,99.0,0.99,1.0,48.2,0.957,0.957,45.9,Current-Season Handedness Matchup,Pull Air %,Barrel %,Max Exit Velocity,27.5,28.0,28.7,52.5,48.2,45.0,38.9,4.15,1.01,0.917,0.985,1.0,0.958,0.958,1.0,9.33,5.63,79.2,21.6,F,Lineup unconfirmed,Slider,8.67579908675799,38.0,,,
194,2026-09-04,824424,2026-09-04T18:10:00Z,Scheduled,Progressive Field,Detroit Tigers @ Cleveland Guardians,Home,682177,Daniel Schneemann,Cleveland Guardians,Detroit Tigers,CF,L,No,,85,278,254,52,11,0,6,28,28,24,0,82,0.205,0.273,0.319,0.592,2,2,2,0,0,0.0,0.0,2,2,2,0,0,0.0,0.0,347,1,5.2,22.5,55.0,20.5,24.6,14.4,25.4,40.9,30.8,7.8,4.6,7.8,33.3,82.5,18.5,0.526,69.5,93.7,111.5,10.5,11.0,3.1,53.0,29.9,Weak,2.0,Contact-First Profile,A,Excellent HR swing plane,29.9,Weak,0.944,Good,0.0,,96.9,,Derived proxy,Derived proxy,Derived proxy,Derived proxy,,,16.82,10.82,Strong positive regression,Weak Contact-First Profile profile. 5.2% barrel rate; 82.5 mph average exit velocity; 25.4% air-ball rate; 40.9% pull-air rate; 7.8% HR-launch rate.,0.0216,0.0247,3.81,70,27,42.3,1.65,165.4,Above normal drought,672456.0,Keider Montero,R,LHB vs RHP,28,22,139.0,3.24,0.99,14,0.91,5.96,2.01,738.0,4.6,24.7,14.8,46.6,26.0,83.1,95.0,112.4,0.463,14.0,36.1,99.7,0.551,5.0,4-Seam Fastball,L,LHB vs RHP,29.8,213,0.198,0.258,0.299,0.558,4,16,64,0.0188,5.0,0.547,316,0.0285,5.2,0.504,2,2,0,0/2,0.0,0.0,0.0,0.0,0,0,1,35.0,Slight Pitcher Advantage,Below average,45.0,5,Pitch-level Statcast · last 5 MLB games,407,4-Seam Fastball,31.44963144963145,128.0,Slider,20.884520884520885,85.0,Sinker,18.91891891891892,77.0,Changeup,15.97051597051597,65.0,Knuckle Curve,12.776412776412776,52.0,Unknown,,Unknown,,No,100.0,1.0,1.0,50.0,0.972,0.971,42.3,Current-Season Handedness Matchup,Pull Air %,Barrel %,Max Exit Velocity,29.8,33.6,36.1,32.8,50.0,45.0,38.8,4.15,1.0,0.97,1.025,0.94,0.944,0.887,1.035,9.1,5.82,72.0,23.5,F,Lineup unconfirmed; Limited recent games,,,,,,
195,2026-09-04,824387,2026-09-04T23:15:00Z,Scheduled,Progressive Field,Detroit Tigers @ Cleveland Guardians,Home,672275,Patrick Bailey,Cleveland Guardians,Detroit Tigers,C,S,No,,95,292,262,54,7,1,8,25,32,25,0,72,0.206,0.272,0.332,0.604,7,18,13,6,1,0.462,0.0556,18,54,45,11,2,0.244,0.037,389,64,3.6,24.6,43.1,27.7,27.5,13.8,27.7,36.1,35.2,6.0,3.8,6.0,69.7,83.7,14.2,0.596,70.6,95.0,109.8,26.6,12.3,5.9,39.1,29.2,Weak,2.0,Contact-First Profile,A,Excellent HR swing plane,29.2,Weak,0.942,Good,3.1,38.1,95.4,0.662,Derived proxy,Derived proxy,Derived proxy,Derived proxy,,,14.36,6.36,Strong positive regression,Weak Contact-First Profile profile. 3.6% barrel rate; 83.7 mph average exit velocity; 27.7% air-ball rate; 36.1% pull-air rate; 6.0% HR-launch rate.,0.0274,0.0287,3.81,3,2,32.8,0.09,9.2,Very recent HR,808825.0,Andrew Sears,L,Switch vs LHP,2,0,6.2,6.75,1.35,1,1.35,5.4,1.35,40.0,5.0,17.5,20.0,35.7,37.5,84.6,94.2,107.5,0.523,1.0,43.3,100.0,0.65,3.7,4-Seam Fastball,R,RHB vs LHP,39.4,48,0.162,0.298,0.27,0.568,1,8,13,0.0208,3.9,0.527,17,0.0,0.0,0.365,0,0,0,0/0,,,,,0,0,0,42.9,Slight Pitcher Advantage,Below average,50.0,2,Pitch-level Statcast · last 5 MLB games,116,4-Seam Fastball,45.689655172413794,53.0,Slider,34.48275862068966,40.0,Changeup,11.206896551724139,13.0,Sinker,8.620689655172415,10.0,,,,Unknown,,Unknown,,No,100.0,1.0,1.0,50.0,0.987,0.975,42.1,Current-Season Handedness Matchup,Pull Air %,Barrel %,Max Exit Velocity,39.4,28.9,43.3,34.3,50.0,45.0,38.8,4.14,1.257,1.004,1.035,0.94,0.942,0.885,0.98,10.51,7.42,77.2,22.7,F,Lineup unconfirmed,,,,,,
196,2026-09-04,822852,2026-09-05T00:05:00Z,Scheduled,Globe Life Field,Tampa Bay Rays @ Texas Rangers,Home,681351,Logan O'Hoppe,Texas Rangers,Tampa Bay Rays,DH,R,No,,82,268,245,52,9,0,4,23,24,17,3,66,0.212,0.27,0.298,0.568,7,12,11,3,0,0.273,0.0,7,12,11,3,0,0.273,0.0,314,9,5.1,26.6,39.5,32.8,27.7,16.2,29.8,40.3,25.4,5.7,3.4,5.7,22.2,82.8,16.5,0.447,68.6,95.4,112.9,23.3,9.0,7.3,58.3,29.6,Weak,2.0,Contact-First Profile,A,Excellent HR swing plane,29.6,Weak,0.943,Good,0.0,66.7,96.9,0.421,Derived proxy,Derived proxy,Derived proxy,Derived proxy,,,14.35,10.35,Strong positive regression,Weak Contact-First Profile profile. 5.1% barrel rate; 82.8 mph average exit velocity; 29.8% air-ball rate; 40.3% pull-air rate; 5.7% HR-launch rate.,0.0149,0.0202,3.81,85,30,61.2,1.39,138.8,Above normal drought,607259.0,Nick Martinez,R,RHB vs RHP,26,26,153.2,2.99,1.1,18,1.05,5.33,1.29,848.0,4.7,23.3,17.3,45.8,32.9,82.0,94.6,113.3,0.508,18.0,26.2,99.9,0.414,6.9,Sinker,R,RHB vs RHP,27.3,187,0.182,0.247,0.282,0.53,4,12,49,0.0214,5.9,0.453,249,0.0241,4.2,0.531,1,1,0,0/1,0.0,0.0,0.0,0.0,0,0,1,30.9,Slight Pitcher Advantage,Below average,47.5,5,Pitch-level Statcast · last 5 MLB games,425,Sinker,30.352941176470587,129.0,Changeup,26.352941176470587,112.0,Cutter,21.647058823529413,92.0,4-Seam Fastball,15.294117647058824,65.0,Slider,5.647058823529412,24.0,Unknown,,Unknown,,No,104.0,1.04,1.0,57.2,0.952,0.972,41.4,Current-Season Handedness Matchup,Pull Air %,Barrel %,Max Exit Velocity,27.3,34.5,26.2,47.7,57.2,45.0,38.8,4.14,0.889,0.992,0.985,0.94,0.943,0.886,1.035,7.48,4.88,72.1,20.8,F,Lineup unconfirmed,Curveball,0.7058823529411765,3.0,,,
197,2026-09-04,823579,2026-09-04T23:10:00Z,Scheduled,Citi Field,San Francisco Giants @ New York Mets,Home,543760,Marcus Semien,New York Mets,San Francisco Giants,2B,R,No,,120,467,422,92,11,1,14,44,44,38,2,97,0.218,0.283,0.348,0.631,11,43,36,10,0,0.278,0.0,24,93,81,21,2,0.259,0.0215,605,124,2.6,18.8,50.4,26.6,22.7,16.4,28.5,55.7,28.9,4.8,3.1,4.8,111.4,81.5,17.4,0.465,66.4,92.5,106.2,2.8,6.8,1.1,57.5,25.3,Weak,2.0,Pull Power,A,Excellent HR swing plane,25.3,Weak,0.931,Good,0.8,60.6,92.4,0.397,Derived proxy,Derived proxy,Derived proxy,Derived proxy,,,19.89,5.89,Strong positive regression,Weak Pull Power profile. 2.6% barrel rate; 81.5 mph average exit velocity; 28.5% air-ball rate; 55.7% pull-air rate; 4.8% HR-launch rate.,0.03,0.0304,3.81,73,22,30.1,2.42,242.2,Very long drought,683363.0,Matt Wilkinson,L,RHB vs LHP,3,3,11.2,4.63,1.11,1,0.77,4.63,1.54,69.0,2.9,30.4,17.4,45.5,27.5,84.2,95.7,108.2,0.491,1.0,35.9,100.0,0.554,4.7,4-Seam Fastball,R,RHB vs LHP,34.2,127,0.227,0.315,0.345,0.66,3,14,26,0.0236,3.8,0.555,38,0.0263,3.7,0.544,0,0,0,0/0,,,,,0,0,0,37.9,Slight Pitcher Advantage,Below average,50.0,3,Pitch-level Statcast · last 5 MLB games,181,4-Seam Fastball,54.69613259668508,99.0,Changeup,24.30939226519337,44.0,Slider,15.469613259668508,28.0,Cutter,5.524861878453039,10.0,,,,Unknown,,Unknown,,No,100.0,1.0,1.0,50.0,0.972,0.954,42.1,Current-Season Handedness Matchup,Pull Air %,Barrel %,Max Exit Velocity,34.2,32.2,35.9,38.9,50.0,45.0,38.8,4.14,0.804,0.992,1.025,0.94,0.931,0.875,1.06,11.09,5.83,84.4,28.8,F,Lineup unconfirmed,,,,,,
198,2026-09-04,824146,2026-09-05T00:10:00Z,Scheduled,Daikin Park,Arizona Diamondbacks @ Houston Astros,Home,669397,Nick Allen,Houston Astros,Arizona Diamondbacks,SS,R,No,,80,147,131,36,5,0,2,22,13,9,1,30,0.275,0.319,0.359,0.678,8,12,11,5,0,0.455,0.0,17,31,27,9,1,0.333,0.0323,177,43,1.5,19.4,40.4,37.7,21.9,10.5,23.9,54.7,22.4,2.3,1.9,2.3,100.0,79.6,15.5,0.424,65.5,91.9,105.7,2.4,6.5,0.0,60.0,20.8,Weak,2.0,Pull Power,A,Excellent HR swing plane,20.8,Weak,0.918,Good,2.3,70.0,93.0,0.534,Derived proxy,Derived proxy,Derived proxy,Derived proxy,,,4.15,2.15,Positive regression,Weak Pull Power profile. 1.5% barrel rate; 79.6 mph average exit velocity; 23.9% air-ball rate; 54.7% pull-air rate; 2.3% HR-launch rate.,0.0136,0.0219,3.99,19,11,65.5,0.29,29.0,Very recent HR,518876.0,Merrill Kelly,R,RHB vs RHP,25,25,141.2,5.08,1.48,26,1.65,6.04,4.07,814.0,7.9,28.7,15.0,47.5,31.2,83.8,96.8,114.6,0.65,26.0,11.5,88.0,0.365,0.8,Changeup,R,RHB vs RHP,22.4,109,0.247,0.299,0.289,0.588,1,8,25,0.0092,0.8,0.334,241,0.0332,6.9,0.602,7,7,2,2/7,0.286,0.286,0.286,0.572,0,0,1,21.5,Strong Pitcher Advantage,Below average,37.1,5,Pitch-level Statcast · last 5 MLB games,436,4-Seam Fastball,31.422018348623855,137.0,Changeup,30.504587155963304,133.0,Curveball,11.238532110091743,49.0,Cutter,8.944954128440367,39.0,Slider,8.944954128440367,39.0,Unknown,,Unknown,,No,100.0,1.0,1.0,50.0,0.923,1.004,36.2,Current-Season Handedness Matchup,Pull Air %,Barrel %,Max Exit Velocity,22.4,55.2,11.5,40.8,50.0,45.0,38.8,4.14,0.974,1.088,0.985,1.0,0.918,0.918,0.98,8.45,5.6,65.0,18.5,F,Lineup unconfirmed,Sinker,8.486238532110091,37.0,Pitch Out,0.45871559633027525,2.0
199,2026-09-04,824311,2026-09-05T00:40:00Z,Scheduled,Coors Field,St. Louis Cardinals @ Colorado Rockies,Away,686780,Pedro Pagés,St. Louis Cardinals,Colorado Rockies,C,R,No,,77,198,179,38,6,0,4,13,11,11,2,52,0.212,0.263,0.313,0.576,4,11,10,2,0,0.2,0.0,11,27,24,6,0,0.25,0.0,275,31,1.9,22.3,33.2,33.4,33.0,14.2,22.1,29.9,29.3,3.3,1.7,3.3,50.0,81.8,18.7,0.443,71.1,93.9,109.6,30.8,11.4,8.2,39.0,20.2,Weak,2.0,Contact-First Profile,A,Excellent HR swing plane,20.2,Weak,0.917,Good,0.0,14.3,94.5,0.4,Derived proxy,Derived proxy,Derived proxy,Derived proxy,,,5.85,1.85,Near expected,Weak Contact-First Profile profile. 1.9% barrel rate; 81.8 mph average exit velocity; 22.1% air-ball rate; 29.9% pull-air rate; 3.3% HR-launch rate.,0.0202,0.0247,3.87,84,46,44.8,1.88,187.7,Above normal drought,663372.0,Ryan Feltner,R,RHB vs RHP,21,20,101.2,5.84,1.55,19,1.68,6.73,3.98,583.0,6.9,24.7,16.5,50.9,27.4,82.8,95.0,111.1,0.592,19.0,24.1,99.9,0.471,3.0,4-Seam Fastball,R,RHB vs RHP,39.3,110,0.224,0.264,0.378,0.642,4,4,26,0.0364,4.8,0.481,213,0.0469,6.3,0.593,0,0,0,0/0,,,,,0,0,0,36.1,Slight Pitcher Advantage,Below average,50.0,5,Pitch-level Statcast · last 5 MLB games,441,4-Seam Fastball,30.158730158730158,133.0,Changeup,23.356009070294785,103.0,Slider,17.687074829931973,78.0,Sinker,15.873015873015873,70.0,Curveball,7.936507936507937,35.0,Unknown,,Unknown,,No,118.0,1.18,1.0,82.4,0.948,0.994,34.0,Current-Season Handedness Matchup,Pull Air %,Barrel %,Max Exit Velocity,39.3,48.9,24.1,12.9,82.4,45.0,38.8,4.14,0.901,1.093,0.985,0.94,0.917,0.862,1.035,9.21,6.27,68.3,24.7,F,Lineup unconfirmed,Sweeper,4.988662131519274,22.0,,,
200,2026-09-04,823338,2026-09-04T22:45:00Z,Scheduled,PNC Park,Los Angeles Angels @ Pittsburgh Pirates,Away,518595,Travis d'Arnaud,Los Angeles Angels,Pittsburgh Pirates,C,R,No,,27,68,60,10,1,0,1,5,3,6,2,19,0.167,0.265,0.233,0.498,5,10,10,1,0,0.1,0.0,9,19,16,1,0,0.062,0.0,83,23,4.3,18.7,31.6,35.1,33.3,13.7,19.2,19.8,23.0,4.3,1.7,4.3,20.0,82.4,15.2,0.349,70.0,91.9,102.7,12.7,5.2,1.7,52.8,11.1,Weak,1.5,Contact-First Profile,A,Excellent HR swing plane,11.1,Weak,0.891,Good,0.0,0.0,89.6,0.115,Derived proxy,Derived proxy,Derived proxy,Derived proxy,,,2.87,1.87,Near expected,Weak Contact-First Profile profile. 4.3% barrel rate; 82.4 mph average exit velocity; 19.2% air-ball rate; 19.8% pull-air rate; 4.3% HR-launch rate.,0.0147,0.0257,3.87,25,13,60.0,0.42,41.7,Recently homered,683003.0,Jared Jones,R,RHB vs RHP,16,16,72.2,4.83,1.28,12,1.49,10.28,3.34,372.0,5.9,27.2,14.8,37.5,31.2,84.7,96.5,115.1,0.557,12.0,84.7,100.0,1.302,14.4,4-Seam Fastball,R,RHB vs RHP,42.0,32,0.143,0.25,0.179,0.429,0,3,7,0.0,6.8,0.468,123,0.0407,7.4,0.522,0,0,0,0/0,,,,,0,0,0,58.5,Slight Hitter Advantage,Above average,50.0,5,Pitch-level Statcast · last 5 MLB games,410,4-Seam Fastball,47.80487804878049,196.0,Slider,33.90243902439025,139.0,Changeup,11.707317073170731,48.0,Curveball,6.585365853658536,27.0,,,,Unknown,,Unknown,,No,100.0,1.0,1.0,50.0,1.069,0.984,23.8,Current-Season Handedness Matchup,Pull Air %,Barrel %,Max Exit Velocity,42.0,37.5,84.7,3.2,50.0,45.0,38.7,4.14,1.0,1.062,0.985,0.94,0.891,0.84,1.0,9.6,6.29,58.4,18.2,F,Small season sample; Lineup unconfirmed,,,,,,
201,2026-09-04,824554,2026-09-04T23:40:00Z,Scheduled,Rate Field,Minnesota Twins @ Chicago White Sox,Home,695731,Braden Montgomery,Chicago White Sox,Minnesota Twins,RF,S,No,,72,295,259,58,12,3,5,38,35,32,3,59,0.224,0.315,0.351,0.666,11,48,42,7,1,0.167,0.0208,26,109,93,20,2,0.215,0.0183,359,129,3.0,25.2,44.9,24.1,30.1,10.4,20.7,32.3,30.3,4.6,2.6,4.6,50.1,82.9,8.8,0.523,67.9,95.0,109.0,7.3,10.0,2.1,47.0,20.9,Weak,2.0,Contact-First Profile,C,Low line-drive plane,20.9,Weak,0.919,Good,3.9,37.0,95.0,0.568,Derived proxy,Derived proxy,Derived proxy,Derived proxy,,,10.87,5.87,Strong positive regression,Weak Contact-First Profile profile. 3.0% barrel rate; 82.9 mph average exit velocity; 20.7% air-ball rate; 32.3% pull-air rate; 4.6% HR-launch rate.,0.0169,0.0213,3.99,38,10,51.8,0.73,73.4,Recently homered,805673.0,Zebby Matthews,R,Switch vs RHP,19,19,112.0,4.58,1.26,19,1.53,7.47,2.57,620.0,6.5,27.1,13.7,47.9,31.0,85.0,96.4,112.8,0.55,19.0,30.3,100.0,0.543,2.5,4-Seam Fastball,L,LHB vs RHP,31.9,210,0.249,0.338,0.378,0.716,4,23,36,0.019,2.7,0.507,265,0.0377,7.2,0.578,3,3,0,0/3,0.0,0.0,0.0,0.0,0,0,0,33.5,Slight Pitcher Advantage,Below average,42.5,5,Pitch-level Statcast · last 5 MLB games,475,4-Seam Fastball,34.526315789473685,164.0,Slider,22.526315789473685,107.0,Changeup,13.894736842105264,66.0,Cutter,13.263157894736842,63.0,Curveball,10.105263157894736,48.0,Unknown,,Unknown,,No,100.0,1.0,1.0,50.0,0.961,0.99,35.3,Current-Season Handedness Matchup,Pull Air %,Barrel %,Max Exit Velocity,31.9,46.2,30.3,34.2,50.0,45.0,38.7,4.14,0.97,1.069,1.035,1.0,0.919,0.919,1.0,8.23,5.75,81.1,20.8,F,Lineup unconfirmed,Sinker,5.684210526315789,27.0,,,
202,2026-09-04,824471,2026-09-04T22:10:00Z,Scheduled,Great American Ball Park,Milwaukee Brewers @ Cincinnati Reds,Away,592885,Christian Yelich,Milwaukee Brewers,Cincinnati Reds,DH,L,No,,100,431,381,92,23,2,10,59,49,42,4,111,0.241,0.321,0.391,0.712,11,42,38,13,1,0.342,0.0238,23,87,78,21,3,0.269,0.0345,530,105,5.8,25.1,43.3,27.4,29.1,9.5,22.1,24.9,33.4,7.7,2.8,7.7,38.2,82.6,9.1,0.584,71.4,95.0,109.7,28.8,11.0,5.0,45.1,27.0,Weak,2.0,Contact-First Profile,C,Low line-drive plane,27.0,Weak,0.936,Good,6.7,28.0,96.3,0.626,Derived proxy,Derived proxy,Derived proxy,Derived proxy,,,25.57,15.57,Strong positive regression,Weak Contact-First Profile profile. 5.8% barrel rate; 82.6 mph average exit velocity; 22.1% air-ball rate; 24.9% pull-air rate; 7.7% HR-launch rate.,0.0232,0.0251,4.05,7,2,38.1,0.18,18.4,Very recent HR,695076.0,Rhett Lowder,R,LHB vs RHP,24,21,112.0,5.14,1.46,16,1.29,7.07,3.46,617.0,5.8,25.1,16.7,40.2,32.1,84.1,95.6,116.0,0.572,16.0,26.3,99.7,0.479,3.7,Sinker,L,LHB vs RHP,40.8,317,0.248,0.331,0.403,0.734,8,32,82,0.0252,5.9,0.579,307,0.0391,6.9,0.633,6,4,0,0/4,0.0,0.333,0.0,0.333,0,1,3,34.6,Slight Pitcher Advantage,Below average,35.0,5,Pitch-level Statcast · last 5 MLB games,476,Sinker,26.680672268907564,127.0,Slider,24.57983193277311,117.0,Changeup,22.478991596638654,107.0,4-Seam Fastball,18.69747899159664,89.0,Curveball,7.563025210084033,36.0,Unknown,,Unknown,,No,112.0,1.12,1.0,71.6,0.953,0.983,38.0,Current-Season Handedness Matchup,Pull Air %,Barrel %,Max Exit Velocity,40.8,38.5,26.3,34.4,71.6,45.0,38.7,4.14,1.056,1.03,1.025,1.0,0.936,0.936,0.98,9.79,6.99,84.0,23.9,F,Lineup unconfirmed,,,,,,
203,2026-09-04,824311,2026-09-05T00:40:00Z,Scheduled,Coors Field,St. Louis Cardinals @ Colorado Rockies,Home,664983,Jake McCarthy,Colorado Rockies,St. Louis Cardinals,LF,L,No,,125,500,459,134,29,8,14,66,72,25,6,82,0.292,0.333,0.481,0.814,12,56,51,15,1,0.294,0.0179,25,115,104,30,3,0.288,0.0261,687,180,3.2,18.7,49.0,28.3,22.6,11.5,27.0,47.1,35.7,3.9,3.2,3.9,60.8,79.0,15.1,0.507,68.3,91.9,110.7,15.8,11.3,5.1,46.6,27.5,Weak,2.0,Pull Power,A,Excellent HR swing plane,27.5,Weak,0.937,Good,3.3,50.0,92.0,0.531,Derived proxy,Derived proxy,Derived proxy,Derived proxy,,,22.54,8.54,Strong positive regression,Weak Pull Power profile. 3.2% barrel rate; 79.0 mph average exit velocity; 27.0% air-ball rate; 47.1% pull-air rate; 3.9% HR-launch rate.,0.028,0.0288,4.09,14,3,32.8,0.43,42.7,Recently homered,669467.0,Andre Pallante,R,LHB vs RHP,24,24,136.0,3.57,1.24,10,0.66,6.42,2.71,716.0,3.4,22.8,10.3,39.4,29.5,82.4,94.6,117.8,0.462,10.0,31.3,100.0,0.504,5.0,4-Seam Fastball,L,LHB vs RHP,24.9,360,0.285,0.323,0.47,0.793,10,20,59,0.0278,3.3,0.486,305,0.0197,4.2,0.479,2,2,1,1/2,0.5,0.5,0.5,1.0,0,0,1,32.4,Slight Pitcher Advantage,Below average,50.9,5,Pitch-level Statcast · last 5 MLB games,468,4-Seam Fastball,35.68376068376068,167.0,Slider,28.418803418803417,133.0,Knuckle Curve,17.521367521367523,82.0,Sinker,15.598290598290598,73.0,Split-Finger,2.7777777777777777,13.0,Unknown,,Unknown,,No,118.0,1.18,1.0,82.4,0.963,0.959,41.4,Current-Season Handedness Matchup,Pull Air %,Barrel %,Max Exit Velocity,24.9,26.0,31.3,39.0,82.4,45.0,38.7,4.13,0.9,0.93,1.025,1.0,0.937,0.937,1.0,11.26,6.73,85.0,25.1,F,Lineup unconfirmed,,,,,,
204,2026-09-04,823418,2026-09-04T22:40:00Z,Scheduled,Citizens Bank Park,Atlanta Braves @ Philadelphia Phillies,Away,573262,Mike Yastrzemski,Atlanta Braves,Philadelphia Phillies,LF,L,No,,120,351,311,70,17,1,9,42,34,34,4,86,0.225,0.308,0.373,0.681,10,27,27,4,0,0.148,0.0,22,60,54,11,1,0.204,0.0167,440,73,3.0,27.0,54.6,22.7,22.7,13.9,26.7,48.6,28.5,5.7,3.9,5.7,69.4,85.5,20.9,0.513,69.6,95.8,106.5,7.6,11.8,2.4,63.2,29.1,Weak,2.0,Pull Power,A-,Elevated power plane,29.1,Weak,0.941,Good,1.4,44.4,96.2,0.528,Derived proxy,Derived proxy,Derived proxy,Derived proxy,,,16.27,7.27,Strong positive regression,Weak Pull Power profile. 3.0% barrel rate; 85.5 mph average exit velocity; 26.7% air-ball rate; 48.6% pull-air rate; 5.7% HR-launch rate.,0.0256,0.0273,4.05,42,16,34.6,1.22,121.5,Near normal interval,650911.0,Cristopher Sánchez,L,LHB vs LHP,28,28,175.1,2.52,1.19,14,0.72,10.37,2.0,827.0,4.2,27.3,9.1,42.6,26.6,83.4,96.1,112.7,0.504,14.0,33.2,100.0,0.516,5.3,Sinker,L,LHB vs LHP,22.4,36,0.194,0.306,0.226,0.531,0,3,13,0.0,0.0,0.301,165,0.0061,1.7,0.396,2,2,0,0/2,0.0,0.0,0.0,0.0,0,0,2,30.7,Slight Pitcher Advantage,Below average,45.0,5,Pitch-level Statcast · last 5 MLB games,471,Sinker,46.07218683651805,217.0,Changeup,35.881104033970274,169.0,Slider,18.046709129511676,85.0,,,,,,,Unknown,,Unknown,,No,108.0,1.08,1.0,64.4,0.966,0.967,39.8,Current-Season Handedness Matchup,Pull Air %,Barrel %,Max Exit Velocity,22.4,32.2,33.2,39.3,64.4,45.0,38.6,4.13,0.787,0.939,0.985,1.0,0.941,0.941,1.0,10.59,5.61,81.8,23.0,F,Lineup unconfirmed,,,,,,
205,2026-09-04,824554,2026-09-04T23:40:00Z,Scheduled,Rate Field,Minnesota Twins @ Chicago White Sox,Away,686797,Brooks Lee,Minnesota Twins,Chicago White Sox,3B,S,No,,134,540,501,125,21,3,22,62,77,33,3,87,0.25,0.299,0.435,0.734,11,48,47,15,4,0.319,0.0833,24,100,97,28,6,0.289,0.06,801,168,2.4,23.2,49.2,25.3,25.5,16.4,27.0,51.3,24.0,5.1,3.0,5.1,127.8,83.3,16.9,0.442,68.2,94.0,108.6,8.7,8.8,2.5,54.6,25.9,Weak,2.0,Pull Power,A,Excellent HR swing plane,25.9,Weak,0.933,Good,2.4,53.3,94.4,0.496,Derived proxy,Derived proxy,Derived proxy,Derived proxy,,,25.36,3.36,Positive regression,Weak Pull Power profile. 2.4% barrel rate; 83.3 mph average exit velocity; 27.0% air-ball rate; 51.3% pull-air rate; 5.1% HR-launch rate.,0.0407,0.0392,4.05,22,5,22.8,0.97,96.6,Near normal interval,607200.0,Erick Fedde,R,Switch vs RHP,29,13,123.1,4.16,1.37,22,1.61,6.42,3.28,696.0,5.5,26.9,16.8,46.0,32.8,83.4,95.8,114.9,0.537,22.0,20.7,99.6,0.444,2.7,Sweeper,L,LHB vs RHP,30.3,370,0.263,0.305,0.486,0.791,19,22,47,0.0514,2.4,0.423,290,0.0207,4.6,0.538,2,2,0,0/2,0.0,0.0,0.0,0.0,0,0,0,29.9,Strong Pitcher Advantage,Below average,45.0,5,Pitch-level Statcast · last 5 MLB games,288,Sweeper,36.458333333333336,105.0,Sinker,34.02777777777778,98.0,Cutter,15.972222222222221,46.0,Changeup,12.5,36.0,4-Seam Fastball,1.0416666666666667,3.0,Unknown,,Unknown,,No,100.0,1.0,1.0,50.0,0.941,0.98,41.9,Current-Season Handedness Matchup,Pull Air %,Barrel %,Max Exit Velocity,30.3,39.9,20.7,43.7,50.0,45.0,38.6,4.13,1.344,1.082,1.035,1.0,0.933,0.933,1.0,14.93,10.82,85.0,31.5,D,Lineup unconfirmed,,,,,,
206,2026-09-04,823905,2026-09-05T02:10:00Z,Scheduled,UNIQLO Field at Dodger Stadium,Washington Nationals @ Los Angeles Dodgers,Home,676439,Hunter Feduccia,Los Angeles Dodgers,Washington Nationals,C,L,No,,82,214,188,45,9,1,3,20,16,20,1,53,0.239,0.314,0.346,0.66,7,19,16,5,0,0.312,0.0,20,51,44,12,1,0.273,0.0196,273,59,4.5,22.7,41.5,28.7,29.8,17.6,36.5,35.9,35.4,6.1,4.2,6.1,31.4,81.8,18.0,0.553,68.3,94.4,108.1,13.7,13.4,3.4,46.7,26.7,Weak,2.0,Contact-First Profile,A,Excellent HR swing plane,26.7,Weak,0.935,Good,3.4,33.3,94.6,0.567,Derived proxy,Derived proxy,Derived proxy,Derived proxy,,,11.18,8.18,Strong positive regression,Weak Contact-First Profile profile. 4.5% barrel rate; 81.8 mph average exit velocity; 36.5% air-ball rate; 35.9% pull-air rate; 6.1% HR-launch rate.,0.014,0.0205,3.99,32,14,62.7,0.51,51.1,Recently homered,800600.0,Jackson Kent,L,LHB vs LHP,4,4,19.1,5.59,1.71,1,0.47,7.91,6.98,116.0,3.4,24.1,7.8,61.9,27.6,80.5,93.2,111.3,0.521,1.0,39.9,100.0,0.576,5.6,4-Seam Fastball,L,LHB vs LHP,39.7,35,0.147,0.171,0.206,0.377,0,1,5,0.0,6.0,0.43,21,0.0,3.6,0.491,0,0,0,0/0,,,,,0,0,0,41.8,Slight Pitcher Advantage,Below average,50.0,4,Pitch-level Statcast · last 5 MLB games,358,4-Seam Fastball,35.19553072625698,126.0,Changeup,21.22905027932961,76.0,Slider,17.877094972067038,64.0,Curveball,13.687150837988828,49.0,Sinker,12.011173184357542,43.0,Unknown,,Unknown,,No,100.0,1.0,1.0,50.0,0.98,0.959,40.9,Current-Season Handedness Matchup,Pull Air %,Barrel %,Max Exit Velocity,39.7,33.4,39.9,28.8,50.0,45.0,38.5,4.13,0.849,0.972,0.985,0.965,0.935,0.902,1.0,7.92,4.75,71.4,17.8,F,Lineup unconfirmed,,,,,,
207,2026-09-04,823579,2026-09-04T23:10:00Z,Scheduled,Citi Field,San Francisco Giants @ New York Mets,Home,676724,Jared Young,New York Mets,San Francisco Giants,1B,L,No,,91,299,272,72,16,3,8,36,35,19,6,59,0.265,0.324,0.434,0.758,11,43,42,10,0,0.238,0.0,24,91,88,26,1,0.295,0.011,383,128,3.4,25.1,50.2,30.0,19.8,13.7,24.9,46.8,25.1,4.9,3.5,4.9,48.1,82.1,18.4,0.465,70.7,94.9,112.9,27.6,8.7,7.7,54.6,31.0,Weak,2.0,Pull Power,A,Excellent HR swing plane,31.0,Weak,0.947,Good,1.6,43.8,93.4,0.413,Derived proxy,Derived proxy,Derived proxy,Derived proxy,,,13.79,5.79,Strong positive regression,Weak Pull Power profile. 3.4% barrel rate; 82.1 mph average exit velocity; 24.9% air-ball rate; 46.8% pull-air rate; 4.9% HR-launch rate.,0.0268,0.0283,3.99,62,17,34.0,1.82,182.4,Above normal drought,683363.0,Matt Wilkinson,L,LHB vs LHP,3,3,11.2,4.63,1.11,1,0.77,4.63,1.54,69.0,2.9,30.4,17.4,45.5,27.5,84.2,95.7,108.2,0.491,1.0,30.8,100.0,0.522,3.8,4-Seam Fastball,L,LHB vs LHP,32.5,57,0.212,0.281,0.288,0.569,0,3,13,0.0,0.0,0.401,9,0.0,0.0,0.251,0,0,0,0/0,,,,,0,0,0,35.4,Slight Pitcher Advantage,Below average,50.0,3,Pitch-level Statcast · last 5 MLB games,181,4-Seam Fastball,54.69613259668508,99.0,Changeup,24.30939226519337,44.0,Slider,15.469613259668508,28.0,Cutter,5.524861878453039,10.0,,,,Unknown,,Unknown,,No,100.0,1.0,1.0,50.0,0.962,0.954,44.7,Current-Season Handedness Matchup,Pull Air %,Barrel %,Max Exit Velocity,32.5,32.2,30.8,33.1,50.0,45.0,38.5,4.12,0.758,0.992,0.985,1.0,0.947,0.947,1.035,10.81,5.55,80.6,26.7,F,Lineup unconfirmed,,,,,,
208,2026-09-04,823905,2026-09-05T02:10:00Z,Scheduled,UNIQLO Field at Dodger Stadium,Washington Nationals @ Los Angeles Dodgers,Away,694673,Abimelec Ortiz,Washington Nationals,Los Angeles Dodgers,1B,L,No,,29,99,94,19,3,0,5,12,10,5,0,23,0.202,0.242,0.394,0.636,11,43,40,6,0,0.15,0.0,25,88,83,16,4,0.193,0.0455,158,140,7.4,32.0,49.1,23.5,27.4,14.2,24.3,42.1,34.0,7.4,2.4,7.4,41.1,85.5,18.8,0.55,73.8,98.0,111.2,53.7,15.1,17.3,51.6,44.3,Below Average,3.0,Pull Power,A,Excellent HR swing plane,44.3,Below Average,0.984,Good,7.1,39.4,97.8,0.533,Derived proxy,Derived proxy,Derived proxy,Derived proxy,,,10.34,5.34,Strong positive regression,Below Average Pull Power profile. 7.4% barrel rate; 85.5 mph average exit velocity; 24.3% air-ball rate; 42.1% pull-air rate; 7.4% HR-launch rate.,0.0505,0.0404,3.87,54,15,18.8,2.87,287.2,Very long drought,605483.0,Blake Snell,L,LHB vs LHP,5,5,26.0,2.42,1.08,0,0.0,12.46,4.15,129.0,0.8,6.2,10.1,33.3,29.5,78.0,87.5,107.3,0.331,0.0,44.3,100.0,0.613,6.0,4-Seam Fastball,L,LHB vs LHP,41.8,8,0.125,0.125,0.125,0.25,0,0,5,0.0,0.0,0.242,35,0.0,0.0,0.363,0,0,0,0/0,,,,,0,0,0,44.3,Neutral Matchup,Average,50.0,5,Pitch-level Statcast · last 5 MLB games,444,4-Seam Fastball,49.32432432432432,219.0,Curveball,20.945945945945947,93.0,Changeup,17.792792792792792,79.0,Slider,11.936936936936936,53.0,,,,Unknown,,Unknown,,No,100.0,1.0,1.0,50.0,0.989,0.933,51.1,Current-Season Handedness Matchup,Pull Air %,Barrel %,Max Exit Velocity,41.8,9.9,44.3,49.2,50.0,45.0,38.5,4.12,0.88,1.0,0.985,0.975,0.984,0.959,1.06,14.74,7.72,66.1,29.6,F,Lineup unconfirmed,,,,,,
209,2026-09-04,823824,2026-09-04T23:10:00Z,Scheduled,loanDepot park,Chicago Cubs @ Miami Marlins,Home,805300,Jakob Marsee,Miami Marlins,Chicago Cubs,CF,L,No,,135,535,448,94,17,5,9,69,32,69,12,114,0.21,0.33,0.33,0.66,11,44,36,9,2,0.25,0.0455,25,97,81,21,3,0.259,0.0309,631,99,2.3,24.5,50.9,23.1,25.4,13.2,30.3,49.6,34.8,4.9,2.9,4.9,91.5,80.8,19.6,0.425,66.4,93.4,108.8,5.6,10.5,2.8,42.2,25.2,Weak,2.0,Pull Power,A,Excellent HR swing plane,25.2,Weak,0.931,Good,2.0,52.8,94.1,0.423,Derived proxy,Derived proxy,Derived proxy,Derived proxy,,,18.38,9.38,Strong positive regression,Weak Pull Power profile. 2.3% barrel rate; 80.8 mph average exit velocity; 30.3% air-ball rate; 49.6% pull-air rate; 4.9% HR-launch rate.,0.0168,0.0196,3.99,4,1,49.8,0.08,8.0,Very recent HR,684007.0,Shota Imanaga,L,LHB vs LHP,27,27,150.1,4.01,1.14,33,1.98,8.86,2.1,818.0,6.0,22.1,17.5,45.9,27.6,81.8,94.3,114.7,0.549,33.0,24.3,100.0,0.456,3.9,4-Seam Fastball,L,LHB vs LHP,30.6,121,0.163,0.345,0.283,0.627,1,18,33,0.0083,0.8,0.37,172,0.064,7.9,0.607,0,0,0,0/0,,,,,0,0,0,32.3,Slight Pitcher Advantage,Below average,50.0,5,Pitch-level Statcast · last 5 MLB games,428,4-Seam Fastball,42.05607476635514,180.0,Split-Finger,31.77570093457944,136.0,Sweeper,17.757009345794394,76.0,Sinker,3.97196261682243,17.0,Slider,3.2710280373831777,14.0,Unknown,,Unknown,,No,94.0,0.94,1.0,39.2,0.949,0.985,42.0,Current-Season Handedness Matchup,Pull Air %,Barrel %,Max Exit Velocity,30.6,40.6,24.3,42.2,39.2,45.0,38.5,4.12,1.35,1.141,0.985,0.965,0.931,0.898,0.98,7.6,6.25,84.8,22.0,F,Lineup unconfirmed,Curveball,1.1682242990654206,5.0,,,
210,2026-09-04,824146,2026-09-05T00:10:00Z,Scheduled,Daikin Park,Arizona Diamondbacks @ Houston Astros,Away,571448,Nolan Arenado,Arizona Diamondbacks,Houston Astros,3B,R,No,,131,511,457,107,21,1,21,65,65,43,7,104,0.234,0.308,0.422,0.73,11,43,41,6,1,0.146,0.0233,23,93,88,17,5,0.193,0.0538,680,131,3.0,22.3,52.3,27.4,20.3,15.3,24.6,62.3,25.6,5.9,4.5,5.9,222.1,82.0,21.1,0.388,69.0,93.9,107.4,13.8,9.6,3.8,57.6,28.0,Weak,2.0,Pull Power,A-,Elevated power plane,28.0,Weak,0.938,Good,0.8,71.9,94.0,0.29,Derived proxy,Derived proxy,Derived proxy,Derived proxy,,,25.91,4.91,Strong positive regression,Weak Pull Power profile. 3.0% barrel rate; 82.0 mph average exit velocity; 24.6% air-ball rate; 62.3% pull-air rate; 5.9% HR-launch rate.,0.0411,0.0394,4.05,38,10,21.8,1.75,174.6,Above normal drought,664299.0,Cristian Javier,R,RHB vs RHP,13,8,44.2,6.45,1.63,8,1.61,8.46,3.83,281.0,4.3,20.3,20.3,46.8,32.4,82.3,93.7,110.8,0.58,8.0,22.7,99.8,0.449,3.4,4-Seam Fastball,R,RHB vs RHP,40.4,376,0.232,0.307,0.414,0.72,15,30,77,0.0399,4.0,0.424,112,0.0536,5.1,0.692,2,2,1,1/2,0.5,0.5,2.0,2.5,1,0,1,37.1,Slight Pitcher Advantage,Below average,55.0,5,Pitch-level Statcast · last 5 MLB games,426,4-Seam Fastball,48.35680751173709,206.0,Sweeper,27.934272300469484,119.0,Changeup,15.492957746478874,66.0,Cutter,7.042253521126761,30.0,Knuckle Curve,0.9389671361502347,4.0,Unknown,,Unknown,,No,100.0,1.0,1.0,50.0,0.945,0.968,44.3,Current-Season Handedness Matchup,Pull Air %,Barrel %,Max Exit Velocity,40.4,35.0,22.7,41.9,50.0,45.0,38.4,4.12,0.976,1.052,0.985,1.0,0.938,0.938,1.035,15.01,8.37,84.4,31.0,D,Lineup unconfirmed,Pitch Out,0.2347417840375587,1.0,,,
211,2026-09-04,824797,2026-09-04T23:05:00Z,Scheduled,Oriole Park at Camden Yards,Boston Red Sox @ Baltimore Orioles,Home,694212,Samuel Basallo,Baltimore Orioles,Boston Red Sox,C,L,No,,99,358,323,74,10,1,17,36,50,30,3,95,0.229,0.299,0.424,0.723,10,36,31,5,1,0.161,0.0278,13,47,41,6,1,0.146,0.0213,430,46,7.4,26.2,46.6,25.0,28.1,15.6,26.2,38.1,25.7,8.6,5.3,8.6,44.2,83.3,12.8,0.55,72.2,95.5,110.9,39.4,11.4,9.8,49.2,36.7,Below Average,2.5,Contact-First Profile,A,Excellent HR swing plane,36.7,Below Average,0.963,Good,6.5,33.3,93.1,0.4,Derived proxy,Derived proxy,Derived proxy,Derived proxy,,,27.11,10.11,Strong positive regression,Below Average Contact-First Profile profile. 7.4% barrel rate; 83.3 mph average exit velocity; 26.2% air-ball rate; 38.1% pull-air rate; 8.6% HR-launch rate.,0.0475,0.0436,3.99,30,9,19.0,1.58,157.9,Above normal drought,624133.0,Ranger Suarez,L,LHB vs LHP,24,24,123.2,3.64,1.24,8,0.58,8.66,2.84,664.0,3.2,20.5,12.2,44.1,32.1,80.4,93.2,113.6,0.477,8.0,45.1,99.9,0.607,6.7,Sinker,L,LHB vs LHP,24.6,88,0.179,0.216,0.25,0.466,2,4,33,0.0227,3.7,0.443,145,0.0207,4.5,0.518,0,0,0,0/0,,,,,0,0,0,36.9,Slight Pitcher Advantage,Below average,50.0,5,Pitch-level Statcast · last 5 MLB games,438,4-Seam Fastball,24.200913242009133,106.0,Sinker,21.91780821917808,96.0,Curveball,17.123287671232877,75.0,Cutter,15.981735159817351,70.0,Changeup,12.100456621004566,53.0,Unknown,,Unknown,,No,99.0,0.99,1.0,48.2,0.99,0.957,41.6,Current-Season Handedness Matchup,Pull Air %,Barrel %,Max Exit Velocity,24.6,28.0,45.1,32.7,48.2,45.0,38.4,4.12,0.828,0.917,0.985,1.0,0.963,0.963,1.035,16.29,7.49,80.8,28.2,F,Lineup unconfirmed,Slider,8.67579908675799,38.0,,,
212,2026-09-04,823338,2026-09-04T22:45:00Z,Scheduled,PNC Park,Los Angeles Angels @ Pittsburgh Pirates,Home,694377,Nick Yorke,Pittsburgh Pirates,Los Angeles Angels,3B,R,No,,38,115,103,22,4,0,1,7,12,8,2,26,0.214,0.281,0.282,0.563,8,19,17,3,0,0.176,0.0,11,29,27,7,0,0.259,0.0,156,39,2.6,23.0,37.6,28.9,33.6,11.9,20.0,37.7,29.0,2.1,0.8,2.1,16.2,81.7,14.6,0.445,71.4,93.8,112.6,24.5,7.2,4.9,37.5,22.3,Weak,2.0,Contact-First Profile,A,Excellent HR swing plane,22.3,Weak,0.922,Good,2.6,57.1,92.3,0.424,Derived proxy,Derived proxy,Derived proxy,Derived proxy,,,3.99,2.99,Positive regression,Weak Contact-First Profile profile. 2.6% barrel rate; 81.7 mph average exit velocity; 20.0% air-ball rate; 37.7% pull-air rate; 2.1% HR-launch rate.,0.0087,0.0206,3.81,46,21,103.0,0.45,44.7,Recently homered,696270.0,Ryan Johnson,R,RHB vs RHP,17,14,72.1,5.47,1.42,16,1.99,6.47,4.48,421.0,6.2,24.2,19.0,39.8,29.9,82.4,94.8,113.6,0.572,16.0,26.9,100.0,0.454,5.3,Cutter,R,RHB vs RHP,37.9,55,0.204,0.291,0.265,0.556,0,4,10,0.0,2.7,0.432,132,0.053,6.1,0.617,0,0,0,0/0,,,,,0,0,0,36.5,Slight Pitcher Advantage,Below average,50.0,5,Pitch-level Statcast · last 5 MLB games,423,Cutter,48.463356973995275,205.0,Sweeper,25.53191489361702,108.0,Split-Finger,15.130023640661939,64.0,Sinker,10.874704491725769,46.0,,,,Unknown,,Unknown,,No,100.0,1.0,1.0,50.0,0.954,0.987,40.2,Current-Season Handedness Matchup,Pull Air %,Barrel %,Max Exit Velocity,37.9,38.6,26.9,39.8,50.0,45.0,38.4,4.12,0.758,1.142,0.985,0.94,0.922,0.867,1.0,7.62,4.67,62.5,16.2,F,Lineup unconfirmed,,,,,,
213,2026-09-04,823256,2026-09-05T01:40:00Z,Scheduled,Petco Park,New York Yankees @ San Diego Padres,Away,502671,Paul Goldschmidt,New York Yankees,San Diego Padres,1B,R,No,,95,352,321,81,11,1,18,40,49,26,3,83,0.252,0.313,0.461,0.774,5,18,17,6,2,0.353,0.1111,10,29,25,8,2,0.32,0.069,469,39,6.4,23.5,34.7,33.1,32.2,16.1,28.2,34.3,30.9,9.2,5.2,9.2,66.7,82.8,20.3,0.637,70.1,94.6,108.9,14.8,11.7,6.7,45.0,32.0,Weak,2.5,Contact-First Profile,A-,Elevated power plane,32.0,Weak,0.95,Good,7.7,30.8,95.3,0.767,Derived proxy,Derived proxy,Derived proxy,Derived proxy,,,26.38,8.38,Strong positive regression,Weak Contact-First Profile profile. 6.4% barrel rate; 82.8 mph average exit velocity; 28.2% air-ball rate; 34.3% pull-air rate; 9.2% HR-launch rate.,0.0511,0.0463,4.05,3,2,17.8,0.17,16.8,Very recent HR,621111.0,Walker Buehler,R,RHB vs RHP,27,27,131.1,4.66,1.36,17,1.16,7.61,3.36,747.0,4.6,23.2,12.0,40.8,27.6,83.0,94.6,111.9,0.507,17.0,43.6,99.6,0.583,7.2,Cutter,R,RHB vs RHP,34.0,186,0.202,0.231,0.343,0.574,7,7,52,0.0376,4.1,0.482,248,0.0403,5.0,0.512,6,6,2,2/6,0.333,0.333,0.333,0.666,0,0,4,39.0,Slight Pitcher Advantage,Below average,41.9,5,Pitch-level Statcast · last 5 MLB games,415,Cutter,27.951807228915662,116.0,Sinker,25.542168674698797,106.0,4-Seam Fastball,17.59036144578313,73.0,Slider,11.08433734939759,46.0,Changeup,8.674698795180722,36.0,Unknown,,Unknown,,No,94.0,0.94,1.0,39.2,0.987,0.971,41.2,Current-Season Handedness Matchup,Pull Air %,Barrel %,Max Exit Velocity,34.0,30.6,43.6,37.3,39.2,45.0,38.3,4.11,1.35,1.01,0.985,1.0,0.95,0.95,0.98,17.46,11.02,79.3,30.6,D,Lineup unconfirmed,Sweeper,4.819277108433735,20.0,Knuckle Curve,4.337349397590361,18.0
214,2026-09-04,822852,2026-09-05T00:05:00Z,Scheduled,Globe Life Field,Tampa Bay Rays @ Texas Rangers,Away,666018,Jonathan Aranda,Tampa Bay Rays,Texas Rangers,1B,L,No,,136,591,513,141,21,0,17,64,80,62,9,138,0.275,0.359,0.415,0.774,11,46,41,8,2,0.195,0.0435,25,107,99,23,3,0.232,0.028,803,150,4.7,24.6,42.6,22.6,34.6,15.5,28.2,34.6,34.9,7.3,4.5,7.3,44.1,84.4,21.9,0.596,68.9,94.9,111.2,11.8,13.3,4.6,51.8,29.8,Weak,2.0,Contact-First Profile,A-,Elevated power plane,29.8,Weak,0.943,Good,4.7,30.2,95.2,0.573,Derived proxy,Derived proxy,Derived proxy,Derived proxy,,,36.47,19.47,Strong positive regression,Weak Contact-First Profile profile. 4.7% barrel rate; 84.4 mph average exit velocity; 28.2% air-ball rate; 34.6% pull-air rate; 7.3% HR-launch rate.,0.0288,0.0293,4.05,15,4,30.2,0.5,49.7,Recently homered,592866.0,Trevor Williams,R,LHB vs RHP,9,0,18.1,3.93,1.42,3,1.47,11.29,3.44,114.0,3.5,16.7,10.5,34.8,34.2,79.5,91.9,109.6,0.501,3.0,49.1,100.0,0.685,4.8,4-Seam Fastball,L,LHB vs RHP,39.7,422,0.292,0.372,0.463,0.835,15,44,88,0.0355,5.2,0.64,41,0.0244,3.3,0.413,0,0,0,0/0,,,,,0,0,0,45.1,Neutral Matchup,Average,50.0,5,Pitch-level Statcast · last 5 MLB games,240,4-Seam Fastball,39.166666666666664,94.0,Sweeper,23.75,57.0,Sinker,19.166666666666668,46.0,Changeup,9.583333333333334,23.0,Slider,8.333333333333334,20.0,Unknown,,Unknown,,No,104.0,1.04,1.0,57.2,0.998,0.96,43.1,Current-Season Handedness Matchup,Pull Air %,Barrel %,Max Exit Velocity,39.7,21.1,49.1,29.9,57.2,45.0,38.3,4.11,1.099,1.015,1.025,1.0,0.943,0.943,1.0,11.35,7.73,85.0,26.1,F,Lineup unconfirmed,,,,,,
215,2026-09-04,824387,2026-09-04T23:15:00Z,Scheduled,Progressive Field,Detroit Tigers @ Cleveland Guardians,Home,663993,Nathaniel Lowe,Cleveland Guardians,Detroit Tigers,1B,L,No,,107,373,335,85,21,0,15,34,52,34,0,90,0.254,0.319,0.451,0.77,11,47,42,7,1,0.167,0.0213,22,89,79,17,3,0.215,0.0337,506,117,5.3,22.6,45.6,21.9,31.1,13.3,27.5,38.4,33.1,5.6,2.7,5.6,54.0,82.6,20.3,0.555,72.7,94.1,112.4,41.2,10.7,12.4,52.9,34.6,Weak,2.5,Contact-First Profile,A-,Elevated power plane,34.6,Weak,0.957,Good,6.0,35.3,94.0,0.477,Derived proxy,Derived proxy,Derived proxy,Derived proxy,,,23.41,8.41,Strong positive regression,Weak Contact-First Profile profile. 5.3% barrel rate; 82.6 mph average exit velocity; 27.5% air-ball rate; 38.4% pull-air rate; 5.6% HR-launch rate.,0.0402,0.0382,3.99,11,3,22.3,0.49,49.3,Recently homered,808825.0,Andrew Sears,L,LHB vs LHP,2,0,6.2,6.75,1.35,1,1.35,5.4,1.35,40.0,5.0,17.5,20.0,35.7,37.5,84.6,94.2,107.5,0.523,1.0,32.9,100.0,0.525,4.7,4-Seam Fastball,L,LHB vs LHP,39.1,39,0.081,0.128,0.081,0.209,0,2,10,0.0,0.0,0.305,11,0.0909,11.1,0.695,0,0,0,0/0,,,,,0,0,0,39.1,Slight Pitcher Advantage,Below average,50.0,2,Pitch-level Statcast · last 5 MLB games,116,4-Seam Fastball,45.689655172413794,53.0,Slider,34.48275862068966,40.0,Changeup,11.206896551724139,13.0,Sinker,8.620689655172415,10.0,,,,Unknown,,Unknown,,No,100.0,1.0,1.0,50.0,0.966,0.975,45.1,Current-Season Handedness Matchup,Pull Air %,Barrel %,Max Exit Velocity,39.1,28.9,32.9,35.3,50.0,45.0,38.3,4.11,0.881,1.004,0.985,1.0,0.957,0.957,1.0,14.4,7.41,84.1,25.4,F,Lineup unconfirmed,,,,,,
216,2026-09-04,824311,2026-09-05T00:40:00Z,Scheduled,Coors Field,St. Louis Cardinals @ Colorado Rockies,Home,664954,Brett Sullivan,Colorado Rockies,St. Louis Cardinals,C,L,No,,75,208,190,46,13,1,7,22,31,13,1,35,0.242,0.29,0.432,0.722,7,24,22,6,0,0.273,0.0,17,54,47,13,3,0.277,0.0556,293,79,4.0,22.0,60.2,19.9,19.5,15.3,30.6,63.7,27.9,7.3,6.4,7.3,71.8,82.1,20.2,0.49,67.2,93.6,107.7,5.8,12.2,1.5,56.2,30.6,Weak,2.0,Pull Power,A-,Elevated power plane,30.6,Weak,0.946,Good,5.1,65.4,94.0,0.581,Derived proxy,Derived proxy,Derived proxy,Derived proxy,,,13.37,6.37,Strong positive regression,Weak Pull Power profile. 4.0% barrel rate; 82.1 mph average exit velocity; 30.6% air-ball rate; 63.7% pull-air rate; 7.3% HR-launch rate.,0.0337,0.033,3.99,28,10,27.1,1.03,103.2,Near normal interval,669467.0,Andre Pallante,R,LHB vs RHP,24,24,136.0,3.57,1.24,10,0.66,6.42,2.71,716.0,3.4,22.8,10.3,39.4,29.5,82.4,94.6,117.8,0.462,10.0,18.8,100.0,0.424,2.7,4-Seam Fastball,L,LHB vs RHP,30.0,154,0.225,0.273,0.444,0.716,7,10,29,0.0455,4.2,0.47,305,0.0197,4.2,0.479,0,0,0,0/0,,,,,0,0,0,30.1,Slight Pitcher Advantage,Below average,50.0,5,Pitch-level Statcast · last 5 MLB games,468,4-Seam Fastball,35.68376068376068,167.0,Slider,28.418803418803417,133.0,Knuckle Curve,17.521367521367523,82.0,Sinker,15.598290598290598,73.0,Split-Finger,2.7777777777777777,13.0,Unknown,,Unknown,,No,118.0,1.18,1.0,82.4,0.938,0.959,43.8,Current-Season Handedness Matchup,Pull Air %,Barrel %,Max Exit Velocity,30.0,26.0,18.8,48.9,82.4,45.0,38.3,4.11,0.98,0.93,1.025,1.0,0.946,0.946,1.0,12.55,7.56,71.2,24.4,F,Lineup unconfirmed,,,,,,
217,2026-09-04,824067,2026-09-05T00:10:00Z,Scheduled,Kauffman Stadium,Toronto Blue Jays @ Kansas City Royals,Home,664728,Kyle Isbel,Kansas City Royals,Toronto Blue Jays,CF,L,No,,81,269,243,57,9,1,6,28,24,14,3,60,0.235,0.282,0.354,0.636,10,37,34,8,1,0.235,0.027,23,79,73,15,3,0.205,0.038,337,93,2.3,22.8,38.7,32.9,27.4,13.5,24.8,34.2,27.2,4.4,2.3,4.4,101.2,81.4,12.8,0.382,66.6,94.8,108.8,13.1,9.2,3.8,34.6,18.3,Weak,1.5,Contact-First Profile,A,Excellent HR swing plane,18.3,Weak,0.911,Good,2.2,28.0,95.1,0.344,Derived proxy,Derived proxy,Derived proxy,Derived proxy,,,8.6,2.6,Positive regression,Weak Contact-First Profile profile. 2.3% barrel rate; 81.4 mph average exit velocity; 24.8% air-ball rate; 34.2% pull-air rate; 4.4% HR-launch rate.,0.0223,0.0253,3.81,31,9,40.5,0.77,76.5,Recently homered,592791.0,Jameson Taillon,R,LHB vs RHP,17,17,84.0,5.68,1.37,26,2.79,8.04,3.43,449.0,8.5,24.3,21.6,48.0,33.6,82.8,95.4,112.4,0.681,26.0,11.2,99.7,0.362,1.6,4-Seam Fastball,L,LHB vs RHP,43.4,202,0.254,0.308,0.387,0.695,5,12,45,0.0248,3.1,0.42,189,0.0741,9.2,0.717,2,2,0,0/2,0.0,0.0,0.0,0.0,0,0,1,32.5,Slight Pitcher Advantage,Below average,45.0,5,Pitch-level Statcast · last 5 MLB games,320,4-Seam Fastball,23.4375,75.0,Changeup,18.75,60.0,Cutter,17.1875,55.0,Curveball,16.25,52.0,Sweeper,14.6875,47.0,Unknown,,Unknown,,No,100.0,1.0,1.0,50.0,0.922,1.01,36.7,Current-Season Handedness Matchup,Pull Air %,Barrel %,Max Exit Velocity,43.4,58.2,11.2,22.0,50.0,45.0,38.2,4.1,1.105,1.2,1.025,0.975,0.911,0.888,1.0,9.3,6.94,77.5,22.0,F,Lineup unconfirmed,Sinker,9.6875,31.0,,,
218,2026-09-04,824146,2026-09-05T00:10:00Z,Scheduled,Daikin Park,Arizona Diamondbacks @ Houston Astros,Away,691783,Jordan Lawlar,Arizona Diamondbacks,Houston Astros,CF,R,No,,25,85,76,21,2,0,4,11,10,4,4,23,0.276,0.345,0.461,0.806,9,26,23,6,2,0.261,0.0769,13,41,38,9,3,0.237,0.0732,107,50,3.2,13.3,37.4,28.8,33.8,19.8,29.9,46.8,27.2,6.4,3.8,6.4,139.2,81.1,12.7,0.549,66.2,92.4,104.9,4.4,7.1,1.5,53.1,25.0,Weak,2.0,Pull Power,A,Excellent HR swing plane,25.0,Weak,0.93,Good,4.0,46.7,91.9,0.557,Derived proxy,Derived proxy,Derived proxy,Derived proxy,,,3.83,-0.17,Near expected,Weak Pull Power profile. 3.2% barrel rate; 81.1 mph average exit velocity; 29.9% air-ball rate; 46.8% pull-air rate; 6.4% HR-launch rate.,0.0471,0.0382,4.15,3,1,19.0,0.16,15.8,Very recent HR,664299.0,Cristian Javier,R,RHB vs RHP,13,8,44.2,6.45,1.63,8,1.61,8.46,3.83,281.0,4.3,20.3,20.3,46.8,32.4,82.3,93.7,110.8,0.58,8.0,27.5,97.8,0.518,2.3,4-Seam Fastball,R,RHB vs RHP,44.4,45,0.22,0.289,0.317,0.606,1,1,14,0.0222,1.9,0.472,112,0.0536,5.1,0.692,3,3,0,0/3,0.0,0.0,0.0,0.0,0,0,0,38.1,Slight Pitcher Advantage,Below average,42.5,5,Pitch-level Statcast · last 5 MLB games,426,4-Seam Fastball,48.35680751173709,206.0,Sweeper,27.934272300469484,119.0,Changeup,15.492957746478874,66.0,Cutter,7.042253521126761,30.0,Knuckle Curve,0.9389671361502347,4.0,Unknown,,Unknown,,No,100.0,1.0,1.0,50.0,0.955,0.968,42.5,Current-Season Handedness Matchup,Pull Air %,Barrel %,Max Exit Velocity,44.4,35.0,27.5,37.3,50.0,45.0,38.1,4.1,1.35,1.052,0.985,1.0,0.93,0.93,0.98,14.94,10.09,61.4,27.1,F,Lineup unconfirmed,Pitch Out,0.2347417840375587,1.0,,,
219,2026-09-04,824554,2026-09-04T23:40:00Z,Scheduled,Rate Field,Minnesota Twins @ Chicago White Sox,Home,691011,Drew Romo,Chicago White Sox,Minnesota Twins,C,S,No,,60,203,177,25,5,0,7,17,16,20,3,47,0.141,0.239,0.288,0.527,7,25,18,3,0,0.167,0.0,15,50,41,7,2,0.171,0.04,243,67,3.7,21.2,45.3,35.0,19.7,14.4,24.2,42.9,24.9,5.8,3.7,5.8,80.5,79.6,18.0,0.413,67.2,92.2,107.5,4.8,8.2,1.4,42.5,21.5,Weak,2.0,Pull Power,A,Excellent HR swing plane,21.5,Weak,0.92,Good,3.0,42.9,92.0,0.438,Derived proxy,Derived proxy,Derived proxy,Derived proxy,,,9.04,2.04,Positive regression,Weak Pull Power profile. 3.7% barrel rate; 79.6 mph average exit velocity; 24.2% air-ball rate; 42.9% pull-air rate; 5.8% HR-launch rate.,0.0345,0.0336,3.81,22,9,25.3,0.87,87.0,Near normal interval,805673.0,Zebby Matthews,R,Switch vs RHP,19,19,112.0,4.58,1.26,19,1.53,7.47,2.57,620.0,6.5,27.1,13.7,47.9,31.0,85.0,96.4,112.8,0.55,19.0,22.1,100.0,0.43,4.0,4-Seam Fastball,L,LHB vs RHP,34.7,165,0.144,0.232,0.288,0.519,6,14,39,0.0364,4.2,0.408,265,0.0377,7.2,0.578,5,5,2,2/5,0.4,0.4,1.0,1.4,1,0,1,35.9,Slight Pitcher Advantage,Below average,62.5,5,Pitch-level Statcast · last 5 MLB games,475,4-Seam Fastball,34.526315789473685,164.0,Slider,22.526315789473685,107.0,Changeup,13.894736842105264,66.0,Cutter,13.263157894736842,63.0,Curveball,10.105263157894736,48.0,Unknown,,Unknown,,No,100.0,1.0,1.0,50.0,0.944,0.99,37.9,Current-Season Handedness Matchup,Pull Air %,Barrel %,Max Exit Velocity,34.7,46.2,22.1,31.7,50.0,45.0,38.1,4.1,0.892,1.069,1.035,0.94,0.92,0.865,1.0,12.2,6.67,70.5,21.1,F,Lineup unconfirmed,Sinker,5.684210526315789,27.0,,,
220,2026-09-04,823093,2026-09-05T02:10:00Z,Scheduled,T-Mobile Park,Athletics @ Seattle Mariners,Away,703607,Henry Bolte,Athletics,Seattle Mariners,CF,R,No,,98,381,336,93,12,1,8,42,30,28,13,103,0.277,0.354,0.39,0.744,12,59,51,17,2,0.333,0.0339,27,124,112,35,4,0.312,0.0323,418,142,4.1,28.1,32.6,35.9,31.2,8.0,19.1,28.2,29.6,4.8,1.8,4.8,53.9,83.7,6.2,0.544,74.6,97.6,113.5,64.2,8.3,13.6,43.6,30.7,Weak,2.0,Contact-First Profile,C,Low line-drive plane,30.7,Weak,0.946,Good,4.2,29.6,97.5,0.569,Derived proxy,Derived proxy,Derived proxy,Derived proxy,,,15.42,7.42,Strong positive regression,Weak Contact-First Profile profile. 4.1% barrel rate; 83.7 mph average exit velocity; 19.1% air-ball rate; 28.2% pull-air rate; 4.8% HR-launch rate.,0.021,0.0236,4.05,4,1,42.0,0.1,9.5,Very recent HR,669302.0,Logan Gilbert,R,RHB vs RHP,27,27,160.1,3.42,1.04,22,1.23,9.32,2.25,844.0,5.2,23.2,14.5,46.0,31.6,82.5,94.6,115.2,0.543,22.0,44.6,99.8,0.637,5.0,4-Seam Fastball,R,RHB vs RHP,24.2,241,0.27,0.35,0.332,0.682,1,19,56,0.0041,1.8,0.436,278,0.0396,6.8,0.547,3,3,0,0/3,0.0,0.0,0.0,0.0,0,0,1,35.0,Slight Pitcher Advantage,Below average,42.5,5,Pitch-level Statcast · last 5 MLB games,479,4-Seam Fastball,43.42379958246347,208.0,Slider,23.799582463465555,114.0,Split-Finger,16.701461377870565,80.0,Changeup,9.394572025052192,45.0,Sweeper,4.592901878914405,22.0,Unknown,,Unknown,,No,92.0,0.92,1.0,35.6,0.989,0.977,36.6,Current-Season Handedness Matchup,Pull Air %,Barrel %,Max Exit Velocity,24.2,37.8,44.6,32.9,35.6,45.0,38.1,4.1,1.161,1.021,0.985,1.0,0.946,0.946,0.98,9.23,6.26,85.0,23.3,F,Lineup unconfirmed,Cutter,1.8789144050104385,9.0,Sinker,0.20876826722338204,1.0
221,2026-09-04,823579,2026-09-04T23:10:00Z,Scheduled,Citi Field,San Francisco Giants @ New York Mets,Away,806367,Turner Hill,San Francisco Giants,New York Mets,LF,L,No,,16,56,44,14,5,0,0,7,11,7,2,7,0.318,0.411,0.432,0.843,11,42,32,11,0,0.344,0.0,16,56,44,14,0,0.318,0.0,60,60,6.7,30.0,51.3,25.6,23.1,13.3,33.3,45.0,35.0,10.0,6.7,10.0,0.0,82.8,9.8,0.51,64.1,96.2,105.2,0.0,16.7,0.0,57.7,34.9,Weak,2.5,Pull Power,C,Low line-drive plane,34.9,Weak,0.958,Good,6.7,45.0,96.2,0.51,Derived proxy,Derived proxy,Derived proxy,Derived proxy,,,3.65,3.65,Positive regression,Weak Pull Power profile. 6.7% barrel rate; 82.8 mph average exit velocity; 33.3% air-ball rate; 45.0% pull-air rate; 10.0% HR-launch rate.,0.0,0.0218,4.23,44,16,,,,No season HR,690997.0,Nolan McLean,R,LHB vs RHP,27,27,155.2,3.06,1.12,15,0.87,9.94,3.53,770.0,3.6,21.2,12.3,40.4,29.0,81.4,93.6,112.8,0.483,15.0,28.6,72.3,0.395,9.0,Sinker,L,LHB vs RHP,36.6,44,0.316,0.364,0.421,0.785,0,4,6,0.0,7.7,0.539,386,0.0285,4.2,0.553,0,0,0,0/0,,,,,0,0,0,36.5,Slight Pitcher Advantage,Below average,50.0,5,Pitch-level Statcast · last 5 MLB games,467,Sinker,35.54603854389722,166.0,4-Seam Fastball,18.41541755888651,86.0,Curveball,14.5610278372591,68.0,Cutter,14.132762312633833,66.0,Slider,7.494646680942184,35.0,Unknown,,Unknown,,No,100.0,1.0,1.0,50.0,0.957,0.961,45.2,Current-Season Handedness Matchup,Pull Air %,Barrel %,Max Exit Velocity,36.6,26.2,28.6,50.1,50.0,45.0,38.0,4.09,0.758,0.963,1.025,1.0,0.958,0.958,1.0,8.91,4.93,60.5,19.2,F,Small season sample; Lineup unconfirmed,Sweeper,6.638115631691649,31.0,Changeup,3.2119914346895073,15.0
222,2026-09-04,824554,2026-09-04T23:40:00Z,Scheduled,Rate Field,Minnesota Twins @ Chicago White Sox,Away,605170,Victor Caratini,Minnesota Twins,Chicago White Sox,C,S,No,,95,345,293,65,9,0,7,27,40,34,10,68,0.222,0.316,0.324,0.64,4,10,8,1,0,0.125,0.0,11,38,29,5,0,0.172,0.0,404,52,3.4,25.8,46.7,27.0,26.3,10.5,24.7,45.2,28.0,5.3,3.7,5.3,26.8,83.9,15.1,0.45,69.4,95.0,107.5,12.2,10.0,5.1,50.6,26.9,Weak,2.0,Pull Power,A,Excellent HR swing plane,26.9,Weak,0.935,Good,1.9,55.6,93.7,0.373,Derived proxy,Derived proxy,Derived proxy,Derived proxy,,,15.03,8.03,Strong positive regression,Weak Pull Power profile. 3.4% barrel rate; 83.9 mph average exit velocity; 24.7% air-ball rate; 45.2% pull-air rate; 5.3% HR-launch rate.,0.0203,0.0233,3.93,98,33,41.9,2.34,234.1,Very long drought,607200.0,Erick Fedde,R,Switch vs RHP,29,13,123.1,4.16,1.37,22,1.61,6.42,3.28,696.0,5.5,26.9,16.8,46.0,32.8,83.4,95.8,114.9,0.537,22.0,25.3,99.6,0.483,3.0,Sweeper,L,LHB vs RHP,25.6,233,0.237,0.318,0.348,0.666,5,24,36,0.0215,4.0,0.466,290,0.0207,4.6,0.538,3,2,1,1/2,0.5,0.667,0.5,1.167,0,1,1,31.1,Slight Pitcher Advantage,Below average,53.8,5,Pitch-level Statcast · last 5 MLB games,288,Sweeper,36.458333333333336,105.0,Sinker,34.02777777777778,98.0,Cutter,15.972222222222221,46.0,Changeup,12.5,36.0,4-Seam Fastball,1.0416666666666667,3.0,Unknown,,Unknown,,No,100.0,1.0,1.0,50.0,0.951,0.98,38.7,Current-Season Handedness Matchup,Pull Air %,Barrel %,Max Exit Velocity,25.6,39.9,25.3,41.4,50.0,45.0,38.0,4.09,0.901,1.082,1.035,0.94,0.935,0.879,1.06,8.85,5.75,79.7,27.6,F,Lineup unconfirmed,,,,,,
223,2026-09-04,824424,2026-09-04T18:10:00Z,Scheduled,Progressive Field,Detroit Tigers @ Cleveland Guardians,Home,672275,Patrick Bailey,Cleveland Guardians,Detroit Tigers,C,S,No,,95,292,262,54,7,1,8,25,32,25,0,72,0.206,0.272,0.332,0.604,7,18,13,6,1,0.462,0.0556,18,54,45,11,2,0.244,0.037,389,64,3.6,24.6,43.1,27.7,27.5,13.8,27.7,36.1,35.2,6.0,3.8,6.0,69.7,83.7,14.2,0.596,70.6,95.0,109.8,26.6,12.3,5.9,39.1,29.2,Weak,2.0,Contact-First Profile,A,Excellent HR swing plane,29.2,Weak,0.942,Good,3.1,38.1,95.4,0.662,Derived proxy,Derived proxy,Derived proxy,Derived proxy,,,14.36,6.36,Strong positive regression,Weak Contact-First Profile profile. 3.6% barrel rate; 83.7 mph average exit velocity; 27.7% air-ball rate; 36.1% pull-air rate; 6.0% HR-launch rate.,0.0274,0.0287,3.81,3,2,32.8,0.09,9.2,Very recent HR,672456.0,Keider Montero,R,Switch vs RHP,28,22,139.0,3.24,0.99,14,0.91,5.96,2.01,738.0,4.6,24.7,14.8,46.6,26.0,83.1,95.0,112.4,0.463,14.0,35.7,99.7,0.592,2.7,4-Seam Fastball,L,LHB vs RHP,31.8,244,0.213,0.267,0.342,0.61,7,17,59,0.0287,3.8,0.566,316,0.0285,5.2,0.504,2,2,0,0/2,0.0,0.0,0.0,0.0,0,0,0,35.8,Slight Pitcher Advantage,Below average,45.0,5,Pitch-level Statcast · last 5 MLB games,407,4-Seam Fastball,31.44963144963145,128.0,Slider,20.884520884520885,85.0,Sinker,18.91891891891892,77.0,Changeup,15.97051597051597,65.0,Knuckle Curve,12.776412776412776,52.0,Unknown,,Unknown,,No,100.0,1.0,1.0,50.0,0.971,0.971,40.0,Current-Season Handedness Matchup,Pull Air %,Barrel %,Max Exit Velocity,31.8,33.6,35.7,34.3,50.0,45.0,38.0,4.09,1.257,0.97,1.035,0.94,0.942,0.885,0.98,10.51,7.13,77.2,22.2,F,Lineup unconfirmed,,,,,,
224,2026-09-04,823824,2026-09-04T23:10:00Z,Scheduled,loanDepot park,Chicago Cubs @ Miami Marlins,Away,699393,Pedro Ramírez,Chicago Cubs,Miami Marlins,2B,S,No,,62,194,174,49,10,2,4,28,24,17,1,35,0.282,0.347,0.431,0.778,9,37,33,10,2,0.303,0.0541,21,77,69,18,3,0.261,0.039,265,102,3.3,27.8,58.8,21.5,19.7,12.5,25.4,53.2,28.3,4.4,2.8,4.4,58.8,83.6,15.0,0.465,69.6,95.9,109.7,20.4,9.2,7.4,43.4,30.9,Weak,2.0,Pull Power,A,Excellent HR swing plane,30.9,Weak,0.947,Good,3.9,57.7,96.0,0.484,Derived proxy,Derived proxy,Derived proxy,Derived proxy,,,9.91,5.91,Strong positive regression,Weak Pull Power profile. 3.3% barrel rate; 83.6 mph average exit velocity; 25.4% air-ball rate; 53.2% pull-air rate; 4.4% HR-launch rate.,0.0206,0.025,4.05,9,3,43.5,0.21,20.7,Very recent HR,676083.0,Janson Junk,R,Switch vs RHP,21,20,103.0,4.11,1.3,12,1.05,6.12,2.45,635.0,4.3,23.9,11.7,47.2,29.3,83.0,95.2,114.2,0.497,12.0,25.0,99.9,0.472,3.4,4-Seam Fastball,L,LHB vs RHP,22.4,157,0.27,0.333,0.418,0.752,3,13,29,0.0191,2.8,0.436,274,0.0219,4.2,0.527,0,0,0,0/0,,,,,0,0,0,28.8,Strong Pitcher Advantage,Below average,50.0,5,Pitch-level Statcast · last 5 MLB games,311,4-Seam Fastball,28.938906752411576,90.0,Slider,18.327974276527332,57.0,Sweeper,17.363344051446944,54.0,Changeup,17.041800643086816,53.0,Curveball,13.82636655948553,43.0,Unknown,,Unknown,,No,94.0,0.94,1.0,39.2,0.95,0.968,43.4,Current-Season Handedness Matchup,Pull Air %,Barrel %,Max Exit Velocity,22.4,34.0,25.0,50.3,39.2,45.0,38.0,4.09,1.35,0.992,1.035,1.0,0.947,0.947,0.98,9.73,7.1,72.0,23.4,F,Lineup unconfirmed,Sinker,4.501607717041801,14.0,,,
225,2026-09-04,824797,2026-09-04T23:05:00Z,Scheduled,Oriole Park at Camden Yards,Boston Red Sox @ Baltimore Orioles,Away,655316,Andruw Monasterio,Boston Red Sox,Baltimore Orioles,SS,R,No,,97,319,287,71,23,1,6,34,40,24,3,59,0.247,0.308,0.397,0.705,9,29,27,4,0,0.148,0.0,24,91,80,16,0,0.2,0.0,474,129,3.3,16.7,33.9,33.8,32.3,15.3,28.1,36.6,32.5,5.3,3.8,5.3,21.7,81.8,22.7,0.424,67.5,92.3,108.0,4.3,10.1,0.9,51.2,20.6,Weak,2.0,Contact-First Profile,A-,Elevated power plane,20.6,Weak,0.918,Good,2.3,31.6,92.0,0.342,Derived proxy,Derived proxy,Derived proxy,Derived proxy,,,15.65,9.65,Strong positive regression,Weak Contact-First Profile profile. 3.3% barrel rate; 81.8 mph average exit velocity; 28.1% air-ball rate; 36.6% pull-air rate; 5.3% HR-launch rate.,0.0188,0.0224,4.05,102,30,47.8,2.13,213.2,Very long drought,669358.0,Shane Baz,R,RHB vs RHP,27,27,157.0,4.01,1.35,11,0.63,7.97,3.15,919.0,3.7,24.0,13.5,38.1,29.8,83.1,94.8,116.9,0.507,11.0,77.4,99.6,0.862,10.7,4-Seam Fastball,R,RHB vs RHP,12.7,204,0.245,0.296,0.337,0.633,1,12,38,0.0049,2.4,0.389,277,0.0144,3.0,0.477,0,0,0,0/0,,,,,0,0,0,42.8,Slight Pitcher Advantage,Below average,50.0,5,Pitch-level Statcast · last 5 MLB games,442,4-Seam Fastball,37.33031674208145,165.0,Knuckle Curve,31.67420814479638,140.0,Sinker,12.44343891402715,55.0,Changeup,10.180995475113122,45.0,Cutter,8.371040723981901,37.0,Unknown,,Unknown,,No,99.0,0.99,1.0,48.2,1.055,0.962,29.6,Current-Season Handedness Matchup,Pull Air %,Barrel %,Max Exit Velocity,12.7,26.8,77.4,19.7,48.2,45.0,38.0,4.09,0.758,0.925,0.985,1.0,0.918,0.918,1.06,8.77,4.94,82.1,26.5,F,Lineup unconfirmed,,,,,,
226,2026-09-04,824067,2026-09-05T00:10:00Z,Scheduled,Kauffman Stadium,Toronto Blue Jays @ Kansas City Royals,Home,686475,Tyler Tolbert,Kansas City Royals,Toronto Blue Jays,SS,R,No,,68,132,114,35,5,0,3,31,8,12,1,24,0.307,0.375,0.43,0.805,9,17,15,5,0,0.333,0.0,19,41,34,9,0,0.265,0.0,146,37,1.3,15.4,28.9,38.6,32.4,16.9,31.9,37.3,34.6,4.1,1.8,4.1,100.0,79.3,15.8,0.376,63.9,90.8,105.1,2.1,7.7,0.0,35.1,15.1,Weak,1.5,Contact-First Profile,A,Excellent HR swing plane,15.1,Weak,0.902,Good,0.0,35.7,89.3,0.328,Derived proxy,Derived proxy,Derived proxy,Derived proxy,,,2.96,-0.04,Near expected,Weak Contact-First Profile profile. 1.3% barrel rate; 79.3 mph average exit velocity; 31.9% air-ball rate; 37.3% pull-air rate; 4.1% HR-launch rate.,0.0227,0.0271,4.09,46,23,38.0,1.21,121.1,Near normal interval,592791.0,Jameson Taillon,R,RHB vs RHP,17,17,84.0,5.68,1.37,26,2.79,8.04,3.43,449.0,8.5,24.3,21.6,48.0,33.6,82.8,95.4,112.4,0.681,26.0,12.8,99.7,0.378,1.0,4-Seam Fastball,R,RHB vs RHP,50.2,58,0.346,0.375,0.481,0.856,2,2,13,0.0345,4.8,0.49,174,0.069,7.7,0.643,0,0,0,0/0,,,,,0,0,0,37.1,Slight Pitcher Advantage,Below average,50.0,5,Pitch-level Statcast · last 5 MLB games,320,4-Seam Fastball,23.4375,75.0,Changeup,18.75,60.0,Cutter,17.1875,55.0,Curveball,16.25,52.0,Sweeper,14.6875,47.0,Unknown,,Unknown,,No,100.0,1.0,1.0,50.0,0.926,1.01,36.3,Current-Season Handedness Matchup,Pull Air %,Barrel %,Max Exit Velocity,50.2,58.2,12.8,17.4,50.0,45.0,38.0,4.09,0.758,1.2,0.985,1.0,0.902,0.902,1.0,10.64,5.91,64.7,22.9,F,Lineup unconfirmed,Sinker,9.6875,31.0,,,
227,2026-09-04,823256,2026-09-05T01:40:00Z,Scheduled,Petco Park,New York Yankees @ San Diego Padres,Away,669224,Austin Wells,New York Yankees,San Diego Padres,C,L,No,,105,330,290,55,7,0,10,30,28,34,3,89,0.19,0.28,0.317,0.597,12,38,33,10,2,0.303,0.0526,25,72,65,17,2,0.262,0.0278,428,110,3.2,26.0,54.6,25.9,19.1,14.2,24.5,47.2,31.6,5.7,3.7,5.7,73.2,82.9,22.3,0.48,70.5,95.3,109.0,23.5,12.6,7.1,49.2,31.4,Weak,2.5,Pull Power,A-,Elevated power plane,31.4,Weak,0.948,Good,1.8,48.0,94.5,0.41,Derived proxy,Derived proxy,Derived proxy,Derived proxy,,,15.48,5.48,Strong positive regression,Weak Pull Power profile. 3.2% barrel rate; 82.9 mph average exit velocity; 24.5% air-ball rate; 47.2% pull-air rate; 5.7% HR-launch rate.,0.0303,0.0308,3.87,8,3,29.0,0.28,27.6,Very recent HR,621111.0,Walker Buehler,R,LHB vs RHP,27,27,131.1,4.66,1.36,17,1.16,7.61,3.36,747.0,4.6,23.2,12.0,40.8,27.6,83.0,94.6,111.9,0.507,17.0,37.1,99.6,0.569,4.6,Cutter,L,LHB vs RHP,29.9,243,0.21,0.31,0.333,0.643,7,28,64,0.0288,4.5,0.554,311,0.0225,4.2,0.503,3,3,1,1/3,0.333,0.333,0.333,0.666,0,0,0,35.6,Slight Pitcher Advantage,Below average,46.0,5,Pitch-level Statcast · last 5 MLB games,415,Cutter,27.951807228915662,116.0,Sinker,25.542168674698797,106.0,4-Seam Fastball,17.59036144578313,73.0,Slider,11.08433734939759,46.0,Changeup,8.674698795180722,36.0,Unknown,,Unknown,,No,94.0,0.94,1.0,39.2,0.974,0.971,42.7,Current-Season Handedness Matchup,Pull Air %,Barrel %,Max Exit Velocity,29.9,30.6,37.1,39.2,39.2,45.0,38.0,4.09,1.139,1.01,1.025,0.94,0.948,0.891,0.98,11.39,6.95,81.3,22.5,F,Lineup unconfirmed,Sweeper,4.819277108433735,20.0,Knuckle Curve,4.337349397590361,18.0
228,2026-09-04,824424,2026-09-04T18:10:00Z,Scheduled,Progressive Field,Detroit Tigers @ Cleveland Guardians,Away,805808,Kevin McGonigle,Detroit Tigers,Cleveland Guardians,SS,L,No,,135,608,520,141,24,3,14,86,58,82,3,83,0.271,0.372,0.41,0.782,11,48,44,6,1,0.136,0.0208,25,113,101,23,3,0.228,0.0265,831,160,4.1,23.1,46.8,21.0,32.1,19.4,31.4,41.2,29.8,7.6,5.0,7.6,43.5,82.4,21.3,0.516,69.4,94.2,110.0,12.9,11.7,3.9,51.0,28.8,Weak,2.0,Contact-First Profile,A-,Elevated power plane,28.8,Weak,0.941,Good,3.8,43.1,93.9,0.521,Derived proxy,Derived proxy,Derived proxy,Derived proxy,,,34.46,20.46,Strong positive regression,Weak Contact-First Profile profile. 4.1% barrel rate; 82.4 mph average exit velocity; 31.4% air-ball rate; 41.2% pull-air rate; 7.6% HR-launch rate.,0.023,0.0245,4.05,36,9,37.1,0.97,96.9,Near normal interval,671106.0,Logan Allen,L,LHB vs LHP,6,1,14.1,3.77,1.47,3,1.88,9.42,2.51,93.0,5.4,23.7,20.4,41.7,25.8,81.7,95.0,109.4,0.531,3.0,28.4,100.0,0.496,3.9,4-Seam Fastball,L,LHB vs LHP,31.3,181,0.226,0.309,0.321,0.63,3,19,35,0.0166,3.5,0.449,24,0.0833,3.0,0.502,0,0,0,0/0,,,,,0,0,0,34.0,Slight Pitcher Advantage,Below average,50.0,5,Pitch-level Statcast · last 5 MLB games,180,4-Seam Fastball,30.555555555555557,55.0,Cutter,26.666666666666668,48.0,Sweeper,18.88888888888889,34.0,Changeup,15.0,27.0,Sinker,8.88888888888889,16.0,Unknown,,Unknown,,No,100.0,1.0,1.0,50.0,0.957,0.979,40.9,Current-Season Handedness Matchup,Pull Air %,Barrel %,Max Exit Velocity,31.3,35.8,28.4,37.4,50.0,45.0,37.9,4.09,0.982,1.025,0.985,1.0,0.941,0.941,1.0,9.56,6.02,85.0,24.5,F,Lineup unconfirmed,,,,,,
229,2026-09-04,823905,2026-09-05T02:10:00Z,Scheduled,UNIQLO Field at Dodger Stadium,Washington Nationals @ Los Angeles Dodgers,Home,605141,Mookie Betts,Los Angeles Dodgers,Washington Nationals,SS,R,No,,103,439,401,97,19,0,17,54,53,35,2,50,0.242,0.305,0.416,0.721,11,52,44,12,1,0.273,0.0192,25,109,96,26,4,0.271,0.0367,557,128,4.5,24.7,45.0,29.7,25.2,20.4,37.2,46.4,34.0,6.3,4.5,6.3,68.9,84.1,21.2,0.47,68.1,95.1,108.3,8.7,13.4,1.7,56.1,30.1,Weak,2.0,Pull Power,A-,Elevated power plane,30.1,Weak,0.944,Good,3.9,50.0,94.1,0.445,Derived proxy,Derived proxy,Derived proxy,Derived proxy,,,25.41,8.41,Strong positive regression,Weak Pull Power profile. 4.5% barrel rate; 84.1 mph average exit velocity; 37.2% air-ball rate; 46.4% pull-air rate; 6.3% HR-launch rate.,0.0387,0.0373,3.99,3,1,23.6,0.13,12.7,Very recent HR,800600.0,Jackson Kent,L,RHB vs LHP,4,4,19.1,5.59,1.71,1,0.47,7.91,6.98,116.0,3.4,24.1,7.8,61.9,27.6,80.5,93.2,111.3,0.521,1.0,22.0,100.0,0.429,4.1,4-Seam Fastball,R,RHB vs LHP,32.9,137,0.226,0.292,0.371,0.663,4,12,11,0.0292,5.7,0.523,67,0.0149,3.4,0.532,0,0,0,0/0,,,,,0,0,0,32.5,Slight Pitcher Advantage,Below average,50.0,4,Pitch-level Statcast · last 5 MLB games,358,4-Seam Fastball,35.19553072625698,126.0,Changeup,21.22905027932961,76.0,Slider,17.877094972067038,64.0,Curveball,13.687150837988828,49.0,Sinker,12.011173184357542,43.0,Unknown,,Unknown,,No,100.0,1.0,1.0,50.0,0.944,0.959,43.9,Current-Season Handedness Matchup,Pull Air %,Barrel %,Max Exit Velocity,32.9,33.4,22.0,44.6,50.0,45.0,37.9,4.09,0.891,0.972,1.025,1.0,0.944,0.944,0.98,14.07,7.03,85.0,24.2,F,Lineup unconfirmed,,,,,,
230,2026-09-04,824311,2026-09-05T00:40:00Z,Scheduled,Coors Field,St. Louis Cardinals @ Colorado Rockies,Home,678662,Ezequiel Tovar,Colorado Rockies,St. Louis Cardinals,SS,R,No,,128,450,412,86,21,0,10,44,41,27,2,115,0.209,0.256,0.333,0.589,10,27,25,7,1,0.28,0.037,22,61,54,12,1,0.222,0.0164,677,93,3.3,17.6,42.3,29.8,27.8,14.9,23.4,48.6,29.3,4.6,3.0,4.6,39.9,79.4,24.9,0.512,69.7,91.1,109.4,19.5,7.9,4.5,47.9,26.3,Weak,2.0,Pull Power,A-,Elevated power plane,26.3,Weak,0.934,Good,3.2,60.0,90.1,0.525,Derived proxy,Derived proxy,Derived proxy,Derived proxy,,,23.64,13.64,Strong positive regression,Weak Pull Power profile. 3.3% barrel rate; 79.4 mph average exit velocity; 23.4% air-ball rate; 48.6% pull-air rate; 4.6% HR-launch rate.,0.0222,0.0243,3.81,20,8,41.2,0.49,48.5,Recently homered,669467.0,Andre Pallante,R,RHB vs RHP,24,24,136.0,3.57,1.24,10,0.66,6.42,2.71,716.0,3.4,22.8,10.3,39.4,29.5,82.4,94.6,117.8,0.462,10.0,31.5,100.0,0.532,3.6,4-Seam Fastball,R,RHB vs RHP,22.2,313,0.215,0.256,0.344,0.599,8,17,71,0.0256,3.3,0.513,259,0.0154,2.4,0.441,1,1,0,0/1,0.0,0.0,0.0,0.0,0,0,0,30.5,Slight Pitcher Advantage,Below average,47.5,5,Pitch-level Statcast · last 5 MLB games,468,4-Seam Fastball,35.68376068376068,167.0,Slider,28.418803418803417,133.0,Knuckle Curve,17.521367521367523,82.0,Sinker,15.598290598290598,73.0,Split-Finger,2.7777777777777777,13.0,Unknown,,Unknown,,No,118.0,1.18,1.0,82.4,0.963,0.959,39.5,Current-Season Handedness Matchup,Pull Air %,Barrel %,Max Exit Velocity,22.2,26.0,31.5,36.9,82.4,45.0,37.8,4.08,1.057,0.93,0.985,0.94,0.934,0.878,1.0,8.94,5.98,81.9,21.0,F,Lineup unconfirmed,,,,,,
231,2026-09-04,824554,2026-09-04T23:40:00Z,Scheduled,Rate Field,Minnesota Twins @ Chicago White Sox,Home,805367,Chase Meidroth,Chicago White Sox,Minnesota Twins,2B,R,No,,134,564,498,136,27,0,12,76,51,53,4,124,0.273,0.346,0.4,0.746,11,47,43,13,0,0.302,0.0,24,105,96,27,3,0.281,0.0286,720,137,2.1,20.6,43.8,29.0,26.7,11.7,24.9,43.8,28.4,5.4,3.2,5.4,95.8,81.7,13.9,0.442,64.1,92.9,108.9,0.9,9.6,0.5,58.8,22.7,Weak,2.0,Pull Power,A,Excellent HR swing plane,22.7,Weak,0.924,Good,1.5,45.9,92.2,0.437,Derived proxy,Derived proxy,Derived proxy,Derived proxy,,,20.14,8.14,Strong positive regression,Weak Pull Power profile. 2.1% barrel rate; 81.7 mph average exit velocity; 24.9% air-ball rate; 43.8% pull-air rate; 5.4% HR-launch rate.,0.0213,0.0232,3.99,78,20,41.5,1.88,188.0,Above normal drought,805673.0,Zebby Matthews,R,RHB vs RHP,19,19,112.0,4.58,1.26,19,1.53,7.47,2.57,620.0,6.5,27.1,13.7,47.9,31.0,85.0,96.4,112.8,0.55,19.0,21.8,100.0,0.46,2.4,4-Seam Fastball,R,RHB vs RHP,27.5,401,0.254,0.322,0.358,0.68,8,33,92,0.02,2.6,0.433,203,0.0443,5.4,0.515,4,4,0,0/4,0.0,0.0,0.0,0.0,0,0,0,28.0,Strong Pitcher Advantage,Below average,40.0,5,Pitch-level Statcast · last 5 MLB games,475,4-Seam Fastball,34.526315789473685,164.0,Slider,22.526315789473685,107.0,Changeup,13.894736842105264,66.0,Cutter,13.263157894736842,63.0,Curveball,10.105263157894736,48.0,Unknown,,Unknown,,No,100.0,1.0,1.0,50.0,0.944,0.99,37.1,Current-Season Handedness Matchup,Pull Air %,Barrel %,Max Exit Velocity,27.5,46.2,21.8,32.7,50.0,45.0,37.8,4.08,0.899,1.069,0.985,1.0,0.924,0.924,1.035,8.92,5.66,85.0,27.6,F,Lineup unconfirmed,Sinker,5.684210526315789,27.0,,,
232,2026-09-04,824471,2026-09-04T22:10:00Z,Scheduled,Great American Ball Park,Milwaukee Brewers @ Cincinnati Reds,Away,687401,Joey Ortiz,Milwaukee Brewers,Cincinnati Reds,SS,R,No,,117,357,316,81,12,3,8,40,42,32,0,64,0.256,0.32,0.389,0.709,11,38,35,11,1,0.314,0.0263,21,76,67,21,3,0.313,0.0395,468,99,3.1,26.2,35.9,37.7,26.4,10.2,20.7,40.4,24.3,3.7,2.8,3.7,69.6,83.7,17.0,0.424,71.6,96.0,112.2,32.2,9.9,10.8,34.4,27.3,Weak,2.0,Contact-First Profile,A,Excellent HR swing plane,27.3,Weak,0.936,Good,4.0,47.1,97.4,0.419,Derived proxy,Derived proxy,Derived proxy,Derived proxy,,,15.06,7.06,Strong positive regression,Weak Contact-First Profile profile. 3.1% barrel rate; 83.7 mph average exit velocity; 20.7% air-ball rate; 40.4% pull-air rate; 3.7% HR-launch rate.,0.0224,0.0248,4.05,7,2,39.5,0.18,17.7,Very recent HR,695076.0,Rhett Lowder,R,RHB vs RHP,24,21,112.0,5.14,1.46,16,1.29,7.07,3.46,617.0,5.8,25.1,16.7,40.2,32.1,84.1,95.6,116.0,0.572,16.0,14.8,99.7,0.397,2.0,Sinker,R,RHB vs RHP,22.1,226,0.263,0.326,0.409,0.735,6,21,37,0.0265,2.7,0.417,192,0.0208,4.2,0.485,3,3,2,2/3,0.667,0.667,0.667,1.334,0,0,0,25.9,Strong Pitcher Advantage,Below average,53.8,5,Pitch-level Statcast · last 5 MLB games,476,Sinker,26.680672268907564,127.0,Slider,24.57983193277311,117.0,Changeup,22.478991596638654,107.0,4-Seam Fastball,18.69747899159664,89.0,Curveball,7.563025210084033,36.0,Unknown,,Unknown,,No,112.0,1.12,1.0,71.6,0.93,0.983,37.7,Current-Season Handedness Matchup,Pull Air %,Barrel %,Max Exit Velocity,22.1,38.5,14.8,48.8,71.6,45.0,37.8,4.08,1.119,1.03,0.985,1.0,0.936,0.936,0.98,9.68,6.88,83.1,23.5,F,Lineup unconfirmed,,,,,,
233,2026-09-04,823579,2026-09-04T23:10:00Z,Scheduled,Citi Field,San Francisco Giants @ New York Mets,Home,666624,Christopher Morel,New York Mets,San Francisco Giants,1B,R,No,,29,89,82,14,3,0,0,3,2,6,1,31,0.171,0.236,0.207,0.443,6,12,11,2,0,0.182,0.0,7,16,14,3,0,0.214,0.0,97,17,0.8,20.0,59.8,20.8,19.3,12.2,24.5,71.7,25.7,1.6,1.6,1.6,0.0,79.7,23.6,0.335,73.3,92.1,114.6,55.9,6.9,9.5,73.6,29.3,Weak,2.0,Pull Power,A-,Elevated power plane,29.3,Weak,0.942,Good,0.0,75.0,89.9,0.219,Derived proxy,Derived proxy,Derived proxy,Derived proxy,,,2.15,2.15,Positive regression,Weak Pull Power profile. 0.8% barrel rate; 79.7 mph average exit velocity; 24.5% air-ball rate; 71.7% pull-air rate; 1.6% HR-launch rate.,0.0,0.0184,3.81,82,29,,,,No season HR,683363.0,Matt Wilkinson,L,RHB vs LHP,3,3,11.2,4.63,1.11,1,0.77,4.63,1.54,69.0,2.9,30.4,17.4,45.5,27.5,84.2,95.7,108.2,0.491,1.0,22.5,100.0,0.446,3.5,4-Seam Fastball,R,RHB vs LHP,37.6,36,0.2,0.222,0.229,0.451,0,1,14,0.0,2.7,0.393,38,0.0263,3.7,0.544,0,0,0,0/0,,,,,0,0,0,34.8,Slight Pitcher Advantage,Below average,50.0,3,Pitch-level Statcast · last 5 MLB games,181,4-Seam Fastball,54.69613259668508,99.0,Changeup,24.30939226519337,44.0,Slider,15.469613259668508,28.0,Cutter,5.524861878453039,10.0,,,,Unknown,,Unknown,,No,100.0,1.0,1.0,50.0,0.945,0.954,45.9,Current-Season Handedness Matchup,Pull Air %,Barrel %,Max Exit Velocity,37.6,32.2,22.5,33.9,50.0,45.0,37.6,4.07,0.889,0.992,1.025,0.94,0.942,0.886,1.0,6.82,4.47,59.6,15.5,F,Lineup unconfirmed,,,,,,
234,2026-09-04,824387,2026-09-04T23:15:00Z,Scheduled,Progressive Field,Detroit Tigers @ Cleveland Guardians,Away,805808,Kevin McGonigle,Detroit Tigers,Cleveland Guardians,SS,L,No,,135,608,520,141,24,3,14,86,58,82,3,83,0.271,0.372,0.41,0.782,11,48,44,6,1,0.136,0.0208,25,113,101,23,3,0.228,0.0265,831,160,4.1,23.1,46.8,21.0,32.1,19.4,31.4,41.2,29.8,7.6,5.0,7.6,43.5,82.4,21.3,0.516,69.4,94.2,110.0,12.9,11.7,3.9,51.0,28.8,Weak,2.0,Contact-First Profile,A-,Elevated power plane,28.8,Weak,0.941,Good,3.8,43.1,93.9,0.521,Derived proxy,Derived proxy,Derived proxy,Derived proxy,,,34.46,20.46,Strong positive regression,Weak Contact-First Profile profile. 4.1% barrel rate; 82.4 mph average exit velocity; 31.4% air-ball rate; 41.2% pull-air rate; 7.6% HR-launch rate.,0.023,0.0245,4.05,36,9,37.1,0.97,96.9,Near normal interval,656492.0,Foster Griffin,L,LHB vs LHP,27,27,154.1,3.21,1.12,23,1.34,8.11,2.27,855.0,5.4,23.0,13.9,39.5,33.9,81.5,94.4,119.0,0.551,23.0,29.7,99.9,0.504,4.2,Cutter,L,LHB vs LHP,29.9,181,0.226,0.309,0.321,0.63,3,19,35,0.0166,3.5,0.449,169,0.0414,5.9,0.584,3,2,0,0/2,0.0,0.333,0.0,0.333,0,1,0,32.4,Slight Pitcher Advantage,Below average,42.5,5,Pitch-level Statcast · last 5 MLB games,459,Cutter,30.065359477124183,138.0,4-Seam Fastball,18.30065359477124,84.0,Changeup,15.250544662309368,70.0,Sweeper,14.596949891067538,67.0,Sinker,9.368191721132897,43.0,Unknown,,Unknown,,No,100.0,1.0,1.0,50.0,0.959,0.979,40.5,Current-Season Handedness Matchup,Pull Air %,Barrel %,Max Exit Velocity,29.9,34.1,29.7,37.4,50.0,45.0,37.5,4.06,0.982,1.038,0.985,1.0,0.941,0.941,1.0,9.56,6.07,85.0,24.6,F,Lineup unconfirmed,Split-Finger,6.5359477124183005,30.0,Curveball,5.882352941176471,27.0
235,2026-09-04,823338,2026-09-04T22:45:00Z,Scheduled,PNC Park,Los Angeles Angels @ Pittsburgh Pirates,Away,694208,Moisés Ballesteros,Los Angeles Angels,Pittsburgh Pirates,DH,L,No,,85,281,256,53,9,0,7,22,29,23,0,66,0.207,0.27,0.324,0.594,10,41,40,9,1,0.225,0.0244,24,99,93,16,1,0.172,0.0101,371,145,4.8,25.2,39.5,27.5,32.7,12.6,23.1,32.8,24.9,6.7,3.6,6.7,30.3,82.8,17.0,0.488,69.8,94.9,110.1,24.5,11.5,7.5,44.8,26.2,Weak,2.0,Contact-First Profile,A,Excellent HR swing plane,26.2,Weak,0.933,Good,4.8,29.0,93.9,0.482,Derived proxy,Derived proxy,Derived proxy,Derived proxy,,,16.21,9.21,Strong positive regression,Weak Contact-First Profile profile. 4.8% barrel rate; 82.8 mph average exit velocity; 23.1% air-ball rate; 32.8% pull-air rate; 6.7% HR-launch rate.,0.0249,0.027,3.87,0,0,36.6,0.0,0.0,Very recent HR,683003.0,Jared Jones,R,LHB vs RHP,16,16,72.2,4.83,1.28,12,1.49,10.28,3.34,372.0,5.9,27.2,14.8,37.5,31.2,84.7,96.5,115.1,0.557,12.0,36.2,100.0,0.538,5.7,4-Seam Fastball,L,LHB vs RHP,34.2,239,0.205,0.276,0.335,0.611,7,22,56,0.0293,5.0,0.486,190,0.0368,4.9,0.585,0,0,0,0/0,,,,,0,0,0,38.1,Slight Pitcher Advantage,Below average,50.0,5,Pitch-level Statcast · last 5 MLB games,410,4-Seam Fastball,47.80487804878049,196.0,Slider,33.90243902439025,139.0,Changeup,11.707317073170731,48.0,Curveball,6.585365853658536,27.0,,,,Unknown,,Unknown,,No,100.0,1.0,1.0,50.0,0.972,0.984,37.5,Current-Season Handedness Matchup,Pull Air %,Barrel %,Max Exit Velocity,34.2,37.5,36.2,26.5,50.0,45.0,37.5,4.06,0.879,1.062,1.025,0.94,0.933,0.877,0.98,10.06,5.83,80.0,20.5,F,Lineup unconfirmed,,,,,,
236,2026-09-04,824471,2026-09-04T22:10:00Z,Scheduled,Great American Ball Park,Milwaukee Brewers @ Cincinnati Reds,Home,682877,Juan Brito,Cincinnati Reds,Milwaukee Brewers,2B,S,No,,17,64,57,10,4,0,1,8,7,5,1,19,0.175,0.25,0.298,0.548,2,8,6,1,1,0.167,0.125,2,8,6,1,1,0.167,0.125,83,11,2.1,22.2,56.9,22.1,21.0,12.1,22.7,57.6,28.5,5.2,2.1,5.2,50.0,81.3,20.6,0.369,68.2,92.4,106.5,4.4,11.4,1.5,62.8,22.9,Weak,2.0,Pull Power,A-,Elevated power plane,22.9,Weak,0.924,Good,0.0,50.0,92.3,0.163,Derived proxy,Derived proxy,Derived proxy,Derived proxy,,,2.51,1.51,Near expected,Weak Pull Power profile. 2.1% barrel rate; 81.3 mph average exit velocity; 22.7% air-ball rate; 57.6% pull-air rate; 5.2% HR-launch rate.,0.0156,0.0263,3.81,0,0,57.0,0.0,0.0,Very recent HR,675660.0,Shane Drohan,L,Switch vs LHP,27,16,110.1,3.75,1.3,10,0.82,8.97,3.02,557.0,5.4,25.7,16.0,37.2,30.9,82.4,95.0,113.6,0.49,10.0,20.5,100.0,0.43,3.3,4-Seam Fastball,R,RHB vs LHP,40.4,22,0.263,0.318,0.368,0.687,0,2,9,0.0,4.2,0.658,321,0.0312,5.6,0.494,0,0,0,0/0,,,,,0,0,0,35.4,Slight Pitcher Advantage,Below average,50.0,5,Pitch-level Statcast · last 5 MLB games,400,4-Seam Fastball,23.25,93.0,Slider,21.5,86.0,Sinker,20.25,81.0,Cutter,15.5,62.0,Curveball,12.25,49.0,Unknown,,Unknown,,No,112.0,1.12,1.0,71.6,0.941,0.979,42.3,Current-Season Handedness Matchup,Pull Air %,Barrel %,Max Exit Velocity,40.4,31.2,20.5,36.8,71.6,45.0,37.5,4.06,1.0,0.955,1.035,0.94,0.924,0.869,0.98,9.66,6.03,57.2,17.7,F,Small season sample; Lineup unconfirmed; Limited recent games,Changeup,7.25,29.0,,,
237,2026-09-04,824311,2026-09-05T00:40:00Z,Scheduled,Coors Field,St. Louis Cardinals @ Colorado Rockies,Away,663494,Bryan Torres,St. Louis Cardinals,Colorado Rockies,LF,L,No,,60,143,128,33,1,2,4,15,18,11,1,28,0.258,0.317,0.391,0.708,5,12,10,5,0,0.5,0.0,14,39,33,11,0,0.333,0.0,191,51,2.0,15.0,52.2,24.8,21.8,10.2,24.6,39.4,31.0,5.1,3.7,5.1,66.7,80.2,16.2,0.43,63.4,91.4,103.5,1.3,7.5,0.3,46.5,18.5,Weak,1.5,Contact-First Profile,A,Excellent HR swing plane,18.5,Weak,0.912,Good,0.0,27.3,90.9,0.354,Derived proxy,Derived proxy,Derived proxy,Derived proxy,,,4.95,0.95,Near expected,Weak Contact-First Profile profile. 2.0% barrel rate; 80.2 mph average exit velocity; 24.6% air-ball rate; 39.4% pull-air rate; 5.1% HR-launch rate.,0.028,0.0298,4.05,79,38,32.0,2.47,246.9,Very long drought,663372.0,Ryan Feltner,R,LHB vs RHP,21,20,101.2,5.84,1.55,19,1.68,6.73,3.98,583.0,6.9,24.7,16.5,50.9,27.4,82.8,95.0,111.1,0.592,19.0,18.5,99.9,0.434,2.0,4-Seam Fastball,L,LHB vs RHP,37.7,114,0.272,0.325,0.437,0.761,4,9,24,0.0351,3.9,0.506,243,0.037,7.4,0.591,2,1,0,0/1,0.0,0.0,0.0,0.0,0,0,0,32.4,Slight Pitcher Advantage,Below average,45.0,5,Pitch-level Statcast · last 5 MLB games,441,4-Seam Fastball,30.158730158730158,133.0,Changeup,23.356009070294785,103.0,Slider,17.687074829931973,78.0,Sinker,15.873015873015873,70.0,Curveball,7.936507936507937,35.0,Unknown,,Unknown,,No,118.0,1.18,1.0,82.4,0.937,0.994,33.4,Current-Season Handedness Matchup,Pull Air %,Barrel %,Max Exit Velocity,37.7,48.9,18.5,12.6,82.4,45.0,37.5,4.06,0.79,1.093,1.025,1.0,0.912,0.912,1.06,11.54,7.12,65.3,29.3,F,Lineup unconfirmed,Sweeper,4.988662131519274,22.0,,,
238,2026-09-04,823905,2026-09-05T02:10:00Z,Scheduled,UNIQLO Field at Dodger Stadium,Washington Nationals @ Los Angeles Dodgers,Home,518692,Freddie Freeman,Los Angeles Dodgers,Washington Nationals,1B,L,No,,136,584,511,155,32,1,16,70,66,64,3,96,0.303,0.38,0.464,0.844,11,47,38,13,1,0.342,0.0213,24,103,88,24,1,0.273,0.0097,877,142,4.1,22.4,41.3,21.3,37.1,13.0,27.7,32.8,36.1,5.9,2.7,5.9,33.5,83.1,17.8,0.592,68.3,94.6,109.2,7.0,13.1,1.9,37.8,23.8,Weak,2.0,Contact-First Profile,A,Excellent HR swing plane,23.8,Weak,0.927,Good,2.8,27.9,93.8,0.577,Derived proxy,Derived proxy,Derived proxy,Derived proxy,,,33.78,17.78,Strong positive regression,Weak Contact-First Profile profile. 4.1% barrel rate; 83.1 mph average exit velocity; 27.7% air-ball rate; 32.8% pull-air rate; 5.9% HR-launch rate.,0.0274,0.0282,4.17,4,1,31.9,0.13,12.5,Very recent HR,800600.0,Jackson Kent,L,LHB vs LHP,4,4,19.1,5.59,1.71,1,0.47,7.91,6.98,116.0,3.4,24.1,7.8,61.9,27.6,80.5,93.2,111.3,0.521,1.0,40.0,100.0,0.597,4.6,4-Seam Fastball,L,LHB vs LHP,36.4,187,0.28,0.348,0.411,0.758,5,16,35,0.0267,4.1,0.586,21,0.0,3.6,0.491,0,0,0,0/0,,,,,0,0,0,40.4,Slight Pitcher Advantage,Below average,50.0,4,Pitch-level Statcast · last 5 MLB games,358,4-Seam Fastball,35.19553072625698,126.0,Changeup,21.22905027932961,76.0,Slider,17.877094972067038,64.0,Curveball,13.687150837988828,49.0,Sinker,12.011173184357542,43.0,Unknown,,Unknown,,No,100.0,1.0,1.0,50.0,0.98,0.959,39.4,Current-Season Handedness Matchup,Pull Air %,Barrel %,Max Exit Velocity,36.4,33.4,40.0,20.9,50.0,45.0,37.4,4.05,0.847,0.972,0.985,1.0,0.927,0.927,0.98,11.24,5.78,85.0,24.1,F,Lineup unconfirmed,,,,,,
239,2026-09-04,823418,2026-09-04T22:40:00Z,Scheduled,Citizens Bank Park,Atlanta Braves @ Philadelphia Phillies,Home,592663,J.T. Realmuto,Philadelphia Phillies,Atlanta Braves,C,R,No,,104,396,351,78,17,0,10,46,45,30,9,80,0.222,0.295,0.356,0.651,9,35,32,8,2,0.25,0.0571,20,81,72,16,2,0.222,0.0247,517,111,3.5,24.7,43.8,25.6,30.1,13.6,27.7,40.5,29.8,6.7,3.3,6.7,53.6,83.6,18.5,0.508,71.3,95.3,113.0,27.4,12.9,8.3,54.5,31.6,Weak,2.5,Contact-First Profile,A,Excellent HR swing plane,31.6,Weak,0.948,Good,3.6,46.7,94.5,0.496,Derived proxy,Derived proxy,Derived proxy,Derived proxy,,,19.76,9.76,Strong positive regression,Weak Contact-First Profile profile. 3.5% barrel rate; 83.6 mph average exit velocity; 27.7% air-ball rate; 40.5% pull-air rate; 6.7% HR-launch rate.,0.0253,0.0268,3.99,8,2,35.1,0.23,22.8,Very recent HR,519242.0,Chris Sale,L,RHB vs LHP,24,24,144.0,2.06,1.0,8,0.5,11.06,1.75,744.0,3.1,19.5,11.6,36.0,32.3,81.8,93.2,113.2,0.487,8.0,40.1,100.0,0.6,4.5,4-Seam Fastball,R,RHB vs LHP,19.4,97,0.241,0.32,0.337,0.657,2,8,13,0.0206,1.4,0.46,433,0.0162,3.0,0.493,3,3,1,1/3,0.333,0.333,1.0,1.333,0,0,1,33.5,Slight Pitcher Advantage,Below average,53.8,5,Pitch-level Statcast · last 5 MLB games,508,4-Seam Fastball,42.51968503937008,216.0,Slider,39.960629921259844,203.0,Sinker,9.05511811023622,46.0,Changeup,8.464566929133857,43.0,,,,Unknown,,Unknown,,No,108.0,1.08,1.0,64.4,0.98,0.956,39.3,Current-Season Handedness Matchup,Pull Air %,Barrel %,Max Exit Velocity,19.4,22.9,40.1,41.6,64.4,45.0,37.3,4.05,1.234,0.904,1.025,1.0,0.948,0.948,0.98,10.28,7.19,83.5,23.2,F,Lineup unconfirmed,,,,,,
240,2026-09-04,823418,2026-09-04T22:40:00Z,Scheduled,Citizens Bank Park,Atlanta Braves @ Philadelphia Phillies,Away,645277,Ozzie Albies,Atlanta Braves,Philadelphia Phillies,2B,S,No,,140,597,535,136,23,0,21,76,68,42,7,86,0.254,0.31,0.415,0.725,11,47,42,13,1,0.31,0.0213,26,105,91,20,2,0.22,0.019,916,178,2.6,18.4,51.3,20.8,27.4,16.3,28.0,50.1,28.6,5.0,3.1,5.0,72.1,81.9,19.7,0.413,67.0,92.6,112.4,4.2,9.2,0.8,57.0,25.5,Weak,2.0,Pull Power,A,Excellent HR swing plane,25.5,Weak,0.931,Good,1.7,45.7,91.9,0.391,Derived proxy,Derived proxy,Derived proxy,Derived proxy,,,28.96,7.96,Strong positive regression,Weak Pull Power profile. 2.6% barrel rate; 81.9 mph average exit velocity; 28.0% air-ball rate; 50.1% pull-air rate; 5.0% HR-launch rate.,0.0352,0.0346,4.05,4,1,25.5,0.16,15.7,Very recent HR,650911.0,Cristopher Sánchez,L,Switch vs LHP,28,28,175.1,2.52,1.19,14,0.72,10.37,2.0,827.0,4.2,27.3,9.1,42.6,26.6,83.4,96.1,112.7,0.504,14.0,22.5,100.0,0.437,3.9,Sinker,R,RHB vs LHP,27.0,231,0.288,0.312,0.46,0.772,8,8,20,0.0346,2.8,0.421,561,0.0232,4.9,0.533,1,1,0,0/1,0.0,0.0,0.0,0.0,0,0,0,29.5,Strong Pitcher Advantage,Below average,47.5,5,Pitch-level Statcast · last 5 MLB games,471,Sinker,46.07218683651805,217.0,Changeup,35.881104033970274,169.0,Slider,18.046709129511676,85.0,,,,,,,Unknown,,Unknown,,No,108.0,1.08,1.0,64.4,0.945,0.967,42.5,Current-Season Handedness Matchup,Pull Air %,Barrel %,Max Exit Velocity,27.0,32.2,22.5,31.9,64.4,45.0,37.3,4.05,0.834,0.939,1.035,1.0,0.931,0.931,0.98,13.31,6.67,85.0,23.7,F,Lineup unconfirmed,,,,,,
241,2026-09-04,824387,2026-09-04T23:15:00Z,Scheduled,Progressive Field,Detroit Tigers @ Cleveland Guardians,Home,694197,Angel Genao,Cleveland Guardians,Detroit Tigers,2B,S,No,,24,91,83,21,3,0,2,11,6,7,1,12,0.253,0.319,0.361,0.68,10,36,33,5,1,0.152,0.0278,23,86,78,17,2,0.218,0.0233,109,101,3.4,35.4,50.3,31.7,18.0,11.0,20.6,39.4,23.5,3.4,1.9,3.4,55.8,86.1,7.5,0.416,70.7,97.7,108.7,24.9,8.1,8.5,45.2,28.2,Weak,2.0,Contact-First Profile,C,Low line-drive plane,28.2,Weak,0.939,Good,3.0,40.0,97.7,0.401,Derived proxy,Derived proxy,Derived proxy,Derived proxy,,,3.85,1.85,Near expected,Weak Contact-First Profile profile. 3.4% barrel rate; 86.1 mph average exit velocity; 20.6% air-ball rate; 39.4% pull-air rate; 3.4% HR-launch rate.,0.022,0.0277,3.99,7,2,41.5,0.17,16.9,Very recent HR,808825.0,Andrew Sears,L,Switch vs LHP,2,0,6.2,6.75,1.35,1,1.35,5.4,1.35,40.0,5.0,17.5,20.0,35.7,37.5,84.6,94.2,107.5,0.523,1.0,31.3,100.0,0.466,6.9,4-Seam Fastball,R,RHB vs LHP,44.2,24,0.238,0.333,0.476,0.81,1,2,2,0.0417,4.3,0.445,17,0.0,0.0,0.365,0,0,0,0/0,,,,,0,0,0,40.9,Slight Pitcher Advantage,Below average,50.0,2,Pitch-level Statcast · last 5 MLB games,116,4-Seam Fastball,45.689655172413794,53.0,Slider,34.48275862068966,40.0,Changeup,11.206896551724139,13.0,Sinker,8.620689655172415,10.0,,,,Unknown,,Unknown,,No,100.0,1.0,1.0,50.0,0.963,0.975,42.1,Current-Season Handedness Matchup,Pull Air %,Barrel %,Max Exit Velocity,44.2,28.9,31.3,40.3,50.0,45.0,37.2,4.05,0.972,1.004,1.035,1.0,0.939,0.939,0.98,10.59,6.4,65.4,19.9,F,Lineup unconfirmed,,,,,,
242,2026-09-04,824554,2026-09-04T23:40:00Z,Scheduled,Rate Field,Minnesota Twins @ Chicago White Sox,Home,686668,Brenton Doyle,Chicago White Sox,Minnesota Twins,CF,R,No,,70,183,170,36,6,0,3,26,12,12,0,59,0.212,0.264,0.3,0.564,9,17,17,4,1,0.235,0.0588,23,51,50,10,2,0.2,0.0392,209,53,4.5,17.8,27.9,42.1,28.2,16.6,28.4,36.5,22.9,2.9,2.6,2.9,47.7,82.3,20.1,0.432,69.3,93.2,109.8,13.1,8.9,2.9,56.5,20.9,Weak,2.0,Contact-First Profile,A-,Elevated power plane,20.9,Weak,0.919,Good,5.7,31.6,94.1,0.438,Derived proxy,Derived proxy,Derived proxy,Derived proxy,,,7.89,4.89,Strong positive regression,Weak Contact-First Profile profile. 4.5% barrel rate; 82.3 mph average exit velocity; 28.4% air-ball rate; 36.5% pull-air rate; 2.9% HR-launch rate.,0.0164,0.0226,3.81,7,5,56.7,0.12,12.4,Very recent HR,805673.0,Zebby Matthews,R,RHB vs RHP,19,19,112.0,4.58,1.26,19,1.53,7.47,2.57,620.0,6.5,27.1,13.7,47.9,31.0,85.0,96.4,112.8,0.55,19.0,26.1,100.0,0.435,5.8,4-Seam Fastball,R,RHB vs RHP,23.3,106,0.21,0.255,0.26,0.515,1,6,37,0.0094,1.7,0.408,203,0.0443,5.4,0.515,2,2,1,1/2,0.5,0.5,0.5,1.0,0,0,1,29.8,Strong Pitcher Advantage,Below average,50.9,5,Pitch-level Statcast · last 5 MLB games,475,4-Seam Fastball,34.526315789473685,164.0,Slider,22.526315789473685,107.0,Changeup,13.894736842105264,66.0,Cutter,13.263157894736842,63.0,Curveball,10.105263157894736,48.0,Unknown,,Unknown,,No,100.0,1.0,1.0,50.0,0.952,0.99,34.0,Current-Season Handedness Matchup,Pull Air %,Barrel %,Max Exit Velocity,23.3,46.2,26.1,31.1,50.0,45.0,37.2,4.05,1.35,1.069,0.985,0.94,0.919,0.863,0.98,8.33,6.45,69.2,20.0,F,Lineup unconfirmed,Sinker,5.684210526315789,27.0,,,
243,2026-09-04,823579,2026-09-04T23:10:00Z,Scheduled,Citi Field,San Francisco Giants @ New York Mets,Away,687551,Drew Gilbert,San Francisco Giants,New York Mets,CF,L,No,,115,350,303,71,13,3,8,44,36,34,8,62,0.234,0.325,0.376,0.701,12,41,33,6,1,0.182,0.0244,24,85,71,15,4,0.211,0.0471,420,108,4.6,22.2,48.9,23.1,27.4,12.8,26.1,45.9,32.9,6.6,5.2,6.6,57.5,81.1,18.2,0.57,67.4,92.9,109.6,5.6,11.0,0.9,43.0,29.0,Weak,2.0,Pull Power,A,Excellent HR swing plane,29.0,Weak,0.941,Good,7.4,48.1,93.4,0.715,Derived proxy,Derived proxy,Derived proxy,Derived proxy,,,18.41,10.41,Strong positive regression,Weak Pull Power profile. 4.6% barrel rate; 81.1 mph average exit velocity; 26.1% air-ball rate; 45.9% pull-air rate; 6.6% HR-launch rate.,0.0229,0.0252,4.05,15,6,37.9,0.4,39.6,Recently homered,690997.0,Nolan McLean,R,LHB vs RHP,27,27,155.2,3.06,1.12,15,0.87,9.94,3.53,770.0,3.6,21.2,12.3,40.4,29.0,81.4,93.6,112.8,0.483,15.0,27.7,99.8,0.512,2.7,Sinker,L,LHB vs RHP,29.8,301,0.267,0.36,0.434,0.794,8,32,46,0.0266,3.6,0.516,386,0.0285,4.2,0.553,0,0,0,0/0,,,,,0,0,0,33.1,Slight Pitcher Advantage,Below average,50.0,5,Pitch-level Statcast · last 5 MLB games,467,Sinker,35.54603854389722,166.0,4-Seam Fastball,18.41541755888651,86.0,Curveball,14.5610278372591,68.0,Cutter,14.132762312633833,66.0,Slider,7.494646680942184,35.0,Unknown,,Unknown,,No,100.0,1.0,1.0,50.0,0.955,0.961,43.6,Current-Season Handedness Matchup,Pull Air %,Barrel %,Max Exit Velocity,29.8,26.2,27.7,49.1,50.0,45.0,37.2,4.04,1.146,0.963,1.025,1.0,0.941,0.941,1.0,9.82,6.55,83.8,23.0,F,Lineup unconfirmed,Sweeper,6.638115631691649,31.0,Changeup,3.2119914346895073,15.0
244,2026-09-04,823093,2026-09-05T02:10:00Z,Scheduled,T-Mobile Park,Athletics @ Seattle Mariners,Away,671732,Lawrence Butler,Athletics,Seattle Mariners,RF,L,No,,133,450,391,91,16,1,12,53,49,55,1,117,0.233,0.327,0.371,0.698,12,54,43,16,1,0.372,0.0185,27,114,98,30,5,0.306,0.0439,568,147,4.3,24.6,40.7,29.8,29.0,10.2,20.4,30.2,32.5,4.4,2.8,4.4,60.4,82.1,16.1,0.552,71.5,94.0,111.3,33.6,8.8,9.2,40.0,26.9,Weak,2.0,Contact-First Profile,A,Excellent HR swing plane,26.9,Weak,0.935,Good,4.1,32.1,93.0,0.577,Derived proxy,Derived proxy,Derived proxy,Derived proxy,,,20.91,8.91,Strong positive regression,Weak Contact-First Profile profile. 4.3% barrel rate; 82.1 mph average exit velocity; 20.4% air-ball rate; 30.2% pull-air rate; 4.4% HR-launch rate.,0.0267,0.0278,4.05,26,7,32.6,0.8,79.8,Recently homered,669302.0,Logan Gilbert,R,LHB vs RHP,27,27,160.1,3.42,1.04,22,1.23,9.32,2.25,844.0,5.2,23.2,14.5,46.0,31.6,82.5,94.6,115.2,0.543,22.0,41.8,99.8,0.595,5.7,4-Seam Fastball,L,LHB vs RHP,31.6,322,0.234,0.332,0.371,0.703,8,42,81,0.0248,4.6,0.558,362,0.0304,4.1,0.54,3,3,1,1/3,0.333,0.333,0.667,1.0,0,0,0,39.1,Slight Pitcher Advantage,Below average,51.3,5,Pitch-level Statcast · last 5 MLB games,479,4-Seam Fastball,43.42379958246347,208.0,Slider,23.799582463465555,114.0,Split-Finger,16.701461377870565,80.0,Changeup,9.394572025052192,45.0,Sweeper,4.592901878914405,22.0,Unknown,,Unknown,,No,92.0,0.92,1.0,35.6,0.984,0.977,36.9,Current-Season Handedness Matchup,Pull Air %,Barrel %,Max Exit Velocity,31.6,37.8,41.8,26.1,35.6,45.0,37.2,4.04,1.031,1.021,1.025,1.0,0.935,0.935,1.0,10.79,6.57,85.0,23.4,F,Lineup unconfirmed,Cutter,1.8789144050104385,9.0,Sinker,0.20876826722338204,1.0
245,2026-09-04,823256,2026-09-05T01:40:00Z,Scheduled,Petco Park,New York Yankees @ San Diego Padres,Home,701538,Jackson Merrill,San Diego Padres,New York Yankees,CF,L,No,,137,576,531,128,22,3,22,72,70,37,3,141,0.241,0.293,0.418,0.711,11,49,44,12,3,0.273,0.0612,25,106,97,24,6,0.247,0.0566,857,151,6.4,25.4,46.9,22.4,30.6,15.5,28.7,42.7,33.4,8.4,5.1,8.4,47.3,84.0,20.1,0.707,71.5,95.7,111.6,28.3,14.2,7.1,45.8,38.8,Below Average,2.5,Pull Power,A-,Elevated power plane,38.8,Below Average,0.969,Good,7.9,44.0,97.2,0.828,Derived proxy,Derived proxy,Derived proxy,Derived proxy,,,50.23,28.23,Strong positive regression,Below Average Pull Power profile. 6.4% barrel rate; 84.0 mph average exit velocity; 28.7% air-ball rate; 42.7% pull-air rate; 8.4% HR-launch rate.,0.0382,0.0371,3.99,21,5,24.1,0.87,87.0,Near normal interval,608331.0,Max Fried,L,LHB vs LHP,16,16,90.0,2.8,1.0,3,0.3,8.3,2.8,426.0,1.4,20.2,12.9,26.7,30.5,80.3,92.8,111.6,0.357,3.0,46.4,100.0,0.65,5.2,Cutter,L,LHB vs LHP,24.8,162,0.284,0.309,0.413,0.722,4,6,44,0.0247,3.9,0.587,84,0.0,1.9,0.357,2,2,2,2/2,1.0,1.0,1.0,2.0,0,0,0,37.9,Slight Pitcher Advantage,Below average,52.5,5,Pitch-level Statcast · last 5 MLB games,385,Cutter,22.5974025974026,87.0,4-Seam Fastball,21.558441558441558,83.0,Sinker,21.038961038961038,81.0,Sweeper,12.987012987012987,50.0,Curveball,10.64935064935065,41.0,Unknown,,Unknown,,No,94.0,0.94,1.0,39.2,0.993,0.939,46.6,Current-Season Handedness Matchup,Pull Air %,Barrel %,Max Exit Velocity,24.8,11.9,46.4,54.1,39.2,45.0,37.2,4.04,1.237,0.872,0.985,1.0,0.969,0.969,1.0,14.01,7.94,85.0,26.1,F,Lineup unconfirmed,Changeup,8.571428571428571,33.0,Slider,2.5974025974025974,10.0
246,2026-09-04,822852,2026-09-05T00:05:00Z,Scheduled,Globe Life Field,Tampa Bay Rays @ Texas Rangers,Home,677649,Ezequiel Duran,Texas Rangers,Tampa Bay Rays,SS,R,No,,132,511,460,127,26,4,16,63,76,41,4,120,0.276,0.337,0.454,0.791,12,51,43,14,3,0.326,0.0588,26,108,94,26,3,0.277,0.0278,685,136,3.1,24.6,42.5,27.2,29.8,12.9,24.1,42.3,30.8,6.3,3.7,6.3,73.5,82.1,18.4,0.5,69.5,94.0,111.3,25.5,11.1,5.9,42.7,28.6,Weak,2.0,Pull Power,A,Excellent HR swing plane,28.6,Weak,0.94,Good,2.9,48.5,94.8,0.477,Derived proxy,Derived proxy,Derived proxy,Derived proxy,,,23.75,7.75,Strong positive regression,Weak Pull Power profile. 3.1% barrel rate; 82.1 mph average exit velocity; 24.1% air-ball rate; 42.3% pull-air rate; 6.3% HR-launch rate.,0.0313,0.0314,3.99,3,1,28.8,0.1,10.4,Very recent HR,607259.0,Nick Martinez,R,RHB vs RHP,26,26,153.2,2.99,1.1,18,1.05,5.33,1.29,848.0,4.7,23.3,17.3,45.8,32.9,82.0,94.6,113.3,0.508,18.0,19.5,99.9,0.443,2.1,Sinker,R,RHB vs RHP,29.8,368,0.268,0.313,0.451,0.765,12,22,88,0.0326,3.6,0.511,249,0.0241,4.2,0.531,2,2,1,1/2,0.5,0.5,0.5,1.0,0,0,1,30.4,Slight Pitcher Advantage,Below average,50.9,5,Pitch-level Statcast · last 5 MLB games,425,Sinker,30.352941176470587,129.0,Changeup,26.352941176470587,112.0,Cutter,21.647058823529413,92.0,4-Seam Fastball,15.294117647058824,65.0,Slider,5.647058823529412,24.0,Unknown,,Unknown,,No,104.0,1.04,1.0,57.2,0.939,0.972,41.0,Current-Season Handedness Matchup,Pull Air %,Barrel %,Max Exit Velocity,29.8,34.5,19.5,42.4,57.2,45.0,37.1,4.04,1.171,0.992,0.985,1.0,0.94,0.94,0.98,11.97,7.61,85.0,26.2,F,Lineup unconfirmed,Curveball,0.7058823529411765,3.0,,,
247,2026-09-04,823256,2026-09-05T01:40:00Z,Scheduled,Petco Park,New York Yankees @ San Diego Padres,Away,641857,Ryan McMahon,New York Yankees,San Diego Padres,3B,L,No,,108,311,281,61,12,0,10,29,32,26,2,93,0.217,0.287,0.367,0.654,2,5,3,1,0,0.333,0.0,13,38,31,8,0,0.258,0.0,377,49,3.3,23.5,43.4,24.4,31.5,17.3,29.0,40.1,31.3,4.5,2.4,4.5,52.6,82.8,19.7,0.547,71.3,94.8,109.6,43.5,9.2,10.7,40.5,30.2,Weak,2.0,Contact-First Profile,A,Excellent HR swing plane,30.2,Weak,0.945,Good,0.0,53.3,92.9,0.468,Derived proxy,Derived proxy,Derived proxy,Derived proxy,,,12.66,2.66,Positive regression,Weak Contact-First Profile profile. 3.3% barrel rate; 82.8 mph average exit velocity; 29.0% air-ball rate; 40.1% pull-air rate; 4.5% HR-launch rate.,0.0322,0.0321,3.99,36,15,28.1,1.28,128.1,Near normal interval,621111.0,Walker Buehler,R,LHB vs RHP,27,27,131.1,4.66,1.36,17,1.16,7.61,3.36,747.0,4.6,23.2,12.0,40.8,27.6,83.0,94.6,111.9,0.507,17.0,34.1,99.6,0.541,4.5,Cutter,L,LHB vs RHP,35.9,249,0.225,0.289,0.401,0.69,10,21,73,0.0402,5.9,0.601,311,0.0225,4.2,0.503,1,1,0,0/1,0.0,0.0,0.0,0.0,0,0,0,37.6,Slight Pitcher Advantage,Below average,47.5,5,Pitch-level Statcast · last 5 MLB games,415,Cutter,27.951807228915662,116.0,Sinker,25.542168674698797,106.0,4-Seam Fastball,17.59036144578313,73.0,Slider,11.08433734939759,46.0,Changeup,8.674698795180722,36.0,Unknown,,Unknown,,No,94.0,0.94,1.0,39.2,0.968,0.971,41.6,Current-Season Handedness Matchup,Pull Air %,Barrel %,Max Exit Velocity,35.9,30.6,34.1,39.8,39.2,45.0,37.1,4.04,0.901,1.01,1.025,1.0,0.945,0.945,1.0,12.21,6.54,77.3,23.8,F,Lineup unconfirmed,Sweeper,4.819277108433735,20.0,Knuckle Curve,4.337349397590361,18.0
248,2026-09-04,824424,2026-09-04T18:10:00Z,Scheduled,Progressive Field,Detroit Tigers @ Cleveland Guardians,Away,701162,Ben Malgeri,Detroit Tigers,Cleveland Guardians,RF,R,No,,40,92,78,19,2,0,3,11,11,12,1,24,0.244,0.348,0.385,0.733,8,19,18,4,0,0.222,0.0,19,42,37,8,2,0.216,0.0476,108,52,3.2,22.5,42.4,27.2,30.4,12.5,30.0,37.5,44.5,5.6,5.0,5.6,100.0,82.5,17.9,0.534,65.9,94.2,106.5,3.3,11.3,1.3,27.8,24.3,Weak,2.0,Contact-First Profile,A,Excellent HR swing plane,24.3,Weak,0.928,Good,3.8,37.5,93.5,0.595,Derived proxy,Derived proxy,Derived proxy,Derived proxy,,,3.6,0.6,Near expected,Weak Contact-First Profile profile. 3.2% barrel rate; 82.5 mph average exit velocity; 30.0% air-ball rate; 37.5% pull-air rate; 5.6% HR-launch rate.,0.0326,0.0323,4.05,25,13,26.0,0.96,96.2,Near normal interval,671106.0,Logan Allen,L,RHB vs LHP,6,1,14.1,3.77,1.47,3,1.88,9.42,2.51,93.0,5.4,23.7,20.4,41.7,25.8,81.7,95.0,109.4,0.531,3.0,32.3,81.0,0.529,4.2,4-Seam Fastball,R,RHB vs LHP,31.5,58,0.188,0.31,0.229,0.54,0,8,17,0.0,0.0,0.388,43,0.0233,6.7,0.544,0,0,0,0/0,,,,,0,0,0,35.5,Slight Pitcher Advantage,Below average,50.0,5,Pitch-level Statcast · last 5 MLB games,180,4-Seam Fastball,30.555555555555557,55.0,Cutter,26.666666666666668,48.0,Sweeper,18.88888888888889,34.0,Changeup,15.0,27.0,Sinker,8.88888888888889,16.0,Unknown,,Unknown,,No,100.0,1.0,1.0,50.0,0.965,0.979,38.0,Current-Season Handedness Matchup,Pull Air %,Barrel %,Max Exit Velocity,31.5,35.8,32.3,31.6,50.0,45.0,37.0,4.04,0.943,1.025,1.025,1.0,0.928,0.928,1.0,12.44,7.11,61.9,22.3,F,Lineup unconfirmed,,,,,,
249,2026-09-04,823338,2026-09-04T22:45:00Z,Scheduled,PNC Park,Los Angeles Angels @ Pittsburgh Pirates,Away,624428,Adam Frazier,Los Angeles Angels,Pittsburgh Pirates,2B,L,No,,58,126,110,27,7,1,1,18,10,10,3,34,0.245,0.325,0.355,0.68,7,11,7,2,0,0.286,0.0,15,29,25,10,0,0.4,0.0,168,38,2.5,12.9,57.0,24.0,19.0,9.7,23.5,50.9,33.0,3.2,2.1,3.2,16.2,78.1,15.7,0.453,61.7,90.3,106.3,1.0,9.2,0.0,44.6,21.4,Weak,2.0,Pull Power,A,Excellent HR swing plane,21.4,Weak,0.92,Good,2.6,60.0,92.3,0.532,Derived proxy,Derived proxy,Derived proxy,Derived proxy,,,4.86,3.86,Positive regression,Weak Pull Power profile. 2.5% barrel rate; 78.1 mph average exit velocity; 23.5% air-ball rate; 50.9% pull-air rate; 3.2% HR-launch rate.,0.0079,0.0197,4.05,88,46,110.0,0.8,80.0,Near normal interval,683003.0,Jared Jones,R,LHB vs RHP,16,16,72.2,4.83,1.28,12,1.49,10.28,3.34,372.0,5.9,27.2,14.8,37.5,31.2,84.7,96.5,115.1,0.557,12.0,24.4,100.0,0.489,2.2,4-Seam Fastball,L,LHB vs RHP,24.8,105,0.245,0.311,0.372,0.683,1,8,31,0.0095,2.8,0.426,190,0.0368,4.9,0.585,2,1,0,0/1,0.0,0.5,0.0,0.5,0,1,0,28.8,Strong Pitcher Advantage,Below average,45.5,5,Pitch-level Statcast · last 5 MLB games,410,4-Seam Fastball,47.80487804878049,196.0,Slider,33.90243902439025,139.0,Changeup,11.707317073170731,48.0,Curveball,6.585365853658536,27.0,,,,Unknown,,Unknown,,No,100.0,1.0,1.0,50.0,0.949,0.984,38.0,Current-Season Handedness Matchup,Pull Air %,Barrel %,Max Exit Velocity,24.8,37.5,24.4,40.0,50.0,45.0,36.8,4.02,0.901,1.062,1.025,1.0,0.92,0.92,1.0,7.73,5.16,63.3,17.8,F,Lineup unconfirmed,,,,,,
250,2026-09-04,823418,2026-09-04T22:40:00Z,Scheduled,Citizens Bank Park,Atlanta Braves @ Philadelphia Phillies,Home,669016,Brandon Marsh,Philadelphia Phillies,Atlanta Braves,LF,L,No,,134,516,477,128,18,2,17,67,57,32,2,129,0.268,0.315,0.421,0.736,11,32,29,4,0,0.138,0.0,24,86,74,16,1,0.216,0.0116,705,110,4.1,22.7,46.7,21.5,31.7,13.0,27.8,41.1,36.7,7.4,4.8,7.4,44.4,81.5,15.6,0.523,69.5,93.3,108.3,15.4,12.4,5.3,38.7,28.7,Weak,2.0,Contact-First Profile,A,Excellent HR swing plane,28.7,Weak,0.94,Good,3.6,40.6,92.9,0.454,Derived proxy,Derived proxy,Derived proxy,Derived proxy,,,28.89,11.89,Strong positive regression,Weak Contact-First Profile profile. 4.1% barrel rate; 81.5 mph average exit velocity; 27.8% air-ball rate; 41.1% pull-air rate; 7.4% HR-launch rate.,0.0329,0.0328,3.99,46,16,28.1,1.64,163.9,Above normal drought,519242.0,Chris Sale,L,LHB vs LHP,24,24,144.0,2.06,1.0,8,0.5,11.06,1.75,744.0,3.1,19.5,11.6,36.0,32.3,81.8,93.2,113.2,0.487,8.0,44.4,100.0,0.606,6.4,4-Seam Fastball,L,LHB vs LHP,22.3,124,0.224,0.26,0.353,0.614,3,4,46,0.0242,4.9,0.489,144,0.0069,3.6,0.467,2,2,0,0/2,0.0,0.0,0.0,0.0,0,0,1,34.6,Slight Pitcher Advantage,Below average,45.0,5,Pitch-level Statcast · last 5 MLB games,508,4-Seam Fastball,42.51968503937008,216.0,Slider,39.960629921259844,203.0,Sinker,9.05511811023622,46.0,Changeup,8.464566929133857,43.0,,,,Unknown,,Unknown,,No,108.0,1.08,1.0,64.4,0.989,0.956,37.8,Current-Season Handedness Matchup,Pull Air %,Barrel %,Max Exit Velocity,22.3,22.9,44.4,32.8,64.4,45.0,36.8,4.02,0.758,0.904,0.985,1.0,0.94,0.94,1.035,12.45,6.03,83.9,26.7,F,Lineup unconfirmed,,,,,,
251,2026-09-04,824471,2026-09-04T22:10:00Z,Scheduled,Great American Ball Park,Milwaukee Brewers @ Cincinnati Reds,Away,668930,Brice Turang,Milwaukee Brewers,Cincinnati Reds,2B,L,No,,130,592,511,128,29,3,17,83,79,74,0,150,0.25,0.344,0.419,0.763,11,51,45,6,1,0.133,0.0196,22,102,90,16,1,0.178,0.0098,780,139,2.8,19.9,34.7,29.4,35.5,10.0,22.4,24.6,31.8,5.8,1.8,5.8,58.4,82.5,17.4,0.544,66.4,93.2,108.7,10.2,10.4,2.8,44.7,17.7,Weak,1.5,Contact-First Profile,A,Excellent HR swing plane,17.7,Weak,0.91,Good,1.4,29.6,92.0,0.457,Derived proxy,Derived proxy,Derived proxy,Derived proxy,,,21.94,4.94,Strong positive regression,Weak Contact-First Profile profile. 2.8% barrel rate; 82.5 mph average exit velocity; 22.4% air-ball rate; 24.6% pull-air rate; 5.8% HR-launch rate.,0.0287,0.0293,4.05,29,7,30.1,0.96,96.5,Near normal interval,695076.0,Rhett Lowder,R,LHB vs RHP,24,21,112.0,5.14,1.46,16,1.29,7.07,3.46,617.0,5.8,25.1,16.7,40.2,32.1,84.1,95.6,116.0,0.572,16.0,31.9,99.7,0.55,3.0,Sinker,L,LHB vs RHP,44.9,417,0.279,0.378,0.493,0.871,16,58,102,0.0384,4.2,0.657,307,0.0391,6.9,0.633,2,0,0,0/0,0.0,1.0,0.0,1.0,0,2,0,41.5,Slight Pitcher Advantage,Below average,50.9,5,Pitch-level Statcast · last 5 MLB games,476,Sinker,26.680672268907564,127.0,Slider,24.57983193277311,117.0,Changeup,22.478991596638654,107.0,4-Seam Fastball,18.69747899159664,89.0,Curveball,7.563025210084033,36.0,Unknown,,Unknown,,No,112.0,1.12,1.0,71.6,0.964,0.983,34.0,Current-Season Handedness Matchup,Pull Air %,Barrel %,Max Exit Velocity,44.9,38.5,31.9,17.0,71.6,45.0,36.7,4.02,0.828,1.03,1.025,1.0,0.91,0.91,1.0,11.34,6.55,85.0,25.1,F,Lineup unconfirmed,,,,,,
252,2026-09-04,823905,2026-09-05T02:10:00Z,Scheduled,UNIQLO Field at Dodger Stadium,Washington Nationals @ Los Angeles Dodgers,Home,669242,Tommy Edman,Los Angeles Dodgers,Washington Nationals,2B,S,No,,63,247,219,61,10,2,5,35,29,15,11,50,0.279,0.355,0.411,0.766,11,52,44,13,1,0.295,0.0192,24,102,91,24,2,0.264,0.0196,308,120,3.4,20.2,48.6,27.8,23.5,16.8,28.3,44.4,28.1,5.1,2.5,5.1,50.4,82.5,14.0,0.45,69.1,93.4,109.1,11.8,11.0,2.7,53.6,24.8,Weak,2.0,Pull Power,A,Excellent HR swing plane,24.8,Weak,0.929,Good,2.5,48.6,92.0,0.402,Derived proxy,Derived proxy,Derived proxy,Derived proxy,,,11.03,6.03,Strong positive regression,Weak Pull Power profile. 3.4% barrel rate; 82.5 mph average exit velocity; 28.3% air-ball rate; 44.4% pull-air rate; 5.1% HR-launch rate.,0.0202,0.0241,3.99,31,7,43.8,0.71,70.8,Recently homered,800600.0,Jackson Kent,L,Switch vs LHP,4,4,19.1,5.59,1.71,1,0.47,7.91,6.98,116.0,3.4,24.1,7.8,61.9,27.6,80.5,93.2,111.3,0.521,1.0,21.4,100.0,0.455,2.5,4-Seam Fastball,R,RHB vs LHP,38.4,76,0.222,0.355,0.397,0.752,3,7,21,0.0395,5.9,0.572,67,0.0149,3.4,0.532,0,0,0,0/0,,,,,0,0,0,34.8,Slight Pitcher Advantage,Below average,50.0,4,Pitch-level Statcast · last 5 MLB games,358,4-Seam Fastball,35.19553072625698,126.0,Changeup,21.22905027932961,76.0,Slider,17.877094972067038,64.0,Curveball,13.687150837988828,49.0,Sinker,12.011173184357542,43.0,Unknown,,Unknown,,No,100.0,1.0,1.0,50.0,0.943,0.959,42.0,Current-Season Handedness Matchup,Pull Air %,Barrel %,Max Exit Velocity,38.4,33.4,21.4,36.1,50.0,45.0,36.4,4.0,0.922,0.972,1.035,1.0,0.929,0.929,1.0,9.27,5.48,77.6,21.4,F,Lineup unconfirmed,,,,,,
253,2026-09-04,823905,2026-09-05T02:10:00Z,Scheduled,UNIQLO Field at Dodger Stadium,Washington Nationals @ Los Angeles Dodgers,Home,669257,Will Smith,Los Angeles Dodgers,Washington Nationals,C,R,No,,55,211,182,44,6,0,6,25,25,24,2,35,0.242,0.332,0.374,0.706,3,10,9,1,0,0.111,0.0,3,10,9,1,0,0.111,0.0,290,10,6.0,24.9,31.6,24.9,43.5,22.5,36.4,26.1,33.9,11.9,2.8,11.9,30.0,84.1,22.8,0.606,67.8,94.9,110.0,7.0,15.2,2.2,64.8,27.5,Weak,2.0,Contact-First Profile,A-,Elevated power plane,27.5,Weak,0.937,Good,0.0,20.0,97.4,0.559,Derived proxy,Derived proxy,Derived proxy,Derived proxy,,,16.36,10.36,Strong positive regression,Weak Contact-First Profile profile. 6.0% barrel rate; 84.1 mph average exit velocity; 36.4% air-ball rate; 26.1% pull-air rate; 11.9% HR-launch rate.,0.0284,0.0297,3.99,25,8,30.3,0.82,82.4,Near normal interval,800600.0,Jackson Kent,L,RHB vs LHP,4,4,19.1,5.59,1.71,1,0.47,7.91,6.98,116.0,3.4,24.1,7.8,61.9,27.6,80.5,93.2,111.3,0.521,1.0,41.3,100.0,0.592,5.5,4-Seam Fastball,R,RHB vs LHP,31.7,52,0.156,0.269,0.156,0.425,0,7,14,0.0,1.3,0.532,67,0.0149,3.4,0.532,0,0,0,0/0,,,,,0,0,0,38.7,Slight Pitcher Advantage,Below average,50.0,4,Pitch-level Statcast · last 5 MLB games,358,4-Seam Fastball,35.19553072625698,126.0,Changeup,21.22905027932961,76.0,Slider,17.877094972067038,64.0,Curveball,13.687150837988828,49.0,Sinker,12.011173184357542,43.0,Unknown,,Unknown,,No,100.0,1.0,1.0,50.0,0.983,0.959,36.7,Current-Season Handedness Matchup,Pull Air %,Barrel %,Max Exit Velocity,31.7,33.4,41.3,18.8,50.0,45.0,36.4,4.0,1.0,0.972,1.025,1.0,0.937,0.937,1.0,11.34,6.72,67.9,21.4,F,Lineup unconfirmed; Limited recent games,,,,,,
254,2026-09-04,824797,2026-09-04T23:05:00Z,Scheduled,Oriole Park at Camden Yards,Boston Red Sox @ Baltimore Orioles,Away,686765,Nick Sogard,Boston Red Sox,Baltimore Orioles,2B,S,No,,46,196,165,44,11,1,4,25,15,26,0,36,0.267,0.365,0.418,0.783,13,55,49,13,3,0.265,0.0545,28,127,108,30,4,0.278,0.0315,233,153,4.6,21.3,52.8,31.5,15.7,11.9,28.1,55.5,30.9,5.9,3.3,5.9,32.6,81.2,18.1,0.478,65.8,93.2,105.9,3.5,14.4,1.4,50.1,27.8,Weak,2.0,Pull Power,A,Excellent HR swing plane,27.8,Weak,0.938,Good,5.2,60.0,94.0,0.514,Derived proxy,Derived proxy,Derived proxy,Derived proxy,,,10.55,6.55,Strong positive regression,Weak Pull Power profile. 4.6% barrel rate; 81.2 mph average exit velocity; 28.1% air-ball rate; 55.5% pull-air rate; 5.9% HR-launch rate.,0.0204,0.0248,4.05,0,0,41.2,0.0,0.0,Very recent HR,669358.0,Shane Baz,R,Switch vs RHP,27,27,157.0,4.01,1.35,11,0.63,7.97,3.15,919.0,3.7,24.0,13.5,38.1,29.8,83.1,94.8,116.9,0.507,11.0,29.8,66.7,0.494,4.7,4-Seam Fastball,L,LHB vs RHP,18.9,154,0.244,0.353,0.331,0.684,1,22,28,0.0065,3.8,0.425,394,0.0178,4.1,0.53,0,0,0,0/0,,,,,0,0,0,28.9,Strong Pitcher Advantage,Below average,50.0,5,Pitch-level Statcast · last 5 MLB games,442,4-Seam Fastball,37.33031674208145,165.0,Knuckle Curve,31.67420814479638,140.0,Sinker,12.44343891402715,55.0,Changeup,10.180995475113122,45.0,Cutter,8.371040723981901,37.0,Unknown,,Unknown,,No,99.0,0.99,1.0,48.2,0.96,0.962,40.1,Current-Season Handedness Matchup,Pull Air %,Barrel %,Max Exit Velocity,18.9,26.8,29.8,49.2,48.2,45.0,36.2,3.99,1.312,0.925,1.035,1.0,0.938,0.938,0.98,9.67,6.78,74.0,23.2,F,Lineup unconfirmed,,,,,,
255,2026-09-04,824424,2026-09-04T18:10:00Z,Scheduled,Progressive Field,Detroit Tigers @ Cleveland Guardians,Home,694197,Angel Genao,Cleveland Guardians,Detroit Tigers,2B,S,No,,24,91,83,21,3,0,2,11,6,7,1,12,0.253,0.319,0.361,0.68,10,36,33,5,1,0.152,0.0278,23,86,78,17,2,0.218,0.0233,109,101,3.4,35.4,50.3,31.7,18.0,11.0,20.6,39.4,23.5,3.4,1.9,3.4,55.8,86.1,7.5,0.416,70.7,97.7,108.7,24.9,8.1,8.5,45.2,28.2,Weak,2.0,Contact-First Profile,C,Low line-drive plane,28.2,Weak,0.939,Good,3.0,40.0,97.7,0.401,Derived proxy,Derived proxy,Derived proxy,Derived proxy,,,3.85,1.85,Near expected,Weak Contact-First Profile profile. 3.4% barrel rate; 86.1 mph average exit velocity; 20.6% air-ball rate; 39.4% pull-air rate; 3.4% HR-launch rate.,0.022,0.0277,3.99,7,2,41.5,0.17,16.9,Very recent HR,672456.0,Keider Montero,R,Switch vs RHP,28,22,139.0,3.24,0.99,14,0.91,5.96,2.01,738.0,4.6,24.7,14.8,46.6,26.0,83.1,95.0,112.4,0.463,14.0,26.9,85.8,0.448,5.6,4-Seam Fastball,L,LHB vs RHP,29.5,62,0.259,0.306,0.328,0.634,1,4,9,0.0161,3.5,0.416,316,0.0285,5.2,0.504,2,2,0,0/2,0.0,0.0,0.0,0.0,0,0,0,31.7,Slight Pitcher Advantage,Below average,45.0,5,Pitch-level Statcast · last 5 MLB games,407,4-Seam Fastball,31.44963144963145,128.0,Slider,20.884520884520885,85.0,Sinker,18.91891891891892,77.0,Changeup,15.97051597051597,65.0,Knuckle Curve,12.776412776412776,52.0,Unknown,,Unknown,,No,100.0,1.0,1.0,50.0,0.954,0.971,37.9,Current-Season Handedness Matchup,Pull Air %,Barrel %,Max Exit Velocity,29.5,33.6,26.9,40.3,50.0,45.0,36.2,3.99,0.972,0.97,1.035,1.0,0.939,0.939,0.98,10.59,6.19,65.4,19.5,F,Lineup unconfirmed,,,,,,
256,2026-09-04,822852,2026-09-05T00:05:00Z,Scheduled,Globe Life Field,Tampa Bay Rays @ Texas Rangers,Away,683748,Victor Mesa Jr.,Tampa Bay Rays,Texas Rangers,RF,L,No,,59,188,168,37,3,2,10,22,22,16,1,40,0.22,0.29,0.44,0.73,3,9,9,3,0,0.333,0.0,11,37,35,9,2,0.257,0.0541,253,44,6.8,25.5,41.3,29.2,29.5,22.5,33.6,36.9,26.5,9.1,5.0,9.1,61.6,82.3,25.9,0.534,70.7,94.9,108.8,37.0,11.4,9.9,61.4,34.8,Weak,2.5,Contact-First Profile,A-,Elevated power plane,34.8,Weak,0.957,Good,6.8,30.0,95.9,0.504,Derived proxy,Derived proxy,Derived proxy,Derived proxy,,,14.7,4.7,Strong positive regression,Weak Contact-First Profile profile. 6.8% barrel rate; 82.3 mph average exit velocity; 33.6% air-ball rate; 36.9% pull-air rate; 9.1% HR-launch rate.,0.0532,0.0449,4.05,17,7,16.8,1.01,101.2,Near normal interval,592866.0,Trevor Williams,R,LHB vs RHP,9,0,18.1,3.93,1.42,3,1.47,11.29,3.44,114.0,3.5,16.7,10.5,34.8,34.2,79.5,91.9,109.6,0.501,3.0,30.0,100.0,0.479,5.5,4-Seam Fastball,L,LHB vs RHP,47.6,150,0.203,0.282,0.451,0.733,9,14,34,0.06,7.9,0.599,41,0.0244,3.3,0.413,0,0,0,0/0,,,,,0,0,0,41.9,Slight Pitcher Advantage,Below average,50.0,5,Pitch-level Statcast · last 5 MLB games,240,4-Seam Fastball,39.166666666666664,94.0,Sweeper,23.75,57.0,Sinker,19.166666666666668,46.0,Changeup,9.583333333333334,23.0,Slider,8.333333333333334,20.0,Unknown,,Unknown,,No,104.0,1.04,1.0,57.2,0.96,0.96,44.9,Current-Season Handedness Matchup,Pull Air %,Barrel %,Max Exit Velocity,47.6,21.1,30.0,35.9,57.2,45.0,36.2,3.99,1.037,1.015,1.025,1.0,0.957,0.957,1.0,16.99,9.77,68.4,27.6,F,Lineup unconfirmed,,,,,,
257,2026-09-04,823338,2026-09-04T22:45:00Z,Scheduled,PNC Park,Los Angeles Angels @ Pittsburgh Pirates,Away,694203,Denzer Guzman,Los Angeles Angels,Pittsburgh Pirates,3B,R,No,,66,227,211,46,8,0,6,22,24,12,1,59,0.218,0.263,0.341,0.604,9,28,25,2,0,0.08,0.0,24,68,64,12,1,0.188,0.0147,295,79,3.5,20.3,35.8,36.3,28.0,10.2,22.5,42.2,32.7,5.1,2.6,5.1,50.7,80.0,16.4,0.428,71.9,91.8,110.3,39.1,9.3,9.9,38.2,27.6,Weak,2.0,Pull Power,A,Excellent HR swing plane,27.6,Weak,0.937,Good,3.8,43.8,91.1,0.385,Derived proxy,Derived proxy,Derived proxy,Derived proxy,,,10.38,4.38,Strong positive regression,Weak Pull Power profile. 3.5% barrel rate; 80.0 mph average exit velocity; 22.5% air-ball rate; 42.2% pull-air rate; 5.1% HR-launch rate.,0.0264,0.0284,3.87,29,10,35.2,0.82,82.5,Near normal interval,683003.0,Jared Jones,R,RHB vs RHP,16,16,72.2,4.83,1.28,12,1.49,10.28,3.34,372.0,5.9,27.2,14.8,37.5,31.2,84.7,96.5,115.1,0.557,12.0,23.2,100.0,0.434,4.4,4-Seam Fastball,R,RHB vs RHP,26.3,158,0.242,0.271,0.322,0.593,2,5,38,0.0127,2.4,0.422,123,0.0407,7.4,0.522,0,0,0,0/0,,,,,0,0,0,30.0,Strong Pitcher Advantage,Below average,50.0,5,Pitch-level Statcast · last 5 MLB games,410,4-Seam Fastball,47.80487804878049,196.0,Slider,33.90243902439025,139.0,Changeup,11.707317073170731,48.0,Curveball,6.585365853658536,27.0,,,,Unknown,,Unknown,,No,100.0,1.0,1.0,50.0,0.946,0.984,37.9,Current-Season Handedness Matchup,Pull Air %,Barrel %,Max Exit Velocity,26.3,37.5,23.2,32.5,50.0,45.0,36.0,3.98,0.77,1.062,0.985,0.94,0.937,0.881,1.0,10.54,5.37,73.7,19.3,F,Lineup unconfirmed,,,,,,
258,2026-09-04,823905,2026-09-05T02:10:00Z,Scheduled,UNIQLO Field at Dodger Stadium,Washington Nationals @ Los Angeles Dodgers,Away,682928,CJ Abrams,Washington Nationals,Los Angeles Dodgers,SS,L,No,,133,574,506,135,26,3,29,82,94,50,12,138,0.267,0.343,0.502,0.845,9,40,36,4,0,0.111,0.0,21,94,85,13,1,0.153,0.0106,743,134,5.6,23.2,46.0,24.9,28.9,13.5,23.5,48.9,28.5,6.9,4.0,6.9,45.5,83.2,22.6,0.511,71.2,94.7,111.3,26.8,12.2,6.6,52.3,34.9,Weak,2.5,Pull Power,A-,Elevated power plane,34.9,Weak,0.958,Good,3.7,44.0,93.0,0.374,Derived proxy,Derived proxy,Derived proxy,Derived proxy,,,38.97,9.97,Strong positive regression,Weak Pull Power profile. 5.6% barrel rate; 83.2 mph average exit velocity; 23.5% air-ball rate; 48.9% pull-air rate; 6.9% HR-launch rate.,0.0505,0.0473,4.15,62,16,17.4,3.55,355.3,Very long drought,605483.0,Blake Snell,L,LHB vs LHP,5,5,26.0,2.42,1.08,0,0.0,12.46,4.15,129.0,0.8,6.2,10.1,33.3,29.5,78.0,87.5,107.3,0.331,0.0,43.5,100.0,0.597,6.4,4-Seam Fastball,L,LHB vs LHP,32.1,175,0.239,0.28,0.429,0.709,6,9,55,0.0343,3.7,0.499,35,0.0,0.0,0.363,2,2,1,1/2,0.5,0.5,0.5,1.0,0,0,0,39.8,Slight Pitcher Advantage,Below average,50.9,5,Pitch-level Statcast · last 5 MLB games,444,4-Seam Fastball,49.32432432432432,219.0,Curveball,20.945945945945947,93.0,Changeup,17.792792792792792,79.0,Slider,11.936936936936936,53.0,,,,Unknown,,Unknown,,No,100.0,1.0,1.0,50.0,0.987,0.933,47.5,Current-Season Handedness Matchup,Pull Air %,Barrel %,Max Exit Velocity,32.1,9.9,43.5,36.4,50.0,45.0,35.9,3.98,0.758,1.0,0.985,1.0,0.958,0.958,1.06,18.22,8.04,84.5,35.6,D,Lineup unconfirmed,,,,,,
259,2026-09-04,823418,2026-09-04T22:40:00Z,Scheduled,Citizens Bank Park,Atlanta Braves @ Philadelphia Phillies,Away,669221,Sean Murphy,Atlanta Braves,Philadelphia Phillies,C,R,No,,18,66,62,15,3,0,3,8,8,4,0,23,0.242,0.288,0.435,0.723,7,28,24,10,3,0.417,0.1071,13,48,44,13,3,0.295,0.0625,73,55,4.6,22.5,46.9,30.9,22.2,13.4,24.9,40.3,31.0,3.1,1.5,3.1,100.0,81.3,15.8,0.58,70.7,94.5,107.5,25.6,11.6,5.7,41.6,27.6,Weak,2.0,Contact-First Profile,A,Excellent HR swing plane,27.6,Weak,0.937,Good,5.5,42.9,94.8,0.64,Derived proxy,Derived proxy,Derived proxy,Derived proxy,,,2.82,-0.18,Near expected,Weak Contact-First Profile profile. 4.6% barrel rate; 81.3 mph average exit velocity; 24.9% air-ball rate; 40.3% pull-air rate; 3.1% HR-launch rate.,0.0455,0.0368,3.99,0,0,20.7,0.0,0.0,Very recent HR,650911.0,Cristopher Sánchez,L,RHB vs LHP,28,28,175.1,2.52,1.19,14,0.72,10.37,2.0,827.0,4.2,27.3,9.1,42.6,26.6,83.4,96.1,112.7,0.504,14.0,6.3,62.3,0.313,0.0,Sinker,R,RHB vs LHP,43.0,19,0.167,0.211,0.333,0.544,1,1,5,0.0526,8.3,0.611,561,0.0232,4.9,0.533,3,3,0,0/3,0.0,0.0,0.0,0.0,0,0,1,30.0,Slight Pitcher Advantage,Below average,42.5,5,Pitch-level Statcast · last 5 MLB games,471,Sinker,46.07218683651805,217.0,Changeup,35.881104033970274,169.0,Slider,18.046709129511676,85.0,,,,,,,Unknown,,Unknown,,No,108.0,1.08,1.0,64.4,0.92,0.967,43.6,Current-Season Handedness Matchup,Pull Air %,Barrel %,Max Exit Velocity,43.0,32.2,6.3,42.8,64.4,45.0,35.8,3.97,1.35,0.939,1.025,1.0,0.937,0.937,0.98,13.89,9.3,60.6,24.5,F,Small season sample; Lineup unconfirmed,,,,,,
260,2026-09-04,823579,2026-09-04T23:10:00Z,Scheduled,Citi Field,San Francisco Giants @ New York Mets,Home,701807,Carson Benge,New York Mets,San Francisco Giants,RF,L,No,,134,554,507,141,18,3,16,71,54,40,6,120,0.278,0.338,0.42,0.758,11,47,44,15,1,0.341,0.0213,24,101,93,32,3,0.344,0.0297,758,149,3.5,21.1,38.2,24.8,35.8,14.4,26.8,30.1,33.6,6.2,3.3,6.2,60.9,82.0,17.9,0.559,68.8,93.3,108.9,15.6,10.7,4.2,38.5,22.6,Weak,2.0,Contact-First Profile,A,Excellent HR swing plane,22.6,Weak,0.923,Good,2.7,27.5,91.8,0.545,Derived proxy,Derived proxy,Derived proxy,Derived proxy,,,25.82,9.82,Strong positive regression,Weak Contact-First Profile profile. 3.5% barrel rate; 82.0 mph average exit velocity; 26.8% air-ball rate; 30.1% pull-air rate; 6.2% HR-launch rate.,0.0289,0.0294,3.99,39,10,31.7,1.23,123.1,Near normal interval,683363.0,Matt Wilkinson,L,LHB vs LHP,3,3,11.2,4.63,1.11,1,0.77,4.63,1.54,69.0,2.9,30.4,17.4,45.5,27.5,84.2,95.7,108.2,0.491,1.0,40.0,100.0,0.596,4.7,4-Seam Fastball,L,LHB vs LHP,41.2,147,0.267,0.327,0.407,0.734,5,10,39,0.034,5.0,0.619,9,0.0,0.0,0.251,0,0,0,0/0,,,,,0,0,0,42.6,Slight Pitcher Advantage,Below average,50.0,3,Pitch-level Statcast · last 5 MLB games,181,4-Seam Fastball,54.69613259668508,99.0,Changeup,24.30939226519337,44.0,Slider,15.469613259668508,28.0,Cutter,5.524861878453039,10.0,,,,Unknown,,Unknown,,No,100.0,1.0,1.0,50.0,0.98,0.954,37.1,Current-Season Handedness Matchup,Pull Air %,Barrel %,Max Exit Velocity,41.2,32.2,40.0,16.1,50.0,45.0,35.8,3.97,0.941,0.992,0.985,1.0,0.923,0.923,1.0,11.24,6.23,85.0,25.7,F,Lineup unconfirmed,,,,,,
261,2026-09-04,823824,2026-09-04T23:10:00Z,Scheduled,loanDepot park,Chicago Cubs @ Miami Marlins,Away,683737,Michael Busch,Chicago Cubs,Miami Marlins,1B,L,No,,139,624,530,125,25,2,17,62,68,78,12,145,0.236,0.345,0.387,0.732,12,55,46,7,2,0.152,0.0364,25,111,98,20,3,0.204,0.027,732,120,4.7,23.2,45.9,25.2,28.9,18.0,28.9,38.5,28.8,6.2,4.0,6.2,50.9,82.6,18.4,0.522,66.6,94.6,109.5,5.4,12.2,1.2,46.0,25.4,Weak,2.0,Contact-First Profile,A,Excellent HR swing plane,25.4,Weak,0.931,Good,4.2,35.3,95.1,0.48,Derived proxy,Derived proxy,Derived proxy,Derived proxy,,,31.98,14.98,Strong positive regression,Weak Contact-First Profile profile. 4.7% barrel rate; 82.6 mph average exit velocity; 28.9% air-ball rate; 38.5% pull-air rate; 6.2% HR-launch rate.,0.0272,0.028,4.05,26,6,31.2,0.83,83.4,Near normal interval,676083.0,Janson Junk,R,LHB vs RHP,21,20,103.0,4.11,1.3,12,1.05,6.12,2.45,635.0,4.3,23.9,11.7,47.2,29.3,83.0,95.2,114.2,0.497,12.0,29.1,99.9,0.5,4.0,4-Seam Fastball,L,LHB vs RHP,29.3,435,0.239,0.352,0.38,0.732,11,57,102,0.0253,4.7,0.539,274,0.0219,4.2,0.527,1,1,0,0/1,0.0,0.0,0.0,0.0,0,0,1,32.8,Slight Pitcher Advantage,Below average,47.5,5,Pitch-level Statcast · last 5 MLB games,311,4-Seam Fastball,28.938906752411576,90.0,Slider,18.327974276527332,57.0,Sweeper,17.363344051446944,54.0,Changeup,17.041800643086816,53.0,Curveball,13.82636655948553,43.0,Unknown,,Unknown,,No,94.0,0.94,1.0,39.2,0.958,0.968,39.3,Current-Season Handedness Matchup,Pull Air %,Barrel %,Max Exit Velocity,29.3,34.0,29.1,33.4,39.2,45.0,35.8,3.97,1.059,0.992,1.025,1.0,0.931,0.931,1.0,10.87,6.48,85.0,23.9,F,Lineup unconfirmed,Sinker,4.501607717041801,14.0,,,
262,2026-09-04,823256,2026-09-05T01:40:00Z,Scheduled,Petco Park,New York Yankees @ San Diego Padres,Away,641355,Cody Bellinger,New York Yankees,San Diego Padres,LF,L,No,,113,481,419,112,22,3,12,61,60,56,0,76,0.267,0.349,0.42,0.769,11,47,45,15,1,0.333,0.0213,11,47,45,15,1,0.333,0.0213,629,73,3.3,20.1,54.0,24.1,21.3,14.8,29.9,51.1,31.9,4.8,3.6,4.8,51.4,82.8,21.6,0.493,69.0,93.4,108.1,4.3,11.4,1.1,60.3,28.0,Weak,2.0,Pull Power,A-,Elevated power plane,28.0,Weak,0.938,Good,2.7,57.1,91.6,0.461,Derived proxy,Derived proxy,Derived proxy,Derived proxy,,,23.14,11.14,Strong positive regression,Weak Pull Power profile. 3.3% barrel rate; 82.8 mph average exit velocity; 29.9% air-ball rate; 51.1% pull-air rate; 4.8% HR-launch rate.,0.0249,0.0264,4.05,36,9,34.9,1.03,103.1,Near normal interval,621111.0,Walker Buehler,R,LHB vs RHP,27,27,131.1,4.66,1.36,17,1.16,7.61,3.36,747.0,4.6,23.2,12.0,40.8,27.6,83.0,94.6,111.9,0.507,17.0,23.2,91.0,0.47,2.6,Cutter,L,LHB vs RHP,28.6,307,0.264,0.358,0.419,0.777,8,40,50,0.0261,4.2,0.546,311,0.0225,4.2,0.503,3,2,1,1/2,0.5,0.667,2.0,2.667,1,1,0,32.5,Slight Pitcher Advantage,Below average,57.5,5,Pitch-level Statcast · last 5 MLB games,415,Cutter,27.951807228915662,116.0,Sinker,25.542168674698797,106.0,4-Seam Fastball,17.59036144578313,73.0,Slider,11.08433734939759,46.0,Changeup,8.674698795180722,36.0,Unknown,,Unknown,,No,94.0,0.94,1.0,39.2,0.946,0.971,43.2,Current-Season Handedness Matchup,Pull Air %,Barrel %,Max Exit Velocity,28.6,30.6,23.2,38.9,39.2,45.0,35.7,3.97,0.923,1.01,1.025,1.0,0.938,0.938,1.0,10.25,5.79,80.8,23.6,F,Lineup unconfirmed,Sweeper,4.819277108433735,20.0,Knuckle Curve,4.337349397590361,18.0
263,2026-09-04,823824,2026-09-04T23:10:00Z,Scheduled,loanDepot park,Chicago Cubs @ Miami Marlins,Home,672640,Otto Lopez,Miami Marlins,Chicago Cubs,SS,R,No,,137,595,549,166,30,8,10,82,62,31,4,78,0.302,0.338,0.441,0.779,12,53,48,12,1,0.25,0.0189,26,115,105,24,1,0.229,0.0087,764,145,3.8,27.5,30.8,35.8,33.0,14.0,27.1,30.5,24.0,5.4,3.1,5.4,28.7,82.9,13.3,0.47,69.1,95.6,111.5,18.6,11.0,4.5,41.5,21.9,Weak,2.0,Contact-First Profile,A,Excellent HR swing plane,21.9,Weak,0.921,Good,3.4,31.6,94.5,0.429,Derived proxy,Derived proxy,Derived proxy,Derived proxy,,,27.01,17.01,Strong positive regression,Weak Contact-First Profile profile. 3.8% barrel rate; 82.9 mph average exit velocity; 27.1% air-ball rate; 30.5% pull-air rate; 5.4% HR-launch rate.,0.0168,0.0194,3.99,15,4,54.9,0.27,27.3,Very recent HR,684007.0,Shota Imanaga,L,RHB vs LHP,27,27,150.1,4.01,1.14,33,1.98,8.86,2.1,818.0,6.0,22.1,17.5,45.9,27.6,81.8,94.3,114.7,0.549,33.0,27.7,100.0,0.499,3.4,4-Seam Fastball,R,RHB vs LHP,33.7,149,0.333,0.342,0.5,0.842,3,5,20,0.0201,5.0,0.502,444,0.0495,5.4,0.529,5,5,0,0/5,0.0,0.0,0.0,0.0,0,0,1,32.4,Slight Pitcher Advantage,Below average,37.5,5,Pitch-level Statcast · last 5 MLB games,428,4-Seam Fastball,42.05607476635514,180.0,Split-Finger,31.77570093457944,136.0,Sweeper,17.757009345794394,76.0,Sinker,3.97196261682243,17.0,Slider,3.2710280373831777,14.0,Unknown,,Unknown,,No,94.0,0.94,1.0,39.2,0.955,0.985,36.1,Current-Season Handedness Matchup,Pull Air %,Barrel %,Max Exit Velocity,33.7,40.6,27.7,27.1,39.2,45.0,35.6,3.96,0.895,1.141,1.025,1.0,0.921,0.921,0.98,7.5,5.02,85.0,21.9,F,Lineup unconfirmed,Curveball,1.1682242990654206,5.0,,,
264,2026-09-04,823579,2026-09-04T23:10:00Z,Scheduled,Citi Field,San Francisco Giants @ New York Mets,Home,666182,Bo Bichette,New York Mets,San Francisco Giants,3B,R,No,,138,593,545,144,24,2,14,67,66,39,2,107,0.264,0.312,0.393,0.705,10,41,38,9,1,0.237,0.0244,24,101,91,28,3,0.308,0.0297,901,170,3.3,22.6,26.0,28.6,45.2,12.3,25.2,30.3,40.4,5.0,1.6,5.0,50.4,82.3,17.4,0.514,68.0,94.3,113.8,13.2,11.0,4.1,28.4,22.5,Weak,2.0,Contact-First Profile,A,Excellent HR swing plane,22.5,Weak,0.923,Good,2.9,32.6,93.2,0.515,Derived proxy,Derived proxy,Derived proxy,Derived proxy,,,28.45,14.45,Strong positive regression,Weak Contact-First Profile profile. 3.3% barrel rate; 82.3 mph average exit velocity; 25.2% air-ball rate; 30.3% pull-air rate; 5.0% HR-launch rate.,0.0236,0.025,3.99,33,9,38.9,0.85,84.8,Near normal interval,683363.0,Matt Wilkinson,L,RHB vs LHP,3,3,11.2,4.63,1.11,1,0.77,4.63,1.54,69.0,2.9,30.4,17.4,45.5,27.5,84.2,95.7,108.2,0.491,1.0,28.2,100.0,0.526,2.3,4-Seam Fastball,R,RHB vs LHP,37.3,161,0.269,0.329,0.448,0.777,5,14,27,0.0311,4.4,0.572,38,0.0263,3.7,0.544,0,0,0,0/0,,,,,0,0,0,36.7,Slight Pitcher Advantage,Below average,50.0,3,Pitch-level Statcast · last 5 MLB games,181,4-Seam Fastball,54.69613259668508,99.0,Changeup,24.30939226519337,44.0,Slider,15.469613259668508,28.0,Cutter,5.524861878453039,10.0,,,,Unknown,,Unknown,,No,100.0,1.0,1.0,50.0,0.956,0.954,40.1,Current-Season Handedness Matchup,Pull Air %,Barrel %,Max Exit Velocity,37.3,32.2,28.2,24.4,50.0,45.0,35.6,3.96,1.028,0.992,1.025,1.0,0.923,0.923,1.0,9.62,6.0,85.0,22.8,F,Lineup unconfirmed,,,,,,
265,2026-09-04,824797,2026-09-04T23:05:00Z,Scheduled,Oriole Park at Camden Yards,Boston Red Sox @ Baltimore Orioles,Away,657136,Connor Wong,Boston Red Sox,Baltimore Orioles,C,R,No,,70,222,194,46,11,0,4,22,23,17,6,53,0.237,0.317,0.356,0.673,7,28,26,4,0,0.154,0.0,13,49,46,10,2,0.217,0.0408,276,57,3.6,25.0,42.6,31.1,26.3,13.8,22.2,52.4,22.4,4.9,2.9,4.9,61.0,81.2,12.5,0.46,71.0,94.9,110.0,30.2,8.3,9.1,50.5,31.6,Weak,2.5,Pull Power,A,Excellent HR swing plane,31.6,Weak,0.948,Good,3.5,58.3,95.4,0.459,Derived proxy,Derived proxy,Derived proxy,Derived proxy,,,10.35,6.35,Strong positive regression,Weak Pull Power profile. 3.6% barrel rate; 81.2 mph average exit velocity; 22.2% air-ball rate; 52.4% pull-air rate; 4.9% HR-launch rate.,0.018,0.0229,4.05,29,8,48.5,0.6,59.8,Recently homered,669358.0,Shane Baz,R,RHB vs RHP,27,27,157.0,4.01,1.35,11,0.63,7.97,3.15,919.0,3.7,24.0,13.5,38.1,29.8,83.1,94.8,116.9,0.507,11.0,26.2,66.7,0.477,3.7,4-Seam Fastball,R,RHB vs RHP,14.2,158,0.226,0.314,0.321,0.635,1,13,44,0.0063,2.6,0.42,277,0.0144,3.0,0.477,7,7,0,0/7,0.0,0.0,0.0,0.0,0,0,3,22.1,Strong Pitcher Advantage,Below average,32.5,5,Pitch-level Statcast · last 5 MLB games,442,4-Seam Fastball,37.33031674208145,165.0,Knuckle Curve,31.67420814479638,140.0,Sinker,12.44343891402715,55.0,Changeup,10.180995475113122,45.0,Cutter,8.371040723981901,37.0,Unknown,,Unknown,,No,99.0,0.99,1.0,48.2,0.952,0.962,40.2,Current-Season Handedness Matchup,Pull Air %,Barrel %,Max Exit Velocity,14.2,26.8,26.2,48.2,48.2,45.0,35.6,3.96,0.997,0.925,0.985,1.0,0.948,0.948,1.0,8.96,5.36,71.8,19.0,F,Lineup unconfirmed,,,,,,
266,2026-09-04,824387,2026-09-04T23:15:00Z,Scheduled,Progressive Field,Detroit Tigers @ Cleveland Guardians,Away,701162,Ben Malgeri,Detroit Tigers,Cleveland Guardians,RF,R,No,,40,92,78,19,2,0,3,11,11,12,1,24,0.244,0.348,0.385,0.733,8,19,18,4,0,0.222,0.0,19,42,37,8,2,0.216,0.0476,108,52,3.2,22.5,42.4,27.2,30.4,12.5,30.0,37.5,44.5,5.6,5.0,5.6,100.0,82.5,17.9,0.534,65.9,94.2,106.5,3.3,11.3,1.3,27.8,24.3,Weak,2.0,Contact-First Profile,A,Excellent HR swing plane,24.3,Weak,0.928,Good,3.8,37.5,93.5,0.595,Derived proxy,Derived proxy,Derived proxy,Derived proxy,,,3.6,0.6,Near expected,Weak Contact-First Profile profile. 3.2% barrel rate; 82.5 mph average exit velocity; 30.0% air-ball rate; 37.5% pull-air rate; 5.6% HR-launch rate.,0.0326,0.0323,4.05,25,13,26.0,0.96,96.2,Near normal interval,656492.0,Foster Griffin,L,RHB vs LHP,27,27,154.1,3.21,1.12,23,1.34,8.11,2.27,855.0,5.4,23.0,13.9,39.5,33.9,81.5,94.4,119.0,0.551,23.0,27.5,79.4,0.479,4.3,Cutter,R,RHB vs LHP,29.1,58,0.188,0.31,0.229,0.54,0,8,17,0.0,0.0,0.388,461,0.0347,5.2,0.54,2,2,0,0/2,0.0,0.0,0.0,0.0,0,0,1,31.7,Slight Pitcher Advantage,Below average,45.0,5,Pitch-level Statcast · last 5 MLB games,459,Cutter,30.065359477124183,138.0,4-Seam Fastball,18.30065359477124,84.0,Changeup,15.250544662309368,70.0,Sweeper,14.596949891067538,67.0,Sinker,9.368191721132897,43.0,Unknown,,Unknown,,No,100.0,1.0,1.0,50.0,0.955,0.979,37.4,Current-Season Handedness Matchup,Pull Air %,Barrel %,Max Exit Velocity,29.1,34.1,27.5,31.6,50.0,45.0,35.5,3.96,0.943,1.038,1.025,1.0,0.928,0.928,1.0,12.44,7.08,61.9,22.2,F,Lineup unconfirmed,Split-Finger,6.5359477124183005,30.0,Curveball,5.882352941176471,27.0
267,2026-09-04,824797,2026-09-04T23:05:00Z,Scheduled,Oriole Park at Camden Yards,Boston Red Sox @ Baltimore Orioles,Away,668939,Adley Rutschman,Boston Red Sox,Baltimore Orioles,C,S,No,,83,347,304,73,20,1,11,38,53,36,2,55,0.24,0.32,0.421,0.741,7,26,26,5,2,0.192,0.0769,16,63,57,11,3,0.193,0.0476,460,75,3.6,22.0,41.9,34.4,23.5,15.9,27.6,43.6,32.5,7.0,5.4,7.0,48.3,81.8,15.4,0.507,68.5,93.0,109.3,8.6,9.8,3.2,42.3,27.1,Weak,2.0,Pull Power,A,Excellent HR swing plane,27.1,Weak,0.936,Good,2.7,47.1,90.0,0.495,Derived proxy,Derived proxy,Derived proxy,Derived proxy,,,17.64,6.64,Strong positive regression,Weak Pull Power profile. 3.6% barrel rate; 81.8 mph average exit velocity; 27.6% air-ball rate; 43.6% pull-air rate; 7.0% HR-launch rate.,0.0317,0.0318,4.05,0,0,27.6,0.0,0.0,Very recent HR,669358.0,Shane Baz,R,Switch vs RHP,27,27,157.0,4.01,1.35,11,0.63,7.97,3.15,919.0,3.7,24.0,13.5,38.1,29.8,83.1,94.8,116.9,0.507,11.0,33.4,99.6,0.537,4.4,4-Seam Fastball,L,LHB vs RHP,29.0,227,0.24,0.326,0.423,0.749,6,25,41,0.0264,4.9,0.54,394,0.0178,4.1,0.53,2,2,1,1/2,0.5,0.5,0.5,1.0,0,0,0,34.9,Slight Pitcher Advantage,Below average,50.9,5,Pitch-level Statcast · last 5 MLB games,442,4-Seam Fastball,37.33031674208145,165.0,Knuckle Curve,31.67420814479638,140.0,Sinker,12.44343891402715,55.0,Changeup,10.180995475113122,45.0,Cutter,8.371040723981901,37.0,Unknown,,Unknown,,No,99.0,0.99,1.0,48.2,0.967,0.962,40.3,Current-Season Handedness Matchup,Pull Air %,Barrel %,Max Exit Velocity,29.0,26.8,33.4,30.8,48.2,45.0,35.5,3.95,1.35,0.925,1.035,1.0,0.936,0.936,0.98,12.26,8.17,81.8,25.9,F,Lineup unconfirmed,,,,,,
268,2026-09-04,824067,2026-09-05T00:10:00Z,Scheduled,Kauffman Stadium,Toronto Blue Jays @ Kansas City Royals,Away,665489,Vladimir Guerrero Jr.,Toronto Blue Jays,Kansas City Royals,1B,R,No,,126,533,473,123,22,0,8,65,54,50,4,67,0.26,0.332,0.357,0.689,11,47,43,10,1,0.233,0.0213,18,77,72,19,2,0.264,0.026,695,96,4.6,30.9,31.3,33.6,35.1,12.8,28.3,31.6,27.0,4.1,1.9,4.1,31.3,85.2,15.1,0.456,74.9,98.5,116.3,55.4,9.8,17.6,29.1,33.1,Weak,2.5,Contact-First Profile,A,Excellent HR swing plane,33.1,Weak,0.953,Good,5.2,29.0,99.8,0.434,Derived proxy,Derived proxy,Derived proxy,Derived proxy,,,28.59,20.59,Strong positive regression,Weak Contact-First Profile profile. 4.6% barrel rate; 85.2 mph average exit velocity; 28.3% air-ball rate; 31.6% pull-air rate; 4.1% HR-launch rate.,0.015,0.0181,4.05,3,1,59.1,0.05,5.1,Very recent HR,663738.0,Daniel Lynch IV,L,RHB vs LHP,51,5,61.2,3.06,1.05,5,0.73,6.71,2.77,299.0,4.3,27.1,16.1,34.9,25.1,83.5,96.0,111.3,0.498,5.0,25.8,100.0,0.471,3.8,Sinker,R,RHB vs LHP,29.1,135,0.272,0.378,0.395,0.773,3,19,18,0.0222,4.4,0.538,147,0.0272,3.9,0.534,3,3,1,1/3,0.333,0.333,0.333,0.666,0,0,1,31.3,Slight Pitcher Advantage,Below average,46.0,5,Pitch-level Statcast · last 5 MLB games,248,Sinker,35.88709677419355,89.0,Changeup,22.983870967741936,57.0,Slider,15.32258064516129,38.0,4-Seam Fastball,15.32258064516129,38.0,Knuckle Curve,10.483870967741936,26.0,Unknown,,Unknown,,No,100.0,1.0,1.0,50.0,0.952,0.968,41.1,Current-Season Handedness Matchup,Pull Air %,Barrel %,Max Exit Velocity,29.1,27.2,25.8,39.2,50.0,45.0,35.4,3.95,1.116,0.948,1.025,1.0,0.953,0.953,0.98,7.14,5.18,83.2,20.5,F,Lineup unconfirmed,,,,,,
269,2026-09-04,824146,2026-09-05T00:10:00Z,Scheduled,Daikin Park,Arizona Diamondbacks @ Houston Astros,Away,666971,Lourdes Gurriel Jr.,Arizona Diamondbacks,Houston Astros,LF,R,No,,47,189,174,36,8,0,2,12,21,10,2,34,0.207,0.254,0.287,0.541,0,0,0,0,0,0.0,0.0,0,0,0,0,0,0.0,0.0,255,0,3.1,22.4,42.7,27.3,30.1,12.2,25.5,46.2,31.4,3.9,2.0,3.9,25.0,82.7,14.7,0.392,68.7,93.8,108.5,9.8,10.6,1.2,47.2,23.2,Weak,2.0,Pull Power,A,Excellent HR swing plane,23.2,Weak,0.925,Good,,,,,Derived proxy,Derived proxy,Derived proxy,Derived proxy,,,8.52,6.52,Strong positive regression,Weak Pull Power profile. 3.1% barrel rate; 82.7 mph average exit velocity; 25.5% air-ball rate; 46.2% pull-air rate; 3.9% HR-launch rate.,0.0106,0.0189,3.87,37,11,87.0,0.43,42.5,Recently homered,664299.0,Cristian Javier,R,RHB vs RHP,13,8,44.2,6.45,1.63,8,1.61,8.46,3.83,281.0,4.3,20.3,20.3,46.8,32.4,82.3,93.7,110.8,0.58,8.0,8.9,99.8,0.331,2.4,4-Seam Fastball,R,RHB vs RHP,32.2,143,0.212,0.252,0.311,0.562,2,6,28,0.014,3.7,0.391,112,0.0536,5.1,0.692,5,5,1,1/5,0.2,0.2,0.2,0.4,0,0,3,25.1,Strong Pitcher Advantage,Below average,37.5,5,Pitch-level Statcast · last 5 MLB games,426,4-Seam Fastball,48.35680751173709,206.0,Sweeper,27.934272300469484,119.0,Changeup,15.492957746478874,66.0,Cutter,7.042253521126761,30.0,Knuckle Curve,0.9389671361502347,4.0,Unknown,,Unknown,,No,100.0,1.0,1.0,50.0,0.92,0.968,40.6,Current-Season Handedness Matchup,Pull Air %,Barrel %,Max Exit Velocity,32.2,35.0,8.9,50.0,50.0,45.0,35.3,3.95,1.0,1.052,0.985,0.94,0.925,0.869,1.0,7.12,4.75,65.5,16.8,F,Lineup unconfirmed; Limited recent games,Pitch Out,0.2347417840375587,1.0,,,
270,2026-09-04,824424,2026-09-04T18:10:00Z,Scheduled,Progressive Field,Detroit Tigers @ Cleveland Guardians,Home,681807,David Fry,Cleveland Guardians,Detroit Tigers,RF,R,No,,76,174,147,28,5,0,6,16,13,27,0,52,0.19,0.316,0.347,0.663,5,6,4,2,0,0.5,0.0,5,6,4,2,0,0.5,0.0,210,9,3.4,20.2,56.1,30.9,13.1,12.7,20.7,71.1,25.7,3.8,3.0,3.8,75.0,80.6,20.4,0.41,68.9,91.9,106.3,12.2,9.3,4.6,57.3,25.5,Weak,2.0,Pull Power,A-,Elevated power plane,25.5,Weak,0.931,Good,0.0,100.0,90.0,0.434,Derived proxy,Derived proxy,Derived proxy,Derived proxy,,,8.25,2.25,Positive regression,Weak Pull Power profile. 3.4% barrel rate; 80.6 mph average exit velocity; 20.7% air-ball rate; 71.1% pull-air rate; 3.8% HR-launch rate.,0.0345,0.0335,3.99,29,19,24.5,1.18,118.4,Near normal interval,672456.0,Keider Montero,R,RHB vs RHP,28,22,139.0,3.24,0.99,14,0.91,5.96,2.01,738.0,4.6,24.7,14.8,46.6,26.0,83.1,95.0,112.4,0.463,14.0,20.2,85.8,0.422,3.5,4-Seam Fastball,R,RHB vs RHP,28.5,60,0.236,0.3,0.4,0.7,2,5,13,0.0333,7.2,0.353,240,0.0208,3.7,0.406,2,2,0,0/2,0.0,0.0,0.0,0.0,0,0,1,28.9,Strong Pitcher Advantage,Below average,45.0,5,Pitch-level Statcast · last 5 MLB games,407,4-Seam Fastball,31.44963144963145,128.0,Slider,20.884520884520885,85.0,Sinker,18.91891891891892,77.0,Changeup,15.97051597051597,65.0,Knuckle Curve,12.776412776412776,52.0,Unknown,,Unknown,,No,100.0,1.0,1.0,50.0,0.94,0.971,39.8,Current-Season Handedness Matchup,Pull Air %,Barrel %,Max Exit Velocity,28.5,33.6,20.2,34.0,50.0,45.0,35.2,3.94,1.0,0.97,0.985,0.965,0.931,0.899,1.0,12.7,6.7,64.9,22.0,F,Lineup unconfirmed,,,,,,
271,2026-09-04,824471,2026-09-04T22:10:00Z,Scheduled,Great American Ball Park,Milwaukee Brewers @ Cincinnati Reds,Away,666152,David Hamilton,Milwaukee Brewers,Cincinnati Reds,3B,L,No,,105,342,298,72,11,2,4,43,24,30,1,72,0.242,0.313,0.332,0.645,9,30,30,7,0,0.233,0.0,22,74,68,18,1,0.265,0.0135,432,104,1.7,16.9,44.8,27.8,27.1,11.4,25.2,41.2,27.6,3.9,3.1,3.9,63.9,77.1,13.6,0.423,62.3,90.5,107.9,3.6,9.6,1.1,37.4,17.0,Weak,1.5,Contact-First Profile,A,Excellent HR swing plane,17.0,Weak,0.908,Good,1.0,46.2,90.5,0.445,Derived proxy,Derived proxy,Derived proxy,Derived proxy,,,9.92,5.92,Strong positive regression,Weak Contact-First Profile profile. 1.7% barrel rate; 77.1 mph average exit velocity; 25.2% air-ball rate; 41.2% pull-air rate; 3.9% HR-launch rate.,0.0117,0.017,3.93,34,10,74.5,0.46,45.6,Recently homered,695076.0,Rhett Lowder,R,LHB vs RHP,24,21,112.0,5.14,1.46,16,1.29,7.07,3.46,617.0,5.8,25.1,16.7,40.2,32.1,84.1,95.6,116.0,0.572,16.0,18.8,99.7,0.422,2.8,Sinker,L,LHB vs RHP,27.6,271,0.238,0.314,0.332,0.646,3,26,56,0.0111,1.9,0.416,307,0.0391,6.9,0.633,5,4,0,0/4,0.0,0.0,0.0,0.0,0,0,4,26.5,Strong Pitcher Advantage,Below average,37.5,5,Pitch-level Statcast · last 5 MLB games,476,Sinker,26.680672268907564,127.0,Slider,24.57983193277311,117.0,Changeup,22.478991596638654,107.0,4-Seam Fastball,18.69747899159664,89.0,Curveball,7.563025210084033,36.0,Unknown,,Unknown,,No,112.0,1.12,1.0,71.6,0.938,0.983,33.3,Current-Season Handedness Matchup,Pull Air %,Barrel %,Max Exit Velocity,27.6,38.5,18.8,29.5,71.6,45.0,35.2,3.94,0.82,1.03,1.025,0.94,0.908,0.853,1.0,6.51,4.42,82.3,18.6,F,Lineup unconfirmed,,,,,,
272,2026-09-04,823338,2026-09-04T22:45:00Z,Scheduled,PNC Park,Los Angeles Angels @ Pittsburgh Pirates,Away,695681,Christian Moore,Los Angeles Angels,Pittsburgh Pirates,2B,R,No,,17,68,61,11,2,1,1,2,6,5,1,22,0.18,0.25,0.295,0.545,11,46,41,7,1,0.171,0.0217,11,46,41,7,1,0.171,0.0217,89,60,5.4,16.2,30.0,30.0,37.2,13.3,24.1,33.3,36.4,6.0,3.9,6.0,24.7,80.8,18.5,0.45,69.5,90.7,106.4,19.0,12.1,3.3,40.1,22.3,Weak,2.0,Contact-First Profile,A,Excellent HR swing plane,22.3,Weak,0.922,Good,5.0,33.3,90.5,0.434,Derived proxy,Derived proxy,Derived proxy,Derived proxy,,,4.01,3.01,Positive regression,Weak Contact-First Profile profile. 5.4% barrel rate; 80.8 mph average exit velocity; 24.1% air-ball rate; 33.3% pull-air rate; 6.0% HR-launch rate.,0.0147,0.0257,3.87,25,7,61.0,0.41,41.0,Recently homered,683003.0,Jared Jones,R,RHB vs RHP,16,16,72.2,4.83,1.28,12,1.49,10.28,3.34,372.0,5.9,27.2,14.8,37.5,31.2,84.7,96.5,115.1,0.557,12.0,25.7,100.0,0.47,3.9,4-Seam Fastball,R,RHB vs RHP,41.1,43,0.154,0.233,0.308,0.54,1,3,16,0.0233,5.5,0.448,123,0.0407,7.4,0.522,0,0,0,0/0,,,,,0,0,0,37.5,Slight Pitcher Advantage,Below average,50.0,5,Pitch-level Statcast · last 5 MLB games,410,4-Seam Fastball,47.80487804878049,196.0,Slider,33.90243902439025,139.0,Changeup,11.707317073170731,48.0,Curveball,6.585365853658536,27.0,,,,Unknown,,Unknown,,No,100.0,1.0,1.0,50.0,0.951,0.984,36.6,Current-Season Handedness Matchup,Pull Air %,Barrel %,Max Exit Velocity,41.1,37.5,25.7,24.1,50.0,45.0,35.2,3.94,0.938,1.062,0.985,0.94,0.922,0.867,1.0,9.6,5.64,60.5,17.5,F,Small season sample; Lineup unconfirmed,,,,,,
273,2026-09-04,823905,2026-09-05T02:10:00Z,Scheduled,UNIQLO Field at Dodger Stadium,Washington Nationals @ Los Angeles Dodgers,Away,695734,Daylen Lile,Washington Nationals,Los Angeles Dodgers,LF,L,No,,140,581,532,135,26,6,20,74,80,38,6,110,0.254,0.308,0.438,0.746,12,51,41,15,5,0.366,0.098,26,107,96,29,6,0.302,0.0561,843,175,5.6,24.2,51.1,20.1,28.7,18.3,30.8,45.9,34.7,8.5,5.4,8.5,49.2,82.7,21.9,0.633,70.2,94.6,109.8,14.5,14.5,4.1,52.5,35.8,Below Average,2.5,Pull Power,A-,Elevated power plane,35.8,Below Average,0.96,Good,6.9,53.7,95.3,0.774,Derived proxy,Derived proxy,Derived proxy,Derived proxy,,,44.49,24.49,Strong positive regression,Below Average Pull Power profile. 5.6% barrel rate; 82.7 mph average exit velocity; 30.8% air-ball rate; 45.9% pull-air rate; 8.5% HR-launch rate.,0.0344,0.034,4.05,6,2,26.6,0.23,22.6,Very recent HR,605483.0,Blake Snell,L,LHB vs LHP,5,5,26.0,2.42,1.08,0,0.0,12.46,4.15,129.0,0.8,6.2,10.1,33.3,29.5,78.0,87.5,107.3,0.331,0.0,39.5,100.0,0.578,5.4,4-Seam Fastball,L,LHB vs LHP,19.3,155,0.227,0.284,0.305,0.589,1,9,35,0.0065,1.9,0.386,35,0.0,0.0,0.363,0,0,0,0/0,,,,,0,0,0,32.5,Slight Pitcher Advantage,Below average,50.0,5,Pitch-level Statcast · last 5 MLB games,444,4-Seam Fastball,49.32432432432432,219.0,Curveball,20.945945945945947,93.0,Changeup,17.792792792792792,79.0,Slider,11.936936936936936,53.0,,,,Unknown,,Unknown,,No,100.0,1.0,1.0,50.0,0.979,0.933,43.4,Current-Season Handedness Matchup,Pull Air %,Barrel %,Max Exit Velocity,19.3,9.9,39.5,55.4,50.0,45.0,35.2,3.94,1.35,1.0,0.985,1.0,0.96,0.96,0.98,13.08,8.84,85.0,27.5,F,Lineup unconfirmed,,,,,,
274,2026-09-04,823579,2026-09-04T23:10:00Z,Scheduled,Citi Field,San Francisco Giants @ New York Mets,Away,694376,Shay Whitcomb,San Francisco Giants,New York Mets,3B,R,No,,28,62,57,7,2,0,3,4,8,3,0,22,0.123,0.167,0.316,0.483,11,38,34,4,1,0.118,0.0263,11,38,34,4,1,0.118,0.0263,69,45,7.0,19.4,27.4,24.2,48.4,16.9,24.9,32.2,21.3,7.2,4.5,7.2,50.7,78.0,14.9,0.523,68.3,91.5,107.9,13.3,11.6,2.5,53.7,23.6,Weak,2.0,Contact-First Profile,A,Excellent HR swing plane,23.6,Weak,0.926,Good,6.7,33.3,90.5,0.444,Derived proxy,Derived proxy,Derived proxy,Derived proxy,,,3.84,0.84,Near expected,Weak Contact-First Profile profile. 7.0% barrel rate; 78.0 mph average exit velocity; 24.9% air-ball rate; 32.2% pull-air rate; 7.2% HR-launch rate.,0.0484,0.0376,3.87,23,8,19.0,1.21,121.1,Near normal interval,690997.0,Nolan McLean,R,RHB vs RHP,27,27,155.2,3.06,1.12,15,0.87,9.94,3.53,770.0,3.6,21.2,12.3,40.4,29.0,81.4,93.6,112.8,0.483,15.0,45.6,85.5,0.579,8.3,Sinker,R,RHB vs RHP,30.8,43,0.125,0.146,0.3,0.446,2,1,14,0.0465,3.8,0.504,259,0.0154,2.8,0.375,0,0,0,0/0,,,,,0,0,0,39.8,Slight Pitcher Advantage,Below average,50.0,5,Pitch-level Statcast · last 5 MLB games,467,Sinker,35.54603854389722,166.0,4-Seam Fastball,18.41541755888651,86.0,Curveball,14.5610278372591,68.0,Cutter,14.132762312633833,66.0,Slider,7.494646680942184,35.0,Unknown,,Unknown,,No,100.0,1.0,1.0,50.0,0.991,0.961,34.8,Current-Season Handedness Matchup,Pull Air %,Barrel %,Max Exit Velocity,30.8,26.2,45.6,27.9,50.0,45.0,35.2,3.94,0.88,0.963,0.985,0.94,0.926,0.871,1.0,13.78,6.53,59.5,20.9,F,Small season sample; Lineup unconfirmed,Sweeper,6.638115631691649,31.0,Changeup,3.2119914346895073,15.0
275,2026-09-04,824797,2026-09-04T23:05:00Z,Scheduled,Oriole Park at Camden Yards,Boston Red Sox @ Baltimore Orioles,Home,665966,Carlos Narváez,Baltimore Orioles,Boston Red Sox,C,R,No,,84,260,226,37,7,0,3,20,10,18,7,85,0.164,0.244,0.235,0.479,8,21,17,2,0,0.118,0.0,20,57,50,5,0,0.1,0.0,339,73,3.3,21.4,29.6,40.8,29.6,13.6,24.0,30.7,30.4,5.1,2.7,5.1,16.2,80.9,24.4,0.477,69.5,92.1,108.2,17.4,9.3,3.2,48.7,19.4,Weak,2.0,Contact-First Profile,A-,Elevated power plane,19.4,Weak,0.914,Good,2.7,38.9,91.2,0.43,Derived proxy,Derived proxy,Derived proxy,Derived proxy,,,10.52,7.52,Strong positive regression,Weak Contact-First Profile profile. 3.3% barrel rate; 80.9 mph average exit velocity; 24.0% air-ball rate; 30.7% pull-air rate; 5.1% HR-launch rate.,0.0115,0.018,3.81,68,30,75.3,0.9,90.3,Near normal interval,624133.0,Ranger Suarez,L,RHB vs LHP,24,24,123.2,3.64,1.24,8,0.58,8.66,2.84,664.0,3.2,20.5,12.2,44.1,32.1,80.4,93.2,113.6,0.477,8.0,58.1,99.9,0.76,5.5,Sinker,R,RHB vs LHP,19.2,65,0.172,0.262,0.224,0.486,0,6,21,0.0,2.1,0.405,372,0.0134,2.7,0.462,0,0,0,0/0,,,,,0,0,0,39.0,Slight Pitcher Advantage,Below average,50.0,5,Pitch-level Statcast · last 5 MLB games,438,4-Seam Fastball,24.200913242009133,106.0,Sinker,21.91780821917808,96.0,Curveball,17.123287671232877,75.0,Cutter,15.981735159817351,70.0,Changeup,12.100456621004566,53.0,Unknown,,Unknown,,No,99.0,0.99,1.0,48.2,1.016,0.957,28.6,Current-Season Handedness Matchup,Pull Air %,Barrel %,Max Exit Velocity,19.2,28.0,58.1,25.8,48.2,45.0,35.1,3.94,0.758,0.917,1.025,0.94,0.914,0.859,1.0,6.69,3.96,75.1,17.5,F,Lineup unconfirmed,Slider,8.67579908675799,38.0,,,
276,2026-09-04,824146,2026-09-05T00:10:00Z,Scheduled,Daikin Park,Arizona Diamondbacks @ Houston Astros,Away,545121,Ildemaro Vargas,Arizona Diamondbacks,Houston Astros,1B,S,No,,125,443,414,104,18,5,9,54,66,23,2,45,0.251,0.293,0.384,0.677,12,47,46,8,0,0.174,0.0,25,89,85,14,2,0.165,0.0225,621,142,2.6,23.9,50.8,27.7,21.4,13.9,28.6,51.5,26.3,4.3,2.6,4.3,56.5,81.3,12.6,0.385,68.9,94.0,109.2,14.2,8.8,4.5,48.6,25.9,Weak,2.0,Pull Power,A,Excellent HR swing plane,25.9,Weak,0.933,Good,2.8,53.7,92.4,0.33,Derived proxy,Derived proxy,Derived proxy,Derived proxy,,,19.07,10.07,Strong positive regression,Weak Pull Power profile. 2.6% barrel rate; 81.3 mph average exit velocity; 28.6% air-ball rate; 51.5% pull-air rate; 4.3% HR-launch rate.,0.0203,0.0228,4.05,63,16,46.0,1.37,137.0,Above normal drought,664299.0,Cristian Javier,R,Switch vs RHP,13,8,44.2,6.45,1.63,8,1.61,8.46,3.83,281.0,4.3,20.3,20.3,46.8,32.4,82.3,93.7,110.8,0.58,8.0,17.0,99.8,0.42,1.4,4-Seam Fastball,L,LHB vs RHP,15.7,293,0.221,0.274,0.321,0.595,3,18,31,0.0102,1.2,0.355,92,0.0217,3.2,0.468,0,0,0,0/0,,,,,0,0,0,23.0,Strong Pitcher Advantage,Below average,50.0,5,Pitch-level Statcast · last 5 MLB games,426,4-Seam Fastball,48.35680751173709,206.0,Sweeper,27.934272300469484,119.0,Changeup,15.492957746478874,66.0,Cutter,7.042253521126761,30.0,Knuckle Curve,0.9389671361502347,4.0,Unknown,,Unknown,,No,100.0,1.0,1.0,50.0,0.934,0.968,38.0,Current-Season Handedness Matchup,Pull Air %,Barrel %,Max Exit Velocity,15.7,35.0,17.0,40.5,50.0,45.0,34.9,3.93,0.854,1.052,1.035,1.0,0.933,0.933,1.035,8.92,5.44,84.1,23.7,F,Lineup unconfirmed,Pitch Out,0.2347417840375587,1.0,,,
277,2026-09-04,822852,2026-09-05T00:05:00Z,Scheduled,Globe Life Field,Tampa Bay Rays @ Texas Rangers,Away,650490,Yandy Díaz,Tampa Bay Rays,Texas Rangers,DH,R,No,,135,600,534,162,23,1,21,80,76,51,10,86,0.303,0.372,0.468,0.84,12,54,49,14,2,0.286,0.037,26,120,110,35,6,0.318,0.05,851,166,5.0,28.6,24.6,37.7,37.0,9.4,22.4,20.8,27.6,6.1,2.3,6.1,56.6,84.7,15.8,0.554,71.7,97.0,114.5,33.2,11.9,12.8,28.5,27.1,Weak,2.0,Contact-First Profile,A,Excellent HR swing plane,27.1,Weak,0.936,Good,5.4,14.3,97.1,0.579,Derived proxy,Derived proxy,Derived proxy,Derived proxy,,,36.6,15.6,Strong positive regression,Weak Contact-First Profile profile. 5.0% barrel rate; 84.7 mph average exit velocity; 22.4% air-ball rate; 20.8% pull-air rate; 6.1% HR-launch rate.,0.035,0.0345,4.15,7,2,25.4,0.28,27.5,Very recent HR,592866.0,Trevor Williams,R,RHB vs RHP,9,0,18.1,3.93,1.42,3,1.47,11.29,3.44,114.0,3.5,16.7,10.5,34.8,34.2,79.5,91.9,109.6,0.501,3.0,42.9,100.0,0.597,6.1,4-Seam Fastball,R,RHB vs RHP,39.0,427,0.304,0.372,0.454,0.826,13,35,65,0.0304,4.6,0.547,40,0.05,3.7,0.632,3,3,1,1/3,0.333,0.333,0.333,0.666,0,0,0,41.8,Slight Pitcher Advantage,Below average,46.0,5,Pitch-level Statcast · last 5 MLB games,240,4-Seam Fastball,39.166666666666664,94.0,Sweeper,23.75,57.0,Sinker,19.166666666666668,46.0,Changeup,9.583333333333334,23.0,Slider,8.333333333333334,20.0,Unknown,,Unknown,,No,104.0,1.04,1.0,57.2,0.986,0.96,37.8,Current-Season Handedness Matchup,Pull Air %,Barrel %,Max Exit Velocity,39.0,21.1,42.9,25.7,57.2,45.0,34.9,3.93,1.097,1.015,0.985,1.0,0.936,0.936,0.98,13.56,8.21,85.0,27.9,F,Lineup unconfirmed,,,,,,
278,2026-09-04,823824,2026-09-04T23:10:00Z,Scheduled,loanDepot park,Chicago Cubs @ Miami Marlins,Home,640459,Brian Navarreto,Miami Marlins,Chicago Cubs,C,R,No,,22,50,42,5,1,0,1,6,2,2,2,17,0.119,0.191,0.214,0.405,8,15,13,1,0,0.077,0.0,14,32,28,3,1,0.107,0.0312,65,45,2.8,17.0,48.9,34.1,17.0,6.3,10.1,63.9,23.0,2.8,2.8,2.8,67.5,78.2,10.6,0.301,69.0,90.9,107.7,19.2,4.6,6.2,52.5,22.9,Weak,2.0,Pull Power,A,Excellent HR swing plane,22.9,Weak,0.924,Good,2.2,50.0,91.4,0.318,Derived proxy,Derived proxy,Derived proxy,Derived proxy,,,2.15,1.15,Near expected,Weak Pull Power profile. 2.8% barrel rate; 78.2 mph average exit velocity; 10.1% air-ball rate; 63.9% pull-air rate; 2.8% HR-launch rate.,0.02,0.0285,3.81,15,9,42.0,0.36,35.7,Recently homered,684007.0,Shota Imanaga,L,RHB vs LHP,27,27,150.1,4.01,1.14,33,1.98,8.86,2.1,818.0,6.0,22.1,17.5,45.9,27.6,81.8,94.3,114.7,0.549,33.0,6.0,64.6,0.289,3.0,4-Seam Fastball,R,RHB vs LHP,43.1,31,0.143,0.194,0.286,0.479,1,0,12,0.0323,4.8,0.396,444,0.0495,5.4,0.529,0,0,0,0/0,,,,,0,0,0,31.5,Slight Pitcher Advantage,Below average,50.0,5,Pitch-level Statcast · last 5 MLB games,428,4-Seam Fastball,42.05607476635514,180.0,Split-Finger,31.77570093457944,136.0,Sweeper,17.757009345794394,76.0,Sinker,3.97196261682243,17.0,Slider,3.2710280373831777,14.0,Unknown,,Unknown,,No,94.0,0.94,1.0,39.2,0.92,0.985,42.1,Current-Season Handedness Matchup,Pull Air %,Barrel %,Max Exit Velocity,43.1,40.6,6.0,35.5,39.2,45.0,34.9,3.93,0.878,1.141,1.025,0.94,0.924,0.869,1.0,10.42,5.76,58.1,17.3,F,Small season sample; Lineup unconfirmed,Curveball,1.1682242990654206,5.0,,,
279,2026-09-04,823418,2026-09-04T22:40:00Z,Scheduled,Citizens Bank Park,Atlanta Braves @ Philadelphia Phillies,Home,656537,Derek Hill,Philadelphia Phillies,Atlanta Braves,CF,R,No,,101,193,177,43,4,0,9,27,26,12,1,65,0.243,0.295,0.418,0.713,7,11,11,4,0,0.364,0.0,17,27,26,7,0,0.269,0.0,220,28,3.2,18.7,33.4,36.4,29.7,16.7,26.2,38.3,33.3,5.1,2.7,5.1,81.8,79.2,16.5,0.496,66.8,91.8,107.9,17.8,6.5,4.3,45.1,22.8,Weak,2.0,Contact-First Profile,A,Excellent HR swing plane,22.8,Weak,0.924,Good,0.0,25.0,90.9,0.336,Derived proxy,Derived proxy,Derived proxy,Derived proxy,,,7.19,-1.81,Near expected,Weak Contact-First Profile profile. 3.2% barrel rate; 79.2 mph average exit velocity; 26.2% air-ball rate; 38.3% pull-air rate; 5.1% HR-launch rate.,0.0466,0.041,3.99,28,19,19.7,1.42,142.4,Above normal drought,519242.0,Chris Sale,L,RHB vs LHP,24,24,144.0,2.06,1.0,8,0.5,11.06,1.75,744.0,3.1,19.5,11.6,36.0,32.3,81.8,93.2,113.2,0.487,8.0,45.3,100.0,0.628,5.7,4-Seam Fastball,R,RHB vs LHP,33.8,118,0.248,0.287,0.45,0.736,6,6,39,0.0508,5.5,0.546,433,0.0162,3.0,0.493,3,3,1,1/3,0.333,0.333,0.333,0.666,0,0,1,40.3,Slight Pitcher Advantage,Below average,46.0,5,Pitch-level Statcast · last 5 MLB games,508,4-Seam Fastball,42.51968503937008,216.0,Slider,39.960629921259844,203.0,Sinker,9.05511811023622,46.0,Changeup,8.464566929133857,43.0,,,,Unknown,,Unknown,,No,108.0,1.08,1.0,64.4,0.991,0.956,37.0,Current-Season Handedness Matchup,Pull Air %,Barrel %,Max Exit Velocity,33.8,22.9,45.3,10.5,64.4,45.0,34.8,3.93,0.901,0.904,1.025,1.0,0.924,0.924,1.035,15.39,7.88,67.9,26.1,F,Lineup unconfirmed,,,,,,
280,2026-09-04,824471,2026-09-04T22:10:00Z,Scheduled,Great American Ball Park,Milwaukee Brewers @ Cincinnati Reds,Away,800325,Luis Lara,Milwaukee Brewers,Cincinnati Reds,RF,S,No,,46,151,134,37,7,2,1,20,20,15,1,30,0.276,0.351,0.381,0.732,11,36,32,12,0,0.375,0.0,26,85,79,24,1,0.304,0.0118,204,120,2.5,27.1,35.4,24.4,40.2,6.8,24.4,30.3,37.0,3.7,2.4,3.7,24.7,83.0,15.1,0.48,69.8,94.9,109.7,16.8,11.7,6.0,25.8,20.6,Weak,2.0,Contact-First Profile,A,Excellent HR swing plane,20.6,Weak,0.918,Good,2.5,25.9,95.6,0.495,Derived proxy,Derived proxy,Derived proxy,Derived proxy,,,5.26,4.26,Strong positive regression,Weak Contact-First Profile profile. 2.5% barrel rate; 83.0 mph average exit velocity; 24.4% air-ball rate; 30.3% pull-air rate; 3.7% HR-launch rate.,0.0066,0.0179,4.05,43,14,134.0,0.32,32.1,Very recent HR,695076.0,Rhett Lowder,R,Switch vs RHP,24,21,112.0,5.14,1.46,16,1.29,7.07,3.46,617.0,5.8,25.1,16.7,40.2,32.1,84.1,95.6,116.0,0.572,16.0,16.5,99.7,0.415,0.6,Sinker,L,LHB vs RHP,32.5,107,0.277,0.355,0.383,0.738,1,11,24,0.0093,3.7,0.524,307,0.0391,6.9,0.633,0,0,0,0/0,,,,,0,0,0,30.4,Slight Pitcher Advantage,Below average,50.0,5,Pitch-level Statcast · last 5 MLB games,476,Sinker,26.680672268907564,127.0,Slider,24.57983193277311,117.0,Changeup,22.478991596638654,107.0,4-Seam Fastball,18.69747899159664,89.0,Curveball,7.563025210084033,36.0,Unknown,,Unknown,,No,112.0,1.12,1.0,71.6,0.933,0.983,34.8,Current-Season Handedness Matchup,Pull Air %,Barrel %,Max Exit Velocity,32.5,38.5,16.5,21.9,71.6,45.0,34.8,3.93,0.796,1.03,1.035,1.0,0.918,0.918,0.98,7.04,4.66,69.6,18.4,F,Lineup unconfirmed,,,,,,
281,2026-09-04,823905,2026-09-05T02:10:00Z,Scheduled,UNIQLO Field at Dodger Stadium,Washington Nationals @ Los Angeles Dodgers,Away,691781,Brady House,Washington Nationals,Los Angeles Dodgers,3B,R,No,,76,292,264,64,13,0,10,35,41,22,3,80,0.242,0.305,0.405,0.71,9,36,29,8,1,0.276,0.0278,22,83,70,19,2,0.271,0.0241,349,99,5.3,29.1,31.6,33.4,34.6,15.0,26.5,26.9,27.6,6.8,2.7,6.8,48.5,83.8,17.7,0.615,72.2,96.1,112.5,30.4,10.1,8.6,43.6,29.2,Weak,2.0,Contact-First Profile,A,Excellent HR swing plane,29.2,Weak,0.942,Good,4.0,26.9,96.0,0.568,Derived proxy,Derived proxy,Derived proxy,Derived proxy,,,16.13,6.13,Strong positive regression,Weak Contact-First Profile profile. 5.3% barrel rate; 83.8 mph average exit velocity; 26.5% air-ball rate; 26.9% pull-air rate; 6.8% HR-launch rate.,0.0342,0.0336,4.05,11,4,26.4,0.42,41.7,Recently homered,605483.0,Blake Snell,L,RHB vs LHP,5,5,26.0,2.42,1.08,0,0.0,12.46,4.15,129.0,0.8,6.2,10.1,33.3,29.5,78.0,87.5,107.3,0.331,0.0,55.7,100.0,0.71,6.8,4-Seam Fastball,R,RHB vs LHP,42.1,87,0.342,0.402,0.57,0.972,4,8,22,0.046,8.0,0.791,74,0.0,1.1,0.319,0,0,0,0/0,,,,,0,0,0,48.4,Neutral Matchup,Average,50.0,5,Pitch-level Statcast · last 5 MLB games,444,4-Seam Fastball,49.32432432432432,219.0,Curveball,20.945945945945947,93.0,Changeup,17.792792792792792,79.0,Slider,11.936936936936936,53.0,,,,Unknown,,Unknown,,No,100.0,1.0,1.0,50.0,1.011,0.933,41.0,Current-Season Handedness Matchup,Pull Air %,Barrel %,Max Exit Velocity,42.1,9.9,55.7,27.0,50.0,45.0,34.8,3.92,0.911,1.0,1.025,1.0,0.942,0.942,1.0,12.92,7.03,79.5,23.3,F,Lineup unconfirmed,,,,,,
282,2026-09-04,824311,2026-09-05T00:40:00Z,Scheduled,Coors Field,St. Louis Cardinals @ Colorado Rockies,Home,694249,Cole Carrigg,Colorado Rockies,St. Louis Cardinals,CF,S,No,,71,280,244,64,19,3,6,39,37,27,4,61,0.262,0.341,0.439,0.78,11,44,42,7,1,0.167,0.0227,24,98,91,18,1,0.198,0.0102,396,141,3.4,18.9,47.8,25.2,26.1,13.6,24.6,44.2,32.6,6.1,3.5,6.1,37.0,81.4,20.6,0.507,70.3,92.6,109.1,31.2,10.4,6.5,47.3,29.1,Weak,2.0,Pull Power,A-,Elevated power plane,29.1,Weak,0.941,Good,3.5,45.2,92.3,0.485,Derived proxy,Derived proxy,Derived proxy,Derived proxy,,,14.18,8.18,Strong positive regression,Weak Pull Power profile. 3.4% barrel rate; 81.4 mph average exit velocity; 24.6% air-ball rate; 44.2% pull-air rate; 6.1% HR-launch rate.,0.0214,0.0246,3.99,25,7,40.7,0.61,61.5,Recently homered,669467.0,Andre Pallante,R,Switch vs RHP,24,24,136.0,3.57,1.24,10,0.66,6.42,2.71,716.0,3.4,22.8,10.3,39.4,29.5,82.4,94.6,117.8,0.462,10.0,16.7,100.0,0.395,3.1,4-Seam Fastball,L,LHB vs RHP,23.0,157,0.238,0.363,0.4,0.763,3,22,28,0.0191,3.3,0.492,305,0.0197,4.2,0.479,0,0,0,0/0,,,,,0,0,0,26.2,Strong Pitcher Advantage,Below average,50.0,5,Pitch-level Statcast · last 5 MLB games,468,4-Seam Fastball,35.68376068376068,167.0,Slider,28.418803418803417,133.0,Knuckle Curve,17.521367521367523,82.0,Sinker,15.598290598290598,73.0,Split-Finger,2.7777777777777777,13.0,Unknown,,Unknown,,No,118.0,1.18,1.0,82.4,0.933,0.959,38.4,Current-Season Handedness Matchup,Pull Air %,Barrel %,Max Exit Velocity,23.0,26.0,16.7,35.5,82.4,45.0,34.8,3.92,0.884,0.93,1.035,1.0,0.941,0.941,1.0,9.46,5.78,79.8,22.4,F,Lineup unconfirmed,,,,,,
283,2026-09-04,822852,2026-09-05T00:05:00Z,Scheduled,Globe Life Field,Tampa Bay Rays @ Texas Rangers,Away,656775,Cedric Mullins,Tampa Bay Rays,Texas Rangers,CF,L,No,,122,457,397,82,10,3,14,52,43,41,7,88,0.207,0.29,0.353,0.643,11,35,29,6,1,0.207,0.0286,23,77,64,14,1,0.219,0.013,609,96,3.7,22.8,51.5,23.8,24.5,17.8,26.7,58.1,26.7,6.4,2.8,6.4,52.1,81.5,24.6,0.432,68.0,93.7,110.2,9.8,10.3,3.3,61.9,28.3,Weak,2.0,Pull Power,A-,Elevated power plane,28.3,Weak,0.939,Good,4.2,57.7,94.0,0.477,Derived proxy,Derived proxy,Derived proxy,Derived proxy,,,25.07,11.07,Strong positive regression,Weak Pull Power profile. 3.7% barrel rate; 81.5 mph average exit velocity; 26.7% air-ball rate; 58.1% pull-air rate; 6.4% HR-launch rate.,0.0306,0.0309,3.93,12,5,28.4,0.42,42.3,Recently homered,592866.0,Trevor Williams,R,LHB vs RHP,9,0,18.1,3.93,1.42,3,1.47,11.29,3.44,114.0,3.5,16.7,10.5,34.8,34.2,79.5,91.9,109.6,0.501,3.0,15.9,100.0,0.386,3.2,4-Seam Fastball,L,LHB vs RHP,32.7,351,0.208,0.286,0.375,0.661,13,31,69,0.037,4.1,0.45,41,0.0244,3.3,0.413,2,2,0,0/2,0.0,0.0,0.0,0.0,0,0,1,29.3,Strong Pitcher Advantage,Below average,45.0,5,Pitch-level Statcast · last 5 MLB games,240,4-Seam Fastball,39.166666666666664,94.0,Sweeper,23.75,57.0,Sinker,19.166666666666668,46.0,Changeup,9.583333333333334,23.0,Slider,8.333333333333334,20.0,Unknown,,Unknown,,No,104.0,1.04,1.0,57.2,0.932,0.96,45.1,Current-Season Handedness Matchup,Pull Air %,Barrel %,Max Exit Velocity,32.7,21.1,15.9,46.9,57.2,45.0,34.8,3.92,0.884,1.015,1.025,0.975,0.939,0.916,1.0,11.61,6.3,83.2,21.7,F,Lineup unconfirmed,,,,,,
284,2026-09-04,822852,2026-09-05T00:05:00Z,Scheduled,Globe Life Field,Tampa Bay Rays @ Texas Rangers,Away,676356,Jonny DeLuca,Tampa Bay Rays,Texas Rangers,RF,R,No,,93,306,289,75,20,0,9,36,42,14,0,62,0.26,0.294,0.422,0.716,12,47,43,10,1,0.233,0.0213,23,82,77,20,2,0.26,0.0244,414,106,2.2,17.9,44.3,28.2,27.4,11.8,23.3,50.0,26.0,3.8,2.2,3.8,93.5,80.5,18.2,0.406,71.0,92.8,111.1,30.0,8.8,7.4,60.6,27.8,Weak,2.0,Pull Power,A,Excellent HR swing plane,27.8,Weak,0.938,Good,1.9,50.0,93.4,0.361,Derived proxy,Derived proxy,Derived proxy,Derived proxy,,,11.59,2.59,Positive regression,Weak Pull Power profile. 2.2% barrel rate; 80.5 mph average exit velocity; 23.3% air-ball rate; 50.0% pull-air rate; 3.8% HR-launch rate.,0.0294,0.0301,4.05,11,4,32.1,0.34,34.3,Very recent HR,592866.0,Trevor Williams,R,RHB vs RHP,9,0,18.1,3.93,1.42,3,1.47,11.29,3.44,114.0,3.5,16.7,10.5,34.8,34.2,79.5,91.9,109.6,0.501,3.0,22.8,100.0,0.466,2.6,4-Seam Fastball,R,RHB vs RHP,36.2,178,0.266,0.299,0.456,0.755,7,8,36,0.0393,2.6,0.453,40,0.05,3.7,0.632,0,0,0,0/0,,,,,0,0,0,34.3,Slight Pitcher Advantage,Below average,50.0,5,Pitch-level Statcast · last 5 MLB games,240,4-Seam Fastball,39.166666666666664,94.0,Sweeper,23.75,57.0,Sinker,19.166666666666668,46.0,Changeup,9.583333333333334,23.0,Slider,8.333333333333334,20.0,Unknown,,Unknown,,No,104.0,1.04,1.0,57.2,0.946,0.96,43.5,Current-Season Handedness Matchup,Pull Air %,Barrel %,Max Exit Velocity,36.2,21.1,22.8,38.8,57.2,45.0,34.7,3.92,0.901,1.015,0.985,1.0,0.938,0.938,0.98,11.66,6.3,80.4,22.3,F,Lineup unconfirmed,,,,,,
285,2026-09-04,824067,2026-09-05T00:10:00Z,Scheduled,Kauffman Stadium,Toronto Blue Jays @ Kansas City Royals,Away,660821,Jesús Sánchez,Toronto Blue Jays,Kansas City Royals,RF,L,No,,96,293,263,69,18,0,8,24,35,17,8,68,0.262,0.321,0.422,0.743,8,16,13,3,0,0.231,0.0,19,47,37,8,0,0.216,0.0,388,42,6.5,26.3,38.1,29.2,32.4,14.5,25.2,31.2,30.3,6.2,2.3,6.2,21.7,83.8,17.4,0.529,71.0,95.6,111.7,36.7,10.9,8.2,46.3,30.4,Weak,2.0,Contact-First Profile,A,Excellent HR swing plane,30.4,Weak,0.945,Good,7.1,27.3,95.8,0.427,Derived proxy,Derived proxy,Derived proxy,Derived proxy,,,20.89,12.89,Strong positive regression,Weak Contact-First Profile profile. 6.5% barrel rate; 83.8 mph average exit velocity; 25.2% air-ball rate; 31.2% pull-air rate; 6.2% HR-launch rate.,0.0273,0.0287,4.05,37,19,32.9,1.13,112.5,Near normal interval,663738.0,Daniel Lynch IV,L,LHB vs LHP,51,5,61.2,3.06,1.05,5,0.73,6.71,2.77,299.0,4.3,27.1,16.1,34.9,25.1,83.5,96.0,111.3,0.498,5.0,28.8,100.0,0.488,4.5,Sinker,L,LHB vs LHP,28.1,32,0.133,0.188,0.167,0.354,0,1,6,0.0,0.0,0.27,103,0.0097,5.0,0.447,0,0,0,0/0,,,,,0,0,0,32.7,Slight Pitcher Advantage,Below average,50.0,5,Pitch-level Statcast · last 5 MLB games,248,Sinker,35.88709677419355,89.0,Changeup,22.983870967741936,57.0,Slider,15.32258064516129,38.0,4-Seam Fastball,15.32258064516129,38.0,Knuckle Curve,10.483870967741936,26.0,Unknown,,Unknown,,No,100.0,1.0,1.0,50.0,0.958,0.968,39.0,Current-Season Handedness Matchup,Pull Air %,Barrel %,Max Exit Velocity,28.1,27.2,28.8,33.8,50.0,45.0,34.7,3.92,0.758,0.948,0.985,1.0,0.945,0.945,1.0,11.11,5.31,76.7,22.3,F,Lineup unconfirmed,,,,,,
286,2026-09-04,824424,2026-09-04T18:10:00Z,Scheduled,Progressive Field,Detroit Tigers @ Cleveland Guardians,Home,683953,Travis Bazzana,Cleveland Guardians,Detroit Tigers,2B,L,No,,104,439,379,89,17,2,9,42,42,49,6,94,0.235,0.328,0.361,0.689,9,34,27,4,0,0.148,0.0,21,79,68,13,0,0.191,0.0,551,94,3.1,22.3,46.9,30.8,22.3,14.7,26.6,41.9,28.9,4.7,3.1,4.7,34.4,82.9,19.6,0.43,66.4,94.1,107.5,10.8,11.2,2.6,49.7,22.8,Weak,2.0,Contact-First Profile,A,Excellent HR swing plane,22.8,Weak,0.924,Good,3.2,48.1,93.7,0.384,Derived proxy,Derived proxy,Derived proxy,Derived proxy,,,18.37,9.37,Strong positive regression,Weak Contact-First Profile profile. 3.1% barrel rate; 82.9 mph average exit velocity; 26.6% air-ball rate; 41.9% pull-air rate; 4.7% HR-launch rate.,0.0205,0.023,3.99,119,35,42.1,2.83,282.6,Very long drought,672456.0,Keider Montero,R,LHB vs RHP,28,22,139.0,3.24,0.99,14,0.91,5.96,2.01,738.0,4.6,24.7,14.8,46.6,26.0,83.1,95.0,112.4,0.463,14.0,20.8,85.8,0.435,3.2,4-Seam Fastball,L,LHB vs RHP,27.0,305,0.258,0.341,0.42,0.761,8,33,60,0.0262,2.9,0.472,316,0.0285,5.2,0.504,4,3,1,1/3,0.333,0.5,1.333,1.833,1,1,0,31.5,Slight Pitcher Advantage,Below average,60.0,5,Pitch-level Statcast · last 5 MLB games,407,4-Seam Fastball,31.44963144963145,128.0,Slider,20.884520884520885,85.0,Sinker,18.91891891891892,77.0,Changeup,15.97051597051597,65.0,Knuckle Curve,12.776412776412776,52.0,Unknown,,Unknown,,No,100.0,1.0,1.0,50.0,0.942,0.971,36.5,Current-Season Handedness Matchup,Pull Air %,Barrel %,Max Exit Velocity,27.0,33.6,20.8,40.5,50.0,45.0,34.6,3.92,0.758,0.97,1.025,1.0,0.924,0.924,1.06,8.85,4.87,83.3,28.0,F,Lineup unconfirmed,,,,,,
287,2026-09-04,823824,2026-09-04T23:10:00Z,Scheduled,loanDepot park,Chicago Cubs @ Miami Marlins,Away,665804,Miguel Amaya,Chicago Cubs,Miami Marlins,C,R,No,,75,226,192,44,9,0,5,32,23,23,9,60,0.229,0.339,0.354,0.693,6,18,15,2,0,0.133,0.0,13,39,33,7,2,0.212,0.0513,281,40,3.8,20.6,40.9,28.6,30.5,16.9,27.4,43.1,31.4,8.5,5.4,8.5,71.1,82.3,24.0,0.491,67.6,93.2,105.4,8.7,12.9,2.0,54.2,27.2,Weak,2.0,Pull Power,A-,Elevated power plane,27.2,Weak,0.936,Good,5.0,41.7,94.0,0.551,Derived proxy,Derived proxy,Derived proxy,Derived proxy,,,11.68,6.68,Strong positive regression,Weak Pull Power profile. 3.8% barrel rate; 82.3 mph average exit velocity; 27.4% air-ball rate; 43.1% pull-air rate; 8.5% HR-launch rate.,0.0221,0.0255,4.05,18,8,38.4,0.47,46.9,Recently homered,676083.0,Janson Junk,R,RHB vs RHP,21,20,103.0,4.11,1.3,12,1.05,6.12,2.45,635.0,4.3,23.9,11.7,47.2,29.3,83.0,95.2,114.2,0.497,12.0,25.0,99.9,0.472,3.4,4-Seam Fastball,R,RHB vs RHP,27.0,158,0.215,0.325,0.356,0.68,4,14,47,0.0253,4.0,0.464,162,0.037,4.3,0.45,2,2,0,0/2,0.0,0.0,0.0,0.0,0,0,1,29.9,Strong Pitcher Advantage,Below average,45.0,5,Pitch-level Statcast · last 5 MLB games,311,4-Seam Fastball,28.938906752411576,90.0,Slider,18.327974276527332,57.0,Sweeper,17.363344051446944,54.0,Changeup,17.041800643086816,53.0,Curveball,13.82636655948553,43.0,Unknown,,Unknown,,No,94.0,0.94,1.0,39.2,0.95,0.968,36.9,Current-Season Handedness Matchup,Pull Air %,Barrel %,Max Exit Velocity,27.0,34.0,25.0,38.9,39.2,45.0,34.6,3.91,1.01,0.992,0.985,1.0,0.936,0.936,1.0,9.95,5.76,71.3,19.8,F,Lineup unconfirmed,Sinker,4.501607717041801,14.0,,,
288,2026-09-04,824424,2026-09-04T18:10:00Z,Scheduled,Progressive Field,Detroit Tigers @ Cleveland Guardians,Away,595879,Javier Báez,Detroit Tigers,Cleveland Guardians,SS,R,No,,48,170,162,41,11,1,2,24,17,5,2,32,0.253,0.282,0.37,0.652,8,22,21,5,0,0.238,0.0,19,65,62,13,0,0.21,0.0,217,78,2.1,25.7,40.3,37.5,21.7,10.8,22.3,40.2,23.7,4.5,1.3,4.5,32.5,80.3,9.0,0.376,72.6,93.6,107.8,33.5,10.0,10.4,51.4,23.9,Weak,2.0,Contact-First Profile,C,Low line-drive plane,23.9,Weak,0.927,Good,2.6,40.0,95.3,0.34,Derived proxy,Derived proxy,Derived proxy,Derived proxy,,,5.59,3.59,Positive regression,Weak Contact-First Profile profile. 2.1% barrel rate; 80.3 mph average exit velocity; 22.3% air-ball rate; 40.2% pull-air rate; 4.5% HR-launch rate.,0.0118,0.0201,3.99,90,27,81.0,1.11,111.1,Near normal interval,671106.0,Logan Allen,L,RHB vs LHP,6,1,14.1,3.77,1.47,3,1.88,9.42,2.51,93.0,5.4,23.7,20.4,41.7,25.8,81.7,95.0,109.4,0.531,3.0,19.5,100.0,0.444,2.1,4-Seam Fastball,R,RHB vs LHP,38.2,49,0.255,0.286,0.426,0.711,1,2,7,0.0204,3.3,0.453,43,0.0233,6.7,0.544,2,1,0,0/1,0.0,0.5,0.0,0.5,0,1,0,33.1,Slight Pitcher Advantage,Below average,45.5,5,Pitch-level Statcast · last 5 MLB games,180,4-Seam Fastball,30.555555555555557,55.0,Cutter,26.666666666666668,48.0,Sweeper,18.88888888888889,34.0,Changeup,15.0,27.0,Sinker,8.88888888888889,16.0,Unknown,,Unknown,,No,100.0,1.0,1.0,50.0,0.939,0.979,36.4,Current-Season Handedness Matchup,Pull Air %,Barrel %,Max Exit Velocity,38.2,35.8,19.5,34.5,50.0,45.0,34.5,3.91,0.758,1.025,1.025,1.0,0.927,0.927,1.0,7.8,4.55,69.3,18.7,F,Lineup unconfirmed,,,,,,
289,2026-09-04,823418,2026-09-04T22:40:00Z,Scheduled,Citizens Bank Park,Atlanta Braves @ Philadelphia Phillies,Home,681082,Bryson Stott,Philadelphia Phillies,Atlanta Braves,2B,L,No,,134,526,466,119,27,6,10,61,61,52,2,89,0.255,0.331,0.403,0.734,11,41,38,7,1,0.184,0.0244,25,105,88,22,2,0.25,0.019,689,133,2.9,21.6,47.8,26.7,25.4,14.0,28.2,43.3,27.9,4.7,2.9,4.7,93.2,83.3,19.8,0.474,67.6,93.9,111.2,6.0,9.3,2.1,51.7,24.4,Weak,2.0,Pull Power,A,Excellent HR swing plane,24.4,Weak,0.928,Good,0.8,45.9,92.3,0.433,Derived proxy,Derived proxy,Derived proxy,Derived proxy,,,22.43,12.43,Strong positive regression,Weak Pull Power profile. 2.9% barrel rate; 83.3 mph average exit velocity; 28.2% air-ball rate; 43.3% pull-air rate; 4.7% HR-launch rate.,0.019,0.0214,3.99,6,2,46.6,0.13,12.9,Very recent HR,519242.0,Chris Sale,L,LHB vs LHP,24,24,144.0,2.06,1.0,8,0.5,11.06,1.75,744.0,3.1,19.5,11.6,36.0,32.3,81.8,93.2,113.2,0.487,8.0,33.6,100.0,0.532,4.7,4-Seam Fastball,L,LHB vs LHP,15.7,120,0.276,0.353,0.419,0.772,2,12,18,0.0167,2.0,0.439,144,0.0069,3.6,0.467,4,3,0,0/3,0.0,0.25,0.0,0.25,0,1,0,26.8,Strong Pitcher Advantage,Below average,40.0,5,Pitch-level Statcast · last 5 MLB games,508,4-Seam Fastball,42.51968503937008,216.0,Slider,39.960629921259844,203.0,Sinker,9.05511811023622,46.0,Changeup,8.464566929133857,43.0,,,,Unknown,,Unknown,,No,108.0,1.08,1.0,64.4,0.967,0.956,36.5,Current-Season Handedness Matchup,Pull Air %,Barrel %,Max Exit Velocity,15.7,22.9,33.6,32.9,64.4,45.0,34.5,3.91,1.01,0.904,0.985,1.0,0.928,0.928,0.98,8.28,5.21,85.0,21.5,F,Lineup unconfirmed,,,,,,
290,2026-09-04,823093,2026-09-05T02:10:00Z,Scheduled,T-Mobile Park,Athletics @ Seattle Mariners,Away,641680,Jonah Heim,Athletics,Seattle Mariners,C,S,No,,90,337,308,66,17,0,13,32,42,24,2,61,0.214,0.273,0.396,0.669,10,39,38,10,2,0.263,0.0513,23,88,80,14,2,0.175,0.0227,457,127,4.1,23.6,46.4,26.4,26.3,14.6,25.1,40.4,28.8,5.8,4.5,5.8,58.5,83.0,19.7,0.44,68.1,94.3,107.8,9.0,10.3,2.4,52.9,25.2,Weak,2.0,Contact-First Profile,A,Excellent HR swing plane,25.2,Weak,0.931,Good,3.9,28.6,95.1,0.379,Derived proxy,Derived proxy,Derived proxy,Derived proxy,,,18.26,5.26,Strong positive regression,Weak Contact-First Profile profile. 4.1% barrel rate; 83.0 mph average exit velocity; 25.1% air-ball rate; 40.4% pull-air rate; 5.8% HR-launch rate.,0.0386,0.0368,3.99,5,1,23.7,0.21,21.1,Very recent HR,669302.0,Logan Gilbert,R,Switch vs RHP,27,27,160.1,3.42,1.04,22,1.23,9.32,2.25,844.0,5.2,23.2,14.5,46.0,31.6,82.5,94.6,115.2,0.543,22.0,28.8,99.8,0.466,5.6,4-Seam Fastball,L,LHB vs RHP,21.8,185,0.173,0.238,0.28,0.518,3,13,34,0.0162,2.4,0.398,362,0.0304,4.1,0.54,32,29,6,6/29,0.207,0.281,0.345,0.626,1,3,11,25.2,Strong Pitcher Advantage,Below average,26.7,5,Pitch-level Statcast · last 5 MLB games,479,4-Seam Fastball,43.42379958246347,208.0,Slider,23.799582463465555,114.0,Split-Finger,16.701461377870565,80.0,Changeup,9.394572025052192,45.0,Sweeper,4.592901878914405,22.0,Unknown,,Unknown,,No,92.0,0.92,1.0,35.6,0.958,0.977,35.5,Current-Season Handedness Matchup,Pull Air %,Barrel %,Max Exit Velocity,21.8,37.8,28.8,26.5,35.6,45.0,34.5,3.91,1.017,1.021,1.035,1.0,0.931,0.931,0.98,13.91,7.48,83.1,23.9,F,Lineup unconfirmed,Cutter,1.8789144050104385,9.0,Sinker,0.20876826722338204,1.0
291,2026-09-04,824311,2026-09-05T00:40:00Z,Scheduled,Coors Field,St. Louis Cardinals @ Colorado Rockies,Home,681198,TJ Rumfield,Colorado Rockies,St. Louis Cardinals,1B,L,No,,136,552,477,139,26,2,14,57,64,64,9,77,0.291,0.384,0.442,0.826,12,51,37,11,1,0.297,0.0196,24,101,79,23,1,0.291,0.0099,773,144,3.1,16.7,48.4,23.5,27.6,14.6,26.9,43.1,32.9,4.7,3.2,4.7,45.2,80.8,20.4,0.452,66.3,91.6,109.1,7.1,8.5,2.2,40.4,21.9,Weak,2.0,Pull Power,A-,Elevated power plane,21.9,Weak,0.921,Good,2.8,38.9,91.0,0.45,Derived proxy,Derived proxy,Derived proxy,Derived proxy,,,25.0,11.0,Strong positive regression,Weak Pull Power profile. 3.1% barrel rate; 80.8 mph average exit velocity; 26.9% air-ball rate; 43.1% pull-air rate; 4.7% HR-launch rate.,0.0254,0.0265,4.17,5,1,34.1,0.15,14.7,Very recent HR,669467.0,Andre Pallante,R,LHB vs RHP,24,24,136.0,3.57,1.24,10,0.66,6.42,2.71,716.0,3.4,22.8,10.3,39.4,29.5,82.4,94.6,117.8,0.462,10.0,22.4,100.0,0.454,3.0,4-Seam Fastball,L,LHB vs RHP,25.3,381,0.298,0.388,0.462,0.85,11,42,55,0.0289,3.6,0.477,305,0.0197,4.2,0.479,0,0,0,0/0,,,,,0,0,0,29.2,Strong Pitcher Advantage,Below average,50.0,5,Pitch-level Statcast · last 5 MLB games,468,4-Seam Fastball,35.68376068376068,167.0,Slider,28.418803418803417,133.0,Knuckle Curve,17.521367521367523,82.0,Sinker,15.598290598290598,73.0,Split-Finger,2.7777777777777777,13.0,Unknown,,Unknown,,No,118.0,1.18,1.0,82.4,0.945,0.959,37.1,Current-Season Handedness Matchup,Pull Air %,Barrel %,Max Exit Velocity,25.3,26.0,22.4,25.5,82.4,45.0,34.4,3.91,0.843,0.93,1.025,1.0,0.921,0.921,0.98,10.61,5.89,85.0,24.0,F,Lineup unconfirmed,,,,,,
292,2026-09-04,823824,2026-09-04T23:10:00Z,Scheduled,loanDepot park,Chicago Cubs @ Miami Marlins,Home,691594,Javier Sanoja,Miami Marlins,Chicago Cubs,3B,R,No,,123,401,376,108,28,2,7,37,53,23,0,33,0.287,0.328,0.428,0.756,12,50,46,15,1,0.326,0.02,26,97,90,32,3,0.356,0.0309,592,152,2.0,23.1,37.9,33.4,28.3,10.1,26.4,42.7,30.5,5.0,2.2,5.0,72.9,81.6,15.1,0.396,67.0,94.4,107.8,7.7,11.6,2.4,50.1,21.8,Weak,2.0,Pull Power,A,Excellent HR swing plane,21.8,Weak,0.921,Good,2.0,44.7,95.0,0.435,Derived proxy,Derived proxy,Derived proxy,Derived proxy,,,15.69,8.69,Strong positive regression,Weak Pull Power profile. 2.0% barrel rate; 81.6 mph average exit velocity; 26.4% air-ball rate; 42.7% pull-air rate; 5.0% HR-launch rate.,0.0175,0.0208,3.99,3,1,53.7,0.06,5.6,Very recent HR,684007.0,Shota Imanaga,L,RHB vs LHP,27,27,150.1,4.01,1.14,33,1.98,8.86,2.1,818.0,6.0,22.1,17.5,45.9,27.6,81.8,94.3,114.7,0.549,33.0,13.6,100.0,0.386,1.8,4-Seam Fastball,R,RHB vs LHP,30.4,131,0.325,0.366,0.496,0.862,3,8,16,0.0229,3.8,0.417,444,0.0495,5.4,0.529,0,0,0,0/0,,,,,0,0,0,28.4,Strong Pitcher Advantage,Below average,50.0,5,Pitch-level Statcast · last 5 MLB games,428,4-Seam Fastball,42.05607476635514,180.0,Split-Finger,31.77570093457944,136.0,Sweeper,17.757009345794394,76.0,Sinker,3.97196261682243,17.0,Slider,3.2710280373831777,14.0,Unknown,,Unknown,,No,94.0,0.94,1.0,39.2,0.927,0.985,37.0,Current-Season Handedness Matchup,Pull Air %,Barrel %,Max Exit Velocity,30.4,40.6,13.6,37.2,39.2,45.0,34.3,3.9,1.079,1.141,1.025,1.0,0.921,0.921,0.98,8.05,5.69,84.8,22.6,F,Lineup unconfirmed,Curveball,1.1682242990654206,5.0,,,
293,2026-09-04,823579,2026-09-04T23:10:00Z,Scheduled,Citi Field,San Francisco Giants @ New York Mets,Home,620443,Luis Torrens,New York Mets,San Francisco Giants,C,R,No,,83,249,226,53,12,0,8,31,33,17,4,49,0.235,0.3,0.394,0.694,7,18,17,3,1,0.176,0.0556,14,42,38,10,5,0.263,0.119,341,60,5.2,24.8,22.3,35.3,41.3,15.6,23.8,18.1,29.7,9.1,3.7,9.1,78.3,83.9,17.2,0.527,68.7,94.4,106.7,6.5,11.5,2.8,52.0,21.1,Weak,2.0,Contact-First Profile,A,Excellent HR swing plane,21.1,Weak,0.919,Good,8.3,12.5,94.5,0.629,Derived proxy,Derived proxy,Derived proxy,Derived proxy,,,15.71,7.71,Strong positive regression,Weak Contact-First Profile profile. 5.2% barrel rate; 83.9 mph average exit velocity; 23.8% air-ball rate; 18.1% pull-air rate; 9.1% HR-launch rate.,0.0321,0.0321,3.99,16,6,28.2,0.57,56.6,Recently homered,683363.0,Matt Wilkinson,L,RHB vs LHP,3,3,11.2,4.63,1.11,1,0.77,4.63,1.54,69.0,2.9,30.4,17.4,45.5,27.5,84.2,95.7,108.2,0.491,1.0,40.8,100.0,0.595,5.2,4-Seam Fastball,R,RHB vs LHP,40.4,77,0.246,0.316,0.464,0.78,4,6,15,0.0519,4.0,0.476,38,0.0263,3.7,0.544,0,0,0,0/0,,,,,0,0,0,42.5,Slight Pitcher Advantage,Below average,50.0,3,Pitch-level Statcast · last 5 MLB games,181,4-Seam Fastball,54.69613259668508,99.0,Changeup,24.30939226519337,44.0,Slider,15.469613259668508,28.0,Cutter,5.524861878453039,10.0,,,,Unknown,,Unknown,,No,100.0,1.0,1.0,50.0,0.982,0.954,30.2,Current-Season Handedness Matchup,Pull Air %,Barrel %,Max Exit Velocity,40.4,32.2,40.8,27.0,50.0,45.0,34.2,3.9,1.314,0.992,1.025,1.0,0.919,0.919,1.0,12.2,8.41,73.1,24.3,F,Lineup unconfirmed,,,,,,
294,2026-09-04,824311,2026-09-05T00:40:00Z,Scheduled,Coors Field,St. Louis Cardinals @ Colorado Rockies,Home,681393,Connor Norby,Colorado Rockies,St. Louis Cardinals,2B,R,No,,86,312,270,59,17,0,6,27,26,33,8,93,0.219,0.321,0.348,0.669,12,49,44,11,2,0.25,0.0408,21,79,70,18,2,0.257,0.0253,393,114,2.6,19.7,45.6,24.6,29.8,15.2,24.6,43.2,28.5,4.4,2.0,4.4,67.5,80.9,20.3,0.532,68.8,92.8,106.1,9.6,10.0,2.0,39.1,21.5,Weak,2.0,Pull Power,A-,Elevated power plane,21.5,Weak,0.92,Good,1.8,39.3,92.3,0.563,Derived proxy,Derived proxy,Derived proxy,Derived proxy,,,11.48,5.48,Strong positive regression,Weak Pull Power profile. 2.6% barrel rate; 80.9 mph average exit velocity; 24.6% air-ball rate; 43.2% pull-air rate; 4.4% HR-launch rate.,0.0192,0.0228,3.99,28,7,45.0,0.62,62.2,Recently homered,669467.0,Andre Pallante,R,RHB vs RHP,24,24,136.0,3.57,1.24,10,0.66,6.42,2.71,716.0,3.4,22.8,10.3,39.4,29.5,82.4,94.6,117.8,0.462,10.0,25.6,100.0,0.489,2.8,4-Seam Fastball,R,RHB vs RHP,20.9,209,0.231,0.311,0.371,0.682,5,17,66,0.0239,2.3,0.516,259,0.0154,2.4,0.441,0,0,0,0/0,,,,,0,0,0,28.3,Strong Pitcher Advantage,Below average,50.0,5,Pitch-level Statcast · last 5 MLB games,468,4-Seam Fastball,35.68376068376068,167.0,Slider,28.418803418803417,133.0,Knuckle Curve,17.521367521367523,82.0,Sinker,15.598290598290598,73.0,Split-Finger,2.7777777777777777,13.0,Unknown,,Unknown,,No,118.0,1.18,1.0,82.4,0.951,0.959,34.4,Current-Season Handedness Matchup,Pull Air %,Barrel %,Max Exit Velocity,20.9,26.0,25.6,26.7,82.4,45.0,34.1,3.89,1.194,0.93,0.985,0.965,0.92,0.888,1.0,8.78,6.26,80.6,21.6,F,Lineup unconfirmed,,,,,,
295,2026-09-04,824471,2026-09-04T22:10:00Z,Scheduled,Great American Ball Park,Milwaukee Brewers @ Cincinnati Reds,Away,683734,Andrew Vaughn,Milwaukee Brewers,Cincinnati Reds,1B,R,No,,94,302,262,82,17,2,6,32,42,32,6,46,0.313,0.397,0.462,0.859,11,34,31,12,1,0.387,0.0294,24,79,72,25,1,0.347,0.0127,360,91,2.6,27.5,28.7,33.2,38.1,13.8,27.4,30.2,23.8,3.8,1.8,3.8,27.1,83.5,13.8,0.439,68.8,95.7,111.6,14.8,10.8,3.4,47.1,18.8,Weak,2.0,Contact-First Profile,A,Excellent HR swing plane,18.8,Weak,0.913,Good,1.1,23.8,94.9,0.387,Derived proxy,Derived proxy,Derived proxy,Derived proxy,,,9.58,3.58,Positive regression,Weak Contact-First Profile profile. 2.6% barrel rate; 83.5 mph average exit velocity; 27.4% air-ball rate; 30.2% pull-air rate; 3.8% HR-launch rate.,0.0199,0.0233,4.23,0,0,43.7,0.0,0.0,Very recent HR,695076.0,Rhett Lowder,R,RHB vs RHP,24,21,112.0,5.14,1.46,16,1.29,7.07,3.46,617.0,5.8,25.1,16.7,40.2,32.1,84.1,95.6,116.0,0.572,16.0,23.2,99.7,0.468,2.7,Sinker,R,RHB vs RHP,19.9,185,0.286,0.368,0.385,0.753,3,17,32,0.0162,2.2,0.446,192,0.0208,4.2,0.485,0,0,0,0/0,,,,,0,0,0,27.1,Strong Pitcher Advantage,Below average,50.0,5,Pitch-level Statcast · last 5 MLB games,476,Sinker,26.680672268907564,127.0,Slider,24.57983193277311,117.0,Changeup,22.478991596638654,107.0,4-Seam Fastball,18.69747899159664,89.0,Curveball,7.563025210084033,36.0,Unknown,,Unknown,,No,112.0,1.12,1.0,71.6,0.946,0.983,30.8,Current-Season Handedness Matchup,Pull Air %,Barrel %,Max Exit Velocity,19.9,38.5,23.2,17.4,71.6,45.0,34.0,3.89,0.975,1.03,0.985,1.0,0.913,0.913,0.98,9.5,6.1,79.9,24.1,F,Lineup unconfirmed,,,,,,
296,2026-09-04,823338,2026-09-04T22:45:00Z,Scheduled,PNC Park,Los Angeles Angels @ Pittsburgh Pirates,Home,695257,Billy Cook,Pittsburgh Pirates,Los Angeles Angels,CF,R,No,,74,51,50,9,1,1,0,11,2,1,0,20,0.18,0.196,0.24,0.436,5,2,2,0,0,0.0,0.0,8,6,5,0,0,0.0,0.0,60,12,2.8,14.2,38.3,31.2,30.5,12.6,18.2,50.4,19.8,5.7,0.0,5.7,0.0,76.5,23.4,0.302,68.6,90.3,105.8,21.7,9.9,4.8,53.9,21.4,Weak,2.0,Pull Power,A-,Elevated power plane,21.4,Weak,0.92,Good,0.0,100.0,81.9,0.301,Derived proxy,Derived proxy,Derived proxy,Derived proxy,,,2.01,2.01,Positive regression,Weak Pull Power profile. 2.8% barrel rate; 76.5 mph average exit velocity; 18.2% air-ball rate; 50.4% pull-air rate; 5.7% HR-launch rate.,0.0,0.0225,3.81,50,74,,,,No season HR,696270.0,Ryan Johnson,R,RHB vs RHP,17,14,72.1,5.47,1.42,16,1.99,6.47,4.48,421.0,6.2,24.2,19.0,39.8,29.9,82.4,94.8,113.6,0.572,16.0,4.1,77.3,0.291,0.0,Cutter,R,RHB vs RHP,47.9,19,0.211,0.211,0.211,0.421,0,0,7,0.0,10.5,0.276,132,0.053,6.1,0.617,0,0,0,0/0,,,,,0,0,0,33.0,Slight Pitcher Advantage,Below average,50.0,5,Pitch-level Statcast · last 5 MLB games,423,Cutter,48.463356973995275,205.0,Sweeper,25.53191489361702,108.0,Split-Finger,15.130023640661939,64.0,Sinker,10.874704491725769,46.0,,,,Unknown,,Unknown,,No,100.0,1.0,1.0,50.0,0.92,0.987,41.0,Current-Season Handedness Matchup,Pull Air %,Barrel %,Max Exit Velocity,47.9,38.6,4.1,30.0,50.0,45.0,34.0,3.89,1.0,1.142,0.985,0.94,0.92,0.865,1.0,8.29,5.45,56.1,16.6,F,Small season sample; Lineup unconfirmed,,,,,,
297,2026-09-04,824424,2026-09-04T18:10:00Z,Scheduled,Progressive Field,Detroit Tigers @ Cleveland Guardians,Away,703601,Max Clark,Detroit Tigers,Cleveland Guardians,CF,L,No,,30,118,105,27,7,3,2,14,14,9,2,25,0.257,0.328,0.438,0.766,11,39,32,8,1,0.25,0.0256,25,94,86,20,1,0.233,0.0106,171,136,1.3,22.4,39.9,22.8,37.4,12.4,27.9,35.6,32.0,5.0,2.3,5.0,82.5,80.4,17.2,0.47,71.2,92.4,105.0,25.2,10.8,3.9,39.0,20.3,Weak,2.0,Contact-First Profile,A,Excellent HR swing plane,20.3,Weak,0.917,Good,1.5,38.5,92.6,0.449,Derived proxy,Derived proxy,Derived proxy,Derived proxy,,,3.5,1.5,Near expected,Weak Contact-First Profile profile. 1.3% barrel rate; 80.4 mph average exit velocity; 27.9% air-ball rate; 35.6% pull-air rate; 5.0% HR-launch rate.,0.0169,0.0245,4.05,20,7,52.5,0.38,38.1,Recently homered,671106.0,Logan Allen,L,LHB vs LHP,6,1,14.1,3.77,1.47,3,1.88,9.42,2.51,93.0,5.4,23.7,20.4,41.7,25.8,81.7,95.0,109.4,0.531,3.0,24.1,100.0,0.491,0.0,4-Seam Fastball,L,LHB vs LHP,42.7,42,0.343,0.425,0.657,1.082,1,4,7,0.0238,1.6,0.529,24,0.0833,3.0,0.502,0,0,0,0/0,,,,,0,0,0,37.6,Slight Pitcher Advantage,Below average,50.0,5,Pitch-level Statcast · last 5 MLB games,180,4-Seam Fastball,30.555555555555557,55.0,Cutter,26.666666666666668,48.0,Sweeper,18.88888888888889,34.0,Changeup,15.0,27.0,Sinker,8.88888888888889,16.0,Unknown,,Unknown,,No,100.0,1.0,1.0,50.0,0.948,0.979,34.8,Current-Season Handedness Matchup,Pull Air %,Barrel %,Max Exit Velocity,42.7,35.8,24.1,26.5,50.0,45.0,34.0,3.89,0.911,1.025,0.985,1.0,0.917,0.917,1.0,9.57,5.54,67.9,20.1,F,Lineup unconfirmed,,,,,,
298,2026-09-04,823093,2026-09-05T02:10:00Z,Scheduled,T-Mobile Park,Athletics @ Seattle Mariners,Away,643446,Jeff McNeil,Athletics,Seattle Mariners,2B,L,No,,124,442,404,109,20,0,7,44,50,27,5,48,0.27,0.32,0.371,0.691,11,50,47,16,1,0.34,0.02,23,96,89,30,3,0.337,0.0312,711,140,1.9,20.1,49.5,23.2,27.3,11.8,27.4,45.2,35.1,4.2,2.4,4.2,71.8,81.8,18.4,0.435,67.4,93.0,108.7,4.9,9.8,1.5,39.9,22.2,Weak,2.0,Pull Power,A,Excellent HR swing plane,22.2,Weak,0.922,Good,2.9,46.5,93.8,0.462,Derived proxy,Derived proxy,Derived proxy,Derived proxy,,,18.32,11.32,Strong positive regression,Weak Pull Power profile. 1.9% barrel rate; 81.8 mph average exit velocity; 27.4% air-ball rate; 45.2% pull-air rate; 4.2% HR-launch rate.,0.0158,0.0193,4.05,9,2,57.7,0.16,15.6,Very recent HR,669302.0,Logan Gilbert,R,LHB vs RHP,27,27,160.1,3.42,1.04,22,1.23,9.32,2.25,844.0,5.2,23.2,14.5,46.0,31.6,82.5,94.6,115.2,0.543,22.0,16.0,99.8,0.41,1.4,4-Seam Fastball,L,LHB vs RHP,24.2,342,0.276,0.32,0.394,0.713,7,18,41,0.0205,1.8,0.449,362,0.0304,4.1,0.54,3,3,1,1/3,0.333,0.333,0.333,0.666,0,0,0,25.7,Strong Pitcher Advantage,Below average,46.0,5,Pitch-level Statcast · last 5 MLB games,479,4-Seam Fastball,43.42379958246347,208.0,Slider,23.799582463465555,114.0,Split-Finger,16.701461377870565,80.0,Changeup,9.394572025052192,45.0,Sweeper,4.592901878914405,22.0,Unknown,,Unknown,,No,92.0,0.92,1.0,35.6,0.932,0.977,37.6,Current-Season Handedness Matchup,Pull Air %,Barrel %,Max Exit Velocity,24.2,37.8,16.0,38.4,35.6,45.0,34.0,3.89,1.12,1.021,1.025,1.0,0.922,0.922,0.98,7.58,5.18,84.7,20.8,F,Lineup unconfirmed,Cutter,1.8789144050104385,9.0,Sinker,0.20876826722338204,1.0
299,2026-09-04,823093,2026-09-05T02:10:00Z,Scheduled,T-Mobile Park,Athletics @ Seattle Mariners,Away,695720,Tommy White,Athletics,Seattle Mariners,3B,R,No,,40,154,149,38,5,0,2,16,8,4,0,26,0.255,0.273,0.329,0.602,10,37,36,10,0,0.278,0.0,23,84,81,20,2,0.247,0.0238,213,119,5.1,19.9,29.7,33.3,37.0,15.0,27.4,23.1,30.1,6.6,2.7,6.6,23.0,82.2,17.8,0.482,67.4,92.3,107.9,12.3,10.6,5.5,62.5,19.9,Weak,2.0,Contact-First Profile,A,Excellent HR swing plane,19.9,Weak,0.916,Good,5.9,21.9,92.4,0.495,Derived proxy,Derived proxy,Derived proxy,Derived proxy,,,9.05,7.05,Strong positive regression,Weak Contact-First Profile profile. 5.1% barrel rate; 82.2 mph average exit velocity; 27.4% air-ball rate; 23.1% pull-air rate; 6.6% HR-launch rate.,0.013,0.0213,3.87,48,13,74.5,0.64,64.4,Recently homered,669302.0,Logan Gilbert,R,RHB vs RHP,27,27,160.1,3.42,1.04,22,1.23,9.32,2.25,844.0,5.2,23.2,14.5,46.0,31.6,82.5,94.6,115.2,0.543,22.0,40.4,85.5,0.574,6.0,4-Seam Fastball,R,RHB vs RHP,34.9,97,0.223,0.237,0.34,0.578,2,2,14,0.0206,6.2,0.499,278,0.0396,6.8,0.547,0,0,0,0/0,,,,,0,0,0,39.8,Slight Pitcher Advantage,Below average,50.0,5,Pitch-level Statcast · last 5 MLB games,479,4-Seam Fastball,43.42379958246347,208.0,Slider,23.799582463465555,114.0,Split-Finger,16.701461377870565,80.0,Changeup,9.394572025052192,45.0,Sweeper,4.592901878914405,22.0,Unknown,,Unknown,,No,92.0,0.92,1.0,35.6,0.981,0.977,30.5,Current-Season Handedness Matchup,Pull Air %,Barrel %,Max Exit Velocity,34.9,37.8,40.4,19.2,35.6,45.0,34.0,3.89,0.878,1.021,0.985,0.94,0.916,0.861,1.0,8.0,4.58,69.7,17.1,F,Lineup unconfirmed,Cutter,1.8789144050104385,9.0,Sinker,0.20876826722338204,1.0
300,2026-09-04,823824,2026-09-04T23:10:00Z,Scheduled,loanDepot park,Chicago Cubs @ Miami Marlins,Away,807713,Matt Shaw,Chicago Cubs,Miami Marlins,RF,R,No,,63,165,144,36,8,3,5,24,22,15,3,28,0.25,0.331,0.451,0.782,7,18,14,4,1,0.286,0.0556,7,18,14,4,1,0.286,0.0556,233,19,3.2,21.4,34.3,34.4,31.2,19.2,30.9,38.5,28.6,5.8,2.2,5.8,87.3,81.0,21.7,0.462,67.9,92.6,107.7,6.5,9.1,1.6,54.4,21.4,Weak,2.0,Contact-First Profile,A-,Elevated power plane,21.4,Weak,0.92,Good,5.3,44.4,93.4,0.48,Derived proxy,Derived proxy,Derived proxy,Derived proxy,,,7.76,2.76,Positive regression,Weak Contact-First Profile profile. 3.2% barrel rate; 81.0 mph average exit velocity; 30.9% air-ball rate; 38.5% pull-air rate; 5.8% HR-launch rate.,0.0303,0.031,4.05,7,3,28.8,0.24,24.3,Very recent HR,676083.0,Janson Junk,R,RHB vs RHP,21,20,103.0,4.11,1.3,12,1.05,6.12,2.45,635.0,4.3,23.9,11.7,47.2,29.3,83.0,95.2,114.2,0.497,12.0,23.6,99.9,0.472,2.7,4-Seam Fastball,R,RHB vs RHP,30.3,86,0.227,0.306,0.413,0.719,3,8,14,0.0349,3.3,0.489,162,0.037,4.3,0.45,0,0,0,0/0,,,,,0,0,0,31.9,Slight Pitcher Advantage,Below average,50.0,5,Pitch-level Statcast · last 5 MLB games,311,4-Seam Fastball,28.938906752411576,90.0,Slider,18.327974276527332,57.0,Sweeper,17.363344051446944,54.0,Changeup,17.041800643086816,53.0,Curveball,13.82636655948553,43.0,Unknown,,Unknown,,No,94.0,0.94,1.0,39.2,0.947,0.968,35.3,Current-Season Handedness Matchup,Pull Air %,Barrel %,Max Exit Velocity,30.3,34.0,23.6,40.9,39.2,45.0,33.9,3.89,1.174,0.992,0.985,1.0,0.92,0.92,0.98,11.98,6.97,65.2,22.3,F,Lineup unconfirmed,Sinker,4.501607717041801,14.0,,,
301,2026-09-04,824387,2026-09-04T23:15:00Z,Scheduled,Progressive Field,Detroit Tigers @ Cleveland Guardians,Home,683953,Travis Bazzana,Cleveland Guardians,Detroit Tigers,2B,L,No,,104,439,379,89,17,2,9,42,42,49,6,94,0.235,0.328,0.361,0.689,9,34,27,4,0,0.148,0.0,21,79,68,13,0,0.191,0.0,551,94,3.1,22.3,46.9,30.8,22.3,14.7,26.6,41.9,28.9,4.7,3.1,4.7,34.4,82.9,19.6,0.43,66.4,94.1,107.5,10.8,11.2,2.6,49.7,22.8,Weak,2.0,Contact-First Profile,A,Excellent HR swing plane,22.8,Weak,0.924,Good,3.2,48.1,93.7,0.384,Derived proxy,Derived proxy,Derived proxy,Derived proxy,,,18.37,9.37,Strong positive regression,Weak Contact-First Profile profile. 3.1% barrel rate; 82.9 mph average exit velocity; 26.6% air-ball rate; 41.9% pull-air rate; 4.7% HR-launch rate.,0.0205,0.023,3.99,119,35,42.1,2.83,282.6,Very long drought,808825.0,Andrew Sears,L,LHB vs LHP,2,0,6.2,6.75,1.35,1,1.35,5.4,1.35,40.0,5.0,17.5,20.0,35.7,37.5,84.6,94.2,107.5,0.523,1.0,22.9,100.0,0.451,3.4,4-Seam Fastball,L,LHB vs LHP,28.9,132,0.184,0.295,0.228,0.524,1,16,34,0.0076,3.6,0.41,11,0.0909,11.1,0.695,0,0,0,0/0,,,,,0,0,0,31.0,Slight Pitcher Advantage,Below average,50.0,2,Pitch-level Statcast · last 5 MLB games,116,4-Seam Fastball,45.689655172413794,53.0,Slider,34.48275862068966,40.0,Changeup,11.206896551724139,13.0,Sinker,8.620689655172415,10.0,,,,Unknown,,Unknown,,No,100.0,1.0,1.0,50.0,0.946,0.975,37.0,Current-Season Handedness Matchup,Pull Air %,Barrel %,Max Exit Velocity,28.9,28.9,22.9,40.5,50.0,45.0,33.9,3.89,0.758,1.004,0.985,1.0,0.924,0.924,1.06,8.85,4.86,83.3,28.0,F,Lineup unconfirmed,,,,,,
302,2026-09-04,824554,2026-09-04T23:40:00Z,Scheduled,Rate Field,Minnesota Twins @ Chicago White Sox,Home,803011,Sam Antonacci,Chicago White Sox,Minnesota Twins,LF,L,No,,120,481,412,109,20,3,8,70,41,40,25,76,0.265,0.364,0.386,0.75,12,51,42,10,0,0.238,0.0,27,109,90,21,0,0.233,0.0,635,135,2.3,16.9,36.8,29.5,33.4,11.5,24.4,27.5,39.4,4.0,1.9,4.0,26.0,81.2,16.4,0.445,67.6,92.1,108.0,6.5,6.6,1.5,42.7,16.1,Weak,1.5,Contact-First Profile,A,Excellent HR swing plane,16.1,Weak,0.905,Good,0.7,15.2,90.6,0.381,Derived proxy,Derived proxy,Derived proxy,Derived proxy,,,15.04,7.04,Strong positive regression,Weak Contact-First Profile profile. 2.3% barrel rate; 81.2 mph average exit velocity; 24.4% air-ball rate; 27.5% pull-air rate; 4.0% HR-launch rate.,0.0166,0.0197,3.99,110,33,51.5,2.14,213.6,Very long drought,805673.0,Zebby Matthews,R,LHB vs RHP,19,19,112.0,4.58,1.26,19,1.53,7.47,2.57,620.0,6.5,27.1,13.7,47.9,31.0,85.0,96.4,112.8,0.55,19.0,25.7,100.0,0.481,3.3,4-Seam Fastball,L,LHB vs RHP,33.2,381,0.27,0.369,0.414,0.784,8,35,55,0.021,3.5,0.506,265,0.0377,7.2,0.578,7,7,3,3/7,0.429,0.429,0.571,1.0,0,0,0,34.6,Slight Pitcher Advantage,Below average,53.1,5,Pitch-level Statcast · last 5 MLB games,475,4-Seam Fastball,34.526315789473685,164.0,Slider,22.526315789473685,107.0,Changeup,13.894736842105264,66.0,Cutter,13.263157894736842,63.0,Curveball,10.105263157894736,48.0,Unknown,,Unknown,,No,100.0,1.0,1.0,50.0,0.951,0.99,30.7,Current-Season Handedness Matchup,Pull Air %,Barrel %,Max Exit Velocity,33.2,46.2,25.7,5.2,50.0,45.0,33.8,3.88,0.758,1.069,1.025,1.0,0.905,0.905,1.06,7.63,4.73,85.0,27.3,F,Lineup unconfirmed,Sinker,5.684210526315789,27.0,,,
303,2026-09-04,823824,2026-09-04T23:10:00Z,Scheduled,loanDepot park,Chicago Cubs @ Miami Marlins,Home,682663,Agustín Ramírez,Miami Marlins,Chicago Cubs,DH,R,No,,54,200,174,40,8,1,3,26,18,23,2,47,0.23,0.325,0.339,0.664,10,32,28,5,1,0.179,0.0312,21,68,58,14,1,0.241,0.0147,252,92,2.1,22.2,42.7,37.7,19.6,6.8,16.2,33.3,26.7,2.4,0.8,2.4,25.0,80.8,14.0,0.372,74.2,93.8,114.5,51.1,7.7,9.9,47.7,24.2,Weak,2.0,Contact-First Profile,A,Excellent HR swing plane,24.2,Weak,0.928,Good,0.0,25.0,91.4,0.34,Derived proxy,Derived proxy,Derived proxy,Derived proxy,,,5.52,2.52,Positive regression,Weak Contact-First Profile profile. 2.1% barrel rate; 80.8 mph average exit velocity; 16.2% air-ball rate; 33.3% pull-air rate; 2.4% HR-launch rate.,0.015,0.0214,3.99,0,0,58.0,0.0,0.0,Very recent HR,684007.0,Shota Imanaga,L,RHB vs LHP,27,27,150.1,4.01,1.14,33,1.98,8.86,2.1,818.0,6.0,22.1,17.5,45.9,27.6,81.8,94.3,114.7,0.549,33.0,23.6,100.0,0.402,6.2,4-Seam Fastball,R,RHB vs LHP,34.4,73,0.267,0.397,0.417,0.814,1,12,17,0.0137,3.2,0.534,444,0.0495,5.4,0.529,0,0,0,0/0,,,,,0,0,0,33.7,Slight Pitcher Advantage,Below average,50.0,5,Pitch-level Statcast · last 5 MLB games,428,4-Seam Fastball,42.05607476635514,180.0,Split-Finger,31.77570093457944,136.0,Sweeper,17.757009345794394,76.0,Sinker,3.97196261682243,17.0,Slider,3.2710280373831777,14.0,Unknown,,Unknown,,No,94.0,0.94,1.0,39.2,0.947,0.985,36.6,Current-Season Handedness Matchup,Pull Air %,Barrel %,Max Exit Velocity,34.4,40.6,23.6,11.5,39.2,45.0,33.8,3.88,1.045,1.141,1.025,0.965,0.928,0.895,0.98,8.26,5.64,71.7,19.3,F,Lineup unconfirmed,Curveball,1.1682242990654206,5.0,,,
304,2026-09-04,823905,2026-09-05T02:10:00Z,Scheduled,UNIQLO Field at Dodger Stadium,Washington Nationals @ Los Angeles Dodgers,Home,663656,Kyle Tucker,Los Angeles Dodgers,Washington Nationals,RF,L,No,,132,542,466,105,20,3,11,71,58,68,3,96,0.225,0.325,0.352,0.677,11,44,35,6,0,0.171,0.0,24,97,83,12,1,0.145,0.0103,768,144,2.8,22.0,46.9,20.3,31.5,16.8,26.9,39.7,27.0,4.9,2.4,4.9,58.8,82.4,18.6,0.415,68.5,93.7,111.8,16.3,9.6,4.8,42.8,22.9,Weak,2.0,Contact-First Profile,A,Excellent HR swing plane,22.9,Weak,0.924,Good,0.7,29.7,92.9,0.309,Derived proxy,Derived proxy,Derived proxy,Derived proxy,,,23.6,12.6,Strong positive regression,Weak Contact-First Profile profile. 2.8% barrel rate; 82.4 mph average exit velocity; 26.9% air-ball rate; 39.7% pull-air rate; 4.9% HR-launch rate.,0.0203,0.0224,3.99,76,22,42.4,1.79,179.4,Above normal drought,800600.0,Jackson Kent,L,LHB vs LHP,4,4,19.1,5.59,1.71,1,0.47,7.91,6.98,116.0,3.4,24.1,7.8,61.9,27.6,80.5,93.2,111.3,0.521,1.0,24.0,100.0,0.458,3.6,4-Seam Fastball,L,LHB vs LHP,28.3,159,0.248,0.34,0.394,0.734,2,19,28,0.0126,3.9,0.459,21,0.0,3.6,0.491,0,0,0,0/0,,,,,0,0,0,31.1,Slight Pitcher Advantage,Below average,50.0,4,Pitch-level Statcast · last 5 MLB games,358,4-Seam Fastball,35.19553072625698,126.0,Changeup,21.22905027932961,76.0,Slider,17.877094972067038,64.0,Curveball,13.687150837988828,49.0,Sinker,12.011173184357542,43.0,Unknown,,Unknown,,No,100.0,1.0,1.0,50.0,0.948,0.959,37.6,Current-Season Handedness Matchup,Pull Air %,Barrel %,Max Exit Velocity,28.3,33.4,24.0,19.0,50.0,45.0,33.8,3.88,0.76,0.972,0.985,1.0,0.924,0.924,1.035,8.65,4.63,84.8,24.5,F,Lineup unconfirmed,,,,,,
305,2026-09-04,824797,2026-09-04T23:05:00Z,Scheduled,Oriole Park at Camden Yards,Boston Red Sox @ Baltimore Orioles,Home,702616,Jackson Holliday,Baltimore Orioles,Boston Red Sox,2B,L,No,,89,316,277,66,11,1,7,40,28,34,0,74,0.238,0.317,0.361,0.678,12,49,49,13,1,0.265,0.0204,27,116,109,25,2,0.229,0.0172,369,146,3.7,21.1,44.4,28.8,26.8,13.5,28.1,44.6,31.9,6.7,5.2,6.7,46.5,81.4,15.8,0.496,68.9,92.9,105.7,5.7,11.5,2.0,50.4,26.1,Weak,2.0,Pull Power,A,Excellent HR swing plane,26.1,Weak,0.933,Good,3.4,48.8,92.7,0.485,Derived proxy,Derived proxy,Derived proxy,Derived proxy,,,14.13,7.13,Strong positive regression,Weak Pull Power profile. 3.7% barrel rate; 81.4 mph average exit velocity; 28.1% air-ball rate; 44.6% pull-air rate; 6.7% HR-launch rate.,0.0222,0.0249,3.99,7,2,39.6,0.18,17.7,Very recent HR,624133.0,Ranger Suarez,L,LHB vs LHP,24,24,123.2,3.64,1.24,8,0.58,8.66,2.84,664.0,3.2,20.5,12.2,44.1,32.1,80.4,93.2,113.6,0.477,8.0,24.2,99.9,0.469,3.1,Sinker,L,LHB vs LHP,23.8,80,0.239,0.325,0.338,0.663,1,9,23,0.0125,2.3,0.489,145,0.0207,4.5,0.518,4,4,1,1/4,0.25,0.25,0.25,0.5,0,0,0,27.4,Strong Pitcher Advantage,Below average,41.1,5,Pitch-level Statcast · last 5 MLB games,438,4-Seam Fastball,24.200913242009133,106.0,Sinker,21.91780821917808,96.0,Curveball,17.123287671232877,75.0,Cutter,15.981735159817351,70.0,Changeup,12.100456621004566,53.0,Unknown,,Unknown,,No,99.0,0.99,1.0,48.2,0.948,0.957,36.7,Current-Season Handedness Matchup,Pull Air %,Barrel %,Max Exit Velocity,23.8,28.0,24.2,39.6,48.2,45.0,33.6,3.87,0.905,0.917,0.985,1.0,0.933,0.933,0.98,9.56,5.05,82.6,20.1,F,Lineup unconfirmed,Slider,8.67579908675799,38.0,,,
306,2026-09-04,823824,2026-09-04T23:10:00Z,Scheduled,loanDepot park,Chicago Cubs @ Miami Marlins,Away,608348,Carson Kelly,Chicago Cubs,Miami Marlins,C,R,No,,104,372,331,87,13,0,10,51,52,38,3,60,0.263,0.344,0.393,0.737,8,34,30,8,3,0.267,0.0882,18,69,64,16,3,0.25,0.0435,489,86,2.9,21.7,44.5,25.3,30.2,14.6,26.3,47.2,25.8,5.2,2.4,5.2,93.1,80.9,18.5,0.439,69.4,93.0,107.9,8.1,7.6,2.0,46.0,23.3,Weak,2.0,Pull Power,A,Excellent HR swing plane,23.3,Weak,0.925,Good,2.3,58.3,91.8,0.394,Derived proxy,Derived proxy,Derived proxy,Derived proxy,,,16.12,6.12,Strong positive regression,Weak Pull Power profile. 2.9% barrel rate; 80.9 mph average exit velocity; 26.3% air-ball rate; 47.2% pull-air rate; 5.2% HR-launch rate.,0.0269,0.0281,4.05,7,2,33.1,0.21,21.1,Very recent HR,676083.0,Janson Junk,R,RHB vs RHP,21,20,103.0,4.11,1.3,12,1.05,6.12,2.45,635.0,4.3,23.9,11.7,47.2,29.3,83.0,95.2,114.2,0.497,12.0,19.6,99.9,0.432,2.7,4-Seam Fastball,R,RHB vs RHP,20.9,240,0.234,0.317,0.322,0.639,4,23,37,0.0167,2.0,0.408,162,0.037,4.3,0.45,0,0,0,0/0,,,,,0,0,0,26.3,Strong Pitcher Advantage,Below average,50.0,5,Pitch-level Statcast · last 5 MLB games,311,4-Seam Fastball,28.938906752411576,90.0,Slider,18.327974276527332,57.0,Sweeper,17.363344051446944,54.0,Changeup,17.041800643086816,53.0,Curveball,13.82636655948553,43.0,Unknown,,Unknown,,No,94.0,0.94,1.0,39.2,0.939,0.968,36.7,Current-Season Handedness Matchup,Pull Air %,Barrel %,Max Exit Velocity,20.9,34.0,19.6,38.3,39.2,45.0,33.6,3.87,1.35,0.992,0.985,1.0,0.925,0.925,0.98,10.91,7.14,82.5,24.3,F,Lineup unconfirmed,Sinker,4.501607717041801,14.0,,,
307,2026-09-04,824554,2026-09-04T23:40:00Z,Scheduled,Rate Field,Minnesota Twins @ Chicago White Sox,Away,807712,Luke Keaschall,Minnesota Twins,Chicago White Sox,2B,R,No,,131,527,450,125,24,1,9,67,44,50,19,79,0.278,0.369,0.396,0.765,11,52,45,15,2,0.333,0.0385,25,113,96,32,3,0.333,0.0265,651,130,3.1,22.1,36.4,26.7,36.1,18.9,35.0,33.4,33.9,6.9,4.5,6.9,53.5,82.1,18.9,0.476,66.6,94.2,106.8,8.1,11.2,2.6,49.5,22.7,Weak,2.0,Contact-First Profile,A,Excellent HR swing plane,22.7,Weak,0.924,Good,3.8,30.2,95.3,0.541,Derived proxy,Derived proxy,Derived proxy,Derived proxy,,,21.76,12.76,Strong positive regression,Weak Contact-First Profile profile. 3.1% barrel rate; 82.1 mph average exit velocity; 35.0% air-ball rate; 33.4% pull-air rate; 6.9% HR-launch rate.,0.0171,0.0198,4.05,12,3,50.0,0.24,24.0,Very recent HR,607200.0,Erick Fedde,R,RHB vs RHP,29,13,123.1,4.16,1.37,22,1.61,6.42,3.28,696.0,5.5,26.9,16.8,46.0,32.8,83.4,95.8,114.9,0.537,22.0,13.8,99.6,0.388,2.0,Sweeper,R,RHB vs RHP,34.1,361,0.281,0.372,0.415,0.787,8,32,50,0.0222,2.9,0.427,244,0.0656,6.5,0.537,5,5,2,2/5,0.4,0.4,0.6,1.0,0,0,0,30.6,Slight Pitcher Advantage,Below average,52.2,5,Pitch-level Statcast · last 5 MLB games,288,Sweeper,36.458333333333336,105.0,Sinker,34.02777777777778,98.0,Cutter,15.972222222222221,46.0,Changeup,12.5,36.0,4-Seam Fastball,1.0416666666666667,3.0,Unknown,,Unknown,,No,100.0,1.0,1.0,50.0,0.928,0.98,34.7,Current-Season Handedness Matchup,Pull Air %,Barrel %,Max Exit Velocity,34.1,39.9,13.8,28.3,50.0,45.0,33.5,3.87,1.267,1.082,0.985,1.0,0.924,0.924,0.98,7.8,6.01,85.0,23.2,F,Lineup unconfirmed,,,,,,
308,2026-09-04,824387,2026-09-04T23:15:00Z,Scheduled,Progressive Field,Detroit Tigers @ Cleveland Guardians,Home,681807,David Fry,Cleveland Guardians,Detroit Tigers,RF,R,No,,76,174,147,28,5,0,6,16,13,27,0,52,0.19,0.316,0.347,0.663,5,6,4,2,0,0.5,0.0,5,6,4,2,0,0.5,0.0,210,9,3.4,20.2,56.1,30.9,13.1,12.7,20.7,71.1,25.7,3.8,3.0,3.8,75.0,80.6,20.4,0.41,68.9,91.9,106.3,12.2,9.3,4.6,57.3,25.5,Weak,2.0,Pull Power,A-,Elevated power plane,25.5,Weak,0.931,Good,0.0,100.0,90.0,0.434,Derived proxy,Derived proxy,Derived proxy,Derived proxy,,,8.25,2.25,Positive regression,Weak Pull Power profile. 3.4% barrel rate; 80.6 mph average exit velocity; 20.7% air-ball rate; 71.1% pull-air rate; 3.8% HR-launch rate.,0.0345,0.0335,3.99,29,19,24.5,1.18,118.4,Near normal interval,808825.0,Andrew Sears,L,RHB vs LHP,2,0,6.2,6.75,1.35,1,1.35,5.4,1.35,40.0,5.0,17.5,20.0,35.7,37.5,84.6,94.2,107.5,0.523,1.0,14.8,100.0,0.378,3.0,4-Seam Fastball,R,RHB vs LHP,32.0,113,0.163,0.319,0.315,0.634,4,21,39,0.0354,2.1,0.449,17,0.0,0.0,0.365,0,0,0,0/0,,,,,0,0,0,29.6,Strong Pitcher Advantage,Below average,50.0,2,Pitch-level Statcast · last 5 MLB games,116,4-Seam Fastball,45.689655172413794,53.0,Slider,34.48275862068966,40.0,Changeup,11.206896551724139,13.0,Sinker,8.620689655172415,10.0,,,,Unknown,,Unknown,,No,100.0,1.0,1.0,50.0,0.93,0.975,40.7,Current-Season Handedness Matchup,Pull Air %,Barrel %,Max Exit Velocity,32.0,28.9,14.8,34.0,50.0,45.0,33.4,3.87,1.0,1.004,1.025,0.965,0.931,0.899,1.0,12.7,6.96,64.9,22.4,F,Lineup unconfirmed,,,,,,
309,2026-09-04,823338,2026-09-04T22:45:00Z,Scheduled,PNC Park,Los Angeles Angels @ Pittsburgh Pirates,Away,672724,Oswald Peraza,Los Angeles Angels,Pittsburgh Pirates,2B,R,No,,113,344,317,71,12,2,7,30,24,15,10,102,0.224,0.28,0.341,0.621,6,19,16,3,0,0.188,0.0,18,49,42,6,0,0.143,0.0,464,76,2.7,17.9,33.3,34.8,31.2,9.3,19.1,36.9,27.6,3.4,1.7,3.4,28.4,79.5,13.1,0.438,69.6,91.6,110.2,24.9,7.9,3.9,40.6,19.4,Weak,2.0,Contact-First Profile,A,Excellent HR swing plane,19.4,Weak,0.914,Good,1.3,25.0,89.8,0.336,Derived proxy,Derived proxy,Derived proxy,Derived proxy,,,12.73,5.73,Strong positive regression,Weak Contact-First Profile profile. 2.7% barrel rate; 79.5 mph average exit velocity; 19.1% air-ball rate; 36.9% pull-air rate; 3.4% HR-launch rate.,0.0203,0.0234,3.87,162,60,45.3,3.58,357.7,Very long drought,683003.0,Jared Jones,R,RHB vs RHP,16,16,72.2,4.83,1.28,12,1.49,10.28,3.34,372.0,5.9,27.2,14.8,37.5,31.2,84.7,96.5,115.1,0.557,12.0,30.1,100.0,0.513,3.9,4-Seam Fastball,R,RHB vs RHP,24.4,221,0.217,0.276,0.286,0.562,2,9,67,0.009,1.4,0.405,123,0.0407,7.4,0.522,0,0,0,0/0,,,,,0,0,0,31.5,Slight Pitcher Advantage,Below average,50.0,5,Pitch-level Statcast · last 5 MLB games,410,4-Seam Fastball,47.80487804878049,196.0,Slider,33.90243902439025,139.0,Changeup,11.707317073170731,48.0,Curveball,6.585365853658536,27.0,,,,Unknown,,Unknown,,No,100.0,1.0,1.0,50.0,0.96,0.984,33.1,Current-Season Handedness Matchup,Pull Air %,Barrel %,Max Exit Velocity,24.4,37.5,30.1,8.3,50.0,45.0,33.4,3.87,0.758,1.062,0.985,0.94,0.914,0.859,1.06,8.74,4.84,80.5,27.0,F,Lineup unconfirmed,,,,,,
310,2026-09-04,823905,2026-09-05T02:10:00Z,Scheduled,UNIQLO Field at Dodger Stadium,Washington Nationals @ Los Angeles Dodgers,Home,571771,Enrique Hernández,Los Angeles Dodgers,Washington Nationals,1B,R,No,,25,52,49,11,2,0,2,7,5,3,0,17,0.224,0.269,0.388,0.657,8,16,15,3,0,0.2,0.0,17,34,31,6,1,0.194,0.0294,66,42,5.6,18.8,30.4,28.2,41.3,12.0,24.9,29.9,23.1,7.4,3.8,7.4,50.0,82.5,22.8,0.558,68.1,92.8,104.4,7.7,9.2,2.4,46.5,20.7,Weak,2.0,Contact-First Profile,A-,Elevated power plane,20.7,Weak,0.918,Good,4.8,27.3,90.9,0.568,Derived proxy,Derived proxy,Derived proxy,Derived proxy,,,3.18,1.18,Near expected,Weak Contact-First Profile profile. 5.6% barrel rate; 82.5 mph average exit velocity; 24.9% air-ball rate; 29.9% pull-air rate; 7.4% HR-launch rate.,0.0385,0.034,3.93,17,9,24.5,0.69,69.4,Recently homered,800600.0,Jackson Kent,L,RHB vs LHP,4,4,19.1,5.59,1.71,1,0.47,7.91,6.98,116.0,3.4,24.1,7.8,61.9,27.6,80.5,93.2,111.3,0.521,1.0,26.9,100.0,0.465,4.7,4-Seam Fastball,R,RHB vs LHP,45.0,34,0.212,0.235,0.424,0.66,2,1,12,0.0588,8.0,0.651,67,0.0149,3.4,0.532,0,0,0,0/0,,,,,0,0,0,39.7,Slight Pitcher Advantage,Below average,50.0,4,Pitch-level Statcast · last 5 MLB games,358,4-Seam Fastball,35.19553072625698,126.0,Changeup,21.22905027932961,76.0,Slider,17.877094972067038,64.0,Curveball,13.687150837988828,49.0,Sinker,12.011173184357542,43.0,Unknown,,Unknown,,No,100.0,1.0,1.0,50.0,0.954,0.959,35.2,Current-Season Handedness Matchup,Pull Air %,Barrel %,Max Exit Velocity,45.0,33.4,26.9,18.7,50.0,45.0,33.4,3.87,0.833,0.972,1.025,1.0,0.918,0.918,1.0,12.69,6.17,58.4,18.2,F,Small season sample; Lineup unconfirmed,,,,,,
311,2026-09-04,822852,2026-09-05T00:05:00Z,Scheduled,Globe Life Field,Tampa Bay Rays @ Texas Rangers,Away,622761,Jorge Mateo,Tampa Bay Rays,Texas Rangers,SS,R,No,,81,175,163,36,7,0,5,35,16,11,0,49,0.221,0.269,0.356,0.625,8,25,21,3,0,0.143,0.0,14,38,34,5,1,0.147,0.0263,231,46,4.9,20.8,34.0,34.3,31.7,13.9,27.9,34.1,34.1,5.7,3.3,5.7,44.6,79.6,20.8,0.532,70.9,92.0,110.1,35.0,12.0,8.2,44.6,27.8,Weak,2.0,Contact-First Profile,A-,Elevated power plane,27.8,Weak,0.938,Good,4.3,30.8,89.0,0.413,Derived proxy,Derived proxy,Derived proxy,Derived proxy,,,9.71,4.71,Strong positive regression,Weak Contact-First Profile profile. 4.9% barrel rate; 79.6 mph average exit velocity; 27.9% air-ball rate; 34.1% pull-air rate; 5.7% HR-launch rate.,0.0286,0.03,3.87,28,10,32.6,0.86,85.9,Near normal interval,592866.0,Trevor Williams,R,RHB vs RHP,9,0,18.1,3.93,1.42,3,1.47,11.29,3.44,114.0,3.5,16.7,10.5,34.8,34.2,79.5,91.9,109.6,0.501,3.0,31.5,100.0,0.539,3.3,4-Seam Fastball,R,RHB vs RHP,42.1,102,0.234,0.284,0.383,0.667,3,7,28,0.0294,5.9,0.608,40,0.05,3.7,0.632,0,0,0,0/0,,,,,0,0,0,40.0,Slight Pitcher Advantage,Below average,50.0,5,Pitch-level Statcast · last 5 MLB games,240,4-Seam Fastball,39.166666666666664,94.0,Sweeper,23.75,57.0,Sinker,19.166666666666668,46.0,Changeup,9.583333333333334,23.0,Slider,8.333333333333334,20.0,Unknown,,Unknown,,No,104.0,1.04,1.0,57.2,0.963,0.96,40.6,Current-Season Handedness Matchup,Pull Air %,Barrel %,Max Exit Velocity,42.1,21.1,31.5,17.4,57.2,45.0,33.4,3.87,0.835,1.015,0.985,0.975,0.938,0.914,1.0,11.11,5.84,67.5,19.3,F,Lineup unconfirmed,,,,,,
312,2026-09-04,824387,2026-09-04T23:15:00Z,Scheduled,Progressive Field,Detroit Tigers @ Cleveland Guardians,Away,703601,Max Clark,Detroit Tigers,Cleveland Guardians,CF,L,No,,30,118,105,27,7,3,2,14,14,9,2,25,0.257,0.328,0.438,0.766,11,39,32,8,1,0.25,0.0256,25,94,86,20,1,0.233,0.0106,171,136,1.3,22.4,39.9,22.8,37.4,12.4,27.9,35.6,32.0,5.0,2.3,5.0,82.5,80.4,17.2,0.47,71.2,92.4,105.0,25.2,10.8,3.9,39.0,20.3,Weak,2.0,Contact-First Profile,A,Excellent HR swing plane,20.3,Weak,0.917,Good,1.5,38.5,92.6,0.449,Derived proxy,Derived proxy,Derived proxy,Derived proxy,,,3.5,1.5,Near expected,Weak Contact-First Profile profile. 1.3% barrel rate; 80.4 mph average exit velocity; 27.9% air-ball rate; 35.6% pull-air rate; 5.0% HR-launch rate.,0.0169,0.0245,4.05,20,7,52.5,0.38,38.1,Recently homered,656492.0,Foster Griffin,L,LHB vs LHP,27,27,154.1,3.21,1.12,23,1.34,8.11,2.27,855.0,5.4,23.0,13.9,39.5,33.9,81.5,94.4,119.0,0.551,23.0,23.2,99.9,0.482,0.0,Cutter,L,LHB vs LHP,41.3,42,0.343,0.425,0.657,1.082,1,4,7,0.0238,1.6,0.529,169,0.0414,5.9,0.584,2,2,1,1/2,0.5,0.5,0.5,1.0,0,0,0,36.9,Slight Pitcher Advantage,Below average,50.9,5,Pitch-level Statcast · last 5 MLB games,459,Cutter,30.065359477124183,138.0,4-Seam Fastball,18.30065359477124,84.0,Changeup,15.250544662309368,70.0,Sweeper,14.596949891067538,67.0,Sinker,9.368191721132897,43.0,Unknown,,Unknown,,No,100.0,1.0,1.0,50.0,0.946,0.979,34.4,Current-Season Handedness Matchup,Pull Air %,Barrel %,Max Exit Velocity,41.3,34.1,23.2,26.5,50.0,45.0,33.3,3.86,0.911,1.038,0.985,1.0,0.917,0.917,1.0,9.57,5.56,67.9,20.1,F,Lineup unconfirmed,Split-Finger,6.5359477124183005,30.0,Curveball,5.882352941176471,27.0
313,2026-09-04,824387,2026-09-04T23:15:00Z,Scheduled,Progressive Field,Detroit Tigers @ Cleveland Guardians,Away,595879,Javier Báez,Detroit Tigers,Cleveland Guardians,SS,R,No,,48,170,162,41,11,1,2,24,17,5,2,32,0.253,0.282,0.37,0.652,8,22,21,5,0,0.238,0.0,19,65,62,13,0,0.21,0.0,217,78,2.1,25.7,40.3,37.5,21.7,10.8,22.3,40.2,23.7,4.5,1.3,4.5,32.5,80.3,9.0,0.376,72.6,93.6,107.8,33.5,10.0,10.4,51.4,23.9,Weak,2.0,Contact-First Profile,C,Low line-drive plane,23.9,Weak,0.927,Good,2.6,40.0,95.3,0.34,Derived proxy,Derived proxy,Derived proxy,Derived proxy,,,5.59,3.59,Positive regression,Weak Contact-First Profile profile. 2.1% barrel rate; 80.3 mph average exit velocity; 22.3% air-ball rate; 40.2% pull-air rate; 4.5% HR-launch rate.,0.0118,0.0201,3.99,90,27,81.0,1.11,111.1,Near normal interval,656492.0,Foster Griffin,L,RHB vs LHP,27,27,154.1,3.21,1.12,23,1.34,8.11,2.27,855.0,5.4,23.0,13.9,39.5,33.9,81.5,94.4,119.0,0.551,23.0,16.2,99.9,0.412,1.4,Cutter,R,RHB vs LHP,35.8,49,0.255,0.286,0.426,0.711,1,2,7,0.0204,3.3,0.453,461,0.0347,5.2,0.54,2,2,0,0/2,0.0,0.0,0.0,0.0,0,0,1,30.8,Slight Pitcher Advantage,Below average,45.0,5,Pitch-level Statcast · last 5 MLB games,459,Cutter,30.065359477124183,138.0,4-Seam Fastball,18.30065359477124,84.0,Changeup,15.250544662309368,70.0,Sweeper,14.596949891067538,67.0,Sinker,9.368191721132897,43.0,Unknown,,Unknown,,No,100.0,1.0,1.0,50.0,0.932,0.979,35.7,Current-Season Handedness Matchup,Pull Air %,Barrel %,Max Exit Velocity,35.8,34.1,16.2,34.5,50.0,45.0,33.2,3.86,0.758,1.038,1.025,1.0,0.927,0.927,1.0,7.8,4.54,69.3,18.6,F,Lineup unconfirmed,Split-Finger,6.5359477124183005,30.0,Curveball,5.882352941176471,27.0
314,2026-09-04,823093,2026-09-05T02:10:00Z,Scheduled,T-Mobile Park,Athletics @ Seattle Mariners,Away,666126,Carlos Cortes,Athletics,Seattle Mariners,RF,L,No,,106,328,293,76,15,1,8,27,38,28,4,54,0.259,0.329,0.399,0.728,10,33,32,8,1,0.25,0.0303,21,66,62,16,1,0.258,0.0152,448,90,3.4,19.7,41.8,25.9,31.8,10.0,25.0,33.0,31.0,4.4,3.0,4.4,46.4,81.5,18.8,0.425,68.7,92.7,108.6,12.3,10.1,3.8,41.0,19.5,Weak,2.0,Contact-First Profile,A,Excellent HR swing plane,19.5,Weak,0.915,Good,2.2,31.8,90.0,0.363,Derived proxy,Derived proxy,Derived proxy,Derived proxy,,,14.17,6.17,Strong positive regression,Weak Contact-First Profile profile. 3.4% barrel rate; 81.5 mph average exit velocity; 25.0% air-ball rate; 33.0% pull-air rate; 4.4% HR-launch rate.,0.0244,0.0264,4.05,18,6,36.6,0.49,49.1,Recently homered,669302.0,Logan Gilbert,R,LHB vs RHP,27,27,160.1,3.42,1.04,22,1.23,9.32,2.25,844.0,5.2,23.2,14.5,46.0,31.6,82.5,94.6,115.2,0.543,22.0,32.0,99.8,0.517,4.6,4-Seam Fastball,L,LHB vs RHP,28.5,309,0.251,0.324,0.393,0.716,8,28,50,0.0259,4.2,0.468,362,0.0304,4.1,0.54,6,5,3,3/5,0.6,0.667,0.6,1.267,0,1,1,35.5,Slight Pitcher Advantage,Below average,57.5,5,Pitch-level Statcast · last 5 MLB games,479,4-Seam Fastball,43.42379958246347,208.0,Slider,23.799582463465555,114.0,Split-Finger,16.701461377870565,80.0,Changeup,9.394572025052192,45.0,Sweeper,4.592901878914405,22.0,Unknown,,Unknown,,No,92.0,0.92,1.0,35.6,0.964,0.977,32.6,Current-Season Handedness Matchup,Pull Air %,Barrel %,Max Exit Velocity,28.5,37.8,32.0,15.6,35.6,45.0,33.0,3.85,0.955,1.021,1.025,1.0,0.915,0.915,1.0,10.28,5.82,80.7,21.8,F,Lineup unconfirmed,Cutter,1.8789144050104385,9.0,Sinker,0.20876826722338204,1.0
315,2026-09-04,824146,2026-09-05T00:10:00Z,Scheduled,Daikin Park,Arizona Diamondbacks @ Houston Astros,Away,672695,Geraldo Perdomo,Arizona Diamondbacks,Houston Astros,SS,S,No,,136,587,490,124,18,6,9,64,47,81,4,73,0.253,0.36,0.369,0.729,12,49,43,13,0,0.302,0.0,25,106,93,27,0,0.29,0.0,798,171,1.4,20.5,46.8,28.0,24.9,11.4,27.5,42.8,33.5,3.2,2.6,3.2,39.0,81.6,18.1,0.425,63.8,92.9,109.0,1.5,10.2,0.6,44.2,20.5,Weak,2.0,Pull Power,A,Excellent HR swing plane,20.5,Weak,0.917,Good,0.6,45.5,92.6,0.453,Derived proxy,Derived proxy,Derived proxy,Derived proxy,,,16.9,7.9,Strong positive regression,Weak Pull Power profile. 1.4% barrel rate; 81.6 mph average exit velocity; 27.5% air-ball rate; 42.8% pull-air rate; 3.2% HR-launch rate.,0.0153,0.0182,4.05,108,29,54.4,1.98,198.4,Above normal drought,664299.0,Cristian Javier,R,Switch vs RHP,13,8,44.2,6.45,1.63,8,1.61,8.46,3.83,281.0,4.3,20.3,20.3,46.8,32.4,82.3,93.7,110.8,0.58,8.0,15.4,99.8,0.404,1.9,4-Seam Fastball,L,LHB vs RHP,21.0,407,0.249,0.362,0.38,0.742,8,58,52,0.0197,2.4,0.432,92,0.0217,3.2,0.468,1,0,0,0/0,0.0,1.0,0.0,1.0,0,0,0,25.0,Strong Pitcher Advantage,Below average,50.4,5,Pitch-level Statcast · last 5 MLB games,426,4-Seam Fastball,48.35680751173709,206.0,Sweeper,27.934272300469484,119.0,Changeup,15.492957746478874,66.0,Cutter,7.042253521126761,30.0,Knuckle Curve,0.9389671361502347,4.0,Unknown,,Unknown,,No,100.0,1.0,1.0,50.0,0.931,0.968,35.2,Current-Season Handedness Matchup,Pull Air %,Barrel %,Max Exit Velocity,21.0,35.0,15.4,33.1,50.0,45.0,33.0,3.85,0.758,1.052,1.035,1.0,0.917,0.917,1.035,7.15,4.41,85.0,25.8,F,Lineup unconfirmed,Pitch Out,0.2347417840375587,1.0,,,
316,2026-09-04,823338,2026-09-04T22:45:00Z,Scheduled,PNC Park,Los Angeles Angels @ Pittsburgh Pirates,Away,685133,Wade Meckler,Los Angeles Angels,Pittsburgh Pirates,LF,L,No,,76,255,226,67,11,0,3,33,23,25,2,53,0.296,0.372,0.385,0.757,6,26,21,8,0,0.381,0.0,20,85,73,20,0,0.274,0.0,293,104,1.1,21.6,46.0,33.0,20.9,10.1,24.6,40.5,28.3,4.1,2.3,4.1,60.0,81.6,10.2,0.443,66.1,92.7,104.4,2.1,8.2,0.9,44.5,17.9,Weak,1.5,Contact-First Profile,A,Excellent HR swing plane,17.9,Weak,0.91,Good,0.0,38.1,93.0,0.399,Derived proxy,Derived proxy,Derived proxy,Derived proxy,,,5.8,2.8,Positive regression,Weak Contact-First Profile profile. 1.1% barrel rate; 81.6 mph average exit velocity; 24.6% air-ball rate; 40.5% pull-air rate; 4.1% HR-launch rate.,0.0118,0.0182,4.05,77,22,75.3,1.02,102.2,Near normal interval,683003.0,Jared Jones,R,LHB vs RHP,16,16,72.2,4.83,1.28,12,1.49,10.28,3.34,372.0,5.9,27.2,14.8,37.5,31.2,84.7,96.5,115.1,0.557,12.0,21.6,100.0,0.466,2.0,4-Seam Fastball,L,LHB vs RHP,27.0,220,0.313,0.388,0.41,0.798,3,23,45,0.0136,2.0,0.489,190,0.0368,4.9,0.585,0,0,0,0/0,,,,,0,0,0,29.7,Strong Pitcher Advantage,Below average,50.0,5,Pitch-level Statcast · last 5 MLB games,410,4-Seam Fastball,47.80487804878049,196.0,Slider,33.90243902439025,139.0,Changeup,11.707317073170731,48.0,Curveball,6.585365853658536,27.0,,,,Unknown,,Unknown,,No,100.0,1.0,1.0,50.0,0.943,0.984,32.0,Current-Season Handedness Matchup,Pull Air %,Barrel %,Max Exit Velocity,27.0,37.5,21.6,27.0,50.0,45.0,33.0,3.85,0.758,1.062,1.025,1.0,0.91,0.91,1.0,7.18,4.39,77.0,20.7,F,Lineup unconfirmed,,,,,,
317,2026-09-04,822852,2026-09-05T00:05:00Z,Scheduled,Globe Life Field,Tampa Bay Rays @ Texas Rangers,Home,694497,Evan Carter,Texas Rangers,Tampa Bay Rays,CF,L,No,,121,396,340,66,13,3,8,45,34,43,4,95,0.194,0.291,0.321,0.612,11,28,26,4,0,0.154,0.0,25,71,68,12,0,0.176,0.0,448,87,3.1,21.2,43.2,31.1,25.7,18.0,29.5,42.9,27.8,6.5,3.7,6.5,32.5,79.8,18.7,0.406,67.4,93.1,107.4,18.6,9.9,4.3,44.0,23.6,Weak,2.0,Pull Power,A,Excellent HR swing plane,23.6,Weak,0.926,Good,2.3,42.9,92.7,0.343,Derived proxy,Derived proxy,Derived proxy,Derived proxy,,,15.42,7.42,Strong positive regression,Weak Pull Power profile. 3.1% barrel rate; 79.8 mph average exit velocity; 29.5% air-ball rate; 42.9% pull-air rate; 6.5% HR-launch rate.,0.0202,0.0229,3.87,112,41,42.5,2.64,263.5,Very long drought,607259.0,Nick Martinez,R,LHB vs RHP,26,26,153.2,2.99,1.1,18,1.05,5.33,1.29,848.0,4.7,23.3,17.3,45.8,32.9,82.0,94.6,113.3,0.508,18.0,11.0,99.9,0.36,1.9,Sinker,L,LHB vs RHP,28.4,325,0.204,0.307,0.351,0.659,8,38,72,0.0246,4.2,0.472,369,0.0325,5.1,0.492,0,0,0,0/0,,,,,0,0,0,26.6,Strong Pitcher Advantage,Below average,50.0,5,Pitch-level Statcast · last 5 MLB games,425,Sinker,30.352941176470587,129.0,Changeup,26.352941176470587,112.0,Cutter,21.647058823529413,92.0,4-Seam Fastball,15.294117647058824,65.0,Slider,5.647058823529412,24.0,Unknown,,Unknown,,No,104.0,1.04,1.0,57.2,0.922,0.972,36.3,Current-Season Handedness Matchup,Pull Air %,Barrel %,Max Exit Velocity,28.4,34.5,11.0,31.4,57.2,45.0,33.0,3.85,0.758,0.992,1.025,0.94,0.926,0.871,1.06,8.59,4.71,82.7,27.1,F,Lineup unconfirmed,Curveball,0.7058823529411765,3.0,,,
318,2026-09-04,823579,2026-09-04T23:10:00Z,Scheduled,Citi Field,San Francisco Giants @ New York Mets,Home,805999,A.J. Ewing,New York Mets,San Francisco Giants,CF,L,No,,99,409,363,86,17,1,7,43,28,37,2,108,0.237,0.309,0.347,0.656,11,47,44,8,0,0.182,0.0,25,107,94,15,0,0.16,0.0,519,132,3.2,20.8,37.0,31.0,32.0,12.3,26.6,29.5,33.1,4.8,2.0,4.8,23.9,81.3,18.1,0.523,67.6,92.7,109.2,12.8,10.5,2.3,37.1,18.5,Weak,1.5,Contact-First Profile,A,Excellent HR swing plane,18.5,Weak,0.912,Good,2.3,21.1,91.9,0.478,Derived proxy,Derived proxy,Derived proxy,Derived proxy,,,15.59,8.59,Strong positive regression,Weak Contact-First Profile profile. 3.2% barrel rate; 81.3 mph average exit velocity; 26.6% air-ball rate; 29.5% pull-air rate; 4.8% HR-launch rate.,0.0171,0.0205,3.99,184,46,51.9,3.55,354.8,Very long drought,683363.0,Matt Wilkinson,L,LHB vs LHP,3,3,11.2,4.63,1.11,1,0.77,4.63,1.54,69.0,2.9,30.4,17.4,45.5,27.5,84.2,95.7,108.2,0.491,1.0,31.6,100.0,0.537,3.5,4-Seam Fastball,L,LHB vs LHP,36.8,111,0.258,0.336,0.392,0.728,2,11,30,0.018,5.6,0.594,9,0.0,0.0,0.251,0,0,0,0/0,,,,,0,0,0,37.6,Slight Pitcher Advantage,Below average,50.0,3,Pitch-level Statcast · last 5 MLB games,181,4-Seam Fastball,54.69613259668508,99.0,Changeup,24.30939226519337,44.0,Slider,15.469613259668508,28.0,Cutter,5.524861878453039,10.0,,,,Unknown,,Unknown,,No,100.0,1.0,1.0,50.0,0.963,0.954,34.7,Current-Season Handedness Matchup,Pull Air %,Barrel %,Max Exit Velocity,36.8,32.2,31.6,9.4,50.0,45.0,32.9,3.85,0.758,0.992,0.985,0.965,0.912,0.88,1.06,7.93,4.41,85.0,27.0,F,Lineup unconfirmed,,,,,,
319,2026-09-04,823256,2026-09-05T01:40:00Z,Scheduled,Petco Park,New York Yankees @ San Diego Padres,Away,676609,José Caballero,New York Yankees,San Diego Padres,SS,R,No,,119,414,377,89,12,0,13,44,47,23,7,101,0.236,0.29,0.371,0.661,12,45,44,10,1,0.227,0.0222,21,66,59,11,1,0.186,0.0152,549,77,2.4,15.5,48.3,32.0,19.5,11.5,23.3,59.2,32.0,4.2,3.0,4.2,82.5,78.1,20.9,0.474,64.3,89.4,107.2,6.1,9.4,1.3,50.1,23.4,Weak,2.0,Pull Power,A-,Elevated power plane,23.4,Weak,0.926,Good,2.6,70.0,89.0,0.487,Derived proxy,Derived proxy,Derived proxy,Derived proxy,,,17.39,4.39,Strong positive regression,Weak Pull Power profile. 2.4% barrel rate; 78.1 mph average exit velocity; 23.3% air-ball rate; 59.2% pull-air rate; 4.2% HR-launch rate.,0.0314,0.0315,4.05,12,3,29.0,0.41,41.4,Recently homered,621111.0,Walker Buehler,R,RHB vs RHP,27,27,131.1,4.66,1.36,17,1.16,7.61,3.36,747.0,4.6,23.2,12.0,40.8,27.6,83.0,94.6,111.9,0.507,17.0,15.3,99.6,0.398,2.2,Cutter,R,RHB vs RHP,30.0,273,0.237,0.296,0.38,0.676,9,16,55,0.033,2.5,0.448,248,0.0403,5.0,0.512,2,2,0,0/2,0.0,0.0,0.0,0.0,0,0,0,27.9,Strong Pitcher Advantage,Below average,45.0,5,Pitch-level Statcast · last 5 MLB games,415,Cutter,27.951807228915662,116.0,Sinker,25.542168674698797,106.0,4-Seam Fastball,17.59036144578313,73.0,Slider,11.08433734939759,46.0,Changeup,8.674698795180722,36.0,Unknown,,Unknown,,No,94.0,0.94,1.0,39.2,0.931,0.971,40.3,Current-Season Handedness Matchup,Pull Air %,Barrel %,Max Exit Velocity,30.0,30.6,15.3,33.3,39.2,45.0,32.9,3.85,0.842,1.01,0.985,1.0,0.926,0.926,1.0,12.17,5.78,82.3,20.9,F,Lineup unconfirmed,Sweeper,4.819277108433735,20.0,Knuckle Curve,4.337349397590361,18.0
320,2026-09-04,824311,2026-09-05T00:40:00Z,Scheduled,Coors Field,St. Louis Cardinals @ Colorado Rockies,Home,687859,Troy Johnston,Colorado Rockies,St. Louis Cardinals,RF,L,No,,116,404,356,102,28,1,4,37,47,35,7,70,0.287,0.357,0.404,0.761,10,29,24,9,1,0.375,0.0345,15,46,39,13,1,0.333,0.0217,542,58,3.2,23.3,48.6,22.1,28.7,15.3,30.0,38.0,32.8,6.1,3.0,6.1,33.3,82.1,18.2,0.521,68.4,93.6,106.4,4.0,11.7,1.3,38.9,22.2,Weak,2.0,Contact-First Profile,A,Excellent HR swing plane,22.2,Weak,0.922,Good,5.2,35.3,93.5,0.597,Derived proxy,Derived proxy,Derived proxy,Derived proxy,,,18.56,14.56,Strong positive regression,Weak Contact-First Profile profile. 3.2% barrel rate; 82.1 mph average exit velocity; 30.0% air-ball rate; 38.0% pull-air rate; 6.1% HR-launch rate.,0.0099,0.015,3.99,12,6,89.0,0.13,13.5,Very recent HR,669467.0,Andre Pallante,R,LHB vs RHP,24,24,136.0,3.57,1.24,10,0.66,6.42,2.71,716.0,3.4,22.8,10.3,39.4,29.5,82.4,94.6,117.8,0.462,10.0,19.6,100.0,0.446,1.8,4-Seam Fastball,L,LHB vs RHP,18.8,309,0.311,0.388,0.433,0.822,2,30,55,0.0065,1.9,0.508,305,0.0197,4.2,0.479,3,2,2,2/2,1.0,1.0,1.0,2.0,0,1,0,26.0,Strong Pitcher Advantage,Below average,53.8,5,Pitch-level Statcast · last 5 MLB games,468,4-Seam Fastball,35.68376068376068,167.0,Slider,28.418803418803417,133.0,Knuckle Curve,17.521367521367523,82.0,Sinker,15.598290598290598,73.0,Split-Finger,2.7777777777777777,13.0,Unknown,,Unknown,,No,118.0,1.18,1.0,82.4,0.939,0.959,32.8,Current-Season Handedness Matchup,Pull Air %,Barrel %,Max Exit Velocity,18.8,26.0,19.6,32.3,82.4,45.0,32.9,3.85,1.346,0.93,1.025,1.0,0.922,0.922,0.98,5.84,5.33,80.7,21.5,F,Lineup unconfirmed,,,,,,
321,2026-09-04,824471,2026-09-04T22:10:00Z,Scheduled,Great American Ball Park,Milwaukee Brewers @ Cincinnati Reds,Away,806198,Cooper Pratt,Milwaukee Brewers,Cincinnati Reds,SS,R,No,,55,196,167,46,5,1,3,26,24,19,2,38,0.275,0.344,0.371,0.715,9,30,24,9,1,0.375,0.0333,14,48,41,10,1,0.244,0.0208,259,78,1.7,15.5,32.2,32.7,32.7,15.1,28.4,34.9,34.7,4.8,2.2,4.8,74.0,80.1,15.9,0.47,67.0,91.5,106.1,10.1,8.5,2.2,36.9,17.3,Weak,1.5,Contact-First Profile,A,Excellent HR swing plane,17.3,Weak,0.908,Good,1.3,31.8,90.9,0.461,Derived proxy,Derived proxy,Derived proxy,Derived proxy,,,5.86,2.86,Positive regression,Weak Contact-First Profile profile. 1.7% barrel rate; 80.1 mph average exit velocity; 28.4% air-ball rate; 34.9% pull-air rate; 4.8% HR-launch rate.,0.0153,0.0216,4.05,8,2,55.7,0.14,14.4,Very recent HR,695076.0,Rhett Lowder,R,RHB vs RHP,24,21,112.0,5.14,1.46,16,1.29,7.07,3.46,617.0,5.8,25.1,16.7,40.2,32.1,84.1,95.6,116.0,0.572,16.0,20.5,99.7,0.455,1.7,Sinker,R,RHB vs RHP,20.3,144,0.312,0.375,0.416,0.791,2,14,25,0.0139,2.0,0.483,192,0.0208,4.2,0.485,3,3,0,0/3,0.0,0.0,0.0,0.0,0,0,0,24.8,Strong Pitcher Advantage,Below average,42.5,5,Pitch-level Statcast · last 5 MLB games,476,Sinker,26.680672268907564,127.0,Slider,24.57983193277311,117.0,Changeup,22.478991596638654,107.0,4-Seam Fastball,18.69747899159664,89.0,Curveball,7.563025210084033,36.0,Unknown,,Unknown,,No,112.0,1.12,1.0,71.6,0.941,0.983,28.8,Current-Season Handedness Matchup,Pull Air %,Barrel %,Max Exit Velocity,20.3,38.5,20.5,17.0,71.6,45.0,32.8,3.84,1.112,1.03,0.985,1.0,0.908,0.908,0.98,8.48,6.08,69.8,20.5,F,Lineup unconfirmed,,,,,,
322,2026-09-04,823905,2026-09-05T02:10:00Z,Scheduled,UNIQLO Field at Dodger Stadium,Washington Nationals @ Los Angeles Dodgers,Home,500743,Miguel Rojas,Los Angeles Dodgers,Washington Nationals,2B,R,No,,90,212,188,52,14,0,3,20,20,13,2,22,0.277,0.319,0.399,0.718,8,15,14,4,0,0.286,0.0,17,33,29,7,0,0.241,0.0,284,44,2.5,26.8,28.7,37.0,34.3,14.5,30.2,32.1,30.4,3.4,2.3,3.4,27.3,81.7,19.1,0.427,66.3,94.8,108.5,3.8,12.4,0.4,36.4,16.7,Weak,1.5,Contact-First Profile,A,Excellent HR swing plane,16.7,Weak,0.907,Good,0.0,26.7,93.6,0.389,Derived proxy,Derived proxy,Derived proxy,Derived proxy,,,7.23,4.23,Strong positive regression,Weak Contact-First Profile profile. 2.5% barrel rate; 81.7 mph average exit velocity; 30.2% air-ball rate; 32.1% pull-air rate; 3.4% HR-launch rate.,0.0142,0.0206,3.99,66,32,62.7,1.05,105.3,Near normal interval,800600.0,Jackson Kent,L,RHB vs LHP,4,4,19.1,5.59,1.71,1,0.47,7.91,6.98,116.0,3.4,24.1,7.8,61.9,27.6,80.5,93.2,111.3,0.521,1.0,29.9,100.0,0.506,4.1,4-Seam Fastball,R,RHB vs LHP,28.2,135,0.32,0.363,0.492,0.855,3,9,15,0.0222,4.7,0.468,67,0.0149,3.4,0.532,0,0,0,0/0,,,,,0,0,0,33.1,Slight Pitcher Advantage,Below average,50.0,4,Pitch-level Statcast · last 5 MLB games,358,4-Seam Fastball,35.19553072625698,126.0,Changeup,21.22905027932961,76.0,Slider,17.877094972067038,64.0,Curveball,13.687150837988828,49.0,Sinker,12.011173184357542,43.0,Unknown,,Unknown,,No,100.0,1.0,1.0,50.0,0.96,0.959,32.3,Current-Season Handedness Matchup,Pull Air %,Barrel %,Max Exit Velocity,28.2,33.4,29.9,17.5,50.0,45.0,32.7,3.84,0.762,0.972,1.025,1.0,0.907,0.907,1.0,7.97,4.41,69.8,19.2,F,Lineup unconfirmed,,,,,,
323,2026-09-04,824387,2026-09-04T23:15:00Z,Scheduled,Progressive Field,Detroit Tigers @ Cleveland Guardians,Home,690984,Petey Halpin,Cleveland Guardians,Detroit Tigers,CF,L,No,,66,160,147,32,4,1,3,22,9,6,2,31,0.218,0.256,0.32,0.576,10,16,13,3,0,0.231,0.0,19,41,37,9,1,0.243,0.0244,226,54,2.7,15.0,35.8,40.6,23.6,17.6,29.6,37.4,36.2,6.3,4.0,6.3,62.9,78.3,20.2,0.493,66.5,90.4,105.9,3.6,8.3,0.8,45.3,20.3,Weak,2.0,Contact-First Profile,A-,Elevated power plane,20.3,Weak,0.917,Good,1.9,37.5,90.2,0.526,Derived proxy,Derived proxy,Derived proxy,Derived proxy,,,6.86,3.86,Positive regression,Weak Contact-First Profile profile. 2.7% barrel rate; 78.3 mph average exit velocity; 29.6% air-ball rate; 37.4% pull-air rate; 6.3% HR-launch rate.,0.0188,0.0244,3.81,13,10,49.0,0.27,26.5,Very recent HR,808825.0,Andrew Sears,L,LHB vs LHP,2,0,6.2,6.75,1.35,1,1.35,5.4,1.35,40.0,5.0,17.5,20.0,35.7,37.5,84.6,94.2,107.5,0.523,1.0,26.8,100.0,0.496,3.1,4-Seam Fastball,L,LHB vs LHP,40.3,33,0.034,0.094,0.034,0.128,0,2,9,0.0,0.0,0.249,11,0.0909,11.1,0.695,0,0,0,0/0,,,,,0,0,0,37.5,Slight Pitcher Advantage,Below average,50.0,2,Pitch-level Statcast · last 5 MLB games,116,4-Seam Fastball,45.689655172413794,53.0,Slider,34.48275862068966,40.0,Changeup,11.206896551724139,13.0,Sinker,8.620689655172415,10.0,,,,Unknown,,Unknown,,No,100.0,1.0,1.0,50.0,0.954,0.975,36.0,Current-Season Handedness Matchup,Pull Air %,Barrel %,Max Exit Velocity,40.3,28.9,26.8,20.8,50.0,45.0,32.6,3.84,0.857,1.004,0.985,0.94,0.917,0.862,0.98,8.99,4.83,66.7,17.1,F,Lineup unconfirmed,,,,,,
324,2026-09-04,823256,2026-09-05T01:40:00Z,Scheduled,Petco Park,New York Yankees @ San Diego Padres,Away,806146,George Lombard Jr.,New York Yankees,San Diego Padres,SS,R,No,,23,87,79,20,1,1,2,12,6,7,0,24,0.253,0.31,0.367,0.677,8,29,27,5,0,0.185,0.0,21,80,73,18,1,0.247,0.0125,105,97,3.6,22.8,31.0,36.0,31.2,11.4,24.8,30.2,30.0,9.4,5.5,9.4,44.2,80.5,10.7,0.503,69.5,92.9,108.0,16.5,12.4,3.9,47.1,23.7,Weak,2.0,Contact-First Profile,A,Excellent HR swing plane,23.7,Weak,0.926,Good,3.1,29.2,92.9,0.491,Derived proxy,Derived proxy,Derived proxy,Derived proxy,,,3.91,1.91,Near expected,Weak Contact-First Profile profile. 3.6% barrel rate; 80.5 mph average exit velocity; 24.8% air-ball rate; 30.2% pull-air rate; 9.4% HR-launch rate.,0.023,0.0282,4.05,66,19,39.5,1.67,167.1,Above normal drought,621111.0,Walker Buehler,R,RHB vs RHP,27,27,131.1,4.66,1.36,17,1.16,7.61,3.36,747.0,4.6,23.2,12.0,40.8,27.6,83.0,94.6,111.9,0.507,17.0,35.5,99.6,0.526,5.9,Cutter,R,RHB vs RHP,33.1,72,0.242,0.292,0.348,0.64,2,5,18,0.0278,3.5,0.457,248,0.0403,5.0,0.512,0,0,0,0/0,,,,,0,0,0,37.3,Slight Pitcher Advantage,Below average,50.0,5,Pitch-level Statcast · last 5 MLB games,415,Cutter,27.951807228915662,116.0,Sinker,25.542168674698797,106.0,4-Seam Fastball,17.59036144578313,73.0,Slider,11.08433734939759,46.0,Changeup,8.674698795180722,36.0,Unknown,,Unknown,,No,94.0,0.94,1.0,39.2,0.971,0.971,33.0,Current-Season Handedness Matchup,Pull Air %,Barrel %,Max Exit Velocity,33.1,30.6,35.5,20.8,39.2,45.0,32.5,3.84,0.758,1.01,0.985,1.0,0.926,0.926,1.035,10.94,5.31,64.6,22.2,F,Lineup unconfirmed,Sweeper,4.819277108433735,20.0,Knuckle Curve,4.337349397590361,18.0
325,2026-09-04,823093,2026-09-05T02:10:00Z,Scheduled,T-Mobile Park,Athletics @ Seattle Mariners,Away,622268,Donovan Walton,Athletics,Seattle Mariners,2B,L,No,,71,200,169,47,12,1,5,31,21,22,7,32,0.278,0.384,0.45,0.834,9,28,21,5,2,0.238,0.0714,22,62,48,13,2,0.271,0.0323,273,80,3.5,22.1,49.1,29.7,21.1,12.9,27.0,41.2,33.2,6.9,5.1,6.9,40.6,80.9,14.2,0.456,65.8,93.3,105.2,1.4,13.3,0.9,48.6,24.2,Weak,2.0,Contact-First Profile,A,Excellent HR swing plane,24.2,Weak,0.928,Good,3.8,36.4,93.4,0.452,Derived proxy,Derived proxy,Derived proxy,Derived proxy,,,9.95,4.95,Strong positive regression,Weak Contact-First Profile profile. 3.5% barrel rate; 80.9 mph average exit velocity; 27.0% air-ball rate; 41.2% pull-air rate; 6.9% HR-launch rate.,0.025,0.0276,4.23,0,0,33.8,0.0,0.0,Very recent HR,669302.0,Logan Gilbert,R,LHB vs RHP,27,27,160.1,3.42,1.04,22,1.23,9.32,2.25,844.0,5.2,23.2,14.5,46.0,31.6,82.5,94.6,115.2,0.543,22.0,16.9,99.8,0.417,2.1,4-Seam Fastball,L,LHB vs RHP,25.3,181,0.288,0.398,0.438,0.836,3,21,30,0.0166,3.2,0.476,362,0.0304,4.1,0.54,0,0,0,0/0,,,,,0,0,0,27.3,Strong Pitcher Advantage,Below average,50.0,5,Pitch-level Statcast · last 5 MLB games,479,4-Seam Fastball,43.42379958246347,208.0,Slider,23.799582463465555,114.0,Split-Finger,16.701461377870565,80.0,Changeup,9.394572025052192,45.0,Sweeper,4.592901878914405,22.0,Unknown,,Unknown,,No,92.0,0.92,1.0,35.6,0.934,0.977,34.8,Current-Season Handedness Matchup,Pull Air %,Barrel %,Max Exit Velocity,25.3,37.8,16.9,30.1,35.6,45.0,32.5,3.83,1.294,1.021,1.025,1.0,0.928,0.928,0.98,11.17,7.3,71.2,24.4,F,Lineup unconfirmed,Cutter,1.8789144050104385,9.0,Sinker,0.20876826722338204,1.0
326,2026-09-04,823338,2026-09-04T22:45:00Z,Scheduled,PNC Park,Los Angeles Angels @ Pittsburgh Pirates,Home,693304,Nick Gonzales,Pittsburgh Pirates,Los Angeles Angels,3B,R,No,,131,545,494,153,23,1,6,67,59,39,11,89,0.31,0.372,0.397,0.769,10,46,38,11,0,0.289,0.0,21,91,76,25,0,0.329,0.0,755,119,1.4,18.3,34.7,34.4,30.6,10.5,24.8,33.8,33.0,3.1,1.3,3.1,30.0,81.0,13.2,0.459,68.7,92.2,108.2,11.1,9.1,2.4,44.8,17.4,Weak,1.5,Contact-First Profile,A,Excellent HR swing plane,17.4,Weak,0.909,Good,0.8,35.5,90.9,0.44,Derived proxy,Derived proxy,Derived proxy,Derived proxy,,,14.28,8.28,Strong positive regression,Weak Contact-First Profile profile. 1.4% barrel rate; 81.0 mph average exit velocity; 24.8% air-ball rate; 33.8% pull-air rate; 3.1% HR-launch rate.,0.011,0.0148,3.99,134,35,82.3,1.63,162.8,Above normal drought,696270.0,Ryan Johnson,R,RHB vs RHP,17,14,72.1,5.47,1.42,16,1.99,6.47,4.48,421.0,6.2,24.2,19.0,39.8,29.9,82.4,94.8,113.6,0.572,16.0,17.0,100.0,0.42,0.8,Cutter,R,RHB vs RHP,32.9,371,0.332,0.394,0.436,0.83,5,25,61,0.0135,2.2,0.504,132,0.053,6.1,0.617,0,0,0,0/0,,,,,0,0,0,30.7,Slight Pitcher Advantage,Below average,50.0,5,Pitch-level Statcast · last 5 MLB games,423,Cutter,48.463356973995275,205.0,Sweeper,25.53191489361702,108.0,Split-Finger,15.130023640661939,64.0,Sinker,10.874704491725769,46.0,,,,Unknown,,Unknown,,No,100.0,1.0,1.0,50.0,0.934,0.987,33.2,Current-Season Handedness Matchup,Pull Air %,Barrel %,Max Exit Velocity,32.9,38.6,17.0,20.4,50.0,45.0,32.5,3.83,0.758,1.142,0.985,1.0,0.909,0.909,1.035,5.77,4.04,84.3,24.1,F,Lineup unconfirmed,,,,,,
327,2026-09-04,824424,2026-09-04T18:10:00Z,Scheduled,Progressive Field,Detroit Tigers @ Cleveland Guardians,Home,690984,Petey Halpin,Cleveland Guardians,Detroit Tigers,CF,L,No,,66,160,147,32,4,1,3,22,9,6,2,31,0.218,0.256,0.32,0.576,10,16,13,3,0,0.231,0.0,19,41,37,9,1,0.243,0.0244,226,54,2.7,15.0,35.8,40.6,23.6,17.6,29.6,37.4,36.2,6.3,4.0,6.3,62.9,78.3,20.2,0.493,66.5,90.4,105.9,3.6,8.3,0.8,45.3,20.3,Weak,2.0,Contact-First Profile,A-,Elevated power plane,20.3,Weak,0.917,Good,1.9,37.5,90.2,0.526,Derived proxy,Derived proxy,Derived proxy,Derived proxy,,,6.86,3.86,Positive regression,Weak Contact-First Profile profile. 2.7% barrel rate; 78.3 mph average exit velocity; 29.6% air-ball rate; 37.4% pull-air rate; 6.3% HR-launch rate.,0.0188,0.0244,3.81,13,10,49.0,0.27,26.5,Very recent HR,672456.0,Keider Montero,R,LHB vs RHP,28,22,139.0,3.24,0.99,14,0.91,5.96,2.01,738.0,4.6,24.7,14.8,46.6,26.0,83.1,95.0,112.4,0.463,14.0,25.1,85.8,0.493,2.4,4-Seam Fastball,L,LHB vs RHP,28.9,127,0.263,0.298,0.39,0.688,3,4,22,0.0236,3.7,0.522,316,0.0285,5.2,0.504,0,0,0,0/0,,,,,0,0,0,31.8,Slight Pitcher Advantage,Below average,50.0,5,Pitch-level Statcast · last 5 MLB games,407,4-Seam Fastball,31.44963144963145,128.0,Slider,20.884520884520885,85.0,Sinker,18.91891891891892,77.0,Changeup,15.97051597051597,65.0,Knuckle Curve,12.776412776412776,52.0,Unknown,,Unknown,,No,100.0,1.0,1.0,50.0,0.95,0.971,32.8,Current-Season Handedness Matchup,Pull Air %,Barrel %,Max Exit Velocity,28.9,33.6,25.1,20.8,50.0,45.0,32.4,3.83,0.857,0.97,1.025,0.94,0.917,0.862,0.98,8.99,4.82,66.7,17.1,F,Lineup unconfirmed,,,,,,
328,2026-09-04,823905,2026-09-05T02:10:00Z,Scheduled,UNIQLO Field at Dodger Stadium,Washington Nationals @ Los Angeles Dodgers,Away,686611,Dylan Crews,Washington Nationals,Los Angeles Dodgers,RF,R,No,,89,362,329,71,14,1,10,45,34,26,7,88,0.216,0.287,0.356,0.643,11,48,43,11,0,0.256,0.0,25,100,94,19,1,0.202,0.01,446,136,4.2,25.3,39.8,33.6,26.0,13.3,27.0,36.2,29.9,6.7,4.1,6.7,38.3,83.9,19.0,0.537,72.5,95.5,111.3,40.4,10.3,9.5,45.3,31.8,Weak,2.5,Contact-First Profile,A,Excellent HR swing plane,31.8,Weak,0.949,Good,2.9,30.3,95.0,0.504,Derived proxy,Derived proxy,Derived proxy,Derived proxy,,,18.6,8.6,Strong positive regression,Weak Contact-First Profile profile. 4.2% barrel rate; 83.9 mph average exit velocity; 27.0% air-ball rate; 36.2% pull-air rate; 6.7% HR-launch rate.,0.0276,0.0287,3.87,72,20,32.9,2.19,218.8,Very long drought,605483.0,Blake Snell,L,RHB vs LHP,5,5,26.0,2.42,1.08,0,0.0,12.46,4.15,129.0,0.8,6.2,10.1,33.3,29.5,78.0,87.5,107.3,0.331,0.0,41.1,100.0,0.575,6.3,4-Seam Fastball,R,RHB vs LHP,35.3,112,0.283,0.366,0.495,0.861,5,12,24,0.0446,6.9,0.626,74,0.0,1.1,0.319,0,0,0,0/0,,,,,0,0,0,40.3,Slight Pitcher Advantage,Below average,50.0,5,Pitch-level Statcast · last 5 MLB games,444,4-Seam Fastball,49.32432432432432,219.0,Curveball,20.945945945945947,93.0,Changeup,17.792792792792792,79.0,Slider,11.936936936936936,53.0,,,,Unknown,,Unknown,,No,100.0,1.0,1.0,50.0,0.982,0.933,41.4,Current-Season Handedness Matchup,Pull Air %,Barrel %,Max Exit Velocity,35.3,9.9,41.1,25.8,50.0,45.0,32.4,3.83,0.758,1.0,1.025,0.975,0.949,0.925,1.06,10.66,5.5,85.0,27.3,F,Lineup unconfirmed,,,,,,
329,2026-09-04,824387,2026-09-04T23:15:00Z,Scheduled,Progressive Field,Detroit Tigers @ Cleveland Guardians,Home,677587,Brayan Rocchio,Cleveland Guardians,Detroit Tigers,SS,S,No,,133,516,466,114,19,2,10,51,54,32,10,75,0.245,0.305,0.358,0.663,9,34,32,5,0,0.156,0.0,21,80,77,14,1,0.182,0.0125,728,112,1.8,20.7,47.9,29.8,22.0,16.1,31.7,42.1,33.5,5.0,4.2,5.0,67.5,81.6,16.6,0.414,67.9,93.1,108.3,6.1,11.0,2.3,50.1,22.8,Weak,2.0,Pull Power,A,Excellent HR swing plane,22.8,Weak,0.924,Good,1.8,41.9,93.7,0.416,Derived proxy,Derived proxy,Derived proxy,Derived proxy,,,18.22,8.22,Strong positive regression,Weak Pull Power profile. 1.8% barrel rate; 81.6 mph average exit velocity; 31.7% air-ball rate; 42.1% pull-air rate; 5.0% HR-launch rate.,0.0194,0.0218,3.99,45,13,46.6,0.97,96.6,Near normal interval,808825.0,Andrew Sears,L,Switch vs LHP,2,0,6.2,6.75,1.35,1,1.35,5.4,1.35,40.0,5.0,17.5,20.0,35.7,37.5,84.6,94.2,107.5,0.523,1.0,19.6,100.0,0.446,1.6,4-Seam Fastball,R,RHB vs LHP,27.8,162,0.212,0.264,0.329,0.593,3,8,26,0.0185,3.0,0.429,17,0.0,0.0,0.365,0,0,0,0/0,,,,,0,0,0,29.3,Strong Pitcher Advantage,Below average,50.0,2,Pitch-level Statcast · last 5 MLB games,116,4-Seam Fastball,45.689655172413794,53.0,Slider,34.48275862068966,40.0,Changeup,11.206896551724139,13.0,Sinker,8.620689655172415,10.0,,,,Unknown,,Unknown,,No,100.0,1.0,1.0,50.0,0.939,0.975,36.2,Current-Season Handedness Matchup,Pull Air %,Barrel %,Max Exit Velocity,27.8,28.9,19.6,31.9,50.0,45.0,32.3,3.83,0.78,1.004,1.035,1.0,0.924,0.924,1.0,8.4,4.73,83.4,20.4,F,Lineup unconfirmed,,,,,,
330,2026-09-04,824424,2026-09-04T18:10:00Z,Scheduled,Progressive Field,Detroit Tigers @ Cleveland Guardians,Home,677587,Brayan Rocchio,Cleveland Guardians,Detroit Tigers,SS,S,No,,133,516,466,114,19,2,10,51,54,32,10,75,0.245,0.305,0.358,0.663,9,34,32,5,0,0.156,0.0,21,80,77,14,1,0.182,0.0125,728,112,1.8,20.7,47.9,29.8,22.0,16.1,31.7,42.1,33.5,5.0,4.2,5.0,67.5,81.6,16.6,0.414,67.9,93.1,108.3,6.1,11.0,2.3,50.1,22.8,Weak,2.0,Pull Power,A,Excellent HR swing plane,22.8,Weak,0.924,Good,1.8,41.9,93.7,0.416,Derived proxy,Derived proxy,Derived proxy,Derived proxy,,,18.22,8.22,Strong positive regression,Weak Pull Power profile. 1.8% barrel rate; 81.6 mph average exit velocity; 31.7% air-ball rate; 42.1% pull-air rate; 5.0% HR-launch rate.,0.0194,0.0218,3.99,45,13,46.6,0.97,96.6,Near normal interval,672456.0,Keider Montero,R,Switch vs RHP,28,22,139.0,3.24,0.99,14,0.91,5.96,2.01,738.0,4.6,24.7,14.8,46.6,26.0,83.1,95.0,112.4,0.463,14.0,15.1,99.7,0.401,1.2,4-Seam Fastball,L,LHB vs RHP,22.3,351,0.261,0.323,0.374,0.697,7,24,48,0.0199,1.2,0.407,316,0.0285,5.2,0.504,6,6,1,1/6,0.167,0.167,0.167,0.334,0,0,0,22.4,Strong Pitcher Advantage,Below average,35.0,5,Pitch-level Statcast · last 5 MLB games,407,4-Seam Fastball,31.44963144963145,128.0,Slider,20.884520884520885,85.0,Sinker,18.91891891891892,77.0,Changeup,15.97051597051597,65.0,Knuckle Curve,12.776412776412776,52.0,Unknown,,Unknown,,No,100.0,1.0,1.0,50.0,0.93,0.971,34.7,Current-Season Handedness Matchup,Pull Air %,Barrel %,Max Exit Velocity,22.3,33.6,15.1,31.9,50.0,45.0,32.3,3.83,0.78,0.97,1.035,1.0,0.924,0.924,1.0,8.4,4.6,83.4,20.2,F,Lineup unconfirmed,,,,,,
331,2026-09-04,823256,2026-09-05T01:40:00Z,Scheduled,Petco Park,New York Yankees @ San Diego Padres,Home,669720,Austin Hays,San Diego Padres,New York Yankees,LF,R,No,,25,78,75,17,2,0,2,10,10,3,0,23,0.227,0.256,0.333,0.589,6,14,12,2,0,0.167,0.0,13,34,32,7,1,0.219,0.0294,96,43,3.7,24.9,55.3,24.2,20.5,10.2,26.0,61.2,27.9,5.8,3.0,5.8,60.8,81.7,2.9,0.481,70.1,93.5,109.7,23.7,10.8,4.6,52.7,29.9,Weak,2.0,Pull Power,D,Ground-ball heavy,29.9,Weak,0.944,Good,4.7,66.7,92.0,0.456,Derived proxy,Derived proxy,Derived proxy,Derived proxy,,,3.95,1.95,Near expected,Weak Pull Power profile. 3.7% barrel rate; 81.7 mph average exit velocity; 26.0% air-ball rate; 61.2% pull-air rate; 5.8% HR-launch rate.,0.0256,0.0295,3.81,31,12,37.5,0.83,82.7,Near normal interval,608331.0,Max Fried,L,RHB vs LHP,16,16,90.0,2.8,1.0,3,0.3,8.3,2.8,426.0,1.4,20.2,12.9,26.7,30.5,80.3,92.8,111.6,0.357,3.0,27.3,100.0,0.509,2.7,Cutter,R,RHB vs LHP,28.9,36,0.294,0.333,0.441,0.775,1,2,11,0.0278,4.5,0.536,263,0.0114,1.2,0.357,3,3,0,0/3,0.0,0.0,0.0,0.0,0,0,0,31.1,Slight Pitcher Advantage,Below average,42.5,5,Pitch-level Statcast · last 5 MLB games,385,Cutter,22.5974025974026,87.0,4-Seam Fastball,21.558441558441558,83.0,Sinker,21.038961038961038,81.0,Sweeper,12.987012987012987,50.0,Curveball,10.64935064935065,41.0,Unknown,,Unknown,,No,94.0,0.94,1.0,39.2,0.955,0.939,44.4,Current-Season Handedness Matchup,Pull Air %,Barrel %,Max Exit Velocity,28.9,11.9,27.3,44.0,39.2,45.0,32.3,3.83,0.869,0.872,1.025,0.94,0.944,0.887,1.0,10.78,4.97,60.3,16.7,F,Small season sample; Lineup unconfirmed,Changeup,8.571428571428571,33.0,Slider,2.5974025974025974,10.0
332,2026-09-04,822852,2026-09-05T00:05:00Z,Scheduled,Globe Life Field,Tampa Bay Rays @ Texas Rangers,Away,689414,Liam Hicks,Tampa Bay Rays,Texas Rangers,C,L,No,,124,493,425,122,13,1,17,62,75,50,10,48,0.287,0.37,0.442,0.812,9,30,28,10,1,0.357,0.0333,21,74,63,20,2,0.317,0.027,626,97,2.8,18.5,52.3,22.4,24.9,14.6,30.2,52.5,27.7,3.7,3.0,3.7,88.3,80.3,18.8,0.411,66.2,92.9,108.9,3.7,8.9,0.7,44.6,24.1,Weak,2.0,Pull Power,A,Excellent HR swing plane,24.1,Weak,0.927,Good,3.1,50.0,91.6,0.434,Derived proxy,Derived proxy,Derived proxy,Derived proxy,,,20.02,3.02,Positive regression,Weak Pull Power profile. 2.8% barrel rate; 80.3 mph average exit velocity; 30.2% air-ball rate; 52.5% pull-air rate; 3.7% HR-launch rate.,0.0345,0.034,4.15,26,8,25.0,1.04,104.0,Near normal interval,592866.0,Trevor Williams,R,LHB vs RHP,9,0,18.1,3.93,1.42,3,1.47,11.29,3.44,114.0,3.5,16.7,10.5,34.8,34.2,79.5,91.9,109.6,0.501,3.0,10.0,100.0,0.35,1.9,4-Seam Fastball,L,LHB vs RHP,32.1,389,0.311,0.393,0.497,0.89,16,41,32,0.0411,3.2,0.427,41,0.0244,3.3,0.413,5,4,3,3/4,0.75,0.8,0.75,1.55,0,1,0,29.2,Strong Pitcher Advantage,Below average,56.2,5,Pitch-level Statcast · last 5 MLB games,240,4-Seam Fastball,39.166666666666664,94.0,Sweeper,23.75,57.0,Sinker,19.166666666666668,46.0,Changeup,9.583333333333334,23.0,Slider,8.333333333333334,20.0,Unknown,,Unknown,,No,104.0,1.04,1.0,57.2,0.92,0.96,42.9,Current-Season Handedness Matchup,Pull Air %,Barrel %,Max Exit Velocity,32.1,21.1,10.0,37.8,57.2,45.0,32.2,3.82,0.959,1.015,1.025,1.0,0.927,0.927,1.0,13.37,7.26,82.9,27.0,F,Lineup unconfirmed,,,,,,
333,2026-09-04,824146,2026-09-05T00:10:00Z,Scheduled,Daikin Park,Arizona Diamondbacks @ Houston Astros,Home,676694,Jake Meyers,Houston Astros,Arizona Diamondbacks,CF,R,No,,55,153,141,30,7,0,3,15,11,10,1,31,0.213,0.268,0.326,0.594,1,0,0,0,0,0.0,0.0,3,5,5,2,0,0.4,0.0,209,5,3.1,16.9,37.0,26.9,36.1,15.6,26.7,31.3,22.3,4.5,2.7,4.5,42.9,80.8,20.3,0.408,64.8,91.1,105.8,3.8,8.9,1.4,49.6,14.0,Weak,1.5,Contact-First Profile,A-,Elevated power plane,14.0,Weak,0.899,Good,0.0,0.0,84.4,0.466,Derived proxy,Derived proxy,Derived proxy,Derived proxy,,,6.24,3.24,Positive regression,Weak Contact-First Profile profile. 3.1% barrel rate; 80.8 mph average exit velocity; 26.7% air-ball rate; 31.3% pull-air rate; 4.5% HR-launch rate.,0.0196,0.0251,3.81,37,20,47.0,0.79,78.7,Recently homered,518876.0,Merrill Kelly,R,RHB vs RHP,25,25,141.2,5.08,1.48,26,1.65,6.04,4.07,814.0,7.9,28.7,15.0,47.5,31.2,83.8,96.8,114.6,0.65,26.0,11.7,99.6,0.367,1.8,Changeup,R,RHB vs RHP,28.1,98,0.227,0.296,0.341,0.637,2,8,19,0.0204,2.2,0.412,241,0.0332,6.9,0.602,2,2,1,1/2,0.5,0.5,0.5,1.0,0,0,0,26.9,Strong Pitcher Advantage,Below average,50.9,5,Pitch-level Statcast · last 5 MLB games,436,4-Seam Fastball,31.422018348623855,137.0,Changeup,30.504587155963304,133.0,Curveball,11.238532110091743,49.0,Cutter,8.944954128440367,39.0,Slider,8.944954128440367,39.0,Unknown,,Unknown,,No,100.0,1.0,1.0,50.0,0.923,1.004,27.3,Current-Season Handedness Matchup,Pull Air %,Barrel %,Max Exit Velocity,28.1,55.2,11.7,0.0,50.0,45.0,32.1,3.82,1.0,1.088,0.985,0.94,0.899,0.845,1.0,9.21,5.6,63.3,18.0,F,Lineup unconfirmed; Limited recent games,Sinker,8.486238532110091,37.0,Pitch Out,0.45871559633027525,2.0
334,2026-09-04,824067,2026-09-05T00:10:00Z,Scheduled,Kauffman Stadium,Toronto Blue Jays @ Kansas City Royals,Away,543807,George Springer,Toronto Blue Jays,Kansas City Royals,DH,R,No,,108,448,398,100,20,2,14,52,46,42,3,83,0.251,0.326,0.417,0.743,10,38,36,15,2,0.417,0.0526,24,80,74,23,2,0.311,0.025,612,106,3.3,20.3,42.3,33.8,24.0,12.2,24.5,39.8,26.9,4.7,3.9,4.7,64.7,81.8,15.4,0.467,70.3,93.1,108.5,29.0,8.6,7.0,55.6,26.5,Weak,2.0,Contact-First Profile,A,Excellent HR swing plane,26.5,Weak,0.934,Good,2.8,34.6,92.5,0.445,Derived proxy,Derived proxy,Derived proxy,Derived proxy,,,20.45,6.45,Strong positive regression,Weak Contact-First Profile profile. 3.3% barrel rate; 81.8 mph average exit velocity; 24.5% air-ball rate; 39.8% pull-air rate; 4.7% HR-launch rate.,0.0312,0.0314,4.05,15,4,28.4,0.53,52.8,Recently homered,663738.0,Daniel Lynch IV,L,RHB vs LHP,51,5,61.2,3.06,1.05,5,0.73,6.71,2.77,299.0,4.3,27.1,16.1,34.9,25.1,83.5,96.0,111.3,0.498,5.0,26.9,100.0,0.474,4.2,Sinker,R,RHB vs LHP,23.5,137,0.227,0.309,0.387,0.695,3,13,25,0.0219,2.5,0.427,147,0.0272,3.9,0.534,3,3,2,2/3,0.667,0.667,1.0,1.667,0,0,0,30.7,Slight Pitcher Advantage,Below average,53.8,5,Pitch-level Statcast · last 5 MLB games,248,Sinker,35.88709677419355,89.0,Changeup,22.983870967741936,57.0,Slider,15.32258064516129,38.0,4-Seam Fastball,15.32258064516129,38.0,Knuckle Curve,10.483870967741936,26.0,Unknown,,Unknown,,No,100.0,1.0,1.0,50.0,0.954,0.968,34.8,Current-Season Handedness Matchup,Pull Air %,Barrel %,Max Exit Velocity,23.5,27.2,26.9,24.6,50.0,45.0,32.0,3.82,1.112,0.948,1.025,1.0,0.934,0.934,1.0,12.12,7.2,83.4,24.6,F,Lineup unconfirmed,,,,,,
335,2026-09-04,822852,2026-09-05T00:05:00Z,Scheduled,Globe Life Field,Tampa Bay Rays @ Texas Rangers,Home,683227,Cody Freeman,Texas Rangers,Tampa Bay Rays,3B,R,No,,25,81,71,20,1,1,1,7,6,6,1,12,0.282,0.346,0.366,0.712,12,47,42,12,1,0.286,0.0213,18,63,54,16,1,0.296,0.0159,111,92,1.0,17.6,41.0,29.3,25.9,11.8,20.7,61.7,25.1,1.9,1.9,1.9,100.0,77.6,13.7,0.31,63.5,91.2,104.5,0.0,7.7,0.0,68.4,19.1,Weak,2.0,Pull Power,A,Excellent HR swing plane,19.1,Weak,0.913,Good,1.1,63.2,91.3,0.324,Derived proxy,Derived proxy,Derived proxy,Derived proxy,,,2.36,1.36,Near expected,Weak Pull Power profile. 1.0% barrel rate; 77.6 mph average exit velocity; 20.7% air-ball rate; 61.7% pull-air rate; 1.9% HR-launch rate.,0.0123,0.0241,3.99,19,5,71.0,0.27,26.8,Very recent HR,607259.0,Nick Martinez,R,RHB vs RHP,26,26,153.2,2.99,1.1,18,1.05,5.33,1.29,848.0,4.7,23.3,17.3,45.8,32.9,82.0,94.6,113.3,0.508,18.0,2.9,99.9,0.279,0.3,Sinker,R,RHB vs RHP,30.3,38,0.257,0.316,0.286,0.602,0,3,6,0.0,0.0,0.301,249,0.0241,4.2,0.531,0,0,0,0/0,,,,,0,0,0,24.6,Strong Pitcher Advantage,Below average,50.0,5,Pitch-level Statcast · last 5 MLB games,425,Sinker,30.352941176470587,129.0,Changeup,26.352941176470587,112.0,Cutter,21.647058823529413,92.0,4-Seam Fastball,15.294117647058824,65.0,Slider,5.647058823529412,24.0,Unknown,,Unknown,,No,104.0,1.04,1.0,57.2,0.92,0.972,36.3,Current-Season Handedness Matchup,Pull Air %,Barrel %,Max Exit Velocity,30.3,34.5,2.9,36.6,57.2,45.0,32.0,3.82,0.913,0.992,0.985,1.0,0.913,0.913,0.98,9.27,5.23,62.8,18.1,F,Lineup unconfirmed,Curveball,0.7058823529411765,3.0,,,
336,2026-09-04,822852,2026-09-05T00:05:00Z,Scheduled,Globe Life Field,Tampa Bay Rays @ Texas Rangers,Away,663743,Nick Fortes,Tampa Bay Rays,Texas Rangers,C,R,No,,95,290,268,71,15,0,4,29,30,9,8,37,0.265,0.308,0.366,0.674,4,13,12,3,0,0.25,0.0,11,28,25,4,0,0.16,0.0,396,36,1.5,23.1,48.8,29.6,21.1,8.2,20.8,57.5,20.9,4.1,1.8,4.1,44.4,79.0,13.5,0.337,70.5,93.9,111.2,23.0,5.9,8.3,33.0,24.9,Weak,2.0,Pull Power,A,Excellent HR swing plane,24.9,Weak,0.93,Good,0.0,57.1,91.1,0.246,Derived proxy,Derived proxy,Derived proxy,Derived proxy,,,10.12,6.12,Strong positive regression,Weak Pull Power profile. 1.5% barrel rate; 79.0 mph average exit velocity; 20.8% air-ball rate; 57.5% pull-air rate; 4.1% HR-launch rate.,0.0138,0.0191,4.05,46,19,67.0,0.69,68.7,Recently homered,592866.0,Trevor Williams,R,RHB vs RHP,9,0,18.1,3.93,1.42,3,1.47,11.29,3.44,114.0,3.5,16.7,10.5,34.8,34.2,79.5,91.9,109.6,0.501,3.0,11.8,100.0,0.36,2.4,4-Seam Fastball,R,RHB vs RHP,28.8,145,0.273,0.299,0.388,0.687,3,3,19,0.0207,2.1,0.391,40,0.05,3.7,0.632,6,6,1,1/6,0.167,0.167,0.167,0.334,0,0,1,24.1,Strong Pitcher Advantage,Below average,35.0,5,Pitch-level Statcast · last 5 MLB games,240,4-Seam Fastball,39.166666666666664,94.0,Sweeper,23.75,57.0,Sinker,19.166666666666668,46.0,Changeup,9.583333333333334,23.0,Slider,8.333333333333334,20.0,Unknown,,Unknown,,No,104.0,1.04,1.0,57.2,0.924,0.96,41.7,Current-Season Handedness Matchup,Pull Air %,Barrel %,Max Exit Velocity,28.8,21.1,11.8,36.3,57.2,45.0,31.9,3.81,0.78,1.015,0.985,1.0,0.93,0.93,1.0,7.52,4.38,75.0,17.9,F,Lineup unconfirmed,,,,,,
337,2026-09-04,824471,2026-09-04T22:10:00Z,Scheduled,Great American Ball Park,Milwaukee Brewers @ Cincinnati Reds,Away,686217,Sal Frelick,Milwaukee Brewers,Cincinnati Reds,RF,L,No,,97,338,298,71,16,0,4,36,37,28,2,36,0.238,0.305,0.332,0.637,7,25,22,6,0,0.273,0.0,7,25,22,6,0,0.273,0.0,456,33,2.3,20.9,41.2,31.4,27.2,13.3,24.0,34.4,25.7,4.4,3.8,4.4,28.9,78.2,17.2,0.394,64.6,92.2,105.9,1.8,7.7,0.4,45.7,15.8,Weak,1.5,Contact-First Profile,A,Excellent HR swing plane,15.8,Weak,0.904,Good,3.0,25.0,91.4,0.442,Derived proxy,Derived proxy,Derived proxy,Derived proxy,,,11.78,7.78,Strong positive regression,Weak Contact-First Profile profile. 2.3% barrel rate; 78.2 mph average exit velocity; 24.0% air-ball rate; 34.4% pull-air rate; 4.4% HR-launch rate.,0.0118,0.0171,3.93,27,9,74.5,0.36,36.2,Recently homered,695076.0,Rhett Lowder,R,LHB vs RHP,24,21,112.0,5.14,1.46,16,1.29,7.07,3.46,617.0,5.8,25.1,16.7,40.2,32.1,84.1,95.6,116.0,0.572,16.0,16.7,99.7,0.388,3.5,Sinker,L,LHB vs RHP,26.2,250,0.256,0.321,0.356,0.677,3,22,26,0.012,2.3,0.356,307,0.0391,6.9,0.633,2,2,1,1/2,0.5,0.5,0.5,1.0,0,0,0,27.8,Strong Pitcher Advantage,Below average,50.9,5,Pitch-level Statcast · last 5 MLB games,476,Sinker,26.680672268907564,127.0,Slider,24.57983193277311,117.0,Changeup,22.478991596638654,107.0,4-Seam Fastball,18.69747899159664,89.0,Curveball,7.563025210084033,36.0,Unknown,,Unknown,,No,112.0,1.12,1.0,71.6,0.933,0.983,28.7,Current-Season Handedness Matchup,Pull Air %,Barrel %,Max Exit Velocity,26.2,38.5,16.7,13.7,71.6,45.0,31.9,3.81,0.758,1.03,1.025,0.94,0.904,0.85,1.0,6.56,4.18,78.1,17.6,F,Lineup unconfirmed,,,,,,
338,2026-09-04,824797,2026-09-04T23:05:00Z,Scheduled,Oriole Park at Camden Yards,Boston Red Sox @ Baltimore Orioles,Home,665750,Leody Taveras,Baltimore Orioles,Boston Red Sox,CF,S,No,,124,439,388,85,15,6,8,54,52,40,1,111,0.219,0.293,0.351,0.644,12,45,41,5,1,0.122,0.0222,26,96,90,19,2,0.211,0.0208,555,123,2.0,20.3,42.6,31.9,25.1,13.6,26.0,41.6,26.0,4.2,3.1,4.2,78.3,79.3,20.6,0.43,68.7,92.8,112.0,27.6,8.7,7.1,37.1,23.6,Weak,2.0,Contact-First Profile,A-,Elevated power plane,23.6,Weak,0.926,Good,1.6,42.9,93.9,0.39,Derived proxy,Derived proxy,Derived proxy,Derived proxy,,,13.92,5.92,Strong positive regression,Weak Contact-First Profile profile. 2.0% barrel rate; 79.3 mph average exit velocity; 26.0% air-ball rate; 41.6% pull-air rate; 4.2% HR-launch rate.,0.0182,0.0212,3.87,24,8,48.5,0.49,49.5,Recently homered,624133.0,Ranger Suarez,L,Switch vs LHP,24,24,123.2,3.64,1.24,8,0.58,8.66,2.84,664.0,3.2,20.5,12.2,44.1,32.1,80.4,93.2,113.6,0.477,8.0,25.2,99.9,0.488,2.7,Sinker,R,RHB vs LHP,12.4,138,0.203,0.274,0.244,0.518,1,12,42,0.0072,1.2,0.395,372,0.0134,2.7,0.462,3,3,0,0/3,0.0,0.0,0.0,0.0,0,0,1,22.9,Strong Pitcher Advantage,Below average,42.5,5,Pitch-level Statcast · last 5 MLB games,438,4-Seam Fastball,24.200913242009133,106.0,Sinker,21.91780821917808,96.0,Curveball,17.123287671232877,75.0,Cutter,15.981735159817351,70.0,Changeup,12.100456621004566,53.0,Unknown,,Unknown,,No,99.0,0.99,1.0,48.2,0.95,0.957,33.1,Current-Season Handedness Matchup,Pull Air %,Barrel %,Max Exit Velocity,12.4,28.0,25.2,33.3,48.2,45.0,31.9,3.81,1.008,0.917,1.035,0.975,0.926,0.903,1.0,7.95,4.9,84.7,19.7,F,Lineup unconfirmed,Slider,8.67579908675799,38.0,,,
339,2026-09-04,823256,2026-09-05T01:40:00Z,Scheduled,Petco Park,New York Yankees @ San Diego Padres,Home,664034,Ty France,San Diego Padres,New York Yankees,1B,R,No,,114,418,367,107,17,2,20,49,62,31,12,90,0.292,0.36,0.512,0.872,11,49,39,11,2,0.282,0.0408,25,107,86,26,4,0.302,0.0374,595,150,5.0,25.8,37.4,23.6,38.7,13.2,24.9,38.6,36.3,5.9,3.2,5.9,61.9,83.8,21.6,0.533,70.5,95.3,110.7,21.7,12.0,6.6,44.8,31.0,Weak,2.0,Contact-First Profile,A-,Elevated power plane,31.0,Weak,0.947,Good,4.7,33.3,94.6,0.476,Derived proxy,Derived proxy,Derived proxy,Derived proxy,,,27.43,7.43,Strong positive regression,Weak Contact-First Profile profile. 5.0% barrel rate; 83.8 mph average exit velocity; 24.9% air-ball rate; 38.6% pull-air rate; 5.9% HR-launch rate.,0.0478,0.0443,4.09,0,0,18.4,0.0,0.0,Very recent HR,608331.0,Max Fried,L,RHB vs LHP,16,16,90.0,2.8,1.0,3,0.3,8.3,2.8,426.0,1.4,20.2,12.9,26.7,30.5,80.3,92.8,111.6,0.357,3.0,36.9,100.0,0.555,5.2,Cutter,R,RHB vs LHP,27.4,126,0.278,0.357,0.481,0.839,5,11,31,0.0397,4.5,0.615,263,0.0114,1.2,0.357,3,3,0,0/3,0.0,0.0,0.0,0.0,0,0,3,33.8,Slight Pitcher Advantage,Below average,42.5,5,Pitch-level Statcast · last 5 MLB games,385,Cutter,22.5974025974026,87.0,4-Seam Fastball,21.558441558441558,83.0,Sinker,21.038961038961038,81.0,Sweeper,12.987012987012987,50.0,Curveball,10.64935064935065,41.0,Unknown,,Unknown,,No,94.0,0.94,1.0,39.2,0.974,0.939,41.5,Current-Season Handedness Matchup,Pull Air %,Barrel %,Max Exit Velocity,27.4,11.9,36.9,31.6,39.2,45.0,31.8,3.81,0.954,0.872,1.025,1.0,0.947,0.947,0.98,16.92,7.39,85.0,27.1,F,Lineup unconfirmed,Changeup,8.571428571428571,33.0,Slider,2.5974025974025974,10.0
340,2026-09-04,824424,2026-09-04T18:10:00Z,Scheduled,Progressive Field,Detroit Tigers @ Cleveland Guardians,Away,650402,Gleyber Torres,Detroit Tigers,Cleveland Guardians,2B,R,No,,81,354,301,79,12,0,8,46,36,48,3,66,0.262,0.367,0.382,0.749,10,37,34,8,0,0.235,0.0,24,101,92,23,1,0.25,0.0099,460,142,3.1,18.9,26.8,33.4,39.9,13.2,25.6,24.6,26.0,5.3,2.4,5.3,42.3,82.1,19.4,0.464,67.0,92.4,106.7,3.6,8.9,1.1,52.9,14.6,Weak,1.5,Contact-First Profile,A,Excellent HR swing plane,14.6,Weak,0.901,Good,2.1,28.6,92.6,0.438,Derived proxy,Derived proxy,Derived proxy,Derived proxy,,,13.67,5.67,Strong positive regression,Weak Contact-First Profile profile. 3.1% barrel rate; 82.1 mph average exit velocity; 25.6% air-ball rate; 24.6% pull-air rate; 5.3% HR-launch rate.,0.0226,0.025,4.05,66,18,37.6,1.75,175.4,Above normal drought,671106.0,Logan Allen,L,RHB vs LHP,6,1,14.1,3.77,1.47,3,1.88,9.42,2.51,93.0,5.4,23.7,20.4,41.7,25.8,81.7,95.0,109.4,0.531,3.0,27.1,100.0,0.489,3.6,4-Seam Fastball,R,RHB vs LHP,39.9,104,0.192,0.385,0.359,0.744,2,23,21,0.0192,8.4,0.6,43,0.0233,6.7,0.544,2,2,0,0/2,0.0,0.0,0.0,0.0,0,0,0,36.4,Slight Pitcher Advantage,Below average,45.0,5,Pitch-level Statcast · last 5 MLB games,180,4-Seam Fastball,30.555555555555557,55.0,Cutter,26.666666666666668,48.0,Sweeper,18.88888888888889,34.0,Changeup,15.0,27.0,Sinker,8.88888888888889,16.0,Unknown,,Unknown,,No,100.0,1.0,1.0,50.0,0.954,0.979,29.5,Current-Season Handedness Matchup,Pull Air %,Barrel %,Max Exit Velocity,39.9,35.8,27.1,17.5,50.0,45.0,31.8,3.81,0.758,1.025,1.025,1.0,0.901,0.901,1.035,9.74,5.17,85.0,26.2,F,Lineup unconfirmed,,,,,,
341,2026-09-04,823418,2026-09-04T22:40:00Z,Scheduled,Citizens Bank Park,Atlanta Braves @ Philadelphia Phillies,Home,650559,Bryan De La Cruz,Philadelphia Phillies,Atlanta Braves,RF,R,No,,23,54,48,17,3,0,2,6,11,2,2,11,0.354,0.389,0.542,0.931,6,17,17,6,0,0.353,0.0,13,27,27,8,0,0.296,0.0,74,43,1.8,23.1,38.3,33.3,28.3,4.3,18.9,36.7,38.4,2.6,0.0,2.6,100.0,82.4,11.1,0.416,68.2,93.1,107.7,16.5,6.0,3.5,39.5,20.1,Weak,2.0,Contact-First Profile,A,Excellent HR swing plane,20.1,Weak,0.916,Good,0.0,42.9,92.9,0.314,Derived proxy,Derived proxy,Derived proxy,Derived proxy,,,1.59,-0.41,Near expected,Weak Contact-First Profile profile. 1.8% barrel rate; 82.4 mph average exit velocity; 18.9% air-ball rate; 36.7% pull-air rate; 2.6% HR-launch rate.,0.037,0.0336,4.25,28,15,24.0,1.17,116.7,Near normal interval,519242.0,Chris Sale,L,RHB vs LHP,24,24,144.0,2.06,1.0,8,0.5,11.06,1.75,744.0,3.1,19.5,11.6,36.0,32.3,81.8,93.2,113.2,0.487,8.0,19.4,100.0,0.444,1.7,4-Seam Fastball,R,RHB vs LHP,35.6,24,0.381,0.458,0.524,0.982,1,2,3,0.0417,3.0,0.512,433,0.0162,3.0,0.493,3,3,1,1/3,0.333,0.333,0.667,1.0,0,0,1,33.1,Slight Pitcher Advantage,Below average,51.3,5,Pitch-level Statcast · last 5 MLB games,508,4-Seam Fastball,42.51968503937008,216.0,Slider,39.960629921259844,203.0,Sinker,9.05511811023622,46.0,Changeup,8.464566929133857,43.0,,,,Unknown,,Unknown,,No,108.0,1.08,1.0,64.4,0.939,0.956,35.9,Current-Season Handedness Matchup,Pull Air %,Barrel %,Max Exit Velocity,35.6,22.9,19.4,31.3,64.4,45.0,31.7,3.81,0.758,0.904,1.025,1.03,0.916,0.944,1.0,13.51,6.07,58.0,24.0,F,Small season sample; Lineup unconfirmed,,,,,,
342,2026-09-04,823418,2026-09-04T22:40:00Z,Scheduled,Citizens Bank Park,Atlanta Braves @ Philadelphia Phillies,Home,664761,Alec Bohm,Philadelphia Phillies,Atlanta Braves,3B,R,No,,133,543,492,121,23,1,14,53,77,37,9,77,0.246,0.308,0.382,0.69,9,38,32,8,0,0.25,0.0,23,93,82,28,1,0.341,0.0108,732,136,4.0,25.7,32.6,35.7,31.6,13.9,27.9,27.9,33.7,7.1,4.2,7.1,41.4,83.8,17.7,0.527,70.2,95.0,108.9,16.3,12.4,5.9,40.7,24.7,Weak,2.0,Contact-First Profile,A,Excellent HR swing plane,24.7,Weak,0.929,Good,5.1,30.0,94.1,0.609,Derived proxy,Derived proxy,Derived proxy,Derived proxy,,,28.42,14.42,Strong positive regression,Weak Contact-First Profile profile. 4.0% barrel rate; 83.8 mph average exit velocity; 27.9% air-ball rate; 27.9% pull-air rate; 7.1% HR-launch rate.,0.0258,0.0269,3.99,49,13,35.1,1.39,139.4,Above normal drought,519242.0,Chris Sale,L,RHB vs LHP,24,24,144.0,2.06,1.0,8,0.5,11.06,1.75,744.0,3.1,19.5,11.6,36.0,32.3,81.8,93.2,113.2,0.487,8.0,26.7,100.0,0.482,3.7,4-Seam Fastball,R,RHB vs LHP,27.4,162,0.278,0.315,0.464,0.778,6,7,21,0.037,4.8,0.483,433,0.0162,3.0,0.493,19,18,5,5/18,0.278,0.316,0.278,0.594,0,1,6,25.1,Strong Pitcher Advantage,Below average,17.2,5,Pitch-level Statcast · last 5 MLB games,508,4-Seam Fastball,42.51968503937008,216.0,Slider,39.960629921259844,203.0,Sinker,9.05511811023622,46.0,Changeup,8.464566929133857,43.0,,,,Unknown,,Unknown,,No,108.0,1.08,1.0,64.4,0.953,0.956,33.2,Current-Season Handedness Matchup,Pull Air %,Barrel %,Max Exit Velocity,27.4,22.9,26.7,28.5,64.4,45.0,31.6,3.81,0.758,0.904,1.025,1.0,0.929,0.929,1.035,10.31,5.22,84.4,23.7,F,Lineup unconfirmed,,,,,,
343,2026-09-04,824554,2026-09-04T23:40:00Z,Scheduled,Rate Field,Minnesota Twins @ Chicago White Sox,Away,656577,Alex Jackson,Minnesota Twins,Chicago White Sox,C,R,No,,31,71,67,21,4,0,1,12,5,2,2,23,0.313,0.352,0.418,0.77,2,2,1,1,0,1.0,0.0,4,3,2,1,0,0.5,0.0,93,1,1.1,16.1,36.4,38.6,25.0,11.8,21.5,45.0,21.5,5.4,3.2,5.4,100.0,76.6,14.6,0.401,68.2,90.3,108.6,24.8,7.5,4.1,47.6,21.1,Weak,2.0,Pull Power,A,Excellent HR swing plane,21.1,Weak,0.919,Good,0.0,,65.7,0.24,Derived proxy,Derived proxy,Derived proxy,Derived proxy,,,2.03,1.03,Near expected,Weak Pull Power profile. 1.1% barrel rate; 76.6 mph average exit velocity; 21.5% air-ball rate; 45.0% pull-air rate; 5.4% HR-launch rate.,0.0141,0.0253,4.05,17,12,67.0,0.25,25.4,Very recent HR,607200.0,Erick Fedde,R,RHB vs RHP,29,13,123.1,4.16,1.37,22,1.61,6.42,3.28,696.0,5.5,26.9,16.8,46.0,32.8,83.4,95.8,114.9,0.537,22.0,0.0,99.6,0.231,0.0,Sweeper,R,RHB vs RHP,42.1,47,0.386,0.426,0.545,0.971,1,2,11,0.0213,1.4,0.408,244,0.0656,6.5,0.537,6,6,1,1/6,0.167,0.167,0.167,0.334,0,0,3,26.0,Strong Pitcher Advantage,Below average,35.0,5,Pitch-level Statcast · last 5 MLB games,288,Sweeper,36.458333333333336,105.0,Sinker,34.02777777777778,98.0,Cutter,15.972222222222221,46.0,Changeup,12.5,36.0,4-Seam Fastball,1.0416666666666667,3.0,Unknown,,Unknown,,No,100.0,1.0,1.0,50.0,0.92,0.98,38.8,Current-Season Handedness Matchup,Pull Air %,Barrel %,Max Exit Velocity,42.1,39.9,0.0,15.0,50.0,45.0,31.6,3.8,1.0,1.082,0.985,1.0,0.919,0.919,0.98,9.87,5.95,57.3,19.3,F,Small season sample; Lineup unconfirmed; Limited recent games,,,,,,
344,2026-09-04,823905,2026-09-05T02:10:00Z,Scheduled,UNIQLO Field at Dodger Stadium,Washington Nationals @ Los Angeles Dodgers,Home,669743,Alex Call,Los Angeles Dodgers,Washington Nationals,LF,R,No,,74,166,139,35,7,0,1,21,18,20,5,30,0.252,0.361,0.324,0.685,5,11,8,2,0,0.25,0.0,9,20,17,5,0,0.294,0.0,228,20,1.0,8.2,39.7,30.2,29.4,9.5,22.6,46.7,36.2,1.6,1.0,1.6,33.3,77.6,18.2,0.351,61.2,89.0,105.4,2.5,4.3,0.5,37.5,16.7,Weak,1.5,Pull Power,A,Excellent HR swing plane,16.7,Weak,0.907,Good,0.0,50.0,88.2,0.387,Derived proxy,Derived proxy,Derived proxy,Derived proxy,,,4.05,3.05,Positive regression,Weak Pull Power profile. 1.0% barrel rate; 77.6 mph average exit velocity; 22.6% air-ball rate; 46.7% pull-air rate; 1.6% HR-launch rate.,0.006,0.0169,3.99,39,26,139.0,0.28,28.1,Very recent HR,800600.0,Jackson Kent,L,RHB vs LHP,4,4,19.1,5.59,1.71,1,0.47,7.91,6.98,116.0,3.4,24.1,7.8,61.9,27.6,80.5,93.2,111.3,0.521,1.0,13.6,100.0,0.386,1.2,4-Seam Fastball,R,RHB vs LHP,27.4,63,0.302,0.397,0.434,0.831,1,6,11,0.0159,2.2,0.365,67,0.0149,3.4,0.532,0,0,0,0/0,,,,,0,0,0,27.1,Strong Pitcher Advantage,Below average,50.0,4,Pitch-level Statcast · last 5 MLB games,358,4-Seam Fastball,35.19553072625698,126.0,Changeup,21.22905027932961,76.0,Slider,17.877094972067038,64.0,Curveball,13.687150837988828,49.0,Sinker,12.011173184357542,43.0,Unknown,,Unknown,,No,100.0,1.0,1.0,50.0,0.927,0.959,34.1,Current-Season Handedness Matchup,Pull Air %,Barrel %,Max Exit Velocity,27.4,33.4,13.6,28.5,50.0,45.0,31.5,3.8,1.0,0.972,1.025,0.965,0.907,0.875,0.98,6.58,4.36,65.5,16.7,F,Lineup unconfirmed,,,,,,
345,2026-09-04,824424,2026-09-04T18:10:00Z,Scheduled,Progressive Field,Detroit Tigers @ Cleveland Guardians,Away,656716,Zach McKinstry,Detroit Tigers,Cleveland Guardians,RF,L,No,,112,381,336,71,15,3,4,35,26,37,3,61,0.211,0.294,0.31,0.604,9,30,28,2,0,0.071,0.0,23,76,66,12,0,0.182,0.0,558,116,0.7,10.0,49.0,17.5,33.2,14.0,28.1,38.6,33.6,2.4,1.5,2.4,66.7,79.4,19.6,0.36,65.8,89.2,106.1,3.4,6.4,0.6,35.7,14.2,Weak,1.5,Contact-First Profile,A,Excellent HR swing plane,14.2,Weak,0.9,Good,0.0,41.2,87.3,0.319,Derived proxy,Derived proxy,Derived proxy,Derived proxy,,,8.42,4.42,Strong positive regression,Weak Contact-First Profile profile. 0.7% barrel rate; 79.4 mph average exit velocity; 28.1% air-ball rate; 38.6% pull-air rate; 2.4% HR-launch rate.,0.0105,0.0156,3.93,128,44,84.0,1.52,152.4,Above normal drought,671106.0,Logan Allen,L,LHB vs LHP,6,1,14.1,3.77,1.47,3,1.88,9.42,2.51,93.0,5.4,23.7,20.4,41.7,25.8,81.7,95.0,109.4,0.531,3.0,22.3,100.0,0.473,1.9,4-Seam Fastball,L,LHB vs LHP,27.8,76,0.154,0.257,0.169,0.426,0,8,13,0.0,0.0,0.361,24,0.0833,3.0,0.502,4,3,1,1/3,0.333,0.5,1.333,1.833,1,1,0,32.3,Slight Pitcher Advantage,Below average,60.0,5,Pitch-level Statcast · last 5 MLB games,180,4-Seam Fastball,30.555555555555557,55.0,Cutter,26.666666666666668,48.0,Sweeper,18.88888888888889,34.0,Changeup,15.0,27.0,Sinker,8.88888888888889,16.0,Unknown,,Unknown,,No,100.0,1.0,1.0,50.0,0.945,0.979,30.2,Current-Season Handedness Matchup,Pull Air %,Barrel %,Max Exit Velocity,27.8,35.8,22.3,19.9,50.0,45.0,31.4,3.8,0.758,1.025,0.985,0.94,0.9,0.846,1.035,6.01,3.78,83.1,21.2,F,Lineup unconfirmed,,,,,,
346,2026-09-04,823905,2026-09-05T02:10:00Z,Scheduled,UNIQLO Field at Dodger Stadium,Washington Nationals @ Los Angeles Dodgers,Away,660688,Keibert Ruiz,Washington Nationals,Los Angeles Dodgers,C,S,No,,91,315,294,83,22,0,9,41,45,16,2,35,0.282,0.321,0.449,0.77,7,24,22,8,1,0.364,0.0417,16,58,53,19,2,0.358,0.0345,434,78,4.3,26.5,67.4,17.7,14.9,17.1,33.8,66.6,33.7,6.6,4.9,6.6,52.6,83.2,17.7,0.439,66.1,95.2,108.7,1.4,15.3,0.7,54.2,31.3,Weak,2.5,Pull Power,A,Excellent HR swing plane,31.3,Weak,0.948,Good,3.8,70.0,94.9,0.486,Derived proxy,Derived proxy,Derived proxy,Derived proxy,,,21.09,12.09,Strong positive regression,Weak Pull Power profile. 4.3% barrel rate; 83.2 mph average exit velocity; 33.8% air-ball rate; 66.6% pull-air rate; 6.6% HR-launch rate.,0.0286,0.0295,4.05,9,3,32.7,0.28,27.6,Very recent HR,605483.0,Blake Snell,L,Switch vs LHP,5,5,26.0,2.42,1.08,0,0.0,12.46,4.15,129.0,0.8,6.2,10.1,33.3,29.5,78.0,87.5,107.3,0.331,0.0,17.4,100.0,0.393,3.5,4-Seam Fastball,R,RHB vs LHP,26.5,90,0.287,0.311,0.46,0.771,3,3,16,0.0333,7.1,0.441,74,0.0,1.1,0.319,3,2,2,2/2,1.0,1.0,1.0,2.0,0,1,0,28.8,Strong Pitcher Advantage,Below average,53.8,5,Pitch-level Statcast · last 5 MLB games,444,4-Seam Fastball,49.32432432432432,219.0,Curveball,20.945945945945947,93.0,Changeup,17.792792792792792,79.0,Slider,11.936936936936936,53.0,,,,Unknown,,Unknown,,No,100.0,1.0,1.0,50.0,0.935,0.933,44.9,Current-Season Handedness Matchup,Pull Air %,Barrel %,Max Exit Velocity,26.5,9.9,17.4,48.0,50.0,45.0,31.4,3.8,1.121,1.0,1.035,1.0,0.948,0.948,0.98,11.43,6.93,79.1,24.0,F,Lineup unconfirmed,,,,,,
347,2026-09-04,823338,2026-09-04T22:45:00Z,Scheduled,PNC Park,Los Angeles Angels @ Pittsburgh Pirates,Home,669707,Jared Triolo,Pittsburgh Pirates,Los Angeles Angels,SS,R,No,,104,334,297,72,12,0,3,31,29,27,5,66,0.242,0.315,0.313,0.628,11,39,34,10,1,0.294,0.0256,23,76,68,17,2,0.25,0.0263,397,89,2.1,25.2,35.7,31.8,32.2,11.0,28.0,33.2,30.1,3.3,1.9,3.3,59.4,81.5,11.1,0.419,67.6,93.6,108.5,4.5,8.9,1.9,45.7,16.8,Weak,1.5,Contact-First Profile,A,Excellent HR swing plane,16.8,Weak,0.907,Good,2.2,37.0,93.8,0.429,Derived proxy,Derived proxy,Derived proxy,Derived proxy,,,9.15,6.15,Strong positive regression,Weak Contact-First Profile profile. 2.1% barrel rate; 81.5 mph average exit velocity; 28.0% air-ball rate; 33.2% pull-air rate; 3.3% HR-launch rate.,0.009,0.0151,3.87,9,3,99.0,0.09,9.1,Very recent HR,696270.0,Ryan Johnson,R,RHB vs RHP,17,14,72.1,5.47,1.42,16,1.99,6.47,4.48,421.0,6.2,24.2,19.0,39.8,29.9,82.4,94.8,113.6,0.572,16.0,10.6,100.0,0.344,2.6,Cutter,R,RHB vs RHP,27.5,203,0.219,0.302,0.292,0.594,2,17,46,0.0099,2.2,0.369,132,0.053,6.1,0.617,1,1,0,0/1,0.0,0.0,0.0,0.0,0,0,0,25.6,Strong Pitcher Advantage,Below average,47.5,5,Pitch-level Statcast · last 5 MLB games,423,Cutter,48.463356973995275,205.0,Sweeper,25.53191489361702,108.0,Split-Finger,15.130023640661939,64.0,Sinker,10.874704491725769,46.0,,,,Unknown,,Unknown,,No,100.0,1.0,1.0,50.0,0.921,0.987,31.5,Current-Season Handedness Matchup,Pull Air %,Barrel %,Max Exit Velocity,27.5,38.6,10.6,28.0,50.0,45.0,31.4,3.8,1.289,1.142,0.985,0.94,0.907,0.853,0.98,5.71,4.91,81.9,19.3,F,Lineup unconfirmed,,,,,,
348,2026-09-04,824797,2026-09-04T23:05:00Z,Scheduled,Oriole Park at Camden Yards,Boston Red Sox @ Baltimore Orioles,Home,677942,Blaze Alexander,Baltimore Orioles,Boston Red Sox,3B,R,No,,88,269,243,75,12,2,4,34,30,17,4,58,0.309,0.362,0.424,0.786,6,23,22,6,0,0.273,0.0,6,23,22,6,0,0.273,0.0,392,34,2.2,23.6,35.2,28.7,35.1,9.6,22.8,29.4,36.9,6.5,2.4,6.5,30.8,82.3,16.1,0.561,68.6,93.7,110.5,19.9,13.1,5.5,45.6,23.2,Weak,2.0,Contact-First Profile,A,Excellent HR swing plane,23.2,Weak,0.925,Good,0.0,28.6,92.3,0.474,Derived proxy,Derived proxy,Derived proxy,Derived proxy,,,10.35,6.35,Strong positive regression,Weak Contact-First Profile profile. 2.2% barrel rate; 82.3 mph average exit velocity; 22.8% air-ball rate; 29.4% pull-air rate; 6.5% HR-launch rate.,0.0149,0.0202,3.99,24,7,60.8,0.4,39.5,Recently homered,624133.0,Ranger Suarez,L,RHB vs LHP,24,24,123.2,3.64,1.24,8,0.58,8.66,2.84,664.0,3.2,20.5,12.2,44.1,32.1,80.4,93.2,113.6,0.477,8.0,34.8,99.9,0.578,3.0,Sinker,R,RHB vs LHP,18.6,92,0.271,0.315,0.341,0.656,1,6,22,0.0109,2.2,0.551,372,0.0134,2.7,0.462,2,2,0,0/2,0.0,0.0,0.0,0.0,0,0,1,29.5,Strong Pitcher Advantage,Below average,45.0,5,Pitch-level Statcast · last 5 MLB games,438,4-Seam Fastball,24.200913242009133,106.0,Sinker,21.91780821917808,96.0,Curveball,17.123287671232877,75.0,Cutter,15.981735159817351,70.0,Changeup,12.100456621004566,53.0,Unknown,,Unknown,,No,99.0,0.99,1.0,48.2,0.97,0.957,31.0,Current-Season Handedness Matchup,Pull Air %,Barrel %,Max Exit Velocity,18.6,28.0,34.8,16.7,48.2,45.0,31.3,3.8,0.857,0.917,1.025,1.0,0.925,0.925,1.0,7.8,4.51,73.1,19.5,F,Lineup unconfirmed,Slider,8.67579908675799,38.0,,,
349,2026-09-04,823256,2026-09-05T01:40:00Z,Scheduled,Petco Park,New York Yankees @ San Diego Padres,Home,593428,Xander Bogaerts,San Diego Padres,New York Yankees,SS,R,No,,133,527,452,99,14,0,11,52,51,66,4,93,0.219,0.321,0.323,0.644,11,42,35,8,0,0.229,0.0,24,92,76,15,2,0.197,0.0217,604,101,4.8,30.3,44.4,29.1,26.3,15.3,27.6,47.2,24.4,4.7,3.0,4.7,40.3,85.2,10.1,0.482,70.2,97.1,111.4,27.3,9.6,7.9,52.0,33.5,Weak,2.5,Pull Power,A,Excellent HR swing plane,33.5,Weak,0.954,Good,5.9,46.7,98.6,0.497,Derived proxy,Derived proxy,Derived proxy,Derived proxy,,,28.06,17.06,Strong positive regression,Weak Pull Power profile. 4.8% barrel rate; 85.2 mph average exit velocity; 27.6% air-ball rate; 47.2% pull-air rate; 4.7% HR-launch rate.,0.0209,0.0229,3.87,53,17,41.1,1.29,129.0,Near normal interval,608331.0,Max Fried,L,RHB vs LHP,16,16,90.0,2.8,1.0,3,0.3,8.3,2.8,426.0,1.4,20.2,12.9,26.7,30.5,80.3,92.8,111.6,0.357,3.0,25.9,100.0,0.468,4.0,Cutter,R,RHB vs LHP,9.9,139,0.223,0.324,0.289,0.613,1,18,16,0.0072,1.7,0.423,263,0.0114,1.2,0.357,2,2,0,0/2,0.0,0.0,0.0,0.0,0,0,2,22.5,Strong Pitcher Advantage,Below average,45.0,5,Pitch-level Statcast · last 5 MLB games,385,Cutter,22.5974025974026,87.0,4-Seam Fastball,21.558441558441558,83.0,Sinker,21.038961038961038,81.0,Sweeper,12.987012987012987,50.0,Curveball,10.64935064935065,41.0,Unknown,,Unknown,,No,94.0,0.94,1.0,39.2,0.952,0.939,40.1,Current-Season Handedness Matchup,Pull Air %,Barrel %,Max Exit Velocity,9.9,11.9,25.9,54.9,39.2,45.0,31.3,3.79,0.848,0.872,1.025,0.94,0.954,0.897,1.0,8.59,4.32,84.4,21.2,F,Lineup unconfirmed,Changeup,8.571428571428571,33.0,Slider,2.5974025974025974,10.0
350,2026-09-04,823418,2026-09-04T22:40:00Z,Scheduled,Citizens Bank Park,Atlanta Braves @ Philadelphia Phillies,Home,607208,Trea Turner,Philadelphia Phillies,Atlanta Braves,SS,R,No,,135,602,556,133,23,1,17,88,52,39,4,131,0.239,0.292,0.376,0.668,11,50,47,8,0,0.17,0.0,23,107,96,18,1,0.188,0.0093,776,125,3.7,24.4,33.5,34.2,32.3,15.0,24.8,35.6,26.4,5.4,3.5,5.4,44.4,82.5,18.2,0.442,69.6,94.2,109.0,16.9,10.0,4.4,61.7,23.6,Weak,2.0,Contact-First Profile,A,Excellent HR swing plane,23.6,Weak,0.926,Good,3.2,34.5,92.7,0.376,Derived proxy,Derived proxy,Derived proxy,Derived proxy,,,27.87,10.87,Strong positive regression,Weak Contact-First Profile profile. 3.7% barrel rate; 82.5 mph average exit velocity; 24.8% air-ball rate; 35.6% pull-air rate; 5.4% HR-launch rate.,0.0282,0.0289,3.99,82,20,32.7,2.51,250.7,Very long drought,519242.0,Chris Sale,L,RHB vs LHP,24,24,144.0,2.06,1.0,8,0.5,11.06,1.75,744.0,3.1,19.5,11.6,36.0,32.3,81.8,93.2,113.2,0.487,8.0,26.5,100.0,0.474,4.1,4-Seam Fastball,R,RHB vs LHP,20.9,197,0.223,0.31,0.32,0.63,3,20,32,0.0152,4.0,0.483,433,0.0162,3.0,0.493,21,19,6,6/19,0.316,0.381,0.421,0.802,0,1,6,26.2,Strong Pitcher Advantage,Below average,37.7,5,Pitch-level Statcast · last 5 MLB games,508,4-Seam Fastball,42.51968503937008,216.0,Slider,39.960629921259844,203.0,Sinker,9.05511811023622,46.0,Changeup,8.464566929133857,43.0,,,,Unknown,,Unknown,,No,108.0,1.08,1.0,64.4,0.953,0.956,32.8,Current-Season Handedness Matchup,Pull Air %,Barrel %,Max Exit Velocity,20.9,22.9,26.5,25.7,64.4,45.0,31.2,3.79,0.758,0.904,1.025,1.0,0.926,0.926,1.06,11.03,5.5,85.0,29.0,F,Lineup unconfirmed,,,,,,
351,2026-09-04,824311,2026-09-05T00:40:00Z,Scheduled,Coors Field,St. Louis Cardinals @ Colorado Rockies,Home,687597,Jordan Beck,Colorado Rockies,St. Louis Cardinals,LF,R,No,,49,146,135,27,7,2,1,13,11,10,0,44,0.2,0.253,0.304,0.557,8,20,19,5,0,0.263,0.0,17,51,46,10,0,0.217,0.0,187,61,2.7,18.4,36.3,33.5,29.6,13.4,24.4,34.6,23.1,1.7,0.0,1.7,10.8,79.0,19.4,0.431,72.3,91.7,110.0,37.6,8.7,8.0,52.3,21.3,Weak,2.0,Contact-First Profile,A,Excellent HR swing plane,21.3,Weak,0.92,Good,1.6,35.7,92.1,0.427,Derived proxy,Derived proxy,Derived proxy,Derived proxy,,,4.66,3.66,Positive regression,Weak Contact-First Profile profile. 2.7% barrel rate; 79.0 mph average exit velocity; 24.4% air-ball rate; 34.6% pull-air rate; 1.7% HR-launch rate.,0.0068,0.0182,3.81,100,37,135.0,0.74,74.1,Recently homered,669467.0,Andre Pallante,R,RHB vs RHP,24,24,136.0,3.57,1.24,10,0.66,6.42,2.71,716.0,3.4,22.8,10.3,39.4,29.5,82.4,94.6,117.8,0.462,10.0,22.2,82.3,0.421,4.6,4-Seam Fastball,R,RHB vs RHP,16.5,71,0.091,0.155,0.167,0.322,0,5,18,0.0,3.2,0.34,259,0.0154,2.4,0.441,3,3,1,1/3,0.333,0.333,0.667,1.0,0,0,0,25.5,Strong Pitcher Advantage,Below average,51.3,5,Pitch-level Statcast · last 5 MLB games,468,4-Seam Fastball,35.68376068376068,167.0,Slider,28.418803418803417,133.0,Knuckle Curve,17.521367521367523,82.0,Sinker,15.598290598290598,73.0,Split-Finger,2.7777777777777777,13.0,Unknown,,Unknown,,No,118.0,1.18,1.0,82.4,0.944,0.959,28.8,Current-Season Handedness Matchup,Pull Air %,Barrel %,Max Exit Velocity,16.5,26.0,22.2,22.9,82.4,45.0,31.1,3.79,0.758,0.93,0.985,0.94,0.92,0.864,1.0,6.76,4.05,66.5,15.8,F,Lineup unconfirmed,,,,,,
352,2026-09-04,823338,2026-09-04T22:45:00Z,Scheduled,PNC Park,Los Angeles Angels @ Pittsburgh Pirates,Home,687462,Spencer Horwitz,Pittsburgh Pirates,Los Angeles Angels,1B,L,No,,98,397,340,84,12,1,10,40,41,46,7,62,0.247,0.345,0.376,0.721,10,44,42,9,0,0.214,0.0,20,89,81,14,0,0.173,0.0,516,107,2.5,18.0,42.7,28.5,28.7,15.3,26.4,33.2,25.4,3.6,2.1,3.6,50.0,81.6,17.5,0.397,66.9,92.7,107.2,4.3,7.7,1.6,51.1,15.6,Weak,1.5,Contact-First Profile,A,Excellent HR swing plane,15.6,Weak,0.904,Good,0.0,24.1,92.0,0.333,Derived proxy,Derived proxy,Derived proxy,Derived proxy,,,13.36,3.36,Positive regression,Weak Contact-First Profile profile. 2.5% barrel rate; 81.6 mph average exit velocity; 26.4% air-ball rate; 33.2% pull-air rate; 3.6% HR-launch rate.,0.0252,0.0268,3.99,105,27,34.0,3.09,308.8,Very long drought,696270.0,Ryan Johnson,R,LHB vs RHP,17,14,72.1,5.47,1.42,16,1.99,6.47,4.48,421.0,6.2,24.2,19.0,39.8,29.9,82.4,94.8,113.6,0.572,16.0,15.5,100.0,0.374,3.5,Cutter,L,LHB vs RHP,34.4,315,0.259,0.356,0.411,0.767,9,37,47,0.0286,4.3,0.45,185,0.0486,6.2,0.54,0,0,0,0/0,,,,,0,0,0,30.9,Slight Pitcher Advantage,Below average,50.0,5,Pitch-level Statcast · last 5 MLB games,423,Cutter,48.463356973995275,205.0,Sweeper,25.53191489361702,108.0,Split-Finger,15.130023640661939,64.0,Sinker,10.874704491725769,46.0,,,,Unknown,,Unknown,,No,100.0,1.0,1.0,50.0,0.931,0.987,31.6,Current-Season Handedness Matchup,Pull Air %,Barrel %,Max Exit Velocity,34.4,38.6,15.5,11.9,50.0,45.0,30.9,3.78,0.758,1.142,1.025,1.0,0.904,0.904,1.06,10.26,5.72,84.1,30.0,D,Lineup unconfirmed,,,,,,
353,2026-09-04,823418,2026-09-04T22:40:00Z,Scheduled,Citizens Bank Park,Atlanta Braves @ Philadelphia Phillies,Away,673490,Ha-Seong Kim,Atlanta Braves,Philadelphia Phillies,SS,R,No,,37,103,92,11,1,0,0,6,5,10,1,26,0.12,0.214,0.13,0.344,6,18,16,6,0,0.375,0.0,10,21,19,6,0,0.316,0.0,144,37,0.9,17.0,46.2,31.4,20.4,11.4,20.6,40.2,20.7,2.3,0.9,2.3,0.0,81.4,22.4,0.317,69.9,92.3,111.6,17.3,5.5,5.2,52.9,19.1,Weak,2.0,Contact-First Profile,A-,Elevated power plane,19.1,Weak,0.913,Good,0.0,42.9,93.8,0.34,Derived proxy,Derived proxy,Derived proxy,Derived proxy,,,2.38,2.38,Positive regression,Weak Contact-First Profile profile. 0.9% barrel rate; 81.4 mph average exit velocity; 20.6% air-ball rate; 40.2% pull-air rate; 2.3% HR-launch rate.,0.0,0.0172,3.87,92,37,,,,No season HR,650911.0,Cristopher Sánchez,L,RHB vs LHP,28,28,175.1,2.52,1.19,14,0.72,10.37,2.0,827.0,4.2,27.3,9.1,42.6,26.6,83.4,96.1,112.7,0.504,14.0,2.7,100.0,0.277,1.3,Sinker,R,RHB vs LHP,28.0,47,0.07,0.149,0.07,0.219,0,4,13,0.0,1.5,0.299,561,0.0232,4.9,0.533,3,3,0,0/3,0.0,0.0,0.0,0.0,0,0,1,22.0,Strong Pitcher Advantage,Below average,42.5,5,Pitch-level Statcast · last 5 MLB games,471,Sinker,46.07218683651805,217.0,Changeup,35.881104033970274,169.0,Slider,18.046709129511676,85.0,,,,,,,Unknown,,Unknown,,No,108.0,1.08,1.0,64.4,0.92,0.967,34.4,Current-Season Handedness Matchup,Pull Air %,Barrel %,Max Exit Velocity,28.0,32.2,2.7,33.0,64.4,45.0,30.9,3.78,0.857,0.939,1.025,0.94,0.913,0.859,1.0,6.5,4.09,61.0,15.1,F,Lineup unconfirmed,,,,,,
354,2026-09-04,823579,2026-09-04T23:10:00Z,Scheduled,Citi Field,San Francisco Giants @ New York Mets,Away,701852,Drew Cavanaugh,San Francisco Giants,New York Mets,C,L,No,,44,129,112,27,3,0,0,6,9,15,0,36,0.241,0.331,0.268,0.599,10,30,28,8,0,0.286,0.0,20,61,56,13,0,0.232,0.0,154,73,2.6,17.3,33.5,27.1,37.8,10.6,27.4,32.3,41.5,4.9,1.7,4.9,0.0,78.8,16.9,0.589,67.3,90.8,106.2,5.0,11.5,0.0,37.5,18.6,Weak,1.5,Contact-First Profile,A,Excellent HR swing plane,18.6,Weak,0.912,Good,2.7,31.8,90.9,0.656,Derived proxy,Derived proxy,Derived proxy,Derived proxy,,,4.25,4.25,Strong positive regression,Weak Contact-First Profile profile. 2.6% barrel rate; 78.8 mph average exit velocity; 27.4% air-ball rate; 32.3% pull-air rate; 4.9% HR-launch rate.,0.0,0.0154,3.93,112,44,,,,No season HR,690997.0,Nolan McLean,R,LHB vs RHP,27,27,155.2,3.06,1.12,15,0.87,9.94,3.53,770.0,3.6,21.2,12.3,40.4,29.0,81.4,93.6,112.8,0.483,15.0,32.4,99.8,0.574,1.6,Sinker,L,LHB vs RHP,24.7,112,0.255,0.342,0.286,0.628,0,13,28,0.0,2.8,0.56,386,0.0285,4.2,0.553,0,0,0,0/0,,,,,0,0,0,32.5,Slight Pitcher Advantage,Below average,50.0,5,Pitch-level Statcast · last 5 MLB games,467,Sinker,35.54603854389722,166.0,4-Seam Fastball,18.41541755888651,86.0,Curveball,14.5610278372591,68.0,Cutter,14.132762312633833,66.0,Slider,7.494646680942184,35.0,Unknown,,Unknown,,No,100.0,1.0,1.0,50.0,0.965,0.961,31.1,Current-Season Handedness Matchup,Pull Air %,Barrel %,Max Exit Velocity,24.7,26.2,32.4,18.6,50.0,45.0,30.8,3.78,0.758,0.963,1.025,0.94,0.912,0.857,1.0,5.93,3.68,66.1,15.1,F,Lineup unconfirmed,Sweeper,6.638115631691649,31.0,Changeup,3.2119914346895073,15.0
355,2026-09-04,823338,2026-09-04T22:45:00Z,Scheduled,PNC Park,Los Angeles Angels @ Pittsburgh Pirates,Home,663968,Jake Mangum,Pittsburgh Pirates,Los Angeles Angels,CF,S,No,,117,420,379,109,16,2,4,54,29,23,12,83,0.288,0.346,0.372,0.718,10,35,29,5,0,0.172,0.0,24,89,77,19,1,0.247,0.0112,637,108,1.6,15.3,32.9,31.2,34.6,8.5,18.4,33.4,32.0,2.9,2.3,2.9,55.0,79.2,13.9,0.425,65.1,91.0,106.3,3.4,8.1,1.1,32.3,13.6,Weak,1.5,Contact-First Profile,A,Excellent HR swing plane,13.6,Weak,0.898,Good,2.8,36.4,90.8,0.444,Derived proxy,Derived proxy,Derived proxy,Derived proxy,,,12.51,8.51,Strong positive regression,Weak Contact-First Profile profile. 1.6% barrel rate; 79.2 mph average exit velocity; 18.4% air-ball rate; 33.4% pull-air rate; 2.9% HR-launch rate.,0.0095,0.0145,3.99,62,20,94.8,0.65,65.4,Recently homered,696270.0,Ryan Johnson,R,Switch vs RHP,17,14,72.1,5.47,1.42,16,1.99,6.47,4.48,421.0,6.2,24.2,19.0,39.8,29.9,82.4,94.8,113.6,0.572,16.0,16.0,100.0,0.41,1.1,Cutter,L,LHB vs RHP,26.4,301,0.287,0.339,0.378,0.717,3,16,59,0.01,0.9,0.427,185,0.0486,6.2,0.54,0,0,0,0/0,,,,,0,0,0,27.5,Strong Pitcher Advantage,Below average,50.0,5,Pitch-level Statcast · last 5 MLB games,423,Cutter,48.463356973995275,205.0,Sweeper,25.53191489361702,108.0,Split-Finger,15.130023640661939,64.0,Sinker,10.874704491725769,46.0,,,,Unknown,,Unknown,,No,100.0,1.0,1.0,50.0,0.932,0.987,28.7,Current-Season Handedness Matchup,Pull Air %,Barrel %,Max Exit Velocity,26.4,38.6,16.0,22.6,50.0,45.0,30.8,3.78,0.816,1.142,1.035,1.0,0.898,0.898,1.0,5.67,4.12,84.1,19.4,F,Lineup unconfirmed,,,,,,
356,2026-09-04,824387,2026-09-04T23:15:00Z,Scheduled,Progressive Field,Detroit Tigers @ Cleveland Guardians,Away,650402,Gleyber Torres,Detroit Tigers,Cleveland Guardians,2B,R,No,,81,354,301,79,12,0,8,46,36,48,3,66,0.262,0.367,0.382,0.749,10,37,34,8,0,0.235,0.0,24,101,92,23,1,0.25,0.0099,460,142,3.1,18.9,26.8,33.4,39.9,13.2,25.6,24.6,26.0,5.3,2.4,5.3,42.3,82.1,19.4,0.464,67.0,92.4,106.7,3.6,8.9,1.1,52.9,14.6,Weak,1.5,Contact-First Profile,A,Excellent HR swing plane,14.6,Weak,0.901,Good,2.1,28.6,92.6,0.438,Derived proxy,Derived proxy,Derived proxy,Derived proxy,,,13.67,5.67,Strong positive regression,Weak Contact-First Profile profile. 3.1% barrel rate; 82.1 mph average exit velocity; 25.6% air-ball rate; 24.6% pull-air rate; 5.3% HR-launch rate.,0.0226,0.025,4.05,66,18,37.6,1.75,175.4,Above normal drought,656492.0,Foster Griffin,L,RHB vs LHP,27,27,154.1,3.21,1.12,23,1.34,8.11,2.27,855.0,5.4,23.0,13.9,39.5,33.9,81.5,94.4,119.0,0.551,23.0,25.3,99.9,0.483,3.0,Cutter,R,RHB vs LHP,37.4,104,0.192,0.385,0.359,0.744,2,23,21,0.0192,8.4,0.6,461,0.0347,5.2,0.54,3,3,1,1/3,0.333,0.333,1.333,1.666,1,0,0,37.2,Slight Pitcher Advantage,Below average,57.5,5,Pitch-level Statcast · last 5 MLB games,459,Cutter,30.065359477124183,138.0,4-Seam Fastball,18.30065359477124,84.0,Changeup,15.250544662309368,70.0,Sweeper,14.596949891067538,67.0,Sinker,9.368191721132897,43.0,Unknown,,Unknown,,No,100.0,1.0,1.0,50.0,0.951,0.979,28.8,Current-Season Handedness Matchup,Pull Air %,Barrel %,Max Exit Velocity,37.4,34.1,25.3,17.5,50.0,45.0,30.7,3.78,0.758,1.038,1.025,1.0,0.901,0.901,1.035,9.74,5.18,85.0,26.3,F,Lineup unconfirmed,Split-Finger,6.5359477124183005,30.0,Curveball,5.882352941176471,27.0
357,2026-09-04,824471,2026-09-04T22:10:00Z,Scheduled,Great American Ball Park,Milwaukee Brewers @ Cincinnati Reds,Home,624431,Jose Trevino,Cincinnati Reds,Milwaukee Brewers,C,R,No,,43,130,126,29,3,0,5,12,16,1,0,24,0.23,0.234,0.373,0.607,6,22,21,4,1,0.19,0.0455,12,40,39,7,1,0.179,0.025,161,56,1.8,19.4,36.9,36.7,25.2,13.7,24.5,35.0,31.9,3.3,1.8,3.3,143.3,81.2,11.1,0.383,67.0,92.2,105.6,2.8,7.2,0.0,62.7,16.5,Weak,1.5,Contact-First Profile,A,Excellent HR swing plane,16.5,Weak,0.906,Good,1.8,28.6,90.3,0.402,Derived proxy,Derived proxy,Derived proxy,Derived proxy,,,3.51,-1.49,Near expected,Weak Contact-First Profile profile. 1.8% barrel rate; 81.2 mph average exit velocity; 24.5% air-ball rate; 35.0% pull-air rate; 3.3% HR-launch rate.,0.0385,0.0354,3.81,8,2,25.2,0.32,31.7,Very recent HR,675660.0,Shane Drohan,L,RHB vs LHP,27,16,110.1,3.75,1.3,10,0.82,8.97,3.02,557.0,5.4,25.7,16.0,37.2,30.9,82.4,95.0,113.6,0.49,10.0,14.4,100.0,0.394,1.6,4-Seam Fastball,R,RHB vs LHP,36.7,26,0.28,0.28,0.28,0.56,0,0,5,0.0,0.0,0.406,321,0.0312,5.6,0.494,0,0,0,0/0,,,,,0,0,0,31.6,Slight Pitcher Advantage,Below average,50.0,5,Pitch-level Statcast · last 5 MLB games,400,4-Seam Fastball,23.25,93.0,Slider,21.5,86.0,Sinker,20.25,81.0,Cutter,15.5,62.0,Curveball,12.25,49.0,Unknown,,Unknown,,No,112.0,1.12,1.0,71.6,0.929,0.979,32.1,Current-Season Handedness Matchup,Pull Air %,Barrel %,Max Exit Velocity,36.7,31.2,14.4,12.7,71.6,45.0,30.7,3.78,1.01,0.955,1.025,0.975,0.906,0.884,0.98,12.82,7.14,64.5,20.5,F,Lineup unconfirmed,Changeup,7.25,29.0,,,
358,2026-09-04,824146,2026-09-05T00:10:00Z,Scheduled,Daikin Park,Arizona Diamondbacks @ Houston Astros,Home,543877,Christian Vázquez,Houston Astros,Arizona Diamondbacks,C,R,No,,80,252,228,48,7,0,7,22,25,18,0,49,0.211,0.267,0.333,0.6,5,15,14,1,0,0.071,0.0,12,35,31,5,2,0.161,0.0571,362,64,2.7,12.3,28.8,36.7,34.5,9.7,21.1,27.3,29.1,4.7,2.7,4.7,99.2,78.9,17.7,0.374,62.6,89.5,106.6,0.3,7.4,0.0,58.4,13.1,Weak,1.5,Contact-First Profile,A,Excellent HR swing plane,13.1,Weak,0.897,Good,4.7,22.2,87.5,0.422,Derived proxy,Derived proxy,Derived proxy,Derived proxy,,,9.68,2.68,Positive regression,Weak Contact-First Profile profile. 2.7% barrel rate; 78.9 mph average exit velocity; 21.1% air-ball rate; 27.3% pull-air rate; 4.7% HR-launch rate.,0.0278,0.0291,3.81,18,6,32.6,0.55,55.3,Recently homered,518876.0,Merrill Kelly,R,RHB vs RHP,25,25,141.2,5.08,1.48,26,1.65,6.04,4.07,814.0,7.9,28.7,15.0,47.5,31.2,83.8,96.8,114.6,0.65,26.0,4.4,99.6,0.294,1.5,Changeup,R,RHB vs RHP,28.5,193,0.206,0.268,0.326,0.594,6,15,39,0.0311,1.8,0.344,241,0.0332,6.9,0.602,3,3,2,2/3,0.667,0.667,0.667,1.334,0,0,0,25.1,Strong Pitcher Advantage,Below average,53.8,5,Pitch-level Statcast · last 5 MLB games,436,4-Seam Fastball,31.422018348623855,137.0,Changeup,30.504587155963304,133.0,Curveball,11.238532110091743,49.0,Cutter,8.944954128440367,39.0,Slider,8.944954128440367,39.0,Unknown,,Unknown,,No,100.0,1.0,1.0,50.0,0.92,1.004,25.1,Current-Season Handedness Matchup,Pull Air %,Barrel %,Max Exit Velocity,28.5,55.2,4.4,8.1,50.0,45.0,30.7,3.78,1.014,1.088,0.985,0.94,0.897,0.843,1.0,10.66,6.16,72.8,20.0,F,Lineup unconfirmed,Sinker,8.486238532110091,37.0,Pitch Out,0.45871559633027525,2.0
359,2026-09-04,823418,2026-09-04T22:40:00Z,Scheduled,Citizens Bank Park,Atlanta Braves @ Philadelphia Phillies,Away,643289,Mauricio Dubón,Atlanta Braves,Philadelphia Phillies,LF,R,No,,132,532,493,131,24,2,10,58,64,31,2,64,0.266,0.311,0.383,0.694,10,40,38,10,0,0.263,0.0,23,89,84,24,0,0.286,0.0,836,149,1.8,15.8,33.5,27.7,38.1,13.9,28.5,34.8,33.8,3.8,2.1,3.8,32.5,80.3,24.6,0.404,67.6,90.9,108.1,5.6,7.6,1.0,36.4,15.1,Weak,1.5,Contact-First Profile,A-,Elevated power plane,15.1,Weak,0.902,Good,0.7,34.0,90.0,0.355,Derived proxy,Derived proxy,Derived proxy,Derived proxy,,,18.46,8.46,Strong positive regression,Weak Contact-First Profile profile. 1.8% barrel rate; 80.3 mph average exit velocity; 28.5% air-ball rate; 34.8% pull-air rate; 3.8% HR-launch rate.,0.0188,0.0212,4.05,155,42,49.3,3.14,314.4,Very long drought,650911.0,Cristopher Sánchez,L,RHB vs LHP,28,28,175.1,2.52,1.19,14,0.72,10.37,2.0,827.0,4.2,27.3,9.1,42.6,26.6,83.4,96.1,112.7,0.504,14.0,18.8,100.0,0.426,2.6,Sinker,R,RHB vs LHP,23.1,186,0.249,0.286,0.387,0.674,4,9,19,0.0215,2.3,0.423,561,0.0232,4.9,0.533,2,2,0,0/2,0.0,0.0,0.0,0.0,0,0,1,26.0,Strong Pitcher Advantage,Below average,45.0,5,Pitch-level Statcast · last 5 MLB games,471,Sinker,46.07218683651805,217.0,Changeup,35.881104033970274,169.0,Slider,18.046709129511676,85.0,,,,,,,Unknown,,Unknown,,No,108.0,1.08,1.0,64.4,0.938,0.967,29.7,Current-Season Handedness Matchup,Pull Air %,Barrel %,Max Exit Velocity,23.1,32.2,18.8,17.3,64.4,45.0,30.6,3.77,0.758,0.939,1.025,1.0,0.902,0.902,1.06,8.32,4.66,84.1,27.9,F,Lineup unconfirmed,,,,,,
360,2026-09-04,823418,2026-09-04T22:40:00Z,Scheduled,Citizens Bank Park,Atlanta Braves @ Philadelphia Phillies,Home,665561,Rafael Marchán,Philadelphia Phillies,Atlanta Braves,C,S,No,,32,92,88,9,0,0,2,5,6,2,2,14,0.102,0.141,0.17,0.311,0,0,0,0,0,0.0,0.0,0,0,0,0,0,0.0,0.0,136,0,2.2,14.0,50.0,31.1,18.9,14.0,25.0,50.0,25.0,3.7,2.9,3.7,66.7,79.9,25.5,0.295,64.6,91.1,103.7,0.0,4.4,0.0,50.8,18.4,Weak,1.5,Pull Power,A-,Elevated power plane,18.4,Weak,0.912,Good,,,,,Derived proxy,Derived proxy,Derived proxy,Derived proxy,,,3.77,1.77,Near expected,Weak Pull Power profile. 2.2% barrel rate; 79.9 mph average exit velocity; 25.0% air-ball rate; 50.0% pull-air rate; 3.7% HR-launch rate.,0.0217,0.0275,3.81,20,9,44.0,0.45,45.5,Recently homered,519242.0,Chris Sale,L,Switch vs LHP,24,24,144.0,2.06,1.0,8,0.5,11.06,1.75,744.0,3.1,19.5,11.6,36.0,32.3,81.8,93.2,113.2,0.487,8.0,6.4,100.0,0.28,3.7,4-Seam Fastball,R,RHB vs LHP,31.5,29,0.107,0.138,0.214,0.352,1,0,5,0.0345,2.2,0.26,433,0.0162,3.0,0.493,3,2,0,0/2,0.0,0.333,0.0,0.333,0,0,1,24.9,Strong Pitcher Advantage,Below average,42.5,5,Pitch-level Statcast · last 5 MLB games,508,4-Seam Fastball,42.51968503937008,216.0,Slider,39.960629921259844,203.0,Sinker,9.05511811023622,46.0,Changeup,8.464566929133857,43.0,,,,Unknown,,Unknown,,No,108.0,1.08,1.0,64.4,0.92,0.956,35.0,Current-Season Handedness Matchup,Pull Air %,Barrel %,Max Exit Velocity,31.5,22.9,6.4,50.0,64.4,45.0,30.6,3.77,1.0,0.904,1.035,0.94,0.912,0.857,1.0,10.1,5.57,58.6,17.1,F,Lineup unconfirmed; Limited recent games,,,,,,
361,2026-09-04,823905,2026-09-05T02:10:00Z,Scheduled,UNIQLO Field at Dodger Stadium,Washington Nationals @ Los Angeles Dodgers,Away,695670,Harry Ford,Washington Nationals,Los Angeles Dodgers,C,R,No,,26,87,75,15,5,0,3,11,8,11,1,22,0.2,0.31,0.387,0.697,7,26,23,4,1,0.174,0.0385,15,52,47,10,2,0.213,0.0385,112,75,4.3,15.0,48.7,30.4,20.9,14.6,20.5,49.8,31.0,5.3,5.3,5.3,62.3,78.6,16.3,0.451,66.1,90.7,110.2,4.3,5.3,2.8,44.7,26.7,Weak,2.0,Pull Power,A,Excellent HR swing plane,26.7,Weak,0.935,Good,4.0,57.1,90.8,0.491,Derived proxy,Derived proxy,Derived proxy,Derived proxy,,,4.66,1.66,Near expected,Weak Pull Power profile. 4.3% barrel rate; 78.6 mph average exit velocity; 20.5% air-ball rate; 49.8% pull-air rate; 5.3% HR-launch rate.,0.0345,0.033,4.05,9,3,25.0,0.36,36.0,Recently homered,605483.0,Blake Snell,L,RHB vs LHP,5,5,26.0,2.42,1.08,0,0.0,12.46,4.15,129.0,0.8,6.2,10.1,33.3,29.5,78.0,87.5,107.3,0.331,0.0,19.4,100.0,0.441,2.1,4-Seam Fastball,R,RHB vs LHP,31.5,40,0.257,0.35,0.457,0.807,1,5,12,0.025,6.0,0.465,74,0.0,1.1,0.319,0,0,0,0/0,,,,,0,0,0,30.9,Slight Pitcher Advantage,Below average,50.0,5,Pitch-level Statcast · last 5 MLB games,444,4-Seam Fastball,49.32432432432432,219.0,Curveball,20.945945945945947,93.0,Changeup,17.792792792792792,79.0,Slider,11.936936936936936,53.0,,,,Unknown,,Unknown,,No,100.0,1.0,1.0,50.0,0.939,0.933,43.4,Current-Season Handedness Matchup,Pull Air %,Barrel %,Max Exit Velocity,31.5,9.9,19.4,40.1,50.0,45.0,30.6,3.77,1.066,1.0,1.025,1.0,0.935,0.935,1.0,12.72,7.22,62.4,21.0,F,Lineup unconfirmed,,,,,,
362,2026-09-04,823093,2026-09-05T02:10:00Z,Scheduled,T-Mobile Park,Athletics @ Seattle Mariners,Away,672016,Denzel Clarke,Athletics,Seattle Mariners,CF,R,No,,24,67,59,10,1,0,0,5,6,5,0,24,0.169,0.234,0.186,0.42,2,7,6,1,0,0.167,0.0,2,7,6,1,0,0.167,0.0,66,11,1.3,22.2,34.1,45.5,18.2,2.6,7.8,33.3,18.1,0.0,0.0,0.0,0.0,79.2,3.4,0.332,71.1,93.5,112.1,58.2,1.3,7.4,37.4,18.5,Weak,1.5,Contact-First Profile,D,Ground-ball heavy,18.5,Weak,0.912,Good,0.0,,85.6,0.28,Derived proxy,Derived proxy,Derived proxy,Derived proxy,,,0.98,0.98,Near expected,Weak Contact-First Profile profile. 1.3% barrel rate; 79.2 mph average exit velocity; 7.8% air-ball rate; 33.3% pull-air rate; 0.0% HR-launch rate.,0.0,0.0205,3.87,59,24,,,,No season HR,669302.0,Logan Gilbert,R,RHB vs RHP,27,27,160.1,3.42,1.04,22,1.23,9.32,2.25,844.0,5.2,23.2,14.5,46.0,31.6,82.5,94.6,115.2,0.543,22.0,13.2,78.1,0.382,1.5,4-Seam Fastball,R,RHB vs RHP,36.9,36,0.133,0.235,0.133,0.369,0,4,16,0.0,0.0,0.309,278,0.0396,6.8,0.547,0,0,0,0/0,,,,,0,0,0,31.3,Slight Pitcher Advantage,Below average,50.0,5,Pitch-level Statcast · last 5 MLB games,479,4-Seam Fastball,43.42379958246347,208.0,Slider,23.799582463465555,114.0,Split-Finger,16.701461377870565,80.0,Changeup,9.394572025052192,45.0,Sweeper,4.592901878914405,22.0,Unknown,,Unknown,,No,92.0,0.92,1.0,35.6,0.926,0.977,34.4,Current-Season Handedness Matchup,Pull Air %,Barrel %,Max Exit Velocity,36.9,37.8,13.2,15.0,35.6,45.0,30.5,3.77,1.0,1.021,0.985,0.94,0.912,0.857,1.0,7.72,4.59,57.3,15.4,F,Small season sample; Lineup unconfirmed; Limited recent games,Cutter,1.8789144050104385,9.0,Sinker,0.20876826722338204,1.0
363,2026-09-04,823418,2026-09-04T22:40:00Z,Scheduled,Citizens Bank Park,Atlanta Braves @ Philadelphia Phillies,Away,642086,Dominic Smith,Atlanta Braves,Philadelphia Phillies,DH,L,No,,101,287,258,67,6,1,8,39,44,21,2,45,0.26,0.315,0.384,0.699,1,1,1,0,0,0.0,0.0,11,22,21,4,0,0.19,0.0,394,24,2.1,14.6,51.0,20.4,28.0,16.4,28.3,44.3,31.1,3.9,2.5,3.9,66.7,82.0,16.2,0.391,66.6,91.6,104.4,8.1,7.6,1.2,49.1,19.4,Weak,2.0,Pull Power,A,Excellent HR swing plane,19.4,Weak,0.914,Good,0.0,50.0,86.2,0.249,Derived proxy,Derived proxy,Derived proxy,Derived proxy,,,10.49,2.49,Positive regression,Weak Pull Power profile. 2.1% barrel rate; 82.0 mph average exit velocity; 28.3% air-ball rate; 44.3% pull-air rate; 3.9% HR-launch rate.,0.0279,0.0291,4.05,23,12,32.2,0.71,71.3,Recently homered,650911.0,Cristopher Sánchez,L,LHB vs LHP,28,28,175.1,2.52,1.19,14,0.72,10.37,2.0,827.0,4.2,27.3,9.1,42.6,26.6,83.4,96.1,112.7,0.504,14.0,7.7,100.0,0.327,0.6,Sinker,L,LHB vs LHP,21.8,36,0.161,0.257,0.194,0.451,0,4,5,0.0,2.0,0.255,165,0.0061,1.7,0.396,6,6,2,2/6,0.333,0.333,0.333,0.666,0,0,1,20.9,Strong Pitcher Advantage,Below average,41.9,5,Pitch-level Statcast · last 5 MLB games,471,Sinker,46.07218683651805,217.0,Changeup,35.881104033970274,169.0,Slider,18.046709129511676,85.0,,,,,,,Unknown,,Unknown,,No,108.0,1.08,1.0,64.4,0.92,0.967,31.8,Current-Season Handedness Matchup,Pull Air %,Barrel %,Max Exit Velocity,21.8,32.2,7.7,28.1,64.4,45.0,30.4,3.77,1.0,0.939,0.985,1.0,0.914,0.914,1.0,11.27,6.23,74.3,21.1,F,Lineup unconfirmed,,,,,,
364,2026-09-04,824387,2026-09-04T23:15:00Z,Scheduled,Progressive Field,Detroit Tigers @ Cleveland Guardians,Away,656716,Zach McKinstry,Detroit Tigers,Cleveland Guardians,RF,L,No,,112,381,336,71,15,3,4,35,26,37,3,61,0.211,0.294,0.31,0.604,9,30,28,2,0,0.071,0.0,23,76,66,12,0,0.182,0.0,558,116,0.7,10.0,49.0,17.5,33.2,14.0,28.1,38.6,33.6,2.4,1.5,2.4,66.7,79.4,19.6,0.36,65.8,89.2,106.1,3.4,6.4,0.6,35.7,14.2,Weak,1.5,Contact-First Profile,A,Excellent HR swing plane,14.2,Weak,0.9,Good,0.0,41.2,87.3,0.319,Derived proxy,Derived proxy,Derived proxy,Derived proxy,,,8.42,4.42,Strong positive regression,Weak Contact-First Profile profile. 0.7% barrel rate; 79.4 mph average exit velocity; 28.1% air-ball rate; 38.6% pull-air rate; 2.4% HR-launch rate.,0.0105,0.0156,3.93,128,44,84.0,1.52,152.4,Above normal drought,656492.0,Foster Griffin,L,LHB vs LHP,27,27,154.1,3.21,1.12,23,1.34,8.11,2.27,855.0,5.4,23.0,13.9,39.5,33.9,81.5,94.4,119.0,0.551,23.0,18.5,99.9,0.435,1.4,Cutter,L,LHB vs LHP,26.5,76,0.154,0.257,0.169,0.426,0,8,13,0.0,0.0,0.361,169,0.0414,5.9,0.584,0,0,0,0/0,,,,,0,0,0,28.4,Strong Pitcher Advantage,Below average,50.0,5,Pitch-level Statcast · last 5 MLB games,459,Cutter,30.065359477124183,138.0,4-Seam Fastball,18.30065359477124,84.0,Changeup,15.250544662309368,70.0,Sweeper,14.596949891067538,67.0,Sinker,9.368191721132897,43.0,Unknown,,Unknown,,No,100.0,1.0,1.0,50.0,0.937,0.979,29.9,Current-Season Handedness Matchup,Pull Air %,Barrel %,Max Exit Velocity,26.5,34.1,18.5,19.9,50.0,45.0,30.2,3.76,0.758,1.038,0.985,0.94,0.9,0.846,1.035,6.01,3.77,83.1,21.2,F,Lineup unconfirmed,Split-Finger,6.5359477124183005,30.0,Curveball,5.882352941176471,27.0
365,2026-09-04,824387,2026-09-04T23:15:00Z,Scheduled,Progressive Field,Detroit Tigers @ Cleveland Guardians,Home,595978,Austin Hedges,Cleveland Guardians,Detroit Tigers,C,R,No,,72,212,186,48,7,0,5,20,23,19,1,38,0.258,0.327,0.376,0.703,6,21,20,4,1,0.2,0.0476,12,40,35,7,1,0.2,0.025,253,36,3.5,20.4,44.0,29.9,26.1,13.6,26.7,37.5,25.5,3.8,1.3,3.8,67.5,80.1,17.0,0.369,65.5,91.9,109.3,8.0,5.9,0.8,58.0,18.6,Weak,1.5,Contact-First Profile,A,Excellent HR swing plane,18.6,Weak,0.912,Good,2.8,20.0,90.4,0.32,Derived proxy,Derived proxy,Derived proxy,Derived proxy,,,8.31,3.31,Positive regression,Weak Contact-First Profile profile. 3.5% barrel rate; 80.1 mph average exit velocity; 26.7% air-ball rate; 37.5% pull-air rate; 3.8% HR-launch rate.,0.0236,0.0266,3.99,12,4,37.2,0.32,32.3,Very recent HR,808825.0,Andrew Sears,L,RHB vs LHP,2,0,6.2,6.75,1.35,1,1.35,5.4,1.35,40.0,5.0,17.5,20.0,35.7,37.5,84.6,94.2,107.5,0.523,1.0,23.0,100.0,0.426,4.7,4-Seam Fastball,R,RHB vs LHP,27.8,99,0.253,0.337,0.373,0.71,2,11,10,0.0202,4.0,0.385,17,0.0,0.0,0.365,0,0,0,0/0,,,,,0,0,0,30.6,Slight Pitcher Advantage,Below average,50.0,2,Pitch-level Statcast · last 5 MLB games,116,4-Seam Fastball,45.689655172413794,53.0,Slider,34.48275862068966,40.0,Changeup,11.206896551724139,13.0,Sinker,8.620689655172415,10.0,,,,Unknown,,Unknown,,No,100.0,1.0,1.0,50.0,0.946,0.975,33.6,Current-Season Handedness Matchup,Pull Air %,Barrel %,Max Exit Velocity,27.8,28.9,23.0,6.5,50.0,45.0,29.9,3.75,1.162,1.004,1.025,1.0,0.912,0.912,0.98,10.21,6.6,70.3,21.2,F,Lineup unconfirmed,,,,,,
366,2026-09-04,823256,2026-09-05T01:40:00Z,Scheduled,Petco Park,New York Yankees @ San Diego Padres,Home,669134,Luis Campusano,San Diego Padres,New York Yankees,C,R,No,,55,181,155,43,11,0,5,18,23,24,2,42,0.277,0.381,0.445,0.826,8,24,22,3,0,0.136,0.0,16,55,46,10,1,0.217,0.0182,220,63,4.9,23.2,42.1,31.3,25.0,10.7,23.2,45.3,26.9,6.7,3.5,6.7,41.2,81.9,16.4,0.474,68.7,94.1,108.6,22.3,11.1,6.1,60.8,30.0,Weak,2.0,Pull Power,A,Excellent HR swing plane,30.0,Weak,0.944,Good,4.8,33.3,92.6,0.402,Derived proxy,Derived proxy,Derived proxy,Derived proxy,,,10.15,5.15,Strong positive regression,Weak Pull Power profile. 4.9% barrel rate; 81.9 mph average exit velocity; 23.2% air-ball rate; 45.3% pull-air rate; 6.7% HR-launch rate.,0.0276,0.0294,4.17,36,13,31.0,1.16,116.1,Near normal interval,608331.0,Max Fried,L,RHB vs LHP,16,16,90.0,2.8,1.0,3,0.3,8.3,2.8,426.0,1.4,20.2,12.9,26.7,30.5,80.3,92.8,111.6,0.357,3.0,27.8,100.0,0.48,4.4,Cutter,R,RHB vs LHP,27.7,38,0.219,0.342,0.344,0.686,1,6,10,0.0263,2.6,0.539,263,0.0114,1.2,0.357,0,0,0,0/0,,,,,0,0,0,32.2,Slight Pitcher Advantage,Below average,50.0,5,Pitch-level Statcast · last 5 MLB games,385,Cutter,22.5974025974026,87.0,4-Seam Fastball,21.558441558441558,83.0,Sinker,21.038961038961038,81.0,Sweeper,12.987012987012987,50.0,Curveball,10.64935064935065,41.0,Unknown,,Unknown,,No,94.0,0.94,1.0,39.2,0.956,0.939,41.1,Current-Season Handedness Matchup,Pull Air %,Barrel %,Max Exit Velocity,27.7,11.9,27.8,27.8,39.2,45.0,29.8,3.75,0.788,0.872,1.025,1.0,0.944,0.944,1.0,11.69,5.08,69.3,22.3,F,Lineup unconfirmed,Changeup,8.571428571428571,33.0,Slider,2.5974025974025974,10.0
367,2026-09-04,823579,2026-09-04T23:10:00Z,Scheduled,Citi Field,San Francisco Giants @ New York Mets,Away,683766,Christian Koss,San Francisco Giants,New York Mets,3B,R,No,,50,146,135,27,5,0,1,16,5,5,2,38,0.2,0.239,0.259,0.498,13,48,42,8,1,0.19,0.0208,26,95,87,19,1,0.218,0.0105,170,109,3.2,19.6,34.4,40.4,22.8,8.4,18.7,44.2,27.5,4.9,4.2,4.9,21.8,78.3,11.3,0.421,66.0,91.6,108.7,5.7,9.6,0.7,52.3,21.9,Weak,2.0,Pull Power,A,Excellent HR swing plane,21.9,Weak,0.921,Good,3.7,47.4,91.8,0.473,Derived proxy,Derived proxy,Derived proxy,Derived proxy,,,5.69,4.69,Strong positive regression,Weak Pull Power profile. 3.2% barrel rate; 78.3 mph average exit velocity; 18.7% air-ball rate; 44.2% pull-air rate; 4.9% HR-launch rate.,0.0068,0.0182,3.87,21,6,135.0,0.16,15.6,Very recent HR,690997.0,Nolan McLean,R,RHB vs RHP,27,27,155.2,3.06,1.12,15,0.87,9.94,3.53,770.0,3.6,21.2,12.3,40.4,29.0,81.4,93.6,112.8,0.483,15.0,14.4,99.8,0.371,3.1,Sinker,R,RHB vs RHP,11.6,102,0.217,0.273,0.261,0.534,0,5,29,0.0,2.7,0.43,259,0.0154,2.8,0.375,0,0,0,0/0,,,,,0,0,0,20.3,Strong Pitcher Advantage,Below average,50.0,5,Pitch-level Statcast · last 5 MLB games,467,Sinker,35.54603854389722,166.0,4-Seam Fastball,18.41541755888651,86.0,Curveball,14.5610278372591,68.0,Cutter,14.132762312633833,66.0,Slider,7.494646680942184,35.0,Unknown,,Unknown,,No,100.0,1.0,1.0,50.0,0.929,0.961,32.6,Current-Season Handedness Matchup,Pull Air %,Barrel %,Max Exit Velocity,11.6,26.2,14.4,37.0,50.0,45.0,29.8,3.75,0.956,0.963,0.985,0.94,0.921,0.866,0.98,6.86,4.2,70.0,16.5,F,Lineup unconfirmed,Sweeper,6.638115631691649,31.0,Changeup,3.2119914346895073,15.0
368,2026-09-04,824146,2026-09-05T00:10:00Z,Scheduled,Daikin Park,Arizona Diamondbacks @ Houston Astros,Away,678489,Jorge Barrosa,Arizona Diamondbacks,Houston Astros,CF,S,No,,97,159,134,27,11,1,2,28,12,14,2,42,0.201,0.285,0.343,0.628,5,2,2,1,0,0.5,0.0,16,10,8,2,0,0.25,0.0,193,12,2.2,18.3,44.6,38.6,16.8,14.9,24.1,48.6,29.3,5.7,5.2,5.7,40.0,76.2,17.1,0.39,62.8,90.9,103.2,2.1,12.6,0.3,45.9,20.9,Weak,2.0,Pull Power,A,Excellent HR swing plane,20.9,Weak,0.919,Good,0.0,0.0,89.3,0.51,Derived proxy,Derived proxy,Derived proxy,Derived proxy,,,5.68,3.68,Positive regression,Weak Pull Power profile. 2.2% barrel rate; 76.2 mph average exit velocity; 24.1% air-ball rate; 48.6% pull-air rate; 5.7% HR-launch rate.,0.0126,0.0209,3.87,31,44,67.0,0.46,46.3,Recently homered,664299.0,Cristian Javier,R,Switch vs RHP,13,8,44.2,6.45,1.63,8,1.61,8.46,3.83,281.0,4.3,20.3,20.3,46.8,32.4,82.3,93.7,110.8,0.58,8.0,18.8,99.8,0.374,5.2,4-Seam Fastball,L,LHB vs RHP,17.3,103,0.178,0.237,0.3,0.537,1,7,31,0.0097,2.5,0.392,92,0.0217,3.2,0.468,0,0,0,0/0,,,,,0,0,0,24.4,Strong Pitcher Advantage,Below average,50.0,5,Pitch-level Statcast · last 5 MLB games,426,4-Seam Fastball,48.35680751173709,206.0,Sweeper,27.934272300469484,119.0,Changeup,15.492957746478874,66.0,Cutter,7.042253521126761,30.0,Knuckle Curve,0.9389671361502347,4.0,Unknown,,Unknown,,No,100.0,1.0,1.0,50.0,0.938,0.968,31.4,Current-Season Handedness Matchup,Pull Air %,Barrel %,Max Exit Velocity,17.3,35.0,18.8,2.7,50.0,45.0,29.7,3.75,1.0,1.052,1.035,0.94,0.919,0.863,1.0,7.86,5.09,64.2,17.1,F,Lineup unconfirmed,Pitch Out,0.2347417840375587,1.0,,,
369,2026-09-04,824067,2026-09-05T00:10:00Z,Scheduled,Kauffman Stadium,Toronto Blue Jays @ Kansas City Royals,Away,672386,Alejandro Kirk,Toronto Blue Jays,Kansas City Royals,C,R,No,,63,247,218,59,6,0,8,18,32,26,0,31,0.271,0.344,0.408,0.752,9,36,35,7,1,0.2,0.0278,22,94,82,27,4,0.329,0.0426,322,125,3.0,28.0,26.6,32.2,40.3,11.3,26.5,30.2,31.6,6.1,2.7,6.1,93.0,84.2,15.5,0.437,69.9,96.0,109.2,16.1,12.5,6.5,48.5,23.7,Weak,2.0,Contact-First Profile,A,Excellent HR swing plane,23.7,Weak,0.926,Good,4.0,26.5,96.4,0.453,Derived proxy,Derived proxy,Derived proxy,Derived proxy,,,10.43,2.43,Positive regression,Weak Contact-First Profile profile. 3.0% barrel rate; 84.2 mph average exit velocity; 26.5% air-ball rate; 30.2% pull-air rate; 6.1% HR-launch rate.,0.0324,0.0323,4.05,9,2,27.2,0.33,33.0,Very recent HR,663738.0,Daniel Lynch IV,L,RHB vs LHP,51,5,61.2,3.06,1.05,5,0.73,6.71,2.77,299.0,4.3,27.1,16.1,34.9,25.1,83.5,96.0,111.3,0.498,5.0,19.2,92.2,0.442,1.2,Sinker,R,RHB vs LHP,22.9,82,0.292,0.366,0.361,0.727,1,9,16,0.0122,2.3,0.437,147,0.0272,3.9,0.534,2,1,0,0/1,0.0,0.5,0.0,0.5,0,1,0,26.1,Strong Pitcher Advantage,Below average,45.5,5,Pitch-level Statcast · last 5 MLB games,248,Sinker,35.88709677419355,89.0,Changeup,22.983870967741936,57.0,Slider,15.32258064516129,38.0,4-Seam Fastball,15.32258064516129,38.0,Knuckle Curve,10.483870967741936,26.0,Unknown,,Unknown,,No,100.0,1.0,1.0,50.0,0.938,0.968,31.6,Current-Season Handedness Matchup,Pull Air %,Barrel %,Max Exit Velocity,22.9,27.2,19.2,27.2,50.0,45.0,29.7,3.75,1.027,0.948,1.025,1.0,0.926,0.926,0.98,12.44,6.71,77.2,23.1,F,Lineup unconfirmed,,,,,,
370,2026-09-04,824067,2026-09-05T00:10:00Z,Scheduled,Kauffman Stadium,Toronto Blue Jays @ Kansas City Royals,Away,665926,Andrés Giménez,Toronto Blue Jays,Kansas City Royals,SS,L,No,,131,447,412,100,20,1,8,35,52,14,14,87,0.243,0.288,0.354,0.642,8,26,24,7,0,0.292,0.0,22,83,76,23,1,0.303,0.012,651,113,1.4,16.6,49.2,25.5,25.1,12.2,23.7,44.3,28.2,4.4,3.5,4.4,82.3,79.5,16.3,0.433,65.0,91.2,107.4,3.8,8.0,0.5,47.5,20.2,Weak,2.0,Pull Power,A,Excellent HR swing plane,20.2,Weak,0.917,Good,0.9,48.3,91.7,0.475,Derived proxy,Derived proxy,Derived proxy,Derived proxy,,,14.66,6.66,Strong positive regression,Weak Pull Power profile. 1.4% barrel rate; 79.5 mph average exit velocity; 23.7% air-ball rate; 44.3% pull-air rate; 4.4% HR-launch rate.,0.0179,0.0209,3.87,68,20,51.5,1.32,132.0,Near normal interval,663738.0,Daniel Lynch IV,L,LHB vs LHP,51,5,61.2,3.06,1.05,5,0.73,6.71,2.77,299.0,4.3,27.1,16.1,34.9,25.1,83.5,96.0,111.3,0.498,5.0,14.6,100.0,0.396,1.5,Sinker,L,LHB vs LHP,15.8,124,0.237,0.293,0.325,0.617,2,3,20,0.0161,1.2,0.384,103,0.0097,5.0,0.447,6,4,3,3/4,0.75,0.8,0.75,1.55,0,0,0,23.7,Strong Pitcher Advantage,Below average,57.5,5,Pitch-level Statcast · last 5 MLB games,248,Sinker,35.88709677419355,89.0,Changeup,22.983870967741936,57.0,Slider,15.32258064516129,38.0,4-Seam Fastball,15.32258064516129,38.0,Knuckle Curve,10.483870967741936,26.0,Unknown,,Unknown,,No,100.0,1.0,1.0,50.0,0.929,0.968,31.9,Current-Season Handedness Matchup,Pull Air %,Barrel %,Max Exit Velocity,15.8,27.2,14.6,34.0,50.0,45.0,29.5,3.75,0.781,0.948,0.985,0.975,0.917,0.894,1.0,7.84,4.16,83.6,21.0,F,Lineup unconfirmed,,,,,,
371,2026-09-04,824471,2026-09-04T22:10:00Z,Scheduled,Great American Ball Park,Milwaukee Brewers @ Cincinnati Reds,Home,667472,Dane Myers,Cincinnati Reds,Milwaukee Brewers,CF,R,No,,102,281,244,64,9,0,6,30,22,32,3,68,0.262,0.352,0.373,0.725,9,37,34,10,1,0.294,0.027,23,86,76,19,3,0.25,0.0349,352,123,2.0,20.9,22.6,36.9,38.7,12.6,24.3,19.5,28.2,3.9,2.3,3.9,101.2,82.4,15.9,0.47,68.5,93.2,107.9,16.0,8.0,3.5,47.5,14.3,Weak,1.5,Contact-First Profile,A,Excellent HR swing plane,14.3,Weak,0.9,Good,1.6,17.2,93.1,0.412,Derived proxy,Derived proxy,Derived proxy,Derived proxy,,,7.3,1.3,Near expected,Weak Contact-First Profile profile. 2.0% barrel rate; 82.4 mph average exit velocity; 24.3% air-ball rate; 19.5% pull-air rate; 3.9% HR-launch rate.,0.0214,0.0245,3.99,7,3,40.7,0.17,17.2,Very recent HR,675660.0,Shane Drohan,L,RHB vs LHP,27,16,110.1,3.75,1.3,10,0.82,8.97,3.02,557.0,5.4,25.7,16.0,37.2,30.9,82.4,95.0,113.6,0.49,10.0,21.4,100.0,0.464,1.8,4-Seam Fastball,R,RHB vs LHP,36.2,111,0.281,0.369,0.479,0.849,4,12,24,0.036,4.1,0.612,321,0.0312,5.6,0.494,2,1,0,0/1,0.0,0.5,0.0,0.5,0,1,1,32.9,Slight Pitcher Advantage,Below average,45.5,5,Pitch-level Statcast · last 5 MLB games,400,4-Seam Fastball,23.25,93.0,Slider,21.5,86.0,Sinker,20.25,81.0,Cutter,15.5,62.0,Curveball,12.25,49.0,Unknown,,Unknown,,No,112.0,1.12,1.0,71.6,0.943,0.979,26.3,Current-Season Handedness Matchup,Pull Air %,Barrel %,Max Exit Velocity,36.2,31.2,21.4,10.1,71.6,45.0,29.5,3.74,1.098,0.955,1.025,1.0,0.9,0.9,0.98,9.44,6.23,79.0,22.1,F,Lineup unconfirmed,Changeup,7.25,29.0,,,
372,2026-09-04,824424,2026-09-04T18:10:00Z,Scheduled,Progressive Field,Detroit Tigers @ Cleveland Guardians,Home,595978,Austin Hedges,Cleveland Guardians,Detroit Tigers,C,R,No,,72,212,186,48,7,0,5,20,23,19,1,38,0.258,0.327,0.376,0.703,6,21,20,4,1,0.2,0.0476,12,40,35,7,1,0.2,0.025,253,36,3.5,20.4,44.0,29.9,26.1,13.6,26.7,37.5,25.5,3.8,1.3,3.8,67.5,80.1,17.0,0.369,65.5,91.9,109.3,8.0,5.9,0.8,58.0,18.6,Weak,1.5,Contact-First Profile,A,Excellent HR swing plane,18.6,Weak,0.912,Good,2.8,20.0,90.4,0.32,Derived proxy,Derived proxy,Derived proxy,Derived proxy,,,8.31,3.31,Positive regression,Weak Contact-First Profile profile. 3.5% barrel rate; 80.1 mph average exit velocity; 26.7% air-ball rate; 37.5% pull-air rate; 3.8% HR-launch rate.,0.0236,0.0266,3.99,12,4,37.2,0.32,32.3,Very recent HR,672456.0,Keider Montero,R,RHB vs RHP,28,22,139.0,3.24,0.99,14,0.91,5.96,2.01,738.0,4.6,24.7,14.8,46.6,26.0,83.1,95.0,112.4,0.463,14.0,17.7,99.7,0.387,4.0,4-Seam Fastball,R,RHB vs RHP,20.5,111,0.255,0.306,0.373,0.679,3,7,27,0.027,3.9,0.407,240,0.0208,3.7,0.406,4,4,0,0/4,0.0,0.0,0.0,0.0,0,0,0,23.5,Strong Pitcher Advantage,Below average,40.0,5,Pitch-level Statcast · last 5 MLB games,407,4-Seam Fastball,31.44963144963145,128.0,Slider,20.884520884520885,85.0,Sinker,18.91891891891892,77.0,Changeup,15.97051597051597,65.0,Knuckle Curve,12.776412776412776,52.0,Unknown,,Unknown,,No,100.0,1.0,1.0,50.0,0.935,0.971,31.6,Current-Season Handedness Matchup,Pull Air %,Barrel %,Max Exit Velocity,20.5,33.6,17.7,6.5,50.0,45.0,29.5,3.74,1.162,0.97,0.985,1.0,0.912,0.912,0.98,10.21,6.22,70.3,20.6,F,Lineup unconfirmed,,,,,,
373,2026-09-04,824067,2026-09-05T00:10:00Z,Scheduled,Kauffman Stadium,Toronto Blue Jays @ Kansas City Royals,Away,664770,Nathan Lukes,Toronto Blue Jays,Kansas City Royals,RF,L,No,,105,378,343,91,13,0,10,39,35,21,6,57,0.265,0.317,0.391,0.708,10,38,35,12,3,0.343,0.0789,25,96,87,23,5,0.264,0.0521,576,139,2.0,15.1,37.6,33.0,29.4,10.6,21.1,40.6,32.0,3.4,2.9,3.4,127.9,80.3,15.9,0.429,64.4,91.6,106.6,2.0,7.0,0.4,39.5,18.1,Weak,1.5,Contact-First Profile,A,Excellent HR swing plane,18.1,Weak,0.911,Good,3.6,43.3,92.0,0.47,Derived proxy,Derived proxy,Derived proxy,Derived proxy,,,14.09,4.09,Strong positive regression,Weak Contact-First Profile profile. 2.0% barrel rate; 80.3 mph average exit velocity; 21.1% air-ball rate; 40.6% pull-air rate; 3.4% HR-launch rate.,0.0265,0.0278,4.05,18,5,34.3,0.52,52.5,Recently homered,663738.0,Daniel Lynch IV,L,LHB vs LHP,51,5,61.2,3.06,1.05,5,0.73,6.71,2.77,299.0,4.3,27.1,16.1,34.9,25.1,83.5,96.0,111.3,0.498,5.0,15.4,100.0,0.404,1.8,Sinker,L,LHB vs LHP,19.4,68,0.15,0.227,0.217,0.444,1,3,15,0.0147,0.0,0.316,103,0.0097,5.0,0.447,0,0,0,0/0,,,,,0,0,0,24.1,Strong Pitcher Advantage,Below average,50.0,5,Pitch-level Statcast · last 5 MLB games,248,Sinker,35.88709677419355,89.0,Changeup,22.983870967741936,57.0,Slider,15.32258064516129,38.0,4-Seam Fastball,15.32258064516129,38.0,Knuckle Curve,10.483870967741936,26.0,Unknown,,Unknown,,No,100.0,1.0,1.0,50.0,0.931,0.968,31.2,Current-Season Handedness Matchup,Pull Air %,Barrel %,Max Exit Velocity,19.4,27.2,15.4,33.4,50.0,45.0,29.4,3.74,1.35,0.948,0.985,1.0,0.911,0.911,1.0,10.79,7.07,84.7,24.0,F,Lineup unconfirmed,,,,,,
374,2026-09-04,824554,2026-09-04T23:40:00Z,Scheduled,Rate Field,Minnesota Twins @ Chicago White Sox,Home,682668,Luisangel Acuña,Chicago White Sox,Minnesota Twins,SS,R,No,,90,207,194,46,4,0,1,21,12,8,1,40,0.237,0.268,0.273,0.541,2,4,4,2,0,0.5,0.0,10,27,26,5,0,0.192,0.0,256,36,1.8,20.9,32.4,34.5,33.1,10.2,22.5,21.1,24.3,1.5,0.5,1.5,14.3,81.1,10.5,0.361,68.4,93.4,109.5,23.4,8.5,5.8,59.3,13.9,Weak,1.5,Contact-First Profile,A,Excellent HR swing plane,13.9,Weak,0.899,Good,0.0,25.0,90.3,0.291,Derived proxy,Derived proxy,Derived proxy,Derived proxy,,,4.24,3.24,Positive regression,Weak Contact-First Profile profile. 1.8% barrel rate; 81.1 mph average exit velocity; 22.5% air-ball rate; 21.1% pull-air rate; 1.5% HR-launch rate.,0.0048,0.0148,3.81,67,35,194.0,0.35,34.5,Very recent HR,805673.0,Zebby Matthews,R,RHB vs RHP,19,19,112.0,4.58,1.26,19,1.53,7.47,2.57,620.0,6.5,27.1,13.7,47.9,31.0,85.0,96.4,112.8,0.55,19.0,13.3,100.0,0.378,2.3,4-Seam Fastball,R,RHB vs RHP,25.6,112,0.235,0.282,0.275,0.556,1,6,24,0.0089,3.9,0.42,203,0.0443,5.4,0.515,0,0,0,0/0,,,,,0,0,0,26.2,Strong Pitcher Advantage,Below average,50.0,5,Pitch-level Statcast · last 5 MLB games,475,4-Seam Fastball,34.526315789473685,164.0,Slider,22.526315789473685,107.0,Changeup,13.894736842105264,66.0,Cutter,13.263157894736842,63.0,Curveball,10.105263157894736,48.0,Unknown,,Unknown,,No,100.0,1.0,1.0,50.0,0.927,0.99,23.6,Current-Season Handedness Matchup,Pull Air %,Barrel %,Max Exit Velocity,25.6,46.2,13.3,9.4,50.0,45.0,29.4,3.74,0.901,1.069,0.985,0.94,0.899,0.845,0.98,5.52,3.86,68.9,15.8,F,Lineup unconfirmed,Sinker,5.684210526315789,27.0,,,
375,2026-09-04,824067,2026-09-05T00:10:00Z,Scheduled,Kauffman Stadium,Toronto Blue Jays @ Kansas City Royals,Away,807727,Charles McAdoo,Toronto Blue Jays,Kansas City Royals,2B,R,No,,24,80,74,18,2,0,2,7,10,5,0,20,0.243,0.288,0.351,0.639,6,19,17,3,0,0.176,0.0,16,55,49,14,1,0.286,0.0182,106,71,3.9,18.6,27.0,35.5,37.5,14.1,25.9,32.2,26.9,4.5,1.1,4.5,44.2,80.7,19.3,0.462,72.2,91.8,107.7,33.1,4.5,4.7,36.9,20.0,Weak,2.0,Contact-First Profile,A,Excellent HR swing plane,20.0,Weak,0.916,Good,4.2,36.8,91.6,0.473,Derived proxy,Derived proxy,Derived proxy,Derived proxy,,,3.68,1.68,Near expected,Weak Contact-First Profile profile. 3.9% barrel rate; 80.7 mph average exit velocity; 25.9% air-ball rate; 32.2% pull-air rate; 4.5% HR-launch rate.,0.025,0.0292,3.87,47,15,37.0,1.27,127.0,Near normal interval,663738.0,Daniel Lynch IV,L,RHB vs LHP,51,5,61.2,3.06,1.05,5,0.73,6.71,2.77,299.0,4.3,27.1,16.1,34.9,25.1,83.5,96.0,111.3,0.498,5.0,13.2,92.2,0.367,2.7,Sinker,R,RHB vs LHP,34.9,42,0.27,0.333,0.378,0.712,1,4,13,0.0238,2.0,0.506,147,0.0272,3.9,0.534,0,0,0,0/0,,,,,0,0,0,30.3,Slight Pitcher Advantage,Below average,50.0,5,Pitch-level Statcast · last 5 MLB games,248,Sinker,35.88709677419355,89.0,Changeup,22.983870967741936,57.0,Slider,15.32258064516129,38.0,4-Seam Fastball,15.32258064516129,38.0,Knuckle Curve,10.483870967741936,26.0,Unknown,,Unknown,,No,100.0,1.0,1.0,50.0,0.926,0.968,33.2,Current-Season Handedness Matchup,Pull Air %,Barrel %,Max Exit Velocity,34.9,27.2,13.2,28.0,50.0,45.0,29.3,3.74,0.789,0.948,1.025,0.975,0.916,0.893,1.0,10.84,5.1,62.1,19.2,F,Lineup unconfirmed,,,,,,
376,2026-09-04,823579,2026-09-04T23:10:00Z,Scheduled,Citi Field,San Francisco Giants @ New York Mets,Away,808982,Jung Hoo Lee,San Francisco Giants,New York Mets,RF,L,No,,129,524,487,138,28,4,9,62,51,26,7,52,0.283,0.326,0.413,0.739,12,48,41,8,0,0.195,0.0,24,98,88,17,1,0.193,0.0102,746,152,1.5,20.7,43.7,27.6,28.6,13.3,28.4,37.7,33.4,4.3,2.9,4.3,66.2,82.3,16.1,0.435,66.6,93.6,107.0,4.4,9.7,1.1,37.4,19.0,Weak,2.0,Contact-First Profile,A,Excellent HR swing plane,19.0,Weak,0.913,Good,1.3,32.5,94.0,0.445,Derived proxy,Derived proxy,Derived proxy,Derived proxy,,,16.38,7.38,Strong positive regression,Weak Contact-First Profile profile. 1.5% barrel rate; 82.3 mph average exit velocity; 28.4% air-ball rate; 37.7% pull-air rate; 4.3% HR-launch rate.,0.0172,0.0199,4.05,73,20,54.1,1.35,134.9,Near normal interval,690997.0,Nolan McLean,R,LHB vs RHP,27,27,155.2,3.06,1.12,15,0.87,9.94,3.53,770.0,3.6,21.2,12.3,40.4,29.0,81.4,93.6,112.8,0.483,15.0,18.4,99.8,0.434,1.8,Sinker,L,LHB vs RHP,24.1,363,0.293,0.339,0.433,0.772,7,20,32,0.0193,1.9,0.453,386,0.0285,4.2,0.553,2,2,0,0/2,0.0,0.0,0.0,0.0,0,0,0,26.3,Strong Pitcher Advantage,Below average,45.0,5,Pitch-level Statcast · last 5 MLB games,467,Sinker,35.54603854389722,166.0,4-Seam Fastball,18.41541755888651,86.0,Curveball,14.5610278372591,68.0,Cutter,14.132762312633833,66.0,Slider,7.494646680942184,35.0,Unknown,,Unknown,,No,100.0,1.0,1.0,50.0,0.937,0.961,32.4,Current-Season Handedness Matchup,Pull Air %,Barrel %,Max Exit Velocity,24.1,26.2,18.4,23.7,50.0,45.0,29.3,3.74,0.769,0.963,1.025,1.0,0.913,0.913,1.0,7.83,4.28,84.8,22.8,F,Lineup unconfirmed,Sweeper,6.638115631691649,31.0,Changeup,3.2119914346895073,15.0
377,2026-09-04,822852,2026-09-05T00:05:00Z,Scheduled,Globe Life Field,Tampa Bay Rays @ Texas Rangers,Away,680700,Richie Palacios,Tampa Bay Rays,Texas Rangers,2B,L,No,,106,345,299,67,12,2,6,44,41,39,3,61,0.224,0.318,0.338,0.656,9,31,29,2,1,0.069,0.0323,22,76,65,14,1,0.215,0.0132,453,111,1.8,21.9,45.4,28.3,24.6,10.7,23.8,42.1,29.8,4.0,1.9,4.0,74.0,81.1,16.3,0.397,66.3,93.2,106.8,4.0,9.5,1.3,46.8,19.4,Weak,2.0,Pull Power,A,Excellent HR swing plane,19.4,Weak,0.914,Good,0.9,40.0,94.7,0.367,Derived proxy,Derived proxy,Derived proxy,Derived proxy,,,10.72,4.72,Strong positive regression,Weak Pull Power profile. 1.8% barrel rate; 81.1 mph average exit velocity; 23.8% air-ball rate; 42.1% pull-air rate; 4.0% HR-launch rate.,0.0174,0.0212,4.05,3,1,49.8,0.06,6.0,Very recent HR,592866.0,Trevor Williams,R,LHB vs RHP,9,0,18.1,3.93,1.42,3,1.47,11.29,3.44,114.0,3.5,16.7,10.5,34.8,34.2,79.5,91.9,109.6,0.501,3.0,14.8,100.0,0.382,2.8,4-Seam Fastball,L,LHB vs RHP,26.4,294,0.238,0.336,0.361,0.697,6,35,50,0.0204,2.6,0.44,41,0.0244,3.3,0.413,0,0,0,0/0,,,,,0,0,0,27.1,Strong Pitcher Advantage,Below average,50.0,5,Pitch-level Statcast · last 5 MLB games,240,4-Seam Fastball,39.166666666666664,94.0,Sweeper,23.75,57.0,Sinker,19.166666666666668,46.0,Changeup,9.583333333333334,23.0,Slider,8.333333333333334,20.0,Unknown,,Unknown,,No,104.0,1.04,1.0,57.2,0.93,0.96,34.2,Current-Season Handedness Matchup,Pull Air %,Barrel %,Max Exit Velocity,26.4,21.1,14.8,32.1,57.2,45.0,29.3,3.74,1.047,1.015,1.025,0.965,0.914,0.882,0.98,8.3,5.34,82.7,20.2,F,Lineup unconfirmed,,,,,,
378,2026-09-04,823093,2026-09-05T02:10:00Z,Scheduled,T-Mobile Park,Athletics @ Seattle Mariners,Away,675961,Alika Williams,Athletics,Seattle Mariners,SS,R,No,,71,179,166,45,15,1,3,20,15,7,2,43,0.271,0.307,0.428,0.735,8,26,24,8,1,0.333,0.0385,19,53,48,14,1,0.292,0.0189,251,63,0.5,17.8,42.7,29.8,27.5,13.3,25.5,36.6,33.3,5.1,2.7,5.1,150.0,77.7,22.6,0.41,66.7,89.9,106.4,2.6,8.8,0.4,39.7,16.3,Weak,1.5,Contact-First Profile,A-,Elevated power plane,16.3,Weak,0.906,Good,0.0,33.3,89.9,0.427,Derived proxy,Derived proxy,Derived proxy,Derived proxy,,,4.12,1.12,Near expected,Weak Contact-First Profile profile. 0.5% barrel rate; 77.7 mph average exit velocity; 25.5% air-ball rate; 36.6% pull-air rate; 5.1% HR-launch rate.,0.0168,0.0229,4.05,4,1,55.3,0.07,7.2,Very recent HR,669302.0,Logan Gilbert,R,RHB vs RHP,27,27,160.1,3.42,1.04,22,1.23,9.32,2.25,844.0,5.2,23.2,14.5,46.0,31.6,82.5,94.6,115.2,0.543,22.0,14.5,99.8,0.395,0.7,4-Seam Fastball,R,RHB vs RHP,27.8,79,0.23,0.256,0.351,0.608,1,2,22,0.0127,1.0,0.398,278,0.0396,6.8,0.547,0,0,0,0/0,,,,,0,0,0,27.6,Strong Pitcher Advantage,Below average,50.0,5,Pitch-level Statcast · last 5 MLB games,479,4-Seam Fastball,43.42379958246347,208.0,Slider,23.799582463465555,114.0,Split-Finger,16.701461377870565,80.0,Changeup,9.394572025052192,45.0,Sweeper,4.592901878914405,22.0,Unknown,,Unknown,,No,92.0,0.92,1.0,35.6,0.929,0.977,30.3,Current-Season Handedness Matchup,Pull Air %,Barrel %,Max Exit Velocity,27.8,37.8,14.5,16.3,35.6,45.0,29.2,3.74,1.118,1.021,0.985,1.0,0.906,0.906,0.98,8.95,5.43,69.0,19.6,F,Lineup unconfirmed,Cutter,1.8789144050104385,9.0,Sinker,0.20876826722338204,1.0
379,2026-09-04,824797,2026-09-04T23:05:00Z,Scheduled,Oriole Park at Camden Yards,Boston Red Sox @ Baltimore Orioles,Home,650968,Yohel Pozo,Baltimore Orioles,Boston Red Sox,C,R,No,,31,50,48,12,1,0,1,3,7,1,0,6,0.25,0.26,0.333,0.593,2,0,0,0,0,0.0,0.0,10,10,9,3,1,0.333,0.1,89,20,2.1,17.2,30.3,33.5,36.2,7.6,21.4,35.8,31.1,2.1,2.1,2.1,100.0,80.9,25.3,0.351,67.7,91.7,108.3,9.2,8.4,2.8,43.7,16.1,Weak,1.5,Contact-First Profile,A-,Elevated power plane,16.1,Weak,0.905,Good,5.0,60.0,88.2,0.366,Derived proxy,Derived proxy,Derived proxy,Derived proxy,,,1.98,0.98,Near expected,Weak Contact-First Profile profile. 2.1% barrel rate; 80.9 mph average exit velocity; 21.4% air-ball rate; 35.8% pull-air rate; 2.1% HR-launch rate.,0.02,0.0285,3.81,6,9,48.0,0.12,12.5,Very recent HR,624133.0,Ranger Suarez,L,RHB vs LHP,24,24,123.2,3.64,1.24,8,0.58,8.66,2.84,664.0,3.2,20.5,12.2,44.1,32.1,80.4,93.2,113.6,0.477,8.0,10.0,99.9,0.35,0.0,Sinker,R,RHB vs LHP,30.9,20,0.211,0.25,0.211,0.461,0,1,0,0.0,0.0,0.319,372,0.0134,2.7,0.462,0,0,0,0/0,,,,,0,0,0,27.4,Strong Pitcher Advantage,Below average,50.0,5,Pitch-level Statcast · last 5 MLB games,438,4-Seam Fastball,24.200913242009133,106.0,Sinker,21.91780821917808,96.0,Curveball,17.123287671232877,75.0,Cutter,15.981735159817351,70.0,Changeup,12.100456621004566,53.0,Unknown,,Unknown,,No,99.0,0.99,1.0,48.2,0.92,0.957,32.1,Current-Season Handedness Matchup,Pull Air %,Barrel %,Max Exit Velocity,30.9,28.0,10.0,37.1,48.2,45.0,29.2,3.74,1.0,0.917,1.025,0.94,0.905,0.851,0.98,10.42,5.3,56.4,16.4,F,Small season sample; Lineup unconfirmed,Slider,8.67579908675799,38.0,,,
380,2026-09-04,822852,2026-09-05T00:05:00Z,Scheduled,Globe Life Field,Tampa Bay Rays @ Texas Rangers,Away,670764,Taylor Walls,Tampa Bay Rays,Texas Rangers,SS,S,No,,115,402,343,76,16,2,2,54,33,41,3,97,0.222,0.307,0.297,0.604,10,39,32,7,0,0.219,0.0,23,83,72,18,2,0.25,0.0241,477,92,1.0,15.6,45.5,26.6,26.9,16.9,28.3,49.0,29.6,4.4,2.5,4.4,28.6,79.1,19.9,0.366,63.1,91.3,107.7,1.7,8.8,0.4,55.2,20.9,Weak,2.0,Pull Power,A,Excellent HR swing plane,20.9,Weak,0.919,Good,0.0,50.0,92.0,0.374,Derived proxy,Derived proxy,Derived proxy,Derived proxy,,,9.97,7.97,Strong positive regression,Weak Pull Power profile. 1.0% barrel rate; 79.1 mph average exit velocity; 28.3% air-ball rate; 49.0% pull-air rate; 4.4% HR-launch rate.,0.005,0.0112,3.93,56,18,171.5,0.33,32.7,Very recent HR,592866.0,Trevor Williams,R,Switch vs RHP,9,0,18.1,3.93,1.42,3,1.47,11.29,3.44,114.0,3.5,16.7,10.5,34.8,34.2,79.5,91.9,109.6,0.501,3.0,9.0,100.0,0.34,0.9,4-Seam Fastball,L,LHB vs RHP,21.1,263,0.237,0.329,0.312,0.642,1,30,67,0.0038,1.9,0.417,41,0.0244,3.3,0.413,0,0,0,0/0,,,,,0,0,0,22.6,Strong Pitcher Advantage,Below average,50.0,5,Pitch-level Statcast · last 5 MLB games,240,4-Seam Fastball,39.166666666666664,94.0,Sweeper,23.75,57.0,Sinker,19.166666666666668,46.0,Changeup,9.583333333333334,23.0,Slider,8.333333333333334,20.0,Unknown,,Unknown,,No,104.0,1.04,1.0,57.2,0.92,0.96,35.5,Current-Season Handedness Matchup,Pull Air %,Barrel %,Max Exit Velocity,21.1,21.1,9.0,36.2,57.2,45.0,29.1,3.73,1.01,1.015,1.035,0.94,0.919,0.863,0.98,4.33,3.66,83.6,17.6,F,Lineup unconfirmed,,,,,,
381,2026-09-04,822852,2026-09-05T00:05:00Z,Scheduled,Globe Life Field,Tampa Bay Rays @ Texas Rangers,Home,695508,Cam Cauley,Texas Rangers,Tampa Bay Rays,CF,R,No,,29,65,58,12,3,1,1,9,1,5,1,15,0.207,0.281,0.345,0.626,1,0,0,0,0,0.0,0.0,5,8,6,2,0,0.333,0.0,72,9,0.0,12.3,37.9,30.0,32.1,12.4,24.7,38.8,25.9,3.7,3.7,3.7,,78.9,16.7,0.316,64.7,89.9,101.4,12.8,6.2,0.9,57.7,15.0,Weak,1.5,Contact-First Profile,A,Excellent HR swing plane,15.0,Weak,0.902,Good,0.0,66.7,89.8,0.276,Derived proxy,Derived proxy,Derived proxy,Derived proxy,,,0.9,-0.1,Near expected,Weak Contact-First Profile profile. 0.0% barrel rate; 78.9 mph average exit velocity; 24.7% air-ball rate; 38.8% pull-air rate; 3.7% HR-launch rate.,0.0154,0.0262,3.81,25,14,58.0,0.43,43.1,Recently homered,607259.0,Nick Martinez,R,RHB vs RHP,26,26,153.2,2.99,1.1,18,1.05,5.33,1.29,848.0,4.7,23.3,17.3,45.8,32.9,82.0,94.6,113.3,0.508,18.0,5.3,99.9,0.303,0.0,Sinker,R,RHB vs RHP,34.2,28,0.28,0.357,0.4,0.757,0,3,4,0.0,0.0,0.373,249,0.0241,4.2,0.531,0,0,0,0/0,,,,,0,0,0,27.2,Strong Pitcher Advantage,Below average,50.0,5,Pitch-level Statcast · last 5 MLB games,425,Sinker,30.352941176470587,129.0,Changeup,26.352941176470587,112.0,Cutter,21.647058823529413,92.0,4-Seam Fastball,15.294117647058824,65.0,Slider,5.647058823529412,24.0,Unknown,,Unknown,,No,104.0,1.04,1.0,57.2,0.92,0.972,27.8,Current-Season Handedness Matchup,Pull Air %,Barrel %,Max Exit Velocity,34.2,34.5,5.3,33.6,57.2,45.0,29.0,3.73,1.0,0.992,0.985,0.94,0.902,0.848,1.0,9.61,5.41,57.3,16.7,F,Small season sample; Lineup unconfirmed,Curveball,0.7058823529411765,3.0,,,
382,2026-09-04,823256,2026-09-05T01:40:00Z,Scheduled,Petco Park,New York Yankees @ San Diego Padres,Home,687957,Dustin Harris,San Diego Padres,New York Yankees,LF,L,No,,25,73,62,18,2,1,0,9,6,7,1,10,0.29,0.366,0.355,0.721,8,21,19,8,0,0.421,0.0,8,21,19,8,0,0.421,0.0,91,28,0.7,17.0,59.9,28.0,12.1,9.6,30.7,57.8,33.6,2.9,1.4,2.9,0.0,79.3,12.4,0.434,61.9,92.0,105.7,4.2,10.2,0.6,39.1,21.5,Weak,2.0,Pull Power,A,Excellent HR swing plane,21.5,Weak,0.92,Good,0.0,50.0,91.6,0.441,Derived proxy,Derived proxy,Derived proxy,Derived proxy,,,1.81,1.81,Near expected,Weak Pull Power profile. 0.7% barrel rate; 79.3 mph average exit velocity; 30.7% air-ball rate; 57.8% pull-air rate; 2.9% HR-launch rate.,0.0,0.0199,3.99,62,25,,,,No season HR,608331.0,Max Fried,L,LHB vs LHP,16,16,90.0,2.8,1.0,3,0.3,8.3,2.8,426.0,1.4,20.2,12.9,26.7,30.5,80.3,92.8,111.6,0.357,3.0,19.3,100.0,0.443,0.0,Cutter,L,LHB vs LHP,32.9,13,0.3,0.417,0.3,0.717,0,1,1,0.0,0.0,0.399,84,0.0,1.9,0.357,0,0,0,0/0,,,,,0,0,0,31.6,Slight Pitcher Advantage,Below average,50.0,5,Pitch-level Statcast · last 5 MLB games,385,Cutter,22.5974025974026,87.0,4-Seam Fastball,21.558441558441558,83.0,Sinker,21.038961038961038,81.0,Sweeper,12.987012987012987,50.0,Curveball,10.64935064935065,41.0,Unknown,,Unknown,,No,94.0,0.94,1.0,39.2,0.939,0.939,40.8,Current-Season Handedness Matchup,Pull Air %,Barrel %,Max Exit Velocity,32.9,11.9,19.3,35.3,39.2,45.0,28.9,3.73,0.857,0.872,0.985,1.0,0.92,0.92,1.0,7.71,4.02,58.9,15.7,F,Small season sample; Lineup unconfirmed,Changeup,8.571428571428571,33.0,Slider,2.5974025974025974,10.0
383,2026-09-04,823338,2026-09-04T22:45:00Z,Scheduled,PNC Park,Los Angeles Angels @ Pittsburgh Pirates,Away,623168,Tyler Heineman,Los Angeles Angels,Pittsburgh Pirates,C,S,No,,69,172,152,27,3,1,1,14,9,5,5,25,0.178,0.228,0.23,0.458,8,16,15,2,0,0.133,0.0,17,42,36,7,0,0.194,0.0,244,58,0.5,8.6,41.9,32.8,24.8,12.3,24.6,44.9,30.9,1.3,0.8,1.3,50.0,74.8,15.4,0.303,59.0,87.5,106.3,0.7,5.6,0.0,40.7,14.4,Weak,1.5,Pull Power,A,Excellent HR swing plane,14.4,Weak,0.9,Good,0.0,35.3,87.3,0.276,Derived proxy,Derived proxy,Derived proxy,Derived proxy,,,3.51,2.51,Positive regression,Weak Pull Power profile. 0.5% barrel rate; 74.8 mph average exit velocity; 24.6% air-ball rate; 44.9% pull-air rate; 1.3% HR-launch rate.,0.0058,0.0166,3.87,86,38,152.0,0.57,56.6,Recently homered,683003.0,Jared Jones,R,Switch vs RHP,16,16,72.2,4.83,1.28,12,1.49,10.28,3.34,372.0,5.9,27.2,14.8,37.5,31.2,84.7,96.5,115.1,0.557,12.0,5.8,100.0,0.308,1.2,4-Seam Fastball,L,LHB vs RHP,20.2,126,0.185,0.254,0.259,0.513,1,5,18,0.0079,1.1,0.326,190,0.0368,4.9,0.585,0,0,0,0/0,,,,,0,0,0,21.1,Strong Pitcher Advantage,Below average,50.0,5,Pitch-level Statcast · last 5 MLB games,410,4-Seam Fastball,47.80487804878049,196.0,Slider,33.90243902439025,139.0,Changeup,11.707317073170731,48.0,Curveball,6.585365853658536,27.0,,,,Unknown,,Unknown,,No,100.0,1.0,1.0,50.0,0.92,0.984,29.9,Current-Season Handedness Matchup,Pull Air %,Barrel %,Max Exit Velocity,20.2,37.5,5.8,14.3,50.0,45.0,28.5,3.72,0.758,1.062,1.035,0.94,0.9,0.846,1.0,6.26,3.86,67.6,15.6,F,Lineup unconfirmed,,,,,,
384,2026-09-04,823905,2026-09-05T02:10:00Z,Scheduled,UNIQLO Field at Dodger Stadium,Washington Nationals @ Los Angeles Dodgers,Away,677588,José Tena,Washington Nationals,Los Angeles Dodgers,DH,L,No,,106,271,242,55,12,2,7,33,22,26,3,82,0.227,0.31,0.38,0.69,7,21,18,2,0,0.111,0.0,19,48,39,7,2,0.179,0.0417,316,52,4.9,23.3,32.8,39.4,27.8,12.2,22.4,27.7,28.1,6.0,4.1,6.0,55.8,83.4,13.9,0.539,72.1,94.8,112.2,37.5,10.8,5.9,40.3,26.7,Weak,2.0,Contact-First Profile,A,Excellent HR swing plane,26.7,Weak,0.935,Good,5.8,18.2,92.3,0.522,Derived proxy,Derived proxy,Derived proxy,Derived proxy,,,13.45,6.45,Strong positive regression,Weak Contact-First Profile profile. 4.9% barrel rate; 83.4 mph average exit velocity; 22.4% air-ball rate; 27.7% pull-air rate; 6.0% HR-launch rate.,0.0258,0.0277,4.05,22,9,34.6,0.64,63.6,Recently homered,605483.0,Blake Snell,L,LHB vs LHP,5,5,26.0,2.42,1.08,0,0.0,12.46,4.15,129.0,0.8,6.2,10.1,33.3,29.5,78.0,87.5,107.3,0.331,0.0,26.0,100.0,0.482,3.4,4-Seam Fastball,L,LHB vs LHP,41.7,20,0.312,0.45,0.5,0.95,0,3,7,0.0,5.9,0.665,35,0.0,0.0,0.363,0,0,0,0/0,,,,,0,0,0,37.9,Slight Pitcher Advantage,Below average,50.0,5,Pitch-level Statcast · last 5 MLB games,444,4-Seam Fastball,49.32432432432432,219.0,Curveball,20.945945945945947,93.0,Changeup,17.792792792792792,79.0,Slider,11.936936936936936,53.0,,,,Unknown,,Unknown,,No,100.0,1.0,1.0,50.0,0.952,0.933,39.3,Current-Season Handedness Matchup,Pull Air %,Barrel %,Max Exit Velocity,41.7,9.9,26.0,17.0,50.0,45.0,28.3,3.72,0.948,1.0,0.985,1.0,0.935,0.935,1.0,10.76,5.83,75.2,20.5,F,Lineup unconfirmed,,,,,,
385,2026-09-04,824797,2026-09-04T23:05:00Z,Scheduled,Oriole Park at Camden Yards,Boston Red Sox @ Baltimore Orioles,Away,643396,Isiah Kiner-Falefa,Boston Red Sox,Baltimore Orioles,2B,R,No,,49,138,125,34,4,0,2,19,14,12,0,18,0.272,0.336,0.352,0.688,2,6,6,1,0,0.167,0.0,2,6,6,1,0,0.167,0.0,180,1,1.7,17.8,34.6,37.5,26.0,8.9,23.3,47.6,34.4,3.3,2.2,3.3,66.7,77.5,12.6,0.41,65.9,90.0,109.0,3.4,8.3,1.3,41.4,19.9,Weak,2.0,Pull Power,A,Excellent HR swing plane,19.9,Weak,0.916,Good,0.0,,66.3,0.001,Derived proxy,Derived proxy,Derived proxy,Derived proxy,,,4.26,2.26,Positive regression,Weak Pull Power profile. 1.7% barrel rate; 77.5 mph average exit velocity; 23.3% air-ball rate; 47.6% pull-air rate; 3.3% HR-launch rate.,0.0145,0.0226,4.05,6,2,62.5,0.1,9.6,Very recent HR,669358.0,Shane Baz,R,RHB vs RHP,27,27,157.0,4.01,1.35,11,0.63,7.97,3.15,919.0,3.7,24.0,13.5,38.1,29.8,83.1,94.8,116.9,0.507,11.0,12.1,66.7,0.371,1.7,4-Seam Fastball,R,RHB vs RHP,14.2,92,0.325,0.385,0.41,0.794,1,8,10,0.0109,0.9,0.401,277,0.0144,3.0,0.477,2,2,0,0/2,0.0,0.0,0.0,0.0,0,0,1,19.6,Strong Pitcher Advantage,Below average,45.0,5,Pitch-level Statcast · last 5 MLB games,442,4-Seam Fastball,37.33031674208145,165.0,Knuckle Curve,31.67420814479638,140.0,Sinker,12.44343891402715,55.0,Changeup,10.180995475113122,45.0,Cutter,8.371040723981901,37.0,Unknown,,Unknown,,No,99.0,0.99,1.0,48.2,0.924,0.962,34.2,Current-Season Handedness Matchup,Pull Air %,Barrel %,Max Exit Velocity,14.2,26.8,12.1,15.0,48.2,45.0,28.3,3.71,1.0,0.925,0.985,1.0,0.916,0.916,0.98,8.86,4.94,62.3,17.2,F,Lineup unconfirmed; Limited recent games,,,,,,
386,2026-09-04,823256,2026-09-05T01:40:00Z,Scheduled,Petco Park,New York Yankees @ San Diego Padres,Home,592518,Manny Machado,San Diego Padres,New York Yankees,3B,R,No,,136,582,506,111,21,0,24,69,75,66,1,126,0.219,0.306,0.403,0.709,10,46,37,9,0,0.243,0.0,24,107,91,23,1,0.253,0.0093,747,133,3.8,27.0,37.1,32.5,29.6,12.5,26.6,32.6,28.9,6.7,3.1,6.7,58.6,83.1,21.8,0.539,72.4,95.6,111.1,40.4,11.9,10.8,54.7,31.0,Weak,2.0,Contact-First Profile,A-,Elevated power plane,31.0,Weak,0.947,Good,1.5,23.5,95.3,0.491,Derived proxy,Derived proxy,Derived proxy,Derived proxy,,,28.26,4.26,Strong positive regression,Weak Contact-First Profile profile. 3.8% barrel rate; 83.1 mph average exit velocity; 26.6% air-ball rate; 32.6% pull-air rate; 6.7% HR-launch rate.,0.0412,0.0397,3.99,45,12,21.1,2.13,213.4,Very long drought,608331.0,Max Fried,L,RHB vs LHP,16,16,90.0,2.8,1.0,3,0.3,8.3,2.8,426.0,1.4,20.2,12.9,26.7,30.5,80.3,92.8,111.6,0.357,3.0,34.5,100.0,0.539,4.8,Cutter,R,RHB vs LHP,23.1,142,0.226,0.296,0.395,0.691,4,14,30,0.0282,5.3,0.55,263,0.0114,1.2,0.357,3,1,0,0/1,0.0,0.667,0.0,0.667,0,2,1,31.7,Slight Pitcher Advantage,Below average,46.0,5,Pitch-level Statcast · last 5 MLB games,385,Cutter,22.5974025974026,87.0,4-Seam Fastball,21.558441558441558,83.0,Sinker,21.038961038961038,81.0,Sweeper,12.987012987012987,50.0,Curveball,10.64935064935065,41.0,Unknown,,Unknown,,No,94.0,0.94,1.0,39.2,0.969,0.939,35.5,Current-Season Handedness Matchup,Pull Air %,Barrel %,Max Exit Velocity,23.1,11.9,34.5,17.8,39.2,45.0,28.0,3.71,0.758,0.872,1.025,1.0,0.947,0.947,1.06,14.91,6.04,85.0,28.8,F,Lineup unconfirmed,Changeup,8.571428571428571,33.0,Slider,2.5974025974025974,10.0
387,2026-09-04,823256,2026-09-05T01:40:00Z,Scheduled,Petco Park,New York Yankees @ San Diego Padres,Home,823550,Sung-Mun Song,San Diego Padres,New York Yankees,2B,L,No,,65,143,121,23,4,0,1,19,16,18,0,26,0.19,0.293,0.248,0.541,3,9,7,0,0,0.0,0.0,10,18,15,1,0,0.067,0.0,181,25,1.9,26.6,44.8,31.8,23.4,17.8,27.6,46.1,22.2,3.9,2.8,3.9,20.0,82.1,17.8,0.344,66.2,94.9,108.3,15.2,7.4,6.0,55.0,22.9,Weak,2.0,Pull Power,A,Excellent HR swing plane,22.9,Weak,0.924,Good,0.0,55.6,97.8,0.336,Derived proxy,Derived proxy,Derived proxy,Derived proxy,,,4.65,3.65,Positive regression,Weak Pull Power profile. 1.9% barrel rate; 82.1 mph average exit velocity; 27.6% air-ball rate; 46.1% pull-air rate; 3.9% HR-launch rate.,0.007,0.0184,3.87,61,32,121.0,0.5,50.4,Recently homered,608331.0,Max Fried,L,LHB vs LHP,16,16,90.0,2.8,1.0,3,0.3,8.3,2.8,426.0,1.4,20.2,12.9,26.7,30.5,80.3,92.8,111.6,0.357,3.0,11.8,100.0,0.324,4.2,Cutter,L,LHB vs LHP,32.8,12,0.111,0.182,0.111,0.293,0,1,2,0.0,0.0,0.302,84,0.0,1.9,0.357,0,0,0,0/0,,,,,0,0,0,28.9,Strong Pitcher Advantage,Below average,50.0,5,Pitch-level Statcast · last 5 MLB games,385,Cutter,22.5974025974026,87.0,4-Seam Fastball,21.558441558441558,83.0,Sinker,21.038961038961038,81.0,Sweeper,12.987012987012987,50.0,Curveball,10.64935064935065,41.0,Unknown,,Unknown,,No,94.0,0.94,1.0,39.2,0.924,0.939,38.4,Current-Season Handedness Matchup,Pull Air %,Barrel %,Max Exit Velocity,32.8,11.9,11.8,49.5,39.2,45.0,27.8,3.7,1.0,0.872,0.985,0.94,0.924,0.869,1.0,6.94,3.96,63.7,15.2,F,Lineup unconfirmed,Changeup,8.571428571428571,33.0,Slider,2.5974025974025974,10.0
388,2026-09-04,824797,2026-09-04T23:05:00Z,Scheduled,Oriole Park at Camden Yards,Boston Red Sox @ Baltimore Orioles,Away,642201,Eli White,Boston Red Sox,Baltimore Orioles,RF,R,No,,91,184,171,41,9,1,5,26,23,11,1,40,0.24,0.288,0.392,0.68,13,19,18,5,0,0.278,0.0,21,39,37,10,0,0.27,0.0,253,58,3.8,16.9,35.0,36.9,27.5,10.4,21.6,33.7,25.9,5.2,2.7,5.2,32.5,79.2,13.1,0.442,70.8,91.4,110.2,26.7,9.3,4.4,51.1,21.4,Weak,2.0,Contact-First Profile,A,Excellent HR swing plane,21.4,Weak,0.92,Good,3.4,33.3,89.2,0.462,Derived proxy,Derived proxy,Derived proxy,Derived proxy,,,8.8,3.8,Positive regression,Weak Contact-First Profile profile. 3.8% barrel rate; 79.2 mph average exit velocity; 21.6% air-ball rate; 33.7% pull-air rate; 5.2% HR-launch rate.,0.0272,0.0291,3.99,52,34,34.2,1.52,152.0,Above normal drought,669358.0,Shane Baz,R,RHB vs RHP,27,27,157.0,4.01,1.35,11,0.63,7.97,3.15,919.0,3.7,24.0,13.5,38.1,29.8,83.1,94.8,116.9,0.507,11.0,13.2,99.6,0.359,3.2,4-Seam Fastball,R,RHB vs RHP,22.2,69,0.254,0.275,0.373,0.648,1,2,11,0.0145,4.5,0.392,277,0.0144,3.0,0.477,0,0,0,0/0,,,,,0,0,0,24.6,Strong Pitcher Advantage,Below average,50.0,5,Pitch-level Statcast · last 5 MLB games,442,4-Seam Fastball,37.33031674208145,165.0,Knuckle Curve,31.67420814479638,140.0,Sinker,12.44343891402715,55.0,Changeup,10.180995475113122,45.0,Cutter,8.371040723981901,37.0,Unknown,,Unknown,,No,99.0,0.99,1.0,48.2,0.926,0.962,31.4,Current-Season Handedness Matchup,Pull Air %,Barrel %,Max Exit Velocity,22.2,26.8,13.2,18.2,48.2,45.0,27.6,3.7,0.758,0.925,0.985,1.0,0.92,0.92,1.035,11.11,4.99,68.3,21.5,F,Lineup unconfirmed,,,,,,
389,2026-09-04,823905,2026-09-05T02:10:00Z,Scheduled,UNIQLO Field at Dodger Stadium,Washington Nationals @ Los Angeles Dodgers,Away,696285,Jacob Young,Washington Nationals,Los Angeles Dodgers,CF,R,No,,124,422,378,94,19,3,10,52,44,30,8,71,0.249,0.316,0.394,0.71,11,36,32,8,0,0.25,0.0,23,80,70,21,1,0.3,0.0125,496,90,3.7,18.8,36.2,32.1,31.4,19.7,37.7,31.9,33.0,6.0,3.8,6.0,45.9,82.0,16.7,0.462,67.0,93.4,108.7,2.3,10.3,0.2,58.7,21.5,Weak,2.0,Contact-First Profile,A,Excellent HR swing plane,21.5,Weak,0.92,Good,3.3,31.6,92.2,0.431,Derived proxy,Derived proxy,Derived proxy,Derived proxy,,,17.39,7.39,Strong positive regression,Weak Contact-First Profile profile. 3.7% barrel rate; 82.0 mph average exit velocity; 37.7% air-ball rate; 31.9% pull-air rate; 6.0% HR-launch rate.,0.0237,0.0255,4.05,56,18,37.8,1.48,148.1,Above normal drought,605483.0,Blake Snell,L,RHB vs LHP,5,5,26.0,2.42,1.08,0,0.0,12.46,4.15,129.0,0.8,6.2,10.1,33.3,29.5,78.0,87.5,107.3,0.331,0.0,35.2,100.0,0.538,5.2,4-Seam Fastball,R,RHB vs LHP,22.8,140,0.298,0.37,0.46,0.829,3,12,22,0.0214,4.1,0.519,74,0.0,1.1,0.319,4,3,0,0/3,0.0,0.25,0.0,0.25,0,1,1,30.6,Slight Pitcher Advantage,Below average,40.0,5,Pitch-level Statcast · last 5 MLB games,444,4-Seam Fastball,49.32432432432432,219.0,Curveball,20.945945945945947,93.0,Changeup,17.792792792792792,79.0,Slider,11.936936936936936,53.0,,,,Unknown,,Unknown,,No,100.0,1.0,1.0,50.0,0.97,0.933,31.8,Current-Season Handedness Matchup,Pull Air %,Barrel %,Max Exit Velocity,22.8,9.9,35.2,22.3,50.0,45.0,27.4,3.7,0.765,1.0,1.025,1.0,0.92,0.92,1.035,9.95,5.1,83.4,24.1,F,Lineup unconfirmed,,,,,,
390,2026-09-04,824797,2026-09-04T23:05:00Z,Scheduled,Oriole Park at Camden Yards,Boston Red Sox @ Baltimore Orioles,Away,702332,Caleb Durbin,Boston Red Sox,Baltimore Orioles,3B,R,No,,134,511,448,112,22,1,12,66,62,41,12,69,0.25,0.327,0.384,0.711,13,49,39,8,0,0.205,0.0,28,115,96,25,1,0.26,0.0087,676,143,2.3,15.2,36.9,36.1,26.2,11.8,24.7,47.5,28.3,3.6,2.3,3.6,60.4,77.9,16.8,0.365,66.0,90.1,108.8,6.1,7.4,2.2,57.7,19.7,Weak,2.0,Pull Power,A,Excellent HR swing plane,19.7,Weak,0.915,Good,2.1,47.4,88.3,0.342,Derived proxy,Derived proxy,Derived proxy,Derived proxy,,,18.56,6.56,Strong positive regression,Weak Pull Power profile. 2.3% barrel rate; 77.9 mph average exit velocity; 24.7% air-ball rate; 47.5% pull-air rate; 3.6% HR-launch rate.,0.0235,0.0251,4.05,65,20,37.3,1.74,174.1,Above normal drought,669358.0,Shane Baz,R,RHB vs RHP,27,27,157.0,4.01,1.35,11,0.63,7.97,3.15,919.0,3.7,24.0,13.5,38.1,29.8,83.1,94.8,116.9,0.507,11.0,2.1,99.6,0.263,2.4,4-Seam Fastball,R,RHB vs RHP,16.6,375,0.252,0.328,0.388,0.716,9,32,52,0.024,1.8,0.368,277,0.0144,3.0,0.477,5,5,1,1/5,0.2,0.2,0.4,0.6,0,0,0,16.5,Strong Pitcher Advantage,Below average,41.5,5,Pitch-level Statcast · last 5 MLB games,442,4-Seam Fastball,37.33031674208145,165.0,Knuckle Curve,31.67420814479638,140.0,Sinker,12.44343891402715,55.0,Changeup,10.180995475113122,45.0,Cutter,8.371040723981901,37.0,Unknown,,Unknown,,No,99.0,0.99,1.0,48.2,0.92,0.962,33.6,Current-Season Handedness Matchup,Pull Air %,Barrel %,Max Exit Velocity,16.6,26.8,2.1,26.4,48.2,45.0,27.2,3.69,0.758,0.925,0.985,1.0,0.915,0.915,1.035,9.78,4.6,85.0,24.7,F,Lineup unconfirmed,,,,,,
391,2026-09-04,823256,2026-09-05T01:40:00Z,Scheduled,Petco Park,New York Yankees @ San Diego Padres,Away,645305,Ali Sánchez,New York Yankees,San Diego Padres,C,R,No,,42,73,68,16,2,0,1,6,7,1,2,22,0.235,0.264,0.309,0.573,4,6,5,0,0,0.0,0.0,10,13,12,1,0,0.083,0.0,83,13,3.3,17.6,27.9,37.0,35.1,11.3,23.7,27.9,34.7,3.3,1.0,3.3,41.9,78.4,20.1,0.392,67.8,90.7,106.0,7.3,6.3,1.3,56.0,14.7,Weak,1.5,Contact-First Profile,A-,Elevated power plane,14.7,Weak,0.901,Good,7.7,0.0,89.2,0.213,Derived proxy,Derived proxy,Derived proxy,Derived proxy,,,2.37,1.37,Near expected,Weak Contact-First Profile profile. 3.3% barrel rate; 78.4 mph average exit velocity; 23.7% air-ball rate; 27.9% pull-air rate; 3.3% HR-launch rate.,0.0137,0.0251,3.87,21,17,68.0,0.31,30.9,Very recent HR,621111.0,Walker Buehler,R,RHB vs RHP,27,27,131.1,4.66,1.36,17,1.16,7.61,3.36,747.0,4.6,23.2,12.0,40.8,27.6,83.0,94.6,111.9,0.507,17.0,15.1,91.0,0.399,2.1,Cutter,R,RHB vs RHP,35.4,33,0.167,0.212,0.167,0.379,0,1,10,0.0,0.0,0.312,248,0.0403,5.0,0.512,0,0,0,0/0,,,,,0,0,0,31.2,Slight Pitcher Advantage,Below average,50.0,5,Pitch-level Statcast · last 5 MLB games,415,Cutter,27.951807228915662,116.0,Sinker,25.542168674698797,106.0,4-Seam Fastball,17.59036144578313,73.0,Slider,11.08433734939759,46.0,Changeup,8.674698795180722,36.0,Unknown,,Unknown,,No,94.0,0.94,1.0,39.2,0.93,0.971,29.1,Current-Season Handedness Matchup,Pull Air %,Barrel %,Max Exit Velocity,35.4,30.6,15.1,15.0,39.2,45.0,27.1,3.69,1.0,1.01,0.985,0.94,0.901,0.847,0.98,9.36,5.01,58.3,16.2,F,Small season sample; Lineup unconfirmed,Sweeper,4.819277108433735,20.0,Knuckle Curve,4.337349397590361,18.0
392,2026-09-04,823418,2026-09-04T22:40:00Z,Scheduled,Citizens Bank Park,Atlanta Braves @ Philadelphia Phillies,Home,702222,Justin Crawford,Philadelphia Phillies,Atlanta Braves,CF,L,No,,130,408,372,99,17,4,2,44,35,25,3,71,0.266,0.315,0.349,0.664,11,31,27,6,0,0.222,0.0,25,75,64,18,0,0.281,0.0,605,110,0.7,22.5,28.3,39.0,32.2,8.3,17.8,27.8,28.7,3.4,1.3,3.4,32.5,82.1,12.1,0.379,66.9,93.5,109.0,5.8,7.6,1.8,34.6,12.8,Weak,1.5,Contact-First Profile,A,Excellent HR swing plane,12.8,Weak,0.896,Good,0.9,29.4,94.7,0.356,Derived proxy,Derived proxy,Derived proxy,Derived proxy,,,8.64,6.64,Strong positive regression,Weak Contact-First Profile profile. 0.7% barrel rate; 82.1 mph average exit velocity; 17.8% air-ball rate; 27.8% pull-air rate; 3.4% HR-launch rate.,0.0049,0.0111,3.99,251,92,186.0,1.35,134.9,Near normal interval,519242.0,Chris Sale,L,LHB vs LHP,24,24,144.0,2.06,1.0,8,0.5,11.06,1.75,744.0,3.1,19.5,11.6,36.0,32.3,81.8,93.2,113.2,0.487,8.0,16.2,100.0,0.412,0.5,4-Seam Fastball,L,LHB vs LHP,19.9,56,0.22,0.304,0.22,0.524,0,4,11,0.0,0.0,0.357,144,0.0069,3.6,0.467,0,0,0,0/0,,,,,0,0,0,24.6,Strong Pitcher Advantage,Below average,50.0,5,Pitch-level Statcast · last 5 MLB games,508,4-Seam Fastball,42.51968503937008,216.0,Slider,39.960629921259844,203.0,Sinker,9.05511811023622,46.0,Changeup,8.464566929133857,43.0,,,,Unknown,,Unknown,,No,108.0,1.08,1.0,64.4,0.932,0.956,26.0,Current-Season Handedness Matchup,Pull Air %,Barrel %,Max Exit Velocity,19.9,22.9,16.2,22.2,64.4,45.0,26.7,3.68,0.758,0.904,0.985,0.965,0.896,0.864,1.0,4.34,3.13,83.0,19.6,F,Lineup unconfirmed,,,,,,
393,2026-09-04,824424,2026-09-04T18:10:00Z,Scheduled,Progressive Field,Detroit Tigers @ Cleveland Guardians,Home,680757,Steven Kwan,Cleveland Guardians,Detroit Tigers,LF,L,No,,130,542,459,126,17,2,2,68,27,71,4,53,0.275,0.374,0.333,0.707,11,50,48,17,0,0.354,0.0,24,112,97,32,1,0.33,0.0089,688,149,0.5,6.8,37.9,30.3,31.1,12.5,29.4,35.0,35.8,2.4,2.2,2.4,78.3,79.1,18.6,0.366,60.1,89.0,102.8,0.1,3.8,0.0,32.1,12.3,Weak,1.5,Contact-First Profile,A,Excellent HR swing plane,12.3,Weak,0.894,Good,0.7,43.6,89.1,0.346,Derived proxy,Derived proxy,Derived proxy,Derived proxy,,,9.08,7.08,Strong positive regression,Weak Contact-First Profile profile. 0.5% barrel rate; 79.1 mph average exit velocity; 29.4% air-ball rate; 35.0% pull-air rate; 2.4% HR-launch rate.,0.0037,0.0088,3.99,92,23,229.5,0.4,40.1,Recently homered,672456.0,Keider Montero,R,LHB vs RHP,28,22,139.0,3.24,0.99,14,0.91,5.96,2.01,738.0,4.6,24.7,14.8,46.6,26.0,83.1,95.0,112.4,0.463,14.0,10.2,99.7,0.352,0.3,4-Seam Fastball,L,LHB vs RHP,17.7,380,0.286,0.378,0.354,0.732,2,47,32,0.0053,0.4,0.381,316,0.0285,5.2,0.504,3,3,0,0/3,0.0,0.0,0.0,0.0,0,0,0,20.0,Strong Pitcher Advantage,Below average,42.5,5,Pitch-level Statcast · last 5 MLB games,407,4-Seam Fastball,31.44963144963145,128.0,Slider,20.884520884520885,85.0,Sinker,18.91891891891892,77.0,Changeup,15.97051597051597,65.0,Knuckle Curve,12.776412776412776,52.0,Unknown,,Unknown,,No,100.0,1.0,1.0,50.0,0.92,0.971,23.6,Current-Season Handedness Matchup,Pull Air %,Barrel %,Max Exit Velocity,17.7,33.6,10.2,24.3,50.0,45.0,26.6,3.68,0.859,0.97,1.025,0.965,0.894,0.863,1.0,3.47,3.06,85.0,17.6,F,Lineup unconfirmed,,,,,,
394,2026-09-04,824067,2026-09-05T00:10:00Z,Scheduled,Kauffman Stadium,Toronto Blue Jays @ Kansas City Royals,Away,664702,Myles Straw,Toronto Blue Jays,Kansas City Royals,CF,R,No,,128,281,251,58,18,1,3,41,23,23,1,38,0.231,0.295,0.347,0.642,11,30,25,10,0,0.4,0.0,26,75,65,15,0,0.231,0.0,363,94,2.2,17.1,34.0,36.3,29.6,14.7,27.7,35.9,28.3,4.5,3.8,4.5,19.5,78.7,19.5,0.413,64.4,90.7,107.1,5.5,9.6,0.8,46.9,16.2,Weak,1.5,Contact-First Profile,A,Excellent HR swing plane,16.2,Weak,0.905,Good,1.1,26.1,89.6,0.401,Derived proxy,Derived proxy,Derived proxy,Derived proxy,,,9.16,6.16,Strong positive regression,Weak Contact-First Profile profile. 2.2% barrel rate; 78.7 mph average exit velocity; 27.7% air-ball rate; 35.9% pull-air rate; 4.5% HR-launch rate.,0.0107,0.0171,3.93,117,52,83.7,1.4,139.8,Above normal drought,663738.0,Daniel Lynch IV,L,RHB vs LHP,51,5,61.2,3.06,1.05,5,0.73,6.71,2.77,299.0,4.3,27.1,16.1,34.9,25.1,83.5,96.0,111.3,0.498,5.0,15.0,92.2,0.391,2.5,Sinker,R,RHB vs LHP,23.0,153,0.226,0.283,0.35,0.633,2,12,27,0.0131,3.9,0.442,147,0.0272,3.9,0.534,5,4,1,1/4,0.25,0.4,0.25,0.65,0,1,0,24.2,Strong Pitcher Advantage,Below average,42.9,5,Pitch-level Statcast · last 5 MLB games,248,Sinker,35.88709677419355,89.0,Changeup,22.983870967741936,57.0,Slider,15.32258064516129,38.0,4-Seam Fastball,15.32258064516129,38.0,Knuckle Curve,10.483870967741936,26.0,Unknown,,Unknown,,No,100.0,1.0,1.0,50.0,0.93,0.968,28.9,Current-Season Handedness Matchup,Pull Air %,Barrel %,Max Exit Velocity,23.0,27.2,15.0,8.9,50.0,45.0,26.5,3.68,0.758,0.948,1.025,0.94,0.905,0.851,1.035,6.54,3.76,78.1,19.9,F,Lineup unconfirmed,,,,,,
395,2026-09-04,824387,2026-09-04T23:15:00Z,Scheduled,Progressive Field,Detroit Tigers @ Cleveland Guardians,Home,680757,Steven Kwan,Cleveland Guardians,Detroit Tigers,LF,L,No,,130,542,459,126,17,2,2,68,27,71,4,53,0.275,0.374,0.333,0.707,11,50,48,17,0,0.354,0.0,24,112,97,32,1,0.33,0.0089,688,149,0.5,6.8,37.9,30.3,31.1,12.5,29.4,35.0,35.8,2.4,2.2,2.4,78.3,79.1,18.6,0.366,60.1,89.0,102.8,0.1,3.8,0.0,32.1,12.3,Weak,1.5,Contact-First Profile,A,Excellent HR swing plane,12.3,Weak,0.894,Good,0.7,43.6,89.1,0.346,Derived proxy,Derived proxy,Derived proxy,Derived proxy,,,9.08,7.08,Strong positive regression,Weak Contact-First Profile profile. 0.5% barrel rate; 79.1 mph average exit velocity; 29.4% air-ball rate; 35.0% pull-air rate; 2.4% HR-launch rate.,0.0037,0.0088,3.99,92,23,229.5,0.4,40.1,Recently homered,808825.0,Andrew Sears,L,LHB vs LHP,2,0,6.2,6.75,1.35,1,1.35,5.4,1.35,40.0,5.0,17.5,20.0,35.7,37.5,84.6,94.2,107.5,0.523,1.0,11.7,100.0,0.367,0.3,4-Seam Fastball,L,LHB vs LHP,25.2,159,0.229,0.354,0.267,0.622,0,24,21,0.0,0.5,0.367,11,0.0909,11.1,0.695,0,0,0,0/0,,,,,0,0,0,25.4,Strong Pitcher Advantage,Below average,50.0,2,Pitch-level Statcast · last 5 MLB games,116,4-Seam Fastball,45.689655172413794,53.0,Slider,34.48275862068966,40.0,Changeup,11.206896551724139,13.0,Sinker,8.620689655172415,10.0,,,,Unknown,,Unknown,,No,100.0,1.0,1.0,50.0,0.923,0.975,25.7,Current-Season Handedness Matchup,Pull Air %,Barrel %,Max Exit Velocity,25.2,28.9,11.7,24.3,50.0,45.0,26.4,3.68,0.859,1.004,0.985,0.965,0.894,0.863,1.0,3.47,3.06,85.0,17.6,F,Lineup unconfirmed,,,,,,
396,2026-09-04,823824,2026-09-04T23:10:00Z,Scheduled,loanDepot park,Chicago Cubs @ Miami Marlins,Away,663538,Nico Hoerner,Chicago Cubs,Miami Marlins,2B,R,No,,138,603,547,142,27,1,8,56,62,41,7,53,0.26,0.315,0.356,0.671,12,49,45,10,1,0.222,0.0204,25,105,97,24,1,0.247,0.0095,843,163,1.0,16.6,30.2,30.8,38.0,11.5,26.8,27.9,31.2,2.9,1.6,2.9,82.5,80.9,17.3,0.412,66.6,91.8,108.9,1.1,7.6,0.1,44.3,13.7,Weak,1.5,Contact-First Profile,A,Excellent HR swing plane,13.7,Weak,0.898,Good,1.2,18.9,91.0,0.407,Derived proxy,Derived proxy,Derived proxy,Derived proxy,,,12.85,4.85,Strong positive regression,Weak Contact-First Profile profile. 1.0% barrel rate; 80.9 mph average exit velocity; 26.8% air-ball rate; 27.9% pull-air rate; 2.9% HR-launch rate.,0.0133,0.0164,4.05,11,3,68.4,0.16,16.1,Very recent HR,676083.0,Janson Junk,R,RHB vs RHP,21,20,103.0,4.11,1.3,12,1.05,6.12,2.45,635.0,4.3,23.9,11.7,47.2,29.3,83.0,95.2,114.2,0.497,12.0,15.8,99.9,0.408,0.9,4-Seam Fastball,R,RHB vs RHP,19.7,442,0.259,0.319,0.348,0.667,5,32,37,0.0113,1.0,0.416,162,0.037,4.3,0.45,2,2,0,0/2,0.0,0.0,0.0,0.0,0,0,0,23.4,Strong Pitcher Advantage,Below average,45.0,5,Pitch-level Statcast · last 5 MLB games,311,4-Seam Fastball,28.938906752411576,90.0,Slider,18.327974276527332,57.0,Sweeper,17.363344051446944,54.0,Changeup,17.041800643086816,53.0,Curveball,13.82636655948553,43.0,Unknown,,Unknown,,No,94.0,0.94,1.0,39.2,0.932,0.968,25.8,Current-Season Handedness Matchup,Pull Air %,Barrel %,Max Exit Velocity,19.7,34.0,15.8,6.0,39.2,45.0,26.2,3.67,0.979,0.992,0.985,1.0,0.898,0.898,0.98,6.47,4.11,85.0,18.8,F,Lineup unconfirmed,Sinker,4.501607717041801,14.0,,,
397,2026-09-04,823093,2026-09-05T02:10:00Z,Scheduled,T-Mobile Park,Athletics @ Seattle Mariners,Away,687231,Darell Hernaiz,Athletics,Seattle Mariners,SS,R,No,,55,157,137,32,3,0,1,13,9,16,1,31,0.234,0.316,0.277,0.593,5,13,10,2,0,0.2,0.0,8,23,19,4,0,0.211,0.0,213,24,0.3,17.7,27.3,40.7,32.0,9.1,20.2,21.2,32.0,1.6,0.7,1.6,100.0,79.1,15.7,0.366,67.4,91.0,107.1,6.2,4.2,0.5,44.4,10.1,Weak,1.5,Contact-First Profile,A,Excellent HR swing plane,10.1,Weak,0.888,Good,0.0,33.3,94.1,0.414,Derived proxy,Derived proxy,Derived proxy,Derived proxy,,,1.77,0.77,Near expected,Weak Contact-First Profile profile. 0.3% barrel rate; 79.1 mph average exit velocity; 20.2% air-ball rate; 21.2% pull-air rate; 1.6% HR-launch rate.,0.0064,0.0175,3.93,115,42,137.0,0.84,83.9,Near normal interval,669302.0,Logan Gilbert,R,RHB vs RHP,27,27,160.1,3.42,1.04,22,1.23,9.32,2.25,844.0,5.2,23.2,14.5,46.0,31.6,82.5,94.6,115.2,0.543,22.0,12.3,99.8,0.373,0.9,4-Seam Fastball,R,RHB vs RHP,21.0,99,0.224,0.309,0.259,0.568,0,10,20,0.0,0.7,0.336,278,0.0396,6.8,0.547,2,2,0,0/2,0.0,0.0,0.0,0.0,0,0,2,22.8,Strong Pitcher Advantage,Below average,45.0,5,Pitch-level Statcast · last 5 MLB games,479,4-Seam Fastball,43.42379958246347,208.0,Slider,23.799582463465555,114.0,Split-Finger,16.701461377870565,80.0,Changeup,9.394572025052192,45.0,Sweeper,4.592901878914405,22.0,Unknown,,Unknown,,No,92.0,0.92,1.0,35.6,0.925,0.977,20.6,Current-Season Handedness Matchup,Pull Air %,Barrel %,Max Exit Velocity,21.0,37.8,12.3,24.7,35.6,45.0,25.8,3.67,0.879,1.021,0.985,0.94,0.888,0.84,1.0,6.69,3.89,65.1,15.8,F,Lineup unconfirmed,Cutter,1.8789144050104385,9.0,Sinker,0.20876826722338204,1.0
398,2026-09-04,823418,2026-09-04T22:40:00Z,Scheduled,Citizens Bank Park,Atlanta Braves @ Philadelphia Phillies,Home,596117,Garrett Stubbs,Philadelphia Phillies,Atlanta Braves,C,L,No,,31,56,51,8,0,0,0,10,3,2,2,11,0.157,0.214,0.157,0.371,4,7,7,1,0,0.143,0.0,9,18,17,3,0,0.176,0.0,79,27,0.0,15.1,34.6,30.4,35.0,14.6,19.7,38.3,15.5,1.7,1.7,1.7,,77.9,12.0,0.282,62.1,90.0,104.2,0.0,3.4,0.0,44.2,11.4,Weak,1.5,Contact-First Profile,A,Excellent HR swing plane,11.4,Weak,0.892,Good,0.0,40.0,85.8,0.245,Derived proxy,Derived proxy,Derived proxy,Derived proxy,,,0.81,0.81,Near expected,Weak Contact-First Profile profile. 0.0% barrel rate; 77.9 mph average exit velocity; 19.7% air-ball rate; 38.3% pull-air rate; 1.7% HR-launch rate.,0.0,0.0218,3.81,51,30,,,,No season HR,519242.0,Chris Sale,L,LHB vs LHP,24,24,144.0,2.06,1.0,8,0.5,11.06,1.75,744.0,3.1,19.5,11.6,36.0,32.3,81.8,93.2,113.2,0.487,8.0,6.6,100.0,0.316,0.0,4-Seam Fastball,L,LHB vs LHP,34.3,7,0.167,0.286,0.167,0.452,0,1,2,0.0,0.0,0.327,144,0.0069,3.6,0.467,0,0,0,0/0,,,,,0,0,0,27.7,Strong Pitcher Advantage,Below average,50.0,5,Pitch-level Statcast · last 5 MLB games,508,4-Seam Fastball,42.51968503937008,216.0,Slider,39.960629921259844,203.0,Sinker,9.05511811023622,46.0,Changeup,8.464566929133857,43.0,,,,Unknown,,Unknown,,No,108.0,1.08,1.0,64.4,0.92,0.956,28.6,Current-Season Handedness Matchup,Pull Air %,Barrel %,Max Exit Velocity,34.3,22.9,6.6,18.8,64.4,45.0,25.7,3.66,1.0,0.904,0.985,0.94,0.892,0.84,1.0,8.06,4.62,57.4,15.4,F,Small season sample; Lineup unconfirmed,,,,,,
399,2026-09-04,824067,2026-09-05T00:10:00Z,Scheduled,Kauffman Stadium,Toronto Blue Jays @ Kansas City Royals,Away,676391,Ernie Clement,Toronto Blue Jays,Kansas City Royals,2B,R,No,,137,548,521,143,29,1,9,56,44,20,2,54,0.274,0.301,0.386,0.687,11,42,40,6,0,0.15,0.0,25,96,90,20,0,0.222,0.0,797,148,0.9,12.2,34.5,41.7,23.7,13.5,27.7,39.0,29.6,3.0,2.3,3.0,81.8,78.7,20.7,0.352,64.6,89.8,107.2,2.5,7.5,0.4,56.9,15.8,Weak,1.5,Contact-First Profile,A-,Elevated power plane,15.8,Weak,0.904,Good,0.0,23.5,88.0,0.326,Derived proxy,Derived proxy,Derived proxy,Derived proxy,,,13.52,4.52,Strong positive regression,Weak Contact-First Profile profile. 0.9% barrel rate; 78.7 mph average exit velocity; 27.7% air-ball rate; 39.0% pull-air rate; 3.0% HR-launch rate.,0.0164,0.0192,4.05,90,25,57.9,1.55,155.5,Above normal drought,663738.0,Daniel Lynch IV,L,RHB vs LHP,51,5,61.2,3.06,1.05,5,0.73,6.71,2.77,299.0,4.3,27.1,16.1,34.9,25.1,83.5,96.0,111.3,0.498,5.0,12.6,100.0,0.376,1.8,Sinker,R,RHB vs LHP,21.5,175,0.253,0.286,0.367,0.653,4,7,18,0.0229,1.8,0.378,147,0.0272,3.9,0.534,2,2,1,1/2,0.5,0.5,2.0,2.5,1,0,0,25.1,Strong Pitcher Advantage,Below average,55.0,5,Pitch-level Statcast · last 5 MLB games,248,Sinker,35.88709677419355,89.0,Changeup,22.983870967741936,57.0,Slider,15.32258064516129,38.0,4-Seam Fastball,15.32258064516129,38.0,Knuckle Curve,10.483870967741936,26.0,Unknown,,Unknown,,No,100.0,1.0,1.0,50.0,0.925,0.968,29.1,Current-Season Handedness Matchup,Pull Air %,Barrel %,Max Exit Velocity,21.5,27.2,12.6,3.3,50.0,45.0,25.7,3.66,0.758,0.948,1.025,1.0,0.904,0.904,1.035,7.56,4.14,84.7,22.7,F,Lineup unconfirmed,,,,,,
400,2026-09-04,824797,2026-09-04T23:05:00Z,Scheduled,Oriole Park at Camden Yards,Boston Red Sox @ Baltimore Orioles,Away,678882,Ceddanne Rafaela,Boston Red Sox,Baltimore Orioles,CF,R,No,,135,569,535,151,32,3,16,67,70,21,8,115,0.282,0.317,0.443,0.76,12,51,48,12,0,0.25,0.0,26,120,114,30,1,0.263,0.0083,836,172,2.8,18.3,30.2,32.2,36.6,13.5,25.4,26.2,30.4,4.5,2.5,4.5,50.4,80.5,17.0,0.446,66.8,91.6,108.7,5.8,9.1,1.4,46.6,14.7,Weak,1.5,Contact-First Profile,A,Excellent HR swing plane,14.7,Weak,0.901,Good,2.3,16.7,90.9,0.426,Derived proxy,Derived proxy,Derived proxy,Derived proxy,,,22.17,6.17,Strong positive regression,Weak Contact-First Profile profile. 2.8% barrel rate; 80.5 mph average exit velocity; 25.4% air-ball rate; 26.2% pull-air rate; 4.5% HR-launch rate.,0.0281,0.0288,4.05,85,20,33.4,2.54,254.2,Very long drought,669358.0,Shane Baz,R,RHB vs RHP,27,27,157.0,4.01,1.35,11,0.63,7.97,3.15,919.0,3.7,24.0,13.5,38.1,29.8,83.1,94.8,116.9,0.507,11.0,17.6,99.6,0.426,1.6,4-Seam Fastball,R,RHB vs RHP,20.8,420,0.285,0.318,0.427,0.745,11,14,79,0.0262,2.9,0.45,277,0.0144,3.0,0.477,13,12,3,3/12,0.25,0.308,0.25,0.558,0,1,3,20.5,Strong Pitcher Advantage,Below average,25.0,5,Pitch-level Statcast · last 5 MLB games,442,4-Seam Fastball,37.33031674208145,165.0,Knuckle Curve,31.67420814479638,140.0,Sinker,12.44343891402715,55.0,Changeup,10.180995475113122,45.0,Cutter,8.371040723981901,37.0,Unknown,,Unknown,,No,99.0,0.99,1.0,48.2,0.935,0.962,25.9,Current-Season Handedness Matchup,Pull Air %,Barrel %,Max Exit Velocity,20.8,26.8,17.6,6.6,48.2,45.0,25.4,3.66,0.758,0.925,0.985,1.0,0.901,0.901,1.06,11.16,5.02,85.0,29.6,F,Lineup unconfirmed,,,,,,
401,2026-09-04,822852,2026-09-05T00:05:00Z,Scheduled,Globe Life Field,Tampa Bay Rays @ Texas Rangers,Home,670032,Nicky Lopez,Texas Rangers,Tampa Bay Rays,2B,L,No,,81,228,205,53,3,1,1,20,22,10,3,38,0.259,0.3,0.298,0.598,6,7,6,1,0,0.167,0.0,19,35,31,4,0,0.129,0.0,338,55,0.8,9.8,34.5,42.7,22.4,9.6,19.9,26.0,25.0,1.6,0.6,1.6,65.0,78.3,14.8,0.314,62.7,88.6,108.6,2.1,4.0,1.4,55.4,9.2,Weak,1.5,Contact-First Profile,A,Excellent HR swing plane,9.2,Weak,0.886,Good,1.8,25.0,87.0,0.256,Derived proxy,Derived proxy,Derived proxy,Derived proxy,,,4.13,3.13,Positive regression,Weak Contact-First Profile profile. 0.8% barrel rate; 78.3 mph average exit velocity; 19.9% air-ball rate; 26.0% pull-air rate; 1.6% HR-launch rate.,0.0044,0.0139,3.87,190,74,205.0,0.93,92.7,Near normal interval,607259.0,Nick Martinez,R,LHB vs RHP,26,26,153.2,2.99,1.1,18,1.05,5.33,1.29,848.0,4.7,23.3,17.3,45.8,32.9,82.0,94.6,113.3,0.508,18.0,11.3,99.9,0.363,0.1,Sinker,L,LHB vs RHP,16.9,172,0.263,0.31,0.314,0.624,1,9,30,0.0058,0.4,0.345,369,0.0325,5.1,0.492,0,0,0,0/0,,,,,0,0,0,21.6,Strong Pitcher Advantage,Below average,50.0,5,Pitch-level Statcast · last 5 MLB games,425,Sinker,30.352941176470587,129.0,Changeup,26.352941176470587,112.0,Cutter,21.647058823529413,92.0,4-Seam Fastball,15.294117647058824,65.0,Slider,5.647058823529412,24.0,Unknown,,Unknown,,No,104.0,1.04,1.0,57.2,0.923,0.972,20.2,Current-Season Handedness Matchup,Pull Air %,Barrel %,Max Exit Velocity,16.9,34.5,11.3,4.7,57.2,45.0,24.8,3.65,0.901,0.992,1.025,0.94,0.886,0.84,1.0,5.28,3.72,71.1,16.7,F,Lineup unconfirmed,Curveball,0.7058823529411765,3.0,,,
402,2026-09-04,823418,2026-09-04T22:40:00Z,Scheduled,Citizens Bank Park,Atlanta Braves @ Philadelphia Phillies,Home,650333,Luis Arraez,Philadelphia Phillies,Atlanta Braves,2B,L,No,,132,576,527,166,28,7,6,63,55,28,4,25,0.315,0.347,0.429,0.776,11,38,36,8,0,0.222,0.0,25,103,98,27,1,0.276,0.0097,936,179,0.9,10.1,37.2,30.3,32.5,18.5,32.6,32.9,33.1,3.3,2.3,3.3,73.2,80.7,20.7,0.402,61.3,90.6,105.5,0.0,5.4,0.0,48.2,14.6,Weak,1.5,Contact-First Profile,A-,Elevated power plane,14.6,Weak,0.901,Good,1.1,33.3,89.8,0.411,Derived proxy,Derived proxy,Derived proxy,Derived proxy,,,14.84,8.84,Strong positive regression,Weak Contact-First Profile profile. 0.9% barrel rate; 80.7 mph average exit velocity; 32.6% air-ball rate; 32.9% pull-air rate; 3.3% HR-launch rate.,0.0104,0.0141,3.99,41,12,87.8,0.47,46.7,Recently homered,519242.0,Chris Sale,L,LHB vs LHP,24,24,144.0,2.06,1.0,8,0.5,11.06,1.75,744.0,3.1,19.5,11.6,36.0,32.3,81.8,93.2,113.2,0.487,8.0,14.9,100.0,0.399,0.9,4-Seam Fastball,L,LHB vs LHP,9.8,171,0.306,0.331,0.408,0.739,1,4,14,0.0058,0.4,0.348,144,0.0069,3.6,0.467,2,2,0,0/2,0.0,0.0,0.0,0.0,0,0,0,18.6,Strong Pitcher Advantage,Below average,45.0,5,Pitch-level Statcast · last 5 MLB games,508,4-Seam Fastball,42.51968503937008,216.0,Slider,39.960629921259844,203.0,Sinker,9.05511811023622,46.0,Changeup,8.464566929133857,43.0,,,,Unknown,,Unknown,,No,108.0,1.08,1.0,64.4,0.93,0.956,22.9,Current-Season Handedness Matchup,Pull Air %,Barrel %,Max Exit Velocity,9.8,22.9,14.9,16.1,64.4,45.0,24.8,3.65,0.801,0.904,0.985,1.0,0.901,0.901,1.0,5.52,3.55,85.0,19.5,F,Lineup unconfirmed,,,,,,
403,2026-09-04,823256,2026-09-05T01:40:00Z,Scheduled,Petco Park,New York Yankees @ San Diego Padres,Home,669392,Samad Taylor,San Diego Padres,New York Yankees,LF,R,No,,29,113,96,32,1,2,1,16,11,13,1,32,0.333,0.418,0.417,0.835,3,11,8,3,0,0.375,0.0,3,11,8,3,0,0.375,0.0,123,20,1.2,12.2,27.3,56.8,15.9,6.1,20.2,35.8,29.4,3.7,3.1,3.7,50.0,72.7,12.8,0.471,60.9,86.2,101.4,3.6,8.6,0.8,47.6,13.4,Weak,1.5,Contact-First Profile,A,Excellent HR swing plane,13.4,Weak,0.898,Good,0.0,50.0,79.6,0.342,Derived proxy,Derived proxy,Derived proxy,Derived proxy,,,2.32,1.32,Near expected,Weak Contact-First Profile profile. 1.2% barrel rate; 72.7 mph average exit velocity; 20.2% air-ball rate; 35.8% pull-air rate; 3.7% HR-launch rate.,0.0088,0.0208,4.17,72,22,96.0,0.75,75.0,Recently homered,608331.0,Max Fried,L,RHB vs LHP,16,16,90.0,2.8,1.0,3,0.3,8.3,2.8,426.0,1.4,20.2,12.9,26.7,30.5,80.3,92.8,111.6,0.357,3.0,33.2,100.0,0.582,1.9,Cutter,R,RHB vs LHP,25.7,32,0.414,0.469,0.552,1.02,0,2,8,0.0,2.6,0.46,263,0.0114,1.2,0.357,0,0,0,0/0,,,,,0,0,0,33.2,Slight Pitcher Advantage,Below average,50.0,5,Pitch-level Statcast · last 5 MLB games,385,Cutter,22.5974025974026,87.0,4-Seam Fastball,21.558441558441558,83.0,Sinker,21.038961038961038,81.0,Sweeper,12.987012987012987,50.0,Curveball,10.64935064935065,41.0,Unknown,,Unknown,,No,94.0,0.94,1.0,39.2,0.966,0.939,25.0,Current-Season Handedness Matchup,Pull Air %,Barrel %,Max Exit Velocity,25.7,11.9,33.2,28.1,39.2,45.0,24.7,3.65,1.0,0.872,1.025,1.0,0.898,0.898,1.0,8.38,4.61,61.0,18.7,F,Lineup unconfirmed; Limited recent games,Changeup,8.571428571428571,33.0,Slider,2.5974025974025974,10.0
404,2026-09-04,823256,2026-09-05T01:40:00Z,Scheduled,Petco Park,New York Yankees @ San Diego Padres,Home,687749,Jase Bowen,San Diego Padres,New York Yankees,RF,R,No,,63,87,83,14,2,1,2,14,7,2,2,33,0.169,0.207,0.289,0.496,7,6,6,1,0,0.167,0.0,19,12,12,3,1,0.25,0.0833,87,21,4.2,28.2,39.3,36.4,22.8,16.1,28.7,21.1,30.4,7.2,2.5,7.2,40.0,82.1,14.0,0.586,69.2,95.3,107.5,24.1,14.3,6.1,35.0,21.8,Weak,2.0,Contact-First Profile,A,Excellent HR swing plane,21.8,Weak,0.921,Good,0.0,0.0,96.4,0.56,Derived proxy,Derived proxy,Derived proxy,Derived proxy,,,3.26,1.26,Near expected,Weak Contact-First Profile profile. 4.2% barrel rate; 82.1 mph average exit velocity; 28.7% air-ball rate; 21.1% pull-air rate; 7.2% HR-launch rate.,0.023,0.0282,3.81,7,9,41.5,0.17,16.9,Very recent HR,608331.0,Max Fried,L,RHB vs LHP,16,16,90.0,2.8,1.0,3,0.3,8.3,2.8,426.0,1.4,20.2,12.9,26.7,30.5,80.3,92.8,111.6,0.357,3.0,25.5,87.1,0.5,2.2,Cutter,R,RHB vs LHP,32.5,45,0.209,0.244,0.442,0.686,2,2,16,0.0444,6.7,0.626,263,0.0114,1.2,0.357,0,0,0,0/0,,,,,0,0,0,33.5,Slight Pitcher Advantage,Below average,50.0,5,Pitch-level Statcast · last 5 MLB games,385,Cutter,22.5974025974026,87.0,4-Seam Fastball,21.558441558441558,83.0,Sinker,21.038961038961038,81.0,Sweeper,12.987012987012987,50.0,Curveball,10.64935064935065,41.0,Unknown,,Unknown,,No,94.0,0.94,1.0,39.2,0.951,0.939,30.5,Current-Season Handedness Matchup,Pull Air %,Barrel %,Max Exit Velocity,32.5,11.9,25.5,16.8,39.2,45.0,24.5,3.64,1.0,0.872,1.025,0.94,0.921,0.866,0.98,10.33,5.01,59.2,16.3,F,Lineup unconfirmed,Changeup,8.571428571428571,33.0,Slider,2.5974025974025974,10.0
405,2026-09-04,823256,2026-09-05T01:40:00Z,Scheduled,Petco Park,New York Yankees @ San Diego Padres,Home,666023,Freddy Fermin,San Diego Padres,New York Yankees,C,R,No,,85,240,211,41,11,0,4,21,17,18,3,48,0.194,0.265,0.303,0.568,6,20,17,4,0,0.235,0.0,15,47,44,10,0,0.227,0.0,317,57,2.3,20.5,37.1,36.5,26.4,14.3,30.9,40.8,29.5,6.4,3.7,6.4,32.5,82.5,17.0,0.44,66.4,93.4,106.2,6.6,11.5,1.6,49.4,21.2,Weak,2.0,Contact-First Profile,A,Excellent HR swing plane,21.2,Weak,0.919,Good,1.8,35.0,94.1,0.48,Derived proxy,Derived proxy,Derived proxy,Derived proxy,,,9.34,5.34,Strong positive regression,Weak Contact-First Profile profile. 2.3% barrel rate; 82.5 mph average exit velocity; 30.9% air-ball rate; 40.8% pull-air rate; 6.4% HR-launch rate.,0.0167,0.0218,3.81,49,16,52.8,0.93,92.9,Near normal interval,608331.0,Max Fried,L,RHB vs LHP,16,16,90.0,2.8,1.0,3,0.3,8.3,2.8,426.0,1.4,20.2,12.9,26.7,30.5,80.3,92.8,111.6,0.357,3.0,15.1,100.0,0.401,1.7,Cutter,R,RHB vs LHP,22.0,70,0.169,0.217,0.308,0.525,2,4,13,0.0286,4.3,0.446,263,0.0114,1.2,0.357,6,6,2,2/6,0.333,0.333,0.333,0.666,0,0,1,23.6,Strong Pitcher Advantage,Below average,41.9,5,Pitch-level Statcast · last 5 MLB games,385,Cutter,22.5974025974026,87.0,4-Seam Fastball,21.558441558441558,83.0,Sinker,21.038961038961038,81.0,Sweeper,12.987012987012987,50.0,Curveball,10.64935064935065,41.0,Unknown,,Unknown,,No,94.0,0.94,1.0,39.2,0.93,0.939,32.6,Current-Season Handedness Matchup,Pull Air %,Barrel %,Max Exit Velocity,22.0,11.9,15.1,26.3,39.2,45.0,24.3,3.64,0.758,0.872,1.025,0.94,0.919,0.864,1.0,8.05,3.77,72.9,17.1,F,Lineup unconfirmed,Changeup,8.571428571428571,33.0,Slider,2.5974025974025974,10.0
406,2026-09-04,823905,2026-09-05T02:10:00Z,Scheduled,UNIQLO Field at Dodger Stadium,Washington Nationals @ Los Angeles Dodgers,Away,678391,Jorbit Vivas,Washington Nationals,Los Angeles Dodgers,3B,L,No,,107,313,265,64,12,1,3,29,25,36,4,41,0.242,0.337,0.328,0.665,10,36,28,9,0,0.321,0.0,21,69,57,15,0,0.263,0.0,430,93,2.4,13.6,41.7,29.9,28.4,11.7,25.7,35.3,29.0,3.0,2.4,3.0,17.7,78.1,16.0,0.373,67.6,89.2,108.7,5.2,6.3,0.5,40.9,13.7,Weak,1.5,Contact-First Profile,A,Excellent HR swing plane,13.7,Weak,0.898,Good,2.2,33.3,88.4,0.361,Derived proxy,Derived proxy,Derived proxy,Derived proxy,,,10.74,7.74,Strong positive regression,Weak Contact-First Profile profile. 2.4% barrel rate; 78.1 mph average exit velocity; 25.7% air-ball rate; 35.3% pull-air rate; 3.0% HR-launch rate.,0.0096,0.0158,4.05,124,47,88.3,1.4,140.4,Above normal drought,605483.0,Blake Snell,L,LHB vs LHP,5,5,26.0,2.42,1.08,0,0.0,12.46,4.15,129.0,0.8,6.2,10.1,33.3,29.5,78.0,87.5,107.3,0.331,0.0,17.7,100.0,0.417,2.5,4-Seam Fastball,L,LHB vs LHP,32.8,39,0.235,0.316,0.235,0.551,0,4,3,0.0,0.0,0.344,35,0.0,0.0,0.363,0,0,0,0/0,,,,,0,0,0,31.0,Slight Pitcher Advantage,Below average,50.0,5,Pitch-level Statcast · last 5 MLB games,444,4-Seam Fastball,49.32432432432432,219.0,Curveball,20.945945945945947,93.0,Changeup,17.792792792792792,79.0,Slider,11.936936936936936,53.0,,,,Unknown,,Unknown,,No,100.0,1.0,1.0,50.0,0.935,0.933,31.5,Current-Season Handedness Matchup,Pull Air %,Barrel %,Max Exit Velocity,32.8,9.9,17.7,13.6,50.0,45.0,23.7,3.63,0.758,1.0,0.985,0.965,0.898,0.867,1.035,6.25,3.66,79.9,20.3,F,Lineup unconfirmed,,,,,,
407,2026-09-04,824067,2026-09-05T00:10:00Z,Scheduled,Kauffman Stadium,Toronto Blue Jays @ Kansas City Royals,Away,703520,Brett Bateman,Toronto Blue Jays,Kansas City Royals,CF,L,No,,22,102,91,30,4,1,0,14,7,8,0,22,0.33,0.38,0.396,0.776,10,46,38,14,0,0.368,0.0,22,102,91,30,0,0.33,0.0,117,117,0.0,12.0,26.5,44.1,27.9,6.0,19.7,8.7,33.3,3.4,2.6,3.4,,77.7,7.9,0.376,64.6,89.7,105.2,2.7,6.0,0.7,34.9,7.7,Weak,1.5,Contact-First Profile,C,Low line-drive plane,7.7,Weak,0.882,Good,0.0,8.7,89.7,0.376,Derived proxy,Derived proxy,Derived proxy,Derived proxy,,,0.65,0.65,Near expected,Weak Contact-First Profile profile. 0.0% barrel rate; 77.7 mph average exit velocity; 19.7% air-ball rate; 8.7% pull-air rate; 3.4% HR-launch rate.,0.0,0.0173,4.13,91,22,,,,No season HR,663738.0,Daniel Lynch IV,L,LHB vs LHP,51,5,61.2,3.06,1.05,5,0.73,6.71,2.77,299.0,4.3,27.1,16.1,34.9,25.1,83.5,96.0,111.3,0.498,5.0,15.0,92.2,0.4,0.0,Sinker,L,LHB vs LHP,28.4,34,0.387,0.412,0.484,0.896,0,2,7,0.0,0.0,0.347,103,0.0097,5.0,0.447,0,0,0,0/0,,,,,0,0,0,28.0,Strong Pitcher Advantage,Below average,50.0,5,Pitch-level Statcast · last 5 MLB games,248,Sinker,35.88709677419355,89.0,Changeup,22.983870967741936,57.0,Slider,15.32258064516129,38.0,4-Seam Fastball,15.32258064516129,38.0,Knuckle Curve,10.483870967741936,26.0,Unknown,,Unknown,,No,100.0,1.0,1.0,50.0,0.93,0.968,19.3,Current-Season Handedness Matchup,Pull Air %,Barrel %,Max Exit Velocity,28.4,27.2,15.0,3.4,50.0,45.0,22.4,3.62,0.758,0.948,0.985,1.0,0.882,0.882,1.0,6.95,3.77,67.3,17.3,F,Lineup unconfirmed,,,,,,
408,2026-09-04,823256,2026-09-05T01:40:00Z,Scheduled,Petco Park,New York Yankees @ San Diego Padres,Home,630105,Jake Cronenworth,San Diego Padres,New York Yankees,2B,L,No,,88,341,302,65,11,0,4,35,26,32,5,80,0.215,0.301,0.291,0.592,11,46,43,7,0,0.163,0.0,25,104,94,20,1,0.213,0.0096,464,146,2.8,18.9,39.0,27.5,33.5,11.8,22.0,28.3,25.8,4.0,1.5,4.0,28.8,81.2,15.4,0.376,68.6,93.2,107.9,16.7,8.4,3.5,39.3,15.1,Weak,1.5,Contact-First Profile,A,Excellent HR swing plane,15.1,Weak,0.902,Good,2.7,26.5,93.5,0.321,Derived proxy,Derived proxy,Derived proxy,Derived proxy,,,12.32,8.32,Strong positive regression,Weak Contact-First Profile profile. 2.8% barrel rate; 81.2 mph average exit velocity; 22.0% air-ball rate; 28.3% pull-air rate; 4.0% HR-launch rate.,0.0117,0.017,3.87,54,15,75.5,0.72,71.5,Recently homered,608331.0,Max Fried,L,LHB vs LHP,16,16,90.0,2.8,1.0,3,0.3,8.3,2.8,426.0,1.4,20.2,12.9,26.7,30.5,80.3,92.8,111.6,0.357,3.0,17.3,100.0,0.387,3.8,Cutter,L,LHB vs LHP,14.9,76,0.232,0.293,0.304,0.598,1,3,14,0.0132,1.8,0.319,84,0.0,1.9,0.357,12,12,3,3/12,0.25,0.25,0.25,0.5,0,0,5,17.4,Strong Pitcher Advantage,Below average,23.2,5,Pitch-level Statcast · last 5 MLB games,385,Cutter,22.5974025974026,87.0,4-Seam Fastball,21.558441558441558,83.0,Sinker,21.038961038961038,81.0,Sweeper,12.987012987012987,50.0,Curveball,10.64935064935065,41.0,Unknown,,Unknown,,No,94.0,0.94,1.0,39.2,0.935,0.939,24.3,Current-Season Handedness Matchup,Pull Air %,Barrel %,Max Exit Velocity,14.9,11.9,17.3,18.6,39.2,45.0,20.9,3.6,0.779,0.872,0.985,0.94,0.902,0.848,1.0,6.42,3.35,84.4,17.2,F,Lineup unconfirmed,Changeup,8.571428571428571,33.0,Slider,2.5974025974025974,10.0
409,2026-09-04,823905,2026-09-05T02:10:00Z,Scheduled,UNIQLO Field at Dodger Stadium,Washington Nationals @ Los Angeles Dodgers,Away,683083,Nasim Nuñez,Washington Nationals,Los Angeles Dodgers,2B,S,No,,130,458,402,86,5,3,1,51,35,45,1,94,0.214,0.293,0.249,0.542,11,36,33,3,0,0.091,0.0,23,81,74,9,0,0.122,0.0,620,114,0.9,13.0,38.0,35.5,25.7,11.5,23.3,33.4,28.2,2.3,2.2,2.3,21.7,80.0,17.9,0.363,64.7,90.4,109.7,2.5,6.3,0.8,39.6,13.0,Weak,1.5,Contact-First Profile,A,Excellent HR swing plane,13.0,Weak,0.896,Good,1.8,27.6,91.7,0.366,Derived proxy,Derived proxy,Derived proxy,Derived proxy,,,9.39,8.39,Strong positive regression,Weak Contact-First Profile profile. 0.9% barrel rate; 80.0 mph average exit velocity; 23.3% air-ball rate; 33.4% pull-air rate; 2.3% HR-launch rate.,0.0022,0.0084,3.93,157,48,402.0,0.39,39.1,Recently homered,605483.0,Blake Snell,L,Switch vs LHP,5,5,26.0,2.42,1.08,0,0.0,12.46,4.15,129.0,0.8,6.2,10.1,33.3,29.5,78.0,87.5,107.3,0.331,0.0,11.7,100.0,0.367,0.5,4-Seam Fastball,R,RHB vs LHP,11.7,134,0.224,0.328,0.276,0.604,1,17,25,0.0075,0.6,0.358,74,0.0,1.1,0.319,0,0,0,0/0,,,,,0,0,0,19.4,Strong Pitcher Advantage,Below average,50.0,5,Pitch-level Statcast · last 5 MLB games,444,4-Seam Fastball,49.32432432432432,219.0,Curveball,20.945945945945947,93.0,Changeup,17.792792792792792,79.0,Slider,11.936936936936936,53.0,,,,Unknown,,Unknown,,No,100.0,1.0,1.0,50.0,0.923,0.933,25.3,Current-Season Handedness Matchup,Pull Air %,Barrel %,Max Exit Velocity,11.7,9.9,11.7,14.6,50.0,45.0,20.3,3.59,0.758,1.0,1.035,0.94,0.896,0.843,1.0,3.25,2.81,83.5,16.2,F,Lineup unconfirmed,,,,,,
410,2026-09-04,822852,2026-09-05T00:05:00Z,Scheduled,Globe Life Field,Tampa Bay Rays @ Texas Rangers,Away,802415,Chandler Simpson,Tampa Bay Rays,Texas Rangers,LF,L,No,,132,534,495,153,14,6,0,55,31,24,0,43,0.309,0.337,0.362,0.699,12,49,44,15,0,0.341,0.0,25,107,100,35,0,0.35,0.0,696,128,0.0,7.5,30.8,37.6,31.2,10.6,24.7,23.3,25.8,0.0,0.0,0.0,,76.9,5.3,0.316,60.2,88.9,105.3,0.2,1.3,0.0,32.4,5.2,Weak,1.0,Contact-First Profile,C,Low line-drive plane,5.2,Weak,0.88,Good,0.0,21.2,88.7,0.302,Derived proxy,Derived proxy,Derived proxy,Derived proxy,,,3.57,3.57,Positive regression,Weak Contact-First Profile profile. 0.0% barrel rate; 76.9 mph average exit velocity; 24.7% air-ball rate; 23.3% pull-air rate; 0.0% HR-launch rate.,0.0,0.0059,4.05,495,132,,,,No season HR,592866.0,Trevor Williams,R,LHB vs RHP,9,0,18.1,3.93,1.42,3,1.47,11.29,3.44,114.0,3.5,16.7,10.5,34.8,34.2,79.5,91.9,109.6,0.501,3.0,7.8,100.0,0.328,0.0,4-Seam Fastball,L,LHB vs RHP,18.4,360,0.324,0.361,0.372,0.734,0,21,25,0.0,0.0,0.336,41,0.0244,3.3,0.413,0,0,0,0/0,,,,,0,0,0,21.0,Strong Pitcher Advantage,Below average,50.0,5,Pitch-level Statcast · last 5 MLB games,240,4-Seam Fastball,39.166666666666664,94.0,Sweeper,23.75,57.0,Sinker,19.166666666666668,46.0,Changeup,9.583333333333334,23.0,Slider,8.333333333333334,20.0,Unknown,,Unknown,,No,104.0,1.04,1.0,57.2,0.92,0.96,17.3,Current-Season Handedness Matchup,Pull Air %,Barrel %,Max Exit Velocity,18.4,21.1,7.8,2.5,57.2,45.0,19.2,3.58,0.758,1.015,1.025,1.0,0.88,0.88,1.0,2.36,2.65,85.0,16.9,F,Lineup unconfirmed,,,,,,
