Rank,Date,Game PK,Game Time UTC,Game Status,Venue,Matchup,Home/Away,Player ID,Player,Team,Opponent,Position,Bats,Confirmed Lineup,Lineup Spot,G,PA,AB,H,2B,3B,HR,R,RBI,BB,HBP,SO,AVG,OBP,SLG,OPS,L14 G,L14 PA,L14 AB,L14 H,L14 HR,L14 AVG,L14 HR/PA,L30 G,L30 PA,L30 AB,L30 H,L30 HR,L30 AVG,L30 HR/PA,Statcast BBE,L30 Statcast BBE,Barrel %,Hard Hit %,Pull %,Center %,Oppo %,Fly Ball %,Air Ball %,Pull Air %,Sweet Spot %,HR Launch %,Ideal HR Contact %,Ideal Contact %,HR/Barrel %,Avg Exit Velocity,Avg Launch Angle,xSLG on Contact,Avg Bat Speed,EV50,Max Exit Velocity,Fast Swing Rate %,Squared-Up Rate %,Blast Rate %,Ideal Attack Angle %,Power DNA Score,Power DNA Label,Power DNA Stars,Power Archetype,Swing Plane Grade,Swing Plane Label,Power Profile Score,Power Profile Label,Power Profile Multiplier,Power Profile Data Quality,L30 Barrel %,L30 Pull Air %,L30 EV50,L30 xSLG on Contact,Fast Swing Source,Squared-Up Source,Blast Source,Ideal Attack Angle Source,Barrels per PA,Barrels per PA %,Estimated xHR,xHR Minus Actual HR,HR Regression Label,AI Power Outlook,Raw HR/PA,Bayesian HR/PA,Expected PA,AB Since Last HR,Games Since Last HR,AB/HR,Due Ratio,Due Meter Pct,Due Label,Opposing SP ID,Opposing SP,Opposing SP Throws,Platoon,SP G,SP GS,SP IP,SP ERA,SP WHIP,SP HR,SP HR/9,SP K/9,SP BB/9,SP Statcast BBE,SP Barrel % Allowed,SP Hard Hit % Allowed,SP Fly Ball % Allowed,SP Pull Air % Allowed,SP Sweet Spot % Allowed,SP Avg EV Allowed,SP EV50 Allowed,SP Max EV Allowed,SP xSLG on Contact Allowed,SP Statcast HR Allowed,Pitch Type Matchup Score,Pitch Mix Coverage %,Weighted xSLG vs Pitch Mix,Weighted Barrel % vs Pitch Mix,Primary Pitch Matchup,Effective Batter Side,Handedness Matchup,Handedness Matchup Score,Hitter Split PA,Hitter Split AVG,Hitter Split OBP,Hitter Split SLG,Hitter Split OPS,Hitter Split HR,Hitter Split BB,Hitter Split K,Hitter HR/PA vs Hand,Hitter Barrel % vs Hand,Hitter xSLG vs Hand,Pitcher Split PA Allowed,Pitcher HR/PA Allowed vs Side,Pitcher Barrel % Allowed vs Side,Pitcher xSLG Allowed vs Side,Career BvP PA,Career BvP AB,Career BvP H,Career BvP Results,Career BvP AVG,Career BvP OBP,Career BvP SLG,Career BvP OPS,Career BvP HR,Career BvP BB,Career BvP K,Hitter vs Pitcher Matchup Score,Hitter vs Pitcher Matchup Label,Hitter vs Pitcher Matchup Band,Career BvP Component Score,Recent Pitch Mix Games,Recent Pitch Mix Source,Recent Pitch Mix Total,Recent Pitch 1 Name,Recent Pitch 1 Usage %,Recent Pitch 1 Count,Recent Pitch 2 Name,Recent Pitch 2 Usage %,Recent Pitch 2 Count,Recent Pitch 3 Name,Recent Pitch 3 Usage %,Recent Pitch 3 Count,Recent Pitch 4 Name,Recent Pitch 4 Usage %,Recent Pitch 4 Count,Recent Pitch 5 Name,Recent Pitch 5 Usage %,Recent Pitch 5 Count,Recent Pitch 6 Name,Recent Pitch 6 Usage %,Recent Pitch 6 Count,Weather Condition,Temperature F,Wind,Wind MPH,Roof Closed,Park HR Factor,Park Multiplier,Weather Multiplier,Environment Score,Pitch Fit Multiplier,Pitcher Contact Multiplier,Hitter Power Component,Hitter Power Primary Metric,Hitter Power Secondary Metric,Hitter Power Third Metric,Hitter Power Fourth Metric,Handedness Matchup Component,Pitcher Vulnerability Component,Pitch Type Component,Recent Power Component,Environment Component,Lineup Component,HR Target Score,Target Score Probability %,Recent Form Multiplier,Pitcher HR Multiplier,Platoon Multiplier,Legacy OPS/SLG Multiplier,Statcast Power Multiplier,Power Multiplier,Due Multiplier,Baseline HR Probability %,HR Probability %,Model Confidence %,HR Model Score,Grade,Data Quality,Recent Pitch 7 Name,Recent Pitch 7 Usage %,Recent Pitch 7 Count,Recent Pitch 8 Name,Recent Pitch 8 Usage %,Recent Pitch 8 Count
1,2026-09-11,822930,2026-09-11T23:10:00Z,Scheduled,Tropicana Field,Houston Astros @ Tampa Bay Rays,Home,691406,Junior Caminero,Tampa Bay Rays,Houston Astros,3B,R,No,,146,639,558,156,21,1,39,89,93,74,4,117,0.28,0.366,0.53,0.896,12,55,47,13,4,0.277,0.0727,26,114,102,29,4,0.284,0.0351,758,139,8.0,34.0,48.1,30.8,21.1,12.3,24.4,56.1,24.5,5.6,3.4,5.6,53.4,86.4,13.8,0.587,77.6,100.0,116.9,75.8,12.2,19.9,63.1,52.2,Average,3.0,Pull Power,A,Excellent HR swing plane,52.2,Average,1.006,Good,6.5,51.5,99.2,0.513,Derived proxy,Derived proxy,Derived proxy,Derived proxy,,,54.24,15.24,Strong positive regression,Average Pull Power profile. 8.0% barrel rate; 86.4 mph average exit velocity; 24.4% air-ball rate; 56.1% pull-air rate; 5.6% HR-launch rate.,0.061,0.0564,4.09,8,2,14.3,0.56,55.9,Recently homered,699044.0,Miguel Ullola,R,RHB vs RHP,5,0,7.0,3.86,0.86,2,2.57,12.86,1.29,32.0,9.4,28.1,28.1,50.0,25.0,85.2,96.0,108.3,0.736,2.0,67.2,100.0,0.779,9.1,4-Seam Fastball,R,RHB vs RHP,56.7,468,0.273,0.34,0.534,0.874,31,41,94,0.0662,9.0,0.623,13,0.0769,6.7,0.893,0,0,0,0/0,,,,,0,0,0,59.1,Slight Hitter Advantage,Above average,50.0,5,Pitch-level Statcast · last 5 MLB games,106,4-Seam Fastball,73.58490566037736,78.0,Slider,22.641509433962263,24.0,Curveball,2.830188679245283,3.0,Changeup,0.9433962264150944,1.0,,,,,,,Unknown,,Unknown,,No,100.0,1.0,1.0,50.0,1.034,1.019,65.1,Current-Season Handedness Matchup,Pull Air %,Barrel %,Max Exit Velocity,56.7,69.1,67.2,62.0,50.0,45.0,64.7,11.49,0.995,1.024,0.985,1.03,1.006,1.036,1.0,21.15,16.66,85.0,42.2,C-,Lineup unconfirmed,,,,,,
2,2026-09-11,824227,2026-09-11T22:40:00Z,Scheduled,Comerica Park,Colorado Rockies @ Detroit Tigers,Home,680664,Eduardo Valencia,Detroit Tigers,Colorado Rockies,DH,R,No,,31,95,93,28,8,0,6,14,18,1,1,26,0.301,0.316,0.581,0.897,6,21,21,4,0,0.19,0.0,16,52,52,12,2,0.231,0.0385,129,71,9.0,24.5,44.2,22.1,33.7,11.5,24.0,49.8,42.0,9.5,4.5,9.5,45.4,83.0,14.1,0.638,71.5,95.1,111.6,28.8,12.0,7.9,53.0,45.2,Below Average,3.0,Pull Power,A,Excellent HR swing plane,45.2,Below Average,0.987,Good,5.6,46.7,93.6,0.544,Derived proxy,Derived proxy,Derived proxy,Derived proxy,,,9.8,3.8,Positive regression,Below Average Pull Power profile. 9.0% barrel rate; 83.0 mph average exit velocity; 24.0% air-ball rate; 49.8% pull-air rate; 9.5% HR-launch rate.,0.0632,0.0458,4.09,41,13,15.5,2.65,264.5,Very long drought,690279.0,Mason Adams,R,RHB vs RHP,3,3,13.2,3.95,1.61,4,2.63,11.2,3.95,80.0,6.2,31.2,15.0,40.9,23.8,84.7,96.9,109.1,0.783,4.0,97.6,100.0,0.96,20.8,4-Seam Fastball,R,RHB vs RHP,55.0,50,0.312,0.34,0.521,0.861,2,1,9,0.04,12.7,0.666,28,0.1071,8.3,0.961,0,0,0,0/0,,,,,0,0,0,68.9,Slight Hitter Advantage,Above average,50.0,3,Pitch-level Statcast · last 5 MLB games,227,4-Seam Fastball,33.03964757709251,75.0,Sinker,26.87224669603524,61.0,Curveball,16.29955947136564,37.0,Sweeper,12.334801762114537,28.0,Changeup,5.726872246696035,13.0,Cutter,5.726872246696035,13.0,Unknown,,Unknown,,No,100.0,1.0,1.0,50.0,1.095,0.988,61.1,Current-Season Handedness Matchup,Pull Air %,Barrel %,Max Exit Velocity,55.0,47.9,97.6,44.4,50.0,45.0,61.2,9.41,0.828,1.046,0.985,1.03,0.987,1.016,1.06,17.44,12.98,62.9,41.3,D+,Lineup unconfirmed,,,,,,
3,2026-09-11,822684,2026-09-11T22:45:00Z,Scheduled,Nationals Park,Los Angeles Angels @ Washington Nationals,Home,695578,James Wood,Washington Nationals,Los Angeles Angels,RF,L,No,,121,566,463,123,29,1,30,101,74,95,4,160,0.266,0.392,0.527,0.919,7,31,26,7,0,0.269,0.0,7,31,26,7,0,0.269,0.0,579,37,10.1,36.4,45.8,20.8,33.2,10.0,22.9,47.3,29.8,8.0,3.5,8.0,30.0,88.4,11.2,0.78,73.6,101.2,115.6,61.0,14.1,21.5,40.4,56.9,Average,3.5,Pull Power,A,Excellent HR swing plane,56.9,Average,1.019,Good,8.1,80.0,102.1,0.593,Derived proxy,Derived proxy,Derived proxy,Derived proxy,,,51.47,21.47,Strong positive regression,Average Pull Power profile. 10.1% barrel rate; 88.4 mph average exit velocity; 22.9% air-ball rate; 47.3% pull-air rate; 8.0% HR-launch rate.,0.053,0.0493,4.25,54,15,15.4,3.5,349.9,Very long drought,579328.0,Yusei Kikuchi,L,LHB vs LHP,10,10,49.0,4.96,1.47,7,1.29,9.0,3.49,278.0,5.4,27.7,12.2,52.0,32.7,84.5,96.7,116.2,0.61,7.0,78.9,100.0,0.955,11.5,4-Seam Fastball,L,LHB vs LHP,51.4,193,0.262,0.342,0.488,0.83,9,20,62,0.0466,9.2,0.769,51,0.0196,4.8,0.511,0,0,0,0/0,,,,,0,0,0,60.8,Slight Hitter Advantage,Above average,50.0,5,Pitch-level Statcast · last 5 MLB games,395,4-Seam Fastball,50.88607594936709,201.0,Slider,23.79746835443038,94.0,Split-Finger,14.430379746835444,57.0,Curveball,10.886075949367088,43.0,,,,,,,Unknown,,Unknown,,No,100.0,1.0,1.0,50.0,1.058,0.979,64.9,Current-Season Handedness Matchup,Pull Air %,Barrel %,Max Exit Velocity,51.4,45.7,78.9,71.8,50.0,45.0,61.1,9.34,0.758,1.021,0.985,1.03,1.019,1.05,1.06,19.35,12.86,79.5,43.7,C-,Lineup unconfirmed,,,,,,
4,2026-09-11,823012,2026-09-12T00:15:00Z,Scheduled,Busch Stadium,Chicago White Sox @ St. Louis Cardinals,Away,808959,Munetaka Murakami,Chicago White Sox,St. Louis Cardinals,1B,L,No,,111,486,400,83,14,0,31,74,63,82,3,170,0.208,0.346,0.475,0.821,12,52,44,4,2,0.091,0.0385,27,119,98,12,5,0.122,0.042,443,101,10.1,32.4,52.4,23.5,23.5,18.6,25.0,51.7,24.4,7.0,3.8,7.0,62.2,86.3,22.8,0.727,72.7,98.8,113.4,46.6,10.0,9.8,42.8,49.2,Average,3.0,Pull Power,A-,Elevated power plane,49.2,Average,0.998,Good,7.9,60.0,97.4,0.591,Derived proxy,Derived proxy,Derived proxy,Derived proxy,,,37.82,6.82,Strong positive regression,Average Pull Power profile. 10.1% barrel rate; 86.3 mph average exit velocity; 25.0% air-ball rate; 51.7% pull-air rate; 7.0% HR-launch rate.,0.0638,0.0575,4.15,4,1,12.9,0.31,31.0,Very recent HR,669461.0,Matthew Liberatore,L,LHB vs LHP,28,28,139.0,5.57,1.47,25,1.62,9.32,3.17,779.0,5.9,26.8,15.5,44.1,31.6,83.9,96.0,112.2,0.608,25.0,79.5,99.9,0.844,12.0,4-Seam Fastball,L,LHB vs LHP,52.2,144,0.181,0.333,0.371,0.704,6,26,54,0.0417,8.0,0.764,154,0.0455,5.8,0.587,0,0,0,0/0,,,,,0,0,0,61.3,Slight Hitter Advantage,Above average,50.0,5,Pitch-level Statcast · last 5 MLB games,462,Slider,36.36363636363637,168.0,4-Seam Fastball,26.83982683982684,124.0,Curveball,20.995670995670995,97.0,Changeup,7.142857142857143,33.0,Sinker,4.545454545454546,21.0,Cutter,2.813852813852814,13.0,Unknown,,Unknown,,No,100.0,1.0,1.0,50.0,1.059,0.984,64.0,Current-Season Handedness Matchup,Pull Air %,Barrel %,Max Exit Velocity,52.2,42.9,79.5,62.1,50.0,45.0,59.3,8.46,0.879,1.083,0.985,1.0,0.998,0.998,0.98,21.79,14.06,85.0,37.0,D+,Lineup unconfirmed,Sweeper,1.2987012987012987,6.0,,,
5,2026-09-11,822930,2026-09-11T23:10:00Z,Scheduled,Tropicana Field,Houston Astros @ Tampa Bay Rays,Home,668723,Ryan Vilade,Tampa Bay Rays,Houston Astros,RF,R,No,,84,240,214,56,8,2,11,25,39,21,1,54,0.262,0.326,0.472,0.798,7,19,16,4,0,0.25,0.0,16,44,39,13,2,0.333,0.0455,343,54,5.7,24.2,41.8,32.8,24.9,12.8,23.6,50.5,33.3,5.4,3.4,5.4,69.0,83.1,25.2,0.715,74.5,95.3,113.4,57.8,9.7,9.5,37.1,41.0,Below Average,2.5,Pull Power,A-,Elevated power plane,41.0,Below Average,0.975,Good,9.3,53.8,98.0,0.933,Derived proxy,Derived proxy,Derived proxy,Derived proxy,,,17.75,6.75,Strong positive regression,Below Average Pull Power profile. 5.7% barrel rate; 83.1 mph average exit velocity; 23.6% air-ball rate; 50.5% pull-air rate; 5.4% HR-launch rate.,0.0458,0.0412,3.99,31,13,19.5,1.59,159.3,Above normal drought,699044.0,Miguel Ullola,R,RHB vs RHP,5,0,7.0,3.86,0.86,2,2.57,12.86,1.29,32.0,9.4,28.1,28.1,50.0,25.0,85.2,96.0,108.3,0.736,2.0,50.3,100.0,0.684,5.4,4-Seam Fastball,R,RHB vs RHP,43.2,88,0.237,0.322,0.421,0.743,4,9,18,0.0455,3.3,0.552,13,0.0769,6.7,0.893,0,0,0,0/0,,,,,0,0,0,47.0,Neutral Matchup,Average,50.0,5,Pitch-level Statcast · last 5 MLB games,106,4-Seam Fastball,73.58490566037736,78.0,Slider,22.641509433962263,24.0,Curveball,2.830188679245283,3.0,Changeup,0.9433962264150944,1.0,,,,,,,Unknown,,Unknown,,No,100.0,1.0,1.0,50.0,1.001,1.019,56.3,Current-Season Handedness Matchup,Pull Air %,Barrel %,Max Exit Velocity,43.2,69.1,50.3,66.0,50.0,45.0,58.8,8.22,0.875,1.024,0.985,1.0,0.975,0.975,1.035,15.46,10.87,72.7,33.7,D,Lineup unconfirmed,,,,,,
6,2026-09-11,824227,2026-09-11T22:40:00Z,Scheduled,Comerica Park,Colorado Rockies @ Detroit Tigers,Home,682985,Riley Greene,Detroit Tigers,Colorado Rockies,LF,L,No,,125,527,454,125,29,1,19,70,65,64,4,142,0.275,0.366,0.469,0.835,8,35,32,10,3,0.312,0.0857,8,35,32,10,3,0.312,0.0857,660,41,9.6,25.8,48.8,17.4,33.8,20.2,34.4,44.4,37.3,9.2,6.0,9.2,43.9,82.4,20.8,0.84,73.9,95.7,111.9,51.8,14.0,11.2,36.0,48.0,Average,3.0,Pull Power,A-,Elevated power plane,48.0,Average,0.994,Good,12.2,50.0,94.9,1.055,Derived proxy,Derived proxy,Derived proxy,Derived proxy,,,50.67,31.67,Strong positive regression,Average Pull Power profile. 9.6% barrel rate; 82.4 mph average exit velocity; 34.4% air-ball rate; 44.4% pull-air rate; 9.2% HR-launch rate.,0.0361,0.0353,4.09,6,2,23.9,0.25,25.1,Very recent HR,690279.0,Mason Adams,R,LHB vs RHP,3,3,13.2,3.95,1.61,4,2.63,11.2,3.95,80.0,6.2,31.2,15.0,40.9,23.8,84.7,96.9,109.1,0.783,4.0,72.8,100.0,0.834,9.2,4-Seam Fastball,L,LHB vs RHP,52.3,361,0.284,0.366,0.486,0.851,14,40,97,0.0388,9.5,0.768,31,0.0323,3.1,0.605,0,0,0,0/0,,,,,0,0,0,59.0,Slight Hitter Advantage,Above average,50.0,3,Pitch-level Statcast · last 5 MLB games,227,4-Seam Fastball,33.03964757709251,75.0,Sinker,26.87224669603524,61.0,Curveball,16.29955947136564,37.0,Sweeper,12.334801762114537,28.0,Changeup,5.726872246696035,13.0,Cutter,5.726872246696035,13.0,Unknown,,Unknown,,No,100.0,1.0,1.0,50.0,1.046,0.988,58.9,Current-Season Handedness Matchup,Pull Air %,Barrel %,Max Exit Velocity,52.3,47.9,72.8,64.6,50.0,45.0,57.7,7.79,1.35,1.046,1.025,1.0,0.994,0.994,0.98,13.67,13.02,79.8,34.8,D,Lineup unconfirmed,,,,,,
7,2026-09-11,824631,2026-09-11T18:20:00Z,Scheduled,Wrigley Field,Pittsburgh Pirates @ Chicago Cubs,Home,691718,Pete Crow-Armstrong,Chicago Cubs,Pittsburgh Pirates,CF,L,No,,147,659,566,159,28,7,41,110,97,76,12,172,0.281,0.375,0.572,0.947,12,57,50,16,8,0.32,0.1404,26,121,108,29,14,0.269,0.1157,869,165,8.4,31.4,55.2,24.2,20.1,16.6,27.7,61.5,29.8,8.7,6.3,8.7,70.7,84.4,22.9,0.768,72.6,97.7,114.2,50.5,13.5,14.8,49.5,52.5,Average,3.0,Pull Power,A-,Elevated power plane,52.5,Average,1.007,Good,9.1,63.3,98.6,0.85,Derived proxy,Derived proxy,Derived proxy,Derived proxy,,,66.2,25.2,Strong positive regression,Average Pull Power profile. 8.4% barrel rate; 84.4 mph average exit velocity; 27.7% air-ball rate; 61.5% pull-air rate; 8.7% HR-launch rate.,0.0622,0.0576,4.17,8,2,13.8,0.58,58.0,Recently homered,,TBD,,Unknown,0,0,0.0,0.0,0.0,0,0.0,0.0,0.0,,,,,,,,,,,,50.0,0.0,,,Unknown,L,Unknown,50.0,0,,,,,0,0,0,,,,0,,,,0,0,0,0/0,,,,,0,0,0,50.0,Neutral Matchup,Average,50.0,0,,0,,,,,,,,,,,,,,,,,,,Unknown,,Unknown,,No,100.0,1.0,1.0,50.0,1.0,1.0,62.7,Current-Season Handedness Matchup,Pull Air %,Barrel %,Max Exit Velocity,50.0,50.0,50.0,67.0,50.0,45.0,56.1,7.17,1.35,1.0,1.0,1.03,1.007,1.037,1.0,21.9,17.25,75.0,42.5,C-,Probable SP unavailable; Lineup unconfirmed,,,,,,
8,2026-09-11,823817,2026-09-11T23:10:00Z,Scheduled,loanDepot park,Los Angeles Dodgers @ Miami Marlins,Home,669065,Kyle Stowers,Miami Marlins,Los Angeles Dodgers,1B,L,No,,109,459,402,98,25,4,19,51,60,45,9,149,0.244,0.332,0.468,0.8,11,45,39,10,3,0.256,0.0667,15,60,51,13,3,0.255,0.05,534,66,9.1,33.7,64.0,19.4,16.6,15.0,25.1,66.8,29.2,7.7,5.3,7.7,44.0,85.6,19.0,0.74,73.0,98.7,112.9,49.8,14.1,13.7,48.6,52.1,Average,3.0,Pull Power,A,Excellent HR swing plane,52.1,Average,1.006,Good,12.1,85.7,99.8,0.829,Derived proxy,Derived proxy,Derived proxy,Derived proxy,,,43.93,24.93,Strong positive regression,Average Pull Power profile. 9.1% barrel rate; 85.6 mph average exit velocity; 25.1% air-ball rate; 66.8% pull-air rate; 7.7% HR-launch rate.,0.0414,0.0394,4.09,14,4,21.2,0.66,66.2,Recently homered,,TBD,,Unknown,0,0,0.0,0.0,0.0,0,0.0,0.0,0.0,,,,,,,,,,,,50.0,0.0,,,Unknown,L,Unknown,50.0,0,,,,,0,0,0,,,,0,,,,0,0,0,0/0,,,,,0,0,0,50.0,Neutral Matchup,Average,50.0,0,,0,,,,,,,,,,,,,,,,,,,Unknown,,Unknown,,No,94.0,0.94,1.0,39.2,1.0,1.0,62.9,Current-Season Handedness Matchup,Pull Air %,Barrel %,Max Exit Velocity,50.0,50.0,50.0,76.2,39.2,45.0,56.0,7.15,1.2,1.0,1.0,1.0,1.006,1.006,1.0,15.18,11.62,71.8,30.9,D,Probable SP unavailable; Lineup unconfirmed,,,,,,
9,2026-09-11,822767,2026-09-11T23:07:00Z,Scheduled,Rogers Centre,Baltimore Orioles @ Toronto Blue Jays,Away,691723,Coby Mayo,Baltimore Orioles,Toronto Blue Jays,3B,R,No,,118,393,358,80,14,3,22,58,59,29,5,123,0.223,0.29,0.464,0.754,11,39,34,10,4,0.294,0.1026,23,86,77,20,7,0.26,0.0814,493,115,9.5,30.0,46.8,26.8,26.4,17.2,27.7,51.9,31.2,10.2,7.2,10.2,52.9,83.3,22.6,0.762,74.5,98.0,115.7,57.3,15.4,13.5,46.4,54.3,Average,3.0,Pull Power,A-,Elevated power plane,54.3,Average,1.012,Good,10.4,48.5,97.1,0.881,Derived proxy,Derived proxy,Derived proxy,Derived proxy,,,39.56,17.56,Strong positive regression,Average Pull Power profile. 9.5% barrel rate; 83.3 mph average exit velocity; 27.7% air-ball rate; 51.9% pull-air rate; 10.2% HR-launch rate.,0.056,0.0504,4.05,0,0,16.3,0.0,0.0,Very recent HR,453286.0,Max Scherzer,R,RHB vs RHP,14,14,62.2,6.03,1.36,13,1.87,6.89,3.88,418.0,5.3,19.1,15.3,49.5,30.4,80.9,93.0,111.9,0.503,13.0,72.3,99.9,0.798,10.7,4-Seam Fastball,R,RHB vs RHP,39.2,244,0.166,0.234,0.296,0.53,6,17,83,0.0246,6.7,0.519,95,0.0526,5.7,0.568,2,2,1,1/2,0.5,0.5,0.5,1.0,0,0,1,53.1,Neutral Matchup,Average,50.9,5,Pitch-level Statcast · last 5 MLB games,430,4-Seam Fastball,47.44186046511628,204.0,Curveball,16.046511627906977,69.0,Changeup,15.116279069767442,65.0,Slider,14.651162790697674,63.0,Cutter,6.744186046511628,29.0,,,,Unknown,,Unknown,,No,100.0,1.0,1.0,50.0,1.045,0.978,61.9,Current-Season Handedness Matchup,Pull Air %,Barrel %,Max Exit Velocity,39.2,37.2,72.3,63.7,50.0,45.0,55.9,7.09,1.339,1.109,0.985,1.0,1.012,1.012,0.98,18.89,16.03,83.9,39.0,D+,Lineup unconfirmed,,,,,,
10,2026-09-11,823817,2026-09-11T23:10:00Z,Scheduled,loanDepot park,Los Angeles Dodgers @ Miami Marlins,Home,681715,Heriberto Hernández,Miami Marlins,Los Angeles Dodgers,LF,R,No,,115,436,386,87,16,1,24,46,63,45,4,118,0.225,0.312,0.459,0.771,12,55,46,7,3,0.152,0.0545,25,111,93,21,7,0.226,0.0631,473,123,10.0,30.0,54.5,28.5,17.1,17.9,29.5,59.6,30.1,11.0,7.8,11.0,53.0,85.4,16.0,0.736,71.9,97.6,113.3,39.6,15.0,10.7,60.4,53.3,Average,3.0,Pull Power,A,Excellent HR swing plane,53.3,Average,1.009,Good,11.4,69.4,97.4,0.787,Derived proxy,Derived proxy,Derived proxy,Derived proxy,,,42.52,18.52,Strong positive regression,Average Pull Power profile. 10.0% barrel rate; 85.4 mph average exit velocity; 29.5% air-ball rate; 59.6% pull-air rate; 11.0% HR-launch rate.,0.055,0.0501,3.99,12,3,16.1,0.75,74.6,Recently homered,,TBD,,Unknown,0,0,0.0,0.0,0.0,0,0.0,0.0,0.0,,,,,,,,,,,,50.0,0.0,,,Unknown,R,Unknown,50.0,0,,,,,0,0,0,,,,0,,,,0,0,0,0/0,,,,,0,0,0,50.0,Neutral Matchup,Average,50.0,0,,0,,,,,,,,,,,,,,,,,,,Unknown,,Unknown,,No,94.0,0.94,1.0,39.2,1.0,1.0,63.6,Current-Season Handedness Matchup,Pull Air %,Barrel %,Max Exit Velocity,50.0,50.0,50.0,69.7,39.2,45.0,55.8,7.06,1.066,1.0,1.0,1.0,1.009,1.009,1.0,18.53,12.31,75.0,32.0,D,Probable SP unavailable; Lineup unconfirmed,,,,,,
11,2026-09-11,825036,2026-09-12T01:40:00Z,Scheduled,Chase Field,Texas Rangers @ Arizona Diamondbacks,Away,669394,Jake Burger,Texas Rangers,Arizona Diamondbacks,1B,R,No,,140,558,503,119,21,0,26,63,83,48,4,150,0.237,0.306,0.433,0.739,12,50,41,10,3,0.244,0.06,24,94,78,20,7,0.256,0.0745,640,107,9.1,30.4,48.2,26.7,24.7,16.6,27.1,51.0,27.5,8.8,6.0,8.8,54.1,84.0,18.2,0.747,74.0,97.8,112.6,56.3,14.1,14.9,55.8,51.7,Average,3.0,Pull Power,A,Excellent HR swing plane,51.7,Average,1.005,Good,12.1,44.8,97.6,0.993,Derived proxy,Derived proxy,Derived proxy,Derived proxy,,,49.64,23.64,Strong positive regression,Average Pull Power profile. 9.1% barrel rate; 84.0 mph average exit velocity; 27.1% air-ball rate; 51.0% pull-air rate; 8.8% HR-launch rate.,0.0466,0.044,4.05,3,1,19.3,0.16,15.5,Very recent HR,,TBD,,Unknown,0,0,0.0,0.0,0.0,0,0.0,0.0,0.0,,,,,,,,,,,,50.0,0.0,,,Unknown,R,Unknown,50.0,0,,,,,0,0,0,,,,0,,,,0,0,0,0/0,,,,,0,0,0,50.0,Neutral Matchup,Average,50.0,0,,0,,,,,,,,,,,,,,,,,,,Unknown,,Unknown,,No,100.0,1.0,1.0,50.0,1.0,1.0,61.5,Current-Season Handedness Matchup,Pull Air %,Barrel %,Max Exit Velocity,50.0,50.0,50.0,65.0,50.0,45.0,55.5,6.96,1.204,1.0,1.0,1.0,1.005,1.005,0.98,16.66,12.61,74.5,31.9,D,Probable SP unavailable; Lineup unconfirmed,,,,,,
12,2026-09-11,824954,2026-09-12T01:40:00Z,Scheduled,Sutter Health Park,Seattle Mariners @ Athletics,Away,663728,Cal Raleigh,Seattle Mariners,Athletics,C,S,No,,112,466,398,73,13,0,21,43,59,62,3,146,0.183,0.296,0.374,0.67,11,46,41,14,3,0.341,0.0652,25,99,82,22,9,0.268,0.0909,630,117,10.8,27.2,59.3,21.8,19.0,18.3,25.7,60.7,29.6,8.3,4.2,8.3,43.4,85.5,27.0,0.679,72.7,97.0,116.5,44.9,11.7,12.1,44.7,50.0,Average,3.0,Pull Power,A-,Elevated power plane,50.0,Average,1.0,Good,12.8,66.7,97.8,0.773,Derived proxy,Derived proxy,Derived proxy,Derived proxy,,,57.96,36.96,Strong positive regression,Average Pull Power profile. 10.8% barrel rate; 85.5 mph average exit velocity; 25.7% air-ball rate; 60.7% pull-air rate; 8.3% HR-launch rate.,0.0451,0.0424,4.05,18,5,19.0,0.95,95.0,Near normal interval,605488.0,Jeffrey Springs,L,Switch vs LHP,26,26,130.0,6.02,1.45,33,2.28,7.2,3.6,744.0,5.8,21.9,18.3,46.5,33.9,81.6,93.8,114.1,0.56,33.0,53.2,100.0,0.64,9.1,4-Seam Fastball,R,RHB vs LHP,46.6,165,0.162,0.267,0.31,0.577,7,20,58,0.0424,7.4,0.555,405,0.0568,5.7,0.562,2,2,0,0/2,0.0,0.0,0.0,0.0,0,0,1,48.6,Neutral Matchup,Average,45.0,5,Pitch-level Statcast · last 5 MLB games,431,4-Seam Fastball,43.38747099767981,187.0,Changeup,30.394431554524363,131.0,Slider,15.081206496519721,65.0,Cutter,7.424593967517401,32.0,Sweeper,3.7122969837587005,16.0,,,,Unknown,,Unknown,,No,100.0,1.0,1.0,50.0,1.006,0.983,64.5,Current-Season Handedness Matchup,Pull Air %,Barrel %,Max Exit Velocity,46.6,39.9,53.2,73.7,50.0,45.0,55.1,6.85,1.271,1.189,1.035,1.0,1.0,1.0,1.0,16.09,14.58,84.9,36.4,D+,Lineup unconfirmed,,,,,,
13,2026-09-11,824873,2026-09-11T23:15:00Z,Scheduled,Truist Park,Philadelphia Phillies @ Atlanta Braves,Away,656941,Kyle Schwarber,Philadelphia Phillies,Atlanta Braves,DH,L,No,,141,632,528,127,17,1,44,88,92,91,6,205,0.241,0.355,0.527,0.882,12,54,46,9,4,0.196,0.0741,25,116,101,21,9,0.208,0.0776,721,148,10.8,31.3,63.7,19.8,16.4,15.2,27.4,59.5,29.4,9.4,6.5,9.4,56.7,85.8,18.8,0.803,74.3,98.3,114.2,68.3,15.2,17.4,64.6,57.8,Average,3.5,Pull Power,A,Excellent HR swing plane,57.8,Average,1.022,Good,11.5,61.0,97.8,0.761,Derived proxy,Derived proxy,Derived proxy,Derived proxy,,,67.4,23.4,Strong positive regression,Average Pull Power profile. 10.8% barrel rate; 85.8 mph average exit velocity; 27.4% air-ball rate; 59.5% pull-air rate; 9.4% HR-launch rate.,0.0696,0.0636,4.15,3,1,12.0,0.25,25.0,Very recent HR,519242.0,Chris Sale,L,LHB vs LHP,25,25,150.0,2.1,1.01,9,0.54,11.04,1.74,780.0,3.5,20.3,11.5,37.6,32.1,81.9,93.4,114.2,0.496,9.0,75.9,100.0,0.844,10.3,4-Seam Fastball,L,LHB vs LHP,45.5,227,0.274,0.388,0.542,0.93,14,32,63,0.0617,8.1,0.8,153,0.0065,3.7,0.456,24,22,5,5/22,0.227,0.292,0.591,0.883,2,2,8,60.5,Slight Hitter Advantage,Above average,67.2,5,Pitch-level Statcast · last 5 MLB games,517,Slider,42.94003868471954,222.0,4-Seam Fastball,38.297872340425535,198.0,Sinker,11.411992263056092,59.0,Changeup,7.350096711798839,38.0,,,,,,,Unknown,,Unknown,,No,103.0,1.03,1.0,55.4,1.052,0.96,63.9,Current-Season Handedness Matchup,Pull Air %,Barrel %,Max Exit Velocity,45.5,24.6,75.9,70.7,55.4,45.0,54.8,6.74,1.076,0.91,0.985,1.03,1.022,1.052,0.98,23.87,14.78,85.0,39.0,D+,Lineup unconfirmed,,,,,,
14,2026-09-11,822684,2026-09-11T22:45:00Z,Scheduled,Nationals Park,Los Angeles Angels @ Washington Nationals,Home,665953,Andrés Chaparro,Washington Nationals,Los Angeles Angels,1B,R,No,,72,192,166,42,12,0,10,31,35,21,5,45,0.253,0.354,0.506,0.86,9,29,28,8,1,0.286,0.0345,21,71,64,19,4,0.297,0.0563,238,98,6.8,33.0,53.2,25.8,20.9,12.6,22.5,55.0,25.8,7.6,6.2,7.6,61.6,85.2,19.6,0.576,71.7,98.4,111.8,42.9,14.2,15.4,50.7,47.3,Below Average,3.0,Pull Power,A,Excellent HR swing plane,47.3,Below Average,0.992,Good,6.1,52.4,98.8,0.525,Derived proxy,Derived proxy,Derived proxy,Derived proxy,,,15.3,5.3,Strong positive regression,Below Average Pull Power profile. 6.8% barrel rate; 85.2 mph average exit velocity; 22.5% air-ball rate; 55.0% pull-air rate; 7.6% HR-launch rate.,0.0521,0.0444,4.09,4,1,16.6,0.24,24.1,Very recent HR,579328.0,Yusei Kikuchi,L,RHB vs LHP,10,10,49.0,4.96,1.47,7,1.29,9.0,3.49,278.0,5.4,27.7,12.2,52.0,32.7,84.5,96.7,116.2,0.61,7.0,62.5,100.0,0.754,8.1,4-Seam Fastball,R,RHB vs LHP,48.6,126,0.236,0.357,0.481,0.838,6,17,30,0.0476,7.1,0.65,165,0.0364,5.6,0.639,0,0,0,0/0,,,,,0,0,0,53.8,Neutral Matchup,Average,50.0,5,Pitch-level Statcast · last 5 MLB games,395,4-Seam Fastball,50.88607594936709,201.0,Slider,23.79746835443038,94.0,Split-Finger,14.430379746835444,57.0,Curveball,10.886075949367088,43.0,,,,,,,Unknown,,Unknown,,No,100.0,1.0,1.0,50.0,1.025,0.979,57.5,Current-Season Handedness Matchup,Pull Air %,Barrel %,Max Exit Velocity,48.6,45.7,62.5,60.7,50.0,45.0,54.6,6.67,1.0,1.021,1.025,1.0,0.992,0.992,0.98,16.94,11.44,71.4,31.5,D,Lineup unconfirmed,,,,,,
15,2026-09-11,823012,2026-09-12T00:15:00Z,Scheduled,Busch Stadium,Chicago White Sox @ St. Louis Cardinals,Away,695657,Colson Montgomery,Chicago White Sox,St. Louis Cardinals,SS,L,No,,138,582,521,109,23,0,31,67,83,48,11,202,0.209,0.289,0.432,0.721,12,50,44,7,3,0.159,0.06,25,105,96,18,5,0.188,0.0476,660,139,8.8,28.2,56.4,25.1,18.1,13.7,23.4,59.4,30.8,8.8,5.4,8.8,49.4,83.4,24.7,0.684,74.5,96.5,115.7,65.1,14.2,13.7,52.1,50.1,Average,3.0,Pull Power,A-,Elevated power plane,50.1,Average,1.0,Good,9.4,65.4,96.1,0.712,Derived proxy,Derived proxy,Derived proxy,Derived proxy,,,50.47,19.47,Strong positive regression,Average Pull Power profile. 8.8% barrel rate; 83.4 mph average exit velocity; 23.4% air-ball rate; 59.4% pull-air rate; 8.8% HR-launch rate.,0.0533,0.0496,3.99,15,4,16.8,0.89,89.3,Near normal interval,669461.0,Matthew Liberatore,L,LHB vs LHP,28,28,139.0,5.57,1.47,25,1.62,9.32,3.17,779.0,5.9,26.8,15.5,44.1,31.6,83.9,96.0,112.2,0.608,25.0,50.3,99.9,0.641,7.6,4-Seam Fastball,L,LHB vs LHP,52.1,175,0.253,0.326,0.5,0.826,10,12,51,0.0571,7.4,0.653,154,0.0455,5.8,0.587,0,0,0,0/0,,,,,0,0,0,51.1,Neutral Matchup,Average,50.0,5,Pitch-level Statcast · last 5 MLB games,462,Slider,36.36363636363637,168.0,4-Seam Fastball,26.83982683982684,124.0,Curveball,20.995670995670995,97.0,Changeup,7.142857142857143,33.0,Sinker,4.545454545454546,21.0,Cutter,2.813852813852814,13.0,Unknown,,Unknown,,No,100.0,1.0,1.0,50.0,1.001,0.984,63.8,Current-Season Handedness Matchup,Pull Air %,Barrel %,Max Exit Velocity,52.1,42.9,50.3,62.5,50.0,45.0,54.3,6.58,1.039,1.083,0.985,1.0,1.0,1.0,1.0,18.38,12.59,85.0,33.8,D,Lineup unconfirmed,Sweeper,1.2987012987012987,6.0,,,
16,2026-09-11,823817,2026-09-11T23:10:00Z,Scheduled,loanDepot park,Los Angeles Dodgers @ Miami Marlins,Home,665052,Griffin Conine,Miami Marlins,Los Angeles Dodgers,RF,L,No,,79,268,231,59,7,0,15,38,37,32,5,78,0.255,0.358,0.481,0.839,12,46,37,10,1,0.27,0.0217,25,93,79,17,2,0.215,0.0215,289,99,7.2,29.0,56.0,24.4,19.7,13.4,26.5,57.8,31.4,7.7,3.9,7.7,54.6,84.7,19.2,0.655,72.5,97.4,114.7,39.8,12.8,9.5,50.9,45.7,Below Average,3.0,Pull Power,A,Excellent HR swing plane,45.7,Below Average,0.988,Good,5.1,61.5,96.7,0.508,Derived proxy,Derived proxy,Derived proxy,Derived proxy,,,19.32,4.32,Strong positive regression,Below Average Pull Power profile. 7.2% barrel rate; 84.7 mph average exit velocity; 26.5% air-ball rate; 57.8% pull-air rate; 7.7% HR-launch rate.,0.056,0.0486,4.09,16,4,15.4,1.04,103.9,Near normal interval,,TBD,,Unknown,0,0,0.0,0.0,0.0,0,0.0,0.0,0.0,,,,,,,,,,,,50.0,0.0,,,Unknown,L,Unknown,50.0,0,,,,,0,0,0,,,,0,,,,0,0,0,0/0,,,,,0,0,0,50.0,Neutral Matchup,Average,50.0,0,,0,,,,,,,,,,,,,,,,,,,Unknown,,Unknown,,No,94.0,0.94,1.0,39.2,1.0,1.0,61.3,Current-Season Handedness Matchup,Pull Air %,Barrel %,Max Exit Velocity,50.0,50.0,50.0,54.1,39.2,45.0,53.7,6.4,0.779,1.0,1.0,1.0,0.988,0.988,1.0,18.42,9.65,68.6,29.2,F,Probable SP unavailable; Lineup unconfirmed,,,,,,
17,2026-09-11,824711,2026-09-11T23:10:00Z,Scheduled,Fenway Park,Kansas City Royals @ Boston Red Sox,Home,663330,Jahmai Jones,Boston Red Sox,Kansas City Royals,DH,R,No,,83,152,133,29,6,1,5,18,15,15,4,47,0.218,0.316,0.391,0.707,6,14,11,3,1,0.273,0.0714,13,24,17,6,1,0.353,0.0417,159,20,8.5,34.8,61.5,19.5,18.1,14.6,32.2,71.3,31.2,7.2,4.6,7.2,45.8,86.1,20.4,0.748,72.1,99.3,111.9,35.7,17.9,14.1,54.2,52.4,Average,3.0,Pull Power,A-,Elevated power plane,52.4,Average,1.007,Good,15.0,87.5,103.9,0.969,Derived proxy,Derived proxy,Derived proxy,Derived proxy,,,12.65,7.65,Strong positive regression,Average Pull Power profile. 8.5% barrel rate; 86.1 mph average exit velocity; 32.2% air-ball rate; 71.3% pull-air rate; 7.2% HR-launch rate.,0.0329,0.0325,3.99,5,3,26.6,0.19,18.8,Very recent HR,607625.0,Seth Lugo,R,RHB vs RHP,29,29,159.0,5.04,1.44,18,1.02,6.74,2.89,930.0,4.3,26.8,16.0,43.0,31.0,82.3,95.6,111.5,0.56,18.0,57.1,95.8,0.736,6.3,Sinker,R,RHB vs RHP,38.4,23,0.13,0.13,0.13,0.261,0,0,9,0.0,0.0,0.423,252,0.0317,4.7,0.545,5,3,2,2/3,0.667,0.75,1.0,1.75,0,0,0,48.5,Neutral Matchup,Average,56.2,5,Pitch-level Statcast · last 5 MLB games,459,Sinker,17.647058823529413,81.0,Cutter,15.686274509803921,72.0,4-Seam Fastball,15.686274509803921,72.0,Curveball,15.032679738562091,69.0,Sweeper,12.854030501089325,59.0,Slider,11.982570806100219,55.0,Unknown,,Unknown,,No,102.0,1.02,1.0,53.6,1.014,0.968,59.0,Current-Season Handedness Matchup,Pull Air %,Barrel %,Max Exit Velocity,38.4,33.9,57.1,88.9,53.6,45.0,53.6,6.38,1.24,0.987,0.985,1.0,1.007,1.007,0.98,12.35,10.07,64.8,26.0,F,Lineup unconfirmed,Changeup,9.586056644880175,44.0,Slow Curve,1.3071895424836601,6.0
18,2026-09-11,824873,2026-09-11T23:15:00Z,Scheduled,Truist Park,Philadelphia Phillies @ Atlanta Braves,Home,621566,Matt Olson,Atlanta Braves,Philadelphia Phillies,1B,L,No,,147,635,567,141,33,0,37,94,81,61,3,161,0.249,0.323,0.503,0.826,12,48,44,6,0,0.136,0.0,26,106,97,17,2,0.175,0.0189,875,142,7.3,30.0,46.5,23.3,30.1,16.8,26.7,40.0,32.5,8.7,4.4,8.7,42.2,84.7,21.7,0.679,73.2,97.3,111.6,46.3,14.8,14.5,44.0,43.6,Below Average,2.5,Contact-First Profile,A-,Elevated power plane,43.6,Below Average,0.982,Good,5.6,30.0,96.6,0.624,Derived proxy,Derived proxy,Derived proxy,Derived proxy,,,56.59,19.59,Strong positive regression,Below Average Contact-First Profile profile. 7.3% barrel rate; 84.7 mph average exit velocity; 26.7% air-ball rate; 40.0% pull-air rate; 8.7% HR-launch rate.,0.0583,0.0541,4.09,52,14,15.3,3.39,339.3,Very long drought,605400.0,Aaron Nola,R,LHB vs RHP,29,29,155.0,4.76,1.37,32,1.86,9.41,3.02,825.0,6.1,25.9,15.2,46.6,29.2,82.1,95.6,113.9,0.556,32.0,73.9,99.7,0.845,9.2,Knuckle Curve,L,LHB vs RHP,58.5,374,0.244,0.329,0.512,0.841,23,42,95,0.0615,9.0,0.764,408,0.0466,6.1,0.564,45,38,9,9/38,0.237,0.356,0.632,0.988,4,6,9,68.1,Slight Hitter Advantage,Above average,79.9,5,Pitch-level Statcast · last 5 MLB games,486,Knuckle Curve,34.15637860082305,166.0,4-Seam Fastball,24.897119341563787,121.0,Changeup,16.46090534979424,80.0,Sinker,16.049382716049383,78.0,Cutter,8.436213991769547,41.0,,,,Unknown,,Unknown,,No,103.0,1.03,1.0,55.4,1.048,0.986,55.8,Current-Season Handedness Matchup,Pull Air %,Barrel %,Max Exit Velocity,58.5,43.0,73.9,34.6,55.4,45.0,53.5,6.35,0.758,1.122,1.025,1.0,0.982,0.982,1.06,20.34,12.35,85.0,42.3,C-,Lineup unconfirmed,,,,,,
19,2026-09-11,825036,2026-09-12T01:40:00Z,Scheduled,Chase Field,Texas Rangers @ Arizona Diamondbacks,Home,682998,Corbin Carroll,Arizona Diamondbacks,Texas Rangers,RF,L,No,,141,608,526,126,30,16,19,85,61,69,8,135,0.24,0.334,0.466,0.8,9,36,34,4,0,0.118,0.0,23,96,82,18,1,0.22,0.0104,728,115,7.9,31.0,49.1,23.6,26.6,15.9,27.8,48.8,28.0,8.1,4.1,8.1,25.2,85.9,24.1,0.589,74.0,97.6,112.7,53.0,13.6,14.8,63.4,47.0,Below Average,3.0,Pull Power,A-,Elevated power plane,47.0,Below Average,0.992,Good,7.8,43.8,98.0,0.574,Derived proxy,Derived proxy,Derived proxy,Derived proxy,,,51.94,32.94,Strong positive regression,Below Average Pull Power profile. 7.9% barrel rate; 85.9 mph average exit velocity; 27.8% air-ball rate; 48.8% pull-air rate; 8.1% HR-launch rate.,0.0312,0.0314,4.09,34,9,27.7,1.23,122.8,Near normal interval,,TBD,,Unknown,0,0,0.0,0.0,0.0,0,0.0,0.0,0.0,,,,,,,,,,,,50.0,0.0,,,Unknown,L,Unknown,50.0,0,,,,,0,0,0,,,,0,,,,0,0,0,0/0,,,,,0,0,0,50.0,Neutral Matchup,Average,50.0,0,,0,,,,,,,,,,,,,,,,,,,Unknown,,Unknown,,No,100.0,1.0,1.0,50.0,1.0,1.0,57.8,Current-Season Handedness Matchup,Pull Air %,Barrel %,Max Exit Velocity,50.0,50.0,50.0,55.3,50.0,45.0,53.3,6.3,0.758,1.0,1.0,1.0,0.992,0.992,1.0,12.22,7.65,74.7,27.1,F,Probable SP unavailable; Lineup unconfirmed,,,,,,
20,2026-09-11,824631,2026-09-11T18:20:00Z,Scheduled,Wrigley Field,Pittsburgh Pirates @ Chicago Cubs,Away,665833,Oneil Cruz,Pittsburgh Pirates,Chicago Cubs,CF,L,No,,84,367,323,89,12,1,18,56,62,41,3,125,0.276,0.362,0.486,0.848,11,49,43,16,1,0.372,0.0204,20,84,73,23,4,0.315,0.0476,370,84,9.1,28.9,52.5,27.2,19.6,10.6,22.7,48.9,27.0,6.2,3.6,6.2,46.6,83.8,12.1,0.744,75.8,97.7,117.9,66.8,12.5,12.1,36.9,47.3,Below Average,3.0,Pull Power,A,Excellent HR swing plane,47.3,Below Average,0.992,Good,8.3,50.0,94.1,0.677,Derived proxy,Derived proxy,Derived proxy,Derived proxy,,,27.19,9.19,Strong positive regression,Below Average Pull Power profile. 9.1% barrel rate; 83.8 mph average exit velocity; 22.7% air-ball rate; 48.9% pull-air rate; 6.2% HR-launch rate.,0.049,0.0448,4.15,0,0,17.9,0.0,0.0,Very recent HR,684007.0,Shota Imanaga,L,LHB vs LHP,28,28,156.1,3.91,1.12,33,1.9,8.75,2.01,847.0,5.9,22.7,17.4,45.4,28.0,81.9,94.4,114.7,0.551,33.0,47.2,100.0,0.658,5.2,4-Seam Fastball,L,LHB vs LHP,58.8,112,0.298,0.348,0.471,0.819,4,7,46,0.0357,9.6,0.778,175,0.0629,7.7,0.608,3,3,0,0/3,0.0,0.0,0.0,0.0,0,0,2,51.5,Neutral Matchup,Average,42.5,5,Pitch-level Statcast · last 5 MLB games,433,4-Seam Fastball,41.108545034642034,178.0,Split-Finger,36.25866050808314,157.0,Sweeper,16.628175519630485,72.0,Sinker,3.0023094688221708,13.0,Slider,1.6166281755196306,7.0,Curveball,1.3856812933025404,6.0,Unknown,,Unknown,,No,100.0,1.0,1.0,50.0,0.994,0.984,66.3,Current-Season Handedness Matchup,Pull Air %,Barrel %,Max Exit Velocity,58.8,40.2,47.2,54.3,50.0,45.0,53.3,6.3,0.891,1.128,0.985,1.0,0.992,0.992,0.98,17.34,10.85,83.7,32.0,D,Lineup unconfirmed,,,,,,
21,2026-09-11,823012,2026-09-12T00:15:00Z,Scheduled,Busch Stadium,Chicago White Sox @ St. Louis Cardinals,Away,545341,Randal Grichuk,Chicago White Sox,St. Louis Cardinals,DH,R,No,,103,230,219,62,22,1,12,33,36,9,1,54,0.283,0.313,0.557,0.87,10,22,20,7,1,0.35,0.0455,21,44,42,16,3,0.381,0.0682,314,66,7.7,31.2,49.8,19.5,29.2,16.7,31.6,45.4,33.0,6.3,3.3,6.3,53.0,85.2,24.6,0.617,72.3,98.4,113.4,45.7,16.7,14.5,56.5,46.5,Below Average,3.0,Pull Power,A-,Elevated power plane,46.5,Below Average,0.99,Good,9.1,50.0,98.8,0.609,Derived proxy,Derived proxy,Derived proxy,Derived proxy,,,20.83,8.83,Strong positive regression,Below Average Pull Power profile. 7.7% barrel rate; 85.2 mph average exit velocity; 31.6% air-ball rate; 45.4% pull-air rate; 6.3% HR-launch rate.,0.0522,0.0453,4.15,5,2,18.2,0.27,27.4,Very recent HR,669461.0,Matthew Liberatore,L,RHB vs LHP,28,28,139.0,5.57,1.47,25,1.62,9.32,3.17,779.0,5.9,26.8,15.5,44.1,31.6,83.9,96.0,112.2,0.608,25.0,54.1,99.9,0.686,7.3,4-Seam Fastball,R,RHB vs LHP,53.0,150,0.307,0.353,0.621,0.975,9,9,36,0.06,7.2,0.674,457,0.0394,6.0,0.615,3,3,1,1/3,0.333,0.333,1.333,1.666,1,0,1,54.3,Neutral Matchup,Average,57.5,5,Pitch-level Statcast · last 5 MLB games,462,Slider,36.36363636363637,168.0,4-Seam Fastball,26.83982683982684,124.0,Curveball,20.995670995670995,97.0,Changeup,7.142857142857143,33.0,Sinker,4.545454545454546,21.0,Cutter,2.813852813852814,13.0,Unknown,,Unknown,,No,100.0,1.0,1.0,50.0,1.008,0.984,58.6,Current-Season Handedness Matchup,Pull Air %,Barrel %,Max Exit Velocity,53.0,42.9,54.1,65.5,50.0,45.0,53.2,6.27,1.092,1.083,1.025,1.03,0.99,1.02,0.98,17.49,12.77,71.9,33.8,D,Lineup unconfirmed,Sweeper,1.2987012987012987,6.0,,,
22,2026-09-11,822767,2026-09-11T23:07:00Z,Scheduled,Rogers Centre,Baltimore Orioles @ Toronto Blue Jays,Away,624413,Pete Alonso,Baltimore Orioles,Toronto Blue Jays,1B,R,No,,147,637,548,147,24,0,34,88,97,74,10,153,0.268,0.363,0.498,0.861,12,52,40,9,2,0.225,0.0385,26,113,96,30,8,0.312,0.0708,817,148,7.9,33.9,40.6,29.4,29.8,14.0,24.8,37.6,31.2,8.7,3.6,8.7,58.9,87.1,20.1,0.765,72.9,98.9,113.7,42.5,14.6,12.6,54.0,46.9,Below Average,3.0,Contact-First Profile,A-,Elevated power plane,46.9,Below Average,0.991,Good,7.4,39.4,99.1,0.788,Derived proxy,Derived proxy,Derived proxy,Derived proxy,,,57.6,23.6,Strong positive regression,Below Average Contact-First Profile profile. 7.9% barrel rate; 87.1 mph average exit velocity; 24.8% air-ball rate; 37.6% pull-air rate; 8.7% HR-launch rate.,0.0534,0.05,4.15,3,1,16.1,0.19,18.6,Very recent HR,453286.0,Max Scherzer,R,RHB vs RHP,14,14,62.2,6.03,1.36,13,1.87,6.89,3.88,418.0,5.3,19.1,15.3,49.5,30.4,80.9,93.0,111.9,0.503,13.0,70.2,99.9,0.805,9.3,4-Seam Fastball,R,RHB vs RHP,56.3,440,0.27,0.373,0.516,0.889,25,56,105,0.0568,7.3,0.762,95,0.0526,5.7,0.568,12,12,2,2/12,0.167,0.167,0.25,0.417,0,0,7,53.9,Neutral Matchup,Average,20.0,5,Pitch-level Statcast · last 5 MLB games,430,4-Seam Fastball,47.44186046511628,204.0,Curveball,16.046511627906977,69.0,Changeup,15.116279069767442,65.0,Slider,14.651162790697674,63.0,Cutter,6.744186046511628,29.0,,,,Unknown,,Unknown,,No,100.0,1.0,1.0,50.0,1.04,0.978,56.8,Current-Season Handedness Matchup,Pull Air %,Barrel %,Max Exit Velocity,56.3,37.2,70.2,52.5,50.0,45.0,52.7,6.13,1.024,1.109,0.985,1.0,0.991,0.991,0.98,19.17,12.83,85.0,35.6,D,Lineup unconfirmed,,,,,,
23,2026-09-11,825036,2026-09-12T01:40:00Z,Scheduled,Chase Field,Texas Rangers @ Arizona Diamondbacks,Home,606466,Ketel Marte,Arizona Diamondbacks,Texas Rangers,2B,S,No,,126,556,499,125,24,3,22,69,70,46,6,81,0.251,0.318,0.443,0.761,8,37,30,8,1,0.267,0.027,10,42,34,8,1,0.235,0.0238,728,62,5.4,28.6,53.5,26.5,19.6,15.6,27.8,50.9,26.1,5.1,2.9,5.1,47.3,85.0,15.0,0.489,73.8,97.7,114.9,47.8,10.4,12.2,58.0,40.9,Below Average,2.5,Pull Power,A,Excellent HR swing plane,40.9,Below Average,0.975,Good,3.2,53.3,96.6,0.376,Derived proxy,Derived proxy,Derived proxy,Derived proxy,,,37.62,15.62,Strong positive regression,Below Average Pull Power profile. 5.4% barrel rate; 85.0 mph average exit velocity; 27.8% air-ball rate; 50.9% pull-air rate; 5.1% HR-launch rate.,0.0396,0.0382,3.99,16,4,22.7,0.71,70.5,Recently homered,,TBD,,Unknown,0,0,0.0,0.0,0.0,0,0.0,0.0,0.0,,,,,,,,,,,,50.0,0.0,,,Unknown,S,Unknown,50.0,0,,,,,0,0,0,,,,0,,,,0,0,0,0/0,,,,,0,0,0,50.0,Neutral Matchup,Average,50.0,0,,0,,,,,,,,,,,,,,,,,,,Unknown,,Unknown,,No,100.0,1.0,1.0,50.0,1.0,1.0,56.8,Current-Season Handedness Matchup,Pull Air %,Barrel %,Max Exit Velocity,50.0,50.0,50.0,49.8,50.0,45.0,52.5,6.08,0.868,1.0,1.0,1.0,0.975,0.975,1.0,14.4,8.88,70.4,25.7,F,Probable SP unavailable; Lineup unconfirmed,,,,,,
24,2026-09-11,824631,2026-09-11T18:20:00Z,Scheduled,Wrigley Field,Pittsburgh Pirates @ Chicago Cubs,Home,624424,Michael Conforto,Chicago Cubs,Pittsburgh Pirates,DH,L,No,,100,266,227,55,14,0,14,31,40,32,4,72,0.242,0.342,0.489,0.831,10,23,17,7,2,0.412,0.087,21,57,47,13,5,0.277,0.0877,330,82,5.4,24.8,54.8,23.4,20.4,15.5,26.4,63.6,29.3,5.6,4.2,5.6,91.6,82.5,20.2,0.659,70.5,95.5,110.9,28.5,10.5,6.5,52.3,38.4,Below Average,2.5,Pull Power,A-,Elevated power plane,38.4,Below Average,0.968,Good,4.9,72.2,94.5,0.68,Derived proxy,Derived proxy,Derived proxy,Derived proxy,,,17.43,3.43,Positive regression,Below Average Pull Power profile. 5.4% barrel rate; 82.5 mph average exit velocity; 26.4% air-ball rate; 63.6% pull-air rate; 5.6% HR-launch rate.,0.0526,0.0462,4.09,6,3,16.2,0.37,37.0,Recently homered,,TBD,,Unknown,0,0,0.0,0.0,0.0,0,0.0,0.0,0.0,,,,,,,,,,,,50.0,0.0,,,Unknown,L,Unknown,50.0,0,,,,,0,0,0,,,,0,,,,0,0,0,0/0,,,,,0,0,0,50.0,Neutral Matchup,Average,50.0,0,,0,,,,,,,,,,,,,,,,,,,Unknown,,Unknown,,No,100.0,1.0,1.0,50.0,1.0,1.0,56.0,Current-Season Handedness Matchup,Pull Air %,Barrel %,Max Exit Velocity,50.0,50.0,50.0,49.4,50.0,45.0,52.1,5.99,1.347,1.0,1.0,1.0,0.968,0.968,1.0,17.6,13.39,65.6,33.3,D,Probable SP unavailable; Lineup unconfirmed,,,,,,
25,2026-09-11,825036,2026-09-12T01:40:00Z,Scheduled,Chase Field,Texas Rangers @ Arizona Diamondbacks,Away,553869,Elias Díaz,Texas Rangers,Arizona Diamondbacks,C,R,No,,79,212,196,45,12,0,7,18,30,8,2,51,0.23,0.263,0.398,0.661,10,29,25,7,1,0.28,0.0345,22,58,50,10,2,0.2,0.0345,296,82,6.5,26.5,44.1,27.1,28.7,11.8,25.7,49.3,27.4,7.4,5.4,7.4,38.4,81.9,18.1,0.521,72.4,95.2,110.9,43.6,13.9,10.4,50.2,39.5,Below Average,2.5,Pull Power,A,Excellent HR swing plane,39.5,Below Average,0.971,Good,8.5,60.0,95.8,0.576,Derived proxy,Derived proxy,Derived proxy,Derived proxy,,,16.89,9.89,Strong positive regression,Below Average Pull Power profile. 6.5% barrel rate; 81.9 mph average exit velocity; 25.7% air-ball rate; 49.3% pull-air rate; 7.4% HR-launch rate.,0.033,0.0327,3.99,7,4,28.0,0.25,25.0,Very recent HR,,TBD,,Unknown,0,0,0.0,0.0,0.0,0,0.0,0.0,0.0,,,,,,,,,,,,50.0,0.0,,,Unknown,R,Unknown,50.0,0,,,,,0,0,0,,,,0,,,,0,0,0,0/0,,,,,0,0,0,50.0,Neutral Matchup,Average,50.0,0,,0,,,,,,,,,,,,,,,,,,,Unknown,,Unknown,,No,100.0,1.0,1.0,50.0,1.0,1.0,53.5,Current-Season Handedness Matchup,Pull Air %,Barrel %,Max Exit Velocity,50.0,50.0,50.0,60.2,50.0,45.0,52.0,5.97,1.022,1.0,1.0,1.0,0.971,0.971,0.98,12.41,8.72,61.8,22.8,F,Probable SP unavailable; Lineup unconfirmed,,,,,,
26,2026-09-11,825036,2026-09-12T01:40:00Z,Scheduled,Chase Field,Texas Rangers @ Arizona Diamondbacks,Home,663457,Lars Nootbaar,Arizona Diamondbacks,Texas Rangers,DH,L,No,,76,278,237,56,13,1,6,29,29,38,0,54,0.236,0.339,0.376,0.715,10,29,22,7,1,0.318,0.0345,20,63,54,16,3,0.296,0.0476,323,79,6.9,32.7,46.8,24.0,28.8,18.8,31.9,40.4,31.6,8.1,5.4,8.1,35.5,85.5,13.4,0.634,71.1,97.9,112.0,32.9,16.5,9.1,53.3,42.1,Below Average,2.5,Contact-First Profile,A,Excellent HR swing plane,42.1,Below Average,0.978,Good,8.9,46.4,98.4,0.739,Derived proxy,Derived proxy,Derived proxy,Derived proxy,,,20.2,14.2,Strong positive regression,Below Average Contact-First Profile profile. 6.9% barrel rate; 85.5 mph average exit velocity; 31.9% air-ball rate; 40.4% pull-air rate; 8.1% HR-launch rate.,0.0216,0.0247,3.99,21,9,39.5,0.53,53.2,Recently homered,,TBD,,Unknown,0,0,0.0,0.0,0.0,0,0.0,0.0,0.0,,,,,,,,,,,,50.0,0.0,,,Unknown,L,Unknown,50.0,0,,,,,0,0,0,,,,0,,,,0,0,0,0/0,,,,,0,0,0,50.0,Neutral Matchup,Average,50.0,0,,0,,,,,,,,,,,,,,,,,,,Unknown,,Unknown,,No,100.0,1.0,1.0,50.0,1.0,1.0,53.1,Current-Season Handedness Matchup,Pull Air %,Barrel %,Max Exit Velocity,50.0,50.0,50.0,60.9,50.0,45.0,52.0,5.96,1.24,1.0,1.0,1.0,0.978,0.978,1.0,9.51,8.42,66.9,23.8,F,Probable SP unavailable; Lineup unconfirmed,,,,,,
27,2026-09-11,823498,2026-09-11T23:05:00Z,Scheduled,Yankee Stadium,New York Mets @ New York Yankees,Away,665742,Juan Soto,New York Mets,New York Yankees,LF,L,No,,95,407,335,92,9,2,24,55,59,69,0,53,0.275,0.397,0.528,0.925,11,48,42,9,3,0.214,0.0625,11,48,42,9,3,0.214,0.0625,470,49,10.1,32.6,51.1,24.5,23.9,22.1,33.9,48.1,27.1,11.4,5.9,11.4,54.6,86.5,17.9,0.656,70.4,99.1,113.4,27.7,17.5,9.4,66.1,50.5,Average,3.0,Pull Power,A,Excellent HR swing plane,50.5,Average,1.001,Good,12.2,44.4,99.6,0.593,Derived proxy,Derived proxy,Derived proxy,Derived proxy,,,42.16,18.16,Strong positive regression,Average Pull Power profile. 10.1% barrel rate; 86.5 mph average exit velocity; 33.9% air-ball rate; 48.1% pull-air rate; 11.4% HR-launch rate.,0.059,0.0528,4.31,5,1,14.0,0.36,35.8,Recently homered,607074.0,Carlos Rodón,L,LHB vs LHP,13,13,64.0,3.09,1.17,6,0.84,9.84,4.78,367.0,3.0,21.0,12.8,42.2,32.2,82.2,93.5,111.7,0.502,6.0,63.7,100.0,0.733,9.7,4-Seam Fastball,L,LHB vs LHP,37.7,133,0.254,0.333,0.407,0.74,4,14,20,0.0301,5.7,0.523,64,0.0469,4.6,0.529,3,2,0,0/2,0.0,0.333,0.0,0.333,0,1,0,47.7,Neutral Matchup,Average,42.5,5,Pitch-level Statcast · last 5 MLB games,415,4-Seam Fastball,49.1566265060241,204.0,Slider,25.542168674698797,106.0,Changeup,14.939759036144578,62.0,Sinker,8.674698795180722,36.0,Curveball,1.6867469879518073,7.0,,,,Unknown,,Unknown,,No,108.0,1.08,1.0,64.4,1.027,0.955,57.8,Current-Season Handedness Matchup,Pull Air %,Barrel %,Max Exit Velocity,37.7,27.9,63.7,68.9,64.4,45.0,51.9,5.93,1.073,0.962,0.985,1.03,1.001,1.031,1.0,20.86,13.59,80.8,37.2,D+,Lineup unconfirmed,,,,,,
28,2026-09-11,825036,2026-09-12T01:40:00Z,Scheduled,Chase Field,Texas Rangers @ Arizona Diamondbacks,Away,608369,Corey Seager,Texas Rangers,Arizona Diamondbacks,SS,L,No,,87,370,321,73,14,0,17,51,40,43,3,88,0.227,0.322,0.43,0.752,12,52,45,12,4,0.267,0.0769,25,107,93,27,5,0.29,0.0467,435,122,9.3,30.9,49.9,20.0,30.1,16.6,29.3,38.8,31.0,10.7,6.5,10.7,42.9,85.4,19.3,0.685,69.6,97.4,111.7,10.1,15.6,3.0,52.4,40.9,Below Average,2.5,Contact-First Profile,A,Excellent HR swing plane,40.9,Below Average,0.975,Good,9.8,36.8,98.0,0.718,Derived proxy,Derived proxy,Derived proxy,Derived proxy,,,34.73,17.73,Strong positive regression,Below Average Contact-First Profile profile. 9.3% barrel rate; 85.4 mph average exit velocity; 29.3% air-ball rate; 38.8% pull-air rate; 10.7% HR-launch rate.,0.0459,0.0425,4.05,4,1,18.9,0.21,21.2,Very recent HR,,TBD,,Unknown,0,0,0.0,0.0,0.0,0,0.0,0.0,0.0,,,,,,,,,,,,50.0,0.0,,,Unknown,L,Unknown,50.0,0,,,,,0,0,0,,,,0,,,,0,0,0,0/0,,,,,0,0,0,50.0,Neutral Matchup,Average,50.0,0,,0,,,,,,,,,,,,,,,,,,,Unknown,,Unknown,,No,100.0,1.0,1.0,50.0,1.0,1.0,54.4,Current-Season Handedness Matchup,Pull Air %,Barrel %,Max Exit Velocity,50.0,50.0,50.0,53.1,50.0,45.0,51.8,5.92,1.196,1.0,1.0,1.0,0.975,0.975,0.98,16.14,11.48,75.0,30.4,D,Probable SP unavailable; Lineup unconfirmed,,,,,,
29,2026-09-11,823498,2026-09-11T23:05:00Z,Scheduled,Yankee Stadium,New York Mets @ New York Yankees,Home,592450,Aaron Judge,New York Yankees,New York Mets,RF,R,No,,61,268,221,55,10,0,17,44,38,42,2,75,0.249,0.372,0.525,0.897,2,7,7,2,0,0.286,0.0,2,7,7,2,0,0.286,0.0,309,9,9.5,29.8,50.1,19.3,30.6,16.3,27.0,45.8,25.8,11.0,5.5,11.0,51.5,85.5,22.8,0.854,74.5,97.4,114.1,60.1,13.9,14.3,49.6,51.7,Average,3.0,Pull Power,A-,Elevated power plane,51.7,Average,1.005,Good,0.0,66.7,89.0,0.536,Derived proxy,Derived proxy,Derived proxy,Derived proxy,,,25.76,8.76,Strong positive regression,Average Pull Power profile. 9.5% barrel rate; 85.5 mph average exit velocity; 27.0% air-ball rate; 45.8% pull-air rate; 11.0% HR-launch rate.,0.0634,0.0537,4.09,29,8,13.0,2.23,223.1,Very long drought,690997.0,Nolan McLean,R,RHB vs RHP,28,28,161.2,3.06,1.14,15,0.84,9.96,3.62,803.0,3.6,21.3,12.0,40.8,29.1,81.4,93.6,112.8,0.484,15.0,79.7,99.8,0.933,11.8,Sinker,R,RHB vs RHP,47.4,191,0.252,0.354,0.528,0.882,12,24,54,0.0628,10.9,0.905,265,0.0151,2.8,0.374,0,0,0,0/0,,,,,0,0,0,59.2,Slight Hitter Advantage,Above average,50.0,5,Pitch-level Statcast · last 5 MLB games,478,Sinker,39.33054393305439,188.0,4-Seam Fastball,16.317991631799163,78.0,Cutter,13.807531380753138,66.0,Curveball,13.598326359832637,65.0,Slider,8.99581589958159,43.0,Sweeper,4.184100418410042,20.0,Unknown,,Unknown,,No,108.0,1.08,1.0,64.4,1.059,0.961,58.9,Current-Season Handedness Matchup,Pull Air %,Barrel %,Max Exit Velocity,47.4,26.5,79.7,32.0,64.4,45.0,51.7,5.89,1.0,0.958,0.985,1.03,1.005,1.035,1.06,20.21,13.48,71.7,42.1,C-,Lineup unconfirmed; Limited recent games,Changeup,3.7656903765690375,18.0,,,
30,2026-09-11,824631,2026-09-11T18:20:00Z,Scheduled,Wrigley Field,Pittsburgh Pirates @ Chicago Cubs,Away,680779,Henry Davis,Pittsburgh Pirates,Chicago Cubs,C,R,No,,89,274,237,40,5,0,9,30,35,24,8,58,0.169,0.266,0.304,0.57,3,10,8,2,1,0.25,0.1,11,31,24,3,1,0.125,0.0323,352,39,7.5,32.5,47.1,36.2,16.7,15.0,24.3,53.5,31.0,9.8,4.7,9.8,34.2,84.1,21.9,0.461,69.9,97.6,111.8,39.3,16.1,13.1,56.2,45.8,Below Average,3.0,Pull Power,A-,Elevated power plane,45.8,Below Average,0.988,Good,7.7,50.0,97.4,0.484,Derived proxy,Derived proxy,Derived proxy,Derived proxy,,,24.43,15.43,Strong positive regression,Below Average Pull Power profile. 7.5% barrel rate; 84.1 mph average exit velocity; 24.3% air-ball rate; 53.5% pull-air rate; 9.8% HR-launch rate.,0.0328,0.0326,3.87,0,0,26.3,0.0,0.0,Very recent HR,684007.0,Shota Imanaga,L,RHB vs LHP,28,28,156.1,3.91,1.12,33,1.9,8.75,2.01,847.0,5.9,22.7,17.4,45.4,28.0,81.9,94.4,114.7,0.551,33.0,64.1,100.0,0.73,10.0,4-Seam Fastball,R,RHB vs LHP,34.9,83,0.13,0.159,0.221,0.379,2,3,21,0.0241,8.3,0.38,462,0.0476,5.3,0.532,4,4,1,1/4,0.25,0.25,0.25,0.5,0,0,1,46.4,Neutral Matchup,Average,41.1,5,Pitch-level Statcast · last 5 MLB games,433,4-Seam Fastball,41.108545034642034,178.0,Split-Finger,36.25866050808314,157.0,Sweeper,16.628175519630485,72.0,Sinker,3.0023094688221708,13.0,Slider,1.6166281755196306,7.0,Curveball,1.3856812933025404,6.0,Unknown,,Unknown,,No,100.0,1.0,1.0,50.0,1.028,0.984,53.2,Current-Season Handedness Matchup,Pull Air %,Barrel %,Max Exit Velocity,34.9,40.2,64.1,59.5,50.0,45.0,51.6,5.88,0.998,1.128,1.025,0.94,0.988,0.929,0.98,12.03,8.97,74.1,24.7,F,Lineup unconfirmed,,,,,,
31,2026-09-11,822930,2026-09-11T23:10:00Z,Scheduled,Tropicana Field,Houston Astros @ Tampa Bay Rays,Away,670541,Yordan Alvarez,Houston Astros,Tampa Bay Rays,DH,L,No,,145,637,522,162,30,1,38,95,96,100,10,113,0.31,0.427,0.59,1.017,12,53,44,10,2,0.227,0.0377,25,107,87,22,3,0.253,0.028,793,135,7.1,29.9,51.5,17.7,30.4,18.2,32.3,47.3,32.9,8.8,5.0,8.8,55.8,85.5,21.6,0.73,75.0,97.8,116.7,58.2,15.3,16.9,38.5,49.9,Average,3.0,Pull Power,A-,Elevated power plane,49.9,Average,1.0,Good,3.7,50.0,96.7,0.567,Derived proxy,Derived proxy,Derived proxy,Derived proxy,,,52.59,14.59,Strong positive regression,Average Pull Power profile. 7.1% barrel rate; 85.5 mph average exit velocity; 32.3% air-ball rate; 47.3% pull-air rate; 8.8% HR-launch rate.,0.0597,0.0553,4.31,13,3,13.7,0.95,94.6,Near normal interval,656876.0,Drew Rasmussen,R,LHB vs RHP,27,27,153.1,2.88,0.91,14,0.82,9.16,1.58,832.0,3.5,20.9,11.8,38.2,29.1,82.0,93.5,111.9,0.484,14.0,74.2,100.0,0.874,9.1,Cutter,L,LHB vs RHP,52.1,463,0.329,0.462,0.628,1.09,28,86,83,0.0605,9.4,0.856,361,0.0277,3.5,0.511,12,12,4,4/12,0.333,0.333,0.667,1.0,1,0,3,63.0,Slight Hitter Advantage,Above average,67.9,5,Pitch-level Statcast · last 5 MLB games,467,4-Seam Fastball,27.194860813704498,127.0,Cutter,25.481798715203425,119.0,Sinker,25.26766595289079,118.0,Changeup,17.130620985010708,80.0,Sweeper,2.78372591006424,13.0,Curveball,2.1413276231263385,10.0,Unknown,,Unknown,,No,100.0,1.0,1.0,50.0,1.048,0.96,61.8,Current-Season Handedness Matchup,Pull Air %,Barrel %,Max Exit Velocity,52.1,24.6,74.2,49.2,50.0,45.0,51.6,5.87,0.842,0.955,1.025,1.055,1.0,1.055,1.0,21.73,11.88,85.0,37.3,D+,Lineup unconfirmed,,,,,,
32,2026-09-11,822767,2026-09-11T23:07:00Z,Scheduled,Rogers Centre,Baltimore Orioles @ Toronto Blue Jays,Away,687952,Christian Encarnacion-Strand,Baltimore Orioles,Toronto Blue Jays,3B,R,No,,45,163,149,38,9,0,8,16,32,9,3,45,0.255,0.309,0.477,0.786,12,40,35,7,1,0.2,0.025,25,94,86,22,4,0.256,0.0426,250,140,7.4,20.3,51.5,20.2,28.2,13.8,25.1,56.1,32.3,6.4,3.8,6.4,41.6,82.9,20.8,0.717,72.4,94.5,111.8,35.4,12.0,6.7,52.6,41.8,Below Average,2.5,Pull Power,A-,Elevated power plane,41.8,Below Average,0.977,Good,6.4,60.0,94.5,0.689,Derived proxy,Derived proxy,Derived proxy,Derived proxy,,,16.09,8.09,Strong positive regression,Below Average Pull Power profile. 7.5% barrel rate; 82.9 mph average exit velocity; 25.1% air-ball rate; 56.1% pull-air rate; 6.4% HR-launch rate.,0.0491,0.0418,4.05,19,6,18.6,1.02,102.0,Near normal interval,453286.0,Max Scherzer,R,RHB vs RHP,14,14,62.2,6.03,1.36,13,1.87,6.89,3.88,418.0,5.3,19.1,15.3,49.5,30.4,80.9,93.0,111.9,0.503,13.0,67.0,99.9,0.773,9.3,4-Seam Fastball,R,RHB vs RHP,35.5,96,0.22,0.25,0.352,0.602,2,2,24,0.0208,4.5,0.509,95,0.0526,5.7,0.568,0,0,0,0/0,,,,,0,0,0,49.4,Neutral Matchup,Average,50.0,5,Pitch-level Statcast · last 5 MLB games,430,4-Seam Fastball,47.44186046511628,204.0,Curveball,16.046511627906977,69.0,Changeup,15.116279069767442,65.0,Slider,14.651162790697674,63.0,Cutter,6.744186046511628,29.0,,,,Unknown,,Unknown,,No,100.0,1.0,1.0,50.0,1.034,0.978,54.8,Current-Season Handedness Matchup,Pull Air %,Barrel %,Max Exit Velocity,35.5,37.2,67.0,52.8,50.0,45.0,51.4,5.82,0.915,1.109,0.985,1.0,0.977,0.977,1.0,15.89,10.27,71.2,29.7,F,Lineup unconfirmed,,,,,,
33,2026-09-11,824631,2026-09-11T18:20:00Z,Scheduled,Wrigley Field,Pittsburgh Pirates @ Chicago Cubs,Home,664023,Ian Happ,Chicago Cubs,Pittsburgh Pirates,LF,S,No,,141,585,503,110,24,2,23,82,65,73,7,180,0.219,0.325,0.412,0.737,10,34,29,6,0,0.207,0.0,24,87,76,17,3,0.224,0.0345,715,117,5.9,21.5,53.0,24.7,22.3,12.8,22.6,57.4,30.7,6.7,4.4,6.7,50.7,81.1,17.6,0.602,69.7,93.2,111.3,14.8,10.3,2.8,44.3,34.0,Weak,2.5,Pull Power,A,Excellent HR swing plane,34.0,Weak,0.955,Good,5.1,60.9,91.6,0.587,Derived proxy,Derived proxy,Derived proxy,Derived proxy,,,38.51,15.51,Strong positive regression,Weak Pull Power profile. 5.9% barrel rate; 81.1 mph average exit velocity; 22.6% air-ball rate; 57.4% pull-air rate; 6.7% HR-launch rate.,0.0393,0.0381,3.99,35,12,21.9,1.6,160.0,Above normal drought,,TBD,,Unknown,0,0,0.0,0.0,0.0,0,0.0,0.0,0.0,,,,,,,,,,,,50.0,0.0,,,Unknown,S,Unknown,50.0,0,,,,,0,0,0,,,,0,,,,0,0,0,0/0,,,,,0,0,0,50.0,Neutral Matchup,Average,50.0,0,,0,,,,,,,,,,,,,,,,,,,Unknown,,Unknown,,No,100.0,1.0,1.0,50.0,1.0,1.0,55.0,Current-Season Handedness Matchup,Pull Air %,Barrel %,Max Exit Velocity,50.0,50.0,50.0,44.1,50.0,45.0,51.3,5.8,0.84,1.0,1.0,1.0,0.955,0.955,1.035,14.35,8.61,74.0,29.3,F,Probable SP unavailable; Lineup unconfirmed,,,,,,
34,2026-09-11,824711,2026-09-11T23:10:00Z,Scheduled,Fenway Park,Kansas City Royals @ Boston Red Sox,Away,695506,Jac Caglianone,Kansas City Royals,Boston Red Sox,RF,L,No,,131,510,474,134,27,2,23,66,70,30,5,131,0.283,0.331,0.494,0.825,7,27,26,7,0,0.269,0.0,18,71,68,25,2,0.368,0.0282,650,90,7.2,35.6,58.1,19.5,22.4,13.2,28.4,51.9,29.8,5.3,3.1,5.3,42.2,86.2,9.3,0.678,74.9,100.2,114.8,65.7,13.8,20.7,43.6,51.7,Average,3.0,Pull Power,C,Low line-drive plane,51.7,Average,1.005,Good,5.6,57.1,100.2,0.642,Derived proxy,Derived proxy,Derived proxy,Derived proxy,,,42.2,19.2,Strong positive regression,Average Pull Power profile. 7.2% barrel rate; 86.2 mph average exit velocity; 28.4% air-ball rate; 51.9% pull-air rate; 5.3% HR-launch rate.,0.0451,0.0426,4.15,30,8,20.6,1.46,145.6,Above normal drought,543243.0,Sonny Gray,R,LHB vs RHP,26,26,150.2,2.69,1.16,15,0.9,8.06,2.39,723.0,4.6,25.4,13.6,46.2,27.5,83.5,95.6,111.1,0.492,15.0,47.3,99.9,0.626,6.8,Sinker,L,LHB vs RHP,47.2,355,0.293,0.352,0.512,0.864,16,29,86,0.0451,9.5,0.744,399,0.0251,5.0,0.513,3,3,2,2/3,0.667,0.667,1.333,2.0,0,0,0,48.5,Neutral Matchup,Average,53.8,5,Pitch-level Statcast · last 5 MLB games,467,Sinker,24.62526766595289,115.0,Sweeper,19.05781584582441,89.0,Cutter,17.987152034261243,84.0,Curveball,16.488222698072803,77.0,4-Seam Fastball,15.63169164882227,73.0,Changeup,6.209850107066381,29.0,Unknown,,Unknown,,No,102.0,1.02,1.0,53.6,0.995,0.971,62.1,Current-Season Handedness Matchup,Pull Air %,Barrel %,Max Exit Velocity,47.2,34.9,47.3,62.2,53.6,45.0,51.2,5.78,0.796,0.968,1.025,1.0,1.005,1.005,1.035,16.53,9.27,82.7,32.3,D,Lineup unconfirmed,,,,,,
35,2026-09-11,825036,2026-09-12T01:40:00Z,Scheduled,Chase Field,Texas Rangers @ Arizona Diamondbacks,Away,592626,Joc Pederson,Texas Rangers,Arizona Diamondbacks,DH,L,No,,134,424,367,86,11,2,26,56,52,49,4,101,0.234,0.329,0.488,0.817,11,25,22,5,3,0.227,0.12,25,61,54,7,4,0.13,0.0656,515,72,6.2,29.4,50.0,26.2,23.8,17.3,24.6,49.5,25.1,7.1,4.5,7.1,74.0,85.1,23.1,0.561,70.4,96.5,109.1,22.8,10.8,7.5,52.8,37.6,Below Average,2.5,Pull Power,A-,Elevated power plane,37.6,Below Average,0.965,Good,5.6,53.3,95.1,0.469,Derived proxy,Derived proxy,Derived proxy,Derived proxy,,,30.29,4.29,Strong positive regression,Below Average Pull Power profile. 6.2% barrel rate; 85.1 mph average exit velocity; 24.6% air-ball rate; 49.5% pull-air rate; 7.1% HR-launch rate.,0.0613,0.0549,4.15,0,0,14.1,0.0,0.0,Very recent HR,,TBD,,Unknown,0,0,0.0,0.0,0.0,0,0.0,0.0,0.0,,,,,,,,,,,,50.0,0.0,,,Unknown,L,Unknown,50.0,0,,,,,0,0,0,,,,0,,,,0,0,0,0/0,,,,,0,0,0,50.0,Neutral Matchup,Average,50.0,0,,0,,,,,,,,,,,,,,,,,,,Unknown,,Unknown,,No,100.0,1.0,1.0,50.0,1.0,1.0,53.0,Current-Season Handedness Matchup,Pull Air %,Barrel %,Max Exit Velocity,50.0,50.0,50.0,52.1,50.0,45.0,51.2,5.78,1.296,1.0,1.0,1.0,0.965,0.965,0.98,20.87,14.47,71.9,35.7,D,Probable SP unavailable; Lineup unconfirmed,,,,,,
36,2026-09-11,825036,2026-09-12T01:40:00Z,Scheduled,Chase Field,Texas Rangers @ Arizona Diamondbacks,Away,694671,Wyatt Langford,Texas Rangers,Arizona Diamondbacks,LF,R,No,,95,409,361,87,18,2,16,57,38,44,4,88,0.241,0.33,0.435,0.765,12,52,40,4,1,0.1,0.0192,26,115,92,19,3,0.207,0.0261,547,158,4.9,25.4,43.4,30.2,26.3,15.1,26.4,53.1,28.8,6.3,3.5,6.3,52.2,83.9,23.1,0.495,71.2,95.5,111.0,26.5,9.6,7.8,48.5,35.2,Below Average,2.5,Pull Power,A-,Elevated power plane,35.2,Below Average,0.959,Good,3.8,53.7,94.9,0.468,Derived proxy,Derived proxy,Derived proxy,Derived proxy,,,26.89,10.89,Strong positive regression,Below Average Pull Power profile. 4.9% barrel rate; 83.9 mph average exit velocity; 26.4% air-ball rate; 53.1% pull-air rate; 6.3% HR-launch rate.,0.0391,0.0375,4.05,6,2,22.6,0.27,26.6,Very recent HR,,TBD,,Unknown,0,0,0.0,0.0,0.0,0,0.0,0.0,0.0,,,,,,,,,,,,50.0,0.0,,,Unknown,R,Unknown,50.0,0,,,,,0,0,0,,,,0,,,,0,0,0,0/0,,,,,0,0,0,50.0,Neutral Matchup,Average,50.0,0,,0,,,,,,,,,,,,,,,,,,,Unknown,,Unknown,,No,100.0,1.0,1.0,50.0,1.0,1.0,53.6,Current-Season Handedness Matchup,Pull Air %,Barrel %,Max Exit Velocity,50.0,50.0,50.0,47.8,50.0,45.0,51.1,5.75,0.838,1.0,1.0,1.0,0.959,0.959,0.98,14.34,8.31,75.0,25.5,F,Probable SP unavailable; Lineup unconfirmed,,,,,,
37,2026-09-11,823012,2026-09-12T00:15:00Z,Scheduled,Busch Stadium,Chicago White Sox @ St. Louis Cardinals,Away,691019,Kyle Teel,Chicago White Sox,St. Louis Cardinals,C,L,No,,25,86,78,15,2,0,4,11,18,7,1,33,0.192,0.267,0.372,0.639,6,16,15,3,2,0.2,0.125,6,16,15,3,2,0.2,0.125,100,14,8.3,27.3,52.1,24.1,23.8,16.5,27.3,54.2,34.3,7.4,5.8,7.4,64.6,82.4,17.3,0.731,70.6,95.5,112.4,26.2,13.2,6.1,35.3,43.0,Below Average,2.5,Pull Power,A,Excellent HR swing plane,43.0,Below Average,0.98,Good,14.3,100.0,98.5,0.889,Derived proxy,Derived proxy,Derived proxy,Derived proxy,,,6.93,2.93,Positive regression,Below Average Pull Power profile. 8.3% barrel rate; 82.4 mph average exit velocity; 27.3% air-ball rate; 54.2% pull-air rate; 7.4% HR-launch rate.,0.0465,0.0381,3.87,3,2,19.5,0.15,15.4,Very recent HR,669461.0,Matthew Liberatore,L,LHB vs LHP,28,28,139.0,5.57,1.47,25,1.62,9.32,3.17,779.0,5.9,26.8,15.5,44.1,31.6,83.9,96.0,112.2,0.608,25.0,33.4,99.5,0.55,3.7,4-Seam Fastball,L,LHB vs LHP,44.3,19,0.158,0.158,0.158,0.316,0,0,8,0.0,0.0,0.414,154,0.0455,5.8,0.587,0,0,0,0/0,,,,,0,0,0,41.6,Slight Pitcher Advantage,Below average,50.0,5,Pitch-level Statcast · last 5 MLB games,462,Slider,36.36363636363637,168.0,4-Seam Fastball,26.83982683982684,124.0,Curveball,20.995670995670995,97.0,Changeup,7.142857142857143,33.0,Sinker,4.545454545454546,21.0,Cutter,2.813852813852814,13.0,Unknown,,Unknown,,No,100.0,1.0,1.0,50.0,0.967,0.984,59.2,Current-Season Handedness Matchup,Pull Air %,Barrel %,Max Exit Velocity,44.3,42.9,33.4,78.3,50.0,45.0,51.0,5.72,1.264,1.083,0.985,0.975,0.98,0.956,0.98,13.94,10.6,59.4,25.3,F,Lineup unconfirmed,Sweeper,1.2987012987012987,6.0,,,
38,2026-09-11,825036,2026-09-12T01:40:00Z,Scheduled,Chase Field,Texas Rangers @ Arizona Diamondbacks,Away,679822,Justin Foscue,Texas Rangers,Arizona Diamondbacks,2B,R,No,,88,223,203,55,12,1,11,22,33,16,3,54,0.271,0.332,0.502,0.834,11,29,28,10,2,0.357,0.069,22,65,60,18,4,0.3,0.0615,302,109,7.0,25.0,49.2,23.9,26.9,17.6,26.9,47.3,32.2,8.4,5.7,8.4,53.2,83.3,24.8,0.629,69.8,94.1,110.4,11.6,15.4,4.8,55.3,37.2,Below Average,2.5,Pull Power,A-,Elevated power plane,37.2,Below Average,0.964,Good,8.3,40.0,93.8,0.652,Derived proxy,Derived proxy,Derived proxy,Derived proxy,,,18.76,7.76,Strong positive regression,Below Average Pull Power profile. 7.0% barrel rate; 83.3 mph average exit velocity; 26.9% air-ball rate; 47.3% pull-air rate; 8.4% HR-launch rate.,0.0493,0.0433,4.15,17,7,18.5,0.92,92.1,Near normal interval,,TBD,,Unknown,0,0,0.0,0.0,0.0,0,0.0,0.0,0.0,,,,,,,,,,,,50.0,0.0,,,Unknown,R,Unknown,50.0,0,,,,,0,0,0,,,,0,,,,0,0,0,0/0,,,,,0,0,0,50.0,Neutral Matchup,Average,50.0,0,,0,,,,,,,,,,,,,,,,,,,Unknown,,Unknown,,No,100.0,1.0,1.0,50.0,1.0,1.0,53.8,Current-Season Handedness Matchup,Pull Air %,Barrel %,Max Exit Velocity,50.0,50.0,50.0,44.2,50.0,45.0,50.9,5.71,1.207,1.0,1.0,1.0,0.964,0.964,1.0,16.77,11.82,63.1,31.3,D,Probable SP unavailable; Lineup unconfirmed,,,,,,
39,2026-09-11,823012,2026-09-12T00:15:00Z,Scheduled,Busch Stadium,Chicago White Sox @ St. Louis Cardinals,Away,678246,Miguel Vargas,Chicago White Sox,St. Louis Cardinals,3B,R,No,,144,634,533,132,30,1,30,95,79,88,7,114,0.248,0.359,0.477,0.836,12,51,46,10,1,0.217,0.0196,27,121,99,30,5,0.303,0.0413,820,155,6.5,25.6,55.5,23.8,20.5,16.6,30.0,58.5,31.8,7.9,6.2,7.9,54.9,83.7,23.9,0.628,72.0,95.4,112.4,37.7,13.1,11.4,60.7,44.4,Below Average,3.0,Pull Power,A-,Elevated power plane,44.4,Below Average,0.984,Good,5.2,63.6,94.0,0.602,Derived proxy,Derived proxy,Derived proxy,Derived proxy,,,50.6,20.6,Strong positive regression,Below Average Pull Power profile. 6.5% barrel rate; 83.7 mph average exit velocity; 30.0% air-ball rate; 58.5% pull-air rate; 7.9% HR-launch rate.,0.0473,0.0449,4.15,19,5,17.8,1.07,106.9,Near normal interval,669461.0,Matthew Liberatore,L,RHB vs LHP,28,28,139.0,5.57,1.47,25,1.62,9.32,3.17,779.0,5.9,26.8,15.5,44.1,31.6,83.9,96.0,112.2,0.608,25.0,44.0,99.9,0.597,6.6,4-Seam Fastball,R,RHB vs LHP,58.6,183,0.273,0.396,0.573,0.969,12,31,31,0.0656,8.5,0.758,457,0.0394,6.0,0.615,4,4,1,1/4,0.25,0.25,0.5,0.75,0,0,1,51.1,Neutral Matchup,Average,46.4,5,Pitch-level Statcast · last 5 MLB games,462,Slider,36.36363636363637,168.0,4-Seam Fastball,26.83982683982684,124.0,Curveball,20.995670995670995,97.0,Changeup,7.142857142857143,33.0,Sinker,4.545454545454546,21.0,Cutter,2.813852813852814,13.0,Unknown,,Unknown,,No,100.0,1.0,1.0,50.0,0.988,0.984,60.2,Current-Season Handedness Matchup,Pull Air %,Barrel %,Max Exit Velocity,58.6,42.9,44.0,49.0,50.0,45.0,50.8,5.68,0.862,1.083,1.025,1.0,0.984,0.984,1.0,17.35,10.32,85.0,32.7,D,Lineup unconfirmed,Sweeper,1.2987012987012987,6.0,,,
40,2026-09-11,824711,2026-09-11T23:10:00Z,Scheduled,Fenway Park,Kansas City Royals @ Boston Red Sox,Home,701350,Roman Anthony,Boston Red Sox,Kansas City Royals,LF,L,No,,41,183,157,37,7,2,4,19,9,25,1,50,0.236,0.344,0.382,0.726,11,53,48,12,3,0.25,0.0566,11,53,48,12,3,0.25,0.0566,188,53,9.8,34.0,44.4,26.6,28.5,14.9,31.2,37.6,38.0,10.8,3.0,10.8,32.3,86.6,9.7,0.688,73.9,99.0,113.4,50.4,21.0,13.4,43.5,50.5,Average,3.0,Contact-First Profile,C,Low line-drive plane,50.5,Average,1.001,Good,13.2,44.4,100.1,0.772,Derived proxy,Derived proxy,Derived proxy,Derived proxy,,,15.98,11.98,Strong positive regression,Average Contact-First Profile profile. 9.8% barrel rate; 86.6 mph average exit velocity; 31.2% air-ball rate; 37.6% pull-air rate; 10.8% HR-launch rate.,0.0219,0.0259,3.99,0,0,39.2,0.0,0.0,Very recent HR,607625.0,Seth Lugo,R,LHB vs RHP,29,29,159.0,5.04,1.44,18,1.02,6.74,2.89,930.0,4.3,26.8,16.0,43.0,31.0,82.3,95.6,111.5,0.56,18.0,55.9,95.8,0.684,8.3,Sinker,L,LHB vs RHP,43.6,134,0.234,0.366,0.432,0.798,4,22,38,0.0299,9.7,0.739,434,0.023,4.1,0.569,0,0,0,0/0,,,,,0,0,0,49.2,Neutral Matchup,Average,50.0,5,Pitch-level Statcast · last 5 MLB games,459,Sinker,17.647058823529413,81.0,Cutter,15.686274509803921,72.0,4-Seam Fastball,15.686274509803921,72.0,Curveball,15.032679738562091,69.0,Sweeper,12.854030501089325,59.0,Slider,11.982570806100219,55.0,Unknown,,Unknown,,No,102.0,1.02,1.0,53.6,1.012,0.968,55.5,Current-Season Handedness Matchup,Pull Air %,Barrel %,Max Exit Velocity,43.6,33.9,55.9,72.0,53.6,45.0,50.7,5.66,1.35,0.987,1.025,1.0,1.001,1.001,0.98,9.93,9.02,69.3,25.3,F,Lineup unconfirmed,Changeup,9.586056644880175,44.0,Slow Curve,1.3071895424836601,6.0
41,2026-09-11,824631,2026-09-11T18:20:00Z,Scheduled,Wrigley Field,Pittsburgh Pirates @ Chicago Cubs,Away,699013,Esmerlyn Valdez,Pittsburgh Pirates,Chicago Cubs,RF,R,No,,71,284,238,56,14,1,17,40,47,42,1,106,0.235,0.349,0.517,0.866,7,29,25,4,2,0.16,0.069,19,80,71,15,3,0.211,0.0375,284,79,9.3,29.6,42.1,31.7,26.1,17.2,27.0,42.0,29.0,10.2,6.1,10.2,55.6,84.9,14.9,0.771,72.6,97.0,112.3,47.7,13.6,11.1,53.3,47.7,Below Average,3.0,Pull Power,A,Excellent HR swing plane,47.7,Below Average,0.994,Good,7.6,42.1,97.4,0.715,Derived proxy,Derived proxy,Derived proxy,Derived proxy,,,22.53,5.53,Strong positive regression,Below Average Pull Power profile. 9.3% barrel rate; 84.9 mph average exit velocity; 27.0% air-ball rate; 42.0% pull-air rate; 10.2% HR-launch rate.,0.0599,0.0516,4.15,0,0,14.0,0.0,0.0,Very recent HR,684007.0,Shota Imanaga,L,RHB vs LHP,28,28,156.1,3.91,1.12,33,1.9,8.75,2.01,847.0,5.9,22.7,17.4,45.4,28.0,81.9,94.4,114.7,0.551,33.0,44.1,100.0,0.505,11.3,4-Seam Fastball,R,RHB vs LHP,66.8,108,0.241,0.389,0.655,1.044,9,21,36,0.0833,11.8,0.87,462,0.0476,5.3,0.532,3,2,0,0/2,0.0,0.333,0.0,0.333,0,1,2,54.0,Neutral Matchup,Average,42.5,5,Pitch-level Statcast · last 5 MLB games,433,4-Seam Fastball,41.108545034642034,178.0,Split-Finger,36.25866050808314,157.0,Sweeper,16.628175519630485,72.0,Sinker,3.0023094688221708,13.0,Slider,1.6166281755196306,7.0,Curveball,1.3856812933025404,6.0,Unknown,,Unknown,,No,100.0,1.0,1.0,50.0,0.988,0.984,61.2,Current-Season Handedness Matchup,Pull Air %,Barrel %,Max Exit Velocity,66.8,40.2,44.1,52.1,50.0,45.0,50.7,5.66,1.025,1.128,1.025,1.0,0.994,0.994,0.98,19.73,12.97,78.7,35.0,D,Lineup unconfirmed,,,,,,
42,2026-09-11,822930,2026-09-11T23:10:00Z,Scheduled,Tropicana Field,Houston Astros @ Tampa Bay Rays,Home,666018,Jonathan Aranda,Tampa Bay Rays,Houston Astros,1B,L,No,,142,617,535,148,23,0,19,69,86,63,11,145,0.277,0.36,0.426,0.786,11,47,41,10,3,0.244,0.0638,25,105,96,23,4,0.24,0.0381,844,156,4.9,23.7,43.8,20.2,35.8,14.5,27.1,35.4,33.6,7.4,4.7,7.4,48.4,84.1,22.8,0.612,69.0,94.7,111.2,13.0,12.7,4.4,55.2,30.5,Weak,2.0,Contact-First Profile,A-,Elevated power plane,30.5,Weak,0.945,Good,5.1,31.7,94.9,0.615,Derived proxy,Derived proxy,Derived proxy,Derived proxy,,,39.12,20.12,Strong positive regression,Weak Contact-First Profile profile. 4.9% barrel rate; 84.1 mph average exit velocity; 27.1% air-ball rate; 35.4% pull-air rate; 7.4% HR-launch rate.,0.0308,0.031,3.99,13,4,28.2,0.46,46.2,Recently homered,699044.0,Miguel Ullola,R,LHB vs RHP,5,0,7.0,3.86,0.86,2,2.57,12.86,1.29,32.0,9.4,28.1,28.1,50.0,25.0,85.2,96.0,108.3,0.736,2.0,42.7,100.0,0.617,5.0,4-Seam Fastball,L,LHB vs RHP,45.6,443,0.289,0.372,0.464,0.836,16,46,97,0.0361,5.1,0.639,14,0.0714,11.8,0.614,0,0,0,0/0,,,,,0,0,0,45.4,Neutral Matchup,Average,50.0,5,Pitch-level Statcast · last 5 MLB games,106,4-Seam Fastball,73.58490566037736,78.0,Slider,22.641509433962263,24.0,Curveball,2.830188679245283,3.0,Changeup,0.9433962264150944,1.0,,,,,,,Unknown,,Unknown,,No,100.0,1.0,1.0,50.0,0.985,1.019,45.3,Current-Season Handedness Matchup,Pull Air %,Barrel %,Max Exit Velocity,45.6,69.1,42.7,31.8,50.0,45.0,50.6,5.63,1.274,1.024,1.025,1.0,0.945,0.945,1.0,11.8,9.75,85.0,29.5,F,Lineup unconfirmed,,,,,,
43,2026-09-11,823817,2026-09-11T23:10:00Z,Scheduled,loanDepot park,Los Angeles Dodgers @ Miami Marlins,Home,683357,Owen Caissie,Miami Marlins,Los Angeles Dodgers,RF,L,No,,106,328,291,64,14,0,14,44,57,26,4,123,0.22,0.287,0.412,0.699,8,26,23,4,1,0.174,0.0385,18,55,49,9,2,0.184,0.0364,368,63,7.2,24.2,48.8,23.3,27.9,14.3,25.4,44.2,29.9,8.6,5.2,8.6,50.0,82.2,17.2,0.67,73.1,94.7,111.7,53.1,12.3,10.2,39.8,40.5,Below Average,2.5,Pull Power,A,Excellent HR swing plane,40.5,Below Average,0.973,Good,6.3,50.0,94.4,0.613,Derived proxy,Derived proxy,Derived proxy,Derived proxy,,,22.64,8.64,Strong positive regression,Below Average Pull Power profile. 7.2% barrel rate; 82.2 mph average exit velocity; 25.4% air-ball rate; 44.2% pull-air rate; 8.6% HR-launch rate.,0.0427,0.0398,3.93,0,0,20.8,0.0,0.0,Very recent HR,,TBD,,Unknown,0,0,0.0,0.0,0.0,0,0.0,0.0,0.0,,,,,,,,,,,,50.0,0.0,,,Unknown,L,Unknown,50.0,0,,,,,0,0,0,,,,0,,,,0,0,0,0/0,,,,,0,0,0,50.0,Neutral Matchup,Average,50.0,0,,0,,,,,,,,,,,,,,,,,,,Unknown,,Unknown,,No,94.0,0.94,1.0,39.2,1.0,1.0,53.6,Current-Season Handedness Matchup,Pull Air %,Barrel %,Max Exit Velocity,50.0,50.0,50.0,50.5,39.2,45.0,50.4,5.61,0.977,1.0,1.0,1.0,0.973,0.973,0.98,14.76,8.95,69.8,24.8,F,Probable SP unavailable; Lineup unconfirmed,,,,,,
44,2026-09-11,825036,2026-09-12T01:40:00Z,Scheduled,Chase Field,Texas Rangers @ Arizona Diamondbacks,Home,543510,James McCann,Arizona Diamondbacks,Texas Rangers,C,R,No,,46,148,138,40,6,0,5,15,24,6,1,39,0.29,0.322,0.442,0.764,4,14,13,3,1,0.231,0.0714,12,35,32,9,1,0.281,0.0286,181,36,5.2,30.6,37.3,34.4,28.3,15.8,31.2,40.1,33.4,7.5,7.1,7.5,53.6,81.9,15.2,0.619,69.2,96.6,109.3,21.2,16.0,4.0,42.4,34.6,Weak,2.5,Contact-First Profile,A,Excellent HR swing plane,34.6,Weak,0.957,Good,5.6,50.0,98.5,0.749,Derived proxy,Derived proxy,Derived proxy,Derived proxy,,,8.56,3.56,Positive regression,Weak Contact-First Profile profile. 5.2% barrel rate; 81.9 mph average exit velocity; 31.2% air-ball rate; 40.1% pull-air rate; 7.5% HR-launch rate.,0.0338,0.033,3.99,6,2,27.6,0.22,21.7,Very recent HR,,TBD,,Unknown,0,0,0.0,0.0,0.0,0,0.0,0.0,0.0,,,,,,,,,,,,50.0,0.0,,,Unknown,R,Unknown,50.0,0,,,,,0,0,0,,,,0,,,,0,0,0,0/0,,,,,0,0,0,50.0,Neutral Matchup,Average,50.0,0,,0,,,,,,,,,,,,,,,,,,,Unknown,,Unknown,,No,100.0,1.0,1.0,50.0,1.0,1.0,49.0,Current-Season Handedness Matchup,Pull Air %,Barrel %,Max Exit Velocity,50.0,50.0,50.0,57.1,50.0,45.0,50.1,5.54,1.209,1.0,1.0,1.0,0.957,0.957,0.98,12.53,9.39,55.4,24.5,F,Probable SP unavailable; Lineup unconfirmed,,,,,,
45,2026-09-11,825036,2026-09-12T01:40:00Z,Scheduled,Chase Field,Texas Rangers @ Arizona Diamondbacks,Away,643376,Danny Jansen,Texas Rangers,Arizona Diamondbacks,C,R,No,,54,181,159,29,7,1,6,15,20,14,5,50,0.182,0.27,0.352,0.622,7,22,20,5,1,0.25,0.0455,13,39,36,8,3,0.222,0.0769,226,47,5.4,23.3,57.0,25.1,17.9,14.1,24.1,60.4,27.4,5.4,4.8,5.4,70.5,81.8,26.4,0.478,66.6,93.0,109.2,5.5,9.0,2.3,54.4,29.8,Weak,2.0,Pull Power,A-,Elevated power plane,29.8,Weak,0.943,Good,6.4,53.8,91.1,0.553,Derived proxy,Derived proxy,Derived proxy,Derived proxy,,,11.48,5.48,Strong positive regression,Weak Pull Power profile. 5.4% barrel rate; 81.8 mph average exit velocity; 24.1% air-ball rate; 60.4% pull-air rate; 5.4% HR-launch rate.,0.0331,0.0327,3.87,2,1,26.5,0.08,7.5,Very recent HR,,TBD,,Unknown,0,0,0.0,0.0,0.0,0,0.0,0.0,0.0,,,,,,,,,,,,50.0,0.0,,,Unknown,R,Unknown,50.0,0,,,,,0,0,0,,,,0,,,,0,0,0,0/0,,,,,0,0,0,50.0,Neutral Matchup,Average,50.0,0,,0,,,,,,,,,,,,,,,,,,,Unknown,,Unknown,,No,100.0,1.0,1.0,50.0,1.0,1.0,51.2,Current-Season Handedness Matchup,Pull Air %,Barrel %,Max Exit Velocity,50.0,50.0,50.0,46.0,50.0,45.0,50.0,5.52,1.239,1.0,1.0,0.975,0.943,0.92,0.98,12.07,9.07,58.0,22.6,F,Probable SP unavailable; Lineup unconfirmed,,,,,,
46,2026-09-11,823012,2026-09-12T00:15:00Z,Scheduled,Busch Stadium,Chicago White Sox @ St. Louis Cardinals,Home,669357,Nolan Gorman,St. Louis Cardinals,Chicago White Sox,3B,L,No,,76,276,246,46,6,0,9,23,32,27,0,89,0.187,0.264,0.321,0.585,10,35,34,5,1,0.147,0.0286,14,47,45,7,2,0.156,0.0426,325,56,8.8,27.0,62.5,12.5,25.0,22.8,30.6,59.5,30.7,7.8,2.8,7.8,36.6,85.1,24.0,0.596,72.0,96.4,111.3,34.0,13.2,8.9,45.1,42.7,Below Average,2.5,Pull Power,A-,Elevated power plane,42.7,Below Average,0.98,Good,12.5,66.7,97.6,0.642,Derived proxy,Derived proxy,Derived proxy,Derived proxy,,,25.3,16.3,Strong positive regression,Below Average Pull Power profile. 8.8% barrel rate; 85.1 mph average exit velocity; 30.7% air-ball rate; 59.5% pull-air rate; 7.8% HR-launch rate.,0.0326,0.0324,3.81,10,3,27.3,0.37,36.6,Recently homered,641743.0,Anthony Kay,L,LHB vs LHP,29,27,141.0,4.47,1.36,20,1.28,7.4,3.19,830.0,5.7,26.7,12.0,55.0,28.6,82.6,95.8,115.8,0.529,20.0,43.0,100.0,0.564,7.8,4-Seam Fastball,L,LHB vs LHP,29.0,44,0.175,0.227,0.275,0.502,1,3,12,0.0227,5.2,0.541,169,0.0118,2.4,0.404,1,1,0,0/1,0.0,0.0,0.0,0.0,0,0,1,37.6,Slight Pitcher Advantage,Below average,47.5,5,Pitch-level Statcast · last 5 MLB games,450,4-Seam Fastball,23.333333333333332,105.0,Sweeper,20.666666666666668,93.0,Cutter,16.666666666666668,75.0,Changeup,16.0,72.0,Sinker,15.333333333333334,69.0,Slider,8.0,36.0,Unknown,,Unknown,,No,100.0,1.0,1.0,50.0,0.986,0.982,53.2,Current-Season Handedness Matchup,Pull Air %,Barrel %,Max Exit Velocity,29.0,43.1,43.0,72.5,50.0,45.0,49.9,5.49,1.03,1.029,0.985,0.94,0.98,0.921,1.0,11.8,7.98,75.5,23.3,F,Lineup unconfirmed,,,,,,
47,2026-09-11,823498,2026-09-11T23:05:00Z,Scheduled,Yankee Stadium,New York Mets @ New York Yankees,Home,682987,Spencer Jones,New York Yankees,New York Mets,RF,L,No,,73,235,208,53,12,1,9,31,33,24,1,83,0.255,0.333,0.452,0.785,12,45,37,14,2,0.378,0.0444,26,94,84,26,4,0.31,0.0426,303,122,7.1,26.6,46.9,23.8,29.4,12.7,26.2,38.4,34.7,6.0,3.3,6.0,43.4,85.5,20.2,0.789,75.5,96.9,113.9,63.6,13.7,11.1,40.4,42.0,Below Average,2.5,Contact-First Profile,A-,Elevated power plane,42.0,Below Average,0.978,Good,7.4,45.5,96.7,0.821,Derived proxy,Derived proxy,Derived proxy,Derived proxy,,,18.39,9.39,Strong positive regression,Below Average Contact-First Profile profile. 7.1% barrel rate; 85.5 mph average exit velocity; 26.2% air-ball rate; 38.4% pull-air rate; 6.0% HR-launch rate.,0.0383,0.0362,3.99,24,7,23.1,1.04,103.8,Near normal interval,690997.0,Nolan McLean,R,LHB vs RHP,28,28,161.2,3.06,1.14,15,0.84,9.96,3.62,803.0,3.6,21.3,12.0,40.8,29.1,81.4,93.6,112.8,0.484,15.0,72.0,99.8,0.882,8.0,Sinker,L,LHB vs RHP,44.4,186,0.201,0.286,0.378,0.665,7,20,70,0.0376,6.9,0.776,407,0.027,4.2,0.554,0,0,0,0/0,,,,,0,0,0,55.2,Neutral Matchup,Average,50.0,5,Pitch-level Statcast · last 5 MLB games,478,Sinker,39.33054393305439,188.0,4-Seam Fastball,16.317991631799163,78.0,Cutter,13.807531380753138,66.0,Curveball,13.598326359832637,65.0,Slider,8.99581589958159,43.0,Sweeper,4.184100418410042,20.0,Unknown,,Unknown,,No,108.0,1.08,1.0,64.4,1.044,0.961,52.8,Current-Season Handedness Matchup,Pull Air %,Barrel %,Max Exit Velocity,44.4,26.5,72.0,53.2,64.4,45.0,49.8,5.48,1.082,0.958,1.025,1.0,0.978,0.978,1.0,13.67,9.89,76.3,29.9,F,Lineup unconfirmed,Changeup,3.7656903765690375,18.0,,,
48,2026-09-11,823817,2026-09-11T23:10:00Z,Scheduled,loanDepot park,Los Angeles Dodgers @ Miami Marlins,Away,571970,Max Muncy,Los Angeles Dodgers,Miami Marlins,3B,L,No,,134,503,436,110,23,1,27,74,70,62,4,127,0.252,0.35,0.495,0.845,10,35,29,8,1,0.276,0.0286,23,85,70,19,5,0.271,0.0588,615,106,9.0,29.7,58.0,22.0,20.0,17.5,29.6,56.0,30.9,11.3,6.0,11.3,50.0,83.8,18.8,0.677,69.8,96.6,110.7,13.0,17.1,3.6,47.6,44.2,Below Average,3.0,Pull Power,A,Excellent HR swing plane,44.2,Below Average,0.984,Good,9.4,51.4,97.2,0.711,Derived proxy,Derived proxy,Derived proxy,Derived proxy,,,49.44,22.44,Strong positive regression,Below Average Pull Power profile. 9.0% barrel rate; 83.8 mph average exit velocity; 29.6% air-ball rate; 56.0% pull-air rate; 11.3% HR-launch rate.,0.0537,0.0495,4.15,0,0,16.1,0.0,0.0,Very recent HR,687473.0,Ryan Gusto,R,LHB vs RHP,20,15,72.1,4.23,1.41,9,1.12,7.71,2.74,443.0,5.6,27.1,12.0,31.9,32.3,84.0,95.5,113.3,0.535,9.0,56.8,99.9,0.666,9.6,4-Seam Fastball,L,LHB vs RHP,47.9,384,0.251,0.352,0.495,0.847,21,50,95,0.0547,9.4,0.678,187,0.0214,6.1,0.516,0,0,0,0/0,,,,,0,0,0,51.4,Neutral Matchup,Average,50.0,5,Pitch-level Statcast · last 5 MLB games,390,4-Seam Fastball,27.94871794871795,109.0,Slider,14.102564102564102,55.0,Sinker,12.820512820512821,50.0,Sweeper,12.564102564102564,49.0,Curveball,11.025641025641026,43.0,Changeup,10.76923076923077,42.0,Unknown,,Unknown,,No,94.0,0.94,1.0,39.2,1.014,0.981,59.4,Current-Season Handedness Matchup,Pull Air %,Barrel %,Max Exit Velocity,47.9,30.9,56.8,64.4,39.2,45.0,49.8,5.47,0.941,1.003,1.025,1.0,0.984,0.984,0.98,19.0,10.54,83.8,31.5,D,Lineup unconfirmed,Cutter,10.76923076923077,42.0,,,
49,2026-09-11,824631,2026-09-11T18:20:00Z,Scheduled,Wrigley Field,Pittsburgh Pirates @ Chicago Cubs,Home,621438,Tyrone Taylor,Chicago Cubs,Pittsburgh Pirates,LF,R,No,,90,221,201,57,14,0,11,33,36,13,2,39,0.284,0.332,0.517,0.849,8,25,25,12,1,0.48,0.04,17,45,41,19,1,0.463,0.0222,301,67,5.1,21.7,51.5,29.2,19.3,17.1,30.4,61.4,32.3,6.5,5.7,6.5,55.1,81.0,19.1,0.509,69.4,93.3,108.0,13.6,11.7,4.1,52.8,33.2,Weak,2.5,Pull Power,A,Excellent HR swing plane,33.2,Weak,0.953,Good,3.0,61.9,92.1,0.464,Derived proxy,Derived proxy,Derived proxy,Derived proxy,,,15.14,4.14,Strong positive regression,Weak Pull Power profile. 5.1% barrel rate; 81.0 mph average exit velocity; 30.4% air-ball rate; 61.4% pull-air rate; 6.5% HR-launch rate.,0.0498,0.0435,4.09,12,5,18.3,0.66,65.7,Recently homered,,TBD,,Unknown,0,0,0.0,0.0,0.0,0,0.0,0.0,0.0,,,,,,,,,,,,50.0,0.0,,,Unknown,R,Unknown,50.0,0,,,,,0,0,0,,,,0,,,,0,0,0,0/0,,,,,0,0,0,50.0,Neutral Matchup,Average,50.0,0,,0,,,,,,,,,,,,,,,,,,,Unknown,,Unknown,,No,100.0,1.0,1.0,50.0,1.0,1.0,51.3,Current-Season Handedness Matchup,Pull Air %,Barrel %,Max Exit Velocity,50.0,50.0,50.0,40.3,50.0,45.0,49.6,5.45,0.894,1.0,1.0,1.0,0.953,0.953,1.0,16.64,9.44,61.4,26.7,F,Probable SP unavailable; Lineup unconfirmed,,,,,,
50,2026-09-11,824227,2026-09-11T22:40:00Z,Scheduled,Comerica Park,Colorado Rockies @ Detroit Tigers,Away,691728,Zac Veen,Colorado Rockies,Detroit Tigers,LF,L,No,,24,52,43,11,2,1,2,7,10,6,1,21,0.256,0.36,0.488,0.848,11,20,15,4,0,0.267,0.0,23,49,40,10,1,0.25,0.0204,51,48,5.3,20.6,65.7,22.5,11.8,16.6,24.6,62.3,27.3,5.3,3.3,5.3,60.8,80.5,13.1,0.704,67.1,94.0,111.3,24.1,9.3,4.5,32.2,33.3,Weak,2.5,Pull Power,A,Excellent HR swing plane,33.3,Weak,0.953,Good,4.2,63.6,93.4,0.64,Derived proxy,Derived proxy,Derived proxy,Derived proxy,,,2.55,0.55,Near expected,Weak Pull Power profile. 5.3% barrel rate; 80.5 mph average exit velocity; 24.6% air-ball rate; 62.3% pull-air rate; 5.3% HR-launch rate.,0.0385,0.034,4.15,37,22,21.5,1.72,172.1,Above normal drought,664285.0,Framber Valdez,L,LHB vs LHP,28,28,157.2,4.17,1.36,15,0.86,6.79,3.31,858.0,4.1,30.0,11.0,44.1,27.2,84.7,97.4,115.5,0.486,15.0,73.3,99.9,1.071,8.6,Sinker,L,LHB vs LHP,35.5,6,0.0,0.0,0.0,0.0,0,0,2,0.0,0.0,0.11,162,0.0185,2.7,0.441,0,0,0,0/0,,,,,0,0,0,51.6,Neutral Matchup,Average,50.0,5,Pitch-level Statcast · last 5 MLB games,476,Sinker,43.90756302521008,209.0,Curveball,27.73109243697479,132.0,Changeup,17.857142857142858,85.0,4-Seam Fastball,6.722689075630252,32.0,Slider,3.361344537815126,16.0,Cutter,0.42016806722689076,2.0,Unknown,,Unknown,,No,100.0,1.0,1.0,50.0,1.047,0.966,51.4,Current-Season Handedness Matchup,Pull Air %,Barrel %,Max Exit Velocity,35.5,33.4,73.3,45.7,50.0,45.0,49.6,5.43,0.785,0.962,0.985,1.0,0.953,0.953,1.035,13.36,7.51,59.6,27.8,F,Small season sample; Lineup unconfirmed,,,,,,
51,2026-09-11,824631,2026-09-11T18:20:00Z,Scheduled,Wrigley Field,Pittsburgh Pirates @ Chicago Cubs,Home,608324,Alex Bregman,Chicago Cubs,Pittsburgh Pirates,3B,R,No,,144,657,570,148,29,1,24,84,82,71,10,99,0.26,0.349,0.44,0.789,12,53,46,16,5,0.348,0.0943,26,115,101,28,8,0.277,0.0696,869,164,4.4,22.8,50.3,27.2,22.3,15.8,27.8,54.5,27.9,6.6,4.7,6.6,78.4,82.4,22.0,0.468,68.0,94.1,107.3,3.1,11.3,1.1,63.3,29.9,Weak,2.0,Pull Power,A-,Elevated power plane,29.9,Weak,0.944,Good,5.5,58.7,93.1,0.491,Derived proxy,Derived proxy,Derived proxy,Derived proxy,,,39.49,15.49,Strong positive regression,Weak Pull Power profile. 4.4% barrel rate; 82.4 mph average exit velocity; 27.8% air-ball rate; 54.5% pull-air rate; 6.6% HR-launch rate.,0.0365,0.0358,3.99,23,7,23.8,0.97,96.8,Near normal interval,,TBD,,Unknown,0,0,0.0,0.0,0.0,0,0.0,0.0,0.0,,,,,,,,,,,,50.0,0.0,,,Unknown,R,Unknown,50.0,0,,,,,0,0,0,,,,0,,,,0,0,0,0/0,,,,,0,0,0,50.0,Neutral Matchup,Average,50.0,0,,0,,,,,,,,,,,,,,,,,,,Unknown,,Unknown,,No,100.0,1.0,1.0,50.0,1.0,1.0,49.6,Current-Season Handedness Matchup,Pull Air %,Barrel %,Max Exit Velocity,50.0,50.0,50.0,48.0,50.0,45.0,49.6,5.43,1.35,1.0,1.0,1.0,0.944,0.944,1.0,13.55,10.64,75.0,30.6,D,Probable SP unavailable; Lineup unconfirmed,,,,,,
52,2026-09-11,824631,2026-09-11T18:20:00Z,Scheduled,Wrigley Field,Pittsburgh Pirates @ Chicago Cubs,Home,673548,Seiya Suzuki,Chicago Cubs,Pittsburgh Pirates,RF,R,No,,129,573,491,131,30,0,24,88,80,75,4,138,0.267,0.366,0.475,0.841,12,57,45,9,2,0.2,0.0351,26,120,99,24,4,0.242,0.0333,704,146,6.2,23.2,43.5,26.7,29.8,16.9,28.1,42.9,33.3,6.9,4.2,6.9,51.0,82.5,21.4,0.575,71.6,94.1,112.1,36.2,11.3,10.2,45.9,36.7,Below Average,2.5,Pull Power,A-,Elevated power plane,36.7,Below Average,0.963,Good,6.2,40.0,93.3,0.545,Derived proxy,Derived proxy,Derived proxy,Derived proxy,,,38.1,14.1,Strong positive regression,Below Average Pull Power profile. 6.2% barrel rate; 82.5 mph average exit velocity; 28.1% air-ball rate; 42.9% pull-air rate; 6.9% HR-launch rate.,0.0419,0.0402,4.09,30,9,20.5,1.47,146.6,Above normal drought,,TBD,,Unknown,0,0,0.0,0.0,0.0,0,0.0,0.0,0.0,,,,,,,,,,,,50.0,0.0,,,Unknown,R,Unknown,50.0,0,,,,,0,0,0,,,,0,,,,0,0,0,0/0,,,,,0,0,0,50.0,Neutral Matchup,Average,50.0,0,,0,,,,,,,,,,,,,,,,,,,Unknown,,Unknown,,No,100.0,1.0,1.0,50.0,1.0,1.0,51.5,Current-Season Handedness Matchup,Pull Air %,Barrel %,Max Exit Velocity,50.0,50.0,50.0,38.5,50.0,45.0,49.5,5.43,0.942,1.0,1.0,1.0,0.963,0.963,1.035,15.44,9.53,75.0,31.9,D,Probable SP unavailable; Lineup unconfirmed,,,,,,
53,2026-09-11,825036,2026-09-12T01:40:00Z,Scheduled,Chase Field,Texas Rangers @ Arizona Diamondbacks,Home,571448,Nolan Arenado,Arizona Diamondbacks,Texas Rangers,3B,R,No,,137,537,478,113,21,1,23,67,69,48,7,108,0.236,0.313,0.429,0.742,11,45,40,8,2,0.2,0.0444,22,90,82,17,5,0.207,0.0556,722,125,3.7,23.3,52.5,26.5,21.0,13.8,24.1,61.6,25.8,6.4,4.3,6.4,105.1,82.4,17.3,0.424,69.0,94.4,109.9,14.0,9.8,4.7,56.4,30.7,Weak,2.0,Pull Power,A,Excellent HR swing plane,30.7,Weak,0.946,Good,2.4,69.0,95.0,0.371,Derived proxy,Derived proxy,Derived proxy,Derived proxy,,,30.9,7.9,Strong positive regression,Weak Pull Power profile. 3.7% barrel rate; 82.4 mph average exit velocity; 24.1% air-ball rate; 61.6% pull-air rate; 6.4% HR-launch rate.,0.0428,0.0409,3.99,0,0,20.8,0.0,0.0,Very recent HR,,TBD,,Unknown,0,0,0.0,0.0,0.0,0,0.0,0.0,0.0,,,,,,,,,,,,50.0,0.0,,,Unknown,R,Unknown,50.0,0,,,,,0,0,0,,,,0,,,,0,0,0,0/0,,,,,0,0,0,50.0,Neutral Matchup,Average,50.0,0,,0,,,,,,,,,,,,,,,,,,,Unknown,,Unknown,,No,100.0,1.0,1.0,50.0,1.0,1.0,50.0,Current-Season Handedness Matchup,Pull Air %,Barrel %,Max Exit Velocity,50.0,50.0,50.0,44.9,50.0,45.0,49.5,5.42,1.084,1.0,1.0,1.0,0.946,0.946,0.98,15.33,9.91,74.2,27.6,F,Probable SP unavailable; Lineup unconfirmed,,,,,,
54,2026-09-11,823817,2026-09-11T23:10:00Z,Scheduled,loanDepot park,Los Angeles Dodgers @ Miami Marlins,Home,688363,Graham Pauley,Miami Marlins,Los Angeles Dodgers,3B,L,No,,53,140,129,27,9,1,3,14,23,8,1,32,0.209,0.259,0.364,0.623,7,25,21,6,2,0.286,0.08,11,34,29,8,2,0.276,0.0588,195,48,4.9,19.3,63.7,19.0,17.2,14.4,23.6,69.6,26.4,6.2,4.9,6.2,47.7,81.2,20.6,0.438,70.2,92.9,110.6,21.0,11.7,4.8,53.3,31.6,Weak,2.5,Pull Power,A-,Elevated power plane,31.6,Weak,0.948,Good,6.2,70.0,94.1,0.527,Derived proxy,Derived proxy,Derived proxy,Derived proxy,,,9.76,6.76,Strong positive regression,Weak Pull Power profile. 4.9% barrel rate; 81.2 mph average exit velocity; 23.6% air-ball rate; 69.6% pull-air rate; 6.2% HR-launch rate.,0.0214,0.0263,3.81,6,1,43.0,0.14,14.0,Very recent HR,,TBD,,Unknown,0,0,0.0,0.0,0.0,0,0.0,0.0,0.0,,,,,,,,,,,,50.0,0.0,,,Unknown,L,Unknown,50.0,0,,,,,0,0,0,,,,0,,,,0,0,0,0/0,,,,,0,0,0,50.0,Neutral Matchup,Average,50.0,0,,0,,,,,,,,,,,,,,,,,,,Unknown,,Unknown,,No,94.0,0.94,1.0,39.2,1.0,1.0,50.9,Current-Season Handedness Matchup,Pull Air %,Barrel %,Max Exit Velocity,50.0,50.0,50.0,51.6,39.2,45.0,49.5,5.42,1.35,1.0,1.0,0.975,0.948,0.925,0.98,9.66,7.95,54.7,20.4,F,Probable SP unavailable; Lineup unconfirmed,,,,,,
55,2026-09-11,823498,2026-09-11T23:05:00Z,Scheduled,Yankee Stadium,New York Mets @ New York Yankees,Home,671277,Luis García Jr.,New York Yankees,New York Mets,1B,L,No,,136,499,474,136,26,5,30,65,91,23,0,86,0.287,0.319,0.553,0.872,12,42,41,13,2,0.317,0.0476,25,96,90,29,6,0.322,0.0625,709,119,7.5,29.4,55.5,21.6,22.5,13.1,26.4,47.6,25.2,7.6,4.9,7.6,55.0,84.5,13.7,0.641,73.0,96.9,114.1,42.6,14.6,13.4,62.1,45.0,Below Average,3.0,Pull Power,A,Excellent HR swing plane,45.0,Below Average,0.986,Good,7.6,43.8,96.6,0.688,Derived proxy,Derived proxy,Derived proxy,Derived proxy,,,46.92,16.92,Strong positive regression,Below Average Pull Power profile. 7.5% barrel rate; 84.5 mph average exit velocity; 26.4% air-ball rate; 47.6% pull-air rate; 7.6% HR-launch rate.,0.0601,0.0547,4.09,0,0,15.8,0.0,0.0,Very recent HR,690997.0,Nolan McLean,R,LHB vs RHP,28,28,161.2,3.06,1.14,15,0.84,9.96,3.62,803.0,3.6,21.3,12.0,40.8,29.1,81.4,93.6,112.8,0.484,15.0,61.7,99.8,0.712,9.7,Sinker,L,LHB vs RHP,48.0,412,0.297,0.328,0.586,0.913,26,19,71,0.0631,7.9,0.652,407,0.027,4.2,0.554,4,4,0,0/4,0.0,0.0,0.0,0.0,0,0,1,51.2,Neutral Matchup,Average,40.0,5,Pitch-level Statcast · last 5 MLB games,478,Sinker,39.33054393305439,188.0,4-Seam Fastball,16.317991631799163,78.0,Cutter,13.807531380753138,66.0,Curveball,13.598326359832637,65.0,Slider,8.99581589958159,43.0,Sweeper,4.184100418410042,20.0,Unknown,,Unknown,,No,108.0,1.08,1.0,64.4,1.023,0.961,57.0,Current-Season Handedness Matchup,Pull Air %,Barrel %,Max Exit Velocity,48.0,26.5,61.7,51.7,64.4,45.0,49.5,5.42,0.997,0.958,1.025,1.03,0.986,1.016,0.98,20.54,12.53,84.7,35.2,D,Lineup unconfirmed,Changeup,3.7656903765690375,18.0,,,
56,2026-09-11,824227,2026-09-11T22:40:00Z,Scheduled,Comerica Park,Colorado Rockies @ Detroit Tigers,Away,696100,Hunter Goodman,Colorado Rockies,Detroit Tigers,C,R,No,,126,522,471,115,18,1,37,78,78,42,5,168,0.244,0.31,0.522,0.832,11,46,41,5,1,0.122,0.0217,15,62,57,11,3,0.193,0.0484,629,77,6.6,26.5,52.9,23.8,22.9,14.5,24.3,56.0,26.8,6.9,4.2,6.9,82.2,84.1,22.0,0.638,73.3,96.1,113.9,44.0,10.2,10.1,66.1,43.6,Below Average,2.5,Pull Power,A-,Elevated power plane,43.6,Below Average,0.982,Good,3.9,60.0,94.9,0.504,Derived proxy,Derived proxy,Derived proxy,Derived proxy,,,38.68,1.68,Near expected,Below Average Pull Power profile. 6.6% barrel rate; 84.1 mph average exit velocity; 24.3% air-ball rate; 56.0% pull-air rate; 6.9% HR-launch rate.,0.0709,0.0636,4.15,9,2,12.7,0.71,70.7,Recently homered,664285.0,Framber Valdez,L,RHB vs LHP,28,28,157.2,4.17,1.36,15,0.86,6.79,3.31,858.0,4.1,30.0,11.0,44.1,27.2,84.7,97.4,115.5,0.486,15.0,57.0,99.9,0.693,8.3,Sinker,R,RHB vs LHP,46.8,169,0.268,0.349,0.523,0.873,10,19,61,0.0592,7.2,0.733,526,0.0228,4.5,0.498,3,3,0,0/3,0.0,0.0,0.0,0.0,0,0,2,49.5,Neutral Matchup,Average,42.5,5,Pitch-level Statcast · last 5 MLB games,476,Sinker,43.90756302521008,209.0,Curveball,27.73109243697479,132.0,Changeup,17.857142857142858,85.0,4-Seam Fastball,6.722689075630252,32.0,Slider,3.361344537815126,16.0,Cutter,0.42016806722689076,2.0,Unknown,,Unknown,,No,100.0,1.0,1.0,50.0,1.014,0.966,57.8,Current-Season Handedness Matchup,Pull Air %,Barrel %,Max Exit Velocity,46.8,33.4,57.0,48.0,50.0,45.0,49.4,5.4,0.814,0.962,1.025,1.03,0.982,1.012,1.0,23.87,11.69,82.0,32.9,D,Lineup unconfirmed,,,,,,
57,2026-09-11,823012,2026-09-12T00:15:00Z,Scheduled,Busch Stadium,Chicago White Sox @ St. Louis Cardinals,Home,691023,Jordan Walker,St. Louis Cardinals,Chicago White Sox,RF,R,No,,143,611,558,157,32,0,28,90,100,45,4,154,0.281,0.337,0.489,0.826,11,47,44,8,1,0.182,0.0213,26,112,104,28,5,0.269,0.0446,723,137,7.2,31.6,39.9,31.7,28.4,14.1,26.8,36.5,27.7,6.8,3.7,6.8,52.5,85.0,13.6,0.628,77.3,98.2,114.6,77.6,12.5,17.6,44.2,43.2,Below Average,2.5,Contact-First Profile,A,Excellent HR swing plane,43.2,Below Average,0.981,Good,6.6,32.4,97.6,0.587,Derived proxy,Derived proxy,Derived proxy,Derived proxy,,,44.53,16.53,Strong positive regression,Below Average Contact-First Profile profile. 7.2% barrel rate; 85.0 mph average exit velocity; 26.8% air-ball rate; 36.5% pull-air rate; 6.8% HR-launch rate.,0.0458,0.0436,4.09,31,8,19.9,1.56,155.6,Above normal drought,641743.0,Anthony Kay,L,RHB vs LHP,29,27,141.0,4.47,1.36,20,1.28,7.4,3.19,830.0,5.7,26.7,12.0,55.0,28.6,82.6,95.8,115.8,0.529,20.0,52.5,100.0,0.665,7.5,4-Seam Fastball,R,RHB vs LHP,55.9,162,0.301,0.383,0.545,0.928,9,19,34,0.0556,8.9,0.762,466,0.0386,6.8,0.568,2,2,0,0/2,0.0,0.0,0.0,0.0,0,0,0,52.5,Neutral Matchup,Average,45.0,5,Pitch-level Statcast · last 5 MLB games,450,4-Seam Fastball,23.333333333333332,105.0,Sweeper,20.666666666666668,93.0,Cutter,16.666666666666668,75.0,Changeup,16.0,72.0,Sinker,15.333333333333334,69.0,Slider,8.0,36.0,Unknown,,Unknown,,No,100.0,1.0,1.0,50.0,1.005,0.982,54.3,Current-Season Handedness Matchup,Pull Air %,Barrel %,Max Exit Velocity,55.9,43.1,52.5,41.0,50.0,45.0,49.4,5.4,0.892,1.029,1.025,1.0,0.981,0.981,1.035,16.65,10.06,85.0,34.3,D,Lineup unconfirmed,,,,,,
58,2026-09-11,823817,2026-09-11T23:10:00Z,Scheduled,loanDepot park,Los Angeles Dodgers @ Miami Marlins,Home,665923,Esteury Ruiz,Miami Marlins,Los Angeles Dodgers,RF,R,No,,96,213,177,41,11,1,6,35,12,22,11,69,0.232,0.351,0.407,0.758,6,17,16,3,0,0.188,0.0,20,56,49,7,0,0.143,0.0,241,66,6.2,18.0,52.2,28.1,19.7,11.5,23.3,65.8,35.1,6.4,3.8,6.4,26.0,75.5,18.5,0.46,66.0,91.0,110.0,17.0,12.1,4.5,35.3,30.4,Weak,2.0,Pull Power,A,Excellent HR swing plane,30.4,Weak,0.945,Good,6.1,69.2,90.2,0.373,Derived proxy,Derived proxy,Derived proxy,Derived proxy,,,13.76,7.76,Strong positive regression,Weak Pull Power profile. 6.2% barrel rate; 75.5 mph average exit velocity; 23.3% air-ball rate; 65.8% pull-air rate; 6.4% HR-launch rate.,0.0282,0.0295,3.99,49,20,29.5,1.66,166.1,Above normal drought,,TBD,,Unknown,0,0,0.0,0.0,0.0,0,0.0,0.0,0.0,,,,,,,,,,,,50.0,0.0,,,Unknown,R,Unknown,50.0,0,,,,,0,0,0,,,,0,,,,0,0,0,0/0,,,,,0,0,0,50.0,Neutral Matchup,Average,50.0,0,,0,,,,,,,,,,,,,,,,,,,Unknown,,Unknown,,No,94.0,0.94,1.0,39.2,1.0,1.0,52.1,Current-Season Handedness Matchup,Pull Air %,Barrel %,Max Exit Velocity,50.0,50.0,50.0,43.3,39.2,45.0,49.3,5.38,0.758,1.0,1.0,1.0,0.945,0.945,1.035,11.28,6.55,61.7,24.9,F,Probable SP unavailable; Lineup unconfirmed,,,,,,
59,2026-09-11,824631,2026-09-11T18:20:00Z,Scheduled,Wrigley Field,Pittsburgh Pirates @ Chicago Cubs,Away,668804,Bryan Reynolds,Pittsburgh Pirates,Chicago Cubs,LF,S,No,,147,640,545,144,36,2,16,98,69,82,10,148,0.264,0.369,0.426,0.795,11,49,43,13,1,0.302,0.0204,25,110,98,26,1,0.265,0.0091,752,128,7.6,31.1,41.4,28.8,29.8,15.6,30.1,40.9,32.7,8.3,4.7,8.3,23.7,85.6,14.2,0.657,70.6,97.7,113.5,27.5,16.4,6.4,48.1,41.1,Below Average,2.5,Contact-First Profile,A,Excellent HR swing plane,41.1,Below Average,0.975,Good,9.4,46.7,99.3,0.719,Derived proxy,Derived proxy,Derived proxy,Derived proxy,,,50.65,34.65,Strong positive regression,Below Average Contact-First Profile profile. 7.6% barrel rate; 85.6 mph average exit velocity; 30.1% air-ball rate; 40.9% pull-air rate; 8.3% HR-launch rate.,0.025,0.0261,4.05,14,4,34.1,0.41,41.1,Recently homered,684007.0,Shota Imanaga,L,Switch vs LHP,28,28,156.1,3.91,1.12,33,1.9,8.75,2.01,847.0,5.9,22.7,17.4,45.4,28.0,81.9,94.4,114.7,0.551,33.0,49.6,100.0,0.629,7.9,4-Seam Fastball,R,RHB vs LHP,40.1,215,0.284,0.367,0.447,0.815,6,24,47,0.0279,6.6,0.596,462,0.0476,5.3,0.532,17,17,1,1/17,0.059,0.059,0.059,0.118,0,0,4,36.9,Slight Pitcher Advantage,Below average,7.5,5,Pitch-level Statcast · last 5 MLB games,433,4-Seam Fastball,41.108545034642034,178.0,Split-Finger,36.25866050808314,157.0,Sweeper,16.628175519630485,72.0,Sinker,3.0023094688221708,13.0,Slider,1.6166281755196306,7.0,Curveball,1.3856812933025404,6.0,Unknown,,Unknown,,No,100.0,1.0,1.0,50.0,0.999,0.984,52.6,Current-Season Handedness Matchup,Pull Air %,Barrel %,Max Exit Velocity,40.1,40.2,49.6,64.0,50.0,45.0,49.3,5.38,0.853,1.128,1.035,1.0,0.975,0.975,1.0,10.16,7.33,85.0,25.8,F,Lineup unconfirmed,,,,,,
60,2026-09-11,825036,2026-09-12T01:40:00Z,Scheduled,Chase Field,Texas Rangers @ Arizona Diamondbacks,Away,681351,Logan O'Hoppe,Texas Rangers,Arizona Diamondbacks,DH,R,No,,84,273,250,54,9,0,4,25,24,17,3,67,0.216,0.272,0.3,0.572,6,12,11,4,0,0.364,0.0,9,17,16,5,0,0.312,0.0,325,20,4.2,28.4,44.0,30.4,25.6,15.0,30.9,42.4,27.1,6.1,2.8,6.1,22.2,82.7,17.6,0.471,68.6,95.8,112.0,22.3,11.8,7.8,57.3,30.3,Weak,2.0,Pull Power,A,Excellent HR swing plane,30.3,Weak,0.945,Good,0.0,57.1,97.7,0.519,Derived proxy,Derived proxy,Derived proxy,Derived proxy,,,13.34,9.34,Strong positive regression,Weak Pull Power profile. 4.2% barrel rate; 82.7 mph average exit velocity; 30.9% air-ball rate; 42.4% pull-air rate; 6.1% HR-launch rate.,0.0147,0.0199,3.87,90,32,62.5,1.44,144.0,Above normal drought,,TBD,,Unknown,0,0,0.0,0.0,0.0,0,0.0,0.0,0.0,,,,,,,,,,,,50.0,0.0,,,Unknown,R,Unknown,50.0,0,,,,,0,0,0,,,,0,,,,0,0,0,0/0,,,,,0,0,0,50.0,Neutral Matchup,Average,50.0,0,,0,,,,,,,,,,,,,,,,,,,Unknown,,Unknown,,No,100.0,1.0,1.0,50.0,1.0,1.0,48.2,Current-Season Handedness Matchup,Pull Air %,Barrel %,Max Exit Velocity,50.0,50.0,50.0,49.4,50.0,45.0,49.2,5.36,0.889,1.0,1.0,0.94,0.945,0.888,1.035,7.5,5.72,62.9,21.1,F,Probable SP unavailable; Lineup unconfirmed,,,,,,
61,2026-09-11,824631,2026-09-11T18:20:00Z,Scheduled,Wrigley Field,Pittsburgh Pirates @ Chicago Cubs,Home,699393,Pedro Ramírez,Chicago Cubs,Pittsburgh Pirates,2B,S,No,,68,217,196,51,10,2,5,30,28,17,1,41,0.26,0.319,0.408,0.727,9,35,31,4,1,0.129,0.0286,22,88,80,16,3,0.2,0.0341,306,127,3.8,24.1,55.1,23.3,21.6,13.6,24.7,48.6,29.6,4.9,3.1,4.9,50.0,82.7,17.9,0.449,69.9,94.6,109.7,19.6,9.0,6.2,46.3,29.5,Weak,2.0,Pull Power,A,Excellent HR swing plane,29.5,Weak,0.943,Good,4.7,48.4,94.0,0.452,Derived proxy,Derived proxy,Derived proxy,Derived proxy,,,11.9,6.9,Strong positive regression,Weak Pull Power profile. 3.8% barrel rate; 82.7 mph average exit velocity; 24.7% air-ball rate; 48.6% pull-air rate; 4.9% HR-launch rate.,0.023,0.0262,3.99,6,2,39.2,0.15,15.3,Very recent HR,,TBD,,Unknown,0,0,0.0,0.0,0.0,0,0.0,0.0,0.0,,,,,,,,,,,,50.0,0.0,,,Unknown,S,Unknown,50.0,0,,,,,0,0,0,,,,0,,,,0,0,0,0/0,,,,,0,0,0,50.0,Neutral Matchup,Average,50.0,0,,0,,,,,,,,,,,,,,,,,,,Unknown,,Unknown,,No,100.0,1.0,1.0,50.0,1.0,1.0,49.1,Current-Season Handedness Matchup,Pull Air %,Barrel %,Max Exit Velocity,50.0,50.0,50.0,44.6,50.0,45.0,49.1,5.35,1.074,1.0,1.0,1.0,0.943,0.943,0.98,10.06,7.43,64.5,22.1,F,Probable SP unavailable; Lineup unconfirmed,,,,,,
62,2026-09-11,823498,2026-09-11T23:05:00Z,Scheduled,Yankee Stadium,New York Mets @ New York Yankees,Away,668901,Mark Vientos,New York Mets,New York Yankees,1B,R,No,,78,266,249,54,9,0,13,27,39,12,3,63,0.217,0.259,0.41,0.669,5,12,12,4,2,0.333,0.1667,5,12,12,4,2,0.333,0.1667,333,13,7.8,32.6,40.2,26.1,33.7,17.1,27.6,41.6,25.9,8.8,6.0,8.8,68.1,84.9,17.5,0.616,72.1,96.8,109.0,34.5,13.8,10.7,61.7,41.8,Below Average,2.5,Contact-First Profile,A,Excellent HR swing plane,41.8,Below Average,0.977,Good,15.4,50.0,99.7,0.667,Derived proxy,Derived proxy,Derived proxy,Derived proxy,,,22.74,9.74,Strong positive regression,Below Average Contact-First Profile profile. 7.8% barrel rate; 84.9 mph average exit velocity; 27.6% air-ball rate; 41.6% pull-air rate; 8.8% HR-launch rate.,0.0489,0.0436,3.99,2,1,19.2,0.1,10.4,Very recent HR,607074.0,Carlos Rodón,L,RHB vs LHP,13,13,64.0,3.09,1.17,6,0.84,9.84,4.78,367.0,3.0,21.0,12.8,42.2,32.2,82.2,93.5,111.7,0.502,6.0,58.6,100.0,0.719,7.9,4-Seam Fastball,R,RHB vs LHP,46.7,104,0.286,0.317,0.582,0.899,8,4,21,0.0769,7.4,0.677,204,0.0147,2.5,0.494,3,3,1,1/3,0.333,0.333,0.333,0.666,0,0,1,50.7,Neutral Matchup,Average,46.0,5,Pitch-level Statcast · last 5 MLB games,415,4-Seam Fastball,49.1566265060241,204.0,Slider,25.542168674698797,106.0,Changeup,14.939759036144578,62.0,Sinker,8.674698795180722,36.0,Curveball,1.6867469879518073,7.0,,,,Unknown,,Unknown,,No,108.0,1.08,1.0,64.4,1.017,0.955,50.1,Current-Season Handedness Matchup,Pull Air %,Barrel %,Max Exit Velocity,46.7,27.9,58.6,81.3,64.4,45.0,49.1,5.34,1.206,0.962,1.025,1.0,0.977,0.977,0.98,16.3,11.59,72.0,28.9,F,Lineup unconfirmed,,,,,,
63,2026-09-11,825036,2026-09-12T01:40:00Z,Scheduled,Chase Field,Texas Rangers @ Arizona Diamondbacks,Home,672515,Gabriel Moreno,Arizona Diamondbacks,Texas Rangers,C,R,No,,116,485,418,125,31,1,12,60,70,54,4,73,0.299,0.377,0.464,0.841,10,41,37,11,1,0.297,0.0244,23,99,87,24,4,0.276,0.0404,696,144,5.0,26.2,39.5,19.4,41.0,12.7,26.8,38.6,31.8,6.6,3.6,6.6,41.6,83.4,15.1,0.543,69.9,94.9,113.7,21.5,12.2,7.1,38.4,30.4,Weak,2.0,Contact-First Profile,A,Excellent HR swing plane,30.4,Weak,0.945,Good,6.2,41.0,95.4,0.54,Derived proxy,Derived proxy,Derived proxy,Derived proxy,,,32.28,20.28,Strong positive regression,Weak Contact-First Profile profile. 5.0% barrel rate; 83.4 mph average exit velocity; 26.8% air-ball rate; 38.6% pull-air rate; 6.6% HR-launch rate.,0.0247,0.0262,4.09,20,5,34.8,0.57,57.4,Recently homered,,TBD,,Unknown,0,0,0.0,0.0,0.0,0,0.0,0.0,0.0,,,,,,,,,,,,50.0,0.0,,,Unknown,R,Unknown,50.0,0,,,,,0,0,0,,,,0,,,,0,0,0,0/0,,,,,0,0,0,50.0,Neutral Matchup,Average,50.0,0,,0,,,,,,,,,,,,,,,,,,,Unknown,,Unknown,,No,100.0,1.0,1.0,50.0,1.0,1.0,49.0,Current-Season Handedness Matchup,Pull Air %,Barrel %,Max Exit Velocity,50.0,50.0,50.0,44.0,50.0,45.0,49.0,5.34,1.083,1.0,1.0,1.0,0.945,0.945,1.0,10.28,7.67,74.9,25.6,F,Probable SP unavailable; Lineup unconfirmed,,,,,,
64,2026-09-11,824227,2026-09-11T22:40:00Z,Scheduled,Comerica Park,Colorado Rockies @ Detroit Tigers,Home,693307,Dillon Dingler,Detroit Tigers,Colorado Rockies,C,R,No,,134,563,509,125,25,2,26,66,85,32,15,128,0.246,0.307,0.456,0.763,10,39,36,6,0,0.167,0.0,23,92,85,12,0,0.141,0.0,741,118,4.7,27.5,46.7,27.7,25.5,16.7,28.4,48.8,32.3,6.9,4.9,6.9,39.3,83.0,17.6,0.53,70.3,95.5,110.1,14.7,12.9,5.1,51.9,34.0,Weak,2.5,Pull Power,A,Excellent HR swing plane,34.0,Weak,0.955,Good,2.5,47.1,95.2,0.364,Derived proxy,Derived proxy,Derived proxy,Derived proxy,,,34.6,8.6,Strong positive regression,Weak Pull Power profile. 4.7% barrel rate; 83.0 mph average exit velocity; 28.4% air-ball rate; 48.8% pull-air rate; 6.9% HR-launch rate.,0.0462,0.0437,3.99,106,28,19.6,5.41,541.5,Very long drought,690279.0,Mason Adams,R,RHB vs RHP,3,3,13.2,3.95,1.61,4,2.63,11.2,3.95,80.0,6.2,31.2,15.0,40.9,23.8,84.7,96.9,109.1,0.783,4.0,44.3,100.0,0.613,6.0,4-Seam Fastball,R,RHB vs RHP,55.2,384,0.261,0.327,0.51,0.837,22,22,79,0.0573,7.0,0.661,28,0.1071,8.3,0.961,0,0,0,0/0,,,,,0,0,0,50.4,Neutral Matchup,Average,50.0,3,Pitch-level Statcast · last 5 MLB games,227,4-Seam Fastball,33.03964757709251,75.0,Sinker,26.87224669603524,61.0,Curveball,16.29955947136564,37.0,Sweeper,12.334801762114537,28.0,Changeup,5.726872246696035,13.0,Cutter,5.726872246696035,13.0,Unknown,,Unknown,,No,100.0,1.0,1.0,50.0,0.989,0.988,53.4,Current-Season Handedness Matchup,Pull Air %,Barrel %,Max Exit Velocity,55.2,47.9,44.3,41.0,50.0,45.0,49.0,5.32,0.758,1.046,0.985,1.0,0.955,0.955,1.06,16.33,8.68,84.4,35.4,D,Lineup unconfirmed,,,,,,
65,2026-09-11,824631,2026-09-11T18:20:00Z,Scheduled,Wrigley Field,Pittsburgh Pirates @ Chicago Cubs,Home,683737,Michael Busch,Chicago Cubs,Pittsburgh Pirates,1B,L,No,,145,647,549,129,26,2,18,66,72,82,12,149,0.235,0.345,0.388,0.733,12,50,45,6,1,0.133,0.02,25,106,91,17,4,0.187,0.0377,763,109,4.8,24.6,49.3,22.6,27.4,19.1,30.3,44.0,27.6,6.7,4.4,6.7,58.8,82.8,17.7,0.541,66.5,94.7,109.3,6.0,12.3,1.3,45.9,28.0,Weak,2.0,Pull Power,A,Excellent HR swing plane,28.0,Weak,0.938,Good,4.6,48.6,95.2,0.534,Derived proxy,Derived proxy,Derived proxy,Derived proxy,,,35.25,17.25,Strong positive regression,Weak Pull Power profile. 4.8% barrel rate; 82.8 mph average exit velocity; 30.3% air-ball rate; 44.0% pull-air rate; 6.7% HR-launch rate.,0.0278,0.0285,3.99,15,5,30.5,0.49,49.2,Recently homered,,TBD,,Unknown,0,0,0.0,0.0,0.0,0,0.0,0.0,0.0,,,,,,,,,,,,50.0,0.0,,,Unknown,L,Unknown,50.0,0,,,,,0,0,0,,,,0,,,,0,0,0,0/0,,,,,0,0,0,50.0,Neutral Matchup,Average,50.0,0,,0,,,,,,,,,,,,,,,,,,,Unknown,,Unknown,,No,100.0,1.0,1.0,50.0,1.0,1.0,48.1,Current-Season Handedness Matchup,Pull Air %,Barrel %,Max Exit Velocity,50.0,50.0,50.0,47.0,50.0,45.0,48.9,5.32,0.993,1.0,1.0,1.0,0.938,0.938,1.0,10.89,7.5,75.0,23.7,F,Probable SP unavailable; Lineup unconfirmed,,,,,,
66,2026-09-11,824227,2026-09-11T22:40:00Z,Scheduled,Comerica Park,Colorado Rockies @ Detroit Tigers,Home,679529,Spencer Torkelson,Detroit Tigers,Colorado Rockies,1B,R,No,,143,551,481,106,24,0,22,57,66,58,7,174,0.22,0.311,0.407,0.718,10,32,29,6,2,0.207,0.0625,24,79,70,12,2,0.171,0.0253,646,84,5.9,24.5,48.4,24.5,27.0,16.5,28.0,50.5,31.0,7.9,5.3,7.9,54.4,83.1,20.8,0.556,71.4,94.8,108.8,23.7,12.3,6.9,48.9,37.1,Below Average,2.5,Pull Power,A-,Elevated power plane,37.1,Below Average,0.964,Good,3.6,50.0,93.6,0.447,Derived proxy,Derived proxy,Derived proxy,Derived proxy,,,35.86,13.86,Strong positive regression,Below Average Pull Power profile. 5.9% barrel rate; 83.1 mph average exit velocity; 28.0% air-ball rate; 50.5% pull-air rate; 7.9% HR-launch rate.,0.0399,0.0385,3.99,15,5,21.9,0.69,68.6,Recently homered,690279.0,Mason Adams,R,RHB vs RHP,3,3,13.2,3.95,1.61,4,2.63,11.2,3.95,80.0,6.2,31.2,15.0,40.9,23.8,84.7,96.9,109.1,0.783,4.0,41.6,100.0,0.579,6.3,4-Seam Fastball,R,RHB vs RHP,54.2,386,0.207,0.296,0.417,0.713,19,37,127,0.0492,8.1,0.658,28,0.1071,8.3,0.961,0,0,0,0/0,,,,,0,0,0,48.9,Neutral Matchup,Average,50.0,3,Pitch-level Statcast · last 5 MLB games,227,4-Seam Fastball,33.03964757709251,75.0,Sinker,26.87224669603524,61.0,Curveball,16.29955947136564,37.0,Sweeper,12.334801762114537,28.0,Changeup,5.726872246696035,13.0,Cutter,5.726872246696035,13.0,Unknown,,Unknown,,No,100.0,1.0,1.0,50.0,0.983,0.988,54.0,Current-Season Handedness Matchup,Pull Air %,Barrel %,Max Exit Velocity,54.2,47.9,41.6,42.8,50.0,45.0,48.9,5.3,1.075,1.046,0.985,1.0,0.964,0.964,1.0,14.5,9.67,83.3,28.2,F,Lineup unconfirmed,,,,,,
67,2026-09-11,822930,2026-09-11T23:10:00Z,Scheduled,Tropicana Field,Houston Astros @ Tampa Bay Rays,Home,656775,Cedric Mullins,Tampa Bay Rays,Houston Astros,CF,L,No,,126,472,411,84,10,3,14,53,45,42,7,90,0.204,0.287,0.345,0.632,9,30,26,5,0,0.192,0.0,22,74,63,12,1,0.19,0.0135,633,91,4.2,22.8,52.1,21.7,25.9,19.6,29.0,56.1,26.3,6.9,2.7,6.9,48.4,82.0,25.8,0.432,68.0,93.7,110.2,11.4,9.9,3.5,61.2,29.0,Weak,2.0,Pull Power,A-,Elevated power plane,29.0,Weak,0.941,Good,5.5,53.3,94.3,0.485,Derived proxy,Derived proxy,Derived proxy,Derived proxy,,,28.17,14.17,Strong positive regression,Weak Pull Power profile. 4.2% barrel rate; 82.0 mph average exit velocity; 29.0% air-ball rate; 56.1% pull-air rate; 6.9% HR-launch rate.,0.0297,0.0301,3.81,26,9,29.4,0.89,88.6,Near normal interval,699044.0,Miguel Ullola,R,LHB vs RHP,5,0,7.0,3.86,0.86,2,2.57,12.86,1.29,32.0,9.4,28.1,28.1,50.0,25.0,85.2,96.0,108.3,0.736,2.0,19.6,100.0,0.409,3.8,4-Seam Fastball,L,LHB vs RHP,38.3,361,0.206,0.287,0.368,0.655,13,33,70,0.036,4.1,0.449,14,0.0714,11.8,0.614,0,0,0,0/0,,,,,0,0,0,34.1,Slight Pitcher Advantage,Below average,50.0,5,Pitch-level Statcast · last 5 MLB games,106,4-Seam Fastball,73.58490566037736,78.0,Slider,22.641509433962263,24.0,Curveball,2.830188679245283,3.0,Changeup,0.9433962264150944,1.0,,,,,,,Unknown,,Unknown,,No,100.0,1.0,1.0,50.0,0.939,1.019,47.1,Current-Season Handedness Matchup,Pull Air %,Barrel %,Max Exit Velocity,38.3,69.1,19.6,50.4,50.0,45.0,48.8,5.29,0.758,1.024,1.025,0.94,0.941,0.885,1.0,11.0,6.29,82.9,22.3,F,Lineup unconfirmed,,,,,,
68,2026-09-11,825036,2026-09-12T01:40:00Z,Scheduled,Chase Field,Texas Rangers @ Arizona Diamondbacks,Home,694374,Tim Tawa,Arizona Diamondbacks,Texas Rangers,1B,R,No,,90,299,267,66,11,0,10,33,37,23,0,75,0.247,0.304,0.401,0.705,11,42,39,10,1,0.256,0.0238,25,100,90,25,4,0.278,0.04,376,129,6.6,26.3,41.0,33.6,23.9,13.9,27.5,39.3,30.5,8.4,5.1,8.4,43.7,82.3,17.2,0.594,70.0,95.0,109.0,31.9,12.8,9.8,53.3,36.1,Below Average,2.5,Contact-First Profile,A,Excellent HR swing plane,36.1,Below Average,0.961,Good,8.5,38.5,94.4,0.667,Derived proxy,Derived proxy,Derived proxy,Derived proxy,,,21.46,11.46,Strong positive regression,Below Average Contact-First Profile profile. 6.6% barrel rate; 82.3 mph average exit velocity; 27.5% air-ball rate; 39.3% pull-air rate; 8.4% HR-launch rate.,0.0334,0.033,3.99,4,1,26.7,0.15,15.0,Very recent HR,,TBD,,Unknown,0,0,0.0,0.0,0.0,0,0.0,0.0,0.0,,,,,,,,,,,,50.0,0.0,,,Unknown,R,Unknown,50.0,0,,,,,0,0,0,,,,0,,,,0,0,0,0/0,,,,,0,0,0,50.0,Neutral Matchup,Average,50.0,0,,0,,,,,,,,,,,,,,,,,,,Unknown,,Unknown,,No,100.0,1.0,1.0,50.0,1.0,1.0,48.2,Current-Season Handedness Matchup,Pull Air %,Barrel %,Max Exit Velocity,50.0,50.0,50.0,44.7,50.0,45.0,48.8,5.29,0.977,1.0,1.0,1.0,0.961,0.961,0.98,12.54,8.12,71.4,23.8,F,Probable SP unavailable; Lineup unconfirmed,,,,,,
69,2026-09-11,824227,2026-09-11T22:40:00Z,Scheduled,Comerica Park,Colorado Rockies @ Detroit Tigers,Home,690993,Colt Keith,Detroit Tigers,Colorado Rockies,3B,L,No,,133,405,369,95,16,4,10,48,35,29,5,81,0.257,0.319,0.404,0.723,10,26,23,4,1,0.174,0.0385,23,61,52,11,2,0.212,0.0328,496,67,5.0,27.1,46.9,24.8,28.1,12.6,29.1,43.5,32.1,5.9,3.7,5.9,47.0,83.7,16.5,0.573,70.4,96.1,111.2,21.5,14.7,5.1,45.6,32.7,Weak,2.5,Pull Power,A,Excellent HR swing plane,32.7,Weak,0.952,Good,6.0,50.0,96.8,0.62,Derived proxy,Derived proxy,Derived proxy,Derived proxy,,,23.25,13.25,Strong positive regression,Weak Pull Power profile. 5.0% barrel rate; 83.7 mph average exit velocity; 29.1% air-ball rate; 43.5% pull-air rate; 5.9% HR-launch rate.,0.0247,0.0264,3.99,0,0,36.9,0.0,0.0,Very recent HR,690279.0,Mason Adams,R,LHB vs RHP,3,3,13.2,3.95,1.61,4,2.63,11.2,3.95,80.0,6.2,31.2,15.0,40.9,23.8,84.7,96.9,109.1,0.783,4.0,48.8,100.0,0.653,6.2,4-Seam Fastball,L,LHB vs RHP,37.3,380,0.267,0.329,0.423,0.752,10,29,77,0.0263,4.7,0.564,31,0.0323,3.1,0.605,0,0,0,0/0,,,,,0,0,0,43.8,Neutral Matchup,Average,50.0,3,Pitch-level Statcast · last 5 MLB games,227,4-Seam Fastball,33.03964757709251,75.0,Sinker,26.87224669603524,61.0,Curveball,16.29955947136564,37.0,Sweeper,12.334801762114537,28.0,Changeup,5.726872246696035,13.0,Cutter,5.726872246696035,13.0,Unknown,,Unknown,,No,100.0,1.0,1.0,50.0,0.998,0.988,47.4,Current-Season Handedness Matchup,Pull Air %,Barrel %,Max Exit Velocity,37.3,47.9,48.8,54.5,50.0,45.0,48.5,5.24,1.145,1.046,1.025,1.0,0.952,0.952,0.98,10.11,7.99,81.9,25.3,F,Lineup unconfirmed,,,,,,
70,2026-09-11,823817,2026-09-11T23:10:00Z,Scheduled,loanDepot park,Los Angeles Dodgers @ Miami Marlins,Home,805300,Jakob Marsee,Miami Marlins,Los Angeles Dodgers,CF,L,No,,141,559,469,105,18,5,9,73,36,72,12,114,0.224,0.341,0.341,0.682,12,50,42,15,1,0.357,0.02,25,100,84,26,3,0.31,0.03,665,111,2.5,26.1,51.6,21.7,26.2,11.5,30.3,49.0,36.6,5.3,3.1,5.3,71.6,81.6,18.6,0.453,66.9,94.1,110.1,4.8,11.6,2.4,40.6,26.7,Weak,2.0,Pull Power,A,Excellent HR swing plane,26.7,Weak,0.935,Good,2.7,51.3,95.6,0.487,Derived proxy,Derived proxy,Derived proxy,Derived proxy,,,20.73,11.73,Strong positive regression,Weak Pull Power profile. 2.5% barrel rate; 81.6 mph average exit velocity; 30.3% air-ball rate; 49.0% pull-air rate; 5.3% HR-launch rate.,0.0161,0.0189,3.99,25,7,52.1,0.48,48.0,Recently homered,,TBD,,Unknown,0,0,0.0,0.0,0.0,0,0.0,0.0,0.0,,,,,,,,,,,,50.0,0.0,,,Unknown,L,Unknown,50.0,0,,,,,0,0,0,,,,0,,,,0,0,0,0/0,,,,,0,0,0,50.0,Neutral Matchup,Average,50.0,0,,0,,,,,,,,,,,,,,,,,,,Unknown,,Unknown,,No,94.0,0.94,1.0,39.2,1.0,1.0,49.2,Current-Season Handedness Matchup,Pull Air %,Barrel %,Max Exit Velocity,50.0,50.0,50.0,46.1,39.2,45.0,48.4,5.22,1.118,1.0,1.0,0.965,0.935,0.902,1.0,7.33,6.01,75.0,20.6,F,Probable SP unavailable; Lineup unconfirmed,,,,,,
71,2026-09-11,825036,2026-09-12T01:40:00Z,Scheduled,Chase Field,Texas Rangers @ Arizona Diamondbacks,Home,545121,Ildemaro Vargas,Arizona Diamondbacks,Texas Rangers,1B,S,No,,130,461,430,108,18,5,9,57,66,25,2,45,0.251,0.294,0.379,0.673,10,38,36,8,0,0.222,0.0,24,94,90,17,2,0.189,0.0213,647,144,2.5,23.8,50.3,28.2,21.6,14.5,29.2,51.9,25.9,4.3,2.6,4.3,56.5,81.3,12.5,0.378,68.2,94.1,109.2,15.3,9.0,4.7,49.5,26.0,Weak,2.0,Pull Power,A,Excellent HR swing plane,26.0,Weak,0.933,Good,2.8,54.5,92.8,0.319,Derived proxy,Derived proxy,Derived proxy,Derived proxy,,,19.63,10.63,Strong positive regression,Weak Pull Power profile. 2.5% barrel rate; 81.3 mph average exit velocity; 29.2% air-ball rate; 51.9% pull-air rate; 4.3% HR-launch rate.,0.0195,0.0221,3.99,79,21,47.8,1.65,165.3,Above normal drought,,TBD,,Unknown,0,0,0.0,0.0,0.0,0,0.0,0.0,0.0,,,,,,,,,,,,50.0,0.0,,,Unknown,S,Unknown,50.0,0,,,,,0,0,0,,,,0,,,,0,0,0,0/0,,,,,0,0,0,50.0,Neutral Matchup,Average,50.0,0,,0,,,,,,,,,,,,,,,,,,,Unknown,,Unknown,,No,100.0,1.0,1.0,50.0,1.0,1.0,47.7,Current-Season Handedness Matchup,Pull Air %,Barrel %,Max Exit Velocity,50.0,50.0,50.0,41.3,50.0,45.0,48.3,5.21,0.85,1.0,1.0,1.0,0.933,0.933,1.035,8.53,6.04,74.5,24.6,F,Probable SP unavailable; Lineup unconfirmed,,,,,,
72,2026-09-11,824954,2026-09-12T01:40:00Z,Scheduled,Sutter Health Park,Seattle Mariners @ Athletics,Away,686527,Dominic Canzone,Seattle Mariners,Athletics,DH,L,No,,131,465,418,106,24,2,21,51,66,40,5,101,0.254,0.325,0.471,0.796,12,54,51,11,1,0.216,0.0185,25,112,103,26,2,0.252,0.0179,568,139,6.6,25.8,45.2,29.6,25.2,14.7,26.8,45.4,29.8,6.8,4.5,6.8,42.5,83.2,12.3,0.606,72.2,96.4,114.5,36.3,13.1,8.5,52.0,39.8,Below Average,2.5,Pull Power,A,Excellent HR swing plane,39.8,Below Average,0.971,Good,5.0,45.7,95.1,0.561,Derived proxy,Derived proxy,Derived proxy,Derived proxy,,,32.64,11.64,Strong positive regression,Below Average Pull Power profile. 6.6% barrel rate; 83.2 mph average exit velocity; 26.8% air-ball rate; 45.4% pull-air rate; 6.8% HR-launch rate.,0.0452,0.0425,4.05,33,8,19.9,1.66,165.8,Above normal drought,605488.0,Jeffrey Springs,L,LHB vs LHP,26,26,130.0,6.02,1.45,33,2.28,7.2,3.6,744.0,5.8,21.9,18.3,46.5,33.9,81.6,93.8,114.1,0.56,33.0,50.2,100.0,0.653,7.0,4-Seam Fastball,L,LHB vs LHP,42.7,111,0.239,0.369,0.424,0.793,4,16,23,0.036,4.7,0.555,167,0.0599,6.0,0.554,2,2,0,0/2,0.0,0.0,0.0,0.0,0,0,1,45.8,Neutral Matchup,Average,45.0,5,Pitch-level Statcast · last 5 MLB games,431,4-Seam Fastball,43.38747099767981,187.0,Changeup,30.394431554524363,131.0,Slider,15.081206496519721,65.0,Cutter,7.424593967517401,32.0,Sweeper,3.7122969837587005,16.0,,,,Unknown,,Unknown,,No,100.0,1.0,1.0,50.0,1.0,0.983,53.8,Current-Season Handedness Matchup,Pull Air %,Barrel %,Max Exit Velocity,42.7,39.9,50.2,45.1,50.0,45.0,48.3,5.2,0.777,1.189,0.985,1.0,0.971,0.971,1.035,16.12,9.42,85.0,33.3,D,Lineup unconfirmed,,,,,,
73,2026-09-11,824631,2026-09-11T18:20:00Z,Scheduled,Wrigley Field,Pittsburgh Pirates @ Chicago Cubs,Home,608348,Carson Kelly,Chicago Cubs,Pittsburgh Pirates,C,R,No,,109,388,347,90,14,0,10,52,54,38,3,66,0.259,0.338,0.386,0.724,9,34,32,9,2,0.281,0.0588,18,67,63,16,3,0.254,0.0448,515,93,3.3,24.1,45.8,23.5,30.6,15.4,27.6,48.1,28.8,5.9,2.8,5.9,73.2,82.0,18.2,0.458,69.2,93.8,107.9,6.9,9.7,1.9,44.7,25.5,Weak,2.0,Pull Power,A,Excellent HR swing plane,25.5,Weak,0.931,Good,3.2,58.6,93.7,0.45,Derived proxy,Derived proxy,Derived proxy,Derived proxy,,,18.7,8.7,Strong positive regression,Weak Pull Power profile. 3.3% barrel rate; 82.0 mph average exit velocity; 27.6% air-ball rate; 48.1% pull-air rate; 5.9% HR-launch rate.,0.0258,0.0272,3.99,23,7,34.7,0.66,66.3,Recently homered,,TBD,,Unknown,0,0,0.0,0.0,0.0,0,0.0,0.0,0.0,,,,,,,,,,,,50.0,0.0,,,Unknown,R,Unknown,50.0,0,,,,,0,0,0,,,,0,,,,0,0,0,0/0,,,,,0,0,0,50.0,Neutral Matchup,Average,50.0,0,,0,,,,,,,,,,,,,,,,,,,Unknown,,Unknown,,No,100.0,1.0,1.0,50.0,1.0,1.0,46.7,Current-Season Handedness Matchup,Pull Air %,Barrel %,Max Exit Velocity,50.0,50.0,50.0,44.2,50.0,45.0,48.2,5.18,1.35,1.0,1.0,1.0,0.931,0.931,1.0,10.44,8.69,72.4,25.2,F,Probable SP unavailable; Lineup unconfirmed,,,,,,
74,2026-09-11,824631,2026-09-11T18:20:00Z,Scheduled,Wrigley Field,Pittsburgh Pirates @ Chicago Cubs,Away,804668,Rafael Flores Jr.,Pittsburgh Pirates,Chicago Cubs,C,R,No,,35,118,107,26,4,0,8,13,19,11,0,33,0.243,0.314,0.505,0.819,9,36,34,9,2,0.265,0.0556,23,87,82,21,7,0.256,0.0805,127,96,8.9,29.0,48.4,30.2,21.3,22.6,31.6,47.4,29.5,11.2,7.7,11.2,74.5,84.8,20.4,0.746,72.2,96.2,110.0,37.1,14.3,9.4,58.6,48.2,Average,3.0,Pull Power,A-,Elevated power plane,48.2,Average,0.995,Good,9.4,44.8,96.6,0.766,Derived proxy,Derived proxy,Derived proxy,Derived proxy,,,10.06,2.06,Positive regression,Average Pull Power profile. 8.9% barrel rate; 84.8 mph average exit velocity; 31.6% air-ball rate; 47.4% pull-air rate; 11.2% HR-launch rate.,0.0678,0.0497,4.15,8,2,13.4,0.6,59.8,Recently homered,684007.0,Shota Imanaga,L,RHB vs LHP,28,28,156.1,3.91,1.12,33,1.9,8.75,2.01,847.0,5.9,22.7,17.4,45.4,28.0,81.9,94.4,114.7,0.551,33.0,34.1,66.7,0.528,5.2,4-Seam Fastball,R,RHB vs LHP,53.6,57,0.24,0.333,0.5,0.833,4,7,16,0.0702,8.9,0.693,462,0.0476,5.3,0.532,0,0,0,0/0,,,,,0,0,0,46.1,Neutral Matchup,Average,50.0,5,Pitch-level Statcast · last 5 MLB games,433,4-Seam Fastball,41.108545034642034,178.0,Split-Finger,36.25866050808314,157.0,Sweeper,16.628175519630485,72.0,Sinker,3.0023094688221708,13.0,Slider,1.6166281755196306,7.0,Curveball,1.3856812933025404,6.0,Unknown,,Unknown,,No,100.0,1.0,1.0,50.0,0.968,0.984,58.1,Current-Season Handedness Matchup,Pull Air %,Barrel %,Max Exit Velocity,53.6,40.2,34.1,56.9,50.0,45.0,48.2,5.18,1.137,1.128,1.025,1.0,0.995,0.995,1.0,19.08,13.34,67.4,33.3,D,Lineup unconfirmed,,,,,,
75,2026-09-11,824873,2026-09-11T23:15:00Z,Scheduled,Truist Park,Philadelphia Phillies @ Atlanta Braves,Home,660670,Ronald Acuña Jr.,Atlanta Braves,Philadelphia Phillies,RF,R,No,,94,412,356,89,16,1,16,53,45,48,5,93,0.25,0.345,0.435,0.78,12,51,46,16,3,0.348,0.0588,25,107,98,26,4,0.265,0.0374,523,138,6.1,24.9,36.7,31.9,31.4,12.3,25.3,36.1,31.5,7.2,3.7,7.2,49.7,83.4,18.7,0.649,73.3,95.9,115.2,54.9,11.8,12.7,50.8,38.8,Below Average,2.5,Contact-First Profile,A,Excellent HR swing plane,38.8,Below Average,0.969,Good,5.1,35.3,96.6,0.63,Derived proxy,Derived proxy,Derived proxy,Derived proxy,,,27.87,11.87,Strong positive regression,Below Average Contact-First Profile profile. 6.1% barrel rate; 83.4 mph average exit velocity; 25.3% air-ball rate; 36.1% pull-air rate; 7.2% HR-launch rate.,0.0388,0.0373,3.99,15,4,22.2,0.67,67.4,Recently homered,605400.0,Aaron Nola,R,RHB vs RHP,29,29,155.0,4.76,1.37,32,1.86,9.41,3.02,825.0,6.1,25.9,15.2,46.6,29.2,82.1,95.6,113.9,0.556,32.0,50.9,99.7,0.712,4.3,Knuckle Curve,R,RHB vs RHP,49.5,278,0.269,0.353,0.463,0.815,12,29,61,0.0432,7.6,0.676,256,0.0508,6.0,0.543,6,6,3,3/6,0.5,0.5,0.667,1.167,0,0,2,51.6,Neutral Matchup,Average,57.5,5,Pitch-level Statcast · last 5 MLB games,486,Knuckle Curve,34.15637860082305,166.0,4-Seam Fastball,24.897119341563787,121.0,Changeup,16.46090534979424,80.0,Sinker,16.049382716049383,78.0,Cutter,8.436213991769547,41.0,,,,Unknown,,Unknown,,No,103.0,1.03,1.0,55.4,1.002,0.986,51.3,Current-Season Handedness Matchup,Pull Air %,Barrel %,Max Exit Velocity,49.5,43.0,50.9,38.3,55.4,45.0,48.1,5.17,1.127,1.122,0.985,1.0,0.969,0.969,1.0,14.07,10.52,85.0,30.7,D,Lineup unconfirmed,,,,,,
76,2026-09-11,823817,2026-09-11T23:10:00Z,Scheduled,loanDepot park,Los Angeles Dodgers @ Miami Marlins,Home,691788,Joe Mack,Miami Marlins,Los Angeles Dodgers,C,L,No,,94,297,273,65,9,0,13,36,46,17,2,76,0.238,0.287,0.414,0.701,11,31,30,9,1,0.3,0.0323,20,61,59,15,2,0.254,0.0328,375,78,4.7,23.6,56.1,23.8,20.1,13.6,24.0,48.7,24.9,7.1,4.7,7.1,73.4,81.3,10.7,0.495,72.4,94.6,110.1,42.8,8.9,9.1,55.1,36.0,Below Average,2.5,Pull Power,A,Excellent HR swing plane,36.0,Below Average,0.961,Good,2.6,47.4,93.6,0.397,Derived proxy,Derived proxy,Derived proxy,Derived proxy,,,17.09,4.09,Strong positive regression,Below Average Pull Power profile. 4.7% barrel rate; 81.3 mph average exit velocity; 24.0% air-ball rate; 48.7% pull-air rate; 7.1% HR-launch rate.,0.0438,0.0404,3.93,0,0,21.0,0.0,0.0,Very recent HR,,TBD,,Unknown,0,0,0.0,0.0,0.0,0,0.0,0.0,0.0,,,,,,,,,,,,50.0,0.0,,,Unknown,L,Unknown,50.0,0,,,,,0,0,0,,,,0,,,,0,0,0,0/0,,,,,0,0,0,50.0,Neutral Matchup,Average,50.0,0,,0,,,,,,,,,,,,,,,,,,,Unknown,,Unknown,,No,94.0,0.94,1.0,39.2,1.0,1.0,50.1,Current-Season Handedness Matchup,Pull Air %,Barrel %,Max Exit Velocity,50.0,50.0,50.0,38.1,39.2,45.0,48.1,5.17,0.922,1.0,1.0,1.0,0.961,0.961,0.98,14.96,8.4,68.1,23.7,F,Probable SP unavailable; Lineup unconfirmed,,,,,,
77,2026-09-11,823736,2026-09-11T23:45:00Z,Scheduled,American Family Field,Cincinnati Reds @ Milwaukee Brewers,Home,641343,Jake Bauers,Milwaukee Brewers,Cincinnati Reds,1B,L,No,,131,522,429,115,19,2,24,82,78,87,4,134,0.268,0.395,0.49,0.885,11,41,26,4,1,0.154,0.0244,23,92,64,17,3,0.266,0.0326,579,95,6.8,28.6,49.4,18.8,30.0,13.9,25.9,45.5,35.9,6.5,3.3,6.5,59.4,83.4,18.0,0.701,73.8,96.4,113.2,58.6,13.9,14.1,44.0,44.0,Below Average,3.0,Pull Power,A,Excellent HR swing plane,44.0,Below Average,0.983,Good,4.2,50.0,93.4,0.724,Derived proxy,Derived proxy,Derived proxy,Derived proxy,,,33.88,9.88,Strong positive regression,Below Average Pull Power profile. 6.8% barrel rate; 83.4 mph average exit velocity; 25.9% air-ball rate; 45.5% pull-air rate; 6.5% HR-launch rate.,0.046,0.0434,4.17,3,2,17.9,0.17,16.8,Very recent HR,671096.0,Andrew Abbott,L,LHB vs LHP,29,29,152.1,4.43,1.42,22,1.3,7.09,4.14,862.0,4.8,23.8,14.5,37.3,29.9,82.4,94.6,113.0,0.544,22.0,61.4,99.6,0.721,9.1,4-Seam Fastball,L,LHB vs LHP,43.2,144,0.267,0.382,0.5,0.882,6,22,33,0.0417,8.2,0.593,174,0.0345,5.0,0.563,3,2,0,0/2,0.0,0.0,0.0,0.0,0,0,1,49.4,Neutral Matchup,Average,42.5,5,Pitch-level Statcast · last 5 MLB games,405,4-Seam Fastball,41.23456790123457,167.0,Changeup,23.209876543209877,94.0,Sweeper,14.814814814814815,60.0,Curveball,13.333333333333334,54.0,Cutter,7.407407407407407,30.0,,,,Unknown,,Unknown,,No,100.0,1.0,1.0,50.0,1.023,0.973,55.1,Current-Season Handedness Matchup,Pull Air %,Barrel %,Max Exit Velocity,43.2,30.3,61.4,43.8,50.0,45.0,47.9,5.14,0.859,1.032,0.985,1.0,0.983,0.983,0.98,16.88,9.26,84.4,30.2,D,Lineup unconfirmed,,,,,,
78,2026-09-11,822930,2026-09-11T23:10:00Z,Scheduled,Tropicana Field,Houston Astros @ Tampa Bay Rays,Home,683748,Victor Mesa Jr.,Tampa Bay Rays,Houston Astros,RF,L,No,,65,211,190,47,5,2,12,27,27,17,1,42,0.247,0.311,0.484,0.795,9,32,31,13,2,0.419,0.0625,12,37,35,14,2,0.4,0.0541,281,46,4.9,26.1,38.2,29.8,32.0,20.5,35.2,30.2,27.4,5.6,3.3,5.6,74.7,83.0,23.4,0.513,71.2,94.9,108.6,33.3,10.1,7.3,57.4,27.3,Weak,2.0,Contact-First Profile,A-,Elevated power plane,27.3,Weak,0.936,Good,2.2,19.0,95.5,0.445,Derived proxy,Derived proxy,Derived proxy,Derived proxy,,,11.97,-0.03,Near expected,Weak Contact-First Profile profile. 4.9% barrel rate; 83.0 mph average exit velocity; 35.2% air-ball rate; 30.2% pull-air rate; 5.6% HR-launch rate.,0.0569,0.0479,3.99,0,0,15.8,0.0,0.0,Very recent HR,699044.0,Miguel Ullola,R,LHB vs RHP,5,0,7.0,3.86,0.86,2,2.57,12.86,1.29,32.0,9.4,28.1,28.1,50.0,25.0,85.2,96.0,108.3,0.736,2.0,43.9,100.0,0.582,7.4,4-Seam Fastball,L,LHB vs RHP,53.8,164,0.219,0.294,0.466,0.76,10,15,35,0.061,7.8,0.604,14,0.0714,11.8,0.614,0,0,0,0/0,,,,,0,0,0,49.6,Neutral Matchup,Average,50.0,5,Pitch-level Statcast · last 5 MLB games,106,4-Seam Fastball,73.58490566037736,78.0,Slider,22.641509433962263,24.0,Curveball,2.830188679245283,3.0,Changeup,0.9433962264150944,1.0,,,,,,,Unknown,,Unknown,,No,100.0,1.0,1.0,50.0,0.988,1.019,41.2,Current-Season Handedness Matchup,Pull Air %,Barrel %,Max Exit Velocity,53.8,69.1,43.9,15.4,50.0,45.0,47.9,5.14,1.091,1.024,1.025,1.0,0.936,0.936,0.98,17.77,11.24,70.0,30.0,D,Lineup unconfirmed,,,,,,
79,2026-09-11,823498,2026-09-11T23:05:00Z,Scheduled,Yankee Stadium,New York Mets @ New York Yankees,Home,700250,Ben Rice,New York Yankees,New York Mets,DH,L,No,,140,604,524,134,22,3,36,91,88,72,6,149,0.256,0.351,0.515,0.866,11,50,45,12,1,0.267,0.02,25,112,97,24,4,0.247,0.0357,721,121,7.7,29.6,53.1,22.3,24.6,17.9,30.7,44.5,31.9,9.0,5.3,9.0,57.1,85.0,15.2,0.692,71.0,97.1,110.7,22.8,14.0,6.5,52.9,41.9,Below Average,2.5,Pull Power,A,Excellent HR swing plane,41.9,Below Average,0.977,Good,5.8,40.5,96.6,0.669,Derived proxy,Derived proxy,Derived proxy,Derived proxy,,,49.6,13.6,Strong positive regression,Below Average Pull Power profile. 7.7% barrel rate; 85.0 mph average exit velocity; 30.7% air-ball rate; 44.5% pull-air rate; 9.0% HR-launch rate.,0.0596,0.055,4.09,18,5,14.6,1.24,123.7,Near normal interval,690997.0,Nolan McLean,R,LHB vs RHP,28,28,161.2,3.06,1.14,15,0.84,9.96,3.62,803.0,3.6,21.3,12.0,40.8,29.1,81.4,93.6,112.8,0.484,15.0,56.5,99.8,0.702,7.7,Sinker,L,LHB vs RHP,53.9,395,0.256,0.362,0.548,0.91,26,55,92,0.0658,10.1,0.738,407,0.027,4.2,0.554,0,0,0,0/0,,,,,0,0,0,54.0,Neutral Matchup,Average,50.0,5,Pitch-level Statcast · last 5 MLB games,478,Sinker,39.33054393305439,188.0,4-Seam Fastball,16.317991631799163,78.0,Cutter,13.807531380753138,66.0,Curveball,13.598326359832637,65.0,Slider,8.99581589958159,43.0,Sweeper,4.184100418410042,20.0,Unknown,,Unknown,,No,108.0,1.08,1.0,64.4,1.013,0.961,56.5,Current-Season Handedness Matchup,Pull Air %,Barrel %,Max Exit Velocity,53.9,26.5,56.5,44.7,64.4,45.0,47.8,5.13,0.797,0.958,1.025,1.0,0.977,0.977,1.0,20.67,10.43,85.0,34.0,D,Lineup unconfirmed,Changeup,3.7656903765690375,18.0,,,
80,2026-09-11,823817,2026-09-11T23:10:00Z,Scheduled,loanDepot park,Los Angeles Dodgers @ Miami Marlins,Away,660271,Shohei Ohtani,Los Angeles Dodgers,Miami Marlins,TWP,L,No,,134,596,502,139,25,4,30,89,80,80,7,144,0.277,0.38,0.522,0.902,5,23,18,2,0,0.111,0.0,19,87,74,14,3,0.189,0.0345,669,104,7.7,27.9,57.2,16.1,26.2,14.7,26.5,40.8,28.9,7.6,3.5,7.6,52.5,84.8,16.8,0.754,73.0,96.9,116.1,45.0,13.4,12.2,45.9,43.6,Below Average,2.5,Contact-First Profile,A,Excellent HR swing plane,43.6,Below Average,0.982,Good,4.8,31.8,94.4,0.707,Derived proxy,Derived proxy,Derived proxy,Derived proxy,,,44.24,14.24,Strong positive regression,Below Average Contact-First Profile profile. 7.7% barrel rate; 84.8 mph average exit velocity; 26.5% air-ball rate; 40.8% pull-air rate; 7.6% HR-launch rate.,0.0503,0.0473,4.31,49,13,16.7,2.93,292.8,Very long drought,687473.0,Ryan Gusto,R,LHB vs RHP,20,15,72.1,4.23,1.41,9,1.12,7.71,2.74,443.0,5.6,27.1,12.0,31.9,32.3,84.0,95.5,113.3,0.535,9.0,67.5,99.9,0.785,9.0,4-Seam Fastball,L,LHB vs RHP,48.7,399,0.28,0.397,0.514,0.911,18,64,95,0.0451,9.3,0.784,187,0.0214,6.1,0.516,3,3,0,0/3,0.0,0.0,0.0,0.0,0,0,0,54.0,Neutral Matchup,Average,42.5,5,Pitch-level Statcast · last 5 MLB games,390,4-Seam Fastball,27.94871794871795,109.0,Slider,14.102564102564102,55.0,Sinker,12.820512820512821,50.0,Sweeper,12.564102564102564,49.0,Curveball,11.025641025641026,43.0,Changeup,10.76923076923077,42.0,Unknown,,Unknown,,No,94.0,0.94,1.0,39.2,1.035,0.981,56.5,Current-Season Handedness Matchup,Pull Air %,Barrel %,Max Exit Velocity,48.7,30.9,67.5,30.2,39.2,45.0,47.7,5.11,0.808,1.003,1.025,1.03,0.982,1.012,1.06,18.83,10.11,84.0,39.7,D+,Lineup unconfirmed,Cutter,10.76923076923077,42.0,,,
81,2026-09-11,822930,2026-09-11T23:10:00Z,Scheduled,Tropicana Field,Houston Astros @ Tampa Bay Rays,Home,650490,Yandy Díaz,Tampa Bay Rays,Houston Astros,DH,R,No,,141,629,561,171,25,1,22,84,80,52,10,89,0.305,0.37,0.471,0.841,12,56,51,17,2,0.333,0.0357,26,119,108,34,5,0.315,0.042,904,170,4.9,29.4,25.4,37.4,37.0,9.1,22.0,21.8,27.2,6.0,2.3,6.0,52.7,84.6,16.6,0.549,71.7,97.1,114.5,33.6,11.5,12.6,27.8,27.2,Weak,2.0,Contact-First Profile,A,Excellent HR swing plane,27.2,Weak,0.936,Good,5.3,17.6,97.1,0.564,Derived proxy,Derived proxy,Derived proxy,Derived proxy,,,38.41,16.41,Strong positive regression,Weak Contact-First Profile profile. 4.9% barrel rate; 84.6 mph average exit velocity; 22.0% air-ball rate; 21.8% pull-air rate; 6.0% HR-launch rate.,0.035,0.0345,4.09,8,2,25.5,0.31,31.4,Very recent HR,699044.0,Miguel Ullola,R,RHB vs RHP,5,0,7.0,3.86,0.86,2,2.57,12.86,1.29,32.0,9.4,28.1,28.1,50.0,25.0,85.2,96.0,108.3,0.736,2.0,44.2,100.0,0.613,6.0,4-Seam Fastball,R,RHB vs RHP,40.1,449,0.308,0.372,0.463,0.835,14,35,67,0.0312,4.5,0.539,13,0.0769,6.7,0.893,0,0,0,0/0,,,,,0,0,0,43.5,Neutral Matchup,Average,50.0,5,Pitch-level Statcast · last 5 MLB games,106,4-Seam Fastball,73.58490566037736,78.0,Slider,22.641509433962263,24.0,Curveball,2.830188679245283,3.0,Changeup,0.9433962264150944,1.0,,,,,,,Unknown,,Unknown,,No,100.0,1.0,1.0,50.0,0.988,1.019,38.5,Current-Season Handedness Matchup,Pull Air %,Barrel %,Max Exit Velocity,40.1,69.1,44.2,25.4,50.0,45.0,47.7,5.1,1.047,1.024,0.985,1.0,0.936,0.936,0.98,13.38,8.68,85.0,28.7,F,Lineup unconfirmed,,,,,,
82,2026-09-11,824631,2026-09-11T18:20:00Z,Scheduled,Wrigley Field,Pittsburgh Pirates @ Chicago Cubs,Away,664040,Brandon Lowe,Pittsburgh Pirates,Chicago Cubs,2B,L,No,,137,601,536,138,28,1,29,86,83,56,2,174,0.257,0.326,0.476,0.802,11,47,41,15,2,0.366,0.0426,24,101,90,26,4,0.289,0.0396,720,120,5.1,27.5,53.5,19.9,26.6,16.8,28.7,54.5,27.5,5.7,3.5,5.7,77.8,83.8,17.2,0.601,70.9,96.1,110.2,36.1,11.5,9.1,44.5,37.7,Below Average,2.5,Pull Power,A,Excellent HR swing plane,37.7,Below Average,0.966,Good,3.3,46.9,95.9,0.544,Derived proxy,Derived proxy,Derived proxy,Derived proxy,,,36.2,7.2,Strong positive regression,Below Average Pull Power profile. 5.1% barrel rate; 83.8 mph average exit velocity; 28.7% air-ball rate; 54.5% pull-air rate; 5.7% HR-launch rate.,0.0483,0.0455,4.15,28,8,18.5,1.51,151.5,Above normal drought,684007.0,Shota Imanaga,L,LHB vs LHP,28,28,156.1,3.91,1.12,33,1.9,8.75,2.01,847.0,5.9,22.7,17.4,45.4,28.0,81.9,94.4,114.7,0.551,33.0,47.6,100.0,0.651,5.8,4-Seam Fastball,L,LHB vs LHP,45.3,188,0.215,0.261,0.355,0.615,6,12,71,0.0319,5.7,0.523,175,0.0629,7.7,0.608,3,3,0,0/3,0.0,0.0,0.0,0.0,0,0,2,45.6,Neutral Matchup,Average,42.5,5,Pitch-level Statcast · last 5 MLB games,433,4-Seam Fastball,41.108545034642034,178.0,Split-Finger,36.25866050808314,157.0,Sweeper,16.628175519630485,72.0,Sinker,3.0023094688221708,13.0,Slider,1.6166281755196306,7.0,Curveball,1.3856812933025404,6.0,Unknown,,Unknown,,No,100.0,1.0,1.0,50.0,0.995,0.984,53.3,Current-Season Handedness Matchup,Pull Air %,Barrel %,Max Exit Velocity,45.3,40.2,47.6,44.0,50.0,45.0,47.6,5.09,0.962,1.128,0.985,1.0,0.966,0.966,1.035,17.59,11.05,85.0,35.4,D,Lineup unconfirmed,,,,,,
83,2026-09-11,823012,2026-09-12T00:15:00Z,Scheduled,Busch Stadium,Chicago White Sox @ St. Louis Cardinals,Home,676475,Alec Burleson,St. Louis Cardinals,Chicago White Sox,1B,L,No,,146,618,555,157,34,1,22,82,104,53,6,105,0.283,0.35,0.467,0.817,11,49,41,8,1,0.195,0.0204,26,110,99,26,3,0.263,0.0273,877,174,6.1,29.8,55.6,18.7,25.6,13.3,23.6,48.9,30.2,6.4,3.0,6.4,36.6,86.0,18.8,0.622,72.0,97.4,112.8,36.5,12.6,11.9,49.8,42.2,Below Average,2.5,Pull Power,A,Excellent HR swing plane,42.2,Below Average,0.978,Good,4.6,51.4,96.6,0.58,Derived proxy,Derived proxy,Derived proxy,Derived proxy,,,50.94,28.94,Strong positive regression,Below Average Pull Power profile. 6.1% barrel rate; 86.0 mph average exit velocity; 23.6% air-ball rate; 48.9% pull-air rate; 6.4% HR-launch rate.,0.0356,0.035,4.09,3,2,25.2,0.12,11.9,Very recent HR,641743.0,Anthony Kay,L,LHB vs LHP,29,27,141.0,4.47,1.36,20,1.28,7.4,3.19,830.0,5.7,26.7,12.0,55.0,28.6,82.6,95.8,115.8,0.529,20.0,49.2,100.0,0.653,6.4,4-Seam Fastball,L,LHB vs LHP,20.4,190,0.208,0.242,0.292,0.534,3,9,34,0.0158,5.0,0.536,169,0.0118,2.4,0.404,2,2,1,1/2,0.5,0.5,1.0,1.5,0,0,1,36.9,Slight Pitcher Advantage,Below average,52.5,5,Pitch-level Statcast · last 5 MLB games,450,4-Seam Fastball,23.333333333333332,105.0,Sweeper,20.666666666666668,93.0,Cutter,16.666666666666668,75.0,Changeup,16.0,72.0,Sinker,15.333333333333334,69.0,Slider,8.0,36.0,Unknown,,Unknown,,No,100.0,1.0,1.0,50.0,0.998,0.982,48.7,Current-Season Handedness Matchup,Pull Air %,Barrel %,Max Exit Velocity,20.4,43.1,49.2,52.5,50.0,45.0,47.6,5.08,0.868,1.029,0.985,1.0,0.978,0.978,0.98,13.56,7.89,85.0,27.0,F,Lineup unconfirmed,,,,,,
84,2026-09-11,825036,2026-09-12T01:40:00Z,Scheduled,Chase Field,Texas Rangers @ Arizona Diamondbacks,Away,677649,Ezequiel Duran,Texas Rangers,Arizona Diamondbacks,SS,R,No,,138,537,485,131,26,4,17,66,78,42,4,127,0.27,0.33,0.445,0.775,12,52,47,12,3,0.255,0.0577,26,110,98,27,4,0.276,0.0364,725,143,3.3,24.8,39.9,27.5,32.0,12.9,24.9,39.4,32.1,5.9,3.6,5.9,76.0,82.3,18.0,0.519,69.8,94.3,111.3,26.2,11.7,6.0,43.2,28.4,Weak,2.0,Contact-First Profile,A,Excellent HR swing plane,28.4,Weak,0.94,Good,3.5,42.1,95.7,0.527,Derived proxy,Derived proxy,Derived proxy,Derived proxy,,,25.17,8.17,Strong positive regression,Weak Contact-First Profile profile. 3.3% barrel rate; 82.3 mph average exit velocity; 24.9% air-ball rate; 39.4% pull-air rate; 5.9% HR-launch rate.,0.0317,0.0317,4.05,21,5,28.5,0.74,73.6,Recently homered,,TBD,,Unknown,0,0,0.0,0.0,0.0,0,0.0,0.0,0.0,,,,,,,,,,,,50.0,0.0,,,Unknown,R,Unknown,50.0,0,,,,,0,0,0,,,,0,,,,0,0,0,0/0,,,,,0,0,0,50.0,Neutral Matchup,Average,50.0,0,,0,,,,,,,,,,,,,,,,,,,Unknown,,Unknown,,No,100.0,1.0,1.0,50.0,1.0,1.0,45.8,Current-Season Handedness Matchup,Pull Air %,Barrel %,Max Exit Velocity,50.0,50.0,50.0,39.4,50.0,45.0,47.5,5.06,1.206,1.0,1.0,1.0,0.94,0.94,1.0,12.24,8.99,75.0,26.8,F,Probable SP unavailable; Lineup unconfirmed,,,,,,
85,2026-09-11,823736,2026-09-11T23:45:00Z,Scheduled,American Family Field,Cincinnati Reds @ Milwaukee Brewers,Away,699302,Héctor Rodríguez,Cincinnati Reds,Milwaukee Brewers,RF,L,No,,28,106,98,25,3,0,5,14,12,7,1,30,0.255,0.311,0.439,0.75,11,47,45,12,2,0.267,0.0426,21,85,80,23,5,0.288,0.0588,142,117,5.3,25.8,48.6,28.6,22.8,12.3,18.5,39.3,26.1,5.3,1.5,5.3,71.4,83.8,11.4,0.492,72.2,95.9,117.4,41.7,9.5,9.0,55.2,34.1,Weak,2.5,Contact-First Profile,A,Excellent HR swing plane,34.1,Weak,0.955,Good,6.0,40.9,96.3,0.517,Derived proxy,Derived proxy,Derived proxy,Derived proxy,,,6.72,1.72,Near expected,Weak Contact-First Profile profile. 5.3% barrel rate; 83.8 mph average exit velocity; 18.5% air-ball rate; 39.3% pull-air rate; 5.3% HR-launch rate.,0.0472,0.0391,4.05,23,6,19.6,1.17,117.3,Near normal interval,669160.0,Dustin May,R,LHB vs RHP,27,27,132.1,4.69,1.32,11,0.75,8.64,3.06,729.0,4.1,26.5,12.6,35.3,31.0,83.1,95.1,114.8,0.517,11.0,82.3,99.9,0.956,13.2,4-Seam Fastball,L,LHB vs RHP,34.8,78,0.271,0.346,0.486,0.832,4,7,18,0.0513,5.6,0.496,340,0.0206,3.2,0.512,2,2,1,1/2,0.5,0.5,0.5,1.0,0,0,1,54.6,Neutral Matchup,Average,50.9,5,Pitch-level Statcast · last 5 MLB games,303,Cutter,29.042904290429043,88.0,Sinker,22.77227722772277,69.0,4-Seam Fastball,20.462046204620464,62.0,Sweeper,16.17161716171617,49.0,Curveball,8.58085808580858,26.0,Changeup,2.9702970297029703,9.0,Unknown,,Unknown,,No,100.0,1.0,1.0,50.0,1.065,0.966,47.1,Current-Season Handedness Matchup,Pull Air %,Barrel %,Max Exit Velocity,34.8,26.1,82.3,45.1,50.0,45.0,47.4,5.06,1.11,0.944,1.025,1.0,0.955,0.955,1.0,14.92,9.85,66.4,28.5,F,Lineup unconfirmed,,,,,,
86,2026-09-11,822684,2026-09-11T22:45:00Z,Scheduled,Nationals Park,Los Angeles Angels @ Washington Nationals,Home,682928,CJ Abrams,Washington Nationals,Los Angeles Angels,SS,L,No,,139,600,529,137,26,3,30,85,95,53,12,149,0.259,0.337,0.49,0.827,10,44,40,4,1,0.1,0.0227,21,92,82,10,1,0.122,0.0109,764,114,6.3,23.2,51.2,23.2,25.4,15.2,24.8,52.2,28.4,6.9,4.1,6.9,43.3,83.0,21.6,0.521,70.9,94.7,111.3,25.4,12.0,6.3,54.5,36.8,Below Average,2.5,Pull Power,A-,Elevated power plane,36.8,Below Average,0.963,Good,5.3,52.0,93.1,0.393,Derived proxy,Derived proxy,Derived proxy,Derived proxy,,,43.55,13.55,Strong positive regression,Below Average Pull Power profile. 6.3% barrel rate; 83.0 mph average exit velocity; 24.8% air-ball rate; 52.2% pull-air rate; 6.9% HR-launch rate.,0.05,0.047,4.09,11,3,17.6,0.62,62.4,Recently homered,579328.0,Yusei Kikuchi,L,LHB vs LHP,10,10,49.0,4.96,1.47,7,1.29,9.0,3.49,278.0,5.4,27.7,12.2,52.0,32.7,84.5,96.7,116.2,0.61,7.0,38.7,100.0,0.565,5.6,4-Seam Fastball,L,LHB vs LHP,36.6,188,0.227,0.266,0.42,0.686,7,9,61,0.0372,4.7,0.535,51,0.0196,4.8,0.511,3,3,1,1/3,0.333,0.333,0.333,0.666,0,0,0,39.2,Slight Pitcher Advantage,Below average,46.0,5,Pitch-level Statcast · last 5 MLB games,395,4-Seam Fastball,50.88607594936709,201.0,Slider,23.79746835443038,94.0,Split-Finger,14.430379746835444,57.0,Curveball,10.886075949367088,43.0,,,,,,,Unknown,,Unknown,,No,100.0,1.0,1.0,50.0,0.977,0.979,51.1,Current-Season Handedness Matchup,Pull Air %,Barrel %,Max Exit Velocity,36.6,45.7,38.7,47.4,50.0,45.0,47.1,5.0,0.787,1.021,0.985,1.0,0.963,0.963,1.0,17.87,8.74,84.4,28.5,F,Lineup unconfirmed,,,,,,
87,2026-09-11,822930,2026-09-11T23:10:00Z,Scheduled,Tropicana Field,Houston Astros @ Tampa Bay Rays,Away,676369,Nelson Velázquez,Houston Astros,Tampa Bay Rays,LF,R,No,,45,105,94,18,4,0,5,11,17,8,1,35,0.191,0.257,0.394,0.651,5,10,9,2,1,0.222,0.1,9,18,17,2,1,0.118,0.0556,112,14,7.1,34.5,50.7,23.8,25.5,22.5,39.0,56.3,29.3,9.1,8.4,9.1,69.1,86.0,23.9,0.761,73.0,98.0,110.2,46.4,18.7,11.3,55.7,52.7,Average,3.0,Pull Power,A-,Elevated power plane,52.7,Average,1.008,Good,7.1,57.1,96.7,0.773,Derived proxy,Derived proxy,Derived proxy,Derived proxy,,,7.79,2.79,Positive regression,Average Pull Power profile. 7.1% barrel rate; 86.0 mph average exit velocity; 39.0% air-ball rate; 56.3% pull-air rate; 9.1% HR-launch rate.,0.0476,0.0393,3.99,6,3,18.8,0.32,31.9,Very recent HR,656876.0,Drew Rasmussen,R,RHB vs RHP,27,27,153.1,2.88,0.91,14,0.82,9.16,1.58,832.0,3.5,20.9,11.8,38.2,29.1,82.0,93.5,111.9,0.484,14.0,58.0,100.0,0.748,6.1,Cutter,R,RHB vs RHP,34.1,28,0.2,0.25,0.24,0.49,0,2,11,0.0,6.9,0.655,238,0.0168,3.5,0.446,0,0,0,0/0,,,,,0,0,0,45.7,Neutral Matchup,Average,50.0,5,Pitch-level Statcast · last 5 MLB games,467,4-Seam Fastball,27.194860813704498,127.0,Cutter,25.481798715203425,119.0,Sinker,25.26766595289079,118.0,Changeup,17.130620985010708,80.0,Sweeper,2.78372591006424,13.0,Curveball,2.1413276231263385,10.0,Unknown,,Unknown,,No,100.0,1.0,1.0,50.0,1.016,0.96,54.6,Current-Season Handedness Matchup,Pull Air %,Barrel %,Max Exit Velocity,34.1,24.6,58.0,58.7,50.0,45.0,46.8,4.97,1.0,0.955,0.985,1.0,1.008,1.008,0.98,14.78,8.79,60.9,22.6,F,Lineup unconfirmed,,,,,,
88,2026-09-11,823012,2026-09-12T00:15:00Z,Scheduled,Busch Stadium,Chicago White Sox @ St. Louis Cardinals,Away,643217,Andrew Benintendi,Chicago White Sox,St. Louis Cardinals,DH,L,No,,129,435,392,95,24,2,14,55,70,36,1,101,0.242,0.304,0.421,0.725,12,38,35,7,1,0.2,0.0263,24,80,72,17,2,0.236,0.025,568,111,5.0,27.9,58.0,20.9,20.4,16.2,28.9,54.3,29.5,8.8,6.8,8.8,44.3,83.2,23.4,0.546,68.5,94.8,109.9,6.4,14.3,1.9,51.7,34.4,Weak,2.5,Pull Power,A-,Elevated power plane,34.4,Weak,0.956,Good,4.5,51.6,95.5,0.527,Derived proxy,Derived proxy,Derived proxy,Derived proxy,,,29.66,15.66,Strong positive regression,Weak Pull Power profile. 5.0% barrel rate; 83.2 mph average exit velocity; 28.9% air-ball rate; 54.3% pull-air rate; 8.8% HR-launch rate.,0.0322,0.0321,4.05,31,11,28.0,1.11,110.7,Near normal interval,669461.0,Matthew Liberatore,L,LHB vs LHP,28,28,139.0,5.57,1.47,25,1.62,9.32,3.17,779.0,5.9,26.8,15.5,44.1,31.6,83.9,96.0,112.2,0.608,25.0,42.5,99.9,0.611,5.2,4-Seam Fastball,L,LHB vs LHP,38.7,47,0.227,0.261,0.25,0.511,0,2,17,0.0,1.5,0.536,154,0.0455,5.8,0.587,0,0,0,0/0,,,,,0,0,0,42.3,Slight Pitcher Advantage,Below average,50.0,5,Pitch-level Statcast · last 5 MLB games,462,Slider,36.36363636363637,168.0,4-Seam Fastball,26.83982683982684,124.0,Curveball,20.995670995670995,97.0,Changeup,7.142857142857143,33.0,Sinker,4.545454545454546,21.0,Cutter,2.813852813852814,13.0,Unknown,,Unknown,,No,100.0,1.0,1.0,50.0,0.985,0.984,50.1,Current-Season Handedness Matchup,Pull Air %,Barrel %,Max Exit Velocity,38.7,42.9,42.5,50.1,50.0,45.0,46.8,4.96,0.92,1.083,0.985,1.0,0.956,0.956,1.0,12.39,7.83,83.4,27.0,F,Lineup unconfirmed,Sweeper,1.2987012987012987,6.0,,,
89,2026-09-11,824711,2026-09-11T23:10:00Z,Scheduled,Fenway Park,Kansas City Royals @ Boston Red Sox,Away,695600,Carter Jensen,Kansas City Royals,Boston Red Sox,C,L,No,,136,547,476,109,29,2,23,70,69,62,3,153,0.229,0.318,0.443,0.761,10,45,37,11,4,0.297,0.0889,23,99,79,21,7,0.266,0.0707,654,110,7.5,26.5,54.2,17.0,28.7,20.7,30.6,44.5,29.1,8.0,5.9,8.0,59.6,84.7,21.4,0.676,72.0,96.9,112.5,33.9,12.8,8.7,46.6,42.0,Below Average,2.5,Pull Power,A-,Elevated power plane,42.0,Below Average,0.978,Good,10.0,48.6,98.6,0.838,Derived proxy,Derived proxy,Derived proxy,Derived proxy,,,43.1,20.1,Strong positive regression,Below Average Pull Power profile. 7.5% barrel rate; 84.7 mph average exit velocity; 30.6% air-ball rate; 44.5% pull-air rate; 8.0% HR-launch rate.,0.042,0.0402,4.05,0,0,20.7,0.0,0.0,Very recent HR,543243.0,Sonny Gray,R,LHB vs RHP,26,26,150.2,2.69,1.16,15,0.9,8.06,2.39,723.0,4.6,25.4,13.6,46.2,27.5,83.5,95.6,111.1,0.492,15.0,38.6,99.9,0.569,5.4,Sinker,L,LHB vs RHP,41.1,393,0.228,0.323,0.479,0.802,20,48,106,0.0509,6.3,0.615,399,0.0251,5.0,0.513,3,2,0,0/2,0.0,0.333,0.0,0.333,0,1,1,40.5,Slight Pitcher Advantage,Below average,42.5,5,Pitch-level Statcast · last 5 MLB games,467,Sinker,24.62526766595289,115.0,Sweeper,19.05781584582441,89.0,Cutter,17.987152034261243,84.0,Curveball,16.488222698072803,77.0,4-Seam Fastball,15.63169164882227,73.0,Changeup,6.209850107066381,29.0,Unknown,,Unknown,,No,102.0,1.02,1.0,53.6,0.977,0.971,53.3,Current-Season Handedness Matchup,Pull Air %,Barrel %,Max Exit Velocity,41.1,34.9,38.6,65.9,53.6,45.0,46.7,4.95,1.35,0.968,1.025,1.0,0.978,0.978,0.98,15.32,11.16,84.9,31.4,D,Lineup unconfirmed,,,,,,
90,2026-09-11,823012,2026-09-12T00:15:00Z,Scheduled,Busch Stadium,Chicago White Sox @ St. Louis Cardinals,Home,695491,Joshua Báez,St. Louis Cardinals,Chicago White Sox,LF,R,No,,25,92,84,20,5,0,7,16,16,4,3,30,0.238,0.293,0.548,0.841,11,38,35,12,3,0.343,0.0789,25,92,84,20,7,0.238,0.0761,108,108,7.4,29.6,48.1,24.1,27.8,19.4,28.7,35.5,29.6,9.3,6.5,9.3,87.5,84.9,21.8,0.697,75.8,97.5,111.9,70.0,13.9,15.0,57.2,45.3,Below Average,3.0,Contact-First Profile,A-,Elevated power plane,45.3,Below Average,0.987,Good,7.4,35.5,97.5,0.697,Derived proxy,Derived proxy,Derived proxy,Derived proxy,,,7.02,0.02,Near expected,Below Average Contact-First Profile profile. 7.4% barrel rate; 84.9 mph average exit velocity; 28.7% air-ball rate; 35.5% pull-air rate; 9.3% HR-launch rate.,0.0761,0.0511,4.09,14,4,12.0,1.17,116.7,Near normal interval,641743.0,Anthony Kay,L,RHB vs LHP,29,27,141.0,4.47,1.36,20,1.28,7.4,3.19,830.0,5.7,26.7,12.0,55.0,28.6,82.6,95.8,115.8,0.529,20.0,37.8,83.1,0.559,5.4,4-Seam Fastball,R,RHB vs LHP,55.6,38,0.257,0.316,0.743,1.059,5,1,13,0.1316,10.9,0.751,466,0.0386,6.8,0.568,0,0,0,0/0,,,,,0,0,0,48.3,Neutral Matchup,Average,50.0,5,Pitch-level Statcast · last 5 MLB games,450,4-Seam Fastball,23.333333333333332,105.0,Sweeper,20.666666666666668,93.0,Cutter,16.666666666666668,75.0,Changeup,16.0,72.0,Sinker,15.333333333333334,69.0,Slider,8.0,36.0,Unknown,,Unknown,,No,100.0,1.0,1.0,50.0,0.976,0.982,52.7,Current-Season Handedness Matchup,Pull Air %,Barrel %,Max Exit Velocity,55.6,43.1,37.8,45.5,50.0,45.0,46.6,4.94,1.208,1.029,1.025,1.03,0.987,1.016,1.0,19.32,13.29,65.9,35.3,D,Lineup unconfirmed,,,,,,
91,2026-09-11,822930,2026-09-11T23:10:00Z,Scheduled,Tropicana Field,Houston Astros @ Tampa Bay Rays,Home,680700,Richie Palacios,Tampa Bay Rays,Houston Astros,2B,L,No,,111,360,311,71,12,2,9,48,45,41,4,63,0.228,0.324,0.367,0.691,10,30,26,6,4,0.231,0.1333,21,71,63,12,4,0.19,0.0563,471,95,2.9,21.2,48.2,27.8,22.4,12.0,26.0,47.8,30.0,5.0,3.5,5.0,91.7,81.5,15.9,0.401,66.5,93.3,106.8,3.9,9.6,1.3,50.1,23.9,Weak,2.0,Pull Power,A,Excellent HR swing plane,23.9,Weak,0.927,Good,3.2,53.8,94.8,0.369,Derived proxy,Derived proxy,Derived proxy,Derived proxy,,,15.4,6.4,Strong positive regression,Weak Pull Power profile. 2.9% barrel rate; 81.5 mph average exit velocity; 26.0% air-ball rate; 47.8% pull-air rate; 5.0% HR-launch rate.,0.025,0.0268,3.99,3,1,34.6,0.09,8.7,Very recent HR,699044.0,Miguel Ullola,R,LHB vs RHP,5,0,7.0,3.86,0.86,2,2.57,12.86,1.29,32.0,9.4,28.1,28.1,50.0,25.0,85.2,96.0,108.3,0.736,2.0,23.1,100.0,0.453,3.4,4-Seam Fastball,L,LHB vs RHP,35.6,307,0.243,0.341,0.395,0.736,9,37,52,0.0293,3.2,0.448,14,0.0714,11.8,0.614,0,0,0,0/0,,,,,0,0,0,34.1,Slight Pitcher Advantage,Below average,50.0,5,Pitch-level Statcast · last 5 MLB games,106,4-Seam Fastball,73.58490566037736,78.0,Slider,22.641509433962263,24.0,Curveball,2.830188679245283,3.0,Changeup,0.9433962264150944,1.0,,,,,,,Unknown,,Unknown,,No,100.0,1.0,1.0,50.0,0.946,1.019,40.7,Current-Season Handedness Matchup,Pull Air %,Barrel %,Max Exit Velocity,35.6,69.1,23.1,46.2,50.0,45.0,46.6,4.94,1.35,1.024,1.025,1.0,0.927,0.927,0.98,10.25,8.38,82.7,25.6,F,Lineup unconfirmed,,,,,,
92,2026-09-11,822684,2026-09-11T22:45:00Z,Scheduled,Nationals Park,Los Angeles Angels @ Washington Nationals,Home,694673,Abimelec Ortiz,Washington Nationals,Los Angeles Angels,1B,L,No,,34,112,107,22,4,0,5,15,11,5,0,29,0.206,0.241,0.383,0.624,10,32,31,5,0,0.161,0.0,24,85,81,14,2,0.173,0.0235,175,131,6.7,30.6,48.7,21.7,29.6,13.6,24.4,42.1,33.4,6.1,2.0,6.1,35.0,84.8,19.9,0.526,73.3,97.4,112.2,53.2,15.1,16.5,50.0,41.3,Below Average,2.5,Pull Power,A,Excellent HR swing plane,41.3,Below Average,0.976,Good,5.3,40.0,96.8,0.459,Derived proxy,Derived proxy,Derived proxy,Derived proxy,,,10.22,5.22,Strong positive regression,Below Average Pull Power profile. 6.7% barrel rate; 84.8 mph average exit velocity; 24.4% air-ball rate; 42.1% pull-air rate; 6.1% HR-launch rate.,0.0446,0.0381,3.81,67,20,21.4,3.13,313.1,Very long drought,579328.0,Yusei Kikuchi,L,LHB vs LHP,10,10,49.0,4.96,1.47,7,1.29,9.0,3.49,278.0,5.4,27.7,12.2,52.0,32.7,84.5,96.7,116.2,0.61,7.0,38.5,100.0,0.531,7.2,4-Seam Fastball,L,LHB vs LHP,43.0,9,0.222,0.222,0.222,0.444,0,0,5,0.0,0.0,0.232,51,0.0196,4.8,0.511,0,0,0,0/0,,,,,0,0,0,42.8,Slight Pitcher Advantage,Below average,50.0,5,Pitch-level Statcast · last 5 MLB games,395,4-Seam Fastball,50.88607594936709,201.0,Slider,23.79746835443038,94.0,Split-Finger,14.430379746835444,57.0,Curveball,10.886075949367088,43.0,,,,,,,Unknown,,Unknown,,No,100.0,1.0,1.0,50.0,0.977,0.979,50.8,Current-Season Handedness Matchup,Pull Air %,Barrel %,Max Exit Velocity,43.0,45.7,38.5,43.7,50.0,45.0,46.6,4.93,0.788,1.021,0.985,0.975,0.976,0.951,1.06,13.76,7.51,66.8,29.4,F,Lineup unconfirmed,,,,,,
93,2026-09-11,824711,2026-09-11T23:10:00Z,Scheduled,Fenway Park,Kansas City Royals @ Boston Red Sox,Away,677951,Bobby Witt Jr.,Kansas City Royals,Boston Red Sox,SS,R,No,,128,567,500,141,30,1,18,84,54,60,3,96,0.282,0.36,0.454,0.814,11,49,42,9,2,0.214,0.0408,25,114,96,26,5,0.271,0.0439,706,145,7.4,30.1,37.8,27.2,34.3,16.6,31.8,37.5,35.1,8.4,4.2,8.4,38.9,84.8,21.1,0.648,72.5,97.7,115.6,39.9,15.3,12.1,45.3,42.6,Below Average,2.5,Contact-First Profile,A-,Elevated power plane,42.6,Below Average,0.979,Good,7.6,43.5,97.2,0.668,Derived proxy,Derived proxy,Derived proxy,Derived proxy,,,45.21,27.21,Strong positive regression,Below Average Contact-First Profile profile. 7.4% barrel rate; 84.8 mph average exit velocity; 31.8% air-ball rate; 37.5% pull-air rate; 8.4% HR-launch rate.,0.0317,0.0318,4.15,0,0,27.8,0.0,0.0,Very recent HR,543243.0,Sonny Gray,R,RHB vs RHP,26,26,150.2,2.69,1.16,15,0.9,8.06,2.39,723.0,4.6,25.4,13.6,46.2,27.5,83.5,95.6,111.1,0.492,15.0,49.8,99.9,0.643,7.2,Sinker,R,RHB vs RHP,34.2,415,0.281,0.357,0.452,0.809,14,42,74,0.0337,6.6,0.626,214,0.0234,3.8,0.455,20,20,4,4/20,0.2,0.2,0.3,0.5,0,0,6,33.9,Slight Pitcher Advantage,Below average,5.4,5,Pitch-level Statcast · last 5 MLB games,467,Sinker,24.62526766595289,115.0,Sweeper,19.05781584582441,89.0,Cutter,17.987152034261243,84.0,Curveball,16.488222698072803,77.0,4-Seam Fastball,15.63169164882227,73.0,Changeup,6.209850107066381,29.0,Unknown,,Unknown,,No,102.0,1.02,1.0,53.6,1.0,0.971,50.5,Current-Season Handedness Matchup,Pull Air %,Barrel %,Max Exit Velocity,34.2,34.9,49.8,52.8,53.6,45.0,46.5,4.91,1.131,0.968,0.985,1.0,0.979,0.979,0.98,12.55,8.48,85.0,27.9,F,Lineup unconfirmed,,,,,,
94,2026-09-11,823817,2026-09-11T23:10:00Z,Scheduled,loanDepot park,Los Angeles Dodgers @ Miami Marlins,Home,640459,Brian Navarreto,Miami Marlins,Los Angeles Dodgers,C,R,No,,26,54,46,6,2,0,1,7,3,2,2,18,0.13,0.196,0.239,0.435,8,12,12,2,0,0.167,0.0,15,31,28,4,1,0.143,0.0323,71,46,2.6,19.4,52.8,27.7,19.6,7.6,12.0,64.3,19.2,2.6,2.6,2.6,67.5,79.6,11.0,0.308,69.3,92.5,107.7,17.2,4.3,5.7,52.4,23.4,Weak,2.0,Pull Power,A,Excellent HR swing plane,23.4,Weak,0.926,Good,2.2,60.0,94.2,0.315,Derived proxy,Derived proxy,Derived proxy,Derived proxy,,,2.27,1.27,Near expected,Weak Pull Power profile. 2.6% barrel rate; 79.6 mph average exit velocity; 12.0% air-ball rate; 64.3% pull-air rate; 2.6% HR-launch rate.,0.0185,0.0278,3.81,19,13,46.0,0.41,41.3,Recently homered,,TBD,,Unknown,0,0,0.0,0.0,0.0,0,0.0,0.0,0.0,,,,,,,,,,,,50.0,0.0,,,Unknown,R,Unknown,50.0,0,,,,,0,0,0,,,,0,,,,0,0,0,0/0,,,,,0,0,0,50.0,Neutral Matchup,Average,50.0,0,,0,,,,,,,,,,,,,,,,,,,Unknown,,Unknown,,No,94.0,0.94,1.0,39.2,1.0,1.0,44.7,Current-Season Handedness Matchup,Pull Air %,Barrel %,Max Exit Velocity,50.0,50.0,50.0,42.7,39.2,45.0,46.4,4.91,0.917,1.0,1.0,0.94,0.926,0.87,1.0,10.19,6.17,48.3,16.6,F,Small season sample; Probable SP unavailable; Lineup unconfirmed,,,,,,
95,2026-09-11,825036,2026-09-12T01:40:00Z,Scheduled,Chase Field,Texas Rangers @ Arizona Diamondbacks,Away,694497,Evan Carter,Texas Rangers,Arizona Diamondbacks,CF,L,No,,127,418,359,70,13,3,9,50,35,45,5,104,0.195,0.293,0.323,0.616,12,38,34,6,1,0.176,0.0263,25,78,73,15,1,0.205,0.0128,465,93,3.5,21.2,46.6,28.8,24.6,16.7,28.5,43.8,28.3,6.3,4.1,6.3,46.1,79.9,17.8,0.443,67.0,93.1,107.4,19.3,9.5,4.7,43.3,25.3,Weak,2.0,Pull Power,A,Excellent HR swing plane,25.3,Weak,0.931,Good,3.2,44.4,92.8,0.436,Derived proxy,Derived proxy,Derived proxy,Derived proxy,,,17.05,8.05,Strong positive regression,Weak Pull Power profile. 3.5% barrel rate; 79.9 mph average exit velocity; 28.5% air-ball rate; 43.8% pull-air rate; 6.3% HR-launch rate.,0.0215,0.0239,3.93,12,4,39.9,0.3,30.1,Very recent HR,,TBD,,Unknown,0,0,0.0,0.0,0.0,0,0.0,0.0,0.0,,,,,,,,,,,,50.0,0.0,,,Unknown,L,Unknown,50.0,0,,,,,0,0,0,,,,0,,,,0,0,0,0/0,,,,,0,0,0,50.0,Neutral Matchup,Average,50.0,0,,0,,,,,,,,,,,,,,,,,,,Unknown,,Unknown,,No,100.0,1.0,1.0,50.0,1.0,1.0,43.7,Current-Season Handedness Matchup,Pull Air %,Barrel %,Max Exit Velocity,50.0,50.0,50.0,35.2,50.0,45.0,46.3,4.9,0.939,1.0,1.0,0.94,0.931,0.875,0.98,9.06,6.0,73.2,19.8,F,Probable SP unavailable; Lineup unconfirmed,,,,,,
96,2026-09-11,822930,2026-09-11T23:10:00Z,Scheduled,Tropicana Field,Houston Astros @ Tampa Bay Rays,Home,689414,Liam Hicks,Tampa Bay Rays,Houston Astros,C,L,No,,130,512,442,127,13,1,18,63,79,51,11,50,0.287,0.37,0.443,0.813,10,32,30,10,1,0.333,0.0312,21,71,62,19,2,0.306,0.0282,645,85,2.6,18.8,50.9,24.7,24.1,14.3,30.8,50.4,28.8,3.4,3.1,3.4,100.0,80.7,17.4,0.417,66.1,93.1,108.9,3.0,9.0,0.7,42.5,23.6,Weak,2.0,Pull Power,A,Excellent HR swing plane,23.6,Weak,0.926,Good,2.4,44.8,92.4,0.444,Derived proxy,Derived proxy,Derived proxy,Derived proxy,,,19.38,1.38,Near expected,Weak Pull Power profile. 2.6% barrel rate; 80.7 mph average exit velocity; 30.8% air-ball rate; 50.4% pull-air rate; 3.4% HR-launch rate.,0.0352,0.0346,4.09,5,2,24.6,0.2,20.4,Very recent HR,699044.0,Miguel Ullola,R,LHB vs RHP,5,0,7.0,3.86,0.86,2,2.57,12.86,1.29,32.0,9.4,28.1,28.1,50.0,25.0,85.2,96.0,108.3,0.736,2.0,19.9,100.0,0.419,3.5,4-Seam Fastball,L,LHB vs RHP,38.5,403,0.315,0.397,0.503,0.9,17,42,33,0.0422,3.3,0.434,14,0.0714,11.8,0.614,0,0,0,0/0,,,,,0,0,0,34.3,Slight Pitcher Advantage,Below average,50.0,5,Pitch-level Statcast · last 5 MLB games,106,4-Seam Fastball,73.58490566037736,78.0,Slider,22.641509433962263,24.0,Curveball,2.830188679245283,3.0,Changeup,0.9433962264150944,1.0,,,,,,,Unknown,,Unknown,,No,100.0,1.0,1.0,50.0,0.94,1.019,44.0,Current-Season Handedness Matchup,Pull Air %,Barrel %,Max Exit Velocity,38.5,69.1,19.9,32.9,50.0,45.0,46.3,4.89,0.946,1.024,1.025,1.0,0.926,0.926,0.98,13.4,7.92,82.7,26.7,F,Lineup unconfirmed,,,,,,
97,2026-09-11,825036,2026-09-12T01:40:00Z,Scheduled,Chase Field,Texas Rangers @ Arizona Diamondbacks,Home,691783,Jordan Lawlar,Arizona Diamondbacks,Texas Rangers,CF,R,No,,31,99,89,23,2,0,4,12,10,4,5,29,0.258,0.327,0.416,0.743,10,25,23,5,1,0.217,0.04,19,55,51,11,3,0.216,0.0545,120,63,2.7,14.8,38.3,26.6,35.1,19.1,31.2,45.6,30.0,5.5,3.3,5.5,139.2,81.3,12.2,0.532,66.7,92.6,105.6,5.1,8.2,1.9,55.3,24.2,Weak,2.0,Pull Power,A,Excellent HR swing plane,24.2,Weak,0.928,Good,3.2,45.0,92.0,0.531,Derived proxy,Derived proxy,Derived proxy,Derived proxy,,,3.8,-0.2,Near expected,Weak Pull Power profile. 2.7% barrel rate; 81.3 mph average exit velocity; 31.2% air-ball rate; 45.6% pull-air rate; 5.5% HR-launch rate.,0.0404,0.0358,3.99,16,7,22.2,0.72,71.9,Recently homered,,TBD,,Unknown,0,0,0.0,0.0,0.0,0,0.0,0.0,0.0,,,,,,,,,,,,50.0,0.0,,,Unknown,R,Unknown,50.0,0,,,,,0,0,0,,,,0,,,,0,0,0,0/0,,,,,0,0,0,50.0,Neutral Matchup,Average,50.0,0,,0,,,,,,,,,,,,,,,,,,,Unknown,,Unknown,,No,100.0,1.0,1.0,50.0,1.0,1.0,43.7,Current-Season Handedness Matchup,Pull Air %,Barrel %,Max Exit Velocity,50.0,50.0,50.0,34.0,50.0,45.0,46.2,4.88,1.12,1.0,1.0,1.0,0.928,0.928,1.0,13.54,9.0,53.5,23.3,F,Probable SP unavailable; Lineup unconfirmed,,,,,,
98,2026-09-11,825036,2026-09-12T01:40:00Z,Scheduled,Chase Field,Texas Rangers @ Arizona Diamondbacks,Away,607043,Brandon Nimmo,Texas Rangers,Arizona Diamondbacks,RF,L,No,,141,597,540,141,31,4,14,56,58,46,7,129,0.261,0.325,0.411,0.736,12,51,47,14,1,0.298,0.0196,26,111,101,20,1,0.198,0.009,852,161,4.2,28.3,45.8,25.5,28.1,12.7,24.9,34.5,29.5,7.5,4.0,7.5,29.9,85.0,17.8,0.532,70.7,96.2,111.6,27.7,12.9,7.5,51.4,30.9,Weak,2.0,Contact-First Profile,A,Excellent HR swing plane,30.9,Weak,0.947,Good,2.5,31.4,95.7,0.391,Derived proxy,Derived proxy,Derived proxy,Derived proxy,,,36.27,22.27,Strong positive regression,Weak Contact-First Profile profile. 4.2% barrel rate; 85.0 mph average exit velocity; 24.9% air-ball rate; 34.5% pull-air rate; 7.5% HR-launch rate.,0.0235,0.0249,4.05,43,11,38.6,1.11,111.5,Near normal interval,,TBD,,Unknown,0,0,0.0,0.0,0.0,0,0.0,0.0,0.0,,,,,,,,,,,,50.0,0.0,,,Unknown,L,Unknown,50.0,0,,,,,0,0,0,,,,0,,,,0,0,0,0/0,,,,,0,0,0,50.0,Neutral Matchup,Average,50.0,0,,0,,,,,,,,,,,,,,,,,,,Unknown,,Unknown,,No,100.0,1.0,1.0,50.0,1.0,1.0,45.0,Current-Season Handedness Matchup,Pull Air %,Barrel %,Max Exit Velocity,50.0,50.0,50.0,27.1,50.0,45.0,46.2,4.87,0.854,1.0,1.0,1.0,0.947,0.947,1.0,9.7,6.23,75.0,23.4,F,Probable SP unavailable; Lineup unconfirmed,,,,,,
99,2026-09-11,824227,2026-09-11T22:40:00Z,Scheduled,Comerica Park,Colorado Rockies @ Detroit Tigers,Home,701678,Hao-Yu Lee,Detroit Tigers,Colorado Rockies,2B,R,No,,100,297,270,69,13,1,8,33,37,24,0,73,0.256,0.314,0.4,0.714,11,44,35,6,1,0.171,0.0227,24,86,72,16,2,0.222,0.0233,354,100,4.7,24.4,32.3,27.0,40.7,13.2,26.1,40.1,24.8,7.6,4.0,7.6,46.4,83.2,17.0,0.536,69.9,95.5,112.2,21.9,11.8,5.7,52.9,30.5,Weak,2.0,Contact-First Profile,A,Excellent HR swing plane,30.5,Weak,0.945,Good,4.0,45.0,95.5,0.542,Derived proxy,Derived proxy,Derived proxy,Derived proxy,,,16.23,8.23,Strong positive regression,Weak Contact-First Profile profile. 4.7% barrel rate; 83.2 mph average exit velocity; 26.1% air-ball rate; 40.1% pull-air rate; 7.6% HR-launch rate.,0.0269,0.0284,3.99,26,8,33.8,0.77,77.0,Recently homered,690279.0,Mason Adams,R,RHB vs RHP,3,3,13.2,3.95,1.61,4,2.63,11.2,3.95,80.0,6.2,31.2,15.0,40.9,23.8,84.7,96.9,109.1,0.783,4.0,43.0,100.0,0.6,6.0,4-Seam Fastball,R,RHB vs RHP,43.8,166,0.27,0.343,0.439,0.783,6,17,41,0.0361,5.2,0.539,28,0.1071,8.3,0.961,0,0,0,0/0,,,,,0,0,0,44.8,Neutral Matchup,Average,50.0,3,Pitch-level Statcast · last 5 MLB games,227,4-Seam Fastball,33.03964757709251,75.0,Sinker,26.87224669603524,61.0,Curveball,16.29955947136564,37.0,Sweeper,12.334801762114537,28.0,Changeup,5.726872246696035,13.0,Cutter,5.726872246696035,13.0,Unknown,,Unknown,,No,100.0,1.0,1.0,50.0,0.986,0.988,46.1,Current-Season Handedness Matchup,Pull Air %,Barrel %,Max Exit Velocity,43.8,47.9,43.0,42.9,50.0,45.0,46.1,4.86,0.924,1.046,0.985,1.0,0.945,0.945,1.0,10.86,6.98,80.1,23.4,F,Lineup unconfirmed,,,,,,
100,2026-09-11,822684,2026-09-11T22:45:00Z,Scheduled,Nationals Park,Los Angeles Angels @ Washington Nationals,Home,686611,Dylan Crews,Washington Nationals,Los Angeles Angels,RF,R,No,,95,387,352,79,19,1,11,47,39,27,8,96,0.224,0.295,0.378,0.673,10,43,39,10,1,0.256,0.0233,25,98,90,23,1,0.256,0.0102,472,126,4.0,26.2,41.1,33.2,25.1,12.7,27.5,38.5,29.7,6.8,3.9,6.8,42.8,83.9,18.9,0.544,72.1,95.9,112.1,38.8,11.3,9.2,45.1,32.5,Weak,2.5,Contact-First Profile,A,Excellent HR swing plane,32.5,Weak,0.951,Good,2.4,34.4,95.8,0.51,Derived proxy,Derived proxy,Derived proxy,Derived proxy,,,19.3,8.3,Strong positive regression,Weak Contact-First Profile profile. 4.0% barrel rate; 83.9 mph average exit velocity; 27.5% air-ball rate; 38.5% pull-air rate; 6.8% HR-launch rate.,0.0284,0.0293,3.99,7,2,32.0,0.22,21.9,Very recent HR,579328.0,Yusei Kikuchi,L,RHB vs LHP,10,10,49.0,4.96,1.47,7,1.29,9.0,3.49,278.0,5.4,27.7,12.2,52.0,32.7,84.5,96.7,116.2,0.61,7.0,49.4,100.0,0.649,6.7,4-Seam Fastball,R,RHB vs LHP,49.6,121,0.278,0.355,0.509,0.865,6,12,28,0.0496,7.2,0.662,165,0.0364,5.6,0.639,0,0,0,0/0,,,,,0,0,0,49.6,Neutral Matchup,Average,50.0,5,Pitch-level Statcast · last 5 MLB games,395,4-Seam Fastball,50.88607594936709,201.0,Slider,23.79746835443038,94.0,Split-Finger,14.430379746835444,57.0,Curveball,10.886075949367088,43.0,,,,,,,Unknown,,Unknown,,No,100.0,1.0,1.0,50.0,0.999,0.979,47.2,Current-Season Handedness Matchup,Pull Air %,Barrel %,Max Exit Velocity,49.6,45.7,49.4,30.0,50.0,45.0,46.0,4.84,0.856,1.021,1.025,1.0,0.951,0.951,0.98,11.18,6.8,84.8,23.1,F,Lineup unconfirmed,,,,,,
