Rank,Date,Game PK,Game Time UTC,Game Status,Venue,Matchup,Home/Away,Player ID,Player,Team,Opponent,Position,Bats,Confirmed Lineup,Lineup Spot,G,PA,AB,H,2B,3B,HR,R,RBI,BB,HBP,SO,AVG,OBP,SLG,OPS,L14 G,L14 PA,L14 AB,L14 H,L14 HR,L14 AVG,L14 HR/PA,L30 G,L30 PA,L30 AB,L30 H,L30 HR,L30 AVG,L30 HR/PA,Statcast BBE,L30 Statcast BBE,Barrel %,Hard Hit %,Pull %,Center %,Oppo %,Fly Ball %,Air Ball %,Pull Air %,Sweet Spot %,HR Launch %,Ideal HR Contact %,Ideal Contact %,HR/Barrel %,Avg Exit Velocity,Avg Launch Angle,xSLG on Contact,Avg Bat Speed,EV50,Max Exit Velocity,Fast Swing Rate %,Squared-Up Rate %,Blast Rate %,Ideal Attack Angle %,Power DNA Score,Power DNA Label,Power DNA Stars,Power Archetype,Swing Plane Grade,Swing Plane Label,Power Profile Score,Power Profile Label,Power Profile Multiplier,Power Profile Data Quality,L30 Barrel %,L30 Pull Air %,L30 EV50,L30 xSLG on Contact,Fast Swing Source,Squared-Up Source,Blast Source,Ideal Attack Angle Source,Barrels per PA,Barrels per PA %,Estimated xHR,xHR Minus Actual HR,HR Regression Label,AI Power Outlook,Raw HR/PA,Bayesian HR/PA,Expected PA,AB Since Last HR,Games Since Last HR,AB/HR,Due Ratio,Due Meter Pct,Due Label,Opposing SP ID,Opposing SP,Opposing SP Throws,Platoon,SP G,SP GS,SP IP,SP ERA,SP WHIP,SP HR,SP HR/9,SP K/9,SP BB/9,SP Statcast BBE,SP Barrel % Allowed,SP Hard Hit % Allowed,SP Fly Ball % Allowed,SP Pull Air % Allowed,SP Sweet Spot % Allowed,SP Avg EV Allowed,SP EV50 Allowed,SP Max EV Allowed,SP xSLG on Contact Allowed,SP Statcast HR Allowed,Pitch Type Matchup Score,Pitch Mix Coverage %,Weighted xSLG vs Pitch Mix,Weighted Barrel % vs Pitch Mix,Primary Pitch Matchup,Effective Batter Side,Handedness Matchup,Handedness Matchup Score,Hitter Split PA,Hitter Split AVG,Hitter Split OBP,Hitter Split SLG,Hitter Split OPS,Hitter Split HR,Hitter Split BB,Hitter Split K,Hitter HR/PA vs Hand,Hitter Barrel % vs Hand,Hitter xSLG vs Hand,Pitcher Split PA Allowed,Pitcher HR/PA Allowed vs Side,Pitcher Barrel % Allowed vs Side,Pitcher xSLG Allowed vs Side,Career BvP PA,Career BvP AB,Career BvP H,Career BvP Results,Career BvP AVG,Career BvP OBP,Career BvP SLG,Career BvP OPS,Career BvP HR,Career BvP BB,Career BvP K,Hitter vs Pitcher Matchup Score,Hitter vs Pitcher Matchup Label,Hitter vs Pitcher Matchup Band,Career BvP Component Score,Recent Pitch Mix Games,Recent Pitch Mix Source,Recent Pitch Mix Total,Recent Pitch 1 Name,Recent Pitch 1 Usage %,Recent Pitch 1 Count,Recent Pitch 2 Name,Recent Pitch 2 Usage %,Recent Pitch 2 Count,Recent Pitch 3 Name,Recent Pitch 3 Usage %,Recent Pitch 3 Count,Recent Pitch 4 Name,Recent Pitch 4 Usage %,Recent Pitch 4 Count,Recent Pitch 5 Name,Recent Pitch 5 Usage %,Recent Pitch 5 Count,Recent Pitch 6 Name,Recent Pitch 6 Usage %,Recent Pitch 6 Count,Weather Condition,Temperature F,Wind,Wind MPH,Roof Closed,Park HR Factor,Park Multiplier,Weather Multiplier,Environment Score,Pitch Fit Multiplier,Pitcher Contact Multiplier,Hitter Power Component,Hitter Power Primary Metric,Hitter Power Secondary Metric,Hitter Power Third Metric,Hitter Power Fourth Metric,Handedness Matchup Component,Pitcher Vulnerability Component,Pitch Type Component,Recent Power Component,Environment Component,Lineup Component,HR Target Score,Target Score Probability %,Recent Form Multiplier,Pitcher HR Multiplier,Platoon Multiplier,Legacy OPS/SLG Multiplier,Statcast Power Multiplier,Power Multiplier,Due Multiplier,Baseline HR Probability %,HR Probability %,Model Confidence %,HR Model Score,Grade,Data Quality,Recent Pitch 7 Name,Recent Pitch 7 Usage %,Recent Pitch 7 Count
1,2026-08-10,822780,2026-08-10T23:07:00Z,Scheduled,Rogers Centre,Boston Red Sox @ Toronto Blue Jays,Away,575929,Willson Contreras,Boston Red Sox,Toronto Blue Jays,1B,R,No,,107,439,368,105,18,2,23,58,70,47,21,112,0.285,0.394,0.533,0.927,9,35,26,7,1,0.269,0.0286,19,75,56,16,3,0.286,0.04,513,75,9.5,29.6,47.7,26.7,25.1,17.3,30.1,50.3,33.6,7.7,3.7,7.7,45.5,84.2,19.3,0.719,75.1,97.8,116.5,67.1,12.0,15.2,45.8,51.3,Average,3.0,Pull Power,A,Excellent HR swing plane,51.3,Average,1.004,Good,9.3,48.1,97.7,0.692,Derived proxy,Derived proxy,Derived proxy,Derived proxy,,,40.27,17.27,Strong positive regression,Average Pull Power profile. 9.5% barrel rate; 84.2 mph average exit velocity; 30.1% air-ball rate; 50.3% pull-air rate; 7.7% HR-launch rate.,0.0524,0.048,4.31,18,6,16.0,1.12,112.5,Near normal interval,592791,Jameson Taillon,R,RHB vs RHP,16,16,80.0,5.96,1.39,26,2.93,8.1,3.26,433,8.8,24.7,21.9,48.6,34.6,83.0,95.6,112.4,0.703,26,54.2,99.7,0.643,9.5,4-Seam Fastball,R,RHB vs RHP,62.1,322,0.287,0.388,0.522,0.91,16,29,90,0.0497,8.3,0.701,167,0.0719,8.0,0.662,6,6,2,2/6,0.333,0.333,0.667,1.0,0,0,3,57.4,Neutral Matchup,Average,52.7,5,Pitch-level Statcast · last 5 MLB games,358,4-Seam Fastball,23.18435754189944,83,Changeup,19.83240223463687,71,Sweeper,19.273743016759777,69,Cutter,15.083798882681565,54,Curveball,12.569832402234637,45.0,Sinker,10.05586592178771,36.0,Unknown,,Unknown,,No,100.0,1.0,1.0,50.0,1.008,1.013,68.2,Current-Season Handedness Matchup,Pull Air %,Barrel %,Max Exit Velocity,62.1,60.9,54.2,62.1,50.0,45.0,61.5,9.54,0.881,1.2,0.985,1.03,1.004,1.034,1.0,19.11,14.63,83.0,40.9,D+,Lineup unconfirmed,,,
2,2026-08-10,823918,2026-08-11T02:10:00Z,Scheduled,UNIQLO Field at Dodger Stadium,Kansas City Royals @ Los Angeles Dodgers,Home,660271,Shohei Ohtani,Los Angeles Dodgers,Kansas City Royals,TWP,L,No,,112,496,415,121,22,2,26,73,71,69,5,114,0.292,0.395,0.542,0.937,11,49,42,16,4,0.381,0.0816,21,94,84,25,5,0.298,0.0532,550,105,9.8,31.8,56.2,16.5,25.6,17.2,31.2,47.0,35.9,9.3,4.9,9.3,48.2,85.2,16.3,0.788,72.8,98.3,116.0,42.3,15.7,12.8,46.4,53.1,Average,3.0,Pull Power,A,Excellent HR swing plane,53.1,Average,1.009,Good,9.5,47.1,98.0,0.79,Derived proxy,Derived proxy,Derived proxy,Derived proxy,,,45.92,19.92,Strong positive regression,Average Pull Power profile. 9.8% barrel rate; 85.2 mph average exit velocity; 31.2% air-ball rate; 47.0% pull-air rate; 9.3% HR-launch rate.,0.0524,0.0484,4.25,11,3,16.0,0.69,68.9,Recently homered,702070,Noah Cameron,L,LHB vs LHP,22,21,123.2,4.37,1.29,14,1.02,8.44,2.91,673,5.5,25.4,13.8,45.7,32.4,82.5,95.4,115.9,0.563,14,69.5,99.9,0.799,9.3,4-Seam Fastball,L,LHB vs LHP,61.1,162,0.299,0.36,0.576,0.937,11,12,39,0.0679,9.4,0.775,128,0.0312,8.0,0.619,3,2,2,2/2,1.0,1.0,3.5,4.5,1,1,0,63.3,Slight Hitter Advantage,Above average,57.5,5,Pitch-level Statcast · last 5 MLB games,490,Cutter,22.448979591836736,110,Changeup,21.632653061224488,106,4-Seam Fastball,18.979591836734695,93,Curveball,18.775510204081634,92,Slider,14.081632653061224,69.0,Sinker,4.081632653061225,20.0,Unknown,,Unknown,,No,100.0,1.0,1.0,50.0,1.039,0.98,66.8,Current-Season Handedness Matchup,Pull Air %,Barrel %,Max Exit Velocity,61.1,40.3,69.5,62.1,50.0,45.0,58.0,7.88,1.168,0.987,0.985,1.03,1.009,1.039,1.0,19.03,14.46,84.5,39.3,D+,Lineup unconfirmed,,,
3,2026-08-10,822780,2026-08-10T23:07:00Z,Scheduled,Rogers Centre,Boston Red Sox @ Toronto Blue Jays,Away,663330,Jahmai Jones,Boston Red Sox,Toronto Blue Jays,DH,R,No,,70,128,116,23,6,0,4,15,12,12,0,42,0.198,0.273,0.353,0.626,7,14,13,7,1,0.538,0.0714,13,23,21,10,2,0.476,0.087,139,24,6.0,33.1,59.3,20.1,17.5,13.8,29.6,73.1,31.1,6.5,5.5,6.5,70.0,84.9,15.0,0.698,71.3,97.3,110.1,30.7,15.6,9.8,53.0,44.8,Below Average,3.0,Pull Power,A,Excellent HR swing plane,44.8,Below Average,0.985,Good,8.3,100.0,98.9,0.863,Derived proxy,Derived proxy,Derived proxy,Derived proxy,,,8.65,4.65,Strong positive regression,Below Average Pull Power profile. 6.0% barrel rate; 84.9 mph average exit velocity; 29.6% air-ball rate; 73.1% pull-air rate; 6.5% HR-launch rate.,0.0312,0.0316,3.87,8,5,29.0,0.28,27.6,Very recent HR,592791,Jameson Taillon,R,RHB vs RHP,16,16,80.0,5.96,1.39,26,2.93,8.1,3.26,433,8.8,24.7,21.9,48.6,34.6,83.0,95.6,112.4,0.703,26,47.4,99.7,0.67,4.7,4-Seam Fastball,R,RHB vs RHP,53.0,21,0.095,0.095,0.095,0.19,0,0,9,0.0,0.0,0.387,167,0.0719,8.0,0.662,0,0,0,0/0,,,,,0,0,0,50.5,Neutral Matchup,Average,50.0,5,Pitch-level Statcast · last 5 MLB games,358,4-Seam Fastball,23.18435754189944,83,Changeup,19.83240223463687,71,Sweeper,19.273743016759777,69,Cutter,15.083798882681565,54,Curveball,12.569832402234637,45.0,Sinker,10.05586592178771,36.0,Unknown,,Unknown,,No,100.0,1.0,1.0,50.0,0.995,1.013,58.4,Current-Season Handedness Matchup,Pull Air %,Barrel %,Max Exit Velocity,53.0,60.9,47.4,65.8,50.0,45.0,56.9,7.46,1.24,1.2,0.985,0.975,0.985,0.961,0.98,11.69,11.29,63.0,26.9,F,Lineup unconfirmed,,,
4,2026-08-10,823189,2026-08-11T01:45:00Z,Scheduled,Oracle Park,Houston Astros @ San Francisco Giants,Away,670541,Yordan Alvarez,Houston Astros,San Francisco Giants,DH,L,No,,117,517,426,137,24,0,35,79,86,82,6,90,0.322,0.435,0.624,1.059,11,53,42,13,1,0.31,0.0189,22,102,80,28,4,0.35,0.0392,644,114,8.8,32.2,49.8,17.8,32.0,19.0,33.7,45.2,31.3,8.0,4.9,8.0,53.6,86.1,24.5,0.824,74.9,98.6,117.5,56.6,15.9,18.4,42.7,53.6,Average,3.0,Pull Power,A-,Elevated power plane,53.6,Average,1.01,Good,7.0,45.9,98.3,0.733,Derived proxy,Derived proxy,Derived proxy,Derived proxy,,,49.2,14.2,Strong positive regression,Average Pull Power profile. 8.8% barrel rate; 86.1 mph average exit velocity; 33.7% air-ball rate; 45.2% pull-air rate; 8.0% HR-launch rate.,0.0677,0.061,4.31,38,10,12.2,3.12,312.2,Very long drought,694918,Blade Tidwell,R,LHB vs RHP,9,1,17.0,3.18,1.18,1,0.53,6.88,2.12,90,4.4,31.1,7.8,55.6,25.6,84.3,96.4,110.1,0.42,1,78.5,100.0,0.921,11.3,Sweeper,L,LHB vs RHP,61.3,381,0.345,0.47,0.671,1.141,26,70,67,0.0682,10.1,0.901,37,0.027,7.5,0.474,0,0,0,0/0,,,,,0,0,0,65.0,Slight Hitter Advantage,Above average,50.0,5,Pitch-level Statcast · last 5 MLB games,195,Sweeper,35.8974358974359,70,4-Seam Fastball,32.82051282051282,64,Sinker,13.333333333333334,26,Slider,10.256410256410257,20,Changeup,6.153846153846154,12.0,Curveball,1.5384615384615385,3.0,Unknown,,Unknown,,No,91.0,0.91,1.0,33.8,1.057,0.969,65.5,Current-Season Handedness Matchup,Pull Air %,Barrel %,Max Exit Velocity,61.3,35.4,78.5,56.1,33.8,45.0,55.9,7.1,0.793,0.978,1.025,1.08,1.01,1.091,1.06,23.75,13.2,85.0,47.0,C-,Lineup unconfirmed,,,
5,2026-08-10,823675,2026-08-10T23:40:00Z,Scheduled,Target Field,Baltimore Orioles @ Minnesota Twins,Away,687952,Christian Encarnacion-Strand,Baltimore Orioles,Minnesota Twins,3B,R,No,,17,60,54,13,3,0,3,5,11,4,1,14,0.241,0.305,0.463,0.768,10,30,27,3,0,0.111,0.0,17,60,54,13,3,0.241,0.05,95,95,10.5,21.1,41.5,26.8,31.7,11.6,23.2,45.5,32.6,8.4,4.2,8.4,30.0,83.0,18.3,0.771,70.9,94.7,111.0,26.3,12.6,6.0,48.1,42.4,Below Average,2.5,Pull Power,A,Excellent HR swing plane,42.4,Below Average,0.979,Good,10.5,45.5,94.7,0.771,Derived proxy,Derived proxy,Derived proxy,Derived proxy,,,7.86,4.86,Strong positive regression,Below Average Pull Power profile. 10.5% barrel rate; 83.0 mph average exit velocity; 23.2% air-ball rate; 45.5% pull-air rate; 8.4% HR-launch rate.,0.05,0.038,4.05,34,12,18.0,1.89,188.9,Above normal drought,665152,Dean Kremer,R,RHB vs RHP,8,8,41.0,5.93,1.32,12,2.63,8.78,2.85,226,5.3,21.7,19.9,56.9,31.4,81.0,92.9,108.6,0.614,12,74.5,57.3,0.842,9.7,4-Seam Fastball,R,RHB vs RHP,47.5,35,0.152,0.2,0.212,0.412,0,1,6,0.0,6.9,0.533,68,0.0735,4.4,0.652,2,2,1,1/2,0.5,0.5,0.5,1.0,0,0,0,57.6,Neutral Matchup,Average,50.9,5,Pitch-level Statcast · last 5 MLB games,430,4-Seam Fastball,26.046511627906977,112,Split-Finger,22.325581395348838,96,Cutter,21.627906976744185,93,Sinker,15.348837209302326,66,Curveball,13.720930232558139,59.0,Slider,0.9302325581395349,4.0,Unknown,,Unknown,,No,100.0,1.0,1.0,50.0,1.049,0.978,57.1,Current-Season Handedness Matchup,Pull Air %,Barrel %,Max Exit Velocity,47.5,41.2,74.5,56.2,50.0,45.0,54.9,6.77,0.914,1.143,0.985,1.0,0.979,0.979,1.035,14.52,10.68,61.1,32.6,D,Small season sample; Lineup unconfirmed,,,
6,2026-08-10,823018,2026-08-10T23:45:00Z,Scheduled,Busch Stadium,Philadelphia Phillies @ St. Louis Cardinals,Away,656941,Kyle Schwarber,Philadelphia Phillies,St. Louis Cardinals,DH,L,No,,113,503,417,103,13,1,35,68,68,76,6,173,0.247,0.369,0.535,0.904,10,46,32,6,2,0.188,0.0435,21,94,72,16,3,0.222,0.0319,560,93,8.1,30.0,57.7,18.5,23.5,13.0,27.1,52.6,30.5,7.8,4.6,7.8,66.2,85.3,20.1,0.759,74.4,97.6,113.1,65.0,14.6,15.2,62.1,51.4,Average,3.0,Pull Power,A-,Elevated power plane,51.4,Average,1.004,Good,4.3,44.0,95.5,0.606,Derived proxy,Derived proxy,Derived proxy,Derived proxy,,,40.58,5.58,Strong positive regression,Average Pull Power profile. 8.1% barrel rate; 85.3 mph average exit velocity; 27.1% air-ball rate; 52.6% pull-air rate; 7.8% HR-launch rate.,0.0696,0.0623,4.23,0,0,11.9,0.0,0.0,Very recent HR,690928,Hunter Dobbins,R,LHB vs RHP,8,5,40.0,3.6,1.3,6,1.35,8.1,3.15,233,4.7,24.0,12.9,61.4,31.8,83.8,95.0,109.8,0.479,6,66.5,100.0,0.756,9.9,4-Seam Fastball,L,LHB vs RHP,58.1,317,0.226,0.351,0.517,0.869,23,50,117,0.0726,11.2,0.852,91,0.022,4.7,0.492,0,0,0,0/0,,,,,0,0,0,59.4,Slight Hitter Advantage,Above average,50.0,5,Pitch-level Statcast · last 5 MLB games,443,4-Seam Fastball,31.151241534988714,138,Sweeper,17.381489841986458,77,Slider,16.478555304740407,73,Sinker,13.769751693002258,61,Split-Finger,12.415349887133182,55.0,Curveball,8.803611738148984,39.0,Unknown,,Unknown,,No,100.0,1.0,1.0,50.0,1.033,0.972,64.1,Current-Season Handedness Matchup,Pull Air %,Barrel %,Max Exit Velocity,58.1,36.8,66.5,42.6,50.0,45.0,53.9,6.47,0.846,1.023,1.025,1.03,1.004,1.034,0.98,23.84,13.33,84.5,37.0,D+,Lineup unconfirmed,,,
7,2026-08-10,822780,2026-08-10T23:07:00Z,Scheduled,Rogers Centre,Boston Red Sox @ Toronto Blue Jays,Away,677800,Wilyer Abreu,Boston Red Sox,Toronto Blue Jays,RF,L,No,,114,496,435,111,23,3,20,64,63,50,2,102,0.255,0.33,0.46,0.79,11,50,41,12,5,0.293,0.1,23,100,86,19,9,0.221,0.09,680,126,7.7,27.1,38.9,28.7,32.2,19.8,30.8,34.6,32.6,9.5,6.6,9.5,54.5,82.8,24.6,0.695,72.3,95.7,111.9,35.2,13.5,11.4,46.3,40.3,Below Average,2.5,Contact-First Profile,A-,Elevated power plane,40.3,Below Average,0.973,Good,9.5,29.3,96.9,0.805,Derived proxy,Derived proxy,Derived proxy,Derived proxy,,,43.83,23.83,Strong positive regression,Below Average Contact-First Profile profile. 7.7% barrel rate; 82.8 mph average exit velocity; 30.8% air-ball rate; 34.6% pull-air rate; 9.5% HR-launch rate.,0.0403,0.0387,4.05,9,3,21.8,0.41,41.4,Recently homered,592791,Jameson Taillon,R,LHB vs RHP,16,16,80.0,5.96,1.39,26,2.93,8.1,3.26,433,8.8,24.7,21.9,48.6,34.6,83.0,95.6,112.4,0.703,26,51.0,99.7,0.646,7.7,4-Seam Fastball,L,LHB vs RHP,61.2,343,0.224,0.292,0.428,0.72,15,32,78,0.0437,7.2,0.662,180,0.0778,9.5,0.744,0,0,0,0/0,,,,,0,0,0,55.4,Neutral Matchup,Average,50.0,5,Pitch-level Statcast · last 5 MLB games,358,4-Seam Fastball,23.18435754189944,83,Changeup,19.83240223463687,71,Sweeper,19.273743016759777,69,Cutter,15.083798882681565,54,Curveball,12.569832402234637,45.0,Sinker,10.05586592178771,36.0,Unknown,,Unknown,,No,100.0,1.0,1.0,50.0,1.002,1.013,53.5,Current-Season Handedness Matchup,Pull Air %,Barrel %,Max Exit Velocity,61.2,60.9,51.0,43.2,50.0,45.0,53.8,6.44,1.35,1.2,1.025,1.0,0.973,0.973,1.0,14.77,14.03,85.0,36.5,D+,Lineup unconfirmed,,,
8,2026-08-10,825048,2026-08-11T01:40:00Z,Scheduled,Chase Field,Colorado Rockies @ Arizona Diamondbacks,Away,696100,Hunter Goodman,Colorado Rockies,Arizona Diamondbacks,C,R,No,,108,449,405,103,16,0,34,67,69,37,4,151,0.254,0.321,0.546,0.867,10,41,39,8,3,0.205,0.0732,19,77,71,19,7,0.268,0.0909,536,85,8.5,28.1,46.6,30.4,22.4,19.6,29.8,49.9,26.7,7.1,4.4,7.1,83.0,83.1,22.6,0.741,73.6,96.1,113.7,46.1,12.3,10.1,62.4,46.1,Below Average,3.0,Pull Power,A-,Elevated power plane,46.1,Below Average,0.989,Good,8.2,42.9,94.7,0.749,Derived proxy,Derived proxy,Derived proxy,Derived proxy,,,37.53,3.53,Positive regression,Below Average Pull Power profile. 8.5% barrel rate; 83.1 mph average exit velocity; 29.8% air-ball rate; 49.9% pull-air rate; 7.1% HR-launch rate.,0.0757,0.0665,4.15,0,0,11.9,0.0,0.0,Very recent HR,647336,Michael Soroka,R,RHB vs RHP,15,15,82.0,3.07,1.09,6,0.66,8.67,1.87,470,5.5,20.4,13.8,45.5,31.9,81.4,93.2,115.5,0.548,6,64.9,67.4,0.747,9.6,4-Seam Fastball,R,RHB vs RHP,54.6,305,0.244,0.302,0.559,0.861,26,20,98,0.0852,8.8,0.731,131,0.0153,6.8,0.454,10,9,1,1/9,0.111,0.2,0.111,0.311,0,1,6,52.3,Neutral Matchup,Average,25.0,5,Pitch-level Statcast · last 5 MLB games,385,4-Seam Fastball,31.948051948051948,123,Slurve,31.68831168831169,122,Changeup,15.324675324675324,59,Cutter,9.61038961038961,37,Sinker,9.61038961038961,37.0,Sweeper,1.8181818181818181,7.0,Unknown,,Unknown,,No,100.0,1.0,1.0,50.0,1.03,0.98,61.4,Current-Season Handedness Matchup,Pull Air %,Barrel %,Max Exit Velocity,54.6,37.2,64.9,48.6,50.0,45.0,53.2,6.27,1.088,0.93,0.985,1.03,0.989,1.019,0.98,24.84,14.67,83.2,38.4,D+,Lineup unconfirmed,,,
9,2026-08-10,823918,2026-08-11T02:10:00Z,Scheduled,UNIQLO Field at Dodger Stadium,Kansas City Royals @ Los Angeles Dodgers,Home,571970,Max Muncy,Los Angeles Dodgers,Kansas City Royals,3B,L,No,,108,406,355,88,16,1,22,62,52,48,3,104,0.248,0.342,0.485,0.827,11,39,35,6,2,0.171,0.0513,20,73,64,12,5,0.188,0.0685,492,95,8.3,26.6,62.8,15.5,21.8,16.4,24.6,58.9,26.6,9.2,5.9,9.2,58.3,83.5,19.1,0.641,69.6,95.6,110.0,15.6,13.6,3.8,45.9,39.6,Below Average,2.5,Pull Power,A,Excellent HR swing plane,39.6,Below Average,0.971,Good,7.4,57.9,94.4,0.607,Derived proxy,Derived proxy,Derived proxy,Derived proxy,,,36.3,14.3,Strong positive regression,Below Average Pull Power profile. 8.3% barrel rate; 83.5 mph average exit velocity; 24.6% air-ball rate; 58.9% pull-air rate; 9.2% HR-launch rate.,0.0542,0.0491,4.09,7,3,16.1,0.43,43.4,Recently homered,702070,Noah Cameron,L,LHB vs LHP,22,21,123.2,4.37,1.29,14,1.02,8.44,2.91,673,5.5,25.4,13.8,45.7,32.4,82.5,95.4,115.9,0.563,14,61.8,99.9,0.72,9.4,4-Seam Fastball,L,LHB vs LHP,52.1,94,0.259,0.33,0.518,0.847,6,7,27,0.0638,6.8,0.617,128,0.0312,8.0,0.619,2,2,1,1/2,0.5,0.5,2.0,2.5,1,0,0,56.1,Neutral Matchup,Average,55.0,5,Pitch-level Statcast · last 5 MLB games,490,Cutter,22.448979591836736,110,Changeup,21.632653061224488,106,4-Seam Fastball,18.979591836734695,93,Curveball,18.775510204081634,92,Slider,14.081632653061224,69.0,Sinker,4.081632653061225,20.0,Unknown,,Unknown,,No,100.0,1.0,1.0,50.0,1.024,0.98,58.0,Current-Season Handedness Matchup,Pull Air %,Barrel %,Max Exit Velocity,52.1,40.3,61.8,54.8,50.0,45.0,52.7,6.14,1.081,0.987,0.985,1.0,0.971,0.971,1.0,18.62,11.94,82.8,33.3,D,Lineup unconfirmed,,,
10,2026-08-10,824887,2026-08-10T23:15:00Z,Scheduled,Truist Park,New York Mets @ Atlanta Braves,Away,682626,Francisco Alvarez,New York Mets,Atlanta Braves,C,R,No,,81,300,261,66,10,0,13,29,29,32,4,81,0.253,0.342,0.441,0.783,10,40,32,6,1,0.188,0.025,17,68,52,13,4,0.25,0.0588,339,62,12.2,29.0,42.3,41.4,16.4,14.7,26.5,44.2,33.5,10.1,7.2,10.1,38.9,84.3,17.3,0.73,72.3,97.1,112.4,39.3,14.3,9.5,56.3,50.7,Average,3.0,Pull Power,A,Excellent HR swing plane,50.7,Average,1.002,Good,16.1,38.9,97.0,0.832,Derived proxy,Derived proxy,Derived proxy,Derived proxy,,,32.71,19.71,Strong positive regression,Average Pull Power profile. 12.2% barrel rate; 84.3 mph average exit velocity; 26.5% air-ball rate; 44.2% pull-air rate; 10.1% HR-launch rate.,0.0433,0.0401,4.05,0,0,20.1,0.0,0.0,Very recent HR,693821,Bryce Elder,R,RHB vs RHP,22,22,126.2,3.69,1.2,19,1.35,7.39,2.98,648,4.5,27.3,15.4,41.2,29.3,84.3,96.5,113.0,0.497,19,58.3,99.9,0.674,9.9,Sinker,R,RHB vs RHP,51.6,222,0.263,0.345,0.479,0.825,11,22,57,0.0495,10.4,0.679,200,0.04,5.6,0.541,2,2,0,0/2,0.0,0.0,0.0,0.0,0,0,0,52.6,Neutral Matchup,Average,45.0,5,Pitch-level Statcast · last 5 MLB games,421,Sinker,33.2541567695962,140,Cutter,21.852731591448933,92,4-Seam Fastball,17.577197149643705,74,Slider,16.389548693586697,69,Changeup,10.926365795724466,46.0,,,,Unknown,,Unknown,,No,103.0,1.03,1.0,55.4,1.017,0.97,61.4,Current-Season Handedness Matchup,Pull Air %,Barrel %,Max Exit Velocity,51.6,32.3,58.3,67.2,55.4,45.0,52.7,6.13,1.001,1.04,0.985,1.0,1.002,1.002,0.98,15.27,10.39,78.9,29.7,F,Lineup unconfirmed,,,
11,2026-08-10,824887,2026-08-10T23:15:00Z,Scheduled,Truist Park,New York Mets @ Atlanta Braves,Home,621566,Matt Olson,Atlanta Braves,New York Mets,1B,L,No,,118,516,458,122,29,0,34,83,72,52,3,129,0.266,0.343,0.552,0.895,12,49,45,13,7,0.289,0.1429,24,105,92,24,9,0.261,0.0857,715,135,9.5,28.4,50.5,24.6,24.7,15.9,24.9,48.4,31.5,9.4,6.1,9.4,56.6,84.7,22.2,0.757,72.7,97.4,111.7,44.9,13.9,14.0,46.0,50.4,Average,3.0,Pull Power,A-,Elevated power plane,50.4,Average,1.001,Good,11.1,46.9,96.3,0.82,Derived proxy,Derived proxy,Derived proxy,Derived proxy,,,58.01,24.01,Strong positive regression,Average Pull Power profile. 9.5% barrel rate; 84.7 mph average exit velocity; 24.9% air-ball rate; 48.4% pull-air rate; 9.4% HR-launch rate.,0.0659,0.0595,4.09,0,0,13.5,0.0,0.0,Very recent HR,681035,Christian Scott,R,LHB vs RHP,16,16,74.1,3.15,1.26,7,0.85,11.14,3.87,452,4.6,20.1,11.1,41.0,35.4,81.1,92.5,112.8,0.523,7,59.7,99.9,0.735,7.6,4-Seam Fastball,L,LHB vs RHP,56.2,299,0.265,0.355,0.573,0.928,21,36,74,0.0702,9.7,0.782,202,0.0297,4.9,0.517,3,3,0,0/3,0.0,0.0,0.0,0.0,0,0,3,54.7,Neutral Matchup,Average,42.5,5,Pitch-level Statcast · last 5 MLB games,452,4-Seam Fastball,47.56637168141593,215,Sweeper,22.345132743362832,101,Cutter,15.265486725663717,69,Curveball,10.398230088495575,47,Split-Finger,3.0973451327433628,14.0,Sinker,1.3274336283185841,6.0,Unknown,,Unknown,,No,103.0,1.03,1.0,55.4,1.019,0.971,62.0,Current-Season Handedness Matchup,Pull Air %,Barrel %,Max Exit Velocity,56.2,29.1,59.7,62.1,55.4,45.0,51.9,5.93,1.343,0.96,1.025,1.03,1.001,1.031,0.98,22.19,16.42,85.0,41.8,D+,Lineup unconfirmed,,,
12,2026-08-10,823018,2026-08-10T23:45:00Z,Scheduled,Busch Stadium,Philadelphia Phillies @ St. Louis Cardinals,Home,677592,Everson Pereira,St. Louis Cardinals,Philadelphia Phillies,RF,R,No,,29,92,82,18,5,0,4,9,11,6,3,30,0.22,0.293,0.427,0.72,7,13,11,2,1,0.182,0.0769,8,15,13,2,1,0.154,0.0667,104,16,7.9,25.0,49.2,10.6,40.2,14.5,22.7,51.7,25.8,8.7,7.9,8.7,55.7,81.5,15.3,0.686,71.7,94.4,108.1,42.9,11.7,7.4,63.7,43.4,Below Average,2.5,Pull Power,A,Excellent HR swing plane,43.4,Below Average,0.982,Good,12.5,50.0,94.2,0.876,Derived proxy,Derived proxy,Derived proxy,Derived proxy,,,6.93,2.93,Positive regression,Below Average Pull Power profile. 7.9% barrel rate; 81.5 mph average exit velocity; 22.7% air-ball rate; 51.7% pull-air rate; 8.7% HR-launch rate.,0.0435,0.037,3.99,2,2,20.5,0.1,9.8,Very recent HR,691725,Andrew Painter,R,RHB vs RHP,16,14,75.0,6.48,1.57,15,1.8,7.56,3.36,454,4.8,22.5,14.8,41.8,27.3,81.4,94.0,113.0,0.577,15,66.0,79.2,0.773,8.8,4-Seam Fastball,R,RHB vs RHP,51.9,59,0.204,0.254,0.444,0.699,3,2,18,0.0508,8.7,0.683,127,0.0472,5.4,0.596,0,0,0,0/0,,,,,0,0,0,56.4,Neutral Matchup,Average,50.0,5,Pitch-level Statcast · last 5 MLB games,372,4-Seam Fastball,28.225806451612904,105,Slider,21.50537634408602,80,Sweeper,19.35483870967742,72,Split-Finger,11.021505376344086,41,Sinker,7.795698924731183,29.0,Changeup,7.795698924731183,29.0,Unknown,,Unknown,,No,100.0,1.0,1.0,50.0,1.032,0.973,55.9,Current-Season Handedness Matchup,Pull Air %,Barrel %,Max Exit Velocity,51.9,34.0,66.0,63.9,50.0,45.0,51.7,5.88,1.201,1.112,0.985,1.0,0.982,0.982,0.98,13.96,11.1,59.8,27.2,F,Lineup unconfirmed,Curveball,4.301075268817204,16.0
13,2026-08-10,824969,2026-08-11T01:40:00Z,Scheduled,Sutter Health Park,Tampa Bay Rays @ Athletics,Away,691406,Junior Caminero,Tampa Bay Rays,Athletics,3B,R,No,,117,511,443,123,18,1,33,71,71,64,2,95,0.278,0.37,0.546,0.916,12,51,43,10,4,0.233,0.0784,24,104,91,24,5,0.264,0.0481,600,123,9.2,33.5,47.8,30.8,21.4,13.1,24.3,60.4,25.9,6.8,4.2,6.8,54.2,86.2,12.9,0.659,77.9,100.5,116.7,80.2,12.1,21.2,61.2,56.0,Average,3.0,Pull Power,A,Excellent HR swing plane,56.0,Average,1.017,Good,8.9,62.1,100.0,0.671,Derived proxy,Derived proxy,Derived proxy,Derived proxy,,,48.74,15.74,Strong positive regression,Average Pull Power profile. 9.2% barrel rate; 86.2 mph average exit velocity; 24.3% air-ball rate; 60.4% pull-air rate; 6.8% HR-launch rate.,0.0646,0.0584,4.23,10,3,13.4,0.74,74.5,Recently homered,682052,Jacob Lopez,L,RHB vs LHP,18,15,75.0,5.64,1.63,13,1.56,8.4,5.16,447,2.9,19.0,16.3,44.5,31.3,79.7,92.2,110.8,0.424,13,57.5,99.9,0.675,9.5,4-Seam Fastball,R,RHB vs LHP,44.8,140,0.301,0.436,0.531,0.967,7,26,19,0.05,9.0,0.644,254,0.0433,3.6,0.428,5,5,1,1/5,0.2,0.2,0.8,1.0,1,0,1,52.0,Neutral Matchup,Average,58.5,5,Pitch-level Statcast · last 5 MLB games,371,Slider,35.84905660377358,133,4-Seam Fastball,35.04043126684636,130,Cutter,22.10242587601078,82,Changeup,6.738544474393531,25,Sinker,0.2695417789757412,1.0,,,,Unknown,,Unknown,,No,100.0,1.0,1.0,50.0,1.015,0.954,63.9,Current-Season Handedness Matchup,Pull Air %,Barrel %,Max Exit Velocity,44.8,25.3,57.5,69.5,50.0,45.0,51.4,5.81,1.044,1.074,1.025,1.03,1.017,1.047,1.0,22.47,14.79,85.0,39.6,D+,Lineup unconfirmed,,,
14,2026-08-10,823675,2026-08-10T23:40:00Z,Scheduled,Target Field,Baltimore Orioles @ Minnesota Twins,Away,691723,Coby Mayo,Baltimore Orioles,Minnesota Twins,3B,R,No,,92,298,273,58,10,3,15,39,42,21,3,99,0.212,0.275,0.436,0.711,10,31,29,9,1,0.31,0.0323,19,52,50,15,3,0.3,0.0577,362,59,9.1,32.5,54.1,25.6,20.3,18.8,30.5,54.4,35.2,9.0,4.3,9.0,49.0,85.8,22.0,0.698,73.9,98.8,114.5,53.9,17.0,14.7,46.8,54.0,Average,3.0,Pull Power,A-,Elevated power plane,54.0,Average,1.011,Good,10.2,50.0,97.8,0.784,Derived proxy,Derived proxy,Derived proxy,Derived proxy,,,29.41,14.41,Strong positive regression,Average Pull Power profile. 9.1% barrel rate; 85.8 mph average exit velocity; 30.5% air-ball rate; 54.4% pull-air rate; 9.0% HR-launch rate.,0.0503,0.0451,3.99,10,4,18.2,0.55,54.9,Recently homered,665152,Dean Kremer,R,RHB vs RHP,8,8,41.0,5.93,1.32,12,2.63,8.78,2.85,226,5.3,21.7,19.9,56.9,31.4,81.0,92.9,108.6,0.614,12,37.4,99.7,0.563,5.1,Split-Finger,R,RHB vs RHP,40.5,194,0.179,0.237,0.302,0.539,4,12,70,0.0206,6.6,0.494,68,0.0735,4.4,0.652,0,0,0,0/0,,,,,0,0,0,41.3,Slight Pitcher Advantage,Below average,50.0,5,Pitch-level Statcast · last 5 MLB games,430,4-Seam Fastball,26.046511627906977,112,Split-Finger,22.325581395348838,96,Cutter,21.627906976744185,93,Sinker,15.348837209302326,66,Curveball,13.720930232558139,59.0,Slider,0.9302325581395349,4.0,Unknown,,Unknown,,No,100.0,1.0,1.0,50.0,0.975,0.978,62.0,Current-Season Handedness Matchup,Pull Air %,Barrel %,Max Exit Velocity,40.5,41.2,37.4,65.9,50.0,45.0,51.2,5.78,0.988,1.143,0.985,1.0,1.011,1.011,1.0,16.81,11.25,77.4,29.8,F,Lineup unconfirmed,,,
15,2026-08-10,823918,2026-08-11T02:10:00Z,Scheduled,UNIQLO Field at Dodger Stadium,Kansas City Royals @ Los Angeles Dodgers,Away,695506,Jac Caglianone,Kansas City Royals,Los Angeles Dodgers,RF,L,No,,110,426,394,104,21,2,20,51,49,27,4,113,0.264,0.317,0.48,0.797,12,49,47,17,4,0.362,0.0816,21,81,79,22,5,0.278,0.0617,538,108,8.9,36.1,53.1,25.7,21.2,12.8,26.7,46.1,28.2,6.3,4.2,6.3,45.2,86.6,10.6,0.693,75.9,100.7,115.8,73.5,16.2,23.5,44.9,54.7,Average,3.0,Pull Power,A,Excellent HR swing plane,54.7,Average,1.013,Good,9.3,44.8,101.7,0.651,Derived proxy,Derived proxy,Derived proxy,Derived proxy,,,40.83,20.83,Strong positive regression,Average Pull Power profile. 8.9% barrel rate; 86.6 mph average exit velocity; 26.7% air-ball rate; 46.1% pull-air rate; 6.3% HR-launch rate.,0.0469,0.0437,4.05,4,1,19.7,0.2,20.3,Very recent HR,669373,Tarik Skubal,L,LHB vs LHP,17,17,102.2,2.81,0.92,11,0.96,10.69,1.4,499,4.2,21.4,13.2,39.8,30.9,81.4,92.9,111.8,0.516,11,66.1,99.9,0.758,9.6,4-Seam Fastball,L,LHB vs LHP,36.8,121,0.239,0.264,0.419,0.683,5,1,37,0.0413,4.8,0.581,99,0.0303,3.3,0.537,0,0,0,0/0,,,,,0,0,0,49.7,Neutral Matchup,Average,50.0,5,Pitch-level Statcast · last 5 MLB games,448,4-Seam Fastball,32.8125,147,Sinker,24.553571428571427,110,Changeup,24.553571428571427,110,Slider,12.723214285714286,57,Curveball,5.357142857142857,24.0,,,,Unknown,,Unknown,,No,100.0,1.0,1.0,50.0,1.032,0.967,58.5,Current-Season Handedness Matchup,Pull Air %,Barrel %,Max Exit Velocity,36.8,26.9,66.1,66.9,50.0,45.0,51.0,5.73,1.266,0.978,0.985,1.0,1.013,1.013,0.98,16.54,12.02,83.5,33.1,D,Lineup unconfirmed,,,
16,2026-08-10,823189,2026-08-11T01:45:00Z,Scheduled,Oracle Park,Houston Astros @ San Francisco Giants,Away,666211,Taylor Trammell,Houston Astros,San Francisco Giants,CF,L,No,,62,181,160,38,6,1,7,25,20,16,4,54,0.238,0.322,0.419,0.741,10,38,32,7,2,0.219,0.0526,19,59,49,12,4,0.245,0.0678,191,61,9.8,23.7,58.6,21.9,19.5,16.7,25.2,56.7,28.4,8.3,5.0,8.3,46.8,81.8,17.3,0.644,74.2,95.1,113.3,60.5,10.1,12.6,50.6,47.6,Below Average,3.0,Pull Power,A,Excellent HR swing plane,47.6,Below Average,0.993,Good,11.5,69.2,94.7,0.674,Derived proxy,Derived proxy,Derived proxy,Derived proxy,,,15.07,8.07,Strong positive regression,Below Average Pull Power profile. 9.8% barrel rate; 81.8 mph average exit velocity; 25.2% air-ball rate; 56.7% pull-air rate; 8.3% HR-launch rate.,0.0387,0.036,4.05,3,1,22.9,0.13,13.1,Very recent HR,694918,Blade Tidwell,R,LHB vs RHP,9,1,17.0,3.18,1.18,1,0.53,6.88,2.12,90,4.4,31.1,7.8,55.6,25.6,84.3,96.4,110.1,0.42,1,50.3,100.0,0.606,9.4,Sweeper,L,LHB vs RHP,53.0,151,0.261,0.344,0.463,0.807,7,15,47,0.0464,10.1,0.724,37,0.027,7.5,0.474,0,0,0,0/0,,,,,0,0,0,51.5,Neutral Matchup,Average,50.0,5,Pitch-level Statcast · last 5 MLB games,195,Sweeper,35.8974358974359,70,4-Seam Fastball,32.82051282051282,64,Sinker,13.333333333333334,26,Slider,10.256410256410257,20,Changeup,6.153846153846154,12.0,Curveball,1.5384615384615385,3.0,Unknown,,Unknown,,No,91.0,0.91,1.0,33.8,1.001,0.969,61.8,Current-Season Handedness Matchup,Pull Air %,Barrel %,Max Exit Velocity,53.0,35.4,50.3,64.5,33.8,45.0,50.4,5.59,1.255,0.978,1.025,1.0,0.993,0.993,0.98,13.8,9.76,69.6,26.7,F,Lineup unconfirmed,,,
17,2026-08-10,823018,2026-08-10T23:45:00Z,Scheduled,Busch Stadium,Philadelphia Phillies @ St. Louis Cardinals,Home,676475,Alec Burleson,St. Louis Cardinals,Philadelphia Phillies,1B,L,No,,117,496,446,126,28,1,19,63,78,43,4,80,0.283,0.349,0.478,0.827,12,50,41,11,4,0.268,0.08,24,102,90,29,4,0.322,0.0392,689,154,8.0,32.0,56.0,19.7,24.2,13.7,25.8,45.2,34.1,8.3,4.2,8.3,34.1,86.0,16.0,0.676,71.6,98.1,113.4,35.2,15.6,13.1,51.1,47.1,Below Average,3.0,Pull Power,A,Excellent HR swing plane,47.1,Below Average,0.992,Good,8.4,43.2,98.2,0.71,Derived proxy,Derived proxy,Derived proxy,Derived proxy,,,48.93,29.93,Strong positive regression,Below Average Pull Power profile. 8.0% barrel rate; 86.0 mph average exit velocity; 25.8% air-ball rate; 45.2% pull-air rate; 8.3% HR-launch rate.,0.0383,0.0371,4.09,0,0,23.5,0.0,0.0,Very recent HR,691725,Andrew Painter,R,LHB vs RHP,16,14,75.0,6.48,1.57,15,1.8,7.56,3.36,454,4.8,22.5,14.8,41.8,27.3,81.4,94.0,113.0,0.577,15,55.9,100.0,0.685,8.2,4-Seam Fastball,L,LHB vs RHP,49.7,345,0.326,0.403,0.566,0.969,16,36,57,0.0464,8.4,0.706,212,0.0425,4.5,0.566,0,0,0,0/0,,,,,0,0,0,51.9,Neutral Matchup,Average,50.0,5,Pitch-level Statcast · last 5 MLB games,372,4-Seam Fastball,28.225806451612904,105,Slider,21.50537634408602,80,Sweeper,19.35483870967742,72,Split-Finger,11.021505376344086,41,Sinker,7.795698924731183,29.0,Changeup,7.795698924731183,29.0,Unknown,,Unknown,,No,100.0,1.0,1.0,50.0,1.012,0.973,58.4,Current-Season Handedness Matchup,Pull Air %,Barrel %,Max Exit Velocity,49.7,34.0,55.9,56.4,50.0,45.0,50.3,5.58,1.265,1.112,1.025,1.0,0.992,0.992,0.98,14.32,11.77,85.0,33.4,D,Lineup unconfirmed,Curveball,4.301075268817204,16.0
18,2026-08-10,822780,2026-08-10T23:07:00Z,Scheduled,Rogers Centre,Boston Red Sox @ Toronto Blue Jays,Away,680776,Jarren Duran,Boston Red Sox,Toronto Blue Jays,LF,L,No,,110,467,423,85,11,3,16,52,60,31,4,133,0.201,0.258,0.355,0.613,12,49,45,11,3,0.244,0.0612,24,95,87,20,3,0.23,0.0316,525,118,5.1,25.2,47.2,28.9,23.2,12.5,23.9,39.4,27.0,5.9,4.0,5.9,58.8,81.9,15.6,0.542,72.7,95.7,113.6,47.3,9.0,11.5,39.7,34.6,Weak,2.5,Contact-First Profile,A,Excellent HR swing plane,34.6,Weak,0.957,Good,3.4,37.0,95.9,0.505,Derived proxy,Derived proxy,Derived proxy,Derived proxy,,,23.76,7.76,Strong positive regression,Weak Contact-First Profile profile. 5.1% barrel rate; 81.9 mph average exit velocity; 23.9% air-ball rate; 39.4% pull-air rate; 5.9% HR-launch rate.,0.0343,0.0338,3.87,7,2,26.4,0.26,26.5,Very recent HR,592791,Jameson Taillon,R,LHB vs RHP,16,16,80.0,5.96,1.39,26,2.93,8.1,3.26,433,8.8,24.7,21.9,48.6,34.6,83.0,95.6,112.4,0.703,26,38.8,99.7,0.548,6.5,4-Seam Fastball,L,LHB vs RHP,57.7,348,0.195,0.245,0.377,0.622,15,20,102,0.0431,6.5,0.582,180,0.0778,9.5,0.744,5,5,0,0/5,0.0,0.0,0.0,0.0,0,0,1,47.1,Neutral Matchup,Average,37.5,5,Pitch-level Statcast · last 5 MLB games,358,4-Seam Fastball,23.18435754189944,83,Changeup,19.83240223463687,71,Sweeper,19.273743016759777,69,Cutter,15.083798882681565,54,Curveball,12.569832402234637,45.0,Sinker,10.05586592178771,36.0,Unknown,,Unknown,,No,100.0,1.0,1.0,50.0,0.978,1.013,51.4,Current-Season Handedness Matchup,Pull Air %,Barrel %,Max Exit Velocity,57.7,60.9,38.8,34.9,50.0,45.0,50.3,5.58,1.167,1.2,1.025,0.975,0.957,0.933,0.98,12.46,10.25,84.6,28.2,F,Lineup unconfirmed,,,
19,2026-08-10,823998,2026-08-11T01:38:00Z,Scheduled,Angel Stadium,Texas Rangers @ Los Angeles Angels,Home,642350,Jose Siri,Los Angeles Angels,Texas Rangers,CF,R,No,,64,135,121,33,7,0,7,23,20,9,2,40,0.273,0.331,0.504,0.835,11,23,21,6,2,0.286,0.087,21,39,35,11,2,0.314,0.0513,163,47,6.6,26.4,47.7,29.7,21.8,16.7,26.8,46.4,26.8,7.0,5.8,7.0,64.7,81.7,17.8,0.678,70.7,94.2,107.7,39.9,12.0,10.0,51.9,38.8,Below Average,2.5,Pull Power,A,Excellent HR swing plane,38.8,Below Average,0.969,Good,6.4,46.2,93.6,0.695,Derived proxy,Derived proxy,Derived proxy,Derived proxy,,,9.2,2.2,Positive regression,Below Average Pull Power profile. 6.6% barrel rate; 81.7 mph average exit velocity; 26.8% air-ball rate; 46.4% pull-air rate; 7.0% HR-launch rate.,0.0519,0.0425,4.09,0,0,17.3,0.0,0.0,Very recent HR,669022,MacKenzie Gore,L,RHB vs LHP,24,24,128.2,4.55,1.24,16,1.12,9.79,3.29,745,5.2,23.4,12.3,43.2,28.3,81.7,94.2,115.7,0.53,16,69.7,100.0,0.83,7.8,4-Seam Fastball,R,RHB vs LHP,54.2,62,0.232,0.306,0.536,0.842,5,5,23,0.0806,7.5,0.837,408,0.0343,5.0,0.525,5,5,1,1/5,0.2,0.2,0.2,0.4,0,0,2,56.3,Neutral Matchup,Average,37.5,5,Pitch-level Statcast · last 5 MLB games,442,4-Seam Fastball,51.35746606334842,227,Changeup,13.122171945701357,58,Slider,12.44343891402715,55,Curveball,11.538461538461538,51,Sinker,7.918552036199095,35.0,Cutter,3.6199095022624435,16.0,Unknown,,Unknown,,No,100.0,1.0,1.0,50.0,1.039,0.977,52.3,Current-Season Handedness Matchup,Pull Air %,Barrel %,Max Exit Velocity,54.2,35.1,69.7,45.4,50.0,45.0,49.7,5.47,1.267,1.003,1.025,1.0,0.969,0.969,0.98,16.28,12.05,64.8,31.1,D,Lineup unconfirmed,,,
20,2026-08-10,823018,2026-08-10T23:45:00Z,Scheduled,Busch Stadium,Philadelphia Phillies @ St. Louis Cardinals,Home,691023,Jordan Walker,St. Louis Cardinals,Philadelphia Phillies,RF,R,No,,114,488,445,127,23,0,23,69,83,37,3,119,0.285,0.342,0.492,0.834,10,45,45,13,1,0.289,0.0222,22,97,91,23,1,0.253,0.0103,571,120,7.3,26.8,42.9,30.3,26.9,13.1,27.8,40.7,28.2,6.4,4.4,6.4,37.5,84.1,15.7,0.603,77.3,97.5,115.9,76.7,11.4,15.1,47.9,42.9,Below Average,2.5,Contact-First Profile,A,Excellent HR swing plane,42.9,Below Average,0.98,Good,5.8,41.9,95.1,0.483,Derived proxy,Derived proxy,Derived proxy,Derived proxy,,,35.01,12.01,Strong positive regression,Below Average Contact-First Profile profile. 7.3% barrel rate; 84.1 mph average exit velocity; 27.8% air-ball rate; 40.7% pull-air rate; 6.4% HR-launch rate.,0.0471,0.0441,4.09,4,1,19.3,0.21,20.7,Very recent HR,691725,Andrew Painter,R,RHB vs RHP,16,14,75.0,6.48,1.57,15,1.8,7.56,3.36,454,4.8,22.5,14.8,41.8,27.3,81.4,94.0,113.0,0.577,15,62.5,100.0,0.703,10.6,4-Seam Fastball,R,RHB vs RHP,48.2,361,0.281,0.327,0.476,0.803,16,21,93,0.0443,7.5,0.631,127,0.0472,5.4,0.596,0,0,0,0/0,,,,,0,0,0,53.6,Neutral Matchup,Average,50.0,5,Pitch-level Statcast · last 5 MLB games,372,4-Seam Fastball,28.225806451612904,105,Slider,21.50537634408602,80,Sweeper,19.35483870967742,72,Split-Finger,11.021505376344086,41,Sinker,7.795698924731183,29.0,Changeup,7.795698924731183,29.0,Unknown,,Unknown,,No,100.0,1.0,1.0,50.0,1.025,0.973,54.7,Current-Season Handedness Matchup,Pull Air %,Barrel %,Max Exit Velocity,48.2,34.0,62.5,43.4,50.0,45.0,49.0,5.32,0.792,1.112,0.985,1.0,0.98,0.98,0.98,16.86,9.31,84.8,29.5,F,Lineup unconfirmed,Curveball,4.301075268817204,16.0
21,2026-08-10,823675,2026-08-10T23:40:00Z,Scheduled,Target Field,Baltimore Orioles @ Minnesota Twins,Away,624413,Pete Alonso,Baltimore Orioles,Minnesota Twins,1B,R,No,,118,511,441,111,22,0,25,71,75,59,7,126,0.252,0.346,0.472,0.818,11,44,39,10,3,0.256,0.0682,22,97,85,21,4,0.247,0.0412,650,133,8.5,32.6,34.2,30.6,35.0,15.1,27.3,33.7,34.3,8.9,4.3,8.9,42.3,86.3,20.8,0.763,72.8,98.5,113.7,42.1,16.6,12.9,52.5,46.4,Below Average,3.0,Contact-First Profile,A-,Elevated power plane,46.4,Below Average,0.99,Good,9.0,29.7,98.7,0.807,Derived proxy,Derived proxy,Derived proxy,Derived proxy,,,47.15,22.15,Strong positive regression,Below Average Contact-First Profile profile. 8.5% barrel rate; 86.3 mph average exit velocity; 27.3% air-ball rate; 33.7% pull-air rate; 8.9% HR-launch rate.,0.0489,0.0457,4.15,0,0,17.6,0.0,0.0,Very recent HR,665152,Dean Kremer,R,RHB vs RHP,8,8,41.0,5.93,1.32,12,2.63,8.78,2.85,226,5.3,21.7,19.9,56.9,31.4,81.0,92.9,108.6,0.614,12,46.7,99.7,0.666,4.5,Split-Finger,R,RHB vs RHP,58.0,364,0.259,0.363,0.495,0.858,19,47,88,0.0522,7.4,0.753,68,0.0735,4.4,0.652,5,4,0,0/4,0.0,0.2,0.0,0.2,0,1,1,50.0,Neutral Matchup,Average,37.5,5,Pitch-level Statcast · last 5 MLB games,430,4-Seam Fastball,26.046511627906977,112,Split-Finger,22.325581395348838,96,Cutter,21.627906976744185,93,Sinker,15.348837209302326,66,Curveball,13.720930232558139,59.0,Slider,0.9302325581395349,4.0,Unknown,,Unknown,,No,100.0,1.0,1.0,50.0,0.993,0.978,56.0,Current-Season Handedness Matchup,Pull Air %,Barrel %,Max Exit Velocity,58.0,41.2,46.7,46.1,50.0,45.0,49.0,5.32,1.091,1.143,0.985,1.0,0.99,0.99,0.98,17.65,12.01,84.8,33.6,D,Lineup unconfirmed,,,
22,2026-08-10,824887,2026-08-10T23:15:00Z,Scheduled,Truist Park,New York Mets @ Atlanta Braves,Home,663586,Austin Riley,Atlanta Braves,New York Mets,3B,R,No,,117,471,422,93,17,1,14,47,57,36,10,147,0.22,0.295,0.365,0.66,11,41,37,10,2,0.27,0.0488,23,91,82,22,5,0.268,0.0549,556,103,8.6,29.3,42.6,27.3,30.1,14.1,25.9,42.0,29.2,6.5,3.7,6.5,37.6,84.9,20.5,0.661,74.0,97.3,114.1,55.8,11.8,12.3,43.4,43.1,Below Average,2.5,Contact-First Profile,A-,Elevated power plane,43.1,Below Average,0.981,Good,10.7,42.3,98.6,0.798,Derived proxy,Derived proxy,Derived proxy,Derived proxy,,,39.52,25.52,Strong positive regression,Below Average Contact-First Profile profile. 8.6% barrel rate; 84.9 mph average exit velocity; 25.9% air-ball rate; 42.0% pull-air rate; 6.5% HR-launch rate.,0.0297,0.0302,3.99,7,2,30.1,0.23,23.2,Very recent HR,681035,Christian Scott,R,RHB vs RHP,16,16,74.1,3.15,1.26,7,0.85,11.14,3.87,452,4.6,20.1,11.1,41.0,35.4,81.1,92.5,112.8,0.523,7,61.4,99.9,0.716,9.4,4-Seam Fastball,R,RHB vs RHP,33.5,320,0.216,0.281,0.381,0.663,12,20,100,0.0375,6.6,0.583,117,0.0085,4.1,0.535,3,2,0,0/2,0.0,0.333,0.0,0.333,0,1,1,45.0,Neutral Matchup,Average,42.5,5,Pitch-level Statcast · last 5 MLB games,452,4-Seam Fastball,47.56637168141593,215,Sweeper,22.345132743362832,101,Cutter,15.265486725663717,69,Curveball,10.398230088495575,47,Split-Finger,3.0973451327433628,14.0,Sinker,1.3274336283185841,6.0,Unknown,,Unknown,,No,103.0,1.03,1.0,55.4,1.023,0.971,52.0,Current-Season Handedness Matchup,Pull Air %,Barrel %,Max Exit Velocity,33.5,29.1,61.4,61.5,55.4,45.0,48.3,5.2,1.283,0.96,0.985,1.0,0.981,0.981,0.98,11.51,8.99,84.3,26.3,F,Lineup unconfirmed,,,
23,2026-08-10,822780,2026-08-10T23:07:00Z,Scheduled,Rogers Centre,Boston Red Sox @ Toronto Blue Jays,Away,657136,Connor Wong,Boston Red Sox,Toronto Blue Jays,C,R,No,,59,181,155,38,10,0,3,17,19,16,5,42,0.245,0.333,0.368,0.701,9,25,23,3,2,0.13,0.08,19,51,47,7,2,0.149,0.0392,229,71,4.5,23.7,44.0,34.9,21.0,11.9,21.7,54.0,25.5,4.6,2.7,4.6,39.2,80.9,16.0,0.457,70.1,94.8,110.5,28.0,7.9,7.0,47.2,31.4,Weak,2.5,Pull Power,A,Excellent HR swing plane,31.4,Weak,0.948,Good,5.6,61.5,95.7,0.442,Derived proxy,Derived proxy,Derived proxy,Derived proxy,,,9.86,6.86,Strong positive regression,Weak Pull Power profile. 4.5% barrel rate; 80.9 mph average exit velocity; 21.7% air-ball rate; 54.0% pull-air rate; 4.6% HR-launch rate.,0.0166,0.0227,4.05,4,1,51.7,0.08,7.7,Very recent HR,592791,Jameson Taillon,R,RHB vs RHP,16,16,80.0,5.96,1.39,26,2.93,8.1,3.26,433,8.8,24.7,21.9,48.6,34.6,83.0,95.6,112.4,0.703,26,24.4,99.7,0.443,4.6,4-Seam Fastball,R,RHB vs RHP,37.6,126,0.243,0.339,0.364,0.703,1,12,33,0.0079,3.2,0.45,167,0.0719,8.0,0.662,2,2,1,1/2,0.5,0.5,0.5,1.0,0,0,1,35.6,Slight Pitcher Advantage,Below average,50.9,5,Pitch-level Statcast · last 5 MLB games,358,4-Seam Fastball,23.18435754189944,83,Changeup,19.83240223463687,71,Sweeper,19.273743016759777,69,Cutter,15.083798882681565,54,Curveball,12.569832402234637,45.0,Sinker,10.05586592178771,36.0,Unknown,,Unknown,,No,100.0,1.0,1.0,50.0,0.949,1.013,48.2,Current-Season Handedness Matchup,Pull Air %,Barrel %,Max Exit Velocity,37.6,60.9,24.4,53.4,50.0,45.0,48.1,5.17,1.35,1.2,0.985,1.0,0.948,0.948,0.98,8.89,8.46,69.0,24.0,F,Lineup unconfirmed,,,
24,2026-08-10,824887,2026-08-10T23:15:00Z,Scheduled,Truist Park,New York Mets @ Atlanta Braves,Home,671739,Michael Harris II,Atlanta Braves,New York Mets,CF,L,No,,112,448,426,124,24,1,20,58,67,17,2,86,0.291,0.319,0.493,0.812,12,46,44,10,1,0.227,0.0217,24,100,96,25,4,0.26,0.04,623,155,5.8,32.1,49.2,26.0,24.7,12.3,26.0,50.5,28.0,5.1,2.4,5.1,53.6,84.3,15.3,0.57,73.1,98.2,114.2,49.5,12.2,15.2,45.6,43.1,Below Average,2.5,Pull Power,A,Excellent HR swing plane,43.1,Below Average,0.981,Good,3.9,54.1,97.5,0.483,Derived proxy,Derived proxy,Derived proxy,Derived proxy,,,33.3,13.3,Strong positive regression,Below Average Pull Power profile. 5.8% barrel rate; 84.3 mph average exit velocity; 26.0% air-ball rate; 50.5% pull-air rate; 5.1% HR-launch rate.,0.0446,0.042,4.09,29,8,21.3,1.36,136.2,Above normal drought,681035,Christian Scott,R,LHB vs RHP,16,16,74.1,3.15,1.26,7,0.85,11.14,3.87,452,4.6,20.1,11.1,41.0,35.4,81.1,92.5,112.8,0.523,7,53.1,99.9,0.676,7.2,4-Seam Fastball,L,LHB vs RHP,44.3,284,0.289,0.31,0.495,0.804,13,9,58,0.0458,7.9,0.675,202,0.0297,4.9,0.517,8,8,4,4/8,0.5,0.5,0.875,1.375,1,0,1,52.5,Neutral Matchup,Average,70.0,5,Pitch-level Statcast · last 5 MLB games,452,4-Seam Fastball,47.56637168141593,215,Sweeper,22.345132743362832,101,Cutter,15.265486725663717,69,Curveball,10.398230088495575,47,Split-Finger,3.0973451327433628,14.0,Sinker,1.3274336283185841,6.0,Unknown,,Unknown,,No,103.0,1.03,1.0,55.4,1.006,0.971,56.3,Current-Season Handedness Matchup,Pull Air %,Barrel %,Max Exit Velocity,44.3,29.1,53.1,53.1,55.4,45.0,47.9,5.13,0.885,0.96,1.025,1.0,0.981,0.981,1.035,16.09,9.31,85.0,32.0,D,Lineup unconfirmed,,,
25,2026-08-10,825048,2026-08-11T01:40:00Z,Scheduled,Chase Field,Colorado Rockies @ Arizona Diamondbacks,Away,650489,Willi Castro,Colorado Rockies,Arizona Diamondbacks,2B,S,No,,100,395,357,94,17,1,13,53,48,32,5,108,0.263,0.332,0.426,0.758,9,39,35,11,3,0.314,0.0769,18,75,69,19,6,0.275,0.08,551,97,7.0,23.9,49.0,23.3,27.5,15.8,26.0,48.4,30.5,7.3,4.8,7.3,51.6,80.6,22.7,0.653,70.9,93.6,111.8,26.3,10.5,6.7,43.9,37.6,Below Average,2.5,Pull Power,A-,Elevated power plane,37.6,Below Average,0.965,Good,11.3,46.2,93.6,0.803,Derived proxy,Derived proxy,Derived proxy,Derived proxy,,,32.61,19.61,Strong positive regression,Below Average Pull Power profile. 7.0% barrel rate; 80.6 mph average exit velocity; 26.0% air-ball rate; 48.4% pull-air rate; 7.3% HR-launch rate.,0.0329,0.0327,4.05,12,3,27.5,0.44,43.7,Recently homered,647336,Michael Soroka,R,Switch vs RHP,15,15,82.0,3.07,1.09,6,0.66,8.67,1.87,470,5.5,20.4,13.8,45.5,31.9,81.4,93.2,115.5,0.548,6,49.7,100.0,0.718,3.5,4-Seam Fastball,L,LHB vs RHP,40.5,262,0.25,0.332,0.431,0.763,10,26,70,0.0382,5.7,0.676,203,0.0197,4.8,0.604,5,5,1,1/5,0.2,0.2,0.6,0.8,0,0,1,45.0,Neutral Matchup,Average,46.9,5,Pitch-level Statcast · last 5 MLB games,385,4-Seam Fastball,31.948051948051948,123,Slurve,31.68831168831169,122,Changeup,15.324675324675324,59,Cutter,9.61038961038961,37,Sinker,9.61038961038961,37.0,Sweeper,1.8181818181818181,7.0,Unknown,,Unknown,,No,100.0,1.0,1.0,50.0,0.999,0.98,52.5,Current-Season Handedness Matchup,Pull Air %,Barrel %,Max Exit Velocity,40.5,37.2,49.7,56.4,50.0,45.0,47.9,5.13,1.35,0.93,1.035,1.0,0.965,0.965,1.0,12.6,9.7,83.0,28.8,F,Lineup unconfirmed,,,
26,2026-08-10,823018,2026-08-10T23:45:00Z,Scheduled,Busch Stadium,Philadelphia Phillies @ St. Louis Cardinals,Away,547180,Bryce Harper,Philadelphia Phillies,St. Louis Cardinals,1B,L,No,,119,505,419,107,22,3,25,72,71,78,1,107,0.255,0.368,0.501,0.869,12,54,42,12,3,0.286,0.0556,23,102,82,19,5,0.232,0.049,638,131,5.7,23.6,49.4,24.1,26.5,13.2,25.3,39.2,31.9,7.0,4.5,7.0,67.8,83.2,18.1,0.686,72.7,95.1,113.2,41.5,10.4,10.1,44.5,38.0,Below Average,2.5,Contact-First Profile,A,Excellent HR swing plane,38.0,Below Average,0.966,Good,5.3,40.0,94.1,0.686,Derived proxy,Derived proxy,Derived proxy,Derived proxy,,,32.65,7.65,Strong positive regression,Below Average Contact-First Profile profile. 5.7% barrel rate; 83.2 mph average exit velocity; 25.3% air-ball rate; 39.2% pull-air rate; 7.0% HR-launch rate.,0.0495,0.0461,4.15,2,1,16.8,0.12,11.9,Very recent HR,690928,Hunter Dobbins,R,LHB vs RHP,8,5,40.0,3.6,1.3,6,1.35,8.1,3.15,233,4.7,24.0,12.9,61.4,31.8,83.8,95.0,109.8,0.479,6,58.1,100.0,0.739,6.6,4-Seam Fastball,L,LHB vs RHP,50.7,314,0.288,0.395,0.61,1.005,21,48,58,0.0669,7.0,0.753,91,0.022,4.7,0.492,0,0,0,0/0,,,,,0,0,0,53.1,Neutral Matchup,Average,50.0,5,Pitch-level Statcast · last 5 MLB games,443,4-Seam Fastball,31.151241534988714,138,Sweeper,17.381489841986458,77,Slider,16.478555304740407,73,Sinker,13.769751693002258,61,Split-Finger,12.415349887133182,55.0,Curveball,8.803611738148984,39.0,Unknown,,Unknown,,No,100.0,1.0,1.0,50.0,1.016,0.972,51.7,Current-Season Handedness Matchup,Pull Air %,Barrel %,Max Exit Velocity,50.7,36.8,58.1,38.3,50.0,45.0,47.4,5.06,1.056,1.023,1.025,1.0,0.966,0.966,0.98,17.8,11.06,85.0,32.9,D,Lineup unconfirmed,,,
27,2026-08-10,822780,2026-08-10T23:07:00Z,Scheduled,Rogers Centre,Boston Red Sox @ Toronto Blue Jays,Home,660821,Jesús Sánchez,Toronto Blue Jays,Boston Red Sox,RF,L,No,,81,255,233,63,15,0,8,23,32,13,5,56,0.27,0.318,0.438,0.756,8,21,18,4,1,0.222,0.0476,8,21,18,4,1,0.222,0.0476,356,20,8.6,28.8,39.6,32.5,27.4,18.7,29.8,38.4,30.9,7.8,5.4,7.8,34.4,83.2,16.5,0.603,71.6,96.1,111.0,41.0,12.6,8.6,47.3,39.1,Below Average,2.5,Contact-First Profile,A,Excellent HR swing plane,39.1,Below Average,0.969,Good,15.0,44.4,97.8,0.601,Derived proxy,Derived proxy,Derived proxy,Derived proxy,,,24.6,16.6,Strong positive regression,Below Average Contact-First Profile profile. 8.6% barrel rate; 83.2 mph average exit velocity; 29.8% air-ball rate; 38.4% pull-air rate; 7.8% HR-launch rate.,0.0314,0.0316,3.99,7,4,29.1,0.24,24.0,Very recent HR,543243,Sonny Gray,R,LHB vs RHP,21,21,119.2,2.78,1.15,12,0.9,7.97,2.41,572,4.4,25.9,13.5,47.6,26.6,83.5,95.7,111.1,0.491,12,52.6,99.9,0.634,9.1,Sinker,L,LHB vs RHP,38.9,227,0.286,0.335,0.471,0.806,8,13,51,0.0352,7.1,0.646,314,0.0255,4.9,0.513,3,2,0,0/2,0.0,0.333,0.0,0.333,0,1,0,44.4,Neutral Matchup,Average,42.5,5,Pitch-level Statcast · last 5 MLB games,437,Sinker,25.85812356979405,113,Sweeper,20.137299771167047,88,Curveball,16.704805491990847,73,Cutter,16.247139588100687,71,4-Seam Fastball,14.416475972540045,63.0,Changeup,6.636155606407323,29.0,Unknown,,Unknown,,No,100.0,1.0,1.0,50.0,1.005,0.969,48.4,Current-Season Handedness Matchup,Pull Air %,Barrel %,Max Exit Velocity,38.9,35.1,52.6,71.3,50.0,45.0,47.4,5.06,1.112,0.968,1.025,1.0,0.969,0.969,0.98,12.02,8.29,71.9,24.9,F,Lineup unconfirmed,,,
28,2026-08-10,823265,2026-08-11T01:40:00Z,Scheduled,Petco Park,Milwaukee Brewers @ San Diego Padres,Away,641343,Jake Bauers,Milwaukee Brewers,San Diego Padres,1B,L,No,,105,417,354,96,16,2,21,69,67,58,3,108,0.271,0.376,0.506,0.882,8,36,29,10,3,0.345,0.0833,19,75,62,18,3,0.29,0.04,466,79,9.4,34.6,52.6,15.8,30.0,16.7,30.8,42.6,33.3,9.6,4.1,9.6,45.6,85.8,16.6,0.714,75.0,98.8,113.0,66.8,16.1,20.2,49.1,53.2,Average,3.0,Pull Power,A,Excellent HR swing plane,53.2,Average,1.009,Good,10.1,42.3,99.0,0.746,Derived proxy,Derived proxy,Derived proxy,Derived proxy,,,37.69,16.69,Strong positive regression,Average Pull Power profile. 9.4% barrel rate; 85.8 mph average exit velocity; 30.8% air-ball rate; 42.6% pull-air rate; 9.6% HR-launch rate.,0.0504,0.0463,4.15,0,0,16.9,0.0,0.0,Very recent HR,663554,Casey Mize,R,LHB vs RHP,17,17,90.0,3.4,1.09,6,0.6,8.6,2.2,469,4.5,24.1,16.6,40.6,25.8,82.8,94.8,110.4,0.484,6,53.6,95.1,0.662,8.2,4-Seam Fastball,L,LHB vs RHP,39.9,317,0.276,0.385,0.507,0.892,17,45,85,0.0536,8.7,0.74,205,0.0049,3.3,0.405,3,3,0,0/3,0.0,0.0,0.0,0.0,0,0,1,45.2,Neutral Matchup,Average,42.5,5,Pitch-level Statcast · last 5 MLB games,427,4-Seam Fastball,33.95784543325527,145,Slider,30.210772833723652,129,Split-Finger,21.779859484777518,93,Sinker,9.133489461358314,39,Slurve,4.918032786885246,21.0,,,,Unknown,,Unknown,,No,94.0,0.94,1.0,39.2,1.007,0.97,56.1,Current-Season Handedness Matchup,Pull Air %,Barrel %,Max Exit Velocity,39.9,29.6,53.6,61.0,39.2,45.0,47.3,5.04,1.152,0.92,1.025,1.0,1.009,1.009,0.98,17.84,10.7,83.0,32.2,D,Lineup unconfirmed,,,
29,2026-08-10,823998,2026-08-11T01:38:00Z,Scheduled,Angel Stadium,Texas Rangers @ Los Angeles Angels,Away,592626,Joc Pederson,Texas Rangers,Los Angeles Angels,DH,L,No,,106,355,309,77,11,2,21,48,44,39,3,82,0.249,0.336,0.502,0.838,11,33,30,6,2,0.2,0.0606,19,64,61,19,6,0.311,0.0938,435,85,6.4,31.6,48.8,26.1,25.1,17.4,28.6,49.7,31.1,7.4,4.2,7.4,89.1,86.2,21.7,0.641,70.4,97.8,110.2,20.3,13.9,8.3,55.0,42.3,Below Average,2.5,Pull Power,A-,Elevated power plane,42.3,Below Average,0.978,Good,5.9,53.8,98.2,0.678,Derived proxy,Derived proxy,Derived proxy,Derived proxy,,,26.74,5.74,Strong positive regression,Below Average Pull Power profile. 6.4% barrel rate; 86.2 mph average exit velocity; 28.6% air-ball rate; 49.7% pull-air rate; 7.4% HR-launch rate.,0.0592,0.0523,4.15,3,1,14.7,0.2,20.4,Very recent HR,672282,Reid Detmers,L,LHB vs LHP,23,23,129.0,4.12,1.1,17,1.19,10.47,2.72,689,4.8,22.4,15.1,39.2,29.5,83.3,94.8,112.6,0.549,17,48.9,99.9,0.641,6.9,4-Seam Fastball,L,LHB vs LHP,40.8,31,0.148,0.233,0.444,0.678,1,2,13,0.0323,6.2,0.614,138,0.029,4.8,0.503,0,0,0,0/0,,,,,0,0,0,45.4,Neutral Matchup,Average,50.0,5,Pitch-level Statcast · last 5 MLB games,418,4-Seam Fastball,48.32535885167464,202,Slider,30.861244019138756,129,Curveball,15.07177033492823,63,Changeup,5.741626794258373,24,,,,,,,Unknown,,Unknown,,No,100.0,1.0,1.0,50.0,0.998,0.973,53.8,Current-Season Handedness Matchup,Pull Air %,Barrel %,Max Exit Velocity,40.8,32.0,48.9,59.0,50.0,45.0,47.0,5.0,1.178,1.014,0.985,1.0,0.978,0.978,0.98,19.98,12.52,82.1,34.3,D,Lineup unconfirmed,,,
30,2026-08-10,823998,2026-08-11T01:38:00Z,Scheduled,Angel Stadium,Texas Rangers @ Los Angeles Angels,Away,694671,Wyatt Langford,Texas Rangers,Los Angeles Angels,LF,R,No,,66,283,261,68,14,2,13,39,31,19,3,64,0.261,0.318,0.479,0.797,12,51,43,6,1,0.14,0.0196,23,97,88,20,4,0.227,0.0412,377,128,6.6,25.5,46.8,23.4,29.8,15.5,29.0,55.9,27.5,6.1,4.0,6.1,50.8,84.4,24.9,0.526,70.5,96.4,111.2,21.5,12.9,7.7,53.0,37.6,Below Average,2.5,Pull Power,A-,Elevated power plane,37.6,Below Average,0.965,Good,7.0,62.5,96.7,0.515,Derived proxy,Derived proxy,Derived proxy,Derived proxy,,,22.85,9.85,Strong positive regression,Below Average Pull Power profile. 6.6% barrel rate; 84.4 mph average exit velocity; 29.0% air-ball rate; 55.9% pull-air rate; 6.1% HR-launch rate.,0.0459,0.0418,4.05,21,7,20.1,1.05,104.6,Near normal interval,672282,Reid Detmers,L,RHB vs LHP,23,23,129.0,4.12,1.1,17,1.19,10.47,2.72,689,4.8,22.4,15.1,39.2,29.5,83.3,94.8,112.6,0.549,17,45.9,99.9,0.578,8.5,4-Seam Fastball,R,RHB vs LHP,44.6,80,0.24,0.288,0.467,0.754,4,5,22,0.05,8.4,0.568,392,0.0332,4.8,0.565,3,3,1,1/3,0.333,0.333,1.333,1.666,1,0,1,47.6,Neutral Matchup,Average,57.5,5,Pitch-level Statcast · last 5 MLB games,418,4-Seam Fastball,48.32535885167464,202,Slider,30.861244019138756,129,Curveball,15.07177033492823,63,Changeup,5.741626794258373,24,,,,,,,Unknown,,Unknown,,No,100.0,1.0,1.0,50.0,0.992,0.973,54.4,Current-Season Handedness Matchup,Pull Air %,Barrel %,Max Exit Velocity,44.6,32.0,45.9,58.5,50.0,45.0,46.7,4.95,0.881,1.014,1.025,1.0,0.965,0.965,1.0,15.88,8.87,80.0,29.0,F,Lineup unconfirmed,,,
31,2026-08-10,823998,2026-08-11T01:38:00Z,Scheduled,Angel Stadium,Texas Rangers @ Los Angeles Angels,Away,669394,Jake Burger,Texas Rangers,Los Angeles Angels,1B,R,No,,113,451,412,98,17,0,19,49,66,34,3,121,0.238,0.299,0.417,0.716,12,41,38,9,0,0.237,0.0,22,83,77,17,3,0.221,0.0361,519,94,7.4,31.0,47.1,28.9,23.5,16.1,26.5,52.7,24.2,6.7,3.7,6.7,48.4,84.1,18.6,0.532,74.4,97.6,113.4,60.7,11.7,14.5,59.1,45.1,Below Average,3.0,Pull Power,A,Excellent HR swing plane,45.1,Below Average,0.986,Good,8.5,45.8,97.2,0.484,Derived proxy,Derived proxy,Derived proxy,Derived proxy,,,33.7,14.7,Strong positive regression,Below Average Pull Power profile. 7.4% barrel rate; 84.1 mph average exit velocity; 26.5% air-ball rate; 52.7% pull-air rate; 6.7% HR-launch rate.,0.0421,0.04,4.05,38,12,21.7,1.75,175.2,Above normal drought,672282,Reid Detmers,L,RHB vs LHP,23,23,129.0,4.12,1.1,17,1.19,10.47,2.72,689,4.8,22.4,15.1,39.2,29.5,83.3,94.8,112.6,0.549,17,40.7,99.9,0.568,6.5,4-Seam Fastball,R,RHB vs LHP,44.4,103,0.267,0.34,0.489,0.829,5,10,30,0.0485,7.5,0.606,392,0.0332,4.8,0.565,3,2,0,0/2,0.0,0.333,0.0,0.333,0,1,2,42.7,Slight Pitcher Advantage,Below average,42.5,5,Pitch-level Statcast · last 5 MLB games,418,4-Seam Fastball,48.32535885167464,202,Slider,30.861244019138756,129,Curveball,15.07177033492823,63,Changeup,5.741626794258373,24,,,,,,,Unknown,,Unknown,,No,100.0,1.0,1.0,50.0,0.981,0.973,56.7,Current-Season Handedness Matchup,Pull Air %,Barrel %,Max Exit Velocity,44.4,32.0,40.7,57.1,50.0,45.0,46.6,4.93,0.84,1.014,1.025,1.0,0.986,0.986,1.035,15.24,8.6,83.6,31.0,D,Lineup unconfirmed,,,
32,2026-08-10,823675,2026-08-10T23:40:00Z,Scheduled,Target Field,Baltimore Orioles @ Minnesota Twins,Home,668904,Royce Lewis,Minnesota Twins,Baltimore Orioles,1B,R,No,,84,343,306,72,17,1,13,41,41,31,3,87,0.235,0.309,0.425,0.734,12,48,46,17,3,0.37,0.0625,22,90,80,22,3,0.275,0.0333,409,121,7.4,29.2,47.8,29.3,22.9,15.7,28.5,55.2,30.7,7.5,5.1,7.5,39.5,84.6,21.3,0.597,73.1,97.0,111.6,53.6,14.1,14.3,69.7,46.7,Below Average,3.0,Pull Power,A-,Elevated power plane,46.7,Below Average,0.991,Good,6.6,48.5,98.4,0.622,Derived proxy,Derived proxy,Derived proxy,Derived proxy,,,27.52,14.52,Strong positive regression,Below Average Pull Power profile. 7.4% barrel rate; 84.6 mph average exit velocity; 28.5% air-ball rate; 55.2% pull-air rate; 7.5% HR-launch rate.,0.0379,0.0364,3.99,14,3,23.5,0.59,59.5,Recently homered,669432,Trevor Rogers,L,RHB vs LHP,21,21,115.2,4.2,1.24,11,0.86,7.63,2.49,697,3.9,23.1,12.6,41.1,27.0,82.2,94.3,117.3,0.496,11,43.8,99.9,0.565,8.1,4-Seam Fastball,R,RHB vs LHP,46.7,93,0.253,0.333,0.47,0.803,4,9,19,0.043,11.3,0.667,356,0.0281,4.6,0.529,3,2,0,0/2,0.0,0.333,0.0,0.333,0,0,0,44.8,Neutral Matchup,Average,42.5,5,Pitch-level Statcast · last 5 MLB games,463,4-Seam Fastball,47.51619870410367,220,Changeup,20.950323974082075,97,Sweeper,16.630669546436284,77,Sinker,8.639308855291576,40,Cutter,6.263498920086393,29.0,,,,Unknown,,Unknown,,No,100.0,1.0,1.0,50.0,0.988,0.964,57.5,Current-Season Handedness Matchup,Pull Air %,Barrel %,Max Exit Velocity,46.7,27.8,43.8,57.8,50.0,45.0,46.3,4.9,1.143,0.962,1.025,1.0,0.991,0.991,1.0,13.74,9.24,83.7,27.8,F,Lineup unconfirmed,,,
33,2026-08-10,825048,2026-08-11T01:40:00Z,Scheduled,Chase Field,Colorado Rockies @ Arizona Diamondbacks,Away,666160,Mickey Moniak,Colorado Rockies,Arizona Diamondbacks,LF,L,No,,80,298,275,76,14,4,19,40,52,15,3,75,0.276,0.315,0.564,0.879,11,43,40,11,3,0.275,0.0698,19,75,70,18,4,0.257,0.0533,399,98,6.3,26.5,57.5,22.1,20.5,18.6,29.1,57.0,29.3,6.7,4.3,6.7,76.2,82.9,20.0,0.569,73.0,95.3,109.1,47.2,12.3,13.8,51.4,42.1,Below Average,2.5,Pull Power,A,Excellent HR swing plane,42.1,Below Average,0.978,Good,4.1,48.3,94.0,0.519,Derived proxy,Derived proxy,Derived proxy,Derived proxy,,,23.17,4.17,Strong positive regression,Below Average Pull Power profile. 6.3% barrel rate; 82.9 mph average exit velocity; 29.1% air-ball rate; 57.0% pull-air rate; 6.7% HR-launch rate.,0.0638,0.0546,4.15,12,4,14.5,0.83,82.9,Near normal interval,647336,Michael Soroka,R,LHB vs RHP,15,15,82.0,3.07,1.09,6,0.66,8.67,1.87,470,5.5,20.4,13.8,45.5,31.9,81.4,93.2,115.5,0.548,6,42.4,67.4,0.596,5.9,4-Seam Fastball,L,LHB vs RHP,49.5,242,0.291,0.331,0.61,0.94,17,14,55,0.0702,8.1,0.62,203,0.0197,4.8,0.604,3,3,0,0/3,0.0,0.0,0.0,0.0,0,0,1,45.6,Neutral Matchup,Average,42.5,5,Pitch-level Statcast · last 5 MLB games,385,4-Seam Fastball,31.948051948051948,123,Slurve,31.68831168831169,122,Changeup,15.324675324675324,59,Cutter,9.61038961038961,37,Sinker,9.61038961038961,37.0,Sweeper,1.8181818181818181,7.0,Unknown,,Unknown,,No,100.0,1.0,1.0,50.0,0.985,0.98,54.2,Current-Season Handedness Matchup,Pull Air %,Barrel %,Max Exit Velocity,49.5,37.2,42.4,43.1,50.0,45.0,46.2,4.88,1.057,0.93,1.025,1.03,0.978,1.007,1.0,20.8,11.86,79.3,33.9,D,Lineup unconfirmed,,,
34,2026-08-10,823675,2026-08-10T23:40:00Z,Scheduled,Target Field,Baltimore Orioles @ Minnesota Twins,Away,683002,Gunnar Henderson,Baltimore Orioles,Minnesota Twins,SS,L,No,,117,531,474,101,19,4,18,67,47,46,9,122,0.213,0.294,0.384,0.678,11,45,35,4,0,0.114,0.0,22,97,82,15,1,0.183,0.0103,697,117,3.6,25.6,51.2,23.2,25.7,13.3,24.7,55.2,28.3,5.5,2.7,5.5,52.0,83.0,16.4,0.508,72.3,95.0,110.6,39.7,10.0,11.6,44.8,35.3,Below Average,2.5,Pull Power,A,Excellent HR swing plane,35.3,Below Average,0.959,Good,2.6,56.7,94.8,0.493,Derived proxy,Derived proxy,Derived proxy,Derived proxy,,,28.06,10.06,Strong positive regression,Below Average Pull Power profile. 3.6% barrel rate; 83.0 mph average exit velocity; 24.7% air-ball rate; 55.2% pull-air rate; 5.5% HR-launch rate.,0.0339,0.0335,4.05,44,13,26.3,1.67,167.1,Above normal drought,665152,Dean Kremer,R,LHB vs RHP,8,8,41.0,5.93,1.32,12,2.63,8.78,2.85,226,5.3,21.7,19.9,56.9,31.4,81.0,92.9,108.6,0.614,12,42.8,99.7,0.603,5.8,Split-Finger,L,LHB vs RHP,44.3,366,0.209,0.29,0.362,0.652,12,32,88,0.0328,4.9,0.561,105,0.0667,5.9,0.59,0,0,0,0/0,,,,,0,0,0,44.9,Neutral Matchup,Average,50.0,5,Pitch-level Statcast · last 5 MLB games,430,4-Seam Fastball,26.046511627906977,112,Split-Finger,22.325581395348838,96,Cutter,21.627906976744185,93,Sinker,15.348837209302326,66,Curveball,13.720930232558139,59.0,Slider,0.9302325581395349,4.0,Unknown,,Unknown,,No,100.0,1.0,1.0,50.0,0.986,0.978,50.4,Current-Season Handedness Matchup,Pull Air %,Barrel %,Max Exit Velocity,44.3,41.2,42.8,44.8,50.0,45.0,46.0,4.85,0.758,1.143,1.025,1.0,0.959,0.959,1.035,12.91,7.64,84.8,28.7,F,Lineup unconfirmed,,,
35,2026-08-10,822780,2026-08-10T23:07:00Z,Scheduled,Rogers Centre,Boston Red Sox @ Toronto Blue Jays,Away,655316,Andruw Monasterio,Boston Red Sox,Toronto Blue Jays,SS,R,No,,77,248,224,60,21,1,6,29,31,19,2,52,0.268,0.328,0.451,0.779,12,53,46,15,1,0.326,0.0189,20,83,69,25,1,0.362,0.012,366,108,3.8,19.8,40.6,26.3,33.1,14.8,30.3,41.1,38.0,7.6,5.5,7.6,36.0,82.0,21.4,0.524,67.9,93.1,108.8,3.0,11.9,0.8,51.8,27.9,Weak,2.0,Contact-First Profile,A-,Elevated power plane,27.9,Weak,0.938,Good,2.8,42.1,93.7,0.528,Derived proxy,Derived proxy,Derived proxy,Derived proxy,,,14.53,8.53,Strong positive regression,Weak Contact-First Profile profile. 3.8% barrel rate; 82.0 mph average exit velocity; 30.3% air-ball rate; 41.1% pull-air rate; 7.6% HR-launch rate.,0.0242,0.0267,4.05,39,10,37.3,1.04,104.5,Near normal interval,592791,Jameson Taillon,R,RHB vs RHP,16,16,80.0,5.96,1.39,26,2.93,8.1,3.26,433,8.8,24.7,21.9,48.6,34.6,83.0,95.6,112.4,0.703,26,33.7,99.7,0.537,4.5,4-Seam Fastball,R,RHB vs RHP,36.7,151,0.259,0.3,0.367,0.667,1,7,32,0.0066,2.8,0.447,167,0.0719,8.0,0.662,4,4,1,1/4,0.25,0.25,0.25,0.5,0,0,1,36.5,Slight Pitcher Advantage,Below average,41.1,5,Pitch-level Statcast · last 5 MLB games,358,4-Seam Fastball,23.18435754189944,83,Changeup,19.83240223463687,71,Sweeper,19.273743016759777,69,Cutter,15.083798882681565,54,Curveball,12.569832402234637,45.0,Sinker,10.05586592178771,36.0,Unknown,,Unknown,,No,100.0,1.0,1.0,50.0,0.967,1.013,42.0,Current-Season Handedness Matchup,Pull Air %,Barrel %,Max Exit Velocity,36.7,60.9,33.7,33.9,50.0,45.0,45.8,4.82,0.836,1.2,0.985,1.0,0.938,0.938,1.0,10.4,6.92,76.4,25.0,F,Lineup unconfirmed,,,
36,2026-08-10,823265,2026-08-11T01:40:00Z,Scheduled,Petco Park,Milwaukee Brewers @ San Diego Padres,Home,664034,Ty France,San Diego Padres,Milwaukee Brewers,1B,R,No,,93,326,293,84,15,2,16,39,50,17,10,74,0.287,0.342,0.515,0.857,13,53,45,13,0,0.289,0.0,24,101,89,30,5,0.337,0.0495,461,141,5.9,29.1,42.5,26.4,30.7,14.1,27.5,43.9,34.5,6.6,4.0,6.6,59.4,85.1,18.4,0.609,70.2,96.7,111.9,19.7,12.7,7.3,47.4,37.1,Below Average,2.5,Pull Power,A,Excellent HR swing plane,37.1,Below Average,0.964,Good,6.4,45.7,97.8,0.634,Derived proxy,Derived proxy,Derived proxy,Derived proxy,,,25.27,9.27,Strong positive regression,Below Average Pull Power profile. 5.9% barrel rate; 85.1 mph average exit velocity; 27.5% air-ball rate; 43.9% pull-air rate; 6.6% HR-launch rate.,0.0491,0.0445,4.09,57,16,18.3,3.11,311.3,Very long drought,701656,Logan Henderson,R,RHB vs RHP,10,10,50.0,2.7,0.9,7,1.26,11.16,1.8,275,4.7,20.0,11.6,52.2,30.2,80.8,92.6,111.1,0.495,7,48.8,100.0,0.668,5.5,4-Seam Fastball,R,RHB vs RHP,43.8,230,0.278,0.328,0.522,0.849,13,11,50,0.0565,5.8,0.579,60,0.0333,3.7,0.462,0,0,0,0/0,,,,,0,0,0,46.8,Neutral Matchup,Average,50.0,5,Pitch-level Statcast · last 5 MLB games,405,4-Seam Fastball,44.93827160493827,182,Changeup,34.074074074074076,138,Cutter,19.012345679012345,77,Sweeper,1.9753086419753085,8,,,,,,,Unknown,,Unknown,,No,94.0,0.94,1.0,39.2,0.998,0.972,51.8,Current-Season Handedness Matchup,Pull Air %,Barrel %,Max Exit Velocity,43.8,34.6,48.8,53.5,39.2,45.0,45.7,4.8,0.877,1.018,0.985,1.0,0.964,0.964,1.06,16.98,8.98,83.3,37.1,D+,Lineup unconfirmed,,,
37,2026-08-10,823998,2026-08-11T01:38:00Z,Scheduled,Angel Stadium,Texas Rangers @ Los Angeles Angels,Home,687263,Zach Neto,Los Angeles Angels,Texas Rangers,SS,R,No,,115,515,457,103,22,3,20,74,51,49,8,165,0.225,0.311,0.418,0.729,11,49,48,7,1,0.146,0.0204,22,96,90,16,1,0.178,0.0104,638,118,6.4,26.0,46.2,26.6,26.9,16.3,25.8,47.6,28.3,7.5,3.9,7.5,36.0,83.0,17.9,0.574,68.9,95.1,109.5,13.9,11.2,2.9,38.9,32.1,Weak,2.5,Pull Power,A,Excellent HR swing plane,32.1,Weak,0.95,Good,5.9,44.8,95.6,0.499,Derived proxy,Derived proxy,Derived proxy,Derived proxy,,,36.49,16.49,Strong positive regression,Weak Pull Power profile. 6.4% barrel rate; 83.0 mph average exit velocity; 25.8% air-ball rate; 47.6% pull-air rate; 7.5% HR-launch rate.,0.0388,0.0375,3.99,13,3,22.8,0.57,56.9,Recently homered,669022,MacKenzie Gore,L,RHB vs LHP,24,24,128.2,4.55,1.24,16,1.12,9.79,3.29,745,5.2,23.4,12.3,43.2,28.3,81.7,94.2,115.7,0.53,16,51.3,100.0,0.662,7.0,4-Seam Fastball,R,RHB vs LHP,39.2,134,0.248,0.343,0.436,0.779,5,17,39,0.0373,5.7,0.617,408,0.0343,5.0,0.525,9,7,2,2/7,0.286,0.444,0.571,1.015,0,2,4,46.6,Neutral Matchup,Average,54.7,5,Pitch-level Statcast · last 5 MLB games,442,4-Seam Fastball,51.35746606334842,227,Changeup,13.122171945701357,58,Slider,12.44343891402715,55,Curveball,11.538461538461538,51,Sinker,7.918552036199095,35.0,Cutter,3.6199095022624435,16.0,Unknown,,Unknown,,No,100.0,1.0,1.0,50.0,1.003,0.977,49.2,Current-Season Handedness Matchup,Pull Air %,Barrel %,Max Exit Velocity,39.2,35.1,51.3,47.2,50.0,45.0,45.6,4.79,0.801,1.003,1.025,1.0,0.95,0.95,1.0,14.16,7.58,84.7,25.2,F,Lineup unconfirmed,,,
38,2026-08-10,824887,2026-08-10T23:15:00Z,Scheduled,Truist Park,New York Mets @ Atlanta Braves,Away,596019,Francisco Lindor,New York Mets,Atlanta Braves,SS,S,No,,62,270,239,56,6,4,10,33,29,28,3,53,0.234,0.322,0.418,0.74,12,53,46,11,2,0.239,0.0377,23,103,90,25,6,0.278,0.0583,371,144,5.9,29.2,53.7,23.6,22.7,15.6,29.4,51.2,29.7,8.7,6.3,8.7,54.3,84.9,20.6,0.596,70.3,96.2,109.7,23.7,13.4,7.2,53.2,40.5,Below Average,2.5,Pull Power,A-,Elevated power plane,40.5,Below Average,0.973,Good,6.2,53.5,96.1,0.64,Derived proxy,Derived proxy,Derived proxy,Derived proxy,,,21.69,11.69,Strong positive regression,Below Average Pull Power profile. 5.9% barrel rate; 84.9 mph average exit velocity; 29.4% air-ball rate; 51.2% pull-air rate; 8.7% HR-launch rate.,0.037,0.0355,4.05,9,3,23.9,0.38,37.7,Recently homered,693821,Bryce Elder,R,Switch vs RHP,22,22,126.2,3.69,1.2,19,1.35,7.39,2.98,648,4.5,27.3,15.4,41.2,29.3,84.3,96.5,113.0,0.497,19,42.8,99.9,0.603,5.8,Sinker,L,LHB vs RHP,35.8,193,0.238,0.321,0.424,0.746,7,18,43,0.0363,5.6,0.611,329,0.0334,3.9,0.468,1,0,0,0/0,0.0,0.0,0.0,0.0,0,0,0,40.6,Slight Pitcher Advantage,Below average,47.5,5,Pitch-level Statcast · last 5 MLB games,421,Sinker,33.2541567695962,140,Cutter,21.852731591448933,92,4-Seam Fastball,17.577197149643705,74,Slider,16.389548693586697,69,Changeup,10.926365795724466,46.0,,,,Unknown,,Unknown,,No,103.0,1.03,1.0,55.4,0.986,0.97,50.9,Current-Season Handedness Matchup,Pull Air %,Barrel %,Max Exit Velocity,35.8,32.3,42.8,55.6,55.4,45.0,45.1,4.73,1.129,1.04,1.035,1.0,0.973,0.973,1.0,13.61,9.67,79.3,27.9,F,Lineup unconfirmed,,,
39,2026-08-10,823018,2026-08-10T23:45:00Z,Scheduled,Busch Stadium,Philadelphia Phillies @ St. Louis Cardinals,Home,699625,Jimmy Crooks,St. Louis Cardinals,Philadelphia Phillies,C,L,No,,40,114,103,19,4,0,4,7,12,7,3,36,0.184,0.254,0.34,0.594,8,27,26,5,1,0.192,0.037,16,48,45,9,2,0.2,0.0417,131,59,5.8,27.4,49.6,16.9,32.5,23.9,33.8,50.1,31.7,8.9,4.2,8.9,54.6,85.9,13.7,0.611,70.5,96.5,109.4,16.1,14.8,2.6,38.5,36.5,Below Average,2.5,Pull Power,A,Excellent HR swing plane,36.5,Below Average,0.962,Good,6.8,52.4,97.2,0.588,Derived proxy,Derived proxy,Derived proxy,Derived proxy,,,7.8,3.8,Positive regression,Below Average Pull Power profile. 5.8% barrel rate; 85.9 mph average exit velocity; 33.8% air-ball rate; 50.1% pull-air rate; 8.9% HR-launch rate.,0.0351,0.0335,3.81,11,3,25.8,0.43,42.7,Recently homered,691725,Andrew Painter,R,LHB vs RHP,16,14,75.0,6.48,1.57,15,1.8,7.56,3.36,454,4.8,22.5,14.8,41.8,27.3,81.4,94.0,113.0,0.577,15,40.5,100.0,0.597,4.9,4-Seam Fastball,L,LHB vs RHP,36.6,100,0.187,0.25,0.319,0.569,3,6,29,0.03,4.3,0.568,212,0.0425,4.5,0.566,0,0,0,0/0,,,,,0,0,0,40.6,Slight Pitcher Advantage,Below average,50.0,5,Pitch-level Statcast · last 5 MLB games,372,4-Seam Fastball,28.225806451612904,105,Slider,21.50537634408602,80,Sweeper,19.35483870967742,72,Split-Finger,11.021505376344086,41,Sinker,7.795698924731183,29.0,Changeup,7.795698924731183,29.0,Unknown,,Unknown,,No,100.0,1.0,1.0,50.0,0.981,0.973,50.9,Current-Season Handedness Matchup,Pull Air %,Barrel %,Max Exit Velocity,36.6,34.0,40.5,59.0,50.0,45.0,45.0,4.72,1.067,1.112,1.025,0.94,0.962,0.904,1.0,12.18,8.34,64.0,22.3,F,Lineup unconfirmed,Curveball,4.301075268817204,16.0
40,2026-08-10,823265,2026-08-11T01:40:00Z,Scheduled,Petco Park,Milwaukee Brewers @ San Diego Padres,Home,701538,Jackson Merrill,San Diego Padres,Milwaukee Brewers,CF,L,No,,116,487,451,110,18,2,18,60,59,31,1,117,0.244,0.293,0.412,0.705,13,54,52,18,3,0.346,0.0556,24,99,95,31,8,0.326,0.0808,732,149,7.2,25.6,47.5,19.9,32.5,15.0,27.6,42.2,34.3,8.3,5.1,8.3,47.2,83.7,22.0,0.696,71.5,95.1,111.6,27.4,13.0,7.3,47.8,39.1,Below Average,2.5,Pull Power,A-,Elevated power plane,39.1,Below Average,0.969,Good,10.1,42.6,96.2,0.831,Derived proxy,Derived proxy,Derived proxy,Derived proxy,,,45.76,27.76,Strong positive regression,Below Average Pull Power profile. 7.2% barrel rate; 83.7 mph average exit velocity; 27.6% air-ball rate; 42.2% pull-air rate; 8.3% HR-launch rate.,0.037,0.036,3.99,0,0,25.1,0.0,0.0,Very recent HR,701656,Logan Henderson,R,LHB vs RHP,10,10,50.0,2.7,0.9,7,1.26,11.16,1.8,275,4.7,20.0,11.6,52.2,30.2,80.8,92.6,111.1,0.495,7,43.8,100.0,0.622,5.3,4-Seam Fastball,L,LHB vs RHP,42.7,361,0.221,0.279,0.405,0.684,15,26,88,0.0416,6.5,0.651,133,0.0376,5.2,0.51,0,0,0,0/0,,,,,0,0,0,44.5,Neutral Matchup,Average,50.0,5,Pitch-level Statcast · last 5 MLB games,405,4-Seam Fastball,44.93827160493827,182,Changeup,34.074074074074076,138,Cutter,19.012345679012345,77,Sweeper,1.9753086419753085,8,,,,,,,Unknown,,Unknown,,No,94.0,0.94,1.0,39.2,0.988,0.972,51.6,Current-Season Handedness Matchup,Pull Air %,Barrel %,Max Exit Velocity,42.7,34.6,43.8,55.4,39.2,45.0,44.9,4.7,1.273,1.018,1.025,1.0,0.969,0.969,0.98,13.6,9.51,84.9,27.9,F,Lineup unconfirmed,,,
41,2026-08-10,824969,2026-08-11T01:40:00Z,Scheduled,Sutter Health Park,Tampa Bay Rays @ Athletics,Away,683748,Victor Mesa Jr.,Tampa Bay Rays,Athletics,RF,L,No,,51,164,146,31,3,2,9,19,19,15,0,39,0.212,0.284,0.445,0.729,11,37,36,6,1,0.167,0.027,19,64,60,12,4,0.2,0.0625,224,90,7.8,23.4,47.2,25.9,26.9,16.3,26.0,45.8,27.8,9.4,4.9,9.4,54.1,80.8,22.1,0.626,70.6,93.8,110.4,32.4,13.0,8.6,60.5,39.3,Below Average,2.5,Pull Power,A-,Elevated power plane,39.3,Below Average,0.97,Good,8.9,48.0,93.3,0.692,Derived proxy,Derived proxy,Derived proxy,Derived proxy,,,14.57,5.57,Strong positive regression,Below Average Pull Power profile. 7.8% barrel rate; 80.8 mph average exit velocity; 26.0% air-ball rate; 45.8% pull-air rate; 9.4% HR-launch rate.,0.0549,0.0452,3.99,5,1,16.2,0.31,30.8,Very recent HR,682052,Jacob Lopez,L,LHB vs LHP,18,15,75.0,5.64,1.63,13,1.56,8.4,5.16,447,2.9,19.0,16.3,44.5,31.3,79.7,92.2,110.8,0.424,13,61.4,99.9,0.677,11.3,4-Seam Fastball,L,LHB vs LHP,33.4,31,0.214,0.267,0.357,0.624,1,2,6,0.0323,2.4,0.388,91,0.022,0.9,0.413,0,0,0,0/0,,,,,0,0,0,46.5,Neutral Matchup,Average,50.0,5,Pitch-level Statcast · last 5 MLB games,371,Slider,35.84905660377358,133,4-Seam Fastball,35.04043126684636,130,Cutter,22.10242587601078,82,Changeup,6.738544474393531,25,Sinker,0.2695417789757412,1.0,,,,Unknown,,Unknown,,No,100.0,1.0,1.0,50.0,1.023,0.954,48.3,Current-Season Handedness Matchup,Pull Air %,Barrel %,Max Exit Velocity,33.4,25.3,61.4,52.2,50.0,45.0,44.7,4.68,0.98,1.074,0.985,1.0,0.97,0.97,0.98,16.86,9.89,68.8,26.6,F,Lineup unconfirmed,,,
42,2026-08-10,822780,2026-08-10T23:07:00Z,Scheduled,Rogers Centre,Boston Red Sox @ Toronto Blue Jays,Away,807799,Masataka Yoshida,Boston Red Sox,Toronto Blue Jays,DH,L,No,,81,272,242,66,14,1,5,33,26,25,3,28,0.273,0.346,0.401,0.747,10,36,33,12,1,0.364,0.0278,21,72,65,19,2,0.292,0.0278,342,88,3.9,29.0,48.8,22.2,29.0,14.7,29.2,39.8,32.3,6.2,3.9,6.2,46.5,85.1,14.3,0.447,70.8,96.3,108.6,20.8,13.6,6.7,47.1,29.7,Weak,2.0,Contact-First Profile,A,Excellent HR swing plane,29.7,Weak,0.943,Good,5.7,42.3,96.6,0.469,Derived proxy,Derived proxy,Derived proxy,Derived proxy,,,13.95,8.95,Strong positive regression,Weak Contact-First Profile profile. 3.9% barrel rate; 85.1 mph average exit velocity; 29.2% air-ball rate; 39.8% pull-air rate; 6.2% HR-launch rate.,0.0184,0.0226,4.05,15,4,48.4,0.31,31.0,Very recent HR,592791,Jameson Taillon,R,LHB vs RHP,16,16,80.0,5.96,1.39,26,2.93,8.1,3.26,433,8.8,24.7,21.9,48.6,34.6,83.0,95.6,112.4,0.703,26,18.9,99.7,0.429,2.5,4-Seam Fastball,L,LHB vs RHP,42.7,242,0.27,0.343,0.4,0.743,5,22,24,0.0207,2.9,0.42,180,0.0778,9.5,0.744,0,0,0,0/0,,,,,0,0,0,35.8,Slight Pitcher Advantage,Below average,50.0,5,Pitch-level Statcast · last 5 MLB games,358,4-Seam Fastball,23.18435754189944,83,Changeup,19.83240223463687,71,Sweeper,19.273743016759777,69,Cutter,15.083798882681565,54,Curveball,12.569832402234637,45.0,Sinker,10.05586592178771,36.0,Unknown,,Unknown,,No,100.0,1.0,1.0,50.0,0.938,1.013,42.9,Current-Season Handedness Matchup,Pull Air %,Barrel %,Max Exit Velocity,42.7,60.9,18.9,46.2,50.0,45.0,44.6,4.67,1.093,1.2,1.025,1.0,0.943,0.943,0.98,8.82,7.22,77.2,23.8,F,Lineup unconfirmed,,,
43,2026-08-10,824969,2026-08-11T01:40:00Z,Scheduled,Sutter Health Park,Tampa Bay Rays @ Athletics,Home,691777,Max Muncy,Athletics,Tampa Bay Rays,3B,R,No,,54,194,173,38,8,2,5,24,21,14,4,67,0.22,0.289,0.376,0.665,6,16,16,3,0,0.188,0.0,8,19,19,3,0,0.158,0.0,227,19,7.0,25.6,48.3,31.9,19.9,14.4,25.9,53.9,32.0,7.3,3.9,7.3,22.4,83.5,18.5,0.54,72.4,95.2,111.2,47.0,15.2,8.6,50.6,40.9,Below Average,2.5,Pull Power,A,Excellent HR swing plane,40.9,Below Average,0.975,Good,5.3,57.1,90.6,0.413,Derived proxy,Derived proxy,Derived proxy,Derived proxy,,,14.21,9.21,Strong positive regression,Below Average Pull Power profile. 7.0% barrel rate; 83.5 mph average exit velocity; 25.9% air-ball rate; 53.9% pull-air rate; 7.3% HR-launch rate.,0.0258,0.0282,3.93,47,16,34.6,1.36,135.8,Above normal drought,642547,Freddy Peralta,R,RHB vs RHP,23,23,117.1,5.37,1.52,19,1.46,8.9,3.76,701,3.1,23.0,13.4,46.1,29.4,82.1,93.5,114.7,0.493,19,49.7,98.2,0.656,6.6,4-Seam Fastball,R,RHB vs RHP,32.7,113,0.221,0.257,0.375,0.632,4,3,41,0.0354,8.7,0.555,192,0.0208,2.3,0.434,5,4,1,1/4,0.25,0.4,0.25,0.65,0,1,2,40.7,Slight Pitcher Advantage,Below average,42.9,5,Pitch-level Statcast · last 5 MLB games,466,4-Seam Fastball,53.648068669527895,250,Changeup,16.09442060085837,75,Sweeper,13.304721030042918,62,Curveball,13.304721030042918,62,Slow Curve,2.3605150214592276,11.0,Slider,1.2875536480686696,6.0,Unknown,,Unknown,,No,100.0,1.0,1.0,50.0,0.999,0.956,51.5,Current-Season Handedness Matchup,Pull Air %,Barrel %,Max Exit Velocity,32.7,30.2,49.7,42.4,50.0,45.0,44.5,4.65,0.857,1.058,0.985,1.0,0.975,0.975,1.035,10.62,6.7,67.4,23.2,F,Lineup unconfirmed,,,
44,2026-08-10,823675,2026-08-10T23:40:00Z,Scheduled,Target Field,Baltimore Orioles @ Minnesota Twins,Away,641933,Tyler O'Neill,Baltimore Orioles,Minnesota Twins,RF,R,No,,75,222,196,43,8,0,10,28,22,24,2,61,0.219,0.311,0.413,0.724,8,25,20,6,3,0.3,0.12,17,49,44,14,4,0.318,0.0816,270,72,6.3,23.9,46.3,24.5,29.2,19.8,29.5,49.1,24.6,7.2,4.4,7.2,71.1,83.9,23.4,0.609,70.9,95.4,110.1,17.2,10.4,2.5,53.1,34.8,Weak,2.5,Pull Power,A-,Elevated power plane,34.8,Weak,0.957,Good,5.6,47.4,94.5,0.629,Derived proxy,Derived proxy,Derived proxy,Derived proxy,,,15.61,5.61,Strong positive regression,Weak Pull Power profile. 6.3% barrel rate; 83.9 mph average exit velocity; 29.5% air-ball rate; 49.1% pull-air rate; 7.2% HR-launch rate.,0.045,0.0405,4.05,0,0,19.6,0.0,0.0,Very recent HR,665152,Dean Kremer,R,RHB vs RHP,8,8,41.0,5.93,1.32,12,2.63,8.78,2.85,226,5.3,21.7,19.9,56.9,31.4,81.0,92.9,108.6,0.614,12,34.7,99.7,0.51,6.4,Split-Finger,R,RHB vs RHP,35.3,114,0.204,0.316,0.296,0.612,2,14,31,0.0175,3.8,0.453,68,0.0735,4.4,0.652,3,3,0,0/3,0.0,0.0,0.0,0.0,0,0,1,36.6,Slight Pitcher Advantage,Below average,42.5,5,Pitch-level Statcast · last 5 MLB games,430,4-Seam Fastball,26.046511627906977,112,Split-Finger,22.325581395348838,96,Cutter,21.627906976744185,93,Sinker,15.348837209302326,66,Curveball,13.720930232558139,59.0,Slider,0.9302325581395349,4.0,Unknown,,Unknown,,No,100.0,1.0,1.0,50.0,0.969,0.978,49.2,Current-Season Handedness Matchup,Pull Air %,Barrel %,Max Exit Velocity,35.3,41.2,34.7,46.5,50.0,45.0,44.4,4.64,1.35,1.143,0.985,1.0,0.957,0.957,0.98,15.41,11.73,71.8,29.9,F,Lineup unconfirmed,,,
45,2026-08-10,823189,2026-08-11T01:45:00Z,Scheduled,Oracle Park,Houston Astros @ San Francisco Giants,Away,701358,Cam Smith,Houston Astros,San Francisco Giants,RF,R,No,,116,427,381,84,15,2,15,49,42,35,6,105,0.22,0.293,0.388,0.681,10,39,37,13,2,0.351,0.0513,21,70,64,15,4,0.234,0.0571,554,97,6.1,29.0,40.8,28.7,29.7,14.0,24.3,42.4,25.3,6.5,3.6,6.5,54.4,83.3,20.4,0.566,75.9,97.2,113.4,72.3,10.4,17.5,48.7,41.0,Below Average,2.5,Pull Power,A-,Elevated power plane,41.0,Below Average,0.975,Good,5.2,50.0,97.5,0.496,Derived proxy,Derived proxy,Derived proxy,Derived proxy,,,29.93,14.93,Strong positive regression,Below Average Pull Power profile. 6.1% barrel rate; 83.3 mph average exit velocity; 24.3% air-ball rate; 42.4% pull-air rate; 6.5% HR-launch rate.,0.0351,0.0344,4.05,3,1,25.4,0.12,11.8,Very recent HR,694918,Blade Tidwell,R,RHB vs RHP,9,1,17.0,3.18,1.18,1,0.53,6.88,2.12,90,4.4,31.1,7.8,55.6,25.6,84.3,96.4,110.1,0.42,1,47.9,100.0,0.624,7.3,Sweeper,R,RHB vs RHP,38.3,313,0.224,0.292,0.37,0.662,9,24,79,0.0288,6.7,0.626,32,0.0,0.0,0.348,0,0,0,0/0,,,,,0,0,0,44.0,Neutral Matchup,Average,50.0,5,Pitch-level Statcast · last 5 MLB games,195,Sweeper,35.8974358974359,70,4-Seam Fastball,32.82051282051282,64,Sinker,13.333333333333334,26,Slider,10.256410256410257,20,Changeup,6.153846153846154,12.0,Curveball,1.5384615384615385,3.0,Unknown,,Unknown,,No,91.0,0.91,1.0,33.8,0.996,0.969,49.2,Current-Season Handedness Matchup,Pull Air %,Barrel %,Max Exit Velocity,38.3,35.4,47.9,54.2,33.8,45.0,44.3,4.64,1.226,0.978,0.985,1.0,0.975,0.975,0.98,13.23,8.46,82.6,25.6,F,Lineup unconfirmed,,,
46,2026-08-10,823675,2026-08-10T23:40:00Z,Scheduled,Target Field,Baltimore Orioles @ Minnesota Twins,Away,681297,Colton Cowser,Baltimore Orioles,Minnesota Twins,CF,L,No,,104,282,241,51,4,0,9,31,30,37,1,85,0.212,0.317,0.34,0.657,10,27,24,6,1,0.25,0.037,21,53,42,8,1,0.19,0.0189,328,65,5.4,23.2,44.6,32.5,22.9,15.7,25.3,38.8,27.5,7.3,5.1,7.3,42.5,81.7,16.2,0.618,70.8,94.5,113.5,43.3,10.1,9.9,37.7,34.6,Weak,2.5,Contact-First Profile,A,Excellent HR swing plane,34.6,Weak,0.957,Good,4.6,31.2,95.4,0.575,Derived proxy,Derived proxy,Derived proxy,Derived proxy,,,15.68,6.68,Strong positive regression,Weak Contact-First Profile profile. 5.4% barrel rate; 81.7 mph average exit velocity; 25.3% air-ball rate; 38.8% pull-air rate; 7.3% HR-launch rate.,0.0319,0.0319,4.05,0,0,26.8,0.0,0.0,Very recent HR,665152,Dean Kremer,R,LHB vs RHP,8,8,41.0,5.93,1.32,12,2.63,8.78,2.85,226,5.3,21.7,19.9,56.9,31.4,81.0,92.9,108.6,0.614,12,40.0,99.7,0.59,5.0,Split-Finger,L,LHB vs RHP,50.9,242,0.217,0.322,0.367,0.689,9,32,68,0.0372,6.6,0.673,105,0.0667,5.9,0.59,0,0,0,0/0,,,,,0,0,0,46.9,Neutral Matchup,Average,50.0,5,Pitch-level Statcast · last 5 MLB games,430,4-Seam Fastball,26.046511627906977,112,Split-Finger,22.325581395348838,96,Cutter,21.627906976744185,93,Sinker,15.348837209302326,66,Curveball,13.720930232558139,59.0,Slider,0.9302325581395349,4.0,Unknown,,Unknown,,No,100.0,1.0,1.0,50.0,0.98,0.978,49.7,Current-Season Handedness Matchup,Pull Air %,Barrel %,Max Exit Velocity,50.9,41.2,40.0,31.2,50.0,45.0,44.2,4.62,0.961,1.143,1.025,0.965,0.957,0.923,0.98,12.32,7.96,76.4,23.5,F,Lineup unconfirmed,,,
47,2026-08-10,823998,2026-08-11T01:38:00Z,Scheduled,Angel Stadium,Texas Rangers @ Los Angeles Angels,Home,694208,Moisés Ballesteros,Los Angeles Angels,Texas Rangers,C,L,No,,65,198,178,40,6,0,6,16,23,18,0,41,0.225,0.293,0.36,0.653,6,23,22,4,0,0.182,0.0,6,23,22,4,0,0.182,0.0,244,28,6.0,29.9,40.4,29.2,29.9,10.2,25.8,39.4,28.6,6.2,4.6,6.2,30.0,84.5,11.7,0.557,70.8,97.3,110.1,35.4,15.3,10.2,48.3,36.0,Below Average,2.5,Contact-First Profile,A,Excellent HR swing plane,36.0,Below Average,0.961,Good,7.1,42.9,98.6,0.631,Derived proxy,Derived proxy,Derived proxy,Derived proxy,,,12.96,6.96,Strong positive regression,Below Average Contact-First Profile profile. 6.0% barrel rate; 84.5 mph average exit velocity; 25.8% air-ball rate; 39.4% pull-air rate; 6.2% HR-launch rate.,0.0303,0.0309,3.99,96,35,29.7,3.24,323.6,Very long drought,669022,MacKenzie Gore,L,LHB vs LHP,24,24,128.2,4.55,1.24,16,1.12,9.79,3.29,745,5.2,23.4,12.3,43.2,28.3,81.7,94.2,115.7,0.53,16,46.7,100.0,0.604,7.7,4-Seam Fastball,L,LHB vs LHP,39.6,13,0.167,0.231,0.25,0.481,0,1,3,0.0,4.8,0.519,139,0.0144,5.9,0.546,0,0,0,0/0,,,,,0,0,0,44.2,Neutral Matchup,Average,50.0,5,Pitch-level Statcast · last 5 MLB games,442,4-Seam Fastball,51.35746606334842,227,Changeup,13.122171945701357,58,Slider,12.44343891402715,55,Curveball,11.538461538461538,51,Sinker,7.918552036199095,35.0,Cutter,3.6199095022624435,16.0,Unknown,,Unknown,,No,100.0,1.0,1.0,50.0,0.993,0.977,46.0,Current-Season Handedness Matchup,Pull Air %,Barrel %,Max Exit Velocity,39.6,35.1,46.7,54.1,50.0,45.0,44.2,4.62,0.857,1.003,0.985,1.0,0.961,0.961,1.06,11.79,7.01,68.0,28.8,F,Lineup unconfirmed,,,
48,2026-08-10,823265,2026-08-11T01:40:00Z,Scheduled,Petco Park,Milwaukee Brewers @ San Diego Padres,Home,665487,Fernando Tatis Jr.,San Diego Padres,Milwaukee Brewers,RF,R,No,,117,518,460,130,25,2,11,64,54,47,5,100,0.283,0.352,0.417,0.769,12,54,48,16,3,0.333,0.0556,23,106,92,27,6,0.293,0.0566,576,117,8.8,36.5,36.1,31.7,32.1,14.9,29.3,27.3,27.6,7.8,3.7,7.8,33.0,86.5,8.9,0.623,74.0,100.4,116.6,60.8,16.4,17.7,55.0,45.7,Below Average,3.0,Contact-First Profile,C,Low line-drive plane,45.7,Below Average,0.988,Good,10.3,30.6,100.7,0.698,Derived proxy,Derived proxy,Derived proxy,Derived proxy,,,41.6,30.6,Strong positive regression,Below Average Contact-First Profile profile. 8.8% barrel rate; 86.5 mph average exit velocity; 29.3% air-ball rate; 27.3% pull-air rate; 7.8% HR-launch rate.,0.0212,0.0233,3.99,0,0,41.8,0.0,0.0,Very recent HR,701656,Logan Henderson,R,RHB vs RHP,10,10,50.0,2.7,0.9,7,1.26,11.16,1.8,275,4.7,20.0,11.6,52.2,30.2,80.8,92.6,111.1,0.495,7,48.1,100.0,0.604,8.4,4-Seam Fastball,R,RHB vs RHP,36.5,406,0.282,0.346,0.401,0.746,8,33,76,0.0197,8.0,0.584,60,0.0333,3.7,0.462,0,0,0,0/0,,,,,0,0,0,43.3,Neutral Matchup,Average,50.0,5,Pitch-level Statcast · last 5 MLB games,405,4-Seam Fastball,44.93827160493827,182,Changeup,34.074074074074076,138,Cutter,19.012345679012345,77,Sweeper,1.9753086419753085,8,,,,,,,Unknown,,Unknown,,No,94.0,0.94,1.0,39.2,0.996,0.972,47.9,Current-Season Handedness Matchup,Pull Air %,Barrel %,Max Exit Velocity,36.5,34.6,48.1,53.6,39.2,45.0,44.0,4.6,1.35,1.018,0.985,1.0,0.988,0.988,0.98,8.96,7.31,85.0,25.4,F,Lineup unconfirmed,,,
49,2026-08-10,823998,2026-08-11T01:38:00Z,Scheduled,Angel Stadium,Texas Rangers @ Los Angeles Angels,Away,608369,Corey Seager,Texas Rangers,Los Angeles Angels,SS,L,No,,59,250,215,42,7,0,11,32,28,31,2,65,0.195,0.3,0.381,0.681,8,31,28,8,1,0.286,0.0323,8,31,28,8,1,0.286,0.0323,288,34,9.5,31.8,46.9,20.4,32.7,21.1,31.0,35.8,27.0,10.8,4.2,10.8,38.5,86.2,20.8,0.618,70.1,98.3,111.5,11.2,16.4,3.5,48.2,38.4,Below Average,2.5,Contact-First Profile,A-,Elevated power plane,38.4,Below Average,0.968,Good,11.8,30.8,101.0,0.576,Derived proxy,Derived proxy,Derived proxy,Derived proxy,,,23.62,12.62,Strong positive regression,Below Average Contact-First Profile profile. 9.5% barrel rate; 86.2 mph average exit velocity; 31.0% air-ball rate; 35.8% pull-air rate; 10.8% HR-launch rate.,0.044,0.0401,4.05,4,1,19.5,0.2,20.5,Very recent HR,672282,Reid Detmers,L,LHB vs LHP,23,23,129.0,4.12,1.1,17,1.19,10.47,2.72,689,4.8,22.4,15.1,39.2,29.5,83.3,94.8,112.6,0.549,17,44.2,99.9,0.579,7.7,4-Seam Fastball,L,LHB vs LHP,35.6,64,0.182,0.297,0.309,0.606,2,9,21,0.0312,4.4,0.56,138,0.029,4.8,0.503,3,3,1,1/3,0.333,0.333,0.333,0.666,0,0,1,40.7,Slight Pitcher Advantage,Below average,46.0,5,Pitch-level Statcast · last 5 MLB games,418,4-Seam Fastball,48.32535885167464,202,Slider,30.861244019138756,129,Curveball,15.07177033492823,63,Changeup,5.741626794258373,24,,,,,,,Unknown,,Unknown,,No,100.0,1.0,1.0,50.0,0.988,0.973,48.1,Current-Season Handedness Matchup,Pull Air %,Barrel %,Max Exit Velocity,35.6,32.0,44.2,57.8,50.0,45.0,44.0,4.59,0.922,1.014,0.985,1.0,0.968,0.968,0.98,15.28,8.36,72.3,24.0,F,Lineup unconfirmed,,,
50,2026-08-10,823265,2026-08-11T01:40:00Z,Scheduled,Petco Park,Milwaukee Brewers @ San Diego Padres,Home,592518,Manny Machado,San Diego Padres,Milwaukee Brewers,3B,R,No,,116,492,429,91,20,0,23,60,70,55,0,110,0.212,0.297,0.42,0.717,13,55,48,11,0,0.229,0.0,24,106,93,25,4,0.269,0.0377,632,136,6.4,27.4,42.3,27.9,28.9,15.8,30.2,37.0,32.8,8.2,4.1,8.2,54.4,84.2,25.4,0.619,72.9,96.2,111.3,42.0,14.5,12.3,58.5,39.1,Below Average,2.5,Contact-First Profile,A-,Elevated power plane,39.1,Below Average,0.969,Good,7.4,34.0,96.7,0.682,Derived proxy,Derived proxy,Derived proxy,Derived proxy,,,36.05,13.05,Strong positive regression,Below Average Contact-First Profile profile. 6.4% barrel rate; 84.2 mph average exit velocity; 30.2% air-ball rate; 37.0% pull-air rate; 8.2% HR-launch rate.,0.0467,0.0439,3.99,48,13,18.7,2.57,257.3,Very long drought,701656,Logan Henderson,R,RHB vs RHP,10,10,50.0,2.7,0.9,7,1.26,11.16,1.8,275,4.7,20.0,11.6,52.2,30.2,80.8,92.6,111.1,0.495,7,53.5,100.0,0.677,7.4,4-Seam Fastball,R,RHB vs RHP,42.8,375,0.21,0.297,0.418,0.714,19,42,86,0.0507,5.9,0.595,60,0.0333,3.7,0.462,0,0,0,0/0,,,,,0,0,0,48.0,Neutral Matchup,Average,50.0,5,Pitch-level Statcast · last 5 MLB games,405,4-Seam Fastball,44.93827160493827,182,Changeup,34.074074074074076,138,Cutter,19.012345679012345,77,Sweeper,1.9753086419753085,8,,,,,,,Unknown,,Unknown,,No,94.0,0.94,1.0,39.2,1.007,0.972,47.5,Current-Season Handedness Matchup,Pull Air %,Barrel %,Max Exit Velocity,42.8,34.6,53.5,42.4,39.2,45.0,43.9,4.59,0.832,1.018,0.985,1.0,0.969,0.969,1.06,16.38,8.43,85.0,34.4,D,Lineup unconfirmed,,,
51,2026-08-10,824887,2026-08-10T23:15:00Z,Scheduled,Truist Park,New York Mets @ Atlanta Braves,Home,660670,Ronald Acuña Jr.,Atlanta Braves,New York Mets,RF,R,No,,66,292,247,60,10,1,12,40,28,38,5,65,0.243,0.353,0.437,0.79,12,52,48,10,5,0.208,0.0962,13,56,52,11,5,0.212,0.0893,365,81,8.4,27.1,37.6,31.1,31.3,12.5,25.2,37.4,31.3,9.2,5.9,9.2,49.7,82.6,17.8,0.7,73.1,95.2,112.8,53.3,12.4,13.9,50.3,43.2,Below Average,2.5,Contact-First Profile,A,Excellent HR swing plane,43.2,Below Average,0.981,Good,9.9,35.0,95.2,0.734,Derived proxy,Derived proxy,Derived proxy,Derived proxy,,,25.05,13.05,Strong positive regression,Below Average Contact-First Profile profile. 8.4% barrel rate; 82.6 mph average exit velocity; 25.2% air-ball rate; 37.4% pull-air rate; 9.2% HR-launch rate.,0.0411,0.0384,3.99,4,1,20.6,0.19,19.4,Very recent HR,681035,Christian Scott,R,RHB vs RHP,16,16,74.1,3.15,1.26,7,0.85,11.14,3.87,452,4.6,20.1,11.1,41.0,35.4,81.1,92.5,112.8,0.523,7,46.1,99.9,0.6,7.6,4-Seam Fastball,R,RHB vs RHP,42.2,194,0.262,0.366,0.463,0.829,9,24,39,0.0464,9.2,0.696,117,0.0085,4.1,0.535,3,3,0,0/3,0.0,0.0,0.0,0.0,0,0,2,43.6,Neutral Matchup,Average,42.5,5,Pitch-level Statcast · last 5 MLB games,452,4-Seam Fastball,47.56637168141593,215,Sweeper,22.345132743362832,101,Cutter,15.265486725663717,69,Curveball,10.398230088495575,47,Split-Finger,3.0973451327433628,14.0,Sinker,1.3274336283185841,6.0,Unknown,,Unknown,,No,103.0,1.03,1.0,55.4,0.992,0.971,50.5,Current-Season Handedness Matchup,Pull Air %,Barrel %,Max Exit Velocity,42.2,29.1,46.1,46.0,55.4,45.0,43.9,4.59,1.35,0.96,0.985,1.0,0.981,0.981,0.98,14.48,10.36,77.3,29.5,F,Lineup unconfirmed,,,
52,2026-08-10,823918,2026-08-11T02:10:00Z,Scheduled,UNIQLO Field at Dodger Stadium,Kansas City Royals @ Los Angeles Dodgers,Home,676439,Hunter Feduccia,Los Angeles Dodgers,Kansas City Royals,C,L,No,,65,169,149,35,7,1,2,16,12,15,1,44,0.235,0.307,0.336,0.643,8,17,16,4,0,0.25,0.0,14,36,33,8,0,0.242,0.0,222,51,5.6,25.5,47.4,35.2,17.4,13.8,28.1,45.8,30.1,6.7,3.7,6.7,10.8,81.7,18.0,0.511,67.7,94.4,108.2,19.1,11.7,5.5,47.3,30.8,Weak,2.0,Pull Power,A,Excellent HR swing plane,30.8,Weak,0.946,Good,5.9,57.1,94.9,0.461,Derived proxy,Derived proxy,Derived proxy,Derived proxy,,,11.08,9.08,Strong positive regression,Weak Pull Power profile. 5.6% barrel rate; 81.7 mph average exit velocity; 28.1% air-ball rate; 45.8% pull-air rate; 6.7% HR-launch rate.,0.0118,0.0202,3.87,37,15,74.5,0.5,49.7,Recently homered,702070,Noah Cameron,L,LHB vs LHP,22,21,123.2,4.37,1.29,14,1.02,8.44,2.91,673,5.5,25.4,13.8,45.7,32.4,82.5,95.4,115.9,0.563,14,34.2,99.9,0.556,3.8,4-Seam Fastball,L,LHB vs LHP,45.3,25,0.16,0.16,0.2,0.36,0,0,4,0.0,8.3,0.489,128,0.0312,8.0,0.619,0,0,0,0/0,,,,,0,0,0,42.4,Slight Pitcher Advantage,Below average,50.0,5,Pitch-level Statcast · last 5 MLB games,490,Cutter,22.448979591836736,110,Changeup,21.632653061224488,106,4-Seam Fastball,18.979591836734695,93,Curveball,18.775510204081634,92,Slider,14.081632653061224,69.0,Sinker,4.081632653061225,20.0,Unknown,,Unknown,,No,100.0,1.0,1.0,50.0,0.968,0.98,47.5,Current-Season Handedness Matchup,Pull Air %,Barrel %,Max Exit Velocity,45.3,40.3,34.2,52.4,50.0,45.0,43.8,4.58,0.758,0.987,0.985,0.94,0.946,0.889,1.0,7.6,4.67,67.0,16.9,F,Lineup unconfirmed,,,
53,2026-08-10,823998,2026-08-11T01:38:00Z,Scheduled,Angel Stadium,Texas Rangers @ Los Angeles Angels,Home,545361,Mike Trout,Los Angeles Angels,Texas Rangers,CF,R,No,,99,442,357,84,16,0,19,66,41,79,5,115,0.235,0.38,0.44,0.82,11,45,41,7,1,0.171,0.0222,22,92,78,19,1,0.244,0.0109,518,114,6.1,22.0,38.4,28.3,33.1,15.3,26.8,37.2,28.8,6.1,3.9,6.1,45.6,81.6,20.3,0.659,72.7,94.1,113.2,48.4,9.7,11.6,39.6,35.2,Below Average,2.5,Contact-First Profile,A-,Elevated power plane,35.2,Below Average,0.959,Good,1.8,26.7,92.2,0.495,Derived proxy,Derived proxy,Derived proxy,Derived proxy,,,26.13,7.13,Strong positive regression,Below Average Contact-First Profile profile. 6.1% barrel rate; 81.6 mph average exit velocity; 26.8% air-ball rate; 37.2% pull-air rate; 6.1% HR-launch rate.,0.043,0.0406,4.17,7,2,18.8,0.37,37.3,Recently homered,669022,MacKenzie Gore,L,RHB vs LHP,24,24,128.2,4.55,1.24,16,1.12,9.79,3.29,745,5.2,23.4,12.3,43.2,28.3,81.7,94.2,115.7,0.53,16,59.9,100.0,0.718,8.6,4-Seam Fastball,R,RHB vs LHP,42.8,116,0.287,0.422,0.457,0.88,4,22,28,0.0345,8.2,0.67,408,0.0343,5.0,0.525,2,2,0,0/2,0.0,0.0,0.0,0.0,0,0,0,49.2,Neutral Matchup,Average,45.0,5,Pitch-level Statcast · last 5 MLB games,442,4-Seam Fastball,51.35746606334842,227,Changeup,13.122171945701357,58,Slider,12.44343891402715,55,Curveball,11.538461538461538,51,Sinker,7.918552036199095,35.0,Cutter,3.6199095022624435,16.0,Unknown,,Unknown,,No,100.0,1.0,1.0,50.0,1.02,0.977,47.5,Current-Season Handedness Matchup,Pull Air %,Barrel %,Max Exit Velocity,42.8,35.1,59.9,14.7,50.0,45.0,43.8,4.57,0.801,1.003,1.025,1.0,0.959,0.959,1.0,15.89,8.22,84.4,27.5,F,Lineup unconfirmed,,,
54,2026-08-10,822780,2026-08-10T23:07:00Z,Scheduled,Rogers Centre,Boston Red Sox @ Toronto Blue Jays,Away,668670,Jake Rogers,Boston Red Sox,Toronto Blue Jays,C,R,No,,42,125,104,19,4,1,3,15,11,16,1,35,0.183,0.29,0.327,0.617,6,15,11,4,0,0.364,0.0,10,25,19,4,0,0.211,0.0,135,27,4.2,22.2,49.3,36.2,14.5,15.8,26.9,43.5,25.7,5.2,3.7,5.2,33.1,82.1,18.7,0.462,68.0,93.3,108.4,3.8,10.6,1.0,63.0,24.4,Weak,2.0,Pull Power,A,Excellent HR swing plane,24.4,Weak,0.928,Good,3.7,40.0,92.3,0.46,Derived proxy,Derived proxy,Derived proxy,Derived proxy,,,5.4,2.4,Positive regression,Weak Pull Power profile. 4.2% barrel rate; 82.1 mph average exit velocity; 26.9% air-ball rate; 43.5% pull-air rate; 5.2% HR-launch rate.,0.024,0.0279,3.93,22,11,34.7,0.63,63.5,Recently homered,592791,Jameson Taillon,R,RHB vs RHP,16,16,80.0,5.96,1.39,26,2.93,8.1,3.26,433,8.8,24.7,21.9,48.6,34.6,83.0,95.6,112.4,0.703,26,21.9,99.7,0.45,3.0,4-Seam Fastball,R,RHB vs RHP,41.8,100,0.157,0.273,0.289,0.562,2,13,28,0.02,4.4,0.444,167,0.0719,8.0,0.662,2,2,1,1/2,0.5,0.5,0.5,1.0,0,0,0,36.7,Slight Pitcher Advantage,Below average,50.9,5,Pitch-level Statcast · last 5 MLB games,358,4-Seam Fastball,23.18435754189944,83,Changeup,19.83240223463687,71,Sweeper,19.273743016759777,69,Cutter,15.083798882681565,54,Curveball,12.569832402234637,45.0,Sinker,10.05586592178771,36.0,Unknown,,Unknown,,No,100.0,1.0,1.0,50.0,0.944,1.013,42.5,Current-Season Handedness Matchup,Pull Air %,Barrel %,Max Exit Velocity,41.8,60.9,21.9,31.2,50.0,45.0,43.7,4.57,0.762,1.2,0.985,0.94,0.928,0.873,1.0,10.53,6.11,62.9,18.6,F,Lineup unconfirmed,,,
55,2026-08-10,824887,2026-08-10T23:15:00Z,Scheduled,Truist Park,New York Mets @ Atlanta Braves,Home,686948,Drake Baldwin,Atlanta Braves,New York Mets,C,L,No,,95,423,371,100,7,0,20,62,59,44,7,89,0.27,0.357,0.45,0.807,12,52,49,11,0,0.224,0.0,24,109,95,30,5,0.316,0.0459,585,170,6.5,29.3,40.3,25.4,34.3,11.2,23.0,32.4,29.7,6.4,3.9,6.4,51.4,83.9,16.3,0.654,73.2,96.4,111.5,49.0,11.7,14.9,42.3,37.2,Below Average,2.5,Contact-First Profile,A,Excellent HR swing plane,37.2,Below Average,0.964,Good,4.7,28.9,96.0,0.632,Derived proxy,Derived proxy,Derived proxy,Derived proxy,,,31.94,11.94,Strong positive regression,Below Average Contact-First Profile profile. 6.5% barrel rate; 83.9 mph average exit velocity; 23.0% air-ball rate; 32.4% pull-air rate; 6.4% HR-launch rate.,0.0473,0.0439,4.09,60,15,18.6,3.23,323.5,Very long drought,681035,Christian Scott,R,LHB vs RHP,16,16,74.1,3.15,1.26,7,0.85,11.14,3.87,452,4.6,20.1,11.1,41.0,35.4,81.1,92.5,112.8,0.523,7,61.1,99.9,0.731,8.5,4-Seam Fastball,L,LHB vs RHP,46.1,259,0.287,0.382,0.48,0.862,13,31,55,0.0502,7.6,0.7,202,0.0297,4.9,0.517,5,5,2,2/5,0.4,0.4,0.4,0.8,0,0,0,51.5,Neutral Matchup,Average,46.9,5,Pitch-level Statcast · last 5 MLB games,452,4-Seam Fastball,47.56637168141593,215,Sweeper,22.345132743362832,101,Cutter,15.265486725663717,69,Curveball,10.398230088495575,47,Split-Finger,3.0973451327433628,14.0,Sinker,1.3274336283185841,6.0,Unknown,,Unknown,,No,103.0,1.03,1.0,55.4,1.022,0.971,46.4,Current-Season Handedness Matchup,Pull Air %,Barrel %,Max Exit Velocity,46.1,29.1,61.1,30.5,55.4,45.0,43.6,4.56,0.865,0.96,1.025,1.0,0.964,0.964,1.06,16.78,9.28,85.0,37.1,D+,Lineup unconfirmed,,,
56,2026-08-10,825048,2026-08-11T01:40:00Z,Scheduled,Chase Field,Colorado Rockies @ Arizona Diamondbacks,Home,682998,Corbin Carroll,Arizona Diamondbacks,Colorado Rockies,RF,L,No,,115,499,433,104,23,13,16,71,54,57,6,113,0.24,0.335,0.464,0.799,12,55,48,8,1,0.167,0.0182,23,105,92,17,3,0.185,0.0286,596,138,8.3,32.3,51.2,22.1,25.8,17.4,27.7,49.6,27.2,8.1,4.4,8.1,30.7,85.0,20.7,0.587,74.1,97.3,111.9,53.1,13.4,15.8,60.8,47.6,Below Average,3.0,Pull Power,A-,Elevated power plane,47.6,Below Average,0.993,Good,9.4,42.5,97.6,0.576,Derived proxy,Derived proxy,Derived proxy,Derived proxy,,,43.39,27.39,Strong positive regression,Below Average Pull Power profile. 8.3% barrel rate; 85.0 mph average exit velocity; 27.7% air-ball rate; 49.6% pull-air rate; 8.1% HR-launch rate.,0.0321,0.0321,3.99,31,8,27.1,1.15,114.5,Near normal interval,687312,Gabriel Hughes,R,LHB vs RHP,6,5,29.2,4.25,1.18,1,0.3,8.49,2.73,183,1.6,16.9,12.6,41.9,27.3,81.5,92.3,109.0,0.372,1,45.2,100.0,0.587,7.8,4-Seam Fastball,L,LHB vs RHP,36.8,346,0.203,0.301,0.429,0.729,12,40,81,0.0347,8.6,0.617,75,0.0133,1.7,0.404,0,0,0,0/0,,,,,0,0,0,42.4,Slight Pitcher Advantage,Below average,50.0,5,Pitch-level Statcast · last 5 MLB games,417,4-Seam Fastball,53.71702637889688,224,Slider,11.750599520383693,49,Changeup,11.270983213429256,47,Curveball,10.071942446043165,42,Sweeper,7.194244604316546,30.0,Sinker,5.995203836930456,25.0,Unknown,,Unknown,,No,100.0,1.0,1.0,50.0,0.99,0.941,54.0,Current-Season Handedness Matchup,Pull Air %,Barrel %,Max Exit Velocity,36.8,21.9,45.2,56.8,50.0,45.0,43.6,4.55,0.885,0.947,1.025,1.0,0.993,0.993,1.0,12.19,6.91,85.0,27.0,F,Lineup unconfirmed,,,
57,2026-08-10,823675,2026-08-10T23:40:00Z,Scheduled,Target Field,Baltimore Orioles @ Minnesota Twins,Home,663616,Trevor Larnach,Minnesota Twins,Baltimore Orioles,LF,L,No,,98,352,308,85,19,1,10,49,41,40,3,63,0.276,0.365,0.442,0.807,11,36,32,4,2,0.125,0.0556,19,65,59,14,4,0.237,0.0615,422,87,7.4,28.2,51.2,26.2,22.7,13.1,25.9,52.1,31.8,9.0,6.1,9.0,41.6,83.7,11.4,0.507,70.1,96.5,112.4,22.8,13.0,7.5,43.2,40.8,Below Average,2.5,Pull Power,A,Excellent HR swing plane,40.8,Below Average,0.974,Good,9.2,52.9,96.9,0.512,Derived proxy,Derived proxy,Derived proxy,Derived proxy,,,28.24,18.24,Strong positive regression,Below Average Pull Power profile. 7.4% barrel rate; 83.7 mph average exit velocity; 25.9% air-ball rate; 52.1% pull-air rate; 9.0% HR-launch rate.,0.0284,0.0293,4.09,14,5,30.8,0.45,45.5,Recently homered,669432,Trevor Rogers,L,LHB vs LHP,21,21,115.2,4.2,1.24,11,0.86,7.63,2.49,697,3.9,23.1,12.6,41.1,27.0,82.2,94.3,117.3,0.496,11,35.8,99.9,0.516,6.6,4-Seam Fastball,L,LHB vs LHP,28.3,46,0.154,0.267,0.308,0.574,2,6,10,0.0435,5.4,0.416,129,0.0078,1.8,0.391,0,0,0,0/0,,,,,0,0,0,35.3,Slight Pitcher Advantage,Below average,50.0,5,Pitch-level Statcast · last 5 MLB games,463,4-Seam Fastball,47.51619870410367,220,Changeup,20.950323974082075,97,Sweeper,16.630669546436284,77,Sinker,8.639308855291576,40,Cutter,6.263498920086393,29.0,,,,Unknown,,Unknown,,No,100.0,1.0,1.0,50.0,0.972,0.964,51.7,Current-Season Handedness Matchup,Pull Air %,Barrel %,Max Exit Velocity,28.3,27.8,35.8,63.7,50.0,45.0,43.2,4.52,1.35,0.962,0.985,1.0,0.974,0.974,1.0,11.46,8.45,82.2,27.4,F,Lineup unconfirmed,,,
58,2026-08-10,824887,2026-08-10T23:15:00Z,Scheduled,Truist Park,New York Mets @ Atlanta Braves,Away,676724,Jared Young,New York Mets,Atlanta Braves,1B,L,No,,71,223,198,51,10,2,7,25,23,18,6,43,0.258,0.336,0.434,0.77,11,40,34,10,0,0.294,0.0,21,67,58,17,1,0.293,0.0149,274,78,4.5,32.0,48.1,32.3,19.5,11.4,24.9,49.5,27.4,5.6,3.7,5.6,47.8,84.9,16.2,0.516,70.8,98.0,112.9,28.6,10.4,8.7,51.4,37.8,Below Average,2.5,Pull Power,A,Excellent HR swing plane,37.8,Below Average,0.966,Good,2.6,50.0,99.8,0.505,Derived proxy,Derived proxy,Derived proxy,Derived proxy,,,12.54,5.54,Strong positive regression,Below Average Pull Power profile. 4.5% barrel rate; 84.9 mph average exit velocity; 24.9% air-ball rate; 49.5% pull-air rate; 5.6% HR-launch rate.,0.0314,0.0316,4.05,46,16,28.3,1.63,162.6,Above normal drought,693821,Bryce Elder,R,LHB vs RHP,22,22,126.2,3.69,1.2,19,1.35,7.39,2.98,648,4.5,27.3,15.4,41.2,29.3,84.3,96.5,113.0,0.497,19,31.8,99.9,0.519,4.4,Sinker,L,LHB vs RHP,33.8,192,0.263,0.339,0.456,0.795,7,16,35,0.0365,6.1,0.532,329,0.0334,3.9,0.468,3,3,1,1/3,0.333,0.333,0.333,0.666,0,0,0,35.5,Slight Pitcher Advantage,Below average,46.0,5,Pitch-level Statcast · last 5 MLB games,421,Sinker,33.2541567695962,140,Cutter,21.852731591448933,92,4-Seam Fastball,17.577197149643705,74,Slider,16.389548693586697,69,Changeup,10.926365795724466,46.0,,,,Unknown,,Unknown,,No,103.0,1.03,1.0,55.4,0.964,0.97,50.0,Current-Season Handedness Matchup,Pull Air %,Barrel %,Max Exit Velocity,33.8,32.3,31.8,53.0,55.4,45.0,42.7,4.46,0.762,1.04,1.025,1.0,0.966,0.966,1.035,12.2,6.79,73.3,26.9,F,Lineup unconfirmed,,,
59,2026-08-10,823918,2026-08-11T02:10:00Z,Scheduled,UNIQLO Field at Dodger Stadium,Kansas City Royals @ Los Angeles Dodgers,Away,677951,Bobby Witt Jr.,Kansas City Royals,Los Angeles Dodgers,SS,R,No,,100,439,391,111,24,1,13,57,42,44,1,75,0.284,0.355,0.45,0.805,6,25,22,8,0,0.364,0.0,10,41,36,10,0,0.278,0.0,542,48,7.0,33.1,35.3,26.5,37.2,16.6,32.5,34.0,33.4,7.9,3.1,7.9,21.1,84.8,21.1,0.602,72.3,97.8,114.4,39.5,16.7,12.5,43.3,40.1,Below Average,2.5,Contact-First Profile,A-,Elevated power plane,40.1,Below Average,0.972,Good,6.2,37.5,96.8,0.538,Derived proxy,Derived proxy,Derived proxy,Derived proxy,,,32.74,19.74,Strong positive regression,Below Average Contact-First Profile profile. 7.0% barrel rate; 84.8 mph average exit velocity; 32.5% air-ball rate; 34.0% pull-air rate; 7.9% HR-launch rate.,0.0296,0.0301,4.15,44,12,30.1,1.46,146.3,Above normal drought,669373,Tarik Skubal,L,RHB vs LHP,17,17,102.2,2.81,0.92,11,0.96,10.69,1.4,499,4.2,21.4,13.2,39.8,30.9,81.4,92.9,111.8,0.516,11,50.1,99.9,0.641,7.5,4-Seam Fastball,R,RHB vs LHP,40.8,108,0.32,0.38,0.515,0.895,3,10,10,0.0278,9.9,0.679,300,0.0267,4.5,0.51,8,8,1,1/8,0.125,0.125,0.125,0.25,0,0,1,41.9,Slight Pitcher Advantage,Below average,30.0,5,Pitch-level Statcast · last 5 MLB games,448,4-Seam Fastball,32.8125,147,Sinker,24.553571428571427,110,Changeup,24.553571428571427,110,Slider,12.723214285714286,57,Curveball,5.357142857142857,24.0,,,,Unknown,,Unknown,,No,100.0,1.0,1.0,50.0,1.0,0.967,48.7,Current-Season Handedness Matchup,Pull Air %,Barrel %,Max Exit Velocity,40.8,26.9,50.1,43.4,50.0,45.0,42.7,4.46,0.758,0.978,1.025,1.0,0.972,0.972,1.035,11.92,6.47,80.3,27.2,F,Lineup unconfirmed,,,
60,2026-08-10,824969,2026-08-11T01:40:00Z,Scheduled,Sutter Health Park,Tampa Bay Rays @ Athletics,Away,668723,Ryan Vilade,Tampa Bay Rays,Athletics,RF,R,No,,66,192,172,43,7,1,9,19,35,15,1,42,0.25,0.309,0.459,0.768,9,18,18,3,1,0.167,0.0556,14,36,34,7,2,0.206,0.0556,286,53,2.5,19.6,47.1,28.1,24.3,13.7,21.6,59.5,30.6,3.2,2.7,3.2,143.1,80.6,22.3,0.546,75.2,93.2,112.4,66.1,6.5,9.8,37.8,33.3,Weak,2.5,Pull Power,A-,Elevated power plane,33.3,Weak,0.953,Good,1.9,80.0,93.0,0.562,Derived proxy,Derived proxy,Derived proxy,Derived proxy,,,8.82,-0.18,Near expected,Weak Pull Power profile. 2.5% barrel rate; 80.6 mph average exit velocity; 21.6% air-ball rate; 59.5% pull-air rate; 3.2% HR-launch rate.,0.0469,0.0412,4.05,13,7,19.1,0.68,68.0,Recently homered,682052,Jacob Lopez,L,RHB vs LHP,18,15,75.0,5.64,1.63,13,1.56,8.4,5.16,447,2.9,19.0,16.3,44.5,31.3,79.7,92.2,110.8,0.424,13,55.6,99.9,0.742,5.2,4-Seam Fastball,R,RHB vs LHP,35.7,118,0.271,0.322,0.505,0.827,6,9,27,0.0508,2.7,0.563,254,0.0433,3.6,0.428,0,0,0,0/0,,,,,0,0,0,45.5,Neutral Matchup,Average,50.0,5,Pitch-level Statcast · last 5 MLB games,371,Slider,35.84905660377358,133,4-Seam Fastball,35.04043126684636,130,Cutter,22.10242587601078,82,Changeup,6.738544474393531,25,Sinker,0.2695417789757412,1.0,,,,Unknown,,Unknown,,No,100.0,1.0,1.0,50.0,1.011,0.954,48.0,Current-Season Handedness Matchup,Pull Air %,Barrel %,Max Exit Velocity,35.7,25.3,55.6,40.1,50.0,45.0,42.6,4.46,1.14,1.074,1.025,1.0,0.953,0.953,1.0,15.65,10.5,68.6,28.2,F,Lineup unconfirmed,,,
61,2026-08-10,823675,2026-08-10T23:40:00Z,Scheduled,Target Field,Baltimore Orioles @ Minnesota Twins,Away,669236,Jeremiah Jackson,Baltimore Orioles,Minnesota Twins,2B,R,No,,82,236,223,53,10,0,7,25,39,7,2,45,0.238,0.264,0.377,0.641,6,11,9,0,0,0.0,0.0,13,26,20,2,0,0.1,0.0,320,37,4.9,22.9,36.7,34.7,28.2,13.5,24.4,41.4,22.1,6.9,2.6,6.9,30.3,82.4,13.2,0.492,70.7,94.5,108.7,23.1,8.8,6.7,60.5,28.3,Weak,2.0,Contact-First Profile,A,Excellent HR swing plane,28.3,Weak,0.939,Good,5.4,44.4,91.5,0.481,Derived proxy,Derived proxy,Derived proxy,Derived proxy,,,14.75,7.75,Strong positive regression,Weak Contact-First Profile profile. 4.9% barrel rate; 82.4 mph average exit velocity; 24.4% air-ball rate; 41.4% pull-air rate; 6.9% HR-launch rate.,0.0297,0.0304,3.87,48,25,31.9,1.51,150.7,Above normal drought,665152,Dean Kremer,R,RHB vs RHP,8,8,41.0,5.93,1.32,12,2.63,8.78,2.85,226,5.3,21.7,19.9,56.9,31.4,81.0,92.9,108.6,0.614,12,42.0,99.7,0.545,8.2,Split-Finger,R,RHB vs RHP,40.5,162,0.24,0.265,0.403,0.668,6,5,28,0.037,3.7,0.459,68,0.0735,4.4,0.652,0,0,0,0/0,,,,,0,0,0,42.9,Slight Pitcher Advantage,Below average,50.0,5,Pitch-level Statcast · last 5 MLB games,430,4-Seam Fastball,26.046511627906977,112,Split-Finger,22.325581395348838,96,Cutter,21.627906976744185,93,Sinker,15.348837209302326,66,Curveball,13.720930232558139,59.0,Slider,0.9302325581395349,4.0,Unknown,,Unknown,,No,100.0,1.0,1.0,50.0,0.984,0.978,42.4,Current-Season Handedness Matchup,Pull Air %,Barrel %,Max Exit Velocity,40.5,41.2,42.0,37.5,50.0,45.0,42.3,4.42,0.901,1.143,0.985,0.975,0.939,0.916,1.035,11.28,7.15,70.9,24.8,F,Lineup unconfirmed,,,
62,2026-08-10,824969,2026-08-11T01:40:00Z,Scheduled,Sutter Health Park,Tampa Bay Rays @ Athletics,Home,691016,Tyler Soderstrom,Athletics,Tampa Bay Rays,LF,L,No,,106,439,383,94,25,3,19,56,55,52,3,86,0.245,0.339,0.475,0.814,12,50,46,9,2,0.196,0.04,22,92,84,22,5,0.262,0.0543,551,119,5.0,28.5,49.5,24.9,25.4,14.7,24.1,49.5,24.4,5.8,2.8,5.8,82.3,84.3,17.0,0.532,72.3,96.5,112.6,40.5,11.6,11.1,50.4,37.7,Below Average,2.5,Pull Power,A,Excellent HR swing plane,37.7,Below Average,0.966,Good,3.4,51.9,96.1,0.522,Derived proxy,Derived proxy,Derived proxy,Derived proxy,,,26.79,7.79,Strong positive regression,Below Average Pull Power profile. 5.0% barrel rate; 84.3 mph average exit velocity; 24.1% air-ball rate; 49.5% pull-air rate; 5.8% HR-launch rate.,0.0433,0.0409,4.09,4,1,20.2,0.2,19.8,Very recent HR,642547,Freddy Peralta,R,LHB vs RHP,23,23,117.1,5.37,1.52,19,1.46,8.9,3.76,701,3.1,23.0,13.4,46.1,29.4,82.1,93.5,114.7,0.493,19,36.4,98.2,0.535,6.0,4-Seam Fastball,L,LHB vs RHP,36.3,297,0.261,0.367,0.49,0.857,10,41,47,0.0337,5.9,0.529,339,0.0442,3.6,0.524,6,6,2,2/6,0.333,0.333,0.333,0.666,0,0,1,37.5,Slight Pitcher Advantage,Below average,41.9,5,Pitch-level Statcast · last 5 MLB games,466,4-Seam Fastball,53.648068669527895,250,Changeup,16.09442060085837,75,Sweeper,13.304721030042918,62,Curveball,13.304721030042918,62,Slow Curve,2.3605150214592276,11.0,Slider,1.2875536480686696,6.0,Unknown,,Unknown,,No,100.0,1.0,1.0,50.0,0.973,0.956,49.8,Current-Season Handedness Matchup,Pull Air %,Barrel %,Max Exit Velocity,36.3,30.2,36.4,49.1,50.0,45.0,42.1,4.41,1.055,1.058,1.025,1.0,0.966,0.966,0.98,15.69,9.53,84.4,29.5,F,Lineup unconfirmed,,,
63,2026-08-10,823189,2026-08-11T01:45:00Z,Scheduled,Oracle Park,Houston Astros @ San Francisco Giants,Home,642715,Willy Adames,San Francisco Giants,Houston Astros,SS,R,No,,113,473,436,97,24,1,19,58,48,34,2,132,0.222,0.281,0.413,0.694,12,50,43,8,1,0.186,0.02,23,93,83,18,4,0.217,0.043,585,113,4.8,21.6,48.6,28.6,22.0,17.6,26.9,51.2,30.8,6.9,3.4,6.9,70.6,81.1,21.1,0.522,70.8,92.9,108.0,24.8,11.1,5.7,56.0,33.2,Weak,2.5,Pull Power,A-,Elevated power plane,33.2,Weak,0.953,Good,4.4,53.6,91.2,0.477,Derived proxy,Derived proxy,Derived proxy,Derived proxy,,,27.1,8.1,Strong positive regression,Weak Pull Power profile. 4.8% barrel rate; 81.1 mph average exit velocity; 26.9% air-ball rate; 51.2% pull-air rate; 6.9% HR-launch rate.,0.0402,0.0385,3.93,6,2,22.9,0.26,26.1,Very recent HR,669713,Hayden Wesneski,R,RHB vs RHP,2,2,11.2,3.86,1.29,0,0.0,6.17,3.09,56,3.6,30.4,8.9,52.6,33.9,83.9,96.6,108.2,0.525,0,40.3,100.0,0.592,5.0,Sweeper,R,RHB vs RHP,39.5,352,0.236,0.29,0.442,0.731,16,23,94,0.0455,5.0,0.546,31,0.0,0.0,0.484,1,1,1,1/1,1.0,1.0,1.0,2.0,0,0,0,42.1,Slight Pitcher Advantage,Below average,51.2,2,Pitch-level Statcast · last 5 MLB games,157,Sweeper,29.936305732484076,47,Sinker,23.56687898089172,37,4-Seam Fastball,21.019108280254777,33,Cutter,18.471337579617835,29,Changeup,5.732484076433121,9.0,Curveball,1.2738853503184713,2.0,Unknown,,Unknown,,No,91.0,0.91,1.0,33.8,0.981,0.961,47.3,Current-Season Handedness Matchup,Pull Air %,Barrel %,Max Exit Velocity,39.5,37.5,40.3,41.8,33.8,45.0,41.9,4.39,0.915,1.0,0.985,1.0,0.953,0.953,0.98,14.3,7.13,84.4,23.9,F,Lineup unconfirmed,,,
64,2026-08-10,823998,2026-08-11T01:38:00Z,Scheduled,Angel Stadium,Texas Rangers @ Los Angeles Angels,Away,607043,Brandon Nimmo,Texas Rangers,Los Angeles Angels,RF,L,No,,112,473,427,117,27,4,13,49,46,38,6,102,0.274,0.34,0.447,0.787,12,48,43,13,3,0.302,0.0625,23,94,86,29,4,0.337,0.0426,673,152,4.2,26.8,42.0,26.6,31.5,12.1,27.3,39.2,32.9,8.9,5.2,8.9,91.7,84.1,19.8,0.628,69.7,95.5,111.2,23.3,15.0,5.2,45.4,33.4,Weak,2.5,Contact-First Profile,A,Excellent HR swing plane,33.4,Weak,0.954,Good,1.3,43.6,93.5,0.565,Derived proxy,Derived proxy,Derived proxy,Derived proxy,,,30.31,17.31,Strong positive regression,Weak Contact-First Profile profile. 4.2% barrel rate; 84.1 mph average exit velocity; 27.3% air-ball rate; 39.2% pull-air rate; 8.9% HR-launch rate.,0.0275,0.0284,4.05,0,0,32.8,0.0,0.0,Very recent HR,672282,Reid Detmers,L,LHB vs LHP,23,23,129.0,4.12,1.1,17,1.19,10.47,2.72,689,4.8,22.4,15.1,39.2,29.5,83.3,94.8,112.6,0.549,17,52.7,99.9,0.7,5.8,4-Seam Fastball,L,LHB vs LHP,34.4,124,0.345,0.395,0.566,0.962,5,8,22,0.0403,3.4,0.578,138,0.029,4.8,0.503,1,0,0,0/0,0.0,1.0,0.0,1.0,0,0,0,44.0,Neutral Matchup,Average,50.4,5,Pitch-level Statcast · last 5 MLB games,418,4-Seam Fastball,48.32535885167464,202,Slider,30.861244019138756,129,Curveball,15.07177033492823,63,Changeup,5.741626794258373,24,,,,,,,Unknown,,Unknown,,No,100.0,1.0,1.0,50.0,1.005,0.973,44.0,Current-Season Handedness Matchup,Pull Air %,Barrel %,Max Exit Velocity,34.4,32.0,52.7,33.0,50.0,45.0,41.9,4.38,1.35,1.014,0.985,1.0,0.954,0.954,0.98,11.01,8.46,84.5,27.4,F,Lineup unconfirmed,,,
65,2026-08-10,823018,2026-08-10T23:45:00Z,Scheduled,Busch Stadium,Philadelphia Phillies @ St. Louis Cardinals,Home,691458,Blaze Jordan,St. Louis Cardinals,Philadelphia Phillies,3B,R,No,,43,147,137,35,7,3,1,12,22,5,1,20,0.255,0.279,0.372,0.651,10,30,29,10,0,0.345,0.0,20,64,61,17,0,0.279,0.0,212,99,4.8,28.5,38.0,29.0,31.8,10.5,25.7,45.1,30.2,5.4,3.2,5.4,6.5,83.4,18.2,0.492,71.5,95.8,109.2,21.6,11.2,5.3,34.4,29.7,Weak,2.0,Pull Power,A,Excellent HR swing plane,29.7,Weak,0.943,Good,5.1,45.8,94.7,0.515,Derived proxy,Derived proxy,Derived proxy,Derived proxy,,,9.67,8.67,Strong positive regression,Weak Pull Power profile. 4.8% barrel rate; 83.4 mph average exit velocity; 25.7% air-ball rate; 45.1% pull-air rate; 5.4% HR-launch rate.,0.0068,0.0181,3.93,129,41,137.0,0.94,94.2,Near normal interval,691725,Andrew Painter,R,RHB vs RHP,16,14,75.0,6.48,1.57,15,1.8,7.56,3.36,454,4.8,22.5,14.8,41.8,27.3,81.4,94.0,113.0,0.577,15,44.6,100.0,0.599,6.9,4-Seam Fastball,R,RHB vs RHP,31.4,96,0.236,0.25,0.315,0.565,1,3,15,0.0104,5.0,0.468,127,0.0472,5.4,0.596,0,0,0,0/0,,,,,0,0,0,39.8,Slight Pitcher Advantage,Below average,50.0,5,Pitch-level Statcast · last 5 MLB games,372,4-Seam Fastball,28.225806451612904,105,Slider,21.50537634408602,80,Sweeper,19.35483870967742,72,Split-Finger,11.021505376344086,41,Sinker,7.795698924731183,29.0,Changeup,7.795698924731183,29.0,Unknown,,Unknown,,No,100.0,1.0,1.0,50.0,0.989,0.973,43.8,Current-Season Handedness Matchup,Pull Air %,Barrel %,Max Exit Velocity,31.4,34.0,44.6,44.5,50.0,45.0,41.9,4.38,0.758,1.112,0.985,1.0,0.943,0.943,1.0,6.94,4.78,67.6,18.0,F,Lineup unconfirmed,Curveball,4.301075268817204,16.0
66,2026-08-10,824887,2026-08-10T23:15:00Z,Scheduled,Truist Park,New York Mets @ Atlanta Braves,Away,673357,Luis Robert Jr.,New York Mets,Atlanta Braves,CF,R,No,,40,158,141,30,3,0,5,17,16,16,0,38,0.213,0.291,0.34,0.631,9,36,35,8,1,0.229,0.0278,16,60,56,11,3,0.196,0.05,199,79,3.9,22.7,52.6,25.2,22.2,13.2,21.8,55.8,26.4,3.2,1.4,3.2,75.6,81.8,18.5,0.521,74.7,94.4,112.3,63.9,7.3,12.9,55.2,36.5,Below Average,2.5,Pull Power,A,Excellent HR swing plane,36.5,Below Average,0.962,Good,3.8,68.8,91.2,0.558,Derived proxy,Derived proxy,Derived proxy,Derived proxy,,,7.75,2.75,Positive regression,Below Average Pull Power profile. 3.9% barrel rate; 81.8 mph average exit velocity; 21.8% air-ball rate; 55.8% pull-air rate; 3.2% HR-launch rate.,0.0316,0.0318,3.93,0,0,28.2,0.0,0.0,Very recent HR,693821,Bryce Elder,R,RHB vs RHP,22,22,126.2,3.69,1.2,19,1.35,7.39,2.98,648,4.5,27.3,15.4,41.2,29.3,84.3,96.5,113.0,0.497,19,37.8,99.9,0.572,4.8,Sinker,R,RHB vs RHP,30.6,116,0.219,0.284,0.333,0.618,3,10,27,0.0259,3.4,0.454,200,0.04,5.6,0.541,3,3,1,1/3,0.333,0.333,0.667,1.0,0,0,0,37.3,Slight Pitcher Advantage,Below average,51.3,5,Pitch-level Statcast · last 5 MLB games,421,Sinker,33.2541567695962,140,Cutter,21.852731591448933,92,4-Seam Fastball,17.577197149643705,74,Slider,16.389548693586697,69,Changeup,10.926365795724466,46.0,,,,Unknown,,Unknown,,No,103.0,1.03,1.0,55.4,0.976,0.97,47.6,Current-Season Handedness Matchup,Pull Air %,Barrel %,Max Exit Velocity,30.6,32.3,37.8,40.4,55.4,45.0,41.8,4.38,1.075,1.04,0.985,0.94,0.962,0.904,0.98,11.93,7.53,68.1,21.6,F,Lineup unconfirmed,,,
67,2026-08-10,823189,2026-08-11T01:45:00Z,Scheduled,Oracle Park,Houston Astros @ San Francisco Giants,Home,646240,Rafael Devers,San Francisco Giants,Houston Astros,1B,L,No,,118,499,446,111,27,1,24,61,64,48,1,132,0.249,0.321,0.475,0.796,12,49,43,12,2,0.279,0.0408,23,96,84,20,5,0.238,0.0521,643,132,5.3,29.9,44.0,23.4,32.4,15.6,24.5,31.9,29.5,6.6,3.6,6.6,71.3,85.5,20.0,0.595,70.7,97.5,112.5,19.7,11.4,4.2,57.3,31.9,Weak,2.5,Contact-First Profile,A-,Elevated power plane,31.9,Weak,0.949,Good,4.5,24.1,98.0,0.522,Derived proxy,Derived proxy,Derived proxy,Derived proxy,,,31.39,7.39,Strong positive regression,Weak Contact-First Profile profile. 5.3% barrel rate; 85.5 mph average exit velocity; 24.5% air-ball rate; 31.9% pull-air rate; 6.6% HR-launch rate.,0.0481,0.045,3.99,7,2,18.6,0.38,37.7,Recently homered,669713,Hayden Wesneski,R,LHB vs RHP,2,2,11.2,3.86,1.29,0,0.0,6.17,3.09,56,3.6,30.4,8.9,52.6,33.9,83.9,96.6,108.2,0.525,0,45.9,100.0,0.631,5.9,Sweeper,L,LHB vs RHP,51.3,337,0.279,0.353,0.564,0.917,20,36,85,0.0593,5.9,0.67,17,0.0,9.5,0.591,2,2,1,1/2,0.5,0.5,0.5,1.0,0,0,0,49.3,Neutral Matchup,Average,50.9,2,Pitch-level Statcast · last 5 MLB games,157,Sweeper,29.936305732484076,47,Sinker,23.56687898089172,37,4-Seam Fastball,21.019108280254777,33,Cutter,18.471337579617835,29,Changeup,5.732484076433121,9.0,Curveball,1.2738853503184713,2.0,Unknown,,Unknown,,No,91.0,0.91,1.0,33.8,0.992,0.961,47.0,Current-Season Handedness Matchup,Pull Air %,Barrel %,Max Exit Velocity,51.3,37.5,45.9,29.5,33.8,45.0,41.8,4.37,1.008,1.0,1.025,1.0,0.949,0.949,1.0,16.77,8.89,84.7,28.3,F,Lineup unconfirmed,,,
68,2026-08-10,823998,2026-08-11T01:38:00Z,Scheduled,Angel Stadium,Texas Rangers @ Los Angeles Angels,Away,679822,Justin Foscue,Texas Rangers,Los Angeles Angels,2B,R,No,,63,151,137,35,7,1,7,16,21,11,2,41,0.255,0.318,0.474,0.792,9,15,14,2,0,0.143,0.0,18,35,34,6,0,0.176,0.0,188,43,3.5,21.9,50.6,30.1,19.3,13.4,23.6,55.4,32.5,4.8,3.1,4.8,70.0,82.4,23.6,0.482,69.6,93.2,108.6,8.9,11.0,4.0,52.6,29.2,Weak,2.0,Pull Power,A-,Elevated power plane,29.2,Weak,0.942,Good,0.0,55.6,91.0,0.272,Derived proxy,Derived proxy,Derived proxy,Derived proxy,,,7.19,0.19,Near expected,Weak Pull Power profile. 3.5% barrel rate; 82.4 mph average exit velocity; 23.6% air-ball rate; 55.4% pull-air rate; 4.8% HR-launch rate.,0.0464,0.04,4.05,37,20,19.6,1.89,189.1,Above normal drought,672282,Reid Detmers,L,RHB vs LHP,23,23,129.0,4.12,1.1,17,1.19,10.47,2.72,689,4.8,22.4,15.1,39.2,29.5,83.3,94.8,112.6,0.549,17,40.4,99.9,0.59,5.2,4-Seam Fastball,R,RHB vs LHP,45.4,88,0.295,0.375,0.59,0.965,5,9,22,0.0568,6.2,0.612,392,0.0332,4.8,0.565,6,5,1,1/5,0.2,0.333,0.8,1.133,1,1,2,47.5,Neutral Matchup,Average,64.5,5,Pitch-level Statcast · last 5 MLB games,418,4-Seam Fastball,48.32535885167464,202,Slider,30.861244019138756,129,Curveball,15.07177033492823,63,Changeup,5.741626794258373,24,,,,,,,Unknown,,Unknown,,No,100.0,1.0,1.0,50.0,0.981,0.973,48.6,Current-Season Handedness Matchup,Pull Air %,Barrel %,Max Exit Velocity,45.4,32.0,40.4,35.9,50.0,45.0,41.7,4.37,0.762,1.014,1.025,1.0,0.942,0.942,1.035,15.24,7.54,65.6,28.6,F,Lineup unconfirmed,,,
69,2026-08-10,823265,2026-08-11T01:40:00Z,Scheduled,Petco Park,Milwaukee Brewers @ San Diego Padres,Home,669134,Luis Campusano,San Diego Padres,Milwaukee Brewers,C,R,No,,41,134,115,34,9,0,4,14,16,17,2,30,0.296,0.396,0.478,0.874,8,31,28,10,0,0.357,0.0,15,53,45,13,0,0.289,0.0,171,76,4.4,27.1,47.4,34.2,18.5,11.7,25.8,54.8,27.6,7.6,4.3,7.6,32.5,82.9,17.8,0.504,70.1,95.4,110.4,22.8,14.9,8.7,68.9,35.7,Below Average,2.5,Pull Power,A,Excellent HR swing plane,35.7,Below Average,0.96,Good,3.9,55.6,94.9,0.449,Derived proxy,Derived proxy,Derived proxy,Derived proxy,,,8.08,4.08,Strong positive regression,Below Average Pull Power profile. 4.4% barrel rate; 82.9 mph average exit velocity; 25.8% air-ball rate; 54.8% pull-air rate; 7.6% HR-launch rate.,0.0299,0.0309,4.17,52,18,28.8,1.81,180.9,Above normal drought,701656,Logan Henderson,R,RHB vs RHP,10,10,50.0,2.7,0.9,7,1.26,11.16,1.8,275,4.7,20.0,11.6,52.2,30.2,80.8,92.6,111.1,0.495,7,34.5,100.0,0.563,3.6,4-Seam Fastball,R,RHB vs RHP,36.6,109,0.301,0.404,0.516,0.92,4,14,23,0.0367,5.4,0.533,60,0.0333,3.7,0.462,0,0,0,0/0,,,,,0,0,0,38.6,Slight Pitcher Advantage,Below average,50.0,5,Pitch-level Statcast · last 5 MLB games,405,4-Seam Fastball,44.93827160493827,182,Changeup,34.074074074074076,138,Cutter,19.012345679012345,77,Sweeper,1.9753086419753085,8,,,,,,,Unknown,,Unknown,,No,94.0,0.94,1.0,39.2,0.969,0.972,48.9,Current-Season Handedness Matchup,Pull Air %,Barrel %,Max Exit Velocity,36.6,34.6,34.5,48.1,39.2,45.0,41.7,4.37,0.758,1.018,0.985,1.0,0.96,0.96,1.035,12.26,6.15,65.8,27.3,F,Lineup unconfirmed,,,
70,2026-08-10,822780,2026-08-10T23:07:00Z,Scheduled,Rogers Centre,Boston Red Sox @ Toronto Blue Jays,Home,672960,Kazuma Okamoto,Toronto Blue Jays,Boston Red Sox,3B,R,No,,116,475,427,96,15,0,24,61,70,40,6,148,0.225,0.299,0.429,0.728,12,50,48,11,1,0.229,0.02,24,97,91,17,2,0.187,0.0206,576,135,5.1,23.9,49.6,27.2,23.2,16.2,25.0,53.7,27.4,5.8,2.9,5.8,64.4,83.2,25.2,0.545,71.0,94.9,111.0,33.3,10.8,9.2,55.9,36.5,Below Average,2.5,Pull Power,A-,Elevated power plane,36.5,Below Average,0.962,Good,2.2,53.1,92.6,0.398,Derived proxy,Derived proxy,Derived proxy,Derived proxy,,,28.35,4.35,Strong positive regression,Below Average Pull Power profile. 5.1% barrel rate; 83.2 mph average exit velocity; 25.0% air-ball rate; 53.7% pull-air rate; 5.8% HR-launch rate.,0.0505,0.0468,3.99,46,11,17.8,2.59,258.5,Very long drought,543243,Sonny Gray,R,RHB vs RHP,21,21,119.2,2.78,1.15,12,0.9,7.97,2.41,572,4.4,25.9,13.5,47.6,26.6,83.5,95.7,111.1,0.491,12,28.0,99.9,0.488,4.1,Sinker,R,RHB vs RHP,39.7,356,0.227,0.298,0.442,0.74,19,29,114,0.0534,6.9,0.635,171,0.0234,3.4,0.454,6,6,2,2/6,0.333,0.333,0.5,0.833,0,0,2,37.1,Slight Pitcher Advantage,Below average,47.3,5,Pitch-level Statcast · last 5 MLB games,437,Sinker,25.85812356979405,113,Sweeper,20.137299771167047,88,Curveball,16.704805491990847,73,Cutter,16.247139588100687,71,4-Seam Fastball,14.416475972540045,63.0,Changeup,6.636155606407323,29.0,Unknown,,Unknown,,No,100.0,1.0,1.0,50.0,0.956,0.969,50.9,Current-Season Handedness Matchup,Pull Air %,Barrel %,Max Exit Velocity,39.7,35.1,28.0,39.6,50.0,45.0,41.7,4.36,0.775,0.968,0.985,1.0,0.962,0.962,1.06,17.4,7.98,84.8,33.8,D,Lineup unconfirmed,,,
71,2026-08-10,822780,2026-08-10T23:07:00Z,Scheduled,Rogers Centre,Boston Red Sox @ Toronto Blue Jays,Away,678882,Ceddanne Rafaela,Boston Red Sox,Toronto Blue Jays,CF,R,No,,113,471,443,126,28,3,15,60,60,19,7,95,0.284,0.324,0.463,0.787,12,57,55,18,4,0.327,0.0702,24,108,106,31,7,0.292,0.0648,697,177,3.4,19.4,33.0,26.4,40.1,13.6,26.8,33.3,34.2,5.7,3.3,5.7,79.3,81.0,19.4,0.48,66.9,92.1,109.9,6.7,9.9,2.0,46.0,21.1,Weak,2.0,Contact-First Profile,A,Excellent HR swing plane,21.1,Weak,0.919,Good,4.0,32.7,91.9,0.509,Derived proxy,Derived proxy,Derived proxy,Derived proxy,,,23.23,8.23,Strong positive regression,Weak Contact-First Profile profile. 3.4% barrel rate; 81.0 mph average exit velocity; 26.8% air-ball rate; 33.3% pull-air rate; 5.7% HR-launch rate.,0.0318,0.0319,4.05,28,6,29.5,0.95,94.8,Near normal interval,592791,Jameson Taillon,R,RHB vs RHP,16,16,80.0,5.96,1.39,26,2.93,8.1,3.26,433,8.8,24.7,21.9,48.6,34.6,83.0,95.6,112.4,0.703,26,21.9,99.7,0.44,3.4,4-Seam Fastball,R,RHB vs RHP,42.9,340,0.288,0.325,0.444,0.769,10,13,60,0.0294,3.0,0.449,167,0.0719,8.0,0.662,0,0,0,0/0,,,,,0,0,0,37.0,Slight Pitcher Advantage,Below average,50.0,5,Pitch-level Statcast · last 5 MLB games,358,4-Seam Fastball,23.18435754189944,83,Changeup,19.83240223463687,71,Sweeper,19.273743016759777,69,Cutter,15.083798882681565,54,Curveball,12.569832402234637,45.0,Sinker,10.05586592178771,36.0,Unknown,,Unknown,,No,100.0,1.0,1.0,50.0,0.944,1.013,38.5,Current-Season Handedness Matchup,Pull Air %,Barrel %,Max Exit Velocity,42.9,60.9,21.9,23.9,50.0,45.0,41.6,4.36,1.35,1.2,0.985,1.0,0.919,0.919,1.0,12.3,10.0,85.0,30.9,D,Lineup unconfirmed,,,
72,2026-08-10,823018,2026-08-10T23:45:00Z,Scheduled,Busch Stadium,Philadelphia Phillies @ St. Louis Cardinals,Home,671056,Iván Herrera,St. Louis Cardinals,Philadelphia Phillies,DH,R,No,,117,521,440,110,21,1,13,71,50,53,25,91,0.25,0.361,0.391,0.752,12,53,51,15,1,0.294,0.0189,23,102,98,24,2,0.245,0.0196,695,157,4.0,26.9,43.4,27.9,28.1,8.2,20.6,49.2,31.3,4.5,2.3,4.5,41.3,83.1,14.4,0.471,71.3,95.8,113.5,38.8,12.2,10.2,42.5,34.2,Weak,2.5,Pull Power,A,Excellent HR swing plane,34.2,Weak,0.956,Good,3.2,59.4,94.8,0.464,Derived proxy,Derived proxy,Derived proxy,Derived proxy,,,27.99,14.99,Strong positive regression,Weak Pull Power profile. 4.0% barrel rate; 83.1 mph average exit velocity; 20.6% air-ball rate; 49.2% pull-air rate; 4.5% HR-launch rate.,0.025,0.0263,3.99,10,2,33.8,0.3,29.5,Very recent HR,691725,Andrew Painter,R,RHB vs RHP,16,14,75.0,6.48,1.57,15,1.8,7.56,3.36,454,4.8,22.5,14.8,41.8,27.3,81.4,94.0,113.0,0.577,15,32.0,100.0,0.508,5.1,4-Seam Fastball,R,RHB vs RHP,32.1,362,0.245,0.345,0.377,0.723,8,28,69,0.0221,3.3,0.447,127,0.0472,5.4,0.596,0,0,0,0/0,,,,,0,0,0,35.7,Slight Pitcher Advantage,Below average,50.0,5,Pitch-level Statcast · last 5 MLB games,372,4-Seam Fastball,28.225806451612904,105,Slider,21.50537634408602,80,Sweeper,19.35483870967742,72,Split-Finger,11.021505376344086,41,Sinker,7.795698924731183,29.0,Changeup,7.795698924731183,29.0,Unknown,,Unknown,,No,100.0,1.0,1.0,50.0,0.964,0.973,48.3,Current-Season Handedness Matchup,Pull Air %,Barrel %,Max Exit Velocity,32.1,34.0,32.0,46.2,50.0,45.0,41.6,4.36,0.892,1.112,0.985,1.0,0.956,0.956,0.98,10.08,6.31,85.0,23.5,F,Lineup unconfirmed,Curveball,4.301075268817204,16.0
73,2026-08-10,823018,2026-08-10T23:45:00Z,Scheduled,Busch Stadium,Philadelphia Phillies @ St. Louis Cardinals,Away,681082,Bryson Stott,Philadelphia Phillies,St. Louis Cardinals,2B,L,No,,113,440,391,103,25,6,8,51,53,42,2,75,0.263,0.336,0.419,0.755,12,50,35,12,0,0.343,0.0,23,91,74,25,1,0.338,0.011,576,113,4.3,27.5,52.0,27.0,20.8,13.6,29.0,49.0,31.9,6.1,4.1,6.1,28.0,84.3,21.5,0.521,68.2,95.7,111.4,7.4,12.6,2.4,51.7,31.5,Weak,2.5,Pull Power,A-,Elevated power plane,31.5,Weak,0.948,Good,3.5,60.6,96.0,0.538,Derived proxy,Derived proxy,Derived proxy,Derived proxy,,,25.75,17.75,Strong positive regression,Weak Pull Power profile. 4.3% barrel rate; 84.3 mph average exit velocity; 29.0% air-ball rate; 49.0% pull-air rate; 6.1% HR-launch rate.,0.0182,0.0211,4.05,38,13,48.9,0.78,77.7,Recently homered,690928,Hunter Dobbins,R,LHB vs RHP,8,5,40.0,3.6,1.3,6,1.35,8.1,3.15,233,4.7,24.0,12.9,61.4,31.8,83.8,95.0,109.8,0.479,6,28.3,100.0,0.491,4.1,4-Seam Fastball,L,LHB vs RHP,29.0,345,0.25,0.321,0.412,0.733,7,32,60,0.0203,5.3,0.52,91,0.022,4.7,0.492,0,0,0,0/0,,,,,0,0,0,33.0,Slight Pitcher Advantage,Below average,50.0,5,Pitch-level Statcast · last 5 MLB games,443,4-Seam Fastball,31.151241534988714,138,Sweeper,17.381489841986458,77,Slider,16.478555304740407,73,Sinker,13.769751693002258,61,Split-Finger,12.415349887133182,55.0,Curveball,8.803611738148984,39.0,Unknown,,Unknown,,No,100.0,1.0,1.0,50.0,0.957,0.972,46.7,Current-Season Handedness Matchup,Pull Air %,Barrel %,Max Exit Velocity,29.0,36.8,28.3,49.5,50.0,45.0,41.3,4.34,0.771,1.023,1.025,1.0,0.948,0.948,1.0,8.29,5.07,84.3,21.6,F,Lineup unconfirmed,,,
74,2026-08-10,823675,2026-08-10T23:40:00Z,Scheduled,Target Field,Baltimore Orioles @ Minnesota Twins,Away,702616,Jackson Holliday,Baltimore Orioles,Minnesota Twins,2B,L,No,,66,217,183,45,7,1,6,27,21,31,0,54,0.246,0.35,0.393,0.743,11,39,35,9,1,0.257,0.0256,22,77,65,20,1,0.308,0.013,236,85,3.9,22.7,49.8,16.7,33.6,13.1,26.7,41.2,30.3,6.1,5.0,6.1,53.0,83.0,17.5,0.509,68.6,93.3,105.7,5.6,12.4,1.4,52.2,25.1,Weak,2.0,Contact-First Profile,A,Excellent HR swing plane,25.1,Weak,0.93,Good,2.4,40.0,93.2,0.473,Derived proxy,Derived proxy,Derived proxy,Derived proxy,,,9.23,3.23,Positive regression,Weak Contact-First Profile profile. 3.9% barrel rate; 83.0 mph average exit velocity; 26.7% air-ball rate; 41.2% pull-air rate; 6.1% HR-launch rate.,0.0276,0.0292,4.05,5,1,30.5,0.16,16.4,Very recent HR,665152,Dean Kremer,R,LHB vs RHP,8,8,41.0,5.93,1.32,12,2.63,8.78,2.85,226,5.3,21.7,19.9,56.9,31.4,81.0,92.9,108.6,0.614,12,43.9,99.7,0.595,6.7,Split-Finger,L,LHB vs RHP,42.9,168,0.254,0.351,0.415,0.767,5,23,38,0.0298,5.2,0.532,105,0.0667,5.9,0.59,0,0,0,0/0,,,,,0,0,0,44.7,Neutral Matchup,Average,50.0,5,Pitch-level Statcast · last 5 MLB games,430,4-Seam Fastball,26.046511627906977,112,Split-Finger,22.325581395348838,96,Cutter,21.627906976744185,93,Sinker,15.348837209302326,66,Curveball,13.720930232558139,59.0,Slider,0.9302325581395349,4.0,Unknown,,Unknown,,No,100.0,1.0,1.0,50.0,0.988,0.978,40.6,Current-Season Handedness Matchup,Pull Air %,Barrel %,Max Exit Velocity,42.9,41.2,43.9,30.0,50.0,45.0,41.3,4.33,0.874,1.143,1.025,1.0,0.93,0.93,0.98,11.31,7.0,73.7,22.9,F,Lineup unconfirmed,,,
75,2026-08-10,823189,2026-08-11T01:45:00Z,Scheduled,Oracle Park,Houston Astros @ San Francisco Giants,Away,665161,Jeremy Peña,Houston Astros,San Francisco Giants,SS,R,No,,71,308,279,83,12,1,13,54,37,21,6,60,0.297,0.357,0.487,0.844,11,54,48,10,2,0.208,0.037,21,97,88,27,7,0.307,0.0722,399,122,4.0,27.4,45.6,26.1,28.3,11.9,27.1,44.9,27.8,6.0,3.6,6.0,101.2,83.7,12.1,0.594,70.7,95.8,111.4,12.9,12.2,3.1,55.3,31.4,Weak,2.5,Pull Power,A,Excellent HR swing plane,31.4,Weak,0.948,Good,4.9,43.8,96.7,0.658,Derived proxy,Derived proxy,Derived proxy,Derived proxy,,,16.52,3.52,Positive regression,Weak Pull Power profile. 4.0% barrel rate; 83.7 mph average exit velocity; 27.1% air-ball rate; 44.9% pull-air rate; 6.0% HR-launch rate.,0.0422,0.0393,4.15,24,6,21.5,1.12,111.8,Near normal interval,694918,Blade Tidwell,R,RHB vs RHP,9,1,17.0,3.18,1.18,1,0.53,6.88,2.12,90,4.4,31.1,7.8,55.6,25.6,84.3,96.4,110.1,0.42,1,38.3,100.0,0.595,3.9,Sweeper,R,RHB vs RHP,37.9,242,0.312,0.364,0.525,0.889,12,15,45,0.0496,3.4,0.554,32,0.0,0.0,0.348,0,0,0,0/0,,,,,0,0,0,40.5,Slight Pitcher Advantage,Below average,50.0,5,Pitch-level Statcast · last 5 MLB games,195,Sweeper,35.8974358974359,70,4-Seam Fastball,32.82051282051282,64,Sinker,13.333333333333334,26,Slider,10.256410256410257,20,Changeup,6.153846153846154,12.0,Curveball,1.5384615384615385,3.0,Unknown,,Unknown,,No,91.0,0.91,1.0,33.8,0.977,0.969,47.1,Current-Season Handedness Matchup,Pull Air %,Barrel %,Max Exit Velocity,37.9,35.4,38.3,46.2,33.8,45.0,41.3,4.33,1.137,0.978,0.985,1.0,0.948,0.948,1.0,15.34,8.6,81.8,29.8,F,Lineup unconfirmed,,,
76,2026-08-10,822780,2026-08-10T23:07:00Z,Scheduled,Rogers Centre,Boston Red Sox @ Toronto Blue Jays,Away,686765,Nick Sogard,Boston Red Sox,Toronto Blue Jays,2B,S,No,,22,90,75,19,5,1,0,11,3,13,0,17,0.253,0.364,0.347,0.711,10,49,40,10,0,0.25,0.0,10,49,40,10,0,0.25,0.0,106,60,3.6,17.5,39.8,40.1,20.1,12.0,26.5,43.3,28.3,6.0,3.6,6.0,0.0,78.8,20.9,0.384,65.6,91.0,104.0,5.4,9.6,0.9,46.1,19.7,Weak,2.0,Pull Power,A-,Elevated power plane,19.7,Weak,0.915,Good,3.3,37.5,91.1,0.392,Derived proxy,Derived proxy,Derived proxy,Derived proxy,,,3.91,3.91,Positive regression,Weak Pull Power profile. 3.6% barrel rate; 78.8 mph average exit velocity; 26.5% air-ball rate; 43.3% pull-air rate; 6.0% HR-launch rate.,0.0,0.0183,4.05,75,22,,,,No season HR,592791,Jameson Taillon,R,Switch vs RHP,16,16,80.0,5.96,1.39,26,2.93,8.1,3.26,433,8.8,24.7,21.9,48.6,34.6,83.0,95.6,112.4,0.703,26,19.0,99.7,0.37,5.5,4-Seam Fastball,L,LHB vs RHP,46.5,64,0.269,0.387,0.385,0.772,0,10,11,0.0,5.2,0.395,180,0.0778,9.5,0.744,0,0,0,0/0,,,,,0,0,0,37.6,Slight Pitcher Advantage,Below average,50.0,5,Pitch-level Statcast · last 5 MLB games,358,4-Seam Fastball,23.18435754189944,83,Changeup,19.83240223463687,71,Sweeper,19.273743016759777,69,Cutter,15.083798882681565,54,Curveball,12.569832402234637,45.0,Sinker,10.05586592178771,36.0,Unknown,,Unknown,,No,100.0,1.0,1.0,50.0,0.938,1.013,38.5,Current-Season Handedness Matchup,Pull Air %,Barrel %,Max Exit Velocity,46.5,60.9,19.0,25.6,50.0,45.0,41.2,4.33,0.758,1.2,1.035,0.965,0.915,0.883,1.0,7.2,4.96,62.3,17.6,F,Lineup unconfirmed,,,
77,2026-08-10,823918,2026-08-11T02:10:00Z,Scheduled,UNIQLO Field at Dodger Stadium,Kansas City Royals @ Los Angeles Dodgers,Home,518692,Freddie Freeman,Los Angeles Dodgers,Kansas City Royals,1B,L,No,,115,493,435,132,27,1,15,58,55,51,3,78,0.303,0.377,0.474,0.851,12,47,46,15,0,0.326,0.0,22,89,84,29,0,0.345,0.0,753,139,4.1,25.0,44.1,23.0,31.6,11.0,25.4,36.0,35.7,5.4,2.3,5.4,25.0,82.9,16.5,0.574,68.6,94.9,109.1,6.8,13.4,2.5,39.6,24.8,Weak,2.0,Contact-First Profile,A,Excellent HR swing plane,24.8,Weak,0.929,Good,2.2,34.3,94.4,0.522,Derived proxy,Derived proxy,Derived proxy,Derived proxy,,,29.2,14.2,Strong positive regression,Weak Contact-First Profile profile. 4.1% barrel rate; 82.9 mph average exit velocity; 25.4% air-ball rate; 36.0% pull-air rate; 5.4% HR-launch rate.,0.0304,0.0307,4.09,108,28,29.0,3.72,372.4,Very long drought,702070,Noah Cameron,L,LHB vs LHP,22,21,123.2,4.37,1.29,14,1.02,8.44,2.91,673,5.5,25.4,13.8,45.7,32.4,82.5,95.4,115.9,0.563,14,44.5,99.9,0.619,5.8,4-Seam Fastball,L,LHB vs LHP,37.9,160,0.266,0.338,0.392,0.729,4,14,29,0.025,4.4,0.571,128,0.0312,8.0,0.619,2,2,0,0/2,0.0,0.0,0.0,0.0,0,0,2,41.6,Slight Pitcher Advantage,Below average,45.0,5,Pitch-level Statcast · last 5 MLB games,490,Cutter,22.448979591836736,110,Changeup,21.632653061224488,106,4-Seam Fastball,18.979591836734695,93,Curveball,18.775510204081634,92,Slider,14.081632653061224,69.0,Sinker,4.081632653061225,20.0,Unknown,,Unknown,,No,100.0,1.0,1.0,50.0,0.989,0.98,41.3,Current-Season Handedness Matchup,Pull Air %,Barrel %,Max Exit Velocity,37.9,40.3,44.5,26.6,50.0,45.0,41.2,4.32,0.758,0.987,0.985,1.0,0.929,0.929,1.06,11.99,6.23,84.1,32.8,D,Lineup unconfirmed,,,
78,2026-08-10,823918,2026-08-11T02:10:00Z,Scheduled,UNIQLO Field at Dodger Stadium,Kansas City Royals @ Los Angeles Dodgers,Home,681624,Andy Pages,Los Angeles Dodgers,Kansas City Royals,CF,R,No,,117,504,452,123,24,2,19,66,76,41,6,102,0.272,0.337,0.46,0.797,12,52,49,17,2,0.347,0.0385,22,97,87,24,2,0.276,0.0206,715,149,3.1,22.0,41.0,24.6,34.4,12.3,25.0,41.2,31.0,6.5,3.9,6.5,77.6,82.3,19.6,0.541,70.9,93.9,109.4,26.0,10.5,7.7,39.5,29.0,Weak,2.0,Contact-First Profile,A,Excellent HR swing plane,29.0,Weak,0.941,Good,1.3,45.5,92.8,0.5,Derived proxy,Derived proxy,Derived proxy,Derived proxy,,,24.73,5.73,Strong positive regression,Weak Contact-First Profile profile. 3.1% barrel rate; 82.3 mph average exit velocity; 25.0% air-ball rate; 41.2% pull-air rate; 6.5% HR-launch rate.,0.0377,0.0366,3.99,8,2,23.8,0.34,33.6,Very recent HR,702070,Noah Cameron,L,RHB vs LHP,22,21,123.2,4.37,1.29,14,1.02,8.44,2.91,673,5.5,25.4,13.8,45.7,32.4,82.5,95.4,115.9,0.563,14,38.4,99.9,0.576,4.9,4-Seam Fastball,R,RHB vs LHP,40.2,145,0.286,0.372,0.516,0.888,6,17,26,0.0414,5.1,0.682,399,0.0251,4.7,0.546,2,2,0,0/2,0.0,0.0,0.0,0.0,0,0,0,40.5,Slight Pitcher Advantage,Below average,45.0,5,Pitch-level Statcast · last 5 MLB games,490,Cutter,22.448979591836736,110,Changeup,21.632653061224488,106,4-Seam Fastball,18.979591836734695,93,Curveball,18.775510204081634,92,Slider,14.081632653061224,69.0,Sinker,4.081632653061225,20.0,Unknown,,Unknown,,No,100.0,1.0,1.0,50.0,0.977,0.98,42.5,Current-Season Handedness Matchup,Pull Air %,Barrel %,Max Exit Velocity,40.2,40.3,38.4,33.4,50.0,45.0,41.1,4.32,0.933,0.987,1.025,1.0,0.941,0.941,0.98,13.82,7.61,84.8,26.2,F,Lineup unconfirmed,,,
79,2026-08-10,822780,2026-08-10T23:07:00Z,Scheduled,Rogers Centre,Boston Red Sox @ Toronto Blue Jays,Away,678011,Anthony Seigler,Boston Red Sox,Toronto Blue Jays,2B,S,No,,40,150,133,33,11,0,3,18,12,13,1,26,0.248,0.315,0.398,0.713,10,33,29,6,0,0.207,0.0,19,70,63,14,1,0.222,0.0143,191,91,4.3,20.9,43.3,18.8,38.0,18.9,33.1,34.4,32.9,9.2,6.3,9.2,33.1,82.6,21.0,0.472,65.2,92.6,104.8,0.3,14.1,0.0,55.6,24.2,Weak,2.0,Contact-First Profile,A-,Elevated power plane,24.2,Weak,0.928,Good,4.4,28.1,91.9,0.454,Derived proxy,Derived proxy,Derived proxy,Derived proxy,,,8.23,5.23,Strong positive regression,Weak Contact-First Profile profile. 4.3% barrel rate; 82.6 mph average exit velocity; 33.1% air-ball rate; 34.4% pull-air rate; 9.2% HR-launch rate.,0.02,0.0253,4.05,34,12,44.3,0.77,76.7,Recently homered,592791,Jameson Taillon,R,Switch vs RHP,16,16,80.0,5.96,1.39,26,2.93,8.1,3.26,433,8.8,24.7,21.9,48.6,34.6,83.0,95.6,112.4,0.703,26,23.9,99.7,0.465,3.2,4-Seam Fastball,L,LHB vs RHP,45.2,109,0.278,0.349,0.433,0.782,2,10,20,0.0183,3.6,0.492,180,0.0778,9.5,0.744,0,0,0,0/0,,,,,0,0,0,38.7,Slight Pitcher Advantage,Below average,50.0,5,Pitch-level Statcast · last 5 MLB games,358,4-Seam Fastball,23.18435754189944,83,Changeup,19.83240223463687,71,Sweeper,19.273743016759777,69,Cutter,15.083798882681565,54,Curveball,12.569832402234637,45.0,Sinker,10.05586592178771,36.0,Unknown,,Unknown,,No,100.0,1.0,1.0,50.0,0.948,1.013,37.0,Current-Season Handedness Matchup,Pull Air %,Barrel %,Max Exit Velocity,45.2,60.9,23.9,20.7,50.0,45.0,41.1,4.32,0.779,1.2,1.035,1.0,0.928,0.928,1.0,9.87,6.22,68.3,20.5,F,Lineup unconfirmed,,,
80,2026-08-10,823018,2026-08-10T23:45:00Z,Scheduled,Busch Stadium,Philadelphia Phillies @ St. Louis Cardinals,Away,656537,Derek Hill,Philadelphia Phillies,St. Louis Cardinals,CF,R,No,,86,170,155,37,3,0,9,25,22,11,1,59,0.239,0.293,0.432,0.725,7,11,11,2,1,0.182,0.0909,14,29,27,3,2,0.111,0.069,196,37,5.5,17.3,42.9,22.1,34.4,13.4,23.8,43.6,32.4,5.9,4.9,5.9,88.2,79.7,20.7,0.593,68.2,91.6,108.4,16.4,9.2,2.6,44.3,29.0,Weak,2.0,Pull Power,A-,Elevated power plane,29.0,Weak,0.941,Good,5.4,37.5,90.0,0.529,Derived proxy,Derived proxy,Derived proxy,Derived proxy,,,9.4,0.4,Near expected,Weak Pull Power profile. 5.5% barrel rate; 79.7 mph average exit velocity; 23.8% air-ball rate; 43.6% pull-air rate; 5.9% HR-launch rate.,0.0529,0.0443,4.05,6,4,17.2,0.35,34.8,Very recent HR,690928,Hunter Dobbins,R,RHB vs RHP,8,5,40.0,3.6,1.3,6,1.35,8.1,3.15,233,4.7,24.0,12.9,61.4,31.8,83.8,95.0,109.8,0.479,6,37.9,100.0,0.572,4.8,4-Seam Fastball,R,RHB vs RHP,45.2,67,0.262,0.328,0.41,0.738,3,5,23,0.0448,4.7,0.675,78,0.0513,4.7,0.463,0,0,0,0/0,,,,,0,0,0,43.6,Neutral Matchup,Average,50.0,5,Pitch-level Statcast · last 5 MLB games,443,4-Seam Fastball,31.151241534988714,138,Sweeper,17.381489841986458,77,Slider,16.478555304740407,73,Sinker,13.769751693002258,61,Split-Finger,12.415349887133182,55.0,Curveball,8.803611738148984,39.0,Unknown,,Unknown,,No,100.0,1.0,1.0,50.0,0.976,0.972,46.2,Current-Season Handedness Matchup,Pull Air %,Barrel %,Max Exit Velocity,45.2,36.8,37.9,28.0,50.0,45.0,41.1,4.31,1.1,1.023,0.985,1.0,0.941,0.941,0.98,16.76,9.7,66.5,26.0,F,Lineup unconfirmed,,,
81,2026-08-10,823918,2026-08-11T02:10:00Z,Scheduled,UNIQLO Field at Dodger Stadium,Kansas City Royals @ Los Angeles Dodgers,Home,663656,Kyle Tucker,Los Angeles Dodgers,Kansas City Royals,RF,L,No,,111,457,394,96,18,3,11,64,54,56,3,85,0.244,0.339,0.388,0.727,12,44,38,11,2,0.289,0.0455,21,80,70,16,4,0.229,0.05,644,121,5.2,24.9,51.3,20.5,28.2,17.3,28.6,43.7,29.2,6.6,2.7,6.6,42.2,83.1,20.5,0.498,69.3,94.5,111.5,18.1,12.2,7.0,44.0,30.4,Weak,2.0,Pull Power,A-,Elevated power plane,30.4,Weak,0.945,Good,6.6,36.1,94.6,0.486,Derived proxy,Derived proxy,Derived proxy,Derived proxy,,,31.38,20.38,Strong positive regression,Weak Pull Power profile. 5.2% barrel rate; 83.1 mph average exit velocity; 28.6% air-ball rate; 43.7% pull-air rate; 6.6% HR-launch rate.,0.0241,0.0257,3.99,4,1,35.8,0.11,11.2,Very recent HR,702070,Noah Cameron,L,LHB vs LHP,22,21,123.2,4.37,1.29,14,1.02,8.44,2.91,673,5.5,25.4,13.8,45.7,32.4,82.5,95.4,115.9,0.563,14,28.9,99.9,0.511,3.4,4-Seam Fastball,L,LHB vs LHP,32.5,138,0.263,0.355,0.424,0.779,2,17,25,0.0145,4.7,0.481,128,0.0312,8.0,0.619,3,3,0,0/3,0.0,0.0,0.0,0.0,0,0,0,33.2,Slight Pitcher Advantage,Below average,42.5,5,Pitch-level Statcast · last 5 MLB games,490,Cutter,22.448979591836736,110,Changeup,21.632653061224488,106,4-Seam Fastball,18.979591836734695,93,Curveball,18.775510204081634,92,Slider,14.081632653061224,69.0,Sinker,4.081632653061225,20.0,Unknown,,Unknown,,No,100.0,1.0,1.0,50.0,0.958,0.98,44.5,Current-Season Handedness Matchup,Pull Air %,Barrel %,Max Exit Velocity,32.5,40.3,28.9,38.5,50.0,45.0,40.7,4.28,1.322,0.987,0.985,1.0,0.945,0.945,0.98,9.87,7.3,83.4,24.5,F,Lineup unconfirmed,,,
82,2026-08-10,823675,2026-08-10T23:40:00Z,Scheduled,Target Field,Baltimore Orioles @ Minnesota Twins,Away,665966,Carlos Narváez,Baltimore Orioles,Minnesota Twins,C,R,No,,67,214,186,34,6,0,3,17,10,15,5,71,0.183,0.258,0.263,0.521,9,29,23,2,0,0.087,0.0,14,40,32,5,1,0.156,0.025,281,41,4.3,18.7,30.6,41.1,28.2,15.9,25.1,24.8,33.9,5.6,2.7,5.6,35.2,80.9,20.4,0.581,69.0,92.4,109.0,17.8,7.7,3.7,44.8,20.9,Weak,2.0,Contact-First Profile,A-,Elevated power plane,20.9,Weak,0.919,Good,4.9,27.3,91.6,0.671,Derived proxy,Derived proxy,Derived proxy,Derived proxy,,,10.15,7.15,Strong positive regression,Weak Contact-First Profile profile. 4.3% barrel rate; 80.9 mph average exit velocity; 25.1% air-ball rate; 24.8% pull-air rate; 5.6% HR-launch rate.,0.014,0.0205,3.87,28,13,62.0,0.45,45.2,Recently homered,665152,Dean Kremer,R,RHB vs RHP,8,8,41.0,5.93,1.32,12,2.63,8.78,2.85,226,5.3,21.7,19.9,56.9,31.4,81.0,92.9,108.6,0.614,12,58.1,99.7,0.771,5.0,Split-Finger,R,RHB vs RHP,38.8,167,0.167,0.241,0.25,0.491,3,11,57,0.018,4.1,0.543,68,0.0735,4.4,0.652,3,2,2,2/2,1.0,1.0,1.0,2.0,0,1,0,48.5,Neutral Matchup,Average,53.8,5,Pitch-level Statcast · last 5 MLB games,430,4-Seam Fastball,26.046511627906977,112,Split-Finger,22.325581395348838,96,Cutter,21.627906976744185,93,Sinker,15.348837209302326,66,Curveball,13.720930232558139,59.0,Slider,0.9302325581395349,4.0,Unknown,,Unknown,,No,100.0,1.0,1.0,50.0,1.016,0.978,34.2,Current-Season Handedness Matchup,Pull Air %,Barrel %,Max Exit Velocity,38.8,41.2,58.1,20.4,50.0,45.0,40.5,4.27,0.897,1.143,0.985,0.94,0.919,0.863,1.0,7.7,5.36,70.5,18.4,F,Lineup unconfirmed,,,
83,2026-08-10,823675,2026-08-10T23:40:00Z,Scheduled,Target Field,Baltimore Orioles @ Minnesota Twins,Home,665019,Kody Clemens,Minnesota Twins,Baltimore Orioles,1B,L,No,,104,420,385,89,20,5,20,54,55,25,6,94,0.231,0.287,0.465,0.752,12,50,47,7,2,0.149,0.04,22,92,88,16,4,0.182,0.0435,564,133,5.7,27.4,55.0,20.4,24.2,17.5,27.3,47.8,24.2,6.7,4.5,6.7,59.4,84.7,19.2,0.548,70.2,96.1,110.8,12.2,11.7,4.6,60.3,34.0,Weak,2.5,Pull Power,A,Excellent HR swing plane,34.0,Weak,0.955,Good,4.5,55.9,95.3,0.488,Derived proxy,Derived proxy,Derived proxy,Derived proxy,,,30.65,10.65,Strong positive regression,Weak Pull Power profile. 5.7% barrel rate; 84.7 mph average exit velocity; 27.3% air-ball rate; 47.8% pull-air rate; 6.7% HR-launch rate.,0.0476,0.0441,3.93,0,0,19.2,0.0,0.0,Very recent HR,669432,Trevor Rogers,L,LHB vs LHP,21,21,115.2,4.2,1.24,11,0.86,7.63,2.49,697,3.9,23.1,12.6,41.1,27.0,82.2,94.3,117.3,0.496,11,36.3,99.9,0.548,5.3,4-Seam Fastball,L,LHB vs LHP,30.3,104,0.229,0.282,0.448,0.729,5,6,23,0.0481,5.7,0.592,129,0.0078,1.8,0.391,0,0,0,0/0,,,,,0,0,0,36.4,Slight Pitcher Advantage,Below average,50.0,5,Pitch-level Statcast · last 5 MLB games,463,4-Seam Fastball,47.51619870410367,220,Changeup,20.950323974082075,97,Sweeper,16.630669546436284,77,Sinker,8.639308855291576,40,Cutter,6.263498920086393,29.0,,,,Unknown,,Unknown,,No,100.0,1.0,1.0,50.0,0.973,0.964,46.8,Current-Season Handedness Matchup,Pull Air %,Barrel %,Max Exit Velocity,30.3,27.8,36.3,50.2,50.0,45.0,40.4,4.26,0.977,0.962,0.985,1.0,0.955,0.955,0.98,16.26,8.35,84.4,26.7,F,Lineup unconfirmed,,,
84,2026-08-10,825048,2026-08-11T01:40:00Z,Scheduled,Chase Field,Colorado Rockies @ Arizona Diamondbacks,Home,606466,Ketel Marte,Arizona Diamondbacks,Colorado Rockies,2B,S,No,,113,500,454,111,22,3,20,61,64,38,4,77,0.244,0.306,0.438,0.744,11,49,41,6,1,0.146,0.0204,22,99,87,16,3,0.184,0.0303,646,123,6.1,28.7,51.7,27.9,19.8,16.5,28.4,46.5,25.2,6.4,3.5,6.4,47.0,83.8,15.8,0.513,73.4,97.1,115.0,42.9,12.3,11.2,58.1,39.8,Below Average,2.5,Pull Power,A,Excellent HR swing plane,39.8,Below Average,0.971,Good,4.9,43.8,94.5,0.427,Derived proxy,Derived proxy,Derived proxy,Derived proxy,,,35.72,15.72,Strong positive regression,Below Average Pull Power profile. 6.1% barrel rate; 83.8 mph average exit velocity; 28.4% air-ball rate; 46.5% pull-air rate; 6.4% HR-launch rate.,0.04,0.0385,3.99,0,0,22.7,0.0,0.0,Very recent HR,687312,Gabriel Hughes,R,Switch vs RHP,6,5,29.2,4.25,1.18,1,0.3,8.49,2.73,183,1.6,16.9,12.6,41.9,27.3,81.5,92.3,109.0,0.372,1,44.3,100.0,0.577,7.8,4-Seam Fastball,L,LHB vs RHP,29.2,371,0.228,0.294,0.383,0.677,11,29,60,0.0296,5.7,0.517,75,0.0133,1.7,0.404,0,0,0,0/0,,,,,0,0,0,38.6,Slight Pitcher Advantage,Below average,50.0,5,Pitch-level Statcast · last 5 MLB games,417,4-Seam Fastball,53.71702637889688,224,Slider,11.750599520383693,49,Changeup,11.270983213429256,47,Curveball,10.071942446043165,42,Sweeper,7.194244604316546,30.0,Sinker,5.995203836930456,25.0,Unknown,,Unknown,,No,100.0,1.0,1.0,50.0,0.989,0.941,49.2,Current-Season Handedness Matchup,Pull Air %,Barrel %,Max Exit Velocity,29.2,21.9,44.3,41.6,50.0,45.0,40.3,4.25,0.859,0.947,1.035,1.0,0.971,0.971,0.98,14.48,7.27,84.9,24.9,F,Lineup unconfirmed,,,
85,2026-08-10,823265,2026-08-11T01:40:00Z,Scheduled,Petco Park,Milwaukee Brewers @ San Diego Padres,Home,657757,Gavin Sheets,San Diego Padres,Milwaukee Brewers,1B,L,No,,110,378,327,70,15,0,15,44,44,45,4,77,0.214,0.315,0.398,0.713,10,24,18,4,1,0.222,0.0417,21,60,50,8,1,0.16,0.0167,520,94,4.0,23.0,42.1,32.4,25.5,12.1,20.6,49.7,27.8,5.5,3.4,5.5,54.1,82.0,21.2,0.443,72.6,94.2,109.8,43.3,9.0,10.8,49.2,33.7,Weak,2.5,Pull Power,A-,Elevated power plane,33.7,Weak,0.954,Good,3.2,50.0,92.4,0.326,Derived proxy,Derived proxy,Derived proxy,Derived proxy,,,21.04,6.04,Strong positive regression,Weak Pull Power profile. 4.0% barrel rate; 82.0 mph average exit velocity; 20.6% air-ball rate; 49.7% pull-air rate; 5.5% HR-launch rate.,0.0397,0.0378,3.99,0,0,21.8,0.0,0.0,Very recent HR,701656,Logan Henderson,R,LHB vs RHP,10,10,50.0,2.7,0.9,7,1.26,11.16,1.8,275,4.7,20.0,11.6,52.2,30.2,80.8,92.6,111.1,0.495,7,36.2,100.0,0.537,5.7,4-Seam Fastball,L,LHB vs RHP,39.0,308,0.224,0.331,0.441,0.772,15,39,57,0.0487,4.9,0.532,133,0.0376,5.2,0.51,0,0,0,0/0,,,,,0,0,0,40.2,Slight Pitcher Advantage,Below average,50.0,5,Pitch-level Statcast · last 5 MLB games,405,4-Seam Fastball,44.93827160493827,182,Changeup,34.074074074074076,138,Cutter,19.012345679012345,77,Sweeper,1.9753086419753085,8,,,,,,,Unknown,,Unknown,,No,94.0,0.94,1.0,39.2,0.972,0.972,46.3,Current-Season Handedness Matchup,Pull Air %,Barrel %,Max Exit Velocity,39.0,34.6,36.2,39.6,39.2,45.0,40.3,4.25,0.923,1.018,1.025,1.0,0.954,0.954,0.98,14.26,7.54,81.8,24.5,F,Lineup unconfirmed,,,
86,2026-08-10,823265,2026-08-11T01:40:00Z,Scheduled,Petco Park,Milwaukee Brewers @ San Diego Padres,Home,687749,Jase Bowen,San Diego Padres,Milwaukee Brewers,RF,R,No,,48,77,73,11,2,0,1,11,6,2,2,30,0.151,0.195,0.219,0.414,11,20,19,3,1,0.158,0.05,21,33,31,6,1,0.194,0.0303,68,32,7.0,25.1,44.7,36.3,17.5,16.7,31.7,39.2,31.0,9.0,6.1,9.0,30.5,80.4,17.3,0.634,68.2,95.1,108.2,25.4,12.2,4.1,40.1,33.7,Weak,2.5,Contact-First Profile,A,Excellent HR swing plane,33.7,Weak,0.954,Good,6.2,50.0,96.3,0.705,Derived proxy,Derived proxy,Derived proxy,Derived proxy,,,3.98,2.98,Positive regression,Weak Contact-First Profile profile. 7.0% barrel rate; 80.4 mph average exit velocity; 31.7% air-ball rate; 39.2% pull-air rate; 9.0% HR-launch rate.,0.013,0.0246,3.81,13,8,73.0,0.18,17.8,Very recent HR,701656,Logan Henderson,R,RHB vs RHP,10,10,50.0,2.7,0.9,7,1.26,11.16,1.8,275,4.7,20.0,11.6,52.2,30.2,80.8,92.6,111.1,0.495,7,30.6,100.0,0.5,4.8,4-Seam Fastball,R,RHB vs RHP,40.1,35,0.121,0.171,0.121,0.293,0,0,15,0.0,6.7,0.595,60,0.0333,3.7,0.462,0,0,0,0/0,,,,,0,0,0,38.7,Slight Pitcher Advantage,Below average,50.0,5,Pitch-level Statcast · last 5 MLB games,405,4-Seam Fastball,44.93827160493827,182,Changeup,34.074074074074076,138,Cutter,19.012345679012345,77,Sweeper,1.9753086419753085,8,,,,,,,Unknown,,Unknown,,No,94.0,0.94,1.0,39.2,0.961,0.972,45.7,Current-Season Handedness Matchup,Pull Air %,Barrel %,Max Exit Velocity,40.1,34.6,30.6,54.2,39.2,45.0,40.3,4.25,1.27,1.018,0.985,0.94,0.954,0.897,0.98,9.04,6.34,60.1,18.6,F,Small season sample; Lineup unconfirmed,,,
87,2026-08-10,823189,2026-08-11T01:45:00Z,Scheduled,Oracle Park,Houston Astros @ San Francisco Giants,Away,572233,Christian Walker,Houston Astros,San Francisco Giants,1B,R,No,,115,476,425,102,24,1,22,59,67,41,9,112,0.24,0.319,0.456,0.775,11,49,42,13,2,0.31,0.0408,20,80,69,17,2,0.246,0.025,619,103,6.4,28.5,38.5,32.7,28.7,14.0,23.6,37.4,30.2,6.7,3.2,6.7,47.6,84.5,20.5,0.552,72.2,96.9,111.7,41.8,11.2,10.4,48.0,36.0,Below Average,2.5,Contact-First Profile,A-,Elevated power plane,36.0,Below Average,0.961,Good,6.8,27.3,98.4,0.592,Derived proxy,Derived proxy,Derived proxy,Derived proxy,,,34.43,12.43,Strong positive regression,Below Average Contact-First Profile profile. 6.4% barrel rate; 84.5 mph average exit velocity; 23.6% air-ball rate; 37.4% pull-air rate; 6.7% HR-launch rate.,0.0462,0.0434,4.05,29,8,19.3,1.5,150.1,Above normal drought,694918,Blade Tidwell,R,RHB vs RHP,9,1,17.0,3.18,1.18,1,0.53,6.88,2.12,90,4.4,31.1,7.8,55.6,25.6,84.3,96.4,110.1,0.42,1,37.6,100.0,0.541,6.3,Sweeper,R,RHB vs RHP,39.2,370,0.243,0.308,0.45,0.758,17,26,91,0.0459,6.1,0.535,32,0.0,0.0,0.348,0,0,0,0/0,,,,,0,0,0,40.8,Slight Pitcher Advantage,Below average,50.0,5,Pitch-level Statcast · last 5 MLB games,195,Sweeper,35.8974358974359,70,4-Seam Fastball,32.82051282051282,64,Sinker,13.333333333333334,26,Slider,10.256410256410257,20,Changeup,6.153846153846154,12.0,Curveball,1.5384615384615385,3.0,Unknown,,Unknown,,No,91.0,0.91,1.0,33.8,0.975,0.969,46.2,Current-Season Handedness Matchup,Pull Air %,Barrel %,Max Exit Velocity,39.2,35.4,37.6,38.3,33.8,45.0,40.2,4.24,0.911,0.978,0.985,1.0,0.961,0.961,1.035,16.43,7.98,83.4,29.7,F,Lineup unconfirmed,,,
88,2026-08-10,822780,2026-08-10T23:07:00Z,Scheduled,Rogers Centre,Boston Red Sox @ Toronto Blue Jays,Away,702332,Caleb Durbin,Boston Red Sox,Toronto Blue Jays,3B,R,No,,110,414,366,92,22,1,11,55,54,31,9,55,0.251,0.323,0.407,0.73,12,53,41,15,1,0.366,0.0189,24,101,83,27,2,0.325,0.0198,559,142,2.1,15.8,36.3,38.0,25.5,10.1,22.2,45.7,28.6,4.0,2.8,4.0,86.1,78.1,15.9,0.364,66.3,90.4,109.7,7.4,7.5,2.6,57.2,20.4,Weak,2.0,Pull Power,A,Excellent HR swing plane,20.4,Weak,0.917,Good,1.4,40.0,88.2,0.331,Derived proxy,Derived proxy,Derived proxy,Derived proxy,,,14.87,3.87,Positive regression,Weak Pull Power profile. 2.1% barrel rate; 78.1 mph average exit velocity; 22.2% air-ball rate; 45.7% pull-air rate; 4.0% HR-launch rate.,0.0266,0.0278,4.05,18,5,33.3,0.54,54.1,Recently homered,592791,Jameson Taillon,R,RHB vs RHP,16,16,80.0,5.96,1.39,26,2.93,8.1,3.26,433,8.8,24.7,21.9,48.6,34.6,83.0,95.6,112.4,0.703,26,12.5,99.7,0.363,2.6,4-Seam Fastball,R,RHB vs RHP,38.5,302,0.239,0.313,0.396,0.709,8,24,44,0.0265,2.0,0.368,167,0.0719,8.0,0.662,7,7,1,1/7,0.143,0.143,0.571,0.714,1,0,1,31.9,Slight Pitcher Advantage,Below average,51.2,5,Pitch-level Statcast · last 5 MLB games,358,4-Seam Fastball,23.18435754189944,83,Changeup,19.83240223463687,71,Sweeper,19.273743016759777,69,Cutter,15.083798882681565,54,Curveball,12.569832402234637,45.0,Sinker,10.05586592178771,36.0,Unknown,,Unknown,,No,100.0,1.0,1.0,50.0,0.925,1.013,39.5,Current-Season Handedness Matchup,Pull Air %,Barrel %,Max Exit Velocity,38.5,60.9,12.5,19.2,50.0,45.0,40.0,4.23,0.878,1.2,0.985,1.0,0.917,0.917,1.0,10.79,6.67,85.0,23.8,F,Lineup unconfirmed,,,
89,2026-08-10,824887,2026-08-10T23:15:00Z,Scheduled,Truist Park,New York Mets @ Atlanta Braves,Home,573262,Mike Yastrzemski,Atlanta Braves,New York Mets,LF,L,No,,101,300,265,61,15,1,8,39,33,29,4,73,0.23,0.313,0.385,0.698,10,24,22,6,2,0.273,0.0833,16,38,35,8,2,0.229,0.0526,377,53,5.6,27.3,55.5,18.9,25.6,17.1,29.2,50.6,34.8,8.8,5.8,8.8,48.1,84.2,24.1,0.596,69.3,95.3,106.8,7.4,15.7,2.8,65.2,36.2,Below Average,2.5,Pull Power,A-,Elevated power plane,36.2,Below Average,0.961,Good,7.5,50.0,95.0,0.749,Derived proxy,Derived proxy,Derived proxy,Derived proxy,,,21.06,13.06,Strong positive regression,Below Average Pull Power profile. 5.6% barrel rate; 84.2 mph average exit velocity; 29.2% air-ball rate; 50.6% pull-air rate; 8.8% HR-launch rate.,0.0267,0.0282,3.99,11,5,33.1,0.33,33.2,Very recent HR,681035,Christian Scott,R,LHB vs RHP,16,16,74.1,3.15,1.26,7,0.85,11.14,3.87,452,4.6,20.1,11.1,41.0,35.4,81.1,92.5,112.8,0.523,7,24.5,99.9,0.468,3.4,4-Seam Fastball,L,LHB vs RHP,32.7,265,0.234,0.313,0.404,0.717,8,26,60,0.0302,5.0,0.536,202,0.0297,4.9,0.517,2,2,0,0/2,0.0,0.0,0.0,0.0,0,0,1,32.3,Slight Pitcher Advantage,Below average,45.0,5,Pitch-level Statcast · last 5 MLB games,452,4-Seam Fastball,47.56637168141593,215,Sweeper,22.345132743362832,101,Cutter,15.265486725663717,69,Curveball,10.398230088495575,47,Split-Finger,3.0973451327433628,14.0,Sinker,1.3274336283185841,6.0,Unknown,,Unknown,,No,103.0,1.03,1.0,55.4,0.949,0.971,47.7,Current-Season Handedness Matchup,Pull Air %,Barrel %,Max Exit Velocity,32.7,29.1,24.5,54.4,55.4,45.0,39.8,4.21,1.35,0.96,1.025,1.0,0.961,0.961,0.98,10.78,8.04,76.5,24.3,F,Lineup unconfirmed,,,
90,2026-08-10,823675,2026-08-10T23:40:00Z,Scheduled,Target Field,Baltimore Orioles @ Minnesota Twins,Home,668952,Ryan Kreidler,Minnesota Twins,Baltimore Orioles,SS,R,No,,74,205,191,45,8,3,5,25,25,13,1,42,0.236,0.288,0.387,0.675,12,32,31,6,0,0.194,0.0,23,66,65,13,0,0.2,0.0,264,89,4.5,23.4,45.3,34.5,20.2,12.7,22.9,54.8,24.2,4.8,3.6,4.8,27.1,82.2,11.0,0.517,70.4,94.7,109.0,32.4,10.6,9.3,61.8,33.8,Weak,2.5,Pull Power,A,Excellent HR swing plane,33.8,Weak,0.955,Good,4.5,63.6,95.4,0.536,Derived proxy,Derived proxy,Derived proxy,Derived proxy,,,11.65,6.65,Strong positive regression,Weak Pull Power profile. 4.5% barrel rate; 82.2 mph average exit velocity; 22.9% air-ball rate; 54.8% pull-air rate; 4.8% HR-launch rate.,0.0244,0.0272,3.93,98,33,38.2,2.57,256.5,Very long drought,669432,Trevor Rogers,L,RHB vs LHP,21,21,115.2,4.2,1.24,11,0.86,7.63,2.49,697,3.9,23.1,12.6,41.1,27.0,82.2,94.3,117.3,0.496,11,41.5,99.9,0.59,5.7,4-Seam Fastball,R,RHB vs LHP,20.8,87,0.195,0.287,0.286,0.573,1,9,13,0.0115,1.7,0.403,356,0.0281,4.6,0.529,0,0,0,0/0,,,,,0,0,0,33.9,Slight Pitcher Advantage,Below average,50.0,5,Pitch-level Statcast · last 5 MLB games,463,4-Seam Fastball,47.51619870410367,220,Changeup,20.950323974082075,97,Sweeper,16.630669546436284,77,Sinker,8.639308855291576,40,Cutter,6.263498920086393,29.0,,,,Unknown,,Unknown,,No,100.0,1.0,1.0,50.0,0.983,0.964,43.0,Current-Season Handedness Matchup,Pull Air %,Barrel %,Max Exit Velocity,20.8,27.8,41.5,50.3,50.0,45.0,39.8,4.21,0.758,0.962,1.025,1.0,0.955,0.955,1.06,10.27,5.67,71.9,27.5,F,Lineup unconfirmed,,,
91,2026-08-10,823675,2026-08-10T23:40:00Z,Scheduled,Target Field,Baltimore Orioles @ Minnesota Twins,Away,687637,Dylan Beavers,Baltimore Orioles,Minnesota Twins,RF,L,No,,64,217,191,46,12,0,2,23,19,22,2,52,0.241,0.324,0.335,0.659,11,34,31,6,0,0.194,0.0,22,74,66,17,0,0.258,0.0,277,87,3.1,24.0,49.3,23.5,26.7,14.3,27.1,44.5,34.6,5.3,2.3,5.3,16.2,82.7,23.0,0.525,70.6,94.2,108.6,20.6,11.1,6.1,48.7,28.8,Weak,2.0,Pull Power,A-,Elevated power plane,28.8,Weak,0.941,Good,3.4,46.2,95.6,0.55,Derived proxy,Derived proxy,Derived proxy,Derived proxy,,,9.49,7.49,Strong positive regression,Weak Pull Power profile. 3.1% barrel rate; 82.7 mph average exit velocity; 27.1% air-ball rate; 44.5% pull-air rate; 5.3% HR-launch rate.,0.0092,0.0173,4.05,124,44,95.5,1.3,129.8,Near normal interval,665152,Dean Kremer,R,LHB vs RHP,8,8,41.0,5.93,1.32,12,2.63,8.78,2.85,226,5.3,21.7,19.9,56.9,31.4,81.0,92.9,108.6,0.614,12,22.5,99.7,0.473,2.1,Split-Finger,L,LHB vs RHP,36.7,183,0.242,0.333,0.354,0.687,2,20,45,0.0109,3.4,0.553,105,0.0667,5.9,0.59,0,0,0,0/0,,,,,0,0,0,34.4,Slight Pitcher Advantage,Below average,50.0,5,Pitch-level Statcast · last 5 MLB games,430,4-Seam Fastball,26.046511627906977,112,Split-Finger,22.325581395348838,96,Cutter,21.627906976744185,93,Sinker,15.348837209302326,66,Curveball,13.720930232558139,59.0,Slider,0.9302325581395349,4.0,Unknown,,Unknown,,No,100.0,1.0,1.0,50.0,0.945,0.978,43.2,Current-Season Handedness Matchup,Pull Air %,Barrel %,Max Exit Velocity,36.7,41.2,22.5,43.0,50.0,45.0,39.7,4.21,0.758,1.143,1.025,0.965,0.941,0.908,1.0,6.84,4.62,73.4,20.3,F,Lineup unconfirmed,,,
92,2026-08-10,823998,2026-08-11T01:38:00Z,Scheduled,Angel Stadium,Texas Rangers @ Los Angeles Angels,Home,672724,Oswald Peraza,Los Angeles Angels,Texas Rangers,2B,R,No,,98,304,284,66,11,2,7,27,24,11,7,92,0.232,0.277,0.359,0.636,5,13,12,1,0,0.083,0.0,15,30,27,4,0,0.148,0.0,407,47,3.1,24.2,39.8,25.4,34.1,10.6,17.6,43.1,25.3,5.1,1.9,5.1,30.3,80.2,12.6,0.422,70.3,93.5,109.6,29.3,9.7,6.0,46.4,24.9,Weak,2.0,Pull Power,A,Excellent HR swing plane,24.9,Weak,0.93,Good,2.1,40.0,93.8,0.253,Derived proxy,Derived proxy,Derived proxy,Derived proxy,,,13.48,6.48,Strong positive regression,Weak Pull Power profile. 3.1% barrel rate; 80.2 mph average exit velocity; 17.6% air-ball rate; 43.1% pull-air rate; 5.1% HR-launch rate.,0.023,0.0256,3.81,129,45,40.6,3.18,318.0,Very long drought,669022,MacKenzie Gore,L,RHB vs LHP,24,24,128.2,4.55,1.24,16,1.12,9.79,3.29,745,5.2,23.4,12.3,43.2,28.3,81.7,94.2,115.7,0.53,16,37.3,100.0,0.584,3.9,4-Seam Fastball,R,RHB vs LHP,47.4,102,0.258,0.287,0.485,0.772,5,3,31,0.049,7.9,0.705,408,0.0343,5.0,0.525,2,1,0,0/1,0.0,0.5,0.0,0.5,0,1,1,43.5,Neutral Matchup,Average,45.5,5,Pitch-level Statcast · last 5 MLB games,442,4-Seam Fastball,51.35746606334842,227,Changeup,13.122171945701357,58,Slider,12.44343891402715,55,Curveball,11.538461538461538,51,Sinker,7.918552036199095,35.0,Cutter,3.6199095022624435,16.0,Unknown,,Unknown,,No,100.0,1.0,1.0,50.0,0.975,0.977,43.3,Current-Season Handedness Matchup,Pull Air %,Barrel %,Max Exit Velocity,47.4,35.1,37.3,30.6,50.0,45.0,39.6,4.2,0.78,1.003,1.025,0.975,0.93,0.906,1.06,9.4,5.45,76.1,27.4,F,Lineup unconfirmed,,,
93,2026-08-10,824887,2026-08-10T23:15:00Z,Scheduled,Truist Park,New York Mets @ Atlanta Braves,Away,543760,Marcus Semien,New York Mets,Atlanta Braves,2B,R,No,,100,392,356,76,9,1,14,41,41,30,1,86,0.213,0.274,0.362,0.636,12,44,38,8,2,0.211,0.0455,20,74,66,14,5,0.212,0.0676,508,95,3.9,22.9,47.2,29.4,23.0,18.4,30.4,49.5,33.0,6.8,4.4,6.8,99.7,81.7,17.8,0.503,66.3,92.9,106.7,1.9,9.0,0.9,53.9,28.7,Weak,2.0,Pull Power,A,Excellent HR swing plane,28.7,Weak,0.94,Good,3.2,44.8,93.2,0.46,Derived proxy,Derived proxy,Derived proxy,Derived proxy,,,20.89,6.89,Strong positive regression,Weak Pull Power profile. 3.9% barrel rate; 81.7 mph average exit velocity; 30.4% air-ball rate; 49.5% pull-air rate; 6.8% HR-launch rate.,0.0357,0.0348,3.87,7,2,25.4,0.28,27.5,Very recent HR,693821,Bryce Elder,R,RHB vs RHP,22,22,126.2,3.69,1.2,19,1.35,7.39,2.98,648,4.5,27.3,15.4,41.2,29.3,84.3,96.5,113.0,0.497,19,34.3,99.9,0.542,4.6,Sinker,R,RHB vs RHP,35.8,293,0.199,0.25,0.347,0.597,11,19,64,0.0375,4.1,0.495,200,0.04,5.6,0.541,2,2,0,0/2,0.0,0.0,0.0,0.0,0,0,0,37.1,Slight Pitcher Advantage,Below average,45.0,5,Pitch-level Statcast · last 5 MLB games,421,Sinker,33.2541567695962,140,Cutter,21.852731591448933,92,4-Seam Fastball,17.577197149643705,74,Slider,16.389548693586697,69,Changeup,10.926365795724466,46.0,,,,Unknown,,Unknown,,No,103.0,1.03,1.0,55.4,0.969,0.97,43.9,Current-Season Handedness Matchup,Pull Air %,Barrel %,Max Exit Velocity,35.8,32.3,34.3,36.3,55.4,45.0,39.5,4.19,1.22,1.04,0.985,0.975,0.94,0.917,0.98,12.82,8.55,82.9,25.3,F,Lineup unconfirmed,,,
94,2026-08-10,823189,2026-08-11T01:45:00Z,Scheduled,Oracle Park,Houston Astros @ San Francisco Giants,Away,662139,Daulton Varsho,Houston Astros,San Francisco Giants,CF,L,No,,105,390,354,84,19,2,8,41,28,33,2,76,0.237,0.305,0.37,0.675,11,45,39,7,1,0.179,0.0222,23,86,79,18,1,0.228,0.0116,583,141,4.4,19.8,48.9,30.4,20.7,12.5,23.2,45.6,29.3,5.5,3.6,5.5,26.7,80.6,19.2,0.465,71.0,92.4,109.9,27.5,10.1,7.8,49.6,29.7,Weak,2.0,Pull Power,A,Excellent HR swing plane,29.7,Weak,0.943,Good,5.0,43.3,92.2,0.471,Derived proxy,Derived proxy,Derived proxy,Derived proxy,,,24.2,16.2,Strong positive regression,Weak Pull Power profile. 4.4% barrel rate; 80.6 mph average exit velocity; 23.2% air-ball rate; 45.6% pull-air rate; 5.5% HR-launch rate.,0.0205,0.0232,4.05,0,0,44.2,0.0,0.0,Very recent HR,694918,Blade Tidwell,R,LHB vs RHP,9,1,17.0,3.18,1.18,1,0.53,6.88,2.12,90,4.4,31.1,7.8,55.6,25.6,84.3,96.4,110.1,0.42,1,41.7,100.0,0.551,7.8,Sweeper,L,LHB vs RHP,33.0,295,0.237,0.308,0.372,0.681,7,28,57,0.0237,4.6,0.472,37,0.027,7.5,0.474,0,0,0,0/0,,,,,0,0,0,39.4,Slight Pitcher Advantage,Below average,50.0,5,Pitch-level Statcast · last 5 MLB games,195,Sweeper,35.8974358974359,70,4-Seam Fastball,32.82051282051282,64,Sinker,13.333333333333334,26,Slider,10.256410256410257,20,Changeup,6.153846153846154,12.0,Curveball,1.5384615384615385,3.0,Unknown,,Unknown,,No,91.0,0.91,1.0,33.8,0.983,0.969,42.4,Current-Season Handedness Matchup,Pull Air %,Barrel %,Max Exit Velocity,33.0,35.4,41.7,36.9,33.8,45.0,39.3,4.18,0.901,0.978,1.025,1.0,0.943,0.943,0.98,9.07,5.28,83.9,20.6,F,Lineup unconfirmed,,,
95,2026-08-10,823675,2026-08-10T23:40:00Z,Scheduled,Target Field,Baltimore Orioles @ Minnesota Twins,Home,680777,Ryan Jeffers,Minnesota Twins,Baltimore Orioles,C,R,No,,57,230,194,54,10,1,10,34,37,32,2,38,0.278,0.384,0.495,0.879,11,44,37,8,1,0.216,0.0227,19,77,68,17,3,0.25,0.039,306,105,5.8,24.4,41.0,30.8,28.2,13.8,25.8,41.6,28.5,7.4,4.3,7.4,57.2,82.9,18.7,0.529,70.6,95.5,112.1,33.2,11.5,9.8,48.0,35.1,Below Average,2.5,Contact-First Profile,A,Excellent HR swing plane,35.1,Below Average,0.958,Good,3.8,44.0,94.2,0.467,Derived proxy,Derived proxy,Derived proxy,Derived proxy,,,16.01,6.01,Strong positive regression,Below Average Contact-First Profile profile. 5.8% barrel rate; 82.9 mph average exit velocity; 25.8% air-ball rate; 41.6% pull-air rate; 7.4% HR-launch rate.,0.0435,0.0395,4.17,27,8,19.4,1.39,139.2,Above normal drought,669432,Trevor Rogers,L,RHB vs LHP,21,21,115.2,4.2,1.24,11,0.86,7.63,2.49,697,3.9,23.1,12.6,41.1,27.0,82.2,94.3,117.3,0.496,11,36.8,99.9,0.519,7.0,4-Seam Fastball,R,RHB vs LHP,32.9,86,0.319,0.453,0.478,0.932,2,17,12,0.0233,6.4,0.549,356,0.0281,4.6,0.529,3,3,1,1/3,0.333,0.333,0.333,0.666,0,0,0,36.9,Slight Pitcher Advantage,Below average,46.0,5,Pitch-level Statcast · last 5 MLB games,463,4-Seam Fastball,47.51619870410367,220,Changeup,20.950323974082075,97,Sweeper,16.630669546436284,77,Sinker,8.639308855291576,40,Cutter,6.263498920086393,29.0,,,,Unknown,,Unknown,,No,100.0,1.0,1.0,50.0,0.974,0.964,45.2,Current-Season Handedness Matchup,Pull Air %,Barrel %,Max Exit Velocity,32.9,27.8,36.8,38.9,50.0,45.0,38.9,4.15,0.904,0.962,1.025,1.0,0.958,0.958,1.035,15.49,8.12,74.6,29.8,F,Lineup unconfirmed,,,
96,2026-08-10,823918,2026-08-11T02:10:00Z,Scheduled,UNIQLO Field at Dodger Stadium,Kansas City Royals @ Los Angeles Dodgers,Home,605141,Mookie Betts,Los Angeles Dodgers,Kansas City Royals,SS,R,No,,81,342,315,72,11,0,13,44,36,25,1,40,0.229,0.287,0.387,0.674,12,46,44,10,0,0.227,0.0,22,87,81,16,2,0.198,0.023,446,112,4.1,26.7,45.0,26.9,28.1,20.7,37.2,47.4,32.5,6.9,4.5,6.9,61.7,85.0,20.0,0.474,67.7,95.7,108.9,9.1,13.4,2.3,58.1,30.8,Weak,2.0,Pull Power,A-,Elevated power plane,30.8,Weak,0.946,Good,2.7,55.3,95.4,0.448,Derived proxy,Derived proxy,Derived proxy,Derived proxy,,,19.99,6.99,Strong positive regression,Weak Pull Power profile. 4.1% barrel rate; 85.0 mph average exit velocity; 37.2% air-ball rate; 47.4% pull-air rate; 6.9% HR-launch rate.,0.038,0.0365,3.93,62,17,24.2,2.56,255.9,Very long drought,702070,Noah Cameron,L,RHB vs LHP,22,21,123.2,4.37,1.29,14,1.02,8.44,2.91,673,5.5,25.4,13.8,45.7,32.4,82.5,95.4,115.9,0.563,14,17.0,99.9,0.389,3.6,4-Seam Fastball,R,RHB vs LHP,28.7,111,0.19,0.261,0.29,0.551,2,10,8,0.018,4.8,0.525,399,0.0251,4.7,0.546,2,2,0,0/2,0.0,0.0,0.0,0.0,0,0,1,27.9,Strong Pitcher Advantage,Below average,45.0,5,Pitch-level Statcast · last 5 MLB games,490,Cutter,22.448979591836736,110,Changeup,21.632653061224488,106,4-Seam Fastball,18.979591836734695,93,Curveball,18.775510204081634,92,Slider,14.081632653061224,69.0,Sinker,4.081632653061225,20.0,Unknown,,Unknown,,No,100.0,1.0,1.0,50.0,0.934,0.98,43.5,Current-Season Handedness Matchup,Pull Air %,Barrel %,Max Exit Velocity,28.7,40.3,17.0,46.4,50.0,45.0,38.9,4.15,0.791,0.987,1.025,1.0,0.946,0.946,1.06,13.58,6.83,83.4,31.0,D,Lineup unconfirmed,,,
97,2026-08-10,825048,2026-08-11T01:40:00Z,Scheduled,Chase Field,Colorado Rockies @ Arizona Diamondbacks,Away,664983,Jake McCarthy,Colorado Rockies,Arizona Diamondbacks,LF,L,No,,103,399,369,113,25,7,13,57,67,18,4,68,0.306,0.342,0.518,0.86,11,51,50,18,3,0.36,0.0588,21,96,93,30,4,0.323,0.0417,528,131,3.2,20.0,49.2,30.5,20.1,13.1,30.7,49.4,34.8,4.4,3.7,4.4,84.7,78.9,13.8,0.521,66.9,92.9,110.8,10.5,12.8,3.8,47.8,28.8,Weak,2.0,Pull Power,A,Excellent HR swing plane,28.8,Weak,0.941,Good,3.1,55.6,94.3,0.544,Derived proxy,Derived proxy,Derived proxy,Derived proxy,,,17.9,4.9,Strong positive regression,Weak Pull Power profile. 3.2% barrel rate; 78.9 mph average exit velocity; 30.7% air-ball rate; 49.4% pull-air rate; 4.4% HR-launch rate.,0.0326,0.0324,4.15,5,1,28.4,0.18,17.6,Very recent HR,647336,Michael Soroka,R,LHB vs RHP,15,15,82.0,3.07,1.09,6,0.66,8.67,1.87,470,5.5,20.4,13.8,45.5,31.9,81.4,93.2,115.5,0.548,6,20.0,100.0,0.444,2.3,4-Seam Fastball,L,LHB vs RHP,29.6,297,0.297,0.333,0.498,0.832,9,16,50,0.0303,3.1,0.493,203,0.0197,4.8,0.604,2,2,0,0/2,0.0,0.0,0.0,0.0,0,0,0,29.3,Strong Pitcher Advantage,Below average,45.0,5,Pitch-level Statcast · last 5 MLB games,385,4-Seam Fastball,31.948051948051948,123,Slurve,31.68831168831169,122,Changeup,15.324675324675324,59,Cutter,9.61038961038961,37,Sinker,9.61038961038961,37.0,Sweeper,1.8181818181818181,7.0,Unknown,,Unknown,,No,100.0,1.0,1.0,50.0,0.94,0.98,44.6,Current-Season Handedness Matchup,Pull Air %,Barrel %,Max Exit Velocity,29.6,37.2,20.0,44.9,50.0,45.0,38.9,4.15,1.23,0.93,1.025,1.0,0.941,0.941,0.98,12.79,8.01,84.7,27.8,F,Lineup unconfirmed,,,
98,2026-08-10,823018,2026-08-10T23:45:00Z,Scheduled,Busch Stadium,Philadelphia Phillies @ St. Louis Cardinals,Away,592663,J.T. Realmuto,Philadelphia Phillies,St. Louis Cardinals,C,R,No,,87,329,293,66,14,0,8,36,38,24,9,68,0.225,0.301,0.355,0.656,9,37,34,7,1,0.206,0.027,20,76,68,21,1,0.309,0.0132,422,107,2.8,25.8,41.7,33.2,24.6,12.2,26.7,40.6,30.4,4.7,2.5,4.7,54.6,84.2,14.4,0.538,71.9,96.2,111.2,35.6,12.4,9.9,55.2,31.6,Weak,2.5,Contact-First Profile,A,Excellent HR swing plane,31.6,Weak,0.948,Good,1.9,48.0,96.6,0.585,Derived proxy,Derived proxy,Derived proxy,Derived proxy,,,13.49,5.49,Strong positive regression,Weak Contact-First Profile profile. 2.8% barrel rate; 84.2 mph average exit velocity; 26.7% air-ball rate; 40.6% pull-air rate; 4.7% HR-launch rate.,0.0243,0.0264,4.05,27,7,36.6,0.74,73.7,Recently homered,690928,Hunter Dobbins,R,RHB vs RHP,8,5,40.0,3.6,1.3,6,1.35,8.1,3.15,233,4.7,24.0,12.9,61.4,31.8,83.8,95.0,109.8,0.479,6,24.9,100.0,0.49,2.5,4-Seam Fastball,R,RHB vs RHP,35.3,250,0.223,0.296,0.371,0.667,7,18,56,0.028,4.2,0.542,78,0.0513,4.7,0.463,0,0,0,0/0,,,,,0,0,0,34.6,Slight Pitcher Advantage,Below average,50.0,5,Pitch-level Statcast · last 5 MLB games,443,4-Seam Fastball,31.151241534988714,138,Sweeper,17.381489841986458,77,Slider,16.478555304740407,73,Sinker,13.769751693002258,61,Split-Finger,12.415349887133182,55.0,Curveball,8.803611738148984,39.0,Unknown,,Unknown,,No,100.0,1.0,1.0,50.0,0.95,0.972,42.8,Current-Season Handedness Matchup,Pull Air %,Barrel %,Max Exit Velocity,35.3,36.8,24.9,43.4,50.0,45.0,38.8,4.14,0.915,1.023,0.985,1.0,0.948,0.948,1.0,10.26,6.04,81.6,21.2,F,Lineup unconfirmed,,,
99,2026-08-10,823018,2026-08-10T23:45:00Z,Scheduled,Busch Stadium,Philadelphia Phillies @ St. Louis Cardinals,Away,607208,Trea Turner,Philadelphia Phillies,St. Louis Cardinals,SS,R,No,,116,516,480,119,20,1,17,80,47,30,3,112,0.248,0.295,0.4,0.695,12,56,53,15,3,0.283,0.0536,23,106,98,29,7,0.296,0.066,675,146,4.4,26.3,37.2,31.4,31.4,12.8,25.9,39.6,31.4,5.9,3.9,5.9,74.5,82.9,16.5,0.515,70.2,95.0,110.1,19.6,11.1,5.7,60.0,30.0,Weak,2.0,Contact-First Profile,A,Excellent HR swing plane,30.0,Weak,0.944,Good,4.8,45.9,94.5,0.555,Derived proxy,Derived proxy,Derived proxy,Derived proxy,,,28.13,11.13,Strong positive regression,Weak Contact-First Profile profile. 4.4% barrel rate; 82.9 mph average exit velocity; 25.9% air-ball rate; 39.6% pull-air rate; 5.9% HR-launch rate.,0.0329,0.0328,4.05,6,1,28.2,0.21,21.2,Very recent HR,690928,Hunter Dobbins,R,RHB vs RHP,8,5,40.0,3.6,1.3,6,1.35,8.1,3.15,233,4.7,24.0,12.9,61.4,31.8,83.8,95.0,109.8,0.479,6,24.8,100.0,0.469,3.5,4-Seam Fastball,R,RHB vs RHP,36.8,349,0.264,0.295,0.439,0.735,14,15,82,0.0401,4.1,0.495,78,0.0513,4.7,0.463,0,0,0,0/0,,,,,0,0,0,35.2,Slight Pitcher Advantage,Below average,50.0,5,Pitch-level Statcast · last 5 MLB games,443,4-Seam Fastball,31.151241534988714,138,Sweeper,17.381489841986458,77,Slider,16.478555304740407,73,Sinker,13.769751693002258,61,Split-Finger,12.415349887133182,55.0,Curveball,8.803611738148984,39.0,Unknown,,Unknown,,No,100.0,1.0,1.0,50.0,0.95,0.972,42.6,Current-Season Handedness Matchup,Pull Air %,Barrel %,Max Exit Velocity,36.8,36.8,24.8,43.6,50.0,45.0,38.7,4.14,1.293,1.023,0.985,1.0,0.944,0.944,0.98,12.62,8.56,85.0,26.3,F,Lineup unconfirmed,,,
100,2026-08-10,822780,2026-08-10T23:07:00Z,Scheduled,Rogers Centre,Boston Red Sox @ Toronto Blue Jays,Home,678218,Brandon Valenzuela,Toronto Blue Jays,Boston Red Sox,C,S,No,,67,215,191,44,6,0,8,22,21,22,0,59,0.23,0.308,0.387,0.695,5,16,15,4,0,0.267,0.0,11,35,33,6,1,0.182,0.0286,296,49,3.8,21.3,48.6,29.5,21.9,10.5,23.2,50.4,27.9,5.4,3.6,5.4,64.8,80.4,20.9,0.569,70.3,92.3,110.2,16.4,11.3,5.5,52.0,30.6,Weak,2.0,Pull Power,A-,Elevated power plane,30.6,Weak,0.946,Good,4.1,50.0,92.2,0.576,Derived proxy,Derived proxy,Derived proxy,Derived proxy,,,11.59,3.59,Positive regression,Weak Pull Power profile. 3.8% barrel rate; 80.4 mph average exit velocity; 23.2% air-ball rate; 50.4% pull-air rate; 5.4% HR-launch rate.,0.0372,0.0353,3.99,25,9,23.9,1.05,104.7,Near normal interval,543243,Sonny Gray,R,Switch vs RHP,21,21,119.2,2.78,1.15,12,0.9,7.97,2.41,572,4.4,25.9,13.5,47.6,26.6,83.5,95.7,111.1,0.491,12,20.2,99.9,0.452,0.9,Sinker,L,LHB vs RHP,34.2,157,0.239,0.308,0.394,0.702,6,14,43,0.0382,3.9,0.581,314,0.0255,4.9,0.513,5,5,1,1/5,0.2,0.2,0.2,0.4,0,0,1,30.0,Strong Pitcher Advantage,Below average,37.5,5,Pitch-level Statcast · last 5 MLB games,437,Sinker,25.85812356979405,113,Sweeper,20.137299771167047,88,Curveball,16.704805491990847,73,Cutter,16.247139588100687,71,4-Seam Fastball,14.416475972540045,63.0,Changeup,6.636155606407323,29.0,Unknown,,Unknown,,No,100.0,1.0,1.0,50.0,0.94,0.969,45.9,Current-Season Handedness Matchup,Pull Air %,Barrel %,Max Exit Velocity,34.2,35.1,20.2,41.2,50.0,45.0,38.5,4.13,0.823,0.968,1.035,1.0,0.946,0.946,1.0,13.37,6.61,70.2,22.4,F,Lineup unconfirmed,,,
