Date,Game,Venue,Park Factor,Weather Factor,Temp F,Relative Humidity %,Wind MPH,Wind Direction,Wind Direction Deg,Precip %,Weather Conditions,Estimated Fly Ball Distance Change Ft,Expected HR Boost %,Ball Flight AI Score,Ball Flight Grade,Weather Confidence %,Team,Player,Opp Pitcher,BvP AVG,BvP Hits,BvP AB,Expected PA,Pitcher Weakness,Hits/G,Runs/G,RBI/G,Projected HRR,Hit Rate %,Recent 5 HRR Avg,Recent 5 HRR Scores,Recent 5 HRR Dates,Recent 10 HRR Avg,Recent 10 HRR Scores,Recent 10 HRR Dates,Recent 15 HRR Avg,Recent 15 HRR Scores,Recent 15 HRR Dates,MC Over 0.5 %,MC Over 1.5 %,MC Over 2.5 %,MC Over 3.5 %,MC Over 4.5 %,MC Over 5.5 %,MC Over 6.5 %,Bet Score,AI Score
2026-07-28,Toronto Blue Jays @ Washington Nationals,Nationals Park,1.0,1.005,78.2,86.0,9.7,NNW,347.0,41.0,Overcast,2.1,3.1,54.7,C,92.0,Washington Nationals,CJ Abrams,Shane Bieber,0.333,1,3,4.7,1.14,2.25,1.03,1.69,4.98,66.7,4.6,0|8|7|3|5,07/27|07/26|07/25|07/24|07/22,4.4,0|8|7|3|5|8|4|5|0|4,07/27|07/26|07/25|07/24|07/22|07/21|07/20|07/19|07/18|07/17,3.53,0|8|7|3|5|8|4|5|0|4|1|1|1|4|2,07/27|07/26|07/25|07/24|07/22|07/21|07/20|07/19|07/18|07/17|07/12|07/11|07/10|07/08|07/07,97.6,90.6,79.6,65.6,51.3,37.8,26.3,4.35,202.8
2026-07-28,Colorado Rockies @ San Diego Padres,Petco Park,0.965,1.004,77.9,70.0,7.0,WSW,253.0,0.0,Mainly clear,1.7,2.5,53.8,C,75.0,San Diego Padres,Fernando Tatis Jr.,Michael Lorenzen,0.2,1,5,5.0,1.2,1.55,1.13,1.33,3.98,46.7,1.4,0|1|0|2|4,07/26|07/25|07/24|07/23|07/22,3.1,0|1|0|2|4|8|0|9|3|4,07/26|07/25|07/24|07/23|07/22|07/21|07/20|07/19|07/18|07/17,2.6,0|1|0|2|4|8|0|9|3|4|0|1|1|1|5,07/26|07/25|07/24|07/23|07/22|07/21|07/20|07/19|07/18|07/17|07/12|07/11|07/10|07/09|07/08,96.0,85.0,69.5,52.3,36.3,23.9,14.9,3.25,155.6
2026-07-28,Colorado Rockies @ San Diego Padres,Petco Park,0.965,1.004,77.9,70.0,7.0,WSW,253.0,0.0,Mainly clear,1.7,2.5,53.8,C,75.0,San Diego Padres,Ty France,Michael Lorenzen,0.286,4,14,3.7,1.2,1.85,0.83,1.33,4.01,80.0,2.8,2|6|2|4|0,07/26|07/25|07/24|07/23|07/22,3.6,2|6|2|4|0|3|4|9|2|4,07/26|07/25|07/24|07/23|07/22|07/21|07/20|07/19|07/18|07/17,3.2,2|6|2|4|0|3|4|9|2|4|3|6|2|1|0,07/26|07/25|07/24|07/23|07/22|07/21|07/20|07/19|07/18|07/17|07/12|07/11|07/10|07/06|07/05,95.9,85.5,69.2,52.4,36.7,24.7,15.4,3.93,191.2
2026-07-28,Cleveland Guardians @ Cincinnati Reds,Great American Ball Park,1.045,1.007,81.9,80.0,9.1,NW,324.0,0.0,Mainly clear,3.0,4.3,56.6,C,92.0,Cincinnati Reds,Elly De La Cruz,Slade Cecconi,0.182,2,11,4.7,1.15,1.85,1.46,0.63,3.95,60.0,2.2,5|1|2|0|3,07/26|07/25|07/24|07/22|07/21,2.4,5|1|2|0|3|0|3|1|7|2,07/26|07/25|07/24|07/22|07/21|07/20|07/19|07/18|07/17|07/12,2.53,5|1|2|0|3|0|3|1|7|2|2|5|0|7|0,07/26|07/25|07/24|07/22|07/21|07/20|07/19|07/18|07/17|07/12|07/11|07/10|07/09|07/08|07/07,95.2,83.9,68.1,51.7,35.9,24.0,15.1,3.01,151.5
2026-07-28,Arizona Diamondbacks @ Pittsburgh Pirates,PNC Park,0.982,1.006,79.0,73.0,3.2,NW,309.0,10.0,Rain showers,2.6,3.7,55.6,C,92.0,Arizona Diamondbacks,Gabriel Moreno,Bubba Chandler,0.0,0,2,4.7,1.05,1.8,1.02,0.94,3.72,73.3,3.4,0|5|3|3|6,07/27|07/26|07/25|07/24|07/23,3.0,0|5|3|3|6|4|3|1|1|4,07/27|07/26|07/25|07/24|07/23|07/22|07/21|07/20|07/19|07/18,2.93,0|5|3|3|6|4|3|1|1|4|3|2|4|4|1,07/27|07/26|07/25|07/24|07/23|07/22|07/21|07/20|07/19|07/18|07/17|07/12|07/11|07/10|07/09,94.7,83.2,65.9,47.8,32.4,20.6,12.4,3.54,174.5
2026-07-28,Colorado Rockies @ San Diego Padres,Petco Park,0.965,1.004,77.9,70.0,7.0,WSW,253.0,0.0,Mainly clear,1.7,2.5,53.8,C,75.0,San Diego Padres,Jackson Merrill,Michael Lorenzen,0.0,0,0,4.6,1.2,1.71,1.04,1.03,3.76,53.3,2.8,4|5|1|0|4,07/26|07/25|07/24|07/23|07/22,2.8,4|5|1|0|4|4|0|10|0|0,07/26|07/25|07/24|07/23|07/22|07/21|07/20|07/19|07/18|07/17,2.67,4|5|1|0|4|4|0|10|0|0|0|4|3|0|5,07/26|07/25|07/24|07/23|07/22|07/21|07/20|07/19|07/18|07/17|07/12|07/11|07/10|07/09|07/08,95.3,82.3,65.5,48.7,32.9,21.6,13.3,3.25,157.1
2026-07-28,Houston Astros @ Los Angeles Angels,Angel Stadium,1.0,1.006,84.3,50.0,8.1,SW,233.0,0.0,Clear,2.7,4.0,56.0,C,75.0,Houston Astros,Jeremy Peña,Reid Detmers,0.571,4,7,4.4,0.92,1.63,1.14,0.78,3.56,66.7,4.2,0|6|5|4|6,07/27|07/26|07/25|07/24|07/22,3.7,0|6|5|4|6|4|6|1|4|1,07/27|07/26|07/25|07/24|07/22|07/21|07/20|07/18|07/17|07/12,3.33,0|6|5|4|6|4|6|1|4|1|2|1|2|7|1,07/27|07/26|07/25|07/24|07/22|07/21|07/20|07/18|07/17|07/12|07/11|07/10|06/28|06/27|06/26,94.8,81.3,63.6,45.6,29.5,18.2,10.6,4.02,188.4
2026-07-28,Arizona Diamondbacks @ Pittsburgh Pirates,PNC Park,0.982,1.006,79.0,73.0,3.2,NW,309.0,10.0,Rain showers,2.6,3.7,55.6,C,92.0,Pittsburgh Pirates,Esmerlyn Valdez,Brandon Pfaadt,0.0,0,0,4.4,1.07,1.06,0.9,1.55,3.53,60.0,1.4,0|6|1|0|0,07/27|07/26|07/25|07/24|07/22,2.1,0|6|1|0|0|0|4|4|2|4,07/27|07/26|07/25|07/24|07/22|07/22|07/20|07/19|07/18|07/18,2.87,0|6|1|0|0|0|4|4|2|4|4|4|11|3|0,07/27|07/26|07/25|07/24|07/22|07/22|07/20|07/19|07/18|07/18|07/12|07/11|07/11|07/09|07/08,94.3,80.3,62.6,44.8,29.3,18.4,11.0,3.72,175.3
2026-07-28,Toronto Blue Jays @ Washington Nationals,Nationals Park,1.0,1.005,78.2,86.0,9.7,NNW,347.0,41.0,Overcast,2.1,3.1,54.7,C,92.0,Washington Nationals,Brady House,Shane Bieber,0.0,0,0,4.8,1.14,1.34,0.96,1.06,3.38,40.0,3.2,5|2|1|7|1,07/26|05/18|05/17|05/16|05/15,2.4,5|2|1|7|1|0|0|5|1|2,07/26|05/18|05/17|05/16|05/15|05/14|05/13|05/12|05/10|05/09,2.33,5|2|1|7|1|0|0|5|1|2|1|1|7|1|1,07/26|05/18|05/17|05/16|05/15|05/14|05/13|05/12|05/10|05/09|05/08|05/07|05/06|05/03|05/02,94.0,79.7,61.1,41.8,26.6,15.8,9.1,2.9,139.4
2026-07-28,Toronto Blue Jays @ Washington Nationals,Nationals Park,1.0,1.005,78.2,86.0,9.7,NNW,347.0,41.0,Overcast,2.1,3.1,54.7,C,92.0,Washington Nationals,James Wood,Shane Bieber,0.0,0,0,3.8,1.14,1.36,1.14,0.91,3.42,60.0,2.2,1|7|1|1|1,07/27|07/26|07/25|07/24|07/22,2.4,1|7|1|1|1|5|3|0|0|5,07/27|07/26|07/25|07/24|07/22|07/21|07/20|07/19|07/18|07/17,3.0,1|7|1|1|1|5|3|0|0|5|3|5|6|2|5,07/27|07/26|07/25|07/24|07/22|07/21|07/20|07/19|07/18|07/17|07/12|07/11|07/10|07/08|07/07,93.7,79.7,60.9,42.7,27.5,16.6,9.7,3.7,174.4
2026-07-28,Chicago Cubs @ St. Louis Cardinals,Busch Stadium,0.995,1.01,93.9,41.0,9.8,NNE,17.0,3.0,Overcast,4.6,6.7,60.1,B,92.0,Chicago Cubs,Alex Bregman,Unknown,0.0,0,0,5.0,1.0,1.31,0.88,1.23,3.37,46.7,2.2,8|0|0|0|3,07/27|07/25|07/24|07/22|07/21,3.0,8|0|0|0|3|4|6|0|0|9,07/27|07/25|07/24|07/22|07/21|07/20|07/19|07/18|07/17|07/12,2.6,8|0|0|0|3|4|6|0|0|9|4|0|0|1|4,07/27|07/25|07/24|07/22|07/21|07/20|07/19|07/18|07/17|07/12|07/11|07/10|07/09|07/08|07/07,93.7,79.2,60.2,42.0,26.9,16.0,9.2,3.27,154.6
2026-07-28,Chicago Cubs @ St. Louis Cardinals,Busch Stadium,0.995,1.01,93.9,41.0,9.8,NNE,17.0,3.0,Overcast,4.6,6.7,60.1,B,92.0,St. Louis Cardinals,Alec Burleson,Colin Rea,0.0,0,11,5.0,1.15,2.01,0.91,0.5,3.43,60.0,2.8,0|5|5|0|4,07/27|07/26|07/25|07/24|07/23,2.6,0|5|5|0|4|0|3|0|6|3,07/27|07/26|07/25|07/24|07/23|07/22|07/21|07/20|07/19|07/18,2.27,0|5|5|0|4|0|3|0|6|3|3|2|0|0|3,07/27|07/26|07/25|07/24|07/23|07/22|07/21|07/20|07/19|07/18|07/17|07/12|07/11|07/10|07/09,93.5,78.8,60.2,42.2,27.3,17.4,10.4,2.61,136.0
2026-07-28,Boston Red Sox @ Athletics,Sutter Health Park,1.01,1.01,97.2,19.0,7.2,WSW,254.0,0.0,Clear,4.6,6.7,60.1,B,75.0,Boston Red Sox,Ceddanne Rafaela,Gage Jump,0.0,0,0,4.4,1.1,1.28,0.94,0.95,3.16,73.3,2.6,6|2|0|5|0,07/27|07/26|07/25|07/24|07/22,2.9,6|2|0|5|0|5|3|3|3|2,07/27|07/26|07/25|07/24|07/22|07/22|07/20|07/19|07/18|07/17,2.47,6|2|0|5|0|5|3|3|3|2|3|2|1|2|0,07/27|07/26|07/25|07/24|07/22|07/22|07/20|07/19|07/18|07/17|07/17|07/12|07/11|07/10|07/09,92.3,76.4,57.1,38.4,23.4,13.9,7.4,3.05,155.3
2026-07-28,Toronto Blue Jays @ Washington Nationals,Nationals Park,1.0,1.005,78.2,86.0,9.7,NNW,347.0,41.0,Overcast,2.1,3.1,54.7,C,92.0,Washington Nationals,Andrés Chaparro,Shane Bieber,0.0,0,0,5.0,1.14,1.0,0.8,1.4,3.16,33.3,1.2,3|0|2|1|0,07/27|07/26|07/25|07/24|07/21,2.8,3|0|2|1|0|5|0|16|0|1,07/27|07/26|07/25|07/24|07/21|07/20|07/19|07/17|07/12|07/10,2.13,3|0|2|1|0|5|0|16|0|1|0|0|0|4|0,07/27|07/26|07/25|07/24|07/21|07/20|07/19|07/17|07/12|07/10|07/07|07/05|07/04|07/01|06/30,92.5,76.1,57.1,37.9,23.8,14.0,7.7,2.76,131.1
2026-07-28,New York Yankees @ Chicago White Sox,Rate Field,1.0,1.0,,,,,,,Unavailable,0.0,0.0,50.0,C,40.0,New York Yankees,Ben Rice,Anthony Kay,0.5,1,2,4.4,1.05,1.37,0.73,1.05,3.15,60.0,1.8,4|5|0|0|0,07/27|07/26|07/25|07/24|07/22,2.0,4|5|0|0|0|5|2|1|1|2,07/27|07/26|07/25|07/24|07/22|07/22|07/20|07/19|07/19|07/17,2.6,4|5|0|0|0|5|2|1|1|2|3|2|3|10|1,07/27|07/26|07/25|07/24|07/22|07/22|07/20|07/19|07/19|07/17|07/12|07/11|07/10|07/09|07/08,93.2,76.7,56.4,37.3,23.1,13.5,7.5,3.21,156.4
2026-07-28,Arizona Diamondbacks @ Pittsburgh Pirates,PNC Park,0.982,1.006,79.0,73.0,3.2,NW,309.0,10.0,Rain showers,2.6,3.7,55.6,C,92.0,Pittsburgh Pirates,Brandon Lowe,Brandon Pfaadt,0.0,0,3,4.8,1.07,1.61,0.98,0.62,3.17,60.0,2.4,6|5|0|0|1,07/27|07/26|07/24|07/22|07/22,2.2,6|5|0|0|1|0|2|3|2|3,07/27|07/26|07/24|07/22|07/22|07/20|07/18|07/18|07/12|07/11,2.4,6|5|0|0|1|0|2|3|2|3|2|0|1|6|5,07/27|07/26|07/24|07/22|07/22|07/20|07/18|07/18|07/12|07/11|07/11|07/09|07/08|07/07|07/05,92.4,76.1,56.0,38.2,23.4,13.9,7.8,2.85,143.6
2026-07-28,Colorado Rockies @ San Diego Padres,Petco Park,0.965,1.004,77.9,70.0,7.0,WSW,253.0,0.0,Mainly clear,1.7,2.5,53.8,C,75.0,San Diego Padres,Manny Machado,Michael Lorenzen,0.0,0,1,3.7,1.2,1.45,0.76,0.91,3.12,73.3,3.0,6|2|4|3|0,07/26|07/25|07/24|07/23|07/22,2.7,6|2|4|3|0|6|4|2|0|0,07/26|07/25|07/24|07/23|07/22|07/21|07/20|07/19|07/18|07/17,2.73,6|2|4|3|0|6|4|2|0|0|5|3|2|4|0,07/26|07/25|07/24|07/23|07/22|07/21|07/20|07/19|07/18|07/17|07/12|07/11|07/10|07/09|07/07,92.1,75.8,55.5,37.6,23.1,13.5,7.4,3.33,164.9
2026-07-28,Atlanta Braves @ New York Mets,Citi Field,1.0,1.004,76.2,81.0,15.1,SSE,159.0,44.0,Partly cloudy,1.7,2.4,53.6,C,84.0,Atlanta Braves,Drake Baldwin,Christian Scott,0.0,0,2,4.7,0.86,1.56,0.71,0.85,3.12,60.0,2.0,1|2|1|3|3,07/27|07/26|07/25|07/24|07/23,2.7,1|2|1|3|3|4|0|0|10|3,07/27|07/26|07/25|07/24|07/23|07/22|07/21|07/20|07/19|07/18,2.93,1|2|1|3|3|4|0|0|10|3|10|2|1|0|4,07/27|07/26|07/25|07/24|07/23|07/22|07/21|07/20|07/19|07/18|07/17|07/12|07/11|07/10|07/09,92.5,75.9,55.4,36.9,23.1,13.4,7.4,3.53,167.3
2026-07-28,Boston Red Sox @ Athletics,Sutter Health Park,1.01,1.01,97.2,19.0,7.2,WSW,254.0,0.0,Clear,4.6,6.7,60.1,B,75.0,Boston Red Sox,Curtis Mead,Gage Jump,0.5,1,2,4.0,1.1,1.47,0.86,0.7,3.05,53.3,1.0,0|1|0|0|4,07/27|07/25|07/24|07/21|07/20,2.6,0|1|0|0|4|3|0|11|3|4,07/27|07/25|07/24|07/21|07/20|07/19|07/18|07/17|07/12|07/11,2.6,0|1|0|0|4|3|0|11|3|4|1|0|2|8|2,07/27|07/25|07/24|07/21|07/20|07/19|07/18|07/17|07/12|07/11|07/10|07/08|07/07|07/06|07/05,92.4,75.3,54.4,35.9,21.9,12.2,6.5,3.12,150.4
2026-07-28,Chicago Cubs @ St. Louis Cardinals,Busch Stadium,0.995,1.01,93.9,41.0,9.8,NNE,17.0,3.0,Overcast,4.6,6.7,60.1,B,92.0,Chicago Cubs,Seiya Suzuki,Unknown,0.0,0,0,3.7,1.0,1.1,0.84,1.04,3.02,93.3,2.6,2|4|3|1|3,07/27|07/26|07/25|07/24|07/22,2.8,2|4|3|1|3|3|4|3|3|2,07/27|07/26|07/25|07/24|07/22|07/21|07/20|07/19|07/18|07/17,3.07,2|4|3|1|3|3|4|3|3|2|2|3|2|6|5,07/27|07/26|07/25|07/24|07/22|07/21|07/20|07/19|07/18|07/17|07/12|07/11|07/10|07/09|07/08,92.0,74.6,54.0,35.4,21.4,12.1,6.3,3.86,190.1
2026-07-28,Cleveland Guardians @ Cincinnati Reds,Great American Ball Park,1.045,1.006,83.3,55.0,11.4,N,350.0,0.0,Clear,2.9,4.2,56.4,C,92.0,Cleveland Guardians,Brayan Rocchio,Unknown,0.0,0,0,4.7,1.0,1.34,0.6,1.03,2.97,66.7,1.4,0|0|3|0|4,07/26|07/25|07/24|07/23|07/22,1.7,0|0|3|0|4|3|4|1|2|0,07/26|07/25|07/24|07/23|07/22|07/21|07/20|07/19|07/18|07/18,2.33,0|0|3|0|4|3|4|1|2|0|6|2|2|3|5,07/26|07/25|07/24|07/23|07/22|07/21|07/20|07/19|07/18|07/18|07/12|07/11|07/10|07/09|07/08,92.1,74.5,53.4,34.0,20.4,11.0,5.8,2.87,146.1
2026-07-28,Boston Red Sox @ Athletics,Sutter Health Park,1.01,1.01,97.2,19.0,7.2,WSW,254.0,0.0,Clear,4.6,6.7,60.1,B,75.0,Boston Red Sox,Caleb Durbin,Gage Jump,0.0,0,0,4.7,1.1,1.46,0.92,0.64,3.02,53.3,0.8,1|3|0|0|0,07/27|07/26|07/25|07/24|07/22,1.8,1|3|0|0|0|6|3|3|0|2,07/27|07/26|07/25|07/24|07/22|07/22|07/20|07/19|07/18|07/17,2.2,1|3|0|0|0|6|3|3|0|2|6|0|4|1|4,07/27|07/26|07/25|07/24|07/22|07/22|07/20|07/19|07/18|07/17|07/17|07/12|07/11|07/10|07/09,91.3,74.7,53.4,35.0,21.4,12.3,6.9,2.63,133.1
2026-07-28,Texas Rangers @ Tampa Bay Rays,Tropicana Field,1.0,1.0,,,,,,,Roof / indoor neutral,0.0,0.0,50.0,Roof,95.0,Texas Rangers,Brandon Nimmo,Griffin Jax,0.0,0,1,4.7,0.95,1.56,0.7,0.7,2.99,60.0,2.0,2|2|1|3|2,07/27|07/26|07/25|07/24|07/22,2.4,2|2|1|3|2|8|0|0|5|1,07/27|07/26|07/25|07/24|07/22|07/21|07/20|07/19|07/18|07/17,2.53,2|2|1|3|2|8|0|0|5|1|5|0|4|5|0,07/27|07/26|07/25|07/24|07/22|07/21|07/20|07/19|07/18|07/17|07/12|07/11|07/10|07/09|07/08,91.8,74.2,53.3,34.6,21.0,11.7,6.1,3.01,148.6
2026-07-28,Texas Rangers @ Tampa Bay Rays,Tropicana Field,1.0,1.0,,,,,,,Roof / indoor neutral,0.0,0.0,50.0,Roof,95.0,Tampa Bay Rays,Chandler Simpson,Unknown,0.0,0,0,4.7,1.0,1.89,0.74,0.33,3.0,66.7,2.4,3|2|4|0|3,07/26|07/25|07/24|07/23|07/22,2.5,3|2|4|0|3|6|1|2|4|0,07/26|07/25|07/24|07/23|07/22|07/21|07/20|07/19|07/18|07/17,2.4,3|2|4|0|3|6|1|2|4|0|0|2|5|3|1,07/26|07/25|07/24|07/23|07/22|07/21|07/20|07/19|07/18|07/17|07/12|07/11|07/10|07/09|07/08,91.1,73.6,53.2,34.8,20.8,12.2,6.6,2.71,140.3
2026-07-28,Boston Red Sox @ Athletics,Sutter Health Park,1.01,1.01,97.2,19.0,7.2,WSW,254.0,0.0,Clear,4.6,6.7,60.1,B,75.0,Boston Red Sox,Andruw Monasterio,Gage Jump,0.0,0,0,5.0,1.1,1.65,0.68,0.59,2.92,60.0,1.8,1|3|1|2|2,07/27|07/26|07/25|07/24|07/22,2.2,1|3|1|2|2|2|4|2|5|0,07/27|07/26|07/25|07/24|07/22|07/19|07/18|07/12|07/11|07/09,2.0,1|3|1|2|2|2|4|2|5|0|0|4|2|1|1,07/27|07/26|07/25|07/24|07/22|07/19|07/18|07/12|07/11|07/09|07/08|07/07|07/04|07/03|07/01,90.8,72.5,51.8,33.2,20.0,11.3,6.3,2.34,124.6
2026-07-28,Colorado Rockies @ San Diego Padres,Petco Park,0.965,1.004,77.9,70.0,7.0,WSW,253.0,0.0,Mainly clear,1.7,2.5,53.8,C,75.0,San Diego Padres,Jake Cronenworth,Michael Lorenzen,0.0,0,3,4.4,1.2,1.45,0.9,0.54,2.9,60.0,2.8,5|4|0|2|3,07/26|07/25|07/24|07/23|07/22,2.1,5|4|0|2|3|1|0|2|1|3,07/26|07/25|07/24|07/23|07/22|07/21|07/20|07/18|07/17|07/12,2.13,5|4|0|2|3|1|0|2|1|3|4|0|0|2|5,07/26|07/25|07/24|07/23|07/22|07/21|07/20|07/18|07/17|07/12|07/11|07/10|07/09|07/08|07/07,91.1,72.8,51.6,33.4,19.4,11.0,5.7,2.53,131.4
2026-07-28,Philadelphia Phillies @ Miami Marlins,loanDepot park,0.978,1.0,,,,,,,Roof / indoor neutral,0.0,0.0,50.0,Roof,95.0,Miami Marlins,Griffin Conine,Aaron Nola,0.333,1,3,4.6,1.2,1.34,0.76,0.76,2.88,33.3,1.6,5|1|0|1|1,07/27|07/26|07/25|07/24|07/22,1.9,5|1|0|1|1|1|1|1|5|3,07/27|07/26|07/25|07/24|07/22|07/21|07/20|07/19|07/18|07/17,2.0,5|1|0|1|1|1|1|1|5|3|3|1|0|6|1,07/27|07/26|07/25|07/24|07/22|07/21|07/20|07/19|07/18|07/17|07/12|07/11|07/10|07/09|07/08,91.3,72.4,51.2,33.0,19.3,10.6,5.6,2.43,118.4
2026-07-28,Cleveland Guardians @ Cincinnati Reds,Great American Ball Park,1.045,1.006,83.3,55.0,11.4,N,350.0,0.0,Clear,2.9,4.2,56.4,C,92.0,Cincinnati Reds,Elly De La Cruz,Gavin Williams,0.667,2,3,4.7,0.89,1.34,1.06,0.46,2.85,60.0,2.2,5|1|2|0|3,07/26|07/25|07/24|07/22|07/21,2.4,5|1|2|0|3|0|3|1|7|2,07/26|07/25|07/24|07/22|07/21|07/20|07/19|07/18|07/17|07/12,2.53,5|1|2|0|3|0|3|1|7|2|2|5|0|7|0,07/26|07/25|07/24|07/22|07/21|07/20|07/19|07/18|07/17|07/12|07/11|07/10|07/09|07/08|07/07,90.5,71.7,50.9,32.6,18.8,10.0,5.3,3.01,147.9
2026-07-28,Colorado Rockies @ San Diego Padres,Petco Park,0.965,1.004,77.9,70.0,7.0,WSW,253.0,0.0,Mainly clear,1.7,2.5,53.8,C,75.0,San Diego Padres,Luis Rengifo,Michael Lorenzen,0.5,3,6,3.8,1.2,1.33,0.86,0.7,2.88,60.0,3.2,3|1|4|4|4,07/26|07/25|07/24|07/23|07/22,2.9,3|1|4|4|4|3|2|6|0|2,07/26|07/25|07/24|07/23|07/22|07/21|07/20|07/19|07/10|06/14,2.47,3|1|4|4|4|3|2|6|0|2|1|1|1|1|4,07/26|07/25|07/24|07/23|07/22|07/21|07/20|07/19|07/10|06/14|06/13|06/10|06/09|06/08|06/07,91.0,72.3,50.9,32.8,19.3,10.7,5.6,2.99,147.3
2026-07-28,Boston Red Sox @ Athletics,Sutter Health Park,1.01,1.01,97.2,19.0,7.2,WSW,254.0,0.0,Clear,4.6,6.7,60.1,B,75.0,Boston Red Sox,Willson Contreras,Gage Jump,0.0,0,0,3.7,1.1,1.08,0.87,0.94,2.85,60.0,1.0,1|1|0|1|2,07/27|07/26|07/25|07/24|07/22,2.2,1|1|0|1|2|3|6|5|0|3,07/27|07/26|07/25|07/24|07/22|07/22|07/20|07/19|07/18|07/17,2.67,1|1|0|1|2|3|6|5|0|3|0|5|5|5|3,07/27|07/26|07/25|07/24|07/22|07/22|07/20|07/19|07/18|07/17|07/08|07/07|07/05|07/04|07/03,90.9,72.7,50.8,31.9,18.6,10.3,5.3,3.34,159.7
2026-07-28,Milwaukee Brewers @ San Francisco Giants,Oracle Park,0.965,1.001,70.3,63.0,18.6,WNW,288.0,0.0,Clear,0.2,0.3,50.5,C,67.0,Milwaukee Brewers,Cooper Pratt,Landen Roupp,0.0,0,0,4.4,0.95,1.29,0.71,0.78,2.8,60.0,2.6,0|5|7|0|1,07/27|07/26|07/25|07/22|07/21,2.1,0|5|7|0|1|6|0|2|0|0,07/27|07/26|07/25|07/22|07/21|07/20|07/19|07/18|07/17|07/11,2.6,0|5|7|0|1|6|0|2|0|0|4|3|3|6|2,07/27|07/26|07/25|07/22|07/21|07/20|07/19|07/18|07/17|07/11|07/11|07/09|07/08|07/07|07/07,90.7,71.6,50.2,30.9,17.7,9.9,4.8,3.17,153.4
2026-07-28,Baltimore Orioles @ Detroit Tigers,Comerica Park,0.982,1.005,80.5,48.0,13.8,NNW,346.0,0.0,Mainly clear,2.4,3.4,55.2,C,92.0,Detroit Tigers,Dillon Dingler,Dean Kremer,0.2,1,5,4.7,1.09,1.42,0.71,0.71,2.82,46.7,2.0,2|4|0|0|4,07/27|07/26|07/25|07/24|07/23,2.8,2|4|0|0|4|1|5|10|0|2,07/27|07/26|07/25|07/24|07/23|07/22|07/21|07/20|07/19|07/18,2.13,2|4|0|0|4|1|5|10|0|2|1|0|1|2|0,07/27|07/26|07/25|07/24|07/23|07/22|07/21|07/20|07/19|07/18|07/17|07/12|07/11|07/08|07/07,90.7,71.7,49.6,31.9,18.6,9.6,5.0,2.56,127.5
2026-07-28,Cleveland Guardians @ Cincinnati Reds,Great American Ball Park,1.045,1.007,81.9,80.0,9.1,NW,324.0,0.0,Mainly clear,3.0,4.3,56.6,C,92.0,Cincinnati Reds,Sal Stewart,Slade Cecconi,0.0,0,0,3.7,1.15,1.06,0.54,1.16,2.76,53.3,2.8,3|1|4|5|1,07/26|07/25|07/24|07/22|07/21,2.4,3|1|4|5|1|0|5|0|3|2,07/26|07/25|07/24|07/22|07/21|07/20|07/19|07/18|07/17|07/12,2.4,3|1|4|5|1|0|5|0|3|2|1|3|0|7|1,07/26|07/25|07/24|07/22|07/21|07/20|07/19|07/18|07/17|07/12|07/11|07/10|07/09|07/08|07/07,90.1,70.7,49.4,30.2,17.4,9.2,4.8,3.04,146.3
2026-07-28,Cleveland Guardians @ Cincinnati Reds,Great American Ball Park,1.045,1.006,83.3,55.0,11.4,N,350.0,0.0,Clear,2.9,4.2,56.4,C,92.0,Cleveland Guardians,Chase DeLauter,Unknown,0.0,0,0,4.6,1.0,1.56,0.5,0.75,2.79,60.0,1.0,0|2|0|1|2,07/26|07/24|07/23|07/22|07/21,2.0,0|2|0|1|2|7|1|3|1|3,07/26|07/24|07/23|07/22|07/21|07/20|07/19|07/18|07/18|07/12,2.27,0|2|0|1|2|7|1|3|1|3|0|5|3|4|2,07/26|07/24|07/23|07/22|07/21|07/20|07/19|07/18|07/18|07/12|07/11|07/10|07/09|07/08|07/07,89.6,71.4,49.3,31.1,18.0,9.6,4.8,2.69,136.6
2026-07-28,New York Yankees @ Chicago White Sox,Rate Field,1.0,1.0,,,,,,,Unavailable,0.0,0.0,50.0,C,40.0,Chicago White Sox,Braden Montgomery,Gerrit Cole,0.0,0,3,4.8,0.93,1.17,0.62,0.94,2.75,53.3,2.4,2|0|1|5|4,07/27|07/26|07/25|07/24|07/22,2.5,2|0|1|5|4|0|2|3|1|7,07/27|07/26|07/25|07/24|07/22|07/21|07/20|07/19|07/18|07/17,2.33,2|0|1|5|4|0|2|3|1|7|7|0|2|1|0,07/27|07/26|07/25|07/24|07/22|07/21|07/20|07/19|07/18|07/17|07/12|07/11|07/10|07/09|07/08,90.2,70.8,48.5,30.3,17.3,9.4,4.6,2.89,141.0
2026-07-28,New York Yankees @ Chicago White Sox,Rate Field,1.0,1.0,,,,,,,Unavailable,0.0,0.0,50.0,C,40.0,Chicago White Sox,Andrew Benintendi,Gerrit Cole,0.222,4,18,5.0,0.93,0.88,0.7,1.14,2.7,60.0,1.4,0|2|0|1|4,07/27|07/26|07/25|07/24|07/22,1.6,0|2|0|1|4|0|4|3|0|2,07/27|07/26|07/25|07/24|07/22|07/21|07/20|07/19|07/18|07/17,2.07,0|2|0|1|4|0|4|3|0|2|2|8|2|0|3,07/27|07/26|07/25|07/24|07/22|07/21|07/20|07/19|07/18|07/17|07/12|07/10|07/09|07/07|07/05,90.2,69.7,47.6,28.9,16.4,8.8,4.3,2.66,135.0
2026-07-28,Houston Astros @ Los Angeles Angels,Angel Stadium,1.0,1.006,84.3,50.0,8.1,SW,233.0,0.0,Clear,2.7,4.0,56.0,C,75.0,Houston Astros,Isaac Paredes,Reid Detmers,0.25,3,12,4.6,0.92,1.37,0.48,0.81,2.68,60.0,2.0,0|0|5|1|4,07/27|07/26|07/25|07/24|07/22,2.3,0|0|5|1|4|6|2|2|1|2,07/27|07/26|07/25|07/24|07/22|07/21|07/20|07/19|07/18|07/17,2.2,0|0|5|1|4|6|2|2|1|2|3|4|0|2|1,07/27|07/26|07/25|07/24|07/22|07/21|07/20|07/19|07/18|07/17|07/12|07/11|07/10|07/08|07/07,89.2,68.9,46.9,28.8,16.5,8.8,4.5,2.65,134.4
2026-07-28,Philadelphia Phillies @ Miami Marlins,loanDepot park,0.978,1.0,,,,,,,Roof / indoor neutral,0.0,0.0,50.0,Roof,95.0,Philadelphia Phillies,Alec Bohm,Sandy Alcantara,0.667,2,3,5.0,0.99,1.2,0.51,0.93,2.64,46.7,3.4,4|7|0|0|6,07/27|07/26|07/25|07/24|07/22,2.8,4|7|0|0|6|4|0|4|3|0,07/27|07/26|07/25|07/24|07/22|07/21|07/20|07/19|07/18|07/16,2.07,4|7|0|0|6|4|0|4|3|0|2|0|0|0|1,07/27|07/26|07/25|07/24|07/22|07/21|07/20|07/19|07/18|07/16|07/12|07/11|07/10|07/09|07/08,89.8,68.6,46.6,28.4,15.8,7.9,3.9,2.55,126.2
2026-07-28,Arizona Diamondbacks @ Pittsburgh Pirates,PNC Park,0.982,1.006,79.0,73.0,3.2,NW,309.0,10.0,Rain showers,2.6,3.7,55.6,C,92.0,Pittsburgh Pirates,Endy Rodríguez,Brandon Pfaadt,0.0,0,0,4.6,1.07,1.28,0.51,0.85,2.65,46.7,1.2,1|1|0|3|1,07/27|07/05|07/03|07/02|06/30,2.3,1|1|0|3|1|7|2|0|6|2,07/27|07/05|07/03|07/02|06/30|06/29|06/27|06/26|06/24|06/23,2.07,1|1|0|3|1|7|2|0|6|2|1|0|0|2|5,07/27|07/05|07/03|07/02|06/30|06/29|06/27|06/26|06/24|06/23|06/21|06/20|06/19|06/16|06/15,89.6,69.1,46.5,28.3,16.0,8.1,3.9,2.52,125.3
2026-07-28,Chicago Cubs @ St. Louis Cardinals,Busch Stadium,0.995,1.01,93.9,41.0,9.8,NNE,17.0,3.0,Overcast,4.6,6.7,60.1,B,92.0,Chicago Cubs,Michael Busch,Unknown,0.0,0,0,4.0,1.0,1.4,0.7,0.56,2.64,66.7,1.8,0|3|5|0|1,07/27|07/26|07/25|07/24|07/22,2.7,0|3|5|0|1|3|3|6|4|2,07/27|07/26|07/25|07/24|07/22|07/21|07/20|07/19|07/18|07/17,2.53,0|3|5|0|1|3|3|6|4|2|4|4|0|1|2,07/27|07/26|07/25|07/24|07/22|07/21|07/20|07/19|07/18|07/17|07/12|07/11|07/10|07/09|07/08,88.9,69.0,46.0,28.4,15.4,8.1,4.2,3.0,149.0
2026-07-28,Cleveland Guardians @ Cincinnati Reds,Great American Ball Park,1.045,1.007,81.9,80.0,9.1,NW,324.0,0.0,Mainly clear,3.0,4.3,56.6,C,92.0,Cincinnati Reds,Jose Trevino,Slade Cecconi,0.5,1,2,4.0,1.15,1.31,0.58,0.67,2.6,33.3,1.6,0|1|7|0|0,07/26|07/21|07/18|07/11|07/08,2.6,0|1|7|0|0|5|7|0|5|1,07/26|07/21|07/18|07/11|07/08|07/04|07/02|06/30|06/27|06/24,2.07,0|1|7|0|0|5|7|0|5|1|1|1|2|1|0,07/26|07/21|07/18|07/11|07/08|07/04|07/02|06/30|06/27|06/24|06/23|06/20|06/17|06/14|05/16,89.0,68.0,45.8,26.9,15.1,7.8,4.0,2.47,118.5
2026-07-28,New York Yankees @ Chicago White Sox,Rate Field,1.0,1.0,,,,,,,Unavailable,0.0,0.0,50.0,C,40.0,Chicago White Sox,Chase Meidroth,Gerrit Cole,0.0,0,2,4.7,0.93,1.3,0.61,0.69,2.59,53.3,3.0,2|4|0|3|6,07/27|07/26|07/25|07/24|07/22,2.3,2|4|0|3|6|0|2|1|5|0,07/27|07/26|07/25|07/24|07/22|07/21|07/20|07/18|07/17|07/12,2.27,2|4|0|3|6|0|2|1|5|0|3|5|1|1|1,07/27|07/26|07/25|07/24|07/22|07/21|07/20|07/18|07/17|07/12|07/11|07/10|07/09|07/08|07/07,89.2,68.1,45.7,26.9,14.7,7.6,3.7,2.73,134.6
2026-07-28,Seattle Mariners @ Los Angeles Dodgers,UNIQLO Field at Dodger Stadium,1.0,1.0,,,,,,,Unavailable,0.0,0.0,50.0,C,40.0,Los Angeles Dodgers,Andy Pages,Luis Castillo,0.0,0,0,4.7,1.12,1.19,0.83,0.55,2.59,53.3,2.0,1|4|1|2|2,07/26|07/25|07/24|07/22|07/21,1.6,1|4|1|2|2|2|0|2|1|1,07/26|07/25|07/24|07/22|07/21|07/20|07/19|07/19|07/17|07/12,1.87,1|4|1|2|2|2|0|2|1|1|4|5|0|2|1,07/26|07/25|07/24|07/22|07/21|07/20|07/19|07/19|07/17|07/12|07/11|07/10|07/08|07/07|07/06,88.9,68.3,45.4,27.1,14.8,7.3,3.6,2.25,117.9
2026-07-28,New York Yankees @ Chicago White Sox,Rate Field,1.0,1.0,,,,,,,Unavailable,0.0,0.0,50.0,C,40.0,New York Yankees,Jazz Chisholm Jr.,Anthony Kay,0.0,0,3,4.0,1.05,0.95,0.73,0.88,2.59,46.7,3.2,6|0|1|0|9,07/27|07/25|07/22|07/22|07/20,2.6,6|0|1|0|9|3|2|1|4|0,07/27|07/25|07/22|07/22|07/20|07/19|07/19|07/17|07/12|07/11,2.33,6|0|1|0|9|3|2|1|4|0|4|1|2|1|1,07/27|07/25|07/22|07/22|07/20|07/19|07/19|07/17|07/12|07/11|07/10|07/09|07/07|07/06|07/05,88.7,68.2,45.4,27.4,14.9,7.5,3.7,2.93,139.4
2026-07-28,Cleveland Guardians @ Cincinnati Reds,Great American Ball Park,1.045,1.007,81.9,80.0,9.1,NW,324.0,0.0,Mainly clear,3.0,4.3,56.6,C,92.0,Cincinnati Reds,Eugenio Suárez,Slade Cecconi,0.0,0,0,4.6,1.15,1.04,0.77,0.77,2.58,46.7,1.6,0|0|5|3|0,07/26|07/25|07/24|07/21|07/20,2.2,0|0|5|3|0|2|0|4|4|4,07/26|07/25|07/24|07/21|07/20|07/19|07/18|07/17|07/12|07/11,1.8,0|0|5|3|0|2|0|4|4|4|1|0|0|3|1,07/26|07/25|07/24|07/21|07/20|07/19|07/18|07/17|07/12|07/11|07/10|07/09|07/08|07/07|07/05,89.0,67.8,45.1,27.0,14.9,7.5,3.5,2.23,114.7
2026-07-28,Texas Rangers @ Tampa Bay Rays,Tropicana Field,1.0,1.0,,,,,,,Roof / indoor neutral,0.0,0.0,50.0,Roof,95.0,Texas Rangers,Wyatt Langford,Griffin Jax,0.0,0,1,3.7,0.95,1.23,0.74,0.55,2.56,60.0,2.0,0|1|6|3|0,07/27|07/26|07/25|07/24|07/22,2.8,0|1|6|3|0|6|1|7|4|0,07/27|07/26|07/25|07/24|07/22|07/21|07/20|07/19|07/18|07/17,2.73,0|1|6|3|0|6|1|7|4|0|2|1|4|2|4,07/27|07/26|07/25|07/24|07/22|07/21|07/20|07/19|07/18|07/17|07/12|07/11|07/10|07/09|06/26,89.2,67.8,44.7,26.9,14.5,7.1,3.1,3.27,155.8
2026-07-28,Seattle Mariners @ Los Angeles Dodgers,UNIQLO Field at Dodger Stadium,1.0,1.0,,,,,,,Unavailable,0.0,0.0,50.0,C,40.0,Los Angeles Dodgers,Tommy Edman,Luis Castillo,0.667,4,6,3.7,1.12,1.16,0.8,0.58,2.53,60.0,2.0,3|0|0|7|0,07/26|07/25|07/24|07/22|07/21,2.5,3|0|0|7|0|1|3|7|1|3,07/26|07/25|07/24|07/22|07/21|07/20|07/19|07/19|07/17|07/12,2.33,3|0|0|7|0|1|3|7|1|3|2|2|4|2|0,07/26|07/25|07/24|07/22|07/21|07/20|07/19|07/19|07/17|07/12|07/11|07/10|07/08|07/07|07/06,88.4,67.2,44.2,26.0,14.3,7.0,3.2,2.82,139.9
2026-07-28,Cleveland Guardians @ Cincinnati Reds,Great American Ball Park,1.045,1.007,81.9,80.0,9.1,NW,324.0,0.0,Mainly clear,3.0,4.3,56.6,C,92.0,Cleveland Guardians,Brayan Rocchio,Chase Burns,0.0,0,0,4.7,0.85,1.14,0.51,0.87,2.54,66.7,1.4,0|0|3|0|4,07/26|07/25|07/24|07/23|07/22,1.7,0|0|3|0|4|3|4|1|2|0,07/26|07/25|07/24|07/23|07/22|07/21|07/20|07/19|07/18|07/18,2.33,0|0|3|0|4|3|4|1|2|0|6|2|2|3|5,07/26|07/25|07/24|07/23|07/22|07/21|07/20|07/19|07/18|07/18|07/12|07/11|07/10|07/09|07/08,88.4,67.2,44.1,26.3,14.5,7.5,3.4,2.87,144.0
2026-07-28,Cleveland Guardians @ Cincinnati Reds,Great American Ball Park,1.045,1.007,81.9,80.0,9.1,NW,324.0,0.0,Mainly clear,3.0,4.3,56.6,C,92.0,Cincinnati Reds,JJ Bleday,Slade Cecconi,0.0,0,3,4.2,1.15,1.12,0.79,0.62,2.53,53.3,1.2,0|1|2|3|0,07/26|07/25|07/24|07/22|07/21,1.4,0|1|2|3|0|0|2|1|2|3,07/26|07/25|07/24|07/22|07/21|07/20|07/19|07/18|07/17|07/12,1.93,0|1|2|3|0|0|2|1|2|3|3|4|1|6|1,07/26|07/25|07/24|07/22|07/21|07/20|07/19|07/18|07/17|07/12|07/11|07/10|07/09|07/08|07/07,88.4,67.8,43.7,25.7,14.2,7.2,3.3,2.35,121.2
2026-07-28,Kansas City Royals @ Minnesota Twins,Target Field,0.988,1.009,91.6,32.0,7.2,NNW,346.0,1.0,Clear,4.2,6.1,59.3,B,92.0,Minnesota Twins,Ryan Jeffers,Seth Lugo,0.333,2,6,3.7,1.08,1.05,0.56,0.84,2.49,53.3,2.4,6|1|2|3|0,07/26|07/24|07/23|07/21|07/19,2.4,6|1|2|3|0|1|5|3|1|2,07/26|07/24|07/23|07/21|07/19|07/18|07/17|07/12|07/10|05/18,2.33,6|1|2|3|0|1|5|3|1|2|5|1|0|1|4,07/26|07/24|07/23|07/21|07/19|07/18|07/17|07/12|07/10|05/18|05/17|05/16|05/15|05/14|05/12,88.2,67.0,43.4,25.2,13.2,6.8,3.0,2.89,139.9
2026-07-28,Baltimore Orioles @ Detroit Tigers,Comerica Park,0.982,1.005,80.5,48.0,13.8,NNW,346.0,0.0,Mainly clear,2.4,3.4,55.2,C,92.0,Detroit Tigers,Hao-Yu Lee,Dean Kremer,0.0,0,0,4.2,1.09,1.19,0.47,0.79,2.46,66.7,3.0,3|2|5|3|2,07/27|07/26|07/25|07/24|07/23,2.8,3|2|5|3|2|5|2|2|1|3,07/27|07/26|07/25|07/24|07/23|07/22|07/21|07/20|07/19|07/17,2.07,3|2|5|3|2|5|2|2|1|3|2|1|0|0|0,07/27|07/26|07/25|07/24|07/23|07/22|07/21|07/20|07/19|07/17|07/11|07/09|07/08|07/07|07/05,88.2,65.4,42.9,24.6,13.3,6.8,2.9,2.52,131.2
2026-07-28,Texas Rangers @ Tampa Bay Rays,Tropicana Field,1.0,1.0,,,,,,,Roof / indoor neutral,0.0,0.0,50.0,Roof,95.0,Texas Rangers,Ezequiel Duran,Griffin Jax,0.0,0,2,4.0,0.95,1.0,0.73,0.73,2.44,60.0,3.2,4|4|5|2|1,07/27|07/26|07/25|07/24|07/22,2.4,4|4|5|2|1|4|2|0|2|0,07/27|07/26|07/25|07/24|07/22|07/21|07/20|07/19|07/18|07/17,2.47,4|4|5|2|1|4|2|0|2|0|1|7|1|4|0,07/27|07/26|07/25|07/24|07/22|07/21|07/20|07/19|07/18|07/17|07/12|07/11|07/10|07/09|07/08,87.8,65.2,42.5,24.6,13.1,6.1,2.8,3.05,147.3
2026-07-28,Philadelphia Phillies @ Miami Marlins,loanDepot park,0.978,1.0,,,,,,,Roof / indoor neutral,0.0,0.0,50.0,Roof,95.0,Miami Marlins,Heriberto Hernández,Aaron Nola,0.0,0,0,4.4,1.2,1.46,0.45,0.54,2.46,53.3,2.6,7|0|0|4|2,07/27|07/26|07/25|07/24|07/22,2.0,7|0|0|4|2|2|2|2|0|1,07/27|07/26|07/25|07/24|07/22|07/21|07/20|07/19|07/18|07/17,1.8,7|0|0|4|2|2|2|2|0|1|2|1|3|0|1,07/27|07/26|07/25|07/24|07/22|07/21|07/20|07/19|07/18|07/17|07/12|07/11|07/10|07/09|07/08,87.2,64.3,42.3,25.1,13.5,7.0,3.4,2.1,111.4
2026-07-28,Arizona Diamondbacks @ Pittsburgh Pirates,PNC Park,0.982,1.006,79.0,73.0,3.2,NW,309.0,10.0,Rain showers,2.6,3.7,55.6,C,92.0,Arizona Diamondbacks,Tim Tawa,Bubba Chandler,0.0,0,0,3.7,1.05,1.15,0.47,0.81,2.43,53.3,1.8,0|0|3|3|3,07/27|07/26|07/25|07/24|07/23,1.5,0|0|3|3|3|5|1|0|0|0,07/27|07/26|07/25|07/24|07/23|07/22|07/21|07/20|07/19|07/18,2.4,0|0|3|3|3|5|1|0|0|0|4|3|6|8|0,07/27|07/26|07/25|07/24|07/23|07/22|07/21|07/20|07/19|07/18|07/17|07/12|07/11|07/10|07/09,87.5,64.5,42.1,24.1,12.6,6.5,3.1,2.94,140.9
2026-07-28,New York Yankees @ Chicago White Sox,Rate Field,1.0,1.0,,,,,,,Unavailable,0.0,0.0,50.0,C,40.0,Chicago White Sox,Colson Montgomery,Gerrit Cole,0.0,0,2,4.6,0.93,1.05,0.6,0.75,2.39,53.3,1.8,6|2|1|0|0,07/27|07/25|07/24|07/22|07/20,2.3,6|2|1|0|0|4|0|7|2|1,07/27|07/25|07/24|07/22|07/20|07/19|07/18|07/17|07/12|07/11,2.13,6|2|1|0|0|4|0|7|2|1|2|2|0|0|5,07/27|07/25|07/24|07/22|07/20|07/19|07/18|07/17|07/12|07/11|07/10|07/09|07/08|07/07|07/05,86.8,64.0,41.3,24.0,12.2,6.0,2.6,2.63,129.9
2026-07-28,Seattle Mariners @ Los Angeles Dodgers,UNIQLO Field at Dodger Stadium,1.0,1.0,,,,,,,Unavailable,0.0,0.0,50.0,C,40.0,Seattle Mariners,Dominic Canzone,Unknown,0.0,0,0,4.4,1.0,1.08,0.38,0.92,2.39,33.3,2.6,1|8|0|3|1,07/27|07/26|07/25|07/24|07/22,1.7,1|8|0|3|1|0|2|1|0|1,07/27|07/26|07/25|07/24|07/22|07/21|07/20|07/18|07/17|07/11,2.07,1|8|0|3|1|0|2|1|0|1|1|5|1|0|7,07/27|07/26|07/25|07/24|07/22|07/21|07/20|07/18|07/17|07/11|07/10|07/09|07/08|07/07|07/04,86.7,64.2,41.1,23.5,12.3,5.9,2.8,2.57,120.9
2026-07-28,Cleveland Guardians @ Cincinnati Reds,Great American Ball Park,1.045,1.006,83.3,55.0,11.4,N,350.0,0.0,Clear,2.9,4.2,56.4,C,92.0,Cleveland Guardians,José Ramírez,Unknown,0.0,0,0,4.0,1.0,1.14,0.8,0.44,2.39,53.3,1.6,0|1|0|5|2,07/26|07/25|07/23|07/22|06/13,1.4,0|1|0|5|2|0|1|3|2|0,07/26|07/25|07/23|07/22|06/13|06/12|06/10|06/09|06/08|06/07,2.2,0|1|0|5|2|0|1|3|2|0|4|0|2|7|6,07/26|07/25|07/23|07/22|06/13|06/12|06/10|06/09|06/08|06/07|06/06|06/05|06/04|06/03|06/02,86.8,64.1,41.1,23.8,12.5,6.0,2.5,2.62,129.6
2026-07-28,Philadelphia Phillies @ Miami Marlins,loanDepot park,0.978,1.0,,,,,,,Roof / indoor neutral,0.0,0.0,50.0,Roof,95.0,Philadelphia Phillies,Bryson Stott,Sandy Alcantara,0.235,4,17,4.4,0.99,1.3,0.57,0.57,2.42,40.0,2.8,4|9|0|0|1,07/27|07/26|07/25|07/24|07/22,2.2,4|9|0|0|1|1|4|1|2|0,07/27|07/26|07/25|07/24|07/22|07/21|07/20|07/19|07/18|07/16,2.0,4|9|0|0|1|1|4|1|2|0|3|3|0|1|1,07/27|07/26|07/25|07/24|07/22|07/21|07/20|07/19|07/18|07/16|07/12|07/11|07/10|07/09|07/08,87.7,65.3,41.1,23.8,12.4,6.2,2.8,2.37,116.5
2026-07-28,Milwaukee Brewers @ San Francisco Giants,Oracle Park,0.965,1.001,70.3,63.0,18.6,WNW,288.0,0.0,Clear,0.2,0.3,50.5,C,67.0,Milwaukee Brewers,Brice Turang,Landen Roupp,0.0,0,4,4.7,0.95,1.07,0.61,0.68,2.38,53.3,2.0,0|2|2|5|1,07/27|07/26|07/25|07/24|07/22,1.8,0|2|2|5|1|0|3|1|0|4,07/27|07/26|07/25|07/24|07/22|07/21|07/20|07/19|07/17|07/12,2.07,0|2|2|5|1|0|3|1|0|4|3|0|6|4|0,07/27|07/26|07/25|07/24|07/22|07/21|07/20|07/19|07/17|07/12|07/11|07/11|07/09|07/07|07/07,87.4,64.3,41.0,23.3,11.9,5.7,2.6,2.53,126.5
2026-07-28,Cleveland Guardians @ Cincinnati Reds,Great American Ball Park,1.045,1.006,83.3,55.0,11.4,N,350.0,0.0,Clear,2.9,4.2,56.4,C,92.0,Cleveland Guardians,Austin Hedges,Unknown,0.0,0,0,4.8,1.0,1.11,0.61,0.7,2.38,60.0,1.4,0|0|5|2|0,07/26|07/25|07/24|07/21|07/18,1.7,0|0|5|2|0|2|2|0|4|2,07/26|07/25|07/24|07/21|07/18|07/10|07/08|07/05|07/04|07/03,1.87,0|0|5|2|0|2|2|0|4|2|6|2|1|0|2,07/26|07/25|07/24|07/21|07/18|07/10|07/08|07/05|07/04|07/03|07/01|06/29|06/28|06/26|06/23,87.1,64.2,40.9,23.2,12.2,6.1,2.8,2.27,119.7
2026-07-28,Cleveland Guardians @ Cincinnati Reds,Great American Ball Park,1.045,1.007,81.9,80.0,9.1,NW,324.0,0.0,Mainly clear,3.0,4.3,56.6,C,92.0,Cleveland Guardians,Chase DeLauter,Chase Burns,0.0,0,0,4.6,0.85,1.33,0.43,0.64,2.4,60.0,1.0,0|2|0|1|2,07/26|07/24|07/23|07/22|07/21,2.0,0|2|0|1|2|7|1|3|1|3,07/26|07/24|07/23|07/22|07/21|07/20|07/19|07/18|07/18|07/12,2.27,0|2|0|1|2|7|1|3|1|3|0|5|3|4|2,07/26|07/24|07/23|07/22|07/21|07/20|07/19|07/18|07/18|07/12|07/11|07/10|07/09|07/08|07/07,87.2,63.6,40.8,23.5,12.5,6.3,3.1,2.69,134.2
2026-07-28,Chicago Cubs @ St. Louis Cardinals,Busch Stadium,0.995,1.01,93.9,41.0,9.8,NNE,17.0,3.0,Overcast,4.6,6.7,60.1,B,92.0,Chicago Cubs,Pete Crow-Armstrong,Unknown,0.0,0,0,3.7,1.0,0.91,0.84,0.65,2.37,53.3,3.2,0|2|10|4|0,07/27|07/26|07/25|07/24|07/22,2.4,0|2|10|4|0|5|0|2|0|1,07/27|07/26|07/25|07/24|07/22|07/21|07/20|07/19|07/18|07/17,2.47,0|2|10|4|0|5|0|2|0|1|4|0|0|2|7,07/27|07/26|07/25|07/24|07/22|07/21|07/20|07/19|07/18|07/17|07/12|07/11|07/10|07/09|07/08,87.1,64.3,40.6,23.1,12.1,5.6,2.4,3.06,145.0
2026-07-28,Philadelphia Phillies @ Miami Marlins,loanDepot park,0.978,1.0,,,,,,,Roof / indoor neutral,0.0,0.0,50.0,Roof,95.0,Miami Marlins,Otto Lopez,Aaron Nola,0.556,5,9,3.7,1.2,1.23,0.53,0.61,2.36,46.7,2.0,6|0|2|1|1,07/27|07/26|07/25|07/24|07/22,1.5,6|0|2|1|1|1|2|2|0|0,07/27|07/26|07/25|07/24|07/22|07/21|07/18|07/17|07/12|07/11,2.07,6|0|2|1|1|1|2|2|0|0|0|4|3|1|8,07/27|07/26|07/25|07/24|07/22|07/21|07/18|07/17|07/12|07/11|07/10|07/09|07/08|07/07|07/05,86.9,63.7,40.5,23.1,11.7,5.5,2.6,2.47,121.9
2026-07-28,Arizona Diamondbacks @ Pittsburgh Pirates,PNC Park,0.982,1.006,79.0,73.0,3.2,NW,309.0,10.0,Rain showers,2.6,3.7,55.6,C,92.0,Pittsburgh Pirates,Nick Gonzales,Brandon Pfaadt,0.0,0,3,3.7,1.07,1.31,0.62,0.41,2.38,66.7,1.8,2|2|1|2|2,07/27|07/26|07/25|07/24|07/22,2.7,2|2|1|2|2|6|2|4|2|4,07/27|07/26|07/25|07/24|07/22|07/22|07/20|07/19|07/18|07/18,2.27,2|2|1|2|2|6|2|4|2|4|5|0|1|1|0,07/27|07/26|07/25|07/24|07/22|07/22|07/20|07/19|07/18|07/18|07/12|07/11|07/11|07/09|07/08,86.9,63.2,40.2,23.2,12.4,6.6,3.2,2.65,135.1
2026-07-28,Texas Rangers @ Tampa Bay Rays,Tropicana Field,1.0,1.0,,,,,,,Roof / indoor neutral,0.0,0.0,50.0,Roof,95.0,Tampa Bay Rays,Nick Fortes,Unknown,0.0,0,0,3.8,1.0,1.13,0.53,0.66,2.33,46.7,4.6,1|7|1|9|5,07/26|07/24|07/22|07/21|07/20,2.8,1|7|1|9|5|2|0|0|1|2,07/26|07/24|07/22|07/21|07/20|07/18|07/17|07/17|07/11|07/09,2.33,1|7|1|9|5|2|0|0|1|2|2|0|0|5|0,07/26|07/24|07/22|07/21|07/20|07/18|07/17|07/17|07/11|07/09|07/08|07/06|07/05|07/03|07/02,86.1,62.7,40.1,22.8,12.1,5.5,2.3,2.83,134.2
2026-07-28,Atlanta Braves @ New York Mets,Citi Field,1.0,1.004,76.2,81.0,15.1,SSE,159.0,44.0,Partly cloudy,1.7,2.4,53.6,C,84.0,New York Mets,Francisco Lindor,Chris Sale,0.364,4,11,4.0,0.85,1.07,0.4,0.87,2.31,46.7,2.8,11|2|0|0|1,07/27|07/26|07/25|07/24|07/22,2.7,11|2|0|0|1|4|2|7|0|0,07/27|07/26|07/25|07/24|07/22|07/21|07/20|07/19|07/18|07/16,2.33,11|2|0|0|1|4|2|7|0|0|5|0|1|0|2,07/27|07/26|07/25|07/24|07/22|07/21|07/20|07/19|07/18|07/16|07/12|07/11|07/10|07/09|07/08,86.4,63.0,40.0,21.9,11.3,5.1,2.3,2.89,136.4
2026-07-28,Seattle Mariners @ Los Angeles Dodgers,UNIQLO Field at Dodger Stadium,1.0,1.0,,,,,,,Unavailable,0.0,0.0,50.0,C,40.0,Seattle Mariners,Cole Young,Unknown,0.0,0,0,4.7,1.0,1.15,0.66,0.49,2.31,46.7,1.6,1|4|0|3|0,07/27|07/26|07/25|07/24|07/22,2.1,1|4|0|3|0|0|0|7|6|0,07/27|07/26|07/25|07/24|07/22|07/21|07/20|07/19|07/18|07/17,1.87,1|4|0|3|0|0|0|7|6|0|2|2|3|0|0,07/27|07/26|07/25|07/24|07/22|07/21|07/20|07/19|07/18|07/17|07/12|07/11|07/10|07/09|07/08,86.4,63.0,39.5,21.7,11.1,5.2,2.4,2.23,113.3
2026-07-28,Colorado Rockies @ San Diego Padres,Petco Park,0.965,1.004,77.9,70.0,7.0,WSW,253.0,0.0,Mainly clear,1.7,2.5,53.8,C,75.0,Colorado Rockies,Cole Carrigg,Michael King,0.0,0,0,4.7,0.85,1.03,0.82,0.48,2.31,53.3,2.4,3|2|3|0|4,07/26|07/25|07/24|07/22|07/21,2.1,3|2|3|0|4|2|6|1|0|0,07/26|07/25|07/24|07/22|07/21|07/20|07/18|07/17|07/12|07/11,2.27,3|2|3|0|4|2|6|1|0|0|1|0|0|4|8,07/26|07/25|07/24|07/22|07/21|07/20|07/18|07/17|07/12|07/11|07/10|07/09|07/08|07/07|07/06,86.7,62.8,39.4,21.8,10.9,5.1,2.4,2.74,133.4
2026-07-28,Arizona Diamondbacks @ Pittsburgh Pirates,PNC Park,0.982,1.006,79.0,73.0,3.2,NW,309.0,10.0,Rain showers,2.6,3.7,55.6,C,92.0,Arizona Diamondbacks,Corbin Carroll,Bubba Chandler,0.0,0,2,4.8,1.05,0.88,1.05,0.35,2.29,46.7,2.0,2|3|1|1|3,07/27|07/26|07/25|07/24|07/23,2.2,2|3|1|1|3|5|2|1|0|4,07/27|07/26|07/25|07/24|07/23|07/22|07/21|07/19|07/18|07/17,1.73,2|3|1|1|3|5|2|1|0|4|0|0|2|1|1,07/27|07/26|07/25|07/24|07/23|07/22|07/21|07/19|07/18|07/17|07/12|07/11|07/10|07/09|07/08,86.3,62.1,39.1,21.4,11.2,5.2,2.3,2.11,108.8
2026-07-28,Arizona Diamondbacks @ Pittsburgh Pirates,PNC Park,0.982,1.006,79.0,73.0,3.2,NW,309.0,10.0,Rain showers,2.6,3.7,55.6,C,92.0,Arizona Diamondbacks,Max Kepler,Bubba Chandler,0.0,0,0,3.7,1.05,0.94,0.4,0.94,2.3,53.3,1.6,5|0|0|2|1,07/27|07/26|07/25|07/24|07/23,1.9,5|0|0|2|1|0|6|3|1|1,07/27|07/26|07/25|07/24|07/23|07/22|07/21|07/19|07/18|07/17,2.27,5|0|0|2|1|0|6|3|1|1|3|2|2|1|7,07/27|07/26|07/25|07/24|07/23|07/22|07/21|07/19|07/18|07/17|07/11|07/09|07/08|07/07|07/06,85.9,62.1,38.9,22.2,11.4,5.1,2.4,2.85,137.0
2026-07-28,Texas Rangers @ Tampa Bay Rays,Tropicana Field,1.0,1.0,,,,,,,Roof / indoor neutral,0.0,0.0,50.0,Roof,95.0,Tampa Bay Rays,Junior Caminero,Unknown,0.0,0,0,4.0,1.0,1.26,0.56,0.49,2.29,53.3,1.2,0|2|1|0|3,07/26|07/25|07/24|07/23|07/22,2.1,0|2|1|0|3|3|5|1|1|5,07/26|07/25|07/24|07/23|07/22|07/21|07/20|07/19|07/18|07/17,2.2,0|2|1|0|3|3|5|1|1|5|1|0|2|6|3,07/26|07/25|07/24|07/23|07/22|07/21|07/20|07/19|07/18|07/17|07/17|07/12|07/11|07/10|07/09,85.9,61.9,38.7,21.8,11.2,5.3,2.2,2.59,127.9
2026-07-28,Chicago Cubs @ St. Louis Cardinals,Busch Stadium,0.995,1.01,93.9,41.0,9.8,NNE,17.0,3.0,Overcast,4.6,6.7,60.1,B,92.0,St. Louis Cardinals,JJ Wetherholt,Colin Rea,0.0,0,0,4.4,1.15,0.97,0.98,0.35,2.29,46.7,1.6,1|1|2|0|4,07/27|07/26|07/25|07/24|07/23,1.8,1|1|2|0|4|3|1|0|3|3,07/27|07/26|07/25|07/24|07/23|07/22|07/21|07/20|07/19|07/18,1.73,1|1|2|0|4|3|1|0|3|3|4|0|0|1|3,07/27|07/26|07/25|07/24|07/23|07/22|07/21|07/20|07/19|07/18|07/17|07/12|07/11|07/10|07/09,86.4,62.5,38.6,21.6,11.1,5.3,2.2,2.09,108.2
2026-07-28,Houston Astros @ Los Angeles Angels,Angel Stadium,1.0,1.006,84.3,50.0,8.1,SW,233.0,0.0,Clear,2.7,4.0,56.0,C,75.0,Houston Astros,Yordan Alvarez,Reid Detmers,0.333,1,3,3.7,0.92,1.07,0.6,0.6,2.28,66.7,1.8,0|0|1|3|5,07/27|07/26|07/25|07/24|07/22,2.6,0|0|1|3|5|3|7|2|2|3,07/27|07/26|07/25|07/24|07/22|07/21|07/20|07/19|07/18|07/17,2.53,0|0|1|3|5|3|7|2|2|3|2|6|4|0|0,07/27|07/26|07/25|07/24|07/22|07/21|07/20|07/19|07/18|07/17|07/12|07/11|07/10|07/08|07/07,85.8,62.1,38.5,21.3,11.1,5.3,2.4,3.07,149.4
2026-07-28,Texas Rangers @ Tampa Bay Rays,Tropicana Field,1.0,1.0,,,,,,,Roof / indoor neutral,0.0,0.0,50.0,Roof,95.0,Texas Rangers,Alejandro Osuna,Griffin Jax,0.0,0,0,5.0,0.95,0.91,0.58,0.75,2.23,33.3,2.4,0|3|0|1|8,07/26|07/25|07/24|07/22|07/21,1.4,0|3|0|1|8|0|0|0|0|2,07/26|07/25|07/24|07/22|07/21|07/20|07/17|07/12|07/11|07/09,1.8,0|3|0|1|8|0|0|0|0|2|1|6|0|0|6,07/26|07/25|07/24|07/22|07/21|07/20|07/17|07/12|07/11|07/09|07/08|07/07|07/05|07/04|07/02,85.5,61.1,38.5,20.5,10.1,4.5,1.9,2.24,108.4
2026-07-28,Philadelphia Phillies @ Miami Marlins,loanDepot park,0.978,1.0,,,,,,,Roof / indoor neutral,0.0,0.0,50.0,Roof,95.0,Philadelphia Phillies,Trea Turner,Sandy Alcantara,0.5,3,6,3.7,0.99,0.95,0.69,0.63,2.27,40.0,1.8,1|5|2|0|1,07/27|07/26|07/25|07/24|07/22,3.1,1|5|2|0|1|1|10|1|7|3,07/27|07/26|07/25|07/24|07/22|07/21|07/20|07/19|07/18|07/16,2.4,1|5|2|0|1|1|10|1|7|3|1|1|0|0|3,07/27|07/26|07/25|07/24|07/22|07/21|07/20|07/19|07/18|07/16|07/12|07/11|07/10|07/09|07/07,86.7,62.1,38.2,21.1,10.8,4.9,2.1,2.95,135.9
2026-07-28,Atlanta Braves @ New York Mets,Citi Field,1.0,1.004,76.2,81.0,15.1,SSE,159.0,44.0,Partly cloudy,1.7,2.4,53.6,C,84.0,New York Mets,Brett Baty,Chris Sale,0.0,0,1,4.7,0.85,1.05,0.77,0.42,2.27,60.0,1.4,0|2|3|0|2,07/26|07/25|07/22|07/20|07/19,1.9,0|2|3|0|2|4|0|0|6|2,07/26|07/25|07/22|07/20|07/19|07/16|07/12|07/11|07/10|07/09,2.13,0|2|3|0|2|4|0|0|6|2|4|3|1|4|1,07/26|07/25|07/22|07/20|07/19|07/16|07/12|07/11|07/10|07/09|07/08|07/07|07/06|07/05|07/04,86.0,61.8,38.2,20.9,10.8,5.1,2.2,2.55,128.8
2026-07-28,Seattle Mariners @ Los Angeles Dodgers,UNIQLO Field at Dodger Stadium,1.0,1.0,,,,,,,Unavailable,0.0,0.0,50.0,C,40.0,Los Angeles Dodgers,Freddie Freeman,Luis Castillo,0.444,4,9,4.2,1.12,1.64,0.41,0.25,2.3,46.7,3.4,3|3|5|5|1,07/26|07/25|07/24|07/22|07/21,2.1,3|3|5|5|1|1|0|3|0|0,07/26|07/25|07/24|07/22|07/21|07/20|07/19|07/19|07/17|07/12,1.87,3|3|5|5|1|1|0|3|0|0|1|0|3|2|1,07/26|07/25|07/24|07/22|07/21|07/20|07/19|07/19|07/17|07/12|07/11|07/10|07/08|07/07|07/06,85.4,61.3,38.1,21.9,11.8,6.2,2.9,2.07,107.2
2026-07-28,Boston Red Sox @ Athletics,Sutter Health Park,1.01,1.01,97.2,19.0,7.2,WSW,254.0,0.0,Clear,4.6,6.7,60.1,B,75.0,Boston Red Sox,Anthony Seigler,Gage Jump,0.0,0,0,4.8,1.1,1.12,0.56,0.56,2.24,33.3,1.8,0|0|8|1|0,07/27|07/25|07/24|07/22|07/20,1.4,0|0|8|1|0|0|2|2|1|0,07/27|07/25|07/24|07/22|07/20|07/18|07/17|07/17|07/12|07/11,1.6,0|0|8|1|0|0|2|2|1|0|6|0|1|1|2,07/27|07/25|07/24|07/22|07/20|07/18|07/17|07/17|07/12|07/11|07/10|07/09|07/08|07/07|07/05,85.1,61.8,37.8,20.8,10.2,4.6,2.1,1.92,97.4
2026-07-28,Chicago Cubs @ St. Louis Cardinals,Busch Stadium,0.995,1.01,93.9,41.0,9.8,NNE,17.0,3.0,Overcast,4.6,6.7,60.1,B,92.0,St. Louis Cardinals,Jordan Walker,Colin Rea,0.0,0,6,4.0,1.15,1.05,0.64,0.56,2.23,60.0,1.4,1|0|2|0|4,07/27|07/26|07/25|07/24|07/23,1.5,1|0|2|0|4|0|1|2|3|2,07/27|07/26|07/25|07/24|07/23|07/22|07/21|07/20|07/19|07/18,1.87,1|0|2|0|4|0|1|2|3|2|1|3|2|2|5,07/27|07/26|07/25|07/24|07/23|07/22|07/21|07/20|07/19|07/18|07/17|07/12|07/11|07/10|07/09,85.6,61.1,37.8,20.5,10.1,4.7,2.1,2.26,118.4
2026-07-28,Kansas City Royals @ Minnesota Twins,Target Field,0.988,1.009,91.6,32.0,7.2,NNW,346.0,1.0,Clear,4.2,6.1,59.3,B,92.0,Minnesota Twins,Brooks Lee,Seth Lugo,0.2,1,5,4.6,1.08,1.13,0.43,0.69,2.24,40.0,2.0,3|0|0|0|7,07/26|07/25|07/24|07/23|07/22,1.7,3|0|0|0|7|4|1|1|1|0,07/26|07/25|07/24|07/23|07/22|07/20|07/19|07/18|07/17|07/12,1.73,3|0|0|0|7|4|1|1|1|0|0|3|0|4|2,07/26|07/25|07/24|07/23|07/22|07/20|07/19|07/18|07/17|07/12|07/11|07/10|07/09|07/08|07/07,85.7,61.1,37.7,20.2,10.3,4.9,2.3,2.1,105.8
2026-07-28,Boston Red Sox @ Athletics,Sutter Health Park,1.01,1.01,97.2,19.0,7.2,WSW,254.0,0.0,Clear,4.6,6.7,60.1,B,75.0,Boston Red Sox,Wilyer Abreu,Gage Jump,0.0,0,0,3.7,1.1,0.79,0.72,0.72,2.24,33.3,0.6,1|2|0|0|0,07/27|07/26|07/25|07/24|07/22,2.2,1|2|0|0|0|0|4|1|7|7,07/27|07/26|07/25|07/24|07/22|07/22|07/20|07/19|07/18|07/17,2.07,1|2|0|0|0|0|4|1|7|7|1|0|0|7|1,07/27|07/26|07/25|07/24|07/22|07/22|07/20|07/19|07/18|07/17|07/17|07/12|07/11|07/10|07/09,85.9,61.7,37.7,20.6,10.2,4.8,2.0,2.6,121.2
2026-07-28,Philadelphia Phillies @ Miami Marlins,loanDepot park,0.978,1.0,,,,,,,Roof / indoor neutral,0.0,0.0,50.0,Roof,95.0,Philadelphia Phillies,J.T. Realmuto,Sandy Alcantara,0.308,12,39,3.7,0.99,1.17,0.44,0.65,2.26,60.0,2.0,4|0|2|2|2,07/27|07/26|07/25|07/24|07/22,1.7,4|0|2|2|2|1|2|1|2|1,07/27|07/26|07/25|07/24|07/22|07/21|07/20|07/19|07/18|07/16,2.07,4|0|2|2|2|1|2|1|2|1|7|4|0|3|0,07/27|07/26|07/25|07/24|07/22|07/21|07/20|07/19|07/18|07/16|07/12|07/11|07/09|07/08|07/07,86.0,61.6,37.7,21.1,11.0,5.3,2.2,2.49,126.6
2026-07-28,Toronto Blue Jays @ Washington Nationals,Nationals Park,1.0,1.005,78.2,86.0,9.7,NNW,347.0,41.0,Overcast,2.1,3.1,54.7,C,92.0,Toronto Blue Jays,George Springer,Cade Cavalli,0.0,0,0,4.0,0.96,1.14,0.47,0.61,2.22,60.0,2.4,1|2|6|0|3,07/27|07/26|07/25|07/24|07/23,2.5,1|2|6|0|3|1|3|3|2|4,07/27|07/26|07/25|07/24|07/23|07/22|07/21|07/20|07/18|07/17,2.2,1|2|6|0|3|1|3|3|2|4|0|1|4|1|2,07/27|07/26|07/25|07/24|07/23|07/22|07/21|07/20|07/18|07/17|07/11|07/10|07/08|06/30|06/29,85.3,60.3,37.6,20.2,10.0,4.7,2.1,2.64,131.5
2026-07-28,Texas Rangers @ Tampa Bay Rays,Tropicana Field,1.0,1.0,,,,,,,Roof / indoor neutral,0.0,0.0,50.0,Roof,95.0,Tampa Bay Rays,Jonathan Aranda,Unknown,0.0,0,0,4.4,1.0,1.31,0.38,0.54,2.25,60.0,1.2,2|2|0|0|2,07/25|07/24|07/23|07/22|07/21,0.9,2|2|0|0|2|2|1|0|0|0,07/25|07/24|07/23|07/22|07/21|07/20|07/19|07/18|07/17|07/17,1.93,2|2|0|0|2|2|1|0|0|0|4|5|4|2|5,07/25|07/24|07/23|07/22|07/21|07/20|07/19|07/18|07/17|07/17|07/12|07/11|07/10|07/09|07/08,85.6,61.4,37.5,20.7,10.7,4.9,2.3,2.27,118.9
2026-07-28,Arizona Diamondbacks @ Pittsburgh Pirates,PNC Park,0.982,1.006,79.0,73.0,3.2,NW,309.0,10.0,Rain showers,2.6,3.7,55.6,C,92.0,Arizona Diamondbacks,Nolan Arenado,Bubba Chandler,0.0,0,0,3.7,1.05,0.74,0.67,0.81,2.21,60.0,1.0,0|1|0|0|4,07/27|07/26|07/25|07/24|07/23,2.1,0|1|0|0|4|5|2|1|4|4,07/27|07/26|07/25|07/24|07/23|07/22|07/21|07/20|07/19|07/18,2.2,0|1|0|0|4|5|2|1|4|4|0|3|4|2|3,07/27|07/26|07/25|07/24|07/23|07/22|07/21|07/20|07/19|07/18|07/17|07/12|07/11|07/10|07/09,85.6,60.4,37.3,20.0,9.8,4.5,2.0,2.8,137.1
2026-07-28,New York Yankees @ Chicago White Sox,Rate Field,1.0,1.0,,,,,,,Unavailable,0.0,0.0,50.0,C,40.0,New York Yankees,Jasson Domínguez,Anthony Kay,0.0,0,2,4.2,1.05,1.23,0.69,0.31,2.22,53.3,2.4,4|1|3|1|3,07/27|07/26|07/25|07/24|07/22,1.8,4|1|3|1|3|1|2|1|0|2,07/27|07/26|07/25|07/24|07/22|07/22|07/20|07/19|07/19|07/17,1.93,4|1|3|1|3|1|2|1|0|2|0|1|5|3|2,07/27|07/26|07/25|07/24|07/22|07/22|07/20|07/19|07/19|07/17|07/12|07/11|07/10|07/09|07/08,84.7,59.9,37.3,20.9,10.4,4.9,2.1,2.25,115.4
2026-07-28,Seattle Mariners @ Los Angeles Dodgers,UNIQLO Field at Dodger Stadium,1.0,1.0,,,,,,,Unavailable,0.0,0.0,50.0,C,40.0,Los Angeles Dodgers,Shohei Ohtani,Luis Castillo,0.0,0,3,3.7,1.12,1.09,0.43,0.72,2.22,40.0,1.0,1|0|3|0|1,07/26|07/25|07/24|07/22|07/21,1.6,1|0|3|0|1|0|1|5|0|5,07/26|07/25|07/24|07/22|07/21|07/20|07/19|07/19|07/17|07/12,2.07,1|0|3|0|1|0|1|5|0|5|1|3|0|3|8,07/26|07/25|07/24|07/22|07/21|07/20|07/19|07/19|07/17|07/12|07/11|07/10|07/08|07/07|07/06,85.4,60.6,37.2,19.9,10.1,4.9,2.2,2.52,120.4
2026-07-28,Toronto Blue Jays @ Washington Nationals,Nationals Park,1.0,1.005,78.2,86.0,9.7,NNW,347.0,41.0,Overcast,2.1,3.1,54.7,C,92.0,Washington Nationals,Dylan Crews,Shane Bieber,0.0,0,0,4.4,1.14,0.97,0.79,0.44,2.21,40.0,2.8,1|4|1|5|3,07/27|07/26|07/25|07/24|07/22,2.2,1|4|1|5|3|0|4|0|4|0,07/27|07/26|07/25|07/24|07/22|07/20|07/19|07/18|07/17|07/12,1.67,1|4|1|5|3|0|4|0|4|0|0|0|2|0|1,07/27|07/26|07/25|07/24|07/22|07/20|07/19|07/18|07/17|07/12|07/11|07/10|07/08|07/07|07/06,85.1,61.1,37.1,20.1,9.8,4.5,2.0,2.01,102.7
2026-07-28,Chicago Cubs @ St. Louis Cardinals,Busch Stadium,0.995,1.01,93.9,41.0,9.8,NNE,17.0,3.0,Overcast,4.6,6.7,60.1,B,92.0,Chicago Cubs,Miguel Amaya,Unknown,0.0,0,0,3.7,1.0,0.84,0.84,0.52,2.22,53.3,2.8,3|6|0|2|3,07/27|07/25|07/24|07/20|07/18,2.9,3|6|0|2|3|2|0|5|0|8,07/27|07/25|07/24|07/20|07/18|07/11|07/09|07/07|07/04|07/01,2.27,3|6|0|2|3|2|0|5|0|8|0|1|0|3|1,07/27|07/25|07/24|07/20|07/18|07/11|07/09|07/07|07/04|07/01|06/29|06/28|06/25|06/24|06/20,85.2,61.0,37.1,20.1,10.3,4.6,2.0,2.79,134.6
2026-07-28,Atlanta Braves @ New York Mets,Citi Field,1.0,1.004,76.2,81.0,15.1,SSE,159.0,44.0,Partly cloudy,1.7,2.4,53.6,C,84.0,Atlanta Braves,Austin Riley,Christian Scott,0.0,0,2,5.0,0.86,1.05,0.45,0.68,2.19,46.7,1.2,0|2|0|3|1,07/27|07/26|07/25|07/24|07/23,2.0,0|2|0|3|1|3|0|0|9|2,07/27|07/26|07/25|07/24|07/23|07/22|07/21|07/20|07/19|07/18,1.93,0|2|0|3|1|3|0|0|9|2|5|1|1|2|0,07/27|07/26|07/25|07/24|07/23|07/22|07/21|07/20|07/19|07/18|07/17|07/12|07/11|07/10|07/09,84.8,60.2,37.0,20.0,9.8,4.4,1.9,2.35,116.7
2026-07-28,Houston Astros @ Los Angeles Angels,Angel Stadium,1.0,1.006,84.3,50.0,8.1,SW,233.0,0.0,Clear,2.7,4.0,56.0,C,75.0,Los Angeles Angels,Jo Adell,Peter Lambert,0.0,0,1,4.8,0.85,0.79,0.5,0.93,2.19,46.7,1.8,2|4|1|2|0,07/27|07/26|07/25|07/24|07/22,1.9,2|4|1|2|0|5|5|0|0|0,07/27|07/26|07/25|07/24|07/22|07/21|07/20|07/19|07/18|07/17,2.07,2|4|1|2|0|5|5|0|0|0|0|0|0|2|10,07/27|07/26|07/25|07/24|07/22|07/21|07/20|07/19|07/18|07/17|07/12|07/11|07/10|07/09|07/08,85.0,61.0,37.0,19.5,9.2,4.3,1.9,2.64,127.0
2026-07-28,Kansas City Royals @ Minnesota Twins,Target Field,0.988,1.009,91.6,32.0,7.2,NNW,346.0,1.0,Clear,4.2,6.1,59.3,B,92.0,Minnesota Twins,Trevor Larnach,Seth Lugo,0.333,1,3,3.7,1.08,1.05,0.56,0.63,2.19,46.7,2.8,1|2|7|1|3,07/25|07/23|07/22|07/21|07/20,2.7,1|2|7|1|3|0|3|6|1|3,07/25|07/23|07/22|07/21|07/20|07/18|07/17|07/12|07/11|07/10,2.13,1|2|7|1|3|0|3|6|1|3|0|0|0|5|0,07/25|07/23|07/22|07/21|07/20|07/18|07/17|07/12|07/11|07/10|07/09|07/08|07/07|07/04|07/03,85.4,60.3,36.7,19.5,9.5,4.5,2.0,2.59,125.1
2026-07-28,Chicago Cubs @ St. Louis Cardinals,Busch Stadium,0.995,1.01,93.9,41.0,9.8,NNE,17.0,3.0,Overcast,4.6,6.7,60.1,B,92.0,Chicago Cubs,Pedro Ramírez,Unknown,0.0,0,0,3.7,1.0,0.97,0.65,0.58,2.19,53.3,2.8,4|5|2|1|2,07/26|07/25|07/24|07/21|07/20,2.3,4|5|2|1|2|4|4|0|1|0,07/26|07/25|07/24|07/21|07/20|07/19|07/18|07/12|07/05|07/04,2.27,4|5|2|1|2|4|4|0|1|0|2|0|0|0|9,07/26|07/25|07/24|07/21|07/20|07/19|07/18|07/12|07/05|07/04|07/03|07/01|06/28|06/25|06/24,84.6,59.9,36.6,20.3,9.9,4.6,2.1,2.77,133.6
2026-07-28,Chicago Cubs @ St. Louis Cardinals,Busch Stadium,0.995,1.01,93.9,41.0,9.8,NNE,17.0,3.0,Overcast,4.6,6.7,60.1,B,92.0,Chicago Cubs,Dansby Swanson,Unknown,0.0,0,0,4.7,1.0,1.23,0.74,0.25,2.2,53.3,2.4,1|4|5|2|0,07/27|07/26|07/25|07/24|07/22,2.1,1|4|5|2|0|5|2|0|2|0,07/27|07/26|07/25|07/24|07/22|07/21|07/20|07/19|07/18|07/17,1.8,1|4|5|2|0|5|2|0|2|0|2|0|1|1|2,07/27|07/26|07/25|07/24|07/22|07/21|07/20|07/19|07/18|07/17|07/12|07/11|07/10|07/09|07/08,84.5,59.5,36.6,20.5,10.1,5.0,2.3,2.08,109.3
2026-07-28,Boston Red Sox @ Athletics,Sutter Health Park,1.01,1.01,97.2,19.0,7.2,WSW,254.0,0.0,Clear,4.6,6.7,60.1,B,75.0,Boston Red Sox,Masataka Yoshida,Gage Jump,0.0,0,0,3.7,1.1,1.0,0.58,0.58,2.17,46.7,0.8,1|0|0|1|2,07/27|07/26|07/25|07/24|07/22,1.5,1|0|0|1|2|2|1|1|0|7,07/27|07/26|07/25|07/24|07/22|07/22|07/20|07/18|07/17|07/17,2.0,1|0|0|1|2|2|1|1|0|7|1|4|4|2|4,07/27|07/26|07/25|07/24|07/22|07/22|07/20|07/18|07/17|07/17|07/12|07/11|07/10|07/08|07/05,84.6,59.5,36.2,19.7,9.4,4.5,2.0,2.43,119.2
2026-07-28,Arizona Diamondbacks @ Pittsburgh Pirates,PNC Park,0.982,1.006,79.0,73.0,3.2,NW,309.0,10.0,Rain showers,2.6,3.7,55.6,C,92.0,Pittsburgh Pirates,Henry Davis,Brandon Pfaadt,0.0,0,0,4.2,1.07,0.86,0.62,0.7,2.17,40.0,1.2,0|1|4|0|1,07/27|07/25|07/24|07/22|07/20,1.7,0|1|4|0|1|0|1|8|0|2,07/27|07/25|07/24|07/22|07/20|07/19|07/18|07/12|07/11|07/11,1.87,0|1|4|0|1|0|1|8|0|2|0|0|4|4|3,07/27|07/25|07/24|07/22|07/20|07/19|07/18|07/12|07/11|07/11|07/08|07/07|07/05|07/04|07/01,84.8,60.4,36.0,19.4,9.2,4.1,1.7,2.33,113.7
2026-07-28,Milwaukee Brewers @ San Francisco Giants,Oracle Park,0.965,1.001,70.3,63.0,18.6,WNW,288.0,0.0,Clear,0.2,0.3,50.5,C,67.0,San Francisco Giants,Casey Schmitt,Logan Henderson,0.0,0,0,4.8,0.85,0.91,0.56,0.69,2.16,53.3,2.4,1|0|3|5|3,07/27|07/26|07/25|07/24|07/22,1.7,1|0|3|5|3|0|0|2|0|3,07/27|07/26|07/25|07/24|07/22|07/21|07/20|07/19|07/18|07/17,2.07,1|0|3|5|3|0|0|2|0|3|1|5|2|6|0,07/27|07/26|07/25|07/24|07/22|07/21|07/20|07/19|07/18|07/17|07/12|07/11|07/10|07/09|07/08,85.2,59.8,36.0,18.8,9.2,4.2,1.8,2.56,126.2
2026-07-28,Kansas City Royals @ Minnesota Twins,Target Field,0.988,1.009,91.6,32.0,7.2,NNW,346.0,1.0,Clear,4.2,6.1,59.3,B,92.0,Kansas City Royals,Michael Massey,Taj Bradley,0.0,0,3,3.8,0.92,1.04,0.67,0.43,2.13,53.3,2.4,4|1|1|3|3,07/26|07/25|07/24|07/23|07/22,2.3,4|1|1|3|3|1|2|0|2|6,07/26|07/25|07/24|07/23|07/22|07/21|07/20|07/19|07/18|07/17,2.33,4|1|1|3|3|1|2|0|2|6|0|1|2|1|8,07/26|07/25|07/24|07/23|07/22|07/21|07/20|07/19|07/18|07/17|07/12|07/11|07/10|07/08|07/07,83.8,59.1,35.8,18.9,8.7,4.2,1.8,2.79,134.0
2026-07-28,Houston Astros @ Los Angeles Angels,Angel Stadium,1.0,1.006,84.3,50.0,8.1,SW,233.0,0.0,Clear,2.7,4.0,56.0,C,75.0,Los Angeles Angels,Vaughn Grissom,Peter Lambert,0.0,0,0,3.7,0.85,1.05,0.39,0.72,2.16,53.3,2.6,6|0|2|5|0,07/27|07/26|07/25|07/24|07/22,2.3,6|0|2|5|0|3|2|3|1|1,07/27|07/26|07/25|07/24|07/22|07/21|07/20|07/19|07/18|07/17,2.6,6|0|2|5|0|3|2|3|1|1|0|5|1|10|0,07/27|07/26|07/25|07/24|07/22|07/21|07/20|07/19|07/18|07/17|07/11|07/10|07/09|07/08|07/05,84.9,59.4,35.8,19.4,9.3,4.2,1.8,3.17,147.4
2026-07-28,Cleveland Guardians @ Cincinnati Reds,Great American Ball Park,1.045,1.006,83.3,55.0,11.4,N,350.0,0.0,Clear,2.9,4.2,56.4,C,92.0,Cincinnati Reds,Sal Stewart,Gavin Williams,0.667,2,3,3.7,0.89,0.82,0.42,0.9,2.16,53.3,2.8,3|1|4|5|1,07/26|07/25|07/24|07/22|07/21,2.4,3|1|4|5|1|0|5|0|3|2,07/26|07/25|07/24|07/22|07/21|07/20|07/19|07/18|07/17|07/12,2.4,3|1|4|5|1|0|5|0|3|2|1|3|0|7|1,07/26|07/25|07/24|07/22|07/21|07/20|07/19|07/18|07/17|07/12|07/11|07/10|07/09|07/08|07/07,84.3,60.0,35.6,19.3,9.5,4.3,1.8,3.04,143.1
2026-07-28,Texas Rangers @ Tampa Bay Rays,Tropicana Field,1.0,1.0,,,,,,,Roof / indoor neutral,0.0,0.0,50.0,Roof,95.0,Texas Rangers,Joc Pederson,Griffin Jax,0.0,0,0,3.7,0.95,0.98,0.61,0.55,2.14,53.3,3.6,8|2|4|1|3,07/27|07/26|07/25|07/24|07/20,3.3,8|2|4|1|3|3|6|3|0|3,07/27|07/26|07/25|07/24|07/20|07/19|07/18|07/12|07/11|07/10,2.33,8|2|4|1|3|3|6|3|0|3|0|0|0|1|1,07/27|07/26|07/25|07/24|07/20|07/19|07/18|07/12|07/11|07/10|07/09|07/08|07/07|07/05|07/04,84.8,59.1,35.4,19.1,9.1,3.9,1.5,2.83,135.4
2026-07-28,Toronto Blue Jays @ Washington Nationals,Nationals Park,1.0,1.005,78.2,86.0,9.7,NNW,347.0,41.0,Overcast,2.1,3.1,54.7,C,92.0,Washington Nationals,Nasim Nuñez,Shane Bieber,0.0,0,0,3.7,1.14,1.18,0.81,0.15,2.15,46.7,1.8,3|1|0|0|5,07/27|07/26|07/25|07/24|07/22,2.1,3|1|0|0|5|3|1|2|0|6,07/27|07/26|07/25|07/24|07/22|07/21|07/20|07/19|07/18|07/17,1.93,3|1|0|0|5|3|1|2|0|6|1|0|0|2|5,07/27|07/26|07/25|07/24|07/22|07/21|07/20|07/19|07/18|07/17|07/12|07/11|07/10|07/07|07/06,83.8,58.6,35.2,19.3,9.5,4.8,2.1,2.22,111.6
2026-07-28,Chicago Cubs @ St. Louis Cardinals,Busch Stadium,0.995,1.01,93.9,41.0,9.8,NNE,17.0,3.0,Overcast,4.6,6.7,60.1,B,92.0,Chicago Cubs,Nico Hoerner,Unknown,0.0,0,0,3.7,1.0,1.23,0.39,0.52,2.12,53.3,2.6,6|4|2|1|0,07/27|07/26|07/25|07/24|07/22,3.2,6|4|2|1|0|2|2|7|6|2,07/27|07/26|07/25|07/24|07/22|07/21|07/20|07/19|07/18|07/17,2.2,6|4|2|1|0|2|2|7|6|2|0|0|0|1|0,07/27|07/26|07/25|07/24|07/22|07/21|07/20|07/19|07/18|07/17|07/12|07/11|07/10|07/09|07/08,84.0,57.9,35.1,18.6,9.3,4.2,1.8,2.59,126.7
2026-07-28,Philadelphia Phillies @ Miami Marlins,loanDepot park,0.978,1.0,,,,,,,Roof / indoor neutral,0.0,0.0,50.0,Roof,95.0,Philadelphia Phillies,Bryce Harper,Sandy Alcantara,0.326,15,46,4.6,0.99,0.82,0.73,0.54,2.11,46.7,1.6,5|2|1|0|0,07/27|07/26|07/25|07/24|07/22,1.7,5|2|1|0|0|2|3|0|3|1,07/27|07/26|07/25|07/24|07/22|07/21|07/20|07/19|07/18|07/16,1.53,5|2|1|0|0|2|3|0|3|1|2|2|1|0|1,07/27|07/26|07/25|07/24|07/22|07/21|07/20|07/19|07/18|07/16|07/12|07/11|07/10|07/09|07/08,84.6,58.8,35.0,18.0,8.3,3.6,1.5,1.89,100.1
2026-07-28,Arizona Diamondbacks @ Pittsburgh Pirates,PNC Park,0.982,1.006,79.0,73.0,3.2,NW,309.0,10.0,Rain showers,2.6,3.7,55.6,C,92.0,Arizona Diamondbacks,Adrian Del Castillo,Bubba Chandler,0.0,0,2,5.0,1.05,1.0,0.73,0.36,2.09,26.7,2.4,0|1|0|7|4,07/27|07/26|07/24|07/23|07/19,1.9,0|1|0|7|4|5|0|1|0|1,07/27|07/26|07/24|07/23|07/19|07/04|07/01|06/28|06/27|06/22,1.53,0|1|0|7|4|5|0|1|0|1|0|3|1|0|0,07/27|07/26|07/24|07/23|07/19|07/04|07/01|06/28|06/27|06/22|06/21|06/20|06/16|06/13|06/11,83.5,57.2,34.6,17.7,8.7,4.0,1.7,1.83,90.6
2026-07-28,Toronto Blue Jays @ Washington Nationals,Nationals Park,1.0,1.005,78.2,86.0,9.7,NNW,347.0,41.0,Overcast,2.1,3.1,54.7,C,92.0,Washington Nationals,Daylen Lile,Shane Bieber,0.0,0,0,4.6,1.14,0.92,0.46,0.74,2.09,33.3,1.4,1|2|3|0|1,07/27|07/26|07/25|07/24|07/22,1.9,1|2|3|0|1|1|3|0|1|7,07/27|07/26|07/25|07/24|07/22|07/21|07/20|07/19|07/18|07/17,1.53,1|2|3|0|1|1|3|0|1|7|0|0|0|4|0,07/27|07/26|07/25|07/24|07/22|07/21|07/20|07/19|07/18|07/17|07/12|07/11|07/10|07/08|07/07,84.1,58.0,34.6,17.9,8.3,3.8,1.4,1.9,95.6
2026-07-28,Kansas City Royals @ Minnesota Twins,Target Field,0.988,1.009,91.6,32.0,7.2,NNW,346.0,1.0,Clear,4.2,6.1,59.3,B,92.0,Minnesota Twins,Alex Jackson,Seth Lugo,0.286,2,7,4.8,1.08,1.08,0.63,0.36,2.09,33.3,1.8,2|6|0|1|0,07/26|07/22|07/20|07/19|07/09,1.4,2|6|0|1|0|1|3|0|1|0,07/26|07/22|07/20|07/19|07/09|07/08|07/04|06/30|06/28|06/24,1.53,2|6|0|1|0|1|3|0|1|0|3|0|6|0|0,07/26|07/22|07/20|07/19|07/09|07/08|07/04|06/30|06/28|06/24|06/21|06/19|06/16|06/15|06/13,83.6,57.4,34.1,18.1,8.9,3.9,1.5,1.81,92.2
2026-07-28,Texas Rangers @ Tampa Bay Rays,Tropicana Field,1.0,1.0,,,,,,,Roof / indoor neutral,0.0,0.0,50.0,Roof,95.0,Tampa Bay Rays,Jonny DeLuca,Unknown,0.0,0,0,4.2,1.0,0.95,0.44,0.66,2.07,33.3,3.4,0|6|1|6|4,07/26|07/24|07/23|07/21|07/18,2.1,0|6|1|6|4|4|0|0|0|0,07/26|07/24|07/23|07/21|07/18|07/17|07/17|07/11|07/09|07/08,1.87,0|6|1|6|4|4|0|0|0|0|1|1|5|0|0,07/26|07/24|07/23|07/21|07/18|07/17|07/17|07/11|07/09|07/08|07/06|07/05|07/04|07/03|07/02,83.7,57.6,34.0,17.7,8.2,3.7,1.5,2.29,109.1
2026-07-28,Arizona Diamondbacks @ Pittsburgh Pirates,PNC Park,0.982,1.006,79.0,73.0,3.2,NW,309.0,10.0,Rain showers,2.6,3.7,55.6,C,92.0,Pittsburgh Pirates,Jake Mangum,Brandon Pfaadt,1.0,2,2,3.8,1.07,1.2,0.49,0.42,2.1,53.3,1.8,2|1|1|2|3,07/27|07/26|07/25|07/24|07/22,1.6,2|1|1|2|3|0|3|1|0|3,07/27|07/26|07/25|07/24|07/22|07/20|07/19|07/18|07/18|07/12,2.0,2|1|1|2|3|0|3|1|0|3|0|3|8|0|3,07/27|07/26|07/25|07/24|07/22|07/20|07/19|07/18|07/18|07/12|07/11|07/11|07/09|07/08|07/07,83.6,57.8,33.9,18.6,9.0,4.5,1.8,2.34,117.9
2026-07-28,Atlanta Braves @ New York Mets,Citi Field,1.0,1.004,76.2,81.0,15.1,SSE,159.0,44.0,Partly cloudy,1.7,2.4,53.6,C,84.0,New York Mets,Carson Benge,Chris Sale,0.0,0,2,4.6,0.85,1.03,0.62,0.41,2.06,46.7,1.6,1|2|0|1|4,07/26|07/25|07/24|07/22|07/21,1.1,1|2|0|1|4|2|0|1|0|0,07/26|07/25|07/24|07/22|07/21|07/19|07/18|07/16|07/12|07/11,2.0,1|2|0|1|4|2|0|1|0|0|1|5|3|5|5,07/26|07/25|07/24|07/22|07/21|07/19|07/18|07/16|07/12|07/11|07/10|07/09|07/08|07/07|07/06,83.3,56.9,33.6,17.8,8.4,3.4,1.5,2.38,116.7
2026-07-28,Cleveland Guardians @ Cincinnati Reds,Great American Ball Park,1.045,1.007,81.9,80.0,9.1,NW,324.0,0.0,Mainly clear,3.0,4.3,56.6,C,92.0,Cleveland Guardians,Austin Hedges,Chase Burns,0.0,0,0,4.8,0.85,0.95,0.52,0.6,2.07,60.0,1.4,0|0|5|2|0,07/26|07/25|07/24|07/21|07/18,1.7,0|0|5|2|0|2|2|0|4|2,07/26|07/25|07/24|07/21|07/18|07/10|07/08|07/05|07/04|07/03,1.87,0|0|5|2|0|2|2|0|4|2|6|2|1|0|2,07/26|07/25|07/24|07/21|07/18|07/10|07/08|07/05|07/04|07/03|07/01|06/29|06/28|06/26|06/23,83.4,57.4,33.5,17.6,8.3,3.7,1.5,2.27,117.7
2026-07-28,Arizona Diamondbacks @ Pittsburgh Pirates,PNC Park,0.982,1.006,79.0,73.0,3.2,NW,309.0,10.0,Rain showers,2.6,3.7,55.6,C,92.0,Arizona Diamondbacks,James McCann,Bubba Chandler,0.0,0,0,4.2,1.05,0.92,0.31,0.84,2.05,33.3,4.2,2|8|2|8|1,07/25|07/22|07/18|07/11|07/07,2.4,2|8|2|8|1|1|0|1|1|0,07/25|07/22|07/18|07/11|07/07|05/18|05/16|05/10|05/07|05/02,1.8,2|8|2|8|1|1|0|1|1|0|0|3|0|0|0,07/25|07/22|07/18|07/11|07/07|05/18|05/16|05/10|05/07|05/02|04/30|04/28|04/26|04/23|04/22,83.2,56.6,33.3,17.4,8.1,3.8,1.7,2.25,107.4
2026-07-28,Chicago Cubs @ St. Louis Cardinals,Busch Stadium,0.995,1.01,93.9,41.0,9.8,NNE,17.0,3.0,Overcast,4.6,6.7,60.1,B,92.0,St. Louis Cardinals,Blaze Jordan,Colin Rea,0.0,0,0,4.8,1.15,0.97,0.19,0.87,2.04,33.3,1.2,0|0|3|3|0,07/27|07/26|07/25|07/24|07/23,1.7,0|0|3|3|0|1|2|1|7|0,07/27|07/26|07/25|07/24|07/23|07/22|07/21|07/20|07/19|07/12,1.4,0|0|3|3|0|1|2|1|7|0|2|1|1|0|0,07/27|07/26|07/25|07/24|07/23|07/22|07/21|07/20|07/19|07/12|07/11|07/10|07/08|07/07|07/06,82.8,56.4,33.1,17.1,8.3,3.8,1.6,1.74,89.5
2026-07-28,Arizona Diamondbacks @ Pittsburgh Pirates,PNC Park,0.982,1.006,79.0,73.0,3.2,NW,309.0,10.0,Rain showers,2.6,3.7,55.6,C,92.0,Arizona Diamondbacks,Ildemaro Vargas,Bubba Chandler,0.5,1,2,4.4,1.05,1.28,0.56,0.24,2.07,33.3,1.4,1|1|1|0|4,07/27|07/26|07/25|07/24|07/23,1.9,1|1|1|0|4|7|3|1|0|1,07/27|07/26|07/25|07/24|07/23|07/22|07/21|07/20|07/18|07/17,1.73,1|1|1|0|4|7|3|1|0|1|4|0|1|0|2,07/27|07/26|07/25|07/24|07/23|07/22|07/21|07/20|07/18|07/17|07/12|07/11|07/10|07/09|07/08,83.0,56.4,33.1,17.6,9.0,4.2,1.8,1.97,97.5
2026-07-28,Kansas City Royals @ Minnesota Twins,Target Field,0.988,1.009,91.6,32.0,7.2,NNW,346.0,1.0,Clear,4.2,6.1,59.3,B,92.0,Minnesota Twins,Kody Clemens,Seth Lugo,0.667,4,6,4.0,1.08,1.05,0.53,0.45,2.05,33.3,2.0,6|0|1|1|2,07/26|07/25|07/23|07/22|07/21,1.6,6|0|1|1|2|0|0|6|0|0,07/26|07/25|07/23|07/22|07/21|07/20|07/19|07/18|07/17|07/12,1.8,6|0|1|1|2|0|0|6|0|0|1|1|0|5|4,07/26|07/25|07/23|07/22|07/21|07/20|07/19|07/18|07/17|07/12|07/11|07/10|07/09|07/08|07/07,83.2,57.3,32.9,17.2,8.2,3.4,1.5,2.14,103.7
2026-07-28,Kansas City Royals @ Minnesota Twins,Target Field,0.988,1.009,91.6,32.0,7.2,NNW,346.0,1.0,Clear,4.2,6.1,59.3,B,92.0,Minnesota Twins,Byron Buxton,Seth Lugo,0.182,2,11,4.4,1.08,1.15,0.44,0.44,2.03,40.0,0.4,0|0|0|1|1,07/26|07/25|07/24|07/23|07/21,0.9,0|0|0|1|1|2|1|4|0|0,07/26|07/25|07/24|07/23|07/21|07/20|07/05|07/04|06/28|06/27,1.53,0|0|0|1|1|2|1|4|0|0|7|0|2|3|2,07/26|07/25|07/24|07/23|07/21|07/20|07/05|07/04|06/28|06/27|06/26|06/24|06/23|06/22|06/21,82.7,56.2,32.8,16.8,8.3,3.8,1.6,1.8,93.9
2026-07-28,Chicago Cubs @ St. Louis Cardinals,Busch Stadium,0.995,1.01,93.9,41.0,9.8,NNE,17.0,3.0,Overcast,4.6,6.7,60.1,B,92.0,St. Louis Cardinals,Iván Herrera,Colin Rea,0.0,0,1,4.6,1.15,1.11,0.56,0.37,2.02,40.0,2.2,1|4|5|1|0,07/27|07/26|07/25|07/24|07/22,1.8,1|4|5|1|0|1|0|4|0|2,07/27|07/26|07/25|07/24|07/22|07/21|07/20|07/19|07/18|07/17,1.47,1|4|5|1|0|1|0|4|0|2|0|2|2|0|0,07/27|07/26|07/25|07/24|07/22|07/21|07/20|07/19|07/18|07/17|07/12|07/11|07/10|07/09|07/08,82.9,55.7,32.7,17.1,8.0,3.2,1.3,1.72,90.9
2026-07-28,Cleveland Guardians @ Cincinnati Reds,Great American Ball Park,1.045,1.006,83.3,55.0,11.4,N,350.0,0.0,Clear,2.9,4.2,56.4,C,92.0,Cleveland Guardians,Steven Kwan,Unknown,0.0,0,0,3.7,1.0,1.32,0.47,0.27,2.04,60.0,2.0,1|1|2|3|3,07/26|07/25|07/23|07/22|07/21,2.4,1|1|2|3|3|1|3|5|3|2,07/26|07/25|07/23|07/22|07/21|07/20|07/19|07/18|07/18|07/12,2.07,1|1|2|3|3|1|3|5|3|2|3|1|1|2|0,07/26|07/25|07/23|07/22|07/21|07/20|07/19|07/18|07/18|07/12|07/11|07/10|07/09|07/08|07/07,82.2,55.5,32.6,17.7,8.6,4.0,1.8,2.34,119.5
2026-07-28,Toronto Blue Jays @ Washington Nationals,Nationals Park,1.0,1.005,78.2,86.0,9.7,NNW,347.0,41.0,Overcast,2.1,3.1,54.7,C,92.0,Toronto Blue Jays,Ernie Clement,Cade Cavalli,0.0,0,0,4.2,0.96,1.27,0.49,0.28,2.05,60.0,2.0,2|1|4|1|2,07/27|07/26|07/25|07/24|07/23,1.6,2|1|4|1|2|0|3|2|1|0,07/27|07/26|07/25|07/24|07/23|07/22|07/21|07/20|07/19|07/18,1.93,2|1|4|1|2|0|3|2|1|0|3|4|1|3|2,07/27|07/26|07/25|07/24|07/23|07/22|07/21|07/20|07/19|07/18|07/17|07/12|07/11|07/10|07/08,82.7,56.9,32.6,17.4,8.3,3.9,1.8,2.21,115.4
2026-07-28,Milwaukee Brewers @ San Francisco Giants,Oracle Park,0.965,1.001,70.3,63.0,18.6,WNW,288.0,0.0,Clear,0.2,0.3,50.5,C,67.0,Milwaukee Brewers,Christian Yelich,Landen Roupp,0.0,0,1,4.6,0.95,1.05,0.3,0.67,2.03,40.0,2.0,0|2|3|4|1,07/27|07/25|07/24|07/22|07/20,1.8,0|2|3|4|1|0|4|1|2|1,07/27|07/25|07/24|07/22|07/20|07/19|07/18|07/17|07/12|07/11,1.8,0|2|3|4|1|0|4|1|2|1|1|1|1|5|1,07/27|07/25|07/24|07/22|07/20|07/19|07/18|07/17|07/12|07/11|07/11|07/08|07/07|07/07|07/06,83.3,56.7,32.6,16.7,8.1,3.5,1.4,2.18,107.3
2026-07-28,Cleveland Guardians @ Cincinnati Reds,Great American Ball Park,1.045,1.007,81.9,80.0,9.1,NW,324.0,0.0,Mainly clear,3.0,4.3,56.6,C,92.0,Cleveland Guardians,José Ramírez,Chase Burns,0.0,0,0,4.0,0.85,0.97,0.68,0.37,2.02,53.3,1.6,0|1|0|5|2,07/26|07/25|07/23|07/22|06/13,1.4,0|1|0|5|2|0|1|3|2|0,07/26|07/25|07/23|07/22|06/13|06/12|06/10|06/09|06/08|06/07,2.2,0|1|0|5|2|0|1|3|2|0|4|0|2|7|6,07/26|07/25|07/23|07/22|06/13|06/12|06/10|06/09|06/08|06/07|06/06|06/05|06/04|06/03|06/02,83.0,56.9,32.6,16.2,7.5,3.4,1.5,2.62,127.4
2026-07-28,Colorado Rockies @ San Diego Padres,Petco Park,0.965,1.004,77.9,70.0,7.0,WSW,253.0,0.0,Mainly clear,1.7,2.5,53.8,C,75.0,Colorado Rockies,Hunter Goodman,Michael King,0.0,0,2,4.2,0.85,0.98,0.43,0.61,2.02,46.7,2.4,1|3|2|1|5,07/26|07/25|07/24|07/22|07/21,2.6,1|3|2|1|5|0|11|0|2|1,07/26|07/25|07/24|07/22|07/21|07/20|07/19|07/17|07/12|07/11,2.2,1|3|2|1|5|0|11|0|2|1|1|2|0|0|4,07/26|07/25|07/24|07/22|07/21|07/20|07/19|07/17|07/12|07/11|07/10|07/09|07/08|07/06|07/05,82.8,56.5,32.4,16.6,8.0,3.5,1.6,2.67,126.7
2026-07-28,Arizona Diamondbacks @ Pittsburgh Pirates,PNC Park,0.982,1.006,79.0,73.0,3.2,NW,309.0,10.0,Rain showers,2.6,3.7,55.6,C,92.0,Pittsburgh Pirates,Bryan Reynolds,Brandon Pfaadt,0.2,1,5,4.7,1.07,0.96,0.7,0.35,2.02,46.7,0.8,2|2|0|0|0,07/27|07/26|07/25|07/24|07/22,1.1,2|2|0|0|0|0|2|0|1|4,07/27|07/26|07/25|07/24|07/22|07/22|07/20|07/19|07/18|07/18,1.53,2|2|0|0|0|0|2|0|1|4|3|4|1|3|1,07/27|07/26|07/25|07/24|07/22|07/22|07/20|07/19|07/18|07/18|07/12|07/11|07/11|07/09|07/08,83.5,56.0,32.1,16.4,7.8,3.5,1.4,1.83,97.2
2026-07-28,Cleveland Guardians @ Cincinnati Reds,Great American Ball Park,1.045,1.006,83.3,55.0,11.4,N,350.0,0.0,Clear,2.9,4.2,56.4,C,92.0,Cincinnati Reds,Jose Trevino,Gavin Williams,0.0,0,0,4.0,0.89,1.02,0.45,0.52,2.02,33.3,1.6,0|1|7|0|0,07/26|07/21|07/18|07/11|07/08,2.6,0|1|7|0|0|5|7|0|5|1,07/26|07/21|07/18|07/11|07/08|07/04|07/02|06/30|06/27|06/24,2.07,0|1|7|0|0|5|7|0|5|1|1|1|2|1|0,07/26|07/21|07/18|07/11|07/08|07/04|07/02|06/30|06/27|06/24|06/23|06/20|06/17|06/14|05/16,82.8,56.1,32.0,16.7,8.1,3.8,1.5,2.47,114.9
2026-07-28,Atlanta Braves @ New York Mets,Citi Field,1.0,1.004,76.2,81.0,15.1,SSE,159.0,44.0,Partly cloudy,1.7,2.4,53.6,C,84.0,New York Mets,A.J. Ewing,Chris Sale,0.0,0,0,5.0,0.85,1.26,0.52,0.22,2.01,60.0,2.2,6|3|0|0|2,07/27|07/26|07/25|07/24|07/22,1.7,6|3|0|0|2|1|0|2|1|2,07/27|07/26|07/25|07/24|07/22|07/21|07/20|07/19|07/18|07/16,1.8,6|3|0|0|2|1|0|2|1|2|2|0|2|2|4,07/27|07/26|07/25|07/24|07/22|07/21|07/20|07/19|07/18|07/16|07/12|07/11|07/10|07/09|07/08,82.0,55.3,32.0,16.8,8.1,3.8,1.6,2.04,109.0
2026-07-28,Seattle Mariners @ Los Angeles Dodgers,UNIQLO Field at Dodger Stadium,1.0,1.0,,,,,,,Unavailable,0.0,0.0,50.0,C,40.0,Seattle Mariners,Julio Rodríguez,Unknown,0.0,0,0,3.8,1.0,1.06,0.46,0.46,2.01,60.0,1.4,2|3|0|1|1,07/27|07/26|07/25|07/24|07/22,1.5,2|3|0|1|1|3|2|2|1|0,07/27|07/26|07/25|07/24|07/22|07/21|07/20|07/19|07/18|07/02,2.0,2|3|0|1|1|3|2|2|1|0|5|1|4|3|2,07/27|07/26|07/25|07/24|07/22|07/21|07/20|07/19|07/18|07/02|06/30|06/29|06/28|06/27|06/26,82.8,56.2,31.9,16.8,7.8,3.3,1.5,2.37,120.8
2026-07-28,Toronto Blue Jays @ Washington Nationals,Nationals Park,1.0,1.005,78.2,86.0,9.7,NNW,347.0,41.0,Overcast,2.1,3.1,54.7,C,92.0,Washington Nationals,Jacob Young,Shane Bieber,0.0,0,0,4.0,1.14,1.04,0.56,0.4,2.01,40.0,1.6,5|3|0|0|0,07/26|07/25|07/24|07/22|07/21,1.9,5|3|0|0|0|5|1|4|1|0,07/26|07/25|07/24|07/22|07/21|07/20|07/19|07/17|07/10|07/07,1.67,5|3|0|0|0|5|1|4|1|0|2|4|0|0|0,07/26|07/25|07/24|07/22|07/21|07/20|07/19|07/17|07/10|07/07|07/06|07/01|06/30|06/29|06/28,82.9,55.4,31.9,16.4,7.9,3.6,1.5,1.97,99.6
2026-07-28,Cleveland Guardians @ Cincinnati Reds,Great American Ball Park,1.045,1.006,83.3,55.0,11.4,N,350.0,0.0,Clear,2.9,4.2,56.4,C,92.0,Cincinnati Reds,Eugenio Suárez,Gavin Williams,0.0,0,3,4.6,0.89,0.8,0.59,0.6,1.99,46.7,1.6,0|0|5|3|0,07/26|07/25|07/24|07/21|07/20,2.2,0|0|5|3|0|2|0|4|4|4,07/26|07/25|07/24|07/21|07/20|07/19|07/18|07/17|07/12|07/11,1.8,0|0|5|3|0|2|0|4|4|4|1|0|0|3|1,07/26|07/25|07/24|07/21|07/20|07/19|07/18|07/17|07/12|07/11|07/10|07/09|07/08|07/07|07/05,82.7,55.9,31.7,16.6,7.3,2.9,1.1,2.23,111.2
2026-07-28,Texas Rangers @ Tampa Bay Rays,Tropicana Field,1.0,1.0,,,,,,,Roof / indoor neutral,0.0,0.0,50.0,Roof,95.0,Tampa Bay Rays,Ben Williamson,Unknown,0.0,0,0,5.0,1.0,1.31,0.35,0.35,2.0,26.7,1.0,1|0|3|0|1,07/26|07/25|07/24|07/23|07/22,1.8,1|0|3|0|1|6|0|1|0|6,07/26|07/25|07/24|07/23|07/22|07/21|07/18|07/17|07/17|07/11,1.53,1|0|3|0|1|6|0|1|0|6|3|0|0|1|1,07/26|07/25|07/24|07/23|07/22|07/21|07/18|07/17|07/17|07/11|07/09|07/08|07/07|07/05|07/03,81.4,54.7,31.6,16.4,8.5,4.1,1.9,1.75,87.0
2026-07-28,Atlanta Braves @ New York Mets,Citi Field,1.0,1.004,76.2,81.0,15.1,SSE,159.0,44.0,Partly cloudy,1.7,2.4,53.6,C,84.0,New York Mets,Tyrone Taylor,Chris Sale,0.333,2,6,3.7,0.85,0.72,0.61,0.66,1.99,46.7,3.8,9|5|3|1|1,07/27|07/26|07/25|07/22|07/19,2.4,9|5|3|1|1|4|0|1|0|0,07/27|07/26|07/25|07/22|07/19|07/18|07/16|07/12|07/11|07/10,2.4,9|5|3|1|1|4|0|1|0|0|4|1|1|3|3,07/27|07/26|07/25|07/22|07/19|07/18|07/16|07/12|07/11|07/10|07/09|07/08|07/06|07/05|07/04,83.5,55.8,31.4,15.7,7.1,2.9,1.3,3.02,138.8
2026-07-28,Atlanta Braves @ New York Mets,Citi Field,1.0,1.004,76.2,81.0,15.1,SSE,159.0,44.0,Partly cloudy,1.7,2.4,53.6,C,84.0,Atlanta Braves,Ronald Acuña Jr.,Christian Scott,0.0,0,3,3.7,0.86,0.78,0.56,0.61,1.95,60.0,1.8,2|0|0|4|3,07/27|06/09|06/07|06/06|06/05,2.4,2|0|0|4|3|2|1|1|5|6,07/27|06/09|06/07|06/06|06/05|06/04|06/03|06/02|05/31|05/30,2.33,2|0|0|4|3|2|1|1|5|6|3|6|0|2|0,07/27|06/09|06/07|06/06|06/05|06/04|06/03|06/02|05/31|05/30|05/29|05/28|05/27|05/26|05/24,82.3,54.6,31.4,15.5,6.8,2.9,1.1,2.9,138.9
2026-07-28,Toronto Blue Jays @ Washington Nationals,Nationals Park,1.0,1.005,78.2,86.0,9.7,NNW,347.0,41.0,Overcast,2.1,3.1,54.7,C,92.0,Toronto Blue Jays,Vladimir Guerrero Jr.,Cade Cavalli,0.0,0,0,3.7,0.96,0.99,0.44,0.56,1.99,46.7,2.6,1|0|6|3|3,07/27|07/26|07/25|07/24|07/23,1.7,1|0|6|3|3|1|0|0|0|3,07/27|07/26|07/25|07/24|07/23|07/22|07/21|07/20|07/19|07/18,2.13,1|0|6|3|3|1|0|0|0|3|1|0|6|4|4,07/27|07/26|07/25|07/24|07/23|07/22|07/21|07/20|07/19|07/18|07/17|07/12|07/11|07/10|07/08,82.7,55.8,31.3,16.2,7.8,3.5,1.4,2.57,123.0
2026-07-28,Arizona Diamondbacks @ Pittsburgh Pirates,PNC Park,0.982,1.006,79.0,73.0,3.2,NW,309.0,10.0,Rain showers,2.6,3.7,55.6,C,92.0,Arizona Diamondbacks,Geraldo Perdomo,Bubba Chandler,0.0,0,2,4.6,1.05,0.75,0.75,0.42,1.95,46.7,1.2,2|4|0|0|0,07/27|07/26|07/25|07/24|07/23,1.3,2|4|0|0|0|0|1|2|4|0,07/27|07/26|07/25|07/24|07/23|07/22|07/21|07/20|07/19|07/18,1.53,2|4|0|0|0|0|1|2|4|0|1|1|2|3|3,07/27|07/26|07/25|07/24|07/23|07/22|07/21|07/20|07/19|07/18|07/17|07/12|07/11|07/10|07/09,82.2,53.9,31.3,15.6,7.0,3.0,1.2,1.88,98.3
2026-07-28,Baltimore Orioles @ Detroit Tigers,Comerica Park,0.982,1.005,80.5,48.0,13.8,NNW,346.0,0.0,Mainly clear,2.4,3.4,55.2,C,92.0,Detroit Tigers,Riley Greene,Dean Kremer,0.667,2,3,3.7,1.09,0.77,0.7,0.49,1.94,53.3,1.8,2|2|3|1|1,07/27|07/26|07/25|07/24|07/23,2.2,2|2|3|1|1|2|0|7|3|1,07/27|07/26|07/25|07/24|07/23|07/22|07/21|07/20|07/19|07/18,1.87,2|2|3|1|1|2|0|7|3|1|2|1|0|3|0,07/27|07/26|07/25|07/24|07/23|07/22|07/21|07/20|07/19|07/18|07/17|07/12|07/11|07/10|07/09,81.3,54.4,30.9,15.4,7.1,3.2,1.3,2.3,115.5
2026-07-28,Kansas City Royals @ Minnesota Twins,Target Field,0.988,1.009,91.6,32.0,7.2,NNW,346.0,1.0,Clear,4.2,6.1,59.3,B,92.0,Kansas City Royals,Jac Caglianone,Taj Bradley,0.2,1,5,4.6,0.92,0.96,0.52,0.44,1.93,53.3,0.0,0|0|0|0|0,07/26|07/25|07/24|07/21|07/20,1.1,0|0|0|0|0|5|2|1|1|2,07/26|07/25|07/24|07/21|07/20|07/19|07/18|07/17|07/12|07/11,1.73,0|0|0|0|0|5|2|1|1|2|4|2|2|2|5,07/26|07/25|07/24|07/21|07/20|07/19|07/18|07/17|07/12|07/11|07/10|07/09|07/08|07/07|07/06,82.2,54.4,30.7,15.2,6.7,2.7,0.9,2.07,107.4
2026-07-28,Toronto Blue Jays @ Washington Nationals,Nationals Park,1.0,1.005,78.2,86.0,9.7,NNW,347.0,41.0,Overcast,2.1,3.1,54.7,C,92.0,Washington Nationals,Luis García Jr.,Shane Bieber,0.0,0,3,3.7,1.14,1.11,0.3,0.52,1.93,46.7,1.8,3|2|0|0|4,07/27|07/26|07/25|07/24|07/22,1.2,3|2|0|0|4|2|1|0|0|0,07/27|07/26|07/25|07/24|07/22|07/21|07/20|07/19|07/18|07/12,1.73,3|2|0|0|4|2|1|0|0|0|1|0|8|2|3,07/27|07/26|07/25|07/24|07/22|07/21|07/20|07/19|07/18|07/12|07/11|07/10|07/08|07/07|07/06,81.0,53.9,30.7,15.4,7.0,3.1,1.4,2.05,104.3
2026-07-28,New York Yankees @ Chicago White Sox,Rate Field,1.0,1.0,,,,,,,Unavailable,0.0,0.0,50.0,C,40.0,Chicago White Sox,Miguel Vargas,Gerrit Cole,0.0,0,2,3.7,0.93,0.84,0.66,0.42,1.91,46.7,1.8,2|4|2|1|0,07/27|07/26|07/25|07/24|07/22,2.1,2|4|2|1|0|1|7|1|1|2,07/27|07/26|07/25|07/24|07/22|07/21|07/20|07/19|07/18|07/17,2.13,2|4|2|1|0|1|7|1|1|2|3|0|8|0|0,07/27|07/26|07/25|07/24|07/22|07/21|07/20|07/19|07/18|07/17|07/12|07/11|07/10|07/09|07/08,81.8,53.9,30.5,14.6,6.3,2.5,0.9,2.59,123.2
2026-07-28,Seattle Mariners @ Los Angeles Dodgers,UNIQLO Field at Dodger Stadium,1.0,1.0,,,,,,,Unavailable,0.0,0.0,50.0,C,40.0,Seattle Mariners,Randy Arozarena,Unknown,0.0,0,0,3.7,1.0,0.9,0.65,0.39,1.94,53.3,2.6,3|5|1|2|2,07/27|07/26|07/25|07/24|07/22,1.9,3|5|1|2|2|0|3|2|1|0,07/27|07/26|07/25|07/24|07/22|07/21|07/20|07/19|07/18|07/17,2.0,3|5|1|2|2|0|3|2|1|0|5|1|1|4|0,07/27|07/26|07/25|07/24|07/22|07/21|07/20|07/19|07/18|07/17|07/12|07/11|07/10|07/09|07/08,82.0,54.9,30.4,14.9,6.6,2.7,1.1,2.4,119.1
2026-07-28,Cleveland Guardians @ Cincinnati Reds,Great American Ball Park,1.045,1.006,83.3,55.0,11.4,N,350.0,0.0,Clear,2.9,4.2,56.4,C,92.0,Cincinnati Reds,JJ Bleday,Gavin Williams,0.0,0,4,4.2,0.89,0.87,0.61,0.48,1.93,53.3,1.2,0|1|2|3|0,07/26|07/25|07/24|07/22|07/21,1.4,0|1|2|3|0|0|2|1|2|3,07/26|07/25|07/24|07/22|07/21|07/20|07/19|07/18|07/17|07/12,1.93,0|1|2|3|0|0|2|1|2|3|3|4|1|6|1,07/26|07/25|07/24|07/22|07/21|07/20|07/19|07/18|07/17|07/12|07/11|07/10|07/09|07/08|07/07,81.9,53.8,30.4,15.0,6.7,2.7,1.2,2.35,117.0
2026-07-28,Cleveland Guardians @ Cincinnati Reds,Great American Ball Park,1.045,1.007,81.9,80.0,9.1,NW,324.0,0.0,Mainly clear,3.0,4.3,56.6,C,92.0,Cincinnati Reds,Nathaniel Lowe,Slade Cecconi,0.333,2,6,3.7,1.15,0.99,0.31,0.62,1.91,46.7,3.0,5|2|0|3|5,07/26|07/24|07/22|07/21|07/19,2.2,5|2|0|3|5|2|4|0|0|1,07/26|07/24|07/22|07/21|07/19|07/18|07/11|07/07|07/04|07/02,1.67,5|2|0|3|5|2|4|0|0|1|1|0|0|2|0,07/26|07/24|07/22|07/21|07/19|07/18|07/11|07/07|07/04|07/02|06/30|06/28|06/27|06/26|06/24,81.1,53.5,30.2,14.8,6.6,2.9,1.1,2.01,102.7
2026-07-28,Philadelphia Phillies @ Miami Marlins,loanDepot park,0.978,1.0,,,,,,,Roof / indoor neutral,0.0,0.0,50.0,Roof,95.0,Miami Marlins,Jakob Marsee,Aaron Nola,0.667,2,3,4.2,1.2,0.96,0.61,0.35,1.9,26.7,1.4,5|0|1|1|0,07/27|07/26|07/25|07/24|07/21,0.9,5|0|1|1|0|1|1|0|0|0,07/27|07/26|07/25|07/24|07/21|07/20|07/19|07/17|07/12|07/11,1.47,5|0|1|1|0|1|1|0|0|0|1|5|0|4|3,07/27|07/26|07/25|07/24|07/21|07/20|07/19|07/17|07/12|07/11|07/10|07/09|07/08|07/07|07/05,80.8,53.6,30.0,15.0,6.8,2.7,0.8,1.74,86.3
2026-07-28,New York Yankees @ Chicago White Sox,Rate Field,1.0,1.0,,,,,,,Unavailable,0.0,0.0,50.0,C,40.0,Chicago White Sox,Munetaka Murakami,Gerrit Cole,0.0,0,0,3.7,0.93,0.72,0.72,0.48,1.92,46.7,3.6,2|12|1|2|1,07/27|07/26|07/25|07/24|07/22,2.5,2|12|1|2|1|1|3|0|1|2,07/27|07/26|07/25|07/24|07/22|07/21|07/20|07/19|07/18|07/17,2.13,2|12|1|2|1|1|3|0|1|2|1|0|3|0|3,07/27|07/26|07/25|07/24|07/22|07/21|07/20|07/19|07/18|07/17|07/12|07/11|07/10|05/29|05/28,81.9,53.4,30.0,14.9,7.0,2.9,1.1,2.64,124.8
2026-07-28,Atlanta Braves @ New York Mets,Citi Field,1.0,1.004,76.2,81.0,15.1,SSE,159.0,44.0,Partly cloudy,1.7,2.4,53.6,C,84.0,Atlanta Braves,Michael Harris II,Christian Scott,1.0,3,3,3.7,0.86,0.95,0.5,0.45,1.91,53.3,2.4,1|2|1|3|5,07/27|07/26|07/25|07/24|07/23,2.5,1|2|1|3|5|1|1|3|3|5,07/27|07/26|07/25|07/24|07/23|07/22|07/21|07/20|07/19|07/18,2.27,1|2|1|3|5|1|1|3|3|5|6|0|1|0|2,07/27|07/26|07/25|07/24|07/23|07/22|07/21|07/20|07/19|07/18|07/17|07/12|07/11|07/10|07/09,81.6,53.4,29.9,15.2,6.8,2.6,0.9,2.71,129.5
2026-07-28,Kansas City Royals @ Minnesota Twins,Target Field,0.988,1.009,91.6,32.0,7.2,NNW,346.0,1.0,Clear,4.2,6.1,59.3,B,92.0,Minnesota Twins,Royce Lewis,Seth Lugo,0.333,1,3,3.7,1.08,0.7,0.77,0.42,1.9,60.0,1.6,3|2|0|2|1,07/26|07/25|07/24|07/23|07/22,1.2,3|2|0|2|1|0|2|2|0|0,07/26|07/25|07/24|07/23|07/22|07/21|07/20|07/19|07/17|07/12,1.8,3|2|0|2|1|0|2|2|0|0|6|2|5|2|0,07/26|07/25|07/24|07/23|07/22|07/21|07/20|07/19|07/17|07/12|07/11|07/10|07/09|07/08|07/07,81.5,53.7,29.8,14.8,6.3,2.6,1.1,2.22,114.8
2026-07-28,Colorado Rockies @ San Diego Padres,Petco Park,0.965,1.004,77.9,70.0,7.0,WSW,253.0,0.0,Mainly clear,1.7,2.5,53.8,C,75.0,Colorado Rockies,Jake McCarthy,Michael King,0.2,1,5,4.0,0.85,0.94,0.46,0.52,1.89,60.0,2.0,0|3|2|1|4,07/26|07/25|07/24|07/22|07/21,2.5,0|3|2|1|4|3|2|6|1|3,07/26|07/25|07/24|07/22|07/21|07/20|07/19|07/18|07/17|07/12,2.2,0|3|2|1|4|3|2|6|1|3|1|4|0|1|2,07/26|07/25|07/24|07/22|07/21|07/20|07/19|07/18|07/17|07/12|07/11|07/10|07/09|07/08|07/07,81.3,53.9,29.8,14.3,6.4,2.3,1.0,2.66,130.3
2026-07-28,Milwaukee Brewers @ San Francisco Giants,Oracle Park,0.965,1.001,70.3,63.0,18.6,WNW,288.0,0.0,Clear,0.2,0.3,50.5,C,67.0,San Francisco Giants,Rafael Devers,Logan Henderson,0.0,0,0,3.7,0.85,0.7,0.48,0.69,1.9,40.0,3.6,0|0|9|7|2,07/27|07/26|07/25|07/24|07/22,2.2,0|0|9|7|2|0|1|0|3|0,07/27|07/26|07/25|07/24|07/22|07/21|07/20|07/19|07/18|07/17,2.33,0|0|9|7|2|0|1|0|3|0|1|0|7|5|0,07/27|07/26|07/25|07/24|07/22|07/21|07/20|07/19|07/18|07/17|07/12|07/11|07/10|07/09|07/08,81.5,54.1,29.8,14.5,6.2,2.4,0.9,2.95,133.5
2026-07-28,Houston Astros @ Los Angeles Angels,Angel Stadium,1.0,1.006,84.3,50.0,8.1,SW,233.0,0.0,Clear,2.7,4.0,56.0,C,75.0,Houston Astros,Jose Altuve,Reid Detmers,0.0,0,3,4.2,0.92,0.88,0.47,0.54,1.9,53.3,1.0,0|0|0|5|0,07/27|07/26|07/25|07/24|07/21,1.6,0|0|0|5|0|2|5|1|0|3,07/27|07/26|07/25|07/24|07/21|07/20|07/19|07/18|07/17|07/12,1.87,0|0|0|5|0|2|5|1|0|3|2|2|0|3|5,07/27|07/26|07/25|07/24|07/21|07/20|07/19|07/18|07/17|07/12|07/11|07/10|07/08|07/07|07/06,81.7,53.9,29.8,14.5,6.2,2.4,0.9,2.27,114.3
2026-07-28,Kansas City Royals @ Minnesota Twins,Target Field,0.988,1.009,91.6,32.0,7.2,NNW,346.0,1.0,Clear,4.2,6.1,59.3,B,92.0,Kansas City Royals,Isaac Collins,Taj Bradley,0.25,1,4,4.7,0.92,0.98,0.3,0.6,1.89,60.0,1.4,2|0|1|4|0,07/26|07/25|07/24|07/23|07/22,1.8,2|0|1|4|0|2|3|2|2|2,07/26|07/25|07/24|07/23|07/22|07/21|07/20|07/19|07/18|07/17,1.67,2|0|1|4|0|2|3|2|2|2|2|0|4|0|1,07/26|07/25|07/24|07/23|07/22|07/21|07/20|07/19|07/18|07/17|07/12|07/11|07/10|07/09|07/08,81.0,52.9,29.7,14.5,6.6,2.6,0.9,2.01,107.2
2026-07-28,Chicago Cubs @ St. Louis Cardinals,Busch Stadium,0.995,1.01,93.9,41.0,9.8,NNE,17.0,3.0,Overcast,4.6,6.7,60.1,B,92.0,Chicago Cubs,Carson Kelly,Unknown,0.0,0,0,4.8,1.0,0.76,0.59,0.5,1.89,40.0,1.6,3|1|0|0|4,07/27|07/26|07/24|07/22|07/21,1.5,3|1|0|0|4|0|2|0|1|4,07/27|07/26|07/24|07/22|07/21|07/20|07/19|07/17|07/12|07/11,1.47,3|1|0|0|4|0|2|0|1|4|0|0|4|2|1,07/27|07/26|07/24|07/22|07/21|07/20|07/19|07/17|07/12|07/11|07/10|07/09|07/08|07/05|07/03,80.9,53.2,29.7,14.6,6.5,2.7,1.0,1.81,93.3
2026-07-28,Texas Rangers @ Tampa Bay Rays,Tropicana Field,1.0,1.0,,,,,,,Roof / indoor neutral,0.0,0.0,50.0,Roof,95.0,Texas Rangers,Jake Burger,Griffin Jax,0.167,1,6,3.8,0.95,0.69,0.38,0.82,1.9,53.3,2.6,4|1|6|0|2,07/27|07/26|07/24|07/22|07/21,2.0,4|1|6|0|2|3|3|1|0|0,07/27|07/26|07/24|07/22|07/21|07/20|07/19|07/18|07/17|07/12,2.0,4|1|6|0|2|3|3|1|0|0|0|6|2|0|2,07/27|07/26|07/24|07/22|07/21|07/20|07/19|07/18|07/17|07/12|07/11|07/10|07/09|07/08|07/07,81.5,53.3,29.5,14.7,6.1,2.8,1.1,2.55,123.9
2026-07-28,Cleveland Guardians @ Cincinnati Reds,Great American Ball Park,1.045,1.007,81.9,80.0,9.1,NW,324.0,0.0,Mainly clear,3.0,4.3,56.6,C,92.0,Cincinnati Reds,Tyler Stephenson,Slade Cecconi,0.429,3,7,3.7,1.15,1.22,0.39,0.31,1.89,40.0,1.2,1|0|3|2|0,07/26|07/25|07/24|07/22|07/20,1.8,1|0|3|2|0|8|1|0|1|2,07/26|07/25|07/24|07/22|07/20|07/19|07/17|07/12|07/11|07/10,1.67,1|0|3|2|0|8|1|0|1|2|1|1|2|0|3,07/26|07/25|07/24|07/22|07/20|07/19|07/17|07/12|07/11|07/10|07/09|07/07|07/05|07/03|07/01,79.8,52.0,29.2,15.0,7.2,3.3,1.4,1.9,96.1
2026-07-28,Boston Red Sox @ Athletics,Sutter Health Park,1.01,1.01,97.2,19.0,7.2,WSW,254.0,0.0,Clear,4.6,6.7,60.1,B,75.0,Athletics,Jacob Wilson,Jake Bennett,0.0,0,0,4.0,0.85,1.02,0.48,0.36,1.87,53.3,0.4,0|1|0|0|1,07/27|07/26|07/25|07/24|07/22,2.3,0|1|0|0|1|4|4|3|8|2,07/27|07/26|07/25|07/24|07/22|07/21|07/20|07/19|07/18|07/17,2.07,0|1|0|0|1|4|4|3|8|2|1|2|2|3|0,07/27|07/26|07/25|07/24|07/22|07/21|07/20|07/19|07/18|07/17|07/12|07/11|07/10|07/09|07/08,80.6,52.1,29.1,14.5,6.5,2.8,1.1,2.43,119.3
2026-07-28,Baltimore Orioles @ Detroit Tigers,Comerica Park,0.982,1.005,80.5,48.0,13.8,NNW,346.0,0.0,Mainly clear,2.4,3.4,55.2,C,92.0,Detroit Tigers,Colt Keith,Dean Kremer,0.0,0,3,4.8,1.09,1.09,0.54,0.27,1.88,46.7,1.8,3|2|2|2|0,07/27|07/26|07/25|07/24|07/23,1.8,3|2|2|2|0|0|0|2|0|7,07/27|07/26|07/25|07/24|07/23|07/22|07/21|07/20|07/19|07/18,1.4,3|2|2|2|0|0|0|2|0|7|0|0|0|3|0,07/27|07/26|07/25|07/24|07/23|07/22|07/21|07/20|07/19|07/18|07/17|07/12|07/11|07/10|07/08,80.4,52.9,29.1,14.2,6.4,2.7,1.1,1.62,88.9
2026-07-28,Toronto Blue Jays @ Washington Nationals,Nationals Park,1.0,1.005,78.2,86.0,9.7,NNW,347.0,41.0,Overcast,2.1,3.1,54.7,C,92.0,Washington Nationals,Keibert Ruiz,Shane Bieber,0.0,0,3,3.7,1.14,0.81,0.67,0.37,1.86,46.7,0.8,0|1|0|2|1,07/27|07/25|07/24|07/22|07/21,1.3,0|1|0|2|1|0|3|0|3|3,07/27|07/25|07/24|07/22|07/21|07/20|07/18|07/12|07/10|07/08,1.67,0|1|0|2|1|0|3|0|3|3|0|3|0|7|2,07/27|07/25|07/24|07/22|07/21|07/20|07/18|07/12|07/10|07/08|07/07|07/05|07/03|06/30|06/29,80.8,52.4,28.9,14.1,6.0,2.3,0.9,2.01,102.4
2026-07-28,Arizona Diamondbacks @ Pittsburgh Pirates,PNC Park,0.982,1.006,79.0,73.0,3.2,NW,309.0,10.0,Rain showers,2.6,3.7,55.6,C,92.0,Arizona Diamondbacks,Ketel Marte,Bubba Chandler,0.333,1,3,3.8,1.05,0.83,0.55,0.48,1.86,53.3,2.0,1|3|0|3|3,07/27|07/26|07/25|07/24|07/22,2.4,1|3|0|3|3|2|4|3|4|1,07/27|07/26|07/25|07/24|07/22|07/21|07/20|07/19|07/18|07/17,1.8,1|3|0|3|3|2|4|3|4|1|0|0|2|0|1,07/27|07/26|07/25|07/24|07/22|07/21|07/20|07/19|07/18|07/17|07/12|07/11|07/10|07/09|07/08,80.5,52.1,28.8,13.8,6.4,2.7,1.2,2.19,110.9
2026-07-28,Seattle Mariners @ Los Angeles Dodgers,UNIQLO Field at Dodger Stadium,1.0,1.0,,,,,,,Unavailable,0.0,0.0,50.0,C,40.0,Los Angeles Dodgers,Kyle Tucker,Luis Castillo,0.25,3,12,4.0,1.12,0.94,0.43,0.51,1.85,40.0,1.8,0|3|5|1|0,07/26|07/25|07/24|07/22|07/21,1.2,0|3|5|1|0|0|2|1|0|0,07/26|07/25|07/24|07/22|07/21|07/19|07/19|07/17|07/12|07/11,1.47,0|3|5|1|0|0|2|1|0|0|1|3|0|4|2,07/26|07/25|07/24|07/22|07/21|07/19|07/19|07/17|07/12|07/11|07/10|07/08|07/07|07/06|07/05,81.0,52.6,28.2,13.5,6.0,2.5,1.0,1.77,91.7
2026-07-28,Boston Red Sox @ Athletics,Sutter Health Park,1.01,1.01,97.2,19.0,7.2,WSW,254.0,0.0,Clear,4.6,6.7,60.1,B,75.0,Athletics,Tyler Soderstrom,Jake Bennett,0.0,0,0,3.7,0.85,0.83,0.5,0.5,1.82,73.3,2.2,3|3|1|2|2,07/27|07/26|07/25|07/24|07/22,2.8,3|3|1|2|2|2|2|2|7|4,07/27|07/26|07/25|07/24|07/22|07/21|07/20|07/19|07/18|07/17,2.2,3|3|1|2|2|2|2|2|7|4|0|3|0|2|0,07/27|07/26|07/25|07/24|07/22|07/21|07/20|07/19|07/18|07/17|07/11|07/10|07/09|07/08|06/27,80.5,51.5,28.2,13.4,5.4,2.2,0.8,2.68,134.9
2026-07-28,Baltimore Orioles @ Detroit Tigers,Comerica Park,0.982,1.005,80.5,48.0,13.8,NNW,346.0,0.0,Mainly clear,2.4,3.4,55.2,C,92.0,Baltimore Orioles,Pete Alonso,Troy Melton,0.2,1,5,3.7,0.85,0.82,0.65,0.38,1.86,60.0,2.4,3|4|1|2|2,07/27|07/26|07/25|07/24|07/22,1.9,3|4|1|2|2|3|1|1|1|1,07/27|07/26|07/25|07/24|07/22|07/22|07/20|07/19|07/18|07/17,2.27,3|4|1|2|2|3|1|1|1|1|2|6|2|1|4,07/27|07/26|07/25|07/24|07/22|07/22|07/20|07/19|07/18|07/17|07/12|07/11|07/10|07/09|07/08,81.8,52.7,27.9,13.7,6.1,2.4,0.8,2.74,132.7
2026-07-28,Atlanta Braves @ New York Mets,Citi Field,1.0,1.004,76.2,81.0,15.1,SSE,159.0,44.0,Partly cloudy,1.7,2.4,53.6,C,84.0,Atlanta Braves,Ozzie Albies,Christian Scott,0.2,1,5,3.7,0.86,0.72,0.56,0.56,1.82,60.0,3.0,6|0|3|2|4,07/27|07/26|07/25|07/24|07/23,2.3,6|0|3|2|4|3|0|4|0|1,07/27|07/26|07/25|07/24|07/23|07/22|07/21|07/20|07/19|07/18,2.2,6|0|3|2|4|3|0|4|0|1|4|2|0|0|4,07/27|07/26|07/25|07/24|07/23|07/22|07/21|07/20|07/19|07/18|07/17|07/12|07/11|07/10|07/09,80.5,51.7,27.8,13.3,5.7,2.1,0.7,2.73,132.1
2026-07-28,Texas Rangers @ Tampa Bay Rays,Tropicana Field,1.0,1.0,,,,,,,Roof / indoor neutral,0.0,0.0,50.0,Roof,95.0,Tampa Bay Rays,Victor Mesa Jr.,Unknown,0.0,0,0,3.7,1.0,0.78,0.45,0.58,1.82,60.0,2.4,2|0|4|3|3,07/25|07/23|07/22|07/20|07/19,2.0,2|0|4|3|3|3|0|0|0|5,07/25|07/23|07/22|07/20|07/19|07/18|07/17|07/12|07/11|07/10,1.87,2|0|4|3|3|3|0|0|0|5|2|4|0|2|0,07/25|07/23|07/22|07/20|07/19|07/18|07/17|07/12|07/11|07/10|07/09|07/07|07/05|07/04|07/03,80.6,50.6,27.7,13.2,5.9,2.5,0.9,2.31,117.0
2026-07-28,Seattle Mariners @ Los Angeles Dodgers,UNIQLO Field at Dodger Stadium,1.0,1.0,,,,,,,Unavailable,0.0,0.0,50.0,C,40.0,Seattle Mariners,Josh Naylor,Unknown,0.0,0,0,4.0,1.0,1.19,0.56,0.07,1.83,46.7,1.8,2|2|0|1|4,07/27|07/26|07/25|07/24|07/22,1.9,2|2|0|1|4|3|1|4|1|1,07/27|07/26|07/25|07/24|07/22|07/21|07/20|07/19|07/18|07/17,1.73,2|2|0|1|4|3|1|4|1|1|2|1|1|2|1,07/27|07/26|07/25|07/24|07/22|07/21|07/20|07/19|07/18|07/17|07/12|07/11|07/10|07/09|07/08,79.2,50.5,27.7,13.6,6.6,2.9,1.3,1.93,99.0
2026-07-28,Houston Astros @ Los Angeles Angels,Angel Stadium,1.0,1.006,84.3,50.0,8.1,SW,233.0,0.0,Clear,2.7,4.0,56.0,C,75.0,Houston Astros,Yainer Diaz,Reid Detmers,0.333,5,15,3.7,0.92,0.73,0.6,0.47,1.8,46.7,1.0,1|0|1|2|1,07/26|07/25|07/22|07/20|07/19,1.4,1|0|1|2|1|0|2|1|4|2,07/26|07/25|07/22|07/20|07/19|07/18|07/12|07/11|07/10|07/08,1.8,1|0|1|2|1|0|2|1|4|2|6|4|0|0|3,07/26|07/25|07/22|07/20|07/19|07/18|07/12|07/11|07/10|07/08|07/06|07/04|07/03|07/01|06/30,80.1,51.3,27.7,12.5,5.3,1.9,0.7,2.21,109.1
2026-07-28,Baltimore Orioles @ Detroit Tigers,Comerica Park,0.982,1.005,80.5,48.0,13.8,NNW,346.0,0.0,Mainly clear,2.4,3.4,55.2,C,92.0,Detroit Tigers,Spencer Torkelson,Dean Kremer,0.0,0,7,3.7,1.09,0.63,0.49,0.7,1.8,33.3,1.0,4|1|0|0|0,07/27|07/26|07/25|07/24|07/23,2.2,4|1|0|0|0|6|0|3|0|8,07/27|07/26|07/25|07/24|07/23|07/22|07/21|07/20|07/19|07/18,1.73,4|1|0|0|0|6|0|3|0|8|0|0|0|4|0,07/27|07/26|07/25|07/24|07/23|07/22|07/21|07/20|07/19|07/18|07/17|07/12|07/11|07/10|07/09,80.1,51.3,27.5,12.7,5.5,2.1,0.7,2.21,104.4
2026-07-28,Cleveland Guardians @ Cincinnati Reds,Great American Ball Park,1.045,1.006,83.3,55.0,11.4,N,350.0,0.0,Clear,2.9,4.2,56.4,C,92.0,Cleveland Guardians,Patrick Bailey,Unknown,0.0,0,0,3.7,1.0,0.86,0.47,0.47,1.8,40.0,2.8,0|3|3|8|0,07/25|07/23|07/22|07/20|07/19,2.3,0|3|3|8|0|1|0|1|3|4,07/25|07/23|07/22|07/20|07/19|07/18|07/18|07/12|07/11|07/09,1.8,0|3|3|8|0|1|0|1|3|4|0|1|3|0|0,07/25|07/23|07/22|07/20|07/19|07/18|07/18|07/12|07/11|07/09|07/07|07/05|07/02|06/30|06/28,79.8,50.4,27.4,12.8,6.0,2.5,0.9,2.17,105.1
2026-07-28,Milwaukee Brewers @ San Francisco Giants,Oracle Park,0.965,1.001,70.3,63.0,18.6,WNW,288.0,0.0,Clear,0.2,0.3,50.5,C,67.0,San Francisco Giants,Luis Arraez,Logan Henderson,0.0,0,0,3.7,0.85,1.08,0.27,0.43,1.79,60.0,3.0,2|4|5|3|1,07/27|07/26|07/25|07/24|07/22,1.9,2|4|5|3|1|0|2|1|1|0,07/27|07/26|07/25|07/24|07/22|07/20|07/19|07/18|07/17|07/12,2.2,2|4|5|3|1|0|2|1|1|0|3|4|4|0|3,07/27|07/26|07/25|07/24|07/22|07/20|07/19|07/18|07/17|07/12|07/11|07/10|07/09|07/08|07/07,78.8,50.1,27.3,13.4,5.8,2.5,1.0,2.57,126.0
2026-07-28,Milwaukee Brewers @ San Francisco Giants,Oracle Park,0.965,1.001,70.3,63.0,18.6,WNW,288.0,0.0,Clear,0.2,0.3,50.5,C,67.0,Milwaukee Brewers,Jackson Chourio,Landen Roupp,0.25,1,4,3.7,0.95,0.85,0.72,0.24,1.79,40.0,1.8,1|5|1|1|1,07/27|07/26|07/25|07/24|07/22,1.9,1|5|1|1|1|1|1|2|5|1,07/27|07/26|07/25|07/24|07/22|07/21|07/20|07/19|07/18|07/17,2.0,1|5|1|1|1|1|1|2|5|1|5|2|0|4|0,07/27|07/26|07/25|07/24|07/22|07/21|07/20|07/19|07/18|07/17|07/12|07/11|07/11|07/09|07/08,79.0,50.5,27.3,13.2,5.8,2.2,0.9,2.37,112.1
2026-07-28,Atlanta Braves @ New York Mets,Citi Field,1.0,1.004,76.2,81.0,15.1,SSE,159.0,44.0,Partly cloudy,1.7,2.4,53.6,C,84.0,Atlanta Braves,Jim Jarvis,Christian Scott,0.0,0,0,4.4,0.86,0.79,0.53,0.46,1.79,46.7,0.4,0|0|0|2|0,07/27|07/26|07/25|07/24|07/23,1.3,0|0|0|2|0|4|5|0|0|2,07/27|07/26|07/25|07/24|07/23|07/22|07/21|07/20|07/19|07/18,1.8,0|0|0|2|0|4|5|0|0|2|5|2|0|1|6,07/27|07/26|07/25|07/24|07/23|07/22|07/21|07/20|07/19|07/18|07/17|07/12|07/11|07/10|07/09,79.8,50.9,27.2,12.9,5.4,2.0,0.9,2.19,108.3
2026-07-28,Kansas City Royals @ Minnesota Twins,Target Field,0.988,1.009,91.6,32.0,7.2,NNW,346.0,1.0,Clear,4.2,6.1,59.3,B,92.0,Kansas City Royals,Lane Thomas,Taj Bradley,0.0,0,7,4.2,0.92,0.88,0.34,0.54,1.76,46.7,1.2,3|0|0|0|3,07/26|07/25|07/24|07/23|07/22,1.8,3|0|0|0|3|0|2|0|5|5,07/26|07/25|07/24|07/23|07/22|07/21|07/20|07/19|07/18|07/17,1.73,3|0|0|0|3|0|2|0|5|5|4|0|0|3|1,07/26|07/25|07/24|07/23|07/22|07/21|07/20|07/19|07/18|07/17|07/12|07/11|07/10|07/09|07/08,79.3,50.2,27.0,11.7,5.0,1.9,0.7,2.1,104.9
2026-07-28,Boston Red Sox @ Athletics,Sutter Health Park,1.01,1.01,97.2,19.0,7.2,WSW,254.0,0.0,Clear,4.6,6.7,60.1,B,75.0,Athletics,Jeff McNeil,Jake Bennett,0.0,0,0,3.8,0.85,0.8,0.34,0.63,1.76,40.0,2.6,1|5|2|0|5,07/27|07/26|07/25|07/24|07/22,2.4,1|5|2|0|5|0|3|1|7|0,07/27|07/26|07/25|07/24|07/22|07/21|07/20|07/19|07/18|07/11,2.07,1|5|2|0|5|0|3|1|7|0|0|1|1|1|4,07/27|07/26|07/25|07/24|07/22|07/21|07/20|07/19|07/18|07/11|07/10|07/09|07/08|07/04|07/03,78.8,50.0,26.8,12.8,4.9,1.7,0.6,2.55,118.2
2026-07-28,Houston Astros @ Los Angeles Angels,Angel Stadium,1.0,1.006,84.3,50.0,8.1,SW,233.0,0.0,Clear,2.7,4.0,56.0,C,75.0,Los Angeles Angels,Nolan Schanuel,Peter Lambert,0.0,0,1,3.8,0.85,1.19,0.23,0.34,1.76,66.7,1.4,2|1|1|3|0,07/27|07/26|07/25|07/24|07/22,1.5,2|1|1|3|0|2|2|3|1|0,07/27|07/26|07/25|07/24|07/22|07/21|07/20|07/19|07/18|07/17,2.07,2|1|1|3|0|2|2|3|1|0|2|3|2|7|2,07/27|07/26|07/25|07/24|07/22|07/21|07/20|07/19|07/18|07/17|07/12|07/11|07/10|07/09|07/07,78.0,48.8,26.6,13.1,5.9,2.5,0.9,2.35,120.2
2026-07-28,Cleveland Guardians @ Cincinnati Reds,Great American Ball Park,1.045,1.006,83.3,55.0,11.4,N,350.0,0.0,Clear,2.9,4.2,56.4,C,92.0,Cleveland Guardians,Gabriel Arias,Unknown,0.0,0,0,4.2,1.0,0.98,0.46,0.31,1.75,40.0,1.6,1|3|0|2|2,07/25|07/24|07/23|07/21|07/19,1.6,1|3|0|2|2|0|0|1|4|3,07/25|07/24|07/23|07/21|07/19|07/18|07/18|07/12|07/11|07/09,1.53,1|3|0|2|2|0|0|1|4|3|0|0|6|0|1,07/25|07/24|07/23|07/21|07/19|07/18|07/18|07/12|07/11|07/09|07/08|07/07|07/05|07/04|07/03,78.2,49.3,26.5,12.4,5.3,2.0,0.8,1.79,91.4
2026-07-28,Kansas City Royals @ Minnesota Twins,Target Field,0.988,1.009,91.6,32.0,7.2,NNW,346.0,1.0,Clear,4.2,6.1,59.3,B,92.0,Kansas City Royals,Vinnie Pasquantino,Taj Bradley,0.091,1,11,3.7,0.92,0.98,0.55,0.24,1.77,73.3,2.2,4|0|2|2|3,07/25|07/24|07/23|07/22|07/21,1.8,4|0|2|2|3|1|2|3|1|0,07/25|07/24|07/23|07/22|07/21|07/20|07/18|07/17|07/12|07/11,1.93,4|0|2|2|3|1|2|3|1|0|2|2|2|2|3,07/25|07/24|07/23|07/22|07/21|07/20|07/18|07/17|07/12|07/11|06/13|06/12|06/11|06/10|06/09,78.8,49.4,26.5,12.5,5.6,2.6,0.9,2.25,119.2
2026-07-28,Philadelphia Phillies @ Miami Marlins,loanDepot park,0.978,1.0,,,,,,,Roof / indoor neutral,0.0,0.0,50.0,Roof,95.0,Philadelphia Phillies,Kyle Schwarber,Sandy Alcantara,0.244,10,41,3.7,0.99,0.92,0.49,0.35,1.76,46.7,2.2,2|4|2|1|2,07/27|07/26|07/25|07/24|07/22,1.7,2|4|2|1|2|0|0|0|5|1,07/27|07/26|07/25|07/24|07/22|07/21|07/20|07/19|07/18|07/16,1.67,2|4|2|1|2|0|0|0|5|1|3|1|0|1|3,07/27|07/26|07/25|07/24|07/22|07/21|07/20|07/19|07/18|07/16|07/12|07/11|07/10|07/09|07/08,79.5,50.0,26.3,12.1,5.2,2.1,0.7,1.97,100.3
2026-07-28,Cleveland Guardians @ Cincinnati Reds,Great American Ball Park,1.045,1.007,81.9,80.0,9.1,NW,324.0,0.0,Mainly clear,3.0,4.3,56.6,C,92.0,Cleveland Guardians,Steven Kwan,Chase Burns,0.0,0,0,3.7,0.85,1.12,0.4,0.23,1.75,60.0,2.0,1|1|2|3|3,07/26|07/25|07/23|07/22|07/21,2.4,1|1|2|3|3|1|3|5|3|2,07/26|07/25|07/23|07/22|07/21|07/20|07/19|07/18|07/18|07/12,2.07,1|1|2|3|3|1|3|5|3|2|3|1|1|2|0,07/26|07/25|07/23|07/22|07/21|07/20|07/19|07/18|07/18|07/12|07/11|07/10|07/09|07/08|07/07,78.0,48.8,26.2,12.8,5.6,2.4,0.9,2.34,117.5
2026-07-28,Milwaukee Brewers @ San Francisco Giants,Oracle Park,0.965,1.001,70.3,63.0,18.6,WNW,288.0,0.0,Clear,0.2,0.3,50.5,C,67.0,Milwaukee Brewers,Joey Ortiz,Landen Roupp,0.2,1,5,3.7,0.95,0.91,0.42,0.42,1.74,40.0,2.0,0|2|0|7|1,07/27|07/26|07/24|07/22|07/21,2.1,0|2|0|7|1|5|0|1|4|1,07/27|07/26|07/24|07/22|07/21|07/20|07/19|07/18|07/17|07/12,1.93,0|2|0|7|1|5|0|1|4|1|3|0|0|1|4,07/27|07/26|07/24|07/22|07/21|07/20|07/19|07/18|07/17|07/12|07/11|07/11|07/09|07/08|07/07,78.6,49.0,26.0,11.9,5.1,2.0,0.8,2.31,109.6
2026-07-28,Kansas City Royals @ Minnesota Twins,Target Field,0.988,1.009,91.6,32.0,7.2,NNW,346.0,1.0,Clear,4.2,6.1,59.3,B,92.0,Minnesota Twins,Josh Bell,Seth Lugo,0.154,2,13,4.2,1.08,1.08,0.5,0.17,1.74,40.0,1.2,1|0|0|3|2,07/25|07/24|07/23|07/22|07/21,1.2,1|0|0|3|2|3|1|1|1|0,07/25|07/24|07/23|07/22|07/21|07/20|07/19|07/18|07/17|07/12,1.4,1|0|0|3|2|3|1|1|1|0|1|3|0|2|3,07/25|07/24|07/23|07/22|07/21|07/20|07/19|07/18|07/17|07/12|07/11|07/10|07/09|07/08|07/07,77.5,48.8,26.0,12.6,5.5,2.4,0.9,1.59,84.3
2026-07-28,New York Yankees @ Chicago White Sox,Rate Field,1.0,1.0,,,,,,,Unavailable,0.0,0.0,50.0,C,40.0,Chicago White Sox,Sam Antonacci,Gerrit Cole,0.0,0,2,3.7,0.93,0.84,0.6,0.3,1.74,46.7,1.6,1|4|0|3|0,07/27|07/26|07/25|07/24|07/22,1.9,1|4|0|3|0|0|5|0|0|6,07/27|07/26|07/25|07/24|07/22|07/21|07/20|07/19|07/18|07/17,1.93,1|4|0|3|0|0|5|0|0|6|3|3|0|1|3,07/27|07/26|07/25|07/24|07/22|07/21|07/20|07/19|07/18|07/17|07/12|07/10|07/09|07/08|07/07,78.8,49.2,25.8,11.8,5.3,2.1,0.7,2.3,111.6
2026-07-28,Texas Rangers @ Tampa Bay Rays,Tropicana Field,1.0,1.0,,,,,,,Roof / indoor neutral,0.0,0.0,50.0,Roof,95.0,Tampa Bay Rays,Yandy Díaz,Unknown,0.0,0,0,3.7,1.0,0.78,0.58,0.39,1.75,53.3,1.2,0|3|0|2|1,07/26|07/25|07/24|07/23|07/22,2.0,0|3|0|2|1|7|5|0|2|0,07/26|07/25|07/24|07/23|07/22|07/21|07/20|07/19|07/18|07/17,1.8,0|3|0|2|1|7|5|0|2|0|0|3|2|0|2,07/26|07/25|07/24|07/23|07/22|07/21|07/20|07/19|07/18|07/17|07/17|07/12|07/11|07/10|07/09,80.0,49.5,25.8,12.1,5.0,1.9,0.8,2.18,109.8
2026-07-28,Baltimore Orioles @ Detroit Tigers,Comerica Park,0.982,1.005,80.5,48.0,13.8,NNW,346.0,0.0,Mainly clear,2.4,3.4,55.2,C,92.0,Baltimore Orioles,Gunnar Henderson,Troy Melton,0.0,0,3,4.2,0.85,0.81,0.62,0.31,1.74,46.7,1.4,1|0|3|0|3,07/27|07/26|07/25|07/24|07/22,1.6,1|0|3|0|3|1|4|3|1|0,07/27|07/26|07/25|07/24|07/22|07/22|07/20|07/19|07/18|07/17,1.87,1|0|3|0|3|1|4|3|1|0|5|3|2|1|1,07/27|07/26|07/25|07/24|07/22|07/22|07/20|07/19|07/18|07/17|07/12|07/11|07/10|07/09|07/08,78.5,49.3,25.4,11.8,5.4,2.1,0.7,2.23,109.2
2026-07-28,Kansas City Royals @ Minnesota Twins,Target Field,0.988,1.009,91.6,32.0,7.2,NNW,346.0,1.0,Clear,4.2,6.1,59.3,B,92.0,Kansas City Royals,Nick Loftin,Taj Bradley,0.0,0,0,3.7,0.92,0.89,0.42,0.41,1.73,60.0,2.2,2|3|2|1|3,07/26|07/25|07/24|07/23|07/22,1.8,2|3|2|1|3|3|2|0|0|2,07/26|07/25|07/24|07/23|07/22|07/21|07/20|07/19|07/18|07/17,1.93,2|3|2|1|3|3|2|0|0|2|0|0|3|1|7,07/26|07/25|07/24|07/23|07/22|07/21|07/20|07/19|07/18|07/17|07/11|07/10|07/09|07/08|07/07,78.7,48.8,25.4,11.9,4.9,1.9,0.7,2.31,116.5
2026-07-28,Kansas City Royals @ Minnesota Twins,Target Field,0.988,1.009,91.6,32.0,7.2,NNW,346.0,1.0,Clear,4.2,6.1,59.3,B,92.0,Kansas City Royals,Salvador Perez,Taj Bradley,0.273,3,11,3.7,0.92,0.65,0.45,0.58,1.72,46.7,1.8,0|3|2|0|4,07/26|07/25|07/24|07/23|07/22,2.1,0|3|2|0|4|1|4|1|4|2,07/26|07/25|07/24|07/23|07/22|07/21|07/20|07/19|07/18|07/17,1.73,0|3|2|0|4|1|4|1|4|2|1|1|1|0|2,07/26|07/25|07/24|07/23|07/22|07/21|07/20|07/19|07/18|07/17|07/12|07/11|07/10|07/09|07/08,78.4,49.1,25.4,11.2,4.6,1.8,0.7,2.17,107.0
2026-07-28,Seattle Mariners @ Los Angeles Dodgers,UNIQLO Field at Dodger Stadium,1.0,1.0,,,,,,,Unavailable,0.0,0.0,50.0,C,40.0,Los Angeles Dodgers,Max Muncy,Luis Castillo,0.0,0,13,3.8,1.12,0.67,0.37,0.67,1.71,40.0,2.2,1|0|4|4|2,07/26|07/25|07/22|07/21|07/20,1.8,1|0|4|4|2|0|3|4|0|0,07/26|07/25|07/22|07/21|07/20|07/19|07/19|07/17|07/12|07/11,1.53,1|0|4|4|2|0|3|4|0|0|1|0|4|0|0,07/26|07/25|07/22|07/21|07/20|07/19|07/19|07/17|07/12|07/11|07/08|07/07|07/06|07/05|07/04,78.5,49.0,25.3,11.6,4.4,1.6,0.6,1.93,96.2
2026-07-28,Milwaukee Brewers @ San Francisco Giants,Oracle Park,0.965,1.001,70.3,63.0,18.6,WNW,288.0,0.0,Clear,0.2,0.3,50.5,C,67.0,Milwaukee Brewers,Garrett Mitchell,Landen Roupp,0.0,0,3,4.0,0.95,0.85,0.52,0.32,1.72,46.7,0.4,0|1|0|1|0,07/27|07/25|07/24|07/22|07/21,1.7,0|1|0|1|0|4|0|6|3|2,07/27|07/25|07/24|07/22|07/21|07/20|07/19|07/18|07/17|07/12,1.73,0|1|0|1|0|4|0|6|3|2|1|2|2|3|1,07/27|07/25|07/24|07/22|07/21|07/20|07/19|07/18|07/17|07/12|07/11|07/11|07/09|07/08|07/07,78.4,48.6,25.3,11.7,4.8,1.8,0.6,2.06,103.0
2026-07-28,Baltimore Orioles @ Detroit Tigers,Comerica Park,0.982,1.005,80.5,48.0,13.8,NNW,346.0,0.0,Mainly clear,2.4,3.4,55.2,C,92.0,Detroit Tigers,Kevin McGonigle,Dean Kremer,0.0,0,0,3.7,1.09,1.05,0.42,0.21,1.7,40.0,1.4,2|3|0|1|1,07/27|07/26|07/25|07/23|07/22,1.6,2|3|0|1|1|1|1|3|4|0,07/27|07/26|07/25|07/23|07/22|07/21|07/20|07/19|07/18|07/17,1.6,2|3|0|1|1|1|1|3|4|0|0|1|4|1|2,07/27|07/26|07/25|07/23|07/22|07/21|07/20|07/19|07/18|07/17|07/12|07/11|07/10|07/09|07/08,77.2,47.5,25.0,11.9,5.3,2.0,0.8,1.82,92.0
2026-07-28,Atlanta Braves @ New York Mets,Citi Field,1.0,1.004,76.2,81.0,15.1,SSE,159.0,44.0,Partly cloudy,1.7,2.4,53.6,C,84.0,New York Mets,Francisco Alvarez,Chris Sale,0.0,0,2,4.2,0.85,0.94,0.31,0.44,1.68,66.7,2.0,2|1|3|2|2,07/27|07/25|07/24|07/22|07/20,2.0,2|1|3|2|2|0|6|2|0|2,07/27|07/25|07/24|07/22|07/20|07/18|07/16|07/11|07/10|07/09,1.8,2|1|3|2|2|0|6|2|0|2|2|3|0|2|0,07/27|07/25|07/24|07/22|07/20|07/18|07/16|07/11|07/10|07/09|07/08|07/06|07/04|07/03|07/01,77.5,47.4,24.9,11.0,4.4,1.9,0.6,2.13,112.1
2026-07-28,Toronto Blue Jays @ Washington Nationals,Nationals Park,1.0,1.005,78.2,86.0,9.7,NNW,347.0,41.0,Overcast,2.1,3.1,54.7,C,92.0,Washington Nationals,José Tena,Shane Bieber,0.0,0,0,3.7,1.14,0.89,0.52,0.3,1.7,53.3,1.2,0|0|3|3|0,07/27|07/24|07/22|07/21|07/20,1.1,0|0|3|3|0|0|2|2|0|1,07/27|07/24|07/22|07/21|07/20|07/18|07/17|07/12|07/11|07/08,1.53,0|0|3|3|0|0|2|2|0|1|3|2|1|4|2,07/27|07/24|07/22|07/21|07/20|07/18|07/17|07/12|07/11|07/08|07/07|07/05|07/04|07/03|06/30,78.4,47.8,24.8,11.6,4.8,2.0,0.7,1.81,96.3
2026-07-28,Atlanta Braves @ New York Mets,Citi Field,1.0,1.004,76.2,81.0,15.1,SSE,159.0,44.0,Partly cloudy,1.7,2.4,53.6,C,84.0,Atlanta Braves,Dominic Smith,Christian Scott,0.0,0,2,4.8,0.86,0.65,0.58,0.43,1.67,46.7,2.4,5|0|0|5|2,07/26|07/25|07/24|07/23|07/22,1.6,5|0|0|5|2|0|0|3|1|0,07/26|07/25|07/24|07/23|07/22|07/19|07/18|07/17|07/12|07/11,1.53,5|0|0|5|2|0|0|3|1|0|0|2|1|2|2,07/26|07/25|07/24|07/23|07/22|07/19|07/18|07/17|07/12|07/11|07/10|07/09|07/07|07/06|07/05,78.1,47.9,24.6,10.7,4.1,1.3,0.4,1.89,96.9
2026-07-28,Atlanta Braves @ New York Mets,Citi Field,1.0,1.004,76.2,81.0,15.1,SSE,159.0,44.0,Partly cloudy,1.7,2.4,53.6,C,84.0,Atlanta Braves,Matt Olson,Christian Scott,0.0,0,3,3.8,0.86,0.74,0.57,0.34,1.68,40.0,2.0,1|2|1|6|0,07/27|07/26|07/25|07/24|07/23,1.8,1|2|1|6|0|4|1|0|3|0,07/27|07/26|07/25|07/24|07/23|07/22|07/21|07/20|07/19|07/18,1.93,1|2|1|6|0|4|1|0|3|0|5|1|1|0|4,07/27|07/26|07/25|07/24|07/23|07/22|07/21|07/20|07/19|07/18|07/17|07/12|07/11|07/10|07/09,77.8,47.6,24.6,11.3,4.7,1.7,0.5,2.33,109.8
2026-07-28,Toronto Blue Jays @ Washington Nationals,Nationals Park,1.0,1.005,78.2,86.0,9.7,NNW,347.0,41.0,Overcast,2.1,3.1,54.7,C,92.0,Toronto Blue Jays,Kazuma Okamoto,Cade Cavalli,0.0,0,0,3.8,0.96,0.57,0.45,0.64,1.67,40.0,2.0,2|0|2|6|0,07/27|07/26|07/25|07/24|07/23,1.0,2|0|2|6|0|0|0|0|0|0,07/27|07/26|07/25|07/24|07/23|07/22|07/21|07/20|07/19|07/18,1.73,2|0|2|6|0|0|0|0|0|0|0|2|1|5|8,07/27|07/26|07/25|07/24|07/23|07/22|07/21|07/20|07/19|07/18|07/17|07/12|07/11|07/10|07/08,78.3,46.8,24.3,10.8,4.4,1.5,0.5,2.21,105.4
2026-07-28,Chicago Cubs @ St. Louis Cardinals,Busch Stadium,0.995,1.01,93.9,41.0,9.8,NNE,17.0,3.0,Overcast,4.6,6.7,60.1,B,92.0,Chicago Cubs,Michael Conforto,Unknown,0.0,0,0,3.8,1.0,0.66,0.53,0.47,1.68,33.3,1.4,3|0|0|0|4,07/26|07/25|07/24|07/22|07/21,0.8,3|0|0|0|4|0|0|1|0|0,07/26|07/25|07/24|07/22|07/21|07/20|07/19|07/17|07/10|07/09,1.67,3|0|0|0|4|0|0|1|0|0|3|1|2|0|11,07/26|07/25|07/24|07/22|07/21|07/20|07/19|07/17|07/10|07/09|07/08|07/07|07/04|07/03|07/01,77.8,47.3,24.3,10.8,4.5,1.8,0.7,2.06,97.9
2026-07-28,Kansas City Royals @ Minnesota Twins,Target Field,0.988,1.009,91.6,32.0,7.2,NNW,346.0,1.0,Clear,4.2,6.1,59.3,B,92.0,Minnesota Twins,Luke Keaschall,Seth Lugo,0.5,2,4,3.8,1.08,0.93,0.43,0.29,1.64,53.3,1.2,1|0|2|3|0,07/26|07/24|07/23|07/22|07/21,1.6,1|0|2|3|0|1|1|3|3|2,07/26|07/24|07/23|07/22|07/21|07/19|07/18|07/17|07/12|07/11,1.53,1|0|2|3|0|1|1|3|3|2|0|0|3|2|2,07/26|07/24|07/23|07/22|07/21|07/19|07/18|07/17|07/12|07/11|07/10|07/09|07/08|07/07|07/05,76.6,45.7,24.2,10.8,4.2,1.6,0.6,1.79,95.0
2026-07-28,Baltimore Orioles @ Detroit Tigers,Comerica Park,0.982,1.005,80.5,48.0,13.8,NNW,346.0,0.0,Mainly clear,2.4,3.4,55.2,C,92.0,Detroit Tigers,Gleyber Torres,Dean Kremer,0.5,1,2,4.4,1.09,0.92,0.41,0.33,1.67,40.0,0.6,0|0|0|2|1,07/27|07/26|07/25|07/24|07/23,0.9,0|0|0|2|1|0|3|0|3|0,07/27|07/26|07/25|07/24|07/23|07/21|07/20|06/15|06/13|06/12,1.33,0|0|0|2|1|0|3|0|3|0|3|4|4|0|0,07/27|07/26|07/25|07/24|07/23|07/21|07/20|06/15|06/13|06/12|06/11|06/10|06/09|06/07|06/06,77.5,47.2,24.2,10.9,4.4,1.9,0.8,1.57,83.1
2026-07-28,Chicago Cubs @ St. Louis Cardinals,Busch Stadium,0.995,1.01,93.9,41.0,9.8,NNE,17.0,3.0,Overcast,4.6,6.7,60.1,B,92.0,Chicago Cubs,Ian Happ,Unknown,0.0,0,0,4.6,1.0,0.97,0.4,0.32,1.67,40.0,1.0,0|1|0|2|2,07/27|07/26|07/25|07/24|07/22,1.5,0|1|0|2|2|3|4|1|1|1,07/27|07/26|07/25|07/24|07/22|07/21|07/20|07/19|07/18|07/17,1.4,0|1|0|2|2|3|4|1|1|1|0|2|1|2|1,07/27|07/26|07/25|07/24|07/22|07/21|07/20|07/19|07/18|07/17|07/12|07/11|07/10|07/09|07/08,77.4,47.4,24.1,11.3,4.5,1.7,0.6,1.63,85.3
2026-07-28,Boston Red Sox @ Athletics,Sutter Health Park,1.01,1.01,97.2,19.0,7.2,WSW,254.0,0.0,Clear,4.6,6.7,60.1,B,75.0,Boston Red Sox,Jarren Duran,Gage Jump,0.0,0,0,3.7,1.1,0.65,0.29,0.72,1.66,40.0,1.8,0|6|0|3|0,07/27|07/26|07/25|07/24|07/22,1.6,0|6|0|3|0|4|2|0|1|0,07/27|07/26|07/25|07/24|07/22|07/22|07/20|07/19|07/18|07/17,1.53,0|6|0|3|0|4|2|0|1|0|5|2|0|0|0,07/27|07/26|07/25|07/24|07/22|07/22|07/20|07/19|07/18|07/17|07/17|07/12|07/11|07/10|07/09,77.0,47.5,24.1,10.6,4.1,1.5,0.4,1.95,96.5
2026-07-28,Milwaukee Brewers @ San Francisco Giants,Oracle Park,0.965,1.001,70.3,63.0,18.6,WNW,288.0,0.0,Clear,0.2,0.3,50.5,C,67.0,San Francisco Giants,Willy Adames,Logan Henderson,0.0,0,0,3.7,0.85,0.59,0.48,0.59,1.67,53.3,1.8,2|3|1|0|3,07/27|07/26|07/25|07/24|07/22,2.3,2|3|1|0|3|0|4|1|3|6,07/27|07/26|07/25|07/24|07/22|07/21|07/20|07/19|07/18|07/17,2.07,2|3|1|0|3|0|4|1|3|6|4|0|0|4|0,07/27|07/26|07/25|07/24|07/22|07/21|07/20|07/19|07/18|07/17|07/12|07/11|07/10|07/09|07/08,78.1,47.6,24.1,10.8,4.4,1.6,0.5,2.61,124.3
2026-07-28,Philadelphia Phillies @ Miami Marlins,loanDepot park,0.978,1.0,,,,,,,Roof / indoor neutral,0.0,0.0,50.0,Roof,95.0,Miami Marlins,Leo Jiménez,Aaron Nola,0.0,0,0,3.7,1.2,0.69,0.53,0.46,1.66,33.3,0.2,0|0|0|1|0,07/26|07/24|07/21|07/20|07/19,1.2,0|0|0|1|0|4|0|0|3|4,07/26|07/24|07/21|07/20|07/19|07/18|07/17|07/12|07/10|07/09,1.47,0|0|0|1|0|4|0|0|3|4|4|0|0|0|6,07/26|07/24|07/21|07/20|07/19|07/18|07/17|07/12|07/10|07/09|07/05|07/03|07/02|07/01|06/30,77.7,46.6,23.8,10.8,4.4,1.5,0.5,1.81,89.0
2026-07-28,Houston Astros @ Los Angeles Angels,Angel Stadium,1.0,1.006,84.3,50.0,8.1,SW,233.0,0.0,Clear,2.7,4.0,56.0,C,75.0,Los Angeles Angels,Mike Trout,Peter Lambert,0.0,0,1,4.0,0.85,0.95,0.42,0.24,1.63,46.7,2.0,1|5|2|1|1,07/27|07/26|07/25|07/24|07/22,1.4,1|5|2|1|1|2|0|0|1|1,07/27|07/26|07/25|07/24|07/22|07/21|07/20|07/19|07/18|07/17,1.8,1|5|2|1|1|2|0|0|1|1|2|3|2|5|1,07/27|07/26|07/25|07/24|07/22|07/21|07/20|07/19|07/18|07/17|07/12|07/11|07/09|07/08|06/17,76.0,46.1,23.6,10.2,4.4,1.6,0.7,2.07,102.6
2026-07-28,Baltimore Orioles @ Detroit Tigers,Comerica Park,0.982,1.005,80.5,48.0,13.8,NNW,346.0,0.0,Mainly clear,2.4,3.4,55.2,C,92.0,Baltimore Orioles,Coby Mayo,Troy Melton,0.0,0,0,4.7,0.85,0.62,0.55,0.48,1.64,46.7,2.0,7|1|0|2|0,07/27|07/26|07/24|07/22|07/20,1.9,7|1|0|2|0|4|0|2|0|3,07/27|07/26|07/24|07/22|07/20|07/19|07/18|07/17|07/12|07/11,1.6,7|1|0|2|0|4|0|2|0|3|0|3|0|2|0,07/27|07/26|07/24|07/22|07/20|07/19|07/18|07/17|07/12|07/11|07/09|07/08|07/07|07/05|07/01,76.9,46.8,23.5,10.5,4.4,1.6,0.5,1.99,100.0
2026-07-28,Atlanta Braves @ New York Mets,Citi Field,1.0,1.004,76.2,81.0,15.1,SSE,159.0,44.0,Partly cloudy,1.7,2.4,53.6,C,84.0,New York Mets,Marcus Semien,Chris Sale,0.333,6,18,3.7,0.85,0.68,0.43,0.55,1.65,33.3,3.2,8|5|0|0|3,07/27|07/26|07/25|07/24|07/22,1.8,8|5|0|0|3|1|0|0|1|0,07/27|07/26|07/25|07/24|07/22|07/21|07/19|07/18|06/24|06/24,1.8,8|5|0|0|3|1|0|0|1|0|1|0|0|4|4,07/27|07/26|07/25|07/24|07/22|07/21|07/19|07/18|06/24|06/24|06/23|06/21|06/20|06/18|06/17,77.7,46.7,23.4,10.3,4.2,1.7,0.6,2.24,104.1
2026-07-28,Toronto Blue Jays @ Washington Nationals,Nationals Park,1.0,1.005,78.2,86.0,9.7,NNW,347.0,41.0,Overcast,2.1,3.1,54.7,C,92.0,Toronto Blue Jays,Daulton Varsho,Cade Cavalli,0.0,0,0,4.6,0.96,1.0,0.46,0.15,1.63,40.0,1.6,0|2|3|3|0,07/27|07/26|07/25|07/24|07/23,1.3,0|2|3|3|0|0|2|1|1|1,07/27|07/26|07/25|07/24|07/23|07/22|07/21|07/20|07/19|07/18,1.4,0|2|3|3|0|0|2|1|1|1|0|2|1|0|5,07/27|07/26|07/25|07/24|07/23|07/22|07/21|07/20|07/19|07/18|07/17|07/12|07/11|07/10|07/08,74.9,45.7,23.2,10.8,4.9,2.0,0.7,1.59,83.4
2026-07-28,Chicago Cubs @ St. Louis Cardinals,Busch Stadium,0.995,1.01,93.9,41.0,9.8,NNE,17.0,3.0,Overcast,4.6,6.7,60.1,B,92.0,St. Louis Cardinals,Lars Nootbaar,Colin Rea,0.308,4,13,3.7,1.15,0.58,0.5,0.58,1.64,26.7,1.2,0|0|1|0|5,07/27|07/26|07/25|07/24|07/23,1.1,0|0|1|0|5|0|2|1|1|1,07/27|07/26|07/25|07/24|07/23|07/21|07/20|07/19|07/18|07/17,1.33,0|0|1|0|5|0|2|1|1|1|1|6|0|2|0,07/27|07/26|07/25|07/24|07/23|07/21|07/20|07/19|07/18|07/17|07/12|07/11|07/10|07/09|07/08,77.8,46.2,23.1,10.3,3.9,1.5,0.5,1.69,82.4
2026-07-28,Colorado Rockies @ San Diego Padres,Petco Park,0.965,1.004,77.9,70.0,7.0,WSW,253.0,0.0,Mainly clear,1.7,2.5,53.8,C,75.0,Colorado Rockies,Kyle Karros,Michael King,0.0,0,0,3.8,0.85,0.78,0.39,0.44,1.59,46.7,2.2,0|4|4|1|2,07/26|07/25|07/24|07/22|07/21,1.7,0|4|4|1|2|1|1|1|0|3,07/26|07/25|07/24|07/22|07/21|07/20|07/19|07/17|07/12|07/11,1.93,0|4|4|1|2|1|1|1|0|3|5|0|4|1|2,07/26|07/25|07/24|07/22|07/21|07/20|07/19|07/17|07/12|07/11|07/10|07/09|07/08|07/07|07/06,76.0,45.1,23.0,9.7,3.7,1.2,0.4,2.34,111.8
2026-07-28,Arizona Diamondbacks @ Pittsburgh Pirates,PNC Park,0.982,1.006,79.0,73.0,3.2,NW,309.0,10.0,Rain showers,2.6,3.7,55.6,C,92.0,Arizona Diamondbacks,Ryan Waldschmidt,Bubba Chandler,0.0,0,0,3.7,1.05,0.81,0.4,0.4,1.62,40.0,2.6,1|4|2|0|6,07/27|07/26|07/25|07/23|07/22,1.9,1|4|2|0|6|1|2|2|1|0,07/27|07/26|07/25|07/23|07/22|07/20|07/19|07/18|07/12|07/10,1.6,1|4|2|0|6|1|2|2|1|0|1|0|1|1|2,07/27|07/26|07/25|07/23|07/22|07/20|07/19|07/18|07/12|07/10|06/13|06/12|06/10|06/09|06/07,76.4,46.3,23.0,9.9,3.8,1.6,0.7,1.92,95.1
2026-07-28,Cleveland Guardians @ Cincinnati Reds,Great American Ball Park,1.045,1.006,83.3,55.0,11.4,N,350.0,0.0,Clear,2.9,4.2,56.4,C,92.0,Cleveland Guardians,Travis Bazzana,Unknown,0.0,0,0,3.7,1.0,0.79,0.4,0.4,1.61,40.0,0.4,0|2|0|0|0,07/26|07/25|07/24|07/23|07/22,1.8,0|2|0|0|0|3|6|0|5|2,07/26|07/25|07/24|07/23|07/22|07/21|07/20|07/19|07/18|07/18,1.6,0|2|0|0|0|3|6|0|5|2|2|1|1|1|1,07/26|07/25|07/24|07/23|07/22|07/21|07/20|07/19|07/18|07/18|07/12|07/11|07/10|07/09|07/08,75.9,45.5,22.9,10.3,4.2,1.7,0.6,1.92,94.9
2026-07-28,Atlanta Braves @ New York Mets,Citi Field,1.0,1.004,76.2,81.0,15.1,SSE,159.0,44.0,Partly cloudy,1.7,2.4,53.6,C,84.0,New York Mets,Bo Bichette,Chris Sale,0.167,1,6,4.8,0.85,1.07,0.36,0.21,1.63,46.7,2.2,4|3|3|0|1,07/27|07/26|07/25|07/24|07/22,1.9,4|3|3|0|1|2|3|3|0|0,07/27|07/26|07/25|07/24|07/22|07/21|07/20|07/19|07/18|07/16,1.53,4|3|3|0|1|2|3|3|0|0|0|0|1|1|2,07/27|07/26|07/25|07/24|07/22|07/21|07/20|07/19|07/18|07/16|07/12|07/11|07/09|07/08|07/07,76.5,45.9,22.9,11.0,4.5,1.7,0.6,1.73,90.7
2026-07-28,Houston Astros @ Los Angeles Angels,Angel Stadium,1.0,1.006,84.3,50.0,8.1,SW,233.0,0.0,Clear,2.7,4.0,56.0,C,75.0,Los Angeles Angels,Jorge Soler,Peter Lambert,0.333,1,3,4.7,0.85,0.56,0.35,0.7,1.62,46.7,2.0,0|4|0|2|4,07/27|07/26|07/25|07/24|07/21,1.2,0|4|0|2|4|0|1|1|0|0,07/27|07/26|07/25|07/24|07/21|07/20|07/19|07/18|07/17|07/12,1.53,0|4|0|2|4|0|1|1|0|0|3|2|2|3|1,07/27|07/26|07/25|07/24|07/21|07/20|07/19|07/18|07/17|07/12|07/11|07/10|07/09|07/07|07/05,76.8,45.9,22.9,10.0,3.8,1.4,0.5,1.97,99.1
2026-07-28,Milwaukee Brewers @ San Francisco Giants,Oracle Park,0.965,1.001,70.3,63.0,18.6,WNW,288.0,0.0,Clear,0.2,0.3,50.5,C,67.0,Milwaukee Brewers,Jake Bauers,Landen Roupp,0.5,1,2,3.7,0.95,0.66,0.6,0.36,1.6,33.3,2.4,1|5|5|1|0,07/27|07/26|07/25|07/24|07/22,1.4,1|5|5|1|0|1|1|0|0|0,07/27|07/26|07/25|07/24|07/22|07/21|07/20|07/19|07/18|07/17,1.8,1|5|5|1|0|1|1|0|0|0|2|0|4|7|0,07/27|07/26|07/25|07/24|07/22|07/21|07/20|07/19|07/18|07/17|07/12|07/11|07/11|07/09|07/08,76.1,45.4,22.7,9.5,3.8,1.4,0.5,2.2,102.3
2026-07-28,Texas Rangers @ Tampa Bay Rays,Tropicana Field,1.0,1.0,,,,,,,Roof / indoor neutral,0.0,0.0,50.0,Roof,95.0,Tampa Bay Rays,Cedric Mullins,Unknown,0.0,0,0,4.8,1.0,0.67,0.59,0.34,1.6,33.3,2.4,2|1|4|1|4,07/26|07/25|07/24|07/22|07/21,1.6,2|1|4|1|4|3|0|0|1|0,07/26|07/25|07/24|07/22|07/21|07/20|07/19|07/18|07/17|07/12,1.27,2|1|4|1|4|3|0|0|1|0|0|3|0|0|0,07/26|07/25|07/24|07/22|07/21|07/20|07/19|07/18|07/17|07/12|07/11|07/10|07/08|07/07|07/06,76.1,45.2,22.6,9.7,3.9,1.4,0.5,1.54,79.1
2026-07-28,Toronto Blue Jays @ Washington Nationals,Nationals Park,1.0,1.005,78.2,86.0,9.7,NNW,347.0,41.0,Overcast,2.1,3.1,54.7,C,92.0,Toronto Blue Jays,Alejandro Kirk,Cade Cavalli,0.0,0,0,5.0,0.96,1.01,0.17,0.42,1.58,40.0,1.8,0|2|1|2|4,07/27|07/26|07/24|07/23|07/22,1.2,0|2|1|2|4|2|0|0|1|0,07/27|07/26|07/24|07/23|07/22|07/20|07/19|07/18|07/17|07/12,1.27,0|2|1|2|4|2|0|0|1|0|4|2|1|0|0,07/27|07/26|07/24|07/23|07/22|07/20|07/19|07/18|07/17|07/12|07/11|07/10|07/08|07/06|07/05,75.0,44.6,22.3,9.8,4.1,1.7,0.6,1.47,78.8
2026-07-28,Philadelphia Phillies @ Miami Marlins,loanDepot park,0.978,1.0,,,,,,,Roof / indoor neutral,0.0,0.0,50.0,Roof,95.0,Miami Marlins,Liam Hicks,Aaron Nola,0.0,0,2,3.7,1.2,0.84,0.38,0.3,1.53,33.3,0.8,2|1|0|0|1,07/27|07/26|07/25|07/24|07/22,1.3,2|1|0|0|1|0|5|0|3|1,07/27|07/26|07/25|07/24|07/22|07/21|07/20|07/19|07/18|07/17,1.33,2|1|0|0|1|0|5|0|3|1|1|3|0|3|0,07/27|07/26|07/25|07/24|07/22|07/21|07/20|07/19|07/18|07/17|07/12|07/11|07/10|07/09|07/08,74.3,43.5,21.6,8.9,3.4,1.2,0.4,1.57,79.7
2026-07-28,Kansas City Royals @ Minnesota Twins,Target Field,0.988,1.009,91.6,32.0,7.2,NNW,346.0,1.0,Clear,4.2,6.1,59.3,B,92.0,Kansas City Royals,Tyler Tolbert,Taj Bradley,0.0,0,0,3.7,0.92,0.77,0.53,0.24,1.55,20.0,0.4,1|0|0|1|0,07/26|07/25|07/24|07/23|07/22,0.3,1|0|0|1|0|0|0|0|0|1,07/26|07/25|07/24|07/23|07/22|07/21|07/20|07/19|07/17|07/09,1.73,1|0|0|1|0|0|0|0|0|1|0|11|10|2|0,07/26|07/25|07/24|07/23|07/22|07/21|07/20|07/19|07/17|07/09|07/08|07/07|07/06|07/04|07/01,75.1,43.6,21.3,9.3,3.6,1.4,0.5,2.05,91.8
2026-07-28,Cleveland Guardians @ Cincinnati Reds,Great American Ball Park,1.045,1.007,81.9,80.0,9.1,NW,324.0,0.0,Mainly clear,3.0,4.3,56.6,C,92.0,Cincinnati Reds,Noelvi Marte,Slade Cecconi,0.0,0,2,3.7,1.15,0.68,0.31,0.54,1.53,33.3,0.8,2|0|0|0|2,07/26|07/25|07/21|07/20|07/18,0.5,2|0|0|0|2|0|1|0|0|0,07/26|07/25|07/21|07/20|07/18|07/17|07/12|07/11|07/10|07/09,1.33,2|0|0|0|2|0|1|0|0|0|7|0|1|3|4,07/26|07/25|07/21|07/20|07/18|07/17|07/12|07/11|07/10|07/09|07/08|07/05|07/03|07/02|07/01,74.4,43.8,21.2,8.8,3.4,1.3,0.4,1.65,82.5
2026-07-28,Arizona Diamondbacks @ Pittsburgh Pirates,PNC Park,0.982,1.006,79.0,73.0,3.2,NW,309.0,10.0,Rain showers,2.6,3.7,55.6,C,92.0,Pittsburgh Pirates,Ryan O'Hearn,Brandon Pfaadt,0.286,2,7,3.7,1.07,0.62,0.41,0.48,1.53,26.7,2.0,0|7|1|2|0,07/27|07/26|07/25|07/24|07/22,1.5,0|7|1|2|0|0|3|0|1|1,07/27|07/26|07/25|07/24|07/22|07/22|07/20|07/19|07/18|07/18,1.47,0|7|1|2|0|0|3|0|1|1|6|0|0|0|1,07/27|07/26|07/25|07/24|07/22|07/22|07/20|07/19|07/18|07/18|07/12|07/11|07/11|07/09|07/08,75.0,43.3,21.1,8.8,3.2,1.1,0.3,1.82,86.0
2026-07-28,Cleveland Guardians @ Cincinnati Reds,Great American Ball Park,1.045,1.006,83.3,55.0,11.4,N,350.0,0.0,Clear,2.9,4.2,56.4,C,92.0,Cleveland Guardians,Angel Martínez,Unknown,0.0,0,0,5.0,1.0,0.8,0.36,0.36,1.53,33.3,0.4,0|0|0|0|2,07/26|07/25|07/24|06/13|06/12,1.4,0|0|0|0|2|4|3|4|1|0,07/26|07/25|07/24|06/13|06/12|06/10|06/09|06/08|06/07|06/06,1.13,0|0|0|0|2|4|3|4|1|0|0|0|1|2|0,07/26|07/25|07/24|06/13|06/12|06/10|06/09|06/08|06/07|06/06|06/05|06/04|06/03|06/02|05/30,74.2,42.8,21.1,9.0,3.3,1.4,0.4,1.35,71.7
2026-07-28,Cleveland Guardians @ Cincinnati Reds,Great American Ball Park,1.045,1.007,81.9,80.0,9.1,NW,324.0,0.0,Mainly clear,3.0,4.3,56.6,C,92.0,Cincinnati Reds,Dane Myers,Slade Cecconi,0.0,0,0,5.0,1.15,1.03,0.21,0.31,1.54,33.3,1.0,1|0|3|0|1,07/26|07/24|07/22|07/21|07/20,1.2,1|0|3|0|1|3|0|0|2|2,07/26|07/24|07/22|07/21|07/20|07/19|07/18|07/17|06/29|06/27,1.0,1|0|3|0|1|3|0|0|2|2|0|0|1|2|0,07/26|07/24|07/22|07/21|07/20|07/19|07/18|07/17|06/29|06/27|06/26|06/24|06/22|06/20|06/17,74.7,42.8,20.8,9.0,4.0,1.5,0.6,1.14,64.4
2026-07-28,Cleveland Guardians @ Cincinnati Reds,Great American Ball Park,1.045,1.007,81.9,80.0,9.1,NW,324.0,0.0,Mainly clear,3.0,4.3,56.6,C,92.0,Cleveland Guardians,Patrick Bailey,Chase Burns,0.0,0,2,3.7,0.85,0.73,0.4,0.4,1.52,40.0,2.8,0|3|3|8|0,07/25|07/23|07/22|07/20|07/19,2.3,0|3|3|8|0|1|0|1|3|4,07/25|07/23|07/22|07/20|07/19|07/18|07/18|07/12|07/11|07/09,1.8,0|3|3|8|0|1|0|1|3|4|0|1|3|0|0,07/25|07/23|07/22|07/20|07/19|07/18|07/18|07/12|07/11|07/09|07/07|07/05|07/02|06/30|06/28,74.8,43.0,20.8,8.6,3.2,1.3,0.4,2.17,102.9
2026-07-28,Seattle Mariners @ Los Angeles Dodgers,UNIQLO Field at Dodger Stadium,1.0,1.0,,,,,,,Unavailable,0.0,0.0,50.0,C,40.0,Seattle Mariners,Cal Raleigh,Unknown,0.0,0,0,4.8,1.0,0.75,0.17,0.59,1.51,20.0,0.8,1|0|1|2|0,07/26|07/25|07/24|07/22|07/21,1.2,1|0|1|2|0|7|0|0|0|1,07/26|07/25|07/24|07/22|07/21|07/20|07/19|07/18|07/17|07/12,1.2,1|0|1|2|0|7|0|0|0|1|1|0|0|1|4,07/26|07/25|07/24|07/22|07/21|07/20|07/19|07/18|07/17|07/12|07/11|07/10|07/09|07/08|07/07,74.5,42.7,20.7,8.6,3.3,1.2,0.4,1.47,71.3
2026-07-28,Milwaukee Brewers @ San Francisco Giants,Oracle Park,0.965,1.001,70.3,63.0,18.6,WNW,288.0,0.0,Clear,0.2,0.3,50.5,C,67.0,San Francisco Giants,Bryce Eldridge,Logan Henderson,0.0,0,0,5.0,0.85,0.73,0.51,0.29,1.52,46.7,0.6,0|0|0|3|0,07/27|07/26|07/25|07/24|07/22,1.3,0|0|0|3|0|1|0|3|2|4,07/27|07/26|07/25|07/24|07/22|07/21|07/20|07/19|07/18|07/17,1.4,0|0|0|3|0|1|0|3|2|4|2|2|0|4|0,07/27|07/26|07/25|07/24|07/22|07/21|07/20|07/19|07/18|07/17|07/12|07/11|07/10|07/09|07/08,74.3,42.9,20.7,8.7,3.4,1.2,0.4,1.67,87.7
2026-07-28,New York Yankees @ Chicago White Sox,Rate Field,1.0,1.0,,,,,,,Unavailable,0.0,0.0,50.0,C,40.0,New York Yankees,Austin Wells,Anthony Kay,0.0,0,0,4.6,1.05,0.67,0.51,0.34,1.5,40.0,1.6,0|4|2|2|0,07/26|07/25|07/22|07/20|07/19,1.7,0|4|2|2|0|0|2|0|3|4,07/26|07/25|07/22|07/20|07/19|07/17|07/12|07/11|07/10|07/09,1.2,0|4|2|2|0|0|2|0|3|4|0|0|1|0|0,07/26|07/25|07/22|07/20|07/19|07/17|07/12|07/11|07/10|07/09|07/08|07/06|07/05|07/04|07/03,73.9,42.6,20.5,8.6,3.1,1.0,0.4,1.45,77.5
