Rank,Date,Game PK,Game Time UTC,Game Status,Venue,Matchup,Home/Away,Player ID,Player,Team,Opponent,Position,Bats,Confirmed Lineup,Lineup Spot,G,PA,AB,H,2B,3B,HR,R,RBI,BB,HBP,SO,AVG,OBP,SLG,OPS,L14 G,L14 PA,L14 AB,L14 H,L14 HR,L14 AVG,L14 HR/PA,L30 G,L30 PA,L30 AB,L30 H,L30 HR,L30 AVG,L30 HR/PA,Statcast BBE,L30 Statcast BBE,Barrel %,Hard Hit %,Pull %,Center %,Oppo %,Fly Ball %,Air Ball %,Pull Air %,Sweet Spot %,HR Launch %,Ideal HR Contact %,Ideal Contact %,HR/Barrel %,Avg Exit Velocity,Avg Launch Angle,xSLG on Contact,Avg Bat Speed,EV50,Max Exit Velocity,Fast Swing Rate %,Squared-Up Rate %,Blast Rate %,Ideal Attack Angle %,Power DNA Score,Power DNA Label,Power DNA Stars,Power Archetype,Swing Plane Grade,Swing Plane Label,Power Profile Score,Power Profile Label,Power Profile Multiplier,Power Profile Data Quality,L30 Barrel %,L30 Pull Air %,L30 EV50,L30 xSLG on Contact,Fast Swing Source,Squared-Up Source,Blast Source,Ideal Attack Angle Source,Barrels per PA,Barrels per PA %,Estimated xHR,xHR Minus Actual HR,HR Regression Label,AI Power Outlook,Raw HR/PA,Bayesian HR/PA,Expected PA,AB Since Last HR,Games Since Last HR,AB/HR,Due Ratio,Due Meter Pct,Due Label,Opposing SP ID,Opposing SP,Opposing SP Throws,Platoon,SP G,SP GS,SP IP,SP ERA,SP WHIP,SP HR,SP HR/9,SP K/9,SP BB/9,SP Statcast BBE,SP Barrel % Allowed,SP Hard Hit % Allowed,SP Fly Ball % Allowed,SP Pull Air % Allowed,SP Sweet Spot % Allowed,SP Avg EV Allowed,SP EV50 Allowed,SP Max EV Allowed,SP xSLG on Contact Allowed,SP Statcast HR Allowed,Pitch Type Matchup Score,Pitch Mix Coverage %,Weighted xSLG vs Pitch Mix,Weighted Barrel % vs Pitch Mix,Primary Pitch Matchup,Effective Batter Side,Handedness Matchup,Handedness Matchup Score,Hitter Split PA,Hitter Split AVG,Hitter Split OBP,Hitter Split SLG,Hitter Split OPS,Hitter Split HR,Hitter Split BB,Hitter Split K,Hitter HR/PA vs Hand,Hitter Barrel % vs Hand,Hitter xSLG vs Hand,Pitcher Split PA Allowed,Pitcher HR/PA Allowed vs Side,Pitcher Barrel % Allowed vs Side,Pitcher xSLG Allowed vs Side,Career BvP PA,Career BvP AB,Career BvP H,Career BvP Results,Career BvP AVG,Career BvP OBP,Career BvP SLG,Career BvP OPS,Career BvP HR,Career BvP BB,Career BvP K,Hitter vs Pitcher Matchup Score,Hitter vs Pitcher Matchup Label,Hitter vs Pitcher Matchup Band,Career BvP Component Score,Recent Pitch Mix Games,Recent Pitch Mix Source,Recent Pitch Mix Total,Recent Pitch 1 Name,Recent Pitch 1 Usage %,Recent Pitch 1 Count,Recent Pitch 2 Name,Recent Pitch 2 Usage %,Recent Pitch 2 Count,Recent Pitch 3 Name,Recent Pitch 3 Usage %,Recent Pitch 3 Count,Recent Pitch 4 Name,Recent Pitch 4 Usage %,Recent Pitch 4 Count,Recent Pitch 5 Name,Recent Pitch 5 Usage %,Recent Pitch 5 Count,Recent Pitch 6 Name,Recent Pitch 6 Usage %,Recent Pitch 6 Count,Weather Condition,Temperature F,Wind,Wind MPH,Roof Closed,Park HR Factor,Park Multiplier,Weather Multiplier,Environment Score,Pitch Fit Multiplier,Pitcher Contact Multiplier,Hitter Power Component,Hitter Power Primary Metric,Hitter Power Secondary Metric,Hitter Power Third Metric,Hitter Power Fourth Metric,Handedness Matchup Component,Pitcher Vulnerability Component,Pitch Type Component,Recent Power Component,Environment Component,Lineup Component,HR Target Score,Target Score Probability %,Recent Form Multiplier,Pitcher HR Multiplier,Platoon Multiplier,Legacy OPS/SLG Multiplier,Statcast Power Multiplier,Power Multiplier,Due Multiplier,Baseline HR Probability %,HR Probability %,Model Confidence %,HR Model Score,Grade,Data Quality,Recent Pitch 7 Name,Recent Pitch 7 Usage %,Recent Pitch 7 Count
1,2026-08-12,824562,2026-08-12T23:40:00Z,Scheduled,Rate Field,Cincinnati Reds @ Chicago White Sox,Home,808959,Munetaka Murakami,Chicago White Sox,Cincinnati Reds,1B,L,No,,83,363,299,71,12,0,26,61,54,62,1,122,0.237,0.369,0.538,0.907,11,50,45,10,3,0.222,0.06,23,104,88,22,6,0.25,0.0577,331,89,12.4,36.1,50.9,24.5,23.2,21.2,32.4,46.5,32.6,8.8,4.9,8.8,60.3,86.7,19.1,0.848,72.2,99.6,113.9,41.9,15.9,10.7,44.8,56.1,Average,3.0,Pull Power,A,Excellent HR swing plane,56.1,Average,1.017,Good,12.4,48.5,98.9,0.828,Derived proxy,Derived proxy,Derived proxy,Derived proxy,,,33.58,7.58,Strong positive regression,Average Pull Power profile. 12.4% barrel rate; 86.7 mph average exit velocity; 32.4% air-ball rate; 46.5% pull-air rate; 8.8% HR-launch rate.,0.0716,0.0618,4.17,8,2,11.5,0.7,69.6,Recently homered,695076.0,Rhett Lowder,R,LHB vs RHP,20,17,89.0,5.26,1.48,11,1.11,7.38,3.94,477.0,5.9,25.4,16.8,40.3,32.5,84.4,95.9,116.0,0.58,11.0,82.3,99.7,0.848,13.2,Sinker,L,LHB vs RHP,74.8,244,0.255,0.389,0.605,0.994,21,43,77,0.0861,14.6,0.904,251,0.0398,7.8,0.669,0,0,0,0/0,,,,,0,0,0,72.5,Strong Hitter Advantage,Above average,50.0,5,Pitch-level Statcast · last 5 MLB games,339,Slider,33.03834808259587,112.0,Sinker,28.023598820058996,95.0,Changeup,17.99410029498525,61.0,4-Seam Fastball,15.634218289085545,53.0,Curveball,5.014749262536873,17.0,Sweeper,0.2949852507374631,1.0,Unknown,,Unknown,,No,100.0,1.0,1.0,50.0,1.065,0.984,71.5,Current-Season Handedness Matchup,Pull Air %,Barrel %,Max Exit Velocity,74.8,39.2,82.3,71.5,50.0,45.0,62.4,10.05,0.982,1.002,1.025,1.03,1.017,1.048,1.0,23.35,17.03,85.0,43.0,C-,Lineup unconfirmed,,,
2,2026-08-12,823017,2026-08-12T18:15:00Z,Scheduled,Busch Stadium,Philadelphia Phillies @ St. Louis Cardinals,Away,656941,Kyle Schwarber,Philadelphia Phillies,St. Louis Cardinals,DH,L,No,,115,512,423,106,14,1,35,69,69,79,6,174,0.251,0.374,0.537,0.911,12,55,38,9,2,0.237,0.0364,22,98,73,17,3,0.233,0.0306,564,93,8.6,30.5,60.0,18.2,21.5,14.0,27.6,56.6,30.7,8.4,5.6,8.4,60.2,85.5,19.8,0.787,74.5,97.9,113.1,65.8,15.1,15.7,62.3,53.4,Average,3.0,Pull Power,A,Excellent HR swing plane,53.4,Average,1.01,Good,5.4,53.8,96.0,0.666,Derived proxy,Derived proxy,Derived proxy,Derived proxy,,,43.46,8.46,Strong positive regression,Average Pull Power profile. 8.6% barrel rate; 85.5 mph average exit velocity; 27.6% air-ball rate; 56.6% pull-air rate; 8.4% HR-launch rate.,0.0684,0.0615,4.23,6,2,12.1,0.5,49.6,Recently homered,681517.0,Kyle Leahy,R,LHB vs RHP,22,22,112.1,3.45,1.34,12,0.96,7.93,2.8,612.0,6.9,30.4,12.1,44.5,29.7,84.4,97.4,114.9,0.599,12.0,73.6,99.9,0.812,10.7,4-Seam Fastball,L,LHB vs RHP,65.2,321,0.228,0.356,0.517,0.873,23,52,117,0.0717,11.1,0.852,250,0.028,7.8,0.668,2,2,0,0/2,0.0,0.0,0.0,0.0,0,0,0,64.1,Slight Hitter Advantage,Above average,45.0,5,Pitch-level Statcast · last 5 MLB games,421,4-Seam Fastball,22.327790973871736,94.0,Curveball,18.28978622327791,77.0,Slider,16.8646080760095,71.0,Changeup,14.964370546318289,63.0,Sweeper,14.964370546318289,63.0,Sinker,12.589073634204276,53.0,Unknown,,Unknown,,No,100.0,1.0,1.0,50.0,1.047,0.994,66.6,Current-Season Handedness Matchup,Pull Air %,Barrel %,Max Exit Velocity,65.2,48.3,73.6,53.6,50.0,45.0,60.1,8.83,0.82,0.978,1.025,1.03,1.01,1.04,1.0,23.53,14.37,84.8,38.8,D+,Lineup unconfirmed,,,
3,2026-08-12,825047,2026-08-12T19:40:00Z,Scheduled,Chase Field,Colorado Rockies @ Arizona Diamondbacks,Away,696100,Hunter Goodman,Colorado Rockies,Arizona Diamondbacks,C,R,No,,110,456,411,104,16,1,34,68,69,38,4,151,0.253,0.32,0.545,0.865,10,39,37,9,3,0.243,0.0769,20,80,73,18,7,0.247,0.0875,539,85,9.0,28.1,47.0,29.9,22.6,20.0,29.4,48.9,26.2,7.6,5.0,7.6,77.6,83.0,22.6,0.754,73.7,96.1,113.7,46.8,12.2,10.2,62.8,46.8,Below Average,3.0,Pull Power,A-,Elevated power plane,46.8,Below Average,0.991,Good,9.4,40.7,94.6,0.781,Derived proxy,Derived proxy,Derived proxy,Derived proxy,,,39.44,5.44,Strong positive regression,Below Average Pull Power profile. 9.0% barrel rate; 83.0 mph average exit velocity; 29.4% air-ball rate; 48.9% pull-air rate; 7.6% HR-launch rate.,0.0746,0.0657,4.15,6,2,12.1,0.5,49.6,Recently homered,518876.0,Merrill Kelly,R,RHB vs RHP,21,21,120.0,4.88,1.47,23,1.73,6.0,3.75,687.0,8.2,29.5,14.8,47.8,31.9,83.7,97.0,114.6,0.661,23.0,60.6,99.6,0.704,9.6,Changeup,R,RHB vs RHP,65.1,308,0.242,0.302,0.555,0.857,26,21,98,0.0844,9.0,0.736,210,0.0381,7.6,0.631,14,13,3,3/13,0.231,0.286,0.462,0.748,1,1,3,60.5,Slight Hitter Advantage,Above average,49.8,5,Pitch-level Statcast · last 5 MLB games,443,Changeup,32.50564334085779,144.0,4-Seam Fastball,24.604966139954854,109.0,Cutter,13.318284424379232,59.0,Curveball,12.641083521444695,56.0,Sinker,10.15801354401806,45.0,Slider,6.772009029345372,30.0,Unknown,,Unknown,,No,100.0,1.0,1.0,50.0,1.021,1.007,64.1,Current-Season Handedness Matchup,Pull Air %,Barrel %,Max Exit Velocity,65.1,57.1,60.6,49.0,50.0,45.0,58.9,8.28,1.097,1.101,0.985,1.03,0.991,1.021,1.0,24.57,18.01,83.4,43.7,C-,Lineup unconfirmed,,,
4,2026-08-12,823672,2026-08-12T17:40:00Z,Scheduled,Target Field,Baltimore Orioles @ Minnesota Twins,Away,687952,Christian Encarnacion-Strand,Baltimore Orioles,Minnesota Twins,3B,R,No,,19,65,59,16,3,0,4,6,13,4,1,14,0.271,0.328,0.525,0.853,11,29,26,6,1,0.231,0.0345,19,65,59,16,4,0.271,0.0615,97,97,10.3,20.6,40.5,28.6,31.0,11.3,22.7,45.5,32.0,8.2,4.1,8.2,30.0,82.8,17.0,0.756,71.0,94.4,111.0,27.4,12.4,5.9,48.9,41.7,Below Average,2.5,Pull Power,A,Excellent HR swing plane,41.7,Below Average,0.977,Good,10.3,45.5,94.4,0.756,Derived proxy,Derived proxy,Derived proxy,Derived proxy,,,7.86,3.86,Positive regression,Below Average Pull Power profile. 10.3% barrel rate; 82.8 mph average exit velocity; 22.7% air-ball rate; 45.5% pull-air rate; 8.2% HR-launch rate.,0.0615,0.0424,4.15,0,0,14.8,0.0,0.0,Very recent HR,805673.0,Zebby Matthews,R,RHB vs RHP,15,15,86.0,5.23,1.34,17,1.78,7.64,2.93,473.0,7.6,27.7,14.6,48.9,30.4,85.0,96.7,112.8,0.573,17.0,76.9,87.3,0.846,10.7,4-Seam Fastball,R,RHB vs RHP,44.2,36,0.147,0.194,0.206,0.4,0,1,6,0.0,6.7,0.52,163,0.0552,6.2,0.546,0,0,0,0/0,,,,,0,0,0,56.8,Neutral Matchup,Average,50.0,5,Pitch-level Statcast · last 5 MLB games,465,4-Seam Fastball,38.924731182795696,181.0,Slider,23.010752688172044,107.0,Changeup,14.838709677419354,69.0,Curveball,10.96774193548387,51.0,Cutter,8.172043010752688,38.0,Sinker,4.086021505376344,19.0,Unknown,,Unknown,,No,100.0,1.0,1.0,50.0,1.054,1.001,55.7,Current-Season Handedness Matchup,Pull Air %,Barrel %,Max Exit Velocity,44.2,52.4,76.9,55.2,50.0,45.0,57.7,7.79,1.04,1.109,0.985,1.03,0.977,1.006,0.98,16.45,12.92,61.8,32.4,D,Small season sample; Lineup unconfirmed,,,
5,2026-08-12,823672,2026-08-12T17:40:00Z,Scheduled,Target Field,Baltimore Orioles @ Minnesota Twins,Away,691723,Coby Mayo,Baltimore Orioles,Minnesota Twins,3B,R,No,,94,306,280,60,11,3,15,40,45,22,3,100,0.214,0.278,0.436,0.714,10,31,30,9,1,0.3,0.0323,20,60,57,17,3,0.298,0.05,371,68,9.2,31.8,55.3,24.2,20.6,17.6,29.7,54.3,34.7,9.0,4.7,9.0,45.5,85.3,22.2,0.689,74.0,98.4,114.5,54.2,17.2,14.5,47.4,53.6,Average,3.0,Pull Power,A-,Elevated power plane,53.6,Average,1.01,Good,10.3,50.0,97.3,0.762,Derived proxy,Derived proxy,Derived proxy,Derived proxy,,,30.04,15.04,Strong positive regression,Average Pull Power profile. 9.2% barrel rate; 85.3 mph average exit velocity; 29.7% air-ball rate; 54.3% pull-air rate; 9.0% HR-launch rate.,0.049,0.0442,3.99,17,6,18.7,0.91,91.1,Near normal interval,805673.0,Zebby Matthews,R,RHB vs RHP,15,15,86.0,5.23,1.34,17,1.78,7.64,2.93,473.0,7.6,27.7,14.6,48.9,30.4,85.0,96.7,112.8,0.573,17.0,60.4,100.0,0.704,9.5,4-Seam Fastball,R,RHB vs RHP,37.9,197,0.181,0.239,0.308,0.546,4,12,70,0.0203,6.9,0.498,163,0.0552,6.2,0.546,0,0,0,0/0,,,,,0,0,0,48.2,Neutral Matchup,Average,50.0,5,Pitch-level Statcast · last 5 MLB games,465,4-Seam Fastball,38.924731182795696,181.0,Slider,23.010752688172044,107.0,Changeup,14.838709677419354,69.0,Curveball,10.96774193548387,51.0,Cutter,8.172043010752688,38.0,Sinker,4.086021505376344,19.0,Unknown,,Unknown,,No,100.0,1.0,1.0,50.0,1.021,1.001,61.0,Current-Season Handedness Matchup,Pull Air %,Barrel %,Max Exit Velocity,37.9,52.4,60.4,65.1,50.0,45.0,57.7,7.78,0.964,1.109,0.985,1.0,1.01,1.01,1.0,16.51,12.31,78.7,32.4,D,Lineup unconfirmed,,,
6,2026-08-12,823916,2026-08-13T02:10:00Z,Scheduled,UNIQLO Field at Dodger Stadium,Kansas City Royals @ Los Angeles Dodgers,Away,695506,Jac Caglianone,Kansas City Royals,Los Angeles Dodgers,RF,L,No,,112,435,402,108,21,2,21,53,53,28,4,115,0.269,0.322,0.488,0.81,12,49,48,19,5,0.396,0.102,22,86,83,25,6,0.301,0.0698,548,114,9.1,35.9,53.7,25.2,21.1,12.4,26.3,47.0,27.8,6.1,4.0,6.1,47.5,86.6,10.7,0.7,75.9,100.8,115.8,73.3,16.1,23.4,44.0,54.8,Average,3.0,Pull Power,A,Excellent HR swing plane,54.8,Average,1.013,Good,9.6,46.7,101.9,0.671,Derived proxy,Derived proxy,Derived proxy,Derived proxy,,,42.14,21.14,Strong positive regression,Average Pull Power profile. 9.1% barrel rate; 86.6 mph average exit velocity; 26.3% air-ball rate; 47.0% pull-air rate; 6.1% HR-launch rate.,0.0483,0.0448,4.15,4,1,19.1,0.21,20.9,Very recent HR,641778.0,Eric Lauer,L,LHB vs LHP,18,15,92.0,4.89,1.26,22,2.15,5.58,2.84,596.0,6.5,21.5,19.0,42.9,28.5,81.5,93.4,114.5,0.569,22.0,70.2,99.9,0.793,10.0,4-Seam Fastball,L,LHB vs LHP,47.7,125,0.248,0.272,0.446,0.718,6,1,38,0.048,5.1,0.586,86,0.0698,5.3,0.544,1,1,0,0/1,0.0,0.0,0.0,0.0,0,0,0,55.5,Neutral Matchup,Average,47.5,5,Pitch-level Statcast · last 5 MLB games,467,4-Seam Fastball,36.83083511777302,172.0,Cutter,26.980728051391864,126.0,Changeup,14.132762312633833,66.0,Slider,11.777301927194861,55.0,Curveball,10.278372591006423,48.0,,,,Unknown,,Unknown,,No,100.0,1.0,1.0,50.0,1.04,0.99,62.2,Current-Season Handedness Matchup,Pull Air %,Barrel %,Max Exit Velocity,47.7,40.3,70.2,69.7,50.0,45.0,56.9,7.48,1.35,1.168,0.985,1.0,1.013,1.013,0.98,17.31,15.98,83.9,39.7,D+,Lineup unconfirmed,,,
7,2026-08-12,824883,2026-08-12T23:15:00Z,Scheduled,Truist Park,New York Mets @ Atlanta Braves,Away,682626,Francisco Alvarez,New York Mets,Atlanta Braves,C,R,No,,83,307,267,68,10,0,13,29,29,33,4,83,0.255,0.344,0.438,0.782,10,40,31,7,1,0.226,0.025,19,75,58,15,4,0.259,0.0533,344,67,11.6,29.3,42.8,41.6,15.6,14.1,26.2,45.7,33.0,9.7,6.9,9.7,38.9,84.2,16.3,0.715,72.4,97.2,112.4,40.0,13.8,10.1,55.7,50.5,Average,3.0,Pull Power,A,Excellent HR swing plane,50.5,Average,1.001,Good,14.9,42.1,97.2,0.796,Derived proxy,Derived proxy,Derived proxy,Derived proxy,,,32.02,19.02,Strong positive regression,Average Pull Power profile. 11.6% barrel rate; 84.2 mph average exit velocity; 26.2% air-ball rate; 45.7% pull-air rate; 9.7% HR-launch rate.,0.0423,0.0394,4.05,6,2,20.5,0.29,29.2,Very recent HR,641816.0,Tyler Mahle,R,RHB vs RHP,19,19,100.2,4.83,1.36,14,1.25,8.76,3.49,530.0,4.2,22.3,15.3,37.5,28.9,82.6,94.7,110.5,0.523,14.0,85.9,99.9,0.933,15.0,4-Seam Fastball,R,RHB vs RHP,51.3,225,0.264,0.345,0.477,0.822,11,22,57,0.0489,10.3,0.676,198,0.0354,5.7,0.576,2,2,1,1/2,0.5,0.5,2.0,2.5,1,0,0,64.2,Slight Hitter Advantage,Above average,55.0,5,Pitch-level Statcast · last 5 MLB games,474,4-Seam Fastball,49.57805907172996,235.0,Split-Finger,25.738396624472575,122.0,Cutter,23.839662447257385,113.0,Slider,0.8438818565400844,4.0,,,,,,,Unknown,,Unknown,,No,103.0,1.03,1.0,55.4,1.072,0.967,61.6,Current-Season Handedness Matchup,Pull Air %,Barrel %,Max Exit Velocity,51.3,27.4,85.9,67.9,55.4,45.0,56.2,7.2,0.983,1.024,0.985,1.0,1.001,1.001,0.98,15.04,10.97,79.9,30.7,D,Lineup unconfirmed,,,
8,2026-08-12,823511,2026-08-12T23:05:00Z,Scheduled,Yankee Stadium,Seattle Mariners @ New York Yankees,Away,663728,Cal Raleigh,Seattle Mariners,New York Yankees,C,S,No,,86,363,314,50,8,0,12,26,43,43,3,117,0.159,0.264,0.299,0.563,10,39,34,4,1,0.118,0.0256,21,83,72,9,3,0.125,0.0361,506,102,11.1,25.8,56.8,17.5,25.6,15.5,22.7,54.3,31.2,8.7,3.9,8.7,24.0,85.4,28.2,0.618,73.1,97.3,119.7,48.6,13.6,11.8,45.0,50.3,Average,3.0,Pull Power,C+,High fly-ball plane,50.3,Average,1.001,Good,14.7,54.5,99.3,0.667,Derived proxy,Derived proxy,Derived proxy,Derived proxy,,,46.75,34.75,Strong positive regression,Average Pull Power profile. 11.1% barrel rate; 85.4 mph average exit velocity; 22.7% air-ball rate; 54.3% pull-air rate; 8.7% HR-launch rate.,0.0331,0.0328,3.87,18,6,26.2,0.69,68.8,Recently homered,701542.0,Will Warren,R,Switch vs RHP,23,22,114.0,4.18,1.37,15,1.18,9.0,2.92,611.0,4.4,26.8,12.6,46.4,28.8,84.0,96.4,116.9,0.565,15.0,49.9,99.8,0.607,9.1,4-Seam Fastball,L,LHB vs RHP,43.4,242,0.167,0.277,0.321,0.597,8,30,72,0.0331,9.5,0.597,282,0.0355,5.3,0.576,5,4,0,0/4,0.0,0.2,0.0,0.2,0,1,1,44.5,Neutral Matchup,Average,37.5,5,Pitch-level Statcast · last 5 MLB games,346,4-Seam Fastball,29.76878612716763,103.0,Sinker,21.09826589595376,73.0,Sweeper,19.07514450867052,66.0,Changeup,18.208092485549134,63.0,Curveball,11.84971098265896,41.0,,,,Unknown,,Unknown,,No,108.0,1.08,1.0,64.4,1.0,0.969,65.3,Current-Season Handedness Matchup,Pull Air %,Barrel %,Max Exit Velocity,43.4,37.8,49.9,80.8,64.4,45.0,56.0,7.14,0.97,1.013,1.035,0.94,1.001,0.941,1.0,12.11,9.38,83.6,26.7,F,Lineup unconfirmed,,,
9,2026-08-12,823672,2026-08-12T17:40:00Z,Scheduled,Target Field,Baltimore Orioles @ Minnesota Twins,Away,624413,Pete Alonso,Baltimore Orioles,Minnesota Twins,1B,R,No,,120,520,449,115,22,0,26,73,77,60,7,127,0.256,0.35,0.479,0.829,11,44,39,13,4,0.333,0.0909,23,101,88,24,5,0.273,0.0495,654,132,8.8,32.8,35.5,30.2,34.1,15.8,27.8,34.4,33.8,8.8,4.3,8.8,40.9,86.3,20.6,0.771,72.8,98.7,113.7,41.9,16.4,12.9,52.3,47.0,Below Average,3.0,Contact-First Profile,A-,Elevated power plane,47.0,Below Average,0.992,Good,9.8,31.6,99.0,0.826,Derived proxy,Derived proxy,Derived proxy,Derived proxy,,,49.09,23.09,Strong positive regression,Below Average Contact-First Profile profile. 8.8% barrel rate; 86.3 mph average exit velocity; 27.8% air-ball rate; 34.4% pull-air rate; 8.8% HR-launch rate.,0.05,0.0466,4.15,0,0,17.3,0.0,0.0,Very recent HR,805673.0,Zebby Matthews,R,RHB vs RHP,15,15,86.0,5.23,1.34,17,1.78,7.64,2.93,473.0,7.6,27.7,14.6,48.9,30.4,85.0,96.7,112.8,0.573,17.0,66.8,100.0,0.774,9.2,4-Seam Fastball,R,RHB vs RHP,55.4,367,0.256,0.36,0.49,0.85,19,47,88,0.0518,7.6,0.756,163,0.0552,6.2,0.546,0,0,0,0/0,,,,,0,0,0,58.3,Slight Hitter Advantage,Above average,50.0,5,Pitch-level Statcast · last 5 MLB games,465,4-Seam Fastball,38.924731182795696,181.0,Slider,23.010752688172044,107.0,Changeup,14.838709677419354,69.0,Curveball,10.96774193548387,51.0,Cutter,8.172043010752688,38.0,Sinker,4.086021505376344,19.0,Unknown,,Unknown,,No,100.0,1.0,1.0,50.0,1.034,1.001,56.0,Current-Season Handedness Matchup,Pull Air %,Barrel %,Max Exit Velocity,55.4,52.4,66.8,50.3,50.0,45.0,55.7,7.04,1.22,1.109,0.985,1.0,0.992,0.992,0.98,17.98,14.44,85.0,37.7,D+,Lineup unconfirmed,,,
10,2026-08-12,823187,2026-08-12T19:45:00Z,Scheduled,Oracle Park,Houston Astros @ San Francisco Giants,Away,670541,Yordan Alvarez,Houston Astros,San Francisco Giants,DH,L,No,,119,526,432,139,25,0,35,80,87,83,7,90,0.322,0.435,0.623,1.058,11,52,40,13,0,0.325,0.0,23,106,83,28,4,0.337,0.0377,650,114,9.6,33.2,50.4,17.5,31.7,18.9,34.1,45.9,32.0,7.9,4.8,7.9,49.0,86.5,24.5,0.822,74.9,99.2,118.5,56.7,16.6,19.0,42.9,55.8,Average,3.0,Pull Power,A-,Elevated power plane,55.8,Average,1.016,Good,8.8,47.4,99.8,0.736,Derived proxy,Derived proxy,Derived proxy,Derived proxy,,,53.24,18.24,Strong positive regression,Average Pull Power profile. 9.6% barrel rate; 86.5 mph average exit velocity; 34.1% air-ball rate; 45.9% pull-air rate; 7.9% HR-launch rate.,0.0665,0.0601,4.31,44,12,12.3,3.56,356.5,Very long drought,,TBD,,Unknown,0,0,0.0,0.0,0.0,0,0.0,0.0,0.0,,,,,,,,,,,,50.0,0.0,,,Unknown,L,Unknown,50.0,0,,,,,0,0,0,,,,0,,,,0,0,0,0/0,,,,,0,0,0,50.0,Neutral Matchup,Average,50.0,0,,0,,,,,,,,,,,,,,,,,,,Unknown,,Unknown,,No,91.0,0.91,1.0,33.8,1.0,1.0,64.5,Current-Season Handedness Matchup,Pull Air %,Barrel %,Max Exit Velocity,50.0,50.0,50.0,64.2,33.8,45.0,55.2,6.88,0.79,1.0,1.0,1.08,1.016,1.098,1.06,23.45,12.76,75.0,44.9,C-,Probable SP unavailable; Lineup unconfirmed,,,
11,2026-08-12,823994,2026-08-13T02:10:00Z,Scheduled,Angel Stadium,Texas Rangers @ Los Angeles Angels,Away,672284,Jarred Kelenic,Texas Rangers,Los Angeles Angels,RF,L,No,,27,70,62,14,2,0,1,5,5,8,0,25,0.226,0.314,0.306,0.62,1,1,1,1,0,1.0,0.0,1,1,1,1,0,1.0,0.0,69,0,11.6,27.5,25.0,38.9,36.1,20.3,33.3,17.4,31.9,10.1,7.2,10.1,12.5,84.9,13.6,0.8,71.8,97.4,110.8,30.4,14.5,5.6,55.2,39.7,Below Average,2.5,Contact-First Profile,A,Excellent HR swing plane,39.7,Below Average,0.971,Good,,,,,Derived proxy,Derived proxy,Derived proxy,Derived proxy,,,6.07,5.07,Strong positive regression,Below Average Contact-First Profile profile. 11.6% barrel rate; 84.9 mph average exit velocity; 33.3% air-ball rate; 17.4% pull-air rate; 10.1% HR-launch rate.,0.0143,0.0255,3.93,26,14,62.0,0.42,41.9,Recently homered,691946.0,George Klassen,R,LHB vs RHP,3,3,8.2,7.27,2.88,1,1.04,9.35,14.54,54.0,9.3,24.1,13.0,41.7,35.2,83.4,95.4,111.3,0.578,1.0,84.9,92.1,0.879,14.4,4-Seam Fastball,L,LHB vs RHP,50.2,62,0.2,0.29,0.291,0.581,1,7,24,0.0161,12.9,0.874,30,0.0,9.4,0.589,0,0,0,0/0,,,,,0,0,0,62.3,Slight Hitter Advantage,Above average,50.0,3,Pitch-level Statcast · last 5 MLB games,228,4-Seam Fastball,40.78947368421053,93.0,Changeup,23.68421052631579,54.0,Slider,20.614035087719298,47.0,Curveball,7.894736842105263,18.0,Sinker,7.017543859649122,16.0,,,,Unknown,,Unknown,,No,100.0,1.0,1.0,50.0,1.07,1.018,45.5,Current-Season Handedness Matchup,Pull Air %,Barrel %,Max Exit Velocity,50.2,52.6,84.9,50.0,50.0,45.0,54.8,6.75,1.0,0.999,1.025,0.94,0.971,0.913,1.0,9.64,8.12,57.1,21.0,F,Small season sample; Lineup unconfirmed; Limited recent games,,,
12,2026-08-12,824883,2026-08-12T23:15:00Z,Scheduled,Truist Park,New York Mets @ Atlanta Braves,Home,621566,Matt Olson,Atlanta Braves,New York Mets,1B,L,No,,120,525,466,124,29,0,35,86,74,53,3,132,0.266,0.343,0.554,0.897,12,50,45,13,7,0.289,0.14,25,109,95,25,10,0.263,0.0917,723,136,9.5,28.6,50.5,24.5,24.8,15.7,24.8,47.1,31.8,9.4,6.1,9.4,56.1,84.9,22.3,0.761,72.6,97.4,111.7,44.3,13.9,13.7,46.0,50.0,Average,3.0,Pull Power,A-,Elevated power plane,50.0,Average,1.0,Good,11.0,43.8,96.4,0.834,Derived proxy,Derived proxy,Derived proxy,Derived proxy,,,58.57,23.57,Strong positive regression,Average Pull Power profile. 9.5% barrel rate; 84.9 mph average exit velocity; 24.8% air-ball rate; 47.1% pull-air rate; 9.4% HR-launch rate.,0.0667,0.0602,4.09,0,0,13.3,0.0,0.0,Very recent HR,804267.0,Zac Thornton,L,LHB vs LHP,7,7,39.1,2.52,1.07,3,0.69,6.18,2.75,217.0,6.0,27.6,15.2,42.6,32.3,83.1,96.5,110.6,0.526,3.0,64.7,99.6,0.75,9.3,Cutter,L,LHB vs LHP,49.1,218,0.266,0.326,0.523,0.848,13,16,55,0.0596,7.2,0.648,52,0.0192,6.0,0.51,3,2,0,0/2,0.0,0.333,0.0,0.333,0,1,1,53.3,Neutral Matchup,Average,42.5,5,Pitch-level Statcast · last 5 MLB games,400,Cutter,32.0,128.0,4-Seam Fastball,25.25,101.0,Sweeper,13.5,54.0,Slider,11.25,45.0,Sinker,10.75,43.0,Changeup,5.25,21.0,Unknown,,Unknown,,No,103.0,1.03,1.0,55.4,1.029,0.985,59.4,Current-Season Handedness Matchup,Pull Air %,Barrel %,Max Exit Velocity,49.1,40.2,64.7,59.1,55.4,45.0,54.5,6.64,1.35,0.963,0.985,1.03,1.0,1.03,0.98,22.43,16.84,85.0,42.6,C-,Lineup unconfirmed,Curveball,2.0,8.0
13,2026-08-12,825047,2026-08-12T19:40:00Z,Scheduled,Chase Field,Colorado Rockies @ Arizona Diamondbacks,Away,666160,Mickey Moniak,Colorado Rockies,Arizona Diamondbacks,LF,L,No,,82,306,280,76,14,4,19,40,53,17,3,77,0.271,0.314,0.554,0.868,11,42,36,8,2,0.222,0.0476,20,79,71,18,4,0.254,0.0506,406,99,6.2,26.6,57.9,22.2,19.9,18.0,28.3,56.4,29.1,6.6,4.3,6.6,76.2,83.0,19.9,0.569,73.0,95.4,109.2,46.1,12.6,13.9,51.2,41.9,Below Average,2.5,Pull Power,A,Excellent HR swing plane,41.9,Below Average,0.977,Good,4.0,46.4,94.2,0.523,Derived proxy,Derived proxy,Derived proxy,Derived proxy,,,23.27,4.27,Strong positive regression,Below Average Pull Power profile. 6.2% barrel rate; 83.0 mph average exit velocity; 28.3% air-ball rate; 56.4% pull-air rate; 6.6% HR-launch rate.,0.0621,0.0536,4.15,17,6,14.7,1.15,115.4,Near normal interval,518876.0,Merrill Kelly,R,LHB vs RHP,21,21,120.0,4.88,1.47,23,1.73,6.0,3.75,687.0,8.2,29.5,14.8,47.8,31.9,83.7,97.0,114.6,0.661,23.0,53.3,99.6,0.68,7.2,Changeup,L,LHB vs RHP,60.2,246,0.289,0.333,0.604,0.938,17,16,56,0.0691,7.9,0.617,312,0.0481,8.5,0.68,9,9,2,2/9,0.222,0.222,0.444,0.666,0,0,2,53.3,Neutral Matchup,Average,37.9,5,Pitch-level Statcast · last 5 MLB games,443,Changeup,32.50564334085779,144.0,4-Seam Fastball,24.604966139954854,109.0,Cutter,13.318284424379232,59.0,Curveball,12.641083521444695,56.0,Sinker,10.15801354401806,45.0,Slider,6.772009029345372,30.0,Unknown,,Unknown,,No,100.0,1.0,1.0,50.0,1.007,1.007,57.2,Current-Season Handedness Matchup,Pull Air %,Barrel %,Max Exit Velocity,60.2,57.1,53.3,41.8,50.0,45.0,54.5,6.64,0.965,1.101,1.025,1.03,0.977,1.007,1.0,20.44,13.77,80.2,38.4,D+,Lineup unconfirmed,,,
14,2026-08-12,822698,2026-08-12T22:45:00Z,Scheduled,Nationals Park,Chicago Cubs @ Washington Nationals,Away,621438,Tyrone Taylor,Chicago Cubs,Washington Nationals,LF,R,No,,72,174,158,38,8,0,10,23,28,10,2,34,0.241,0.294,0.481,0.775,8,19,17,4,1,0.235,0.0526,17,45,38,12,4,0.316,0.0889,230,52,8.8,25.6,51.2,29.2,19.7,20.1,30.3,61.4,28.8,9.0,5.9,9.0,61.6,81.6,18.8,0.646,69.7,95.3,109.5,15.2,11.7,4.0,50.9,40.8,Below Average,2.5,Pull Power,A,Excellent HR swing plane,40.8,Below Average,0.974,Good,11.5,62.5,96.8,0.809,Derived proxy,Derived proxy,Derived proxy,Derived proxy,,,17.2,7.2,Strong positive regression,Below Average Pull Power profile. 8.8% barrel rate; 81.6 mph average exit velocity; 30.3% air-ball rate; 61.4% pull-air rate; 9.0% HR-launch rate.,0.0575,0.0471,4.05,13,6,15.8,0.82,82.3,Near normal interval,800600.0,Jackson Kent,L,RHB vs LHP,0,0,0.0,0.0,0.0,0,0.0,0.0,0.0,,,,,,,,,,,,50.0,0.0,,,Unavailable,R,RHB vs LHP,50.1,82,0.295,0.304,0.564,0.868,5,1,19,0.061,6.5,0.577,0,,,,0,0,0,0/0,,,,,0,0,0,50.0,Neutral Matchup,Average,50.0,0,,0,,,,,,,,,,,,,,,,,,,Unknown,,Unknown,,No,100.0,1.0,1.0,50.0,1.0,1.0,57.7,Current-Season Handedness Matchup,Pull Air %,Barrel %,Max Exit Velocity,50.1,50.0,50.0,68.8,50.0,45.0,54.3,6.6,1.179,1.0,1.025,1.0,0.974,0.974,1.0,17.74,12.91,58.0,31.0,D,Probable SP unavailable; Lineup unconfirmed,,,
15,2026-08-12,822698,2026-08-12T22:45:00Z,Scheduled,Nationals Park,Chicago Cubs @ Washington Nationals,Away,691718,Pete Crow-Armstrong,Chicago Cubs,Washington Nationals,CF,L,No,,120,532,452,129,23,7,27,85,72,65,11,142,0.285,0.386,0.546,0.932,12,57,47,14,3,0.298,0.0526,24,114,94,25,6,0.266,0.0526,683,146,7.9,29.1,57.8,23.1,19.1,15.9,26.8,61.6,31.5,8.8,5.7,8.8,46.5,83.3,22.7,0.705,72.3,96.6,113.6,42.9,13.3,13.0,47.5,48.4,Average,3.0,Pull Power,A-,Elevated power plane,48.4,Average,0.996,Good,8.2,63.4,95.8,0.736,Derived proxy,Derived proxy,Derived proxy,Derived proxy,,,48.92,21.92,Strong positive regression,Average Pull Power profile. 7.9% barrel rate; 83.3 mph average exit velocity; 26.8% air-ball rate; 61.6% pull-air rate; 8.8% HR-launch rate.,0.0508,0.0473,4.31,0,0,16.7,0.0,0.0,Very recent HR,800600.0,Jackson Kent,L,LHB vs LHP,0,0,0.0,0.0,0.0,0,0.0,0.0,0.0,,,,,,,,,,,,50.0,0.0,,,Unavailable,L,LHB vs LHP,42.9,170,0.31,0.424,0.521,0.945,7,22,46,0.0412,4.5,0.582,0,,,,0,0,0,0/0,,,,,0,0,0,46.8,Neutral Matchup,Average,50.0,0,,0,,,,,,,,,,,,,,,,,,,Unknown,,Unknown,,No,100.0,1.0,1.0,50.0,1.0,1.0,59.4,Current-Season Handedness Matchup,Pull Air %,Barrel %,Max Exit Velocity,42.9,50.0,50.0,59.3,50.0,45.0,54.2,6.56,1.045,1.0,0.985,1.03,0.996,1.025,0.98,18.85,12.36,75.0,34.5,D,Probable SP unavailable; Lineup unconfirmed,,,
16,2026-08-12,823916,2026-08-13T02:10:00Z,Scheduled,UNIQLO Field at Dodger Stadium,Kansas City Royals @ Los Angeles Dodgers,Away,670231,John Rave,Kansas City Royals,Los Angeles Dodgers,RF,L,No,,20,52,46,11,4,1,2,7,2,5,0,12,0.239,0.314,0.5,0.814,11,31,28,7,1,0.25,0.0323,11,31,28,7,1,0.25,0.0323,52,29,12.4,27.2,49.2,36.6,12.2,19.7,29.6,71.0,25.9,12.4,9.9,12.4,30.2,81.6,18.3,0.601,70.6,96.7,106.8,47.4,13.6,12.0,62.1,51.8,Average,3.0,Pull Power,A,Excellent HR swing plane,51.8,Average,1.005,Good,10.3,66.7,94.0,0.489,Derived proxy,Derived proxy,Derived proxy,Derived proxy,,,5.26,3.26,Positive regression,Average Pull Power profile. 12.4% barrel rate; 81.6 mph average exit velocity; 29.6% air-ball rate; 71.0% pull-air rate; 12.4% HR-launch rate.,0.0385,0.034,4.15,18,8,23.0,0.78,78.3,Recently homered,641778.0,Eric Lauer,L,LHB vs LHP,18,15,92.0,4.89,1.26,22,2.15,5.58,2.84,596.0,6.5,21.5,19.0,42.9,28.5,81.5,93.4,114.5,0.569,22.0,64.9,99.9,0.672,13.3,4-Seam Fastball,L,LHB vs LHP,50.3,10,0.222,0.222,0.444,0.667,0,0,0,0.0,10.0,0.41,86,0.0698,5.3,0.544,0,0,0,0/0,,,,,0,0,0,55.3,Neutral Matchup,Average,50.0,5,Pitch-level Statcast · last 5 MLB games,467,4-Seam Fastball,36.83083511777302,172.0,Cutter,26.980728051391864,126.0,Changeup,14.132762312633833,66.0,Slider,11.777301927194861,55.0,Curveball,10.278372591006423,48.0,,,,Unknown,,Unknown,,No,100.0,1.0,1.0,50.0,1.03,0.99,59.0,Current-Season Handedness Matchup,Pull Air %,Barrel %,Max Exit Velocity,50.3,40.3,64.9,60.5,50.0,45.0,54.1,6.51,0.98,1.168,0.985,1.0,1.005,1.005,1.0,13.36,10.47,58.2,27.5,F,Small season sample; Lineup unconfirmed,,,
17,2026-08-12,823187,2026-08-12T19:45:00Z,Scheduled,Oracle Park,Houston Astros @ San Francisco Giants,Away,666211,Taylor Trammell,Houston Astros,San Francisco Giants,CF,L,No,,63,186,163,38,6,1,7,25,20,18,4,54,0.233,0.324,0.411,0.735,9,35,29,6,2,0.207,0.0571,19,62,50,12,4,0.24,0.0645,196,62,9.6,25.0,57.0,21.0,21.9,16.4,25.5,54.4,29.0,8.1,4.9,8.1,46.8,81.7,16.8,0.636,74.0,95.4,113.3,60.7,10.8,12.7,48.9,47.3,Below Average,3.0,Pull Power,A,Excellent HR swing plane,47.3,Below Average,0.992,Good,11.3,64.3,95.3,0.664,Derived proxy,Derived proxy,Derived proxy,Derived proxy,,,15.07,8.07,Strong positive regression,Below Average Pull Power profile. 9.6% barrel rate; 81.7 mph average exit velocity; 25.5% air-ball rate; 54.4% pull-air rate; 8.1% HR-launch rate.,0.0376,0.0354,4.05,6,2,23.3,0.26,25.8,Very recent HR,,TBD,,Unknown,0,0,0.0,0.0,0.0,0,0.0,0.0,0.0,,,,,,,,,,,,50.0,0.0,,,Unknown,L,Unknown,50.0,0,,,,,0,0,0,,,,0,,,,0,0,0,0/0,,,,,0,0,0,50.0,Neutral Matchup,Average,50.0,0,,0,,,,,,,,,,,,,,,,,,,Unknown,,Unknown,,No,91.0,0.91,1.0,33.8,1.0,1.0,60.9,Current-Season Handedness Matchup,Pull Air %,Barrel %,Max Exit Velocity,50.0,50.0,50.0,65.2,33.8,45.0,54.0,6.48,1.283,1.0,1.0,1.0,0.992,0.992,0.98,13.59,10.46,60.2,26.4,F,Probable SP unavailable; Lineup unconfirmed,,,
18,2026-08-12,823511,2026-08-12T23:05:00Z,Scheduled,Yankee Stadium,Seattle Mariners @ New York Yankees,Home,700250,Ben Rice,New York Yankees,Seattle Mariners,1B,L,No,,114,487,423,108,19,3,32,72,75,59,3,123,0.255,0.349,0.541,0.89,11,44,36,3,1,0.083,0.0227,23,97,86,14,3,0.163,0.0309,581,113,9.9,30.2,56.3,19.4,24.3,15.9,28.0,45.5,32.4,9.9,6.4,9.9,46.6,84.9,15.9,0.72,71.0,97.2,110.2,25.4,14.9,8.6,53.7,46.7,Below Average,3.0,Pull Power,A,Excellent HR swing plane,46.7,Below Average,0.991,Good,10.6,40.6,96.5,0.731,Derived proxy,Derived proxy,Derived proxy,Derived proxy,,,48.55,16.55,Strong positive regression,Below Average Pull Power profile. 9.9% barrel rate; 84.9 mph average exit velocity; 28.0% air-ball rate; 45.5% pull-air rate; 9.9% HR-launch rate.,0.0657,0.059,4.09,7,2,13.2,0.53,53.0,Recently homered,682243.0,Bryce Miller,R,LHB vs RHP,14,13,79.0,3.08,0.95,13,1.48,9.0,1.71,449.0,4.5,20.3,16.3,47.0,24.9,82.7,93.4,111.5,0.475,13.0,70.0,99.7,0.762,11.4,4-Seam Fastball,L,LHB vs RHP,53.8,316,0.261,0.367,0.575,0.942,22,46,74,0.0696,10.8,0.753,165,0.0303,4.0,0.457,0,0,0,0/0,,,,,0,0,0,58.7,Slight Hitter Advantage,Above average,50.0,5,Pitch-level Statcast · last 5 MLB games,441,4-Seam Fastball,43.31065759637188,191.0,Split-Finger,24.94331065759637,110.0,Slider,8.390022675736962,37.0,Sweeper,7.709750566893424,34.0,Sinker,7.2562358276643995,32.0,Cutter,4.988662131519274,22.0,Unknown,,Unknown,,No,108.0,1.08,1.0,64.4,1.04,0.97,59.1,Current-Season Handedness Matchup,Pull Air %,Barrel %,Max Exit Velocity,53.8,31.8,70.0,55.6,64.4,45.0,53.4,6.34,0.779,1.061,1.025,1.03,0.991,1.02,1.0,22.04,12.87,84.8,36.1,D+,Lineup unconfirmed,Knuckle Curve,3.401360544217687,15.0
19,2026-08-12,823994,2026-08-13T02:10:00Z,Scheduled,Angel Stadium,Texas Rangers @ Los Angeles Angels,Away,592626,Joc Pederson,Texas Rangers,Los Angeles Angels,DH,L,No,,108,360,311,78,11,2,22,49,45,42,3,82,0.251,0.343,0.511,0.854,11,32,26,6,3,0.231,0.0938,20,66,60,19,7,0.317,0.1061,436,81,6.5,32.7,48.3,26.5,25.2,17.5,28.8,48.8,31.2,7.5,4.3,7.5,89.1,86.3,21.3,0.648,70.4,98.0,110.2,20.1,14.1,8.5,55.1,42.8,Below Average,2.5,Pull Power,A-,Elevated power plane,42.8,Below Average,0.98,Good,6.2,52.0,98.8,0.698,Derived proxy,Derived proxy,Derived proxy,Derived proxy,,,27.09,5.09,Strong positive regression,Below Average Pull Power profile. 6.5% barrel rate; 86.3 mph average exit velocity; 28.8% air-ball rate; 48.8% pull-air rate; 7.5% HR-launch rate.,0.0611,0.0538,4.15,0,0,14.1,0.0,0.0,Very recent HR,691946.0,George Klassen,R,LHB vs RHP,3,3,8.2,7.27,2.88,1,1.04,9.35,14.54,54.0,9.3,24.1,13.0,41.7,35.2,83.4,95.4,111.3,0.578,1.0,46.3,100.0,0.625,6.4,4-Seam Fastball,L,LHB vs RHP,50.5,326,0.257,0.344,0.504,0.847,20,37,69,0.0613,6.7,0.622,30,0.0,9.4,0.589,0,0,0,0/0,,,,,0,0,0,48.9,Neutral Matchup,Average,50.0,3,Pitch-level Statcast · last 5 MLB games,228,4-Seam Fastball,40.78947368421053,93.0,Changeup,23.68421052631579,54.0,Slider,20.614035087719298,47.0,Curveball,7.894736842105263,18.0,Sinker,7.017543859649122,16.0,,,,Unknown,,Unknown,,No,100.0,1.0,1.0,50.0,0.993,1.018,56.4,Current-Season Handedness Matchup,Pull Air %,Barrel %,Max Exit Velocity,50.5,52.6,46.3,60.9,50.0,45.0,53.3,6.3,1.316,0.999,1.025,1.0,0.98,0.98,0.98,20.52,15.22,82.3,38.9,D+,Lineup unconfirmed,,,
20,2026-08-12,824967,2026-08-12T19:05:00Z,Scheduled,Sutter Health Park,Tampa Bay Rays @ Athletics,Away,691406,Junior Caminero,Tampa Bay Rays,Athletics,3B,R,No,,119,520,451,125,18,1,35,74,76,65,2,96,0.277,0.369,0.554,0.923,12,53,44,10,6,0.227,0.1132,25,109,96,26,7,0.271,0.0642,607,126,9.4,33.8,48.8,30.5,20.6,13.7,25.1,62.1,25.6,7.0,4.6,7.0,56.3,86.3,12.7,0.653,78.0,100.6,116.7,79.8,12.3,21.5,61.5,56.7,Average,3.5,Pull Power,A,Excellent HR swing plane,56.7,Average,1.019,Good,9.5,65.6,100.3,0.659,Derived proxy,Derived proxy,Derived proxy,Derived proxy,,,50.74,15.74,Strong positive regression,Average Pull Power profile. 9.4% barrel rate; 86.3 mph average exit velocity; 25.1% air-ball rate; 62.1% pull-air rate; 7.0% HR-launch rate.,0.0673,0.0607,4.23,0,0,12.9,0.0,0.0,Very recent HR,678022.0,Jack Perkins,R,RHB vs RHP,28,10,76.2,7.04,1.45,15,1.76,10.8,3.64,428.0,5.1,22.7,18.0,35.4,31.1,82.0,94.4,111.2,0.567,15.0,51.2,97.4,0.639,8.1,4-Seam Fastball,R,RHB vs RHP,56.6,377,0.268,0.342,0.554,0.896,27,38,76,0.0716,9.6,0.658,167,0.0419,5.4,0.563,0,0,0,0/0,,,,,0,0,0,53.4,Neutral Matchup,Average,50.0,5,Pitch-level Statcast · last 5 MLB games,384,4-Seam Fastball,28.90625,111.0,Changeup,24.739583333333332,95.0,Sweeper,22.395833333333332,86.0,Cutter,16.666666666666668,64.0,Sinker,5.989583333333333,23.0,Slider,1.3020833333333333,5.0,Unknown,,Unknown,,No,100.0,1.0,1.0,50.0,1.002,0.976,67.4,Current-Season Handedness Matchup,Pull Air %,Barrel %,Max Exit Velocity,56.6,30.9,51.2,71.3,50.0,45.0,53.3,6.29,1.201,1.106,0.985,1.03,1.019,1.049,0.98,23.27,16.82,85.0,42.9,C-,Lineup unconfirmed,,,
21,2026-08-12,825047,2026-08-12T19:40:00Z,Scheduled,Chase Field,Colorado Rockies @ Arizona Diamondbacks,Home,682998,Corbin Carroll,Arizona Diamondbacks,Colorado Rockies,RF,L,No,,117,507,440,106,24,13,17,73,56,57,7,113,0.241,0.335,0.47,0.805,12,52,46,8,2,0.174,0.0385,24,109,95,19,4,0.2,0.0367,601,135,8.1,32.6,51.6,21.4,26.3,17.2,28.6,49.9,28.2,7.9,4.4,7.9,31.4,85.1,21.5,0.585,74.1,97.3,111.9,53.0,14.0,16.0,60.4,47.8,Below Average,3.0,Pull Power,A-,Elevated power plane,47.8,Below Average,0.994,Good,8.9,42.9,97.7,0.571,Derived proxy,Derived proxy,Derived proxy,Derived proxy,,,42.9,25.9,Strong positive regression,Below Average Pull Power profile. 8.1% barrel rate; 85.1 mph average exit velocity; 28.6% air-ball rate; 49.9% pull-air rate; 7.9% HR-launch rate.,0.0335,0.0332,4.09,0,0,25.9,0.0,0.0,Very recent HR,663372.0,Ryan Feltner,R,LHB vs RHP,17,17,82.0,5.71,1.45,18,1.98,6.48,3.62,456.0,7.7,26.5,16.9,46.9,26.5,83.0,95.3,111.1,0.607,18.0,47.7,100.0,0.597,8.5,4-Seam Fastball,L,LHB vs RHP,49.0,350,0.204,0.303,0.431,0.734,12,40,81,0.0343,8.5,0.617,183,0.0437,9.1,0.596,2,1,0,0/1,0.0,0.5,0.0,0.5,0,1,1,47.9,Neutral Matchup,Average,45.5,5,Pitch-level Statcast · last 5 MLB games,423,4-Seam Fastball,29.78723404255319,126.0,Slider,21.98581560283688,93.0,Changeup,19.148936170212767,81.0,Sinker,14.893617021276595,63.0,Sweeper,7.328605200945627,31.0,Curveball,6.855791962174941,29.0,Unknown,,Unknown,,No,100.0,1.0,1.0,50.0,0.995,1.002,57.6,Current-Season Handedness Matchup,Pull Air %,Barrel %,Max Exit Velocity,49.0,50.9,47.7,56.1,50.0,45.0,53.1,6.25,1.053,1.141,1.025,1.0,0.994,0.994,0.98,12.91,10.32,85.0,30.7,D,Lineup unconfirmed,,,
22,2026-08-12,825047,2026-08-12T19:40:00Z,Scheduled,Chase Field,Colorado Rockies @ Arizona Diamondbacks,Away,650489,Willi Castro,Colorado Rockies,Arizona Diamondbacks,2B,S,No,,102,402,363,95,17,1,13,53,48,33,5,111,0.262,0.331,0.421,0.752,9,38,35,10,2,0.286,0.0526,20,82,75,20,6,0.267,0.0732,553,99,6.9,24.1,49.5,23.1,27.2,15.6,26.2,49.4,31.2,7.2,4.7,7.2,51.6,80.6,22.7,0.655,70.9,93.7,111.8,25.8,10.8,6.6,43.4,37.9,Below Average,2.5,Pull Power,A-,Elevated power plane,37.9,Below Average,0.966,Good,11.1,48.1,93.8,0.807,Derived proxy,Derived proxy,Derived proxy,Derived proxy,,,32.5,19.5,Strong positive regression,Below Average Pull Power profile. 6.9% barrel rate; 80.6 mph average exit velocity; 26.2% air-ball rate; 49.4% pull-air rate; 7.2% HR-launch rate.,0.0323,0.0323,4.05,18,5,27.9,0.64,64.5,Recently homered,518876.0,Merrill Kelly,R,Switch vs RHP,21,21,120.0,4.88,1.47,23,1.73,6.0,3.75,687.0,8.2,29.5,14.8,47.8,31.9,83.7,97.0,114.6,0.661,23.0,39.7,99.6,0.593,4.7,Changeup,L,LHB vs RHP,51.7,265,0.251,0.332,0.43,0.762,10,26,72,0.0377,5.7,0.678,312,0.0481,8.5,0.68,3,3,1,1/3,0.333,0.333,0.333,0.666,0,0,0,46.4,Neutral Matchup,Average,46.0,5,Pitch-level Statcast · last 5 MLB games,443,Changeup,32.50564334085779,144.0,4-Seam Fastball,24.604966139954854,109.0,Cutter,13.318284424379232,59.0,Curveball,12.641083521444695,56.0,Sinker,10.15801354401806,45.0,Slider,6.772009029345372,30.0,Unknown,,Unknown,,No,100.0,1.0,1.0,50.0,0.979,1.007,56.2,Current-Season Handedness Matchup,Pull Air %,Barrel %,Max Exit Velocity,51.7,57.1,39.7,58.2,50.0,45.0,53.1,6.24,1.292,1.101,1.035,1.0,0.966,0.966,1.0,12.44,11.12,83.6,31.0,D,Lineup unconfirmed,,,
23,2026-08-12,822698,2026-08-12T22:45:00Z,Scheduled,Nationals Park,Chicago Cubs @ Washington Nationals,Away,624424,Michael Conforto,Chicago Cubs,Washington Nationals,DH,L,No,,79,209,180,42,12,0,9,24,27,25,1,61,0.233,0.325,0.45,0.775,7,23,19,3,0,0.158,0.0,17,49,40,8,1,0.2,0.0204,240,50,6.2,27.7,55.4,22.4,22.2,19.2,31.5,58.3,30.1,7.1,5.4,7.1,50.7,83.5,19.0,0.593,70.6,96.2,110.7,30.0,9.4,7.6,54.4,40.4,Below Average,2.5,Pull Power,A,Excellent HR swing plane,40.4,Below Average,0.973,Good,6.0,62.5,95.8,0.509,Derived proxy,Derived proxy,Derived proxy,Derived proxy,,,14.07,5.07,Strong positive regression,Below Average Pull Power profile. 6.2% barrel rate; 83.5 mph average exit velocity; 31.5% air-ball rate; 58.3% pull-air rate; 7.1% HR-launch rate.,0.0431,0.039,4.05,32,13,20.0,1.6,160.0,Above normal drought,800600.0,Jackson Kent,L,LHB vs LHP,0,0,0.0,0.0,0.0,0,0.0,0.0,0.0,,,,,,,,,,,,50.0,0.0,,,Unavailable,L,LHB vs LHP,52.3,7,0.5,0.571,1.5,2.071,2,1,1,0.2857,33.3,1.385,0,,,,0,0,0,0/0,,,,,0,0,0,51.0,Neutral Matchup,Average,50.0,0,,0,,,,,,,,,,,,,,,,,,,Unknown,,Unknown,,No,100.0,1.0,1.0,50.0,1.0,1.0,56.9,Current-Season Handedness Matchup,Pull Air %,Barrel %,Max Exit Velocity,52.3,50.0,50.0,54.4,50.0,45.0,52.9,6.18,0.771,1.0,0.985,1.0,0.973,0.973,1.035,14.89,8.6,60.8,28.0,F,Probable SP unavailable; Lineup unconfirmed,,,
24,2026-08-12,822779,2026-08-12T23:07:00Z,Scheduled,Rogers Centre,Boston Red Sox @ Toronto Blue Jays,Away,575929,Willson Contreras,Boston Red Sox,Toronto Blue Jays,1B,R,No,,109,447,375,105,18,2,23,58,70,48,21,114,0.28,0.389,0.523,0.912,9,34,28,6,1,0.214,0.0294,21,83,63,16,3,0.254,0.0361,516,78,9.3,29.1,47.8,26.0,25.7,17.0,29.5,50.3,33.0,7.5,3.7,7.5,45.5,83.7,19.3,0.705,74.9,97.7,116.5,66.2,11.8,15.0,45.7,50.4,Average,3.0,Pull Power,A,Excellent HR swing plane,50.4,Average,1.001,Good,9.0,48.1,97.4,0.661,Derived proxy,Derived proxy,Derived proxy,Derived proxy,,,39.58,16.58,Strong positive regression,Average Pull Power profile. 9.3% barrel rate; 83.7 mph average exit velocity; 29.5% air-ball rate; 50.3% pull-air rate; 7.5% HR-launch rate.,0.0515,0.0473,4.31,25,8,16.3,1.53,153.3,Above normal drought,667755.0,José Soriano,R,RHB vs RHP,23,23,127.2,3.24,1.26,12,0.85,9.16,4.23,613.0,4.6,23.8,11.9,41.5,27.6,83.2,95.2,112.7,0.534,12.0,62.8,99.8,0.704,10.7,Sinker,R,RHB vs RHP,40.2,326,0.284,0.387,0.516,0.903,16,30,91,0.0491,8.2,0.695,235,0.0085,3.8,0.489,0,0,0,0/0,,,,,0,0,0,50.1,Neutral Matchup,Average,50.0,5,Pitch-level Statcast · last 5 MLB games,444,Knuckle Curve,30.63063063063063,136.0,Sinker,29.054054054054053,129.0,4-Seam Fastball,22.07207207207207,98.0,Split-Finger,15.765765765765765,70.0,Slider,2.4774774774774775,11.0,,,,Unknown,,Unknown,,No,100.0,1.0,1.0,50.0,1.026,0.971,61.6,Current-Season Handedness Matchup,Pull Air %,Barrel %,Max Exit Velocity,40.2,32.7,62.8,60.8,50.0,45.0,52.7,6.13,0.874,0.96,0.985,1.03,1.001,1.031,1.035,18.86,10.9,83.6,36.7,D+,Lineup unconfirmed,,,
25,2026-08-12,822698,2026-08-12T22:45:00Z,Scheduled,Nationals Park,Chicago Cubs @ Washington Nationals,Away,673548,Seiya Suzuki,Chicago Cubs,Washington Nationals,RF,R,No,,102,448,388,105,21,0,20,64,68,53,4,113,0.271,0.362,0.479,0.841,10,46,39,10,2,0.256,0.0435,22,105,86,24,5,0.279,0.0476,543,121,7.1,22.3,45.9,25.1,29.1,14.4,28.3,48.5,30.2,7.0,3.9,7.0,50.2,82.9,23.8,0.584,71.2,94.2,111.7,35.7,10.8,10.1,46.8,38.7,Below Average,2.5,Pull Power,A-,Elevated power plane,38.7,Below Average,0.968,Good,9.1,52.9,93.0,0.573,Derived proxy,Derived proxy,Derived proxy,Derived proxy,,,33.38,13.38,Strong positive regression,Below Average Pull Power profile. 7.1% barrel rate; 82.9 mph average exit velocity; 28.3% air-ball rate; 48.5% pull-air rate; 7.0% HR-launch rate.,0.0446,0.042,4.15,0,0,19.4,0.0,0.0,Very recent HR,800600.0,Jackson Kent,L,RHB vs LHP,0,0,0.0,0.0,0.0,0,0.0,0.0,0.0,,,,,,,,,,,,50.0,0.0,,,Unavailable,R,RHB vs LHP,50.1,119,0.313,0.412,0.576,0.988,7,17,23,0.0588,4.5,0.657,0,,,,0,0,0,0/0,,,,,0,0,0,50.1,Neutral Matchup,Average,50.0,0,,0,,,,,,,,,,,,,,,,,,,Unknown,,Unknown,,No,100.0,1.0,1.0,50.0,1.0,1.0,54.7,Current-Season Handedness Matchup,Pull Air %,Barrel %,Max Exit Velocity,50.1,50.0,50.0,55.7,50.0,45.0,52.2,6.0,1.032,1.0,1.025,1.0,0.968,0.968,0.98,16.3,10.66,75.0,30.4,D,Probable SP unavailable; Lineup unconfirmed,,,
26,2026-08-12,823994,2026-08-13T02:10:00Z,Scheduled,Angel Stadium,Texas Rangers @ Los Angeles Angels,Away,694671,Wyatt Langford,Texas Rangers,Los Angeles Angels,LF,R,No,,68,292,267,68,14,2,13,40,31,22,3,67,0.255,0.318,0.468,0.786,12,51,40,5,1,0.125,0.0196,24,101,89,19,4,0.213,0.0396,382,127,6.6,25.0,47.8,22.7,29.5,14.8,27.8,57.4,26.6,6.0,3.9,6.0,50.8,84.3,24.3,0.524,70.4,96.2,111.2,21.1,12.5,7.1,52.9,37.0,Below Average,2.5,Pull Power,A-,Elevated power plane,37.0,Below Average,0.964,Good,7.1,66.7,96.2,0.51,Derived proxy,Derived proxy,Derived proxy,Derived proxy,,,23.14,10.14,Strong positive regression,Below Average Pull Power profile. 6.6% barrel rate; 84.3 mph average exit velocity; 27.8% air-ball rate; 57.4% pull-air rate; 6.0% HR-launch rate.,0.0445,0.0409,4.05,27,9,20.5,1.31,131.5,Near normal interval,691946.0,George Klassen,R,RHB vs RHP,3,3,8.2,7.27,2.88,1,1.04,9.35,14.54,54.0,9.3,24.1,13.0,41.7,35.2,83.4,95.4,111.3,0.578,1.0,46.8,100.0,0.592,8.3,4-Seam Fastball,R,RHB vs RHP,43.0,205,0.269,0.337,0.484,0.82,9,16,42,0.0439,5.5,0.519,22,0.0455,9.1,0.557,0,0,0,0/0,,,,,0,0,0,45.7,Neutral Matchup,Average,50.0,3,Pitch-level Statcast · last 5 MLB games,228,4-Seam Fastball,40.78947368421053,93.0,Changeup,23.68421052631579,54.0,Slider,20.614035087719298,47.0,Curveball,7.894736842105263,18.0,Sinker,7.017543859649122,16.0,,,,Unknown,,Unknown,,No,100.0,1.0,1.0,50.0,0.994,1.018,53.7,Current-Season Handedness Matchup,Pull Air %,Barrel %,Max Exit Velocity,43.0,52.6,46.8,57.7,50.0,45.0,52.1,5.98,0.88,0.999,0.985,1.0,0.964,0.964,1.0,15.55,9.25,80.9,30.7,D,Lineup unconfirmed,,,
27,2026-08-12,824883,2026-08-12T23:15:00Z,Scheduled,Truist Park,New York Mets @ Atlanta Braves,Home,663586,Austin Riley,Atlanta Braves,New York Mets,3B,R,No,,119,478,428,94,17,1,14,48,57,37,10,149,0.22,0.295,0.362,0.657,11,40,36,11,2,0.306,0.05,24,93,85,23,5,0.271,0.0538,560,103,8.6,29.2,42.0,28.3,29.7,13.4,25.6,42.4,29.7,6.4,3.7,6.4,37.6,84.9,20.2,0.669,74.0,97.4,114.1,55.7,11.7,12.3,43.0,43.3,Below Average,2.5,Pull Power,A-,Elevated power plane,43.3,Below Average,0.981,Good,10.7,44.0,98.7,0.822,Derived proxy,Derived proxy,Derived proxy,Derived proxy,,,39.75,25.75,Strong positive regression,Below Average Pull Power profile. 8.6% barrel rate; 84.9 mph average exit velocity; 25.6% air-ball rate; 42.4% pull-air rate; 6.4% HR-launch rate.,0.0293,0.0298,3.99,13,4,30.6,0.43,42.5,Recently homered,804267.0,Zac Thornton,L,RHB vs LHP,7,7,39.1,2.52,1.07,3,0.69,6.18,2.75,217.0,6.0,27.6,15.2,42.6,32.3,83.1,96.5,110.6,0.526,3.0,63.4,99.6,0.729,9.8,Cutter,R,RHB vs LHP,35.2,151,0.229,0.325,0.328,0.653,2,16,47,0.0132,9.6,0.598,101,0.0198,6.0,0.536,2,2,0,0/2,0.0,0.0,0.0,0.0,0,0,1,47.0,Neutral Matchup,Average,45.0,5,Pitch-level Statcast · last 5 MLB games,400,Cutter,32.0,128.0,4-Seam Fastball,25.25,101.0,Sweeper,13.5,54.0,Slider,11.25,45.0,Sinker,10.75,43.0,Changeup,5.25,21.0,Unknown,,Unknown,,No,103.0,1.03,1.0,55.4,1.027,0.985,52.8,Current-Season Handedness Matchup,Pull Air %,Barrel %,Max Exit Velocity,35.2,40.2,63.4,63.1,55.4,45.0,52.1,5.98,1.293,0.963,1.025,1.0,0.981,0.981,1.0,11.38,9.88,84.4,27.7,F,Lineup unconfirmed,Curveball,2.0,8.0
28,2026-08-12,823916,2026-08-13T02:10:00Z,Scheduled,UNIQLO Field at Dodger Stadium,Kansas City Royals @ Los Angeles Dodgers,Home,660271,Shohei Ohtani,Los Angeles Dodgers,Kansas City Royals,TWP,L,No,,114,505,424,123,23,2,26,76,72,69,5,116,0.29,0.392,0.538,0.93,11,49,44,13,3,0.295,0.0612,22,99,89,25,4,0.281,0.0404,554,105,9.6,31.9,57.1,15.2,26.0,17.3,31.7,47.8,36.3,9.1,4.7,9.1,45.7,85.4,16.4,0.766,72.8,98.4,116.0,42.3,16.2,13.0,46.1,52.9,Average,3.0,Pull Power,A,Excellent HR swing plane,52.9,Average,1.008,Good,8.6,48.6,98.0,0.725,Derived proxy,Derived proxy,Derived proxy,Derived proxy,,,45.42,19.42,Strong positive regression,Average Pull Power profile. 9.6% barrel rate; 85.4 mph average exit velocity; 31.7% air-ball rate; 47.8% pull-air rate; 9.1% HR-launch rate.,0.0515,0.0477,4.25,20,5,16.3,1.23,122.6,Near normal interval,663738.0,Daniel Lynch IV,L,LHB vs LHP,47,1,47.2,2.45,1.01,2,0.38,6.99,2.64,220.0,3.2,25.0,15.5,31.7,25.0,83.1,95.6,111.3,0.441,2.0,72.3,100.0,0.805,10.4,Sinker,L,LHB vs LHP,48.3,165,0.299,0.36,0.578,0.938,11,12,39,0.0667,9.8,0.776,85,0.0,3.3,0.359,3,1,1,1/1,1.0,1.0,1.0,2.0,0,2,0,57.8,Neutral Matchup,Average,53.8,5,Pitch-level Statcast · last 5 MLB games,78,Changeup,33.333333333333336,26.0,Sinker,24.358974358974358,19.0,Slider,16.666666666666668,13.0,4-Seam Fastball,14.102564102564102,11.0,Knuckle Curve,11.538461538461538,9.0,,,,Unknown,,Unknown,,No,100.0,1.0,1.0,50.0,1.045,0.957,63.5,Current-Season Handedness Matchup,Pull Air %,Barrel %,Max Exit Velocity,48.3,21.3,72.3,61.4,50.0,45.0,52.0,5.96,1.034,0.922,0.985,1.03,1.008,1.038,1.0,18.77,11.53,84.9,36.7,D+,Lineup unconfirmed,,,
29,2026-08-12,823994,2026-08-13T02:10:00Z,Scheduled,Angel Stadium,Texas Rangers @ Los Angeles Angels,Away,669394,Jake Burger,Texas Rangers,Los Angeles Angels,1B,R,No,,115,460,421,99,17,0,19,49,68,34,3,124,0.235,0.296,0.411,0.707,12,42,39,8,0,0.205,0.0,23,88,83,18,3,0.217,0.0341,524,95,7.3,30.7,46.4,27.9,25.3,15.9,26.7,51.8,24.1,6.7,3.7,6.7,48.4,84.1,18.2,0.527,74.4,97.5,113.4,61.0,11.6,14.2,59.7,44.5,Below Average,3.0,Pull Power,A,Excellent HR swing plane,44.5,Below Average,0.985,Good,8.4,44.0,97.1,0.475,Derived proxy,Derived proxy,Derived proxy,Derived proxy,,,33.63,14.63,Strong positive regression,Below Average Pull Power profile. 7.3% barrel rate; 84.1 mph average exit velocity; 26.7% air-ball rate; 51.8% pull-air rate; 6.7% HR-launch rate.,0.0413,0.0394,4.05,47,14,22.2,2.12,212.1,Very long drought,691946.0,George Klassen,R,RHB vs RHP,3,3,8.2,7.27,2.88,1,1.04,9.35,14.54,54.0,9.3,24.1,13.0,41.7,35.2,83.4,95.4,111.3,0.578,1.0,41.3,100.0,0.581,6.1,4-Seam Fastball,R,RHB vs RHP,43.9,349,0.229,0.287,0.396,0.683,14,24,91,0.0401,6.5,0.542,22,0.0455,9.1,0.557,0,0,0,0/0,,,,,0,0,0,44.2,Neutral Matchup,Average,50.0,3,Pitch-level Statcast · last 5 MLB games,228,4-Seam Fastball,40.78947368421053,93.0,Changeup,23.68421052631579,54.0,Slider,20.614035087719298,47.0,Curveball,7.894736842105263,18.0,Sinker,7.017543859649122,16.0,,,,Unknown,,Unknown,,No,100.0,1.0,1.0,50.0,0.983,1.018,56.3,Current-Season Handedness Matchup,Pull Air %,Barrel %,Max Exit Velocity,43.9,52.6,41.3,54.9,50.0,45.0,51.9,5.94,0.833,0.999,0.985,1.0,0.985,0.985,1.06,15.02,9.1,84.0,33.4,D,Lineup unconfirmed,,,
30,2026-08-12,824562,2026-08-12T23:40:00Z,Scheduled,Rate Field,Cincinnati Reds @ Chicago White Sox,Home,695657,Colson Montgomery,Chicago White Sox,Cincinnati Reds,SS,L,No,,112,473,422,90,18,0,26,54,68,39,10,157,0.213,0.294,0.441,0.735,11,49,44,7,2,0.159,0.0408,21,92,81,15,3,0.185,0.0326,514,87,7.7,25.7,53.8,24.6,20.4,16.6,25.9,49.9,27.9,8.7,5.4,8.7,57.7,83.3,21.4,0.61,74.8,96.1,115.9,66.2,11.4,12.0,49.2,46.0,Below Average,3.0,Pull Power,A-,Elevated power plane,46.0,Below Average,0.989,Good,6.9,42.1,94.9,0.51,Derived proxy,Derived proxy,Derived proxy,Derived proxy,,,34.79,8.79,Strong positive regression,Below Average Pull Power profile. 7.7% barrel rate; 83.3 mph average exit velocity; 25.9% air-ball rate; 49.9% pull-air rate; 8.7% HR-launch rate.,0.055,0.0503,3.99,4,1,16.2,0.25,24.6,Very recent HR,695076.0,Rhett Lowder,R,LHB vs RHP,20,17,89.0,5.26,1.48,11,1.11,7.38,3.94,477.0,5.9,25.4,16.8,40.3,32.5,84.4,95.9,116.0,0.58,11.0,54.4,99.7,0.669,8.2,Sinker,L,LHB vs RHP,57.1,323,0.191,0.272,0.41,0.682,18,28,112,0.0557,8.8,0.682,251,0.0398,7.8,0.669,0,0,0,0/0,,,,,0,0,0,54.7,Neutral Matchup,Average,50.0,5,Pitch-level Statcast · last 5 MLB games,339,Slider,33.03834808259587,112.0,Sinker,28.023598820058996,95.0,Changeup,17.99410029498525,61.0,4-Seam Fastball,15.634218289085545,53.0,Curveball,5.014749262536873,17.0,Sweeper,0.2949852507374631,1.0,Unknown,,Unknown,,No,100.0,1.0,1.0,50.0,1.009,0.984,61.8,Current-Season Handedness Matchup,Pull Air %,Barrel %,Max Exit Velocity,57.1,39.2,54.4,45.4,50.0,45.0,51.9,5.93,0.895,1.002,1.025,1.0,0.989,0.989,0.98,18.62,10.73,84.4,30.3,D,Lineup unconfirmed,,,
31,2026-08-12,823994,2026-08-13T02:10:00Z,Scheduled,Angel Stadium,Texas Rangers @ Los Angeles Angels,Away,608369,Corey Seager,Texas Rangers,Los Angeles Angels,SS,L,No,,61,259,224,43,7,0,11,33,28,31,2,66,0.192,0.293,0.371,0.664,10,40,37,9,1,0.243,0.025,10,40,37,9,1,0.243,0.025,298,44,8.4,31.0,50.3,18.5,31.2,19.4,29.4,36.9,26.1,9.4,3.8,9.4,38.5,85.8,20.3,0.607,70.1,98.1,111.5,11.4,15.2,3.3,49.3,36.0,Below Average,2.5,Contact-First Profile,A-,Elevated power plane,36.0,Below Average,0.961,Good,9.1,33.3,100.3,0.556,Derived proxy,Derived proxy,Derived proxy,Derived proxy,,,21.77,10.77,Strong positive regression,Below Average Contact-First Profile profile. 8.4% barrel rate; 85.8 mph average exit velocity; 29.4% air-ball rate; 36.9% pull-air rate; 9.4% HR-launch rate.,0.0425,0.0392,4.05,13,3,20.4,0.64,63.8,Recently homered,691946.0,George Klassen,R,LHB vs RHP,3,3,8.2,7.27,2.88,1,1.04,9.35,14.54,54.0,9.3,24.1,13.0,41.7,35.2,83.4,95.4,111.3,0.578,1.0,49.7,100.0,0.617,8.5,4-Seam Fastball,L,LHB vs RHP,51.4,187,0.205,0.305,0.41,0.715,9,22,44,0.0481,9.4,0.667,30,0.0,9.4,0.589,0,0,0,0/0,,,,,0,0,0,50.5,Neutral Matchup,Average,50.0,3,Pitch-level Statcast · last 5 MLB games,228,4-Seam Fastball,40.78947368421053,93.0,Changeup,23.68421052631579,54.0,Slider,20.614035087719298,47.0,Curveball,7.894736842105263,18.0,Sinker,7.017543859649122,16.0,,,,Unknown,,Unknown,,No,100.0,1.0,1.0,50.0,0.999,1.018,51.7,Current-Season Handedness Matchup,Pull Air %,Barrel %,Max Exit Velocity,51.4,52.6,49.7,52.9,50.0,45.0,51.5,5.84,0.855,0.999,1.025,1.0,0.961,0.961,1.0,14.94,9.01,73.7,24.9,F,Lineup unconfirmed,,,
32,2026-08-12,823833,2026-08-12T22:40:00Z,Scheduled,loanDepot park,Pittsburgh Pirates @ Miami Marlins,Away,699013,Esmerlyn Valdez,Pittsburgh Pirates,Miami Marlins,RF,R,No,,51,200,164,40,9,1,14,28,38,33,1,73,0.244,0.37,0.567,0.937,11,45,31,3,0,0.097,0.0,23,95,70,11,4,0.157,0.0421,198,81,9.7,24.6,43.3,25.1,31.6,21.6,29.1,44.9,30.0,10.1,6.7,10.1,67.6,83.8,19.8,0.788,72.0,95.0,111.8,44.6,11.6,9.8,49.1,46.9,Below Average,3.0,Pull Power,A,Excellent HR swing plane,46.9,Below Average,0.991,Good,6.2,50.0,92.6,0.657,Derived proxy,Derived proxy,Derived proxy,Derived proxy,,,16.0,2.0,Positive regression,Below Average Pull Power profile. 9.7% barrel rate; 83.8 mph average exit velocity; 29.1% air-ball rate; 44.9% pull-air rate; 10.1% HR-launch rate.,0.07,0.0558,4.23,41,14,11.7,3.5,350.0,Very long drought,676083.0,Janson Junk,R,RHB vs RHP,16,16,81.2,4.63,1.36,12,1.32,6.83,2.53,509.0,4.3,24.0,11.8,51.8,28.1,82.8,95.1,114.2,0.513,12.0,67.2,99.9,0.75,10.6,4-Seam Fastball,R,RHB vs RHP,55.7,127,0.226,0.339,0.472,0.81,7,18,52,0.0551,11.1,0.843,132,0.0455,4.8,0.455,0,0,0,0/0,,,,,0,0,0,58.6,Slight Hitter Advantage,Above average,50.0,5,Pitch-level Statcast · last 5 MLB games,360,4-Seam Fastball,45.833333333333336,165.0,Changeup,14.166666666666666,51.0,Slider,13.61111111111111,49.0,Sweeper,13.055555555555555,47.0,Sinker,8.055555555555555,29.0,Curveball,5.277777777777778,19.0,Unknown,,Unknown,,No,94.0,0.94,1.0,39.2,1.034,0.968,58.7,Current-Season Handedness Matchup,Pull Air %,Barrel %,Max Exit Velocity,55.7,36.6,67.2,46.5,39.2,45.0,51.4,5.81,0.813,1.035,0.985,1.03,0.991,1.021,1.06,21.55,11.5,73.9,41.1,D+,Lineup unconfirmed,,,
33,2026-08-12,824562,2026-08-12T23:40:00Z,Scheduled,Rate Field,Cincinnati Reds @ Chicago White Sox,Away,682829,Elly De La Cruz,Cincinnati Reds,Chicago White Sox,SS,S,No,,99,444,391,106,18,5,20,67,56,48,2,118,0.271,0.351,0.496,0.847,11,49,40,10,2,0.25,0.0408,23,104,88,23,5,0.261,0.0481,459,114,8.3,32.1,40.7,29.1,28.5,14.0,30.0,31.0,32.2,8.3,4.1,8.3,53.6,85.9,13.5,0.685,74.8,98.9,116.1,57.0,14.7,14.0,47.6,44.6,Below Average,3.0,Contact-First Profile,A,Excellent HR swing plane,44.6,Below Average,0.985,Good,7.0,30.3,98.0,0.657,Derived proxy,Derived proxy,Derived proxy,Derived proxy,,,31.9,11.9,Strong positive regression,Below Average Contact-First Profile profile. 8.3% barrel rate; 85.9 mph average exit velocity; 30.0% air-ball rate; 31.0% pull-air rate; 8.3% HR-launch rate.,0.045,0.0423,4.15,12,3,19.6,0.61,61.4,Recently homered,622491.0,Luis Castillo,R,Switch vs RHP,21,18,103.2,5.3,1.41,17,1.48,7.9,2.86,685.0,5.5,25.1,13.4,38.7,29.2,83.7,95.3,113.8,0.579,17.0,75.8,99.9,0.811,11.8,4-Seam Fastball,L,LHB vs RHP,51.2,318,0.249,0.333,0.438,0.771,12,35,84,0.0377,7.6,0.7,272,0.0478,6.9,0.62,6,5,1,1/5,0.2,0.333,0.8,1.133,1,1,0,62.5,Slight Hitter Advantage,Above average,64.5,5,Pitch-level Statcast · last 5 MLB games,454,4-Seam Fastball,41.629955947136565,189.0,Slider,27.312775330396477,124.0,Sinker,17.841409691629956,81.0,Changeup,13.215859030837004,60.0,,,,,,,Unknown,,Unknown,,No,100.0,1.0,1.0,50.0,1.052,0.98,53.7,Current-Season Handedness Matchup,Pull Air %,Barrel %,Max Exit Velocity,51.2,36.2,75.8,40.8,50.0,45.0,51.2,5.78,1.017,1.061,1.035,1.0,0.985,0.985,1.0,16.41,11.48,85.0,33.2,D,Lineup unconfirmed,,,
34,2026-08-12,823187,2026-08-12T19:45:00Z,Scheduled,Oracle Park,Houston Astros @ San Francisco Giants,Away,676369,Nelson Velázquez,Houston Astros,San Francisco Giants,LF,R,No,,35,86,77,16,4,0,4,10,12,7,1,26,0.208,0.279,0.416,0.695,3,7,7,1,0,0.143,0.0,11,21,20,2,0,0.1,0.0,95,18,6.1,32.7,54.4,25.8,19.9,17.6,34.4,59.6,27.8,7.0,6.1,7.0,51.7,85.4,19.9,0.763,73.6,97.1,108.7,49.3,20.5,13.5,54.6,48.9,Average,3.0,Pull Power,A,Excellent HR swing plane,48.9,Average,0.997,Good,5.6,66.7,94.6,0.712,Derived proxy,Derived proxy,Derived proxy,Derived proxy,,,5.78,1.78,Near expected,Average Pull Power profile. 6.1% barrel rate; 85.4 mph average exit velocity; 34.4% air-ball rate; 59.6% pull-air rate; 7.0% HR-launch rate.,0.0465,0.0381,3.99,25,13,19.2,1.3,129.9,Near normal interval,,TBD,,Unknown,0,0,0.0,0.0,0.0,0,0.0,0.0,0.0,,,,,,,,,,,,50.0,0.0,,,Unknown,R,Unknown,50.0,0,,,,,0,0,0,,,,0,,,,0,0,0,0/0,,,,,0,0,0,50.0,Neutral Matchup,Average,50.0,0,,0,,,,,,,,,,,,,,,,,,,Unknown,,Unknown,,No,91.0,0.91,1.0,33.8,1.0,1.0,56.5,Current-Season Handedness Matchup,Pull Air %,Barrel %,Max Exit Velocity,50.0,50.0,50.0,51.1,33.8,45.0,51.2,5.77,1.0,1.0,1.0,1.0,0.997,0.997,1.0,14.34,9.06,49.8,24.6,F,Probable SP unavailable; Lineup unconfirmed,,,
35,2026-08-12,823017,2026-08-12T18:15:00Z,Scheduled,Busch Stadium,Philadelphia Phillies @ St. Louis Cardinals,Away,547180,Bryce Harper,Philadelphia Phillies,St. Louis Cardinals,1B,L,No,,121,514,424,107,22,3,25,72,71,82,1,108,0.252,0.37,0.495,0.865,12,55,39,10,3,0.256,0.0545,24,106,82,18,5,0.22,0.0472,647,123,5.8,23.5,49.1,23.8,27.0,13.4,25.6,39.2,32.3,7.0,4.5,7.0,67.8,83.3,17.2,0.687,72.8,95.1,113.2,41.8,10.5,10.1,44.7,38.2,Below Average,2.5,Contact-First Profile,A,Excellent HR swing plane,38.2,Below Average,0.967,Good,5.7,40.0,94.4,0.697,Derived proxy,Derived proxy,Derived proxy,Derived proxy,,,33.47,8.47,Strong positive regression,Below Average Contact-First Profile profile. 5.8% barrel rate; 83.3 mph average exit velocity; 25.6% air-ball rate; 39.2% pull-air rate; 7.0% HR-launch rate.,0.0486,0.0455,4.15,7,3,17.0,0.41,41.3,Recently homered,681517.0,Kyle Leahy,R,LHB vs RHP,22,22,112.1,3.45,1.34,12,0.96,7.93,2.8,612.0,6.9,30.4,12.1,44.5,29.7,84.4,97.4,114.9,0.599,12.0,56.3,99.9,0.728,6.3,4-Seam Fastball,L,LHB vs RHP,57.8,317,0.286,0.394,0.605,1.0,21,49,59,0.0662,6.9,0.75,250,0.028,7.8,0.668,2,2,0,0/2,0.0,0.0,0.0,0.0,0,0,1,54.7,Neutral Matchup,Average,45.0,5,Pitch-level Statcast · last 5 MLB games,421,4-Seam Fastball,22.327790973871736,94.0,Curveball,18.28978622327791,77.0,Slider,16.8646080760095,71.0,Changeup,14.964370546318289,63.0,Sweeper,14.964370546318289,63.0,Sinker,12.589073634204276,53.0,Unknown,,Unknown,,No,100.0,1.0,1.0,50.0,1.013,0.994,53.8,Current-Season Handedness Matchup,Pull Air %,Barrel %,Max Exit Velocity,57.8,48.3,56.3,39.7,50.0,45.0,51.1,5.76,1.05,0.978,1.025,1.0,0.967,0.967,1.0,17.57,11.25,85.0,33.1,D,Lineup unconfirmed,,,
36,2026-08-12,823672,2026-08-12T17:40:00Z,Scheduled,Target Field,Baltimore Orioles @ Minnesota Twins,Home,665019,Kody Clemens,Minnesota Twins,Baltimore Orioles,1B,L,No,,105,424,388,89,20,5,20,54,55,26,6,96,0.229,0.287,0.461,0.748,11,46,43,5,2,0.116,0.0435,22,92,87,16,4,0.184,0.0435,564,126,5.8,27.1,54.6,20.6,24.4,17.8,27.8,47.8,24.6,6.8,4.6,6.8,59.4,84.5,19.4,0.552,70.3,96.1,110.8,12.1,11.9,4.4,60.3,34.1,Weak,2.5,Pull Power,A,Excellent HR swing plane,34.1,Weak,0.955,Good,4.8,55.9,95.1,0.499,Derived proxy,Derived proxy,Derived proxy,Derived proxy,,,30.93,10.93,Strong positive regression,Weak Pull Power profile. 5.8% barrel rate; 84.5 mph average exit velocity; 27.8% air-ball rate; 47.8% pull-air rate; 6.8% HR-launch rate.,0.0472,0.0438,3.93,3,1,19.4,0.15,15.5,Very recent HR,669358.0,Shane Baz,R,LHB vs RHP,23,23,136.1,3.76,1.32,10,0.66,7.92,3.04,799.0,3.8,24.2,13.3,39.0,29.9,83.0,94.8,116.9,0.52,10.0,93.4,99.5,0.818,20.3,4-Seam Fastball,L,LHB vs RHP,37.7,316,0.232,0.289,0.471,0.759,15,19,71,0.0475,6.6,0.577,334,0.018,4.0,0.538,5,5,0,0/5,0.0,0.0,0.0,0.0,0,0,2,57.2,Neutral Matchup,Average,37.5,5,Pitch-level Statcast · last 5 MLB games,463,4-Seam Fastball,35.85313174946004,166.0,Knuckle Curve,30.237580993520517,140.0,Cutter,12.095032397408207,56.0,Changeup,11.44708423326134,53.0,Sinker,10.367170626349893,48.0,,,,Unknown,,Unknown,,No,100.0,1.0,1.0,50.0,1.087,0.963,48.9,Current-Season Handedness Matchup,Pull Air %,Barrel %,Max Exit Velocity,37.7,27.9,93.4,50.3,50.0,45.0,50.9,5.72,0.997,0.93,1.025,1.0,0.955,0.955,0.98,16.15,9.93,84.4,29.2,F,Lineup unconfirmed,,,
37,2026-08-12,823187,2026-08-12T19:45:00Z,Scheduled,Oracle Park,Houston Astros @ San Francisco Giants,Away,701358,Cam Smith,Houston Astros,San Francisco Giants,RF,R,No,,118,435,389,88,15,2,16,52,44,35,6,107,0.226,0.297,0.398,0.695,10,38,36,16,3,0.444,0.0789,22,74,68,18,4,0.265,0.0541,559,94,6.3,29.9,40.4,28.7,30.2,13.3,24.1,43.5,25.7,6.2,3.2,6.2,55.4,83.7,20.7,0.572,75.8,97.6,114.4,71.1,10.5,17.2,48.9,42.0,Below Average,2.5,Pull Power,A-,Elevated power plane,42.0,Below Average,0.978,Good,5.3,52.2,98.7,0.507,Derived proxy,Derived proxy,Derived proxy,Derived proxy,,,30.81,14.81,Strong positive regression,Below Average Pull Power profile. 6.3% barrel rate; 83.7 mph average exit velocity; 24.1% air-ball rate; 43.5% pull-air rate; 6.2% HR-launch rate.,0.0368,0.0357,4.05,4,1,24.3,0.16,16.5,Very recent HR,,TBD,,Unknown,0,0,0.0,0.0,0.0,0,0.0,0.0,0.0,,,,,,,,,,,,50.0,0.0,,,Unknown,R,Unknown,50.0,0,,,,,0,0,0,,,,0,,,,0,0,0,0/0,,,,,0,0,0,50.0,Neutral Matchup,Average,50.0,0,,0,,,,,,,,,,,,,,,,,,,Unknown,,Unknown,,No,91.0,0.91,1.0,33.8,1.0,1.0,54.2,Current-Season Handedness Matchup,Pull Air %,Barrel %,Max Exit Velocity,50.0,50.0,50.0,58.8,33.8,45.0,50.9,5.71,1.35,1.0,1.0,1.0,0.978,0.978,0.98,13.71,10.33,72.9,27.4,F,Probable SP unavailable; Lineup unconfirmed,,,
38,2026-08-12,825047,2026-08-12T19:40:00Z,Scheduled,Chase Field,Colorado Rockies @ Arizona Diamondbacks,Home,606466,Ketel Marte,Arizona Diamondbacks,Colorado Rockies,2B,S,No,,115,509,462,115,23,3,21,63,66,38,5,77,0.249,0.31,0.448,0.758,11,48,39,8,2,0.205,0.0417,23,104,91,20,4,0.22,0.0385,654,117,6.6,28.4,51.9,27.5,20.2,17.2,29.7,46.9,25.4,6.6,3.6,6.6,43.9,84.0,15.0,0.525,73.5,97.2,115.0,43.6,12.2,11.3,58.1,40.8,Below Average,2.5,Pull Power,A,Excellent HR swing plane,40.8,Below Average,0.974,Good,6.0,44.1,95.1,0.451,Derived proxy,Derived proxy,Derived proxy,Derived proxy,,,38.18,17.18,Strong positive regression,Below Average Pull Power profile. 6.6% barrel rate; 84.0 mph average exit velocity; 29.7% air-ball rate; 46.9% pull-air rate; 6.6% HR-launch rate.,0.0413,0.0395,3.99,0,0,22.0,0.0,0.0,Very recent HR,663372.0,Ryan Feltner,R,Switch vs RHP,17,17,82.0,5.71,1.45,18,1.98,6.48,3.62,456.0,7.7,26.5,16.9,46.9,26.5,83.0,95.3,111.1,0.607,18.0,46.3,100.0,0.595,7.9,4-Seam Fastball,L,LHB vs RHP,41.9,376,0.232,0.298,0.387,0.685,11,29,60,0.0293,5.8,0.524,183,0.0437,9.1,0.596,6,5,0,0/5,0.0,0.167,0.0,0.167,0,1,2,42.1,Slight Pitcher Advantage,Below average,35.0,5,Pitch-level Statcast · last 5 MLB games,423,4-Seam Fastball,29.78723404255319,126.0,Slider,21.98581560283688,93.0,Changeup,19.148936170212767,81.0,Sinker,14.893617021276595,63.0,Sweeper,7.328605200945627,31.0,Curveball,6.855791962174941,29.0,Unknown,,Unknown,,No,100.0,1.0,1.0,50.0,0.993,1.002,53.6,Current-Season Handedness Matchup,Pull Air %,Barrel %,Max Exit Velocity,41.9,50.9,46.3,45.6,50.0,45.0,50.5,5.63,1.007,1.141,1.035,1.0,0.974,0.974,0.98,14.85,10.58,85.0,30.5,D,Lineup unconfirmed,,,
39,2026-08-12,822698,2026-08-12T22:45:00Z,Scheduled,Nationals Park,Chicago Cubs @ Washington Nationals,Home,665953,Andrés Chaparro,Washington Nationals,Chicago Cubs,1B,R,No,,50,118,100,23,8,0,6,20,28,14,4,27,0.23,0.347,0.49,0.837,11,29,24,6,1,0.25,0.0345,19,53,46,14,5,0.304,0.0943,132,59,9.0,37.0,56.7,29.9,13.4,16.8,26.3,62.0,28.8,11.6,9.0,11.6,64.6,85.0,19.8,0.723,71.8,98.5,112.1,41.6,16.9,15.2,52.4,56.6,Average,3.5,Pull Power,A,Excellent HR swing plane,56.6,Average,1.018,Good,10.2,64.7,100.1,0.806,Derived proxy,Derived proxy,Derived proxy,Derived proxy,,,11.08,5.08,Strong positive regression,Average Pull Power profile. 9.0% barrel rate; 85.0 mph average exit velocity; 26.3% air-ball rate; 62.0% pull-air rate; 11.6% HR-launch rate.,0.0508,0.0413,4.09,21,9,16.7,1.26,126.0,Near normal interval,656849.0,David Peterson,L,RHB vs LHP,23,15,106.0,5.35,1.5,11,0.93,7.47,3.65,585.0,4.1,26.8,12.5,41.6,29.7,82.7,96.1,111.7,0.535,11.0,49.8,99.8,0.628,8.0,Sinker,R,RHB vs LHP,39.2,97,0.198,0.33,0.42,0.75,4,14,22,0.0412,7.5,0.678,333,0.018,3.6,0.516,10,8,2,2/8,0.25,0.4,0.375,0.775,0,2,2,43.6,Neutral Matchup,Average,42.4,5,Pitch-level Statcast · last 5 MLB games,443,Sinker,36.11738148984199,160.0,4-Seam Fastball,24.830699774266364,110.0,Slider,19.63882618510158,87.0,Changeup,13.99548532731377,62.0,Curveball,5.417607223476298,24.0,,,,Unknown,,Unknown,,No,100.0,1.0,1.0,50.0,1.0,0.966,59.1,Current-Season Handedness Matchup,Pull Air %,Barrel %,Max Exit Velocity,39.2,32.0,49.8,72.4,50.0,45.0,50.3,5.57,1.116,0.973,1.025,1.0,1.018,1.018,1.0,15.86,10.83,64.7,31.5,D,Lineup unconfirmed,,,
40,2026-08-12,823511,2026-08-12T23:05:00Z,Scheduled,Yankee Stadium,Seattle Mariners @ New York Yankees,Home,671277,Luis García Jr.,New York Yankees,Seattle Mariners,1B,L,No,,110,399,380,107,22,5,24,51,78,18,0,62,0.282,0.313,0.555,0.868,9,37,35,10,2,0.286,0.0541,20,80,77,21,4,0.273,0.05,579,114,8.8,27.8,55.0,22.4,22.0,11.4,25.4,55.4,27.1,7.1,4.2,7.1,47.0,84.5,12.5,0.597,73.2,96.6,115.4,46.2,14.6,14.7,60.1,47.4,Below Average,3.0,Pull Power,A,Excellent HR swing plane,47.4,Below Average,0.993,Good,11.4,64.3,95.8,0.584,Derived proxy,Derived proxy,Derived proxy,Derived proxy,,,43.67,19.67,Strong positive regression,Below Average Pull Power profile. 8.8% barrel rate; 84.5 mph average exit velocity; 25.4% air-ball rate; 55.4% pull-air rate; 7.1% HR-launch rate.,0.0602,0.0536,4.09,19,5,15.8,1.2,120.0,Near normal interval,682243.0,Bryce Miller,R,LHB vs RHP,14,13,79.0,3.08,0.95,13,1.48,9.0,1.71,449.0,4.5,20.3,16.3,47.0,24.9,82.7,93.4,111.5,0.475,13.0,42.6,99.7,0.599,5.8,4-Seam Fastball,L,LHB vs RHP,45.8,332,0.294,0.325,0.589,0.914,21,15,51,0.0633,8.0,0.647,165,0.0303,4.0,0.457,3,3,0,0/3,0.0,0.0,0.0,0.0,0,0,0,44.0,Neutral Matchup,Average,42.5,5,Pitch-level Statcast · last 5 MLB games,441,4-Seam Fastball,43.31065759637188,191.0,Split-Finger,24.94331065759637,110.0,Slider,8.390022675736962,37.0,Sweeper,7.709750566893424,34.0,Sinker,7.2562358276643995,32.0,Cutter,4.988662131519274,22.0,Unknown,,Unknown,,No,108.0,1.08,1.0,64.4,0.985,0.97,60.3,Current-Season Handedness Matchup,Pull Air %,Barrel %,Max Exit Velocity,45.8,31.8,42.6,66.5,64.4,45.0,50.1,5.55,0.989,1.061,1.025,1.03,0.993,1.023,1.0,20.19,13.24,83.4,38.2,D+,Lineup unconfirmed,Knuckle Curve,3.401360544217687,15.0
41,2026-08-12,824883,2026-08-12T23:15:00Z,Scheduled,Truist Park,New York Mets @ Atlanta Braves,Home,671739,Michael Harris II,Atlanta Braves,New York Mets,CF,L,No,,114,457,434,127,25,1,20,59,67,18,2,89,0.293,0.322,0.493,0.815,12,47,45,13,1,0.289,0.0213,25,104,100,28,4,0.28,0.0385,628,152,6.2,32.8,47.6,25.8,26.4,12.3,26.3,49.8,27.9,5.4,2.4,5.4,49.5,84.4,15.2,0.572,73.2,98.5,114.2,49.1,12.3,15.4,44.8,43.7,Below Average,2.5,Pull Power,A,Excellent HR swing plane,43.7,Below Average,0.982,Good,4.6,52.6,98.0,0.491,Derived proxy,Derived proxy,Derived proxy,Derived proxy,,,35.03,15.03,Strong positive regression,Below Average Pull Power profile. 6.2% barrel rate; 84.4 mph average exit velocity; 26.3% air-ball rate; 49.8% pull-air rate; 5.4% HR-launch rate.,0.0438,0.0413,4.09,37,10,21.7,1.71,170.5,Above normal drought,804267.0,Zac Thornton,L,LHB vs LHP,7,7,39.1,2.52,1.07,3,0.69,6.18,2.75,217.0,6.0,27.6,15.2,42.6,32.3,83.1,96.5,110.6,0.526,3.0,49.0,99.6,0.631,7.5,Cutter,L,LHB vs LHP,38.4,169,0.291,0.331,0.487,0.819,7,8,28,0.0414,5.5,0.519,52,0.0192,6.0,0.51,3,3,1,1/3,0.333,0.333,0.333,0.666,0,0,1,43.6,Neutral Matchup,Average,46.0,5,Pitch-level Statcast · last 5 MLB games,400,Cutter,32.0,128.0,4-Seam Fastball,25.25,101.0,Sweeper,13.5,54.0,Slider,11.25,45.0,Sinker,10.75,43.0,Changeup,5.25,21.0,Unknown,,Unknown,,No,103.0,1.03,1.0,55.4,0.998,0.985,54.8,Current-Season Handedness Matchup,Pull Air %,Barrel %,Max Exit Velocity,38.4,40.2,49.0,55.9,55.4,45.0,49.8,5.48,0.881,0.963,0.985,1.0,0.982,0.982,1.035,15.85,9.21,85.0,33.5,D,Lineup unconfirmed,Curveball,2.0,8.0
42,2026-08-12,823833,2026-08-12T22:40:00Z,Scheduled,loanDepot park,Pittsburgh Pirates @ Miami Marlins,Away,664040,Brandon Lowe,Pittsburgh Pirates,Miami Marlins,2B,L,No,,112,496,442,111,25,1,25,72,74,45,2,142,0.251,0.319,0.482,0.801,12,50,46,11,3,0.239,0.06,22,94,85,23,4,0.271,0.0426,588,98,6.6,25.8,59.3,19.6,21.1,17.3,31.1,62.1,27.9,6.0,4.7,6.0,64.0,84.3,19.7,0.643,70.9,95.9,109.9,35.8,10.3,8.3,47.2,40.0,Below Average,2.5,Pull Power,A,Excellent HR swing plane,40.0,Below Average,0.972,Good,6.1,64.5,95.1,0.629,Derived proxy,Derived proxy,Derived proxy,Derived proxy,,,36.21,11.21,Strong positive regression,Below Average Pull Power profile. 6.6% barrel rate; 84.3 mph average exit velocity; 31.1% air-ball rate; 62.1% pull-air rate; 6.0% HR-launch rate.,0.0504,0.0468,4.15,5,2,17.7,0.28,28.3,Very recent HR,676083.0,Janson Junk,R,LHB vs RHP,16,16,81.2,4.63,1.36,12,1.32,6.83,2.53,509.0,4.3,24.0,11.8,51.8,28.1,82.8,95.1,114.2,0.513,12.0,60.0,99.9,0.722,8.4,4-Seam Fastball,L,LHB vs RHP,48.4,343,0.276,0.35,0.559,0.909,21,34,84,0.0612,7.4,0.7,219,0.0274,4.0,0.549,0,0,0,0/0,,,,,0,0,0,52.7,Neutral Matchup,Average,50.0,5,Pitch-level Statcast · last 5 MLB games,360,4-Seam Fastball,45.833333333333336,165.0,Changeup,14.166666666666666,51.0,Slider,13.61111111111111,49.0,Sweeper,13.055555555555555,47.0,Sinker,8.055555555555555,29.0,Curveball,5.277777777777778,19.0,Unknown,,Unknown,,No,94.0,0.94,1.0,39.2,1.02,0.968,55.7,Current-Season Handedness Matchup,Pull Air %,Barrel %,Max Exit Velocity,48.4,36.6,60.0,53.3,39.2,45.0,49.5,5.42,1.046,1.035,1.025,1.0,0.972,0.972,0.98,18.04,10.96,84.5,31.6,D,Lineup unconfirmed,,,
43,2026-08-12,823833,2026-08-12T22:40:00Z,Scheduled,loanDepot park,Pittsburgh Pirates @ Miami Marlins,Home,665052,Griffin Conine,Miami Marlins,Pittsburgh Pirates,RF,L,No,,53,170,150,40,5,0,12,23,26,18,2,52,0.267,0.353,0.54,0.893,11,43,38,9,3,0.237,0.0698,23,79,71,19,7,0.268,0.0886,183,84,9.0,31.1,49.2,29.3,21.5,14.0,27.1,48.6,34.5,9.8,6.5,9.8,79.4,85.0,16.3,0.79,71.9,97.7,115.0,41.7,12.7,10.7,43.5,51.7,Average,3.0,Pull Power,A,Excellent HR swing plane,51.7,Average,1.005,Good,9.5,40.0,97.7,0.799,Derived proxy,Derived proxy,Derived proxy,Derived proxy,,,14.46,2.46,Positive regression,Average Pull Power profile. 9.0% barrel rate; 85.0 mph average exit velocity; 27.1% air-ball rate; 48.6% pull-air rate; 9.8% HR-launch rate.,0.0706,0.0546,4.09,3,1,12.5,0.24,24.0,Very recent HR,669387.0,Carmen Mlodzinski,R,LHB vs RHP,26,10,97.1,3.51,1.36,8,0.74,7.12,2.96,549.0,4.9,30.1,14.0,40.5,30.1,84.6,96.5,111.7,0.542,8.0,37.4,99.9,0.56,5.2,4-Seam Fastball,L,LHB vs RHP,62.6,138,0.281,0.37,0.62,0.989,12,16,44,0.087,10.1,0.839,256,0.0234,5.9,0.58,1,1,0,0/1,0.0,0.0,0.0,0.0,0,0,0,50.8,Neutral Matchup,Average,47.5,5,Pitch-level Statcast · last 5 MLB games,223,Split-Finger,26.457399103139014,59.0,4-Seam Fastball,25.56053811659193,57.0,Sinker,19.730941704035875,44.0,Cutter,12.10762331838565,27.0,Sweeper,10.762331838565023,24.0,Curveball,5.381165919282512,12.0,Unknown,,Unknown,,No,94.0,0.94,1.0,39.2,0.975,0.974,66.2,Current-Season Handedness Matchup,Pull Air %,Barrel %,Max Exit Velocity,62.6,35.1,37.4,54.9,39.2,45.0,49.4,5.41,1.173,0.942,1.025,1.03,1.005,1.035,0.98,20.53,12.43,70.5,33.4,D,Lineup unconfirmed,,,
44,2026-08-12,823672,2026-08-12T17:40:00Z,Scheduled,Target Field,Baltimore Orioles @ Minnesota Twins,Away,681297,Colton Cowser,Baltimore Orioles,Minnesota Twins,CF,L,No,,106,286,245,52,4,0,9,31,30,37,1,86,0.212,0.316,0.339,0.655,10,27,24,6,1,0.25,0.037,22,55,44,9,1,0.205,0.0182,331,66,5.3,23.2,44.6,30.1,25.3,16.4,25.9,37.5,27.4,7.9,5.1,7.9,42.5,81.5,16.2,0.614,70.9,94.3,113.5,43.3,10.7,10.3,37.5,34.3,Weak,2.5,Contact-First Profile,A,Excellent HR swing plane,34.3,Weak,0.956,Good,4.5,29.4,95.0,0.57,Derived proxy,Derived proxy,Derived proxy,Derived proxy,,,15.78,6.78,Strong positive regression,Weak Contact-First Profile profile. 5.3% barrel rate; 81.5 mph average exit velocity; 25.9% air-ball rate; 37.5% pull-air rate; 7.9% HR-launch rate.,0.0315,0.0316,4.05,4,2,27.2,0.15,14.7,Very recent HR,805673.0,Zebby Matthews,R,LHB vs RHP,15,15,86.0,5.23,1.34,17,1.78,7.64,2.93,473.0,7.6,27.7,14.6,48.9,30.4,85.0,96.7,112.8,0.573,17.0,55.9,100.0,0.723,6.3,4-Seam Fastball,L,LHB vs RHP,48.4,245,0.219,0.322,0.367,0.689,9,32,69,0.0367,6.6,0.673,203,0.0394,8.8,0.597,0,0,0,0/0,,,,,0,0,0,51.3,Neutral Matchup,Average,50.0,5,Pitch-level Statcast · last 5 MLB games,465,4-Seam Fastball,38.924731182795696,181.0,Slider,23.010752688172044,107.0,Changeup,14.838709677419354,69.0,Curveball,10.96774193548387,51.0,Cutter,8.172043010752688,38.0,Sinker,4.086021505376344,19.0,Unknown,,Unknown,,No,100.0,1.0,1.0,50.0,1.012,1.001,48.1,Current-Season Handedness Matchup,Pull Air %,Barrel %,Max Exit Velocity,48.4,52.4,55.9,28.5,50.0,45.0,49.1,5.35,0.961,1.109,1.025,0.965,0.956,0.923,0.98,12.2,8.43,76.8,24.3,F,Lineup unconfirmed,,,
45,2026-08-12,822779,2026-08-12T23:07:00Z,Scheduled,Rogers Centre,Boston Red Sox @ Toronto Blue Jays,Away,663330,Jahmai Jones,Boston Red Sox,Toronto Blue Jays,DH,R,No,,70,128,116,23,6,0,4,15,12,12,0,42,0.198,0.273,0.353,0.626,5,8,8,5,0,0.625,0.0,13,23,21,10,2,0.476,0.087,139,24,6.0,33.1,59.3,20.1,17.5,13.8,29.6,73.1,31.1,6.5,5.5,6.5,70.0,84.9,15.0,0.698,71.3,97.3,110.1,30.7,15.6,9.8,53.0,44.8,Below Average,3.0,Pull Power,A,Excellent HR swing plane,44.8,Below Average,0.985,Good,8.3,100.0,98.9,0.863,Derived proxy,Derived proxy,Derived proxy,Derived proxy,,,8.65,4.65,Strong positive regression,Below Average Pull Power profile. 6.0% barrel rate; 84.9 mph average exit velocity; 29.6% air-ball rate; 73.1% pull-air rate; 6.5% HR-launch rate.,0.0312,0.0316,3.87,8,5,29.0,0.28,27.6,Very recent HR,667755.0,José Soriano,R,RHB vs RHP,23,23,127.2,3.24,1.26,12,0.85,9.16,4.23,613.0,4.6,23.8,11.9,41.5,27.6,83.2,95.2,112.7,0.534,12.0,59.9,54.5,0.746,7.2,Sinker,R,RHB vs RHP,31.6,21,0.095,0.095,0.095,0.19,0,0,9,0.0,0.0,0.387,235,0.0085,3.8,0.489,0,0,0,0/0,,,,,0,0,0,45.2,Neutral Matchup,Average,50.0,5,Pitch-level Statcast · last 5 MLB games,444,Knuckle Curve,30.63063063063063,136.0,Sinker,29.054054054054053,129.0,4-Seam Fastball,22.07207207207207,98.0,Split-Finger,15.765765765765765,70.0,Slider,2.4774774774774775,11.0,,,,Unknown,,Unknown,,No,100.0,1.0,1.0,50.0,1.02,0.971,52.4,Current-Season Handedness Matchup,Pull Air %,Barrel %,Max Exit Velocity,31.6,32.7,59.9,65.8,50.0,45.0,49.1,5.34,1.0,0.96,0.985,0.975,0.985,0.961,0.98,11.69,7.6,63.0,21.0,F,Lineup unconfirmed,,,
46,2026-08-12,823263,2026-08-12T20:10:00Z,Scheduled,Petco Park,Milwaukee Brewers @ San Diego Padres,Away,641343,Jake Bauers,Milwaukee Brewers,San Diego Padres,1B,L,No,,107,425,361,97,17,2,21,69,67,59,3,109,0.269,0.374,0.501,0.875,9,39,31,9,3,0.29,0.0769,20,79,66,18,3,0.273,0.038,470,77,9.0,35.0,54.8,14.7,28.9,17.0,31.3,45.6,33.2,9.2,4.1,9.2,47.5,86.3,16.3,0.689,75.0,99.1,113.0,66.7,15.7,20.5,49.8,53.8,Average,3.0,Pull Power,A,Excellent HR swing plane,53.8,Average,1.011,Good,9.1,50.0,99.6,0.687,Derived proxy,Derived proxy,Derived proxy,Derived proxy,,,37.22,16.22,Strong positive regression,Average Pull Power profile. 9.0% barrel rate; 86.3 mph average exit velocity; 31.3% air-ball rate; 45.6% pull-air rate; 9.2% HR-launch rate.,0.0494,0.0456,4.15,7,2,17.2,0.41,40.7,Recently homered,592662.0,Robbie Ray,L,LHB vs LHP,23,22,127.2,3.24,1.33,16,1.13,7.68,4.37,717.0,4.7,22.6,17.4,35.0,30.0,81.8,93.8,112.9,0.54,16.0,64.6,100.0,0.746,9.5,4-Seam Fastball,L,LHB vs LHP,35.4,101,0.253,0.347,0.494,0.841,4,13,23,0.0396,9.9,0.565,139,0.0072,3.7,0.504,0,0,0,0/0,,,,,0,0,0,48.5,Neutral Matchup,Average,50.0,5,Pitch-level Statcast · last 5 MLB games,444,Sinker,25.225225225225227,112.0,4-Seam Fastball,21.396396396396398,95.0,Changeup,20.945945945945947,93.0,Knuckle Curve,17.792792792792792,79.0,Slider,14.63963963963964,65.0,,,,Unknown,,Unknown,,No,94.0,0.94,1.0,39.2,1.029,0.972,55.8,Current-Season Handedness Matchup,Pull Air %,Barrel %,Max Exit Velocity,35.4,27.5,64.6,67.1,39.2,45.0,49.0,5.33,1.121,1.005,0.985,1.0,1.011,1.011,1.0,17.6,11.26,83.3,33.0,D,Lineup unconfirmed,,,
47,2026-08-12,822698,2026-08-12T22:45:00Z,Scheduled,Nationals Park,Chicago Cubs @ Washington Nationals,Away,664023,Ian Happ,Chicago Cubs,Washington Nationals,LF,S,No,,116,495,424,92,22,2,20,70,51,64,6,154,0.217,0.327,0.42,0.747,12,45,40,8,2,0.2,0.0444,24,98,83,17,3,0.205,0.0306,591,126,6.0,21.6,50.5,22.4,27.1,14.7,23.5,51.7,28.9,8.5,4.8,8.5,50.8,81.7,18.0,0.572,70.1,93.3,110.3,17.7,10.5,4.1,43.3,34.6,Weak,2.5,Pull Power,A,Excellent HR swing plane,34.6,Weak,0.957,Good,4.8,46.2,91.3,0.483,Derived proxy,Derived proxy,Derived proxy,Derived proxy,,,32.74,12.74,Strong positive regression,Weak Pull Power profile. 6.0% barrel rate; 81.7 mph average exit velocity; 23.5% air-ball rate; 51.7% pull-air rate; 8.5% HR-launch rate.,0.0404,0.0388,4.05,3,1,21.2,0.14,14.2,Very recent HR,800600.0,Jackson Kent,L,Switch vs LHP,0,0,0.0,0.0,0.0,0,0.0,0.0,0.0,,,,,,,,,,,,50.0,0.0,,,Unavailable,R,RHB vs LHP,38.0,130,0.151,0.223,0.286,0.509,4,9,44,0.0308,5.2,0.489,0,,,,0,0,0,0/0,,,,,0,0,0,44.6,Neutral Matchup,Average,50.0,0,,0,,,,,,,,,,,,,,,,,,,Unknown,,Unknown,,No,100.0,1.0,1.0,50.0,1.0,1.0,50.3,Current-Season Handedness Matchup,Pull Air %,Barrel %,Max Exit Velocity,38.0,50.0,50.0,37.3,50.0,45.0,49.0,5.32,0.994,1.0,1.035,1.0,0.957,0.957,0.98,14.8,9.37,74.8,26.9,F,Probable SP unavailable; Lineup unconfirmed,,,
48,2026-08-12,823672,2026-08-12T17:40:00Z,Scheduled,Target Field,Baltimore Orioles @ Minnesota Twins,Away,641933,Tyler O'Neill,Baltimore Orioles,Minnesota Twins,RF,R,No,,77,230,204,44,8,0,10,28,22,24,2,65,0.216,0.304,0.402,0.706,9,30,25,7,3,0.28,0.1,18,55,50,14,4,0.28,0.0727,273,71,6.3,23.3,46.9,24.0,29.1,19.2,28.9,50.0,24.6,7.2,4.4,7.2,71.1,83.6,22.0,0.599,70.9,95.1,110.1,16.6,10.3,2.5,53.2,34.7,Weak,2.5,Pull Power,A-,Elevated power plane,34.7,Weak,0.957,Good,5.6,50.0,94.1,0.614,Derived proxy,Derived proxy,Derived proxy,Derived proxy,,,15.69,5.69,Strong positive regression,Weak Pull Power profile. 6.3% barrel rate; 83.6 mph average exit velocity; 28.9% air-ball rate; 50.0% pull-air rate; 7.2% HR-launch rate.,0.0435,0.0395,4.05,8,2,20.4,0.39,39.2,Recently homered,805673.0,Zebby Matthews,R,RHB vs RHP,15,15,86.0,5.23,1.34,17,1.78,7.64,2.93,473.0,7.6,27.7,14.6,48.9,30.4,85.0,96.7,112.8,0.573,17.0,43.8,100.0,0.589,6.9,4-Seam Fastball,R,RHB vs RHP,32.1,117,0.198,0.308,0.287,0.595,2,14,33,0.0171,3.7,0.447,163,0.0552,6.2,0.546,0,0,0,0/0,,,,,0,0,0,39.8,Slight Pitcher Advantage,Below average,50.0,5,Pitch-level Statcast · last 5 MLB games,465,4-Seam Fastball,38.924731182795696,181.0,Slider,23.010752688172044,107.0,Changeup,14.838709677419354,69.0,Curveball,10.96774193548387,51.0,Cutter,8.172043010752688,38.0,Sinker,4.086021505376344,19.0,Unknown,,Unknown,,No,100.0,1.0,1.0,50.0,0.988,1.001,48.5,Current-Season Handedness Matchup,Pull Air %,Barrel %,Max Exit Velocity,32.1,52.4,43.8,48.3,50.0,45.0,48.8,5.29,1.35,1.109,0.985,1.0,0.957,0.957,1.0,15.07,12.15,72.8,30.5,D,Lineup unconfirmed,,,
49,2026-08-12,824241,2026-08-12T22:40:00Z,Scheduled,Comerica Park,Cleveland Guardians @ Detroit Tigers,Home,682985,Riley Greene,Detroit Tigers,Cleveland Guardians,LF,L,No,,117,492,422,115,25,1,16,65,54,61,4,133,0.273,0.366,0.45,0.816,9,38,32,6,1,0.188,0.0263,22,92,78,16,3,0.205,0.0326,619,123,8.6,26.9,43.0,26.5,30.5,16.1,27.8,37.0,35.8,7.9,3.2,7.9,30.0,82.8,17.1,0.697,74.0,95.4,111.6,51.5,13.9,11.7,40.4,40.5,Below Average,2.5,Contact-First Profile,A,Excellent HR swing plane,40.5,Below Average,0.973,Good,9.8,30.3,94.0,0.694,Derived proxy,Derived proxy,Derived proxy,Derived proxy,,,42.21,26.21,Strong positive regression,Below Average Contact-First Profile profile. 8.6% barrel rate; 82.8 mph average exit velocity; 27.8% air-ball rate; 37.0% pull-air rate; 7.9% HR-launch rate.,0.0325,0.0324,4.09,19,6,26.4,0.72,72.0,Recently homered,656492.0,Foster Griffin,L,LHB vs LHP,23,23,133.1,3.31,1.11,21,1.42,8.24,2.16,724.0,5.5,22.9,13.7,41.4,33.3,81.4,94.4,119.0,0.543,21.0,76.6,99.9,0.886,10.3,Cutter,L,LHB vs LHP,32.2,154,0.229,0.344,0.344,0.688,2,22,44,0.013,4.2,0.522,143,0.042,6.1,0.58,0,0,0,0/0,,,,,0,0,0,51.3,Neutral Matchup,Average,50.0,5,Pitch-level Statcast · last 5 MLB games,470,Cutter,33.40425531914894,157.0,Sweeper,14.46808510638298,68.0,4-Seam Fastball,13.829787234042554,65.0,Changeup,10.425531914893616,49.0,Sinker,10.425531914893616,49.0,Split-Finger,8.936170212765957,42.0,Unknown,,Unknown,,No,100.0,1.0,1.0,50.0,1.053,0.98,47.5,Current-Season Handedness Matchup,Pull Air %,Barrel %,Max Exit Velocity,32.2,35.7,76.6,38.9,50.0,45.0,48.7,5.28,0.96,1.051,0.985,1.0,0.973,0.973,1.0,12.61,8.57,84.4,28.0,F,Lineup unconfirmed,Curveball,8.51063829787234,40.0
50,2026-08-12,823833,2026-08-12T22:40:00Z,Scheduled,loanDepot park,Pittsburgh Pirates @ Miami Marlins,Home,691788,Joe Mack,Miami Marlins,Pittsburgh Pirates,C,L,No,,73,232,212,49,7,0,11,31,34,14,2,59,0.231,0.285,0.42,0.705,9,27,26,5,1,0.192,0.037,20,60,57,11,4,0.193,0.0667,291,66,7.1,28.1,55.3,25.0,19.7,12.4,22.8,49.5,27.5,8.8,5.6,8.8,63.8,82.2,10.3,0.635,70.9,95.3,110.3,34.9,12.3,10.0,53.7,41.9,Below Average,2.5,Pull Power,A,Excellent HR swing plane,41.9,Below Average,0.977,Good,7.6,50.0,95.4,0.716,Derived proxy,Derived proxy,Derived proxy,Derived proxy,,,18.25,7.25,Strong positive regression,Below Average Pull Power profile. 7.1% barrel rate; 82.2 mph average exit velocity; 22.8% air-ball rate; 49.5% pull-air rate; 8.8% HR-launch rate.,0.0474,0.0422,3.93,16,6,19.3,0.83,83.0,Near normal interval,669387.0,Carmen Mlodzinski,R,LHB vs RHP,26,10,97.1,3.51,1.36,8,0.74,7.12,2.96,549.0,4.9,30.1,14.0,40.5,30.1,84.6,96.5,111.7,0.542,8.0,60.0,99.9,0.677,10.7,4-Seam Fastball,L,LHB vs RHP,45.3,181,0.25,0.304,0.464,0.768,10,11,45,0.0552,6.9,0.615,256,0.0234,5.9,0.58,0,0,0,0/0,,,,,0,0,0,51.4,Neutral Matchup,Average,50.0,5,Pitch-level Statcast · last 5 MLB games,223,Split-Finger,26.457399103139014,59.0,4-Seam Fastball,25.56053811659193,57.0,Sinker,19.730941704035875,44.0,Cutter,12.10762331838565,27.0,Sweeper,10.762331838565023,24.0,Curveball,5.381165919282512,12.0,Unknown,,Unknown,,No,94.0,0.94,1.0,39.2,1.02,0.974,53.9,Current-Season Handedness Matchup,Pull Air %,Barrel %,Max Exit Velocity,45.3,35.1,60.0,55.2,39.2,45.0,48.6,5.26,1.078,0.942,1.025,1.0,0.977,0.977,1.0,15.57,9.57,73.4,26.8,F,Lineup unconfirmed,,,
51,2026-08-12,822698,2026-08-12T22:45:00Z,Scheduled,Nationals Park,Chicago Cubs @ Washington Nationals,Away,699393,Pedro Ramírez,Chicago Cubs,Washington Nationals,2B,S,No,,45,124,112,33,8,1,2,17,15,10,0,22,0.295,0.35,0.438,0.788,10,25,23,5,1,0.217,0.04,19,61,55,19,1,0.345,0.0164,172,89,2.3,26.8,47.2,29.1,23.8,8.4,24.5,50.0,33.7,4.2,1.9,4.2,50.0,84.2,15.4,0.433,69.8,95.2,108.5,18.5,10.4,6.6,41.9,28.0,Weak,2.0,Pull Power,A,Excellent HR swing plane,28.0,Weak,0.938,Good,2.2,50.0,94.5,0.417,Derived proxy,Derived proxy,Derived proxy,Derived proxy,,,5.24,3.24,Positive regression,Weak Pull Power profile. 2.3% barrel rate; 84.2 mph average exit velocity; 24.5% air-ball rate; 50.0% pull-air rate; 4.2% HR-launch rate.,0.0161,0.0239,4.05,2,2,56.0,0.04,3.6,Very recent HR,800600.0,Jackson Kent,L,Switch vs LHP,0,0,0.0,0.0,0.0,0,0.0,0.0,0.0,,,,,,,,,,,,50.0,0.0,,,Unavailable,R,RHB vs LHP,48.8,21,0.333,0.333,0.571,0.905,1,0,2,0.0476,5.3,0.568,0,,,,0,0,0,0/0,,,,,0,0,0,49.5,Neutral Matchup,Average,50.0,0,,0,,,,,,,,,,,,,,,,,,,Unknown,,Unknown,,No,100.0,1.0,1.0,50.0,1.0,1.0,48.1,Current-Season Handedness Matchup,Pull Air %,Barrel %,Max Exit Velocity,48.8,50.0,50.0,41.8,50.0,45.0,48.5,5.24,1.091,1.0,1.035,1.0,0.938,0.938,0.98,9.35,7.24,55.7,21.5,F,Probable SP unavailable; Lineup unconfirmed,,,
52,2026-08-12,824562,2026-08-12T23:40:00Z,Scheduled,Rate Field,Cincinnati Reds @ Chicago White Sox,Home,678246,Miguel Vargas,Chicago White Sox,Cincinnati Reds,3B,R,No,,117,513,434,102,26,1,25,79,68,66,7,92,0.235,0.342,0.472,0.814,11,50,42,7,3,0.167,0.06,23,104,91,18,4,0.198,0.0385,658,121,6.4,28.1,49.3,24.2,26.3,18.4,31.1,52.1,33.2,8.2,5.9,8.2,52.2,84.8,24.0,0.597,72.1,96.6,111.7,39.8,15.4,12.5,61.3,45.6,Below Average,3.0,Pull Power,A-,Elevated power plane,45.6,Below Average,0.988,Good,4.1,48.6,96.6,0.507,Derived proxy,Derived proxy,Derived proxy,Derived proxy,,,40.37,15.37,Strong positive regression,Below Average Pull Power profile. 6.4% barrel rate; 84.8 mph average exit velocity; 31.1% air-ball rate; 52.1% pull-air rate; 8.2% HR-launch rate.,0.0487,0.0456,4.09,0,0,17.4,0.0,0.0,Very recent HR,695076.0,Rhett Lowder,R,RHB vs RHP,20,17,89.0,5.26,1.48,11,1.11,7.38,3.94,477.0,5.9,25.4,16.8,40.3,32.5,84.4,95.9,116.0,0.58,11.0,51.9,99.7,0.641,8.4,Sinker,R,RHB vs RHP,32.8,351,0.225,0.33,0.443,0.773,15,42,64,0.0427,7.4,0.617,149,0.0067,2.7,0.445,0,0,0,0/0,,,,,0,0,0,42.9,Slight Pitcher Advantage,Below average,50.0,5,Pitch-level Statcast · last 5 MLB games,339,Slider,33.03834808259587,112.0,Sinker,28.023598820058996,95.0,Changeup,17.99410029498525,61.0,4-Seam Fastball,15.634218289085545,53.0,Curveball,5.014749262536873,17.0,Sweeper,0.2949852507374631,1.0,Unknown,,Unknown,,No,100.0,1.0,1.0,50.0,1.004,0.984,52.9,Current-Season Handedness Matchup,Pull Air %,Barrel %,Max Exit Velocity,32.8,39.2,51.9,48.8,50.0,45.0,48.3,5.21,1.042,1.002,0.985,1.0,0.988,0.988,0.98,17.36,10.55,85.0,31.2,D,Lineup unconfirmed,,,
53,2026-08-12,823916,2026-08-13T02:10:00Z,Scheduled,UNIQLO Field at Dodger Stadium,Kansas City Royals @ Los Angeles Dodgers,Away,677951,Bobby Witt Jr.,Kansas City Royals,Los Angeles Dodgers,SS,R,No,,102,448,399,113,24,1,13,60,42,45,1,78,0.283,0.355,0.446,0.801,8,34,30,10,0,0.333,0.0,11,45,39,10,0,0.256,0.0,547,47,7.0,31.8,37.4,26.5,35.0,15.9,30.4,37.1,32.8,7.9,3.1,7.9,21.1,83.7,21.2,0.592,72.3,96.8,114.4,40.3,16.0,12.6,42.9,39.6,Below Average,2.5,Contact-First Profile,A-,Elevated power plane,39.6,Below Average,0.971,Good,6.4,46.2,94.0,0.511,Derived proxy,Derived proxy,Derived proxy,Derived proxy,,,32.77,19.77,Strong positive regression,Below Average Contact-First Profile profile. 7.0% barrel rate; 83.7 mph average exit velocity; 30.4% air-ball rate; 37.1% pull-air rate; 7.9% HR-launch rate.,0.029,0.0296,4.15,52,14,30.7,1.69,169.4,Above normal drought,641778.0,Eric Lauer,L,RHB vs LHP,18,15,92.0,4.89,1.26,22,2.15,5.58,2.84,596.0,6.5,21.5,19.0,42.9,28.5,81.5,93.4,114.5,0.569,22.0,53.3,99.9,0.676,7.4,4-Seam Fastball,R,RHB vs LHP,49.2,112,0.31,0.375,0.5,0.875,3,11,12,0.0268,9.6,0.673,304,0.0526,6.8,0.575,2,2,1,1/2,0.5,0.5,2.0,2.5,1,0,0,51.8,Neutral Matchup,Average,55.0,5,Pitch-level Statcast · last 5 MLB games,467,4-Seam Fastball,36.83083511777302,172.0,Cutter,26.980728051391864,126.0,Changeup,14.132762312633833,66.0,Slider,11.777301927194861,55.0,Curveball,10.278372591006423,48.0,,,,Unknown,,Unknown,,No,100.0,1.0,1.0,50.0,1.007,0.99,51.9,Current-Season Handedness Matchup,Pull Air %,Barrel %,Max Exit Velocity,49.2,40.3,53.3,46.3,50.0,45.0,48.3,5.2,0.758,1.168,1.025,1.0,0.971,0.971,1.035,11.74,7.68,80.6,30.2,D,Lineup unconfirmed,,,
54,2026-08-12,823833,2026-08-12T22:40:00Z,Scheduled,loanDepot park,Pittsburgh Pirates @ Miami Marlins,Home,681715,Heriberto Hernández,Miami Marlins,Pittsburgh Pirates,LF,R,No,,89,320,290,65,13,1,16,31,44,28,1,89,0.224,0.294,0.441,0.735,10,41,37,4,0,0.108,0.0,22,92,87,17,3,0.195,0.0326,341,94,8.7,31.8,45.5,30.5,23.9,16.3,27.5,49.9,27.4,10.4,5.1,10.4,48.8,85.4,15.0,0.653,72.1,97.8,110.9,45.2,14.9,9.8,60.1,48.0,Average,3.0,Pull Power,A,Excellent HR swing plane,48.0,Average,0.994,Good,9.6,52.4,98.0,0.62,Derived proxy,Derived proxy,Derived proxy,Derived proxy,,,26.76,10.76,Strong positive regression,Average Pull Power profile. 8.7% barrel rate; 85.4 mph average exit velocity; 27.5% air-ball rate; 49.9% pull-air rate; 10.4% HR-launch rate.,0.05,0.0451,3.99,37,10,18.1,2.04,204.1,Very long drought,669387.0,Carmen Mlodzinski,R,RHB vs RHP,26,10,97.1,3.51,1.36,8,0.74,7.12,2.96,549.0,4.9,30.1,14.0,40.5,30.1,84.6,96.5,111.7,0.542,8.0,52.2,73.9,0.65,8.1,4-Seam Fastball,R,RHB vs RHP,33.2,204,0.219,0.284,0.385,0.669,7,17,59,0.0343,7.7,0.613,162,0.0123,3.3,0.481,0,0,0,0/0,,,,,0,0,0,43.2,Neutral Matchup,Average,50.0,5,Pitch-level Statcast · last 5 MLB games,223,Split-Finger,26.457399103139014,59.0,4-Seam Fastball,25.56053811659193,57.0,Sinker,19.730941704035875,44.0,Cutter,12.10762331838565,27.0,Sweeper,10.762331838565023,24.0,Curveball,5.381165919282512,12.0,Unknown,,Unknown,,No,94.0,0.94,1.0,39.2,1.004,0.974,53.9,Current-Season Handedness Matchup,Pull Air %,Barrel %,Max Exit Velocity,33.2,35.1,52.2,66.8,39.2,45.0,48.2,5.19,0.807,0.942,0.985,1.0,0.994,0.994,1.06,16.81,8.46,82.2,32.2,D,Lineup unconfirmed,,,
55,2026-08-12,824562,2026-08-12T23:40:00Z,Scheduled,Rate Field,Cincinnati Reds @ Chicago White Sox,Away,668709,JJ Bleday,Cincinnati Reds,Chicago White Sox,LF,L,No,,90,377,318,71,12,1,20,45,47,54,2,82,0.223,0.338,0.456,0.794,11,46,37,6,2,0.162,0.0435,23,93,78,13,4,0.167,0.043,463,111,6.2,24.4,51.9,26.3,21.2,18.2,30.4,53.6,31.9,7.4,5.1,7.4,65.3,83.2,23.3,0.619,72.0,95.4,111.6,32.3,12.9,9.2,51.7,41.7,Below Average,2.5,Pull Power,A-,Elevated power plane,41.7,Below Average,0.977,Good,5.4,48.4,94.9,0.634,Derived proxy,Derived proxy,Derived proxy,Derived proxy,,,26.86,6.86,Strong positive regression,Below Average Pull Power profile. 6.2% barrel rate; 83.2 mph average exit velocity; 30.4% air-ball rate; 53.6% pull-air rate; 7.4% HR-launch rate.,0.0531,0.048,4.05,14,4,15.9,0.88,88.1,Near normal interval,622491.0,Luis Castillo,R,LHB vs RHP,21,18,103.2,5.3,1.41,17,1.48,7.9,2.86,685.0,5.5,25.1,13.4,38.7,29.2,83.7,95.3,113.8,0.579,17.0,44.7,99.9,0.611,6.3,4-Seam Fastball,L,LHB vs RHP,53.9,275,0.235,0.354,0.483,0.837,15,41,58,0.0545,7.3,0.658,272,0.0478,6.9,0.62,18,15,3,3/15,0.2,0.333,0.4,0.733,1,3,4,48.9,Neutral Matchup,Average,44.8,5,Pitch-level Statcast · last 5 MLB games,454,4-Seam Fastball,41.629955947136565,189.0,Slider,27.312775330396477,124.0,Sinker,17.841409691629956,81.0,Changeup,13.215859030837004,60.0,,,,,,,Unknown,,Unknown,,No,100.0,1.0,1.0,50.0,0.989,0.98,58.1,Current-Season Handedness Matchup,Pull Air %,Barrel %,Max Exit Velocity,53.9,36.2,44.7,48.0,50.0,45.0,48.2,5.18,0.961,1.061,1.025,1.0,0.977,0.977,1.0,18.05,10.9,84.4,32.0,D,Lineup unconfirmed,,,
56,2026-08-12,823994,2026-08-13T02:10:00Z,Scheduled,Angel Stadium,Texas Rangers @ Los Angeles Angels,Away,607043,Brandon Nimmo,Texas Rangers,Los Angeles Angels,RF,L,No,,114,482,435,121,27,4,13,50,47,39,6,104,0.278,0.344,0.448,0.792,12,49,43,16,3,0.372,0.0612,24,98,89,30,4,0.337,0.0408,678,149,4.2,27.1,42.6,26.8,30.6,12.2,27.0,40.2,32.1,8.7,5.0,8.7,91.7,84.0,19.7,0.633,69.8,95.4,111.2,23.8,14.5,5.5,45.6,33.6,Weak,2.5,Contact-First Profile,A,Excellent HR swing plane,33.6,Weak,0.954,Good,1.3,45.9,93.2,0.58,Derived proxy,Derived proxy,Derived proxy,Derived proxy,,,30.42,17.42,Strong positive regression,Weak Contact-First Profile profile. 4.2% barrel rate; 84.0 mph average exit velocity; 27.0% air-ball rate; 40.2% pull-air rate; 8.7% HR-launch rate.,0.027,0.028,4.05,8,2,33.5,0.24,23.9,Very recent HR,691946.0,George Klassen,R,LHB vs RHP,3,3,8.2,7.27,2.88,1,1.04,9.35,14.54,54.0,9.3,24.1,13.0,41.7,35.2,83.4,95.4,111.3,0.578,1.0,49.2,100.0,0.673,5.5,4-Seam Fastball,L,LHB vs RHP,42.7,350,0.248,0.32,0.403,0.723,8,30,80,0.0229,6.7,0.694,30,0.0,9.4,0.589,0,0,0,0/0,,,,,0,0,0,46.4,Neutral Matchup,Average,50.0,3,Pitch-level Statcast · last 5 MLB games,228,4-Seam Fastball,40.78947368421053,93.0,Changeup,23.68421052631579,54.0,Slider,20.614035087719298,47.0,Curveball,7.894736842105263,18.0,Sinker,7.017543859649122,16.0,,,,Unknown,,Unknown,,No,100.0,1.0,1.0,50.0,0.998,1.018,46.8,Current-Season Handedness Matchup,Pull Air %,Barrel %,Max Exit Velocity,42.7,52.6,49.2,34.6,50.0,45.0,48.0,5.16,1.344,0.999,1.025,1.0,0.954,0.954,0.98,10.86,9.14,84.8,28.6,F,Lineup unconfirmed,,,
57,2026-08-12,823187,2026-08-12T19:45:00Z,Scheduled,Oracle Park,Houston Astros @ San Francisco Giants,Away,665161,Jeremy Peña,Houston Astros,San Francisco Giants,SS,R,No,,73,318,289,84,12,1,13,55,38,21,6,65,0.291,0.349,0.474,0.823,11,54,48,9,1,0.188,0.0185,22,102,94,28,7,0.298,0.0686,403,117,4.1,27.7,44.6,26.7,28.7,11.4,26.7,43.5,27.3,6.1,3.6,6.1,101.2,83.8,12.0,0.599,70.8,95.9,111.4,13.3,12.4,3.0,56.0,31.1,Weak,2.0,Pull Power,A,Excellent HR swing plane,31.1,Weak,0.947,Good,5.1,40.0,96.8,0.677,Derived proxy,Derived proxy,Derived proxy,Derived proxy,,,16.76,3.76,Positive regression,Weak Pull Power profile. 4.1% barrel rate; 83.8 mph average exit velocity; 26.7% air-ball rate; 43.5% pull-air rate; 6.1% HR-launch rate.,0.0409,0.0384,4.15,34,8,22.2,1.53,152.9,Above normal drought,,TBD,,Unknown,0,0,0.0,0.0,0.0,0,0.0,0.0,0.0,,,,,,,,,,,,50.0,0.0,,,Unknown,R,Unknown,50.0,0,,,,,0,0,0,,,,0,,,,0,0,0,0/0,,,,,0,0,0,50.0,Neutral Matchup,Average,50.0,0,,0,,,,,,,,,,,,,,,,,,,Unknown,,Unknown,,No,91.0,0.91,1.0,33.8,1.0,1.0,49.9,Current-Season Handedness Matchup,Pull Air %,Barrel %,Max Exit Velocity,50.0,50.0,50.0,43.3,33.8,45.0,48.0,5.16,1.027,1.0,1.0,1.0,0.947,0.947,1.035,15.02,9.06,72.7,30.8,D,Probable SP unavailable; Lineup unconfirmed,,,
58,2026-08-12,824241,2026-08-12T22:40:00Z,Scheduled,Comerica Park,Cleveland Guardians @ Detroit Tigers,Away,656555,Rhys Hoskins,Cleveland Guardians,Detroit Tigers,1B,R,No,,92,307,254,46,13,0,13,33,38,46,3,97,0.181,0.309,0.386,0.695,8,19,17,5,2,0.294,0.1053,16,44,40,8,4,0.2,0.0909,355,56,8.9,28.0,55.8,14.8,29.4,18.6,28.2,63.0,30.5,10.2,9.0,10.2,53.5,85.2,30.6,0.686,70.3,96.5,110.6,16.2,14.8,6.1,56.3,45.8,Below Average,3.0,Pull Power,C+,High fly-ball plane,45.8,Below Average,0.988,Good,10.7,63.2,96.8,0.897,Derived proxy,Derived proxy,Derived proxy,Derived proxy,,,29.19,16.19,Strong positive regression,Below Average Pull Power profile. 8.9% barrel rate; 85.2 mph average exit velocity; 28.2% air-ball rate; 63.0% pull-air rate; 10.2% HR-launch rate.,0.0423,0.0394,4.05,3,2,19.5,0.15,15.4,Very recent HR,664285.0,Framber Valdez,L,RHB vs LHP,23,23,127.1,4.17,1.37,12,0.85,7.28,3.18,683.0,4.2,29.7,11.9,42.2,27.8,84.5,97.2,112.0,0.491,12.0,40.2,99.9,0.57,6.1,Sinker,R,RHB vs LHP,43.4,120,0.155,0.283,0.371,0.654,6,18,40,0.05,8.5,0.659,429,0.0233,4.5,0.5,8,7,1,1/7,0.143,0.125,0.286,0.411,0,0,1,39.6,Slight Pitcher Advantage,Below average,30.0,5,Pitch-level Statcast · last 5 MLB games,417,Sinker,39.80815347721823,166.0,Curveball,34.77218225419664,145.0,Changeup,14.628297362110311,61.0,Slider,5.755395683453237,24.0,4-Seam Fastball,5.0359712230215825,21.0,,,,Unknown,,Unknown,,No,100.0,1.0,1.0,50.0,0.98,0.967,58.0,Current-Season Handedness Matchup,Pull Air %,Barrel %,Max Exit Velocity,43.4,32.7,40.2,66.9,50.0,45.0,47.9,5.14,1.35,0.96,1.025,1.0,0.988,0.988,0.98,15.04,10.98,77.4,29.1,F,Lineup unconfirmed,,,
59,2026-08-12,823187,2026-08-12T19:45:00Z,Scheduled,Oracle Park,Houston Astros @ San Francisco Giants,Away,670623,Isaac Paredes,Houston Astros,San Francisco Giants,3B,R,No,,114,484,418,107,21,1,15,45,62,46,16,69,0.256,0.349,0.419,0.768,11,46,40,11,1,0.275,0.0217,23,100,87,23,3,0.264,0.03,733,159,3.2,21.3,49.3,23.1,27.6,14.0,28.6,55.0,32.0,4.7,3.0,4.7,63.8,82.7,22.4,0.456,65.1,93.6,109.5,7.2,10.4,2.5,49.7,27.5,Weak,2.0,Pull Power,A-,Elevated power plane,27.5,Weak,0.937,Good,2.5,50.0,92.9,0.468,Derived proxy,Derived proxy,Derived proxy,Derived proxy,,,26.84,11.84,Strong positive regression,Weak Pull Power profile. 3.2% barrel rate; 82.7 mph average exit velocity; 28.6% air-ball rate; 55.0% pull-air rate; 4.7% HR-launch rate.,0.031,0.0312,4.05,37,10,27.9,1.33,132.8,Near normal interval,,TBD,,Unknown,0,0,0.0,0.0,0.0,0,0.0,0.0,0.0,,,,,,,,,,,,50.0,0.0,,,Unknown,R,Unknown,50.0,0,,,,,0,0,0,,,,0,,,,0,0,0,0/0,,,,,0,0,0,50.0,Neutral Matchup,Average,50.0,0,,0,,,,,,,,,,,,,,,,,,,Unknown,,Unknown,,No,91.0,0.91,1.0,33.8,1.0,1.0,50.1,Current-Season Handedness Matchup,Pull Air %,Barrel %,Max Exit Velocity,50.0,50.0,50.0,39.0,33.8,45.0,47.7,5.11,0.926,1.0,1.0,1.0,0.937,0.937,1.0,12.04,7.14,75.0,26.3,F,Probable SP unavailable; Lineup unconfirmed,,,
60,2026-08-12,822698,2026-08-12T22:45:00Z,Scheduled,Nationals Park,Chicago Cubs @ Washington Nationals,Away,683737,Michael Busch,Chicago Cubs,Washington Nationals,1B,L,No,,119,536,453,111,20,2,14,52,63,68,11,118,0.245,0.354,0.391,0.745,12,53,50,14,1,0.28,0.0189,24,112,106,28,3,0.264,0.0268,638,154,4.7,22.0,49.9,24.3,25.8,16.0,28.3,44.5,29.6,5.9,4.2,5.9,45.1,82.6,16.2,0.537,66.4,94.1,109.5,5.7,12.1,1.2,46.6,27.6,Weak,2.0,Pull Power,A,Excellent HR swing plane,27.6,Weak,0.937,Good,3.9,51.2,93.8,0.509,Derived proxy,Derived proxy,Derived proxy,Derived proxy,,,28.47,14.47,Strong positive regression,Weak Pull Power profile. 4.7% barrel rate; 82.6 mph average exit velocity; 28.3% air-ball rate; 44.5% pull-air rate; 5.9% HR-launch rate.,0.0261,0.0272,4.05,30,7,32.4,0.93,92.7,Near normal interval,800600.0,Jackson Kent,L,LHB vs LHP,0,0,0.0,0.0,0.0,0,0.0,0.0,0.0,,,,,,,,,,,,50.0,0.0,,,Unavailable,L,LHB vs LHP,39.3,158,0.241,0.348,0.391,0.739,4,19,32,0.0253,6.0,0.549,0,,,,0,0,0,0/0,,,,,0,0,0,45.2,Neutral Matchup,Average,50.0,0,,0,,,,,,,,,,,,,,,,,,,Unknown,,Unknown,,No,100.0,1.0,1.0,50.0,1.0,1.0,45.3,Current-Season Handedness Matchup,Pull Air %,Barrel %,Max Exit Velocity,39.3,50.0,50.0,45.0,50.0,45.0,47.7,5.11,0.93,1.0,0.985,1.0,0.937,0.937,1.0,10.57,6.92,75.0,23.8,F,Probable SP unavailable; Lineup unconfirmed,,,
61,2026-08-12,823017,2026-08-12T18:15:00Z,Scheduled,Busch Stadium,Philadelphia Phillies @ St. Louis Cardinals,Home,677592,Everson Pereira,St. Louis Cardinals,Philadelphia Phillies,RF,R,No,,30,95,85,19,5,0,5,10,12,6,3,32,0.224,0.295,0.459,0.754,6,15,13,3,2,0.231,0.1333,9,18,16,3,2,0.188,0.1111,104,16,7.9,25.0,49.2,10.6,40.2,14.5,22.7,51.7,25.8,8.7,7.9,8.7,55.7,81.5,15.3,0.686,71.7,94.4,108.1,42.9,11.7,7.4,63.7,43.4,Below Average,2.5,Pull Power,A,Excellent HR swing plane,43.4,Below Average,0.982,Good,12.5,50.0,94.2,0.876,Derived proxy,Derived proxy,Derived proxy,Derived proxy,,,6.93,1.93,Near expected,Below Average Pull Power profile. 7.9% barrel rate; 81.5 mph average exit velocity; 22.7% air-ball rate; 51.7% pull-air rate; 8.7% HR-launch rate.,0.0526,0.0411,3.99,0,0,17.0,0.0,0.0,Very recent HR,554430.0,Zack Wheeler,R,RHB vs RHP,19,19,110.1,2.69,0.98,14,1.14,10.77,2.28,553.0,3.8,21.2,12.1,38.7,29.8,81.6,93.3,111.8,0.472,14.0,62.5,75.7,0.732,9.2,4-Seam Fastball,R,RHB vs RHP,41.4,59,0.204,0.254,0.444,0.699,3,2,18,0.0508,8.7,0.683,170,0.0294,3.6,0.408,0,0,0,0/0,,,,,0,0,0,50.5,Neutral Matchup,Average,50.0,5,Pitch-level Statcast · last 5 MLB games,405,4-Seam Fastball,32.592592592592595,132.0,Split-Finger,21.728395061728396,88.0,Sinker,13.333333333333334,54.0,Sweeper,13.08641975308642,53.0,Cutter,9.876543209876543,40.0,Curveball,9.382716049382717,38.0,Unknown,,Unknown,,No,100.0,1.0,1.0,50.0,1.025,0.963,53.0,Current-Season Handedness Matchup,Pull Air %,Barrel %,Max Exit Velocity,41.4,24.3,62.5,63.9,50.0,45.0,47.3,5.05,1.257,1.006,0.985,1.0,0.982,0.982,0.98,15.42,10.9,60.2,27.4,F,Lineup unconfirmed,,,
62,2026-08-12,823187,2026-08-12T19:45:00Z,Scheduled,Oracle Park,Houston Astros @ San Francisco Giants,Away,662139,Daulton Varsho,Houston Astros,San Francisco Giants,CF,L,No,,107,398,361,85,19,2,8,41,28,34,2,77,0.235,0.304,0.366,0.67,11,44,37,5,1,0.135,0.0227,24,90,82,18,1,0.22,0.0111,586,135,4.5,20.8,49.8,29.7,20.5,13.1,23.6,47.2,29.4,6.0,4.0,6.0,26.7,80.7,19.4,0.466,71.1,92.7,109.9,28.0,10.7,8.3,48.9,31.2,Weak,2.0,Pull Power,A,Excellent HR swing plane,31.2,Weak,0.947,Good,5.2,46.7,92.8,0.475,Derived proxy,Derived proxy,Derived proxy,Derived proxy,,,25.01,17.01,Strong positive regression,Weak Pull Power profile. 4.5% barrel rate; 80.7 mph average exit velocity; 23.6% air-ball rate; 47.2% pull-air rate; 6.0% HR-launch rate.,0.0201,0.0229,4.05,7,2,45.1,0.16,15.5,Very recent HR,,TBD,,Unknown,0,0,0.0,0.0,0.0,0,0.0,0.0,0.0,,,,,,,,,,,,50.0,0.0,,,Unknown,L,Unknown,50.0,0,,,,,0,0,0,,,,0,,,,0,0,0,0/0,,,,,0,0,0,50.0,Neutral Matchup,Average,50.0,0,,0,,,,,,,,,,,,,,,,,,,Unknown,,Unknown,,No,91.0,0.91,1.0,33.8,1.0,1.0,48.3,Current-Season Handedness Matchup,Pull Air %,Barrel %,Max Exit Velocity,50.0,50.0,50.0,41.7,33.8,45.0,47.3,5.04,0.906,1.0,1.0,1.0,0.947,0.947,0.98,8.94,5.88,74.2,20.1,F,Probable SP unavailable; Lineup unconfirmed,,,
63,2026-08-12,823017,2026-08-12T18:15:00Z,Scheduled,Busch Stadium,Philadelphia Phillies @ St. Louis Cardinals,Home,676475,Alec Burleson,St. Louis Cardinals,Philadelphia Phillies,1B,L,No,,119,504,453,129,29,1,19,64,81,44,4,83,0.285,0.351,0.479,0.83,12,51,42,13,4,0.31,0.0784,25,106,94,31,4,0.33,0.0377,696,157,7.6,31.8,56.7,19.6,23.6,13.1,25.6,46.5,34.4,8.3,4.5,8.3,35.0,85.9,15.5,0.672,71.7,98.0,113.4,35.5,15.5,12.9,50.1,47.1,Below Average,3.0,Pull Power,A,Excellent HR swing plane,47.1,Below Average,0.992,Good,7.6,45.9,97.9,0.698,Derived proxy,Derived proxy,Derived proxy,Derived proxy,,,48.16,29.16,Strong positive regression,Below Average Pull Power profile. 7.6% barrel rate; 85.9 mph average exit velocity; 25.6% air-ball rate; 46.5% pull-air rate; 8.3% HR-launch rate.,0.0377,0.0366,4.09,7,2,23.8,0.29,29.4,Very recent HR,554430.0,Zack Wheeler,R,LHB vs RHP,19,19,110.1,2.69,0.98,14,1.14,10.77,2.28,553.0,3.8,21.2,12.1,38.7,29.8,81.6,93.3,111.8,0.472,14.0,54.7,100.0,0.679,7.9,4-Seam Fastball,L,LHB vs RHP,45.8,350,0.328,0.406,0.568,0.974,16,37,58,0.0457,8.2,0.706,261,0.0345,3.9,0.516,9,8,2,2/8,0.25,0.333,0.25,0.583,0,1,1,46.5,Neutral Matchup,Average,33.9,5,Pitch-level Statcast · last 5 MLB games,405,4-Seam Fastball,32.592592592592595,132.0,Split-Finger,21.728395061728396,88.0,Sinker,13.333333333333334,54.0,Sweeper,13.08641975308642,53.0,Cutter,9.876543209876543,40.0,Curveball,9.382716049382717,38.0,Unknown,,Unknown,,No,100.0,1.0,1.0,50.0,1.009,0.963,57.6,Current-Season Handedness Matchup,Pull Air %,Barrel %,Max Exit Velocity,45.8,24.3,54.7,56.6,50.0,45.0,47.2,5.03,1.257,1.006,1.025,1.0,0.992,0.992,0.98,14.15,10.46,85.0,31.3,D,Lineup unconfirmed,,,
64,2026-08-12,823187,2026-08-12T19:45:00Z,Scheduled,Oracle Park,Houston Astros @ San Francisco Giants,Away,572233,Christian Walker,Houston Astros,San Francisco Giants,1B,R,No,,117,484,432,102,24,1,22,59,67,42,9,112,0.236,0.316,0.449,0.765,11,48,41,10,1,0.244,0.0208,21,84,73,17,2,0.233,0.0238,624,106,6.3,28.2,39.9,30.8,29.3,13.9,23.4,37.2,29.8,6.6,3.2,6.6,47.6,84.2,20.1,0.543,72.1,96.9,111.7,40.8,11.0,10.4,47.5,35.3,Below Average,2.5,Contact-First Profile,A-,Elevated power plane,35.3,Below Average,0.959,Good,6.6,27.3,98.3,0.573,Derived proxy,Derived proxy,Derived proxy,Derived proxy,,,34.05,12.05,Strong positive regression,Below Average Contact-First Profile profile. 6.3% barrel rate; 84.2 mph average exit velocity; 23.4% air-ball rate; 37.2% pull-air rate; 6.6% HR-launch rate.,0.0455,0.0428,4.05,36,10,19.6,1.83,183.3,Above normal drought,,TBD,,Unknown,0,0,0.0,0.0,0.0,0,0.0,0.0,0.0,,,,,,,,,,,,50.0,0.0,,,Unknown,R,Unknown,50.0,0,,,,,0,0,0,,,,0,,,,0,0,0,0/0,,,,,0,0,0,50.0,Neutral Matchup,Average,50.0,0,,0,,,,,,,,,,,,,,,,,,,Unknown,,Unknown,,No,91.0,0.91,1.0,33.8,1.0,1.0,48.9,Current-Season Handedness Matchup,Pull Air %,Barrel %,Max Exit Velocity,50.0,50.0,50.0,37.6,33.8,45.0,47.2,5.02,0.807,1.0,1.0,1.0,0.959,0.959,1.035,16.23,8.18,73.7,30.1,D,Probable SP unavailable; Lineup unconfirmed,,,
65,2026-08-12,823672,2026-08-12T17:40:00Z,Scheduled,Target Field,Baltimore Orioles @ Minnesota Twins,Away,683002,Gunnar Henderson,Baltimore Orioles,Minnesota Twins,SS,L,No,,119,540,482,104,20,4,19,70,49,47,9,123,0.216,0.296,0.392,0.688,11,44,34,6,1,0.176,0.0227,23,101,85,15,2,0.176,0.0198,703,114,3.6,26.2,51.2,22.4,26.3,13.3,24.9,53.8,28.6,5.5,2.7,5.5,52.0,83.1,16.6,0.514,72.4,95.3,110.6,39.5,10.4,11.7,45.2,35.7,Below Average,2.5,Pull Power,A,Excellent HR swing plane,35.7,Below Average,0.96,Good,2.6,53.3,95.4,0.507,Derived proxy,Derived proxy,Derived proxy,Derived proxy,,,28.15,9.15,Strong positive regression,Below Average Pull Power profile. 3.6% barrel rate; 83.1 mph average exit velocity; 24.9% air-ball rate; 53.8% pull-air rate; 5.5% HR-launch rate.,0.0352,0.0346,4.05,0,0,25.4,0.0,0.0,Very recent HR,805673.0,Zebby Matthews,R,LHB vs RHP,15,15,86.0,5.23,1.34,17,1.78,7.64,2.93,473.0,7.6,27.7,14.6,48.9,30.4,85.0,96.7,112.8,0.573,17.0,32.0,100.0,0.522,4.4,4-Seam Fastball,L,LHB vs RHP,41.9,370,0.207,0.289,0.359,0.648,12,33,88,0.0324,4.8,0.565,203,0.0394,8.8,0.597,0,0,0,0/0,,,,,0,0,0,40.0,Slight Pitcher Advantage,Below average,50.0,5,Pitch-level Statcast · last 5 MLB games,465,4-Seam Fastball,38.924731182795696,181.0,Slider,23.010752688172044,107.0,Changeup,14.838709677419354,69.0,Curveball,10.96774193548387,51.0,Cutter,8.172043010752688,38.0,Sinker,4.086021505376344,19.0,Unknown,,Unknown,,No,100.0,1.0,1.0,50.0,0.964,1.001,50.0,Current-Season Handedness Matchup,Pull Air %,Barrel %,Max Exit Velocity,41.9,52.4,32.0,46.2,50.0,45.0,47.2,5.02,0.847,1.109,1.025,1.0,0.96,0.96,0.98,13.29,8.03,85.0,25.3,F,Lineup unconfirmed,,,
66,2026-08-12,822698,2026-08-12T22:45:00Z,Scheduled,Nationals Park,Chicago Cubs @ Washington Nationals,Home,682928,CJ Abrams,Washington Nationals,Chicago Cubs,SS,L,No,,117,503,444,127,23,3,29,75,91,42,11,115,0.286,0.358,0.547,0.905,12,54,50,12,2,0.24,0.037,24,108,99,32,9,0.323,0.0833,638,123,7.8,28.5,48.0,25.8,26.0,14.8,26.5,50.9,29.8,9.8,6.7,9.8,65.0,84.3,20.4,0.67,70.8,96.6,109.3,28.4,15.3,9.7,53.8,45.1,Below Average,3.0,Pull Power,A-,Elevated power plane,45.1,Below Average,0.986,Good,8.9,48.4,97.4,0.759,Derived proxy,Derived proxy,Derived proxy,Derived proxy,,,45.3,16.3,Strong positive regression,Below Average Pull Power profile. 7.8% barrel rate; 84.3 mph average exit velocity; 26.5% air-ball rate; 50.9% pull-air rate; 9.8% HR-launch rate.,0.0577,0.0527,4.17,0,0,15.3,0.0,0.0,Very recent HR,656849.0,David Peterson,L,LHB vs LHP,23,15,106.0,5.35,1.5,11,0.93,7.47,3.65,585.0,4.1,26.8,12.5,41.6,29.7,82.7,96.1,111.7,0.535,11.0,49.1,99.8,0.645,6.8,Sinker,L,LHB vs LHP,35.4,155,0.257,0.297,0.444,0.741,5,8,47,0.0323,4.2,0.523,145,0.0345,5.5,0.583,2,2,0,0/2,0.0,0.0,0.0,0.0,0,0,1,42.1,Slight Pitcher Advantage,Below average,45.0,5,Pitch-level Statcast · last 5 MLB games,443,Sinker,36.11738148984199,160.0,4-Seam Fastball,24.830699774266364,110.0,Slider,19.63882618510158,87.0,Changeup,13.99548532731377,62.0,Curveball,5.417607223476298,24.0,,,,Unknown,,Unknown,,No,100.0,1.0,1.0,50.0,0.998,0.966,53.1,Current-Season Handedness Matchup,Pull Air %,Barrel %,Max Exit Velocity,35.4,32.0,49.1,60.7,50.0,45.0,46.9,4.98,1.039,0.973,0.985,1.03,0.986,1.016,0.98,20.21,11.47,85.0,34.1,D,Lineup unconfirmed,,,
67,2026-08-12,824562,2026-08-12T23:40:00Z,Scheduled,Rate Field,Cincinnati Reds @ Chicago White Sox,Away,553993,Eugenio Suárez,Cincinnati Reds,Chicago White Sox,DH,R,No,,87,346,310,64,14,0,17,30,44,32,3,125,0.206,0.286,0.416,0.702,10,38,31,7,3,0.226,0.0789,20,79,70,14,6,0.2,0.0759,374,86,7.3,22.3,53.1,22.4,22.7,15.8,25.8,52.5,27.8,6.9,4.4,6.9,67.1,83.4,18.5,0.625,69.0,94.2,111.0,16.7,10.4,3.8,49.0,36.6,Below Average,2.5,Pull Power,A,Excellent HR swing plane,36.6,Below Average,0.962,Good,9.3,52.4,94.6,0.709,Derived proxy,Derived proxy,Derived proxy,Derived proxy,,,23.77,6.77,Strong positive regression,Below Average Pull Power profile. 7.3% barrel rate; 83.4 mph average exit velocity; 25.8% air-ball rate; 52.5% pull-air rate; 6.9% HR-launch rate.,0.0491,0.0447,3.99,0,0,18.2,0.0,0.0,Very recent HR,622491.0,Luis Castillo,R,RHB vs RHP,21,18,103.2,5.3,1.41,17,1.48,7.9,2.86,685.0,5.5,25.1,13.4,38.7,29.2,83.7,95.3,113.8,0.579,17.0,44.6,99.9,0.598,6.9,4-Seam Fastball,R,RHB vs RHP,34.7,262,0.208,0.282,0.403,0.685,12,22,91,0.0458,5.8,0.541,190,0.0211,3.4,0.517,3,3,1,1/3,0.333,0.333,1.333,1.666,1,0,0,42.7,Slight Pitcher Advantage,Below average,57.5,5,Pitch-level Statcast · last 5 MLB games,454,4-Seam Fastball,41.629955947136565,189.0,Slider,27.312775330396477,124.0,Sinker,17.841409691629956,81.0,Changeup,13.215859030837004,60.0,,,,,,,Unknown,,Unknown,,No,100.0,1.0,1.0,50.0,0.989,0.98,52.1,Current-Season Handedness Matchup,Pull Air %,Barrel %,Max Exit Velocity,34.7,36.2,44.6,59.5,50.0,45.0,46.8,4.96,1.294,1.061,0.985,1.0,0.962,0.962,0.98,16.69,11.87,83.0,31.4,D,Lineup unconfirmed,,,
68,2026-08-12,823994,2026-08-13T02:10:00Z,Scheduled,Angel Stadium,Texas Rangers @ Los Angeles Angels,Away,679822,Justin Foscue,Texas Rangers,Los Angeles Angels,2B,R,No,,65,157,142,36,7,1,7,16,21,12,2,43,0.254,0.318,0.465,0.783,10,19,17,3,0,0.176,0.0,19,39,37,6,0,0.162,0.0,191,44,3.4,22.7,50.6,28.2,21.2,13.2,24.3,57.6,33.4,4.8,3.1,4.8,70.0,82.7,23.9,0.49,69.6,93.6,108.6,8.7,11.9,3.9,52.9,29.6,Weak,2.0,Pull Power,A-,Elevated power plane,29.6,Weak,0.943,Good,0.0,60.0,92.1,0.296,Derived proxy,Derived proxy,Derived proxy,Derived proxy,,,7.35,0.35,Near expected,Weak Pull Power profile. 3.4% barrel rate; 82.7 mph average exit velocity; 24.3% air-ball rate; 57.6% pull-air rate; 4.8% HR-launch rate.,0.0446,0.0391,4.05,42,22,20.3,2.07,207.0,Very long drought,691946.0,George Klassen,R,RHB vs RHP,3,3,8.2,7.27,2.88,1,1.04,9.35,14.54,54.0,9.3,24.1,13.0,41.7,35.2,83.4,95.4,111.3,0.578,1.0,36.6,100.0,0.558,4.9,4-Seam Fastball,R,RHB vs RHP,42.8,64,0.2,0.234,0.317,0.551,2,2,19,0.0312,3.9,0.569,22,0.0455,9.1,0.557,0,0,0,0/0,,,,,0,0,0,42.1,Slight Pitcher Advantage,Below average,50.0,3,Pitch-level Statcast · last 5 MLB games,228,4-Seam Fastball,40.78947368421053,93.0,Changeup,23.68421052631579,54.0,Slider,20.614035087719298,47.0,Curveball,7.894736842105263,18.0,Sinker,7.017543859649122,16.0,,,,Unknown,,Unknown,,No,100.0,1.0,1.0,50.0,0.973,1.018,48.2,Current-Season Handedness Matchup,Pull Air %,Barrel %,Max Exit Velocity,42.8,52.6,36.6,38.2,50.0,45.0,46.7,4.95,0.758,0.999,0.985,1.0,0.943,0.943,1.06,14.93,7.76,66.3,29.7,F,Lineup unconfirmed,,,
69,2026-08-12,823833,2026-08-12T22:40:00Z,Scheduled,loanDepot park,Pittsburgh Pirates @ Miami Marlins,Home,683357,Owen Caissie,Miami Marlins,Pittsburgh Pirates,RF,L,No,,87,272,241,55,12,0,12,35,51,21,3,104,0.228,0.29,0.427,0.717,7,26,23,3,0,0.13,0.0,7,26,23,3,0,0.13,0.0,300,27,5.3,19.9,41.8,26.7,31.5,15.4,28.6,42.1,32.8,6.0,2.6,6.0,50.0,81.2,21.7,0.598,73.0,93.7,110.3,53.5,12.2,9.2,40.3,33.7,Weak,2.5,Pull Power,A-,Elevated power plane,33.7,Weak,0.954,Good,0.0,50.0,91.3,0.35,Derived proxy,Derived proxy,Derived proxy,Derived proxy,,,13.9,1.9,Near expected,Weak Pull Power profile. 5.3% barrel rate; 81.2 mph average exit velocity; 28.6% air-ball rate; 42.1% pull-air rate; 6.0% HR-launch rate.,0.0441,0.0404,3.99,23,8,20.1,1.15,114.5,Near normal interval,669387.0,Carmen Mlodzinski,R,LHB vs RHP,26,10,97.1,3.51,1.36,8,0.74,7.12,2.96,549.0,4.9,30.1,14.0,40.5,30.1,84.6,96.5,111.7,0.542,8.0,69.1,99.9,0.781,10.0,4-Seam Fastball,L,LHB vs RHP,50.3,235,0.231,0.294,0.452,0.746,12,19,83,0.0511,8.6,0.746,256,0.0234,5.9,0.58,0,0,0,0/0,,,,,0,0,0,56.8,Neutral Matchup,Average,50.0,5,Pitch-level Statcast · last 5 MLB games,223,Split-Finger,26.457399103139014,59.0,4-Seam Fastball,25.56053811659193,57.0,Sinker,19.730941704035875,44.0,Cutter,12.10762331838565,27.0,Sweeper,10.762331838565023,24.0,Curveball,5.381165919282512,12.0,Unknown,,Unknown,,No,94.0,0.94,1.0,39.2,1.038,0.974,49.1,Current-Season Handedness Matchup,Pull Air %,Barrel %,Max Exit Velocity,50.3,35.1,69.1,34.6,39.2,45.0,46.7,4.95,0.758,0.942,1.025,1.0,0.954,0.954,1.0,15.17,7.35,73.5,24.9,F,Lineup unconfirmed,,,
70,2026-08-12,822698,2026-08-12T22:45:00Z,Scheduled,Nationals Park,Chicago Cubs @ Washington Nationals,Away,665804,Miguel Amaya,Chicago Cubs,Washington Nationals,C,R,No,,64,194,165,40,9,0,4,29,21,19,8,49,0.242,0.349,0.37,0.719,6,17,16,4,1,0.25,0.0588,12,36,34,10,1,0.294,0.0278,249,44,3.7,22.9,42.2,26.7,31.1,13.4,27.0,48.3,28.9,7.9,3.2,7.9,50.0,82.5,24.1,0.501,69.0,93.9,105.4,10.5,14.2,1.5,56.7,27.7,Weak,2.0,Pull Power,A-,Elevated power plane,27.7,Weak,0.938,Good,4.5,53.8,95.5,0.576,Derived proxy,Derived proxy,Derived proxy,Derived proxy,,,10.28,6.28,Strong positive regression,Weak Pull Power profile. 3.7% barrel rate; 82.5 mph average exit velocity; 27.0% air-ball rate; 48.3% pull-air rate; 7.9% HR-launch rate.,0.0206,0.025,4.05,0,0,41.2,0.0,0.0,Very recent HR,800600.0,Jackson Kent,L,RHB vs LHP,0,0,0.0,0.0,0.0,0,0.0,0.0,0.0,,,,,,,,,,,,50.0,0.0,,,Unavailable,R,RHB vs LHP,33.1,61,0.26,0.383,0.3,0.683,0,9,12,0.0,0.0,0.405,0,,,,0,0,0,0/0,,,,,0,0,0,42.4,Slight Pitcher Advantage,Below average,50.0,0,,0,,,,,,,,,,,,,,,,,,,Unknown,,Unknown,,No,100.0,1.0,1.0,50.0,1.0,1.0,41.3,Current-Season Handedness Matchup,Pull Air %,Barrel %,Max Exit Velocity,33.1,50.0,50.0,50.7,50.0,45.0,46.7,4.94,1.284,1.0,1.025,1.0,0.938,0.938,0.98,9.73,7.97,58.7,22.0,F,Probable SP unavailable; Lineup unconfirmed,,,
71,2026-08-12,823187,2026-08-12T19:45:00Z,Scheduled,Oracle Park,Houston Astros @ San Francisco Giants,Away,514888,Jose Altuve,Houston Astros,San Francisco Giants,2B,R,No,,96,409,371,89,15,1,13,54,35,33,2,82,0.24,0.304,0.391,0.695,11,44,38,11,1,0.289,0.0227,22,92,86,22,2,0.256,0.0217,505,130,2.3,20.4,45.7,33.9,19.0,12.8,24.4,51.8,25.4,4.0,3.3,4.0,122.8,80.1,9.9,0.4,66.4,92.7,109.3,10.0,9.0,3.6,51.2,24.4,Weak,2.0,Pull Power,C,Low line-drive plane,24.4,Weak,0.928,Good,0.8,50.0,92.4,0.348,Derived proxy,Derived proxy,Derived proxy,Derived proxy,,,14.74,1.74,Near expected,Weak Pull Power profile. 2.3% barrel rate; 80.1 mph average exit velocity; 24.4% air-ball rate; 51.8% pull-air rate; 4.0% HR-launch rate.,0.0318,0.0318,4.05,14,5,28.5,0.49,49.1,Recently homered,,TBD,,Unknown,0,0,0.0,0.0,0.0,0,0.0,0.0,0.0,,,,,,,,,,,,50.0,0.0,,,Unknown,R,Unknown,50.0,0,,,,,0,0,0,,,,0,,,,0,0,0,0/0,,,,,0,0,0,50.0,Neutral Matchup,Average,50.0,0,,0,,,,,,,,,,,,,,,,,,,Unknown,,Unknown,,No,91.0,0.91,1.0,33.8,1.0,1.0,47.1,Current-Season Handedness Matchup,Pull Air %,Barrel %,Max Exit Velocity,50.0,50.0,50.0,37.0,33.8,45.0,46.4,4.91,0.88,1.0,1.0,1.0,0.928,0.928,1.0,12.28,6.86,74.4,22.1,F,Probable SP unavailable; Lineup unconfirmed,,,
72,2026-08-12,823017,2026-08-12T18:15:00Z,Scheduled,Busch Stadium,Philadelphia Phillies @ St. Louis Cardinals,Home,691023,Jordan Walker,St. Louis Cardinals,Philadelphia Phillies,RF,R,No,,116,495,451,128,23,0,23,71,83,38,3,122,0.284,0.341,0.488,0.829,10,44,43,13,1,0.302,0.0227,23,100,94,23,1,0.245,0.01,575,119,7.3,26.8,42.7,30.2,27.1,13.0,27.5,40.0,27.8,6.4,4.4,6.4,37.5,84.2,16.0,0.605,77.4,97.4,115.9,76.6,11.4,15.2,48.2,42.5,Below Average,2.5,Contact-First Profile,A,Excellent HR swing plane,42.5,Below Average,0.979,Good,5.9,40.0,94.9,0.488,Derived proxy,Derived proxy,Derived proxy,Derived proxy,,,35.11,12.11,Strong positive regression,Below Average Contact-First Profile profile. 7.3% barrel rate; 84.2 mph average exit velocity; 27.5% air-ball rate; 40.0% pull-air rate; 6.4% HR-launch rate.,0.0465,0.0436,4.09,10,3,19.6,0.51,51.0,Recently homered,554430.0,Zack Wheeler,R,RHB vs RHP,19,19,110.1,2.69,0.98,14,1.14,10.77,2.28,553.0,3.8,21.2,12.1,38.7,29.8,81.6,93.3,111.8,0.472,14.0,71.4,100.0,0.764,12.0,4-Seam Fastball,R,RHB vs RHP,37.6,365,0.281,0.326,0.473,0.799,16,21,96,0.0438,7.4,0.63,170,0.0294,3.6,0.408,3,3,1,1/3,0.333,0.333,0.333,0.666,0,0,1,51.1,Neutral Matchup,Average,46.0,5,Pitch-level Statcast · last 5 MLB games,405,4-Seam Fastball,32.592592592592595,132.0,Split-Finger,21.728395061728396,88.0,Sinker,13.333333333333334,54.0,Sweeper,13.08641975308642,53.0,Cutter,9.876543209876543,40.0,Curveball,9.382716049382717,38.0,Unknown,,Unknown,,No,100.0,1.0,1.0,50.0,1.043,0.963,51.3,Current-Season Handedness Matchup,Pull Air %,Barrel %,Max Exit Velocity,37.6,24.3,71.4,41.1,50.0,45.0,46.4,4.9,0.796,1.006,0.985,1.0,0.979,0.979,1.0,16.68,8.6,85.0,28.4,F,Lineup unconfirmed,,,
73,2026-08-12,822698,2026-08-12T22:45:00Z,Scheduled,Nationals Park,Chicago Cubs @ Washington Nationals,Away,621020,Dansby Swanson,Chicago Cubs,Washington Nationals,SS,R,No,,115,447,395,84,15,3,17,74,64,45,2,103,0.213,0.294,0.395,0.689,12,47,41,7,1,0.171,0.0213,23,91,82,18,1,0.22,0.011,524,103,4.1,23.1,50.7,26.2,22.7,15.5,27.1,44.4,24.2,5.6,4.0,5.6,59.0,83.2,15.5,0.498,69.7,94.6,108.8,8.5,10.4,2.9,53.0,27.1,Weak,2.0,Pull Power,A,Excellent HR swing plane,27.1,Weak,0.936,Good,3.9,34.6,93.7,0.47,Derived proxy,Derived proxy,Derived proxy,Derived proxy,,,21.46,4.46,Strong positive regression,Weak Pull Power profile. 4.1% barrel rate; 83.2 mph average exit velocity; 27.1% air-ball rate; 44.4% pull-air rate; 5.6% HR-launch rate.,0.038,0.0368,4.05,21,6,23.2,0.9,90.4,Near normal interval,800600.0,Jackson Kent,L,RHB vs LHP,0,0,0.0,0.0,0.0,0,0.0,0.0,0.0,,,,,,,,,,,,50.0,0.0,,,Unavailable,R,RHB vs LHP,41.9,128,0.233,0.276,0.457,0.732,6,8,38,0.0469,3.5,0.535,0,,,,0,0,0,0/0,,,,,0,0,0,46.4,Neutral Matchup,Average,50.0,0,,0,,,,,,,,,,,,,,,,,,,Unknown,,Unknown,,No,100.0,1.0,1.0,50.0,1.0,1.0,44.1,Current-Season Handedness Matchup,Pull Air %,Barrel %,Max Exit Velocity,41.9,50.0,50.0,29.4,50.0,45.0,46.0,4.85,0.808,1.0,1.025,1.0,0.936,0.936,1.0,14.07,7.64,74.3,23.9,F,Probable SP unavailable; Lineup unconfirmed,,,
74,2026-08-12,824241,2026-08-12T22:40:00Z,Scheduled,Comerica Park,Cleveland Guardians @ Detroit Tigers,Home,693307,Dillon Dingler,Detroit Tigers,Cleveland Guardians,C,R,No,,110,466,419,113,23,2,26,64,80,29,13,101,0.27,0.334,0.52,0.854,10,50,46,13,4,0.283,0.08,23,105,94,28,7,0.298,0.0667,612,132,6.1,24.5,44.4,28.9,26.6,13.7,26.9,48.4,31.1,9.0,6.4,9.0,77.2,82.1,15.7,0.665,70.2,94.7,110.3,13.4,13.0,4.5,52.0,37.9,Below Average,2.5,Pull Power,A,Excellent HR swing plane,37.9,Below Average,0.966,Good,5.3,43.8,92.3,0.642,Derived proxy,Derived proxy,Derived proxy,Derived proxy,,,34.55,8.55,Strong positive regression,Below Average Pull Power profile. 6.1% barrel rate; 82.1 mph average exit velocity; 26.9% air-ball rate; 48.4% pull-air rate; 9.0% HR-launch rate.,0.0558,0.0509,4.09,16,4,16.1,0.99,99.3,Near normal interval,656492.0,Foster Griffin,L,RHB vs LHP,23,23,133.1,3.31,1.11,21,1.42,8.24,2.16,724.0,5.5,22.9,13.7,41.4,33.3,81.4,94.4,119.0,0.543,21.0,55.2,99.9,0.702,7.0,Cutter,R,RHB vs LHP,34.9,140,0.248,0.307,0.408,0.715,4,10,35,0.0286,4.0,0.575,402,0.0373,5.3,0.532,0,0,0,0/0,,,,,0,0,0,45.0,Neutral Matchup,Average,50.0,5,Pitch-level Statcast · last 5 MLB games,470,Cutter,33.40425531914894,157.0,Sweeper,14.46808510638298,68.0,4-Seam Fastball,13.829787234042554,65.0,Changeup,10.425531914893616,49.0,Sinker,10.425531914893616,49.0,Split-Finger,8.936170212765957,42.0,Unknown,,Unknown,,No,100.0,1.0,1.0,50.0,1.01,0.98,49.8,Current-Season Handedness Matchup,Pull Air %,Barrel %,Max Exit Velocity,34.9,35.7,55.2,38.3,50.0,45.0,45.9,4.84,1.181,1.051,1.025,1.03,0.966,0.995,1.0,19.25,13.31,85.0,37.4,D+,Lineup unconfirmed,Curveball,8.51063829787234,40.0
75,2026-08-12,823511,2026-08-12T23:05:00Z,Scheduled,Yankee Stadium,Seattle Mariners @ New York Yankees,Away,686527,Dominic Canzone,Seattle Mariners,New York Yankees,DH,L,No,,105,348,310,78,17,1,18,41,49,32,4,72,0.252,0.328,0.487,0.815,11,47,41,7,0,0.171,0.0,22,94,83,18,3,0.217,0.0319,417,122,7.0,26.3,45.6,31.3,23.2,15.6,26.3,40.1,27.2,7.6,5.0,7.6,51.9,83.8,15.1,0.625,73.0,96.2,113.4,43.6,11.3,9.7,52.7,39.6,Below Average,2.5,Contact-First Profile,A,Excellent HR swing plane,39.6,Below Average,0.971,Good,4.9,33.3,94.0,0.573,Derived proxy,Derived proxy,Derived proxy,Derived proxy,,,25.24,7.24,Strong positive regression,Below Average Contact-First Profile profile. 7.0% barrel rate; 83.8 mph average exit velocity; 26.3% air-ball rate; 40.1% pull-air rate; 7.6% HR-launch rate.,0.0517,0.0467,4.15,44,12,17.2,2.55,255.5,Very long drought,701542.0,Will Warren,R,LHB vs RHP,23,22,114.0,4.18,1.37,15,1.18,9.0,2.92,611.0,4.4,26.8,12.6,46.4,28.8,84.0,96.4,116.9,0.565,15.0,42.9,99.8,0.584,6.7,4-Seam Fastball,L,LHB vs RHP,47.7,283,0.247,0.304,0.479,0.783,14,20,58,0.0495,8.3,0.638,282,0.0355,5.3,0.576,2,2,0,0/2,0.0,0.0,0.0,0.0,0,0,0,45.5,Neutral Matchup,Average,45.0,5,Pitch-level Statcast · last 5 MLB games,346,4-Seam Fastball,29.76878612716763,103.0,Sinker,21.09826589595376,73.0,Sweeper,19.07514450867052,66.0,Changeup,18.208092485549134,63.0,Curveball,11.84971098265896,41.0,,,,Unknown,,Unknown,,No,108.0,1.08,1.0,64.4,0.986,0.969,51.8,Current-Season Handedness Matchup,Pull Air %,Barrel %,Max Exit Velocity,47.7,37.8,42.9,30.9,64.4,45.0,45.7,4.81,0.8,1.013,1.025,1.0,0.971,0.971,1.06,17.99,9.85,84.4,38.0,D+,Lineup unconfirmed,,,
76,2026-08-12,824967,2026-08-12T19:05:00Z,Scheduled,Sutter Health Park,Tampa Bay Rays @ Athletics,Home,680869,Zack Gelof,Athletics,Tampa Bay Rays,3B,R,No,,69,255,235,65,12,1,12,44,31,14,4,65,0.277,0.328,0.489,0.817,2,8,8,3,1,0.375,0.125,2,8,8,3,1,0.375,0.125,292,5,7.0,27.5,40.7,29.2,29.5,17.3,30.4,47.3,30.4,8.3,4.5,8.3,83.5,83.2,18.3,0.636,72.4,95.6,109.4,34.6,14.7,8.1,60.4,40.4,Below Average,2.5,Pull Power,A,Excellent HR swing plane,40.4,Below Average,0.973,Good,40.0,33.3,101.1,2.015,Derived proxy,Derived proxy,Derived proxy,Derived proxy,,,18.12,6.12,Strong positive regression,Below Average Pull Power profile. 7.0% barrel rate; 83.2 mph average exit velocity; 30.4% air-ball rate; 47.3% pull-air rate; 8.3% HR-launch rate.,0.0471,0.0422,4.09,4,1,19.6,0.2,20.4,Very recent HR,656876.0,Drew Rasmussen,R,RHB vs RHP,22,22,124.1,2.75,0.91,12,0.87,9.41,1.59,660.0,3.8,20.6,11.4,42.2,28.5,82.0,93.7,111.9,0.487,12.0,49.4,100.0,0.652,6.6,Cutter,R,RHB vs RHP,33.1,184,0.263,0.328,0.485,0.813,9,12,47,0.0489,4.3,0.542,182,0.0165,4.6,0.475,1,1,1,1/1,1.0,1.0,1.0,2.0,0,0,0,42.4,Slight Pitcher Advantage,Below average,51.2,5,Pitch-level Statcast · last 5 MLB games,428,4-Seam Fastball,36.6822429906542,157.0,Sinker,24.53271028037383,105.0,Cutter,23.130841121495326,99.0,Changeup,12.149532710280374,52.0,Curveball,2.336448598130841,10.0,Sweeper,1.1682242990654206,5.0,Unknown,,Unknown,,No,100.0,1.0,1.0,50.0,0.999,0.963,49.0,Current-Season Handedness Matchup,Pull Air %,Barrel %,Max Exit Velocity,33.1,27.6,49.4,78.8,50.0,45.0,45.7,4.8,1.0,0.963,0.985,1.0,0.973,0.973,0.98,16.18,9.03,70.9,26.9,F,Lineup unconfirmed; Limited recent games,,,
77,2026-08-12,823511,2026-08-12T23:05:00Z,Scheduled,Yankee Stadium,Seattle Mariners @ New York Yankees,Home,682987,Spencer Jones,New York Yankees,Seattle Mariners,CF,L,No,,46,136,120,25,4,1,5,12,15,16,0,48,0.208,0.301,0.383,0.684,11,41,36,6,2,0.167,0.0488,16,54,47,8,3,0.17,0.0556,168,67,7.1,28.9,37.8,32.2,30.0,16.9,25.8,26.6,34.6,6.9,3.5,6.9,51.1,85.3,21.6,0.74,76.1,96.9,111.9,71.8,12.8,14.6,39.3,38.6,Below Average,2.5,Contact-First Profile,A-,Elevated power plane,38.6,Below Average,0.968,Good,10.4,26.3,96.8,0.796,Derived proxy,Derived proxy,Derived proxy,Derived proxy,,,9.91,4.91,Strong positive regression,Below Average Contact-First Profile profile. 7.1% barrel rate; 85.3 mph average exit velocity; 25.8% air-ball rate; 26.6% pull-air rate; 6.9% HR-launch rate.,0.0368,0.0345,3.99,27,8,24.0,1.12,112.5,Near normal interval,682243.0,Bryce Miller,R,LHB vs RHP,14,13,79.0,3.08,0.95,13,1.48,9.0,1.71,449.0,4.5,20.3,16.3,47.0,24.9,82.7,93.4,111.5,0.475,13.0,67.9,95.0,0.866,5.9,4-Seam Fastball,L,LHB vs RHP,33.3,106,0.181,0.274,0.298,0.571,3,12,39,0.0283,3.8,0.68,165,0.0303,4.0,0.457,0,0,0,0/0,,,,,0,0,0,48.7,Neutral Matchup,Average,50.0,5,Pitch-level Statcast · last 5 MLB games,441,4-Seam Fastball,43.31065759637188,191.0,Split-Finger,24.94331065759637,110.0,Slider,8.390022675736962,37.0,Sweeper,7.709750566893424,34.0,Sinker,7.2562358276643995,32.0,Cutter,4.988662131519274,22.0,Unknown,,Unknown,,No,108.0,1.08,1.0,64.4,1.036,0.97,42.2,Current-Season Handedness Matchup,Pull Air %,Barrel %,Max Exit Velocity,33.3,31.8,67.9,42.4,64.4,45.0,45.6,4.8,1.2,1.061,1.025,1.0,0.968,0.968,1.0,13.08,10.55,66.0,28.3,F,Lineup unconfirmed,Knuckle Curve,3.401360544217687,15.0
78,2026-08-12,823017,2026-08-12T18:15:00Z,Scheduled,Busch Stadium,Philadelphia Phillies @ St. Louis Cardinals,Away,681082,Bryson Stott,Philadelphia Phillies,St. Louis Cardinals,2B,L,No,,115,449,398,106,25,6,8,51,53,44,2,78,0.266,0.341,0.42,0.761,12,51,36,14,0,0.389,0.0,24,96,77,26,1,0.338,0.0104,583,114,4.2,28.0,51.6,26.4,21.7,13.6,29.2,49.5,31.3,6.1,4.1,6.1,28.0,84.1,21.6,0.524,68.0,95.7,111.4,7.3,12.9,2.4,51.6,31.5,Weak,2.5,Pull Power,A-,Elevated power plane,31.5,Weak,0.948,Good,3.5,61.8,96.4,0.548,Derived proxy,Derived proxy,Derived proxy,Derived proxy,,,25.84,17.84,Strong positive regression,Weak Pull Power profile. 4.2% barrel rate; 84.1 mph average exit velocity; 29.2% air-ball rate; 49.5% pull-air rate; 6.1% HR-launch rate.,0.0178,0.0208,4.05,45,15,49.8,0.9,90.5,Near normal interval,681517.0,Kyle Leahy,R,LHB vs RHP,22,22,112.1,3.45,1.34,12,0.96,7.93,2.8,612.0,6.9,30.4,12.1,44.5,29.7,84.4,97.4,114.9,0.599,12.0,29.6,99.9,0.496,4.5,4-Seam Fastball,L,LHB vs RHP,36.4,348,0.251,0.321,0.412,0.732,7,32,61,0.0201,5.2,0.52,250,0.028,7.8,0.668,1,1,0,0/1,0.0,0.0,0.0,0.0,0,0,0,36.2,Slight Pitcher Advantage,Below average,47.5,5,Pitch-level Statcast · last 5 MLB games,421,4-Seam Fastball,22.327790973871736,94.0,Curveball,18.28978622327791,77.0,Slider,16.8646080760095,71.0,Changeup,14.964370546318289,63.0,Sweeper,14.964370546318289,63.0,Sinker,12.589073634204276,53.0,Unknown,,Unknown,,No,100.0,1.0,1.0,50.0,0.959,0.994,49.0,Current-Season Handedness Matchup,Pull Air %,Barrel %,Max Exit Velocity,36.4,48.3,29.6,50.2,50.0,45.0,45.6,4.79,0.767,0.978,1.025,1.0,0.948,0.948,1.0,8.16,5.21,84.7,22.6,F,Lineup unconfirmed,,,
79,2026-08-12,823187,2026-08-12T19:45:00Z,Scheduled,Oracle Park,Houston Astros @ San Francisco Giants,Away,664774,LaMonte Wade Jr.,Houston Astros,San Francisco Giants,LF,L,No,,29,90,75,17,4,0,2,11,15,15,0,18,0.227,0.356,0.36,0.716,8,17,15,7,0,0.467,0.0,19,56,43,9,0,0.209,0.0,117,70,1.1,17.7,45.0,27.4,27.6,11.2,23.1,53.5,24.8,2.7,1.1,2.7,100.0,80.0,18.0,0.342,68.8,91.7,107.7,7.1,6.5,0.8,47.8,20.5,Weak,2.0,Pull Power,A,Excellent HR swing plane,20.5,Weak,0.917,Good,0.0,53.3,91.9,0.297,Derived proxy,Derived proxy,Derived proxy,Derived proxy,,,2.47,0.47,Near expected,Weak Pull Power profile. 1.1% barrel rate; 80.0 mph average exit velocity; 23.1% air-ball rate; 53.5% pull-air rate; 2.7% HR-launch rate.,0.0222,0.0278,4.05,47,20,37.5,1.25,125.3,Near normal interval,,TBD,,Unknown,0,0,0.0,0.0,0.0,0,0.0,0.0,0.0,,,,,,,,,,,,50.0,0.0,,,Unknown,L,Unknown,50.0,0,,,,,0,0,0,,,,0,,,,0,0,0,0/0,,,,,0,0,0,50.0,Neutral Matchup,Average,50.0,0,,0,,,,,,,,,,,,,,,,,,,Unknown,,Unknown,,No,91.0,0.91,1.0,33.8,1.0,1.0,44.5,Current-Season Handedness Matchup,Pull Air %,Barrel %,Max Exit Velocity,50.0,50.0,50.0,37.9,33.8,45.0,45.6,4.79,0.758,1.0,1.0,1.0,0.917,0.917,1.0,10.79,5.76,52.9,19.9,F,Probable SP unavailable; Lineup unconfirmed,,,
80,2026-08-12,825047,2026-08-12T19:40:00Z,Scheduled,Chase Field,Colorado Rockies @ Arizona Diamondbacks,Away,664983,Jake McCarthy,Colorado Rockies,Arizona Diamondbacks,LF,L,No,,105,407,376,114,25,7,13,57,67,19,4,69,0.303,0.34,0.511,0.851,11,50,48,18,3,0.375,0.06,22,100,97,30,3,0.309,0.03,532,132,2.9,19.9,47.9,30.5,21.4,12.7,30.4,48.0,34.8,4.1,3.4,4.1,84.7,78.8,14.2,0.518,66.9,92.8,110.8,10.9,12.8,3.7,48.0,27.6,Weak,2.0,Pull Power,A,Excellent HR swing plane,27.6,Weak,0.937,Good,2.3,52.3,93.9,0.536,Derived proxy,Derived proxy,Derived proxy,Derived proxy,,,16.82,3.82,Positive regression,Weak Pull Power profile. 2.9% barrel rate; 78.8 mph average exit velocity; 30.4% air-ball rate; 48.0% pull-air rate; 4.1% HR-launch rate.,0.0319,0.032,4.15,12,3,28.9,0.41,41.5,Recently homered,518876.0,Merrill Kelly,R,LHB vs RHP,21,21,120.0,4.88,1.47,23,1.73,6.0,3.75,687.0,8.2,29.5,14.8,47.8,31.9,83.7,97.0,114.6,0.661,23.0,24.0,99.6,0.48,2.5,Changeup,L,LHB vs RHP,40.8,301,0.297,0.336,0.496,0.832,9,17,51,0.0299,3.0,0.494,312,0.0481,8.5,0.68,6,6,1,1/6,0.167,0.167,0.167,0.334,0,0,0,33.7,Slight Pitcher Advantage,Below average,35.0,5,Pitch-level Statcast · last 5 MLB games,443,Changeup,32.50564334085779,144.0,4-Seam Fastball,24.604966139954854,109.0,Cutter,13.318284424379232,59.0,Curveball,12.641083521444695,56.0,Sinker,10.15801354401806,45.0,Slider,6.772009029345372,30.0,Unknown,,Unknown,,No,100.0,1.0,1.0,50.0,0.948,1.007,46.6,Current-Season Handedness Matchup,Pull Air %,Barrel %,Max Exit Velocity,40.8,57.1,24.0,42.5,50.0,45.0,45.5,4.78,1.182,1.101,1.025,1.0,0.937,0.937,1.0,12.61,9.33,85.0,29.8,F,Lineup unconfirmed,,,
81,2026-08-12,823511,2026-08-12T23:05:00Z,Scheduled,Yankee Stadium,Seattle Mariners @ New York Yankees,Home,663757,Trent Grisham,New York Yankees,Seattle Mariners,CF,L,No,,99,394,342,74,18,2,13,56,46,48,0,66,0.216,0.31,0.395,0.705,11,43,41,10,2,0.244,0.0465,23,91,83,13,3,0.157,0.033,472,113,6.3,28.0,56.8,24.4,18.1,15.4,27.8,54.8,28.5,7.6,5.1,7.6,43.9,85.1,23.5,0.522,69.3,96.6,110.5,8.2,13.2,3.1,62.8,36.3,Below Average,2.5,Pull Power,A-,Elevated power plane,36.3,Below Average,0.962,Good,5.3,64.3,95.1,0.476,Derived proxy,Derived proxy,Derived proxy,Derived proxy,,,28.74,15.74,Strong positive regression,Below Average Pull Power profile. 6.3% barrel rate; 85.1 mph average exit velocity; 27.8% air-ball rate; 54.8% pull-air rate; 7.6% HR-launch rate.,0.033,0.0328,3.99,4,1,26.3,0.15,15.2,Very recent HR,682243.0,Bryce Miller,R,LHB vs RHP,14,13,79.0,3.08,0.95,13,1.48,9.0,1.71,449.0,4.5,20.3,16.3,47.0,24.9,82.7,93.4,111.5,0.475,13.0,42.1,99.7,0.547,8.2,4-Seam Fastball,L,LHB vs RHP,35.4,279,0.2,0.302,0.383,0.685,10,36,45,0.0358,7.5,0.567,165,0.0303,4.0,0.457,0,0,0,0/0,,,,,0,0,0,40.7,Slight Pitcher Advantage,Below average,50.0,5,Pitch-level Statcast · last 5 MLB games,441,4-Seam Fastball,43.31065759637188,191.0,Split-Finger,24.94331065759637,110.0,Slider,8.390022675736962,37.0,Sweeper,7.709750566893424,34.0,Sinker,7.2562358276643995,32.0,Cutter,4.988662131519274,22.0,Unknown,,Unknown,,No,108.0,1.08,1.0,64.4,0.984,0.97,51.3,Current-Season Handedness Matchup,Pull Air %,Barrel %,Max Exit Velocity,35.4,31.8,42.1,51.7,64.4,45.0,45.4,4.77,1.093,1.061,1.025,1.0,0.962,0.962,0.98,12.45,9.04,84.3,27.1,F,Lineup unconfirmed,Knuckle Curve,3.401360544217687,15.0
82,2026-08-12,822698,2026-08-12T22:45:00Z,Scheduled,Nationals Park,Chicago Cubs @ Washington Nationals,Home,686611,Dylan Crews,Washington Nationals,Chicago Cubs,RF,R,No,,69,284,257,56,10,0,10,39,26,20,7,68,0.218,0.292,0.374,0.666,12,49,47,8,1,0.17,0.0204,22,95,82,19,4,0.232,0.0421,334,100,6.5,26.6,44.1,30.1,25.1,17.5,30.7,44.4,31.0,8.4,6.3,8.4,43.9,83.8,18.8,0.596,72.1,95.5,110.7,37.2,10.5,9.2,44.9,39.1,Below Average,2.5,Pull Power,A,Excellent HR swing plane,39.1,Below Average,0.969,Good,8.0,46.9,94.9,0.627,Derived proxy,Derived proxy,Derived proxy,Derived proxy,,,19.78,9.78,Strong positive regression,Below Average Pull Power profile. 6.5% barrel rate; 83.8 mph average exit velocity; 30.7% air-ball rate; 44.4% pull-air rate; 8.4% HR-launch rate.,0.0352,0.0343,3.99,0,0,25.7,0.0,0.0,Very recent HR,656849.0,David Peterson,L,RHB vs LHP,23,15,106.0,5.35,1.5,11,0.93,7.47,3.65,585.0,4.1,26.8,12.5,41.6,29.7,82.7,96.1,111.7,0.535,11.0,51.8,99.8,0.644,8.2,Sinker,R,RHB vs LHP,38.8,94,0.301,0.383,0.506,0.889,4,10,20,0.0426,7.3,0.656,333,0.018,3.6,0.516,5,4,1,1/4,0.25,0.4,0.75,1.15,0,1,0,46.8,Neutral Matchup,Average,56.2,5,Pitch-level Statcast · last 5 MLB games,443,Sinker,36.11738148984199,160.0,4-Seam Fastball,24.830699774266364,110.0,Slider,19.63882618510158,87.0,Changeup,13.99548532731377,62.0,Curveball,5.417607223476298,24.0,,,,Unknown,,Unknown,,No,100.0,1.0,1.0,50.0,1.004,0.966,49.1,Current-Season Handedness Matchup,Pull Air %,Barrel %,Max Exit Velocity,38.8,32.0,51.8,52.2,50.0,45.0,45.2,4.74,0.952,0.973,1.025,1.0,0.969,0.969,0.98,12.98,7.75,79.9,23.8,F,Lineup unconfirmed,,,
83,2026-08-12,823263,2026-08-12T20:10:00Z,Scheduled,Petco Park,Milwaukee Brewers @ San Diego Padres,Home,669720,Austin Hays,San Diego Padres,Milwaukee Brewers,LF,R,No,,14,50,49,13,1,0,2,6,10,1,0,13,0.265,0.28,0.408,0.688,2,6,6,3,1,0.5,0.1667,2,6,6,3,1,0.5,0.1667,55,2,3.6,32.7,58.1,25.8,16.1,7.3,23.6,53.8,34.5,5.5,1.8,5.5,100.0,82.0,2.9,0.552,69.1,95.6,111.9,21.3,10.9,5.6,59.6,34.9,Weak,2.5,Pull Power,D,Ground-ball heavy,34.9,Weak,0.958,Good,50.0,100.0,99.0,1.42,Derived proxy,Derived proxy,Derived proxy,Derived proxy,,,2.16,0.16,Near expected,Weak Pull Power profile. 3.6% barrel rate; 82.0 mph average exit velocity; 23.6% air-ball rate; 53.8% pull-air rate; 5.5% HR-launch rate.,0.04,0.0344,3.93,5,1,24.5,0.2,20.4,Very recent HR,669160.0,Dustin May,R,RHB vs RHP,22,22,115.0,4.3,1.27,8,0.63,8.69,2.97,612.0,4.1,27.1,12.6,34.4,31.5,82.9,95.3,114.8,0.508,8.0,45.8,93.1,0.649,5.0,4-Seam Fastball,R,RHB vs RHP,35.2,31,0.226,0.226,0.323,0.548,1,0,10,0.0323,2.6,0.51,187,0.0107,5.2,0.509,1,1,1,1/1,1.0,1.0,2.0,3.0,0,0,0,42.1,Slight Pitcher Advantage,Below average,51.2,5,Pitch-level Statcast · last 5 MLB games,438,4-Seam Fastball,25.34246575342466,111.0,Cutter,23.972602739726028,105.0,Sinker,18.72146118721461,82.0,Sweeper,18.264840182648403,80.0,Changeup,7.762557077625571,34.0,Curveball,5.936073059360731,26.0,Unknown,,Unknown,,No,94.0,0.94,1.0,39.2,0.992,0.966,50.4,Current-Season Handedness Matchup,Pull Air %,Barrel %,Max Exit Velocity,35.2,25.3,45.8,92.0,39.2,45.0,45.2,4.74,1.0,0.925,0.985,1.0,0.958,0.958,0.98,12.84,7.1,56.1,19.8,F,Small season sample; Lineup unconfirmed; Limited recent games,,,
84,2026-08-12,825047,2026-08-12T19:40:00Z,Scheduled,Chase Field,Colorado Rockies @ Arizona Diamondbacks,Home,694374,Tim Tawa,Arizona Diamondbacks,Colorado Rockies,LF,R,No,,64,196,174,41,8,0,6,21,26,14,0,45,0.236,0.288,0.385,0.673,12,50,45,13,2,0.289,0.04,25,97,90,23,3,0.256,0.0309,241,112,4.6,29.7,41.9,34.0,23.2,15.4,25.6,41.1,29.4,8.0,6.3,8.0,56.5,83.8,16.1,0.517,70.1,96.2,109.6,35.0,12.6,11.2,50.7,36.0,Below Average,2.5,Contact-First Profile,A,Excellent HR swing plane,36.0,Below Average,0.961,Good,5.4,40.6,98.0,0.538,Derived proxy,Derived proxy,Derived proxy,Derived proxy,,,11.15,5.15,Strong positive regression,Below Average Contact-First Profile profile. 4.6% barrel rate; 83.8 mph average exit velocity; 25.6% air-ball rate; 41.1% pull-air rate; 8.0% HR-launch rate.,0.0306,0.0311,3.93,23,6,29.0,0.79,79.3,Recently homered,663372.0,Ryan Feltner,R,RHB vs RHP,17,17,82.0,5.71,1.45,18,1.98,6.48,3.62,456.0,7.7,26.5,16.9,46.9,26.5,83.0,95.3,111.1,0.607,18.0,31.7,100.0,0.535,3.6,4-Seam Fastball,R,RHB vs RHP,43.5,144,0.242,0.293,0.422,0.715,6,10,32,0.0417,3.9,0.518,176,0.0568,6.3,0.617,0,0,0,0/0,,,,,0,0,0,40.7,Slight Pitcher Advantage,Below average,50.0,5,Pitch-level Statcast · last 5 MLB games,423,4-Seam Fastball,29.78723404255319,126.0,Slider,21.98581560283688,93.0,Changeup,19.148936170212767,81.0,Sinker,14.893617021276595,63.0,Sweeper,7.328605200945627,31.0,Curveball,6.855791962174941,29.0,Unknown,,Unknown,,No,100.0,1.0,1.0,50.0,0.963,1.002,45.5,Current-Season Handedness Matchup,Pull Air %,Barrel %,Max Exit Velocity,43.5,50.9,31.7,46.8,50.0,45.0,45.1,4.73,1.061,1.141,0.985,1.0,0.961,0.961,1.0,11.69,8.39,73.8,24.3,F,Lineup unconfirmed,,,
85,2026-08-12,823017,2026-08-12T18:15:00Z,Scheduled,Busch Stadium,Philadelphia Phillies @ St. Louis Cardinals,Away,624641,Edmundo Sosa,Philadelphia Phillies,St. Louis Cardinals,LF,R,No,,63,196,179,39,6,1,5,19,28,6,5,41,0.218,0.259,0.346,0.605,3,8,6,3,0,0.5,0.0,11,34,32,7,0,0.219,0.0,295,48,3.6,27.4,46.7,33.2,20.1,8.4,21.9,46.9,27.0,6.1,4.3,6.1,25.0,81.7,16.7,0.545,71.5,95.2,111.1,25.2,10.5,6.0,57.3,32.4,Weak,2.5,Pull Power,A,Excellent HR swing plane,32.4,Weak,0.951,Good,2.1,45.5,95.7,0.483,Derived proxy,Derived proxy,Derived proxy,Derived proxy,,,11.17,6.17,Strong positive regression,Weak Pull Power profile. 3.6% barrel rate; 81.7 mph average exit velocity; 21.9% air-ball rate; 46.9% pull-air rate; 6.1% HR-launch rate.,0.0255,0.028,3.87,53,18,35.8,1.48,148.0,Above normal drought,681517.0,Kyle Leahy,R,RHB vs RHP,22,22,112.1,3.45,1.34,12,0.96,7.93,2.8,612.0,6.9,30.4,12.1,44.5,29.7,84.4,97.4,114.9,0.599,12.0,39.5,99.9,0.6,4.2,4-Seam Fastball,R,RHB vs RHP,33.6,90,0.188,0.205,0.306,0.51,2,0,18,0.0222,5.4,0.627,229,0.0218,5.9,0.525,1,1,0,0/1,0.0,0.0,0.0,0.0,0,0,0,38.4,Slight Pitcher Advantage,Below average,47.5,5,Pitch-level Statcast · last 5 MLB games,421,4-Seam Fastball,22.327790973871736,94.0,Curveball,18.28978622327791,77.0,Slider,16.8646080760095,71.0,Changeup,14.964370546318289,63.0,Sweeper,14.964370546318289,63.0,Sinker,12.589073634204276,53.0,Unknown,,Unknown,,No,100.0,1.0,1.0,50.0,0.979,0.994,45.3,Current-Season Handedness Matchup,Pull Air %,Barrel %,Max Exit Velocity,33.6,48.3,39.5,39.4,50.0,45.0,45.0,4.72,0.901,0.978,0.985,0.94,0.951,0.894,1.035,10.4,6.28,68.7,23.0,F,Lineup unconfirmed,,,
86,2026-08-12,825047,2026-08-12T19:40:00Z,Scheduled,Chase Field,Colorado Rockies @ Arizona Diamondbacks,Away,694249,Cole Carrigg,Colorado Rockies,Arizona Diamondbacks,CF,S,No,,52,204,173,51,14,3,5,35,30,23,3,41,0.295,0.379,0.497,0.876,11,45,38,11,0,0.289,0.0,21,85,74,24,1,0.324,0.0118,281,107,2.4,19.1,43.8,25.9,30.3,13.7,28.0,42.4,34.7,6.1,3.0,6.1,71.1,82.0,19.6,0.51,71.1,92.7,109.0,35.0,11.8,7.7,46.0,28.8,Weak,2.0,Pull Power,A,Excellent HR swing plane,28.8,Weak,0.941,Good,0.9,40.6,92.5,0.488,Derived proxy,Derived proxy,Derived proxy,Derived proxy,,,8.5,3.5,Positive regression,Weak Pull Power profile. 2.4% barrel rate; 82.0 mph average exit velocity; 28.0% air-ball rate; 42.4% pull-air rate; 6.1% HR-launch rate.,0.0245,0.0273,4.15,44,13,34.6,1.27,127.2,Near normal interval,518876.0,Merrill Kelly,R,Switch vs RHP,21,21,120.0,4.88,1.47,23,1.73,6.0,3.75,687.0,8.2,29.5,14.8,47.8,31.9,83.7,97.0,114.6,0.661,23.0,38.5,99.6,0.598,3.8,Changeup,L,LHB vs RHP,39.1,114,0.261,0.395,0.478,0.873,3,18,19,0.0263,2.6,0.485,312,0.0481,8.5,0.68,0,0,0,0/0,,,,,0,0,0,41.0,Slight Pitcher Advantage,Below average,50.0,5,Pitch-level Statcast · last 5 MLB games,443,Changeup,32.50564334085779,144.0,4-Seam Fastball,24.604966139954854,109.0,Cutter,13.318284424379232,59.0,Curveball,12.641083521444695,56.0,Sinker,10.15801354401806,45.0,Slider,6.772009029345372,30.0,Unknown,,Unknown,,No,100.0,1.0,1.0,50.0,0.977,1.007,41.4,Current-Season Handedness Matchup,Pull Air %,Barrel %,Max Exit Velocity,39.1,57.1,38.5,28.3,50.0,45.0,44.8,4.7,0.758,1.101,1.035,1.0,0.941,0.941,1.0,10.85,6.52,73.4,26.5,F,Lineup unconfirmed,,,
87,2026-08-12,823511,2026-08-12T23:05:00Z,Scheduled,Yankee Stadium,Seattle Mariners @ New York Yankees,Away,677594,Julio Rodríguez,Seattle Mariners,New York Yankees,CF,R,No,,109,470,425,109,16,0,18,54,51,37,5,97,0.256,0.321,0.421,0.742,11,47,40,11,2,0.275,0.0426,22,92,81,20,4,0.247,0.0435,628,129,5.4,26.6,42.7,29.4,27.7,15.0,27.7,41.7,31.8,6.2,2.6,6.2,54.4,83.8,18.6,0.598,75.5,96.8,113.7,65.3,11.1,14.9,49.7,39.9,Below Average,2.5,Contact-First Profile,A,Excellent HR swing plane,39.9,Below Average,0.972,Good,5.4,43.2,96.4,0.579,Derived proxy,Derived proxy,Derived proxy,Derived proxy,,,31.13,13.13,Strong positive regression,Below Average Contact-First Profile profile. 5.4% barrel rate; 83.8 mph average exit velocity; 27.7% air-ball rate; 41.7% pull-air rate; 6.2% HR-launch rate.,0.0383,0.037,4.05,10,3,23.6,0.42,42.4,Recently homered,701542.0,Will Warren,R,RHB vs RHP,23,22,114.0,4.18,1.37,15,1.18,9.0,2.92,611.0,4.4,26.8,12.6,46.4,28.8,84.0,96.4,116.9,0.565,15.0,40.1,99.8,0.597,4.7,4-Seam Fastball,R,RHB vs RHP,31.6,336,0.264,0.318,0.404,0.722,10,22,71,0.0298,5.0,0.562,214,0.0234,3.3,0.549,6,6,1,1/6,0.167,0.167,0.333,0.5,0,0,2,35.5,Slight Pitcher Advantage,Below average,36.6,5,Pitch-level Statcast · last 5 MLB games,346,4-Seam Fastball,29.76878612716763,103.0,Sinker,21.09826589595376,73.0,Sweeper,19.07514450867052,66.0,Changeup,18.208092485549134,63.0,Curveball,11.84971098265896,41.0,,,,Unknown,,Unknown,,No,108.0,1.08,1.0,64.4,0.98,0.969,47.5,Current-Season Handedness Matchup,Pull Air %,Barrel %,Max Exit Velocity,31.6,37.8,40.1,46.2,64.4,45.0,44.8,4.7,1.064,1.013,0.985,1.0,0.972,0.972,1.0,14.17,9.31,84.4,28.1,F,Lineup unconfirmed,,,
88,2026-08-12,822698,2026-08-12T22:45:00Z,Scheduled,Nationals Park,Chicago Cubs @ Washington Nationals,Away,608348,Carson Kelly,Chicago Cubs,Washington Nationals,C,R,No,,89,316,280,74,11,0,7,41,43,33,3,52,0.264,0.348,0.379,0.727,9,31,30,9,1,0.3,0.0323,19,65,60,14,1,0.233,0.0154,411,82,3.1,23.6,41.2,26.4,32.4,13.5,25.5,38.5,30.9,5.8,2.9,5.8,50.0,81.4,18.2,0.452,69.3,93.8,107.4,8.5,10.8,2.6,45.4,22.2,Weak,2.0,Contact-First Profile,A,Excellent HR swing plane,22.2,Weak,0.922,Good,2.4,40.9,93.4,0.41,Derived proxy,Derived proxy,Derived proxy,Derived proxy,,,13.33,6.33,Strong positive regression,Weak Contact-First Profile profile. 3.1% barrel rate; 81.4 mph average exit velocity; 25.5% air-ball rate; 38.5% pull-air rate; 5.8% HR-launch rate.,0.0222,0.0249,4.05,18,5,40.0,0.45,45.0,Recently homered,800600.0,Jackson Kent,L,RHB vs LHP,0,0,0.0,0.0,0.0,0,0.0,0.0,0.0,,,,,,,,,,,,50.0,0.0,,,Unavailable,R,RHB vs LHP,46.0,109,0.34,0.431,0.564,0.995,5,15,18,0.0459,5.8,0.592,0,,,,0,0,0,0/0,,,,,0,0,0,48.2,Neutral Matchup,Average,50.0,0,,0,,,,,,,,,,,,,,,,,,,Unknown,,Unknown,,No,100.0,1.0,1.0,50.0,1.0,1.0,40.2,Current-Season Handedness Matchup,Pull Air %,Barrel %,Max Exit Velocity,46.0,50.0,50.0,31.4,50.0,45.0,44.7,4.68,0.997,1.0,1.025,1.0,0.922,0.922,1.0,9.69,6.69,69.8,21.6,F,Probable SP unavailable; Lineup unconfirmed,,,
89,2026-08-12,825047,2026-08-12T19:40:00Z,Scheduled,Chase Field,Colorado Rockies @ Arizona Diamondbacks,Home,571448,Nolan Arenado,Arizona Diamondbacks,Colorado Rockies,3B,R,No,,114,442,392,96,20,1,18,55,58,40,7,90,0.245,0.324,0.439,0.763,11,45,40,10,4,0.25,0.0889,24,95,83,21,6,0.253,0.0632,585,122,4.7,23.1,48.3,27.4,24.2,13.6,23.0,60.7,29.4,5.8,4.6,5.8,82.3,81.9,23.3,0.474,68.8,93.6,107.4,11.4,10.5,3.4,56.1,30.9,Weak,2.0,Pull Power,A-,Elevated power plane,30.9,Weak,0.947,Good,4.1,70.8,93.5,0.48,Derived proxy,Derived proxy,Derived proxy,Derived proxy,,,27.57,9.57,Strong positive regression,Weak Pull Power profile. 4.7% barrel rate; 81.9 mph average exit velocity; 23.0% air-ball rate; 60.7% pull-air rate; 5.8% HR-launch rate.,0.0407,0.0389,3.99,4,1,21.8,0.18,18.4,Very recent HR,663372.0,Ryan Feltner,R,RHB vs RHP,17,17,82.0,5.71,1.45,18,1.98,6.48,3.62,456.0,7.7,26.5,16.9,46.9,26.5,83.0,95.3,111.1,0.607,18.0,25.4,100.0,0.465,3.9,4-Seam Fastball,R,RHB vs RHP,41.4,329,0.24,0.319,0.418,0.737,13,28,72,0.0395,4.5,0.449,176,0.0568,6.3,0.617,3,3,1,1/3,0.333,0.333,0.667,1.0,0,0,0,37.8,Slight Pitcher Advantage,Below average,51.3,5,Pitch-level Statcast · last 5 MLB games,423,4-Seam Fastball,29.78723404255319,126.0,Slider,21.98581560283688,93.0,Changeup,19.148936170212767,81.0,Sinker,14.893617021276595,63.0,Sweeper,7.328605200945627,31.0,Curveball,6.855791962174941,29.0,Unknown,,Unknown,,No,100.0,1.0,1.0,50.0,0.951,1.002,47.4,Current-Season Handedness Matchup,Pull Air %,Barrel %,Max Exit Velocity,41.4,50.9,25.4,45.6,50.0,45.0,44.6,4.67,1.35,1.141,0.985,1.0,0.947,0.947,0.98,14.63,11.22,84.6,31.5,D,Lineup unconfirmed,,,
90,2026-08-12,824883,2026-08-12T23:15:00Z,Scheduled,Truist Park,New York Mets @ Atlanta Braves,Home,686948,Drake Baldwin,Atlanta Braves,New York Mets,C,L,No,,97,432,379,102,8,0,20,64,60,45,7,91,0.269,0.356,0.449,0.805,12,53,49,9,0,0.184,0.0,25,113,100,31,5,0.31,0.0442,591,168,6.6,29.2,40.6,24.6,34.8,11.3,23.3,32.4,29.8,6.2,3.7,6.2,50.8,84.1,16.3,0.64,73.3,96.5,111.5,49.7,11.5,15.0,42.2,37.0,Below Average,2.5,Contact-First Profile,A,Excellent HR swing plane,37.0,Below Average,0.964,Good,4.8,28.9,96.2,0.599,Derived proxy,Derived proxy,Derived proxy,Derived proxy,,,32.51,12.51,Strong positive regression,Below Average Contact-First Profile profile. 6.6% barrel rate; 84.1 mph average exit velocity; 23.3% air-ball rate; 32.4% pull-air rate; 6.2% HR-launch rate.,0.0463,0.0432,4.09,68,17,19.0,3.59,358.8,Very long drought,804267.0,Zac Thornton,L,LHB vs LHP,7,7,39.1,2.52,1.07,3,0.69,6.18,2.75,217.0,6.0,27.6,15.2,42.6,32.3,83.1,96.5,110.6,0.526,3.0,50.1,99.6,0.636,7.8,Cutter,L,LHB vs LHP,43.8,165,0.242,0.315,0.403,0.718,7,13,35,0.0424,7.4,0.616,52,0.0192,6.0,0.51,3,3,1,1/3,0.333,0.333,0.333,0.666,0,0,0,46.4,Neutral Matchup,Average,46.0,5,Pitch-level Statcast · last 5 MLB games,400,Cutter,32.0,128.0,4-Seam Fastball,25.25,101.0,Sweeper,13.5,54.0,Slider,11.25,45.0,Sinker,10.75,43.0,Changeup,5.25,21.0,Unknown,,Unknown,,No,103.0,1.03,1.0,55.4,1.0,0.985,45.7,Current-Season Handedness Matchup,Pull Air %,Barrel %,Max Exit Velocity,43.8,40.2,50.1,30.9,55.4,45.0,44.5,4.66,0.861,0.963,0.985,1.0,0.964,0.964,1.06,16.52,8.93,85.0,36.5,D+,Lineup unconfirmed,Curveball,2.0,8.0
91,2026-08-12,824241,2026-08-12T22:40:00Z,Scheduled,Comerica Park,Cleveland Guardians @ Detroit Tigers,Home,679529,Spencer Torkelson,Detroit Tigers,Cleveland Guardians,1B,R,No,,118,468,408,93,20,0,20,52,60,50,5,142,0.228,0.317,0.424,0.741,10,46,41,16,0,0.39,0.0,23,97,86,26,4,0.302,0.0412,551,112,7.3,26.6,49.3,23.8,26.7,19.3,30.2,50.1,30.1,8.3,5.6,8.3,50.2,84.5,20.7,0.627,71.7,96.1,109.1,25.1,13.1,8.1,49.4,41.0,Below Average,2.5,Pull Power,A-,Elevated power plane,41.0,Below Average,0.975,Good,6.2,48.6,96.5,0.593,Derived proxy,Derived proxy,Derived proxy,Derived proxy,,,36.38,16.38,Strong positive regression,Below Average Pull Power profile. 7.3% barrel rate; 84.5 mph average exit velocity; 30.2% air-ball rate; 50.1% pull-air rate; 8.3% HR-launch rate.,0.0427,0.0405,3.99,41,10,20.4,2.01,201.0,Very long drought,656492.0,Foster Griffin,L,RHB vs LHP,23,23,133.1,3.31,1.11,21,1.42,8.24,2.16,724.0,5.5,22.9,13.7,41.4,33.3,81.4,94.4,119.0,0.543,21.0,35.3,99.9,0.549,4.7,Cutter,R,RHB vs LHP,37.0,126,0.278,0.373,0.435,0.808,3,17,34,0.0238,6.8,0.588,402,0.0373,5.3,0.532,0,0,0,0/0,,,,,0,0,0,39.0,Slight Pitcher Advantage,Below average,50.0,5,Pitch-level Statcast · last 5 MLB games,470,Cutter,33.40425531914894,157.0,Sweeper,14.46808510638298,68.0,4-Seam Fastball,13.829787234042554,65.0,Changeup,10.425531914893616,49.0,Sinker,10.425531914893616,49.0,Split-Finger,8.936170212765957,42.0,Unknown,,Unknown,,No,100.0,1.0,1.0,50.0,0.971,0.98,51.8,Current-Season Handedness Matchup,Pull Air %,Barrel %,Max Exit Velocity,37.0,35.7,35.3,53.2,50.0,45.0,44.5,4.65,0.86,1.051,1.025,1.0,0.975,0.975,1.06,15.22,8.83,84.8,33.1,D,Lineup unconfirmed,Curveball,8.51063829787234,40.0
92,2026-08-12,823511,2026-08-12T23:05:00Z,Scheduled,Yankee Stadium,Seattle Mariners @ New York Yankees,Home,665862,Jazz Chisholm Jr.,New York Yankees,Seattle Mariners,2B,L,No,,110,435,387,84,14,2,17,55,47,44,1,135,0.217,0.297,0.395,0.692,9,35,29,4,1,0.138,0.0286,19,75,68,13,4,0.191,0.0533,496,86,6.0,28.6,61.2,20.2,18.1,12.8,21.4,55.4,25.6,5.3,2.8,5.3,64.8,84.5,18.3,0.607,70.8,96.5,111.4,29.1,10.2,8.9,57.2,38.7,Below Average,2.5,Pull Power,A,Excellent HR swing plane,38.7,Below Average,0.968,Good,5.8,60.0,96.2,0.686,Derived proxy,Derived proxy,Derived proxy,Derived proxy,,,27.7,10.7,Strong positive regression,Below Average Pull Power profile. 6.0% barrel rate; 84.5 mph average exit velocity; 21.4% air-ball rate; 55.4% pull-air rate; 5.3% HR-launch rate.,0.0391,0.0375,3.99,11,4,22.8,0.48,48.3,Recently homered,682243.0,Bryce Miller,R,LHB vs RHP,14,13,79.0,3.08,0.95,13,1.48,9.0,1.71,449.0,4.5,20.3,16.3,47.0,24.9,82.7,93.4,111.5,0.475,13.0,30.9,99.7,0.495,5.2,4-Seam Fastball,L,LHB vs RHP,38.7,292,0.215,0.312,0.406,0.718,13,35,83,0.0445,7.1,0.61,165,0.0303,4.0,0.457,5,5,2,2/5,0.4,0.4,0.6,1.0,0,0,2,38.7,Slight Pitcher Advantage,Below average,52.2,5,Pitch-level Statcast · last 5 MLB games,441,4-Seam Fastball,43.31065759637188,191.0,Split-Finger,24.94331065759637,110.0,Slider,8.390022675736962,37.0,Sweeper,7.709750566893424,34.0,Sinker,7.2562358276643995,32.0,Cutter,4.988662131519274,22.0,Unknown,,Unknown,,No,108.0,1.08,1.0,64.4,0.962,0.97,53.1,Current-Season Handedness Matchup,Pull Air %,Barrel %,Max Exit Velocity,38.7,31.8,30.9,55.0,64.4,45.0,44.5,4.65,1.023,1.061,1.025,1.0,0.968,0.968,1.0,14.16,9.44,83.0,27.4,F,Lineup unconfirmed,Knuckle Curve,3.401360544217687,15.0
93,2026-08-12,822698,2026-08-12T22:45:00Z,Scheduled,Nationals Park,Chicago Cubs @ Washington Nationals,Away,608324,Alex Bregman,Chicago Cubs,Washington Nationals,3B,R,No,,117,537,466,117,23,1,13,66,54,58,8,86,0.251,0.341,0.388,0.729,12,55,50,15,2,0.3,0.0364,23,106,96,28,4,0.292,0.0377,688,145,3.0,26.7,49.6,24.1,26.1,14.7,26.6,43.8,28.7,7.0,3.0,7.0,61.7,83.9,21.4,0.441,68.2,95.2,107.7,2.9,12.4,1.0,62.6,25.5,Weak,2.0,Pull Power,A-,Elevated power plane,25.5,Weak,0.931,Good,2.8,33.3,95.4,0.448,Derived proxy,Derived proxy,Derived proxy,Derived proxy,,,25.15,12.15,Strong positive regression,Weak Pull Power profile. 3.0% barrel rate; 83.9 mph average exit velocity; 26.6% air-ball rate; 43.8% pull-air rate; 7.0% HR-launch rate.,0.0242,0.0256,4.05,0,0,35.8,0.0,0.0,Very recent HR,800600.0,Jackson Kent,L,RHB vs LHP,0,0,0.0,0.0,0.0,0,0.0,0.0,0.0,,,,,,,,,,,,50.0,0.0,,,Unavailable,R,RHB vs LHP,33.5,136,0.27,0.39,0.396,0.786,3,20,20,0.0221,4.1,0.457,0,,,,0,0,0,0/0,,,,,0,0,0,42.6,Slight Pitcher Advantage,Below average,50.0,0,,0,,,,,,,,,,,,,,,,,,,Unknown,,Unknown,,No,100.0,1.0,1.0,50.0,1.0,1.0,40.0,Current-Season Handedness Matchup,Pull Air %,Barrel %,Max Exit Velocity,33.5,50.0,50.0,29.0,50.0,45.0,44.4,4.65,1.177,1.0,1.025,1.0,0.931,0.931,0.98,9.98,7.48,75.0,23.7,F,Probable SP unavailable; Lineup unconfirmed,,,
94,2026-08-12,824883,2026-08-12T23:15:00Z,Scheduled,Truist Park,New York Mets @ Atlanta Braves,Home,660670,Ronald Acuña Jr.,Atlanta Braves,New York Mets,RF,R,No,,68,301,255,61,10,1,12,40,29,39,5,66,0.239,0.349,0.427,0.776,12,53,49,11,5,0.224,0.0943,15,65,60,12,5,0.2,0.0769,369,85,8.2,28.2,37.5,30.0,32.5,12.9,25.8,35.8,31.7,9.5,5.8,9.5,49.7,82.9,18.0,0.699,73.1,95.5,112.8,54.1,13.3,14.2,51.1,43.1,Below Average,2.5,Contact-First Profile,A,Excellent HR swing plane,43.1,Below Average,0.981,Good,9.4,31.8,95.9,0.731,Derived proxy,Derived proxy,Derived proxy,Derived proxy,,,25.0,13.0,Strong positive regression,Below Average Contact-First Profile profile. 8.2% barrel rate; 82.9 mph average exit velocity; 25.8% air-ball rate; 35.8% pull-air rate; 9.5% HR-launch rate.,0.0399,0.0376,3.99,12,3,21.2,0.56,56.5,Recently homered,804267.0,Zac Thornton,L,RHB vs LHP,7,7,39.1,2.52,1.07,3,0.69,6.18,2.75,217.0,6.0,27.6,15.2,42.6,32.3,83.1,96.5,110.6,0.526,3.0,37.7,99.6,0.548,5.9,Cutter,R,RHB vs LHP,36.8,99,0.205,0.333,0.386,0.719,3,15,26,0.0303,5.1,0.65,101,0.0198,6.0,0.536,3,3,1,1/3,0.333,0.333,0.333,0.666,0,0,1,38.9,Slight Pitcher Advantage,Below average,46.0,5,Pitch-level Statcast · last 5 MLB games,400,Cutter,32.0,128.0,4-Seam Fastball,25.25,101.0,Sweeper,13.5,54.0,Slider,11.25,45.0,Sinker,10.75,43.0,Changeup,5.25,21.0,Unknown,,Unknown,,No,103.0,1.03,1.0,55.4,0.975,0.985,48.2,Current-Season Handedness Matchup,Pull Air %,Barrel %,Max Exit Velocity,36.8,40.2,37.7,43.4,55.4,45.0,44.4,4.64,1.35,0.963,1.025,1.0,0.981,0.981,1.0,14.19,10.68,78.7,30.0,D,Lineup unconfirmed,Curveball,2.0,8.0
95,2026-08-12,825047,2026-08-12T19:40:00Z,Scheduled,Chase Field,Colorado Rockies @ Arizona Diamondbacks,Away,664954,Brett Sullivan,Colorado Rockies,Arizona Diamondbacks,C,L,No,,60,159,147,35,10,1,5,16,20,8,1,28,0.238,0.278,0.422,0.7,5,12,11,4,1,0.364,0.0833,11,26,25,8,1,0.32,0.0385,222,31,4.3,23.1,59.4,18.4,19.9,17.3,30.0,60.6,27.1,6.9,4.6,6.9,63.9,83.1,24.6,0.4,67.0,93.8,106.6,4.1,14.7,2.9,57.8,28.4,Weak,2.0,Pull Power,A-,Elevated power plane,28.4,Weak,0.94,Good,6.5,60.0,94.6,0.387,Derived proxy,Derived proxy,Derived proxy,Derived proxy,,,10.52,5.52,Strong positive regression,Weak Pull Power profile. 4.3% barrel rate; 83.1 mph average exit velocity; 30.0% air-ball rate; 60.6% pull-air rate; 6.9% HR-launch rate.,0.0314,0.0317,3.99,1,1,29.4,0.03,3.4,Very recent HR,518876.0,Merrill Kelly,R,LHB vs RHP,21,21,120.0,4.88,1.47,23,1.73,6.0,3.75,687.0,8.2,29.5,14.8,47.8,31.9,83.7,97.0,114.6,0.661,23.0,13.3,99.6,0.383,1.5,Changeup,L,LHB vs RHP,42.6,122,0.221,0.262,0.425,0.687,5,7,23,0.041,4.0,0.431,312,0.0481,8.5,0.68,0,0,0,0/0,,,,,0,0,0,33.8,Slight Pitcher Advantage,Below average,50.0,5,Pitch-level Statcast · last 5 MLB games,443,Changeup,32.50564334085779,144.0,4-Seam Fastball,24.604966139954854,109.0,Cutter,13.318284424379232,59.0,Curveball,12.641083521444695,56.0,Sinker,10.15801354401806,45.0,Slider,6.772009029345372,30.0,Unknown,,Unknown,,No,100.0,1.0,1.0,50.0,0.927,1.007,45.9,Current-Season Handedness Matchup,Pull Air %,Barrel %,Max Exit Velocity,42.6,57.1,13.3,53.0,50.0,45.0,44.3,4.63,1.244,1.101,1.025,1.0,0.94,0.94,0.98,12.06,9.02,65.4,24.3,F,Lineup unconfirmed,,,
96,2026-08-12,825047,2026-08-12T19:40:00Z,Scheduled,Chase Field,Colorado Rockies @ Arizona Diamondbacks,Home,596146,Max Kepler,Arizona Diamondbacks,Colorado Rockies,LF,L,No,,31,110,98,20,6,0,2,8,15,10,0,25,0.204,0.273,0.327,0.6,7,25,22,1,0,0.045,0.0,19,72,63,13,1,0.206,0.0139,152,98,4.1,23.7,56.1,19.4,24.5,16.0,28.2,54.3,32.0,5.3,4.5,5.3,30.2,81.9,19.8,0.412,69.3,93.7,110.3,13.9,13.3,4.8,43.8,30.0,Weak,2.0,Pull Power,A,Excellent HR swing plane,30.0,Weak,0.944,Good,3.1,56.0,93.6,0.336,Derived proxy,Derived proxy,Derived proxy,Derived proxy,,,6.33,4.33,Strong positive regression,Weak Pull Power profile. 4.1% barrel rate; 81.9 mph average exit velocity; 28.2% air-ball rate; 54.3% pull-air rate; 5.3% HR-launch rate.,0.0182,0.0254,3.81,48,15,49.0,0.98,98.0,Near normal interval,663372.0,Ryan Feltner,R,LHB vs RHP,17,17,82.0,5.71,1.45,18,1.98,6.48,3.62,456.0,7.7,26.5,16.9,46.9,26.5,83.0,95.3,111.1,0.607,18.0,24.9,100.0,0.466,3.6,4-Seam Fastball,L,LHB vs RHP,35.7,101,0.191,0.267,0.303,0.571,2,10,23,0.0198,5.0,0.438,183,0.0437,9.1,0.596,2,2,1,1/2,0.5,0.5,0.5,1.0,0,0,1,35.0,Slight Pitcher Advantage,Below average,50.9,5,Pitch-level Statcast · last 5 MLB games,423,4-Seam Fastball,29.78723404255319,126.0,Slider,21.98581560283688,93.0,Changeup,19.148936170212767,81.0,Sinker,14.893617021276595,63.0,Sweeper,7.328605200945627,31.0,Curveball,6.855791962174941,29.0,Unknown,,Unknown,,No,100.0,1.0,1.0,50.0,0.95,1.002,46.9,Current-Season Handedness Matchup,Pull Air %,Barrel %,Max Exit Velocity,35.7,50.9,24.9,43.6,50.0,45.0,44.2,4.62,0.775,1.141,1.025,0.94,0.944,0.887,1.0,9.33,5.78,65.6,19.5,F,Lineup unconfirmed,,,
97,2026-08-12,824241,2026-08-12T22:40:00Z,Scheduled,Comerica Park,Cleveland Guardians @ Detroit Tigers,Away,666176,Jo Adell,Cleveland Guardians,Detroit Tigers,RF,R,No,,118,488,447,105,18,1,17,50,64,21,16,118,0.235,0.291,0.394,0.685,10,42,33,4,1,0.121,0.0238,22,89,75,14,4,0.187,0.0449,667,101,5.9,27.0,38.0,27.9,33.5,13.4,25.7,39.3,30.9,7.2,3.7,7.2,44.2,82.2,19.1,0.651,75.3,96.0,113.2,63.5,12.2,14.3,44.8,39.5,Below Average,2.5,Contact-First Profile,A,Excellent HR swing plane,39.5,Below Average,0.971,Good,5.9,38.5,95.6,0.748,Derived proxy,Derived proxy,Derived proxy,Derived proxy,,,34.25,17.25,Strong positive regression,Below Average Contact-First Profile profile. 5.9% barrel rate; 82.2 mph average exit velocity; 25.7% air-ball rate; 39.3% pull-air rate; 7.2% HR-launch rate.,0.0348,0.0343,4.05,0,0,26.3,0.0,0.0,Very recent HR,664285.0,Framber Valdez,L,RHB vs LHP,23,23,127.1,4.17,1.37,12,0.85,7.28,3.18,683.0,4.2,29.7,11.9,42.2,27.8,84.5,97.2,112.0,0.491,12.0,42.7,99.9,0.612,5.2,Sinker,R,RHB vs LHP,52.6,140,0.299,0.343,0.559,0.902,10,6,32,0.0714,7.8,0.788,429,0.0233,4.5,0.5,23,22,6,6/22,0.273,0.304,0.591,0.895,1,0,7,50.3,Neutral Matchup,Average,58.5,5,Pitch-level Statcast · last 5 MLB games,417,Sinker,39.80815347721823,166.0,Curveball,34.77218225419664,145.0,Changeup,14.628297362110311,61.0,Slider,5.755395683453237,24.0,4-Seam Fastball,5.0359712230215825,21.0,,,,Unknown,,Unknown,,No,100.0,1.0,1.0,50.0,0.985,0.967,52.3,Current-Season Handedness Matchup,Pull Air %,Barrel %,Max Exit Velocity,52.6,32.7,42.7,41.2,50.0,45.0,44.2,4.62,0.989,0.96,1.025,1.0,0.971,0.971,0.98,13.17,7.8,84.1,24.8,F,Lineup unconfirmed,,,
98,2026-08-12,823916,2026-08-13T02:10:00Z,Scheduled,UNIQLO Field at Dodger Stadium,Kansas City Royals @ Los Angeles Dodgers,Home,571970,Max Muncy,Los Angeles Dodgers,Kansas City Royals,3B,L,No,,110,415,363,91,17,1,22,62,56,48,4,106,0.251,0.345,0.485,0.83,11,39,35,7,1,0.2,0.0256,21,79,70,15,5,0.214,0.0633,497,93,8.3,27.1,63.0,16.4,20.5,16.0,24.7,60.9,27.2,9.2,5.9,9.2,58.3,83.6,18.9,0.645,69.6,95.8,110.0,15.7,14.1,3.7,45.4,39.9,Below Average,2.5,Pull Power,A,Excellent HR swing plane,39.9,Below Average,0.972,Good,7.5,63.2,95.1,0.618,Derived proxy,Derived proxy,Derived proxy,Derived proxy,,,36.97,14.97,Strong positive regression,Below Average Pull Power profile. 8.3% barrel rate; 83.6 mph average exit velocity; 24.7% air-ball rate; 60.9% pull-air rate; 9.2% HR-launch rate.,0.053,0.0483,4.09,15,5,16.5,0.91,90.9,Near normal interval,663738.0,Daniel Lynch IV,L,LHB vs LHP,47,1,47.2,2.45,1.01,2,0.38,6.99,2.64,220.0,3.2,25.0,15.5,31.7,25.0,83.1,95.6,111.3,0.441,2.0,48.9,100.0,0.63,7.4,Sinker,L,LHB vs LHP,38.5,96,0.253,0.323,0.506,0.829,6,7,28,0.0625,6.7,0.611,85,0.0,3.3,0.359,3,2,0,0/2,0.0,0.333,0.0,0.333,0,1,0,42.9,Slight Pitcher Advantage,Below average,42.5,5,Pitch-level Statcast · last 5 MLB games,78,Changeup,33.333333333333336,26.0,Sinker,24.358974358974358,19.0,Slider,16.666666666666668,13.0,4-Seam Fastball,14.102564102564102,11.0,Knuckle Curve,11.538461538461538,9.0,,,,Unknown,,Unknown,,No,100.0,1.0,1.0,50.0,0.998,0.957,54.4,Current-Season Handedness Matchup,Pull Air %,Barrel %,Max Exit Velocity,38.5,21.3,48.9,56.4,50.0,45.0,44.1,4.61,0.953,0.922,0.985,1.0,0.972,0.972,1.0,18.33,9.26,83.3,29.9,F,Lineup unconfirmed,,,
99,2026-08-12,824241,2026-08-12T22:40:00Z,Scheduled,Comerica Park,Cleveland Guardians @ Detroit Tigers,Away,682657,Angel Martínez,Cleveland Guardians,Detroit Tigers,LF,S,No,,80,292,272,64,14,1,12,32,42,8,5,66,0.235,0.269,0.426,0.695,9,34,31,10,1,0.323,0.0294,14,49,46,10,1,0.217,0.0204,419,46,6.3,23.4,52.4,27.8,19.9,14.6,28.6,61.2,32.2,9.1,8.0,9.1,45.9,80.6,13.7,0.567,68.8,93.9,109.5,16.7,11.8,5.3,50.5,38.3,Below Average,2.5,Pull Power,A,Excellent HR swing plane,38.3,Below Average,0.967,Good,8.7,75.0,93.1,0.602,Derived proxy,Derived proxy,Derived proxy,Derived proxy,,,24.99,12.99,Strong positive regression,Below Average Pull Power profile. 6.3% barrel rate; 80.6 mph average exit velocity; 28.6% air-ball rate; 61.2% pull-air rate; 9.1% HR-launch rate.,0.0411,0.0384,3.99,8,2,22.7,0.35,35.3,Recently homered,664285.0,Framber Valdez,L,Switch vs LHP,23,23,127.1,4.17,1.37,12,0.85,7.28,3.18,683.0,4.2,29.7,11.9,42.2,27.8,84.5,97.2,112.0,0.491,12.0,43.3,99.9,0.624,5.0,Sinker,R,RHB vs LHP,31.0,100,0.255,0.276,0.415,0.69,3,2,16,0.03,4.3,0.573,429,0.0233,4.5,0.5,3,3,1,1/3,0.333,0.333,0.333,0.666,0,0,0,38.3,Slight Pitcher Advantage,Below average,46.0,5,Pitch-level Statcast · last 5 MLB games,417,Sinker,39.80815347721823,166.0,Curveball,34.77218225419664,145.0,Changeup,14.628297362110311,61.0,Slider,5.755395683453237,24.0,4-Seam Fastball,5.0359712230215825,21.0,,,,Unknown,,Unknown,,No,100.0,1.0,1.0,50.0,0.987,0.967,48.9,Current-Season Handedness Matchup,Pull Air %,Barrel %,Max Exit Velocity,31.0,32.7,43.3,55.1,50.0,45.0,44.1,4.61,0.864,0.96,1.035,1.0,0.967,0.967,1.0,14.48,7.76,76.8,23.8,F,Lineup unconfirmed,,,
100,2026-08-12,823916,2026-08-13T02:10:00Z,Scheduled,UNIQLO Field at Dodger Stadium,Kansas City Royals @ Los Angeles Dodgers,Away,695600,Carter Jensen,Kansas City Royals,Los Angeles Dodgers,C,L,No,,112,444,393,88,24,1,16,53,55,45,1,131,0.224,0.302,0.412,0.714,11,47,38,4,2,0.105,0.0426,23,98,84,15,3,0.179,0.0306,536,123,5.1,21.7,49.3,18.8,31.7,16.7,25.9,43.9,27.1,6.9,4.6,6.9,54.6,82.4,21.2,0.515,71.5,94.2,111.2,33.1,10.1,6.6,47.3,32.7,Weak,2.5,Pull Power,A-,Elevated power plane,32.7,Weak,0.952,Good,4.9,50.0,92.3,0.479,Derived proxy,Derived proxy,Derived proxy,Derived proxy,,,25.47,9.47,Strong positive regression,Weak Pull Power profile. 5.1% barrel rate; 82.4 mph average exit velocity; 25.9% air-ball rate; 43.9% pull-air rate; 6.9% HR-launch rate.,0.036,0.0352,4.05,9,3,24.6,0.37,36.6,Recently homered,641778.0,Eric Lauer,L,LHB vs LHP,18,15,92.0,4.89,1.26,22,2.15,5.58,2.84,596.0,6.5,21.5,19.0,42.9,28.5,81.5,93.4,114.5,0.569,22.0,45.2,99.9,0.628,5.7,4-Seam Fastball,L,LHB vs LHP,35.5,118,0.239,0.297,0.358,0.654,2,8,36,0.0169,4.9,0.471,86,0.0698,5.3,0.544,1,1,0,0/1,0.0,0.0,0.0,0.0,0,0,0,41.3,Slight Pitcher Advantage,Below average,47.5,5,Pitch-level Statcast · last 5 MLB games,467,4-Seam Fastball,36.83083511777302,172.0,Cutter,26.980728051391864,126.0,Changeup,14.132762312633833,66.0,Slider,11.777301927194861,55.0,Curveball,10.278372591006423,48.0,,,,Unknown,,Unknown,,No,100.0,1.0,1.0,50.0,0.99,0.99,44.9,Current-Season Handedness Matchup,Pull Air %,Barrel %,Max Exit Velocity,35.5,40.3,45.2,43.2,50.0,45.0,44.0,4.6,1.023,1.168,0.985,1.0,0.952,0.952,1.0,13.5,9.16,84.8,27.5,F,Lineup unconfirmed,,,
101,2026-08-12,824562,2026-08-12T23:40:00Z,Scheduled,Rate Field,Cincinnati Reds @ Chicago White Sox,Away,701398,Sal Stewart,Cincinnati Reds,Chicago White Sox,1B,R,No,,118,511,449,114,23,0,25,64,87,52,3,113,0.254,0.331,0.472,0.803,11,48,42,11,3,0.262,0.0625,23,97,86,21,6,0.244,0.0619,617,131,6.8,21.7,35.1,30.5,32.3,15.5,26.4,37.2,30.8,7.0,3.4,7.0,64.6,84.1,20.1,0.632,70.2,94.6,110.5,23.9,12.0,6.0,55.6,33.2,Weak,2.5,Contact-First Profile,A-,Elevated power plane,33.2,Weak,0.953,Good,5.3,43.8,93.2,0.632,Derived proxy,Derived proxy,Derived proxy,Derived proxy,,,36.02,11.02,Strong positive regression,Weak Contact-First Profile profile. 6.8% barrel rate; 84.1 mph average exit velocity; 26.4% air-ball rate; 37.2% pull-air rate; 7.0% HR-launch rate.,0.0489,0.0457,4.15,17,4,18.0,0.95,94.7,Near normal interval,622491.0,Luis Castillo,R,RHB vs RHP,21,18,103.2,5.3,1.41,17,1.48,7.9,2.86,685.0,5.5,25.1,13.4,38.7,29.2,83.7,95.3,113.8,0.579,17.0,51.3,99.9,0.656,7.3,4-Seam Fastball,R,RHB vs RHP,39.7,383,0.245,0.313,0.466,0.779,19,35,83,0.0496,7.4,0.611,190,0.0211,3.4,0.517,3,2,0,0/2,0.0,0.0,0.0,0.0,0,0,1,44.3,Neutral Matchup,Average,42.5,5,Pitch-level Statcast · last 5 MLB games,454,4-Seam Fastball,41.629955947136565,189.0,Slider,27.312775330396477,124.0,Sinker,17.841409691629956,81.0,Changeup,13.215859030837004,60.0,,,,,,,Unknown,,Unknown,,No,100.0,1.0,1.0,50.0,1.003,0.98,45.6,Current-Season Handedness Matchup,Pull Air %,Barrel %,Max Exit Velocity,39.7,36.2,51.3,40.0,50.0,45.0,43.9,4.59,1.144,1.061,0.985,1.0,0.953,0.953,1.0,17.65,11.34,84.8,33.2,D,Lineup unconfirmed,,,
102,2026-08-12,824967,2026-08-12T19:05:00Z,Scheduled,Sutter Health Park,Tampa Bay Rays @ Athletics,Away,683748,Victor Mesa Jr.,Tampa Bay Rays,Athletics,RF,L,No,,52,169,151,33,3,2,10,20,21,15,0,40,0.219,0.287,0.464,0.751,10,40,39,8,2,0.205,0.05,19,65,62,14,5,0.226,0.0769,224,85,7.9,23.9,47.2,26.3,26.5,16.7,26.5,45.8,27.5,9.6,5.1,9.6,54.1,80.9,22.4,0.637,70.5,94.0,110.4,32.0,13.2,8.8,60.1,39.9,Below Average,2.5,Pull Power,A-,Elevated power plane,39.9,Below Average,0.972,Good,9.4,48.0,93.9,0.722,Derived proxy,Derived proxy,Derived proxy,Derived proxy,,,14.86,4.86,Strong positive regression,Below Average Pull Power profile. 7.9% barrel rate; 80.9 mph average exit velocity; 26.5% air-ball rate; 45.8% pull-air rate; 9.6% HR-launch rate.,0.0592,0.0479,3.99,0,0,15.1,0.0,0.0,Very recent HR,678022.0,Jack Perkins,R,LHB vs RHP,28,10,76.2,7.04,1.45,15,1.76,10.8,3.64,428.0,5.1,22.7,18.0,35.4,31.1,82.0,94.4,111.2,0.567,15.0,32.8,97.4,0.506,5.6,4-Seam Fastball,L,LHB vs RHP,51.9,133,0.212,0.288,0.466,0.754,8,13,33,0.0602,8.2,0.644,182,0.044,4.9,0.573,0,0,0,0/0,,,,,0,0,0,44.8,Neutral Matchup,Average,50.0,5,Pitch-level Statcast · last 5 MLB games,384,4-Seam Fastball,28.90625,111.0,Changeup,24.739583333333332,95.0,Sweeper,22.395833333333332,86.0,Cutter,16.666666666666668,64.0,Sinker,5.989583333333333,23.0,Slider,1.3020833333333333,5.0,Unknown,,Unknown,,No,100.0,1.0,1.0,50.0,0.966,0.976,53.8,Current-Season Handedness Matchup,Pull Air %,Barrel %,Max Exit Velocity,51.9,30.9,32.8,54.6,50.0,45.0,43.6,4.56,1.119,1.106,1.025,1.0,0.972,0.972,0.98,17.78,11.53,69.3,29.7,F,Lineup unconfirmed,,,
103,2026-08-12,825047,2026-08-12T19:40:00Z,Scheduled,Chase Field,Colorado Rockies @ Arizona Diamondbacks,Home,672515,Gabriel Moreno,Arizona Diamondbacks,Colorado Rockies,C,R,No,,92,381,326,99,22,1,8,49,52,43,4,56,0.304,0.383,0.451,0.834,10,45,40,11,0,0.275,0.0,23,106,90,28,2,0.311,0.0189,538,149,3.7,24.3,41.0,22.4,36.3,13.5,27.5,37.3,31.2,7.2,4.8,7.2,38.8,82.9,16.7,0.558,69.6,94.1,114.0,18.4,10.3,7.8,40.4,29.4,Weak,2.0,Contact-First Profile,A,Excellent HR swing plane,29.4,Weak,0.942,Good,3.4,38.6,93.8,0.578,Derived proxy,Derived proxy,Derived proxy,Derived proxy,,,20.72,12.72,Strong positive regression,Weak Contact-First Profile profile. 3.7% barrel rate; 82.9 mph average exit velocity; 27.5% air-ball rate; 37.3% pull-air rate; 7.2% HR-launch rate.,0.021,0.0236,4.17,40,10,40.8,0.98,98.2,Near normal interval,663372.0,Ryan Feltner,R,RHB vs RHP,17,17,82.0,5.71,1.45,18,1.98,6.48,3.62,456.0,7.7,26.5,16.9,46.9,26.5,83.0,95.3,111.1,0.607,18.0,34.5,100.0,0.554,4.0,4-Seam Fastball,R,RHB vs RHP,37.3,282,0.308,0.397,0.446,0.843,5,34,40,0.0177,3.8,0.522,176,0.0568,6.3,0.617,0,0,0,0/0,,,,,0,0,0,38.9,Slight Pitcher Advantage,Below average,50.0,5,Pitch-level Statcast · last 5 MLB games,423,4-Seam Fastball,29.78723404255319,126.0,Slider,21.98581560283688,93.0,Changeup,19.148936170212767,81.0,Sinker,14.893617021276595,63.0,Sweeper,7.328605200945627,31.0,Curveball,6.855791962174941,29.0,Unknown,,Unknown,,No,100.0,1.0,1.0,50.0,0.969,1.002,43.6,Current-Season Handedness Matchup,Pull Air %,Barrel %,Max Exit Velocity,37.3,50.9,34.5,32.1,50.0,45.0,43.6,4.56,0.821,1.141,0.985,1.0,0.942,0.942,1.0,9.49,6.13,85.0,25.5,F,Lineup unconfirmed,,,
104,2026-08-12,823187,2026-08-12T19:45:00Z,Scheduled,Oracle Park,Houston Astros @ San Francisco Giants,Away,673237,Yainer Diaz,Houston Astros,San Francisco Giants,C,R,No,,62,238,226,57,9,0,8,25,28,9,1,37,0.252,0.282,0.398,0.68,11,34,32,9,1,0.281,0.0294,18,64,61,16,2,0.262,0.0312,316,86,3.1,22.7,40.5,28.8,30.7,10.5,23.2,35.4,26.4,4.9,3.7,4.9,82.3,82.0,12.9,0.503,70.7,94.0,110.3,20.3,8.6,5.8,56.0,25.3,Weak,2.0,Contact-First Profile,A,Excellent HR swing plane,25.3,Weak,0.931,Good,2.3,35.0,93.8,0.539,Derived proxy,Derived proxy,Derived proxy,Derived proxy,,,9.87,1.87,Near expected,Weak Contact-First Profile profile. 3.1% barrel rate; 82.0 mph average exit velocity; 23.2% air-ball rate; 35.4% pull-air rate; 4.9% HR-launch rate.,0.0336,0.0331,3.99,27,10,28.2,0.96,95.6,Near normal interval,,TBD,,Unknown,0,0,0.0,0.0,0.0,0,0.0,0.0,0.0,,,,,,,,,,,,50.0,0.0,,,Unknown,R,Unknown,50.0,0,,,,,0,0,0,,,,0,,,,0,0,0,0/0,,,,,0,0,0,50.0,Neutral Matchup,Average,50.0,0,,0,,,,,,,,,,,,,,,,,,,Unknown,,Unknown,,No,91.0,0.91,1.0,33.8,1.0,1.0,41.7,Current-Season Handedness Matchup,Pull Air %,Barrel %,Max Exit Velocity,50.0,50.0,50.0,26.3,33.8,45.0,43.6,4.55,0.966,1.0,1.0,1.0,0.931,0.931,1.0,12.56,7.17,64.1,21.8,F,Probable SP unavailable; Lineup unconfirmed,,,
105,2026-08-12,825047,2026-08-12T19:40:00Z,Scheduled,Chase Field,Colorado Rockies @ Arizona Diamondbacks,Away,681393,Connor Norby,Colorado Rockies,Arizona Diamondbacks,1B,R,No,,66,236,202,41,12,0,4,17,16,25,8,72,0.203,0.314,0.322,0.636,1,3,2,0,0,0.0,0.0,1,3,2,0,0,0.0,0.0,279,0,3.6,21.1,44.3,30.5,25.2,17.6,24.7,47.8,26.9,5.4,3.2,5.4,40.0,82.3,21.1,0.499,68.6,93.4,106.9,7.1,9.3,2.8,38.1,24.4,Weak,2.0,Pull Power,A-,Elevated power plane,24.4,Weak,0.928,Good,,,,,Derived proxy,Derived proxy,Derived proxy,Derived proxy,,,10.54,6.54,Strong positive regression,Weak Pull Power profile. 3.6% barrel rate; 82.3 mph average exit velocity; 24.7% air-ball rate; 47.8% pull-air rate; 5.4% HR-launch rate.,0.0169,0.022,3.93,74,26,50.5,1.47,146.5,Above normal drought,518876.0,Merrill Kelly,R,RHB vs RHP,21,21,120.0,4.88,1.47,23,1.73,6.0,3.75,687.0,8.2,29.5,14.8,47.8,31.9,83.7,97.0,114.6,0.661,23.0,20.6,99.6,0.426,3.5,Changeup,R,RHB vs RHP,33.2,162,0.229,0.309,0.347,0.656,3,12,51,0.0185,2.6,0.495,210,0.0381,7.6,0.631,2,2,0,0/2,0.0,0.0,0.0,0.0,0,0,1,31.1,Slight Pitcher Advantage,Below average,45.0,5,Pitch-level Statcast · last 5 MLB games,443,Changeup,32.50564334085779,144.0,4-Seam Fastball,24.604966139954854,109.0,Cutter,13.318284424379232,59.0,Curveball,12.641083521444695,56.0,Sinker,10.15801354401806,45.0,Slider,6.772009029345372,30.0,Unknown,,Unknown,,No,100.0,1.0,1.0,50.0,0.941,1.007,41.4,Current-Season Handedness Matchup,Pull Air %,Barrel %,Max Exit Velocity,33.2,57.1,20.6,50.0,50.0,45.0,43.5,4.55,1.0,1.101,0.985,0.94,0.928,0.873,1.035,8.38,6.01,69.1,22.6,F,Lineup unconfirmed; Limited recent games,,,
106,2026-08-12,825047,2026-08-12T19:40:00Z,Scheduled,Chase Field,Colorado Rockies @ Arizona Diamondbacks,Home,814439,Ryan Waldschmidt,Arizona Diamondbacks,Colorado Rockies,CF,R,No,,55,197,179,51,13,1,2,24,15,11,3,60,0.285,0.333,0.402,0.735,11,39,34,11,1,0.324,0.0256,20,69,63,22,2,0.349,0.029,207,76,4.2,21.6,34.5,35.4,30.2,18.7,38.3,35.2,39.0,4.8,3.4,4.8,37.8,82.5,19.0,0.597,70.2,94.3,108.6,20.5,14.0,2.5,40.5,26.5,Weak,2.0,Contact-First Profile,A,Excellent HR swing plane,26.5,Weak,0.934,Good,3.9,26.7,95.6,0.623,Derived proxy,Derived proxy,Derived proxy,Derived proxy,,,7.91,5.91,Strong positive regression,Weak Contact-First Profile profile. 4.2% barrel rate; 82.5 mph average exit velocity; 38.3% air-ball rate; 35.2% pull-air rate; 4.8% HR-launch rate.,0.0102,0.0184,3.99,11,4,89.5,0.12,12.3,Very recent HR,663372.0,Ryan Feltner,R,RHB vs RHP,17,17,82.0,5.71,1.45,18,1.98,6.48,3.62,456.0,7.7,26.5,16.9,46.9,26.5,83.0,95.3,111.1,0.607,18.0,40.0,100.0,0.595,4.7,4-Seam Fastball,R,RHB vs RHP,41.1,143,0.277,0.324,0.4,0.724,2,7,47,0.014,4.9,0.634,176,0.0568,6.3,0.617,0,0,0,0/0,,,,,0,0,0,42.5,Slight Pitcher Advantage,Below average,50.0,5,Pitch-level Statcast · last 5 MLB games,423,4-Seam Fastball,29.78723404255319,126.0,Slider,21.98581560283688,93.0,Changeup,19.148936170212767,81.0,Sinker,14.893617021276595,63.0,Sweeper,7.328605200945627,31.0,Curveball,6.855791962174941,29.0,Unknown,,Unknown,,No,100.0,1.0,1.0,50.0,0.98,1.002,41.9,Current-Season Handedness Matchup,Pull Air %,Barrel %,Max Exit Velocity,41.1,50.9,40.0,25.7,50.0,45.0,43.4,4.54,1.189,1.141,0.985,1.0,0.934,0.934,0.98,7.15,6.34,71.6,21.4,F,Lineup unconfirmed,,,
107,2026-08-12,823017,2026-08-12T18:15:00Z,Scheduled,Busch Stadium,Philadelphia Phillies @ St. Louis Cardinals,Away,656537,Derek Hill,Philadelphia Phillies,St. Louis Cardinals,CF,R,No,,88,174,159,37,3,0,9,26,22,11,1,61,0.233,0.287,0.421,0.708,9,15,15,2,1,0.133,0.0667,15,29,27,3,2,0.111,0.069,200,36,5.5,18.5,40.6,23.9,34.9,14.6,25.0,41.6,33.4,7.1,4.9,7.1,88.2,79.4,18.0,0.597,68.3,91.9,108.4,17.8,9.1,2.5,45.2,29.4,Weak,2.0,Contact-First Profile,A,Excellent HR swing plane,29.4,Weak,0.942,Good,5.6,33.3,90.8,0.54,Derived proxy,Derived proxy,Derived proxy,Derived proxy,,,9.75,0.75,Near expected,Weak Contact-First Profile profile. 5.5% barrel rate; 79.4 mph average exit velocity; 25.0% air-ball rate; 41.6% pull-air rate; 7.1% HR-launch rate.,0.0517,0.0437,3.99,10,6,17.7,0.57,56.6,Recently homered,681517.0,Kyle Leahy,R,RHB vs RHP,22,22,112.1,3.45,1.34,12,0.96,7.93,2.8,612.0,6.9,30.4,12.1,44.5,29.7,84.4,97.4,114.9,0.599,12.0,39.1,99.9,0.585,4.8,4-Seam Fastball,R,RHB vs RHP,40.2,71,0.246,0.31,0.385,0.694,3,5,25,0.0423,4.4,0.673,229,0.0218,5.9,0.525,0,0,0,0/0,,,,,0,0,0,41.8,Slight Pitcher Advantage,Below average,50.0,5,Pitch-level Statcast · last 5 MLB games,421,4-Seam Fastball,22.327790973871736,94.0,Curveball,18.28978622327791,77.0,Slider,16.8646080760095,71.0,Changeup,14.964370546318289,63.0,Sweeper,14.964370546318289,63.0,Sinker,12.589073634204276,53.0,Unknown,,Unknown,,No,100.0,1.0,1.0,50.0,0.978,0.994,44.0,Current-Season Handedness Matchup,Pull Air %,Barrel %,Max Exit Velocity,40.2,48.3,39.1,26.1,50.0,45.0,43.4,4.53,1.217,0.978,0.985,1.0,0.942,0.942,1.0,16.32,10.34,66.7,26.8,F,Lineup unconfirmed,,,
108,2026-08-12,823672,2026-08-12T17:40:00Z,Scheduled,Target Field,Baltimore Orioles @ Minnesota Twins,Away,687637,Dylan Beavers,Baltimore Orioles,Minnesota Twins,RF,L,No,,65,220,194,46,12,0,2,23,19,22,2,55,0.237,0.32,0.33,0.65,10,31,28,6,0,0.214,0.0,22,72,65,16,0,0.246,0.0,278,83,3.1,24.0,49.7,23.3,26.5,13.7,26.7,44.4,35.1,5.4,2.3,5.4,16.2,82.8,23.3,0.535,70.5,94.2,108.6,20.2,11.2,5.9,48.5,29.0,Weak,2.0,Pull Power,A-,Elevated power plane,29.0,Weak,0.941,Good,3.6,45.8,95.6,0.578,Derived proxy,Derived proxy,Derived proxy,Derived proxy,,,9.63,7.63,Strong positive regression,Weak Pull Power profile. 3.1% barrel rate; 82.8 mph average exit velocity; 26.7% air-ball rate; 44.4% pull-air rate; 5.4% HR-launch rate.,0.0091,0.0172,4.05,127,45,97.0,1.31,130.9,Near normal interval,805673.0,Zebby Matthews,R,LHB vs RHP,15,15,86.0,5.23,1.34,17,1.78,7.64,2.93,473.0,7.6,27.7,14.6,48.9,30.4,85.0,96.7,112.8,0.573,17.0,26.8,100.0,0.501,2.8,4-Seam Fastball,L,LHB vs RHP,34.3,186,0.238,0.328,0.348,0.676,2,20,48,0.0108,3.4,0.553,203,0.0394,8.8,0.597,0,0,0,0/0,,,,,0,0,0,34.8,Slight Pitcher Advantage,Below average,50.0,5,Pitch-level Statcast · last 5 MLB games,465,4-Seam Fastball,38.924731182795696,181.0,Slider,23.010752688172044,107.0,Changeup,14.838709677419354,69.0,Curveball,10.96774193548387,51.0,Cutter,8.172043010752688,38.0,Sinker,4.086021505376344,19.0,Unknown,,Unknown,,No,100.0,1.0,1.0,50.0,0.954,1.001,42.7,Current-Season Handedness Matchup,Pull Air %,Barrel %,Max Exit Velocity,34.3,52.4,26.8,43.1,50.0,45.0,43.3,4.52,0.758,1.109,1.025,0.965,0.941,0.908,1.0,6.78,4.78,73.5,20.5,F,Lineup unconfirmed,,,
109,2026-08-12,824967,2026-08-12T19:05:00Z,Scheduled,Sutter Health Park,Tampa Bay Rays @ Athletics,Home,691777,Max Muncy,Athletics,Tampa Bay Rays,3B,R,No,,55,195,174,38,8,2,5,24,21,14,4,68,0.218,0.287,0.374,0.661,7,17,17,3,0,0.176,0.0,9,20,20,3,0,0.15,0.0,227,19,7.0,25.6,48.3,31.9,19.9,14.4,25.9,53.9,32.0,7.3,3.9,7.3,22.4,83.5,18.5,0.54,72.4,95.2,111.2,47.0,15.2,8.6,50.6,40.9,Below Average,2.5,Pull Power,A,Excellent HR swing plane,40.9,Below Average,0.975,Good,5.3,57.1,90.6,0.413,Derived proxy,Derived proxy,Derived proxy,Derived proxy,,,14.21,9.21,Strong positive regression,Below Average Pull Power profile. 7.0% barrel rate; 83.5 mph average exit velocity; 25.9% air-ball rate; 53.9% pull-air rate; 7.3% HR-launch rate.,0.0256,0.0281,3.93,48,17,34.8,1.38,137.9,Above normal drought,656876.0,Drew Rasmussen,R,RHB vs RHP,22,22,124.1,2.75,0.91,12,0.87,9.41,1.59,660.0,3.8,20.6,11.4,42.2,28.5,82.0,93.7,111.9,0.487,12.0,45.6,100.0,0.59,7.8,Cutter,R,RHB vs RHP,34.5,113,0.221,0.257,0.375,0.632,4,3,41,0.0354,8.7,0.555,182,0.0165,4.6,0.475,1,1,0,0/1,0.0,0.0,0.0,0.0,0,0,0,41.0,Slight Pitcher Advantage,Below average,47.5,5,Pitch-level Statcast · last 5 MLB games,428,4-Seam Fastball,36.6822429906542,157.0,Sinker,24.53271028037383,105.0,Cutter,23.130841121495326,99.0,Changeup,12.149532710280374,52.0,Curveball,2.336448598130841,10.0,Sweeper,1.1682242990654206,5.0,Unknown,,Unknown,,No,100.0,1.0,1.0,50.0,0.991,0.963,52.0,Current-Season Handedness Matchup,Pull Air %,Barrel %,Max Exit Velocity,34.5,27.6,45.6,42.4,50.0,45.0,43.2,4.52,0.857,0.963,0.985,1.0,0.975,0.975,1.035,10.58,6.25,67.5,22.5,F,Lineup unconfirmed,,,
110,2026-08-12,824883,2026-08-12T23:15:00Z,Scheduled,Truist Park,New York Mets @ Atlanta Braves,Home,573262,Mike Yastrzemski,Atlanta Braves,New York Mets,LF,L,No,,103,303,267,61,15,1,8,39,33,30,4,73,0.228,0.314,0.382,0.696,10,24,21,6,2,0.286,0.0833,18,41,37,8,2,0.216,0.0488,378,54,5.5,27.1,56.3,18.6,25.1,17.0,28.9,50.6,34.5,8.7,5.7,8.7,48.1,84.2,24.5,0.584,69.3,95.4,106.8,7.4,15.6,2.7,64.8,35.8,Below Average,2.5,Pull Power,A-,Elevated power plane,35.8,Below Average,0.96,Good,7.4,50.0,95.1,0.718,Derived proxy,Derived proxy,Derived proxy,Derived proxy,,,20.95,12.95,Strong positive regression,Below Average Pull Power profile. 5.5% barrel rate; 84.2 mph average exit velocity; 28.9% air-ball rate; 50.6% pull-air rate; 8.7% HR-launch rate.,0.0264,0.028,3.99,13,7,33.4,0.39,39.0,Recently homered,804267.0,Zac Thornton,L,LHB vs LHP,7,7,39.1,2.52,1.07,3,0.69,6.18,2.75,217.0,6.0,27.6,15.2,42.6,32.3,83.1,96.5,110.6,0.526,3.0,26.0,99.6,0.461,4.5,Cutter,L,LHB vs LHP,35.2,35,0.2,0.314,0.233,0.548,0,3,13,0.0,0.0,0.29,52,0.0192,6.0,0.51,0,0,0,0/0,,,,,0,0,0,34.9,Slight Pitcher Advantage,Below average,50.0,5,Pitch-level Statcast · last 5 MLB games,400,Cutter,32.0,128.0,4-Seam Fastball,25.25,101.0,Sweeper,13.5,54.0,Slider,11.25,45.0,Sinker,10.75,43.0,Changeup,5.25,21.0,Unknown,,Unknown,,No,103.0,1.03,1.0,55.4,0.952,0.985,48.2,Current-Season Handedness Matchup,Pull Air %,Barrel %,Max Exit Velocity,35.2,40.2,26.0,54.3,55.4,45.0,43.2,4.52,1.35,0.963,0.985,1.0,0.96,0.96,1.0,10.71,8.16,76.9,24.5,F,Lineup unconfirmed,Curveball,2.0,8.0
111,2026-08-12,823833,2026-08-12T22:40:00Z,Scheduled,loanDepot park,Pittsburgh Pirates @ Miami Marlins,Away,680779,Henry Davis,Pittsburgh Pirates,Miami Marlins,C,R,No,,77,240,210,37,5,0,8,28,30,22,6,51,0.176,0.272,0.314,0.586,7,26,23,5,0,0.217,0.0,15,52,47,10,0,0.213,0.0,304,64,8.2,31.7,48.4,31.4,20.2,12.4,25.5,50.1,31.0,8.4,3.5,8.4,22.6,85.1,24.5,0.45,70.3,98.3,112.0,38.5,17.5,13.0,57.3,45.4,Below Average,3.0,Pull Power,A-,Elevated power plane,45.4,Below Average,0.987,Good,9.4,38.9,99.4,0.445,Derived proxy,Derived proxy,Derived proxy,Derived proxy,,,22.1,14.1,Strong positive regression,Below Average Pull Power profile. 8.2% barrel rate; 85.1 mph average exit velocity; 25.5% air-ball rate; 50.1% pull-air rate; 8.4% HR-launch rate.,0.0333,0.0329,3.87,47,15,26.2,1.79,179.0,Above normal drought,676083.0,Janson Junk,R,RHB vs RHP,16,16,81.2,4.63,1.36,12,1.32,6.83,2.53,509.0,4.3,24.0,11.8,51.8,28.1,82.8,95.1,114.2,0.513,12.0,25.6,99.9,0.409,6.8,4-Seam Fastball,R,RHB vs RHP,35.7,173,0.178,0.302,0.329,0.631,6,20,35,0.0347,7.4,0.474,132,0.0455,4.8,0.455,0,0,0,0/0,,,,,0,0,0,35.0,Slight Pitcher Advantage,Below average,50.0,5,Pitch-level Statcast · last 5 MLB games,360,4-Seam Fastball,45.833333333333336,165.0,Changeup,14.166666666666666,51.0,Slider,13.61111111111111,49.0,Sweeper,13.055555555555555,47.0,Sinker,8.055555555555555,29.0,Curveball,5.277777777777778,19.0,Unknown,,Unknown,,No,94.0,0.94,1.0,39.2,0.951,0.968,53.5,Current-Season Handedness Matchup,Pull Air %,Barrel %,Max Exit Velocity,35.7,36.6,25.6,56.9,39.2,45.0,43.1,4.51,0.758,1.035,0.985,0.94,0.987,0.928,1.035,12.14,6.05,73.3,24.7,F,Lineup unconfirmed,,,
112,2026-08-12,825047,2026-08-12T19:40:00Z,Scheduled,Chase Field,Colorado Rockies @ Arizona Diamondbacks,Home,663457,Lars Nootbaar,Arizona Diamondbacks,Colorado Rockies,LF,L,No,,55,211,181,40,9,1,3,24,17,29,0,44,0.221,0.327,0.331,0.658,11,46,40,5,0,0.125,0.0,23,90,77,13,0,0.169,0.0,235,107,4.6,30.3,44.8,27.6,27.0,15.1,27.0,30.8,25.3,7.3,4.0,7.3,16.2,85.3,12.8,0.492,70.6,97.0,111.8,31.2,13.0,8.4,50.6,30.2,Weak,2.0,Contact-First Profile,A,Excellent HR swing plane,30.2,Weak,0.945,Good,3.7,26.9,96.3,0.409,Derived proxy,Derived proxy,Derived proxy,Derived proxy,,,10.5,7.5,Strong positive regression,Weak Contact-First Profile profile. 4.6% barrel rate; 85.3 mph average exit velocity; 27.0% air-ball rate; 30.8% pull-air rate; 7.3% HR-launch rate.,0.0142,0.0207,3.99,79,24,60.3,1.31,130.9,Near normal interval,663372.0,Ryan Feltner,R,LHB vs RHP,17,17,82.0,5.71,1.45,18,1.98,6.48,3.62,456.0,7.7,26.5,16.9,46.9,26.5,83.0,95.3,111.1,0.607,18.0,42.8,100.0,0.598,6.0,4-Seam Fastball,L,LHB vs RHP,37.6,170,0.247,0.353,0.363,0.716,2,24,34,0.0118,5.1,0.555,183,0.0437,9.1,0.596,5,2,1,1/2,0.5,0.8,1.0,1.8,0,3,0,43.1,Neutral Matchup,Average,56.2,5,Pitch-level Statcast · last 5 MLB games,423,4-Seam Fastball,29.78723404255319,126.0,Slider,21.98581560283688,93.0,Changeup,19.148936170212767,81.0,Sinker,14.893617021276595,63.0,Sweeper,7.328605200945627,31.0,Curveball,6.855791962174941,29.0,Unknown,,Unknown,,No,100.0,1.0,1.0,50.0,0.986,1.002,39.5,Current-Season Handedness Matchup,Pull Air %,Barrel %,Max Exit Velocity,37.6,50.9,42.8,27.0,50.0,45.0,43.1,4.5,0.758,1.141,1.025,0.965,0.945,0.912,1.0,7.99,5.36,74.3,21.7,F,Lineup unconfirmed,,,
113,2026-08-12,823017,2026-08-12T18:15:00Z,Scheduled,Busch Stadium,Philadelphia Phillies @ St. Louis Cardinals,Away,669016,Brandon Marsh,Philadelphia Phillies,St. Louis Cardinals,LF,L,No,,116,459,427,117,17,2,16,62,52,26,2,117,0.274,0.316,0.436,0.752,12,50,45,10,0,0.222,0.0,24,96,88,15,1,0.17,0.0104,625,132,3.7,23.6,47.6,18.9,33.3,13.3,27.2,38.8,34.7,7.0,4.2,7.0,48.8,82.1,15.5,0.538,69.8,93.6,108.5,17.1,13.0,5.9,40.2,27.7,Weak,2.0,Contact-First Profile,A,Excellent HR swing plane,27.7,Weak,0.938,Good,2.3,33.3,93.1,0.457,Derived proxy,Derived proxy,Derived proxy,Derived proxy,,,23.76,7.76,Strong positive regression,Weak Contact-First Profile profile. 3.7% barrel rate; 82.1 mph average exit velocity; 27.2% air-ball rate; 38.8% pull-air rate; 7.0% HR-launch rate.,0.0349,0.0343,4.05,72,20,26.7,2.7,269.8,Very long drought,681517.0,Kyle Leahy,R,LHB vs RHP,22,22,112.1,3.45,1.34,12,0.96,7.93,2.8,612.0,6.9,30.4,12.1,44.5,29.7,84.4,97.4,114.9,0.599,12.0,42.5,99.9,0.605,5.5,4-Seam Fastball,L,LHB vs RHP,42.8,339,0.29,0.333,0.462,0.795,13,22,73,0.0383,4.3,0.601,250,0.028,7.8,0.668,1,1,1,1/1,1.0,1.0,2.0,3.0,0,0,0,44.4,Neutral Matchup,Average,51.2,5,Pitch-level Statcast · last 5 MLB games,421,4-Seam Fastball,22.327790973871736,94.0,Curveball,18.28978622327791,77.0,Slider,16.8646080760095,71.0,Changeup,14.964370546318289,63.0,Sweeper,14.964370546318289,63.0,Sinker,12.589073634204276,53.0,Unknown,,Unknown,,No,100.0,1.0,1.0,50.0,0.985,0.994,42.2,Current-Season Handedness Matchup,Pull Air %,Barrel %,Max Exit Velocity,42.8,48.3,42.5,23.3,50.0,45.0,43.1,4.5,0.758,0.978,1.025,1.0,0.938,0.938,1.06,13.17,6.91,84.7,32.4,D,Lineup unconfirmed,,,
114,2026-08-12,824562,2026-08-12T23:40:00Z,Scheduled,Rate Field,Cincinnati Reds @ Chicago White Sox,Away,663886,Tyler Stephenson,Cincinnati Reds,Chicago White Sox,C,R,No,,90,324,286,71,16,0,10,28,35,35,1,83,0.248,0.33,0.409,0.739,8,35,29,7,2,0.241,0.0571,17,67,59,17,4,0.288,0.0597,391,93,7.5,24.0,35.5,32.9,30.0,15.7,28.7,30.7,30.8,8.9,5.1,8.9,41.6,83.4,22.3,0.778,68.6,94.5,107.3,6.2,14.2,1.5,48.7,30.4,Weak,2.0,Contact-First Profile,A-,Elevated power plane,30.4,Weak,0.945,Good,9.7,22.7,93.4,0.979,Derived proxy,Derived proxy,Derived proxy,Derived proxy,,,24.46,14.46,Strong positive regression,Weak Contact-First Profile profile. 7.5% barrel rate; 83.4 mph average exit velocity; 28.7% air-ball rate; 30.7% pull-air rate; 8.9% HR-launch rate.,0.0309,0.0312,4.05,12,3,28.6,0.42,42.0,Recently homered,622491.0,Luis Castillo,R,RHB vs RHP,21,18,103.2,5.3,1.41,17,1.48,7.9,2.86,685.0,5.5,25.1,13.4,38.7,29.2,83.7,95.3,113.8,0.579,17.0,59.0,99.9,0.737,7.1,4-Seam Fastball,R,RHB vs RHP,40.8,250,0.263,0.32,0.452,0.772,10,19,69,0.04,7.6,0.715,190,0.0211,3.4,0.517,0,0,0,0/0,,,,,0,0,0,49.0,Neutral Matchup,Average,50.0,5,Pitch-level Statcast · last 5 MLB games,454,4-Seam Fastball,41.629955947136565,189.0,Slider,27.312775330396477,124.0,Sinker,17.841409691629956,81.0,Changeup,13.215859030837004,60.0,,,,,,,Unknown,,Unknown,,No,100.0,1.0,1.0,50.0,1.018,0.98,41.9,Current-Season Handedness Matchup,Pull Air %,Barrel %,Max Exit Velocity,40.8,36.2,59.0,30.3,50.0,45.0,43.1,4.5,1.336,1.061,0.985,1.0,0.945,0.945,1.0,12.04,9.5,80.5,27.8,F,Lineup unconfirmed,,,
115,2026-08-12,823994,2026-08-13T02:10:00Z,Scheduled,Angel Stadium,Texas Rangers @ Los Angeles Angels,Home,642350,Jose Siri,Los Angeles Angels,Texas Rangers,CF,R,No,,66,142,128,33,7,0,7,23,20,9,2,44,0.258,0.314,0.477,0.791,11,27,25,6,2,0.24,0.0741,22,46,42,11,2,0.262,0.0435,168,52,6.3,27.1,46.6,31.3,21.4,15.8,25.4,46.4,26.3,6.7,5.5,6.7,64.7,81.6,17.0,0.667,70.7,94.7,107.7,38.5,11.4,9.3,49.3,37.6,Below Average,2.5,Pull Power,A,Excellent HR swing plane,37.6,Below Average,0.965,Good,5.8,46.2,94.5,0.673,Derived proxy,Derived proxy,Derived proxy,Derived proxy,,,9.07,2.07,Positive regression,Below Average Pull Power profile. 6.3% barrel rate; 81.6 mph average exit velocity; 25.4% air-ball rate; 46.4% pull-air rate; 6.7% HR-launch rate.,0.0493,0.0414,3.99,7,2,18.3,0.38,38.3,Recently homered,615698.0,Cal Quantrill,R,RHB vs RHP,24,7,65.2,3.56,1.19,9,1.23,5.89,2.6,381.0,4.7,21.0,16.0,32.1,29.1,81.8,93.9,111.2,0.517,9.0,62.4,78.2,0.72,9.7,Cutter,R,RHB vs RHP,29.3,73,0.308,0.352,0.477,0.829,2,4,17,0.0274,6.0,0.551,121,0.0248,2.6,0.394,4,4,3,3/4,0.75,0.75,1.25,2.0,0,0,1,46.0,Neutral Matchup,Average,55.0,5,Pitch-level Statcast · last 5 MLB games,307,Split-Finger,29.64169381107492,91.0,4-Seam Fastball,23.452768729641694,72.0,Cutter,21.824104234527688,67.0,Sinker,19.86970684039088,61.0,Curveball,5.2117263843648205,16.0,,,,Unknown,,Unknown,,No,100.0,1.0,1.0,50.0,1.025,0.972,45.0,Current-Season Handedness Matchup,Pull Air %,Barrel %,Max Exit Velocity,29.3,24.9,62.4,45.9,50.0,45.0,43.0,4.49,1.183,1.019,0.985,1.0,0.965,0.965,1.0,15.51,10.38,65.8,27.9,F,Lineup unconfirmed,,,
116,2026-08-12,822779,2026-08-12T23:07:00Z,Scheduled,Rogers Centre,Boston Red Sox @ Toronto Blue Jays,Away,655316,Andruw Monasterio,Boston Red Sox,Toronto Blue Jays,SS,R,No,,79,253,228,61,21,1,6,30,31,20,2,53,0.268,0.329,0.447,0.776,12,49,43,13,0,0.302,0.0,21,84,71,25,1,0.352,0.0119,367,104,3.8,19.3,40.5,26.6,32.9,14.6,30.0,41.0,38.3,7.7,5.6,7.7,36.0,81.8,21.3,0.525,67.8,92.9,108.8,3.0,11.7,0.8,51.6,27.8,Weak,2.0,Contact-First Profile,A-,Elevated power plane,27.8,Weak,0.938,Good,2.9,41.7,93.4,0.53,Derived proxy,Derived proxy,Derived proxy,Derived proxy,,,14.6,8.6,Strong positive regression,Weak Contact-First Profile profile. 3.8% barrel rate; 81.8 mph average exit velocity; 30.0% air-ball rate; 41.0% pull-air rate; 7.7% HR-launch rate.,0.0237,0.0264,4.05,43,12,38.0,1.13,113.2,Near normal interval,667755.0,José Soriano,R,RHB vs RHP,23,23,127.2,3.24,1.26,12,0.85,9.16,4.23,613.0,4.6,23.8,11.9,41.5,27.6,83.2,95.2,112.7,0.534,12.0,75.9,99.8,0.834,10.7,Sinker,R,RHB vs RHP,15.2,152,0.257,0.298,0.364,0.662,1,7,33,0.0066,2.8,0.447,235,0.0085,3.8,0.489,0,0,0,0/0,,,,,0,0,0,43.4,Neutral Matchup,Average,50.0,5,Pitch-level Statcast · last 5 MLB games,444,Knuckle Curve,30.63063063063063,136.0,Sinker,29.054054054054053,129.0,4-Seam Fastball,22.07207207207207,98.0,Split-Finger,15.765765765765765,70.0,Slider,2.4774774774774775,11.0,,,,Unknown,,Unknown,,No,100.0,1.0,1.0,50.0,1.052,0.971,35.9,Current-Season Handedness Matchup,Pull Air %,Barrel %,Max Exit Velocity,15.2,32.7,75.9,33.0,50.0,45.0,42.9,4.48,0.758,0.96,0.985,1.0,0.938,0.938,1.0,10.26,5.68,76.8,23.5,F,Lineup unconfirmed,,,
117,2026-08-12,824883,2026-08-12T23:15:00Z,Scheduled,Truist Park,New York Mets @ Atlanta Braves,Away,596019,Francisco Lindor,New York Mets,Atlanta Braves,SS,S,No,,64,279,247,60,7,4,11,36,30,29,3,53,0.243,0.33,0.437,0.767,12,54,48,15,3,0.312,0.0556,24,108,94,27,6,0.287,0.0556,379,142,6.4,29.5,54.9,22.6,22.5,15.8,29.6,51.5,30.0,8.9,6.8,8.9,52.1,85.0,20.4,0.633,70.4,96.4,110.0,23.7,13.2,7.3,52.7,42.2,Below Average,2.5,Pull Power,A-,Elevated power plane,42.2,Below Average,0.978,Good,7.0,53.5,96.3,0.703,Derived proxy,Derived proxy,Derived proxy,Derived proxy,,,23.61,12.61,Strong positive regression,Below Average Pull Power profile. 6.4% barrel rate; 85.0 mph average exit velocity; 29.6% air-ball rate; 51.5% pull-air rate; 8.9% HR-launch rate.,0.0394,0.0372,4.05,3,1,22.5,0.13,13.4,Very recent HR,641816.0,Tyler Mahle,R,Switch vs RHP,19,19,100.2,4.83,1.36,14,1.25,8.76,3.49,530.0,4.2,22.3,15.3,37.5,28.9,82.6,94.7,110.5,0.523,14.0,32.1,99.9,0.524,4.3,4-Seam Fastball,L,LHB vs RHP,37.5,197,0.25,0.33,0.455,0.784,8,18,43,0.0406,6.2,0.647,230,0.0304,3.0,0.474,2,2,0,0/2,0.0,0.0,0.0,0.0,0,0,1,37.1,Slight Pitcher Advantage,Below average,45.0,5,Pitch-level Statcast · last 5 MLB games,474,4-Seam Fastball,49.57805907172996,235.0,Split-Finger,25.738396624472575,122.0,Cutter,23.839662447257385,113.0,Slider,0.8438818565400844,4.0,,,,,,,Unknown,,Unknown,,No,103.0,1.03,1.0,55.4,0.964,0.967,52.8,Current-Season Handedness Matchup,Pull Air %,Barrel %,Max Exit Velocity,37.5,27.4,32.1,57.9,55.4,45.0,42.9,4.48,1.197,1.024,1.035,1.0,0.978,0.978,0.98,14.23,9.87,79.9,28.7,F,Lineup unconfirmed,,,
118,2026-08-12,823511,2026-08-12T23:05:00Z,Scheduled,Yankee Stadium,Seattle Mariners @ New York Yankees,Home,641857,Ryan McMahon,New York Yankees,Seattle Mariners,3B,L,No,,99,286,260,56,11,0,10,29,30,22,2,87,0.215,0.281,0.373,0.654,11,33,27,7,1,0.259,0.0303,22,61,54,12,1,0.222,0.0164,343,66,5.7,28.6,47.9,23.5,27.8,17.3,29.5,36.0,29.1,6.1,2.8,6.1,43.0,85.4,19.4,0.568,72.1,96.9,110.9,44.6,10.9,13.2,49.2,35.8,Below Average,2.5,Contact-First Profile,A,Excellent HR swing plane,35.8,Below Average,0.96,Good,6.1,45.5,98.6,0.501,Derived proxy,Derived proxy,Derived proxy,Derived proxy,,,17.67,7.67,Strong positive regression,Below Average Contact-First Profile profile. 5.7% barrel rate; 85.4 mph average exit velocity; 29.5% air-ball rate; 36.0% pull-air rate; 6.1% HR-launch rate.,0.035,0.0341,3.93,15,6,26.0,0.58,57.7,Recently homered,682243.0,Bryce Miller,R,LHB vs RHP,14,13,79.0,3.08,0.95,13,1.48,9.0,1.71,449.0,4.5,20.3,16.3,47.0,24.9,82.7,93.4,111.5,0.475,13.0,40.5,99.7,0.586,5.5,4-Seam Fastball,L,LHB vs RHP,38.4,225,0.223,0.284,0.413,0.697,10,18,66,0.0444,6.5,0.618,165,0.0303,4.0,0.457,0,0,0,0/0,,,,,0,0,0,41.4,Slight Pitcher Advantage,Below average,50.0,5,Pitch-level Statcast · last 5 MLB games,441,4-Seam Fastball,43.31065759637188,191.0,Split-Finger,24.94331065759637,110.0,Slider,8.390022675736962,37.0,Sweeper,7.709750566893424,34.0,Sinker,7.2562358276643995,32.0,Cutter,4.988662131519274,22.0,Unknown,,Unknown,,No,108.0,1.08,1.0,64.4,0.981,0.97,44.1,Current-Season Handedness Matchup,Pull Air %,Barrel %,Max Exit Velocity,38.4,31.8,40.5,54.0,64.4,45.0,42.6,4.45,0.882,1.061,1.025,1.0,0.96,0.96,1.0,12.74,7.89,77.3,23.5,F,Lineup unconfirmed,Knuckle Curve,3.401360544217687,15.0
119,2026-08-12,824241,2026-08-12T22:40:00Z,Scheduled,Comerica Park,Cleveland Guardians @ Detroit Tigers,Home,701678,Hao-Yu Lee,Detroit Tigers,Cleveland Guardians,2B,R,No,,75,208,195,52,10,1,6,18,28,10,0,51,0.267,0.3,0.421,0.721,8,12,11,2,0,0.182,0.0,20,51,46,14,2,0.304,0.0392,250,60,7.1,29.5,36.4,25.5,38.1,15.6,33.6,37.2,31.4,10.1,4.9,10.1,39.5,84.1,17.0,0.55,69.4,96.6,109.3,19.2,16.9,4.7,57.1,35.2,Below Average,2.5,Contact-First Profile,A,Excellent HR swing plane,35.2,Below Average,0.959,Good,10.0,42.9,99.1,0.596,Derived proxy,Derived proxy,Derived proxy,Derived proxy,,,15.94,9.94,Strong positive regression,Below Average Contact-First Profile profile. 7.1% barrel rate; 84.1 mph average exit velocity; 33.6% air-ball rate; 37.2% pull-air rate; 10.1% HR-launch rate.,0.0288,0.03,3.99,19,12,32.5,0.58,58.5,Recently homered,656492.0,Foster Griffin,L,RHB vs LHP,23,23,133.1,3.31,1.11,21,1.42,8.24,2.16,724.0,5.5,22.9,13.7,41.4,33.3,81.4,94.4,119.0,0.543,21.0,37.7,93.9,0.56,5.3,Cutter,R,RHB vs LHP,35.3,93,0.256,0.293,0.407,0.7,2,5,22,0.0215,6.2,0.573,402,0.0373,5.3,0.532,0,0,0,0/0,,,,,0,0,0,39.1,Slight Pitcher Advantage,Below average,50.0,5,Pitch-level Statcast · last 5 MLB games,470,Cutter,33.40425531914894,157.0,Sweeper,14.46808510638298,68.0,4-Seam Fastball,13.829787234042554,65.0,Changeup,10.425531914893616,49.0,Sinker,10.425531914893616,49.0,Split-Finger,8.936170212765957,42.0,Unknown,,Unknown,,No,100.0,1.0,1.0,50.0,0.975,0.98,44.1,Current-Season Handedness Matchup,Pull Air %,Barrel %,Max Exit Velocity,35.3,35.7,37.7,61.3,50.0,45.0,42.6,4.45,0.944,1.051,1.025,1.0,0.959,0.959,1.0,11.44,7.26,70.9,22.6,F,Lineup unconfirmed,Curveball,8.51063829787234,40.0
120,2026-08-12,823672,2026-08-12T17:40:00Z,Scheduled,Target Field,Baltimore Orioles @ Minnesota Twins,Home,605137,Josh Bell,Minnesota Twins,Baltimore Orioles,DH,S,No,,116,470,427,107,24,1,16,59,71,38,2,99,0.251,0.313,0.424,0.737,11,49,42,13,3,0.31,0.0612,22,95,84,22,3,0.262,0.0316,667,131,5.0,24.1,49.7,24.3,26.1,13.1,23.0,46.7,26.7,6.8,5.3,6.8,47.2,83.3,18.6,0.553,70.2,95.3,113.7,22.4,12.8,7.4,56.9,35.5,Below Average,2.5,Pull Power,A,Excellent HR swing plane,35.5,Below Average,0.959,Good,4.6,42.3,95.6,0.508,Derived proxy,Derived proxy,Derived proxy,Derived proxy,,,32.32,16.32,Strong positive regression,Below Average Pull Power profile. 5.0% barrel rate; 83.3 mph average exit velocity; 23.0% air-ball rate; 46.7% pull-air rate; 6.8% HR-launch rate.,0.034,0.0336,3.99,3,1,26.7,0.11,11.2,Very recent HR,669358.0,Shane Baz,R,Switch vs RHP,23,23,136.1,3.76,1.32,10,0.66,7.92,3.04,799.0,3.8,24.2,13.3,39.0,29.9,83.0,94.8,116.9,0.52,10.0,48.7,99.5,0.622,7.8,4-Seam Fastball,L,LHB vs RHP,34.4,313,0.24,0.31,0.424,0.734,11,28,69,0.0351,5.6,0.61,334,0.018,4.0,0.538,2,1,1,1/1,1.0,1.0,2.0,3.0,0,0,0,43.0,Neutral Matchup,Average,52.5,5,Pitch-level Statcast · last 5 MLB games,463,4-Seam Fastball,35.85313174946004,166.0,Knuckle Curve,30.237580993520517,140.0,Cutter,12.095032397408207,56.0,Changeup,11.44708423326134,53.0,Sinker,10.367170626349893,48.0,,,,Unknown,,Unknown,,No,100.0,1.0,1.0,50.0,0.997,0.963,48.6,Current-Season Handedness Matchup,Pull Air %,Barrel %,Max Exit Velocity,34.4,27.9,48.7,41.9,50.0,45.0,42.5,4.45,1.17,0.93,1.035,1.0,0.959,0.959,0.98,12.76,8.27,84.6,26.4,F,Lineup unconfirmed,,,
121,2026-08-12,825047,2026-08-12T19:40:00Z,Scheduled,Chase Field,Colorado Rockies @ Arizona Diamondbacks,Away,691720,Kyle Karros,Colorado Rockies,Arizona Diamondbacks,3B,R,No,,112,396,340,90,20,2,10,58,44,47,6,81,0.265,0.361,0.424,0.785,10,40,35,10,1,0.286,0.025,19,73,62,17,1,0.274,0.0137,506,95,3.3,21.6,40.5,24.3,35.0,12.4,26.4,34.5,32.9,4.4,3.3,4.4,29.2,82.2,15.1,0.495,67.6,94.1,110.9,5.1,10.1,1.6,39.9,21.4,Weak,2.0,Contact-First Profile,A,Excellent HR swing plane,21.4,Weak,0.92,Good,2.1,32.0,92.6,0.434,Derived proxy,Derived proxy,Derived proxy,Derived proxy,,,16.22,6.22,Strong positive regression,Weak Contact-First Profile profile. 3.3% barrel rate; 82.2 mph average exit velocity; 26.4% air-ball rate; 34.5% pull-air rate; 4.4% HR-launch rate.,0.0253,0.0268,4.05,0,0,34.0,0.0,0.0,Very recent HR,518876.0,Merrill Kelly,R,RHB vs RHP,21,21,120.0,4.88,1.47,23,1.73,6.0,3.75,687.0,8.2,29.5,14.8,47.8,31.9,83.7,97.0,114.6,0.661,23.0,32.3,99.6,0.534,3.9,Changeup,R,RHB vs RHP,38.9,259,0.25,0.351,0.418,0.77,8,33,53,0.0309,4.1,0.52,210,0.0381,7.6,0.631,3,3,1,1/3,0.333,0.333,0.333,0.666,0,0,0,38.0,Slight Pitcher Advantage,Below average,46.0,5,Pitch-level Statcast · last 5 MLB games,443,Changeup,32.50564334085779,144.0,4-Seam Fastball,24.604966139954854,109.0,Cutter,13.318284424379232,59.0,Curveball,12.641083521444695,56.0,Sinker,10.15801354401806,45.0,Slider,6.772009029345372,30.0,Unknown,,Unknown,,No,100.0,1.0,1.0,50.0,0.965,1.007,39.6,Current-Season Handedness Matchup,Pull Air %,Barrel %,Max Exit Velocity,38.9,57.1,32.3,20.7,50.0,45.0,42.5,4.44,0.897,1.101,0.985,1.0,0.92,0.92,0.98,10.43,6.46,82.8,24.0,F,Lineup unconfirmed,,,
122,2026-08-12,824883,2026-08-12T23:15:00Z,Scheduled,Truist Park,New York Mets @ Atlanta Braves,Away,676724,Jared Young,New York Mets,Atlanta Braves,1B,L,No,,72,228,202,53,10,2,7,26,25,18,6,43,0.262,0.338,0.436,0.774,11,41,36,11,0,0.306,0.0,21,71,61,18,1,0.295,0.0141,280,83,4.3,31.7,47.4,32.9,19.7,11.7,25.5,50.0,28.0,5.4,3.6,5.4,47.8,84.6,16.5,0.504,70.6,97.6,112.9,28.7,10.3,9.0,51.9,37.3,Below Average,2.5,Pull Power,A,Excellent HR swing plane,37.3,Below Average,0.964,Good,2.4,50.0,99.0,0.48,Derived proxy,Derived proxy,Derived proxy,Derived proxy,,,12.5,5.5,Strong positive regression,Below Average Pull Power profile. 4.3% barrel rate; 84.6 mph average exit velocity; 25.5% air-ball rate; 50.0% pull-air rate; 5.4% HR-launch rate.,0.0307,0.0311,4.05,50,17,28.9,1.73,173.3,Above normal drought,641816.0,Tyler Mahle,R,LHB vs RHP,19,19,100.2,4.83,1.36,14,1.25,8.76,3.49,530.0,4.2,22.3,15.3,37.5,28.9,82.6,94.7,110.5,0.523,14.0,40.5,99.9,0.566,6.4,4-Seam Fastball,L,LHB vs RHP,32.2,196,0.27,0.342,0.46,0.802,7,16,35,0.0357,6.0,0.53,230,0.0304,3.0,0.474,0,0,0,0/0,,,,,0,0,0,38.6,Slight Pitcher Advantage,Below average,50.0,5,Pitch-level Statcast · last 5 MLB games,474,4-Seam Fastball,49.57805907172996,235.0,Split-Finger,25.738396624472575,122.0,Cutter,23.839662447257385,113.0,Slider,0.8438818565400844,4.0,,,,,,,Unknown,,Unknown,,No,103.0,1.03,1.0,55.4,0.981,0.967,49.5,Current-Season Handedness Matchup,Pull Air %,Barrel %,Max Exit Velocity,32.2,27.4,40.5,51.0,55.4,45.0,42.5,4.44,0.758,1.024,1.025,1.0,0.964,0.964,1.035,12.03,6.69,74.0,27.4,F,Lineup unconfirmed,,,
123,2026-08-12,823833,2026-08-12T22:40:00Z,Scheduled,loanDepot park,Pittsburgh Pirates @ Miami Marlins,Away,668804,Bryan Reynolds,Pittsburgh Pirates,Miami Marlins,LF,S,No,,121,526,444,118,28,2,15,80,63,72,8,128,0.266,0.376,0.439,0.815,12,52,47,11,0,0.234,0.0,24,104,94,19,1,0.202,0.0096,611,108,7.0,26.7,40.5,27.2,32.3,14.2,26.1,36.9,29.6,6.4,4.0,6.4,29.5,83.9,11.8,0.585,70.0,95.8,111.9,26.7,11.4,4.3,45.4,32.1,Weak,2.5,Contact-First Profile,A,Excellent HR swing plane,32.1,Weak,0.95,Good,8.3,37.9,94.9,0.545,Derived proxy,Derived proxy,Derived proxy,Derived proxy,,,35.54,20.54,Strong positive regression,Weak Contact-First Profile profile. 7.0% barrel rate; 83.9 mph average exit velocity; 26.1% air-ball rate; 36.9% pull-air rate; 6.4% HR-launch rate.,0.0285,0.0292,4.15,50,13,29.6,1.69,168.9,Above normal drought,676083.0,Janson Junk,R,Switch vs RHP,16,16,81.2,4.63,1.36,12,1.32,6.83,2.53,509.0,4.3,24.0,11.8,51.8,28.1,82.8,95.1,114.2,0.513,12.0,45.9,99.9,0.615,6.7,4-Seam Fastball,L,LHB vs RHP,34.4,351,0.26,0.385,0.426,0.81,9,53,88,0.0256,5.9,0.606,219,0.0274,4.0,0.549,2,2,0,0/2,0.0,0.0,0.0,0.0,0,0,0,40.6,Slight Pitcher Advantage,Below average,45.0,5,Pitch-level Statcast · last 5 MLB games,360,4-Seam Fastball,45.833333333333336,165.0,Changeup,14.166666666666666,51.0,Slider,13.61111111111111,49.0,Sweeper,13.055555555555555,47.0,Sinker,8.055555555555555,29.0,Curveball,5.277777777777778,19.0,Unknown,,Unknown,,No,94.0,0.94,1.0,39.2,0.992,0.968,45.0,Current-Season Handedness Matchup,Pull Air %,Barrel %,Max Exit Velocity,34.4,36.6,45.9,44.6,39.2,45.0,42.4,4.43,0.758,1.035,1.035,1.0,0.95,0.95,1.035,11.56,6.23,85.0,28.6,F,Lineup unconfirmed,,,
124,2026-08-12,822779,2026-08-12T23:07:00Z,Scheduled,Rogers Centre,Boston Red Sox @ Toronto Blue Jays,Home,660821,Jesús Sánchez,Toronto Blue Jays,Boston Red Sox,RF,L,No,,82,258,235,63,15,0,8,23,32,13,6,56,0.268,0.318,0.434,0.752,9,24,20,4,1,0.2,0.0417,9,24,20,4,1,0.2,0.0417,359,23,8.3,27.6,37.8,31.2,30.6,21.0,31.6,35.8,31.0,7.5,5.3,7.5,34.4,82.9,16.3,0.58,71.6,95.5,110.8,40.8,12.1,8.3,46.9,36.7,Below Average,2.5,Contact-First Profile,A,Excellent HR swing plane,36.7,Below Average,0.963,Good,13.0,36.4,95.6,0.535,Derived proxy,Derived proxy,Derived proxy,Derived proxy,,,23.72,15.72,Strong positive regression,Below Average Contact-First Profile profile. 8.3% barrel rate; 82.9 mph average exit velocity; 31.6% air-ball rate; 35.8% pull-air rate; 7.5% HR-launch rate.,0.031,0.0313,3.99,9,5,29.4,0.31,30.6,Very recent HR,624133.0,Ranger Suarez,L,LHB vs LHP,20,20,103.0,3.32,1.17,6,0.52,9.44,2.62,538.0,3.0,21.0,11.3,44.1,31.4,80.9,93.6,113.6,0.484,6.0,48.6,99.8,0.604,8.6,Sinker,L,LHB vs LHP,34.6,28,0.148,0.179,0.185,0.364,0,0,5,0.0,0.0,0.289,115,0.0261,4.8,0.543,8,7,2,2/7,0.286,0.286,0.429,0.715,0,0,5,40.9,Slight Pitcher Advantage,Below average,41.4,5,Pitch-level Statcast · last 5 MLB games,347,4-Seam Fastball,23.34293948126801,81.0,Cutter,21.902017291066283,76.0,Sinker,19.020172910662826,66.0,Curveball,17.002881844380404,59.0,Changeup,9.510086455331413,33.0,Slider,9.221902017291066,32.0,Unknown,,Unknown,,No,100.0,1.0,1.0,50.0,0.997,0.955,44.9,Current-Season Handedness Matchup,Pull Air %,Barrel %,Max Exit Velocity,34.6,28.7,48.6,55.2,50.0,45.0,42.4,4.43,1.073,0.907,0.985,1.0,0.963,0.963,0.98,11.92,7.09,72.3,23.0,F,Lineup unconfirmed,,,
125,2026-08-12,823263,2026-08-12T20:10:00Z,Scheduled,Petco Park,Milwaukee Brewers @ San Diego Padres,Home,701538,Jackson Merrill,San Diego Padres,Milwaukee Brewers,CF,L,No,,118,494,458,113,19,2,19,62,62,31,1,118,0.247,0.295,0.421,0.716,13,53,51,17,4,0.333,0.0755,25,102,98,34,9,0.347,0.0882,736,147,7.5,26.3,46.5,20.3,33.0,16.0,28.6,40.8,34.2,8.6,5.5,8.6,49.1,84.0,22.0,0.715,71.6,95.4,111.6,27.6,13.4,7.4,48.5,39.9,Below Average,2.5,Contact-First Profile,A-,Elevated power plane,39.9,Below Average,0.972,Good,10.9,40.0,96.9,0.873,Derived proxy,Derived proxy,Derived proxy,Derived proxy,,,47.91,28.91,Strong positive regression,Below Average Contact-First Profile profile. 7.5% barrel rate; 84.0 mph average exit velocity; 28.6% air-ball rate; 40.8% pull-air rate; 8.6% HR-launch rate.,0.0385,0.0372,3.99,4,1,24.1,0.17,16.6,Very recent HR,669160.0,Dustin May,R,LHB vs RHP,22,22,115.0,4.3,1.27,8,0.63,8.69,2.97,612.0,4.1,27.1,12.6,34.4,31.5,82.9,95.3,114.8,0.508,8.0,46.1,99.9,0.642,5.5,4-Seam Fastball,L,LHB vs RHP,38.5,364,0.222,0.28,0.413,0.693,16,26,88,0.044,6.6,0.66,298,0.0201,3.4,0.508,9,7,0,0/7,0.0,0.111,0.0,0.111,0,1,3,39.0,Slight Pitcher Advantage,Below average,27.5,5,Pitch-level Statcast · last 5 MLB games,438,4-Seam Fastball,25.34246575342466,111.0,Cutter,23.972602739726028,105.0,Sinker,18.72146118721461,82.0,Sweeper,18.264840182648403,80.0,Changeup,7.762557077625571,34.0,Curveball,5.936073059360731,26.0,Unknown,,Unknown,,No,94.0,0.94,1.0,39.2,0.992,0.966,50.4,Current-Season Handedness Matchup,Pull Air %,Barrel %,Max Exit Velocity,38.5,25.3,46.1,56.3,39.2,45.0,42.4,4.43,1.35,0.925,1.025,1.0,0.972,0.972,0.98,14.04,9.33,85.0,27.8,F,Lineup unconfirmed,,,
126,2026-08-12,823672,2026-08-12T17:40:00Z,Scheduled,Target Field,Baltimore Orioles @ Minnesota Twins,Away,669236,Jeremiah Jackson,Baltimore Orioles,Minnesota Twins,2B,R,No,,84,241,228,53,10,0,7,25,39,7,2,47,0.232,0.258,0.368,0.626,6,13,12,0,0,0.0,0.0,14,29,23,1,0,0.043,0.0,322,36,4.0,23.2,35.7,36.5,27.4,12.6,22.6,40.8,20.2,6.0,2.6,6.0,30.3,82.3,13.0,0.472,70.6,94.4,108.7,23.9,7.8,6.7,59.6,26.5,Weak,2.0,Contact-First Profile,A,Excellent HR swing plane,26.5,Weak,0.934,Good,2.8,42.9,91.3,0.426,Derived proxy,Derived proxy,Derived proxy,Derived proxy,,,12.65,5.65,Strong positive regression,Weak Contact-First Profile profile. 4.0% barrel rate; 82.3 mph average exit velocity; 22.6% air-ball rate; 40.8% pull-air rate; 6.0% HR-launch rate.,0.029,0.03,3.87,53,27,32.6,1.63,162.7,Above normal drought,805673.0,Zebby Matthews,R,RHB vs RHP,15,15,86.0,5.23,1.34,17,1.78,7.64,2.93,473.0,7.6,27.7,14.6,48.9,30.4,85.0,96.7,112.8,0.573,17.0,33.1,100.0,0.535,4.3,4-Seam Fastball,R,RHB vs RHP,37.7,162,0.24,0.265,0.403,0.668,6,5,28,0.037,3.7,0.459,163,0.0552,6.2,0.546,0,0,0,0/0,,,,,0,0,0,38.6,Slight Pitcher Advantage,Below average,50.0,5,Pitch-level Statcast · last 5 MLB games,465,4-Seam Fastball,38.924731182795696,181.0,Slider,23.010752688172044,107.0,Changeup,14.838709677419354,69.0,Curveball,10.96774193548387,51.0,Cutter,8.172043010752688,38.0,Sinker,4.086021505376344,19.0,Unknown,,Unknown,,No,100.0,1.0,1.0,50.0,0.966,1.001,40.2,Current-Season Handedness Matchup,Pull Air %,Barrel %,Max Exit Velocity,37.7,52.4,33.1,29.7,50.0,45.0,42.3,4.43,0.78,1.109,0.985,0.975,0.934,0.911,1.035,11.13,6.36,71.5,24.2,F,Lineup unconfirmed,,,
127,2026-08-12,823017,2026-08-12T18:15:00Z,Scheduled,Busch Stadium,Philadelphia Phillies @ St. Louis Cardinals,Away,607208,Trea Turner,Philadelphia Phillies,St. Louis Cardinals,SS,R,No,,117,520,482,120,20,1,17,80,47,32,3,113,0.249,0.298,0.4,0.698,11,51,46,14,2,0.304,0.0392,23,105,96,29,7,0.302,0.0667,675,139,4.5,26.4,37.8,31.3,30.9,12.8,25.9,40.5,31.0,5.8,3.8,5.8,74.5,82.9,16.4,0.515,70.3,95.1,110.1,20.0,11.0,5.8,60.6,30.3,Weak,2.0,Contact-First Profile,A,Excellent HR swing plane,30.3,Weak,0.945,Good,5.0,48.6,94.7,0.555,Derived proxy,Derived proxy,Derived proxy,Derived proxy,,,28.5,11.5,Strong positive regression,Weak Contact-First Profile profile. 4.5% barrel rate; 82.9 mph average exit velocity; 25.9% air-ball rate; 40.5% pull-air rate; 5.8% HR-launch rate.,0.0327,0.0326,4.05,8,2,28.4,0.28,28.2,Very recent HR,681517.0,Kyle Leahy,R,RHB vs RHP,22,22,112.1,3.45,1.34,12,0.96,7.93,2.8,612.0,6.9,30.4,12.1,44.5,29.7,84.4,97.4,114.9,0.599,12.0,27.1,99.9,0.484,3.8,4-Seam Fastball,R,RHB vs RHP,32.6,349,0.264,0.295,0.439,0.735,14,15,82,0.0401,4.1,0.495,229,0.0218,5.9,0.525,1,1,0,0/1,0.0,0.0,0.0,0.0,0,0,0,33.6,Slight Pitcher Advantage,Below average,47.5,5,Pitch-level Statcast · last 5 MLB games,421,4-Seam Fastball,22.327790973871736,94.0,Curveball,18.28978622327791,77.0,Slider,16.8646080760095,71.0,Changeup,14.964370546318289,63.0,Sweeper,14.964370546318289,63.0,Sinker,12.589073634204276,53.0,Unknown,,Unknown,,No,100.0,1.0,1.0,50.0,0.954,0.994,42.0,Current-Season Handedness Matchup,Pull Air %,Barrel %,Max Exit Velocity,32.6,48.3,27.1,46.9,50.0,45.0,42.2,4.42,1.198,0.978,0.985,1.0,0.945,0.945,0.98,12.55,8.14,85.0,25.7,F,Lineup unconfirmed,,,
128,2026-08-12,823994,2026-08-13T02:10:00Z,Scheduled,Angel Stadium,Texas Rangers @ Los Angeles Angels,Away,694497,Evan Carter,Texas Rangers,Los Angeles Angels,CF,L,No,,101,338,284,54,9,2,8,39,31,42,4,80,0.19,0.302,0.32,0.622,12,38,33,3,0,0.091,0.0,23,72,61,12,1,0.197,0.0139,367,63,3.0,22.5,46.0,31.9,22.1,16.5,27.2,49.2,26.2,5.6,4.3,5.6,72.1,79.6,15.5,0.429,67.5,93.2,108.1,21.1,8.8,4.6,41.3,26.4,Weak,2.0,Pull Power,A,Excellent HR swing plane,26.4,Weak,0.934,Good,1.6,58.8,93.2,0.383,Derived proxy,Derived proxy,Derived proxy,Derived proxy,,,12.6,4.6,Strong positive regression,Weak Pull Power profile. 3.0% barrel rate; 79.6 mph average exit velocity; 27.2% air-ball rate; 49.2% pull-air rate; 5.6% HR-launch rate.,0.0237,0.0259,3.93,56,21,35.5,1.58,157.7,Above normal drought,691946.0,George Klassen,R,LHB vs RHP,3,3,8.2,7.27,2.88,1,1.04,9.35,14.54,54.0,9.3,24.1,13.0,41.7,35.2,83.4,95.4,111.3,0.578,1.0,22.8,100.0,0.449,3.4,4-Seam Fastball,L,LHB vs RHP,35.2,281,0.208,0.324,0.364,0.688,8,37,62,0.0285,4.4,0.49,30,0.0,9.4,0.589,0,0,0,0/0,,,,,0,0,0,33.8,Slight Pitcher Advantage,Below average,50.0,3,Pitch-level Statcast · last 5 MLB games,228,4-Seam Fastball,40.78947368421053,93.0,Changeup,23.68421052631579,54.0,Slider,20.614035087719298,47.0,Curveball,7.894736842105263,18.0,Sinker,7.017543859649122,16.0,,,,Unknown,,Unknown,,No,100.0,1.0,1.0,50.0,0.946,1.018,42.1,Current-Season Handedness Matchup,Pull Air %,Barrel %,Max Exit Velocity,35.2,52.6,22.8,40.4,50.0,45.0,42.2,4.41,0.774,0.999,1.025,0.94,0.934,0.878,1.035,9.78,5.51,81.9,24.1,F,Lineup unconfirmed,,,
129,2026-08-12,823672,2026-08-12T17:40:00Z,Scheduled,Target Field,Baltimore Orioles @ Minnesota Twins,Away,702616,Jackson Holliday,Baltimore Orioles,Minnesota Twins,2B,L,No,,68,226,191,47,7,1,6,28,21,32,0,55,0.246,0.35,0.387,0.737,11,42,37,7,1,0.189,0.0238,23,84,72,22,1,0.306,0.0119,240,88,3.8,22.9,48.7,18.3,33.1,13.5,27.4,41.6,30.3,6.6,5.5,6.6,53.0,82.8,17.2,0.507,68.7,93.3,105.7,6.0,12.1,1.8,51.8,25.7,Weak,2.0,Contact-First Profile,A,Excellent HR swing plane,25.7,Weak,0.932,Good,2.3,40.9,93.3,0.472,Derived proxy,Derived proxy,Derived proxy,Derived proxy,,,9.41,3.41,Positive regression,Weak Contact-First Profile profile. 3.8% barrel rate; 82.8 mph average exit velocity; 27.4% air-ball rate; 41.6% pull-air rate; 6.6% HR-launch rate.,0.0265,0.0284,4.05,13,3,31.8,0.41,40.8,Recently homered,805673.0,Zebby Matthews,R,LHB vs RHP,15,15,86.0,5.23,1.34,17,1.78,7.64,2.93,473.0,7.6,27.7,14.6,48.9,30.4,85.0,96.7,112.8,0.573,17.0,32.1,100.0,0.524,4.3,4-Seam Fastball,L,LHB vs RHP,40.1,171,0.255,0.351,0.414,0.765,5,23,38,0.0292,5.2,0.526,203,0.0394,8.8,0.597,3,1,0,0/1,0.0,0.667,0.0,0.667,0,2,0,38.5,Slight Pitcher Advantage,Below average,46.0,5,Pitch-level Statcast · last 5 MLB games,465,4-Seam Fastball,38.924731182795696,181.0,Slider,23.010752688172044,107.0,Changeup,14.838709677419354,69.0,Curveball,10.96774193548387,51.0,Cutter,8.172043010752688,38.0,Sinker,4.086021505376344,19.0,Unknown,,Unknown,,No,100.0,1.0,1.0,50.0,0.964,1.001,40.0,Current-Season Handedness Matchup,Pull Air %,Barrel %,Max Exit Velocity,40.1,52.4,32.1,30.8,50.0,45.0,42.2,4.41,0.865,1.109,1.025,1.0,0.932,0.932,1.0,11.03,6.84,74.9,22.7,F,Lineup unconfirmed,,,
130,2026-08-12,825047,2026-08-12T19:40:00Z,Scheduled,Chase Field,Colorado Rockies @ Arizona Diamondbacks,Away,678662,Ezequiel Tovar,Colorado Rockies,Arizona Diamondbacks,SS,R,No,,110,404,371,76,19,0,9,41,37,23,2,102,0.205,0.251,0.329,0.58,10,35,32,9,1,0.281,0.0286,18,63,56,13,1,0.232,0.0159,605,98,2.9,19.4,36.3,33.9,29.8,11.4,21.5,39.2,31.5,5.0,2.2,5.0,46.8,80.2,24.0,0.462,70.4,91.8,108.4,21.9,8.7,4.9,43.1,22.4,Weak,2.0,Contact-First Profile,A-,Elevated power plane,22.4,Weak,0.923,Good,2.0,37.5,91.9,0.407,Derived proxy,Derived proxy,Derived proxy,Derived proxy,,,18.46,9.46,Strong positive regression,Weak Contact-First Profile profile. 2.9% barrel rate; 80.2 mph average exit velocity; 21.5% air-ball rate; 39.2% pull-air rate; 5.0% HR-launch rate.,0.0223,0.0245,3.87,20,6,41.2,0.49,48.5,Recently homered,518876.0,Merrill Kelly,R,RHB vs RHP,21,21,120.0,4.88,1.47,23,1.73,6.0,3.75,687.0,8.2,29.5,14.8,47.8,31.9,83.7,97.0,114.6,0.661,23.0,33.2,99.6,0.531,4.5,Changeup,R,RHB vs RHP,35.4,287,0.2,0.24,0.325,0.565,7,15,65,0.0244,3.3,0.492,210,0.0381,7.6,0.631,18,18,8,8/18,0.444,0.444,0.944,1.388,2,0,5,46.6,Neutral Matchup,Average,95.0,5,Pitch-level Statcast · last 5 MLB games,443,Changeup,32.50564334085779,144.0,4-Seam Fastball,24.604966139954854,109.0,Cutter,13.318284424379232,59.0,Curveball,12.641083521444695,56.0,Sinker,10.15801354401806,45.0,Slider,6.772009029345372,30.0,Unknown,,Unknown,,No,100.0,1.0,1.0,50.0,0.966,1.007,37.2,Current-Season Handedness Matchup,Pull Air %,Barrel %,Max Exit Velocity,35.4,57.1,33.2,24.3,50.0,45.0,42.0,4.4,0.973,1.101,0.985,0.94,0.923,0.867,1.0,9.15,6.1,82.0,21.2,F,Lineup unconfirmed,,,
131,2026-08-12,823672,2026-08-12T17:40:00Z,Scheduled,Target Field,Baltimore Orioles @ Minnesota Twins,Home,668904,Royce Lewis,Minnesota Twins,Baltimore Orioles,1B,R,No,,86,352,314,76,17,1,13,43,42,32,3,90,0.242,0.315,0.427,0.742,12,51,49,19,3,0.388,0.0588,23,96,86,26,3,0.302,0.0312,416,123,7.3,30.1,48.6,29.1,22.3,15.6,28.6,56.2,30.9,7.4,5.0,7.4,39.5,84.5,20.9,0.608,73.0,97.1,111.6,53.1,13.9,14.7,69.4,47.0,Below Average,3.0,Pull Power,A-,Elevated power plane,47.0,Below Average,0.992,Good,6.5,50.0,98.7,0.649,Derived proxy,Derived proxy,Derived proxy,Derived proxy,,,27.68,14.68,Strong positive regression,Below Average Pull Power profile. 7.3% barrel rate; 84.5 mph average exit velocity; 28.6% air-ball rate; 56.2% pull-air rate; 7.4% HR-launch rate.,0.0369,0.0357,3.99,22,5,24.2,0.91,91.1,Near normal interval,669358.0,Shane Baz,R,RHB vs RHP,23,23,136.1,3.76,1.32,10,0.66,7.92,3.04,799.0,3.8,24.2,13.3,39.0,29.9,83.0,94.8,116.9,0.52,10.0,26.9,99.5,0.447,5.6,4-Seam Fastball,R,RHB vs RHP,31.5,252,0.232,0.306,0.411,0.716,9,23,68,0.0357,6.4,0.55,246,0.0163,3.4,0.497,2,2,0,0/2,0.0,0.0,0.0,0.0,0,0,1,32.6,Slight Pitcher Advantage,Below average,45.0,5,Pitch-level Statcast · last 5 MLB games,463,4-Seam Fastball,35.85313174946004,166.0,Knuckle Curve,30.237580993520517,140.0,Cutter,12.095032397408207,56.0,Changeup,11.44708423326134,53.0,Sinker,10.367170626349893,48.0,,,,Unknown,,Unknown,,No,100.0,1.0,1.0,50.0,0.954,0.963,53.4,Current-Season Handedness Matchup,Pull Air %,Barrel %,Max Exit Velocity,31.5,27.9,26.9,59.5,50.0,45.0,42.0,4.4,1.12,0.93,0.985,1.0,0.992,0.992,1.0,13.49,8.11,84.7,26.9,F,Lineup unconfirmed,,,
132,2026-08-12,822779,2026-08-12T23:07:00Z,Scheduled,Rogers Centre,Boston Red Sox @ Toronto Blue Jays,Away,677800,Wilyer Abreu,Boston Red Sox,Toronto Blue Jays,RF,L,No,,116,504,441,112,23,3,21,65,64,52,2,104,0.254,0.331,0.463,0.794,11,49,38,12,6,0.316,0.1224,24,104,88,20,10,0.227,0.0962,684,126,7.4,26.7,39.0,27.2,33.6,19.6,30.2,34.1,32.2,9.2,6.3,9.2,56.9,82.7,24.5,0.685,72.3,95.5,111.9,35.0,13.2,11.2,45.8,39.2,Below Average,2.5,Contact-First Profile,A-,Elevated power plane,39.2,Below Average,0.97,Good,8.7,28.2,96.4,0.787,Derived proxy,Derived proxy,Derived proxy,Derived proxy,,,42.4,21.4,Strong positive regression,Below Average Contact-First Profile profile. 7.4% barrel rate; 82.7 mph average exit velocity; 30.2% air-ball rate; 34.1% pull-air rate; 9.2% HR-launch rate.,0.0417,0.0398,4.05,0,0,21.0,0.0,0.0,Very recent HR,667755.0,José Soriano,R,LHB vs RHP,23,23,127.2,3.24,1.26,12,0.85,9.16,4.23,613.0,4.6,23.8,11.9,41.5,27.6,83.2,95.2,112.7,0.534,12.0,40.0,99.8,0.619,3.5,Sinker,L,LHB vs RHP,44.7,347,0.221,0.292,0.423,0.715,15,33,78,0.0432,7.1,0.653,297,0.0337,5.2,0.567,3,2,2,2/2,1.0,0.667,1.0,1.667,0,0,0,44.9,Neutral Matchup,Average,53.8,5,Pitch-level Statcast · last 5 MLB games,444,Knuckle Curve,30.63063063063063,136.0,Sinker,29.054054054054053,129.0,4-Seam Fastball,22.07207207207207,98.0,Split-Finger,15.765765765765765,70.0,Slider,2.4774774774774775,11.0,,,,Unknown,,Unknown,,No,100.0,1.0,1.0,50.0,0.98,0.971,48.1,Current-Season Handedness Matchup,Pull Air %,Barrel %,Max Exit Velocity,44.7,32.7,40.0,39.5,50.0,45.0,42.0,4.39,1.35,0.96,1.025,1.0,0.97,0.97,0.98,15.17,10.51,85.0,30.9,D,Lineup unconfirmed,,,
133,2026-08-12,823672,2026-08-12T17:40:00Z,Scheduled,Target Field,Baltimore Orioles @ Minnesota Twins,Away,665966,Carlos Narváez,Baltimore Orioles,Minnesota Twins,C,R,No,,69,219,191,34,6,0,3,17,10,15,5,74,0.178,0.252,0.257,0.509,9,30,25,2,0,0.08,0.0,16,45,37,5,1,0.135,0.0222,282,42,4.2,18.5,30.6,41.1,28.2,15.7,24.8,24.8,34.5,5.6,2.7,5.6,35.2,80.9,20.3,0.581,69.0,92.4,109.0,17.6,7.7,3.6,44.9,20.9,Weak,2.0,Contact-First Profile,A-,Elevated power plane,20.9,Weak,0.919,Good,4.8,27.3,91.7,0.671,Derived proxy,Derived proxy,Derived proxy,Derived proxy,,,10.09,7.09,Strong positive regression,Weak Contact-First Profile profile. 4.2% barrel rate; 80.9 mph average exit velocity; 24.8% air-ball rate; 24.8% pull-air rate; 5.6% HR-launch rate.,0.0137,0.0202,3.87,33,15,63.7,0.52,51.8,Recently homered,805673.0,Zebby Matthews,R,RHB vs RHP,15,15,86.0,5.23,1.34,17,1.78,7.64,2.93,473.0,7.6,27.7,14.6,48.9,30.4,85.0,96.7,112.8,0.573,17.0,50.0,100.0,0.7,4.5,4-Seam Fastball,R,RHB vs RHP,35.8,169,0.164,0.238,0.247,0.484,3,11,59,0.0178,4.1,0.543,163,0.0552,6.2,0.546,0,0,0,0/0,,,,,0,0,0,43.6,Neutral Matchup,Average,50.0,5,Pitch-level Statcast · last 5 MLB games,465,4-Seam Fastball,38.924731182795696,181.0,Slider,23.010752688172044,107.0,Changeup,14.838709677419354,69.0,Curveball,10.96774193548387,51.0,Cutter,8.172043010752688,38.0,Sinker,4.086021505376344,19.0,Unknown,,Unknown,,No,100.0,1.0,1.0,50.0,1.0,1.001,33.4,Current-Season Handedness Matchup,Pull Air %,Barrel %,Max Exit Velocity,35.8,52.4,50.0,20.3,50.0,45.0,41.9,4.38,0.875,1.109,0.985,0.94,0.919,0.863,1.0,7.59,5.25,71.2,18.4,F,Lineup unconfirmed,,,
134,2026-08-12,823017,2026-08-12T18:15:00Z,Scheduled,Busch Stadium,Philadelphia Phillies @ St. Louis Cardinals,Home,699625,Jimmy Crooks,St. Louis Cardinals,Philadelphia Phillies,C,L,No,,41,118,107,19,4,0,4,7,12,7,3,38,0.178,0.246,0.327,0.573,8,27,26,5,1,0.192,0.037,16,48,46,9,2,0.196,0.0417,139,64,5.5,25.6,47.6,18.3,33.2,22.3,31.6,50.1,33.2,8.3,3.9,8.3,54.6,85.4,14.4,0.59,70.4,96.1,109.4,16.1,13.8,2.5,37.1,35.0,Below Average,2.5,Pull Power,A,Excellent HR swing plane,35.0,Below Average,0.958,Good,6.2,52.4,96.8,0.557,Derived proxy,Derived proxy,Derived proxy,Derived proxy,,,7.77,3.77,Positive regression,Below Average Pull Power profile. 5.5% barrel rate; 85.4 mph average exit velocity; 31.6% air-ball rate; 50.1% pull-air rate; 8.3% HR-launch rate.,0.0339,0.0329,3.81,15,4,26.8,0.56,56.1,Recently homered,554430.0,Zack Wheeler,R,LHB vs RHP,19,19,110.1,2.69,0.98,14,1.14,10.77,2.28,553.0,3.8,21.2,12.1,38.7,29.8,81.6,93.3,111.8,0.472,14.0,42.3,100.0,0.615,4.9,4-Seam Fastball,L,LHB vs RHP,31.9,104,0.179,0.24,0.305,0.546,3,6,31,0.0288,4.0,0.552,261,0.0345,3.9,0.516,0,0,0,0/0,,,,,0,0,0,39.2,Slight Pitcher Advantage,Below average,50.0,5,Pitch-level Statcast · last 5 MLB games,405,4-Seam Fastball,32.592592592592595,132.0,Split-Finger,21.728395061728396,88.0,Sinker,13.333333333333334,54.0,Sweeper,13.08641975308642,53.0,Cutter,9.876543209876543,40.0,Curveball,9.382716049382717,38.0,Unknown,,Unknown,,No,100.0,1.0,1.0,50.0,0.985,0.963,49.0,Current-Season Handedness Matchup,Pull Air %,Barrel %,Max Exit Velocity,31.9,24.3,42.3,57.0,50.0,45.0,41.8,4.38,1.075,1.006,1.025,0.94,0.958,0.901,1.0,11.98,7.53,64.3,21.0,F,Lineup unconfirmed,,,
135,2026-08-12,823017,2026-08-12T18:15:00Z,Scheduled,Busch Stadium,Philadelphia Phillies @ St. Louis Cardinals,Away,592663,J.T. Realmuto,Philadelphia Phillies,St. Louis Cardinals,C,R,No,,88,333,297,66,14,0,8,36,38,24,9,69,0.222,0.297,0.35,0.647,9,37,35,7,1,0.2,0.027,20,76,69,19,1,0.275,0.0132,422,101,2.8,25.6,41.9,32.7,24.9,12.4,26.5,40.6,30.4,4.8,2.5,4.8,54.6,84.1,14.1,0.534,71.9,96.1,111.2,36.2,12.0,10.1,55.1,31.7,Weak,2.5,Contact-First Profile,A,Excellent HR swing plane,31.7,Weak,0.949,Good,2.0,47.8,96.4,0.575,Derived proxy,Derived proxy,Derived proxy,Derived proxy,,,13.6,5.6,Strong positive regression,Weak Contact-First Profile profile. 2.8% barrel rate; 84.1 mph average exit velocity; 26.5% air-ball rate; 40.6% pull-air rate; 4.8% HR-launch rate.,0.024,0.0261,3.93,31,8,37.1,0.84,83.5,Near normal interval,681517.0,Kyle Leahy,R,RHB vs RHP,22,22,112.1,3.45,1.34,12,0.96,7.93,2.8,612.0,6.9,30.4,12.1,44.5,29.7,84.4,97.4,114.9,0.599,12.0,26.9,99.9,0.503,2.8,4-Seam Fastball,R,RHB vs RHP,31.1,250,0.223,0.296,0.371,0.667,7,18,56,0.028,4.2,0.542,229,0.0218,5.9,0.525,1,1,1,1/1,1.0,1.0,1.0,2.0,0,0,0,33.7,Slight Pitcher Advantage,Below average,51.2,5,Pitch-level Statcast · last 5 MLB games,421,4-Seam Fastball,22.327790973871736,94.0,Curveball,18.28978622327791,77.0,Slider,16.8646080760095,71.0,Changeup,14.964370546318289,63.0,Sweeper,14.964370546318289,63.0,Sinker,12.589073634204276,53.0,Unknown,,Unknown,,No,100.0,1.0,1.0,50.0,0.954,0.994,41.6,Current-Season Handedness Matchup,Pull Air %,Barrel %,Max Exit Velocity,31.1,48.3,26.9,42.9,50.0,45.0,41.7,4.37,0.918,0.978,0.985,0.975,0.949,0.925,1.0,9.89,5.88,81.9,21.3,F,Lineup unconfirmed,,,
136,2026-08-12,823263,2026-08-12T20:10:00Z,Scheduled,Petco Park,Milwaukee Brewers @ San Diego Padres,Home,664034,Ty France,San Diego Padres,Milwaukee Brewers,1B,R,No,,95,334,301,88,15,2,17,42,51,17,10,75,0.292,0.345,0.525,0.87,13,52,45,15,1,0.333,0.0192,25,105,95,33,6,0.347,0.0571,464,138,6.1,29.2,42.8,26.2,30.7,14.4,27.7,43.6,34.4,6.4,4.0,6.4,64.3,85.2,18.1,0.604,70.2,96.8,111.9,20.0,12.4,7.4,47.0,37.1,Below Average,2.5,Pull Power,A,Excellent HR swing plane,37.1,Below Average,0.964,Good,6.5,44.4,97.8,0.621,Derived proxy,Derived proxy,Derived proxy,Derived proxy,,,25.79,8.79,Strong positive regression,Below Average Pull Power profile. 6.1% barrel rate; 85.2 mph average exit velocity; 27.7% air-ball rate; 43.6% pull-air rate; 6.4% HR-launch rate.,0.0509,0.0459,4.09,5,1,17.7,0.28,28.2,Very recent HR,669160.0,Dustin May,R,RHB vs RHP,22,22,115.0,4.3,1.27,8,0.63,8.69,2.97,612.0,4.1,27.1,12.6,34.4,31.5,82.9,95.3,114.8,0.508,8.0,43.8,99.9,0.605,6.1,4-Seam Fastball,R,RHB vs RHP,39.4,233,0.283,0.332,0.538,0.87,14,11,50,0.0601,6.1,0.58,187,0.0107,5.2,0.509,2,2,0,0/2,0.0,0.0,0.0,0.0,0,0,1,42.0,Slight Pitcher Advantage,Below average,45.0,5,Pitch-level Statcast · last 5 MLB games,438,4-Seam Fastball,25.34246575342466,111.0,Cutter,23.972602739726028,105.0,Sinker,18.72146118721461,82.0,Sweeper,18.264840182648403,80.0,Changeup,7.762557077625571,34.0,Curveball,5.936073059360731,26.0,Unknown,,Unknown,,No,94.0,0.94,1.0,39.2,0.988,0.966,50.5,Current-Season Handedness Matchup,Pull Air %,Barrel %,Max Exit Velocity,39.4,25.3,43.8,52.6,39.2,45.0,41.7,4.37,0.916,0.925,0.985,1.03,0.964,0.993,0.98,17.48,8.24,83.9,28.2,F,Lineup unconfirmed,,,
137,2026-08-12,823833,2026-08-12T22:40:00Z,Scheduled,loanDepot park,Pittsburgh Pirates @ Miami Marlins,Away,682848,Endy Rodríguez,Pittsburgh Pirates,Miami Marlins,C,S,No,,45,159,135,36,6,0,7,20,20,23,0,41,0.267,0.373,0.467,0.84,8,29,27,8,2,0.296,0.069,10,37,35,10,2,0.286,0.0541,187,49,4.9,25.9,52.1,26.6,21.3,15.1,28.4,49.4,30.5,5.9,3.9,5.9,107.9,84.7,22.9,0.536,71.1,95.3,108.6,25.6,12.6,8.6,43.4,34.9,Weak,2.5,Pull Power,A-,Elevated power plane,34.9,Weak,0.958,Good,2.0,50.0,93.6,0.457,Derived proxy,Derived proxy,Derived proxy,Derived proxy,,,9.1,2.1,Positive regression,Weak Pull Power profile. 4.9% barrel rate; 84.7 mph average exit velocity; 28.4% air-ball rate; 49.4% pull-air rate; 5.9% HR-launch rate.,0.044,0.0389,4.15,5,2,19.3,0.26,25.9,Very recent HR,676083.0,Janson Junk,R,Switch vs RHP,16,16,81.2,4.63,1.36,12,1.32,6.83,2.53,509.0,4.3,24.0,11.8,51.8,28.1,82.8,95.1,114.2,0.513,12.0,36.6,99.9,0.525,6.5,4-Seam Fastball,L,LHB vs RHP,40.1,131,0.295,0.392,0.509,0.901,6,18,31,0.0458,7.1,0.581,219,0.0274,4.0,0.549,0,0,0,0/0,,,,,0,0,0,40.9,Slight Pitcher Advantage,Below average,50.0,5,Pitch-level Statcast · last 5 MLB games,360,4-Seam Fastball,45.833333333333336,165.0,Changeup,14.166666666666666,51.0,Slider,13.61111111111111,49.0,Sweeper,13.055555555555555,47.0,Sinker,8.055555555555555,29.0,Curveball,5.277777777777778,19.0,Unknown,,Unknown,,No,94.0,0.94,1.0,39.2,0.973,0.968,48.5,Current-Season Handedness Matchup,Pull Air %,Barrel %,Max Exit Velocity,40.1,36.6,36.6,39.4,39.2,45.0,41.7,4.37,1.241,1.035,1.035,1.0,0.958,0.958,0.98,15.16,9.9,66.3,28.0,F,Lineup unconfirmed,,,
138,2026-08-12,823916,2026-08-13T02:10:00Z,Scheduled,UNIQLO Field at Dodger Stadium,Kansas City Royals @ Los Angeles Dodgers,Away,686681,Michael Massey,Kansas City Royals,Los Angeles Dodgers,2B,L,No,,100,332,309,80,20,1,9,40,39,16,0,59,0.259,0.291,0.417,0.708,11,43,42,8,1,0.19,0.0233,23,86,82,21,2,0.256,0.0233,457,118,3.9,25.8,60.9,18.3,20.8,17.4,30.4,46.2,27.4,7.5,4.8,7.5,48.3,83.6,17.9,0.459,69.8,94.6,107.6,14.1,12.4,3.7,55.1,29.3,Weak,2.0,Pull Power,A,Excellent HR swing plane,29.3,Weak,0.942,Good,3.4,42.4,93.8,0.413,Derived proxy,Derived proxy,Derived proxy,Derived proxy,,,19.45,10.45,Strong positive regression,Weak Pull Power profile. 3.9% barrel rate; 83.6 mph average exit velocity; 30.4% air-ball rate; 46.2% pull-air rate; 7.5% HR-launch rate.,0.0271,0.0284,4.05,24,6,34.3,0.7,69.9,Recently homered,641778.0,Eric Lauer,L,LHB vs LHP,18,15,92.0,4.89,1.26,22,2.15,5.58,2.84,596.0,6.5,21.5,19.0,42.9,28.5,81.5,93.4,114.5,0.569,22.0,35.3,99.9,0.541,5.1,4-Seam Fastball,L,LHB vs LHP,44.4,71,0.313,0.343,0.552,0.895,3,3,18,0.0423,4.8,0.48,86,0.0698,5.3,0.544,2,2,0,0/2,0.0,0.0,0.0,0.0,0,0,1,41.3,Slight Pitcher Advantage,Below average,45.0,5,Pitch-level Statcast · last 5 MLB games,467,4-Seam Fastball,36.83083511777302,172.0,Cutter,26.980728051391864,126.0,Changeup,14.132762312633833,66.0,Slider,11.777301927194861,55.0,Curveball,10.278372591006423,48.0,,,,Unknown,,Unknown,,No,100.0,1.0,1.0,50.0,0.971,0.99,44.8,Current-Season Handedness Matchup,Pull Air %,Barrel %,Max Exit Velocity,44.4,40.3,35.3,35.7,50.0,45.0,41.6,4.36,0.927,1.168,0.985,1.0,0.942,0.942,1.0,11.02,7.2,82.6,23.9,F,Lineup unconfirmed,,,
139,2026-08-12,823994,2026-08-13T02:10:00Z,Scheduled,Angel Stadium,Texas Rangers @ Los Angeles Angels,Away,677649,Ezequiel Duran,Texas Rangers,Los Angeles Angels,SS,R,No,,111,423,383,104,22,3,13,54,64,31,3,99,0.272,0.327,0.446,0.773,12,50,44,12,1,0.273,0.02,24,98,87,24,3,0.276,0.0306,569,133,3.1,19.5,40.0,25.5,33.4,11.6,23.8,38.3,33.5,5.0,3.1,5.0,73.2,81.5,19.5,0.526,69.8,92.7,111.0,24.6,10.8,4.9,41.7,25.8,Weak,2.0,Contact-First Profile,A,Excellent HR swing plane,25.8,Weak,0.932,Good,3.0,40.6,92.0,0.549,Derived proxy,Derived proxy,Derived proxy,Derived proxy,,,18.14,5.14,Strong positive regression,Weak Contact-First Profile profile. 3.1% barrel rate; 81.5 mph average exit velocity; 23.8% air-ball rate; 38.3% pull-air rate; 5.0% HR-launch rate.,0.0307,0.031,4.05,25,7,29.5,0.85,84.9,Near normal interval,691946.0,George Klassen,R,RHB vs RHP,3,3,8.2,7.27,2.88,1,1.04,9.35,14.54,54.0,9.3,24.1,13.0,41.7,35.2,83.4,95.4,111.3,0.578,1.0,26.3,100.0,0.503,2.5,4-Seam Fastball,R,RHB vs RHP,38.9,319,0.271,0.311,0.461,0.772,11,17,72,0.0345,3.7,0.524,22,0.0455,9.1,0.557,0,0,0,0/0,,,,,0,0,0,36.7,Slight Pitcher Advantage,Below average,50.0,3,Pitch-level Statcast · last 5 MLB games,228,4-Seam Fastball,40.78947368421053,93.0,Changeup,23.68421052631579,54.0,Slider,20.614035087719298,47.0,Curveball,7.894736842105263,18.0,Sinker,7.017543859649122,16.0,,,,Unknown,,Unknown,,No,100.0,1.0,1.0,50.0,0.953,1.018,41.2,Current-Season Handedness Matchup,Pull Air %,Barrel %,Max Exit Velocity,38.9,52.6,26.3,29.6,50.0,45.0,41.6,4.36,0.92,0.999,0.985,1.0,0.932,0.932,1.0,11.98,6.84,84.8,25.1,F,Lineup unconfirmed,,,
140,2026-08-12,822779,2026-08-12T23:07:00Z,Scheduled,Rogers Centre,Boston Red Sox @ Toronto Blue Jays,Away,680776,Jarren Duran,Boston Red Sox,Toronto Blue Jays,LF,L,No,,112,475,430,87,12,3,16,52,60,32,4,134,0.202,0.26,0.356,0.616,12,50,45,11,3,0.244,0.06,25,99,90,21,3,0.233,0.0303,528,118,5.1,26.0,48.1,28.2,23.1,12.2,23.9,39.7,27.3,5.8,3.9,5.8,58.8,82.1,15.9,0.545,72.6,96.1,113.6,48.1,9.4,12.0,39.8,35.2,Below Average,2.5,Contact-First Profile,A,Excellent HR swing plane,35.2,Below Average,0.959,Good,3.4,37.0,96.7,0.518,Derived proxy,Derived proxy,Derived proxy,Derived proxy,,,23.97,7.97,Strong positive regression,Below Average Contact-First Profile profile. 5.1% barrel rate; 82.1 mph average exit velocity; 23.9% air-ball rate; 39.7% pull-air rate; 5.8% HR-launch rate.,0.0337,0.0333,3.87,14,4,26.9,0.52,52.1,Recently homered,667755.0,José Soriano,R,LHB vs RHP,23,23,127.2,3.24,1.26,12,0.85,9.16,4.23,613.0,4.6,23.8,11.9,41.5,27.6,83.2,95.2,112.7,0.534,12.0,41.2,99.8,0.598,5.2,Sinker,L,LHB vs RHP,41.4,352,0.196,0.245,0.379,0.624,15,20,103,0.0426,6.5,0.579,297,0.0337,5.2,0.567,4,3,2,2/3,0.667,0.75,1.667,2.417,1,1,0,45.1,Neutral Matchup,Average,60.0,5,Pitch-level Statcast · last 5 MLB games,444,Knuckle Curve,30.63063063063063,136.0,Sinker,29.054054054054053,129.0,4-Seam Fastball,22.07207207207207,98.0,Split-Finger,15.765765765765765,70.0,Slider,2.4774774774774775,11.0,,,,Unknown,,Unknown,,No,100.0,1.0,1.0,50.0,0.982,0.971,47.3,Current-Season Handedness Matchup,Pull Air %,Barrel %,Max Exit Velocity,41.4,32.7,41.2,36.5,50.0,45.0,41.6,4.36,1.159,0.96,1.025,0.975,0.959,0.935,1.0,12.3,8.02,84.9,24.7,F,Lineup unconfirmed,,,
141,2026-08-12,824562,2026-08-12T23:40:00Z,Scheduled,Rate Field,Cincinnati Reds @ Chicago White Sox,Home,643217,Andrew Benintendi,Chicago White Sox,Cincinnati Reds,DH,L,No,,104,352,317,78,18,2,12,45,57,29,1,84,0.246,0.308,0.429,0.737,9,24,22,7,2,0.318,0.0833,21,64,57,15,2,0.263,0.0312,452,72,4.6,23.9,50.1,23.2,25.1,16.7,30.8,48.3,25.6,7.4,6.0,7.4,66.2,82.5,25.4,0.507,67.8,93.5,106.3,3.7,10.8,0.8,49.2,28.3,Weak,2.0,Pull Power,A-,Elevated power plane,28.3,Weak,0.939,Good,2.8,33.3,92.2,0.4,Derived proxy,Derived proxy,Derived proxy,Derived proxy,,,20.83,8.83,Strong positive regression,Weak Pull Power profile. 4.6% barrel rate; 82.5 mph average exit velocity; 30.8% air-ball rate; 48.3% pull-air rate; 7.4% HR-launch rate.,0.0341,0.0336,3.99,12,5,26.4,0.45,45.4,Recently homered,695076.0,Rhett Lowder,R,LHB vs RHP,20,17,89.0,5.26,1.48,11,1.11,7.38,3.94,477.0,5.9,25.4,16.8,40.3,32.5,84.4,95.9,116.0,0.58,11.0,40.8,99.7,0.573,6.2,Sinker,L,LHB vs RHP,46.0,311,0.254,0.318,0.459,0.777,12,27,69,0.0386,6.0,0.567,251,0.0398,7.8,0.669,0,0,0,0/0,,,,,0,0,0,45.0,Neutral Matchup,Average,50.0,5,Pitch-level Statcast · last 5 MLB games,339,Slider,33.03834808259587,112.0,Sinker,28.023598820058996,95.0,Changeup,17.99410029498525,61.0,4-Seam Fastball,15.634218289085545,53.0,Curveball,5.014749262536873,17.0,Sweeper,0.2949852507374631,1.0,Unknown,,Unknown,,No,100.0,1.0,1.0,50.0,0.982,0.984,45.7,Current-Season Handedness Matchup,Pull Air %,Barrel %,Max Exit Velocity,46.0,39.2,40.8,22.6,50.0,45.0,41.6,4.36,1.252,1.002,1.025,1.0,0.939,0.939,1.0,12.73,9.02,82.1,27.2,F,Lineup unconfirmed,,,
142,2026-08-12,823511,2026-08-12T23:05:00Z,Scheduled,Yankee Stadium,Seattle Mariners @ New York Yankees,Home,671218,Heliot Ramos,New York Yankees,Seattle Mariners,LF,R,No,,80,331,309,78,15,3,9,36,34,18,3,91,0.252,0.299,0.408,0.707,10,42,36,5,0,0.139,0.0,22,96,87,17,1,0.195,0.0104,444,108,6.5,26.0,29.4,32.7,37.1,8.9,19.4,15.7,31.8,5.2,1.2,5.2,24.7,84.3,15.8,0.567,71.0,95.8,111.8,22.9,11.9,5.7,47.1,24.9,Weak,2.0,Contact-First Profile,A,Excellent HR swing plane,24.9,Weak,0.93,Good,4.6,5.9,95.0,0.444,Derived proxy,Derived proxy,Derived proxy,Derived proxy,,,21.88,12.88,Strong positive regression,Weak Contact-First Profile profile. 6.5% barrel rate; 84.3 mph average exit velocity; 19.4% air-ball rate; 15.7% pull-air rate; 5.2% HR-launch rate.,0.0272,0.0285,3.99,70,18,34.3,2.04,203.9,Very long drought,682243.0,Bryce Miller,R,RHB vs RHP,14,13,79.0,3.08,0.95,13,1.48,9.0,1.71,449.0,4.5,20.3,16.3,47.0,24.9,82.7,93.4,111.5,0.475,13.0,67.3,99.7,0.818,7.3,4-Seam Fastball,R,RHB vs RHP,41.9,252,0.25,0.294,0.398,0.692,7,12,70,0.0278,7.3,0.607,141,0.0567,5.1,0.497,6,6,1,1/6,0.167,0.167,0.167,0.334,0,0,1,49.4,Neutral Matchup,Average,35.0,5,Pitch-level Statcast · last 5 MLB games,441,4-Seam Fastball,43.31065759637188,191.0,Split-Finger,24.94331065759637,110.0,Slider,8.390022675736962,37.0,Sweeper,7.709750566893424,34.0,Sinker,7.2562358276643995,32.0,Cutter,4.988662131519274,22.0,Unknown,,Unknown,,No,108.0,1.08,1.0,64.4,1.035,0.97,36.7,Current-Season Handedness Matchup,Pull Air %,Barrel %,Max Exit Velocity,41.9,31.8,67.3,19.9,64.4,45.0,41.6,4.36,0.758,1.061,0.985,1.0,0.93,0.93,1.06,10.89,6.57,83.3,28.9,F,Lineup unconfirmed,Knuckle Curve,3.401360544217687,15.0
143,2026-08-12,823994,2026-08-13T02:10:00Z,Scheduled,Angel Stadium,Texas Rangers @ Los Angeles Angels,Home,687263,Zach Neto,Los Angeles Angels,Texas Rangers,SS,R,No,,117,524,466,105,23,3,20,75,52,49,8,167,0.225,0.309,0.416,0.725,11,48,48,8,1,0.167,0.0208,23,101,95,18,1,0.189,0.0099,643,117,6.3,25.7,45.7,26.1,28.0,17.1,26.3,47.1,28.4,7.4,3.9,7.4,36.0,83.1,18.6,0.561,68.8,95.0,109.5,13.8,10.9,2.9,39.0,31.6,Weak,2.5,Pull Power,A,Excellent HR swing plane,31.6,Weak,0.948,Good,6.0,43.3,95.3,0.473,Derived proxy,Derived proxy,Derived proxy,Derived proxy,,,36.71,16.71,Strong positive regression,Weak Pull Power profile. 6.3% barrel rate; 83.1 mph average exit velocity; 26.3% air-ball rate; 47.1% pull-air rate; 7.4% HR-launch rate.,0.0382,0.037,3.99,22,5,23.3,0.94,94.4,Near normal interval,615698.0,Cal Quantrill,R,RHB vs RHP,24,7,65.2,3.56,1.19,9,1.23,5.89,2.6,381.0,4.7,21.0,16.0,32.1,29.1,81.8,93.9,111.2,0.517,9.0,49.6,99.6,0.635,7.6,Cutter,R,RHB vs RHP,33.3,382,0.217,0.298,0.411,0.709,15,32,126,0.0393,6.9,0.611,121,0.0248,2.6,0.394,10,7,1,1/7,0.143,0.4,0.286,0.686,0,1,1,39.9,Slight Pitcher Advantage,Below average,37.6,5,Pitch-level Statcast · last 5 MLB games,307,Split-Finger,29.64169381107492,91.0,4-Seam Fastball,23.452768729641694,72.0,Cutter,21.824104234527688,67.0,Sinker,19.86970684039088,61.0,Curveball,5.2117263843648205,16.0,,,,Unknown,,Unknown,,No,100.0,1.0,1.0,50.0,0.999,0.972,47.0,Current-Season Handedness Matchup,Pull Air %,Barrel %,Max Exit Velocity,33.3,24.9,49.6,45.4,50.0,45.0,41.6,4.36,0.805,1.019,0.985,1.0,0.948,0.948,1.0,13.97,7.15,85.0,25.3,F,Lineup unconfirmed,,,
144,2026-08-12,823672,2026-08-12T17:40:00Z,Scheduled,Target Field,Baltimore Orioles @ Minnesota Twins,Away,665750,Leody Taveras,Baltimore Orioles,Minnesota Twins,CF,S,No,,103,362,316,71,12,6,6,44,42,35,1,90,0.225,0.303,0.358,0.661,10,30,29,6,1,0.207,0.0333,21,72,63,11,2,0.175,0.0278,456,96,2.3,17.9,41.8,33.0,24.6,12.4,24.1,42.4,26.0,3.8,2.6,3.8,70.5,78.5,17.5,0.439,68.8,91.8,112.4,23.7,7.8,5.0,38.1,22.3,Weak,2.0,Pull Power,A,Excellent HR swing plane,22.3,Weak,0.922,Good,2.1,43.5,92.0,0.404,Derived proxy,Derived proxy,Derived proxy,Derived proxy,,,12.17,6.17,Strong positive regression,Weak Pull Power profile. 2.3% barrel rate; 78.5 mph average exit velocity; 24.1% air-ball rate; 42.4% pull-air rate; 3.8% HR-launch rate.,0.0166,0.0204,4.05,18,5,52.7,0.34,34.2,Very recent HR,805673.0,Zebby Matthews,R,Switch vs RHP,15,15,86.0,5.23,1.34,17,1.78,7.64,2.93,473.0,7.6,27.7,14.6,48.9,30.4,85.0,96.7,112.8,0.573,17.0,29.2,100.0,0.516,3.3,4-Seam Fastball,L,LHB vs RHP,34.0,247,0.247,0.324,0.423,0.747,5,24,54,0.0202,2.9,0.485,203,0.0394,8.8,0.597,3,3,0,0/3,0.0,0.0,0.0,0.0,0,0,1,34.0,Slight Pitcher Advantage,Below average,42.5,5,Pitch-level Statcast · last 5 MLB games,465,4-Seam Fastball,38.924731182795696,181.0,Slider,23.010752688172044,107.0,Changeup,14.838709677419354,69.0,Curveball,10.96774193548387,51.0,Cutter,8.172043010752688,38.0,Sinker,4.086021505376344,19.0,Unknown,,Unknown,,No,100.0,1.0,1.0,50.0,0.958,1.001,39.7,Current-Season Handedness Matchup,Pull Air %,Barrel %,Max Exit Velocity,34.0,52.4,29.2,30.1,50.0,45.0,41.5,4.35,1.204,1.109,1.035,1.0,0.922,0.922,0.98,8.01,6.69,82.8,22.5,F,Lineup unconfirmed,,,
145,2026-08-12,825047,2026-08-12T19:40:00Z,Scheduled,Chase Field,Colorado Rockies @ Arizona Diamondbacks,Home,543510,James McCann,Arizona Diamondbacks,Colorado Rockies,C,R,No,,34,113,106,31,5,0,4,11,21,4,1,28,0.292,0.324,0.453,0.777,6,26,23,7,1,0.304,0.0385,10,44,40,16,2,0.4,0.0455,140,50,5.4,23.7,37.1,25.4,37.5,12.8,27.0,32.2,30.7,4.2,3.7,4.2,60.5,82.5,13.2,0.57,69.6,94.9,109.4,20.3,10.0,4.2,37.6,25.5,Weak,2.0,Contact-First Profile,A,Excellent HR swing plane,25.5,Weak,0.931,Good,6.0,37.5,94.3,0.675,Derived proxy,Derived proxy,Derived proxy,Derived proxy,,,6.11,2.11,Positive regression,Weak Contact-First Profile profile. 5.3% barrel rate; 82.5 mph average exit velocity; 27.0% air-ball rate; 32.2% pull-air rate; 4.2% HR-launch rate.,0.0354,0.0336,3.99,12,3,26.5,0.45,45.3,Recently homered,663372.0,Ryan Feltner,R,RHB vs RHP,17,17,82.0,5.71,1.45,18,1.98,6.48,3.62,456.0,7.7,26.5,16.9,46.9,26.5,83.0,95.3,111.1,0.607,18.0,16.3,100.0,0.392,3.0,4-Seam Fastball,R,RHB vs RHP,55.4,64,0.305,0.339,0.559,0.898,4,2,18,0.0625,7.9,0.613,176,0.0568,6.3,0.617,0,0,0,0/0,,,,,0,0,0,40.6,Slight Pitcher Advantage,Below average,50.0,5,Pitch-level Statcast · last 5 MLB games,423,4-Seam Fastball,29.78723404255319,126.0,Slider,21.98581560283688,93.0,Changeup,19.148936170212767,81.0,Sinker,14.893617021276595,63.0,Sweeper,7.328605200945627,31.0,Curveball,6.855791962174941,29.0,Unknown,,Unknown,,No,100.0,1.0,1.0,50.0,0.933,1.002,44.8,Current-Season Handedness Matchup,Pull Air %,Barrel %,Max Exit Velocity,55.4,50.9,16.3,37.8,50.0,45.0,41.5,4.35,1.095,1.141,0.985,1.0,0.931,0.931,1.0,12.77,8.52,63.6,24.4,F,Lineup unconfirmed,,,
146,2026-08-12,823833,2026-08-12T22:40:00Z,Scheduled,loanDepot park,Pittsburgh Pirates @ Miami Marlins,Home,682663,Agustín Ramírez,Miami Marlins,Pittsburgh Pirates,C,R,No,,36,140,122,29,5,1,2,15,14,15,2,32,0.238,0.329,0.344,0.673,5,11,9,3,0,0.333,0.0,5,11,9,3,0,0.333,0.0,172,13,3.9,21.4,43.8,36.9,19.3,8.1,20.8,46.7,31.8,3.4,1.5,3.4,25.0,82.7,18.0,0.411,73.8,94.2,112.1,52.5,7.3,10.0,47.3,31.8,Weak,2.5,Pull Power,A,Excellent HR swing plane,31.8,Weak,0.949,Good,0.0,66.7,84.4,0.396,Derived proxy,Derived proxy,Derived proxy,Derived proxy,,,6.45,4.45,Strong positive regression,Weak Pull Power profile. 3.9% barrel rate; 82.7 mph average exit velocity; 20.8% air-ball rate; 46.7% pull-air rate; 3.4% HR-launch rate.,0.0143,0.0225,3.99,41,14,61.0,0.67,67.2,Recently homered,669387.0,Carmen Mlodzinski,R,RHB vs RHP,26,10,97.1,3.51,1.36,8,0.74,7.12,2.96,549.0,4.9,30.1,14.0,40.5,30.1,84.6,96.5,111.7,0.542,8.0,62.7,99.9,0.733,9.2,4-Seam Fastball,R,RHB vs RHP,13.0,97,0.209,0.289,0.267,0.556,1,9,23,0.0103,3.9,0.31,162,0.0123,3.3,0.481,0,0,0,0/0,,,,,0,0,0,37.8,Slight Pitcher Advantage,Below average,50.0,5,Pitch-level Statcast · last 5 MLB games,223,Split-Finger,26.457399103139014,59.0,4-Seam Fastball,25.56053811659193,57.0,Sinker,19.730941704035875,44.0,Cutter,12.10762331838565,27.0,Sweeper,10.762331838565023,24.0,Curveball,5.381165919282512,12.0,Unknown,,Unknown,,No,94.0,0.94,1.0,39.2,1.025,0.974,39.1,Current-Season Handedness Matchup,Pull Air %,Barrel %,Max Exit Velocity,13.0,35.1,62.7,30.0,39.2,45.0,41.4,4.35,1.0,0.942,0.985,0.965,0.949,0.916,1.0,8.67,5.52,62.9,18.0,F,Lineup unconfirmed,,,
147,2026-08-12,823511,2026-08-12T23:05:00Z,Scheduled,Yankee Stadium,Seattle Mariners @ New York Yankees,Away,668227,Randy Arozarena,Seattle Mariners,New York Yankees,LF,R,No,,112,478,413,114,24,1,15,74,50,45,17,99,0.276,0.368,0.448,0.816,11,47,42,11,2,0.262,0.0426,23,99,88,21,4,0.239,0.0404,606,128,4.3,24.7,36.8,30.6,32.4,12.2,24.7,34.5,33.0,5.2,2.5,5.2,54.7,83.5,13.2,0.545,68.8,95.5,112.4,20.9,11.4,6.8,55.7,28.7,Weak,2.0,Contact-First Profile,A,Excellent HR swing plane,28.7,Weak,0.94,Good,3.9,36.4,95.1,0.514,Derived proxy,Derived proxy,Derived proxy,Derived proxy,,,23.98,8.98,Strong positive regression,Weak Contact-First Profile profile. 4.3% barrel rate; 83.5 mph average exit velocity; 24.7% air-ball rate; 34.5% pull-air rate; 5.2% HR-launch rate.,0.0314,0.0315,4.15,0,0,27.5,0.0,0.0,Very recent HR,701542.0,Will Warren,R,RHB vs RHP,23,22,114.0,4.18,1.37,15,1.18,9.0,2.92,611.0,4.4,26.8,12.6,46.4,28.8,84.0,96.4,116.9,0.565,15.0,40.0,99.8,0.592,4.9,4-Seam Fastball,R,RHB vs RHP,32.9,357,0.279,0.381,0.452,0.833,11,36,76,0.0308,5.0,0.592,214,0.0234,3.3,0.549,5,4,0,0/4,0.0,0.2,0.0,0.2,0,0,2,36.3,Slight Pitcher Advantage,Below average,37.5,5,Pitch-level Statcast · last 5 MLB games,346,4-Seam Fastball,29.76878612716763,103.0,Sinker,21.09826589595376,73.0,Sweeper,19.07514450867052,66.0,Changeup,18.208092485549134,63.0,Curveball,11.84971098265896,41.0,,,,Unknown,,Unknown,,No,108.0,1.08,1.0,64.4,0.98,0.969,41.1,Current-Season Handedness Matchup,Pull Air %,Barrel %,Max Exit Velocity,32.9,37.8,40.0,33.7,64.4,45.0,41.4,4.34,1.128,1.013,0.985,1.0,0.94,0.94,0.98,12.44,8.32,84.9,27.7,F,Lineup unconfirmed,,,
148,2026-08-12,825047,2026-08-12T19:40:00Z,Scheduled,Chase Field,Colorado Rockies @ Arizona Diamondbacks,Away,681198,TJ Rumfield,Colorado Rockies,Arizona Diamondbacks,1B,L,No,,117,469,415,122,24,2,13,50,59,45,7,67,0.294,0.371,0.455,0.826,11,41,40,12,0,0.3,0.0,22,85,80,23,1,0.288,0.0118,656,136,2.6,17.2,45.2,25.0,29.2,14.9,29.1,40.6,33.7,4.3,2.4,4.3,57.7,80.3,19.3,0.456,66.4,91.7,110.8,7.1,7.9,2.6,38.7,20.8,Weak,2.0,Contact-First Profile,A,Excellent HR swing plane,20.8,Weak,0.918,Good,1.5,30.8,91.2,0.462,Derived proxy,Derived proxy,Derived proxy,Derived proxy,,,18.72,5.72,Strong positive regression,Weak Contact-First Profile profile. 2.6% barrel rate; 80.3 mph average exit velocity; 29.1% air-ball rate; 40.6% pull-air rate; 4.3% HR-launch rate.,0.0277,0.0286,4.15,71,20,31.9,2.22,222.4,Very long drought,518876.0,Merrill Kelly,R,LHB vs RHP,21,21,120.0,4.88,1.47,23,1.73,6.0,3.75,687.0,8.2,29.5,14.8,47.8,31.9,83.7,97.0,114.6,0.661,23.0,23.0,99.6,0.452,3.4,Changeup,L,LHB vs RHP,42.3,329,0.307,0.383,0.493,0.876,11,31,49,0.0334,3.8,0.49,312,0.0481,8.5,0.68,4,4,0,0/4,0.0,0.0,0.0,0.0,0,0,1,35.1,Slight Pitcher Advantage,Below average,40.0,5,Pitch-level Statcast · last 5 MLB games,443,Changeup,32.50564334085779,144.0,4-Seam Fastball,24.604966139954854,109.0,Cutter,13.318284424379232,59.0,Curveball,12.641083521444695,56.0,Sinker,10.15801354401806,45.0,Slider,6.772009029345372,30.0,Unknown,,Unknown,,No,100.0,1.0,1.0,50.0,0.946,1.007,41.5,Current-Season Handedness Matchup,Pull Air %,Barrel %,Max Exit Velocity,42.3,57.1,23.0,16.5,50.0,45.0,41.3,4.33,0.758,1.101,1.025,1.0,0.918,0.918,1.06,11.34,6.47,83.8,31.5,D,Lineup unconfirmed,,,
149,2026-08-12,822698,2026-08-12T22:45:00Z,Scheduled,Nationals Park,Chicago Cubs @ Washington Nationals,Home,691781,Brady House,Washington Nationals,Chicago Cubs,3B,R,No,,58,224,207,49,10,0,8,29,27,15,1,65,0.237,0.29,0.401,0.691,11,36,33,8,1,0.242,0.0278,14,47,44,12,1,0.273,0.0213,261,50,8.7,31.5,32.2,34.4,32.9,14.4,27.0,22.9,29.3,8.4,1.5,8.4,34.7,84.2,13.3,0.712,72.5,96.7,112.2,37.4,12.8,9.2,43.6,34.6,Weak,2.5,Contact-First Profile,A,Excellent HR swing plane,34.6,Weak,0.957,Good,12.0,14.3,97.8,0.818,Derived proxy,Derived proxy,Derived proxy,Derived proxy,,,17.78,9.78,Strong positive regression,Weak Contact-First Profile profile. 8.7% barrel rate; 84.2 mph average exit velocity; 27.0% air-ball rate; 22.9% pull-air rate; 8.4% HR-launch rate.,0.0357,0.0344,3.99,13,4,25.9,0.5,50.2,Recently homered,656849.0,David Peterson,L,RHB vs LHP,23,15,106.0,5.35,1.5,11,0.93,7.47,3.65,585.0,4.1,26.8,12.5,41.6,29.7,82.7,96.1,111.7,0.535,11.0,45.9,99.8,0.613,6.8,Sinker,R,RHB vs LHP,42.6,73,0.333,0.397,0.561,0.958,3,7,19,0.0411,8.2,0.777,333,0.018,3.6,0.516,5,5,0,0/5,0.0,0.0,0.0,0.0,0,0,2,42.8,Slight Pitcher Advantage,Below average,37.5,5,Pitch-level Statcast · last 5 MLB games,443,Sinker,36.11738148984199,160.0,4-Seam Fastball,24.830699774266364,110.0,Slider,19.63882618510158,87.0,Changeup,13.99548532731377,62.0,Curveball,5.417607223476298,24.0,,,,Unknown,,Unknown,,No,100.0,1.0,1.0,50.0,0.992,0.966,43.5,Current-Season Handedness Matchup,Pull Air %,Barrel %,Max Exit Velocity,42.6,32.0,45.9,41.9,50.0,45.0,41.2,4.33,0.889,0.973,1.025,1.0,0.957,0.957,1.0,13.04,7.2,71.8,22.2,F,Lineup unconfirmed,,,
150,2026-08-12,824967,2026-08-12T19:05:00Z,Scheduled,Sutter Health Park,Tampa Bay Rays @ Athletics,Away,666018,Jonathan Aranda,Tampa Bay Rays,Athletics,1B,L,No,,116,507,435,124,19,0,15,57,73,57,8,115,0.285,0.373,0.432,0.805,11,51,48,14,1,0.292,0.0196,23,101,95,23,1,0.242,0.0099,676,146,4.3,22.9,41.9,22.7,35.2,14.8,27.6,37.9,35.2,5.8,2.8,5.8,37.5,83.4,20.1,0.593,68.4,94.3,110.3,10.6,12.0,4.1,45.3,27.3,Weak,2.0,Contact-First Profile,A-,Elevated power plane,27.3,Weak,0.936,Good,3.4,36.8,93.9,0.547,Derived proxy,Derived proxy,Derived proxy,Derived proxy,,,27.67,12.67,Strong positive regression,Weak Contact-First Profile profile. 4.3% barrel rate; 83.4 mph average exit velocity; 27.6% air-ball rate; 37.9% pull-air rate; 5.8% HR-launch rate.,0.0296,0.03,4.15,17,4,29.0,0.59,58.6,Recently homered,678022.0,Jack Perkins,R,LHB vs RHP,28,10,76.2,7.04,1.45,15,1.76,10.8,3.64,428.0,5.1,22.7,18.0,35.4,31.1,82.0,94.4,111.2,0.567,15.0,50.0,97.4,0.695,4.7,4-Seam Fastball,L,LHB vs RHP,43.5,355,0.301,0.383,0.49,0.873,14,39,75,0.0394,5.3,0.647,182,0.044,4.9,0.573,0,0,0,0/0,,,,,0,0,0,47.1,Neutral Matchup,Average,50.0,5,Pitch-level Statcast · last 5 MLB games,384,4-Seam Fastball,28.90625,111.0,Changeup,24.739583333333332,95.0,Sweeper,22.395833333333332,86.0,Cutter,16.666666666666668,64.0,Sinker,5.989583333333333,23.0,Slider,1.3020833333333333,5.0,Unknown,,Unknown,,No,100.0,1.0,1.0,50.0,1.0,0.976,44.7,Current-Season Handedness Matchup,Pull Air %,Barrel %,Max Exit Velocity,43.5,30.9,50.0,30.8,50.0,45.0,41.2,4.32,0.825,1.106,1.025,1.0,0.936,0.936,1.0,11.89,6.98,85.0,25.4,F,Lineup unconfirmed,,,
151,2026-08-12,823833,2026-08-12T22:40:00Z,Scheduled,loanDepot park,Pittsburgh Pirates @ Miami Marlins,Away,694378,Jacob Gonzalez,Pittsburgh Pirates,Miami Marlins,SS,L,No,,52,156,143,34,6,0,5,16,26,8,3,30,0.238,0.29,0.385,0.675,11,28,26,6,1,0.231,0.0357,21,58,56,13,3,0.232,0.0517,240,91,4.0,21.5,52.9,21.0,25.6,14.1,26.9,53.5,36.4,6.8,2.8,6.8,62.4,81.7,24.4,0.509,68.3,93.3,108.8,10.1,10.6,3.8,50.0,31.1,Weak,2.0,Pull Power,A-,Elevated power plane,31.1,Weak,0.947,Good,4.4,55.6,93.4,0.524,Derived proxy,Derived proxy,Derived proxy,Derived proxy,,,10.15,5.15,Strong positive regression,Weak Pull Power profile. 4.0% barrel rate; 81.7 mph average exit velocity; 26.9% air-ball rate; 53.5% pull-air rate; 6.8% HR-launch rate.,0.0321,0.032,4.05,12,6,28.6,0.42,42.0,Recently homered,676083.0,Janson Junk,R,LHB vs RHP,16,16,81.2,4.63,1.36,12,1.32,6.83,2.53,509.0,4.3,24.0,11.8,51.8,28.1,82.8,95.1,114.2,0.513,12.0,34.4,99.9,0.559,3.8,4-Seam Fastball,L,LHB vs RHP,33.0,128,0.242,0.276,0.4,0.676,5,6,26,0.0391,3.4,0.536,219,0.0274,4.0,0.549,0,0,0,0/0,,,,,0,0,0,36.9,Slight Pitcher Advantage,Below average,50.0,5,Pitch-level Statcast · last 5 MLB games,360,4-Seam Fastball,45.833333333333336,165.0,Changeup,14.166666666666666,51.0,Slider,13.61111111111111,49.0,Sweeper,13.055555555555555,47.0,Sinker,8.055555555555555,29.0,Curveball,5.277777777777778,19.0,Unknown,,Unknown,,No,94.0,0.94,1.0,39.2,0.969,0.968,46.6,Current-Season Handedness Matchup,Pull Air %,Barrel %,Max Exit Velocity,33.0,36.6,34.4,46.1,39.2,45.0,41.1,4.32,1.136,1.035,1.025,1.0,0.947,0.947,1.0,12.35,7.97,67.8,22.6,F,Lineup unconfirmed,,,
152,2026-08-12,823833,2026-08-12T22:40:00Z,Scheduled,loanDepot park,Pittsburgh Pirates @ Miami Marlins,Home,665923,Esteury Ruiz,Miami Marlins,Pittsburgh Pirates,RF,R,No,,76,157,128,34,10,1,6,32,11,18,8,46,0.266,0.387,0.5,0.887,7,15,10,4,1,0.4,0.0667,18,39,32,11,2,0.344,0.0513,174,34,7.9,18.4,57.9,23.3,18.8,14.1,25.8,62.0,38.6,6.5,5.0,6.5,41.2,77.7,18.3,0.547,64.9,92.4,108.0,17.4,11.9,3.7,32.1,34.4,Weak,2.5,Pull Power,A,Excellent HR swing plane,34.4,Weak,0.956,Good,11.8,62.5,93.9,0.562,Derived proxy,Derived proxy,Derived proxy,Derived proxy,,,11.49,5.49,Strong positive regression,Weak Pull Power profile. 7.9% barrel rate; 77.7 mph average exit velocity; 25.8% air-ball rate; 62.0% pull-air rate; 6.5% HR-launch rate.,0.0382,0.0355,4.17,0,0,21.3,0.0,0.0,Very recent HR,669387.0,Carmen Mlodzinski,R,RHB vs RHP,26,10,97.1,3.51,1.36,8,0.74,7.12,2.96,549.0,4.9,30.1,14.0,40.5,30.1,84.6,96.5,111.7,0.542,8.0,28.8,73.9,0.463,5.7,4-Seam Fastball,R,RHB vs RHP,21.1,78,0.266,0.382,0.391,0.772,1,8,20,0.0128,3.3,0.481,162,0.0123,3.3,0.481,0,0,0,0/0,,,,,0,0,0,29.6,Strong Pitcher Advantage,Below average,50.0,5,Pitch-level Statcast · last 5 MLB games,223,Split-Finger,26.457399103139014,59.0,4-Seam Fastball,25.56053811659193,57.0,Sinker,19.730941704035875,44.0,Cutter,12.10762331838565,27.0,Sweeper,10.762331838565023,24.0,Curveball,5.381165919282512,12.0,Unknown,,Unknown,,No,94.0,0.94,1.0,39.2,0.958,0.974,46.4,Current-Season Handedness Matchup,Pull Air %,Barrel %,Max Exit Velocity,21.1,35.1,28.8,63.4,39.2,45.0,41.1,4.32,1.268,0.942,0.985,1.0,0.956,0.956,0.98,14.0,8.48,66.3,26.4,F,Lineup unconfirmed,,,
153,2026-08-12,823994,2026-08-13T02:10:00Z,Scheduled,Angel Stadium,Texas Rangers @ Los Angeles Angels,Away,642851,Austin Wynns,Texas Rangers,Los Angeles Angels,C,R,No,,31,80,75,10,0,0,1,4,1,4,0,21,0.133,0.177,0.173,0.35,7,14,14,4,0,0.286,0.0,11,23,22,6,1,0.273,0.0435,107,33,1.2,18.1,32.8,46.1,21.1,11.7,21.7,47.5,29.6,4.1,2.9,4.1,50.0,78.8,21.1,0.375,67.4,90.3,106.7,11.9,10.0,3.1,48.0,20.0,Weak,2.0,Pull Power,A-,Elevated power plane,20.0,Weak,0.916,Good,0.0,60.0,87.4,0.295,Derived proxy,Derived proxy,Derived proxy,Derived proxy,,,2.34,1.34,Near expected,Weak Pull Power profile. 1.2% barrel rate; 78.8 mph average exit velocity; 21.7% air-ball rate; 47.5% pull-air rate; 4.1% HR-launch rate.,0.0125,0.0242,3.87,14,8,75.0,0.19,18.7,Very recent HR,691946.0,George Klassen,R,RHB vs RHP,3,3,8.2,7.27,2.88,1,1.04,9.35,14.54,54.0,9.3,24.1,13.0,41.7,35.2,83.4,95.4,111.3,0.578,1.0,29.6,100.0,0.531,2.7,4-Seam Fastball,R,RHB vs RHP,36.3,45,0.119,0.178,0.119,0.297,0,3,13,0.0,0.0,0.31,22,0.0455,9.1,0.557,0,0,0,0/0,,,,,0,0,0,36.7,Slight Pitcher Advantage,Below average,50.0,3,Pitch-level Statcast · last 5 MLB games,228,4-Seam Fastball,40.78947368421053,93.0,Changeup,23.68421052631579,54.0,Slider,20.614035087719298,47.0,Curveball,7.894736842105263,18.0,Sinker,7.017543859649122,16.0,,,,Unknown,,Unknown,,No,100.0,1.0,1.0,50.0,0.959,1.018,38.0,Current-Season Handedness Matchup,Pull Air %,Barrel %,Max Exit Velocity,36.3,52.6,29.6,30.0,50.0,45.0,41.0,4.31,0.87,0.999,0.985,0.94,0.916,0.861,0.98,9.05,5.27,59.6,16.8,F,Lineup unconfirmed,,,
154,2026-08-12,823511,2026-08-12T23:05:00Z,Scheduled,Yankee Stadium,Seattle Mariners @ New York Yankees,Away,702284,Cole Young,Seattle Mariners,New York Yankees,2B,L,No,,120,481,438,115,15,3,14,54,52,31,8,79,0.263,0.321,0.406,0.727,11,47,44,13,1,0.295,0.0213,23,97,90,27,3,0.3,0.0309,655,136,3.3,25.0,46.3,27.0,26.7,14.7,28.0,44.2,29.0,6.0,3.7,6.0,65.8,83.0,21.3,0.498,69.6,95.0,111.2,18.4,12.6,4.6,41.9,28.4,Weak,2.0,Pull Power,A-,Elevated power plane,28.4,Weak,0.94,Good,2.9,41.0,95.7,0.475,Derived proxy,Derived proxy,Derived proxy,Derived proxy,,,23.88,9.88,Strong positive regression,Weak Pull Power profile. 3.3% barrel rate; 83.0 mph average exit velocity; 28.0% air-ball rate; 44.2% pull-air rate; 6.0% HR-launch rate.,0.0291,0.0297,4.05,35,9,31.3,1.12,111.9,Near normal interval,701542.0,Will Warren,R,LHB vs RHP,23,22,114.0,4.18,1.37,15,1.18,9.0,2.92,611.0,4.4,26.8,12.6,46.4,28.8,84.0,96.4,116.9,0.565,15.0,27.7,99.8,0.502,3.3,4-Seam Fastball,L,LHB vs RHP,36.1,326,0.266,0.326,0.434,0.76,11,23,51,0.0337,4.5,0.528,282,0.0355,5.3,0.576,2,2,1,1/2,0.5,0.5,0.5,1.0,0,0,0,36.1,Slight Pitcher Advantage,Below average,50.9,5,Pitch-level Statcast · last 5 MLB games,346,4-Seam Fastball,29.76878612716763,103.0,Sinker,21.09826589595376,73.0,Sweeper,19.07514450867052,66.0,Changeup,18.208092485549134,63.0,Curveball,11.84971098265896,41.0,,,,Unknown,,Unknown,,No,108.0,1.08,1.0,64.4,0.955,0.969,44.1,Current-Season Handedness Matchup,Pull Air %,Barrel %,Max Exit Velocity,36.1,37.8,27.7,37.2,64.4,45.0,40.7,4.28,0.945,1.013,1.025,1.0,0.94,0.94,1.0,11.49,7.14,84.8,26.1,F,Lineup unconfirmed,,,
155,2026-08-12,823994,2026-08-13T02:10:00Z,Scheduled,Angel Stadium,Texas Rangers @ Los Angeles Angels,Away,553869,Elias Díaz,Texas Rangers,Los Angeles Angels,C,R,No,,56,150,142,34,9,0,5,14,20,4,1,35,0.239,0.264,0.408,0.672,10,29,26,5,1,0.192,0.0345,18,57,52,10,1,0.192,0.0175,204,69,3.6,22.4,35.7,29.0,35.3,15.6,25.8,37.6,22.2,6.9,4.3,6.9,58.1,80.7,18.8,0.434,71.7,93.6,112.9,45.1,11.4,9.0,54.6,29.1,Weak,2.0,Contact-First Profile,A,Excellent HR swing plane,29.1,Weak,0.941,Good,2.9,35.3,92.0,0.39,Derived proxy,Derived proxy,Derived proxy,Derived proxy,,,7.39,2.39,Positive regression,Weak Contact-First Profile profile. 3.6% barrel rate; 80.7 mph average exit velocity; 25.8% air-ball rate; 37.6% pull-air rate; 6.9% HR-launch rate.,0.0333,0.0327,3.99,22,8,28.4,0.77,77.5,Recently homered,691946.0,George Klassen,R,RHB vs RHP,3,3,8.2,7.27,2.88,1,1.04,9.35,14.54,54.0,9.3,24.1,13.0,41.7,35.2,83.4,95.4,111.3,0.578,1.0,32.5,100.0,0.531,4.2,4-Seam Fastball,R,RHB vs RHP,27.1,90,0.224,0.239,0.306,0.545,1,1,22,0.0111,0.8,0.408,22,0.0455,9.1,0.557,0,0,0,0/0,,,,,0,0,0,33.6,Slight Pitcher Advantage,Below average,50.0,3,Pitch-level Statcast · last 5 MLB games,228,4-Seam Fastball,40.78947368421053,93.0,Changeup,23.68421052631579,54.0,Slider,20.614035087719298,47.0,Curveball,7.894736842105263,18.0,Sinker,7.017543859649122,16.0,,,,Unknown,,Unknown,,No,100.0,1.0,1.0,50.0,0.965,1.018,37.1,Current-Season Handedness Matchup,Pull Air %,Barrel %,Max Exit Velocity,27.1,52.6,32.5,24.4,50.0,45.0,40.7,4.28,0.928,0.999,0.985,1.0,0.941,0.941,1.0,12.44,7.12,67.3,21.3,F,Lineup unconfirmed,,,
156,2026-08-12,822698,2026-08-12T22:45:00Z,Scheduled,Nationals Park,Chicago Cubs @ Washington Nationals,Home,677588,José Tena,Washington Nationals,Chicago Cubs,DH,L,No,,91,234,212,50,11,2,5,29,20,20,2,69,0.236,0.308,0.377,0.685,12,31,27,5,0,0.185,0.0,20,48,42,9,0,0.214,0.0,271,56,3.3,27.5,44.6,33.1,22.3,8.5,20.7,38.3,28.1,4.1,1.7,4.1,29.5,83.7,10.1,0.486,71.8,96.1,112.2,36.6,10.8,8.0,38.4,27.5,Weak,2.0,Contact-First Profile,A,Excellent HR swing plane,27.5,Weak,0.937,Good,1.8,44.4,94.6,0.369,Derived proxy,Derived proxy,Derived proxy,Derived proxy,,,9.02,4.02,Strong positive regression,Weak Contact-First Profile profile. 3.3% barrel rate; 83.7 mph average exit velocity; 20.7% air-ball rate; 38.3% pull-air rate; 4.1% HR-launch rate.,0.0214,0.025,3.99,49,23,42.4,1.16,115.6,Near normal interval,656849.0,David Peterson,L,LHB vs LHP,23,15,106.0,5.35,1.5,11,0.93,7.47,3.65,585.0,4.1,26.8,12.5,41.6,29.7,82.7,96.1,111.7,0.535,11.0,43.2,99.8,0.596,6.3,Sinker,L,LHB vs LHP,45.2,18,0.357,0.5,0.571,1.071,0,3,6,0.0,6.7,0.74,145,0.0345,5.5,0.583,0,0,0,0/0,,,,,0,0,0,45.4,Neutral Matchup,Average,50.0,5,Pitch-level Statcast · last 5 MLB games,443,Sinker,36.11738148984199,160.0,4-Seam Fastball,24.830699774266364,110.0,Slider,19.63882618510158,87.0,Changeup,13.99548532731377,62.0,Curveball,5.417607223476298,24.0,,,,Unknown,,Unknown,,No,100.0,1.0,1.0,50.0,0.986,0.966,44.5,Current-Season Handedness Matchup,Pull Air %,Barrel %,Max Exit Velocity,45.2,32.0,43.2,36.0,50.0,45.0,40.7,4.28,0.758,0.973,0.985,1.0,0.937,0.937,1.0,9.6,5.19,72.6,20.9,F,Lineup unconfirmed,,,
157,2026-08-12,824241,2026-08-12T22:40:00Z,Scheduled,Comerica Park,Cleveland Guardians @ Detroit Tigers,Home,681546,James Outman,Detroit Tigers,Cleveland Guardians,CF,L,No,,93,168,156,27,4,2,5,23,17,10,2,70,0.173,0.232,0.321,0.553,9,2,2,2,1,1.0,0.5,20,32,31,8,2,0.258,0.0625,187,39,3.3,23.8,64.0,12.8,23.2,15.3,26.4,58.0,29.0,6.2,4.2,6.2,116.4,80.5,17.3,0.547,69.0,92.6,109.1,19.7,11.1,6.3,47.5,31.3,Weak,2.5,Pull Power,A,Excellent HR swing plane,31.3,Weak,0.948,Good,2.6,58.3,93.0,0.639,Derived proxy,Derived proxy,Derived proxy,Derived proxy,,,7.22,2.22,Positive regression,Weak Pull Power profile. 3.3% barrel rate; 80.5 mph average exit velocity; 26.4% air-ball rate; 58.0% pull-air rate; 6.2% HR-launch rate.,0.0298,0.0307,3.81,1,7,31.2,0.03,3.2,Very recent HR,656492.0,Foster Griffin,L,LHB vs LHP,23,23,133.1,3.31,1.11,21,1.42,8.24,2.16,724.0,5.5,22.9,13.7,41.4,33.3,81.4,94.4,119.0,0.543,21.0,20.3,99.9,0.42,3.6,Cutter,L,LHB vs LHP,52.6,27,0.348,0.444,0.739,1.184,2,3,7,0.0741,10.7,0.707,143,0.042,6.1,0.58,0,0,0,0/0,,,,,0,0,0,40.8,Slight Pitcher Advantage,Below average,50.0,5,Pitch-level Statcast · last 5 MLB games,470,Cutter,33.40425531914894,157.0,Sweeper,14.46808510638298,68.0,4-Seam Fastball,13.829787234042554,65.0,Changeup,10.425531914893616,49.0,Sinker,10.425531914893616,49.0,Split-Finger,8.936170212765957,42.0,Unknown,,Unknown,,No,100.0,1.0,1.0,50.0,0.941,0.98,50.8,Current-Season Handedness Matchup,Pull Air %,Barrel %,Max Exit Velocity,52.6,35.7,20.3,41.2,50.0,45.0,40.6,4.27,1.153,1.051,0.985,0.94,0.948,0.891,0.98,11.2,7.2,66.6,20.8,F,Lineup unconfirmed,Curveball,8.51063829787234,40.0
158,2026-08-12,824967,2026-08-12T19:05:00Z,Scheduled,Sutter Health Park,Tampa Bay Rays @ Athletics,Home,691016,Tyler Soderstrom,Athletics,Tampa Bay Rays,LF,L,No,,107,444,388,95,26,3,19,57,56,52,3,88,0.245,0.338,0.474,0.812,11,46,42,10,2,0.238,0.0435,23,97,89,23,5,0.258,0.0515,557,125,5.3,28.2,49.0,26.0,24.8,14.3,23.9,48.6,24.7,5.7,2.7,5.7,72.4,84.4,17.0,0.53,72.2,96.4,112.6,40.9,11.7,11.1,51.1,37.5,Below Average,2.5,Pull Power,A,Excellent HR swing plane,37.5,Below Average,0.965,Good,4.0,50.0,96.1,0.517,Derived proxy,Derived proxy,Derived proxy,Derived proxy,,,27.94,8.94,Strong positive regression,Below Average Pull Power profile. 5.3% barrel rate; 84.4 mph average exit velocity; 23.9% air-ball rate; 48.6% pull-air rate; 5.7% HR-launch rate.,0.0428,0.0405,4.09,9,2,20.4,0.44,44.1,Recently homered,656876.0,Drew Rasmussen,R,LHB vs RHP,22,22,124.1,2.75,0.91,12,0.87,9.41,1.59,660.0,3.8,20.6,11.4,42.2,28.5,82.0,93.7,111.9,0.487,12.0,34.6,100.0,0.547,4.4,Cutter,L,LHB vs RHP,32.3,302,0.26,0.364,0.488,0.853,10,41,49,0.0331,6.1,0.527,303,0.0297,3.3,0.495,4,4,0,0/4,0.0,0.0,0.0,0.0,0,0,1,34.6,Slight Pitcher Advantage,Below average,40.0,5,Pitch-level Statcast · last 5 MLB games,428,4-Seam Fastball,36.6822429906542,157.0,Sinker,24.53271028037383,105.0,Cutter,23.130841121495326,99.0,Changeup,12.149532710280374,52.0,Curveball,2.336448598130841,10.0,Sweeper,1.1682242990654206,5.0,Unknown,,Unknown,,No,100.0,1.0,1.0,50.0,0.969,0.963,48.5,Current-Season Handedness Matchup,Pull Air %,Barrel %,Max Exit Velocity,32.3,27.6,34.6,48.7,50.0,45.0,40.6,4.27,1.065,0.963,1.025,1.0,0.965,0.965,1.0,15.56,9.0,84.8,28.7,F,Lineup unconfirmed,,,
159,2026-08-12,823916,2026-08-13T02:10:00Z,Scheduled,UNIQLO Field at Dodger Stadium,Kansas City Royals @ Los Angeles Dodgers,Away,679845,Nick Loftin,Kansas City Royals,Los Angeles Dodgers,3B,R,No,,83,292,249,61,20,1,5,33,35,29,6,43,0.245,0.333,0.394,0.727,12,42,35,6,0,0.171,0.0,24,87,74,18,1,0.243,0.0115,345,100,2.8,20.7,46.1,31.4,22.4,16.4,30.3,54.6,31.4,6.8,5.0,6.8,47.0,79.8,11.3,0.41,65.2,93.1,110.8,3.1,12.2,1.2,47.9,27.4,Weak,2.0,Pull Power,A,Excellent HR swing plane,27.4,Weak,0.937,Good,2.0,57.1,92.0,0.393,Derived proxy,Derived proxy,Derived proxy,Derived proxy,,,12.17,7.17,Strong positive regression,Weak Pull Power profile. 2.8% barrel rate; 79.8 mph average exit velocity; 30.3% air-ball rate; 54.6% pull-air rate; 6.8% HR-launch rate.,0.0171,0.0215,4.05,45,15,49.8,0.9,90.4,Near normal interval,641778.0,Eric Lauer,L,RHB vs LHP,18,15,92.0,4.89,1.26,22,2.15,5.58,2.84,596.0,6.5,21.5,19.0,42.9,28.5,81.5,93.4,114.5,0.569,22.0,29.8,99.9,0.479,5.5,4-Seam Fastball,R,RHB vs LHP,29.3,122,0.287,0.38,0.406,0.786,1,14,17,0.0082,2.0,0.459,304,0.0526,6.8,0.575,0,0,0,0/0,,,,,0,0,0,33.6,Slight Pitcher Advantage,Below average,50.0,5,Pitch-level Statcast · last 5 MLB games,467,4-Seam Fastball,36.83083511777302,172.0,Cutter,26.980728051391864,126.0,Changeup,14.132762312633833,66.0,Slider,11.777301927194861,55.0,Curveball,10.278372591006423,48.0,,,,Unknown,,Unknown,,No,100.0,1.0,1.0,50.0,0.96,0.99,43.9,Current-Season Handedness Matchup,Pull Air %,Barrel %,Max Exit Velocity,29.3,40.3,29.8,38.0,50.0,45.0,40.6,4.27,0.773,1.168,1.025,1.0,0.937,0.937,1.0,8.41,5.49,79.8,21.8,F,Lineup unconfirmed,,,
160,2026-08-12,824883,2026-08-12T23:15:00Z,Scheduled,Truist Park,New York Mets @ Atlanta Braves,Home,657041,Lane Thomas,Atlanta Braves,New York Mets,CF,R,No,,103,339,294,67,17,0,10,33,38,41,2,82,0.228,0.324,0.388,0.712,9,18,15,3,0,0.2,0.0,21,70,63,13,3,0.206,0.0429,416,85,4.1,24.1,38.5,28.9,32.6,11.4,23.6,48.4,28.8,5.3,2.9,5.3,66.9,81.9,19.5,0.51,70.7,94.5,109.0,25.4,12.7,7.8,58.3,31.9,Weak,2.5,Pull Power,A,Excellent HR swing plane,31.9,Weak,0.949,Good,4.7,47.1,94.3,0.507,Derived proxy,Derived proxy,Derived proxy,Derived proxy,,,16.99,6.99,Strong positive regression,Weak Pull Power profile. 4.1% barrel rate; 81.9 mph average exit velocity; 23.6% air-ball rate; 48.4% pull-air rate; 5.3% HR-launch rate.,0.0295,0.0302,3.99,24,11,29.4,0.82,81.6,Near normal interval,804267.0,Zac Thornton,L,RHB vs LHP,7,7,39.1,2.52,1.07,3,0.69,6.18,2.75,217.0,6.0,27.6,15.2,42.6,32.3,83.1,96.5,110.6,0.526,3.0,25.4,99.6,0.477,3.4,Cutter,R,RHB vs LHP,29.1,139,0.263,0.367,0.432,0.799,4,20,31,0.0288,1.9,0.529,101,0.0198,6.0,0.536,0,0,0,0/0,,,,,0,0,0,32.0,Slight Pitcher Advantage,Below average,50.0,5,Pitch-level Statcast · last 5 MLB games,400,Cutter,32.0,128.0,4-Seam Fastball,25.25,101.0,Sweeper,13.5,54.0,Slider,11.25,45.0,Sinker,10.75,43.0,Changeup,5.25,21.0,Unknown,,Unknown,,No,103.0,1.03,1.0,55.4,0.951,0.985,43.4,Current-Season Handedness Matchup,Pull Air %,Barrel %,Max Exit Velocity,29.1,40.2,25.4,44.1,55.4,45.0,40.5,4.27,0.933,0.963,1.025,1.0,0.949,0.949,1.0,11.5,6.74,81.8,23.5,F,Lineup unconfirmed,Curveball,2.0,8.0
161,2026-08-12,824241,2026-08-12T22:40:00Z,Scheduled,Comerica Park,Cleveland Guardians @ Detroit Tigers,Home,690993,Colt Keith,Detroit Tigers,Cleveland Guardians,3B,L,No,,109,343,316,84,14,4,8,42,31,22,3,64,0.266,0.318,0.411,0.729,10,32,28,8,0,0.286,0.0,23,71,63,22,0,0.349,0.0,425,91,3.5,24.3,42.4,29.8,27.5,14.3,30.4,35.2,35.1,5.7,3.5,5.7,28.9,83.5,17.9,0.535,70.0,94.6,109.0,14.0,12.0,2.8,47.1,25.3,Weak,2.0,Contact-First Profile,A,Excellent HR swing plane,25.3,Weak,0.931,Good,2.2,29.6,93.1,0.522,Derived proxy,Derived proxy,Derived proxy,Derived proxy,,,15.2,7.2,Strong positive regression,Weak Contact-First Profile profile. 3.5% barrel rate; 83.5 mph average exit velocity; 30.4% air-ball rate; 35.2% pull-air rate; 5.7% HR-launch rate.,0.0233,0.0256,3.99,67,25,39.5,1.7,169.6,Above normal drought,656492.0,Foster Griffin,L,LHB vs LHP,23,23,133.1,3.31,1.11,21,1.42,8.24,2.16,724.0,5.5,22.9,13.7,41.4,33.3,81.4,94.4,119.0,0.543,21.0,52.8,99.9,0.664,7.7,Cutter,L,LHB vs LHP,41.5,24,0.13,0.167,0.13,0.297,0,0,4,0.0,0.0,0.317,143,0.042,6.1,0.58,0,0,0,0/0,,,,,0,0,0,47.2,Neutral Matchup,Average,50.0,5,Pitch-level Statcast · last 5 MLB games,470,Cutter,33.40425531914894,157.0,Sweeper,14.46808510638298,68.0,4-Seam Fastball,13.829787234042554,65.0,Changeup,10.425531914893616,49.0,Sinker,10.425531914893616,49.0,Split-Finger,8.936170212765957,42.0,Unknown,,Unknown,,No,100.0,1.0,1.0,50.0,1.006,0.98,40.6,Current-Season Handedness Matchup,Pull Air %,Barrel %,Max Exit Velocity,41.5,35.7,52.8,19.6,50.0,45.0,40.5,4.27,0.758,1.051,0.985,1.0,0.931,0.931,1.035,9.82,5.67,82.2,26.1,F,Lineup unconfirmed,Curveball,8.51063829787234,40.0
162,2026-08-12,823187,2026-08-12T19:45:00Z,Scheduled,Oracle Park,Houston Astros @ San Francisco Giants,Away,669397,Nick Allen,Houston Astros,San Francisco Giants,SS,R,No,,66,120,108,27,4,0,1,18,11,7,1,24,0.25,0.297,0.315,0.612,8,12,11,2,0,0.182,0.0,20,23,21,6,0,0.286,0.0,135,24,0.5,18.7,31.9,40.4,27.8,12.4,24.6,37.6,24.1,1.6,1.0,1.6,100.0,79.2,17.2,0.311,65.3,91.4,104.8,0.7,7.9,0.0,56.7,13.9,Weak,1.5,Contact-First Profile,A,Excellent HR swing plane,13.9,Weak,0.899,Good,0.0,33.3,93.0,0.294,Derived proxy,Derived proxy,Derived proxy,Derived proxy,,,1.74,0.74,Near expected,Weak Contact-First Profile profile. 0.5% barrel rate; 79.2 mph average exit velocity; 24.6% air-ball rate; 37.6% pull-air rate; 1.6% HR-launch rate.,0.0083,0.0202,3.93,71,41,108.0,0.66,65.7,Recently homered,,TBD,,Unknown,0,0,0.0,0.0,0.0,0,0.0,0.0,0.0,,,,,,,,,,,,50.0,0.0,,,Unknown,R,Unknown,50.0,0,,,,,0,0,0,,,,0,,,,0,0,0,0/0,,,,,0,0,0,50.0,Neutral Matchup,Average,50.0,0,,0,,,,,,,,,,,,,,,,,,,Unknown,,Unknown,,No,91.0,0.91,1.0,33.8,1.0,1.0,34.4,Current-Season Handedness Matchup,Pull Air %,Barrel %,Max Exit Velocity,50.0,50.0,50.0,22.6,33.8,45.0,40.5,4.26,0.889,1.0,1.0,0.94,0.899,0.845,1.0,7.69,4.73,52.4,14.9,F,Probable SP unavailable; Lineup unconfirmed,,,
163,2026-08-12,822698,2026-08-12T22:45:00Z,Scheduled,Nationals Park,Chicago Cubs @ Washington Nationals,Away,663538,Nico Hoerner,Chicago Cubs,Washington Nationals,2B,R,No,,118,520,469,123,26,1,7,51,56,39,6,46,0.262,0.323,0.367,0.69,12,50,46,16,2,0.348,0.04,24,100,95,36,3,0.379,0.03,712,146,1.0,17.1,35.2,30.8,33.5,11.8,29.9,35.1,36.3,3.4,2.4,3.4,128.3,80.9,16.5,0.449,66.5,92.0,105.0,1.6,8.6,0.2,42.9,17.2,Weak,1.5,Contact-First Profile,A,Excellent HR swing plane,17.2,Weak,0.908,Good,1.4,37.2,91.5,0.509,Derived proxy,Derived proxy,Derived proxy,Derived proxy,,,12.34,5.34,Strong positive regression,Weak Contact-First Profile profile. 1.0% barrel rate; 80.9 mph average exit velocity; 29.9% air-ball rate; 35.1% pull-air rate; 3.4% HR-launch rate.,0.0135,0.0169,4.05,23,6,67.0,0.34,34.3,Very recent HR,800600.0,Jackson Kent,L,RHB vs LHP,0,0,0.0,0.0,0.0,0,0.0,0.0,0.0,,,,,,,,,,,,50.0,0.0,,,Unavailable,R,RHB vs LHP,28.5,135,0.296,0.341,0.416,0.757,2,8,14,0.0148,0.6,0.43,0,,,,0,0,0,0/0,,,,,0,0,0,40.3,Slight Pitcher Advantage,Below average,50.0,0,,0,,,,,,,,,,,,,,,,,,,Unknown,,Unknown,,No,100.0,1.0,1.0,50.0,1.0,1.0,30.7,Current-Season Handedness Matchup,Pull Air %,Barrel %,Max Exit Velocity,28.5,50.0,50.0,23.0,50.0,45.0,40.4,4.26,1.35,1.0,1.025,1.0,0.908,0.908,0.98,6.68,6.02,75.0,20.7,F,Probable SP unavailable; Lineup unconfirmed,,,
164,2026-08-12,823672,2026-08-12T17:40:00Z,Scheduled,Target Field,Baltimore Orioles @ Minnesota Twins,Home,663616,Trevor Larnach,Minnesota Twins,Baltimore Orioles,LF,L,No,,99,357,313,85,19,1,10,49,41,40,3,63,0.272,0.36,0.435,0.795,10,35,32,4,2,0.125,0.0571,19,66,60,12,3,0.2,0.0455,422,81,7.2,28.1,50.4,26.9,22.7,12.5,25.6,49.9,31.2,8.8,5.9,8.8,39.1,83.7,10.9,0.492,70.1,96.4,112.4,22.5,12.8,7.4,42.9,39.2,Below Average,2.5,Pull Power,A,Excellent HR swing plane,39.2,Below Average,0.97,Good,8.6,46.7,96.7,0.468,Derived proxy,Derived proxy,Derived proxy,Derived proxy,,,27.45,17.45,Strong positive regression,Below Average Pull Power profile. 7.2% barrel rate; 83.7 mph average exit velocity; 25.6% air-ball rate; 49.9% pull-air rate; 8.8% HR-launch rate.,0.028,0.029,3.99,19,6,31.3,0.61,60.7,Recently homered,669358.0,Shane Baz,R,LHB vs RHP,23,23,136.1,3.76,1.32,10,0.66,7.92,3.04,799.0,3.8,24.2,13.3,39.0,29.9,83.0,94.8,116.9,0.52,10.0,23.4,99.5,0.403,6.1,4-Seam Fastball,L,LHB vs RHP,30.0,308,0.292,0.377,0.458,0.834,8,34,53,0.026,6.6,0.516,334,0.018,4.0,0.538,1,1,0,0/1,0.0,0.0,0.0,0.0,0,0,0,31.2,Slight Pitcher Advantage,Below average,47.5,5,Pitch-level Statcast · last 5 MLB games,463,4-Seam Fastball,35.85313174946004,166.0,Knuckle Curve,30.237580993520517,140.0,Cutter,12.095032397408207,56.0,Changeup,11.44708423326134,53.0,Sinker,10.367170626349893,48.0,,,,Unknown,,Unknown,,No,100.0,1.0,1.0,50.0,0.947,0.963,50.6,Current-Season Handedness Matchup,Pull Air %,Barrel %,Max Exit Velocity,30.0,27.9,23.4,57.2,50.0,45.0,40.2,4.25,1.315,0.93,1.025,1.0,0.97,0.97,1.0,11.08,7.83,82.3,26.2,F,Lineup unconfirmed,,,
165,2026-08-12,823511,2026-08-12T23:05:00Z,Scheduled,Yankee Stadium,Seattle Mariners @ New York Yankees,Home,669224,Austin Wells,New York Yankees,Seattle Mariners,C,L,No,,84,271,237,42,5,0,8,24,17,30,2,71,0.177,0.274,0.3,0.574,10,26,23,8,1,0.348,0.0385,18,51,43,12,2,0.279,0.0392,331,52,5.0,29.6,50.6,25.1,23.9,17.5,29.4,45.1,29.6,7.6,4.3,7.6,58.0,83.5,18.7,0.573,70.9,96.4,109.0,25.0,15.1,8.1,51.7,35.9,Below Average,2.5,Pull Power,A,Excellent HR swing plane,35.9,Below Average,0.961,Good,5.8,44.4,97.0,0.635,Derived proxy,Derived proxy,Derived proxy,Derived proxy,,,16.17,8.17,Strong positive regression,Below Average Pull Power profile. 5.0% barrel rate; 83.5 mph average exit velocity; 29.4% air-ball rate; 45.1% pull-air rate; 7.6% HR-launch rate.,0.0295,0.0303,3.81,16,6,29.6,0.54,54.0,Recently homered,682243.0,Bryce Miller,R,LHB vs RHP,14,13,79.0,3.08,0.95,13,1.48,9.0,1.71,449.0,4.5,20.3,16.3,47.0,24.9,82.7,93.4,111.5,0.475,13.0,24.6,95.0,0.468,3.4,4-Seam Fastball,L,LHB vs RHP,33.4,191,0.201,0.311,0.329,0.64,6,24,50,0.0314,5.7,0.598,165,0.0303,4.0,0.457,5,4,0,0/4,0.0,0.2,0.0,0.2,0,1,1,31.1,Slight Pitcher Advantage,Below average,37.5,5,Pitch-level Statcast · last 5 MLB games,441,4-Seam Fastball,43.31065759637188,191.0,Split-Finger,24.94331065759637,110.0,Slider,8.390022675736962,37.0,Sweeper,7.709750566893424,34.0,Sinker,7.2562358276643995,32.0,Cutter,4.988662131519274,22.0,Unknown,,Unknown,,No,108.0,1.08,1.0,64.4,0.949,0.97,45.5,Current-Season Handedness Matchup,Pull Air %,Barrel %,Max Exit Velocity,33.4,31.8,24.6,49.3,64.4,45.0,40.1,4.23,1.113,1.061,1.025,0.94,0.961,0.903,1.0,11.06,7.71,75.4,22.9,F,Lineup unconfirmed,Knuckle Curve,3.401360544217687,15.0
166,2026-08-12,823511,2026-08-12T23:05:00Z,Scheduled,Yankee Stadium,Seattle Mariners @ New York Yankees,Away,642215,Weston Wilson,Seattle Mariners,New York Yankees,3B,R,No,,46,108,96,19,3,0,3,11,10,11,1,33,0.198,0.287,0.323,0.61,6,22,18,2,0,0.111,0.0,15,44,39,7,1,0.179,0.0227,118,45,3.0,17.3,49.8,23.5,25.7,12.5,19.8,60.0,27.0,4.6,3.0,4.6,83.8,79.2,15.6,0.396,69.7,91.5,109.4,16.7,7.8,2.8,46.0,25.2,Weak,2.0,Pull Power,A,Excellent HR swing plane,25.2,Weak,0.931,Good,2.2,71.4,89.8,0.364,Derived proxy,Derived proxy,Derived proxy,Derived proxy,,,4.18,1.18,Near expected,Weak Pull Power profile. 3.0% barrel rate; 79.2 mph average exit velocity; 19.8% air-ball rate; 60.0% pull-air rate; 4.6% HR-launch rate.,0.0278,0.03,3.87,31,12,32.0,0.97,96.9,Near normal interval,701542.0,Will Warren,R,RHB vs RHP,23,22,114.0,4.18,1.37,15,1.18,9.0,2.92,611.0,4.4,26.8,12.6,46.4,28.8,84.0,96.4,116.9,0.565,15.0,28.7,99.8,0.475,5.1,4-Seam Fastball,R,RHB vs RHP,31.4,41,0.171,0.293,0.286,0.578,1,6,11,0.0244,2.4,0.306,214,0.0234,3.3,0.549,0,0,0,0/0,,,,,0,0,0,34.2,Slight Pitcher Advantage,Below average,50.0,5,Pitch-level Statcast · last 5 MLB games,346,4-Seam Fastball,29.76878612716763,103.0,Sinker,21.09826589595376,73.0,Sweeper,19.07514450867052,66.0,Changeup,18.208092485549134,63.0,Curveball,11.84971098265896,41.0,,,,Unknown,,Unknown,,No,108.0,1.08,1.0,64.4,0.957,0.969,42.1,Current-Season Handedness Matchup,Pull Air %,Barrel %,Max Exit Velocity,31.4,37.8,28.7,34.1,64.4,45.0,39.9,4.22,0.813,1.013,0.985,0.94,0.931,0.875,1.0,11.12,5.92,63.2,19.3,F,Lineup unconfirmed,,,
167,2026-08-12,823916,2026-08-13T02:10:00Z,Scheduled,UNIQLO Field at Dodger Stadium,Kansas City Royals @ Los Angeles Dodgers,Away,521692,Salvador Perez,Kansas City Royals,Los Angeles Dodgers,DH,R,No,,112,470,434,93,17,1,16,41,51,18,11,94,0.214,0.26,0.369,0.629,11,44,41,9,1,0.22,0.0227,23,96,85,20,5,0.235,0.0521,690,135,5.4,21.8,35.3,34.0,30.7,15.7,26.4,36.6,30.0,7.0,4.4,7.0,52.4,81.6,21.4,0.564,69.8,93.3,110.3,16.4,10.1,4.9,54.9,28.9,Weak,2.0,Contact-First Profile,A-,Elevated power plane,28.9,Weak,0.941,Good,5.2,25.7,91.6,0.638,Derived proxy,Derived proxy,Derived proxy,Derived proxy,,,32.46,16.46,Strong positive regression,Weak Contact-First Profile profile. 5.4% barrel rate; 81.6 mph average exit velocity; 26.4% air-ball rate; 36.6% pull-air rate; 7.0% HR-launch rate.,0.034,0.0336,3.87,29,8,27.1,1.07,106.9,Near normal interval,641778.0,Eric Lauer,L,RHB vs LHP,18,15,92.0,4.89,1.26,22,2.15,5.58,2.84,596.0,6.5,21.5,19.0,42.9,28.5,81.5,93.4,114.5,0.569,22.0,33.9,99.9,0.536,4.6,4-Seam Fastball,R,RHB vs LHP,46.1,125,0.261,0.312,0.443,0.755,4,6,23,0.032,7.4,0.608,304,0.0526,6.8,0.575,2,2,0,0/2,0.0,0.0,0.0,0.0,0,0,2,41.6,Slight Pitcher Advantage,Below average,45.0,5,Pitch-level Statcast · last 5 MLB games,467,4-Seam Fastball,36.83083511777302,172.0,Cutter,26.980728051391864,126.0,Changeup,14.132762312633833,66.0,Slider,11.777301927194861,55.0,Curveball,10.278372591006423,48.0,,,,Unknown,,Unknown,,No,100.0,1.0,1.0,50.0,0.968,0.99,44.1,Current-Season Handedness Matchup,Pull Air %,Barrel %,Max Exit Velocity,46.1,40.3,33.9,19.6,50.0,45.0,39.9,4.22,1.027,1.168,1.025,0.975,0.941,0.917,1.0,12.4,8.33,84.7,26.6,F,Lineup unconfirmed,,,
168,2026-08-12,823263,2026-08-12T20:10:00Z,Scheduled,Petco Park,Milwaukee Brewers @ San Diego Padres,Home,665487,Fernando Tatis Jr.,San Diego Padres,Milwaukee Brewers,RF,R,No,,119,526,467,131,25,2,12,66,55,48,5,100,0.281,0.35,0.42,0.77,12,53,47,11,4,0.234,0.0755,24,110,95,28,7,0.295,0.0636,582,120,8.6,36.1,36.1,32.7,31.2,14.3,28.5,27.6,27.2,7.7,3.6,7.7,33.0,86.4,9.2,0.618,73.9,100.3,116.6,61.4,16.1,17.5,54.8,45.1,Below Average,3.0,Contact-First Profile,C,Low line-drive plane,45.1,Below Average,0.986,Good,10.0,31.4,100.5,0.69,Derived proxy,Derived proxy,Derived proxy,Derived proxy,,,41.35,29.35,Strong positive regression,Below Average Contact-First Profile profile. 8.6% barrel rate; 86.4 mph average exit velocity; 28.5% air-ball rate; 27.6% pull-air rate; 7.7% HR-launch rate.,0.0228,0.0245,3.99,0,0,38.9,0.0,0.0,Very recent HR,669160.0,Dustin May,R,RHB vs RHP,22,22,115.0,4.3,1.27,8,0.63,8.69,2.97,612.0,4.1,27.1,12.6,34.4,31.5,82.9,95.3,114.8,0.508,8.0,41.9,99.9,0.572,6.9,4-Seam Fastball,R,RHB vs RHP,30.7,410,0.279,0.342,0.396,0.738,8,33,76,0.0195,7.9,0.579,187,0.0107,5.2,0.509,31,28,7,7/28,0.25,0.323,0.393,0.716,1,3,6,35.8,Slight Pitcher Advantage,Below average,36.6,5,Pitch-level Statcast · last 5 MLB games,438,4-Seam Fastball,25.34246575342466,111.0,Cutter,23.972602739726028,105.0,Sinker,18.72146118721461,82.0,Sweeper,18.264840182648403,80.0,Changeup,7.762557077625571,34.0,Curveball,5.936073059360731,26.0,Unknown,,Unknown,,No,94.0,0.94,1.0,39.2,0.984,0.966,46.1,Current-Season Handedness Matchup,Pull Air %,Barrel %,Max Exit Velocity,30.7,25.3,41.9,53.5,39.2,45.0,39.8,4.21,1.35,0.925,0.985,1.0,0.986,0.986,0.98,9.43,6.81,85.0,24.6,F,Lineup unconfirmed,,,
169,2026-08-12,823263,2026-08-12T20:10:00Z,Scheduled,Petco Park,Milwaukee Brewers @ San Diego Padres,Away,694192,Jackson Chourio,Milwaukee Brewers,San Diego Padres,LF,R,No,,86,387,352,98,20,0,17,58,48,32,2,93,0.278,0.341,0.48,0.821,12,50,42,13,4,0.31,0.08,24,104,91,24,4,0.264,0.0385,502,128,7.4,28.5,28.5,39.8,31.4,13.7,24.9,24.3,28.1,9.4,4.4,9.4,44.7,84.7,16.2,0.679,72.5,96.7,111.6,39.7,13.5,12.0,62.9,36.1,Below Average,2.5,Contact-First Profile,A,Excellent HR swing plane,36.1,Below Average,0.961,Good,7.8,21.9,96.8,0.713,Derived proxy,Derived proxy,Derived proxy,Derived proxy,,,31.25,14.25,Strong positive regression,Below Average Contact-First Profile profile. 7.4% barrel rate; 84.7 mph average exit velocity; 24.9% air-ball rate; 24.3% pull-air rate; 9.4% HR-launch rate.,0.0439,0.0411,4.15,6,2,20.7,0.29,29.0,Very recent HR,592662.0,Robbie Ray,L,RHB vs LHP,23,22,127.2,3.24,1.33,16,1.13,7.68,4.37,717.0,4.7,22.6,17.4,35.0,30.0,81.8,93.8,112.9,0.54,16.0,54.1,100.0,0.674,7.8,4-Seam Fastball,R,RHB vs LHP,47.3,103,0.308,0.388,0.527,0.916,5,12,25,0.0485,7.6,0.669,400,0.0375,5.0,0.552,3,3,1,1/3,0.333,0.333,0.333,0.666,0,0,0,49.4,Neutral Matchup,Average,46.0,5,Pitch-level Statcast · last 5 MLB games,444,Sinker,25.225225225225227,112.0,4-Seam Fastball,21.396396396396398,95.0,Changeup,20.945945945945947,93.0,Knuckle Curve,17.792792792792792,79.0,Slider,14.63963963963964,65.0,,,,Unknown,,Unknown,,No,94.0,0.94,1.0,39.2,1.008,0.972,43.4,Current-Season Handedness Matchup,Pull Air %,Barrel %,Max Exit Velocity,47.3,27.5,54.1,32.2,39.2,45.0,39.7,4.21,1.197,1.005,1.025,1.0,0.961,0.961,0.98,15.99,9.97,85.0,30.4,D,Lineup unconfirmed,,,
170,2026-08-12,825047,2026-08-12T19:40:00Z,Scheduled,Chase Field,Colorado Rockies @ Arizona Diamondbacks,Home,545121,Ildemaro Vargas,Arizona Diamondbacks,Colorado Rockies,1B,S,No,,105,365,339,91,17,4,7,46,55,21,2,36,0.268,0.314,0.404,0.718,10,27,26,5,0,0.192,0.0,22,65,60,19,0,0.317,0.0,492,83,1.9,27.7,49.1,28.5,22.4,10.9,30.2,46.8,29.8,4.5,3.2,4.5,41.4,83.2,7.3,0.445,68.5,95.6,108.7,13.1,11.5,4.8,49.1,26.0,Weak,2.0,Pull Power,C,Low line-drive plane,26.0,Weak,0.933,Good,1.2,42.9,95.9,0.466,Derived proxy,Derived proxy,Derived proxy,Derived proxy,,,13.24,6.24,Strong positive regression,Weak Pull Power profile. 1.9% barrel rate; 83.2 mph average exit velocity; 30.2% air-ball rate; 46.8% pull-air rate; 4.5% HR-launch rate.,0.0192,0.0224,3.99,205,71,48.4,4.23,423.3,Very long drought,663372.0,Ryan Feltner,R,Switch vs RHP,17,17,82.0,5.71,1.45,18,1.98,6.48,3.62,456.0,7.7,26.5,16.9,46.9,26.5,83.0,95.3,111.1,0.607,18.0,17.2,100.0,0.422,1.8,4-Seam Fastball,L,LHB vs RHP,27.0,244,0.232,0.288,0.33,0.618,2,16,27,0.0082,1.2,0.36,183,0.0437,9.1,0.596,2,1,0,0/1,0.0,0.5,0.0,0.5,0,1,0,27.3,Strong Pitcher Advantage,Below average,45.5,5,Pitch-level Statcast · last 5 MLB games,423,4-Seam Fastball,29.78723404255319,126.0,Slider,21.98581560283688,93.0,Changeup,19.148936170212767,81.0,Sinker,14.893617021276595,63.0,Sweeper,7.328605200945627,31.0,Curveball,6.855791962174941,29.0,Unknown,,Unknown,,No,100.0,1.0,1.0,50.0,0.934,1.002,40.0,Current-Season Handedness Matchup,Pull Air %,Barrel %,Max Exit Velocity,27.0,50.9,17.2,37.2,50.0,45.0,39.7,4.21,0.758,1.141,1.035,1.0,0.933,0.933,1.06,8.62,5.55,82.2,29.4,F,Lineup unconfirmed,,,
171,2026-08-12,823994,2026-08-13T02:10:00Z,Scheduled,Angel Stadium,Texas Rangers @ Los Angeles Angels,Home,545361,Mike Trout,Los Angeles Angels,Texas Rangers,CF,R,No,,101,451,362,85,16,0,20,68,42,82,6,116,0.235,0.384,0.445,0.829,11,46,38,6,2,0.158,0.0435,23,97,79,18,2,0.228,0.0206,525,113,6.5,22.4,38.1,27.9,33.7,15.4,26.6,37.6,28.9,6.4,4.3,6.4,52.2,81.7,21.0,0.68,72.7,94.3,113.2,48.0,10.5,11.6,39.1,36.5,Below Average,2.5,Contact-First Profile,A-,Elevated power plane,36.5,Below Average,0.962,Good,2.7,27.6,92.7,0.542,Derived proxy,Derived proxy,Derived proxy,Derived proxy,,,27.96,7.96,Strong positive regression,Below Average Contact-First Profile profile. 6.5% barrel rate; 81.7 mph average exit velocity; 26.6% air-ball rate; 37.6% pull-air rate; 6.4% HR-launch rate.,0.0443,0.0418,4.17,3,1,18.1,0.17,16.6,Very recent HR,615698.0,Cal Quantrill,R,RHB vs RHP,24,7,65.2,3.56,1.19,9,1.23,5.89,2.6,381.0,4.7,21.0,16.0,32.1,29.1,81.8,93.9,111.2,0.517,9.0,49.0,99.6,0.642,6.9,Cutter,R,RHB vs RHP,42.2,329,0.215,0.365,0.43,0.795,15,58,87,0.0456,8.6,0.776,121,0.0248,2.6,0.394,11,9,3,3/9,0.333,0.455,0.333,0.788,0,1,1,44.6,Neutral Matchup,Average,42.4,5,Pitch-level Statcast · last 5 MLB games,307,Split-Finger,29.64169381107492,91.0,4-Seam Fastball,23.452768729641694,72.0,Cutter,21.824104234527688,67.0,Sinker,19.86970684039088,61.0,Curveball,5.2117263843648205,16.0,,,,Unknown,,Unknown,,No,100.0,1.0,1.0,50.0,0.998,0.972,48.2,Current-Season Handedness Matchup,Pull Air %,Barrel %,Max Exit Velocity,42.2,24.9,49.0,17.9,50.0,45.0,39.7,4.21,0.918,1.019,0.985,1.0,0.962,0.962,0.98,16.29,8.56,84.8,28.3,F,Lineup unconfirmed,,,
172,2026-08-12,825047,2026-08-12T19:40:00Z,Scheduled,Chase Field,Colorado Rockies @ Arizona Diamondbacks,Away,687597,Jordan Beck,Colorado Rockies,Arizona Diamondbacks,LF,R,No,,36,107,100,20,7,2,1,8,10,6,0,28,0.2,0.243,0.34,0.583,6,19,18,5,0,0.278,0.0,6,19,18,5,0,0.278,0.0,136,18,5.9,21.7,41.3,26.7,30.9,15.1,26.2,28.9,24.4,4.1,0.0,4.1,12.9,81.9,15.1,0.417,71.7,93.7,110.0,35.7,8.2,8.1,50.6,24.0,Weak,2.0,Contact-First Profile,A,Excellent HR swing plane,24.0,Weak,0.927,Good,11.1,20.0,99.1,0.378,Derived proxy,Derived proxy,Derived proxy,Derived proxy,,,6.19,5.19,Strong positive regression,Weak Contact-First Profile profile. 5.9% barrel rate; 81.9 mph average exit velocity; 26.2% air-ball rate; 28.9% pull-air rate; 4.1% HR-launch rate.,0.0093,0.0213,3.87,65,24,100.0,0.65,65.0,Recently homered,518876.0,Merrill Kelly,R,RHB vs RHP,21,21,120.0,4.88,1.47,23,1.73,6.0,3.75,687.0,8.2,29.5,14.8,47.8,31.9,83.7,97.0,114.6,0.661,23.0,15.5,99.6,0.393,2.6,Changeup,R,RHB vs RHP,34.7,59,0.091,0.153,0.182,0.334,0,4,14,0.0,3.8,0.349,210,0.0381,7.6,0.631,8,8,2,2/8,0.25,0.25,0.75,1.0,1,0,2,33.8,Slight Pitcher Advantage,Below average,63.6,5,Pitch-level Statcast · last 5 MLB games,443,Changeup,32.50564334085779,144.0,4-Seam Fastball,24.604966139954854,109.0,Cutter,13.318284424379232,59.0,Curveball,12.641083521444695,56.0,Sinker,10.15801354401806,45.0,Slider,6.772009029345372,30.0,Unknown,,Unknown,,No,100.0,1.0,1.0,50.0,0.931,1.007,34.9,Current-Season Handedness Matchup,Pull Air %,Barrel %,Max Exit Velocity,34.7,57.1,15.5,42.4,50.0,45.0,39.6,4.2,0.857,1.101,0.985,0.94,0.927,0.872,1.0,8.0,5.06,61.2,16.7,F,Lineup unconfirmed,,,
173,2026-08-12,823187,2026-08-12T19:45:00Z,Scheduled,Oracle Park,Houston Astros @ San Francisco Giants,Away,543877,Christian Vázquez,Houston Astros,San Francisco Giants,C,R,No,,70,222,202,43,7,0,5,18,23,15,0,42,0.213,0.266,0.322,0.588,3,8,8,1,0,0.125,0.0,10,31,29,5,0,0.172,0.0,306,38,0.6,15.1,32.7,33.9,33.3,13.5,27.5,32.5,29.5,3.0,2.4,3.0,166.7,77.8,18.9,0.331,61.9,90.3,106.1,0.3,8.4,0.0,53.3,13.2,Weak,1.5,Contact-First Profile,A,Excellent HR swing plane,13.2,Weak,0.897,Good,0.0,36.4,88.8,0.325,Derived proxy,Derived proxy,Derived proxy,Derived proxy,,,4.31,-0.69,Near expected,Weak Contact-First Profile profile. 0.6% barrel rate; 77.8 mph average exit velocity; 27.5% air-ball rate; 32.5% pull-air rate; 3.0% HR-launch rate.,0.0225,0.0258,3.87,31,11,40.4,0.77,76.7,Recently homered,,TBD,,Unknown,0,0,0.0,0.0,0.0,0,0.0,0.0,0.0,,,,,,,,,,,,50.0,0.0,,,Unknown,R,Unknown,50.0,0,,,,,0,0,0,,,,0,,,,0,0,0,0/0,,,,,0,0,0,50.0,Neutral Matchup,Average,50.0,0,,0,,,,,,,,,,,,,,,,,,,Unknown,,Unknown,,No,91.0,0.91,1.0,33.8,1.0,1.0,32.9,Current-Season Handedness Matchup,Pull Air %,Barrel %,Max Exit Velocity,50.0,50.0,50.0,16.9,33.8,45.0,39.5,4.19,0.901,1.0,1.0,0.94,0.897,0.843,1.0,9.64,5.34,60.3,17.1,F,Probable SP unavailable; Lineup unconfirmed,,,
174,2026-08-12,824883,2026-08-12T23:15:00Z,Scheduled,Truist Park,New York Mets @ Atlanta Braves,Home,645277,Ozzie Albies,Atlanta Braves,New York Mets,2B,S,No,,120,515,461,119,22,0,20,72,64,37,6,73,0.258,0.315,0.436,0.751,12,45,38,9,2,0.237,0.0444,25,105,94,21,6,0.223,0.0571,770,163,3.4,18.6,50.5,24.9,24.0,17.2,28.2,51.9,26.1,5.4,3.4,5.4,78.6,81.3,19.6,0.416,66.8,92.7,110.1,4.9,8.4,1.0,54.7,26.3,Weak,2.0,Pull Power,A,Excellent HR swing plane,26.3,Weak,0.934,Good,3.7,50.0,91.9,0.396,Derived proxy,Derived proxy,Derived proxy,Derived proxy,,,28.37,8.37,Strong positive regression,Weak Pull Power profile. 3.4% barrel rate; 81.3 mph average exit velocity; 28.2% air-ball rate; 51.9% pull-air rate; 5.4% HR-launch rate.,0.0388,0.0375,3.99,0,0,23.0,0.0,0.0,Very recent HR,804267.0,Zac Thornton,L,Switch vs LHP,7,7,39.1,2.52,1.07,3,0.69,6.18,2.75,217.0,6.0,27.6,15.2,42.6,32.3,83.1,96.5,110.6,0.526,3.0,21.5,99.6,0.45,2.8,Cutter,R,RHB vs LHP,29.5,204,0.295,0.319,0.489,0.808,8,7,15,0.0392,3.2,0.419,101,0.0198,6.0,0.536,3,3,2,2/3,0.667,0.667,1.667,2.334,1,0,0,32.3,Slight Pitcher Advantage,Below average,57.5,5,Pitch-level Statcast · last 5 MLB games,400,Cutter,32.0,128.0,4-Seam Fastball,25.25,101.0,Sweeper,13.5,54.0,Slider,11.25,45.0,Sinker,10.75,43.0,Changeup,5.25,21.0,Unknown,,Unknown,,No,103.0,1.03,1.0,55.4,0.943,0.985,43.1,Current-Season Handedness Matchup,Pull Air %,Barrel %,Max Exit Velocity,29.5,40.2,21.5,39.6,55.4,45.0,39.4,4.18,1.134,0.963,1.035,1.0,0.934,0.934,0.98,14.16,8.61,85.0,27.2,F,Lineup unconfirmed,Curveball,2.0,8.0
175,2026-08-12,823511,2026-08-12T23:05:00Z,Scheduled,Yankee Stadium,Seattle Mariners @ New York Yankees,Home,676609,José Caballero,New York Yankees,Seattle Mariners,SS,R,No,,100,353,322,78,12,0,12,38,41,21,5,85,0.242,0.296,0.391,0.687,8,19,16,5,2,0.312,0.1053,17,55,50,10,2,0.2,0.0364,476,81,2.4,13.6,43.6,35.0,21.2,10.1,21.0,55.1,29.9,4.2,3.0,4.2,105.9,77.9,16.5,0.51,63.7,88.9,108.0,6.6,6.4,1.6,45.1,22.7,Weak,2.0,Pull Power,A,Excellent HR swing plane,22.7,Weak,0.924,Good,2.5,64.7,87.5,0.597,Derived proxy,Derived proxy,Derived proxy,Derived proxy,,,14.41,2.41,Positive regression,Weak Pull Power profile. 2.4% barrel rate; 77.9 mph average exit velocity; 21.0% air-ball rate; 55.1% pull-air rate; 4.2% HR-launch rate.,0.034,0.0335,3.99,4,3,26.8,0.15,14.9,Very recent HR,682243.0,Bryce Miller,R,RHB vs RHP,14,13,79.0,3.08,0.95,13,1.48,9.0,1.71,449.0,4.5,20.3,16.3,47.0,24.9,82.7,93.4,111.5,0.475,13.0,38.3,95.0,0.62,2.7,4-Seam Fastball,R,RHB vs RHP,32.7,231,0.249,0.306,0.402,0.708,8,14,46,0.0346,2.2,0.437,141,0.0567,5.1,0.497,2,2,0,0/2,0.0,0.0,0.0,0.0,0,0,1,37.1,Slight Pitcher Advantage,Below average,45.0,5,Pitch-level Statcast · last 5 MLB games,441,4-Seam Fastball,43.31065759637188,191.0,Split-Finger,24.94331065759637,110.0,Slider,8.390022675736962,37.0,Sweeper,7.709750566893424,34.0,Sinker,7.2562358276643995,32.0,Cutter,4.988662131519274,22.0,Unknown,,Unknown,,No,108.0,1.08,1.0,64.4,0.977,0.97,41.4,Current-Season Handedness Matchup,Pull Air %,Barrel %,Max Exit Velocity,32.7,31.8,38.3,31.0,64.4,45.0,39.4,4.18,1.279,1.061,0.985,1.0,0.924,0.924,0.98,12.71,9.29,81.4,26.8,F,Lineup unconfirmed,Knuckle Curve,3.401360544217687,15.0
176,2026-08-12,823672,2026-08-12T17:40:00Z,Scheduled,Target Field,Baltimore Orioles @ Minnesota Twins,Home,680777,Ryan Jeffers,Minnesota Twins,Baltimore Orioles,C,R,No,,59,240,203,57,11,1,10,37,40,33,2,39,0.281,0.385,0.493,0.878,12,50,43,10,1,0.233,0.02,20,83,73,19,3,0.26,0.0361,315,110,5.6,24.7,41.5,28.8,29.6,13.3,24.8,40.4,28.1,7.2,4.2,7.2,57.2,83.2,18.8,0.528,70.8,95.8,112.2,34.6,11.7,10.4,47.5,34.8,Weak,2.5,Contact-First Profile,A,Excellent HR swing plane,34.8,Weak,0.957,Good,3.6,41.7,94.9,0.465,Derived proxy,Derived proxy,Derived proxy,Derived proxy,,,16.04,6.04,Strong positive regression,Weak Contact-First Profile profile. 5.6% barrel rate; 83.2 mph average exit velocity; 24.8% air-ball rate; 40.4% pull-air rate; 7.2% HR-launch rate.,0.0417,0.0384,4.17,36,10,20.3,1.77,177.3,Above normal drought,669358.0,Shane Baz,R,RHB vs RHP,23,23,136.1,3.76,1.32,10,0.66,7.92,3.04,799.0,3.8,24.2,13.3,39.0,29.9,83.0,94.8,116.9,0.52,10.0,36.9,67.1,0.538,6.1,4-Seam Fastball,R,RHB vs RHP,37.6,146,0.258,0.342,0.5,0.842,8,15,26,0.0548,7.0,0.564,246,0.0163,3.4,0.497,1,0,0,0/0,0.0,1.0,0.0,1.0,0,1,0,39.9,Slight Pitcher Advantage,Below average,50.4,5,Pitch-level Statcast · last 5 MLB games,463,4-Seam Fastball,35.85313174946004,166.0,Knuckle Curve,30.237580993520517,140.0,Cutter,12.095032397408207,56.0,Changeup,11.44708423326134,53.0,Sinker,10.367170626349893,48.0,,,,Unknown,,Unknown,,No,100.0,1.0,1.0,50.0,0.974,0.963,45.9,Current-Season Handedness Matchup,Pull Air %,Barrel %,Max Exit Velocity,37.6,27.9,36.9,37.8,50.0,45.0,39.2,4.17,0.884,0.93,0.985,1.0,0.957,0.957,1.035,15.08,7.47,75.8,30.7,D,Lineup unconfirmed,,,
177,2026-08-12,824241,2026-08-12T22:40:00Z,Scheduled,Comerica Park,Cleveland Guardians @ Detroit Tigers,Away,608070,José Ramírez,Cleveland Guardians,Detroit Tigers,3B,S,No,,88,380,324,76,18,0,10,52,37,50,1,47,0.235,0.335,0.383,0.718,9,33,25,5,0,0.2,0.0,16,66,56,12,0,0.214,0.0,560,94,3.3,25.8,57.4,24.0,18.6,15.5,29.4,57.9,31.5,5.6,3.3,5.6,26.0,83.4,18.8,0.452,68.4,94.9,110.0,11.6,12.4,4.3,60.8,30.3,Weak,2.0,Pull Power,A,Excellent HR swing plane,30.3,Weak,0.945,Good,1.1,62.1,92.6,0.36,Derived proxy,Derived proxy,Derived proxy,Derived proxy,,,21.94,11.94,Strong positive regression,Weak Pull Power profile. 3.3% barrel rate; 83.4 mph average exit velocity; 29.4% air-ball rate; 57.9% pull-air rate; 5.6% HR-launch rate.,0.0263,0.0277,4.05,80,22,32.4,2.47,246.9,Very long drought,664285.0,Framber Valdez,L,Switch vs LHP,23,23,127.1,4.17,1.37,12,0.85,7.28,3.18,683.0,4.2,29.7,11.9,42.2,27.8,84.5,97.2,112.0,0.491,12.0,24.2,99.9,0.465,3.3,Sinker,R,RHB vs LHP,37.9,108,0.304,0.398,0.533,0.931,5,14,8,0.0463,6.4,0.585,429,0.0233,4.5,0.5,16,15,6,6/15,0.4,0.438,0.733,1.171,1,1,1,42.0,Slight Pitcher Advantage,Below average,82.5,5,Pitch-level Statcast · last 5 MLB games,417,Sinker,39.80815347721823,166.0,Curveball,34.77218225419664,145.0,Changeup,14.628297362110311,61.0,Slider,5.755395683453237,24.0,4-Seam Fastball,5.0359712230215825,21.0,,,,Unknown,,Unknown,,No,100.0,1.0,1.0,50.0,0.948,0.967,47.7,Current-Season Handedness Matchup,Pull Air %,Barrel %,Max Exit Velocity,37.9,32.7,24.2,39.2,50.0,45.0,39.1,4.16,0.758,0.96,1.035,1.0,0.945,0.945,1.06,10.75,5.68,82.3,29.5,F,Lineup unconfirmed,,,
178,2026-08-12,824967,2026-08-12T19:05:00Z,Scheduled,Sutter Health Park,Tampa Bay Rays @ Athletics,Away,668723,Ryan Vilade,Tampa Bay Rays,Athletics,RF,R,No,,68,196,175,43,7,1,9,20,35,16,1,43,0.246,0.308,0.451,0.759,9,17,16,2,0,0.125,0.0,16,40,37,7,2,0.189,0.05,289,56,2.4,19.1,45.0,29.2,25.3,14.2,21.9,56.5,30.7,3.1,2.6,3.1,143.1,80.7,22.9,0.528,75.3,93.2,112.4,66.5,6.4,9.4,38.2,32.9,Weak,2.5,Pull Power,A-,Elevated power plane,32.9,Weak,0.952,Good,1.8,72.7,93.2,0.523,Derived proxy,Derived proxy,Derived proxy,Derived proxy,,,8.61,-0.39,Near expected,Weak Pull Power profile. 2.4% barrel rate; 80.7 mph average exit velocity; 21.9% air-ball rate; 56.5% pull-air rate; 3.1% HR-launch rate.,0.0459,0.0406,4.05,16,9,19.4,0.82,82.3,Near normal interval,678022.0,Jack Perkins,R,RHB vs RHP,28,10,76.2,7.04,1.45,15,1.76,10.8,3.64,428.0,5.1,22.7,18.0,35.4,31.1,82.0,94.4,111.2,0.567,15.0,24.6,97.4,0.483,2.6,4-Seam Fastball,R,RHB vs RHP,38.0,75,0.215,0.297,0.385,0.682,3,7,15,0.04,2.9,0.498,167,0.0419,5.4,0.563,0,0,0,0/0,,,,,0,0,0,35.7,Slight Pitcher Advantage,Below average,50.0,5,Pitch-level Statcast · last 5 MLB games,384,4-Seam Fastball,28.90625,111.0,Changeup,24.739583333333332,95.0,Sweeper,22.395833333333332,86.0,Cutter,16.666666666666668,64.0,Sinker,5.989583333333333,23.0,Slider,1.3020833333333333,5.0,Unknown,,Unknown,,No,100.0,1.0,1.0,50.0,0.949,0.976,48.4,Current-Season Handedness Matchup,Pull Air %,Barrel %,Max Exit Velocity,38.0,30.9,24.6,40.4,50.0,45.0,39.1,4.16,0.898,1.106,0.985,1.0,0.952,0.952,1.0,15.46,8.35,69.2,25.0,F,Lineup unconfirmed,,,
179,2026-08-12,824241,2026-08-12T22:40:00Z,Scheduled,Comerica Park,Cleveland Guardians @ Detroit Tigers,Away,663993,Nathaniel Lowe,Cleveland Guardians,Detroit Tigers,DH,L,No,,88,295,265,71,18,0,13,27,43,29,0,74,0.268,0.339,0.483,0.822,9,38,34,12,1,0.353,0.0263,18,71,67,22,3,0.328,0.0423,399,98,4.2,25.2,46.0,25.8,26.5,12.3,28.4,41.1,33.5,4.8,3.2,4.8,79.5,82.9,20.4,0.625,72.9,94.9,112.4,45.2,11.1,14.3,54.0,37.4,Below Average,2.5,Contact-First Profile,A-,Elevated power plane,37.4,Below Average,0.965,Good,3.1,40.6,96.7,0.584,Derived proxy,Derived proxy,Derived proxy,Derived proxy,,,15.81,2.81,Positive regression,Below Average Contact-First Profile profile. 4.2% barrel rate; 82.9 mph average exit velocity; 28.4% air-ball rate; 41.1% pull-air rate; 4.8% HR-launch rate.,0.0441,0.0406,4.15,5,2,20.4,0.25,24.5,Very recent HR,664285.0,Framber Valdez,L,LHB vs LHP,23,23,127.1,4.17,1.37,12,0.85,7.28,3.18,683.0,4.2,29.7,11.9,42.2,27.8,84.5,97.2,112.0,0.491,12.0,31.6,99.9,0.544,3.1,Sinker,L,LHB vs LHP,29.5,27,0.077,0.111,0.077,0.188,0,1,6,0.0,0.0,0.325,129,0.0155,3.5,0.456,3,2,0,0/2,0.0,0.333,0.0,0.333,0,1,1,32.8,Slight Pitcher Advantage,Below average,42.5,5,Pitch-level Statcast · last 5 MLB games,417,Sinker,39.80815347721823,166.0,Curveball,34.77218225419664,145.0,Changeup,14.628297362110311,61.0,Slider,5.755395683453237,24.0,4-Seam Fastball,5.0359712230215825,21.0,,,,Unknown,,Unknown,,No,100.0,1.0,1.0,50.0,0.963,0.967,44.1,Current-Season Handedness Matchup,Pull Air %,Barrel %,Max Exit Velocity,29.5,32.7,31.6,39.0,50.0,45.0,39.0,4.16,0.93,0.96,0.985,1.0,0.965,0.965,0.98,15.79,7.87,78.8,26.2,F,Lineup unconfirmed,,,
180,2026-08-12,823187,2026-08-12T19:45:00Z,Scheduled,Oracle Park,Houston Astros @ San Francisco Giants,Home,805811,Bryce Eldridge,San Francisco Giants,Houston Astros,DH,L,No,,77,314,274,68,15,0,12,38,29,39,0,83,0.248,0.341,0.434,0.775,11,44,42,10,1,0.238,0.0227,23,97,86,17,4,0.198,0.0412,383,115,5.4,26.7,43.7,21.1,34.3,16.4,26.2,33.8,26.0,6.3,3.4,6.3,52.1,83.7,15.7,0.611,72.4,95.8,111.3,34.2,11.2,6.5,43.3,30.5,Weak,2.0,Contact-First Profile,A,Excellent HR swing plane,30.5,Weak,0.945,Good,4.3,21.4,94.4,0.53,Derived proxy,Derived proxy,Derived proxy,Derived proxy,,,18.33,6.33,Strong positive regression,Weak Contact-First Profile profile. 5.4% barrel rate; 83.7 mph average exit velocity; 26.2% air-ball rate; 33.8% pull-air rate; 6.3% HR-launch rate.,0.0382,0.0365,3.99,0,0,22.8,0.0,0.0,Very recent HR,687911.0,Bryan King,L,LHB vs LHP,47,0,49.1,3.83,1.36,7,1.28,7.3,3.1,319.0,3.1,21.9,8.8,35.2,33.9,81.0,93.3,109.4,0.48,7.0,72.4,99.5,0.829,9.2,4-Seam Fastball,L,LHB vs LHP,32.6,83,0.263,0.325,0.408,0.733,2,7,22,0.0241,5.2,0.657,78,0.0128,1.8,0.439,0,0,0,0/0,,,,,0,0,0,50.0,Neutral Matchup,Average,50.0,5,Pitch-level Statcast · last 5 MLB games,87,4-Seam Fastball,49.42528735632184,43.0,Sinker,24.137931034482758,21.0,Sweeper,24.137931034482758,21.0,Changeup,2.2988505747126435,2.0,,,,,,,Unknown,,Unknown,,No,91.0,0.91,1.0,33.8,1.045,0.956,40.8,Current-Season Handedness Matchup,Pull Air %,Barrel %,Max Exit Velocity,32.6,22.2,72.4,19.4,33.8,45.0,39.0,4.15,0.94,1.02,0.985,1.0,0.945,0.945,0.98,13.79,7.28,82.2,25.0,F,Lineup unconfirmed,,,
181,2026-08-12,824562,2026-08-12T23:40:00Z,Scheduled,Rate Field,Cincinnati Reds @ Chicago White Sox,Home,671976,Tristan Peters,Chicago White Sox,Cincinnati Reds,CF,L,No,,113,347,311,82,22,3,6,42,40,25,5,63,0.264,0.327,0.412,0.739,10,26,21,3,0,0.143,0.0,22,72,62,7,0,0.113,0.0,480,92,2.9,20.8,53.9,23.5,22.1,14.5,25.3,58.7,27.6,5.2,3.8,5.2,24.4,80.2,20.1,0.431,65.6,93.3,110.8,7.7,8.4,2.2,51.8,26.7,Weak,2.0,Pull Power,A-,Elevated power plane,26.7,Weak,0.935,Good,2.2,56.5,92.4,0.38,Derived proxy,Derived proxy,Derived proxy,Derived proxy,,,16.98,10.98,Strong positive regression,Weak Pull Power profile. 2.9% barrel rate; 80.2 mph average exit velocity; 25.3% air-ball rate; 58.7% pull-air rate; 5.2% HR-launch rate.,0.0173,0.0211,3.99,67,24,51.8,1.29,129.3,Near normal interval,695076.0,Rhett Lowder,R,LHB vs RHP,20,17,89.0,5.26,1.48,11,1.11,7.38,3.94,477.0,5.9,25.4,16.8,40.3,32.5,84.4,95.9,116.0,0.58,11.0,17.4,99.7,0.424,1.2,Sinker,L,LHB vs RHP,35.7,306,0.282,0.339,0.448,0.786,6,21,56,0.0196,3.6,0.482,251,0.0398,7.8,0.669,0,0,0,0/0,,,,,0,0,0,32.2,Slight Pitcher Advantage,Below average,50.0,5,Pitch-level Statcast · last 5 MLB games,339,Slider,33.03834808259587,112.0,Sinker,28.023598820058996,95.0,Changeup,17.99410029498525,61.0,4-Seam Fastball,15.634218289085545,53.0,Curveball,5.014749262536873,17.0,Sweeper,0.2949852507374631,1.0,Unknown,,Unknown,,No,100.0,1.0,1.0,50.0,0.935,0.984,45.7,Current-Season Handedness Matchup,Pull Air %,Barrel %,Max Exit Velocity,35.7,39.2,17.4,39.2,50.0,45.0,39.0,4.15,0.758,1.002,1.025,1.0,0.935,0.935,1.0,8.15,4.76,82.5,23.0,F,Lineup unconfirmed,,,
182,2026-08-12,825047,2026-08-12T19:40:00Z,Scheduled,Chase Field,Colorado Rockies @ Arizona Diamondbacks,Away,687859,Troy Johnston,Colorado Rockies,Arizona Diamondbacks,RF,L,No,,102,363,322,91,25,0,3,36,43,30,5,62,0.283,0.348,0.388,0.736,6,18,18,4,0,0.222,0.0,15,49,46,8,0,0.174,0.0,491,77,1.6,21.1,44.4,29.7,25.2,12.8,31.8,36.6,33.1,6.8,3.5,6.8,21.7,82.1,17.7,0.46,69.0,93.3,107.7,5.4,12.0,1.2,42.0,20.8,Weak,2.0,Contact-First Profile,A,Excellent HR swing plane,20.8,Weak,0.918,Good,1.3,30.8,92.5,0.445,Derived proxy,Derived proxy,Derived proxy,Derived proxy,,,12.33,9.33,Strong positive regression,Weak Contact-First Profile profile. 1.6% barrel rate; 82.1 mph average exit velocity; 31.8% air-ball rate; 36.6% pull-air rate; 6.8% HR-launch rate.,0.0083,0.0142,4.05,92,35,107.3,0.86,85.7,Near normal interval,518876.0,Merrill Kelly,R,LHB vs RHP,21,21,120.0,4.88,1.47,23,1.73,6.0,3.75,687.0,8.2,29.5,14.8,47.8,31.9,83.7,97.0,114.6,0.661,23.0,21.9,99.6,0.464,2.2,Changeup,L,LHB vs RHP,34.0,279,0.306,0.38,0.42,0.8,2,27,50,0.0072,1.6,0.501,312,0.0481,8.5,0.68,2,2,0,0/2,0.0,0.0,0.0,0.0,0,0,1,32.0,Slight Pitcher Advantage,Below average,45.0,5,Pitch-level Statcast · last 5 MLB games,443,Changeup,32.50564334085779,144.0,4-Seam Fastball,24.604966139954854,109.0,Cutter,13.318284424379232,59.0,Curveball,12.641083521444695,56.0,Sinker,10.15801354401806,45.0,Slider,6.772009029345372,30.0,Unknown,,Unknown,,No,100.0,1.0,1.0,50.0,0.944,1.007,35.2,Current-Season Handedness Matchup,Pull Air %,Barrel %,Max Exit Velocity,34.0,57.1,21.9,19.1,50.0,45.0,38.9,4.15,0.758,1.101,1.025,1.0,0.918,0.918,1.0,5.61,4.18,80.9,19.8,F,Lineup unconfirmed,,,
183,2026-08-12,822779,2026-08-12T23:07:00Z,Scheduled,Rogers Centre,Boston Red Sox @ Toronto Blue Jays,Home,672960,Kazuma Okamoto,Toronto Blue Jays,Boston Red Sox,3B,R,No,,116,475,427,96,15,0,24,61,70,40,6,148,0.225,0.299,0.429,0.728,10,43,41,7,0,0.171,0.0,23,93,88,15,2,0.17,0.0215,576,130,4.8,23.7,49.3,27.7,23.1,15.9,24.8,53.8,27.2,5.6,2.6,5.6,76.1,83.1,25.2,0.531,71.0,94.7,110.8,33.5,10.6,9.1,55.6,35.8,Below Average,2.5,Pull Power,A-,Elevated power plane,35.8,Below Average,0.96,Good,1.5,53.3,92.2,0.36,Derived proxy,Derived proxy,Derived proxy,Derived proxy,,,27.31,3.31,Positive regression,Below Average Pull Power profile. 4.8% barrel rate; 83.1 mph average exit velocity; 24.8% air-ball rate; 53.8% pull-air rate; 5.6% HR-launch rate.,0.0505,0.0468,3.99,46,11,17.8,2.59,258.5,Very long drought,624133.0,Ranger Suarez,L,RHB vs LHP,20,20,103.0,3.32,1.17,6,0.52,9.44,2.62,538.0,3.0,21.0,11.3,44.1,31.4,80.9,93.6,113.6,0.484,6.0,29.2,99.8,0.479,5.1,Sinker,R,RHB vs LHP,31.1,119,0.217,0.303,0.387,0.689,5,11,34,0.042,5.7,0.591,309,0.0097,2.3,0.463,5,5,0,0/5,0.0,0.0,0.0,0.0,0,0,1,31.7,Slight Pitcher Advantage,Below average,37.5,5,Pitch-level Statcast · last 5 MLB games,347,4-Seam Fastball,23.34293948126801,81.0,Cutter,21.902017291066283,76.0,Sinker,19.020172910662826,66.0,Curveball,17.002881844380404,59.0,Changeup,9.510086455331413,33.0,Slider,9.221902017291066,32.0,Unknown,,Unknown,,No,100.0,1.0,1.0,50.0,0.958,0.955,47.9,Current-Season Handedness Matchup,Pull Air %,Barrel %,Max Exit Velocity,31.1,28.7,29.2,38.4,50.0,45.0,38.9,4.15,0.76,0.907,1.025,1.0,0.96,0.96,1.06,17.4,7.56,84.4,33.1,D,Lineup unconfirmed,,,
184,2026-08-12,825047,2026-08-12T19:40:00Z,Scheduled,Chase Field,Colorado Rockies @ Arizona Diamondbacks,Home,678489,Jorge Barrosa,Arizona Diamondbacks,Colorado Rockies,CF,S,No,,86,150,127,26,11,1,2,26,12,14,1,39,0.205,0.287,0.354,0.641,10,6,4,3,0,0.75,0.0,21,21,14,5,0,0.357,0.0,182,26,1.9,17.7,48.4,32.7,18.9,18.6,29.1,57.4,32.0,4.6,4.2,4.6,40.0,77.9,18.2,0.404,61.2,91.6,102.9,1.7,11.7,0.2,52.8,22.8,Weak,2.0,Pull Power,A,Excellent HR swing plane,22.8,Weak,0.924,Good,0.0,55.6,92.0,0.479,Derived proxy,Derived proxy,Derived proxy,Derived proxy,,,5.14,3.14,Positive regression,Weak Pull Power profile. 1.9% barrel rate; 77.9 mph average exit velocity; 29.1% air-ball rate; 57.4% pull-air rate; 4.6% HR-launch rate.,0.0133,0.0216,3.81,24,33,63.5,0.38,37.8,Recently homered,663372.0,Ryan Feltner,R,Switch vs RHP,17,17,82.0,5.71,1.45,18,1.98,6.48,3.62,456.0,7.7,26.5,16.9,46.9,26.5,83.0,95.3,111.1,0.607,18.0,18.0,100.0,0.41,3.0,4-Seam Fastball,L,LHB vs RHP,29.2,100,0.182,0.242,0.307,0.549,1,7,30,0.01,2.6,0.394,183,0.0437,9.1,0.596,0,0,0,0/0,,,,,0,0,0,29.4,Strong Pitcher Advantage,Below average,50.0,5,Pitch-level Statcast · last 5 MLB games,423,4-Seam Fastball,29.78723404255319,126.0,Slider,21.98581560283688,93.0,Changeup,19.148936170212767,81.0,Sinker,14.893617021276595,63.0,Sweeper,7.328605200945627,31.0,Curveball,6.855791962174941,29.0,Unknown,,Unknown,,No,100.0,1.0,1.0,50.0,0.936,1.002,37.1,Current-Season Handedness Matchup,Pull Air %,Barrel %,Max Exit Velocity,29.2,50.9,18.0,37.9,50.0,45.0,38.8,4.15,1.0,1.141,1.035,0.975,0.924,0.901,1.0,7.99,5.87,64.4,18.4,F,Lineup unconfirmed,,,
185,2026-08-12,823672,2026-08-12T17:40:00Z,Scheduled,Target Field,Baltimore Orioles @ Minnesota Twins,Home,668952,Ryan Kreidler,Minnesota Twins,Baltimore Orioles,SS,R,No,,75,209,195,46,8,3,5,26,25,13,1,42,0.236,0.287,0.385,0.672,11,29,28,5,0,0.179,0.0,23,67,66,13,0,0.197,0.0,271,92,4.4,23.4,44.7,35.2,20.1,13.0,22.9,55.9,23.7,4.6,3.5,4.6,27.1,81.9,12.4,0.506,70.1,94.6,109.0,31.9,10.3,9.2,62.0,33.2,Weak,2.5,Pull Power,A,Excellent HR swing plane,33.2,Weak,0.953,Good,4.3,65.2,95.3,0.52,Derived proxy,Derived proxy,Derived proxy,Derived proxy,,,11.72,6.72,Strong positive regression,Weak Pull Power profile. 4.4% barrel rate; 81.9 mph average exit velocity; 22.9% air-ball rate; 55.9% pull-air rate; 4.6% HR-launch rate.,0.0239,0.0269,3.93,102,34,39.0,2.62,261.5,Very long drought,669358.0,Shane Baz,R,RHB vs RHP,23,23,136.1,3.76,1.32,10,0.66,7.92,3.04,799.0,3.8,24.2,13.3,39.0,29.9,83.0,94.8,116.9,0.52,10.0,28.8,99.5,0.49,4.4,4-Seam Fastball,R,RHB vs RHP,32.2,119,0.27,0.294,0.461,0.755,4,4,29,0.0336,6.6,0.581,246,0.0163,3.4,0.497,0,0,0,0/0,,,,,0,0,0,34.6,Slight Pitcher Advantage,Below average,50.0,5,Pitch-level Statcast · last 5 MLB games,463,4-Seam Fastball,35.85313174946004,166.0,Knuckle Curve,30.237580993520517,140.0,Cutter,12.095032397408207,56.0,Changeup,11.44708423326134,53.0,Sinker,10.367170626349893,48.0,,,,Unknown,,Unknown,,No,100.0,1.0,1.0,50.0,0.958,0.963,45.8,Current-Season Handedness Matchup,Pull Air %,Barrel %,Max Exit Velocity,32.2,27.9,28.8,49.8,50.0,45.0,38.7,4.14,0.758,0.93,0.985,1.0,0.953,0.953,1.06,10.15,5.27,72.3,26.9,F,Lineup unconfirmed,,,
186,2026-08-12,823511,2026-08-12T23:05:00Z,Scheduled,Yankee Stadium,Seattle Mariners @ New York Yankees,Home,642708,Amed Rosario,New York Yankees,Seattle Mariners,3B,R,No,,69,197,182,42,5,1,10,23,28,12,0,51,0.231,0.274,0.434,0.708,6,17,16,3,1,0.188,0.0588,13,32,31,6,1,0.194,0.0312,265,52,5.0,21.2,36.9,38.9,24.2,10.8,24.3,33.1,31.0,4.1,2.9,4.1,60.8,81.7,20.2,0.585,72.2,94.1,110.8,33.0,8.4,6.3,43.7,27.9,Weak,2.0,Contact-First Profile,A-,Elevated power plane,27.9,Weak,0.938,Good,3.8,27.3,93.1,0.584,Derived proxy,Derived proxy,Derived proxy,Derived proxy,,,10.9,0.9,Near expected,Weak Contact-First Profile profile. 5.0% barrel rate; 81.7 mph average exit velocity; 24.3% air-ball rate; 33.1% pull-air rate; 4.1% HR-launch rate.,0.0508,0.0437,3.93,12,4,18.2,0.66,65.9,Recently homered,682243.0,Bryce Miller,R,RHB vs RHP,14,13,79.0,3.08,0.95,13,1.48,9.0,1.71,449.0,4.5,20.3,16.3,47.0,24.9,82.7,93.4,111.5,0.475,13.0,30.4,95.0,0.536,2.9,4-Seam Fastball,R,RHB vs RHP,53.0,71,0.288,0.324,0.53,0.854,5,4,20,0.0704,6.2,0.676,141,0.0567,5.1,0.497,0,0,0,0/0,,,,,0,0,0,44.5,Neutral Matchup,Average,50.0,5,Pitch-level Statcast · last 5 MLB games,441,4-Seam Fastball,43.31065759637188,191.0,Split-Finger,24.94331065759637,110.0,Slider,8.390022675736962,37.0,Sweeper,7.709750566893424,34.0,Sinker,7.2562358276643995,32.0,Cutter,4.988662131519274,22.0,Unknown,,Unknown,,No,108.0,1.08,1.0,64.4,0.961,0.97,45.0,Current-Season Handedness Matchup,Pull Air %,Barrel %,Max Exit Velocity,53.0,31.8,30.4,21.2,64.4,45.0,38.6,4.13,1.025,1.061,0.985,1.0,0.938,0.938,1.0,16.09,9.59,68.6,25.8,F,Lineup unconfirmed,Knuckle Curve,3.401360544217687,15.0
187,2026-08-12,823511,2026-08-12T23:05:00Z,Scheduled,Yankee Stadium,Seattle Mariners @ New York Yankees,Away,647304,Josh Naylor,Seattle Mariners,New York Yankees,1B,L,No,,111,474,430,113,17,0,10,44,42,37,5,59,0.263,0.328,0.372,0.7,9,36,31,9,2,0.29,0.0556,21,85,77,24,2,0.312,0.0235,622,113,2.8,25.6,45.2,27.6,26.5,13.7,28.0,41.7,31.7,4.9,2.9,4.9,59.4,83.1,13.8,0.46,68.2,95.6,110.2,8.5,12.5,2.1,43.5,24.6,Weak,2.0,Contact-First Profile,A,Excellent HR swing plane,24.6,Weak,0.929,Good,2.7,37.5,95.7,0.466,Derived proxy,Derived proxy,Derived proxy,Derived proxy,,,19.74,9.74,Strong positive regression,Weak Contact-First Profile profile. 2.8% barrel rate; 83.1 mph average exit velocity; 28.0% air-ball rate; 41.7% pull-air rate; 4.9% HR-launch rate.,0.0211,0.0233,4.05,3,1,43.0,0.07,7.0,Very recent HR,701542.0,Will Warren,R,LHB vs RHP,23,22,114.0,4.18,1.37,15,1.18,9.0,2.92,611.0,4.4,26.8,12.6,46.4,28.8,84.0,96.4,116.9,0.565,15.0,26.0,99.8,0.487,3.1,4-Seam Fastball,L,LHB vs RHP,28.4,331,0.247,0.318,0.355,0.673,7,29,36,0.0211,2.7,0.451,282,0.0355,5.3,0.576,2,1,0,0/1,0.0,0.5,0.0,0.5,0,1,0,31.0,Slight Pitcher Advantage,Below average,45.5,5,Pitch-level Statcast · last 5 MLB games,346,4-Seam Fastball,29.76878612716763,103.0,Sinker,21.09826589595376,73.0,Sweeper,19.07514450867052,66.0,Changeup,18.208092485549134,63.0,Curveball,11.84971098265896,41.0,,,,Unknown,,Unknown,,No,108.0,1.08,1.0,64.4,0.952,0.969,39.7,Current-Season Handedness Matchup,Pull Air %,Barrel %,Max Exit Velocity,28.4,37.8,26.0,33.3,64.4,45.0,38.4,4.12,1.266,1.013,1.025,1.0,0.929,0.929,0.98,9.11,7.12,83.8,23.9,F,Lineup unconfirmed,,,
188,2026-08-12,822779,2026-08-12T23:07:00Z,Scheduled,Rogers Centre,Boston Red Sox @ Toronto Blue Jays,Away,668939,Adley Rutschman,Boston Red Sox,Toronto Blue Jays,C,S,No,,68,289,250,63,19,1,8,30,47,32,2,41,0.252,0.336,0.432,0.768,1,5,3,1,0,0.333,0.0,3,14,9,2,0,0.222,0.0,385,11,3.8,24.9,46.1,28.8,24.7,14.9,32.3,42.2,34.7,7.5,6.0,7.5,47.1,83.6,20.3,0.489,69.2,94.7,108.9,11.5,12.0,4.2,40.7,29.2,Weak,2.0,Pull Power,A-,Elevated power plane,29.2,Weak,0.942,Good,0.0,50.0,91.1,0.321,Derived proxy,Derived proxy,Derived proxy,Derived proxy,,,15.84,7.84,Strong positive regression,Weak Pull Power profile. 3.8% barrel rate; 83.6 mph average exit velocity; 32.3% air-ball rate; 42.2% pull-air rate; 7.5% HR-launch rate.,0.0277,0.0289,4.05,78,22,31.2,2.5,249.6,Very long drought,667755.0,José Soriano,R,Switch vs RHP,23,23,127.2,3.24,1.26,12,0.85,9.16,4.23,613.0,4.6,23.8,11.9,41.5,27.6,83.2,95.2,112.7,0.534,12.0,35.2,99.8,0.505,6.8,Sinker,L,LHB vs RHP,34.7,181,0.256,0.337,0.462,0.799,5,19,30,0.0276,5.2,0.534,297,0.0337,5.2,0.567,1,1,0,0/1,0.0,0.0,0.0,0.0,0,0,0,37.4,Slight Pitcher Advantage,Below average,47.5,5,Pitch-level Statcast · last 5 MLB games,444,Knuckle Curve,30.63063063063063,136.0,Sinker,29.054054054054053,129.0,4-Seam Fastball,22.07207207207207,98.0,Split-Finger,15.765765765765765,70.0,Slider,2.4774774774774775,11.0,,,,Unknown,,Unknown,,No,100.0,1.0,1.0,50.0,0.97,0.971,42.1,Current-Season Handedness Matchup,Pull Air %,Barrel %,Max Exit Velocity,34.7,32.7,35.2,34.3,50.0,45.0,38.4,4.12,1.0,0.96,1.035,1.0,0.942,0.942,1.06,11.22,7.0,73.8,31.3,D,Lineup unconfirmed; Limited recent games,,,
189,2026-08-12,824883,2026-08-12T23:15:00Z,Scheduled,Truist Park,New York Mets @ Atlanta Braves,Home,642086,Dominic Smith,Atlanta Braves,New York Mets,DH,L,No,,95,274,245,65,6,1,8,38,44,21,2,41,0.265,0.322,0.396,0.718,8,18,16,4,1,0.25,0.0556,16,41,36,10,2,0.278,0.0488,381,57,2.7,18.9,46.3,23.5,29.6,13.9,26.5,41.3,29.8,5.0,3.6,5.0,113.3,82.7,17.5,0.447,66.6,93.1,107.9,6.4,8.6,1.6,45.6,21.9,Weak,2.0,Contact-First Profile,A,Excellent HR swing plane,21.9,Weak,0.921,Good,1.8,41.7,91.2,0.415,Derived proxy,Derived proxy,Derived proxy,Derived proxy,,,11.68,3.68,Positive regression,Weak Contact-First Profile profile. 2.7% barrel rate; 82.7 mph average exit velocity; 26.5% air-ball rate; 41.3% pull-air rate; 5.0% HR-launch rate.,0.0292,0.0301,3.99,10,6,30.6,0.33,32.7,Very recent HR,804267.0,Zac Thornton,L,LHB vs LHP,7,7,39.1,2.52,1.07,3,0.69,6.18,2.75,217.0,6.0,27.6,15.2,42.6,32.3,83.1,96.5,110.6,0.526,3.0,33.8,99.6,0.543,4.3,Cutter,L,LHB vs LHP,34.4,36,0.161,0.257,0.194,0.451,0,4,5,0.0,2.0,0.255,52,0.0192,6.0,0.51,0,0,0,0/0,,,,,0,0,0,37.3,Slight Pitcher Advantage,Below average,50.0,5,Pitch-level Statcast · last 5 MLB games,400,Cutter,32.0,128.0,4-Seam Fastball,25.25,101.0,Sweeper,13.5,54.0,Slider,11.25,45.0,Sinker,10.75,43.0,Changeup,5.25,21.0,Unknown,,Unknown,,No,103.0,1.03,1.0,55.4,0.968,0.985,37.8,Current-Season Handedness Matchup,Pull Air %,Barrel %,Max Exit Velocity,34.4,40.2,33.8,26.7,55.4,45.0,38.4,4.12,1.299,0.963,0.985,1.0,0.921,0.921,0.98,11.46,7.88,74.9,24.1,F,Lineup unconfirmed,Curveball,2.0,8.0
190,2026-08-12,823263,2026-08-12T20:10:00Z,Scheduled,Petco Park,Milwaukee Brewers @ San Diego Padres,Home,592518,Manny Machado,San Diego Padres,Milwaukee Brewers,3B,R,No,,118,500,437,94,20,0,23,61,70,55,0,111,0.215,0.299,0.419,0.718,13,54,48,10,0,0.208,0.0,25,110,97,25,4,0.258,0.0364,637,132,6.4,27.0,42.7,27.4,29.1,15.7,29.4,36.5,32.6,8.3,4.1,8.3,54.4,84.1,24.6,0.605,72.9,96.1,111.3,43.1,14.0,12.1,59.2,38.8,Below Average,2.5,Contact-First Profile,A-,Elevated power plane,38.8,Below Average,0.969,Good,7.6,32.6,96.6,0.649,Derived proxy,Derived proxy,Derived proxy,Derived proxy,,,36.43,13.43,Strong positive regression,Below Average Contact-First Profile profile. 6.4% barrel rate; 84.1 mph average exit velocity; 29.4% air-ball rate; 36.5% pull-air rate; 8.3% HR-launch rate.,0.046,0.0433,3.99,56,15,19.0,2.95,294.7,Very long drought,669160.0,Dustin May,R,RHB vs RHP,22,22,115.0,4.3,1.27,8,0.63,8.69,2.97,612.0,4.1,27.1,12.6,34.4,31.5,82.9,95.3,114.8,0.508,8.0,40.1,99.9,0.582,5.5,4-Seam Fastball,R,RHB vs RHP,36.9,379,0.208,0.294,0.413,0.706,19,42,87,0.0501,5.9,0.588,187,0.0107,5.2,0.509,6,6,1,1/6,0.167,0.167,0.167,0.334,0,0,0,37.6,Slight Pitcher Advantage,Below average,35.0,5,Pitch-level Statcast · last 5 MLB games,438,4-Seam Fastball,25.34246575342466,111.0,Cutter,23.972602739726028,105.0,Sinker,18.72146118721461,82.0,Sweeper,18.264840182648403,80.0,Changeup,7.762557077625571,34.0,Curveball,5.936073059360731,26.0,Unknown,,Unknown,,No,94.0,0.94,1.0,39.2,0.98,0.966,45.4,Current-Season Handedness Matchup,Pull Air %,Barrel %,Max Exit Velocity,36.9,25.3,40.1,41.3,39.2,45.0,38.2,4.11,0.828,0.925,0.985,1.0,0.969,0.969,1.06,16.19,7.38,85.0,32.7,D,Lineup unconfirmed,,,
191,2026-08-12,823994,2026-08-13T02:10:00Z,Scheduled,Angel Stadium,Texas Rangers @ Los Angeles Angels,Home,694208,Moisés Ballesteros,Los Angeles Angels,Texas Rangers,C,L,No,,67,205,185,40,6,0,6,16,23,18,0,43,0.216,0.283,0.346,0.629,8,30,29,4,0,0.138,0.0,8,30,29,4,0,0.138,0.0,249,33,5.5,27.8,41.0,27.6,30.9,11.0,25.5,37.1,27.8,5.8,4.2,5.8,30.0,83.8,11.0,0.543,70.7,96.4,110.1,33.7,14.2,9.3,50.1,32.5,Weak,2.5,Contact-First Profile,A,Excellent HR swing plane,32.5,Weak,0.951,Good,6.1,37.5,96.4,0.595,Derived proxy,Derived proxy,Derived proxy,Derived proxy,,,12.11,6.11,Strong positive regression,Weak Contact-First Profile profile. 5.5% barrel rate; 83.8 mph average exit velocity; 25.5% air-ball rate; 37.1% pull-air rate; 5.8% HR-launch rate.,0.0293,0.0303,3.81,103,37,30.8,3.34,334.1,Very long drought,615698.0,Cal Quantrill,R,LHB vs RHP,24,7,65.2,3.56,1.19,9,1.23,5.89,2.6,381.0,4.7,21.0,16.0,32.1,29.1,81.8,93.9,111.2,0.517,9.0,39.0,99.6,0.584,4.8,Cutter,L,LHB vs RHP,39.3,185,0.229,0.297,0.367,0.665,6,17,38,0.0324,5.4,0.517,155,0.0387,6.2,0.631,0,0,0,0/0,,,,,0,0,0,41.3,Slight Pitcher Advantage,Below average,50.0,5,Pitch-level Statcast · last 5 MLB games,307,Split-Finger,29.64169381107492,91.0,4-Seam Fastball,23.452768729641694,72.0,Cutter,21.824104234527688,67.0,Sinker,19.86970684039088,61.0,Curveball,5.2117263843648205,16.0,,,,Unknown,,Unknown,,No,100.0,1.0,1.0,50.0,0.978,0.972,43.6,Current-Season Handedness Matchup,Pull Air %,Barrel %,Max Exit Velocity,39.3,24.9,39.0,42.3,50.0,45.0,38.2,4.1,0.758,1.019,1.025,0.94,0.951,0.894,1.06,11.05,5.85,69.0,27.0,F,Lineup unconfirmed,,,
192,2026-08-12,824883,2026-08-12T23:15:00Z,Scheduled,Truist Park,New York Mets @ Atlanta Braves,Away,673357,Luis Robert Jr.,New York Mets,Atlanta Braves,CF,R,No,,42,163,146,31,3,0,5,17,16,16,0,40,0.212,0.288,0.336,0.624,10,37,36,9,1,0.25,0.027,18,65,61,12,3,0.197,0.0462,201,81,3.9,22.4,52.6,25.2,22.2,13.1,21.5,55.8,26.0,3.1,1.4,3.1,75.6,81.8,19.1,0.521,74.7,94.3,112.3,63.1,7.2,12.6,55.1,36.1,Below Average,2.5,Pull Power,A,Excellent HR swing plane,36.1,Below Average,0.961,Good,3.7,68.8,91.0,0.558,Derived proxy,Derived proxy,Derived proxy,Derived proxy,,,7.74,2.74,Positive regression,Below Average Pull Power profile. 3.9% barrel rate; 81.8 mph average exit velocity; 21.5% air-ball rate; 55.8% pull-air rate; 3.1% HR-launch rate.,0.0307,0.0312,3.87,5,2,29.2,0.17,17.1,Very recent HR,641816.0,Tyler Mahle,R,RHB vs RHP,19,19,100.2,4.83,1.36,14,1.25,8.76,3.49,530.0,4.2,22.3,15.3,37.5,28.9,82.6,94.7,110.5,0.523,14.0,24.9,99.9,0.466,3.6,4-Seam Fastball,R,RHB vs RHP,30.7,117,0.217,0.282,0.33,0.612,3,10,28,0.0256,3.4,0.454,198,0.0354,5.7,0.576,7,6,1,1/6,0.167,0.286,0.167,0.453,0,1,1,29.0,Strong Pitcher Advantage,Below average,32.6,5,Pitch-level Statcast · last 5 MLB games,474,4-Seam Fastball,49.57805907172996,235.0,Split-Finger,25.738396624472575,122.0,Cutter,23.839662447257385,113.0,Slider,0.8438818565400844,4.0,,,,,,,Unknown,,Unknown,,No,103.0,1.03,1.0,55.4,0.95,0.967,47.4,Current-Season Handedness Matchup,Pull Air %,Barrel %,Max Exit Velocity,30.7,27.4,24.9,39.8,55.4,45.0,38.2,4.1,1.056,1.024,0.985,0.94,0.961,0.903,0.98,11.56,6.92,68.8,20.7,F,Lineup unconfirmed,,,
193,2026-08-12,824562,2026-08-12T23:40:00Z,Scheduled,Rate Field,Cincinnati Reds @ Chicago White Sox,Home,803011,Sam Antonacci,Chicago White Sox,Cincinnati Reds,LF,L,No,,98,390,337,92,16,2,8,59,35,28,21,60,0.273,0.364,0.404,0.768,11,40,35,7,0,0.2,0.0,23,86,76,17,2,0.224,0.0233,522,129,2.9,20.6,47.2,27.0,25.3,10.6,21.7,40.7,36.4,4.3,2.4,4.3,62.4,81.1,14.8,0.464,67.8,92.7,107.2,6.9,7.6,2.4,46.6,22.4,Weak,2.0,Contact-First Profile,A,Excellent HR swing plane,22.4,Weak,0.923,Good,1.6,45.5,91.4,0.392,Derived proxy,Derived proxy,Derived proxy,Derived proxy,,,15.87,7.87,Strong positive regression,Weak Contact-First Profile profile. 2.9% barrel rate; 81.1 mph average exit velocity; 21.7% air-ball rate; 40.7% pull-air rate; 4.3% HR-launch rate.,0.0205,0.0232,3.99,35,11,42.1,0.83,83.1,Near normal interval,695076.0,Rhett Lowder,R,LHB vs RHP,20,17,89.0,5.26,1.48,11,1.11,7.38,3.94,477.0,5.9,25.4,16.8,40.3,32.5,84.4,95.9,116.0,0.58,11.0,29.7,99.7,0.51,3.9,Sinker,L,LHB vs RHP,39.6,307,0.291,0.38,0.445,0.826,8,25,43,0.0261,4.0,0.536,251,0.0398,7.8,0.669,0,0,0,0/0,,,,,0,0,0,38.2,Slight Pitcher Advantage,Below average,50.0,5,Pitch-level Statcast · last 5 MLB games,339,Slider,33.03834808259587,112.0,Sinker,28.023598820058996,95.0,Changeup,17.99410029498525,61.0,4-Seam Fastball,15.634218289085545,53.0,Curveball,5.014749262536873,17.0,Sweeper,0.2949852507374631,1.0,Unknown,,Unknown,,No,100.0,1.0,1.0,50.0,0.959,0.984,39.6,Current-Season Handedness Matchup,Pull Air %,Barrel %,Max Exit Velocity,39.6,39.2,29.7,30.7,50.0,45.0,38.0,4.1,0.857,1.002,1.025,1.0,0.923,0.923,1.0,8.95,5.36,83.9,22.5,F,Lineup unconfirmed,,,
194,2026-08-12,823017,2026-08-12T18:15:00Z,Scheduled,Busch Stadium,Philadelphia Phillies @ St. Louis Cardinals,Home,671056,Iván Herrera,St. Louis Cardinals,Philadelphia Phillies,DH,R,No,,119,530,449,112,23,1,13,73,50,53,25,93,0.249,0.358,0.392,0.75,12,53,51,14,1,0.275,0.0189,24,107,103,26,2,0.252,0.0187,702,154,4.0,27.7,44.3,28.3,26.8,8.4,21.1,50.0,31.1,4.5,2.3,4.5,41.3,83.5,14.1,0.48,71.4,96.4,113.5,38.7,12.3,10.2,42.8,34.9,Weak,2.5,Pull Power,A,Excellent HR swing plane,34.9,Weak,0.958,Good,3.2,60.6,96.1,0.488,Derived proxy,Derived proxy,Derived proxy,Derived proxy,,,28.56,15.56,Strong positive regression,Weak Pull Power profile. 4.0% barrel rate; 83.5 mph average exit velocity; 21.1% air-ball rate; 50.0% pull-air rate; 4.5% HR-launch rate.,0.0245,0.0259,3.99,19,4,34.5,0.55,55.0,Recently homered,554430.0,Zack Wheeler,R,RHB vs RHP,19,19,110.1,2.69,0.98,14,1.14,10.77,2.28,553.0,3.8,21.2,12.1,38.7,29.8,81.6,93.3,111.8,0.472,14.0,30.3,100.0,0.494,4.9,4-Seam Fastball,R,RHB vs RHP,21.6,367,0.248,0.346,0.384,0.73,8,28,69,0.0218,3.3,0.448,170,0.0294,3.6,0.408,3,3,1,1/3,0.333,0.333,0.333,0.666,0,0,0,29.5,Strong Pitcher Advantage,Below average,46.0,5,Pitch-level Statcast · last 5 MLB games,405,4-Seam Fastball,32.592592592592595,132.0,Split-Finger,21.728395061728396,88.0,Sinker,13.333333333333334,54.0,Sweeper,13.08641975308642,53.0,Cutter,9.876543209876543,40.0,Curveball,9.382716049382717,38.0,Unknown,,Unknown,,No,100.0,1.0,1.0,50.0,0.961,0.963,46.1,Current-Season Handedness Matchup,Pull Air %,Barrel %,Max Exit Velocity,21.6,24.3,30.3,49.0,50.0,45.0,38.0,4.09,0.89,1.006,0.985,1.0,0.958,0.958,1.0,9.94,5.78,85.0,22.6,F,Lineup unconfirmed,,,
195,2026-08-12,823916,2026-08-13T02:10:00Z,Scheduled,UNIQLO Field at Dodger Stadium,Kansas City Royals @ Los Angeles Dodgers,Away,516782,Starling Marte,Kansas City Royals,Los Angeles Dodgers,RF,R,No,,57,162,147,36,5,0,2,15,14,9,4,38,0.245,0.302,0.32,0.622,6,19,18,3,1,0.167,0.0526,13,37,35,6,1,0.171,0.027,217,55,5.5,18.6,26.8,44.2,28.5,8.6,20.1,35.9,27.1,5.2,3.7,5.2,22.5,78.5,16.7,0.466,70.0,92.4,108.3,30.3,9.5,6.5,39.6,24.7,Weak,2.0,Contact-First Profile,A,Excellent HR swing plane,24.7,Weak,0.929,Good,5.5,50.0,90.9,0.391,Derived proxy,Derived proxy,Derived proxy,Derived proxy,,,9.84,7.84,Strong positive regression,Weak Contact-First Profile profile. 5.5% barrel rate; 78.5 mph average exit velocity; 20.1% air-ball rate; 35.9% pull-air rate; 5.2% HR-launch rate.,0.0123,0.0207,3.93,3,1,73.5,0.04,4.1,Very recent HR,641778.0,Eric Lauer,L,RHB vs LHP,18,15,92.0,4.89,1.26,22,2.15,5.58,2.84,596.0,6.5,21.5,19.0,42.9,28.5,81.5,93.4,114.5,0.569,22.0,29.1,99.9,0.473,5.4,4-Seam Fastball,R,RHB vs LHP,32.6,120,0.262,0.325,0.318,0.643,1,8,27,0.0083,4.6,0.474,304,0.0526,6.8,0.575,3,3,1,1/3,0.333,0.333,0.333,0.666,0,0,0,34.0,Slight Pitcher Advantage,Below average,46.0,5,Pitch-level Statcast · last 5 MLB games,467,4-Seam Fastball,36.83083511777302,172.0,Cutter,26.980728051391864,126.0,Changeup,14.132762312633833,66.0,Slider,11.777301927194861,55.0,Curveball,10.278372591006423,48.0,,,,Unknown,,Unknown,,No,100.0,1.0,1.0,50.0,0.958,0.99,36.7,Current-Season Handedness Matchup,Pull Air %,Barrel %,Max Exit Velocity,32.6,40.3,29.1,41.6,50.0,45.0,38.0,4.09,1.319,1.168,1.025,0.94,0.929,0.873,0.98,7.9,6.77,66.5,20.1,F,Lineup unconfirmed,,,
196,2026-08-12,824562,2026-08-12T23:40:00Z,Scheduled,Rate Field,Cincinnati Reds @ Chicago White Sox,Away,663647,Ke'Bryan Hayes,Cincinnati Reds,Chicago White Sox,3B,R,No,,65,178,167,23,2,1,4,14,7,9,2,35,0.138,0.191,0.234,0.425,9,20,19,2,1,0.105,0.05,19,43,41,5,2,0.122,0.0465,183,43,4.4,28.9,29.1,31.3,37.1,20.0,38.4,33.0,29.5,7.3,3.3,7.3,96.0,85.8,17.3,0.511,69.4,96.4,108.6,6.7,14.7,3.4,56.3,26.8,Weak,2.0,Contact-First Profile,A,Excellent HR swing plane,26.8,Weak,0.935,Good,2.3,35.7,95.9,0.532,Derived proxy,Derived proxy,Derived proxy,Derived proxy,,,8.05,4.05,Strong positive regression,Weak Contact-First Profile profile. 4.4% barrel rate; 85.8 mph average exit velocity; 38.4% air-ball rate; 33.0% pull-air rate; 7.3% HR-launch rate.,0.0225,0.0263,3.87,15,7,41.8,0.36,35.9,Recently homered,622491.0,Luis Castillo,R,RHB vs RHP,21,18,103.2,5.3,1.41,17,1.48,7.9,2.86,685.0,5.5,25.1,13.4,38.7,29.2,83.7,95.3,113.8,0.579,17.0,41.4,99.9,0.553,7.6,4-Seam Fastball,R,RHB vs RHP,28.3,131,0.122,0.176,0.22,0.395,3,7,27,0.0229,6.9,0.494,190,0.0211,3.4,0.517,14,13,2,2/13,0.154,0.214,0.154,0.368,0,1,4,30.2,Slight Pitcher Advantage,Below average,15.0,5,Pitch-level Statcast · last 5 MLB games,454,4-Seam Fastball,41.629955947136565,189.0,Slider,27.312775330396477,124.0,Sinker,17.841409691629956,81.0,Changeup,13.215859030837004,60.0,,,,,,,Unknown,,Unknown,,No,100.0,1.0,1.0,50.0,0.983,0.98,36.2,Current-Season Handedness Matchup,Pull Air %,Barrel %,Max Exit Velocity,28.3,36.2,41.4,31.2,50.0,45.0,38.0,4.09,1.336,1.061,0.985,0.94,0.935,0.879,1.0,9.8,7.43,68.2,21.4,F,Lineup unconfirmed,,,
197,2026-08-12,823263,2026-08-12T20:10:00Z,Scheduled,Petco Park,Milwaukee Brewers @ San Diego Padres,Home,657757,Gavin Sheets,San Diego Padres,Milwaukee Brewers,1B,L,No,,112,382,330,70,15,0,15,44,44,46,4,79,0.212,0.314,0.394,0.708,10,22,18,3,1,0.167,0.0455,22,60,50,8,1,0.16,0.0167,521,89,4.0,23.3,41.9,32.2,25.9,12.0,20.5,48.7,28.4,5.6,3.4,5.6,54.1,82.0,20.6,0.448,72.5,94.1,109.8,43.2,9.1,10.7,49.6,33.6,Weak,2.5,Pull Power,A-,Elevated power plane,33.6,Weak,0.954,Good,3.4,47.1,92.5,0.341,Derived proxy,Derived proxy,Derived proxy,Derived proxy,,,21.18,6.18,Strong positive regression,Weak Pull Power profile. 4.0% barrel rate; 82.0 mph average exit velocity; 20.5% air-ball rate; 48.7% pull-air rate; 5.6% HR-launch rate.,0.0393,0.0375,3.99,3,2,22.0,0.14,13.6,Very recent HR,669160.0,Dustin May,R,LHB vs RHP,22,22,115.0,4.3,1.27,8,0.63,8.69,2.97,612.0,4.1,27.1,12.6,34.4,31.5,82.9,95.3,114.8,0.508,8.0,42.5,99.9,0.592,6.2,4-Seam Fastball,L,LHB vs RHP,33.7,311,0.223,0.331,0.438,0.769,15,40,59,0.0482,4.9,0.532,298,0.0201,3.4,0.508,3,3,1,1/3,0.333,0.333,0.333,0.666,0,0,0,39.2,Slight Pitcher Advantage,Below average,46.0,5,Pitch-level Statcast · last 5 MLB games,438,4-Seam Fastball,25.34246575342466,111.0,Cutter,23.972602739726028,105.0,Sinker,18.72146118721461,82.0,Sweeper,18.264840182648403,80.0,Changeup,7.762557077625571,34.0,Curveball,5.936073059360731,26.0,Unknown,,Unknown,,No,94.0,0.94,1.0,39.2,0.985,0.966,44.4,Current-Season Handedness Matchup,Pull Air %,Barrel %,Max Exit Velocity,33.7,25.3,42.5,37.3,39.2,45.0,38.0,4.09,0.947,0.925,1.025,1.0,0.954,0.954,0.98,14.15,7.1,81.8,23.7,F,Lineup unconfirmed,,,
198,2026-08-12,823916,2026-08-13T02:10:00Z,Scheduled,UNIQLO Field at Dodger Stadium,Kansas City Royals @ Los Angeles Dodgers,Away,686555,Isaac Collins,Kansas City Royals,Los Angeles Dodgers,LF,S,No,,108,395,340,80,19,3,6,40,35,45,6,87,0.235,0.333,0.362,0.695,10,36,33,7,0,0.212,0.0,22,80,73,16,1,0.219,0.0125,446,93,4.4,27.4,41.5,23.9,34.6,15.6,29.7,36.7,28.3,4.6,2.4,4.6,28.2,83.0,20.4,0.424,70.1,95.8,110.7,29.4,12.6,8.5,33.7,26.1,Weak,2.0,Contact-First Profile,A-,Elevated power plane,26.1,Weak,0.933,Good,4.3,25.9,96.3,0.383,Derived proxy,Derived proxy,Derived proxy,Derived proxy,,,17.81,11.81,Strong positive regression,Weak Contact-First Profile profile. 4.4% barrel rate; 83.0 mph average exit velocity; 29.7% air-ball rate; 36.7% pull-air rate; 4.6% HR-launch rate.,0.0152,0.0191,4.05,50,15,56.7,0.88,88.2,Near normal interval,641778.0,Eric Lauer,L,Switch vs LHP,18,15,92.0,4.89,1.26,22,2.15,5.58,2.84,596.0,6.5,21.5,19.0,42.9,28.5,81.5,93.4,114.5,0.569,22.0,29.0,99.9,0.49,4.5,4-Seam Fastball,R,RHB vs LHP,32.6,121,0.2,0.267,0.309,0.576,2,7,26,0.0165,4.9,0.399,304,0.0526,6.8,0.575,0,0,0,0/0,,,,,0,0,0,34.8,Slight Pitcher Advantage,Below average,50.0,5,Pitch-level Statcast · last 5 MLB games,467,4-Seam Fastball,36.83083511777302,172.0,Cutter,26.980728051391864,126.0,Changeup,14.132762312633833,66.0,Slider,11.777301927194861,55.0,Curveball,10.278372591006423,48.0,,,,Unknown,,Unknown,,No,100.0,1.0,1.0,50.0,0.958,0.99,39.3,Current-Season Handedness Matchup,Pull Air %,Barrel %,Max Exit Velocity,32.6,40.3,29.0,27.2,50.0,45.0,37.8,4.08,0.795,1.168,1.035,1.0,0.933,0.933,1.0,7.52,5.13,83.4,21.2,F,Lineup unconfirmed,,,
199,2026-08-12,824562,2026-08-12T23:40:00Z,Scheduled,Rate Field,Cincinnati Reds @ Chicago White Sox,Home,545341,Randal Grichuk,Chicago White Sox,Cincinnati Reds,DH,R,No,,81,185,176,46,15,1,9,27,25,7,1,44,0.261,0.292,0.511,0.803,9,23,22,8,0,0.364,0.0,19,41,39,12,0,0.308,0.0,243,52,5.0,32.9,45.2,24.4,30.3,11.6,21.8,31.4,25.6,4.3,2.4,4.3,36.6,84.8,19.0,0.547,72.6,98.4,112.8,43.6,13.9,15.8,55.9,35.3,Below Average,2.5,Contact-First Profile,A,Excellent HR swing plane,35.3,Below Average,0.959,Good,1.9,14.3,99.2,0.388,Derived proxy,Derived proxy,Derived proxy,Derived proxy,,,10.46,1.46,Near expected,Below Average Contact-First Profile profile. 5.0% barrel rate; 84.8 mph average exit velocity; 21.8% air-ball rate; 31.4% pull-air rate; 4.3% HR-launch rate.,0.0486,0.0421,4.09,65,29,19.6,3.32,332.4,Very long drought,695076.0,Rhett Lowder,R,RHB vs RHP,20,17,89.0,5.26,1.48,11,1.11,7.38,3.94,477.0,5.9,25.4,16.8,40.3,32.5,84.4,95.9,116.0,0.58,11.0,31.0,99.7,0.508,4.6,Sinker,R,RHB vs RHP,30.0,61,0.217,0.213,0.417,0.63,2,0,12,0.0328,7.4,0.538,149,0.0067,2.7,0.445,0,0,0,0/0,,,,,0,0,0,34.4,Slight Pitcher Advantage,Below average,50.0,5,Pitch-level Statcast · last 5 MLB games,339,Slider,33.03834808259587,112.0,Sinker,28.023598820058996,95.0,Changeup,17.99410029498525,61.0,4-Seam Fastball,15.634218289085545,53.0,Curveball,5.014749262536873,17.0,Sweeper,0.2949852507374631,1.0,Unknown,,Unknown,,No,100.0,1.0,1.0,50.0,0.962,0.984,40.1,Current-Season Handedness Matchup,Pull Air %,Barrel %,Max Exit Velocity,30.0,39.2,31.0,22.4,50.0,45.0,37.8,4.08,0.758,1.002,0.985,1.0,0.959,0.959,1.06,16.13,7.56,68.5,32.0,D,Lineup unconfirmed,,,
200,2026-08-12,824241,2026-08-12T22:40:00Z,Scheduled,Comerica Park,Cleveland Guardians @ Detroit Tigers,Away,672275,Patrick Bailey,Cleveland Guardians,Detroit Tigers,C,S,No,,81,252,228,43,5,1,6,21,23,19,0,63,0.189,0.248,0.298,0.546,7,24,20,3,1,0.15,0.0417,17,58,50,10,3,0.2,0.0517,335,64,4.7,25.6,51.0,22.7,26.0,13.6,24.6,39.5,31.3,5.9,4.1,5.9,56.2,84.1,16.0,0.575,70.0,95.8,110.9,30.5,10.6,4.1,40.6,30.9,Weak,2.0,Contact-First Profile,A,Excellent HR swing plane,30.9,Weak,0.947,Good,6.2,47.1,97.6,0.66,Derived proxy,Derived proxy,Derived proxy,Derived proxy,,,14.95,8.95,Strong positive regression,Weak Contact-First Profile profile. 4.7% barrel rate; 84.1 mph average exit velocity; 24.6% air-ball rate; 39.5% pull-air rate; 5.9% HR-launch rate.,0.0238,0.0265,3.87,16,5,38.0,0.42,42.1,Recently homered,664285.0,Framber Valdez,L,Switch vs LHP,23,23,127.1,4.17,1.37,12,0.85,7.28,3.18,683.0,4.2,29.7,11.9,42.2,27.8,84.5,97.2,112.0,0.491,12.0,16.7,99.9,0.417,1.5,Sinker,R,RHB vs LHP,35.9,40,0.167,0.308,0.267,0.574,1,7,12,0.025,4.9,0.53,429,0.0233,4.5,0.5,2,2,0,0/2,0.0,0.0,0.0,0.0,0,0,0,31.0,Slight Pitcher Advantage,Below average,45.0,5,Pitch-level Statcast · last 5 MLB games,417,Sinker,39.80815347721823,166.0,Curveball,34.77218225419664,145.0,Changeup,14.628297362110311,61.0,Slider,5.755395683453237,24.0,4-Seam Fastball,5.0359712230215825,21.0,,,,Unknown,,Unknown,,No,100.0,1.0,1.0,50.0,0.933,0.967,44.2,Current-Season Handedness Matchup,Pull Air %,Barrel %,Max Exit Velocity,35.9,32.7,16.7,54.0,50.0,45.0,37.7,4.07,1.28,0.96,1.035,0.94,0.947,0.89,1.0,9.85,6.77,74.6,21.3,F,Lineup unconfirmed,,,
201,2026-08-12,823994,2026-08-13T02:10:00Z,Scheduled,Angel Stadium,Texas Rangers @ Los Angeles Angels,Home,666139,Josh Lowe,Los Angeles Angels,Texas Rangers,LF,L,No,,76,229,208,42,5,0,8,19,22,17,1,64,0.202,0.264,0.341,0.605,9,23,19,4,0,0.211,0.0,16,44,35,6,0,0.171,0.0,340,58,4.3,18.5,40.8,27.7,31.5,13.8,24.1,35.5,26.1,4.4,2.5,4.4,32.5,81.8,24.5,0.566,71.6,92.5,108.5,35.3,8.6,5.1,41.8,24.3,Weak,2.0,Contact-First Profile,A-,Elevated power plane,24.3,Weak,0.928,Good,3.4,35.7,92.7,0.557,Derived proxy,Derived proxy,Derived proxy,Derived proxy,,,12.8,4.8,Strong positive regression,Weak Contact-First Profile profile. 4.3% barrel rate; 81.8 mph average exit velocity; 24.1% air-ball rate; 35.5% pull-air rate; 4.4% HR-launch rate.,0.0349,0.0339,3.81,35,16,26.0,1.35,134.6,Near normal interval,615698.0,Cal Quantrill,R,LHB vs RHP,24,7,65.2,3.56,1.19,9,1.23,5.89,2.6,381.0,4.7,21.0,16.0,32.1,29.1,81.8,93.9,111.2,0.517,9.0,50.5,99.6,0.666,6.5,Cutter,L,LHB vs RHP,44.6,196,0.209,0.277,0.367,0.644,8,16,53,0.0408,5.3,0.616,155,0.0387,6.2,0.631,3,2,0,0/2,0.0,0.333,0.0,0.333,0,1,1,46.3,Neutral Matchup,Average,42.5,5,Pitch-level Statcast · last 5 MLB games,307,Split-Finger,29.64169381107492,91.0,4-Seam Fastball,23.452768729641694,72.0,Cutter,21.824104234527688,67.0,Sinker,19.86970684039088,61.0,Curveball,5.2117263843648205,16.0,,,,Unknown,,Unknown,,No,100.0,1.0,1.0,50.0,1.001,0.972,40.0,Current-Season Handedness Matchup,Pull Air %,Barrel %,Max Exit Velocity,44.6,24.9,50.5,27.4,50.0,45.0,37.6,4.07,0.758,1.019,1.025,0.94,0.928,0.872,1.0,12.32,6.03,71.9,22.4,F,Lineup unconfirmed,,,
202,2026-08-12,822698,2026-08-12T22:45:00Z,Scheduled,Nationals Park,Chicago Cubs @ Washington Nationals,Home,695734,Daylen Lile,Washington Nationals,Chicago Cubs,LF,L,No,,119,492,454,111,23,5,15,60,61,28,6,93,0.244,0.295,0.416,0.711,12,44,42,10,4,0.238,0.0909,24,89,84,20,5,0.238,0.0562,688,117,5.0,23.9,49.2,18.5,32.2,19.8,31.1,42.2,30.5,6.8,5.4,6.8,56.5,82.9,21.9,0.536,70.2,94.3,109.8,12.9,11.8,3.1,51.3,30.5,Weak,2.0,Pull Power,A-,Elevated power plane,30.5,Weak,0.945,Good,6.0,48.6,94.8,0.564,Derived proxy,Derived proxy,Derived proxy,Derived proxy,,,32.44,17.44,Strong positive regression,Weak Pull Power profile. 5.0% barrel rate; 82.9 mph average exit velocity; 31.1% air-ball rate; 42.2% pull-air rate; 6.8% HR-launch rate.,0.0305,0.0308,3.99,12,3,30.3,0.4,39.6,Recently homered,656849.0,David Peterson,L,LHB vs LHP,23,15,106.0,5.35,1.5,11,0.93,7.47,3.65,585.0,4.1,26.8,12.5,41.6,29.7,82.7,96.1,111.7,0.535,11.0,29.2,99.8,0.508,3.7,Sinker,L,LHB vs LHP,21.2,132,0.233,0.295,0.308,0.604,1,8,27,0.0076,1.6,0.357,145,0.0345,5.5,0.583,4,4,2,2/4,0.5,0.5,0.5,1.0,0,0,2,30.1,Slight Pitcher Advantage,Below average,51.8,5,Pitch-level Statcast · last 5 MLB games,443,Sinker,36.11738148984199,160.0,4-Seam Fastball,24.830699774266364,110.0,Slider,19.63882618510158,87.0,Changeup,13.99548532731377,62.0,Curveball,5.417607223476298,24.0,,,,Unknown,,Unknown,,No,100.0,1.0,1.0,50.0,0.958,0.966,39.7,Current-Season Handedness Matchup,Pull Air %,Barrel %,Max Exit Velocity,21.2,32.0,29.2,49.4,50.0,45.0,37.5,4.06,1.35,0.973,0.985,1.0,0.945,0.945,1.0,11.73,8.17,84.1,25.8,F,Lineup unconfirmed,,,
203,2026-08-12,823263,2026-08-12T20:10:00Z,Scheduled,Petco Park,Milwaukee Brewers @ San Diego Padres,Home,669134,Luis Campusano,San Diego Padres,Milwaukee Brewers,C,R,No,,42,139,119,37,9,0,5,16,19,18,2,30,0.311,0.41,0.513,0.923,8,32,28,11,1,0.393,0.0312,16,58,49,16,1,0.327,0.0172,171,76,4.4,27.1,47.4,34.2,18.5,11.7,25.8,54.8,27.6,7.6,4.3,7.6,32.5,82.9,17.8,0.504,70.1,95.4,110.4,22.8,14.9,8.7,68.9,35.7,Below Average,2.5,Pull Power,A,Excellent HR swing plane,35.7,Below Average,0.96,Good,3.9,55.6,94.9,0.449,Derived proxy,Derived proxy,Derived proxy,Derived proxy,,,8.08,3.08,Positive regression,Below Average Pull Power profile. 4.4% barrel rate; 82.9 mph average exit velocity; 25.8% air-ball rate; 54.8% pull-air rate; 7.6% HR-launch rate.,0.036,0.0341,4.25,0,0,23.8,0.0,0.0,Very recent HR,669160.0,Dustin May,R,RHB vs RHP,22,22,115.0,4.3,1.27,8,0.63,8.69,2.97,612.0,4.1,27.1,12.6,34.4,31.5,82.9,95.3,114.8,0.508,8.0,28.3,99.9,0.48,4.6,4-Seam Fastball,R,RHB vs RHP,31.1,109,0.301,0.404,0.516,0.92,4,14,23,0.0367,5.4,0.533,187,0.0107,5.2,0.509,0,0,0,0/0,,,,,0,0,0,33.9,Slight Pitcher Advantage,Below average,50.0,5,Pitch-level Statcast · last 5 MLB games,438,4-Seam Fastball,25.34246575342466,111.0,Cutter,23.972602739726028,105.0,Sinker,18.72146118721461,82.0,Sweeper,18.264840182648403,80.0,Changeup,7.762557077625571,34.0,Curveball,5.936073059360731,26.0,Unknown,,Unknown,,No,94.0,0.94,1.0,39.2,0.957,0.966,47.4,Current-Season Handedness Matchup,Pull Air %,Barrel %,Max Exit Velocity,31.1,25.3,28.3,48.1,39.2,45.0,37.5,4.06,0.892,0.925,0.985,1.0,0.96,0.96,0.98,13.72,6.41,66.6,23.7,F,Lineup unconfirmed,,,
204,2026-08-12,823511,2026-08-12T23:05:00Z,Scheduled,Yankee Stadium,Seattle Mariners @ New York Yankees,Away,806068,Colt Emerson,Seattle Mariners,New York Yankees,SS,L,No,,67,237,217,42,6,1,8,24,23,15,2,79,0.194,0.25,0.341,0.591,11,38,37,6,1,0.162,0.0263,22,77,73,13,1,0.178,0.013,292,100,1.9,18.3,45.6,25.1,29.3,11.0,22.3,38.6,32.6,4.4,3.4,4.4,109.3,81.2,18.1,0.492,71.2,92.3,108.9,25.3,9.2,4.5,55.3,24.7,Weak,2.0,Contact-First Profile,A,Excellent HR swing plane,24.7,Weak,0.929,Good,1.0,34.8,92.0,0.51,Derived proxy,Derived proxy,Derived proxy,Derived proxy,,,7.07,-0.93,Near expected,Weak Contact-First Profile profile. 1.9% barrel rate; 81.2 mph average exit velocity; 22.3% air-ball rate; 38.6% pull-air rate; 4.4% HR-launch rate.,0.0338,0.0332,3.87,16,5,27.1,0.59,59.0,Recently homered,701542.0,Will Warren,R,LHB vs RHP,23,22,114.0,4.18,1.37,15,1.18,9.0,2.92,611.0,4.4,26.8,12.6,46.4,28.8,84.0,96.4,116.9,0.565,15.0,34.5,99.8,0.571,3.2,4-Seam Fastball,L,LHB vs RHP,29.9,159,0.193,0.247,0.331,0.578,5,11,53,0.0314,2.0,0.439,282,0.0355,5.3,0.576,0,0,0,0/0,,,,,0,0,0,35.5,Slight Pitcher Advantage,Below average,50.0,5,Pitch-level Statcast · last 5 MLB games,346,4-Seam Fastball,29.76878612716763,103.0,Sinker,21.09826589595376,73.0,Sweeper,19.07514450867052,66.0,Changeup,18.208092485549134,63.0,Curveball,11.84971098265896,41.0,,,,Unknown,,Unknown,,No,108.0,1.08,1.0,64.4,0.969,0.969,35.7,Current-Season Handedness Matchup,Pull Air %,Barrel %,Max Exit Velocity,29.9,37.8,34.5,21.9,64.4,45.0,37.4,4.06,0.856,1.013,1.025,0.94,0.929,0.873,1.0,12.24,6.61,75.1,21.1,F,Lineup unconfirmed,,,
205,2026-08-12,824241,2026-08-12T22:40:00Z,Scheduled,Comerica Park,Cleveland Guardians @ Detroit Tigers,Home,701162,Ben Malgeri,Detroit Tigers,Cleveland Guardians,RF,R,No,,24,55,45,12,2,0,1,7,7,9,0,12,0.267,0.382,0.378,0.76,5,13,10,2,1,0.2,0.0769,13,27,22,6,1,0.273,0.037,59,27,2.4,25.7,47.2,18.2,34.6,17.6,30.3,42.1,37.3,5.9,3.5,5.9,100.0,81.8,17.6,0.425,66.7,95.3,105.5,2.9,11.7,0.7,36.4,23.5,Weak,2.0,Pull Power,A,Excellent HR swing plane,23.5,Weak,0.926,Good,3.7,55.6,95.9,0.437,Derived proxy,Derived proxy,Derived proxy,Derived proxy,,,1.74,0.74,Near expected,Weak Pull Power profile. 2.4% barrel rate; 81.8 mph average exit velocity; 30.3% air-ball rate; 42.1% pull-air rate; 5.9% HR-launch rate.,0.0182,0.0277,4.07,6,4,45.0,0.13,13.3,Very recent HR,656492.0,Foster Griffin,L,RHB vs LHP,23,23,133.1,3.31,1.11,21,1.42,8.24,2.16,724.0,5.5,22.9,13.7,41.4,33.3,81.4,94.4,119.0,0.543,21.0,24.4,79.5,0.432,5.1,Cutter,R,RHB vs LHP,36.1,34,0.296,0.412,0.37,0.782,0,6,8,0.0,0.0,0.37,402,0.0373,5.3,0.532,0,0,0,0/0,,,,,0,0,0,34.8,Slight Pitcher Advantage,Below average,50.0,5,Pitch-level Statcast · last 5 MLB games,470,Cutter,33.40425531914894,157.0,Sweeper,14.46808510638298,68.0,4-Seam Fastball,13.829787234042554,65.0,Changeup,10.425531914893616,49.0,Sinker,10.425531914893616,49.0,Split-Finger,8.936170212765957,42.0,Unknown,,Unknown,,No,100.0,1.0,1.0,50.0,0.949,0.98,38.8,Current-Season Handedness Matchup,Pull Air %,Barrel %,Max Exit Velocity,36.1,35.7,24.4,49.6,50.0,45.0,37.4,4.06,1.284,1.051,1.025,1.0,0.926,0.926,0.98,10.79,7.86,58.1,22.4,F,Small season sample; Lineup unconfirmed,Curveball,8.51063829787234,40.0
206,2026-08-12,823187,2026-08-12T19:45:00Z,Scheduled,Oracle Park,Houston Astros @ San Francisco Giants,Home,642715,Willy Adames,San Francisco Giants,Houston Astros,SS,R,No,,115,481,443,99,25,1,19,58,48,35,2,133,0.223,0.283,0.413,0.696,12,49,43,8,1,0.186,0.0204,24,97,86,17,4,0.198,0.0412,590,114,4.7,21.8,47.4,28.8,23.0,18.3,26.9,50.0,29.9,6.9,3.4,6.9,70.6,81.3,22.0,0.515,70.8,93.0,108.0,24.4,11.0,5.7,56.0,32.5,Weak,2.5,Pull Power,A-,Elevated power plane,32.5,Weak,0.951,Good,4.4,50.0,91.5,0.46,Derived proxy,Derived proxy,Derived proxy,Derived proxy,,,26.99,7.99,Strong positive regression,Weak Pull Power profile. 4.7% barrel rate; 81.3 mph average exit velocity; 26.9% air-ball rate; 50.0% pull-air rate; 6.9% HR-launch rate.,0.0395,0.038,3.93,13,4,23.3,0.56,55.8,Recently homered,687911.0,Bryan King,L,RHB vs LHP,47,0,49.1,3.83,1.36,7,1.28,7.3,3.1,319.0,3.1,21.9,8.8,35.2,33.9,81.0,93.3,109.4,0.48,7.0,44.8,99.5,0.631,5.3,4-Seam Fastball,R,RHB vs LHP,32.8,122,0.18,0.254,0.324,0.578,3,11,38,0.0246,4.9,0.547,139,0.0432,3.8,0.502,0,0,0,0/0,,,,,0,0,0,40.4,Slight Pitcher Advantage,Below average,50.0,5,Pitch-level Statcast · last 5 MLB games,87,4-Seam Fastball,49.42528735632184,43.0,Sinker,24.137931034482758,21.0,Sweeper,24.137931034482758,21.0,Changeup,2.2988505747126435,2.0,,,,,,,Unknown,,Unknown,,No,91.0,0.91,1.0,33.8,0.99,0.956,44.7,Current-Season Handedness Matchup,Pull Air %,Barrel %,Max Exit Velocity,32.8,22.2,44.8,40.4,33.8,45.0,37.4,4.06,0.913,1.02,1.025,1.0,0.951,0.951,1.0,14.12,7.26,84.8,24.2,F,Lineup unconfirmed,,,
207,2026-08-12,822779,2026-08-12T23:07:00Z,Scheduled,Rogers Centre,Boston Red Sox @ Toronto Blue Jays,Home,678218,Brandon Valenzuela,Toronto Blue Jays,Boston Red Sox,C,S,No,,69,218,194,45,7,0,8,22,21,22,0,59,0.232,0.309,0.392,0.701,6,15,14,4,0,0.286,0.0,12,34,32,6,1,0.188,0.0294,299,45,3.9,22.0,52.5,25.4,22.1,10.7,23.9,54.4,27.9,5.6,3.7,5.6,64.8,80.6,21.2,0.551,70.6,92.5,110.2,16.8,10.8,5.6,53.0,31.6,Weak,2.5,Pull Power,A-,Elevated power plane,31.6,Weak,0.948,Good,4.4,60.0,92.9,0.54,Derived proxy,Derived proxy,Derived proxy,Derived proxy,,,12.2,4.2,Strong positive regression,Weak Pull Power profile. 3.9% barrel rate; 80.6 mph average exit velocity; 23.9% air-ball rate; 54.4% pull-air rate; 5.6% HR-launch rate.,0.0367,0.035,3.99,28,11,24.2,1.15,115.5,Near normal interval,624133.0,Ranger Suarez,L,Switch vs LHP,20,20,103.0,3.32,1.17,6,0.52,9.44,2.62,538.0,3.0,21.0,11.3,44.1,31.4,80.9,93.6,113.6,0.484,6.0,23.7,99.8,0.487,2.0,Sinker,R,RHB vs LHP,28.0,60,0.196,0.3,0.353,0.653,2,8,16,0.0333,3.3,0.516,309,0.0097,2.3,0.463,0,0,0,0/0,,,,,0,0,0,30.9,Slight Pitcher Advantage,Below average,50.0,5,Pitch-level Statcast · last 5 MLB games,347,4-Seam Fastball,23.34293948126801,81.0,Cutter,21.902017291066283,76.0,Sinker,19.020172910662826,66.0,Curveball,17.002881844380404,59.0,Changeup,9.510086455331413,33.0,Slider,9.221902017291066,32.0,Unknown,,Unknown,,No,100.0,1.0,1.0,50.0,0.947,0.955,45.0,Current-Season Handedness Matchup,Pull Air %,Barrel %,Max Exit Velocity,28.0,28.7,23.7,45.2,50.0,45.0,37.4,4.06,0.832,0.907,1.035,1.0,0.948,0.948,1.0,13.26,6.3,70.3,22.5,F,Lineup unconfirmed,,,
208,2026-08-12,824967,2026-08-12T19:05:00Z,Scheduled,Sutter Health Park,Tampa Bay Rays @ Athletics,Home,641680,Jonah Heim,Athletics,Tampa Bay Rays,C,S,No,,73,273,251,55,14,0,11,25,39,17,2,53,0.219,0.271,0.406,0.677,12,49,46,8,0,0.174,0.0,22,93,87,17,2,0.195,0.0215,364,132,4.9,22.9,51.8,25.6,21.8,14.8,26.9,54.1,30.3,7.4,5.3,7.4,52.1,82.6,20.3,0.504,68.6,94.0,107.8,10.1,11.2,2.9,56.2,32.5,Weak,2.5,Pull Power,A-,Elevated power plane,32.5,Weak,0.951,Good,5.3,61.8,94.5,0.51,Derived proxy,Derived proxy,Derived proxy,Derived proxy,,,17.97,6.97,Strong positive regression,Weak Pull Power profile. 4.9% barrel rate; 82.6 mph average exit velocity; 26.9% air-ball rate; 54.1% pull-air rate; 7.4% HR-launch rate.,0.0403,0.0378,3.93,46,12,22.8,2.02,201.6,Very long drought,656876.0,Drew Rasmussen,R,Switch vs RHP,22,22,124.1,2.75,0.91,12,0.87,9.41,1.59,660.0,3.8,20.6,11.4,42.2,28.5,82.0,93.7,111.9,0.487,12.0,27.9,100.0,0.499,3.5,Cutter,L,LHB vs RHP,20.2,143,0.194,0.259,0.302,0.561,2,10,29,0.014,2.7,0.421,303,0.0297,3.3,0.495,2,2,1,1/2,0.5,0.5,2.0,2.5,1,0,1,29.9,Strong Pitcher Advantage,Below average,55.0,5,Pitch-level Statcast · last 5 MLB games,428,4-Seam Fastball,36.6822429906542,157.0,Sinker,24.53271028037383,105.0,Cutter,23.130841121495326,99.0,Changeup,12.149532710280374,52.0,Curveball,2.336448598130841,10.0,Sweeper,1.1682242990654206,5.0,Unknown,,Unknown,,No,100.0,1.0,1.0,50.0,0.956,0.963,42.6,Current-Season Handedness Matchup,Pull Air %,Barrel %,Max Exit Velocity,20.2,27.6,27.9,50.4,50.0,45.0,37.3,4.05,0.78,0.963,1.035,1.0,0.951,0.951,1.06,14.04,6.85,78.9,28.2,F,Lineup unconfirmed,,,
209,2026-08-12,824883,2026-08-12T23:15:00Z,Scheduled,Truist Park,New York Mets @ Atlanta Braves,Away,543760,Marcus Semien,New York Mets,Atlanta Braves,2B,R,No,,102,400,364,77,9,1,14,41,41,30,1,89,0.212,0.271,0.357,0.628,12,47,41,9,2,0.22,0.0426,22,82,74,15,5,0.203,0.061,515,102,3.8,22.6,46.3,28.8,24.4,17.7,29.9,48.7,32.8,6.5,4.2,6.5,99.7,81.6,17.2,0.505,66.4,92.9,106.7,2.5,8.7,1.2,53.8,28.1,Weak,2.0,Pull Power,A,Excellent HR swing plane,28.1,Weak,0.939,Good,2.9,43.3,93.3,0.463,Derived proxy,Derived proxy,Derived proxy,Derived proxy,,,20.57,6.57,Strong positive regression,Weak Pull Power profile. 3.8% barrel rate; 81.6 mph average exit velocity; 29.9% air-ball rate; 48.7% pull-air rate; 6.5% HR-launch rate.,0.035,0.0343,3.87,15,4,26.0,0.58,57.7,Recently homered,641816.0,Tyler Mahle,R,RHB vs RHP,19,19,100.2,4.83,1.36,14,1.25,8.76,3.49,530.0,4.2,22.3,15.3,37.5,28.9,82.6,94.7,110.5,0.523,14.0,30.5,99.9,0.516,4.0,4-Seam Fastball,R,RHB vs RHP,35.8,297,0.2,0.25,0.345,0.595,11,19,66,0.037,4.1,0.496,198,0.0354,5.7,0.576,5,4,2,2/4,0.5,0.6,1.25,1.85,1,1,0,39.3,Slight Pitcher Advantage,Below average,62.5,5,Pitch-level Statcast · last 5 MLB games,474,4-Seam Fastball,49.57805907172996,235.0,Split-Finger,25.738396624472575,122.0,Cutter,23.839662447257385,113.0,Slider,0.8438818565400844,4.0,,,,,,,Unknown,,Unknown,,No,103.0,1.03,1.0,55.4,0.961,0.967,43.4,Current-Season Handedness Matchup,Pull Air %,Barrel %,Max Exit Velocity,35.8,27.4,30.5,34.6,55.4,45.0,37.2,4.04,1.193,1.024,0.985,0.975,0.939,0.915,1.0,12.64,8.2,83.6,24.8,F,Lineup unconfirmed,,,
210,2026-08-12,824562,2026-08-12T23:40:00Z,Scheduled,Rate Field,Cincinnati Reds @ Chicago White Sox,Home,805367,Chase Meidroth,Chicago White Sox,Cincinnati Reds,2B,R,No,,113,475,416,114,21,0,11,67,46,46,4,108,0.274,0.35,0.404,0.754,9,39,31,8,2,0.258,0.0513,20,83,70,21,4,0.3,0.0482,607,111,3.4,22.1,39.4,32.8,27.2,11.3,23.7,45.1,27.6,5.5,3.8,5.5,70.1,81.5,13.0,0.475,63.8,93.6,109.5,1.2,9.0,0.5,57.1,25.4,Weak,2.0,Pull Power,A,Excellent HR swing plane,25.4,Weak,0.931,Good,4.5,50.0,93.8,0.509,Derived proxy,Derived proxy,Derived proxy,Derived proxy,,,21.63,10.63,Strong positive regression,Weak Pull Power profile. 3.4% barrel rate; 81.5 mph average exit velocity; 23.7% air-ball rate; 45.1% pull-air rate; 5.5% HR-launch rate.,0.0232,0.0249,3.99,9,2,37.8,0.24,23.8,Very recent HR,695076.0,Rhett Lowder,R,RHB vs RHP,20,17,89.0,5.26,1.48,11,1.11,7.38,3.94,477.0,5.9,25.4,16.8,40.3,32.5,84.4,95.9,116.0,0.58,11.0,23.1,99.7,0.469,2.6,Sinker,R,RHB vs RHP,16.4,339,0.252,0.328,0.356,0.684,7,31,82,0.0206,2.8,0.441,149,0.0067,2.7,0.445,0,0,0,0/0,,,,,0,0,0,25.5,Strong Pitcher Advantage,Below average,50.0,5,Pitch-level Statcast · last 5 MLB games,339,Slider,33.03834808259587,112.0,Sinker,28.023598820058996,95.0,Changeup,17.99410029498525,61.0,4-Seam Fastball,15.634218289085545,53.0,Curveball,5.014749262536873,17.0,Sweeper,0.2949852507374631,1.0,Unknown,,Unknown,,No,100.0,1.0,1.0,50.0,0.946,0.984,36.8,Current-Season Handedness Matchup,Pull Air %,Barrel %,Max Exit Velocity,16.4,39.2,23.1,45.4,50.0,45.0,37.0,4.04,1.35,1.002,0.985,1.0,0.931,0.931,0.98,9.59,7.08,83.6,24.6,F,Lineup unconfirmed,,,
211,2026-08-12,822779,2026-08-12T23:07:00Z,Scheduled,Rogers Centre,Boston Red Sox @ Toronto Blue Jays,Away,657136,Connor Wong,Boston Red Sox,Toronto Blue Jays,C,R,No,,60,184,158,39,10,0,3,17,19,16,5,44,0.247,0.333,0.367,0.7,8,25,23,3,1,0.13,0.04,19,50,47,7,2,0.149,0.04,233,68,4.6,24.6,45.9,33.7,20.4,11.4,21.5,56.4,25.3,4.6,2.7,4.6,39.2,80.9,14.7,0.471,70.2,95.2,110.5,28.1,8.7,7.0,47.2,31.9,Weak,2.5,Pull Power,A,Excellent HR swing plane,31.9,Weak,0.949,Good,5.9,66.7,96.7,0.473,Derived proxy,Derived proxy,Derived proxy,Derived proxy,,,10.21,7.21,Strong positive regression,Weak Pull Power profile. 4.6% barrel rate; 80.9 mph average exit velocity; 21.5% air-ball rate; 56.4% pull-air rate; 4.6% HR-launch rate.,0.0163,0.0225,4.05,7,2,52.7,0.13,13.3,Very recent HR,667755.0,José Soriano,R,RHB vs RHP,23,23,127.2,3.24,1.26,12,0.85,9.16,4.23,613.0,4.6,23.8,11.9,41.5,27.6,83.2,95.2,112.7,0.534,12.0,15.3,73.5,0.403,1.9,Sinker,R,RHB vs RHP,16.2,129,0.245,0.339,0.364,0.702,1,12,35,0.0078,3.1,0.458,235,0.0085,3.8,0.489,0,0,0,0/0,,,,,0,0,0,22.7,Strong Pitcher Advantage,Below average,50.0,5,Pitch-level Statcast · last 5 MLB games,444,Knuckle Curve,30.63063063063063,136.0,Sinker,29.054054054054053,129.0,4-Seam Fastball,22.07207207207207,98.0,Split-Finger,15.765765765765765,70.0,Slider,2.4774774774774775,11.0,,,,Unknown,,Unknown,,No,100.0,1.0,1.0,50.0,0.931,0.971,42.6,Current-Season Handedness Matchup,Pull Air %,Barrel %,Max Exit Velocity,16.2,32.7,15.3,56.0,50.0,45.0,37.0,4.03,1.311,0.96,0.985,1.0,0.949,0.949,0.98,8.8,6.34,69.1,20.6,F,Lineup unconfirmed,,,
212,2026-08-12,823263,2026-08-12T20:10:00Z,Scheduled,Petco Park,Milwaukee Brewers @ San Diego Padres,Away,683734,Andrew Vaughn,Milwaukee Brewers,San Diego Padres,1B,R,No,,75,239,206,62,16,2,5,26,34,27,4,36,0.301,0.389,0.471,0.86,10,35,31,8,1,0.258,0.0286,20,68,58,16,3,0.276,0.0441,284,76,4.8,28.0,38.6,28.9,32.6,13.8,30.5,40.0,29.1,8.0,4.1,8.0,50.5,83.7,13.1,0.539,68.4,96.0,109.1,15.3,13.1,4.7,51.0,30.3,Weak,2.0,Contact-First Profile,A,Excellent HR swing plane,30.3,Weak,0.945,Good,6.6,45.5,95.4,0.634,Derived proxy,Derived proxy,Derived proxy,Derived proxy,,,13.49,8.49,Strong positive regression,Weak Contact-First Profile profile. 4.8% barrel rate; 83.7 mph average exit velocity; 30.5% air-ball rate; 40.0% pull-air rate; 8.0% HR-launch rate.,0.0209,0.0246,4.23,19,6,41.2,0.46,46.1,Recently homered,592662.0,Robbie Ray,L,RHB vs LHP,23,22,127.2,3.24,1.33,16,1.13,7.68,4.37,717.0,4.7,22.6,17.4,35.0,30.0,81.8,93.8,112.9,0.54,16.0,30.7,100.0,0.539,2.9,4-Seam Fastball,R,RHB vs LHP,36.9,84,0.371,0.476,0.643,1.119,2,13,8,0.0238,6.3,0.569,400,0.0375,5.0,0.552,15,15,3,3/15,0.2,0.2,0.4,0.6,1,0,5,34.7,Slight Pitcher Advantage,Below average,37.1,5,Pitch-level Statcast · last 5 MLB games,444,Sinker,25.225225225225227,112.0,4-Seam Fastball,21.396396396396398,95.0,Changeup,20.945945945945947,93.0,Knuckle Curve,17.792792792792792,79.0,Slider,14.63963963963964,65.0,,,,Unknown,,Unknown,,No,94.0,0.94,1.0,39.2,0.961,0.972,43.1,Current-Season Handedness Matchup,Pull Air %,Barrel %,Max Exit Velocity,36.9,27.5,30.7,48.9,39.2,45.0,37.0,4.03,1.178,1.005,1.025,1.0,0.945,0.945,1.0,10.01,6.75,74.5,24.4,F,Lineup unconfirmed,,,
213,2026-08-12,822698,2026-08-12T22:45:00Z,Scheduled,Nationals Park,Chicago Cubs @ Washington Nationals,Home,660688,Keibert Ruiz,Washington Nationals,Chicago Cubs,C,S,No,,78,269,251,70,21,0,7,37,39,13,2,31,0.279,0.316,0.446,0.762,8,30,26,10,0,0.385,0.0,16,57,51,15,0,0.294,0.0,368,68,3.7,27.8,60.8,24.8,14.4,15.2,33.7,61.7,33.0,4.9,3.0,4.9,25.3,83.0,19.0,0.399,66.5,95.3,106.0,1.3,16.1,0.7,52.7,27.6,Weak,2.0,Pull Power,A,Excellent HR swing plane,27.6,Weak,0.937,Good,1.5,61.5,94.9,0.375,Derived proxy,Derived proxy,Derived proxy,Derived proxy,,,15.3,8.3,Strong positive regression,Weak Pull Power profile. 3.7% barrel rate; 83.0 mph average exit velocity; 33.7% air-ball rate; 61.7% pull-air rate; 4.9% HR-launch rate.,0.026,0.0279,3.99,54,17,35.9,1.51,150.6,Above normal drought,656849.0,David Peterson,L,Switch vs LHP,23,15,106.0,5.35,1.5,11,0.93,7.47,3.65,585.0,4.1,26.8,12.5,41.6,29.7,82.7,96.1,111.7,0.535,11.0,21.6,99.8,0.416,4.5,Sinker,R,RHB vs LHP,28.4,88,0.282,0.307,0.459,0.766,3,3,16,0.0341,6.4,0.431,333,0.018,3.6,0.516,20,17,6,6/17,0.353,0.4,0.353,0.753,0,1,1,26.8,Strong Pitcher Advantage,Below average,32.5,5,Pitch-level Statcast · last 5 MLB games,443,Sinker,36.11738148984199,160.0,4-Seam Fastball,24.830699774266364,110.0,Slider,19.63882618510158,87.0,Changeup,13.99548532731377,62.0,Curveball,5.417607223476298,24.0,,,,Unknown,,Unknown,,No,100.0,1.0,1.0,50.0,0.943,0.966,42.5,Current-Season Handedness Matchup,Pull Air %,Barrel %,Max Exit Velocity,28.4,32.0,21.6,43.8,50.0,45.0,36.9,4.03,0.758,0.973,1.035,1.0,0.937,0.937,1.035,10.66,5.5,75.8,24.5,F,Lineup unconfirmed,,,
214,2026-08-12,823017,2026-08-12T18:15:00Z,Scheduled,Busch Stadium,Philadelphia Phillies @ St. Louis Cardinals,Home,691458,Blaze Jordan,St. Louis Cardinals,Philadelphia Phillies,3B,R,No,,44,150,140,35,7,3,1,12,22,5,1,20,0.25,0.273,0.364,0.637,9,28,27,9,0,0.333,0.0,20,67,64,17,0,0.266,0.0,212,99,4.8,28.5,38.0,29.0,31.8,10.5,25.7,45.1,30.2,5.4,3.2,5.4,6.5,83.4,18.2,0.492,71.5,95.8,109.2,21.6,11.2,5.3,34.4,29.7,Weak,2.0,Pull Power,A,Excellent HR swing plane,29.7,Weak,0.943,Good,5.1,45.8,94.7,0.515,Derived proxy,Derived proxy,Derived proxy,Derived proxy,,,9.67,8.67,Strong positive regression,Weak Pull Power profile. 4.8% barrel rate; 83.4 mph average exit velocity; 25.7% air-ball rate; 45.1% pull-air rate; 5.4% HR-launch rate.,0.0067,0.0179,3.81,132,42,140.0,0.94,94.3,Near normal interval,554430.0,Zack Wheeler,R,RHB vs RHP,19,19,110.1,2.69,0.98,14,1.14,10.77,2.28,553.0,3.8,21.2,12.1,38.7,29.8,81.6,93.3,111.8,0.472,14.0,36.8,100.0,0.55,5.4,4-Seam Fastball,R,RHB vs RHP,21.0,96,0.236,0.25,0.315,0.565,1,3,15,0.0104,5.0,0.468,170,0.0294,3.6,0.408,0,0,0,0/0,,,,,0,0,0,32.3,Slight Pitcher Advantage,Below average,50.0,5,Pitch-level Statcast · last 5 MLB games,405,4-Seam Fastball,32.592592592592595,132.0,Split-Finger,21.728395061728396,88.0,Sinker,13.333333333333334,54.0,Sweeper,13.08641975308642,53.0,Cutter,9.876543209876543,40.0,Curveball,9.382716049382717,38.0,Unknown,,Unknown,,No,100.0,1.0,1.0,50.0,0.974,0.963,40.8,Current-Season Handedness Matchup,Pull Air %,Barrel %,Max Exit Velocity,21.0,24.3,36.8,44.5,50.0,45.0,36.8,4.02,0.758,1.006,0.985,0.975,0.943,0.92,1.0,6.66,4.17,68.1,17.1,F,Lineup unconfirmed,,,
215,2026-08-12,824967,2026-08-12T19:05:00Z,Scheduled,Sutter Health Park,Tampa Bay Rays @ Athletics,Away,676356,Jonny DeLuca,Tampa Bay Rays,Athletics,RF,R,No,,73,234,222,59,15,0,8,32,34,10,0,49,0.266,0.297,0.441,0.738,7,24,24,8,2,0.333,0.0833,16,58,57,17,3,0.298,0.0517,318,86,3.7,20.4,43.0,30.6,26.4,10.4,23.3,46.1,27.4,4.5,3.7,4.5,78.2,79.9,21.3,0.476,71.1,92.4,109.4,34.8,10.6,9.3,55.3,30.3,Weak,2.0,Pull Power,A-,Elevated power plane,30.3,Weak,0.945,Good,4.7,38.9,92.5,0.493,Derived proxy,Derived proxy,Derived proxy,Derived proxy,,,11.52,3.52,Positive regression,Weak Pull Power profile. 3.7% barrel rate; 79.9 mph average exit velocity; 23.3% air-ball rate; 46.1% pull-air rate; 4.5% HR-launch rate.,0.0342,0.0334,4.05,6,2,27.8,0.22,21.6,Very recent HR,678022.0,Jack Perkins,R,RHB vs RHP,28,10,76.2,7.04,1.45,15,1.76,10.8,3.64,428.0,5.1,22.7,18.0,35.4,31.1,82.0,94.4,111.2,0.567,15.0,27.0,97.4,0.482,3.9,4-Seam Fastball,R,RHB vs RHP,37.7,134,0.258,0.286,0.453,0.739,6,5,29,0.0448,3.5,0.491,167,0.0419,5.4,0.563,0,0,0,0/0,,,,,0,0,0,36.4,Slight Pitcher Advantage,Below average,50.0,5,Pitch-level Statcast · last 5 MLB games,384,4-Seam Fastball,28.90625,111.0,Changeup,24.739583333333332,95.0,Sweeper,22.395833333333332,86.0,Cutter,16.666666666666668,64.0,Sinker,5.989583333333333,23.0,Slider,1.3020833333333333,5.0,Unknown,,Unknown,,No,100.0,1.0,1.0,50.0,0.954,0.976,42.8,Current-Season Handedness Matchup,Pull Air %,Barrel %,Max Exit Velocity,37.7,30.9,27.0,32.5,50.0,45.0,36.7,4.02,1.35,1.106,0.985,1.0,0.945,0.945,0.98,12.87,9.45,73.4,26.7,F,Lineup unconfirmed,,,
216,2026-08-12,823187,2026-08-12T19:45:00Z,Scheduled,Oracle Park,Houston Astros @ San Francisco Giants,Home,646240,Rafael Devers,San Francisco Giants,Houston Astros,1B,L,No,,120,507,451,111,27,1,24,62,64,51,1,135,0.246,0.321,0.47,0.791,12,48,40,11,2,0.275,0.0417,24,100,86,20,5,0.233,0.05,644,129,5.1,29.6,43.6,23.7,32.5,16.1,24.7,31.8,28.9,6.7,3.6,6.7,77.2,85.4,20.2,0.588,70.7,97.3,112.5,19.4,11.2,4.0,57.2,31.1,Weak,2.0,Contact-First Profile,A-,Elevated power plane,31.1,Weak,0.947,Good,3.9,24.1,97.4,0.505,Derived proxy,Derived proxy,Derived proxy,Derived proxy,,,30.41,6.41,Strong positive regression,Weak Contact-First Profile profile. 5.1% barrel rate; 85.4 mph average exit velocity; 24.7% air-ball rate; 31.8% pull-air rate; 6.7% HR-launch rate.,0.0473,0.0444,3.99,12,4,18.8,0.64,63.9,Recently homered,687911.0,Bryan King,L,LHB vs LHP,47,0,49.1,3.83,1.36,7,1.28,7.3,3.1,319.0,3.1,21.9,8.8,35.2,33.9,81.0,93.3,109.4,0.48,7.0,56.7,99.5,0.717,7.0,4-Seam Fastball,L,LHB vs LHP,29.2,163,0.188,0.252,0.295,0.547,4,12,48,0.0245,5.5,0.557,78,0.0128,1.8,0.439,3,3,0,0/3,0.0,0.0,0.0,0.0,0,0,2,41.4,Slight Pitcher Advantage,Below average,42.5,5,Pitch-level Statcast · last 5 MLB games,87,4-Seam Fastball,49.42528735632184,43.0,Sinker,24.137931034482758,21.0,Sweeper,24.137931034482758,21.0,Changeup,2.2988505747126435,2.0,,,,,,,Unknown,,Unknown,,No,91.0,0.91,1.0,33.8,1.013,0.956,40.3,Current-Season Handedness Matchup,Pull Air %,Barrel %,Max Exit Velocity,29.2,22.2,56.7,26.9,33.8,45.0,36.7,4.02,1.009,1.02,0.985,1.0,0.947,0.947,1.0,16.57,8.59,85.0,27.8,F,Lineup unconfirmed,,,
217,2026-08-12,823263,2026-08-12T20:10:00Z,Scheduled,Petco Park,Milwaukee Brewers @ San Diego Padres,Home,687749,Jase Bowen,San Diego Padres,Milwaukee Brewers,RF,R,No,,50,78,74,11,2,0,1,11,6,2,2,30,0.149,0.192,0.216,0.408,12,21,20,3,1,0.15,0.0476,22,34,32,6,1,0.188,0.0294,68,32,7.0,25.1,44.7,36.3,17.5,16.7,31.7,39.2,31.0,9.0,6.1,9.0,30.5,80.4,17.3,0.634,68.2,95.1,108.2,25.4,12.2,4.1,40.1,33.7,Weak,2.5,Contact-First Profile,A,Excellent HR swing plane,33.7,Weak,0.954,Good,6.2,50.0,96.3,0.705,Derived proxy,Derived proxy,Derived proxy,Derived proxy,,,3.98,2.98,Positive regression,Weak Contact-First Profile profile. 7.0% barrel rate; 80.4 mph average exit velocity; 31.7% air-ball rate; 39.2% pull-air rate; 9.0% HR-launch rate.,0.0128,0.0244,3.81,14,10,74.0,0.19,18.9,Very recent HR,669160.0,Dustin May,R,RHB vs RHP,22,22,115.0,4.3,1.27,8,0.63,8.69,2.97,612.0,4.1,27.1,12.6,34.4,31.5,82.9,95.3,114.8,0.508,8.0,26.4,93.1,0.494,3.0,4-Seam Fastball,R,RHB vs RHP,34.5,35,0.121,0.171,0.121,0.293,0,0,15,0.0,6.7,0.595,187,0.0107,5.2,0.509,0,0,0,0/0,,,,,0,0,0,34.8,Slight Pitcher Advantage,Below average,50.0,5,Pitch-level Statcast · last 5 MLB games,438,4-Seam Fastball,25.34246575342466,111.0,Cutter,23.972602739726028,105.0,Sinker,18.72146118721461,82.0,Sweeper,18.264840182648403,80.0,Changeup,7.762557077625571,34.0,Curveball,5.936073059360731,26.0,Unknown,,Unknown,,No,94.0,0.94,1.0,39.2,0.953,0.966,44.1,Current-Season Handedness Matchup,Pull Air %,Barrel %,Max Exit Velocity,34.5,25.3,26.4,54.2,39.2,45.0,36.4,4.0,1.245,0.925,0.985,0.94,0.954,0.897,0.98,9.0,5.71,60.3,17.6,F,Small season sample; Lineup unconfirmed,,,
218,2026-08-12,823263,2026-08-12T20:10:00Z,Scheduled,Petco Park,Milwaukee Brewers @ San Diego Padres,Away,596142,Gary Sánchez,Milwaukee Brewers,San Diego Padres,C,R,No,,63,201,161,36,7,1,9,30,27,37,2,37,0.224,0.373,0.447,0.82,4,8,7,3,1,0.429,0.125,9,23,20,5,1,0.25,0.0435,203,24,5.4,28.1,39.3,32.7,28.1,17.1,29.8,38.4,29.0,5.0,4.4,5.0,82.5,82.9,16.8,0.527,68.4,96.9,110.5,19.6,12.9,6.4,58.1,31.5,Weak,2.5,Contact-First Profile,A,Excellent HR swing plane,31.5,Weak,0.948,Good,4.2,28.6,97.1,0.431,Derived proxy,Derived proxy,Derived proxy,Derived proxy,,,9.44,0.44,Near expected,Weak Contact-First Profile profile. 5.4% barrel rate; 82.9 mph average exit velocity; 29.8% air-ball rate; 38.4% pull-air rate; 5.0% HR-launch rate.,0.0448,0.04,4.15,4,3,17.9,0.22,22.4,Very recent HR,592662.0,Robbie Ray,L,RHB vs LHP,23,22,127.2,3.24,1.33,16,1.13,7.68,4.37,717.0,4.7,22.6,17.4,35.0,30.0,81.8,93.8,112.9,0.54,16.0,32.9,88.9,0.528,4.5,4-Seam Fastball,R,RHB vs LHP,38.6,82,0.288,0.415,0.485,0.899,3,15,13,0.0366,4.9,0.564,400,0.0375,5.0,0.552,9,8,1,1/8,0.125,0.222,0.5,0.722,1,1,3,39.3,Slight Pitcher Advantage,Below average,51.9,5,Pitch-level Statcast · last 5 MLB games,444,Sinker,25.225225225225227,112.0,4-Seam Fastball,21.396396396396398,95.0,Changeup,20.945945945945947,93.0,Knuckle Curve,17.792792792792792,79.0,Slider,14.63963963963964,65.0,,,,Unknown,,Unknown,,No,94.0,0.94,1.0,39.2,0.966,0.972,44.5,Current-Season Handedness Matchup,Pull Air %,Barrel %,Max Exit Velocity,38.6,27.5,32.9,31.0,39.2,45.0,36.4,4.0,1.0,1.005,1.025,1.0,0.948,0.948,0.98,15.58,8.18,68.2,25.2,F,Lineup unconfirmed,,,
219,2026-08-12,823916,2026-08-13T02:10:00Z,Scheduled,UNIQLO Field at Dodger Stadium,Kansas City Royals @ Los Angeles Dodgers,Away,686475,Tyler Tolbert,Kansas City Royals,Los Angeles Dodgers,SS,R,No,,54,101,88,28,5,0,3,23,6,8,0,16,0.318,0.371,0.477,0.848,9,22,20,6,0,0.3,0.0,20,41,34,8,1,0.235,0.0244,116,37,2.6,20.5,33.0,36.2,30.7,16.9,31.2,38.9,35.1,7.1,4.1,7.1,100.0,77.6,14.9,0.427,62.4,92.5,106.2,1.6,9.9,0.0,40.2,21.4,Weak,2.0,Contact-First Profile,A,Excellent HR swing plane,21.4,Weak,0.92,Good,2.7,35.7,93.5,0.428,Derived proxy,Derived proxy,Derived proxy,Derived proxy,,,3.64,0.64,Near expected,Weak Contact-First Profile profile. 2.6% barrel rate; 77.6 mph average exit velocity; 31.2% air-ball rate; 38.9% pull-air rate; 7.1% HR-launch rate.,0.0297,0.031,4.15,20,9,29.3,0.68,68.2,Recently homered,641778.0,Eric Lauer,L,RHB vs LHP,18,15,92.0,4.89,1.26,22,2.15,5.58,2.84,596.0,6.5,21.5,19.0,42.9,28.5,81.5,93.4,114.5,0.569,22.0,26.2,99.9,0.511,2.0,4-Seam Fastball,R,RHB vs LHP,38.4,52,0.289,0.36,0.422,0.782,1,5,6,0.0192,0.0,0.354,304,0.0526,6.8,0.575,0,0,0,0/0,,,,,0,0,0,36.5,Slight Pitcher Advantage,Below average,50.0,5,Pitch-level Statcast · last 5 MLB games,467,4-Seam Fastball,36.83083511777302,172.0,Cutter,26.980728051391864,126.0,Changeup,14.132762312633833,66.0,Slider,11.777301927194861,55.0,Curveball,10.278372591006423,48.0,,,,Unknown,,Unknown,,No,100.0,1.0,1.0,50.0,0.952,0.99,36.7,Current-Season Handedness Matchup,Pull Air %,Barrel %,Max Exit Velocity,38.4,40.3,26.2,27.3,50.0,45.0,36.4,4.0,0.819,1.168,1.025,1.0,0.92,0.92,1.0,12.23,6.92,62.5,22.8,F,Lineup unconfirmed,,,
220,2026-08-12,825047,2026-08-12T19:40:00Z,Scheduled,Chase Field,Colorado Rockies @ Arizona Diamondbacks,Home,672695,Geraldo Perdomo,Arizona Diamondbacks,Colorado Rockies,SS,S,No,,116,501,414,101,15,6,9,57,42,73,4,62,0.244,0.359,0.374,0.733,11,47,42,16,1,0.381,0.0213,24,110,91,23,3,0.253,0.0273,657,129,2.2,21.1,46.1,21.1,32.4,16.3,31.1,37.9,29.7,4.5,4.1,4.5,76.8,82.2,16.8,0.409,63.8,93.3,107.7,0.8,9.5,0.2,49.2,20.1,Weak,2.0,Contact-First Profile,A,Excellent HR swing plane,20.1,Weak,0.916,Good,2.3,33.3,93.6,0.421,Derived proxy,Derived proxy,Derived proxy,Derived proxy,,,17.28,8.28,Strong positive regression,Weak Contact-First Profile profile. 2.2% barrel rate; 82.2 mph average exit velocity; 31.1% air-ball rate; 37.9% pull-air rate; 4.5% HR-launch rate.,0.018,0.0207,3.99,32,9,46.0,0.7,69.6,Recently homered,663372.0,Ryan Feltner,R,Switch vs RHP,17,17,82.0,5.71,1.45,18,1.98,6.48,3.62,456.0,7.7,26.5,16.9,46.9,26.5,83.0,95.3,111.1,0.607,18.0,14.5,100.0,0.395,1.9,4-Seam Fastball,L,LHB vs RHP,33.5,357,0.245,0.365,0.396,0.761,8,53,44,0.0224,2.6,0.426,183,0.0437,9.1,0.596,2,2,0,0/2,0.0,0.0,0.0,0.0,0,0,1,29.1,Strong Pitcher Advantage,Below average,45.0,5,Pitch-level Statcast · last 5 MLB games,423,4-Seam Fastball,29.78723404255319,126.0,Slider,21.98581560283688,93.0,Changeup,19.148936170212767,81.0,Sinker,14.893617021276595,63.0,Sweeper,7.328605200945627,31.0,Curveball,6.855791962174941,29.0,Unknown,,Unknown,,No,100.0,1.0,1.0,50.0,0.929,1.002,34.9,Current-Season Handedness Matchup,Pull Air %,Barrel %,Max Exit Velocity,33.5,50.9,14.5,24.3,50.0,45.0,36.3,4.0,1.064,1.141,1.035,1.0,0.916,0.916,1.0,8.0,6.04,85.0,22.8,F,Lineup unconfirmed,,,
221,2026-08-12,823916,2026-08-13T02:10:00Z,Scheduled,UNIQLO Field at Dodger Stadium,Kansas City Royals @ Los Angeles Dodgers,Away,664728,Kyle Isbel,Kansas City Royals,Los Angeles Dodgers,CF,L,No,,64,209,188,43,7,1,4,18,15,11,3,46,0.229,0.279,0.34,0.619,8,26,24,3,1,0.125,0.0385,8,26,24,3,1,0.125,0.0385,261,29,1.5,26.3,49.3,23.5,27.1,11.3,20.7,41.5,31.0,4.2,3.0,4.2,66.7,81.4,13.6,0.374,67.4,94.8,108.1,13.7,10.1,5.0,36.0,22.0,Weak,2.0,Contact-First Profile,A,Excellent HR swing plane,22.0,Weak,0.922,Good,0.0,40.0,95.3,0.298,Derived proxy,Derived proxy,Derived proxy,Derived proxy,,,5.82,1.82,Near expected,Weak Contact-First Profile profile. 1.5% barrel rate; 81.4 mph average exit velocity; 20.7% air-ball rate; 41.5% pull-air rate; 4.2% HR-launch rate.,0.0191,0.0238,3.87,4,1,47.0,0.09,8.5,Very recent HR,641778.0,Eric Lauer,L,LHB vs LHP,18,15,92.0,4.89,1.26,22,2.15,5.58,2.84,596.0,6.5,21.5,19.0,42.9,28.5,81.5,93.4,114.5,0.569,22.0,15.3,99.9,0.391,2.6,4-Seam Fastball,L,LHB vs LHP,41.9,45,0.167,0.205,0.286,0.49,1,2,8,0.0222,0.0,0.404,86,0.0698,5.3,0.544,0,0,0,0/0,,,,,0,0,0,34.2,Slight Pitcher Advantage,Below average,50.0,5,Pitch-level Statcast · last 5 MLB games,467,4-Seam Fastball,36.83083511777302,172.0,Cutter,26.980728051391864,126.0,Changeup,14.132762312633833,66.0,Slider,11.777301927194861,55.0,Curveball,10.278372591006423,48.0,,,,Unknown,,Unknown,,No,100.0,1.0,1.0,50.0,0.931,0.99,39.8,Current-Season Handedness Matchup,Pull Air %,Barrel %,Max Exit Velocity,41.9,40.3,15.3,33.4,50.0,45.0,36.2,3.99,1.246,1.168,0.985,0.94,0.922,0.866,0.98,8.91,6.67,69.0,20.3,F,Lineup unconfirmed,,,
222,2026-08-12,823916,2026-08-13T02:10:00Z,Scheduled,UNIQLO Field at Dodger Stadium,Kansas City Royals @ Los Angeles Dodgers,Home,681624,Andy Pages,Los Angeles Dodgers,Kansas City Royals,CF,R,No,,119,513,459,124,24,2,19,66,76,43,6,103,0.27,0.337,0.455,0.792,12,52,47,14,1,0.298,0.0192,23,102,92,25,2,0.272,0.0196,721,152,3.1,21.8,42.1,23.8,34.1,11.9,24.8,42.5,31.4,6.4,3.8,6.4,77.6,82.2,19.1,0.545,70.8,93.9,109.4,25.5,10.7,7.5,39.6,29.3,Weak,2.0,Pull Power,A,Excellent HR swing plane,29.3,Weak,0.942,Good,1.3,48.5,92.9,0.51,Derived proxy,Derived proxy,Derived proxy,Derived proxy,,,24.93,5.93,Strong positive regression,Weak Pull Power profile. 3.1% barrel rate; 82.2 mph average exit velocity; 24.8% air-ball rate; 42.5% pull-air rate; 6.4% HR-launch rate.,0.037,0.0361,3.99,15,4,24.2,0.62,62.1,Recently homered,663738.0,Daniel Lynch IV,L,RHB vs LHP,47,1,47.2,2.45,1.01,2,0.38,6.99,2.64,220.0,3.2,25.0,15.5,31.7,25.0,83.1,95.6,111.3,0.441,2.0,38.8,100.0,0.564,5.7,Sinker,R,RHB vs LHP,36.2,148,0.281,0.372,0.508,0.879,6,18,26,0.0405,5.0,0.68,108,0.0185,3.1,0.511,0,0,0,0/0,,,,,0,0,0,39.9,Slight Pitcher Advantage,Below average,50.0,5,Pitch-level Statcast · last 5 MLB games,78,Changeup,33.333333333333336,26.0,Sinker,24.358974358974358,19.0,Slider,16.666666666666668,13.0,4-Seam Fastball,14.102564102564102,11.0,Knuckle Curve,11.538461538461538,9.0,,,,Unknown,,Unknown,,No,100.0,1.0,1.0,50.0,0.978,0.957,42.1,Current-Season Handedness Matchup,Pull Air %,Barrel %,Max Exit Velocity,36.2,21.3,38.8,36.4,50.0,45.0,36.1,3.99,0.815,0.922,1.025,1.0,0.942,0.942,1.0,13.64,6.43,85.0,24.3,F,Lineup unconfirmed,,,
223,2026-08-12,823916,2026-08-13T02:10:00Z,Scheduled,UNIQLO Field at Dodger Stadium,Kansas City Royals @ Los Angeles Dodgers,Home,605141,Mookie Betts,Los Angeles Dodgers,Kansas City Royals,SS,R,No,,83,350,323,76,13,0,14,46,38,25,1,41,0.235,0.291,0.406,0.697,12,45,43,12,1,0.279,0.0222,23,91,85,20,3,0.235,0.033,449,110,4.1,26.6,45.7,26.0,28.3,20.7,37.3,47.4,33.0,6.9,4.5,6.9,61.7,85.0,20.5,0.476,67.8,95.7,108.9,9.1,13.4,2.3,57.9,31.0,Weak,2.0,Pull Power,A-,Elevated power plane,31.0,Weak,0.947,Good,2.7,55.3,95.4,0.458,Derived proxy,Derived proxy,Derived proxy,Derived proxy,,,20.13,6.13,Strong positive regression,Weak Pull Power profile. 4.1% barrel rate; 85.0 mph average exit velocity; 37.3% air-ball rate; 47.4% pull-air rate; 6.9% HR-launch rate.,0.04,0.038,3.99,0,0,23.1,0.0,0.0,Very recent HR,663738.0,Daniel Lynch IV,L,RHB vs LHP,47,1,47.2,2.45,1.01,2,0.38,6.99,2.64,220.0,3.2,25.0,15.5,31.7,25.0,83.1,95.6,111.3,0.441,2.0,32.6,100.0,0.544,3.6,Sinker,R,RHB vs LHP,24.7,114,0.194,0.263,0.301,0.564,2,10,9,0.0175,4.8,0.519,108,0.0185,3.1,0.511,3,2,0,0/2,0.0,0.333,0.0,0.333,0,1,0,31.0,Slight Pitcher Advantage,Below average,42.5,5,Pitch-level Statcast · last 5 MLB games,78,Changeup,33.333333333333336,26.0,Sinker,24.358974358974358,19.0,Slider,16.666666666666668,13.0,4-Seam Fastball,14.102564102564102,11.0,Knuckle Curve,11.538461538461538,9.0,,,,Unknown,,Unknown,,No,100.0,1.0,1.0,50.0,0.965,0.957,42.5,Current-Season Handedness Matchup,Pull Air %,Barrel %,Max Exit Velocity,24.7,21.3,32.6,46.4,50.0,45.0,36.0,3.98,0.885,0.922,1.025,1.0,0.947,0.947,0.98,14.31,6.88,84.3,23.5,F,Lineup unconfirmed,,,
224,2026-08-12,823511,2026-08-12T23:05:00Z,Scheduled,Yankee Stadium,Seattle Mariners @ New York Yankees,Away,640902,Jhonny Pereda,Seattle Mariners,New York Yankees,C,R,No,,20,71,66,17,0,0,2,8,4,4,1,12,0.258,0.31,0.348,0.658,1,3,3,0,0,0.0,0.0,1,3,3,0,0,0.0,0.0,114,3,1.8,21.9,27.8,33.3,38.9,7.0,26.3,33.3,38.6,4.4,3.5,4.4,100.0,82.1,19.1,0.49,69.4,93.1,106.7,4.8,11.4,0.7,43.8,20.0,Weak,2.0,Contact-First Profile,A,Excellent HR swing plane,20.0,Weak,0.916,Good,0.0,,90.6,0.127,Derived proxy,Derived proxy,Derived proxy,Derived proxy,,,2.57,0.57,Near expected,Weak Contact-First Profile profile. 1.8% barrel rate; 82.1 mph average exit velocity; 26.3% air-ball rate; 33.3% pull-air rate; 4.4% HR-launch rate.,0.0282,0.0306,4.05,28,8,33.0,0.85,84.8,Near normal interval,701542.0,Will Warren,R,RHB vs RHP,23,22,114.0,4.18,1.37,15,1.18,9.0,2.92,611.0,4.4,26.8,12.6,46.4,28.8,84.0,96.4,116.9,0.565,15.0,33.8,99.8,0.588,0.0,4-Seam Fastball,R,RHB vs RHP,29.5,56,0.259,0.286,0.315,0.601,1,2,9,0.0179,1.1,0.461,214,0.0234,3.3,0.549,0,0,0,0/0,,,,,0,0,0,35.1,Slight Pitcher Advantage,Below average,50.0,5,Pitch-level Statcast · last 5 MLB games,346,4-Seam Fastball,29.76878612716763,103.0,Sinker,21.09826589595376,73.0,Sweeper,19.07514450867052,66.0,Changeup,18.208092485549134,63.0,Curveball,11.84971098265896,41.0,,,,Unknown,,Unknown,,No,108.0,1.08,1.0,64.4,0.968,0.969,32.5,Current-Season Handedness Matchup,Pull Air %,Barrel %,Max Exit Velocity,29.5,37.8,33.8,20.2,64.4,45.0,36.0,3.98,1.0,1.013,0.985,0.965,0.916,0.884,1.0,11.82,6.96,57.3,19.7,F,Small season sample; Lineup unconfirmed; Limited recent games,,,
225,2026-08-12,824883,2026-08-12T23:15:00Z,Scheduled,Truist Park,New York Mets @ Atlanta Braves,Away,683146,Brett Baty,New York Mets,Atlanta Braves,3B,L,No,,109,379,339,73,13,1,8,42,38,32,3,105,0.215,0.286,0.33,0.616,9,27,26,3,2,0.115,0.0741,16,51,49,9,4,0.184,0.0784,480,75,4.4,24.2,43.0,26.3,30.8,16.4,26.6,37.5,30.0,4.8,3.2,4.8,70.3,83.8,18.4,0.551,73.4,95.2,110.9,54.3,11.9,11.4,48.9,32.9,Weak,2.5,Contact-First Profile,A,Excellent HR swing plane,32.9,Weak,0.952,Good,4.0,42.9,95.6,0.566,Derived proxy,Derived proxy,Derived proxy,Derived proxy,,,19.57,11.57,Strong positive regression,Weak Contact-First Profile profile. 4.4% barrel rate; 83.8 mph average exit velocity; 26.6% air-ball rate; 37.5% pull-air rate; 4.8% HR-launch rate.,0.0211,0.0237,3.87,0,0,42.4,0.0,0.0,Very recent HR,641816.0,Tyler Mahle,R,LHB vs RHP,19,19,100.2,4.83,1.36,14,1.25,8.76,3.49,530.0,4.2,22.3,15.3,37.5,28.9,82.6,94.7,110.5,0.523,14.0,27.2,99.9,0.496,3.3,4-Seam Fastball,L,LHB vs RHP,29.4,304,0.231,0.294,0.359,0.653,8,24,78,0.0263,4.8,0.56,230,0.0304,3.0,0.474,3,3,0,0/3,0.0,0.0,0.0,0.0,0,0,2,31.3,Slight Pitcher Advantage,Below average,42.5,5,Pitch-level Statcast · last 5 MLB games,474,4-Seam Fastball,49.57805907172996,235.0,Split-Finger,25.738396624472575,122.0,Cutter,23.839662447257385,113.0,Slider,0.8438818565400844,4.0,,,,,,,Unknown,,Unknown,,No,103.0,1.03,1.0,55.4,0.954,0.967,40.3,Current-Season Handedness Matchup,Pull Air %,Barrel %,Max Exit Velocity,29.4,27.4,27.2,41.1,55.4,45.0,35.9,3.98,1.35,1.024,1.025,0.94,0.952,0.895,0.98,8.87,6.87,81.1,22.4,F,Lineup unconfirmed,,,
226,2026-08-12,824241,2026-08-12T22:40:00Z,Scheduled,Comerica Park,Cleveland Guardians @ Detroit Tigers,Away,595978,Austin Hedges,Cleveland Guardians,Detroit Tigers,C,R,No,,61,178,156,42,7,0,4,19,18,15,1,30,0.269,0.333,0.391,0.724,5,16,14,2,0,0.143,0.0,11,33,28,5,1,0.179,0.0303,224,44,3.4,19.2,49.5,26.0,24.5,14.0,24.5,58.7,25.2,3.7,1.5,3.7,63.9,79.2,17.7,0.354,66.2,92.1,108.5,5.9,6.8,1.5,59.4,22.9,Weak,2.0,Pull Power,A,Excellent HR swing plane,22.9,Weak,0.924,Good,2.3,70.0,90.6,0.257,Derived proxy,Derived proxy,Derived proxy,Derived proxy,,,8.2,4.2,Strong positive regression,Weak Pull Power profile. 3.4% barrel rate; 79.2 mph average exit velocity; 24.5% air-ball rate; 58.7% pull-air rate; 3.7% HR-launch rate.,0.0225,0.0263,4.05,21,8,39.0,0.54,53.8,Recently homered,664285.0,Framber Valdez,L,RHB vs LHP,23,23,127.1,4.17,1.37,12,0.85,7.28,3.18,683.0,4.2,29.7,11.9,42.2,27.8,84.5,97.2,112.0,0.491,12.0,28.8,99.9,0.393,9.2,Sinker,R,RHB vs LHP,19.0,88,0.257,0.333,0.351,0.685,1,9,9,0.0114,3.4,0.368,429,0.0233,4.5,0.5,8,7,0,0/7,0.0,0.125,0.0,0.125,0,1,0,24.6,Strong Pitcher Advantage,Below average,30.0,5,Pitch-level Statcast · last 5 MLB games,417,Sinker,39.80815347721823,166.0,Curveball,34.77218225419664,145.0,Changeup,14.628297362110311,61.0,Slider,5.755395683453237,24.0,4-Seam Fastball,5.0359712230215825,21.0,,,,Unknown,,Unknown,,No,100.0,1.0,1.0,50.0,0.958,0.967,38.0,Current-Season Handedness Matchup,Pull Air %,Barrel %,Max Exit Velocity,19.0,32.7,28.8,35.8,50.0,45.0,35.9,3.98,0.884,0.96,1.025,1.0,0.924,0.924,1.0,10.24,5.65,67.4,19.6,F,Lineup unconfirmed,,,
227,2026-08-12,824883,2026-08-12T23:15:00Z,Scheduled,Truist Park,New York Mets @ Atlanta Braves,Away,701807,Carson Benge,New York Mets,Atlanta Braves,RF,L,No,,115,476,434,118,15,3,13,62,47,35,6,103,0.272,0.334,0.41,0.744,11,48,44,16,2,0.364,0.0417,21,90,81,25,2,0.309,0.0222,639,124,3.9,22.5,38.8,25.9,34.7,12.3,24.7,32.6,31.3,6.0,2.6,6.0,48.8,83.3,16.7,0.565,68.6,94.4,109.1,15.5,10.4,4.0,39.2,23.6,Weak,2.0,Contact-First Profile,A,Excellent HR swing plane,23.6,Weak,0.926,Good,3.2,34.6,94.1,0.544,Derived proxy,Derived proxy,Derived proxy,Derived proxy,,,23.93,10.93,Strong positive regression,Weak Contact-First Profile profile. 3.9% barrel rate; 83.3 mph average exit velocity; 24.7% air-ball rate; 32.6% pull-air rate; 6.0% HR-launch rate.,0.0273,0.0283,4.05,20,5,33.4,0.6,59.9,Recently homered,641816.0,Tyler Mahle,R,LHB vs RHP,19,19,100.2,4.83,1.36,14,1.25,8.76,3.49,530.0,4.2,22.3,15.3,37.5,28.9,82.6,94.7,110.5,0.523,14.0,43.0,99.9,0.616,5.2,4-Seam Fastball,L,LHB vs RHP,28.6,358,0.272,0.332,0.416,0.748,10,26,73,0.0279,3.7,0.556,230,0.0304,3.0,0.474,2,2,0,0/2,0.0,0.0,0.0,0.0,0,0,1,36.9,Slight Pitcher Advantage,Below average,45.0,5,Pitch-level Statcast · last 5 MLB games,474,4-Seam Fastball,49.57805907172996,235.0,Split-Finger,25.738396624472575,122.0,Cutter,23.839662447257385,113.0,Slider,0.8438818565400844,4.0,,,,,,,Unknown,,Unknown,,No,103.0,1.03,1.0,55.4,0.986,0.967,35.7,Current-Season Handedness Matchup,Pull Air %,Barrel %,Max Exit Velocity,28.6,27.4,43.0,28.6,55.4,45.0,35.9,3.98,1.066,1.024,1.025,1.0,0.926,0.926,1.0,10.96,7.2,84.2,24.7,F,Lineup unconfirmed,,,
228,2026-08-12,823511,2026-08-12T23:05:00Z,Scheduled,Yankee Stadium,Seattle Mariners @ New York Yankees,Home,502671,Paul Goldschmidt,New York Yankees,Seattle Mariners,1B,R,No,,87,328,300,74,11,1,16,37,44,24,3,79,0.247,0.308,0.45,0.758,8,22,21,2,0,0.095,0.0,19,66,60,12,1,0.2,0.0152,437,76,4.5,20.4,30.6,35.8,33.6,16.4,26.0,30.1,30.7,5.8,2.7,5.8,60.8,83.0,21.0,0.507,69.8,93.9,107.7,11.2,9.9,3.7,47.5,22.2,Weak,2.0,Contact-First Profile,A-,Elevated power plane,22.2,Weak,0.922,Good,2.6,18.2,93.2,0.427,Derived proxy,Derived proxy,Derived proxy,Derived proxy,,,17.57,1.57,Near expected,Weak Contact-First Profile profile. 4.5% barrel rate; 83.0 mph average exit velocity; 26.0% air-ball rate; 30.1% pull-air rate; 5.8% HR-launch rate.,0.0488,0.0443,3.99,41,13,18.8,2.19,218.7,Very long drought,682243.0,Bryce Miller,R,RHB vs RHP,14,13,79.0,3.08,0.95,13,1.48,9.0,1.71,449.0,4.5,20.3,16.3,47.0,24.9,82.7,93.4,111.5,0.475,13.0,39.3,99.7,0.566,5.9,4-Seam Fastball,R,RHB vs RHP,37.1,179,0.199,0.229,0.345,0.574,7,7,49,0.0391,4.2,0.47,141,0.0567,5.1,0.497,3,3,0,0/3,0.0,0.0,0.0,0.0,0,0,2,38.9,Slight Pitcher Advantage,Below average,42.5,5,Pitch-level Statcast · last 5 MLB games,441,4-Seam Fastball,43.31065759637188,191.0,Split-Finger,24.94331065759637,110.0,Slider,8.390022675736962,37.0,Sweeper,7.709750566893424,34.0,Sinker,7.2562358276643995,32.0,Cutter,4.988662131519274,22.0,Unknown,,Unknown,,No,108.0,1.08,1.0,64.4,0.979,0.97,35.4,Current-Season Handedness Matchup,Pull Air %,Barrel %,Max Exit Velocity,37.1,31.8,39.3,11.8,64.4,45.0,35.7,3.97,0.758,1.061,0.985,1.0,0.922,0.922,1.06,16.53,8.17,80.7,32.6,D,Lineup unconfirmed,Knuckle Curve,3.401360544217687,15.0
229,2026-08-12,822779,2026-08-12T23:07:00Z,Scheduled,Rogers Centre,Boston Red Sox @ Toronto Blue Jays,Home,665489,Vladimir Guerrero Jr.,Toronto Blue Jays,Boston Red Sox,1B,R,No,,112,474,418,109,19,0,7,59,46,47,4,64,0.261,0.338,0.356,0.694,9,39,37,8,1,0.216,0.0256,21,87,82,21,1,0.256,0.0115,613,110,4.3,28.7,35.2,30.3,34.5,11.5,25.8,34.6,27.0,4.2,1.9,4.2,24.5,84.6,15.9,0.458,75.1,97.6,114.7,57.8,8.7,15.7,29.2,31.8,Weak,2.5,Contact-First Profile,A,Excellent HR swing plane,31.8,Weak,0.949,Good,4.5,34.5,98.3,0.437,Derived proxy,Derived proxy,Derived proxy,Derived proxy,,,24.41,17.41,Strong positive regression,Weak Contact-First Profile profile. 4.3% barrel rate; 84.6 mph average exit velocity; 25.8% air-ball rate; 34.6% pull-air rate; 4.2% HR-launch rate.,0.0148,0.0182,3.99,13,3,59.7,0.22,21.8,Very recent HR,624133.0,Ranger Suarez,L,RHB vs LHP,20,20,103.0,3.32,1.17,6,0.52,9.44,2.62,538.0,3.0,21.0,11.3,44.1,31.4,80.9,93.6,113.6,0.484,6.0,30.5,99.8,0.51,4.3,Sinker,R,RHB vs LHP,19.7,112,0.272,0.393,0.38,0.773,2,18,16,0.0179,2.7,0.535,309,0.0097,2.3,0.463,1,1,0,0/1,0.0,0.0,0.0,0.0,0,0,0,29.1,Strong Pitcher Advantage,Below average,47.5,5,Pitch-level Statcast · last 5 MLB games,347,4-Seam Fastball,23.34293948126801,81.0,Cutter,21.902017291066283,76.0,Sinker,19.020172910662826,66.0,Curveball,17.002881844380404,59.0,Changeup,9.510086455331413,33.0,Slider,9.221902017291066,32.0,Unknown,,Unknown,,No,100.0,1.0,1.0,50.0,0.961,0.955,38.4,Current-Season Handedness Matchup,Pull Air %,Barrel %,Max Exit Velocity,19.7,28.7,30.5,39.7,50.0,45.0,35.6,3.96,1.022,0.907,1.025,1.0,0.949,0.949,0.98,7.09,4.78,84.0,20.1,F,Lineup unconfirmed,,,
230,2026-08-12,823511,2026-08-12T23:05:00Z,Scheduled,Yankee Stadium,Seattle Mariners @ New York Yankees,Away,621493,Taylor Ward,Seattle Mariners,New York Yankees,LF,R,No,,118,533,437,105,20,1,7,65,30,87,6,109,0.24,0.371,0.339,0.71,10,37,34,5,0,0.147,0.0,22,94,80,14,1,0.175,0.0106,566,92,3.8,24.0,36.8,26.1,36.6,16.3,31.5,30.8,32.8,6.6,3.0,6.6,31.5,83.4,18.1,0.488,67.2,94.5,108.3,2.3,13.6,0.7,47.1,21.3,Weak,2.0,Contact-First Profile,A,Excellent HR swing plane,21.3,Weak,0.92,Good,4.3,27.6,94.8,0.461,Derived proxy,Derived proxy,Derived proxy,Derived proxy,,,21.16,14.16,Strong positive regression,Weak Contact-First Profile profile. 3.8% barrel rate; 83.4 mph average exit velocity; 31.5% air-ball rate; 30.8% pull-air rate; 6.6% HR-launch rate.,0.0131,0.0166,4.05,77,21,62.4,1.23,123.3,Near normal interval,701542.0,Will Warren,R,RHB vs RHP,23,22,114.0,4.18,1.37,15,1.18,9.0,2.92,611.0,4.4,26.8,12.6,46.4,28.8,84.0,96.4,116.9,0.565,15.0,31.9,99.8,0.531,3.9,4-Seam Fastball,R,RHB vs RHP,20.0,380,0.236,0.366,0.312,0.678,3,59,80,0.0079,2.6,0.46,214,0.0234,3.3,0.549,3,3,1,1/3,0.333,0.333,0.333,0.666,0,0,1,29.4,Strong Pitcher Advantage,Below average,46.0,5,Pitch-level Statcast · last 5 MLB games,346,4-Seam Fastball,29.76878612716763,103.0,Sinker,21.09826589595376,73.0,Sweeper,19.07514450867052,66.0,Changeup,18.208092485549134,63.0,Curveball,11.84971098265896,41.0,,,,Unknown,,Unknown,,No,108.0,1.08,1.0,64.4,0.964,0.969,31.2,Current-Season Handedness Matchup,Pull Air %,Barrel %,Max Exit Velocity,20.0,37.8,31.9,25.9,64.4,45.0,35.6,3.96,0.792,1.013,0.985,0.965,0.92,0.887,1.0,6.55,4.28,84.5,21.8,F,Lineup unconfirmed,,,
231,2026-08-12,823916,2026-08-13T02:10:00Z,Scheduled,UNIQLO Field at Dodger Stadium,Kansas City Royals @ Los Angeles Dodgers,Home,676439,Hunter Feduccia,Los Angeles Dodgers,Kansas City Royals,C,L,No,,67,173,153,36,8,1,2,17,12,15,1,44,0.235,0.306,0.34,0.646,9,19,18,5,0,0.278,0.0,15,36,33,8,0,0.242,0.0,225,49,5.6,26.0,44.8,32.9,22.3,14.8,31.2,41.1,32.2,6.8,3.7,6.8,10.8,82.3,19.0,0.515,67.8,94.8,108.2,19.9,12.8,5.8,47.8,30.2,Weak,2.0,Contact-First Profile,A,Excellent HR swing plane,30.2,Weak,0.945,Good,6.1,47.1,96.0,0.475,Derived proxy,Derived proxy,Derived proxy,Derived proxy,,,11.18,9.18,Strong positive regression,Weak Contact-First Profile profile. 5.6% barrel rate; 82.3 mph average exit velocity; 31.2% air-ball rate; 41.1% pull-air rate; 6.8% HR-launch rate.,0.0116,0.0199,3.87,41,17,76.5,0.54,53.6,Recently homered,663738.0,Daniel Lynch IV,L,LHB vs LHP,47,1,47.2,2.45,1.01,2,0.38,6.99,2.64,220.0,3.2,25.0,15.5,31.7,25.0,83.1,95.6,111.3,0.441,2.0,29.1,100.0,0.487,4.7,Sinker,L,LHB vs LHP,31.8,27,0.185,0.185,0.259,0.444,0,0,4,0.0,7.9,0.484,85,0.0,3.3,0.359,0,0,0,0/0,,,,,0,0,0,34.5,Slight Pitcher Advantage,Below average,50.0,5,Pitch-level Statcast · last 5 MLB games,78,Changeup,33.333333333333336,26.0,Sinker,24.358974358974358,19.0,Slider,16.666666666666668,13.0,4-Seam Fastball,14.102564102564102,11.0,Knuckle Curve,11.538461538461538,9.0,,,,Unknown,,Unknown,,No,100.0,1.0,1.0,50.0,0.958,0.957,41.9,Current-Season Handedness Matchup,Pull Air %,Barrel %,Max Exit Velocity,31.8,21.3,29.1,50.6,50.0,45.0,35.5,3.96,0.758,0.922,0.985,0.94,0.945,0.888,1.0,7.5,4.09,67.2,16.0,F,Lineup unconfirmed,,,
232,2026-08-12,824967,2026-08-12T19:05:00Z,Scheduled,Sutter Health Park,Tampa Bay Rays @ Athletics,Away,663743,Nick Fortes,Tampa Bay Rays,Athletics,C,R,No,,87,268,248,67,14,0,4,28,29,8,8,33,0.27,0.313,0.375,0.688,6,16,13,2,0,0.154,0.0,16,46,42,14,2,0.333,0.0435,369,58,2.8,25.5,48.2,30.3,20.9,9.4,24.0,60.1,26.2,4.4,3.1,4.4,63.9,81.0,8.7,0.438,70.6,95.4,111.2,21.3,10.0,6.9,34.4,29.0,Weak,2.0,Pull Power,C,Low line-drive plane,29.0,Weak,0.941,Good,3.4,64.7,95.0,0.519,Derived proxy,Derived proxy,Derived proxy,Derived proxy,,,12.57,8.57,Strong positive regression,Weak Pull Power profile. 2.8% barrel rate; 81.0 mph average exit velocity; 24.0% air-ball rate; 60.1% pull-air rate; 4.4% HR-launch rate.,0.0149,0.0202,4.05,26,11,62.0,0.42,41.9,Recently homered,678022.0,Jack Perkins,R,RHB vs RHP,28,10,76.2,7.04,1.45,15,1.76,10.8,3.64,428.0,5.1,22.7,18.0,35.4,31.1,82.0,94.4,111.2,0.567,15.0,9.7,97.4,0.343,2.2,4-Seam Fastball,R,RHB vs RHP,27.0,139,0.278,0.304,0.398,0.703,3,3,18,0.0216,2.2,0.395,167,0.0419,5.4,0.563,0,0,0,0/0,,,,,0,0,0,25.6,Strong Pitcher Advantage,Below average,50.0,5,Pitch-level Statcast · last 5 MLB games,384,4-Seam Fastball,28.90625,111.0,Changeup,24.739583333333332,95.0,Sweeper,22.395833333333332,86.0,Cutter,16.666666666666668,64.0,Sinker,5.989583333333333,23.0,Slider,1.3020833333333333,5.0,Unknown,,Unknown,,No,100.0,1.0,1.0,50.0,0.92,0.976,44.4,Current-Season Handedness Matchup,Pull Air %,Barrel %,Max Exit Velocity,27.0,30.9,9.7,47.1,50.0,45.0,35.5,3.96,1.01,1.106,0.985,1.0,0.941,0.941,1.0,7.93,5.5,74.8,19.8,F,Lineup unconfirmed,,,
233,2026-08-12,824562,2026-08-12T23:40:00Z,Scheduled,Rate Field,Cincinnati Reds @ Chicago White Sox,Away,680574,Matt McLain,Cincinnati Reds,Chicago White Sox,2B,R,No,,94,348,302,59,15,0,10,40,28,39,4,94,0.195,0.295,0.344,0.639,11,39,34,8,2,0.235,0.0513,11,39,34,8,2,0.235,0.0513,380,36,6.3,17.4,29.9,29.7,39.5,21.1,33.6,29.4,32.8,7.9,3.9,7.9,55.8,77.6,26.7,0.623,68.2,90.6,108.8,8.3,11.0,1.6,53.4,24.4,Weak,2.0,Contact-First Profile,A-,Elevated power plane,24.4,Weak,0.928,Good,8.3,14.3,86.6,0.711,Derived proxy,Derived proxy,Derived proxy,Derived proxy,,,19.61,9.61,Strong positive regression,Weak Contact-First Profile profile. 6.3% barrel rate; 77.6 mph average exit velocity; 33.6% air-ball rate; 29.4% pull-air rate; 7.9% HR-launch rate.,0.0287,0.0296,3.93,9,3,30.2,0.3,29.8,Very recent HR,622491.0,Luis Castillo,R,RHB vs RHP,21,18,103.2,5.3,1.41,17,1.48,7.9,2.86,685.0,5.5,25.1,13.4,38.7,29.2,83.7,95.3,113.8,0.579,17.0,36.9,99.9,0.562,4.9,4-Seam Fastball,R,RHB vs RHP,29.7,260,0.191,0.281,0.335,0.616,6,26,77,0.0231,5.4,0.583,190,0.0211,3.4,0.517,3,1,0,0/1,0.0,0.667,0.0,0.667,0,2,0,35.5,Slight Pitcher Advantage,Below average,46.0,5,Pitch-level Statcast · last 5 MLB games,454,4-Seam Fastball,41.629955947136565,189.0,Slider,27.312775330396477,124.0,Sinker,17.841409691629956,81.0,Changeup,13.215859030837004,60.0,,,,,,,Unknown,,Unknown,,No,100.0,1.0,1.0,50.0,0.974,0.98,35.2,Current-Season Handedness Matchup,Pull Air %,Barrel %,Max Exit Velocity,29.7,36.2,36.9,14.1,50.0,45.0,35.4,3.95,1.294,1.061,0.985,0.94,0.928,0.873,0.98,11.13,7.68,80.0,23.5,F,Lineup unconfirmed,,,
234,2026-08-12,823263,2026-08-12T20:10:00Z,Scheduled,Petco Park,Milwaukee Brewers @ San Diego Padres,Away,669003,Garrett Mitchell,Milwaukee Brewers,San Diego Padres,CF,L,No,,109,403,347,88,24,3,8,50,50,50,4,128,0.254,0.353,0.409,0.762,12,49,39,6,0,0.154,0.0,23,93,77,14,0,0.182,0.0,422,101,6.0,28.0,34.6,33.9,31.5,7.8,21.4,21.5,30.2,6.8,2.5,6.8,17.3,85.2,11.7,0.636,75.7,97.3,114.0,75.3,12.8,14.3,54.2,34.5,Weak,2.5,Contact-First Profile,A,Excellent HR swing plane,34.5,Weak,0.957,Good,4.0,10.0,96.4,0.519,Derived proxy,Derived proxy,Derived proxy,Derived proxy,,,21.32,13.32,Strong positive regression,Weak Contact-First Profile profile. 6.0% barrel rate; 85.2 mph average exit velocity; 21.4% air-ball rate; 21.5% pull-air rate; 6.8% HR-launch rate.,0.0199,0.0226,4.05,113,33,43.4,2.61,260.5,Very long drought,592662.0,Robbie Ray,L,LHB vs LHP,23,22,127.2,3.24,1.33,16,1.13,7.68,4.37,717.0,4.7,22.6,17.4,35.0,30.0,81.8,93.8,112.9,0.54,16.0,54.3,100.0,0.699,6.7,4-Seam Fastball,L,LHB vs LHP,17.8,90,0.253,0.36,0.347,0.706,0,10,27,0.0,3.4,0.515,139,0.0072,3.7,0.504,0,0,0,0/0,,,,,0,0,0,37.0,Slight Pitcher Advantage,Below average,50.0,5,Pitch-level Statcast · last 5 MLB games,444,Sinker,25.225225225225227,112.0,4-Seam Fastball,21.396396396396398,95.0,Changeup,20.945945945945947,93.0,Knuckle Curve,17.792792792792792,79.0,Slider,14.63963963963964,65.0,,,,Unknown,,Unknown,,No,94.0,0.94,1.0,39.2,1.009,0.972,34.2,Current-Season Handedness Matchup,Pull Air %,Barrel %,Max Exit Velocity,17.8,27.5,54.3,21.1,39.2,45.0,35.4,3.95,0.758,1.005,0.985,1.0,0.957,0.957,1.06,8.86,5.0,84.4,29.5,F,Lineup unconfirmed,,,
235,2026-08-12,824883,2026-08-12T23:15:00Z,Scheduled,Truist Park,New York Mets @ Atlanta Braves,Away,805999,A.J. Ewing,New York Mets,Atlanta Braves,CF,L,No,,80,329,291,75,16,1,7,37,28,30,2,84,0.258,0.328,0.392,0.72,12,54,49,9,0,0.184,0.0,23,107,95,21,0,0.221,0.0,418,132,3.8,22.4,45.3,28.2,26.5,11.5,24.2,39.9,31.0,5.2,3.3,5.2,28.4,81.6,18.1,0.532,67.4,93.6,109.2,10.5,9.9,1.6,40.0,23.9,Weak,2.0,Contact-First Profile,A,Excellent HR swing plane,23.9,Weak,0.927,Good,3.8,41.9,93.9,0.471,Derived proxy,Derived proxy,Derived proxy,Derived proxy,,,15.29,8.29,Strong positive regression,Weak Contact-First Profile profile. 3.8% barrel rate; 81.6 mph average exit velocity; 24.2% air-ball rate; 39.9% pull-air rate; 5.2% HR-launch rate.,0.0213,0.0241,4.05,112,27,41.6,2.69,269.4,Very long drought,641816.0,Tyler Mahle,R,LHB vs RHP,19,19,100.2,4.83,1.36,14,1.25,8.76,3.49,530.0,4.2,22.3,15.3,37.5,28.9,82.6,94.7,110.5,0.523,14.0,29.8,99.9,0.534,2.7,4-Seam Fastball,L,LHB vs RHP,27.1,243,0.258,0.328,0.382,0.71,5,22,60,0.0206,3.7,0.571,230,0.0304,3.0,0.474,0,0,0,0/0,,,,,0,0,0,32.6,Slight Pitcher Advantage,Below average,50.0,5,Pitch-level Statcast · last 5 MLB games,474,4-Seam Fastball,49.57805907172996,235.0,Split-Finger,25.738396624472575,122.0,Cutter,23.839662447257385,113.0,Slider,0.8438818565400844,4.0,,,,,,,Unknown,,Unknown,,No,103.0,1.03,1.0,55.4,0.96,0.967,38.3,Current-Season Handedness Matchup,Pull Air %,Barrel %,Max Exit Velocity,27.1,27.4,29.8,36.4,55.4,45.0,35.3,3.95,0.758,1.024,1.025,1.0,0.927,0.927,1.06,9.42,5.37,83.5,29.3,F,Lineup unconfirmed,,,
236,2026-08-12,824883,2026-08-12T23:15:00Z,Scheduled,Truist Park,New York Mets @ Atlanta Braves,Away,593871,Jorge Polanco,New York Mets,Atlanta Braves,DH,S,No,,34,134,124,17,5,0,2,7,5,9,0,33,0.137,0.195,0.226,0.421,8,29,27,3,1,0.111,0.0345,15,55,51,4,1,0.078,0.0182,165,60,4.1,22.0,52.3,24.6,23.1,12.4,24.5,63.5,28.8,8.4,5.1,8.4,33.3,82.1,19.3,0.387,67.5,93.3,108.2,2.8,11.8,1.5,48.9,28.4,Weak,2.0,Pull Power,A,Excellent HR swing plane,28.4,Weak,0.94,Good,5.0,69.2,93.3,0.401,Derived proxy,Derived proxy,Derived proxy,Derived proxy,,,7.83,5.83,Strong positive regression,Weak Pull Power profile. 4.1% barrel rate; 82.1 mph average exit velocity; 24.5% air-ball rate; 63.5% pull-air rate; 8.4% HR-launch rate.,0.0149,0.023,3.87,13,4,62.0,0.21,21.0,Very recent HR,641816.0,Tyler Mahle,R,Switch vs RHP,19,19,100.2,4.83,1.36,14,1.25,8.76,3.49,530.0,4.2,22.3,15.3,37.5,28.9,82.6,94.7,110.5,0.523,14.0,19.9,99.9,0.387,5.1,4-Seam Fastball,L,LHB vs RHP,20.1,104,0.158,0.223,0.274,0.497,2,8,25,0.0192,3.2,0.383,230,0.0304,3.0,0.474,1,1,0,0/1,0.0,0.0,0.0,0.0,0,0,0,25.5,Strong Pitcher Advantage,Below average,47.5,5,Pitch-level Statcast · last 5 MLB games,474,4-Seam Fastball,49.57805907172996,235.0,Split-Finger,25.738396624472575,122.0,Cutter,23.839662447257385,113.0,Slider,0.8438818565400844,4.0,,,,,,,Unknown,,Unknown,,No,103.0,1.03,1.0,55.4,0.94,0.967,40.3,Current-Season Handedness Matchup,Pull Air %,Barrel %,Max Exit Velocity,20.1,27.4,19.9,47.3,55.4,45.0,35.2,3.94,1.072,1.024,1.035,0.94,0.94,0.883,0.98,8.61,5.74,66.0,18.4,F,Lineup unconfirmed,,,
237,2026-08-12,823994,2026-08-13T02:10:00Z,Scheduled,Angel Stadium,Texas Rangers @ Los Angeles Angels,Home,672724,Oswald Peraza,Los Angeles Angels,Texas Rangers,2B,R,No,,100,310,290,67,11,2,7,27,24,11,7,92,0.231,0.275,0.355,0.63,6,15,15,2,0,0.133,0.0,16,33,31,5,0,0.161,0.0,416,51,3.9,24.8,37.1,26.6,35.6,11.0,17.9,40.5,25.5,4.9,1.9,4.9,28.4,81.2,12.7,0.422,70.0,94.1,110.2,27.6,10.2,6.5,45.9,25.1,Weak,2.0,Contact-First Profile,A,Excellent HR swing plane,25.1,Weak,0.93,Good,3.9,33.3,95.6,0.258,Derived proxy,Derived proxy,Derived proxy,Derived proxy,,,15.2,8.2,Strong positive regression,Weak Contact-First Profile profile. 3.9% barrel rate; 81.2 mph average exit velocity; 17.9% air-ball rate; 40.5% pull-air rate; 4.9% HR-launch rate.,0.0226,0.0252,3.81,135,47,41.4,3.26,325.9,Very long drought,615698.0,Cal Quantrill,R,RHB vs RHP,24,7,65.2,3.56,1.19,9,1.23,5.89,2.6,381.0,4.7,21.0,16.0,32.1,29.1,81.8,93.9,111.2,0.517,9.0,47.3,99.6,0.595,8.4,Cutter,R,RHB vs RHP,14.0,202,0.219,0.272,0.294,0.566,2,8,61,0.0099,1.5,0.411,121,0.0248,2.6,0.394,4,4,2,2/4,0.5,0.5,0.5,1.0,0,0,0,33.2,Slight Pitcher Advantage,Below average,51.8,5,Pitch-level Statcast · last 5 MLB games,307,Split-Finger,29.64169381107492,91.0,4-Seam Fastball,23.452768729641694,72.0,Cutter,21.824104234527688,67.0,Sinker,19.86970684039088,61.0,Curveball,5.2117263843648205,16.0,,,,Unknown,,Unknown,,No,100.0,1.0,1.0,50.0,0.995,0.972,34.0,Current-Season Handedness Matchup,Pull Air %,Barrel %,Max Exit Velocity,14.0,24.9,47.3,31.9,50.0,45.0,35.1,3.94,0.762,1.019,0.985,0.975,0.93,0.907,1.06,9.27,5.16,76.8,27.0,F,Lineup unconfirmed,,,
238,2026-08-12,824967,2026-08-12T19:05:00Z,Scheduled,Sutter Health Park,Tampa Bay Rays @ Athletics,Away,656775,Cedric Mullins,Tampa Bay Rays,Athletics,CF,L,No,,103,393,343,70,8,2,13,45,36,32,7,80,0.204,0.283,0.353,0.636,11,35,30,7,1,0.233,0.0286,21,74,63,14,2,0.222,0.027,526,92,2.5,18.7,51.6,22.2,26.0,15.7,25.3,59.1,25.2,4.3,2.5,4.3,119.7,80.5,25.0,0.36,67.3,92.8,108.3,7.6,9.2,2.0,60.7,23.4,Weak,2.0,Pull Power,A-,Elevated power plane,23.4,Weak,0.926,Good,1.1,59.1,91.8,0.299,Derived proxy,Derived proxy,Derived proxy,Derived proxy,,,16.83,3.83,Positive regression,Weak Pull Power profile. 2.5% barrel rate; 80.5 mph average exit velocity; 25.3% air-ball rate; 59.1% pull-air rate; 4.3% HR-launch rate.,0.0331,0.0328,3.87,26,10,26.4,0.99,98.5,Near normal interval,678022.0,Jack Perkins,R,LHB vs RHP,28,10,76.2,7.04,1.45,15,1.76,10.8,3.64,428.0,5.1,22.7,18.0,35.4,31.1,82.0,94.4,111.2,0.567,15.0,15.5,97.4,0.368,3.8,4-Seam Fastball,L,LHB vs RHP,36.9,292,0.212,0.289,0.4,0.689,13,25,61,0.0445,4.1,0.442,182,0.044,4.9,0.573,0,0,0,0/0,,,,,0,0,0,32.0,Slight Pitcher Advantage,Below average,50.0,5,Pitch-level Statcast · last 5 MLB games,384,4-Seam Fastball,28.90625,111.0,Changeup,24.739583333333332,95.0,Sweeper,22.395833333333332,86.0,Cutter,16.666666666666668,64.0,Sinker,5.989583333333333,23.0,Slider,1.3020833333333333,5.0,Unknown,,Unknown,,No,100.0,1.0,1.0,50.0,0.931,0.976,42.5,Current-Season Handedness Matchup,Pull Air %,Barrel %,Max Exit Velocity,36.9,30.9,15.5,37.5,50.0,45.0,35.0,3.94,0.94,1.106,1.025,0.975,0.926,0.902,1.0,12.12,6.96,82.9,23.8,F,Lineup unconfirmed,,,
239,2026-08-12,822779,2026-08-12T23:07:00Z,Scheduled,Rogers Centre,Boston Red Sox @ Toronto Blue Jays,Away,807799,Masataka Yoshida,Boston Red Sox,Toronto Blue Jays,DH,L,No,,83,281,249,67,15,1,5,33,26,27,3,30,0.269,0.345,0.398,0.743,10,43,38,12,1,0.316,0.0233,22,80,71,20,2,0.282,0.025,346,91,3.8,28.6,49.4,22.0,28.6,15.0,28.8,40.2,31.8,6.1,3.8,6.1,46.5,85.1,14.3,0.44,70.8,96.2,108.6,20.9,12.9,6.6,47.5,29.3,Weak,2.0,Contact-First Profile,A,Excellent HR swing plane,29.3,Weak,0.942,Good,5.5,42.3,96.3,0.451,Derived proxy,Derived proxy,Derived proxy,Derived proxy,,,13.91,8.91,Strong positive regression,Weak Contact-First Profile profile. 3.8% barrel rate; 85.1 mph average exit velocity; 28.8% air-ball rate; 40.2% pull-air rate; 6.1% HR-launch rate.,0.0178,0.022,4.05,22,6,49.8,0.44,44.2,Recently homered,667755.0,José Soriano,R,LHB vs RHP,23,23,127.2,3.24,1.26,12,0.85,9.16,4.23,613.0,4.6,23.8,11.9,41.5,27.6,83.2,95.2,112.7,0.534,12.0,18.2,99.8,0.43,2.1,Sinker,L,LHB vs RHP,26.5,246,0.267,0.346,0.396,0.742,5,24,24,0.0203,2.9,0.417,297,0.0337,5.2,0.567,2,2,0,0/2,0.0,0.0,0.0,0.0,0,0,0,27.3,Strong Pitcher Advantage,Below average,45.0,5,Pitch-level Statcast · last 5 MLB games,444,Knuckle Curve,30.63063063063063,136.0,Sinker,29.054054054054053,129.0,4-Seam Fastball,22.07207207207207,98.0,Split-Finger,15.765765765765765,70.0,Slider,2.4774774774774775,11.0,,,,Unknown,,Unknown,,No,100.0,1.0,1.0,50.0,0.936,0.971,38.3,Current-Season Handedness Matchup,Pull Air %,Barrel %,Max Exit Velocity,26.5,32.7,18.2,45.2,50.0,45.0,35.0,3.93,1.036,0.96,1.025,1.0,0.942,0.942,1.0,8.63,5.57,78.5,21.3,F,Lineup unconfirmed,,,
240,2026-08-12,824241,2026-08-12T22:40:00Z,Scheduled,Comerica Park,Cleveland Guardians @ Detroit Tigers,Home,595879,Javier Báez,Detroit Tigers,Cleveland Guardians,SS,R,No,,33,122,116,33,6,0,2,18,14,4,1,21,0.284,0.311,0.388,0.699,7,31,29,8,0,0.276,0.0,9,40,38,13,0,0.342,0.0,157,44,0.8,19.6,43.5,32.0,23.8,13.4,26.5,44.5,24.2,2.9,0.8,2.9,100.0,80.5,13.5,0.368,71.9,92.5,106.5,28.0,7.4,8.6,55.3,23.3,Weak,2.0,Pull Power,A,Excellent HR swing plane,23.3,Weak,0.925,Good,0.0,50.0,93.6,0.301,Derived proxy,Derived proxy,Derived proxy,Derived proxy,,,2.77,0.77,Near expected,Weak Pull Power profile. 0.8% barrel rate; 80.5 mph average exit velocity; 26.5% air-ball rate; 44.5% pull-air rate; 2.9% HR-launch rate.,0.0164,0.0241,3.99,44,12,58.0,0.76,75.9,Recently homered,656492.0,Foster Griffin,L,RHB vs LHP,23,23,133.1,3.31,1.11,21,1.42,8.24,2.16,724.0,5.5,22.9,13.7,41.4,33.3,81.4,94.4,119.0,0.543,21.0,17.0,99.9,0.42,0.9,Cutter,R,RHB vs LHP,41.3,29,0.321,0.345,0.464,0.809,1,1,4,0.0345,2.6,0.469,402,0.0373,5.3,0.532,0,0,0,0/0,,,,,0,0,0,34.5,Slight Pitcher Advantage,Below average,50.0,5,Pitch-level Statcast · last 5 MLB games,470,Cutter,33.40425531914894,157.0,Sweeper,14.46808510638298,68.0,4-Seam Fastball,13.829787234042554,65.0,Changeup,10.425531914893616,49.0,Sinker,10.425531914893616,49.0,Split-Finger,8.936170212765957,42.0,Unknown,,Unknown,,No,100.0,1.0,1.0,50.0,0.934,0.98,37.9,Current-Season Handedness Matchup,Pull Air %,Barrel %,Max Exit Velocity,41.3,35.7,17.0,39.4,50.0,45.0,35.0,3.93,0.758,1.051,1.025,1.0,0.925,0.925,1.0,9.29,5.09,63.9,17.9,F,Lineup unconfirmed,Curveball,8.51063829787234,40.0
241,2026-08-12,824967,2026-08-12T19:05:00Z,Scheduled,Sutter Health Park,Tampa Bay Rays @ Athletics,Away,650490,Yandy Díaz,Tampa Bay Rays,Athletics,DH,R,No,,114,505,448,135,21,1,17,67,68,43,9,73,0.301,0.37,0.467,0.837,11,52,49,15,2,0.306,0.0385,24,111,103,24,4,0.233,0.036,716,161,4.1,28.0,24.1,36.6,39.1,10.4,23.5,23.4,29.8,6.8,2.5,6.8,52.5,84.5,16.4,0.53,72.2,96.5,113.4,35.9,12.8,12.6,26.3,26.8,Weak,2.0,Contact-First Profile,A,Excellent HR swing plane,26.8,Weak,0.935,Good,3.1,18.9,95.5,0.515,Derived proxy,Derived proxy,Derived proxy,Derived proxy,,,27.47,10.47,Strong positive regression,Weak Contact-First Profile profile. 4.1% barrel rate; 84.5 mph average exit velocity; 23.5% air-ball rate; 23.4% pull-air rate; 6.8% HR-launch rate.,0.0337,0.0333,4.15,0,0,26.4,0.0,0.0,Very recent HR,678022.0,Jack Perkins,R,RHB vs RHP,28,10,76.2,7.04,1.45,15,1.76,10.8,3.64,428.0,5.1,22.7,18.0,35.4,31.1,82.0,94.4,111.2,0.567,15.0,37.4,97.4,0.566,4.9,4-Seam Fastball,R,RHB vs RHP,35.5,355,0.302,0.372,0.441,0.813,9,30,53,0.0254,4.5,0.549,167,0.0419,5.4,0.563,0,0,0,0/0,,,,,0,0,0,39.1,Slight Pitcher Advantage,Below average,50.0,5,Pitch-level Statcast · last 5 MLB games,384,4-Seam Fastball,28.90625,111.0,Changeup,24.739583333333332,95.0,Sweeper,22.395833333333332,86.0,Cutter,16.666666666666668,64.0,Sinker,5.989583333333333,23.0,Slider,1.3020833333333333,5.0,Unknown,,Unknown,,No,100.0,1.0,1.0,50.0,0.975,0.976,36.4,Current-Season Handedness Matchup,Pull Air %,Barrel %,Max Exit Velocity,35.5,30.9,37.4,17.4,50.0,45.0,34.8,3.93,1.048,1.106,0.985,1.0,0.935,0.935,0.98,13.13,8.04,85.0,27.6,F,Lineup unconfirmed,,,
242,2026-08-12,824562,2026-08-12T23:40:00Z,Scheduled,Rate Field,Cincinnati Reds @ Chicago White Sox,Home,691011,Drew Romo,Chicago White Sox,Cincinnati Reds,C,S,No,,47,160,143,18,5,0,5,12,11,13,2,42,0.126,0.208,0.266,0.474,5,17,17,1,0,0.059,0.0,12,40,38,4,0,0.105,0.0,186,49,2.8,20.1,41.4,34.4,24.3,17.9,28.2,38.8,26.8,4.6,2.8,4.6,62.5,80.2,22.3,0.327,68.0,91.9,107.6,3.6,8.1,1.1,48.5,17.6,Weak,1.5,Contact-First Profile,A-,Elevated power plane,17.6,Weak,0.909,Good,0.0,35.7,90.3,0.246,Derived proxy,Derived proxy,Derived proxy,Derived proxy,,,5.5,0.5,Near expected,Weak Contact-First Profile profile. 2.8% barrel rate; 80.2 mph average exit velocity; 28.2% air-ball rate; 38.8% pull-air rate; 4.6% HR-launch rate.,0.0312,0.0316,3.81,92,30,28.6,3.22,321.7,Very long drought,695076.0,Rhett Lowder,R,Switch vs RHP,20,17,89.0,5.26,1.48,11,1.11,7.38,3.94,477.0,5.9,25.4,16.8,40.3,32.5,84.4,95.9,116.0,0.58,11.0,27.5,99.7,0.448,5.8,Sinker,L,LHB vs RHP,35.7,127,0.121,0.189,0.25,0.439,4,8,35,0.0315,4.2,0.368,251,0.0398,7.8,0.669,0,0,0,0/0,,,,,0,0,0,35.7,Slight Pitcher Advantage,Below average,50.0,5,Pitch-level Statcast · last 5 MLB games,339,Slider,33.03834808259587,112.0,Sinker,28.023598820058996,95.0,Changeup,17.99410029498525,61.0,4-Seam Fastball,15.634218289085545,53.0,Curveball,5.014749262536873,17.0,Sweeper,0.2949852507374631,1.0,Unknown,,Unknown,,No,100.0,1.0,1.0,50.0,0.955,0.984,34.3,Current-Season Handedness Matchup,Pull Air %,Barrel %,Max Exit Velocity,35.7,39.2,27.5,19.4,50.0,45.0,34.8,3.92,0.758,1.002,1.035,0.94,0.909,0.855,1.06,11.51,5.67,66.6,26.4,F,Lineup unconfirmed,,,
243,2026-08-12,823511,2026-08-12T23:05:00Z,Scheduled,Yankee Stadium,Seattle Mariners @ New York Yankees,Home,645305,Ali Sánchez,New York Yankees,Seattle Mariners,C,R,No,,32,60,56,15,2,0,1,5,7,1,2,15,0.268,0.3,0.357,0.657,6,8,8,3,0,0.375,0.0,14,25,24,7,1,0.292,0.04,70,28,2.2,20.8,36.4,24.8,38.8,13.4,25.1,41.4,27.0,2.2,2.2,2.2,100.0,77.3,13.7,0.452,67.5,91.4,104.5,6.3,5.0,2.2,60.0,18.2,Weak,1.5,Contact-First Profile,A,Excellent HR swing plane,18.2,Weak,0.911,Good,3.6,50.0,91.5,0.452,Derived proxy,Derived proxy,Derived proxy,Derived proxy,,,1.69,0.69,Near expected,Weak Contact-First Profile profile. 2.2% barrel rate; 77.3 mph average exit velocity; 25.1% air-ball rate; 41.4% pull-air rate; 2.2% HR-launch rate.,0.0167,0.0269,3.99,9,7,56.0,0.16,16.1,Very recent HR,682243.0,Bryce Miller,R,RHB vs RHP,14,13,79.0,3.08,0.95,13,1.48,9.0,1.71,449.0,4.5,20.3,16.3,47.0,24.9,82.7,93.4,111.5,0.475,13.0,19.4,70.8,0.437,2.4,4-Seam Fastball,R,RHB vs RHP,40.6,26,0.174,0.231,0.174,0.405,0,1,7,0.0,0.0,0.323,141,0.0567,5.1,0.497,2,2,0,0/2,0.0,0.0,0.0,0.0,0,0,1,34.1,Slight Pitcher Advantage,Below average,45.0,5,Pitch-level Statcast · last 5 MLB games,441,4-Seam Fastball,43.31065759637188,191.0,Split-Finger,24.94331065759637,110.0,Slider,8.390022675736962,37.0,Sweeper,7.709750566893424,34.0,Sinker,7.2562358276643995,32.0,Cutter,4.988662131519274,22.0,Unknown,,Unknown,,No,108.0,1.08,1.0,64.4,0.939,0.97,35.8,Current-Season Handedness Matchup,Pull Air %,Barrel %,Max Exit Velocity,40.6,31.8,19.4,38.7,64.4,45.0,34.6,3.92,1.088,1.061,0.985,1.0,0.911,0.911,0.98,10.31,6.78,58.3,19.1,F,Small season sample; Lineup unconfirmed,Knuckle Curve,3.401360544217687,15.0
244,2026-08-12,824241,2026-08-12T22:40:00Z,Scheduled,Comerica Park,Cleveland Guardians @ Detroit Tigers,Home,805808,Kevin McGonigle,Detroit Tigers,Cleveland Guardians,SS,L,No,,115,519,441,127,21,3,12,77,48,73,3,71,0.288,0.391,0.431,0.822,10,50,41,13,3,0.317,0.06,22,106,91,28,4,0.308,0.0377,698,133,3.2,22.3,45.6,22.0,32.3,20.2,32.3,37.5,29.4,6.0,3.6,6.0,96.9,82.0,20.6,0.467,69.5,94.0,109.0,15.2,10.5,4.6,47.9,24.9,Weak,2.0,Contact-First Profile,A-,Elevated power plane,24.9,Weak,0.93,Good,1.5,32.6,93.4,0.4,Derived proxy,Derived proxy,Derived proxy,Derived proxy,,,23.61,11.61,Strong positive regression,Weak Contact-First Profile profile. 3.2% barrel rate; 82.0 mph average exit velocity; 32.3% air-ball rate; 37.5% pull-air rate; 6.0% HR-launch rate.,0.0231,0.0248,4.17,19,4,36.8,0.52,51.7,Recently homered,656492.0,Foster Griffin,L,LHB vs LHP,23,23,133.1,3.31,1.11,21,1.42,8.24,2.16,724.0,5.5,22.9,13.7,41.4,33.3,81.4,94.4,119.0,0.543,21.0,26.1,99.9,0.471,4.0,Cutter,L,LHB vs LHP,29.6,146,0.25,0.329,0.352,0.68,3,15,28,0.0205,2.7,0.427,143,0.042,6.1,0.58,0,0,0,0/0,,,,,0,0,0,32.4,Slight Pitcher Advantage,Below average,50.0,5,Pitch-level Statcast · last 5 MLB games,470,Cutter,33.40425531914894,157.0,Sweeper,14.46808510638298,68.0,4-Seam Fastball,13.829787234042554,65.0,Changeup,10.425531914893616,49.0,Sinker,10.425531914893616,49.0,Split-Finger,8.936170212765957,42.0,Unknown,,Unknown,,No,100.0,1.0,1.0,50.0,0.952,0.98,36.4,Current-Season Handedness Matchup,Pull Air %,Barrel %,Max Exit Velocity,29.6,35.7,26.1,22.6,50.0,45.0,34.6,3.92,1.35,1.051,0.985,1.0,0.93,0.93,1.0,9.94,7.53,85.0,26.5,F,Lineup unconfirmed,Curveball,8.51063829787234,40.0
245,2026-08-12,823833,2026-08-12T22:40:00Z,Scheduled,loanDepot park,Pittsburgh Pirates @ Miami Marlins,Away,687462,Spencer Horwitz,Pittsburgh Pirates,Miami Marlins,1B,L,No,,82,325,272,72,12,1,10,37,37,43,6,46,0.265,0.372,0.426,0.798,8,30,26,3,0,0.115,0.0,8,30,26,3,0,0.115,0.0,424,33,3.1,15.3,50.4,23.7,25.9,16.2,27.8,44.2,24.5,3.8,2.6,3.8,50.0,81.3,21.5,0.391,67.2,91.5,106.4,2.8,6.6,1.0,51.6,19.2,Weak,2.0,Pull Power,A-,Elevated power plane,19.2,Weak,0.914,Good,0.0,50.0,88.3,0.275,Derived proxy,Derived proxy,Derived proxy,Derived proxy,,,13.39,3.39,Positive regression,Weak Pull Power profile. 3.1% barrel rate; 81.3 mph average exit velocity; 27.8% air-ball rate; 44.2% pull-air rate; 3.8% HR-launch rate.,0.0308,0.0311,4.05,37,11,27.2,1.36,136.0,Above normal drought,676083.0,Janson Junk,R,LHB vs RHP,16,16,81.2,4.63,1.36,12,1.32,6.83,2.53,509.0,4.3,24.0,11.8,51.8,28.1,82.8,95.1,114.2,0.513,12.0,28.1,99.9,0.468,5.2,4-Seam Fastball,L,LHB vs RHP,31.7,265,0.281,0.389,0.466,0.855,9,36,36,0.034,5.2,0.481,219,0.0274,4.0,0.549,2,1,1,1/1,1.0,1.0,2.0,3.0,0,1,0,34.6,Slight Pitcher Advantage,Below average,52.5,5,Pitch-level Statcast · last 5 MLB games,360,4-Seam Fastball,45.833333333333336,165.0,Changeup,14.166666666666666,51.0,Slider,13.61111111111111,49.0,Sweeper,13.055555555555555,47.0,Sinker,8.055555555555555,29.0,Curveball,5.277777777777778,19.0,Unknown,,Unknown,,No,94.0,0.94,1.0,39.2,0.956,0.968,35.7,Current-Season Handedness Matchup,Pull Air %,Barrel %,Max Exit Velocity,31.7,36.6,28.1,28.7,39.2,45.0,34.6,3.91,0.758,1.035,1.025,1.0,0.914,0.914,1.035,12.01,5.79,77.6,25.1,F,Lineup unconfirmed,,,
246,2026-08-12,823672,2026-08-12T17:40:00Z,Scheduled,Target Field,Baltimore Orioles @ Minnesota Twins,Home,686797,Brooks Lee,Minnesota Twins,Baltimore Orioles,3B,S,No,,115,462,425,104,19,3,17,52,62,33,2,75,0.245,0.302,0.424,0.726,11,44,41,10,2,0.244,0.0455,22,89,84,19,3,0.226,0.0337,664,133,2.1,22.2,53.1,24.9,22.0,14.2,25.3,58.4,23.6,4.7,3.3,4.7,121.6,82.8,16.7,0.381,67.9,93.8,109.6,7.7,8.7,1.9,54.7,24.8,Weak,2.0,Pull Power,A,Excellent HR swing plane,24.8,Weak,0.929,Good,1.5,72.4,93.9,0.35,Derived proxy,Derived proxy,Derived proxy,Derived proxy,,,20.48,3.48,Positive regression,Weak Pull Power profile. 2.1% barrel rate; 82.8 mph average exit velocity; 25.3% air-ball rate; 58.4% pull-air rate; 4.7% HR-launch rate.,0.0368,0.0358,3.99,8,2,25.0,0.32,32.0,Very recent HR,669358.0,Shane Baz,R,Switch vs RHP,23,23,136.1,3.76,1.32,10,0.66,7.92,3.04,799.0,3.8,24.2,13.3,39.0,29.9,83.0,94.8,116.9,0.52,10.0,16.7,99.5,0.406,2.6,4-Seam Fastball,L,LHB vs RHP,26.8,312,0.26,0.311,0.471,0.781,14,22,42,0.0449,2.5,0.398,334,0.018,4.0,0.538,0,0,0,0/0,,,,,0,0,0,27.9,Strong Pitcher Advantage,Below average,50.0,5,Pitch-level Statcast · last 5 MLB games,463,4-Seam Fastball,35.85313174946004,166.0,Knuckle Curve,30.237580993520517,140.0,Cutter,12.095032397408207,56.0,Changeup,11.44708423326134,53.0,Sinker,10.367170626349893,48.0,,,,Unknown,,Unknown,,No,100.0,1.0,1.0,50.0,0.933,0.963,40.8,Current-Season Handedness Matchup,Pull Air %,Barrel %,Max Exit Velocity,26.8,27.9,16.7,41.7,50.0,45.0,34.1,3.9,1.049,0.93,1.035,1.0,0.929,0.929,0.98,13.54,7.22,84.1,24.5,F,Lineup unconfirmed,,,
247,2026-08-12,823833,2026-08-12T22:40:00Z,Scheduled,loanDepot park,Pittsburgh Pirates @ Miami Marlins,Home,805300,Jakob Marsee,Miami Marlins,Pittsburgh Pirates,CF,L,No,,115,454,380,78,14,4,6,57,28,59,9,98,0.205,0.325,0.311,0.636,11,33,29,9,1,0.31,0.0303,21,65,55,14,1,0.255,0.0154,546,80,2.9,21.5,46.2,29.7,23.4,13.0,25.0,44.9,28.7,4.3,3.1,4.3,41.7,80.0,20.4,0.427,65.9,92.5,109.4,5.8,8.2,2.7,46.1,22.1,Weak,2.0,Pull Power,A-,Elevated power plane,22.1,Weak,0.922,Good,3.8,42.1,92.0,0.428,Derived proxy,Derived proxy,Derived proxy,Derived proxy,,,16.94,10.94,Strong positive regression,Weak Pull Power profile. 2.9% barrel rate; 80.0 mph average exit velocity; 25.0% air-ball rate; 44.9% pull-air rate; 4.3% HR-launch rate.,0.0132,0.0171,3.87,25,10,63.3,0.39,39.5,Recently homered,669387.0,Carmen Mlodzinski,R,LHB vs RHP,26,10,97.1,3.51,1.36,8,0.74,7.12,2.96,549.0,4.9,30.1,14.0,40.5,30.1,84.6,96.5,111.7,0.542,8.0,21.9,99.9,0.438,3.6,4-Seam Fastball,L,LHB vs RHP,24.3,352,0.214,0.315,0.319,0.634,5,42,71,0.0142,2.7,0.436,256,0.0234,5.9,0.58,0,0,0,0/0,,,,,0,0,0,28.6,Strong Pitcher Advantage,Below average,50.0,5,Pitch-level Statcast · last 5 MLB games,223,Split-Finger,26.457399103139014,59.0,4-Seam Fastball,25.56053811659193,57.0,Sinker,19.730941704035875,44.0,Cutter,12.10762331838565,27.0,Sweeper,10.762331838565023,24.0,Curveball,5.381165919282512,12.0,Unknown,,Unknown,,No,94.0,0.94,1.0,39.2,0.944,0.974,37.4,Current-Season Handedness Matchup,Pull Air %,Barrel %,Max Exit Velocity,24.3,35.1,21.9,32.5,39.2,45.0,34.1,3.89,1.15,0.942,1.025,0.94,0.922,0.867,1.0,6.47,4.58,82.2,18.8,F,Lineup unconfirmed,,,
248,2026-08-12,823263,2026-08-12T20:10:00Z,Scheduled,Petco Park,Milwaukee Brewers @ San Diego Padres,Home,593428,Xander Bogaerts,San Diego Padres,Milwaukee Brewers,SS,R,No,,114,455,394,87,11,0,9,46,41,54,3,83,0.221,0.316,0.317,0.633,12,46,40,10,0,0.25,0.0,23,92,77,16,0,0.208,0.0,522,104,3.0,27.5,41.0,30.8,28.0,14.7,27.2,44.4,23.2,5.0,3.7,5.0,30.8,84.1,7.4,0.459,70.5,96.3,111.5,28.5,9.3,7.0,49.4,28.8,Weak,2.0,Pull Power,C,Low line-drive plane,28.8,Weak,0.941,Good,1.9,38.7,97.2,0.442,Derived proxy,Derived proxy,Derived proxy,Derived proxy,,,18.04,9.04,Strong positive regression,Weak Pull Power profile. 3.0% barrel rate; 84.1 mph average exit velocity; 27.2% air-ball rate; 44.4% pull-air rate; 5.0% HR-launch rate.,0.0198,0.0223,3.87,83,25,43.8,1.9,189.6,Above normal drought,669160.0,Dustin May,R,RHB vs RHP,22,22,115.0,4.3,1.27,8,0.63,8.69,2.97,612.0,4.1,27.1,12.6,34.4,31.5,82.9,95.3,114.8,0.508,8.0,29.1,99.9,0.501,4.0,4-Seam Fastball,R,RHB vs RHP,24.5,338,0.216,0.314,0.32,0.633,8,40,68,0.0237,4.2,0.477,187,0.0107,5.2,0.509,15,14,2,2/14,0.143,0.2,0.214,0.414,0,1,3,23.7,Strong Pitcher Advantage,Below average,12.5,5,Pitch-level Statcast · last 5 MLB games,438,4-Seam Fastball,25.34246575342466,111.0,Cutter,23.972602739726028,105.0,Sinker,18.72146118721461,82.0,Sweeper,18.264840182648403,80.0,Changeup,7.762557077625571,34.0,Curveball,5.936073059360731,26.0,Unknown,,Unknown,,No,94.0,0.94,1.0,39.2,0.958,0.966,40.4,Current-Season Handedness Matchup,Pull Air %,Barrel %,Max Exit Velocity,24.5,25.3,29.1,36.0,39.2,45.0,34.0,3.89,0.758,0.925,0.985,0.94,0.941,0.884,1.035,8.37,4.24,84.4,23.8,F,Lineup unconfirmed,,,
249,2026-08-12,823994,2026-08-13T02:10:00Z,Scheduled,Angel Stadium,Texas Rangers @ Los Angeles Angels,Home,685133,Wade Meckler,Los Angeles Angels,Texas Rangers,LF,L,No,,62,196,177,54,10,0,3,24,20,17,1,42,0.305,0.369,0.412,0.781,11,36,32,11,1,0.344,0.0278,19,55,50,15,1,0.3,0.0182,219,65,1.5,17.0,46.8,30.9,22.3,10.1,26.3,50.5,30.3,4.1,3.2,4.1,60.0,80.9,10.4,0.449,66.7,91.4,104.2,1.4,6.7,1.0,41.0,21.1,Weak,2.0,Pull Power,A,Excellent HR swing plane,21.1,Weak,0.919,Good,0.0,61.5,90.2,0.387,Derived proxy,Derived proxy,Derived proxy,Derived proxy,,,5.27,2.27,Positive regression,Weak Pull Power profile. 1.5% barrel rate; 80.9 mph average exit velocity; 26.3% air-ball rate; 50.5% pull-air rate; 4.1% HR-launch rate.,0.0153,0.0216,3.99,28,8,59.0,0.47,47.5,Recently homered,615698.0,Cal Quantrill,R,LHB vs RHP,24,7,65.2,3.56,1.19,9,1.23,5.89,2.6,381.0,4.7,21.0,16.0,32.1,29.1,81.8,93.9,111.2,0.517,9.0,29.8,99.6,0.528,3.0,Cutter,L,LHB vs RHP,31.8,171,0.312,0.376,0.429,0.805,3,15,36,0.0175,2.6,0.498,155,0.0387,6.2,0.631,1,1,1,1/1,1.0,1.0,1.0,2.0,0,0,0,35.0,Slight Pitcher Advantage,Below average,51.2,5,Pitch-level Statcast · last 5 MLB games,307,Split-Finger,29.64169381107492,91.0,4-Seam Fastball,23.452768729641694,72.0,Cutter,21.824104234527688,67.0,Sinker,19.86970684039088,61.0,Curveball,5.2117263843648205,16.0,,,,Unknown,,Unknown,,No,100.0,1.0,1.0,50.0,0.96,0.972,38.2,Current-Season Handedness Matchup,Pull Air %,Barrel %,Max Exit Velocity,31.8,24.9,29.8,34.3,50.0,45.0,33.9,3.89,1.034,1.019,1.025,1.0,0.919,0.919,1.0,8.36,5.63,70.4,20.8,F,Lineup unconfirmed,,,
250,2026-08-12,823916,2026-08-13T02:10:00Z,Scheduled,UNIQLO Field at Dodger Stadium,Kansas City Royals @ Los Angeles Dodgers,Away,668942,Josh Rojas,Kansas City Royals,Los Angeles Dodgers,3B,L,No,,28,72,68,16,3,0,1,6,8,3,0,10,0.235,0.268,0.324,0.592,5,17,15,2,0,0.133,0.0,12,37,34,9,0,0.265,0.0,96,48,0.7,20.9,43.4,26.1,30.5,20.8,29.2,38.1,28.4,5.5,3.4,5.5,100.0,81.6,19.6,0.302,66.4,93.6,104.2,3.7,9.7,1.1,49.3,17.8,Weak,1.5,Contact-First Profile,A,Excellent HR swing plane,17.8,Weak,0.91,Good,0.0,40.0,94.9,0.294,Derived proxy,Derived proxy,Derived proxy,Derived proxy,,,1.75,0.75,Near expected,Weak Contact-First Profile profile. 0.7% barrel rate; 81.6 mph average exit velocity; 29.2% air-ball rate; 38.1% pull-air rate; 5.5% HR-launch rate.,0.0139,0.0252,3.87,61,23,68.0,0.9,89.7,Near normal interval,641778.0,Eric Lauer,L,LHB vs LHP,18,15,92.0,4.89,1.26,22,2.15,5.58,2.84,596.0,6.5,21.5,19.0,42.9,28.5,81.5,93.4,114.5,0.569,22.0,12.5,88.1,0.375,1.1,4-Seam Fastball,L,LHB vs LHP,47.4,14,0.083,0.154,0.083,0.237,0,1,2,0.0,0.0,0.109,86,0.0698,5.3,0.544,5,5,0,0/5,0.0,0.0,0.0,0.0,0,0,4,33.2,Slight Pitcher Advantage,Below average,37.5,5,Pitch-level Statcast · last 5 MLB games,467,4-Seam Fastball,36.83083511777302,172.0,Cutter,26.980728051391864,126.0,Changeup,14.132762312633833,66.0,Slider,11.777301927194861,55.0,Curveball,10.278372591006423,48.0,,,,Unknown,,Unknown,,No,100.0,1.0,1.0,50.0,0.925,0.99,35.2,Current-Season Handedness Matchup,Pull Air %,Barrel %,Max Exit Velocity,47.4,40.3,12.5,32.6,50.0,45.0,33.9,3.89,0.758,1.168,0.985,0.94,0.91,0.855,1.0,9.41,5.06,60.1,17.2,F,Small season sample; Lineup unconfirmed,,,
251,2026-08-12,823916,2026-08-13T02:10:00Z,Scheduled,UNIQLO Field at Dodger Stadium,Kansas City Royals @ Los Angeles Dodgers,Home,606192,Teoscar Hernández,Los Angeles Dodgers,Kansas City Royals,LF,R,No,,85,328,296,74,13,0,11,47,42,27,2,88,0.25,0.314,0.405,0.719,12,38,37,10,3,0.27,0.0789,22,77,74,20,3,0.27,0.039,398,103,4.4,22.3,34.4,31.6,33.7,16.2,24.5,28.3,26.1,4.6,2.1,4.6,69.0,82.6,22.2,0.544,70.7,94.1,111.5,20.1,7.6,3.1,51.2,22.5,Weak,2.0,Contact-First Profile,A-,Elevated power plane,22.5,Weak,0.923,Good,2.9,27.3,92.6,0.477,Derived proxy,Derived proxy,Derived proxy,Derived proxy,,,15.09,4.09,Strong positive regression,Weak Contact-First Profile profile. 4.4% barrel rate; 82.6 mph average exit velocity; 24.5% air-ball rate; 28.3% pull-air rate; 4.6% HR-launch rate.,0.0335,0.0331,3.99,18,7,26.9,0.67,66.9,Recently homered,663738.0,Daniel Lynch IV,L,RHB vs LHP,47,1,47.2,2.45,1.01,2,0.38,6.99,2.64,220.0,3.2,25.0,15.5,31.7,25.0,83.1,95.6,111.3,0.441,2.0,48.1,100.0,0.641,6.5,Sinker,R,RHB vs LHP,33.5,93,0.272,0.355,0.457,0.812,4,10,21,0.043,4.3,0.599,108,0.0185,3.1,0.511,8,7,1,1/7,0.143,0.25,0.571,0.821,1,1,1,43.1,Neutral Matchup,Average,55.9,5,Pitch-level Statcast · last 5 MLB games,78,Changeup,33.333333333333336,26.0,Sinker,24.358974358974358,19.0,Slider,16.666666666666668,13.0,4-Seam Fastball,14.102564102564102,11.0,Knuckle Curve,11.538461538461538,9.0,,,,Unknown,,Unknown,,No,100.0,1.0,1.0,50.0,0.996,0.957,35.8,Current-Season Handedness Matchup,Pull Air %,Barrel %,Max Exit Velocity,33.5,21.3,48.1,18.0,50.0,45.0,33.9,3.89,1.296,0.922,1.025,1.0,0.923,0.923,1.0,12.58,8.21,81.6,25.6,F,Lineup unconfirmed,,,
252,2026-08-12,824883,2026-08-12T23:15:00Z,Scheduled,Truist Park,New York Mets @ Atlanta Braves,Home,643289,Mauricio Dubón,Atlanta Braves,New York Mets,LF,R,No,,114,464,428,114,23,2,10,54,61,28,2,60,0.266,0.313,0.4,0.713,10,37,35,12,0,0.343,0.0,23,92,85,23,0,0.271,0.0,711,143,2.0,17.6,34.7,27.1,38.0,12.8,26.7,36.7,32.8,4.6,3.0,4.6,34.2,81.0,22.7,0.42,67.6,91.9,107.5,4.8,8.4,1.4,37.7,17.1,Weak,1.5,Contact-First Profile,A-,Elevated power plane,17.1,Weak,0.908,Good,0.7,37.5,92.1,0.37,Derived proxy,Derived proxy,Derived proxy,Derived proxy,,,17.35,7.35,Strong positive regression,Weak Contact-First Profile profile. 2.0% barrel rate; 81.0 mph average exit velocity; 26.7% air-ball rate; 36.7% pull-air rate; 4.6% HR-launch rate.,0.0216,0.0237,3.99,90,24,42.8,2.1,210.3,Very long drought,804267.0,Zac Thornton,L,RHB vs LHP,7,7,39.1,2.52,1.07,3,0.69,6.18,2.75,217.0,6.0,27.6,15.2,42.6,32.3,83.1,96.5,110.6,0.526,3.0,22.0,99.6,0.459,2.5,Cutter,R,RHB vs LHP,25.7,168,0.244,0.287,0.391,0.678,4,9,19,0.0238,2.6,0.445,101,0.0198,6.0,0.536,2,2,0,0/2,0.0,0.0,0.0,0.0,0,0,0,28.3,Strong Pitcher Advantage,Below average,45.0,5,Pitch-level Statcast · last 5 MLB games,400,Cutter,32.0,128.0,4-Seam Fastball,25.25,101.0,Sweeper,13.5,54.0,Slider,11.25,45.0,Sinker,10.75,43.0,Changeup,5.25,21.0,Unknown,,Unknown,,No,103.0,1.03,1.0,55.4,0.944,0.985,31.5,Current-Season Handedness Matchup,Pull Air %,Barrel %,Max Exit Velocity,25.7,40.2,22.0,24.5,55.4,45.0,33.9,3.88,0.758,0.963,1.025,1.0,0.908,0.908,1.06,9.13,5.0,84.4,26.9,F,Lineup unconfirmed,Curveball,2.0,8.0
253,2026-08-12,824967,2026-08-12T19:05:00Z,Scheduled,Sutter Health Park,Tampa Bay Rays @ Athletics,Home,622268,Donovan Walton,Athletics,Tampa Bay Rays,2B,L,No,,54,147,128,36,10,1,3,23,16,15,2,25,0.281,0.366,0.445,0.811,11,22,19,4,0,0.211,0.0,22,50,37,7,0,0.189,0.0,199,57,2.0,18.3,47.5,30.3,22.2,10.9,24.1,46.6,30.8,5.5,4.8,5.5,50.0,79.2,12.5,0.408,64.6,92.2,105.1,0.0,10.0,0.0,45.8,21.9,Weak,2.0,Pull Power,A,Excellent HR swing plane,21.9,Weak,0.921,Good,0.0,45.5,90.7,0.315,Derived proxy,Derived proxy,Derived proxy,Derived proxy,,,5.45,2.45,Positive regression,Weak Pull Power profile. 2.0% barrel rate; 79.2 mph average exit velocity; 24.1% air-ball rate; 46.6% pull-air rate; 5.5% HR-launch rate.,0.0204,0.0256,4.09,58,31,42.7,1.36,135.9,Above normal drought,656876.0,Drew Rasmussen,R,LHB vs RHP,22,22,124.1,2.75,0.91,12,0.87,9.41,1.59,660.0,3.8,20.6,11.4,42.2,28.5,82.0,93.7,111.9,0.487,12.0,35.8,100.0,0.579,3.5,Cutter,L,LHB vs RHP,22.6,129,0.295,0.388,0.455,0.843,2,15,23,0.0155,2.8,0.479,303,0.0297,3.3,0.495,2,2,1,1/2,0.5,0.5,1.0,1.5,0,0,0,33.2,Slight Pitcher Advantage,Below average,52.5,5,Pitch-level Statcast · last 5 MLB games,428,4-Seam Fastball,36.6822429906542,157.0,Sinker,24.53271028037383,105.0,Cutter,23.130841121495326,99.0,Changeup,12.149532710280374,52.0,Curveball,2.336448598130841,10.0,Sweeper,1.1682242990654206,5.0,Unknown,,Unknown,,No,100.0,1.0,1.0,50.0,0.972,0.963,34.1,Current-Season Handedness Matchup,Pull Air %,Barrel %,Max Exit Velocity,22.6,27.6,35.8,29.2,50.0,45.0,33.7,3.88,0.758,0.963,1.025,1.0,0.921,0.921,1.035,10.07,5.2,66.5,22.8,F,Lineup unconfirmed,,,
254,2026-08-12,824562,2026-08-12T23:40:00Z,Scheduled,Rate Field,Cincinnati Reds @ Chicago White Sox,Home,695731,Braden Montgomery,Chicago White Sox,Cincinnati Reds,RF,S,No,,51,208,183,42,10,2,4,27,24,21,3,47,0.23,0.317,0.372,0.689,10,41,35,5,1,0.143,0.0244,22,92,79,18,1,0.228,0.0109,248,103,2.0,25.0,43.6,26.4,28.8,10.8,19.9,30.4,30.5,5.7,3.8,5.7,69.5,82.5,11.1,0.49,66.9,94.6,107.8,8.0,9.6,2.4,46.9,19.8,Weak,2.0,Contact-First Profile,A,Excellent HR swing plane,19.8,Weak,0.915,Good,1.9,35.0,94.0,0.501,Derived proxy,Derived proxy,Derived proxy,Derived proxy,,,6.17,2.17,Positive regression,Weak Contact-First Profile profile. 2.0% barrel rate; 82.5 mph average exit velocity; 19.9% air-ball rate; 30.4% pull-air rate; 5.7% HR-launch rate.,0.0192,0.0239,3.99,9,3,45.8,0.2,19.7,Very recent HR,695076.0,Rhett Lowder,R,Switch vs RHP,20,17,89.0,5.26,1.48,11,1.11,7.38,3.94,477.0,5.9,25.4,16.8,40.3,32.5,84.4,95.9,116.0,0.58,11.0,21.8,99.7,0.468,1.3,Sinker,L,LHB vs RHP,33.8,147,0.254,0.34,0.4,0.74,3,15,29,0.0204,2.2,0.464,251,0.0398,7.8,0.669,0,0,0,0/0,,,,,0,0,0,32.9,Slight Pitcher Advantage,Below average,50.0,5,Pitch-level Statcast · last 5 MLB games,339,Slider,33.03834808259587,112.0,Sinker,28.023598820058996,95.0,Changeup,17.99410029498525,61.0,4-Seam Fastball,15.634218289085545,53.0,Curveball,5.014749262536873,17.0,Sweeper,0.2949852507374631,1.0,Unknown,,Unknown,,No,100.0,1.0,1.0,50.0,0.944,0.984,32.7,Current-Season Handedness Matchup,Pull Air %,Barrel %,Max Exit Velocity,33.8,39.2,21.8,26.0,50.0,45.0,33.7,3.88,0.906,1.002,1.035,1.0,0.915,0.915,0.98,9.2,5.4,74.2,19.6,F,Lineup unconfirmed,,,
255,2026-08-12,824967,2026-08-12T19:05:00Z,Scheduled,Sutter Health Park,Tampa Bay Rays @ Athletics,Away,689414,Liam Hicks,Tampa Bay Rays,Athletics,C,L,No,,108,436,375,105,11,1,15,56,68,44,10,40,0.28,0.366,0.435,0.801,11,44,35,10,1,0.286,0.0227,23,94,78,19,2,0.244,0.0213,546,116,3.0,19.1,50.3,26.8,22.0,16.0,28.5,52.8,23.4,3.9,3.3,3.9,82.5,79.6,16.7,0.383,65.8,92.5,106.7,3.5,8.5,1.3,46.7,22.5,Weak,2.0,Pull Power,A,Excellent HR swing plane,22.5,Weak,0.923,Good,3.4,50.0,90.3,0.373,Derived proxy,Derived proxy,Derived proxy,Derived proxy,,,18.1,3.1,Positive regression,Weak Pull Power profile. 3.0% barrel rate; 79.6 mph average exit velocity; 28.5% air-ball rate; 52.8% pull-air rate; 3.9% HR-launch rate.,0.0344,0.0339,4.15,16,6,25.0,0.64,64.0,Recently homered,678022.0,Jack Perkins,R,LHB vs RHP,28,10,76.2,7.04,1.45,15,1.76,10.8,3.64,428.0,5.1,22.7,18.0,35.4,31.1,82.0,94.4,111.2,0.567,15.0,10.9,97.4,0.355,2.2,4-Seam Fastball,L,LHB vs RHP,34.4,336,0.304,0.387,0.491,0.878,14,35,25,0.0417,3.2,0.417,182,0.044,4.9,0.573,3,2,1,1/2,0.5,0.667,0.5,1.167,0,1,1,30.0,Slight Pitcher Advantage,Below average,53.8,5,Pitch-level Statcast · last 5 MLB games,384,4-Seam Fastball,28.90625,111.0,Changeup,24.739583333333332,95.0,Sweeper,22.395833333333332,86.0,Cutter,16.666666666666668,64.0,Sinker,5.989583333333333,23.0,Slider,1.3020833333333333,5.0,Unknown,,Unknown,,No,100.0,1.0,1.0,50.0,0.922,0.976,41.0,Current-Season Handedness Matchup,Pull Air %,Barrel %,Max Exit Velocity,34.4,30.9,10.9,35.9,50.0,45.0,33.6,3.87,0.861,1.106,1.025,1.0,0.923,0.923,1.0,13.33,7.04,84.5,25.4,F,Lineup unconfirmed,,,
256,2026-08-12,823017,2026-08-12T18:15:00Z,Scheduled,Busch Stadium,Philadelphia Phillies @ St. Louis Cardinals,Home,686780,Pedro Pagés,St. Louis Cardinals,Philadelphia Phillies,C,R,No,,65,174,158,33,6,0,4,13,11,8,2,46,0.209,0.253,0.323,0.576,4,6,6,2,0,0.333,0.0,11,14,12,2,0,0.167,0.0,244,17,2.6,18.7,34.1,35.2,30.0,10.0,18.4,53.9,27.6,4.5,2.3,4.5,50.0,80.0,18.1,0.422,70.3,91.9,106.6,23.7,9.3,3.6,44.2,24.4,Weak,2.0,Pull Power,A,Excellent HR swing plane,24.4,Weak,0.928,Good,0.0,100.0,85.7,0.221,Derived proxy,Derived proxy,Derived proxy,Derived proxy,,,7.72,3.72,Positive regression,Weak Pull Power profile. 2.6% barrel rate; 80.0 mph average exit velocity; 18.4% air-ball rate; 53.9% pull-air rate; 4.5% HR-launch rate.,0.023,0.0267,3.81,63,36,39.5,1.59,159.5,Above normal drought,554430.0,Zack Wheeler,R,RHB vs RHP,19,19,110.1,2.69,0.98,14,1.14,10.77,2.28,553.0,3.8,21.2,12.1,38.7,29.8,81.6,93.3,111.8,0.472,14.0,26.6,84.1,0.503,2.6,4-Seam Fastball,R,RHB vs RHP,29.3,103,0.231,0.273,0.396,0.668,4,4,23,0.0388,5.2,0.486,170,0.0294,3.6,0.408,0,0,0,0/0,,,,,0,0,0,32.5,Slight Pitcher Advantage,Below average,50.0,5,Pitch-level Statcast · last 5 MLB games,405,4-Seam Fastball,32.592592592592595,132.0,Split-Finger,21.728395061728396,88.0,Sinker,13.333333333333334,54.0,Sweeper,13.08641975308642,53.0,Cutter,9.876543209876543,40.0,Curveball,9.382716049382717,38.0,Unknown,,Unknown,,No,100.0,1.0,1.0,50.0,0.953,0.963,39.9,Current-Season Handedness Matchup,Pull Air %,Barrel %,Max Exit Velocity,29.3,24.3,26.6,30.0,50.0,45.0,33.5,3.87,1.0,1.006,0.985,0.94,0.928,0.873,1.035,9.79,5.77,65.5,22.3,F,Lineup unconfirmed,,,
257,2026-08-12,823017,2026-08-12T18:15:00Z,Scheduled,Busch Stadium,Philadelphia Phillies @ St. Louis Cardinals,Home,663494,Bryan Torres,St. Louis Cardinals,Philadelphia Phillies,LF,L,No,,50,114,103,23,1,2,4,13,14,9,0,24,0.223,0.283,0.388,0.671,10,29,25,5,0,0.2,0.0,20,41,36,10,0,0.278,0.0,155,54,2.5,15.4,56.2,18.5,23.7,10.6,26.7,46.0,35.0,8.2,5.9,8.2,66.7,80.5,13.0,0.461,63.3,91.6,102.4,0.6,10.6,0.3,44.4,24.6,Weak,2.0,Pull Power,A,Excellent HR swing plane,24.6,Weak,0.929,Good,0.0,42.9,91.5,0.404,Derived proxy,Derived proxy,Derived proxy,Derived proxy,,,5.18,1.18,Near expected,Weak Pull Power profile. 2.5% barrel rate; 80.5 mph average exit velocity; 26.7% air-ball rate; 46.0% pull-air rate; 8.2% HR-launch rate.,0.0351,0.0335,3.93,54,28,25.8,2.1,209.7,Very long drought,554430.0,Zack Wheeler,R,LHB vs RHP,19,19,110.1,2.69,0.98,14,1.14,10.77,2.28,553.0,3.8,21.2,12.1,38.7,29.8,81.6,93.3,111.8,0.472,14.0,34.1,69.7,0.544,4.4,4-Seam Fastball,L,LHB vs RHP,35.5,93,0.247,0.301,0.447,0.748,4,7,21,0.043,4.7,0.527,261,0.0345,3.9,0.516,0,0,0,0/0,,,,,0,0,0,37.9,Slight Pitcher Advantage,Below average,50.0,5,Pitch-level Statcast · last 5 MLB games,405,4-Seam Fastball,32.592592592592595,132.0,Split-Finger,21.728395061728396,88.0,Sinker,13.333333333333334,54.0,Sweeper,13.08641975308642,53.0,Cutter,9.876543209876543,40.0,Curveball,9.382716049382717,38.0,Unknown,,Unknown,,No,100.0,1.0,1.0,50.0,0.968,0.963,36.8,Current-Season Handedness Matchup,Pull Air %,Barrel %,Max Exit Velocity,35.5,24.3,34.1,28.4,50.0,45.0,33.5,3.87,0.758,1.006,1.025,1.0,0.929,0.929,1.06,12.53,6.24,63.4,25.3,F,Lineup unconfirmed,,,
258,2026-08-12,823263,2026-08-12T20:10:00Z,Scheduled,Petco Park,Milwaukee Brewers @ San Diego Padres,Away,661388,William Contreras,Milwaukee Brewers,San Diego Padres,C,R,No,,111,476,425,111,17,1,11,57,59,42,4,67,0.261,0.33,0.384,0.714,11,47,40,6,1,0.15,0.0213,22,92,81,14,2,0.173,0.0217,582,115,5.2,28.8,33.5,34.2,32.3,15.5,29.0,27.9,29.2,7.6,3.3,7.6,35.5,84.4,15.7,0.509,71.3,96.4,112.8,32.3,13.1,11.9,55.3,31.3,Weak,2.5,Contact-First Profile,A,Excellent HR swing plane,31.3,Weak,0.948,Good,5.2,19.4,94.9,0.494,Derived proxy,Derived proxy,Derived proxy,Derived proxy,,,27.37,16.37,Strong positive regression,Weak Contact-First Profile profile. 5.2% barrel rate; 84.4 mph average exit velocity; 29.0% air-ball rate; 27.9% pull-air rate; 7.6% HR-launch rate.,0.0231,0.0249,4.05,18,5,38.6,0.47,46.6,Recently homered,592662.0,Robbie Ray,L,RHB vs LHP,23,22,127.2,3.24,1.33,16,1.13,7.68,4.37,717.0,4.7,22.6,17.4,35.0,30.0,81.8,93.8,112.9,0.54,16.0,36.6,100.0,0.551,5.2,4-Seam Fastball,R,RHB vs LHP,29.5,124,0.241,0.331,0.352,0.682,2,14,22,0.0161,3.3,0.523,400,0.0375,5.0,0.552,8,5,1,1/5,0.2,0.5,0.2,0.7,0,3,2,34.2,Slight Pitcher Advantage,Below average,40.7,5,Pitch-level Statcast · last 5 MLB games,444,Sinker,25.225225225225227,112.0,4-Seam Fastball,21.396396396396398,95.0,Changeup,20.945945945945947,93.0,Knuckle Curve,17.792792792792792,79.0,Slider,14.63963963963964,65.0,,,,Unknown,,Unknown,,No,94.0,0.94,1.0,39.2,0.973,0.972,37.3,Current-Season Handedness Matchup,Pull Air %,Barrel %,Max Exit Velocity,29.5,27.5,36.6,20.9,39.2,45.0,33.5,3.87,0.945,1.005,1.025,1.0,0.948,0.948,1.0,9.71,5.74,84.4,22.0,F,Lineup unconfirmed,,,
259,2026-08-12,824241,2026-08-12T22:40:00Z,Scheduled,Comerica Park,Cleveland Guardians @ Detroit Tigers,Home,656716,Zach McKinstry,Detroit Tigers,Cleveland Guardians,2B,L,No,,94,325,285,63,13,3,4,32,24,33,2,49,0.221,0.304,0.33,0.634,10,36,29,10,0,0.345,0.0,23,77,67,20,0,0.299,0.0,466,101,1.2,15.7,50.0,16.9,32.7,14.9,30.7,39.9,37.6,3.9,2.4,3.9,43.3,80.7,21.7,0.414,66.2,91.5,106.2,5.6,10.2,0.9,39.7,18.4,Weak,1.5,Contact-First Profile,A-,Elevated power plane,18.4,Weak,0.912,Good,1.0,45.9,92.9,0.448,Derived proxy,Derived proxy,Derived proxy,Derived proxy,,,9.22,5.22,Strong positive regression,Weak Contact-First Profile profile. 1.2% barrel rate; 80.7 mph average exit velocity; 30.7% air-ball rate; 39.9% pull-air rate; 3.9% HR-launch rate.,0.0123,0.0176,3.87,77,26,71.2,1.08,108.1,Near normal interval,656492.0,Foster Griffin,L,LHB vs LHP,23,23,133.1,3.31,1.11,21,1.42,8.24,2.16,724.0,5.5,22.9,13.7,41.4,33.3,81.4,94.4,119.0,0.543,21.0,19.5,99.9,0.445,1.4,Cutter,L,LHB vs LHP,29.9,65,0.148,0.27,0.167,0.437,0,8,11,0.0,0.0,0.36,143,0.042,6.1,0.58,0,0,0,0/0,,,,,0,0,0,30.3,Slight Pitcher Advantage,Below average,50.0,5,Pitch-level Statcast · last 5 MLB games,470,Cutter,33.40425531914894,157.0,Sweeper,14.46808510638298,68.0,4-Seam Fastball,13.829787234042554,65.0,Changeup,10.425531914893616,49.0,Sinker,10.425531914893616,49.0,Split-Finger,8.936170212765957,42.0,Unknown,,Unknown,,No,100.0,1.0,1.0,50.0,0.939,0.98,33.9,Current-Season Handedness Matchup,Pull Air %,Barrel %,Max Exit Velocity,29.9,35.7,19.5,34.1,50.0,45.0,33.5,3.87,0.758,1.051,0.985,0.94,0.912,0.857,1.0,6.65,4.0,81.4,19.3,F,Lineup unconfirmed,Curveball,8.51063829787234,40.0
260,2026-08-12,824241,2026-08-12T22:40:00Z,Scheduled,Comerica Park,Cleveland Guardians @ Detroit Tigers,Away,690984,Petey Halpin,Cleveland Guardians,Detroit Tigers,CF,L,No,,49,123,114,25,3,1,2,15,7,3,2,24,0.219,0.25,0.316,0.566,6,14,14,5,0,0.357,0.0,18,58,53,14,2,0.264,0.0345,176,91,3.4,15.7,39.3,30.3,30.3,20.2,28.8,37.8,37.5,5.6,2.6,5.6,45.0,79.3,23.2,0.461,67.5,90.8,106.5,3.8,9.0,1.4,43.6,20.2,Weak,2.0,Contact-First Profile,A-,Elevated power plane,20.2,Weak,0.917,Good,3.3,40.0,91.4,0.463,Derived proxy,Derived proxy,Derived proxy,Derived proxy,,,5.95,3.95,Positive regression,Weak Contact-First Profile profile. 3.4% barrel rate; 79.3 mph average exit velocity; 28.8% air-ball rate; 37.8% pull-air rate; 5.6% HR-launch rate.,0.0163,0.024,3.87,42,15,57.0,0.74,73.7,Recently homered,664285.0,Framber Valdez,L,LHB vs LHP,23,23,127.1,4.17,1.37,12,0.85,7.28,3.18,683.0,4.2,29.7,11.9,42.2,27.8,84.5,97.2,112.0,0.491,12.0,26.1,99.9,0.492,3.0,Sinker,L,LHB vs LHP,29.3,26,0.043,0.08,0.043,0.123,0,1,7,0.0,0.0,0.274,129,0.0155,3.5,0.456,0,0,0,0/0,,,,,0,0,0,32.3,Slight Pitcher Advantage,Below average,50.0,5,Pitch-level Statcast · last 5 MLB games,417,Sinker,39.80815347721823,166.0,Curveball,34.77218225419664,145.0,Changeup,14.628297362110311,61.0,Slider,5.755395683453237,24.0,4-Seam Fastball,5.0359712230215825,21.0,,,,Unknown,,Unknown,,No,100.0,1.0,1.0,50.0,0.952,0.967,34.2,Current-Season Handedness Matchup,Pull Air %,Barrel %,Max Exit Velocity,29.3,32.7,26.1,28.5,50.0,45.0,33.4,3.87,0.948,0.96,0.985,0.94,0.917,0.862,1.0,8.98,5.03,65.4,17.2,F,Lineup unconfirmed,,,
261,2026-08-12,823994,2026-08-13T02:10:00Z,Scheduled,Angel Stadium,Texas Rangers @ Los Angeles Angels,Home,518595,Travis d'Arnaud,Los Angeles Angels,Texas Rangers,C,R,No,,19,51,45,9,1,0,1,5,3,4,2,12,0.2,0.294,0.289,0.583,5,11,10,2,0,0.2,0.0,5,11,10,2,0,0.2,0.0,61,13,8.1,19.0,26.1,31.2,42.7,17.6,23.1,27.9,24.6,8.1,2.7,8.1,16.8,83.6,21.6,0.502,70.3,92.7,104.0,18.4,9.5,4.1,53.8,23.8,Weak,2.0,Contact-First Profile,A-,Elevated power plane,23.8,Weak,0.927,Good,7.7,0.0,88.6,0.398,Derived proxy,Derived proxy,Derived proxy,Derived proxy,,,3.95,2.95,Positive regression,Weak Contact-First Profile profile. 8.1% barrel rate; 83.6 mph average exit velocity; 23.1% air-ball rate; 27.9% pull-air rate; 8.1% HR-launch rate.,0.0196,0.0283,3.87,10,5,45.0,0.22,22.2,Very recent HR,615698.0,Cal Quantrill,R,RHB vs RHP,24,7,65.2,3.56,1.19,9,1.23,5.89,2.6,381.0,4.7,21.0,16.0,32.1,29.1,81.8,93.9,111.2,0.517,9.0,49.6,73.4,0.604,9.1,Cutter,R,RHB vs RHP,32.8,28,0.16,0.25,0.2,0.45,0,2,6,0.0,8.6,0.507,121,0.0248,2.6,0.394,2,2,1,1/2,0.5,0.5,0.5,1.0,0,0,0,42.3,Slight Pitcher Advantage,Below average,50.9,5,Pitch-level Statcast · last 5 MLB games,307,Split-Finger,29.64169381107492,91.0,4-Seam Fastball,23.452768729641694,72.0,Cutter,21.824104234527688,67.0,Sinker,19.86970684039088,61.0,Curveball,5.2117263843648205,16.0,,,,Unknown,,Unknown,,No,100.0,1.0,1.0,50.0,0.999,0.972,32.3,Current-Season Handedness Matchup,Pull Air %,Barrel %,Max Exit Velocity,32.8,24.9,49.6,13.9,50.0,45.0,33.4,3.87,1.0,1.019,0.985,0.94,0.927,0.871,0.98,10.52,6.1,56.5,17.7,F,Small season sample; Lineup unconfirmed,,,
262,2026-08-12,823916,2026-08-13T02:10:00Z,Scheduled,UNIQLO Field at Dodger Stadium,Kansas City Royals @ Los Angeles Dodgers,Home,518692,Freddie Freeman,Los Angeles Dodgers,Kansas City Royals,1B,L,No,,117,502,443,135,27,1,15,58,57,52,3,81,0.305,0.378,0.472,0.85,12,47,45,15,0,0.333,0.0,23,94,88,32,0,0.364,0.0,759,139,3.8,24.3,44.0,22.3,32.4,10.7,25.2,36.1,35.1,5.1,2.3,5.1,25.0,82.9,16.5,0.577,68.6,94.8,109.1,6.4,12.9,2.3,40.0,24.2,Weak,2.0,Contact-First Profile,A,Excellent HR swing plane,24.2,Weak,0.928,Good,1.4,35.3,94.2,0.532,Derived proxy,Derived proxy,Derived proxy,Derived proxy,,,27.96,12.96,Strong positive regression,Weak Contact-First Profile profile. 3.8% barrel rate; 82.9 mph average exit velocity; 25.2% air-ball rate; 36.1% pull-air rate; 5.1% HR-launch rate.,0.0299,0.0303,4.09,116,30,29.5,3.93,392.8,Very long drought,663738.0,Daniel Lynch IV,L,LHB vs LHP,47,1,47.2,2.45,1.01,2,0.38,6.99,2.64,220.0,3.2,25.0,15.5,31.7,25.0,83.1,95.6,111.3,0.441,2.0,37.9,100.0,0.572,4.8,Sinker,L,LHB vs LHP,24.7,163,0.274,0.344,0.397,0.741,4,14,29,0.0245,4.3,0.569,85,0.0,3.3,0.359,3,2,0,0/2,0.0,0.333,0.0,0.333,0,1,1,32.9,Slight Pitcher Advantage,Below average,42.5,5,Pitch-level Statcast · last 5 MLB games,78,Changeup,33.333333333333336,26.0,Sinker,24.358974358974358,19.0,Slider,16.666666666666668,13.0,4-Seam Fastball,14.102564102564102,11.0,Knuckle Curve,11.538461538461538,9.0,,,,Unknown,,Unknown,,No,100.0,1.0,1.0,50.0,0.976,0.957,37.4,Current-Season Handedness Matchup,Pull Air %,Barrel %,Max Exit Velocity,24.7,21.3,37.9,26.8,50.0,45.0,33.4,3.87,0.758,0.922,0.985,1.0,0.928,0.928,1.06,11.82,5.55,84.5,31.7,D,Lineup unconfirmed,,,
263,2026-08-12,823994,2026-08-13T02:10:00Z,Scheduled,Angel Stadium,Texas Rangers @ Los Angeles Angels,Home,694384,Nolan Schanuel,Los Angeles Angels,Texas Rangers,1B,L,No,,100,417,367,100,21,0,7,39,42,39,6,56,0.272,0.348,0.387,0.735,11,46,38,8,1,0.211,0.0217,23,97,80,21,1,0.262,0.0103,564,121,1.9,20.0,54.9,26.4,18.7,13.0,29.7,46.9,32.6,5.1,4.5,5.1,62.2,81.8,17.3,0.445,66.4,93.1,108.2,4.7,10.0,1.5,48.9,24.4,Weak,2.0,Pull Power,A,Excellent HR swing plane,24.4,Weak,0.928,Good,2.5,52.5,93.8,0.431,Derived proxy,Derived proxy,Derived proxy,Derived proxy,,,15.22,8.22,Strong positive regression,Weak Pull Power profile. 1.9% barrel rate; 81.8 mph average exit velocity; 29.7% air-ball rate; 46.9% pull-air rate; 5.1% HR-launch rate.,0.0168,0.0202,3.99,12,4,52.4,0.23,22.9,Very recent HR,615698.0,Cal Quantrill,R,LHB vs RHP,24,7,65.2,3.56,1.19,9,1.23,5.89,2.6,381.0,4.7,21.0,16.0,32.1,29.1,81.8,93.9,111.2,0.517,9.0,19.5,99.6,0.445,1.2,Cutter,L,LHB vs RHP,30.4,304,0.292,0.368,0.412,0.78,5,31,38,0.0164,1.6,0.482,155,0.0387,6.2,0.631,10,10,2,2/10,0.2,0.2,0.3,0.5,0,0,3,26.0,Strong Pitcher Advantage,Below average,27.7,5,Pitch-level Statcast · last 5 MLB games,307,Split-Finger,29.64169381107492,91.0,4-Seam Fastball,23.452768729641694,72.0,Cutter,21.824104234527688,67.0,Sinker,19.86970684039088,61.0,Curveball,5.2117263843648205,16.0,,,,Unknown,,Unknown,,No,100.0,1.0,1.0,50.0,0.939,0.972,39.7,Current-Season Handedness Matchup,Pull Air %,Barrel %,Max Exit Velocity,30.4,24.9,19.5,42.6,50.0,45.0,33.4,3.87,0.929,1.019,1.025,1.0,0.928,0.928,0.98,7.81,4.98,84.8,21.1,F,Lineup unconfirmed,,,
264,2026-08-12,823994,2026-08-13T02:10:00Z,Scheduled,Angel Stadium,Texas Rangers @ Los Angeles Angels,Away,695508,Cam Cauley,Texas Rangers,Los Angeles Angels,CF,R,No,,27,64,57,12,3,1,1,9,1,5,1,15,0.211,0.286,0.351,0.637,9,20,18,2,0,0.111,0.0,17,41,36,7,1,0.194,0.0244,70,43,0.0,14.1,39.6,28.1,32.4,11.4,23.8,37.1,27.4,2.7,2.7,2.7,,79.1,16.8,0.331,64.6,89.9,101.6,13.0,6.2,1.2,56.1,14.1,Weak,1.5,Contact-First Profile,A,Excellent HR swing plane,14.1,Weak,0.899,Good,0.0,36.4,89.9,0.336,Derived proxy,Derived proxy,Derived proxy,Derived proxy,,,0.77,-0.23,Near expected,Weak Contact-First Profile profile. 0.0% barrel rate; 79.1 mph average exit velocity; 23.8% air-ball rate; 37.1% pull-air rate; 2.7% HR-launch rate.,0.0156,0.0263,3.87,24,12,57.0,0.42,42.1,Recently homered,691946.0,George Klassen,R,RHB vs RHP,3,3,8.2,7.27,2.88,1,1.04,9.35,14.54,54.0,9.3,24.1,13.0,41.7,35.2,83.4,95.4,111.3,0.578,1.0,8.6,100.0,0.336,0.0,4-Seam Fastball,R,RHB vs RHP,42.3,28,0.28,0.357,0.4,0.757,0,3,4,0.0,0.0,0.373,22,0.0455,9.1,0.557,0,0,0,0/0,,,,,0,0,0,32.0,Slight Pitcher Advantage,Below average,50.0,3,Pitch-level Statcast · last 5 MLB games,228,4-Seam Fastball,40.78947368421053,93.0,Changeup,23.68421052631579,54.0,Slider,20.614035087719298,47.0,Curveball,7.894736842105263,18.0,Sinker,7.017543859649122,16.0,,,,Unknown,,Unknown,,No,100.0,1.0,1.0,50.0,0.92,1.018,29.7,Current-Season Handedness Matchup,Pull Air %,Barrel %,Max Exit Velocity,42.3,52.6,8.6,19.2,50.0,45.0,33.4,3.87,0.844,0.999,0.985,0.975,0.899,0.877,1.0,9.8,5.17,59.9,16.7,F,Small season sample; Lineup unconfirmed,,,
265,2026-08-12,824967,2026-08-12T19:05:00Z,Scheduled,Sutter Health Park,Tampa Bay Rays @ Athletics,Away,680700,Richie Palacios,Tampa Bay Rays,Athletics,2B,L,No,,89,285,245,58,9,2,5,35,34,35,3,54,0.237,0.338,0.351,0.689,10,30,23,7,1,0.304,0.0333,19,57,47,11,2,0.234,0.0351,364,68,3.8,20.4,43.2,30.0,24.7,11.4,24.8,40.5,30.9,5.6,2.3,5.6,50.0,79.9,16.3,0.426,65.6,92.2,106.6,2.9,9.1,0.6,46.6,21.0,Weak,2.0,Contact-First Profile,A,Excellent HR swing plane,21.0,Weak,0.919,Good,5.9,35.3,93.2,0.425,Derived proxy,Derived proxy,Derived proxy,Derived proxy,,,13.52,8.52,Strong positive regression,Weak Contact-First Profile profile. 3.8% barrel rate; 79.9 mph average exit velocity; 24.8% air-ball rate; 40.5% pull-air rate; 5.6% HR-launch rate.,0.0175,0.0218,4.05,14,7,49.0,0.29,28.6,Very recent HR,678022.0,Jack Perkins,R,LHB vs RHP,28,10,76.2,7.04,1.45,15,1.76,10.8,3.64,428.0,5.1,22.7,18.0,35.4,31.1,82.0,94.4,111.2,0.567,15.0,21.8,97.4,0.432,3.8,4-Seam Fastball,L,LHB vs RHP,30.1,241,0.238,0.342,0.359,0.701,5,30,43,0.0207,3.2,0.454,182,0.044,4.9,0.573,0,0,0,0/0,,,,,0,0,0,31.2,Slight Pitcher Advantage,Below average,50.0,5,Pitch-level Statcast · last 5 MLB games,384,4-Seam Fastball,28.90625,111.0,Changeup,24.739583333333332,95.0,Sweeper,22.395833333333332,86.0,Cutter,16.666666666666668,64.0,Sinker,5.989583333333333,23.0,Slider,1.3020833333333333,5.0,Unknown,,Unknown,,No,100.0,1.0,1.0,50.0,0.944,0.976,35.9,Current-Season Handedness Matchup,Pull Air %,Barrel %,Max Exit Velocity,30.1,30.9,21.8,33.3,50.0,45.0,33.3,3.86,1.225,1.106,1.025,1.0,0.919,0.919,0.98,8.55,6.53,76.9,21.8,F,Lineup unconfirmed,,,
266,2026-08-12,823511,2026-08-12T23:05:00Z,Scheduled,Yankee Stadium,Seattle Mariners @ New York Yankees,Away,660844,Leo Rivas,Seattle Mariners,New York Yankees,3B,S,No,,41,127,105,14,2,1,0,9,7,16,3,37,0.133,0.264,0.171,0.435,3,7,6,1,0,0.167,0.0,3,7,6,1,0,0.167,0.0,138,6,0.7,10.5,47.7,26.1,26.3,16.0,28.6,50.0,29.4,3.4,2.7,3.4,0.0,79.5,17.4,0.334,61.3,89.9,102.9,0.0,5.3,0.0,52.0,18.1,Weak,1.5,Pull Power,A,Excellent HR swing plane,18.1,Weak,0.911,Good,0.0,100.0,95.5,0.321,Derived proxy,Derived proxy,Derived proxy,Derived proxy,,,2.54,2.54,Positive regression,Weak Pull Power profile. 0.7% barrel rate; 79.5 mph average exit velocity; 28.6% air-ball rate; 50.0% pull-air rate; 3.4% HR-launch rate.,0.0,0.0155,3.87,105,41,,,,No season HR,701542.0,Will Warren,R,Switch vs RHP,23,22,114.0,4.18,1.37,15,1.18,9.0,2.92,611.0,4.4,26.8,12.6,46.4,28.8,84.0,96.4,116.9,0.565,15.0,6.4,99.8,0.314,0.6,4-Seam Fastball,L,LHB vs RHP,23.0,86,0.169,0.302,0.211,0.514,0,11,28,0.0,1.1,0.407,282,0.0355,5.3,0.576,2,2,1,1/2,0.5,0.5,0.5,1.0,0,0,1,22.8,Strong Pitcher Advantage,Below average,50.9,5,Pitch-level Statcast · last 5 MLB games,346,4-Seam Fastball,29.76878612716763,103.0,Sinker,21.09826589595376,73.0,Sweeper,19.07514450867052,66.0,Changeup,18.208092485549134,63.0,Curveball,11.84971098265896,41.0,,,,Unknown,,Unknown,,No,108.0,1.08,1.0,64.4,0.92,0.969,32.3,Current-Season Handedness Matchup,Pull Air %,Barrel %,Max Exit Velocity,23.0,37.8,6.4,45.0,64.4,45.0,33.2,3.86,1.0,1.013,1.035,0.94,0.911,0.856,1.0,5.88,4.42,61.6,15.7,F,Lineup unconfirmed; Limited recent games,,,
267,2026-08-12,823187,2026-08-12T19:45:00Z,Scheduled,Oracle Park,Houston Astros @ San Francisco Giants,Home,687551,Drew Gilbert,San Francisco Giants,Houston Astros,CF,L,No,,96,284,248,59,10,3,5,32,25,26,6,46,0.238,0.323,0.363,0.686,11,34,29,7,1,0.241,0.0294,21,68,58,14,1,0.241,0.0147,333,77,3.2,24.0,49.1,24.6,25.6,13.9,29.8,51.2,31.1,6.2,3.5,6.2,55.2,81.3,19.0,0.473,67.1,93.4,109.6,5.5,12.9,0.7,44.2,27.2,Weak,2.0,Pull Power,A,Excellent HR swing plane,27.2,Weak,0.936,Good,5.2,61.5,95.1,0.53,Derived proxy,Derived proxy,Derived proxy,Derived proxy,,,12.11,7.11,Strong positive regression,Weak Pull Power profile. 3.2% barrel rate; 81.3 mph average exit velocity; 29.8% air-ball rate; 51.2% pull-air rate; 6.2% HR-launch rate.,0.0176,0.0219,3.99,3,1,49.6,0.06,6.0,Very recent HR,687911.0,Bryan King,L,LHB vs LHP,47,0,49.1,3.83,1.36,7,1.28,7.3,3.1,319.0,3.1,21.9,8.8,35.2,33.9,81.0,93.3,109.4,0.48,7.0,16.9,99.5,0.419,1.0,4-Seam Fastball,L,LHB vs LHP,28.1,38,0.056,0.081,0.056,0.137,0,1,13,0.0,0.0,0.285,78,0.0128,1.8,0.439,0,0,0,0/0,,,,,0,0,0,28.5,Strong Pitcher Advantage,Below average,50.0,5,Pitch-level Statcast · last 5 MLB games,87,4-Seam Fastball,49.42528735632184,43.0,Sinker,24.137931034482758,21.0,Sweeper,24.137931034482758,21.0,Changeup,2.2988505747126435,2.0,,,,,,,Unknown,,Unknown,,No,91.0,0.91,1.0,33.8,0.934,0.956,43.6,Current-Season Handedness Matchup,Pull Air %,Barrel %,Max Exit Velocity,28.1,22.2,16.9,51.3,33.8,45.0,33.1,3.86,1.017,1.02,0.985,1.0,0.936,0.936,0.98,8.45,5.04,77.7,19.5,F,Lineup unconfirmed,,,
268,2026-08-12,823017,2026-08-12T18:15:00Z,Scheduled,Busch Stadium,Philadelphia Phillies @ St. Louis Cardinals,Home,665877,José Fermín,St. Louis Cardinals,Philadelphia Phillies,LF,R,No,,83,252,222,54,11,0,5,21,27,23,1,31,0.243,0.315,0.36,0.675,11,39,33,8,0,0.242,0.0,23,79,64,13,1,0.203,0.0127,336,100,2.1,25.5,53.1,32.7,14.2,14.3,29.4,63.4,27.1,5.8,4.1,5.8,63.9,82.7,18.8,0.42,65.7,95.1,111.4,1.6,11.9,1.0,62.0,27.7,Weak,2.0,Pull Power,A,Excellent HR swing plane,27.7,Weak,0.938,Good,2.0,71.0,96.2,0.447,Derived proxy,Derived proxy,Derived proxy,Derived proxy,,,11.05,6.05,Strong positive regression,Weak Pull Power profile. 2.1% barrel rate; 82.7 mph average exit velocity; 29.4% air-ball rate; 63.4% pull-air rate; 5.8% HR-launch rate.,0.0198,0.0238,3.99,40,13,44.4,0.9,90.1,Near normal interval,554430.0,Zack Wheeler,R,RHB vs RHP,19,19,110.1,2.69,0.98,14,1.14,10.77,2.28,553.0,3.8,21.2,12.1,38.7,29.8,81.6,93.3,111.8,0.472,14.0,14.6,100.0,0.396,1.9,4-Seam Fastball,R,RHB vs RHP,16.5,134,0.217,0.275,0.3,0.575,2,9,18,0.0149,1.2,0.391,170,0.0294,3.6,0.408,0,0,0,0/0,,,,,0,0,0,22.5,Strong Pitcher Advantage,Below average,50.0,5,Pitch-level Statcast · last 5 MLB games,405,4-Seam Fastball,32.592592592592595,132.0,Split-Finger,21.728395061728396,88.0,Sinker,13.333333333333334,54.0,Sweeper,13.08641975308642,53.0,Cutter,9.876543209876543,40.0,Curveball,9.382716049382717,38.0,Unknown,,Unknown,,No,100.0,1.0,1.0,50.0,0.929,0.963,40.7,Current-Season Handedness Matchup,Pull Air %,Barrel %,Max Exit Velocity,16.5,24.3,14.6,46.4,50.0,45.0,33.1,3.86,0.773,1.006,0.985,1.0,0.938,0.938,1.0,9.15,4.8,76.3,19.4,F,Lineup unconfirmed,,,
269,2026-08-12,823017,2026-08-12T18:15:00Z,Scheduled,Busch Stadium,Philadelphia Phillies @ St. Louis Cardinals,Away,664761,Alec Bohm,Philadelphia Phillies,St. Louis Cardinals,3B,R,No,,116,470,426,97,17,0,13,39,63,32,7,66,0.228,0.289,0.359,0.648,12,46,40,10,0,0.25,0.0,24,96,87,24,2,0.276,0.0208,615,121,2.8,26.9,31.8,33.6,34.4,13.8,26.6,19.5,33.0,6.6,2.7,6.6,70.3,85.1,15.8,0.463,70.0,96.0,109.5,11.0,11.5,3.2,44.4,19.3,Weak,2.0,Contact-First Profile,A,Excellent HR swing plane,19.3,Weak,0.914,Good,2.5,9.4,96.5,0.488,Derived proxy,Derived proxy,Derived proxy,Derived proxy,,,18.15,5.15,Strong positive regression,Weak Contact-First Profile profile. 2.8% barrel rate; 85.1 mph average exit velocity; 26.6% air-ball rate; 19.5% pull-air rate; 6.6% HR-launch rate.,0.0277,0.0285,3.87,62,18,32.8,1.89,189.2,Above normal drought,681517.0,Kyle Leahy,R,RHB vs RHP,22,22,112.1,3.45,1.34,12,0.96,7.93,2.8,612.0,6.9,30.4,12.1,44.5,29.7,84.4,97.4,114.9,0.599,12.0,20.3,99.9,0.426,3.4,4-Seam Fastball,R,RHB vs RHP,24.4,329,0.223,0.292,0.328,0.619,7,25,47,0.0213,2.3,0.453,229,0.0218,5.9,0.525,1,1,1,1/1,1.0,1.0,1.0,2.0,0,0,0,28.4,Strong Pitcher Advantage,Below average,51.2,5,Pitch-level Statcast · last 5 MLB games,421,4-Seam Fastball,22.327790973871736,94.0,Curveball,18.28978622327791,77.0,Slider,16.8646080760095,71.0,Changeup,14.964370546318289,63.0,Sweeper,14.964370546318289,63.0,Sinker,12.589073634204276,53.0,Unknown,,Unknown,,No,100.0,1.0,1.0,50.0,0.941,0.994,26.9,Current-Season Handedness Matchup,Pull Air %,Barrel %,Max Exit Velocity,24.4,48.3,20.3,18.1,50.0,45.0,33.1,3.85,0.808,0.978,0.985,0.975,0.914,0.891,1.035,10.6,5.37,84.7,25.7,F,Lineup unconfirmed,,,
270,2026-08-12,824241,2026-08-12T22:40:00Z,Scheduled,Comerica Park,Cleveland Guardians @ Detroit Tigers,Away,800050,Chase DeLauter,Cleveland Guardians,Detroit Tigers,RF,L,No,,102,434,384,108,21,1,13,47,57,47,0,62,0.281,0.357,0.443,0.8,10,49,41,12,2,0.293,0.0408,22,101,85,25,2,0.294,0.0198,563,125,3.3,29.0,43.8,28.3,27.6,9.0,26.2,35.4,30.0,6.2,3.4,6.2,48.8,83.4,13.8,0.509,69.0,96.4,113.3,16.0,13.9,6.1,43.0,27.5,Weak,2.0,Contact-First Profile,A,Excellent HR swing plane,27.5,Weak,0.937,Good,2.4,30.0,96.3,0.508,Derived proxy,Derived proxy,Derived proxy,Derived proxy,,,19.56,6.56,Strong positive regression,Weak Contact-First Profile profile. 3.3% barrel rate; 83.4 mph average exit velocity; 26.2% air-ball rate; 35.4% pull-air rate; 6.2% HR-launch rate.,0.03,0.0304,4.15,0,0,29.5,0.0,0.0,Very recent HR,664285.0,Framber Valdez,L,LHB vs LHP,23,23,127.1,4.17,1.37,12,0.85,7.28,3.18,683.0,4.2,29.7,11.9,42.2,27.8,84.5,97.2,112.0,0.491,12.0,18.2,99.9,0.432,0.8,Sinker,L,LHB vs LHP,18.9,133,0.339,0.391,0.471,0.862,2,11,24,0.015,3.4,0.465,129,0.0155,3.5,0.456,3,3,0,0/3,0.0,0.0,0.0,0.0,0,0,1,23.3,Strong Pitcher Advantage,Below average,42.5,5,Pitch-level Statcast · last 5 MLB games,417,Sinker,39.80815347721823,166.0,Curveball,34.77218225419664,145.0,Changeup,14.628297362110311,61.0,Slider,5.755395683453237,24.0,4-Seam Fastball,5.0359712230215825,21.0,,,,Unknown,,Unknown,,No,100.0,1.0,1.0,50.0,0.936,0.967,37.0,Current-Season Handedness Matchup,Pull Air %,Barrel %,Max Exit Velocity,18.9,32.7,18.2,26.9,50.0,45.0,33.0,3.85,1.013,0.96,0.985,1.0,0.937,0.937,0.98,12.02,6.47,85.0,24.5,F,Lineup unconfirmed,,,
271,2026-08-12,823017,2026-08-12T18:15:00Z,Scheduled,Busch Stadium,Philadelphia Phillies @ St. Louis Cardinals,Home,802139,JJ Wetherholt,St. Louis Cardinals,Philadelphia Phillies,2B,L,No,,114,516,442,108,12,0,16,75,45,58,14,80,0.244,0.349,0.38,0.729,11,51,40,7,1,0.175,0.0196,24,109,91,17,3,0.187,0.0275,624,120,4.8,28.0,41.1,30.1,28.3,16.6,27.6,30.0,28.1,8.6,5.0,8.6,53.4,84.5,18.2,0.539,69.5,95.5,107.6,17.0,13.5,6.1,61.3,27.8,Weak,2.0,Contact-First Profile,A,Excellent HR swing plane,27.8,Weak,0.938,Good,5.0,25.0,95.7,0.546,Derived proxy,Derived proxy,Derived proxy,Derived proxy,,,28.87,12.87,Strong positive regression,Weak Contact-First Profile profile. 4.8% barrel rate; 84.5 mph average exit velocity; 27.6% air-ball rate; 30.0% pull-air rate; 8.6% HR-launch rate.,0.031,0.0312,3.99,35,10,27.6,1.27,126.7,Near normal interval,554430.0,Zack Wheeler,R,LHB vs RHP,19,19,110.1,2.69,0.98,14,1.14,10.77,2.28,553.0,3.8,21.2,12.1,38.7,29.8,81.6,93.3,111.8,0.472,14.0,36.9,100.0,0.546,5.6,4-Seam Fastball,L,LHB vs RHP,30.8,332,0.248,0.361,0.39,0.752,11,39,51,0.0331,3.3,0.509,261,0.0345,3.9,0.516,0,0,0,0/0,,,,,0,0,0,36.8,Slight Pitcher Advantage,Below average,50.0,5,Pitch-level Statcast · last 5 MLB games,405,4-Seam Fastball,32.592592592592595,132.0,Split-Finger,21.728395061728396,88.0,Sinker,13.333333333333334,54.0,Sweeper,13.08641975308642,53.0,Cutter,9.876543209876543,40.0,Curveball,9.382716049382717,38.0,Unknown,,Unknown,,No,100.0,1.0,1.0,50.0,0.974,0.963,34.6,Current-Season Handedness Matchup,Pull Air %,Barrel %,Max Exit Velocity,30.8,24.3,36.9,26.8,50.0,45.0,33.0,3.85,0.897,1.006,1.025,1.0,0.938,0.938,1.0,11.88,6.51,85.0,25.9,F,Lineup unconfirmed,,,
272,2026-08-12,823916,2026-08-13T02:10:00Z,Scheduled,UNIQLO Field at Dodger Stadium,Kansas City Royals @ Los Angeles Dodgers,Home,663656,Kyle Tucker,Los Angeles Dodgers,Kansas City Royals,RF,L,No,,113,464,399,96,18,3,11,66,54,58,3,85,0.241,0.338,0.383,0.721,12,43,36,10,2,0.278,0.0465,22,83,71,16,4,0.225,0.0482,646,115,5.4,24.4,50.2,20.9,28.9,18.1,28.9,42.9,28.8,6.8,2.7,6.8,42.2,82.9,20.5,0.5,69.3,94.3,111.5,18.7,12.1,7.1,43.7,30.2,Weak,2.0,Pull Power,A-,Elevated power plane,30.2,Weak,0.945,Good,7.0,34.3,94.2,0.492,Derived proxy,Derived proxy,Derived proxy,Derived proxy,,,31.79,20.79,Strong positive regression,Weak Pull Power profile. 5.4% barrel rate; 82.9 mph average exit velocity; 28.9% air-ball rate; 42.9% pull-air rate; 6.8% HR-launch rate.,0.0237,0.0254,3.99,9,3,36.3,0.25,24.8,Very recent HR,663738.0,Daniel Lynch IV,L,LHB vs LHP,47,1,47.2,2.45,1.01,2,0.38,6.99,2.64,220.0,3.2,25.0,15.5,31.7,25.0,83.1,95.6,111.3,0.441,2.0,23.7,100.0,0.456,3.5,Sinker,L,LHB vs LHP,19.5,138,0.263,0.355,0.424,0.779,2,17,25,0.0145,4.7,0.481,85,0.0,3.3,0.359,0,0,0,0/0,,,,,0,0,0,27.1,Strong Pitcher Advantage,Below average,50.0,5,Pitch-level Statcast · last 5 MLB games,78,Changeup,33.333333333333336,26.0,Sinker,24.358974358974358,19.0,Slider,16.666666666666668,13.0,4-Seam Fastball,14.102564102564102,11.0,Knuckle Curve,11.538461538461538,9.0,,,,Unknown,,Unknown,,No,100.0,1.0,1.0,50.0,0.947,0.957,40.4,Current-Season Handedness Matchup,Pull Air %,Barrel %,Max Exit Velocity,19.5,21.3,23.7,36.9,50.0,45.0,33.0,3.85,1.336,0.922,0.985,1.0,0.945,0.945,0.98,9.76,6.59,83.6,23.3,F,Lineup unconfirmed,,,
273,2026-08-12,822779,2026-08-12T23:07:00Z,Scheduled,Rogers Centre,Boston Red Sox @ Toronto Blue Jays,Home,543807,George Springer,Toronto Blue Jays,Boston Red Sox,DH,R,No,,90,386,340,80,14,2,12,43,36,39,3,70,0.235,0.319,0.394,0.713,12,42,37,9,0,0.243,0.0,24,93,83,24,3,0.289,0.0323,530,128,3.2,21.8,41.0,34.3,24.7,14.0,24.6,39.3,27.1,6.1,4.6,6.1,76.1,81.8,15.5,0.463,70.6,93.6,109.0,32.6,10.1,7.7,56.7,28.2,Weak,2.0,Contact-First Profile,A,Excellent HR swing plane,28.2,Weak,0.939,Good,2.3,30.3,94.0,0.443,Derived proxy,Derived proxy,Derived proxy,Derived proxy,,,17.85,5.85,Strong positive regression,Weak Contact-First Profile profile. 3.2% barrel rate; 81.8 mph average exit velocity; 24.6% air-ball rate; 39.3% pull-air rate; 6.1% HR-launch rate.,0.0311,0.0313,3.99,41,13,28.3,1.45,144.7,Above normal drought,624133.0,Ranger Suarez,L,RHB vs LHP,20,20,103.0,3.32,1.17,6,0.52,9.44,2.62,538.0,3.0,21.0,11.3,44.1,31.4,80.9,93.6,113.6,0.484,6.0,35.6,99.8,0.549,4.8,Sinker,R,RHB vs LHP,16.1,109,0.245,0.333,0.394,0.727,2,11,19,0.0183,2.4,0.43,309,0.0097,2.3,0.463,5,5,2,2/5,0.4,0.4,0.4,0.8,0,0,0,29.1,Strong Pitcher Advantage,Below average,46.9,5,Pitch-level Statcast · last 5 MLB games,347,4-Seam Fastball,23.34293948126801,81.0,Cutter,21.902017291066283,76.0,Sinker,19.020172910662826,66.0,Curveball,17.002881844380404,59.0,Changeup,9.510086455331413,33.0,Slider,9.221902017291066,32.0,Unknown,,Unknown,,No,100.0,1.0,1.0,50.0,0.971,0.955,32.9,Current-Season Handedness Matchup,Pull Air %,Barrel %,Max Exit Velocity,16.1,28.7,35.6,22.5,50.0,45.0,33.0,3.85,0.862,0.907,1.025,1.0,0.939,0.939,1.035,11.92,6.05,84.4,25.6,F,Lineup unconfirmed,,,
274,2026-08-12,824562,2026-08-12T23:40:00Z,Scheduled,Rate Field,Cincinnati Reds @ Chicago White Sox,Away,682622,Noelvi Marte,Cincinnati Reds,Chicago White Sox,RF,R,No,,57,191,180,36,7,0,6,19,15,10,0,47,0.2,0.241,0.339,0.58,8,30,28,7,0,0.25,0.0,16,54,52,11,0,0.212,0.0,228,66,2.5,20.0,44.4,33.3,20.9,13.0,20.5,42.7,18.3,3.6,2.5,3.6,55.7,82.5,16.8,0.391,69.1,94.0,111.3,23.7,4.4,5.7,52.5,23.6,Weak,2.0,Pull Power,A,Excellent HR swing plane,23.6,Weak,0.926,Good,1.5,33.3,94.0,0.32,Derived proxy,Derived proxy,Derived proxy,Derived proxy,,,6.51,0.51,Near expected,Weak Pull Power profile. 2.5% barrel rate; 82.5 mph average exit velocity; 20.5% air-ball rate; 42.7% pull-air rate; 3.6% HR-launch rate.,0.0314,0.0316,3.87,63,20,30.0,2.1,210.0,Very long drought,622491.0,Luis Castillo,R,RHB vs RHP,21,18,103.2,5.3,1.41,17,1.48,7.9,2.86,685.0,5.5,25.1,13.4,38.7,29.2,83.7,95.3,113.8,0.579,17.0,16.6,99.9,0.395,3.1,4-Seam Fastball,R,RHB vs RHP,19.9,141,0.212,0.255,0.326,0.581,3,8,30,0.0213,1.8,0.408,190,0.0211,3.4,0.517,3,3,0,0/3,0.0,0.0,0.0,0.0,0,0,0,23.3,Strong Pitcher Advantage,Below average,42.5,5,Pitch-level Statcast · last 5 MLB games,454,4-Seam Fastball,41.629955947136565,189.0,Slider,27.312775330396477,124.0,Sinker,17.841409691629956,81.0,Changeup,13.215859030837004,60.0,,,,,,,Unknown,,Unknown,,No,100.0,1.0,1.0,50.0,0.933,0.98,35.4,Current-Season Handedness Matchup,Pull Air %,Barrel %,Max Exit Velocity,19.9,36.2,16.6,24.4,50.0,45.0,32.9,3.85,0.758,1.061,0.985,0.94,0.926,0.871,1.06,11.7,5.69,70.0,25.1,F,Lineup unconfirmed,,,
275,2026-08-12,822779,2026-08-12T23:07:00Z,Scheduled,Rogers Centre,Boston Red Sox @ Toronto Blue Jays,Away,678882,Ceddanne Rafaela,Boston Red Sox,Toronto Blue Jays,CF,R,No,,115,480,450,129,28,3,16,61,63,19,7,95,0.287,0.324,0.469,0.793,12,57,53,18,5,0.34,0.0877,25,112,108,33,8,0.306,0.0714,701,177,3.4,19.3,32.8,27.3,39.4,13.8,27.0,32.3,34.0,5.7,3.3,5.7,79.3,81.0,19.4,0.478,66.9,92.1,109.9,6.7,9.8,2.0,46.4,20.6,Weak,2.0,Contact-First Profile,A,Excellent HR swing plane,20.6,Weak,0.918,Good,4.0,30.6,91.8,0.507,Derived proxy,Derived proxy,Derived proxy,Derived proxy,,,23.14,7.14,Strong positive regression,Weak Contact-First Profile profile. 3.4% barrel rate; 81.0 mph average exit velocity; 27.0% air-ball rate; 32.3% pull-air rate; 5.7% HR-launch rate.,0.0333,0.0331,4.05,0,0,28.1,0.0,0.0,Very recent HR,667755.0,José Soriano,R,RHB vs RHP,23,23,127.2,3.24,1.26,12,0.85,9.16,4.23,613.0,4.6,23.8,11.9,41.5,27.6,83.2,95.2,112.7,0.534,12.0,31.5,99.8,0.523,4.1,Sinker,R,RHB vs RHP,21.3,344,0.29,0.327,0.444,0.772,10,13,60,0.0291,3.0,0.447,235,0.0085,3.8,0.489,1,1,0,0/1,0.0,0.0,0.0,0.0,0,0,0,30.1,Slight Pitcher Advantage,Below average,47.5,5,Pitch-level Statcast · last 5 MLB games,444,Knuckle Curve,30.63063063063063,136.0,Sinker,29.054054054054053,129.0,4-Seam Fastball,22.07207207207207,98.0,Split-Finger,15.765765765765765,70.0,Slider,2.4774774774774775,11.0,,,,Unknown,,Unknown,,No,100.0,1.0,1.0,50.0,0.963,0.971,31.8,Current-Season Handedness Matchup,Pull Air %,Barrel %,Max Exit Velocity,21.3,32.7,31.5,21.9,50.0,45.0,32.9,3.85,1.35,0.96,0.985,1.0,0.918,0.918,0.98,12.73,8.24,85.0,27.2,F,Lineup unconfirmed,,,
276,2026-08-12,823994,2026-08-13T02:10:00Z,Scheduled,Angel Stadium,Texas Rangers @ Los Angeles Angels,Home,687093,Vaughn Grissom,Los Angeles Angels,Texas Rangers,2B,R,No,,78,299,268,68,16,0,7,29,47,21,5,51,0.254,0.315,0.392,0.707,10,38,37,7,0,0.189,0.0,22,88,83,22,2,0.265,0.0227,406,109,3.5,23.4,41.1,31.2,27.7,13.0,25.6,37.8,29.2,3.5,1.9,3.5,50.0,82.2,16.5,0.486,69.5,94.1,108.5,17.7,10.1,5.2,44.1,23.1,Weak,2.0,Contact-First Profile,A,Excellent HR swing plane,23.1,Weak,0.925,Good,3.7,33.3,93.0,0.48,Derived proxy,Derived proxy,Derived proxy,Derived proxy,,,13.44,6.44,Strong positive regression,Weak Contact-First Profile profile. 3.5% barrel rate; 82.2 mph average exit velocity; 25.6% air-ball rate; 37.8% pull-air rate; 3.5% HR-launch rate.,0.0234,0.0259,3.99,44,12,38.3,1.15,114.9,Near normal interval,615698.0,Cal Quantrill,R,RHB vs RHP,24,7,65.2,3.56,1.19,9,1.23,5.89,2.6,381.0,4.7,21.0,16.0,32.1,29.1,81.8,93.9,111.2,0.517,9.0,31.9,99.6,0.557,2.6,Cutter,R,RHB vs RHP,27.4,185,0.246,0.292,0.427,0.719,7,9,34,0.0378,4.4,0.522,121,0.0248,2.6,0.394,0,0,0,0/0,,,,,0,0,0,33.5,Slight Pitcher Advantage,Below average,50.0,5,Pitch-level Statcast · last 5 MLB games,307,Split-Finger,29.64169381107492,91.0,4-Seam Fastball,23.452768729641694,72.0,Cutter,21.824104234527688,67.0,Sinker,19.86970684039088,61.0,Curveball,5.2117263843648205,16.0,,,,Unknown,,Unknown,,No,100.0,1.0,1.0,50.0,0.964,0.972,36.0,Current-Season Handedness Matchup,Pull Air %,Barrel %,Max Exit Velocity,27.4,24.9,31.9,26.2,50.0,45.0,32.8,3.85,0.835,1.019,0.985,1.0,0.925,0.925,1.0,9.93,5.4,80.4,22.6,F,Lineup unconfirmed,,,
277,2026-08-12,824883,2026-08-12T23:15:00Z,Scheduled,Truist Park,New York Mets @ Atlanta Braves,Home,805347,Jim Jarvis,Atlanta Braves,New York Mets,SS,L,No,,33,109,99,22,5,1,1,10,11,6,1,20,0.222,0.274,0.323,0.597,11,34,31,5,0,0.161,0.0,23,77,69,13,0,0.188,0.0,136,86,1.8,26.0,41.4,44.5,14.1,12.1,23.4,29.3,23.9,1.8,1.8,1.8,21.7,82.1,4.8,0.381,68.6,94.5,106.0,10.4,7.2,2.9,42.1,13.4,Weak,1.5,Contact-First Profile,D,Ground-ball heavy,13.4,Weak,0.898,Good,1.2,23.8,95.5,0.366,Derived proxy,Derived proxy,Derived proxy,Derived proxy,,,2.64,1.64,Near expected,Weak Contact-First Profile profile. 1.8% barrel rate; 82.1 mph average exit velocity; 23.4% air-ball rate; 29.3% pull-air rate; 1.8% HR-launch rate.,0.0092,0.0211,3.81,75,26,99.0,0.76,75.8,Recently homered,804267.0,Zac Thornton,L,LHB vs LHP,7,7,39.1,2.52,1.07,3,0.69,6.18,2.75,217.0,6.0,27.6,15.2,42.6,32.3,83.1,96.5,110.6,0.526,3.0,20.0,99.6,0.413,3.9,Cutter,L,LHB vs LHP,40.8,23,0.158,0.304,0.263,0.568,0,3,4,0.0,4.0,0.431,52,0.0192,6.0,0.51,2,2,0,0/2,0.0,0.0,0.0,0.0,0,0,0,34.3,Slight Pitcher Advantage,Below average,45.0,5,Pitch-level Statcast · last 5 MLB games,400,Cutter,32.0,128.0,4-Seam Fastball,25.25,101.0,Sweeper,13.5,54.0,Slider,11.25,45.0,Sinker,10.75,43.0,Changeup,5.25,21.0,Unknown,,Unknown,,No,103.0,1.03,1.0,55.4,0.94,0.985,30.6,Current-Season Handedness Matchup,Pull Air %,Barrel %,Max Exit Velocity,40.8,40.2,20.0,18.5,55.4,45.0,32.7,3.84,0.758,0.963,0.985,0.94,0.898,0.844,1.0,7.82,4.17,65.9,15.9,F,Lineup unconfirmed,Curveball,2.0,8.0
278,2026-08-12,823017,2026-08-12T18:15:00Z,Scheduled,Busch Stadium,Philadelphia Phillies @ St. Louis Cardinals,Away,702222,Justin Crawford,Philadelphia Phillies,St. Louis Cardinals,CF,L,No,,111,355,326,86,15,4,2,37,30,21,3,66,0.264,0.313,0.353,0.666,12,39,34,11,0,0.324,0.0,23,68,60,16,0,0.267,0.0,519,89,1.3,21.6,29.1,38.4,31.3,10.0,20.4,26.9,27.7,3.2,1.8,3.2,32.5,81.6,12.7,0.388,66.5,93.2,109.2,5.6,7.4,1.8,37.2,12.3,Weak,1.5,Contact-First Profile,A,Excellent HR swing plane,12.3,Weak,0.894,Good,2.2,26.3,94.0,0.363,Derived proxy,Derived proxy,Derived proxy,Derived proxy,,,8.75,6.75,Strong positive regression,Weak Contact-First Profile profile. 1.3% barrel rate; 81.6 mph average exit velocity; 20.4% air-ball rate; 26.9% pull-air rate; 3.2% HR-launch rate.,0.0056,0.0123,4.05,205,73,163.0,1.26,125.8,Near normal interval,681517.0,Kyle Leahy,R,LHB vs RHP,22,22,112.1,3.45,1.34,12,0.96,7.93,2.8,612.0,6.9,30.4,12.1,44.5,29.7,84.4,97.4,114.9,0.599,12.0,17.2,99.9,0.422,0.9,4-Seam Fastball,L,LHB vs RHP,25.8,298,0.273,0.315,0.378,0.693,2,17,55,0.0067,0.9,0.407,250,0.028,7.8,0.668,0,0,0,0/0,,,,,0,0,0,27.6,Strong Pitcher Advantage,Below average,50.0,5,Pitch-level Statcast · last 5 MLB games,421,4-Seam Fastball,22.327790973871736,94.0,Curveball,18.28978622327791,77.0,Slider,16.8646080760095,71.0,Changeup,14.964370546318289,63.0,Sweeper,14.964370546318289,63.0,Sinker,12.589073634204276,53.0,Unknown,,Unknown,,No,100.0,1.0,1.0,50.0,0.934,0.994,27.1,Current-Season Handedness Matchup,Pull Air %,Barrel %,Max Exit Velocity,25.8,48.3,17.2,18.5,50.0,45.0,32.7,3.84,0.758,0.978,1.025,1.0,0.894,0.894,1.0,4.89,3.51,82.4,19.7,F,Lineup unconfirmed,,,
279,2026-08-12,823263,2026-08-12T20:10:00Z,Scheduled,Petco Park,Milwaukee Brewers @ San Diego Padres,Home,666023,Freddy Fermin,San Diego Padres,Milwaukee Brewers,C,R,No,,73,204,178,35,10,0,4,18,16,17,3,40,0.197,0.275,0.32,0.595,6,24,23,9,1,0.391,0.0417,15,42,40,14,1,0.35,0.0238,277,54,3.6,21.7,46.0,29.4,24.6,17.5,31.4,49.1,31.3,6.9,3.6,6.9,48.8,83.3,18.2,0.466,67.2,94.1,106.6,6.4,12.6,1.7,47.9,27.0,Weak,2.0,Pull Power,A,Excellent HR swing plane,27.0,Weak,0.936,Good,5.6,52.4,96.7,0.568,Derived proxy,Derived proxy,Derived proxy,Derived proxy,,,11.23,7.23,Strong positive regression,Weak Pull Power profile. 3.6% barrel rate; 83.3 mph average exit velocity; 31.4% air-ball rate; 49.1% pull-air rate; 6.9% HR-launch rate.,0.0196,0.0242,3.81,16,4,44.5,0.36,36.0,Recently homered,669160.0,Dustin May,R,RHB vs RHP,22,22,115.0,4.3,1.27,8,0.63,8.69,2.97,612.0,4.1,27.1,12.6,34.4,31.5,82.9,95.3,114.8,0.508,8.0,17.3,99.9,0.423,1.3,4-Seam Fastball,R,RHB vs RHP,16.7,148,0.189,0.276,0.291,0.567,2,13,30,0.0135,2.0,0.391,187,0.0107,5.2,0.509,4,4,2,2/4,0.5,0.5,0.5,1.0,0,0,0,24.0,Strong Pitcher Advantage,Below average,51.8,5,Pitch-level Statcast · last 5 MLB games,438,4-Seam Fastball,25.34246575342466,111.0,Cutter,23.972602739726028,105.0,Sinker,18.72146118721461,82.0,Sweeper,18.264840182648403,80.0,Changeup,7.762557077625571,34.0,Curveball,5.936073059360731,26.0,Unknown,,Unknown,,No,94.0,0.94,1.0,39.2,0.935,0.966,37.9,Current-Season Handedness Matchup,Pull Air %,Barrel %,Max Exit Velocity,16.7,25.3,17.3,55.2,39.2,45.0,32.6,3.84,1.156,0.925,0.985,0.94,0.936,0.879,1.0,8.91,5.29,69.9,18.2,F,Lineup unconfirmed,,,
280,2026-08-12,822779,2026-08-12T23:07:00Z,Scheduled,Rogers Centre,Boston Red Sox @ Toronto Blue Jays,Away,678011,Anthony Seigler,Boston Red Sox,Toronto Blue Jays,2B,S,No,,41,154,136,34,11,0,3,19,12,13,1,26,0.25,0.316,0.397,0.713,10,35,31,7,0,0.226,0.0,19,69,62,15,1,0.242,0.0145,196,90,4.2,20.9,41.8,19.6,38.6,18.3,31.8,32.6,32.4,8.7,5.9,8.7,33.1,82.1,20.4,0.463,65.1,92.4,104.8,0.3,13.6,0.0,56.1,22.7,Weak,2.0,Contact-First Profile,A-,Elevated power plane,22.7,Weak,0.924,Good,4.4,24.1,91.3,0.449,Derived proxy,Derived proxy,Derived proxy,Derived proxy,,,8.12,5.12,Strong positive regression,Weak Contact-First Profile profile. 4.2% barrel rate; 82.1 mph average exit velocity; 31.8% air-ball rate; 32.6% pull-air rate; 8.7% HR-launch rate.,0.0195,0.025,4.05,37,13,45.3,0.82,81.6,Near normal interval,667755.0,José Soriano,R,Switch vs RHP,23,23,127.2,3.24,1.26,12,0.85,9.16,4.23,613.0,4.6,23.8,11.9,41.5,27.6,83.2,95.2,112.7,0.534,12.0,34.0,99.8,0.54,4.5,Sinker,L,LHB vs RHP,28.3,113,0.28,0.348,0.43,0.778,2,10,20,0.0177,3.5,0.475,297,0.0337,5.2,0.567,0,0,0,0/0,,,,,0,0,0,34.7,Slight Pitcher Advantage,Below average,50.0,5,Pitch-level Statcast · last 5 MLB games,444,Knuckle Curve,30.63063063063063,136.0,Sinker,29.054054054054053,129.0,4-Seam Fastball,22.07207207207207,98.0,Split-Finger,15.765765765765765,70.0,Slider,2.4774774774774775,11.0,,,,Unknown,,Unknown,,No,100.0,1.0,1.0,50.0,0.968,0.971,31.0,Current-Season Handedness Matchup,Pull Air %,Barrel %,Max Exit Velocity,28.3,32.7,34.0,15.9,50.0,45.0,32.6,3.84,0.782,0.96,1.035,1.0,0.924,0.924,1.0,9.73,5.1,68.5,19.0,F,Lineup unconfirmed,,,
281,2026-08-12,824883,2026-08-12T23:15:00Z,Scheduled,Truist Park,New York Mets @ Atlanta Braves,Away,672356,Gabriel Arias,New York Mets,Atlanta Braves,3B,R,No,,44,139,132,31,3,0,5,13,11,7,0,58,0.235,0.273,0.371,0.644,4,13,13,0,0,0.0,0.0,13,42,40,9,0,0.225,0.0,130,36,4.5,20.4,37.6,28.4,33.0,9.4,20.3,26.0,27.8,4.5,2.5,4.5,46.4,81.6,6.6,0.568,72.4,93.8,111.4,39.9,10.4,6.4,43.8,24.1,Weak,2.0,Contact-First Profile,C,Low line-drive plane,24.1,Weak,0.927,Good,2.8,16.7,91.2,0.385,Derived proxy,Derived proxy,Derived proxy,Derived proxy,,,4.76,-0.24,Near expected,Weak Contact-First Profile profile. 4.5% barrel rate; 81.6 mph average exit velocity; 20.3% air-ball rate; 26.0% pull-air rate; 4.5% HR-launch rate.,0.036,0.0341,3.87,48,15,26.4,1.82,181.8,Above normal drought,641816.0,Tyler Mahle,R,RHB vs RHP,19,19,100.2,4.83,1.36,14,1.25,8.76,3.49,530.0,4.2,22.3,15.3,37.5,28.9,82.6,94.7,110.5,0.523,14.0,22.5,99.9,0.444,3.5,4-Seam Fastball,R,RHB vs RHP,52.7,92,0.287,0.326,0.494,0.82,5,5,35,0.0543,7.6,0.76,198,0.0354,5.7,0.576,0,0,0,0/0,,,,,0,0,0,41.6,Slight Pitcher Advantage,Below average,50.0,5,Pitch-level Statcast · last 5 MLB games,474,4-Seam Fastball,49.57805907172996,235.0,Split-Finger,25.738396624472575,122.0,Cutter,23.839662447257385,113.0,Slider,0.8438818565400844,4.0,,,,,,,Unknown,,Unknown,,No,103.0,1.03,1.0,55.4,0.945,0.967,40.3,Current-Season Handedness Matchup,Pull Air %,Barrel %,Max Exit Velocity,52.7,27.4,22.5,8.2,55.4,45.0,32.5,3.83,0.78,1.024,0.985,0.975,0.927,0.904,1.035,12.58,6.09,65.3,23.8,F,Lineup unconfirmed,,,
282,2026-08-12,824967,2026-08-12T19:05:00Z,Scheduled,Sutter Health Park,Tampa Bay Rays @ Athletics,Home,643446,Jeff McNeil,Athletics,Tampa Bay Rays,2B,L,No,,105,360,326,83,13,0,4,32,36,25,4,43,0.255,0.312,0.331,0.643,10,35,32,10,0,0.312,0.0,20,66,61,23,1,0.377,0.0152,588,104,1.3,19.8,51.2,24.3,24.5,10.6,25.5,52.9,34.0,4.8,1.9,4.8,60.8,81.0,19.2,0.433,67.0,92.5,104.8,2.6,11.4,0.7,39.6,22.8,Weak,2.0,Pull Power,A,Excellent HR swing plane,22.8,Weak,0.924,Good,1.9,67.9,93.0,0.476,Derived proxy,Derived proxy,Derived proxy,Derived proxy,,,14.38,10.38,Strong positive regression,Weak Pull Power profile. 1.3% barrel rate; 81.0 mph average exit velocity; 25.5% air-ball rate; 52.9% pull-air rate; 4.8% HR-launch rate.,0.0111,0.0163,3.87,49,15,81.5,0.6,60.1,Recently homered,656876.0,Drew Rasmussen,R,LHB vs RHP,22,22,124.1,2.75,0.91,12,0.87,9.41,1.59,660.0,3.8,20.6,11.4,42.2,28.5,82.0,93.7,111.9,0.487,12.0,16.6,100.0,0.416,1.4,Cutter,L,LHB vs RHP,20.0,282,0.268,0.319,0.358,0.677,4,17,38,0.0142,1.3,0.436,303,0.0297,3.3,0.495,2,2,1,1/2,0.5,0.5,0.5,1.0,0,0,0,25.0,Strong Pitcher Advantage,Below average,50.9,5,Pitch-level Statcast · last 5 MLB games,428,4-Seam Fastball,36.6822429906542,157.0,Sinker,24.53271028037383,105.0,Cutter,23.130841121495326,99.0,Changeup,12.149532710280374,52.0,Curveball,2.336448598130841,10.0,Sweeper,1.1682242990654206,5.0,Unknown,,Unknown,,No,100.0,1.0,1.0,50.0,0.933,0.963,36.9,Current-Season Handedness Matchup,Pull Air %,Barrel %,Max Exit Velocity,20.0,27.6,16.6,39.9,50.0,45.0,32.4,3.83,0.844,0.963,1.025,0.94,0.924,0.868,1.0,6.17,3.93,82.3,17.8,F,Lineup unconfirmed,,,
283,2026-08-12,823916,2026-08-13T02:10:00Z,Scheduled,UNIQLO Field at Dodger Stadium,Kansas City Royals @ Los Angeles Dodgers,Home,669242,Tommy Edman,Los Angeles Dodgers,Kansas City Royals,2B,S,No,,44,165,148,41,6,2,3,21,22,10,5,33,0.277,0.344,0.405,0.749,11,44,42,6,1,0.143,0.0227,22,87,81,18,2,0.222,0.023,206,100,4.2,25.5,47.9,28.6,23.4,15.5,25.9,32.9,25.0,5.2,3.6,5.2,39.2,83.2,12.2,0.486,69.4,95.2,109.4,10.9,10.4,3.1,53.8,23.4,Weak,2.0,Contact-First Profile,A,Excellent HR swing plane,23.4,Weak,0.926,Good,4.0,29.6,95.4,0.455,Derived proxy,Derived proxy,Derived proxy,Derived proxy,,,7.99,4.99,Strong positive regression,Weak Contact-First Profile profile. 4.2% barrel rate; 83.2 mph average exit velocity; 25.9% air-ball rate; 32.9% pull-air rate; 5.2% HR-launch rate.,0.0182,0.024,3.99,28,7,49.3,0.57,56.8,Recently homered,663738.0,Daniel Lynch IV,L,Switch vs LHP,47,1,47.2,2.45,1.01,2,0.38,6.99,2.64,220.0,3.2,25.0,15.5,31.7,25.0,83.1,95.6,111.3,0.441,2.0,31.2,93.1,0.531,3.5,Sinker,R,RHB vs LHP,35.0,54,0.213,0.315,0.383,0.698,2,5,15,0.037,6.1,0.537,108,0.0185,3.1,0.511,3,3,2,2/3,0.667,0.667,1.0,1.667,0,0,0,37.4,Slight Pitcher Advantage,Below average,53.8,5,Pitch-level Statcast · last 5 MLB games,78,Changeup,33.333333333333336,26.0,Sinker,24.358974358974358,19.0,Slider,16.666666666666668,13.0,4-Seam Fastball,14.102564102564102,11.0,Knuckle Curve,11.538461538461538,9.0,,,,Unknown,,Unknown,,No,100.0,1.0,1.0,50.0,0.962,0.957,36.8,Current-Season Handedness Matchup,Pull Air %,Barrel %,Max Exit Velocity,35.0,21.3,31.2,28.2,50.0,45.0,32.2,3.82,0.981,0.922,1.035,1.0,0.926,0.926,1.0,9.24,5.44,70.7,20.1,F,Lineup unconfirmed,,,
284,2026-08-12,824883,2026-08-12T23:15:00Z,Scheduled,Truist Park,New York Mets @ Atlanta Braves,Away,666182,Bo Bichette,New York Mets,Atlanta Braves,3B,R,No,,120,520,477,125,19,1,11,58,60,34,2,94,0.262,0.31,0.375,0.685,12,53,48,15,1,0.312,0.0189,24,107,97,28,1,0.289,0.0093,771,152,2.7,20.8,25.3,30.8,43.7,11.0,24.3,28.5,37.8,4.4,1.4,4.4,45.0,81.8,15.6,0.469,68.1,93.8,113.5,12.9,8.2,3.9,26.2,19.2,Weak,2.0,Contact-First Profile,A,Excellent HR swing plane,19.2,Weak,0.914,Good,1.3,28.6,91.5,0.401,Derived proxy,Derived proxy,Derived proxy,Derived proxy,,,20.51,9.51,Strong positive regression,Weak Contact-First Profile profile. 2.7% barrel rate; 81.8 mph average exit velocity; 24.3% air-ball rate; 28.5% pull-air rate; 4.4% HR-launch rate.,0.0212,0.0232,4.05,28,7,43.4,0.65,64.6,Recently homered,641816.0,Tyler Mahle,R,RHB vs RHP,19,19,100.2,4.83,1.36,14,1.25,8.76,3.49,530.0,4.2,22.3,15.3,37.5,28.9,82.6,94.7,110.5,0.523,14.0,29.1,99.9,0.537,2.2,4-Seam Fastball,R,RHB vs RHP,28.7,384,0.259,0.302,0.349,0.651,6,22,73,0.0156,3.0,0.484,198,0.0354,5.7,0.576,5,5,2,2/5,0.4,0.4,0.4,0.8,0,0,1,32.5,Slight Pitcher Advantage,Below average,46.9,5,Pitch-level Statcast · last 5 MLB games,474,4-Seam Fastball,49.57805907172996,235.0,Split-Finger,25.738396624472575,122.0,Cutter,23.839662447257385,113.0,Slider,0.8438818565400844,4.0,,,,,,,Unknown,,Unknown,,No,103.0,1.03,1.0,55.4,0.958,0.967,34.9,Current-Season Handedness Matchup,Pull Air %,Barrel %,Max Exit Velocity,28.7,27.4,29.1,15.0,55.4,45.0,32.1,3.82,0.86,1.024,0.985,1.0,0.914,0.914,1.0,9.06,5.21,85.0,20.8,F,Lineup unconfirmed,,,
285,2026-08-12,824562,2026-08-12T23:40:00Z,Scheduled,Rate Field,Cincinnati Reds @ Chicago White Sox,Away,624431,Jose Trevino,Cincinnati Reds,Chicago White Sox,C,R,No,,32,94,91,22,3,0,4,10,12,1,0,19,0.242,0.25,0.407,0.657,3,10,10,2,1,0.2,0.1,7,24,24,6,3,0.25,0.125,110,31,2.3,20.4,42.1,30.7,25.4,16.8,22.1,45.0,23.3,2.9,2.3,2.9,235.0,81.2,15.8,0.334,66.9,93.1,103.2,1.7,4.1,0.0,63.9,18.0,Weak,1.5,Pull Power,A,Excellent HR swing plane,18.0,Weak,0.91,Good,3.2,50.0,90.9,0.297,Derived proxy,Derived proxy,Derived proxy,Derived proxy,,,2.9,-1.1,Near expected,Weak Pull Power profile. 2.3% barrel rate; 81.2 mph average exit velocity; 22.1% air-ball rate; 45.0% pull-air rate; 2.9% HR-launch rate.,0.0426,0.0366,3.99,7,2,22.8,0.31,30.8,Very recent HR,622491.0,Luis Castillo,R,RHB vs RHP,21,18,103.2,5.3,1.41,17,1.48,7.9,2.86,685.0,5.5,25.1,13.4,38.7,29.2,83.7,95.3,113.8,0.579,17.0,13.0,99.9,0.38,1.8,4-Seam Fastball,R,RHB vs RHP,27.6,78,0.237,0.247,0.434,0.681,4,1,14,0.0513,2.2,0.337,190,0.0211,3.4,0.517,13,13,4,4/13,0.308,0.308,0.385,0.693,0,0,1,23.9,Strong Pitcher Advantage,Below average,34.4,5,Pitch-level Statcast · last 5 MLB games,454,4-Seam Fastball,41.629955947136565,189.0,Slider,27.312775330396477,124.0,Sinker,17.841409691629956,81.0,Changeup,13.215859030837004,60.0,,,,,,,Unknown,,Unknown,,No,100.0,1.0,1.0,50.0,0.926,0.98,32.3,Current-Season Handedness Matchup,Pull Air %,Barrel %,Max Exit Velocity,27.6,36.2,13.0,36.7,50.0,45.0,32.1,3.82,1.0,1.061,0.985,1.0,0.91,0.91,0.98,13.84,7.42,60.6,20.5,F,Lineup unconfirmed,,,
286,2026-08-12,823187,2026-08-12T19:45:00Z,Scheduled,Oracle Park,Houston Astros @ San Francisco Giants,Home,682674,Victor Bericoto,San Francisco Giants,Houston Astros,RF,R,No,,25,63,62,17,3,0,4,7,9,1,0,18,0.274,0.286,0.516,0.802,1,4,4,0,0,0.0,0.0,1,4,4,0,0,0.0,0.0,88,0,6.8,26.1,34.9,30.2,34.9,13.6,21.6,26.3,21.6,9.1,6.8,9.1,66.7,81.9,14.1,0.617,72.8,93.3,108.7,42.5,12.5,9.4,49.6,31.3,Weak,2.5,Contact-First Profile,A,Excellent HR swing plane,31.3,Weak,0.948,Good,,,,,Derived proxy,Derived proxy,Derived proxy,Derived proxy,,,4.89,0.89,Near expected,Weak Contact-First Profile profile. 6.8% barrel rate; 81.9 mph average exit velocity; 21.6% air-ball rate; 26.3% pull-air rate; 9.1% HR-launch rate.,0.0635,0.0428,4.03,23,6,15.5,1.48,148.4,Above normal drought,687911.0,Bryan King,L,RHB vs LHP,47,0,49.1,3.83,1.36,7,1.28,7.3,3.1,319.0,3.1,21.9,8.8,35.2,33.9,81.0,93.3,109.4,0.48,7.0,26.3,99.5,0.492,3.1,4-Seam Fastball,R,RHB vs LHP,40.6,29,0.31,0.31,0.517,0.828,1,0,10,0.0345,4.3,0.449,139,0.0432,3.8,0.502,0,0,0,0/0,,,,,0,0,0,37.5,Slight Pitcher Advantage,Below average,50.0,5,Pitch-level Statcast · last 5 MLB games,87,4-Seam Fastball,49.42528735632184,43.0,Sinker,24.137931034482758,21.0,Sweeper,24.137931034482758,21.0,Changeup,2.2988505747126435,2.0,,,,,,,Unknown,,Unknown,,No,91.0,0.91,1.0,33.8,0.953,0.956,36.8,Current-Season Handedness Matchup,Pull Air %,Barrel %,Max Exit Velocity,40.6,22.2,26.3,50.0,33.8,45.0,32.1,3.82,1.0,1.02,1.025,1.0,0.948,0.948,1.035,16.18,8.35,56.8,26.9,F,Small season sample; Lineup unconfirmed; Limited recent games,,,
287,2026-08-12,822779,2026-08-12T23:07:00Z,Scheduled,Rogers Centre,Boston Red Sox @ Toronto Blue Jays,Home,669701,Josh Smith,Toronto Blue Jays,Boston Red Sox,2B,L,No,,53,174,153,33,3,1,2,12,9,18,1,37,0.216,0.301,0.288,0.589,9,22,18,4,1,0.222,0.0455,13,36,31,5,1,0.161,0.0278,231,39,4.9,17.4,41.4,27.6,30.9,16.1,25.0,36.6,24.9,4.8,1.7,4.8,29.3,78.7,13.4,0.412,66.5,91.8,106.6,3.9,8.0,0.6,37.4,17.5,Weak,1.5,Contact-First Profile,A,Excellent HR swing plane,17.5,Weak,0.909,Good,5.1,33.3,89.9,0.409,Derived proxy,Derived proxy,Derived proxy,Derived proxy,,,9.6,7.6,Strong positive regression,Weak Contact-First Profile profile. 4.9% barrel rate; 78.7 mph average exit velocity; 25.0% air-ball rate; 36.6% pull-air rate; 4.8% HR-launch rate.,0.0115,0.0199,3.87,7,4,76.5,0.09,9.2,Very recent HR,624133.0,Ranger Suarez,L,LHB vs LHP,20,20,103.0,3.32,1.17,6,0.52,9.44,2.62,538.0,3.0,21.0,11.3,44.1,31.4,80.9,93.6,113.6,0.484,6.0,24.4,99.8,0.432,5.1,Sinker,L,LHB vs LHP,35.7,28,0.115,0.148,0.115,0.264,0,1,12,0.0,3.6,0.346,115,0.0261,4.8,0.543,3,3,0,0/3,0.0,0.0,0.0,0.0,0,0,1,33.1,Slight Pitcher Advantage,Below average,42.5,5,Pitch-level Statcast · last 5 MLB games,347,4-Seam Fastball,23.34293948126801,81.0,Cutter,21.902017291066283,76.0,Sinker,19.020172910662826,66.0,Curveball,17.002881844380404,59.0,Changeup,9.510086455331413,33.0,Slider,9.221902017291066,32.0,Unknown,,Unknown,,No,100.0,1.0,1.0,50.0,0.949,0.955,35.1,Current-Season Handedness Matchup,Pull Air %,Barrel %,Max Exit Velocity,35.7,28.7,24.4,23.2,50.0,45.0,32.0,3.82,1.336,0.907,0.985,0.94,0.909,0.854,0.98,7.47,5.15,67.3,17.7,F,Lineup unconfirmed,,,
288,2026-08-12,823017,2026-08-12T18:15:00Z,Scheduled,Busch Stadium,Philadelphia Phillies @ St. Louis Cardinals,Away,650333,Luis Arraez,Philadelphia Phillies,St. Louis Cardinals,2B,L,No,,113,502,456,143,25,7,5,56,48,26,4,23,0.314,0.349,0.432,0.781,11,51,48,8,1,0.167,0.0196,22,100,95,24,1,0.253,0.01,808,174,0.8,10.7,36.7,26.6,36.7,17.9,31.9,31.2,34.6,3.2,2.1,3.2,82.5,81.6,20.5,0.388,61.6,91.0,108.1,0.0,6.3,0.0,49.3,15.2,Weak,1.5,Contact-First Profile,A-,Elevated power plane,15.2,Weak,0.903,Good,1.1,28.6,90.8,0.382,Derived proxy,Derived proxy,Derived proxy,Derived proxy,,,12.14,7.14,Strong positive regression,Weak Contact-First Profile profile. 0.8% barrel rate; 81.6 mph average exit velocity; 31.9% air-ball rate; 31.2% pull-air rate; 3.2% HR-launch rate.,0.01,0.0142,4.05,27,6,91.2,0.3,29.6,Very recent HR,681517.0,Kyle Leahy,R,LHB vs RHP,22,22,112.1,3.45,1.34,12,0.96,7.93,2.8,612.0,6.9,30.4,12.1,44.5,29.7,84.4,97.4,114.9,0.599,12.0,11.2,99.9,0.362,0.6,4-Seam Fastball,L,LHB vs RHP,27.2,352,0.32,0.359,0.439,0.798,4,23,10,0.0114,0.7,0.412,250,0.028,7.8,0.668,2,2,0,0/2,0.0,0.0,0.0,0.0,0,0,0,25.1,Strong Pitcher Advantage,Below average,45.0,5,Pitch-level Statcast · last 5 MLB games,421,4-Seam Fastball,22.327790973871736,94.0,Curveball,18.28978622327791,77.0,Slider,16.8646080760095,71.0,Changeup,14.964370546318289,63.0,Sweeper,14.964370546318289,63.0,Sinker,12.589073634204276,53.0,Unknown,,Unknown,,No,100.0,1.0,1.0,50.0,0.922,0.994,28.9,Current-Season Handedness Matchup,Pull Air %,Barrel %,Max Exit Velocity,27.2,48.3,11.2,13.7,50.0,45.0,31.9,3.81,1.03,0.978,1.025,1.0,0.903,0.903,0.98,5.63,4.23,85.0,20.6,F,Lineup unconfirmed,,,
289,2026-08-12,824967,2026-08-12T19:05:00Z,Scheduled,Sutter Health Park,Tampa Bay Rays @ Athletics,Home,666126,Carlos Cortes,Athletics,Tampa Bay Rays,RF,L,No,,89,272,240,62,13,1,7,23,30,25,4,41,0.258,0.335,0.408,0.743,8,19,15,2,0,0.133,0.0,16,42,36,5,1,0.139,0.0238,363,44,3.7,20.6,44.8,26.9,27.6,11.9,25.4,28.0,30.1,6.6,3.9,6.6,63.4,83.1,18.5,0.432,69.1,94.3,110.0,14.1,11.1,3.9,41.6,21.5,Weak,2.0,Contact-First Profile,A,Excellent HR swing plane,21.5,Weak,0.92,Good,2.3,18.2,93.4,0.347,Derived proxy,Derived proxy,Derived proxy,Derived proxy,,,12.92,5.92,Strong positive regression,Weak Contact-First Profile profile. 3.7% barrel rate; 83.1 mph average exit velocity; 25.4% air-ball rate; 28.0% pull-air rate; 6.6% HR-launch rate.,0.0257,0.0277,3.99,28,14,34.3,0.82,81.7,Near normal interval,656876.0,Drew Rasmussen,R,LHB vs RHP,22,22,124.1,2.75,0.91,12,0.87,9.41,1.59,660.0,3.8,20.6,11.4,42.2,28.5,82.0,93.7,111.9,0.487,12.0,38.7,100.0,0.572,5.2,Cutter,L,LHB vs RHP,27.9,253,0.248,0.328,0.396,0.724,7,25,35,0.0277,4.6,0.485,303,0.0297,3.3,0.495,3,3,0,0/3,0.0,0.0,0.0,0.0,0,0,1,34.6,Slight Pitcher Advantage,Below average,42.5,5,Pitch-level Statcast · last 5 MLB games,428,4-Seam Fastball,36.6822429906542,157.0,Sinker,24.53271028037383,105.0,Cutter,23.130841121495326,99.0,Changeup,12.149532710280374,52.0,Curveball,2.336448598130841,10.0,Sweeper,1.1682242990654206,5.0,Unknown,,Unknown,,No,100.0,1.0,1.0,50.0,0.977,0.963,31.8,Current-Season Handedness Matchup,Pull Air %,Barrel %,Max Exit Velocity,27.9,27.6,38.7,11.4,50.0,45.0,31.9,3.81,0.832,0.963,1.025,1.0,0.92,0.92,1.0,10.59,5.53,74.8,21.0,F,Lineup unconfirmed,,,
290,2026-08-12,824967,2026-08-12T19:05:00Z,Scheduled,Sutter Health Park,Tampa Bay Rays @ Athletics,Home,671732,Lawrence Butler,Athletics,Tampa Bay Rays,RF,L,No,,112,359,315,65,13,1,8,44,32,41,1,91,0.206,0.299,0.33,0.629,12,48,46,10,2,0.217,0.0417,24,85,75,18,3,0.24,0.0353,454,116,4.2,24.0,41.9,30.5,27.1,12.6,22.9,27.4,32.3,4.4,2.2,4.4,37.9,82.2,16.7,0.501,71.7,94.0,111.1,37.1,9.6,9.2,39.3,24.9,Weak,2.0,Contact-First Profile,A,Excellent HR swing plane,24.9,Weak,0.93,Good,4.3,27.6,93.0,0.496,Derived proxy,Derived proxy,Derived proxy,Derived proxy,,,16.27,8.27,Strong positive regression,Weak Contact-First Profile profile. 4.2% barrel rate; 82.2 mph average exit velocity; 22.9% air-ball rate; 27.4% pull-air rate; 4.4% HR-launch rate.,0.0223,0.0247,3.87,0,0,39.4,0.0,0.0,Very recent HR,656876.0,Drew Rasmussen,R,LHB vs RHP,22,22,124.1,2.75,0.91,12,0.87,9.41,1.59,660.0,3.8,20.6,11.4,42.2,28.5,82.0,93.7,111.9,0.487,12.0,28.8,100.0,0.509,3.4,Cutter,L,LHB vs RHP,28.8,265,0.21,0.302,0.335,0.637,6,31,68,0.0226,4.7,0.547,303,0.0297,3.3,0.495,1,0,0,0/0,0.0,1.0,0.0,1.0,0,1,0,33.1,Slight Pitcher Advantage,Below average,50.4,5,Pitch-level Statcast · last 5 MLB games,428,4-Seam Fastball,36.6822429906542,157.0,Sinker,24.53271028037383,105.0,Cutter,23.130841121495326,99.0,Changeup,12.149532710280374,52.0,Curveball,2.336448598130841,10.0,Sweeper,1.1682242990654206,5.0,Unknown,,Unknown,,No,100.0,1.0,1.0,50.0,0.958,0.963,33.9,Current-Season Handedness Matchup,Pull Air %,Barrel %,Max Exit Velocity,28.8,27.6,28.8,22.2,50.0,45.0,31.9,3.81,1.228,0.963,1.025,0.94,0.93,0.874,0.98,9.23,6.08,83.8,21.5,F,Lineup unconfirmed,,,
291,2026-08-12,824967,2026-08-12T19:05:00Z,Scheduled,Sutter Health Park,Tampa Bay Rays @ Athletics,Home,703607,Henry Bolte,Athletics,Tampa Bay Rays,CF,R,No,,77,282,249,65,9,0,5,27,22,19,10,80,0.261,0.336,0.357,0.693,12,44,41,14,2,0.341,0.0455,23,80,73,19,2,0.26,0.025,304,91,4.7,29.0,23.7,42.9,33.0,10.1,20.3,18.9,31.1,4.5,2.4,4.5,39.0,84.3,8.3,0.55,74.3,97.9,113.5,67.5,8.2,14.7,42.4,29.6,Weak,2.0,Contact-First Profile,C,Low line-drive plane,29.6,Weak,0.943,Good,5.5,10.0,98.1,0.586,Derived proxy,Derived proxy,Derived proxy,Derived proxy,,,11.68,6.68,Strong positive regression,Weak Contact-First Profile profile. 4.7% barrel rate; 84.3 mph average exit velocity; 20.3% air-ball rate; 18.9% pull-air rate; 4.5% HR-launch rate.,0.0177,0.022,3.99,12,3,49.8,0.24,24.1,Very recent HR,656876.0,Drew Rasmussen,R,RHB vs RHP,22,22,124.1,2.75,0.91,12,0.87,9.41,1.59,660.0,3.8,20.6,11.4,42.2,28.5,82.0,93.7,111.9,0.487,12.0,33.4,100.0,0.542,4.1,Cutter,R,RHB vs RHP,16.5,169,0.259,0.339,0.32,0.659,1,13,39,0.0059,2.1,0.45,182,0.0165,4.6,0.475,0,0,0,0/0,,,,,0,0,0,29.1,Strong Pitcher Advantage,Below average,50.0,5,Pitch-level Statcast · last 5 MLB games,428,4-Seam Fastball,36.6822429906542,157.0,Sinker,24.53271028037383,105.0,Cutter,23.130841121495326,99.0,Changeup,12.149532710280374,52.0,Curveball,2.336448598130841,10.0,Sweeper,1.1682242990654206,5.0,Unknown,,Unknown,,No,100.0,1.0,1.0,50.0,0.967,0.963,30.4,Current-Season Handedness Matchup,Pull Air %,Barrel %,Max Exit Velocity,16.5,27.6,33.4,28.0,50.0,45.0,31.8,3.81,1.259,0.963,0.985,1.0,0.943,0.943,0.98,8.49,6.02,78.5,21.3,F,Lineup unconfirmed,,,
292,2026-08-12,823833,2026-08-12T22:40:00Z,Scheduled,loanDepot park,Pittsburgh Pirates @ Miami Marlins,Away,669707,Jared Triolo,Pittsburgh Pirates,Miami Marlins,SS,R,No,,85,265,236,57,12,0,1,23,21,22,4,57,0.242,0.317,0.305,0.622,11,20,16,3,0,0.188,0.0,22,50,43,12,0,0.279,0.0,314,62,2.4,23.6,36.4,32.7,30.5,10.2,26.8,36.0,33.0,3.2,1.6,3.2,10.8,81.2,13.0,0.423,67.0,93.3,108.5,4.2,8.1,0.7,43.0,17.9,Weak,1.5,Contact-First Profile,A,Excellent HR swing plane,17.9,Weak,0.91,Good,3.2,47.1,92.5,0.438,Derived proxy,Derived proxy,Derived proxy,Derived proxy,,,7.88,6.88,Strong positive regression,Weak Contact-First Profile profile. 2.4% barrel rate; 81.2 mph average exit velocity; 26.8% air-ball rate; 36.0% pull-air rate; 3.2% HR-launch rate.,0.0038,0.0126,3.93,81,33,236.0,0.34,34.3,Very recent HR,676083.0,Janson Junk,R,RHB vs RHP,16,16,81.2,4.63,1.36,12,1.32,6.83,2.53,509.0,4.3,24.0,11.8,51.8,28.1,82.8,95.1,114.2,0.513,12.0,17.5,99.9,0.425,1.6,4-Seam Fastball,R,RHB vs RHP,19.6,172,0.225,0.308,0.291,0.599,1,15,41,0.0058,2.0,0.384,132,0.0455,4.8,0.455,3,3,0,0/3,0.0,0.0,0.0,0.0,0,0,0,23.4,Strong Pitcher Advantage,Below average,42.5,5,Pitch-level Statcast · last 5 MLB games,360,4-Seam Fastball,45.833333333333336,165.0,Changeup,14.166666666666666,51.0,Slider,13.61111111111111,49.0,Sweeper,13.055555555555555,47.0,Sinker,8.055555555555555,29.0,Curveball,5.277777777777778,19.0,Unknown,,Unknown,,No,94.0,0.94,1.0,39.2,0.935,0.968,31.3,Current-Season Handedness Matchup,Pull Air %,Barrel %,Max Exit Velocity,19.6,36.6,17.5,37.1,39.2,45.0,31.8,3.81,0.758,1.035,0.985,0.94,0.91,0.856,0.98,4.85,3.31,74.9,15.8,F,Lineup unconfirmed,,,
293,2026-08-12,823672,2026-08-12T17:40:00Z,Scheduled,Target Field,Baltimore Orioles @ Minnesota Twins,Home,668885,Austin Martin,Minnesota Twins,Baltimore Orioles,RF,R,No,,107,330,277,67,16,0,3,41,23,43,7,58,0.242,0.355,0.332,0.687,11,32,28,6,1,0.214,0.0312,23,58,48,10,1,0.208,0.0172,374,69,2.7,20.1,37.4,35.7,26.9,11.9,25.5,43.9,30.8,5.2,3.8,5.2,39.5,80.6,13.5,0.41,64.8,92.7,106.1,3.1,9.3,1.0,46.6,21.4,Weak,2.0,Pull Power,A,Excellent HR swing plane,21.4,Weak,0.92,Good,4.3,53.3,92.4,0.399,Derived proxy,Derived proxy,Derived proxy,Derived proxy,,,11.6,8.6,Strong positive regression,Weak Pull Power profile. 2.7% barrel rate; 80.6 mph average exit velocity; 25.5% air-ball rate; 43.9% pull-air rate; 5.2% HR-launch rate.,0.0091,0.0152,3.99,0,0,92.3,0.0,0.0,Very recent HR,669358.0,Shane Baz,R,RHB vs RHP,23,23,136.1,3.76,1.32,10,0.66,7.92,3.04,799.0,3.8,24.2,13.3,39.0,29.9,83.0,94.8,116.9,0.52,10.0,21.4,67.1,0.449,2.8,4-Seam Fastball,R,RHB vs RHP,13.5,176,0.229,0.307,0.28,0.587,1,17,35,0.0057,0.5,0.382,246,0.0163,3.4,0.497,0,0,0,0/0,,,,,0,0,0,23.6,Strong Pitcher Advantage,Below average,50.0,5,Pitch-level Statcast · last 5 MLB games,463,4-Seam Fastball,35.85313174946004,166.0,Knuckle Curve,30.237580993520517,140.0,Cutter,12.095032397408207,56.0,Changeup,11.44708423326134,53.0,Sinker,10.367170626349893,48.0,,,,Unknown,,Unknown,,No,100.0,1.0,1.0,50.0,0.943,0.963,31.8,Current-Season Handedness Matchup,Pull Air %,Barrel %,Max Exit Velocity,13.5,27.9,21.4,44.0,50.0,45.0,31.7,3.81,1.256,0.93,0.985,0.965,0.92,0.888,0.98,5.93,4.52,80.2,19.0,F,Lineup unconfirmed,,,
294,2026-08-12,823833,2026-08-12T22:40:00Z,Scheduled,loanDepot park,Pittsburgh Pirates @ Miami Marlins,Away,693304,Nick Gonzales,Pittsburgh Pirates,Miami Marlins,3B,R,No,,115,474,437,133,20,1,6,62,53,28,8,82,0.304,0.357,0.396,0.753,12,48,46,10,0,0.217,0.0,24,101,99,29,2,0.293,0.0198,661,136,2.0,21.0,33.9,34.5,31.2,12.5,27.1,31.9,32.7,3.7,2.0,3.7,55.8,82.3,13.6,0.471,69.0,93.2,108.3,11.8,8.6,3.2,43.1,18.2,Weak,1.5,Contact-First Profile,A,Excellent HR swing plane,18.2,Weak,0.911,Good,2.2,29.5,93.2,0.464,Derived proxy,Derived proxy,Derived proxy,Derived proxy,,,14.99,8.99,Strong positive regression,Weak Contact-First Profile profile. 2.0% barrel rate; 82.3 mph average exit velocity; 27.1% air-ball rate; 31.9% pull-air rate; 3.7% HR-launch rate.,0.0127,0.0166,4.05,77,19,72.8,1.06,105.7,Near normal interval,676083.0,Janson Junk,R,RHB vs RHP,16,16,81.2,4.63,1.36,12,1.32,6.83,2.53,509.0,4.3,24.0,11.8,51.8,28.1,82.8,95.1,114.2,0.513,12.0,25.6,99.9,0.5,2.3,4-Seam Fastball,R,RHB vs RHP,26.4,326,0.321,0.377,0.431,0.809,5,19,55,0.0153,2.2,0.511,132,0.0455,4.8,0.455,2,2,2,2/2,1.0,1.0,1.0,2.0,0,0,0,31.4,Slight Pitcher Advantage,Below average,52.5,5,Pitch-level Statcast · last 5 MLB games,360,4-Seam Fastball,45.833333333333336,165.0,Changeup,14.166666666666666,51.0,Slider,13.61111111111111,49.0,Sweeper,13.055555555555555,47.0,Sinker,8.055555555555555,29.0,Curveball,5.277777777777778,19.0,Unknown,,Unknown,,No,94.0,0.94,1.0,39.2,0.951,0.968,31.0,Current-Season Handedness Matchup,Pull Air %,Barrel %,Max Exit Velocity,26.4,36.6,25.6,19.9,39.2,45.0,31.6,3.81,0.892,1.035,0.985,1.0,0.911,0.911,1.0,6.54,4.22,85.0,21.6,F,Lineup unconfirmed,,,
295,2026-08-12,823916,2026-08-13T02:10:00Z,Scheduled,UNIQLO Field at Dodger Stadium,Kansas City Royals @ Los Angeles Dodgers,Home,500743,Miguel Rojas,Los Angeles Dodgers,Kansas City Royals,2B,R,No,,76,185,164,47,11,0,3,18,18,11,2,19,0.287,0.328,0.409,0.737,6,17,16,5,0,0.312,0.0,11,28,26,7,0,0.269,0.0,250,40,2.9,25.2,34.4,31.5,34.1,13.6,28.8,40.4,34.1,4.8,2.6,4.8,27.3,80.9,19.5,0.435,66.9,94.0,107.4,6.0,12.1,1.1,41.4,21.2,Weak,2.0,Contact-First Profile,A,Excellent HR swing plane,21.2,Weak,0.919,Good,0.0,46.2,91.1,0.393,Derived proxy,Derived proxy,Derived proxy,Derived proxy,,,7.64,4.64,Strong positive regression,Weak Contact-First Profile profile. 2.9% barrel rate; 80.9 mph average exit velocity; 28.8% air-ball rate; 40.4% pull-air rate; 4.8% HR-launch rate.,0.0162,0.0224,3.99,42,18,54.7,0.77,76.8,Recently homered,663738.0,Daniel Lynch IV,L,RHB vs LHP,47,1,47.2,2.45,1.01,2,0.38,6.99,2.64,220.0,3.2,25.0,15.5,31.7,25.0,83.1,95.6,111.3,0.441,2.0,28.5,93.1,0.468,5.3,Sinker,R,RHB vs LHP,26.6,116,0.324,0.371,0.495,0.866,3,8,13,0.0259,5.4,0.489,108,0.0185,3.1,0.511,3,3,0,0/3,0.0,0.0,0.0,0.0,0,0,0,30.4,Slight Pitcher Advantage,Below average,42.5,5,Pitch-level Statcast · last 5 MLB games,78,Changeup,33.333333333333336,26.0,Sinker,24.358974358974358,19.0,Slider,16.666666666666668,13.0,4-Seam Fastball,14.102564102564102,11.0,Knuckle Curve,11.538461538461538,9.0,,,,Unknown,,Unknown,,No,100.0,1.0,1.0,50.0,0.957,0.957,35.9,Current-Season Handedness Matchup,Pull Air %,Barrel %,Max Exit Velocity,26.6,21.3,28.5,30.8,50.0,45.0,31.6,3.8,0.758,0.922,1.025,1.0,0.919,0.919,1.0,8.65,4.47,67.5,18.0,F,Lineup unconfirmed,,,
296,2026-08-12,824241,2026-08-12T22:40:00Z,Scheduled,Comerica Park,Cleveland Guardians @ Detroit Tigers,Away,683953,Travis Bazzana,Cleveland Guardians,Detroit Tigers,2B,L,No,,87,375,323,78,15,2,9,37,36,45,4,83,0.241,0.339,0.384,0.723,9,37,32,7,0,0.219,0.0,22,93,79,20,2,0.253,0.0215,469,118,3.0,22.4,41.7,31.7,26.6,14.0,25.3,36.5,31.1,5.1,2.8,5.1,62.3,83.3,17.9,0.503,66.7,94.3,107.5,9.8,12.2,2.2,50.6,22.3,Weak,2.0,Contact-First Profile,A,Excellent HR swing plane,22.3,Weak,0.922,Good,2.5,36.7,93.7,0.55,Derived proxy,Derived proxy,Derived proxy,Derived proxy,,,14.96,5.96,Strong positive regression,Weak Contact-First Profile profile. 3.0% barrel rate; 83.3 mph average exit velocity; 25.3% air-ball rate; 36.5% pull-air rate; 5.1% HR-launch rate.,0.024,0.0259,4.05,63,18,35.9,1.76,175.5,Above normal drought,664285.0,Framber Valdez,L,LHB vs LHP,23,23,127.1,4.17,1.37,12,0.85,7.28,3.18,683.0,4.2,29.7,11.9,42.2,27.8,84.5,97.2,112.0,0.491,12.0,21.4,99.9,0.458,2.3,Sinker,L,LHB vs LHP,15.3,121,0.192,0.306,0.24,0.546,1,15,32,0.0083,3.2,0.414,129,0.0155,3.5,0.456,2,2,1,1/2,0.5,0.5,0.5,1.0,0,0,0,24.5,Strong Pitcher Advantage,Below average,50.9,5,Pitch-level Statcast · last 5 MLB games,417,Sinker,39.80815347721823,166.0,Curveball,34.77218225419664,145.0,Changeup,14.628297362110311,61.0,Slider,5.755395683453237,24.0,4-Seam Fastball,5.0359712230215825,21.0,,,,Unknown,,Unknown,,No,100.0,1.0,1.0,50.0,0.943,0.967,31.4,Current-Season Handedness Matchup,Pull Air %,Barrel %,Max Exit Velocity,15.3,32.7,21.4,28.3,50.0,45.0,31.6,3.8,0.826,0.96,0.985,1.0,0.922,0.922,1.035,10.1,5.22,84.4,25.9,F,Lineup unconfirmed,,,
297,2026-08-12,822779,2026-08-12T23:07:00Z,Scheduled,Rogers Centre,Boston Red Sox @ Toronto Blue Jays,Away,686765,Nick Sogard,Boston Red Sox,Toronto Blue Jays,2B,S,No,,24,99,81,21,5,1,0,11,3,16,0,17,0.259,0.381,0.346,0.727,11,53,41,10,0,0.244,0.0,12,58,46,12,0,0.261,0.0,113,67,3.3,19.4,44.9,36.7,18.4,11.1,25.6,45.8,28.3,5.5,3.3,5.5,0.0,79.9,20.0,0.401,65.9,92.1,104.9,5.8,11.1,1.7,48.8,21.6,Weak,2.0,Pull Power,A-,Elevated power plane,21.6,Weak,0.92,Good,3.0,41.2,92.6,0.416,Derived proxy,Derived proxy,Derived proxy,Derived proxy,,,4.0,4.0,Strong positive regression,Weak Pull Power profile. 3.3% barrel rate; 79.9 mph average exit velocity; 25.6% air-ball rate; 45.8% pull-air rate; 5.5% HR-launch rate.,0.0,0.0175,4.13,81,24,,,,No season HR,667755.0,José Soriano,R,Switch vs RHP,23,23,127.2,3.24,1.26,12,0.85,9.16,4.23,613.0,4.6,23.8,11.9,41.5,27.6,83.2,95.2,112.7,0.534,12.0,9.1,54.5,0.341,0.9,Sinker,L,LHB vs RHP,29.3,69,0.268,0.388,0.375,0.763,0,11,11,0.0,4.8,0.413,297,0.0337,5.2,0.567,0,0,0,0/0,,,,,0,0,0,26.4,Strong Pitcher Advantage,Below average,50.0,5,Pitch-level Statcast · last 5 MLB games,444,Knuckle Curve,30.63063063063063,136.0,Sinker,29.054054054054053,129.0,4-Seam Fastball,22.07207207207207,98.0,Split-Finger,15.765765765765765,70.0,Slider,2.4774774774774775,11.0,,,,Unknown,,Unknown,,No,100.0,1.0,1.0,50.0,0.92,0.971,36.1,Current-Season Handedness Matchup,Pull Air %,Barrel %,Max Exit Velocity,29.3,32.7,9.1,31.2,50.0,45.0,31.5,3.8,0.758,0.96,1.035,0.965,0.92,0.888,1.0,7.05,4.01,63.7,16.5,F,Lineup unconfirmed,,,
298,2026-08-12,823833,2026-08-12T22:40:00Z,Scheduled,loanDepot park,Pittsburgh Pirates @ Miami Marlins,Home,688363,Graham Pauley,Miami Marlins,Pittsburgh Pirates,3B,L,No,,42,106,100,19,8,0,1,9,12,5,0,25,0.19,0.229,0.3,0.529,2,3,3,2,0,0.667,0.0,6,9,9,3,0,0.333,0.0,147,17,2.7,16.4,60.8,19.7,19.5,14.1,25.9,70.5,27.0,4.8,2.7,4.8,20.0,80.0,18.1,0.359,69.7,91.0,104.0,15.1,11.1,1.6,48.5,22.0,Weak,2.0,Pull Power,A,Excellent HR swing plane,22.0,Weak,0.922,Good,0.0,75.0,88.9,0.396,Derived proxy,Derived proxy,Derived proxy,Derived proxy,,,5.31,4.31,Strong positive regression,Weak Pull Power profile. 2.7% barrel rate; 80.0 mph average exit velocity; 25.9% air-ball rate; 70.5% pull-air rate; 4.8% HR-launch rate.,0.0094,0.0214,3.81,40,20,100.0,0.4,40.0,Recently homered,669387.0,Carmen Mlodzinski,R,LHB vs RHP,26,10,97.1,3.51,1.36,8,0.74,7.12,2.96,549.0,4.9,30.1,14.0,40.5,30.1,84.6,96.5,111.7,0.542,8.0,12.5,99.9,0.335,4.0,4-Seam Fastball,L,LHB vs RHP,21.9,99,0.191,0.232,0.309,0.541,1,5,24,0.0101,3.6,0.367,256,0.0234,5.9,0.58,0,0,0,0/0,,,,,0,0,0,24.2,Strong Pitcher Advantage,Below average,50.0,5,Pitch-level Statcast · last 5 MLB games,223,Split-Finger,26.457399103139014,59.0,4-Seam Fastball,25.56053811659193,57.0,Sinker,19.730941704035875,44.0,Cutter,12.10762331838565,27.0,Sweeper,10.762331838565023,24.0,Curveball,5.381165919282512,12.0,Unknown,,Unknown,,No,94.0,0.94,1.0,39.2,0.925,0.974,34.9,Current-Season Handedness Matchup,Pull Air %,Barrel %,Max Exit Velocity,21.9,35.1,12.5,31.9,39.2,45.0,31.5,3.8,1.0,0.942,1.025,0.94,0.922,0.866,1.0,7.92,4.64,60.3,15.9,F,Lineup unconfirmed,,,
299,2026-08-12,823017,2026-08-12T18:15:00Z,Scheduled,Busch Stadium,Philadelphia Phillies @ St. Louis Cardinals,Home,701675,Nathan Church,St. Louis Cardinals,Philadelphia Phillies,CF,L,No,,101,333,307,73,9,1,9,38,37,18,3,66,0.238,0.283,0.362,0.645,12,44,39,13,1,0.333,0.0227,24,79,70,17,1,0.243,0.0127,521,127,3.0,16.4,39.4,36.1,24.5,9.8,21.1,41.7,34.3,4.6,3.3,4.6,46.8,77.8,23.1,0.466,67.0,90.2,108.5,8.0,8.7,1.9,39.8,20.6,Weak,2.0,Contact-First Profile,A-,Elevated power plane,20.6,Weak,0.918,Good,1.6,43.3,89.4,0.458,Derived proxy,Derived proxy,Derived proxy,Derived proxy,,,16.54,7.54,Strong positive regression,Weak Contact-First Profile profile. 3.0% barrel rate; 77.8 mph average exit velocity; 21.1% air-ball rate; 41.7% pull-air rate; 4.6% HR-launch rate.,0.027,0.0283,3.81,23,7,34.1,0.67,67.4,Recently homered,554430.0,Zack Wheeler,R,LHB vs RHP,19,19,110.1,2.69,0.98,14,1.14,10.77,2.28,553.0,3.8,21.2,12.1,38.7,29.8,81.6,93.3,111.8,0.472,14.0,22.5,100.0,0.467,2.4,4-Seam Fastball,L,LHB vs RHP,28.4,261,0.24,0.284,0.368,0.651,7,14,54,0.0268,3.5,0.479,261,0.0345,3.9,0.516,0,0,0,0/0,,,,,0,0,0,30.7,Slight Pitcher Advantage,Below average,50.0,5,Pitch-level Statcast · last 5 MLB games,405,4-Seam Fastball,32.592592592592595,132.0,Split-Finger,21.728395061728396,88.0,Sinker,13.333333333333334,54.0,Sweeper,13.08641975308642,53.0,Cutter,9.876543209876543,40.0,Curveball,9.382716049382717,38.0,Unknown,,Unknown,,No,100.0,1.0,1.0,50.0,0.945,0.963,36.4,Current-Season Handedness Matchup,Pull Air %,Barrel %,Max Exit Velocity,28.4,24.3,22.5,24.8,50.0,45.0,31.1,3.79,0.857,1.006,1.025,0.975,0.918,0.895,1.0,10.38,5.48,82.1,20.3,F,Lineup unconfirmed,,,
300,2026-08-12,824241,2026-08-12T22:40:00Z,Scheduled,Comerica Park,Cleveland Guardians @ Detroit Tigers,Away,677587,Brayan Rocchio,Cleveland Guardians,Detroit Tigers,SS,S,No,,117,456,409,103,17,2,9,44,50,31,9,67,0.252,0.316,0.369,0.685,10,41,36,4,0,0.111,0.0,23,97,90,15,1,0.167,0.0103,641,137,2.6,19.1,46.9,28.7,24.0,15.0,27.1,40.3,31.7,5.4,3.8,5.4,52.0,81.1,17.2,0.398,68.0,92.7,108.5,5.6,9.7,1.7,46.3,21.3,Weak,2.0,Contact-First Profile,A,Excellent HR swing plane,21.3,Weak,0.92,Good,3.6,39.5,92.8,0.36,Derived proxy,Derived proxy,Derived proxy,Derived proxy,,,19.03,10.03,Strong positive regression,Weak Contact-First Profile profile. 2.6% barrel rate; 81.1 mph average exit velocity; 27.1% air-ball rate; 40.3% pull-air rate; 5.4% HR-launch rate.,0.0197,0.0223,4.05,73,19,45.4,1.61,160.6,Above normal drought,664285.0,Framber Valdez,L,Switch vs LHP,23,23,127.1,4.17,1.37,12,0.85,7.28,3.18,683.0,4.2,29.7,11.9,42.2,27.8,84.5,97.2,112.0,0.491,12.0,11.0,99.9,0.36,1.7,Sinker,R,RHB vs LHP,24.0,141,0.232,0.29,0.368,0.658,3,8,21,0.0213,3.4,0.457,429,0.0233,4.5,0.5,2,1,1,1/1,1.0,1.0,3.0,4.0,0,1,0,25.1,Strong Pitcher Advantage,Below average,52.5,5,Pitch-level Statcast · last 5 MLB games,417,Sinker,39.80815347721823,166.0,Curveball,34.77218225419664,145.0,Changeup,14.628297362110311,61.0,Slider,5.755395683453237,24.0,4-Seam Fastball,5.0359712230215825,21.0,,,,Unknown,,Unknown,,No,100.0,1.0,1.0,50.0,0.922,0.967,34.2,Current-Season Handedness Matchup,Pull Air %,Barrel %,Max Exit Velocity,24.0,32.7,11.0,31.5,50.0,45.0,31.1,3.79,0.76,0.96,1.035,1.0,0.92,0.92,1.035,8.73,4.63,84.8,23.7,F,Lineup unconfirmed,,,
301,2026-08-12,822779,2026-08-12T23:07:00Z,Scheduled,Rogers Centre,Boston Red Sox @ Toronto Blue Jays,Home,665926,Andrés Giménez,Toronto Blue Jays,Boston Red Sox,SS,L,No,,115,391,360,86,18,1,8,32,48,12,12,77,0.239,0.283,0.361,0.644,12,45,40,13,1,0.325,0.0222,24,78,71,19,1,0.268,0.0128,567,112,1.8,12.9,48.2,27.7,23.8,11.7,23.4,45.9,27.7,3.5,3.1,3.5,69.5,79.2,15.3,0.427,64.3,89.9,107.9,4.7,6.8,0.5,46.9,19.2,Weak,2.0,Pull Power,A,Excellent HR swing plane,19.2,Weak,0.914,Good,1.8,50.0,88.6,0.462,Derived proxy,Derived proxy,Derived proxy,Derived proxy,,,13.68,5.68,Strong positive regression,Weak Pull Power profile. 1.8% barrel rate; 79.2 mph average exit velocity; 23.4% air-ball rate; 45.9% pull-air rate; 3.5% HR-launch rate.,0.0205,0.0232,3.81,16,4,45.0,0.36,35.6,Recently homered,624133.0,Ranger Suarez,L,LHB vs LHP,20,20,103.0,3.32,1.17,6,0.52,9.44,2.62,538.0,3.0,21.0,11.3,44.1,31.4,80.9,93.6,113.6,0.484,6.0,18.4,99.8,0.428,2.3,Sinker,L,LHB vs LHP,21.0,102,0.202,0.257,0.309,0.566,2,2,16,0.0196,1.4,0.36,115,0.0261,4.8,0.543,7,5,1,1/5,0.2,0.333,0.4,0.733,0,1,1,24.5,Strong Pitcher Advantage,Below average,43.1,5,Pitch-level Statcast · last 5 MLB games,347,4-Seam Fastball,23.34293948126801,81.0,Cutter,21.902017291066283,76.0,Sinker,19.020172910662826,66.0,Curveball,17.002881844380404,59.0,Changeup,9.510086455331413,33.0,Slider,9.221902017291066,32.0,Unknown,,Unknown,,No,100.0,1.0,1.0,50.0,0.937,0.955,33.8,Current-Season Handedness Matchup,Pull Air %,Barrel %,Max Exit Velocity,21.0,28.7,18.4,29.3,50.0,45.0,30.9,3.78,0.911,0.907,0.985,0.975,0.914,0.891,1.0,8.54,4.6,83.2,19.0,F,Lineup unconfirmed,,,
302,2026-08-12,822779,2026-08-12T23:07:00Z,Scheduled,Rogers Centre,Boston Red Sox @ Toronto Blue Jays,Home,664702,Myles Straw,Toronto Blue Jays,Boston Red Sox,RF,R,No,,108,229,207,46,12,1,3,34,19,15,1,31,0.222,0.274,0.333,0.607,12,40,37,9,0,0.243,0.0,23,65,61,12,0,0.197,0.0,289,82,3.3,17.2,34.5,38.0,27.5,17.2,31.3,40.5,30.6,6.6,4.8,6.6,21.7,79.6,18.9,0.426,65.0,91.3,108.4,7.5,10.8,1.4,49.1,22.0,Weak,2.0,Contact-First Profile,A,Excellent HR swing plane,22.0,Weak,0.922,Good,3.7,33.3,90.6,0.439,Derived proxy,Derived proxy,Derived proxy,Derived proxy,,,10.13,7.13,Strong positive regression,Weak Contact-First Profile profile. 3.3% barrel rate; 79.6 mph average exit velocity; 31.3% air-ball rate; 40.5% pull-air rate; 6.6% HR-launch rate.,0.0131,0.0196,3.81,73,32,69.0,1.06,105.8,Near normal interval,624133.0,Ranger Suarez,L,RHB vs LHP,20,20,103.0,3.32,1.17,6,0.52,9.44,2.62,538.0,3.0,21.0,11.3,44.1,31.4,80.9,93.6,113.6,0.484,6.0,24.8,99.8,0.493,2.3,Sinker,R,RHB vs LHP,17.6,126,0.186,0.24,0.292,0.532,2,9,24,0.0159,4.2,0.437,309,0.0097,2.3,0.463,8,8,0,0/8,0.0,0.0,0.0,0.0,0,0,2,22.6,Strong Pitcher Advantage,Below average,30.0,5,Pitch-level Statcast · last 5 MLB games,347,4-Seam Fastball,23.34293948126801,81.0,Cutter,21.902017291066283,76.0,Sinker,19.020172910662826,66.0,Curveball,17.002881844380404,59.0,Changeup,9.510086455331413,33.0,Slider,9.221902017291066,32.0,Unknown,,Unknown,,No,100.0,1.0,1.0,50.0,0.95,0.955,32.5,Current-Season Handedness Matchup,Pull Air %,Barrel %,Max Exit Velocity,17.6,28.7,24.8,21.3,50.0,45.0,30.9,3.78,0.758,0.907,1.025,0.94,0.922,0.866,1.0,7.26,3.91,73.6,18.0,F,Lineup unconfirmed,,,
303,2026-08-12,822698,2026-08-12T22:45:00Z,Scheduled,Nationals Park,Chicago Cubs @ Washington Nationals,Home,696285,Jacob Young,Washington Nationals,Chicago Cubs,CF,R,No,,106,359,322,79,16,3,10,45,43,25,7,61,0.245,0.312,0.407,0.719,10,34,27,9,1,0.333,0.0294,20,71,54,19,2,0.352,0.0282,424,79,3.8,19.6,32.5,34.6,32.7,17.7,36.6,28.8,33.5,6.4,2.9,6.4,48.2,81.8,14.6,0.491,65.9,93.0,108.9,1.3,9.8,0.2,55.0,20.4,Weak,2.0,Contact-First Profile,A,Excellent HR swing plane,20.4,Weak,0.917,Good,3.8,25.0,90.6,0.51,Derived proxy,Derived proxy,Derived proxy,Derived proxy,,,15.0,5.0,Strong positive regression,Weak Contact-First Profile profile. 3.8% barrel rate; 81.8 mph average exit velocity; 36.6% air-ball rate; 28.8% pull-air rate; 6.4% HR-launch rate.,0.0279,0.0289,3.99,0,0,32.2,0.0,0.0,Very recent HR,656849.0,David Peterson,L,RHB vs LHP,23,15,106.0,5.35,1.5,11,0.93,7.47,3.65,585.0,4.1,26.8,12.5,41.6,29.7,82.7,96.1,111.7,0.535,11.0,26.5,99.8,0.474,4.1,Sinker,R,RHB vs LHP,24.0,123,0.28,0.364,0.43,0.794,2,12,20,0.0163,4.1,0.52,333,0.018,3.6,0.516,17,15,4,4/15,0.267,0.353,0.267,0.62,0,2,2,24.7,Strong Pitcher Advantage,Below average,23.0,5,Pitch-level Statcast · last 5 MLB games,443,Sinker,36.11738148984199,160.0,4-Seam Fastball,24.830699774266364,110.0,Slider,19.63882618510158,87.0,Changeup,13.99548532731377,62.0,Curveball,5.417607223476298,24.0,,,,Unknown,,Unknown,,No,100.0,1.0,1.0,50.0,0.953,0.966,30.9,Current-Season Handedness Matchup,Pull Air %,Barrel %,Max Exit Velocity,24.0,32.0,26.5,14.0,50.0,45.0,30.9,3.78,0.999,0.973,1.025,1.0,0.917,0.917,0.98,11.04,6.21,82.7,22.5,F,Lineup unconfirmed,,,
304,2026-08-12,823511,2026-08-12T23:05:00Z,Scheduled,Yankee Stadium,Seattle Mariners @ New York Yankees,Away,680977,Brendan Donovan,Seattle Mariners,New York Yankees,3B,L,No,,30,118,100,26,4,1,3,9,8,11,6,18,0.26,0.364,0.41,0.774,5,17,16,3,0,0.188,0.0,5,17,16,3,0,0.188,0.0,140,25,3.2,18.2,47.4,22.0,28.8,13.6,25.4,28.2,31.1,6.7,3.4,6.7,51.6,80.7,22.9,0.379,67.2,91.7,107.2,0.4,9.1,0.0,51.3,17.0,Weak,1.5,Contact-First Profile,A-,Elevated power plane,17.0,Weak,0.908,Good,4.0,0.0,88.3,0.243,Derived proxy,Derived proxy,Derived proxy,Derived proxy,,,4.47,1.47,Near expected,Weak Contact-First Profile profile. 3.2% barrel rate; 80.7 mph average exit velocity; 25.4% air-ball rate; 28.2% pull-air rate; 6.7% HR-launch rate.,0.0254,0.0287,4.05,65,20,33.3,1.95,195.0,Above normal drought,701542.0,Will Warren,R,LHB vs RHP,23,22,114.0,4.18,1.37,15,1.18,9.0,2.92,611.0,4.4,26.8,12.6,46.4,28.8,84.0,96.4,116.9,0.565,15.0,17.3,99.8,0.42,2.2,4-Seam Fastball,L,LHB vs RHP,34.1,86,0.286,0.407,0.5,0.907,3,10,11,0.0349,3.7,0.468,282,0.0355,5.3,0.576,2,2,1,1/2,0.5,0.5,2.0,2.5,1,0,0,32.4,Slight Pitcher Advantage,Below average,55.0,5,Pitch-level Statcast · last 5 MLB games,346,4-Seam Fastball,29.76878612716763,103.0,Sinker,21.09826589595376,73.0,Sweeper,19.07514450867052,66.0,Changeup,18.208092485549134,63.0,Curveball,11.84971098265896,41.0,,,,Unknown,,Unknown,,No,108.0,1.08,1.0,64.4,0.935,0.969,29.5,Current-Season Handedness Matchup,Pull Air %,Barrel %,Max Exit Velocity,34.1,37.8,17.3,5.1,64.4,45.0,30.8,3.78,0.857,1.013,1.025,1.0,0.908,0.908,1.035,11.14,6.21,61.8,25.9,F,Lineup unconfirmed,,,
305,2026-08-12,823672,2026-08-12T17:40:00Z,Scheduled,Target Field,Baltimore Orioles @ Minnesota Twins,Home,605170,Victor Caratini,Minnesota Twins,Baltimore Orioles,C,S,No,,88,323,275,62,9,0,7,25,37,30,10,67,0.225,0.316,0.335,0.651,9,26,21,2,0,0.095,0.0,18,59,54,9,0,0.167,0.0,373,75,2.8,24.2,39.0,26.0,35.0,12.2,27.4,32.2,31.2,5.8,3.6,5.8,43.8,83.3,14.7,0.443,69.5,94.6,107.7,13.0,12.0,2.6,47.4,21.2,Weak,2.0,Contact-First Profile,A,Excellent HR swing plane,21.2,Weak,0.919,Good,0.0,22.2,92.8,0.342,Derived proxy,Derived proxy,Derived proxy,Derived proxy,,,11.42,4.42,Strong positive regression,Weak Contact-First Profile profile. 2.8% barrel rate; 83.3 mph average exit velocity; 27.4% air-ball rate; 32.2% pull-air rate; 5.8% HR-launch rate.,0.0217,0.0245,3.99,80,26,39.3,2.04,203.6,Very long drought,669358.0,Shane Baz,R,Switch vs RHP,23,23,136.1,3.76,1.32,10,0.66,7.92,3.04,799.0,3.8,24.2,13.3,39.0,29.9,83.0,94.8,116.9,0.52,10.0,32.4,67.1,0.525,4.4,4-Seam Fastball,L,LHB vs RHP,24.8,217,0.238,0.313,0.357,0.67,5,21,36,0.023,4.0,0.463,334,0.018,4.0,0.538,5,4,0,0/4,0.0,0.2,0.0,0.2,0,1,2,30.0,Strong Pitcher Advantage,Below average,37.5,5,Pitch-level Statcast · last 5 MLB games,463,4-Seam Fastball,35.85313174946004,166.0,Knuckle Curve,30.237580993520517,140.0,Cutter,12.095032397408207,56.0,Changeup,11.44708423326134,53.0,Sinker,10.367170626349893,48.0,,,,Unknown,,Unknown,,No,100.0,1.0,1.0,50.0,0.965,0.963,31.3,Current-Season Handedness Matchup,Pull Air %,Barrel %,Max Exit Velocity,24.8,27.9,32.4,11.6,50.0,45.0,30.7,3.78,0.758,0.93,1.035,0.965,0.919,0.887,1.06,9.41,4.81,79.8,24.8,F,Lineup unconfirmed,,,
306,2026-08-12,823994,2026-08-13T02:10:00Z,Scheduled,Angel Stadium,Texas Rangers @ Los Angeles Angels,Home,623168,Tyler Heineman,Los Angeles Angels,Texas Rangers,C,S,No,,56,141,125,22,2,1,1,9,8,5,3,23,0.176,0.226,0.232,0.458,8,15,13,2,0,0.154,0.0,14,34,28,5,0,0.179,0.0,198,42,1.5,9.2,49.1,29.5,20.9,10.6,21.0,54.3,28.7,3.3,1.8,3.3,32.5,75.6,14.0,0.329,59.8,88.5,104.6,0.0,6.6,0.0,45.1,17.2,Weak,1.5,Pull Power,A,Excellent HR swing plane,17.2,Weak,0.908,Good,2.4,55.6,89.9,0.316,Derived proxy,Derived proxy,Derived proxy,Derived proxy,,,4.77,3.77,Positive regression,Weak Pull Power profile. 1.5% barrel rate; 75.6 mph average exit velocity; 21.0% air-ball rate; 54.3% pull-air rate; 3.3% HR-launch rate.,0.0071,0.0185,3.81,59,25,125.0,0.47,47.2,Recently homered,615698.0,Cal Quantrill,R,Switch vs RHP,24,7,65.2,3.56,1.19,9,1.23,5.89,2.6,381.0,4.7,21.0,16.0,32.1,29.1,81.8,93.9,111.2,0.517,9.0,19.2,99.6,0.442,0.6,Cutter,L,LHB vs RHP,23.9,100,0.186,0.255,0.267,0.523,1,5,16,0.01,1.4,0.336,155,0.0387,6.2,0.631,0,0,0,0/0,,,,,0,0,0,27.5,Strong Pitcher Advantage,Below average,50.0,5,Pitch-level Statcast · last 5 MLB games,307,Split-Finger,29.64169381107492,91.0,4-Seam Fastball,23.452768729641694,72.0,Cutter,21.824104234527688,67.0,Sinker,19.86970684039088,61.0,Curveball,5.2117263843648205,16.0,,,,Unknown,,Unknown,,No,100.0,1.0,1.0,50.0,0.938,0.972,33.8,Current-Season Handedness Matchup,Pull Air %,Barrel %,Max Exit Velocity,23.9,24.9,19.2,34.6,50.0,45.0,30.5,3.77,0.762,1.019,1.035,0.94,0.908,0.854,1.0,6.88,4.03,64.8,15.5,F,Lineup unconfirmed,,,
307,2026-08-12,822779,2026-08-12T23:07:00Z,Scheduled,Rogers Centre,Boston Red Sox @ Toronto Blue Jays,Home,676391,Ernie Clement,Toronto Blue Jays,Boston Red Sox,2B,R,No,,118,476,455,128,28,1,9,49,40,15,2,47,0.281,0.305,0.407,0.712,12,46,44,7,1,0.159,0.0217,25,102,97,22,1,0.227,0.0098,676,143,1.5,14.2,44.2,34.7,21.0,17.8,32.0,50.6,30.2,4.5,3.7,4.5,70.7,80.0,19.2,0.358,64.9,91.0,107.8,2.0,8.7,0.5,59.5,22.4,Weak,2.0,Pull Power,A,Excellent HR swing plane,22.4,Weak,0.923,Good,1.4,50.0,90.3,0.331,Derived proxy,Derived proxy,Derived proxy,Derived proxy,,,16.81,7.81,Strong positive regression,Weak Pull Power profile. 1.5% barrel rate; 80.0 mph average exit velocity; 32.0% air-ball rate; 50.6% pull-air rate; 4.5% HR-launch rate.,0.0189,0.0215,3.99,24,6,50.6,0.47,47.5,Recently homered,624133.0,Ranger Suarez,L,RHB vs LHP,20,20,103.0,3.32,1.17,6,0.52,9.44,2.62,538.0,3.0,21.0,11.3,44.1,31.4,80.9,93.6,113.6,0.484,6.0,10.7,99.8,0.357,1.7,Sinker,R,RHB vs LHP,17.4,143,0.259,0.294,0.4,0.694,4,6,17,0.028,2.3,0.396,309,0.0097,2.3,0.463,7,7,2,2/7,0.286,0.286,0.286,0.572,0,0,0,19.0,Strong Pitcher Advantage,Below average,37.1,5,Pitch-level Statcast · last 5 MLB games,347,4-Seam Fastball,23.34293948126801,81.0,Cutter,21.902017291066283,76.0,Sinker,19.020172910662826,66.0,Curveball,17.002881844380404,59.0,Changeup,9.510086455331413,33.0,Slider,9.221902017291066,32.0,Unknown,,Unknown,,No,100.0,1.0,1.0,50.0,0.921,0.955,35.2,Current-Season Handedness Matchup,Pull Air %,Barrel %,Max Exit Velocity,17.4,28.7,10.7,32.6,50.0,45.0,30.5,3.77,0.904,0.907,1.025,1.0,0.923,0.923,1.0,8.32,4.65,85.0,20.3,F,Lineup unconfirmed,,,
308,2026-08-12,824562,2026-08-12T23:40:00Z,Scheduled,Rate Field,Cincinnati Reds @ Chicago White Sox,Home,686668,Brenton Doyle,Chicago White Sox,Cincinnati Reds,CF,R,No,,52,146,134,30,6,0,2,25,6,12,0,44,0.224,0.288,0.313,0.601,9,24,23,7,1,0.304,0.0417,9,24,23,7,1,0.304,0.0417,170,29,1.9,22.7,30.4,41.5,25.9,13.3,23.8,33.3,20.2,1.1,0.8,1.1,20.0,84.1,20.6,0.399,70.0,94.1,109.0,13.1,6.6,4.2,55.8,17.5,Weak,1.5,Contact-First Profile,A-,Elevated power plane,17.5,Weak,0.909,Good,0.0,25.0,95.9,0.366,Derived proxy,Derived proxy,Derived proxy,Derived proxy,,,3.53,1.53,Near expected,Weak Contact-First Profile profile. 1.9% barrel rate; 84.1 mph average exit velocity; 23.8% air-ball rate; 33.3% pull-air rate; 1.1% HR-launch rate.,0.0137,0.022,3.81,0,0,67.0,0.0,0.0,Very recent HR,695076.0,Rhett Lowder,R,RHB vs RHP,20,17,89.0,5.26,1.48,11,1.11,7.38,3.94,477.0,5.9,25.4,16.8,40.3,32.5,84.4,95.9,116.0,0.58,11.0,18.4,99.7,0.398,3.8,Sinker,R,RHB vs RHP,13.2,88,0.22,0.273,0.28,0.553,1,6,30,0.0114,1.9,0.427,149,0.0067,2.7,0.445,0,0,0,0/0,,,,,0,0,0,22.4,Strong Pitcher Advantage,Below average,50.0,5,Pitch-level Statcast · last 5 MLB games,339,Slider,33.03834808259587,112.0,Sinker,28.023598820058996,95.0,Changeup,17.99410029498525,61.0,4-Seam Fastball,15.634218289085545,53.0,Curveball,5.014749262536873,17.0,Sweeper,0.2949852507374631,1.0,Unknown,,Unknown,,No,100.0,1.0,1.0,50.0,0.937,0.984,26.8,Current-Season Handedness Matchup,Pull Air %,Barrel %,Max Exit Velocity,13.2,39.2,18.4,20.6,50.0,45.0,30.4,3.77,1.198,1.002,0.985,0.94,0.909,0.854,0.98,8.11,5.41,64.3,17.7,F,Lineup unconfirmed,,,
309,2026-08-12,823672,2026-08-12T17:40:00Z,Scheduled,Target Field,Baltimore Orioles @ Minnesota Twins,Home,702176,Alan Roden,Minnesota Twins,Baltimore Orioles,RF,L,No,,23,61,52,10,1,0,0,5,9,7,0,9,0.192,0.279,0.212,0.491,8,19,15,3,0,0.2,0.0,18,45,38,7,0,0.184,0.0,80,58,3.0,23.7,42.1,18.0,39.9,13.8,25.5,34.2,26.3,4.7,0.8,4.7,0.0,83.1,16.2,0.429,68.4,93.7,105.7,12.7,9.1,4.3,47.7,18.9,Weak,2.0,Contact-First Profile,A,Excellent HR swing plane,18.9,Weak,0.913,Good,1.7,35.7,92.5,0.396,Derived proxy,Derived proxy,Derived proxy,Derived proxy,,,2.49,2.49,Positive regression,Weak Contact-First Profile profile. 3.0% barrel rate; 83.1 mph average exit velocity; 25.5% air-ball rate; 34.2% pull-air rate; 4.7% HR-launch rate.,0.0,0.0212,3.81,52,23,,,,No season HR,669358.0,Shane Baz,R,LHB vs RHP,23,23,136.1,3.76,1.32,10,0.66,7.92,3.04,799.0,3.8,24.2,13.3,39.0,29.9,83.0,94.8,116.9,0.52,10.0,25.9,67.1,0.459,4.5,4-Seam Fastball,L,LHB vs RHP,27.8,50,0.171,0.28,0.195,0.475,0,7,7,0.0,3.0,0.412,334,0.018,4.0,0.538,0,0,0,0/0,,,,,0,0,0,31.6,Slight Pitcher Advantage,Below average,50.0,5,Pitch-level Statcast · last 5 MLB games,463,4-Seam Fastball,35.85313174946004,166.0,Knuckle Curve,30.237580993520517,140.0,Cutter,12.095032397408207,56.0,Changeup,11.44708423326134,53.0,Sinker,10.367170626349893,48.0,,,,Unknown,,Unknown,,No,100.0,1.0,1.0,50.0,0.952,0.963,30.7,Current-Season Handedness Matchup,Pull Air %,Barrel %,Max Exit Velocity,27.8,27.9,25.9,23.8,50.0,45.0,30.4,3.77,0.758,0.93,1.025,0.94,0.913,0.858,1.0,7.85,4.1,60.0,15.0,F,Small season sample; Lineup unconfirmed,,,
310,2026-08-12,823833,2026-08-12T22:40:00Z,Scheduled,loanDepot park,Pittsburgh Pirates @ Miami Marlins,Home,672640,Otto Lopez,Miami Marlins,Pittsburgh Pirates,SS,R,No,,116,503,466,148,29,7,9,72,53,24,4,66,0.318,0.35,0.468,0.818,11,48,46,10,0,0.217,0.0,21,93,86,21,0,0.244,0.0,645,123,3.1,28.0,28.2,38.9,32.0,11.9,26.1,26.0,25.5,4.8,2.0,4.8,23.4,82.8,11.6,0.449,69.2,96.0,110.3,20.6,11.7,5.5,42.3,19.4,Weak,2.0,Contact-First Profile,A,Excellent HR swing plane,19.4,Weak,0.914,Good,1.6,20.7,95.2,0.361,Derived proxy,Derived proxy,Derived proxy,Derived proxy,,,19.11,10.11,Strong positive regression,Weak Contact-First Profile profile. 3.1% barrel rate; 82.8 mph average exit velocity; 26.1% air-ball rate; 26.0% pull-air rate; 4.8% HR-launch rate.,0.0179,0.0206,4.09,110,27,51.8,2.12,212.4,Very long drought,669387.0,Carmen Mlodzinski,R,RHB vs RHP,26,10,97.1,3.51,1.36,8,0.74,7.12,2.96,549.0,4.9,30.1,14.0,40.5,30.1,84.6,96.5,111.7,0.542,8.0,27.2,99.9,0.49,3.6,4-Seam Fastball,R,RHB vs RHP,21.1,384,0.299,0.341,0.445,0.786,7,21,53,0.0182,3.7,0.499,162,0.0123,3.3,0.481,1,1,0,0/1,0.0,0.0,0.0,0.0,0,0,0,28.5,Strong Pitcher Advantage,Below average,47.5,5,Pitch-level Statcast · last 5 MLB games,223,Split-Finger,26.457399103139014,59.0,4-Seam Fastball,25.56053811659193,57.0,Sinker,19.730941704035875,44.0,Cutter,12.10762331838565,27.0,Sweeper,10.762331838565023,24.0,Curveball,5.381165919282512,12.0,Unknown,,Unknown,,No,94.0,0.94,1.0,39.2,0.954,0.974,28.9,Current-Season Handedness Matchup,Pull Air %,Barrel %,Max Exit Velocity,21.1,35.1,27.2,15.0,39.2,45.0,30.3,3.77,0.758,0.942,0.985,1.0,0.914,0.914,1.06,8.16,4.29,84.4,27.5,F,Lineup unconfirmed,,,
311,2026-08-12,823263,2026-08-12T20:10:00Z,Scheduled,Petco Park,Milwaukee Brewers @ San Diego Padres,Home,823550,Sung-Mun Song,San Diego Padres,Milwaukee Brewers,2B,L,No,,58,131,111,23,4,0,1,18,15,17,0,24,0.207,0.313,0.27,0.583,8,15,12,2,0,0.167,0.0,16,33,26,5,0,0.192,0.0,167,39,1.9,18.9,44.1,35.0,20.9,13.4,21.6,48.2,19.7,2.3,1.2,2.3,20.0,80.0,13.7,0.328,66.1,92.9,107.7,13.6,5.2,3.5,57.1,20.1,Weak,2.0,Pull Power,A,Excellent HR swing plane,20.1,Weak,0.916,Good,0.0,62.5,92.7,0.287,Derived proxy,Derived proxy,Derived proxy,Derived proxy,,,4.07,3.07,Positive regression,Weak Pull Power profile. 1.9% barrel rate; 80.0 mph average exit velocity; 21.6% air-ball rate; 48.2% pull-air rate; 2.3% HR-launch rate.,0.0076,0.0193,3.87,51,25,111.0,0.46,45.9,Recently homered,669160.0,Dustin May,R,LHB vs RHP,22,22,115.0,4.3,1.27,8,0.63,8.69,2.97,612.0,4.1,27.1,12.6,34.4,31.5,82.9,95.3,114.8,0.508,8.0,21.9,99.9,0.378,6.5,4-Seam Fastball,L,LHB vs RHP,15.6,119,0.218,0.325,0.287,0.612,1,16,21,0.0084,3.2,0.354,298,0.0201,3.4,0.508,5,4,0,0/4,0.0,0.2,0.0,0.2,0,1,1,22.2,Strong Pitcher Advantage,Below average,37.5,5,Pitch-level Statcast · last 5 MLB games,438,4-Seam Fastball,25.34246575342466,111.0,Cutter,23.972602739726028,105.0,Sinker,18.72146118721461,82.0,Sweeper,18.264840182648403,80.0,Changeup,7.762557077625571,34.0,Curveball,5.936073059360731,26.0,Unknown,,Unknown,,No,94.0,0.94,1.0,39.2,0.944,0.966,33.0,Current-Season Handedness Matchup,Pull Air %,Barrel %,Max Exit Velocity,15.6,25.3,21.9,39.3,39.2,45.0,30.3,3.76,0.762,0.925,1.025,0.94,0.916,0.861,1.0,7.26,3.83,64.0,15.1,F,Lineup unconfirmed,,,
312,2026-08-12,824562,2026-08-12T23:40:00Z,Scheduled,Rate Field,Cincinnati Reds @ Chicago White Sox,Home,700337,Edgar Quero,Chicago White Sox,Cincinnati Reds,C,S,No,,64,205,178,35,1,0,3,13,17,16,4,42,0.197,0.271,0.253,0.524,5,19,15,5,1,0.333,0.0526,9,33,28,7,1,0.25,0.0303,276,50,0.9,22.1,37.5,32.9,27.3,12.9,21.6,32.5,27.7,3.3,1.2,3.3,50.0,81.7,18.0,0.393,66.9,92.8,106.5,1.9,7.5,0.2,42.3,14.1,Weak,1.5,Contact-First Profile,A,Excellent HR swing plane,14.1,Weak,0.899,Good,0.0,30.0,91.1,0.376,Derived proxy,Derived proxy,Derived proxy,Derived proxy,,,4.48,1.48,Near expected,Weak Contact-First Profile profile. 0.9% barrel rate; 81.7 mph average exit velocity; 21.6% air-ball rate; 32.5% pull-air rate; 3.3% HR-launch rate.,0.0146,0.021,3.81,0,0,59.3,0.0,0.0,Very recent HR,695076.0,Rhett Lowder,R,Switch vs RHP,20,17,89.0,5.26,1.48,11,1.11,7.38,3.94,477.0,5.9,25.4,16.8,40.3,32.5,84.4,95.9,116.0,0.58,11.0,15.4,99.7,0.404,0.9,Sinker,L,LHB vs RHP,27.3,123,0.231,0.306,0.241,0.547,0,10,27,0.0,1.2,0.394,251,0.0398,7.8,0.669,0,0,0,0/0,,,,,0,0,0,27.7,Strong Pitcher Advantage,Below average,50.0,5,Pitch-level Statcast · last 5 MLB games,339,Slider,33.03834808259587,112.0,Sinker,28.023598820058996,95.0,Changeup,17.99410029498525,61.0,4-Seam Fastball,15.634218289085545,53.0,Curveball,5.014749262536873,17.0,Sweeper,0.2949852507374631,1.0,Unknown,,Unknown,,No,100.0,1.0,1.0,50.0,0.931,0.984,28.6,Current-Season Handedness Matchup,Pull Air %,Barrel %,Max Exit Velocity,27.3,39.2,15.4,15.5,50.0,45.0,30.2,3.76,1.343,1.002,1.035,0.94,0.899,0.846,0.98,7.78,5.76,69.3,18.9,F,Lineup unconfirmed,,,
313,2026-08-12,822698,2026-08-12T22:45:00Z,Scheduled,Nationals Park,Chicago Cubs @ Washington Nationals,Home,678391,Jorbit Vivas,Washington Nationals,Chicago Cubs,3B,L,No,,89,253,215,52,8,1,3,25,19,27,4,35,0.242,0.332,0.33,0.662,10,24,19,5,0,0.263,0.0,17,43,33,9,0,0.273,0.0,346,60,2.3,13.4,42.2,33.2,24.6,11.4,23.2,41.7,28.3,3.6,2.3,3.6,21.7,76.7,18.8,0.364,67.3,88.5,105.6,3.5,7.2,0.6,43.1,14.5,Weak,1.5,Contact-First Profile,A,Excellent HR swing plane,14.5,Weak,0.901,Good,1.7,50.0,86.1,0.334,Derived proxy,Derived proxy,Derived proxy,Derived proxy,,,9.06,6.06,Strong positive regression,Weak Contact-First Profile profile. 2.3% barrel rate; 76.7 mph average exit velocity; 23.2% air-ball rate; 41.7% pull-air rate; 3.6% HR-launch rate.,0.0119,0.0183,3.99,74,30,71.7,1.03,103.3,Near normal interval,656849.0,David Peterson,L,LHB vs LHP,23,15,106.0,5.35,1.5,11,0.93,7.47,3.65,585.0,4.1,26.8,12.5,41.6,29.7,82.7,96.1,111.7,0.535,11.0,9.9,99.8,0.349,1.4,Sinker,L,LHB vs LHP,36.5,34,0.233,0.303,0.233,0.536,0,3,3,0.0,0.0,0.32,145,0.0345,5.5,0.583,0,0,0,0/0,,,,,0,0,0,29.9,Strong Pitcher Advantage,Below average,50.0,5,Pitch-level Statcast · last 5 MLB games,443,Sinker,36.11738148984199,160.0,4-Seam Fastball,24.830699774266364,110.0,Slider,19.63882618510158,87.0,Changeup,13.99548532731377,62.0,Curveball,5.417607223476298,24.0,,,,Unknown,,Unknown,,No,100.0,1.0,1.0,50.0,0.92,0.966,33.1,Current-Season Handedness Matchup,Pull Air %,Barrel %,Max Exit Velocity,36.5,32.0,9.9,28.1,50.0,45.0,30.1,3.76,0.758,0.973,0.985,0.965,0.901,0.869,1.0,7.12,3.89,73.5,18.0,F,Lineup unconfirmed,,,
314,2026-08-12,823833,2026-08-12T22:40:00Z,Scheduled,loanDepot park,Pittsburgh Pirates @ Miami Marlins,Home,691594,Javier Sanoja,Miami Marlins,Pittsburgh Pirates,3B,R,No,,102,321,302,83,25,2,4,29,42,17,0,26,0.275,0.313,0.411,0.724,11,35,34,12,1,0.353,0.0286,23,77,74,21,1,0.284,0.013,463,114,2.3,22.6,36.4,33.0,30.1,13.0,29.6,41.2,29.0,5.0,2.2,5.0,37.7,81.3,18.3,0.369,67.6,93.7,106.6,7.6,10.3,2.1,48.2,19.5,Weak,2.0,Contact-First Profile,A,Excellent HR swing plane,19.5,Weak,0.915,Good,2.6,39.5,93.3,0.382,Derived proxy,Derived proxy,Derived proxy,Derived proxy,,,12.88,8.88,Strong positive regression,Weak Contact-First Profile profile. 2.3% barrel rate; 81.3 mph average exit velocity; 29.6% air-ball rate; 41.2% pull-air rate; 5.0% HR-launch rate.,0.0125,0.0178,3.99,25,8,75.5,0.33,33.1,Very recent HR,669387.0,Carmen Mlodzinski,R,RHB vs RHP,26,10,97.1,3.51,1.36,8,0.74,7.12,2.96,549.0,4.9,30.1,14.0,40.5,30.1,84.6,96.5,111.7,0.542,8.0,17.5,99.9,0.425,1.6,4-Seam Fastball,R,RHB vs RHP,10.4,217,0.246,0.287,0.355,0.642,1,12,12,0.0046,1.3,0.335,162,0.0123,3.3,0.481,1,1,0,0/1,0.0,0.0,0.0,0.0,0,0,0,20.3,Strong Pitcher Advantage,Below average,47.5,5,Pitch-level Statcast · last 5 MLB games,223,Split-Finger,26.457399103139014,59.0,4-Seam Fastball,25.56053811659193,57.0,Sinker,19.730941704035875,44.0,Cutter,12.10762331838565,27.0,Sweeper,10.762331838565023,24.0,Curveball,5.381165919282512,12.0,Unknown,,Unknown,,No,94.0,0.94,1.0,39.2,0.935,0.974,29.2,Current-Season Handedness Matchup,Pull Air %,Barrel %,Max Exit Velocity,10.4,35.1,17.5,30.3,39.2,45.0,30.0,3.76,1.085,0.942,0.985,1.0,0.915,0.915,0.98,6.91,4.48,81.1,19.6,F,Lineup unconfirmed,,,
315,2026-08-12,824967,2026-08-12T19:05:00Z,Scheduled,Sutter Health Park,Tampa Bay Rays @ Athletics,Away,670764,Taylor Walls,Tampa Bay Rays,Athletics,SS,S,No,,97,336,287,62,14,2,2,46,28,36,2,85,0.216,0.305,0.3,0.605,11,40,35,7,2,0.2,0.05,22,69,62,14,2,0.226,0.029,403,72,1.1,14.5,44.4,30.6,24.7,13.9,24.9,48.0,27.9,2.1,0.5,2.1,0.0,78.4,17.3,0.334,62.7,90.8,105.0,1.9,6.6,0.5,53.4,17.9,Weak,1.5,Pull Power,A,Excellent HR swing plane,17.9,Weak,0.91,Good,0.0,50.0,91.2,0.298,Derived proxy,Derived proxy,Derived proxy,Derived proxy,,,7.8,5.8,Strong positive regression,Weak Pull Power profile. 1.1% barrel rate; 78.4 mph average exit velocity; 24.9% air-ball rate; 48.0% pull-air rate; 2.1% HR-launch rate.,0.006,0.0128,3.93,0,0,143.5,0.0,0.0,Very recent HR,678022.0,Jack Perkins,R,Switch vs RHP,28,10,76.2,7.04,1.45,15,1.76,10.8,3.64,428.0,5.1,22.7,18.0,35.4,31.1,82.0,94.4,111.2,0.567,15.0,7.9,97.4,0.329,1.5,4-Seam Fastball,L,LHB vs RHP,24.1,213,0.227,0.324,0.298,0.622,0,25,60,0.0,2.3,0.424,182,0.044,4.9,0.573,0,0,0,0/0,,,,,0,0,0,23.6,Strong Pitcher Advantage,Below average,50.0,5,Pitch-level Statcast · last 5 MLB games,384,4-Seam Fastball,28.90625,111.0,Changeup,24.739583333333332,95.0,Sweeper,22.395833333333332,86.0,Cutter,16.666666666666668,64.0,Sinker,5.989583333333333,23.0,Slider,1.3020833333333333,5.0,Unknown,,Unknown,,No,100.0,1.0,1.0,50.0,0.92,0.976,33.3,Current-Season Handedness Matchup,Pull Air %,Barrel %,Max Exit Velocity,24.1,30.9,7.9,34.6,50.0,45.0,30.0,3.76,1.35,1.106,1.035,0.94,0.91,0.856,0.98,4.94,4.64,81.5,18.8,F,Lineup unconfirmed,,,
316,2026-08-12,824967,2026-08-12T19:05:00Z,Scheduled,Sutter Health Park,Tampa Bay Rays @ Athletics,Home,805779,Jacob Wilson,Athletics,Tampa Bay Rays,SS,R,No,,78,332,316,85,16,1,7,36,37,12,2,38,0.269,0.299,0.392,0.691,10,41,40,10,0,0.25,0.0,22,95,92,22,3,0.239,0.0316,501,137,2.2,18.7,36.5,33.7,29.4,12.3,25.7,41.1,30.6,3.9,2.7,3.9,76.8,80.4,12.0,0.405,63.1,92.2,106.6,0.8,7.9,0.4,36.7,18.1,Weak,1.5,Contact-First Profile,A,Excellent HR swing plane,18.1,Weak,0.911,Good,2.9,44.4,92.4,0.417,Derived proxy,Derived proxy,Derived proxy,Derived proxy,,,12.95,5.95,Strong positive regression,Weak Contact-First Profile profile. 2.2% barrel rate; 80.4 mph average exit velocity; 25.7% air-ball rate; 41.1% pull-air rate; 3.9% HR-launch rate.,0.0211,0.024,3.99,69,17,45.1,1.53,152.8,Above normal drought,656876.0,Drew Rasmussen,R,RHB vs RHP,22,22,124.1,2.75,0.91,12,0.87,9.41,1.59,660.0,3.8,20.6,11.4,42.2,28.5,82.0,93.7,111.9,0.487,12.0,17.1,100.0,0.42,2.1,Cutter,R,RHB vs RHP,20.3,215,0.28,0.307,0.401,0.708,5,7,27,0.0233,2.5,0.416,182,0.0165,4.6,0.475,2,2,1,1/2,0.5,0.5,0.5,1.0,0,0,0,25.3,Strong Pitcher Advantage,Below average,50.9,5,Pitch-level Statcast · last 5 MLB games,428,4-Seam Fastball,36.6822429906542,157.0,Sinker,24.53271028037383,105.0,Cutter,23.130841121495326,99.0,Changeup,12.149532710280374,52.0,Curveball,2.336448598130841,10.0,Sweeper,1.1682242990654206,5.0,Unknown,,Unknown,,No,100.0,1.0,1.0,50.0,0.934,0.963,31.7,Current-Season Handedness Matchup,Pull Air %,Barrel %,Max Exit Velocity,20.3,27.6,17.1,33.8,50.0,45.0,30.0,3.76,0.914,0.963,0.985,1.0,0.911,0.911,1.035,9.23,5.15,83.3,24.1,F,Lineup unconfirmed,,,
317,2026-08-12,823263,2026-08-12T20:10:00Z,Scheduled,Petco Park,Milwaukee Brewers @ San Diego Padres,Away,800325,Luis Lara,Milwaukee Brewers,San Diego Padres,RF,S,No,,26,84,72,17,5,1,0,9,11,11,0,16,0.236,0.333,0.333,0.666,10,34,30,5,0,0.167,0.0,21,66,58,13,0,0.224,0.0,101,82,2.1,21.8,38.6,21.1,40.3,10.9,29.1,36.0,38.5,2.1,0.0,2.1,0.0,82.7,17.4,0.439,68.8,93.0,105.5,15.4,9.9,4.1,25.7,18.3,Weak,1.5,Contact-First Profile,A,Excellent HR swing plane,18.3,Weak,0.911,Good,2.4,34.8,93.2,0.439,Derived proxy,Derived proxy,Derived proxy,Derived proxy,,,2.35,2.35,Positive regression,Weak Contact-First Profile profile. 2.1% barrel rate; 82.7 mph average exit velocity; 29.1% air-ball rate; 36.0% pull-air rate; 2.1% HR-launch rate.,0.0,0.0188,4.05,72,26,,,,No season HR,592662.0,Robbie Ray,L,Switch vs LHP,23,22,127.2,3.24,1.33,16,1.13,7.68,4.37,717.0,4.7,22.6,17.4,35.0,30.0,81.8,93.8,112.9,0.54,16.0,15.6,88.9,0.406,0.9,4-Seam Fastball,R,RHB vs LHP,42.5,13,0.091,0.231,0.182,0.413,0,2,1,0.0,0.0,0.362,400,0.0375,5.0,0.552,0,0,0,0/0,,,,,0,0,0,34.6,Slight Pitcher Advantage,Below average,50.0,5,Pitch-level Statcast · last 5 MLB games,444,Sinker,25.225225225225227,112.0,4-Seam Fastball,21.396396396396398,95.0,Changeup,20.945945945945947,93.0,Knuckle Curve,17.792792792792792,79.0,Slider,14.63963963963964,65.0,,,,Unknown,,Unknown,,No,94.0,0.94,1.0,39.2,0.931,0.972,36.3,Current-Season Handedness Matchup,Pull Air %,Barrel %,Max Exit Velocity,42.5,27.5,15.6,25.2,39.2,45.0,29.9,3.75,0.758,1.005,1.035,0.965,0.911,0.879,1.0,7.41,4.06,63.3,15.6,F,Lineup unconfirmed,,,
318,2026-08-12,823263,2026-08-12T20:10:00Z,Scheduled,Petco Park,Milwaukee Brewers @ San Diego Padres,Away,668930,Brice Turang,Milwaukee Brewers,San Diego Padres,2B,L,No,,114,517,446,120,28,3,16,74,75,65,0,129,0.269,0.361,0.453,0.814,12,54,47,12,1,0.255,0.0185,23,101,89,25,2,0.281,0.0198,674,129,3.6,21.0,35.1,27.8,36.1,11.1,24.4,24.6,33.0,6.7,2.5,6.7,57.5,82.7,17.9,0.604,67.5,93.5,109.8,11.5,10.7,2.7,47.5,21.1,Weak,2.0,Contact-First Profile,A,Excellent HR swing plane,21.1,Weak,0.919,Good,3.1,29.0,92.3,0.576,Derived proxy,Derived proxy,Derived proxy,Derived proxy,,,23.11,7.11,Strong positive regression,Weak Contact-First Profile profile. 3.6% barrel rate; 82.7 mph average exit velocity; 24.4% air-ball rate; 24.6% pull-air rate; 6.7% HR-launch rate.,0.0309,0.0311,4.15,44,11,27.9,1.58,157.8,Above normal drought,592662.0,Robbie Ray,L,LHB vs LHP,23,22,127.2,3.24,1.33,16,1.13,7.68,4.37,717.0,4.7,22.6,17.4,35.0,30.0,81.8,93.8,112.9,0.54,16.0,35.5,100.0,0.579,3.3,4-Seam Fastball,L,LHB vs LHP,15.6,137,0.207,0.289,0.289,0.578,1,14,38,0.0073,2.3,0.464,139,0.0072,3.7,0.504,5,5,0,0/5,0.0,0.0,0.0,0.0,0,0,2,27.0,Strong Pitcher Advantage,Below average,37.5,5,Pitch-level Statcast · last 5 MLB games,444,Sinker,25.225225225225227,112.0,4-Seam Fastball,21.396396396396398,95.0,Changeup,20.945945945945947,93.0,Knuckle Curve,17.792792792792792,79.0,Slider,14.63963963963964,65.0,,,,Unknown,,Unknown,,No,94.0,0.94,1.0,39.2,0.971,0.972,28.3,Current-Season Handedness Matchup,Pull Air %,Barrel %,Max Exit Velocity,15.6,27.5,35.5,19.4,39.2,45.0,29.8,3.75,0.845,1.005,0.985,1.0,0.919,0.919,1.035,12.31,6.03,85.0,27.8,F,Lineup unconfirmed,,,
319,2026-08-12,823263,2026-08-12T20:10:00Z,Scheduled,Petco Park,Milwaukee Brewers @ San Diego Padres,Home,650859,Luis Rengifo,San Diego Padres,Milwaukee Brewers,LF,S,No,,81,304,266,64,11,0,3,34,31,30,3,38,0.241,0.322,0.316,0.638,13,54,45,13,1,0.289,0.0185,23,93,79,26,3,0.329,0.0323,416,120,2.8,23.8,45.0,30.5,24.2,9.0,21.7,40.1,29.1,5.8,3.0,5.8,34.2,81.8,12.7,0.431,69.2,94.2,108.4,18.7,8.5,6.1,41.7,24.1,Weak,2.0,Contact-First Profile,A,Excellent HR swing plane,24.1,Weak,0.927,Good,2.5,44.0,94.4,0.469,Derived proxy,Derived proxy,Derived proxy,Derived proxy,,,12.98,9.98,Strong positive regression,Weak Contact-First Profile profile. 2.8% barrel rate; 81.8 mph average exit velocity; 21.7% air-ball rate; 40.1% pull-air rate; 5.8% HR-launch rate.,0.0099,0.0161,3.87,0,0,88.7,0.0,0.0,Very recent HR,669160.0,Dustin May,R,Switch vs RHP,22,22,115.0,4.3,1.27,8,0.63,8.69,2.97,612.0,4.1,27.1,12.6,34.4,31.5,82.9,95.3,114.8,0.508,8.0,16.9,99.9,0.407,2.6,4-Seam Fastball,L,LHB vs RHP,17.6,182,0.255,0.344,0.338,0.682,2,20,17,0.011,3.2,0.396,298,0.0201,3.4,0.508,2,2,0,0/2,0.0,0.0,0.0,0.0,0,0,0,22.8,Strong Pitcher Advantage,Below average,45.0,5,Pitch-level Statcast · last 5 MLB games,438,4-Seam Fastball,25.34246575342466,111.0,Cutter,23.972602739726028,105.0,Sinker,18.72146118721461,82.0,Sweeper,18.264840182648403,80.0,Changeup,7.762557077625571,34.0,Curveball,5.936073059360731,26.0,Unknown,,Unknown,,No,94.0,0.94,1.0,39.2,0.934,0.966,33.3,Current-Season Handedness Matchup,Pull Air %,Barrel %,Max Exit Velocity,17.6,25.3,16.9,36.5,39.2,45.0,29.3,3.74,1.186,0.925,1.035,0.94,0.927,0.872,0.98,6.1,4.32,81.2,18.3,F,Lineup unconfirmed,,,
320,2026-08-12,823672,2026-08-12T17:40:00Z,Scheduled,Target Field,Baltimore Orioles @ Minnesota Twins,Home,656577,Alex Jackson,Minnesota Twins,Baltimore Orioles,C,R,No,,29,69,66,20,4,0,1,11,5,1,2,23,0.303,0.333,0.409,0.742,3,4,4,0,0,0.0,0.0,8,13,12,4,0,0.333,0.0,92,13,0.9,14.9,44.2,36.4,19.5,12.5,23.2,49.9,22.3,4.6,2.7,4.6,100.0,75.9,15.4,0.437,68.2,89.5,108.6,25.0,7.6,4.1,48.8,22.4,Weak,2.0,Pull Power,A,Excellent HR swing plane,22.4,Weak,0.923,Good,0.0,75.0,84.0,0.605,Derived proxy,Derived proxy,Derived proxy,Derived proxy,,,1.94,0.94,Near expected,Weak Pull Power profile. 0.9% barrel rate; 75.9 mph average exit velocity; 23.2% air-ball rate; 49.9% pull-air rate; 4.6% HR-launch rate.,0.0145,0.0256,3.99,16,10,66.0,0.24,24.2,Very recent HR,669358.0,Shane Baz,R,RHB vs RHP,23,23,136.1,3.76,1.32,10,0.66,7.92,3.04,799.0,3.8,24.2,13.3,39.0,29.9,83.0,94.8,116.9,0.52,10.0,0.4,67.1,0.254,0.0,4-Seam Fastball,R,RHB vs RHP,28.9,45,0.372,0.4,0.535,0.935,1,1,11,0.0222,1.4,0.413,246,0.0163,3.4,0.497,2,2,0,0/2,0.0,0.0,0.0,0.0,0,0,2,22.1,Strong Pitcher Advantage,Below average,45.0,5,Pitch-level Statcast · last 5 MLB games,463,4-Seam Fastball,35.85313174946004,166.0,Knuckle Curve,30.237580993520517,140.0,Cutter,12.095032397408207,56.0,Changeup,11.44708423326134,53.0,Sinker,10.367170626349893,48.0,,,,Unknown,,Unknown,,No,100.0,1.0,1.0,50.0,0.92,0.963,37.7,Current-Season Handedness Matchup,Pull Air %,Barrel %,Max Exit Velocity,28.9,27.9,0.4,30.0,50.0,45.0,29.2,3.74,1.0,0.93,0.985,1.0,0.923,0.923,0.98,9.83,5.33,58.0,18.0,F,Small season sample; Lineup unconfirmed,,,
321,2026-08-12,823833,2026-08-12T22:40:00Z,Scheduled,loanDepot park,Pittsburgh Pirates @ Miami Marlins,Home,677870,Leo Jiménez,Miami Marlins,Pittsburgh Pirates,3B,R,No,,53,155,135,29,4,0,2,15,13,13,6,29,0.215,0.31,0.289,0.599,5,17,16,4,0,0.25,0.0,12,32,28,6,0,0.214,0.0,197,36,1.6,26.2,37.9,34.9,26.6,9.8,24.9,28.9,30.1,3.3,1.6,3.3,40.0,82.9,11.7,0.402,70.2,95.1,107.1,16.7,11.1,4.7,46.5,17.8,Weak,1.5,Contact-First Profile,A,Excellent HR swing plane,17.8,Weak,0.91,Good,0.0,30.0,95.4,0.313,Derived proxy,Derived proxy,Derived proxy,Derived proxy,,,3.95,1.95,Near expected,Weak Contact-First Profile profile. 1.6% barrel rate; 82.9 mph average exit velocity; 24.9% air-ball rate; 28.9% pull-air rate; 3.3% HR-launch rate.,0.0129,0.0212,3.87,29,13,67.5,0.43,43.0,Recently homered,669387.0,Carmen Mlodzinski,R,RHB vs RHP,26,10,97.1,3.51,1.36,8,0.74,7.12,2.96,549.0,4.9,30.1,14.0,40.5,30.1,84.6,96.5,111.7,0.542,8.0,23.6,73.9,0.486,1.3,4-Seam Fastball,R,RHB vs RHP,15.8,83,0.243,0.349,0.271,0.621,0,9,15,0.0,2.0,0.443,162,0.0123,3.3,0.481,0,0,0,0/0,,,,,0,0,0,25.4,Strong Pitcher Advantage,Below average,50.0,5,Pitch-level Statcast · last 5 MLB games,223,Split-Finger,26.457399103139014,59.0,4-Seam Fastball,25.56053811659193,57.0,Sinker,19.730941704035875,44.0,Cutter,12.10762331838565,27.0,Sweeper,10.762331838565023,24.0,Curveball,5.381165919282512,12.0,Unknown,,Unknown,,No,94.0,0.94,1.0,39.2,0.947,0.974,25.5,Current-Season Handedness Matchup,Pull Air %,Barrel %,Max Exit Velocity,15.8,35.1,23.6,24.1,39.2,45.0,29.2,3.74,0.758,0.942,0.985,0.94,0.91,0.855,1.0,7.97,3.95,65.6,15.5,F,Lineup unconfirmed,,,
322,2026-08-12,822779,2026-08-12T23:07:00Z,Scheduled,Rogers Centre,Boston Red Sox @ Toronto Blue Jays,Away,702332,Caleb Durbin,Boston Red Sox,Toronto Blue Jays,3B,R,No,,112,422,374,92,22,1,11,55,54,31,9,59,0.246,0.317,0.398,0.715,12,52,42,11,1,0.262,0.0192,25,105,89,27,2,0.303,0.019,566,140,2.1,15.7,36.8,38.0,25.0,10.4,22.2,47.2,29.2,4.0,2.8,4.0,86.1,77.8,16.2,0.366,66.2,90.0,109.7,7.6,7.4,2.6,57.5,20.7,Weak,2.0,Pull Power,A,Excellent HR swing plane,20.7,Weak,0.918,Good,1.4,43.3,87.4,0.335,Derived proxy,Derived proxy,Derived proxy,Derived proxy,,,15.17,4.17,Strong positive regression,Weak Pull Power profile. 2.1% barrel rate; 77.8 mph average exit velocity; 22.2% air-ball rate; 47.2% pull-air rate; 4.0% HR-launch rate.,0.0261,0.0274,4.05,26,7,34.0,0.76,76.5,Recently homered,667755.0,José Soriano,R,RHB vs RHP,23,23,127.2,3.24,1.26,12,0.85,9.16,4.23,613.0,4.6,23.8,11.9,41.5,27.6,83.2,95.2,112.7,0.534,12.0,3.7,99.8,0.287,1.6,Sinker,R,RHB vs RHP,17.0,306,0.235,0.309,0.39,0.699,8,24,46,0.0261,2.0,0.368,235,0.0085,3.8,0.489,1,1,0,0/1,0.0,0.0,0.0,0.0,0,0,0,18.4,Strong Pitcher Advantage,Below average,47.5,5,Pitch-level Statcast · last 5 MLB games,444,Knuckle Curve,30.63063063063063,136.0,Sinker,29.054054054054053,129.0,4-Seam Fastball,22.07207207207207,98.0,Split-Finger,15.765765765765765,70.0,Slider,2.4774774774774775,11.0,,,,Unknown,,Unknown,,No,100.0,1.0,1.0,50.0,0.92,0.971,34.1,Current-Season Handedness Matchup,Pull Air %,Barrel %,Max Exit Velocity,17.0,32.7,3.7,21.9,50.0,45.0,29.0,3.73,0.88,0.96,0.985,1.0,0.918,0.918,1.0,10.63,5.36,85.0,21.5,F,Lineup unconfirmed,,,
323,2026-08-12,824241,2026-08-12T22:40:00Z,Scheduled,Comerica Park,Cleveland Guardians @ Detroit Tigers,Home,650402,Gleyber Torres,Detroit Tigers,Cleveland Guardians,2B,R,No,,62,275,230,59,8,0,7,39,30,40,3,54,0.257,0.371,0.383,0.754,10,48,41,8,2,0.195,0.0417,19,85,73,15,3,0.205,0.0353,342,103,4.0,18.2,26.3,31.6,42.1,13.7,25.9,19.0,29.3,5.7,1.5,5.7,58.8,82.0,18.9,0.451,66.5,92.1,105.7,2.7,9.0,1.0,51.7,13.9,Weak,1.5,Contact-First Profile,A,Excellent HR swing plane,13.9,Weak,0.899,Good,3.9,19.2,92.3,0.413,Derived proxy,Derived proxy,Derived proxy,Derived proxy,,,11.64,4.64,Strong positive regression,Weak Contact-First Profile profile. 4.0% barrel rate; 82.0 mph average exit velocity; 25.9% air-ball rate; 19.0% pull-air rate; 5.7% HR-launch rate.,0.0255,0.0274,3.99,24,6,32.9,0.73,73.0,Recently homered,656492.0,Foster Griffin,L,RHB vs LHP,23,23,133.1,3.31,1.11,21,1.42,8.24,2.16,724.0,5.5,22.9,13.7,41.4,33.3,81.4,94.4,119.0,0.543,21.0,20.3,99.9,0.44,2.7,Cutter,R,RHB vs LHP,37.1,72,0.118,0.361,0.255,0.616,1,18,14,0.0139,8.4,0.552,402,0.0373,5.3,0.532,0,0,0,0/0,,,,,0,0,0,33.8,Slight Pitcher Advantage,Below average,50.0,5,Pitch-level Statcast · last 5 MLB games,470,Cutter,33.40425531914894,157.0,Sweeper,14.46808510638298,68.0,4-Seam Fastball,13.829787234042554,65.0,Changeup,10.425531914893616,49.0,Sinker,10.425531914893616,49.0,Split-Finger,8.936170212765957,42.0,Unknown,,Unknown,,No,100.0,1.0,1.0,50.0,0.941,0.98,26.0,Current-Season Handedness Matchup,Pull Air %,Barrel %,Max Exit Velocity,37.1,35.7,20.3,12.8,50.0,45.0,28.9,3.73,1.166,1.051,1.025,1.0,0.899,0.899,1.0,10.51,6.97,78.4,23.7,F,Lineup unconfirmed,Curveball,8.51063829787234,40.0
324,2026-08-12,823511,2026-08-12T23:05:00Z,Scheduled,Yankee Stadium,Seattle Mariners @ New York Yankees,Away,645302,Victor Robles,Seattle Mariners,New York Yankees,RF,R,No,,53,126,116,28,3,0,0,10,5,5,3,21,0.241,0.288,0.267,0.555,3,8,7,1,0,0.143,0.0,11,20,19,7,0,0.368,0.0,175,27,1.1,10.8,33.6,38.7,27.7,13.6,29.8,33.5,30.9,2.3,0.8,2.3,0.0,76.3,9.9,0.38,64.7,88.8,106.5,3.3,5.4,0.3,50.8,12.5,Weak,1.5,Contact-First Profile,C,Low line-drive plane,12.5,Weak,0.895,Good,0.0,11.1,85.6,0.366,Derived proxy,Derived proxy,Derived proxy,Derived proxy,,,2.86,2.86,Positive regression,Weak Contact-First Profile profile. 1.1% barrel rate; 76.3 mph average exit velocity; 29.8% air-ball rate; 33.5% pull-air rate; 2.3% HR-launch rate.,0.0,0.0156,3.87,116,52,,,,No season HR,701542.0,Will Warren,R,RHB vs RHP,23,22,114.0,4.18,1.37,15,1.18,9.0,2.92,611.0,4.4,26.8,12.6,46.4,28.8,84.0,96.4,116.9,0.565,15.0,19.2,99.8,0.441,2.1,4-Seam Fastball,R,RHB vs RHP,16.8,83,0.216,0.293,0.216,0.509,0,5,11,0.0,0.9,0.339,214,0.0234,3.3,0.549,0,0,0,0/0,,,,,0,0,0,24.3,Strong Pitcher Advantage,Below average,50.0,5,Pitch-level Statcast · last 5 MLB games,346,4-Seam Fastball,29.76878612716763,103.0,Sinker,21.09826589595376,73.0,Sweeper,19.07514450867052,66.0,Changeup,18.208092485549134,63.0,Curveball,11.84971098265896,41.0,,,,Unknown,,Unknown,,No,108.0,1.08,1.0,64.4,0.938,0.969,24.3,Current-Season Handedness Matchup,Pull Air %,Barrel %,Max Exit Velocity,16.8,37.8,19.2,0.0,64.4,45.0,28.8,3.73,1.0,1.013,0.985,0.94,0.895,0.841,1.0,5.91,4.25,62.6,15.6,F,Lineup unconfirmed,,,
325,2026-08-12,822779,2026-08-12T23:07:00Z,Scheduled,Rogers Centre,Boston Red Sox @ Toronto Blue Jays,Away,642201,Eli White,Boston Red Sox,Toronto Blue Jays,RF,R,No,,75,156,144,34,6,1,5,20,18,10,1,34,0.236,0.288,0.396,0.684,8,13,12,3,0,0.25,0.0,19,31,29,8,1,0.276,0.0323,210,45,4.0,17.4,36.2,32.8,30.5,13.3,21.5,28.5,26.5,4.7,1.2,4.7,58.1,80.3,11.4,0.377,70.2,92.4,110.2,22.2,6.8,5.4,45.4,18.9,Weak,2.0,Contact-First Profile,A,Excellent HR swing plane,18.9,Weak,0.913,Good,4.4,22.2,90.7,0.307,Derived proxy,Derived proxy,Derived proxy,Derived proxy,,,7.27,2.27,Positive regression,Weak Contact-First Profile profile. 4.0% barrel rate; 80.3 mph average exit velocity; 21.5% air-ball rate; 28.5% pull-air rate; 4.7% HR-launch rate.,0.0321,0.032,3.99,25,18,28.8,0.87,86.8,Near normal interval,667755.0,José Soriano,R,RHB vs RHP,23,23,127.2,3.24,1.26,12,0.85,9.16,4.23,613.0,4.6,23.8,11.9,41.5,27.6,83.2,95.2,112.7,0.534,12.0,16.5,99.8,0.413,2.1,Sinker,R,RHB vs RHP,24.7,58,0.25,0.276,0.357,0.633,1,2,9,0.0172,4.4,0.383,235,0.0085,3.8,0.489,0,0,0,0/0,,,,,0,0,0,26.9,Strong Pitcher Advantage,Below average,50.0,5,Pitch-level Statcast · last 5 MLB games,444,Knuckle Curve,30.63063063063063,136.0,Sinker,29.054054054054053,129.0,4-Seam Fastball,22.07207207207207,98.0,Split-Finger,15.765765765765765,70.0,Slider,2.4774774774774775,11.0,,,,Unknown,,Unknown,,No,100.0,1.0,1.0,50.0,0.933,0.971,29.5,Current-Season Handedness Matchup,Pull Air %,Barrel %,Max Exit Velocity,24.7,32.7,16.5,12.9,50.0,45.0,28.8,3.73,0.881,0.96,0.985,1.0,0.913,0.913,1.0,12.18,5.88,65.6,19.6,F,Lineup unconfirmed,,,
326,2026-08-12,824883,2026-08-12T23:15:00Z,Scheduled,Truist Park,New York Mets @ Atlanta Braves,Home,673490,Ha-Seong Kim,Atlanta Braves,New York Mets,SS,R,No,,29,84,75,5,0,0,0,5,3,9,0,23,0.067,0.167,0.067,0.234,2,2,2,0,0,0.0,0.0,2,2,2,0,0,0.0,0.0,111,4,1.8,14.4,38.5,30.8,26.9,17.1,21.6,37.5,19.8,4.5,1.8,4.5,0.0,79.7,21.6,0.289,69.8,90.0,108.4,18.1,5.4,3.4,52.3,15.4,Weak,1.5,Contact-First Profile,A-,Elevated power plane,15.4,Weak,0.903,Good,0.0,,72.8,0.001,Derived proxy,Derived proxy,Derived proxy,Derived proxy,,,2.61,2.61,Positive regression,Weak Contact-First Profile profile. 1.8% barrel rate; 79.7 mph average exit velocity; 21.6% air-ball rate; 37.5% pull-air rate; 4.5% HR-launch rate.,0.0,0.0188,3.81,75,29,,,,No season HR,804267.0,Zac Thornton,L,RHB vs LHP,7,7,39.1,2.52,1.07,3,0.69,6.18,2.75,217.0,6.0,27.6,15.2,42.6,32.3,83.1,96.5,110.6,0.526,3.0,0.1,99.6,0.238,2.1,Cutter,R,RHB vs LHP,29.5,44,0.05,0.136,0.05,0.186,0,4,13,0.0,1.7,0.274,101,0.0198,6.0,0.536,0,0,0,0/0,,,,,0,0,0,23.3,Strong Pitcher Advantage,Below average,50.0,5,Pitch-level Statcast · last 5 MLB games,400,Cutter,32.0,128.0,4-Seam Fastball,25.25,101.0,Sweeper,13.5,54.0,Slider,11.25,45.0,Sinker,10.75,43.0,Changeup,5.25,21.0,Unknown,,Unknown,,No,103.0,1.03,1.0,55.4,0.92,0.985,29.7,Current-Season Handedness Matchup,Pull Air %,Barrel %,Max Exit Velocity,29.5,40.2,0.1,15.0,55.4,45.0,28.7,3.72,1.0,0.963,1.025,0.94,0.903,0.849,1.0,6.98,4.52,58.2,15.4,F,Lineup unconfirmed; Limited recent games,Curveball,2.0,8.0
327,2026-08-12,823263,2026-08-12T20:10:00Z,Scheduled,Petco Park,Milwaukee Brewers @ San Diego Padres,Away,687401,Joey Ortiz,Milwaukee Brewers,San Diego Padres,SS,R,No,,97,282,250,60,10,2,5,29,29,25,0,51,0.24,0.306,0.356,0.662,4,9,9,3,0,0.333,0.0,14,41,37,12,2,0.324,0.0488,369,57,2.0,24.4,39.3,31.5,29.2,10.4,23.0,34.3,25.7,4.7,3.5,4.7,110.6,82.7,13.4,0.444,71.1,95.0,110.4,32.0,9.4,10.5,33.5,24.2,Weak,2.0,Contact-First Profile,A,Excellent HR swing plane,24.2,Weak,0.928,Good,1.8,33.3,95.7,0.474,Derived proxy,Derived proxy,Derived proxy,Derived proxy,,,9.19,4.19,Strong positive regression,Weak Contact-First Profile profile. 2.0% barrel rate; 82.7 mph average exit velocity; 23.0% air-ball rate; 34.3% pull-air rate; 4.7% HR-launch rate.,0.0177,0.022,4.05,25,10,50.0,0.5,50.0,Recently homered,592662.0,Robbie Ray,L,RHB vs LHP,23,22,127.2,3.24,1.33,16,1.13,7.68,4.37,717.0,4.7,22.6,17.4,35.0,30.0,81.8,93.8,112.9,0.54,16.0,14.2,88.9,0.392,0.9,4-Seam Fastball,R,RHB vs LHP,24.7,94,0.238,0.304,0.321,0.626,1,8,18,0.0106,2.4,0.451,400,0.0375,5.0,0.552,2,2,0,0/2,0.0,0.0,0.0,0.0,0,0,1,25.1,Strong Pitcher Advantage,Below average,45.0,5,Pitch-level Statcast · last 5 MLB games,444,Sinker,25.225225225225227,112.0,4-Seam Fastball,21.396396396396398,95.0,Changeup,20.945945945945947,93.0,Knuckle Curve,17.792792792792792,79.0,Slider,14.63963963963964,65.0,,,,Unknown,,Unknown,,No,94.0,0.94,1.0,39.2,0.928,0.972,32.9,Current-Season Handedness Matchup,Pull Air %,Barrel %,Max Exit Velocity,24.7,27.5,14.2,27.8,39.2,45.0,28.6,3.72,1.153,1.005,1.025,1.0,0.928,0.928,1.0,8.61,5.68,75.4,19.8,F,Lineup unconfirmed,,,
328,2026-08-12,823994,2026-08-13T02:10:00Z,Scheduled,Angel Stadium,Texas Rangers @ Los Angeles Angels,Away,670032,Nicky Lopez,Texas Rangers,Los Angeles Angels,2B,L,No,,67,204,184,50,3,1,1,19,20,9,2,33,0.272,0.311,0.315,0.626,12,34,32,4,0,0.125,0.0,24,78,68,14,0,0.206,0.0,295,119,0.0,13.0,31.6,45.9,22.1,7.2,18.8,25.4,27.3,1.5,1.0,1.5,,78.7,11.6,0.363,62.5,89.3,105.2,0.0,4.9,0.0,53.9,9.4,Weak,1.5,Contact-First Profile,A,Excellent HR swing plane,9.4,Weak,0.886,Good,0.0,22.7,88.8,0.376,Derived proxy,Derived proxy,Derived proxy,Derived proxy,,,2.1,1.1,Near expected,Weak Contact-First Profile profile. 0.0% barrel rate; 78.7 mph average exit velocity; 18.8% air-ball rate; 25.4% pull-air rate; 1.5% HR-launch rate.,0.0049,0.0149,3.93,169,60,184.0,0.92,91.8,Near normal interval,691946.0,George Klassen,R,LHB vs RHP,3,3,8.2,7.27,2.88,1,1.04,9.35,14.54,54.0,9.3,24.1,13.0,41.7,35.2,83.4,95.4,111.3,0.578,1.0,8.4,100.0,0.334,0.0,4-Seam Fastball,L,LHB vs RHP,22.5,150,0.279,0.322,0.338,0.66,1,8,24,0.0067,0.0,0.357,30,0.0,9.4,0.589,0,0,0,0/0,,,,,0,0,0,23.1,Strong Pitcher Advantage,Below average,50.0,3,Pitch-level Statcast · last 5 MLB games,228,4-Seam Fastball,40.78947368421053,93.0,Changeup,23.68421052631579,54.0,Slider,20.614035087719298,47.0,Curveball,7.894736842105263,18.0,Sinker,7.017543859649122,16.0,,,,Unknown,,Unknown,,No,100.0,1.0,1.0,50.0,0.92,1.018,20.3,Current-Season Handedness Matchup,Pull Air %,Barrel %,Max Exit Velocity,22.5,52.6,8.4,4.1,50.0,45.0,28.6,3.72,0.758,0.999,1.025,0.94,0.886,0.84,1.0,5.74,3.64,72.8,16.8,F,Lineup unconfirmed,,,
329,2026-08-12,823263,2026-08-12T20:10:00Z,Scheduled,Petco Park,Milwaukee Brewers @ San Diego Padres,Away,592885,Christian Yelich,Milwaukee Brewers,San Diego Padres,DH,L,No,,83,362,320,74,18,2,8,49,40,35,4,99,0.231,0.313,0.375,0.688,11,39,38,6,1,0.158,0.0256,21,86,77,15,2,0.195,0.0233,444,110,6.1,23.4,37.9,29.9,31.8,9.5,18.4,18.7,32.8,8.2,2.1,8.2,31.4,81.9,8.9,0.539,70.9,93.9,109.2,26.2,11.7,5.5,41.9,23.4,Weak,2.0,Contact-First Profile,C,Low line-drive plane,23.4,Weak,0.926,Good,8.2,11.8,94.2,0.536,Derived proxy,Derived proxy,Derived proxy,Derived proxy,,,21.64,13.64,Strong positive regression,Weak Contact-First Profile profile. 6.1% barrel rate; 81.9 mph average exit velocity; 18.4% air-ball rate; 18.7% pull-air rate; 8.2% HR-launch rate.,0.0221,0.0246,4.05,3,1,40.0,0.08,7.5,Very recent HR,592662.0,Robbie Ray,L,LHB vs LHP,23,22,127.2,3.24,1.33,16,1.13,7.68,4.37,717.0,4.7,22.6,17.4,35.0,30.0,81.8,93.8,112.9,0.54,16.0,26.4,88.9,0.477,3.9,4-Seam Fastball,L,LHB vs LHP,19.8,91,0.235,0.311,0.383,0.694,2,9,26,0.022,2.5,0.47,139,0.0072,3.7,0.504,18,16,4,4/16,0.25,0.333,0.313,0.646,0,2,2,22.9,Strong Pitcher Advantage,Below average,23.9,5,Pitch-level Statcast · last 5 MLB games,444,Sinker,25.225225225225227,112.0,4-Seam Fastball,21.396396396396398,95.0,Changeup,20.945945945945947,93.0,Knuckle Curve,17.792792792792792,79.0,Slider,14.63963963963964,65.0,,,,Unknown,,Unknown,,No,94.0,0.94,1.0,39.2,0.953,0.972,27.6,Current-Season Handedness Matchup,Pull Air %,Barrel %,Max Exit Velocity,19.8,27.5,26.4,26.2,39.2,45.0,28.5,3.72,1.0,1.005,0.985,1.0,0.926,0.926,0.98,9.58,5.45,83.9,21.0,F,Lineup unconfirmed,,,
330,2026-08-12,823672,2026-08-12T17:40:00Z,Scheduled,Target Field,Baltimore Orioles @ Minnesota Twins,Home,807712,Luke Keaschall,Minnesota Twins,Baltimore Orioles,2B,R,No,,112,441,374,99,16,1,6,56,34,46,14,66,0.265,0.361,0.361,0.722,11,46,37,12,2,0.324,0.0435,21,86,68,20,2,0.294,0.0233,549,107,2.2,19.6,39.6,28.7,31.6,16.9,29.0,36.5,30.4,4.5,2.5,4.5,65.0,80.3,17.2,0.43,66.9,92.6,106.5,8.9,6.9,2.7,49.2,18.7,Weak,1.5,Contact-First Profile,A,Excellent HR swing plane,18.7,Weak,0.912,Good,1.9,37.9,92.2,0.452,Derived proxy,Derived proxy,Derived proxy,Derived proxy,,,14.02,8.02,Strong positive regression,Weak Contact-First Profile profile. 2.2% barrel rate; 80.3 mph average exit velocity; 29.0% air-ball rate; 36.5% pull-air rate; 4.5% HR-launch rate.,0.0136,0.0175,3.99,24,7,62.3,0.39,38.5,Recently homered,669358.0,Shane Baz,R,RHB vs RHP,23,23,136.1,3.76,1.32,10,0.66,7.92,3.04,799.0,3.8,24.2,13.3,39.0,29.9,83.0,94.8,116.9,0.52,10.0,17.2,99.5,0.417,2.3,4-Seam Fastball,R,RHB vs RHP,18.1,298,0.263,0.35,0.373,0.723,5,27,42,0.0168,2.7,0.414,246,0.0163,3.4,0.497,3,3,0,0/3,0.0,0.0,0.0,0.0,0,0,0,22.7,Strong Pitcher Advantage,Below average,42.5,5,Pitch-level Statcast · last 5 MLB games,463,4-Seam Fastball,35.85313174946004,166.0,Knuckle Curve,30.237580993520517,140.0,Cutter,12.095032397408207,56.0,Changeup,11.44708423326134,53.0,Sinker,10.367170626349893,48.0,,,,Unknown,,Unknown,,No,100.0,1.0,1.0,50.0,0.934,0.963,29.0,Current-Season Handedness Matchup,Pull Air %,Barrel %,Max Exit Velocity,18.1,27.9,17.2,25.2,50.0,45.0,28.4,3.72,1.323,0.93,0.985,1.0,0.912,0.912,1.0,6.82,5.09,83.9,21.0,F,Lineup unconfirmed,,,
331,2026-08-12,822779,2026-08-12T23:07:00Z,Scheduled,Rogers Centre,Boston Red Sox @ Toronto Blue Jays,Home,664770,Nathan Lukes,Toronto Blue Jays,Boston Red Sox,RF,L,No,,86,308,281,75,11,0,6,31,21,17,5,45,0.267,0.319,0.37,0.689,12,45,43,8,1,0.186,0.0222,24,89,83,18,1,0.217,0.0112,479,140,0.7,14.7,40.6,31.3,28.1,10.1,19.7,39.6,26.7,2.1,1.2,2.1,165.0,79.9,17.4,0.36,64.9,91.1,106.1,3.0,6.4,0.4,44.9,15.3,Weak,1.5,Contact-First Profile,A,Excellent HR swing plane,15.3,Weak,0.903,Good,0.7,40.0,90.9,0.311,Derived proxy,Derived proxy,Derived proxy,Derived proxy,,,7.08,1.08,Near expected,Weak Contact-First Profile profile. 0.7% barrel rate; 79.9 mph average exit velocity; 19.7% air-ball rate; 39.6% pull-air rate; 2.1% HR-launch rate.,0.0195,0.023,3.99,9,3,46.8,0.19,19.2,Very recent HR,624133.0,Ranger Suarez,L,LHB vs LHP,20,20,103.0,3.32,1.17,6,0.52,9.44,2.62,538.0,3.0,21.0,11.3,44.1,31.4,80.9,93.6,113.6,0.484,6.0,12.0,99.8,0.37,0.4,Sinker,L,LHB vs LHP,27.8,51,0.111,0.216,0.133,0.349,0,3,14,0.0,0.0,0.319,115,0.0261,4.8,0.543,2,2,0,0/2,0.0,0.0,0.0,0.0,0,0,2,25.7,Strong Pitcher Advantage,Below average,45.0,5,Pitch-level Statcast · last 5 MLB games,347,4-Seam Fastball,23.34293948126801,81.0,Cutter,21.902017291066283,76.0,Sinker,19.020172910662826,66.0,Curveball,17.002881844380404,59.0,Changeup,9.510086455331413,33.0,Slider,9.221902017291066,32.0,Unknown,,Unknown,,No,100.0,1.0,1.0,50.0,0.924,0.955,30.9,Current-Season Handedness Matchup,Pull Air %,Barrel %,Max Exit Velocity,27.8,28.7,12.0,24.6,50.0,45.0,28.4,3.72,0.901,0.907,0.985,1.0,0.903,0.903,0.98,8.86,4.58,81.1,19.3,F,Lineup unconfirmed,,,
332,2026-08-12,823916,2026-08-13T02:10:00Z,Scheduled,UNIQLO Field at Dodger Stadium,Kansas City Royals @ Los Angeles Dodgers,Home,669743,Alex Call,Los Angeles Dodgers,Kansas City Royals,LF,R,No,,66,150,126,31,7,0,1,20,17,18,4,25,0.246,0.353,0.325,0.678,6,9,8,2,0,0.25,0.0,10,16,14,3,0,0.214,0.0,208,13,1.2,13.8,40.3,37.1,21.8,10.9,19.9,48.5,28.7,3.3,2.5,3.3,33.3,78.9,19.0,0.359,64.2,89.9,108.2,3.2,7.7,0.6,37.1,17.6,Weak,1.5,Pull Power,A,Excellent HR swing plane,17.6,Weak,0.909,Good,0.0,66.7,92.1,0.49,Derived proxy,Derived proxy,Derived proxy,Derived proxy,,,4.4,3.4,Positive regression,Weak Pull Power profile. 1.2% barrel rate; 78.9 mph average exit velocity; 19.9% air-ball rate; 48.5% pull-air rate; 3.3% HR-launch rate.,0.0067,0.0179,3.99,26,18,126.0,0.21,20.6,Very recent HR,663738.0,Daniel Lynch IV,L,RHB vs LHP,47,1,47.2,2.45,1.01,2,0.38,6.99,2.64,220.0,3.2,25.0,15.5,31.7,25.0,83.1,95.6,111.3,0.441,2.0,5.9,93.1,0.309,1.7,Sinker,R,RHB vs LHP,25.7,57,0.333,0.421,0.479,0.9,1,6,8,0.0175,2.2,0.381,108,0.0185,3.1,0.511,2,2,1,1/2,0.5,0.5,0.5,1.0,0,0,1,23.8,Strong Pitcher Advantage,Below average,50.9,5,Pitch-level Statcast · last 5 MLB games,78,Changeup,33.333333333333336,26.0,Sinker,24.358974358974358,19.0,Slider,16.666666666666668,13.0,4-Seam Fastball,14.102564102564102,11.0,Knuckle Curve,11.538461538461538,9.0,,,,Unknown,,Unknown,,No,100.0,1.0,1.0,50.0,0.92,0.957,36.0,Current-Season Handedness Matchup,Pull Air %,Barrel %,Max Exit Velocity,25.7,21.3,5.9,38.2,50.0,45.0,28.4,3.72,1.0,0.922,1.025,0.965,0.909,0.877,0.98,6.96,4.3,64.0,16.3,F,Lineup unconfirmed,,,
333,2026-08-12,823187,2026-08-12T19:45:00Z,Scheduled,Oracle Park,Houston Astros @ San Francisco Giants,Home,808982,Jung Hoo Lee,San Francisco Giants,Houston Astros,RF,L,No,,110,446,418,124,26,4,9,57,46,18,6,46,0.297,0.332,0.443,0.775,12,52,47,12,3,0.255,0.0577,22,95,87,24,4,0.276,0.0421,619,126,2.0,20.4,42.7,30.2,26.4,12.6,28.5,41.3,33.0,4.4,3.5,4.4,99.8,82.0,14.0,0.443,66.1,93.3,107.0,3.7,9.4,1.7,35.1,20.5,Weak,2.0,Contact-First Profile,A,Excellent HR swing plane,20.5,Weak,0.917,Good,2.4,40.6,93.6,0.465,Derived proxy,Derived proxy,Derived proxy,Derived proxy,,,15.88,6.88,Strong positive regression,Weak Contact-First Profile profile. 2.0% barrel rate; 82.0 mph average exit velocity; 28.5% air-ball rate; 41.3% pull-air rate; 4.4% HR-launch rate.,0.0202,0.0227,3.99,4,1,46.4,0.09,8.6,Very recent HR,687911.0,Bryan King,L,LHB vs LHP,47,0,49.1,3.83,1.36,7,1.28,7.3,3.1,319.0,3.1,21.9,8.8,35.2,33.9,81.0,93.3,109.4,0.48,7.0,22.7,99.5,0.458,2.9,4-Seam Fastball,L,LHB vs LHP,17.4,126,0.28,0.317,0.398,0.716,2,5,17,0.0159,1.3,0.382,78,0.0128,1.8,0.439,0,0,0,0/0,,,,,0,0,0,25.8,Strong Pitcher Advantage,Below average,50.0,5,Pitch-level Statcast · last 5 MLB games,87,4-Seam Fastball,49.42528735632184,43.0,Sinker,24.137931034482758,21.0,Sweeper,24.137931034482758,21.0,Changeup,2.2988505747126435,2.0,,,,,,,Unknown,,Unknown,,No,91.0,0.91,1.0,33.8,0.945,0.956,32.4,Current-Season Handedness Matchup,Pull Air %,Barrel %,Max Exit Velocity,17.4,22.2,22.7,31.4,33.8,45.0,28.3,3.71,1.35,1.02,0.985,1.0,0.917,0.917,0.98,8.75,5.99,84.6,23.3,F,Lineup unconfirmed,,,
334,2026-08-12,824562,2026-08-12T23:40:00Z,Scheduled,Rate Field,Cincinnati Reds @ Chicago White Sox,Away,670770,TJ Friedl,Cincinnati Reds,Chicago White Sox,CF,L,No,,67,237,207,34,6,1,3,19,11,20,4,54,0.164,0.25,0.246,0.496,3,4,4,0,0,0.0,0.0,8,23,19,0,0,0.0,0.0,256,27,1.0,19.2,35.0,38.3,23.4,20.9,29.9,40.7,20.1,5.6,4.6,5.6,75.0,80.4,27.7,0.272,65.7,92.3,105.2,8.1,8.5,1.2,57.7,17.6,Weak,1.5,Contact-First Profile,A-,Elevated power plane,17.6,Weak,0.909,Good,0.0,33.3,91.6,0.147,Derived proxy,Derived proxy,Derived proxy,Derived proxy,,,5.35,2.35,Positive regression,Weak Contact-First Profile profile. 1.0% barrel rate; 80.4 mph average exit velocity; 29.9% air-ball rate; 40.7% pull-air rate; 5.6% HR-launch rate.,0.0127,0.0192,3.87,41,16,69.0,0.59,59.4,Recently homered,622491.0,Luis Castillo,R,LHB vs RHP,21,18,103.2,5.3,1.41,17,1.48,7.9,2.86,685.0,5.5,25.1,13.4,38.7,29.2,83.7,95.3,113.8,0.579,17.0,4.0,99.9,0.29,1.2,4-Seam Fastball,L,LHB vs RHP,27.2,204,0.159,0.251,0.256,0.507,3,18,46,0.0147,1.8,0.331,272,0.0478,6.9,0.62,3,3,0,0/3,0.0,0.0,0.0,0.0,0,0,0,22.1,Strong Pitcher Advantage,Below average,42.5,5,Pitch-level Statcast · last 5 MLB games,454,4-Seam Fastball,41.629955947136565,189.0,Slider,27.312775330396477,124.0,Sinker,17.841409691629956,81.0,Changeup,13.215859030837004,60.0,,,,,,,Unknown,,Unknown,,No,100.0,1.0,1.0,50.0,0.92,0.98,29.7,Current-Season Handedness Matchup,Pull Air %,Barrel %,Max Exit Velocity,27.2,36.2,4.0,19.7,50.0,45.0,28.2,3.71,1.0,1.061,1.025,0.94,0.909,0.855,1.0,7.21,4.78,70.8,17.6,F,Lineup unconfirmed,,,
335,2026-08-12,822779,2026-08-12T23:07:00Z,Scheduled,Rogers Centre,Boston Red Sox @ Toronto Blue Jays,Home,672386,Alejandro Kirk,Toronto Blue Jays,Boston Red Sox,C,R,No,,46,174,153,40,4,0,4,11,19,18,0,22,0.261,0.333,0.366,0.699,10,38,32,12,1,0.375,0.0263,20,75,64,22,2,0.344,0.0267,218,91,1.3,27.1,31.1,29.6,39.4,13.0,25.8,31.9,27.4,4.4,2.9,4.4,156.7,84.0,17.3,0.431,70.4,95.8,107.0,17.6,9.7,7.4,48.7,21.7,Weak,2.0,Contact-First Profile,A,Excellent HR swing plane,21.7,Weak,0.921,Good,1.1,26.1,96.8,0.477,Derived proxy,Derived proxy,Derived proxy,Derived proxy,,,4.4,0.4,Near expected,Weak Contact-First Profile profile. 1.3% barrel rate; 84.0 mph average exit velocity; 25.8% air-ball rate; 31.9% pull-air rate; 4.4% HR-launch rate.,0.023,0.0267,3.99,22,7,38.2,0.58,57.5,Recently homered,624133.0,Ranger Suarez,L,RHB vs LHP,20,20,103.0,3.32,1.17,6,0.52,9.44,2.62,538.0,3.0,21.0,11.3,44.1,31.4,80.9,93.6,113.6,0.484,6.0,14.5,99.8,0.395,0.9,Sinker,R,RHB vs LHP,23.4,56,0.277,0.375,0.383,0.758,1,8,11,0.0179,1.9,0.427,309,0.0097,2.3,0.463,5,5,3,3/5,0.6,0.6,0.6,1.2,0,0,0,26.8,Strong Pitcher Advantage,Below average,56.2,5,Pitch-level Statcast · last 5 MLB games,347,4-Seam Fastball,23.34293948126801,81.0,Cutter,21.902017291066283,76.0,Sinker,19.020172910662826,66.0,Curveball,17.002881844380404,59.0,Changeup,9.510086455331413,33.0,Slider,9.221902017291066,32.0,Unknown,,Unknown,,No,100.0,1.0,1.0,50.0,0.929,0.955,29.5,Current-Season Handedness Matchup,Pull Air %,Barrel %,Max Exit Velocity,23.4,28.7,14.5,23.4,50.0,45.0,28.2,3.71,0.997,0.907,1.025,1.0,0.921,0.921,1.0,10.22,5.56,70.4,19.5,F,Lineup unconfirmed,,,
336,2026-08-12,823994,2026-08-13T02:10:00Z,Scheduled,Angel Stadium,Texas Rangers @ Los Angeles Angels,Home,624428,Adam Frazier,Los Angeles Angels,Texas Rangers,2B,L,No,,45,102,90,18,5,1,1,15,6,9,1,30,0.2,0.28,0.311,0.591,4,9,9,1,0,0.111,0.0,4,9,9,1,0,0.111,0.0,136,11,1.9,8.2,50.4,28.2,21.4,11.4,20.3,43.8,27.2,3.2,1.3,3.2,33.3,77.8,16.8,0.355,62.1,88.6,107.7,1.7,4.4,0.0,40.4,14.9,Weak,1.5,Pull Power,A,Excellent HR swing plane,14.9,Weak,0.902,Good,0.0,50.0,90.3,0.311,Derived proxy,Derived proxy,Derived proxy,Derived proxy,,,3.27,2.27,Positive regression,Weak Pull Power profile. 1.9% barrel rate; 77.8 mph average exit velocity; 20.3% air-ball rate; 43.8% pull-air rate; 3.2% HR-launch rate.,0.0098,0.0218,3.81,68,33,90.0,0.76,75.6,Recently homered,615698.0,Cal Quantrill,R,LHB vs RHP,24,7,65.2,3.56,1.19,9,1.23,5.89,2.6,381.0,4.7,21.0,16.0,32.1,29.1,81.8,93.9,111.2,0.517,9.0,7.6,99.6,0.326,1.8,Cutter,L,LHB vs RHP,27.6,85,0.208,0.274,0.338,0.611,1,7,27,0.0118,2.6,0.376,155,0.0387,6.2,0.631,16,16,4,4/16,0.25,0.25,0.313,0.563,0,0,2,19.0,Strong Pitcher Advantage,Below average,19.7,5,Pitch-level Statcast · last 5 MLB games,307,Split-Finger,29.64169381107492,91.0,4-Seam Fastball,23.452768729641694,72.0,Cutter,21.824104234527688,67.0,Sinker,19.86970684039088,61.0,Curveball,5.2117263843648205,16.0,,,,Unknown,,Unknown,,No,100.0,1.0,1.0,50.0,0.92,0.972,32.8,Current-Season Handedness Matchup,Pull Air %,Barrel %,Max Exit Velocity,27.6,24.9,7.6,32.7,50.0,45.0,28.0,3.71,1.0,1.019,1.025,0.94,0.902,0.848,1.0,8.06,4.93,60.0,16.3,F,Lineup unconfirmed; Limited recent games,,,
337,2026-08-12,824883,2026-08-12T23:15:00Z,Scheduled,Truist Park,New York Mets @ Atlanta Braves,Away,620443,Luis Torrens,New York Mets,Atlanta Braves,C,R,No,,71,216,195,45,12,0,4,26,27,15,4,42,0.231,0.299,0.354,0.653,4,16,13,5,2,0.385,0.125,10,38,33,10,2,0.303,0.0526,295,56,2.2,25.6,24.0,29.0,45.7,12.0,24.7,20.4,34.9,5.6,2.4,5.6,107.1,84.5,16.0,0.455,68.1,95.0,107.3,6.3,12.3,1.7,46.1,16.1,Weak,1.5,Contact-First Profile,A,Excellent HR swing plane,16.1,Weak,0.905,Good,1.8,17.6,96.2,0.492,Derived proxy,Derived proxy,Derived proxy,Derived proxy,,,7.23,3.23,Positive regression,Weak Contact-First Profile profile. 2.2% barrel rate; 84.5 mph average exit velocity; 24.7% air-ball rate; 20.4% pull-air rate; 5.6% HR-launch rate.,0.0185,0.0233,4.05,3,1,48.8,0.06,6.2,Very recent HR,641816.0,Tyler Mahle,R,RHB vs RHP,19,19,100.2,4.83,1.36,14,1.25,8.76,3.49,530.0,4.2,22.3,15.3,37.5,28.9,82.6,94.7,110.5,0.523,14.0,26.8,99.9,0.513,2.2,4-Seam Fastball,R,RHB vs RHP,23.7,149,0.221,0.284,0.309,0.593,1,9,30,0.0067,1.9,0.435,198,0.0354,5.7,0.576,0,0,0,0/0,,,,,0,0,0,30.0,Slight Pitcher Advantage,Below average,50.0,5,Pitch-level Statcast · last 5 MLB games,474,4-Seam Fastball,49.57805907172996,235.0,Split-Finger,25.738396624472575,122.0,Cutter,23.839662447257385,113.0,Slider,0.8438818565400844,4.0,,,,,,,Unknown,,Unknown,,No,103.0,1.03,1.0,55.4,0.954,0.967,24.7,Current-Season Handedness Matchup,Pull Air %,Barrel %,Max Exit Velocity,23.7,27.4,26.8,16.4,55.4,45.0,28.0,3.71,1.35,1.024,0.985,1.0,0.905,0.905,0.98,9.12,6.72,70.5,20.7,F,Lineup unconfirmed,,,
338,2026-08-12,823833,2026-08-12T22:40:00Z,Scheduled,loanDepot park,Pittsburgh Pirates @ Miami Marlins,Home,669364,Xavier Edwards,Miami Marlins,Pittsburgh Pirates,2B,S,No,,120,502,437,124,16,6,6,55,44,58,0,67,0.284,0.364,0.389,0.753,11,43,39,8,0,0.205,0.0,23,93,84,17,0,0.202,0.0,641,112,1.4,17.9,33.2,29.8,37.0,12.2,27.4,29.0,31.2,3.4,1.9,3.4,42.9,80.5,17.1,0.421,65.7,92.1,110.4,2.4,9.5,0.7,39.5,14.2,Weak,1.5,Contact-First Profile,A,Excellent HR swing plane,14.2,Weak,0.9,Good,0.0,27.6,92.1,0.395,Derived proxy,Derived proxy,Derived proxy,Derived proxy,,,11.66,5.66,Strong positive regression,Weak Contact-First Profile profile. 1.4% barrel rate; 80.5 mph average exit velocity; 27.4% air-ball rate; 29.0% pull-air rate; 3.4% HR-launch rate.,0.012,0.0158,3.99,255,71,72.8,3.5,350.1,Very long drought,669387.0,Carmen Mlodzinski,R,Switch vs RHP,26,10,97.1,3.51,1.36,8,0.74,7.12,2.96,549.0,4.9,30.1,14.0,40.5,30.1,84.6,96.5,111.7,0.542,8.0,14.9,99.9,0.399,1.3,4-Seam Fastball,L,LHB vs RHP,20.9,382,0.288,0.37,0.382,0.752,2,46,47,0.0052,2.0,0.427,256,0.0234,5.9,0.58,1,1,0,0/1,0.0,0.0,0.0,0.0,0,0,0,24.1,Strong Pitcher Advantage,Below average,47.5,5,Pitch-level Statcast · last 5 MLB games,223,Split-Finger,26.457399103139014,59.0,4-Seam Fastball,25.56053811659193,57.0,Sinker,19.730941704035875,44.0,Cutter,12.10762331838565,27.0,Sweeper,10.762331838565023,24.0,Curveball,5.381165919282512,12.0,Unknown,,Unknown,,No,94.0,0.94,1.0,39.2,0.93,0.974,28.0,Current-Season Handedness Matchup,Pull Air %,Barrel %,Max Exit Velocity,20.9,35.1,14.9,15.4,39.2,45.0,27.9,3.71,0.758,0.942,1.035,1.0,0.9,0.9,1.06,6.16,3.72,84.4,27.3,F,Lineup unconfirmed,,,
339,2026-08-12,823263,2026-08-12T20:10:00Z,Scheduled,Petco Park,Milwaukee Brewers @ San Diego Padres,Home,630105,Jake Cronenworth,San Diego Padres,Milwaukee Brewers,2B,L,No,,69,261,230,50,7,0,3,28,18,24,5,56,0.217,0.305,0.287,0.592,12,50,47,11,0,0.234,0.0,23,99,87,22,0,0.253,0.0,348,141,2.8,20.9,40.2,29.4,30.4,9.6,21.1,33.0,27.5,2.9,1.5,2.9,17.7,81.1,15.6,0.403,68.3,93.5,108.9,16.3,8.5,4.2,33.7,17.2,Weak,1.5,Contact-First Profile,A,Excellent HR swing plane,17.2,Weak,0.908,Good,2.1,33.3,93.7,0.364,Derived proxy,Derived proxy,Derived proxy,Derived proxy,,,9.26,6.26,Strong positive regression,Weak Contact-First Profile profile. 2.8% barrel rate; 81.1 mph average exit velocity; 21.1% air-ball rate; 33.0% pull-air rate; 2.9% HR-launch rate.,0.0115,0.018,3.87,104,28,76.7,1.36,135.7,Above normal drought,669160.0,Dustin May,R,LHB vs RHP,22,22,115.0,4.3,1.27,8,0.63,8.69,2.97,612.0,4.1,27.1,12.6,34.4,31.5,82.9,95.3,114.8,0.508,8.0,22.1,99.9,0.417,4.7,4-Seam Fastball,L,LHB vs RHP,20.6,205,0.211,0.304,0.289,0.593,3,22,46,0.0146,3.4,0.45,298,0.0201,3.4,0.508,6,6,2,2/6,0.333,0.333,0.833,1.166,1,0,0,30.0,Strong Pitcher Advantage,Below average,65.0,5,Pitch-level Statcast · last 5 MLB games,438,4-Seam Fastball,25.34246575342466,111.0,Cutter,23.972602739726028,105.0,Sinker,18.72146118721461,82.0,Sweeper,18.264840182648403,80.0,Changeup,7.762557077625571,34.0,Curveball,5.936073059360731,26.0,Unknown,,Unknown,,No,94.0,0.94,1.0,39.2,0.944,0.966,29.8,Current-Season Handedness Matchup,Pull Air %,Barrel %,Max Exit Velocity,20.6,25.3,22.1,24.2,39.2,45.0,27.9,3.71,0.758,0.925,1.025,0.94,0.908,0.854,1.035,6.77,3.72,78.6,19.7,F,Lineup unconfirmed,,,
340,2026-08-12,824562,2026-08-12T23:40:00Z,Scheduled,Rate Field,Cincinnati Reds @ Chicago White Sox,Away,667472,Dane Myers,Cincinnati Reds,Chicago White Sox,CF,R,No,,83,210,181,46,8,0,3,22,18,24,3,57,0.254,0.348,0.348,0.696,9,36,33,6,0,0.182,0.0,20,73,64,16,0,0.25,0.0,239,86,1.6,21.7,17.7,42.4,37.2,11.6,23.4,15.8,28.3,5.6,2.7,5.6,50.0,81.0,18.9,0.469,68.2,93.3,108.0,17.0,11.5,4.9,49.2,15.5,Weak,1.5,Contact-First Profile,A,Excellent HR swing plane,15.5,Weak,0.903,Good,0.0,6.2,93.0,0.343,Derived proxy,Derived proxy,Derived proxy,Derived proxy,,,4.5,1.5,Near expected,Weak Contact-First Profile profile. 1.6% barrel rate; 81.0 mph average exit velocity; 23.4% air-ball rate; 15.8% pull-air rate; 5.6% HR-launch rate.,0.0143,0.0207,4.05,118,46,60.3,1.96,195.6,Above normal drought,622491.0,Luis Castillo,R,RHB vs RHP,21,18,103.2,5.3,1.41,17,1.48,7.9,2.86,685.0,5.5,25.1,13.4,38.7,29.2,83.7,95.3,113.8,0.579,17.0,24.7,99.9,0.497,2.0,4-Seam Fastball,R,RHB vs RHP,18.8,116,0.263,0.362,0.313,0.675,1,15,33,0.0086,1.5,0.475,190,0.0211,3.4,0.517,2,2,1,1/2,0.5,0.5,0.5,1.0,0,0,1,27.3,Strong Pitcher Advantage,Below average,50.9,5,Pitch-level Statcast · last 5 MLB games,454,4-Seam Fastball,41.629955947136565,189.0,Slider,27.312775330396477,124.0,Sinker,17.841409691629956,81.0,Changeup,13.215859030837004,60.0,,,,,,,Unknown,,Unknown,,No,100.0,1.0,1.0,50.0,0.949,0.98,20.8,Current-Season Handedness Matchup,Pull Air %,Barrel %,Max Exit Velocity,18.8,36.2,24.7,9.9,50.0,45.0,27.6,3.7,0.758,1.061,0.985,0.965,0.903,0.872,1.035,8.13,4.5,72.8,23.6,F,Lineup unconfirmed,,,
341,2026-08-12,824967,2026-08-12T19:05:00Z,Scheduled,Sutter Health Park,Tampa Bay Rays @ Athletics,Home,675961,Alika Williams,Athletics,Tampa Bay Rays,SS,R,No,,57,135,125,33,10,0,2,15,10,5,2,33,0.264,0.301,0.392,0.693,11,23,20,6,0,0.3,0.0,21,47,41,11,0,0.268,0.0,200,76,1.1,16.3,41.6,35.2,23.2,9.7,20.1,36.3,27.4,3.7,1.8,3.7,65.0,77.8,21.1,0.383,67.8,89.4,107.6,4.1,5.3,1.0,43.2,13.9,Weak,1.5,Contact-First Profile,A-,Elevated power plane,13.9,Weak,0.899,Good,1.3,28.6,88.4,0.382,Derived proxy,Derived proxy,Derived proxy,Derived proxy,,,3.66,1.66,Near expected,Weak Contact-First Profile profile. 1.1% barrel rate; 77.8 mph average exit velocity; 20.1% air-ball rate; 36.3% pull-air rate; 3.7% HR-launch rate.,0.0148,0.0229,3.99,56,27,62.5,0.9,89.6,Near normal interval,656876.0,Drew Rasmussen,R,RHB vs RHP,22,22,124.1,2.75,0.91,12,0.87,9.41,1.59,660.0,3.8,20.6,11.4,42.2,28.5,82.0,93.7,111.9,0.487,12.0,20.7,100.0,0.457,0.9,Cutter,R,RHB vs RHP,25.1,58,0.222,0.246,0.333,0.579,1,1,18,0.0172,1.2,0.383,182,0.0165,4.6,0.475,0,0,0,0/0,,,,,0,0,0,28.5,Strong Pitcher Advantage,Below average,50.0,5,Pitch-level Statcast · last 5 MLB games,428,4-Seam Fastball,36.6822429906542,157.0,Sinker,24.53271028037383,105.0,Cutter,23.130841121495326,99.0,Changeup,12.149532710280374,52.0,Curveball,2.336448598130841,10.0,Sweeper,1.1682242990654206,5.0,Unknown,,Unknown,,No,100.0,1.0,1.0,50.0,0.941,0.963,28.8,Current-Season Handedness Matchup,Pull Air %,Barrel %,Max Exit Velocity,25.1,27.6,20.7,8.9,50.0,45.0,27.5,3.7,0.758,0.963,0.985,1.0,0.899,0.899,1.0,8.83,4.4,65.4,17.5,F,Lineup unconfirmed,,,
342,2026-08-12,823833,2026-08-12T22:40:00Z,Scheduled,loanDepot park,Pittsburgh Pirates @ Miami Marlins,Away,663968,Jake Mangum,Pittsburgh Pirates,Miami Marlins,CF,S,No,,98,353,321,96,14,1,4,44,27,19,8,67,0.299,0.351,0.386,0.737,12,54,46,13,2,0.283,0.037,22,100,92,25,2,0.272,0.02,549,135,1.1,14.7,32.7,27.2,39.6,9.1,20.8,27.2,34.7,3.0,2.0,3.0,87.0,79.8,16.3,0.446,64.9,91.5,107.1,3.1,7.5,1.1,34.3,13.1,Weak,1.5,Contact-First Profile,A,Excellent HR swing plane,13.1,Weak,0.897,Good,1.5,22.2,91.7,0.481,Derived proxy,Derived proxy,Derived proxy,Derived proxy,,,8.54,4.54,Strong positive regression,Weak Contact-First Profile profile. 1.1% barrel rate; 79.8 mph average exit velocity; 20.8% air-ball rate; 27.2% pull-air rate; 3.0% HR-launch rate.,0.0113,0.0166,4.05,4,1,80.2,0.05,5.0,Very recent HR,676083.0,Janson Junk,R,Switch vs RHP,16,16,81.2,4.63,1.36,12,1.32,6.83,2.53,509.0,4.3,24.0,11.8,51.8,28.1,82.8,95.1,114.2,0.513,12.0,18.8,99.9,0.438,0.6,4-Seam Fastball,L,LHB vs RHP,21.2,259,0.302,0.355,0.396,0.751,3,15,47,0.0116,1.0,0.44,219,0.0274,4.0,0.549,0,0,0,0/0,,,,,0,0,0,26.1,Strong Pitcher Advantage,Below average,50.0,5,Pitch-level Statcast · last 5 MLB games,360,4-Seam Fastball,45.833333333333336,165.0,Changeup,14.166666666666666,51.0,Slider,13.61111111111111,49.0,Sweeper,13.055555555555555,47.0,Sinker,8.055555555555555,29.0,Curveball,5.277777777777778,19.0,Unknown,,Unknown,,No,94.0,0.94,1.0,39.2,0.938,0.968,25.3,Current-Season Handedness Matchup,Pull Air %,Barrel %,Max Exit Velocity,21.2,36.6,18.8,9.5,39.2,45.0,27.5,3.7,1.301,1.035,1.035,1.0,0.897,0.897,0.98,6.55,5.11,85.0,21.4,F,Lineup unconfirmed,,,
343,2026-08-12,823994,2026-08-13T02:10:00Z,Scheduled,Angel Stadium,Texas Rangers @ Los Angeles Angels,Home,694203,Denzer Guzman,Los Angeles Angels,Texas Rangers,3B,R,No,,48,167,155,35,4,0,5,14,16,10,1,42,0.226,0.277,0.348,0.625,10,21,19,3,1,0.158,0.0476,20,52,48,7,1,0.146,0.0192,226,66,2.5,18.2,37.0,41.2,21.8,11.8,24.9,33.8,30.5,3.7,1.7,3.7,81.4,81.2,14.4,0.427,71.5,92.6,110.2,33.3,5.4,8.4,37.2,22.2,Weak,2.0,Contact-First Profile,A,Excellent HR swing plane,22.2,Weak,0.922,Good,1.5,25.0,92.9,0.36,Derived proxy,Derived proxy,Derived proxy,Derived proxy,,,5.9,0.9,Near expected,Weak Contact-First Profile profile. 2.5% barrel rate; 81.2 mph average exit velocity; 24.9% air-ball rate; 33.8% pull-air rate; 3.7% HR-launch rate.,0.0299,0.0308,3.81,16,9,31.0,0.52,51.6,Recently homered,615698.0,Cal Quantrill,R,RHB vs RHP,24,7,65.2,3.56,1.19,9,1.23,5.89,2.6,381.0,4.7,21.0,16.0,32.1,29.1,81.8,93.9,111.2,0.517,9.0,18.0,99.6,0.43,2.0,Cutter,R,RHB vs RHP,16.2,121,0.254,0.292,0.333,0.625,2,5,26,0.0165,2.4,0.415,121,0.0248,2.6,0.394,0,0,0,0/0,,,,,0,0,0,23.6,Strong Pitcher Advantage,Below average,50.0,5,Pitch-level Statcast · last 5 MLB games,307,Split-Finger,29.64169381107492,91.0,4-Seam Fastball,23.452768729641694,72.0,Cutter,21.824104234527688,67.0,Sinker,19.86970684039088,61.0,Curveball,5.2117263843648205,16.0,,,,Unknown,,Unknown,,No,100.0,1.0,1.0,50.0,0.936,0.972,29.8,Current-Season Handedness Matchup,Pull Air %,Barrel %,Max Exit Velocity,16.2,24.9,18.0,14.5,50.0,45.0,27.2,3.69,1.053,1.019,0.985,0.94,0.922,0.867,1.0,11.24,6.28,68.1,19.6,F,Lineup unconfirmed,,,
344,2026-08-12,822698,2026-08-12T22:45:00Z,Scheduled,Nationals Park,Chicago Cubs @ Washington Nationals,Home,683083,Nasim Nuñez,Washington Nationals,Chicago Cubs,2B,S,No,,112,396,344,79,4,3,1,46,34,43,1,82,0.23,0.315,0.267,0.582,11,43,37,4,0,0.108,0.0,23,90,79,15,0,0.19,0.0,531,128,0.1,12.9,38.3,35.4,25.3,8.2,20.8,37.1,28.3,1.5,1.4,1.5,100.0,78.9,14.9,0.343,64.7,89.6,109.7,3.1,5.9,0.8,37.7,13.8,Weak,1.5,Contact-First Profile,A,Excellent HR swing plane,13.8,Weak,0.899,Good,0.0,34.6,90.0,0.319,Derived proxy,Derived proxy,Derived proxy,Derived proxy,,,5.55,4.55,Strong positive regression,Weak Contact-First Profile profile. 0.1% barrel rate; 78.9 mph average exit velocity; 20.8% air-ball rate; 37.1% pull-air rate; 1.5% HR-launch rate.,0.0025,0.0094,3.87,99,30,344.0,0.29,28.8,Very recent HR,656849.0,David Peterson,L,Switch vs LHP,23,15,106.0,5.35,1.5,11,0.93,7.47,3.65,585.0,4.1,26.8,12.5,41.6,29.7,82.7,96.1,111.7,0.535,11.0,8.9,99.8,0.339,0.1,Sinker,R,RHB vs LHP,14.5,119,0.228,0.345,0.287,0.632,1,17,22,0.0084,0.6,0.36,333,0.018,3.6,0.516,4,3,0,0/3,0.0,0.25,0.0,0.25,0,1,0,17.6,Strong Pitcher Advantage,Below average,40.0,5,Pitch-level Statcast · last 5 MLB games,443,Sinker,36.11738148984199,160.0,4-Seam Fastball,24.830699774266364,110.0,Slider,19.63882618510158,87.0,Changeup,13.99548532731377,62.0,Curveball,5.417607223476298,24.0,,,,Unknown,,Unknown,,No,100.0,1.0,1.0,50.0,0.92,0.966,27.4,Current-Season Handedness Matchup,Pull Air %,Barrel %,Max Exit Velocity,14.5,32.0,8.9,17.7,50.0,45.0,26.9,3.69,0.758,0.973,1.035,0.94,0.899,0.845,0.98,3.58,2.94,84.2,16.5,F,Lineup unconfirmed,,,
345,2026-08-12,823017,2026-08-12T18:15:00Z,Scheduled,Busch Stadium,Philadelphia Phillies @ St. Louis Cardinals,Home,691026,Masyn Winn,St. Louis Cardinals,Philadelphia Phillies,SS,R,No,,112,455,400,98,17,2,4,45,49,41,7,91,0.245,0.321,0.328,0.649,12,46,39,11,0,0.282,0.0,25,98,83,21,0,0.253,0.0,548,102,1.9,21.5,29.8,33.0,37.0,12.7,29.7,31.2,31.4,4.3,1.6,4.3,26.0,82.3,19.0,0.443,69.8,93.8,107.9,16.4,9.1,3.6,42.5,18.2,Weak,1.5,Contact-First Profile,A,Excellent HR swing plane,18.2,Weak,0.911,Good,2.0,25.7,94.2,0.464,Derived proxy,Derived proxy,Derived proxy,Derived proxy,,,12.46,8.46,Strong positive regression,Weak Contact-First Profile profile. 1.9% barrel rate; 82.3 mph average exit velocity; 29.7% air-ball rate; 31.2% pull-air rate; 4.3% HR-launch rate.,0.0088,0.0136,3.87,115,35,100.0,1.15,115.0,Near normal interval,554430.0,Zack Wheeler,R,RHB vs RHP,19,19,110.1,2.69,0.98,14,1.14,10.77,2.28,553.0,3.8,21.2,12.1,38.7,29.8,81.6,93.3,111.8,0.472,14.0,15.2,100.0,0.402,1.3,4-Seam Fastball,R,RHB vs RHP,16.9,338,0.225,0.305,0.309,0.613,4,30,68,0.0118,2.3,0.42,170,0.0294,3.6,0.408,5,5,1,1/5,0.2,0.2,0.4,0.6,0,0,1,21.2,Strong Pitcher Advantage,Below average,41.5,5,Pitch-level Statcast · last 5 MLB games,405,4-Seam Fastball,32.592592592592595,132.0,Split-Finger,21.728395061728396,88.0,Sinker,13.333333333333334,54.0,Sweeper,13.08641975308642,53.0,Cutter,9.876543209876543,40.0,Curveball,9.382716049382717,38.0,Unknown,,Unknown,,No,100.0,1.0,1.0,50.0,0.93,0.963,27.6,Current-Season Handedness Matchup,Pull Air %,Barrel %,Max Exit Velocity,16.9,24.3,15.2,17.7,50.0,45.0,25.9,3.67,0.758,1.006,0.985,0.94,0.911,0.856,1.0,5.17,3.37,84.8,19.1,F,Lineup unconfirmed,,,
346,2026-08-12,824241,2026-08-12T22:40:00Z,Scheduled,Comerica Park,Cleveland Guardians @ Detroit Tigers,Away,680757,Steven Kwan,Cleveland Guardians,Detroit Tigers,LF,L,No,,110,450,381,102,14,2,2,50,22,57,4,47,0.268,0.366,0.331,0.697,9,43,37,16,1,0.432,0.0233,21,96,83,35,1,0.422,0.0104,565,129,0.5,5.7,33.0,28.4,38.5,12.2,31.8,29.5,40.0,2.2,1.7,2.2,100.0,79.0,18.3,0.422,59.6,88.8,103.8,0.1,3.4,0.0,26.7,11.3,Weak,1.5,Contact-First Profile,A,Excellent HR swing plane,11.3,Weak,0.892,Good,0.8,31.7,88.6,0.491,Derived proxy,Derived proxy,Derived proxy,Derived proxy,,,6.62,4.62,Strong positive regression,Weak Contact-First Profile profile. 0.5% barrel rate; 79.0 mph average exit velocity; 31.8% air-ball rate; 29.5% pull-air rate; 2.2% HR-launch rate.,0.0044,0.0102,4.05,14,3,190.5,0.07,7.3,Very recent HR,664285.0,Framber Valdez,L,LHB vs LHP,23,23,127.1,4.17,1.37,12,0.85,7.28,3.18,683.0,4.2,29.7,11.9,42.2,27.8,84.5,97.2,112.0,0.491,12.0,18.6,99.9,0.436,0.4,Sinker,L,LHB vs LHP,12.0,130,0.22,0.333,0.266,0.599,0,17,18,0.0,0.6,0.38,129,0.0155,3.5,0.456,7,5,0,0/5,0.0,0.286,0.0,0.286,0,2,1,18.4,Strong Pitcher Advantage,Below average,32.5,5,Pitch-level Statcast · last 5 MLB games,417,Sinker,39.80815347721823,166.0,Curveball,34.77218225419664,145.0,Changeup,14.628297362110311,61.0,Slider,5.755395683453237,24.0,4-Seam Fastball,5.0359712230215825,21.0,,,,Unknown,,Unknown,,No,100.0,1.0,1.0,50.0,0.937,0.967,20.8,Current-Season Handedness Matchup,Pull Air %,Barrel %,Max Exit Velocity,12.0,32.7,18.6,12.2,50.0,45.0,25.8,3.67,1.267,0.96,0.985,0.965,0.892,0.86,0.98,4.09,3.7,84.7,18.5,F,Lineup unconfirmed,,,
347,2026-08-12,823263,2026-08-12T20:10:00Z,Scheduled,Petco Park,Milwaukee Brewers @ San Diego Padres,Away,666152,David Hamilton,Milwaukee Brewers,San Diego Padres,3B,L,No,,89,288,247,58,9,2,3,37,16,27,1,65,0.235,0.313,0.324,0.637,11,37,32,6,0,0.188,0.0,15,50,43,9,0,0.209,0.0,351,54,2.1,15.7,40.7,28.1,30.8,13.8,25.5,35.4,24.5,4.3,3.3,4.3,24.4,76.6,15.3,0.401,62.5,89.8,106.6,3.8,7.0,1.4,37.7,13.3,Weak,1.5,Contact-First Profile,A,Excellent HR swing plane,13.3,Weak,0.897,Good,1.9,33.3,89.3,0.4,Derived proxy,Derived proxy,Derived proxy,Derived proxy,,,8.65,5.65,Strong positive regression,Weak Contact-First Profile profile. 2.1% barrel rate; 76.6 mph average exit velocity; 25.5% air-ball rate; 35.4% pull-air rate; 4.3% HR-launch rate.,0.0104,0.0168,3.93,95,37,82.3,1.15,115.4,Near normal interval,592662.0,Robbie Ray,L,LHB vs LHP,23,22,127.2,3.24,1.33,16,1.13,7.68,4.37,717.0,4.7,22.6,17.4,35.0,30.0,81.8,93.8,112.9,0.54,16.0,16.1,100.0,0.395,2.8,4-Seam Fastball,L,LHB vs LHP,23.0,49,0.22,0.304,0.244,0.548,0,4,14,0.0,2.0,0.343,139,0.0072,3.7,0.504,0,0,0,0/0,,,,,0,0,0,26.0,Strong Pitcher Advantage,Below average,50.0,5,Pitch-level Statcast · last 5 MLB games,444,Sinker,25.225225225225227,112.0,4-Seam Fastball,21.396396396396398,95.0,Changeup,20.945945945945947,93.0,Knuckle Curve,17.792792792792792,79.0,Slider,14.63963963963964,65.0,,,,Unknown,,Unknown,,No,94.0,0.94,1.0,39.2,0.932,0.972,27.2,Current-Season Handedness Matchup,Pull Air %,Barrel %,Max Exit Velocity,23.0,27.5,16.1,15.0,39.2,45.0,25.7,3.66,0.758,1.005,0.985,0.94,0.897,0.843,1.0,6.43,3.59,76.6,18.3,F,Lineup unconfirmed,,,
348,2026-08-12,824967,2026-08-12T19:05:00Z,Scheduled,Sutter Health Park,Tampa Bay Rays @ Athletics,Home,695720,Tommy White,Athletics,Tampa Bay Rays,3B,R,No,,22,88,86,21,2,0,0,8,1,2,0,15,0.244,0.261,0.267,0.528,11,42,42,7,0,0.167,0.0,22,88,86,21,0,0.244,0.0,117,117,2.6,22.2,30.9,30.9,38.2,11.1,25.6,23.3,29.9,6.0,2.6,6.0,0.0,81.4,12.0,0.433,68.5,92.4,108.0,13.3,12.0,5.7,50.0,16.6,Weak,1.5,Contact-First Profile,A,Excellent HR swing plane,16.6,Weak,0.906,Good,2.6,23.3,92.4,0.433,Derived proxy,Derived proxy,Derived proxy,Derived proxy,,,3.09,3.09,Positive regression,Weak Contact-First Profile profile. 2.6% barrel rate; 81.4 mph average exit velocity; 25.6% air-ball rate; 23.3% pull-air rate; 6.0% HR-launch rate.,0.0,0.0185,3.81,86,22,,,,No season HR,656876.0,Drew Rasmussen,R,RHB vs RHP,22,22,124.1,2.75,0.91,12,0.87,9.41,1.59,660.0,3.8,20.6,11.4,42.2,28.5,82.0,93.7,111.9,0.487,12.0,14.0,100.0,0.39,1.7,Cutter,R,RHB vs RHP,28.6,45,0.227,0.244,0.273,0.517,0,1,6,0.0,3.3,0.454,182,0.0165,4.6,0.475,0,0,0,0/0,,,,,0,0,0,27.8,Strong Pitcher Advantage,Below average,50.0,5,Pitch-level Statcast · last 5 MLB games,428,4-Seam Fastball,36.6822429906542,157.0,Sinker,24.53271028037383,105.0,Cutter,23.130841121495326,99.0,Changeup,12.149532710280374,52.0,Curveball,2.336448598130841,10.0,Sweeper,1.1682242990654206,5.0,Unknown,,Unknown,,No,100.0,1.0,1.0,50.0,0.928,0.963,26.2,Current-Season Handedness Matchup,Pull Air %,Barrel %,Max Exit Velocity,28.6,27.6,14.0,13.1,50.0,45.0,25.7,3.66,0.758,0.963,0.985,0.94,0.906,0.852,1.0,6.85,3.72,65.3,15.1,F,Lineup unconfirmed,,,
349,2026-08-12,823263,2026-08-12T20:10:00Z,Scheduled,Petco Park,Milwaukee Brewers @ San Diego Padres,Away,663604,Brandon Lockridge,Milwaukee Brewers,San Diego Padres,LF,R,No,,33,102,91,26,4,0,0,10,12,10,0,27,0.286,0.356,0.33,0.686,5,6,6,1,0,0.167,0.0,5,6,6,1,0,0.167,0.0,121,3,0.8,17.4,23.0,45.9,27.9,5.8,13.2,18.8,27.3,1.7,0.0,1.7,0.0,78.3,6.8,0.4,69.4,90.6,110.4,32.1,5.0,5.4,40.8,12.1,Weak,1.5,Contact-First Profile,C,Low line-drive plane,12.1,Weak,0.894,Good,0.0,,76.1,0.078,Derived proxy,Derived proxy,Derived proxy,Derived proxy,,,1.29,1.29,Near expected,Weak Contact-First Profile profile. 0.8% barrel rate; 78.3 mph average exit velocity; 13.2% air-ball rate; 18.8% pull-air rate; 1.7% HR-launch rate.,0.0,0.0173,4.05,91,33,,,,No season HR,592662.0,Robbie Ray,L,RHB vs LHP,23,22,127.2,3.24,1.33,16,1.13,7.68,4.37,717.0,4.7,22.6,17.4,35.0,30.0,81.8,93.8,112.9,0.54,16.0,19.6,88.9,0.446,1.4,4-Seam Fastball,R,RHB vs LHP,35.1,40,0.25,0.325,0.278,0.603,0,4,12,0.0,0.0,0.399,400,0.0375,5.0,0.552,4,4,2,2/4,0.5,0.5,0.75,1.25,0,0,1,33.7,Slight Pitcher Advantage,Below average,55.0,5,Pitch-level Statcast · last 5 MLB games,444,Sinker,25.225225225225227,112.0,4-Seam Fastball,21.396396396396398,95.0,Changeup,20.945945945945947,93.0,Knuckle Curve,17.792792792792792,79.0,Slider,14.63963963963964,65.0,,,,Unknown,,Unknown,,No,94.0,0.94,1.0,39.2,0.939,0.972,25.0,Current-Season Handedness Matchup,Pull Air %,Barrel %,Max Exit Velocity,35.1,27.5,19.6,15.0,39.2,45.0,25.5,3.66,1.0,1.005,1.025,0.965,0.894,0.863,1.0,6.82,4.37,59.8,15.9,F,Lineup unconfirmed,,,
350,2026-08-12,823187,2026-08-12T19:45:00Z,Scheduled,Oracle Park,Houston Astros @ San Francisco Giants,Home,683766,Christian Koss,San Francisco Giants,Houston Astros,3B,R,No,,29,69,66,11,2,0,0,4,2,2,1,15,0.167,0.203,0.197,0.4,11,35,35,6,0,0.171,0.0,17,49,47,9,0,0.191,0.0,77,52,1.5,16.2,42.7,29.3,28.0,14.2,25.6,35.7,28.3,0.0,0.0,0.0,0.0,79.8,18.8,0.319,66.5,91.3,108.7,5.1,5.4,1.0,60.5,14.9,Weak,1.5,Contact-First Profile,A,Excellent HR swing plane,14.9,Weak,0.902,Good,1.9,46.2,91.3,0.354,Derived proxy,Derived proxy,Derived proxy,Derived proxy,,,1.28,1.28,Near expected,Weak Contact-First Profile profile. 1.5% barrel rate; 79.8 mph average exit velocity; 25.6% air-ball rate; 35.7% pull-air rate; 0.0% HR-launch rate.,0.0,0.0203,3.81,66,28,,,,No season HR,687911.0,Bryan King,L,RHB vs LHP,47,0,49.1,3.83,1.36,7,1.28,7.3,3.1,319.0,3.1,21.9,8.8,35.2,33.9,81.0,93.3,109.4,0.48,7.0,0.0,98.4,0.201,0.5,4-Seam Fastball,R,RHB vs LHP,39.0,18,0.222,0.222,0.222,0.444,0,0,4,0.0,0.0,0.271,139,0.0432,3.8,0.502,1,1,0,0/1,0.0,0.0,0.0,0.0,0,0,0,27.1,Strong Pitcher Advantage,Below average,47.5,5,Pitch-level Statcast · last 5 MLB games,87,4-Seam Fastball,49.42528735632184,43.0,Sinker,24.137931034482758,21.0,Sweeper,24.137931034482758,21.0,Changeup,2.2988505747126435,2.0,,,,,,,Unknown,,Unknown,,No,91.0,0.91,1.0,33.8,0.92,0.956,33.5,Current-Season Handedness Matchup,Pull Air %,Barrel %,Max Exit Velocity,39.0,22.2,0.0,31.1,33.8,45.0,24.8,3.65,0.758,1.02,1.025,0.94,0.902,0.848,1.0,7.52,3.85,60.8,14.7,F,Small season sample; Lineup unconfirmed,,,
351,2026-08-12,824562,2026-08-12T23:40:00Z,Scheduled,Rate Field,Cincinnati Reds @ Chicago White Sox,Home,682668,Luisangel Acuña,Chicago White Sox,Cincinnati Reds,SS,R,No,,84,193,181,43,3,0,1,20,12,7,1,37,0.238,0.267,0.271,0.538,8,18,18,3,0,0.167,0.0,17,32,32,7,0,0.219,0.0,239,43,1.9,20.1,34.9,33.8,31.4,7.9,18.2,19.5,23.1,1.6,0.5,1.6,14.3,80.5,7.9,0.372,67.7,92.2,108.7,22.1,7.3,4.0,59.8,11.5,Weak,1.5,Contact-First Profile,C,Low line-drive plane,11.5,Weak,0.892,Good,0.0,20.0,87.0,0.312,Derived proxy,Derived proxy,Derived proxy,Derived proxy,,,4.08,3.08,Positive regression,Weak Contact-First Profile profile. 1.9% barrel rate; 80.5 mph average exit velocity; 18.2% air-ball rate; 19.5% pull-air rate; 1.6% HR-launch rate.,0.0052,0.0155,3.81,54,30,181.0,0.3,29.8,Very recent HR,695076.0,Rhett Lowder,R,RHB vs RHP,20,17,89.0,5.26,1.48,11,1.11,7.38,3.94,477.0,5.9,25.4,16.8,40.3,32.5,84.4,95.9,116.0,0.58,11.0,11.7,99.7,0.367,1.8,Sinker,R,RHB vs RHP,14.4,109,0.242,0.29,0.283,0.573,1,6,24,0.0092,4.0,0.433,149,0.0067,2.7,0.445,0,0,0,0/0,,,,,0,0,0,20.6,Strong Pitcher Advantage,Below average,50.0,5,Pitch-level Statcast · last 5 MLB games,339,Slider,33.03834808259587,112.0,Sinker,28.023598820058996,95.0,Changeup,17.99410029498525,61.0,4-Seam Fastball,15.634218289085545,53.0,Curveball,5.014749262536873,17.0,Sweeper,0.2949852507374631,1.0,Unknown,,Unknown,,No,100.0,1.0,1.0,50.0,0.923,0.984,18.4,Current-Season Handedness Matchup,Pull Air %,Barrel %,Max Exit Velocity,14.4,39.2,11.7,0.0,50.0,45.0,24.5,3.64,0.758,1.002,0.985,0.94,0.892,0.84,0.98,5.76,3.47,68.3,15.1,F,Lineup unconfirmed,,,
352,2026-08-12,823187,2026-08-12T19:45:00Z,Scheduled,Oracle Park,Houston Astros @ San Francisco Giants,Home,701852,Drew Cavanaugh,San Francisco Giants,Houston Astros,C,L,No,,28,79,66,16,1,0,0,4,5,11,0,19,0.242,0.351,0.258,0.609,7,21,20,4,0,0.2,0.0,16,41,34,9,0,0.265,0.0,86,35,1.5,11.6,25.4,28.8,39.6,9.0,24.4,27.5,36.9,2.3,1.5,2.3,0.0,77.8,16.9,0.436,66.3,90.4,106.6,3.2,5.5,0.0,28.1,11.5,Weak,1.5,Contact-First Profile,A,Excellent HR swing plane,11.5,Weak,0.892,Good,0.0,20.0,89.9,0.414,Derived proxy,Derived proxy,Derived proxy,Derived proxy,,,1.48,1.48,Near expected,Weak Contact-First Profile profile. 1.5% barrel rate; 77.8 mph average exit velocity; 24.4% air-ball rate; 27.5% pull-air rate; 2.3% HR-launch rate.,0.0,0.0193,3.87,66,28,,,,No season HR,687911.0,Bryan King,L,LHB vs LHP,47,0,49.1,3.83,1.36,7,1.28,7.3,3.1,319.0,3.1,21.9,8.8,35.2,33.9,81.0,93.3,109.4,0.48,7.0,16.2,99.5,0.412,1.4,4-Seam Fastball,L,LHB vs LHP,37.3,10,0.125,0.222,0.125,0.347,0,1,4,0.0,0.0,0.358,78,0.0128,1.8,0.439,0,0,0,0/0,,,,,0,0,0,32.5,Slight Pitcher Advantage,Below average,50.0,5,Pitch-level Statcast · last 5 MLB games,87,4-Seam Fastball,49.42528735632184,43.0,Sinker,24.137931034482758,21.0,Sweeper,24.137931034482758,21.0,Changeup,2.2988505747126435,2.0,,,,,,,Unknown,,Unknown,,No,91.0,0.91,1.0,33.8,0.932,0.956,29.3,Current-Season Handedness Matchup,Pull Air %,Barrel %,Max Exit Velocity,37.3,22.2,16.2,3.8,33.8,45.0,23.8,3.63,0.758,1.02,0.985,0.94,0.892,0.84,1.0,7.26,3.72,60.9,14.5,F,Small season sample; Lineup unconfirmed,,,
353,2026-08-12,824967,2026-08-12T19:05:00Z,Scheduled,Sutter Health Park,Tampa Bay Rays @ Athletics,Away,802415,Chandler Simpson,Tampa Bay Rays,Athletics,LF,L,No,,112,450,417,128,12,6,0,49,25,20,0,39,0.307,0.334,0.365,0.699,11,49,45,20,0,0.444,0.0,23,95,87,36,0,0.414,0.0,591,119,0.0,8.5,31.8,38.5,29.2,10.5,26.2,27.2,30.4,0.0,0.0,0.0,,76.7,8.0,0.325,60.6,88.8,106.8,0.5,2.1,0.0,34.8,8.3,Weak,1.5,Contact-First Profile,C,Low line-drive plane,8.3,Weak,0.883,Good,0.0,30.6,88.2,0.321,Derived proxy,Derived proxy,Derived proxy,Derived proxy,,,3.53,3.53,Positive regression,Weak Contact-First Profile profile. 0.0% barrel rate; 76.7 mph average exit velocity; 26.2% air-ball rate; 27.2% pull-air rate; 0.0% HR-launch rate.,0.0,0.0067,4.05,417,112,,,,No season HR,678022.0,Jack Perkins,R,LHB vs RHP,28,10,76.2,7.04,1.45,15,1.76,10.8,3.64,428.0,5.1,22.7,18.0,35.4,31.1,82.0,94.4,111.2,0.567,15.0,8.0,97.4,0.33,0.0,4-Seam Fastball,L,LHB vs RHP,21.1,302,0.325,0.36,0.379,0.739,0,17,23,0.0,0.0,0.342,182,0.044,4.9,0.573,0,0,0,0/0,,,,,0,0,0,22.3,Strong Pitcher Advantage,Below average,50.0,5,Pitch-level Statcast · last 5 MLB games,384,4-Seam Fastball,28.90625,111.0,Changeup,24.739583333333332,95.0,Sweeper,22.395833333333332,86.0,Cutter,16.666666666666668,64.0,Sinker,5.989583333333333,23.0,Slider,1.3020833333333333,5.0,Unknown,,Unknown,,No,100.0,1.0,1.0,50.0,0.92,0.976,21.7,Current-Season Handedness Matchup,Pull Air %,Barrel %,Max Exit Velocity,21.1,30.9,8.0,10.3,50.0,45.0,23.7,3.63,0.758,1.106,1.025,1.0,0.883,0.883,1.0,2.7,2.83,84.6,17.1,F,Lineup unconfirmed,,,
