Overall Rank,Date,Player,Team,Opponent,Game,Side,Position,Analytical Projected FS,Projected FS,Sim Mean,Sim Median,Historical FS Std,Target FS Std,Raw Sim Std,Volatility-Calibrated Sim Std,Volatility Multiplier,Last 5 Avg FS,Last 10 Avg FS,Last 15 Avg FS,Last 5 Fantasy Scores,Last 10 Fantasy Scores,Last 15 Fantasy Scores,P Over 2.5 FS %,P Over 3.0 FS %,P Over 3.5 FS %,P Over 4.0 FS %,P Over 4.5 FS %,P Over 5.0 FS %,P Over 5.5 FS %,P Over 6.0 FS %,P Over 6.5 FS %,P Over 7.0 FS %,P Over 7.5 FS %,P Over 8.0 FS %,P Over 8.5 FS %,P Over 9.0 FS %,P Over 9.5 FS %,P Over 10.0 FS %,P Over 10.5 FS %,P Over 11.0 FS %,P Over 11.5 FS %,P Over 12.0 FS %,P Over 12.5 FS %,P Over 13.0 FS %,P Over 13.5 FS %,P Over 14.0 FS %,P Over 14.5 FS %,P Over 15.0 FS %,P Over 15.5 FS %,AI Score,Grade,Suggested Lean,Recommended Direction,Recommended Line,Recommended Probability %,Projection Edge,Even-Money EV %,Recommendation Strength,Lineup Spot,Lineup Source,Today Lineup Spot,Last 7 Mode Spot,Starts in Last 7,Last 7 Lineup Spots,Lineup Consistency %,Start Probability %,Expected PA,Rest/Usage Note,Recent Start Guess 14,Usage Factor,Opp Pitcher,Opp Pitcher Hand,Pitcher ERA,Pitcher WHIP,Pitcher H/BF,Pitcher HR/BF,Pitcher BB/BF,Bullpen ERA,Bullpen WHIP,Bullpen H/BF,Bullpen HR/BF,Venue,Park Factor,Weather Factor,Temp F,Wind MPH,Wind Direction,Precip %,Weather Note,PA,AB,AVG,OBP,SLG,OPS,Hand Split PA,Hand Split OPS,Season H,Season 2B,Season 3B,Season HR,Season R,Season RBI,Season BB,Season HBP,Season SB,Last 5 Fantasy Score Details,Last 10 Fantasy Score Details,Last 15 Fantasy Score Details,Recent FS Games Available,Historical Volatility Games,Historical FS Mean,Historical FS Median,Volatility Source,Last 7 FS/G,Last 14 FS/G,Last 14 AVG,14-Game Batter Status,Last 30 FS/G,Last 14 FS/PA,Last 14 Hit Rate,Last 14 XBH Rate,Last 14 HR Rate,Last 14 BB Rate,Last 14 SB Rate,Season Projected FS,Last 30 Projected FS,Last 14 Projected FS,Last 7 Projected FS,Hand Split Projected FS,Season Weight %,Last 30 Weight %,Last 14 Weight %,Last 7 Weight %,Hand Split Weight %,Model Version,Starter Expected BF,Starter Exposure %,Bullpen Exposure %,Starter Workload Source,Opener Risk,Recent Contact Reliability %,Recent Power Reliability %,Hand Split Reliability %,Statcast Reliability %,Pitch Location Matchup Factor,Pitch Location Samples,Pitcher Velo Trend,V6 Park Walk Factor,V6 Park Run Factor,V6 Weather HR Factor,V6 Weather Confidence,Statcast Samples,Avg Exit Velo,Hard Hit %,Barrel %,Sweet Spot %,Statcast xwOBA,Statcast Quality Factor,Elite Single Floor Boost,Walk Floor Boost,Run Scoring Boost,Pitch-Type Matchup Factor,Pitch-Type Samples,Pitch-Type Data Source,Release/Movement Matchup Factor,Release/Movement Samples,Release/Movement Source,Contact Quality Samples,Contact EV Mean,Contact EV Std,Contact LA Mean,Contact LA Std,Pull %,Center %,Oppo %,Directional Weather Factor,Park Single Factor,Park Double Factor,Park Triple Factor,Park HR Factor,EWMA Form Factor,EWMA Fantasy Score,EWMA Trend,Umpire,Umpire Source,Umpire Run Factor,Umpire BB Factor,Umpire K Factor,Defense Factor,Outfield Defense Factor,Infield Defense Factor,Defense Source,Bullpen Fatigue Factor,Bullpen Recent Games,Bullpen Recent Innings Proxy,Running Matchup Factor,Sprint Speed,Matchup DNA Factor,Single Rate,Double Rate,Triple Rate,HR Rate,BB Rate,HBP Rate,K Rate Model,Groundout Share,Flyout Share,Lineout Share,Run Rate Model,RBI Rate Model,SB Rate,_run_scoring_boost,Confirmed Starter,Sim Std,P25,P75,P90,Simulated PA,Zero PA Probability %,Probability Calibration,Raw P Over 2.5 FS %,Raw P Over 3.0 FS %,Raw P Over 3.5 FS %,Raw P Over 4.0 FS %,Raw P Over 4.5 FS %,Raw P Over 5.0 FS %,Raw P Over 5.5 FS %,Raw P Over 6.0 FS %,Raw P Over 6.5 FS %,Raw P Over 7.0 FS %,Raw P Over 7.5 FS %,Raw P Over 8.0 FS %,Raw P Over 8.5 FS %,Raw P Over 9.0 FS %,Raw P Over 9.5 FS %,Raw P Over 10.0 FS %,Raw P Over 10.5 FS %,Raw P Over 11.0 FS %,Raw P Over 11.5 FS %,Raw P Over 12.0 FS %,Raw P Over 12.5 FS %,Raw P Over 13.0 FS %,Raw P Over 13.5 FS %,Raw P Over 14.0 FS %,Raw P Over 14.5 FS %,Raw P Over 15.0 FS %,Raw P Over 15.5 FS %,Floor Uplift 2.5 FS,Floor Uplift 3.0 FS,Floor Uplift 3.5 FS,Floor Uplift 4.0 FS,Floor Uplift 4.5 FS,Floor Uplift 5.0 FS,Floor Uplift 5.5 FS,Floor Uplift 6.0 FS,Floor Uplift 6.5 FS,Floor Uplift 7.0 FS,Floor Uplift 7.5 FS,Floor Uplift 8.0 FS,Floor Uplift 8.5 FS,Floor Uplift 9.0 FS,Floor Uplift 9.5 FS,Floor Uplift 10.0 FS,Floor Uplift 10.5 FS,Floor Uplift 11.0 FS,Floor Uplift 11.5 FS,Floor Uplift 12.0 FS,Floor Uplift 12.5 FS,Floor Uplift 13.0 FS,Floor Uplift 13.5 FS,Floor Uplift 14.0 FS,Floor Uplift 14.5 FS,Floor Uplift 15.0 FS,Floor Uplift 15.5 FS,Confidence,Full Game Projected FS
1,2026-08-12,Junior Caminero,TB,ATH,TB @ ATH,AWAY,3B,13.18,12.45,12.45,10.64,7.75,7.15,9.7,7.15,0.737,9.4,11.3,10.0,5|20|18|4|0,5|20|18|4|0|4|16|8|32|6,5|20|18|4|0|4|16|8|32|6|2|18|2|0|15,99.5,99.5,95.8,95.6,95.3,90.6,85.7,85.2,81.4,73.1,72.6,67.9,60.5,60.5,56.7,52.3,52.3,48.1,45.2,45.2,41.8,39.5,39.5,35.7,34.2,34.2,30.2,295.55,A+,MORE 9.0 | 60.5% | Edge +3.4,MORE,9.0,60.5,3.45,21.0,Playable,3,Today Posted,3.0,3.0,7,3-3-4-3-3-3-3,85.7,100.0,4.92,Regular,13,1.04,Jack Perkins,R,7.0,1.49,0.2384,0.0411,0.0877,5.49,1.5,0.2358,0.0399,Sutter Health Park,1.0,1.03,83.2,4.8,236.0,0.0,warm,522,453,0.278,0.37,0.554,0.924,0,0.0,126,18,1,35,75,76,65,2,2,2026-08-12 @ Athletics: 5 FS|2026-08-11 @ Athletics: 20 FS|2026-08-10 @ Athletics: 18 FS|2026-08-09 @ Seattle Mariners: 4 FS|2026-08-08 @ Seattle Mariners: 0 FS,2026-08-12 @ Athletics: 5 FS|2026-08-11 @ Athletics: 20 FS|2026-08-10 @ Athletics: 18 FS|2026-08-09 @ Seattle Mariners: 4 FS|2026-08-08 @ Seattle Mariners: 0 FS|2026-08-07 @ Seattle Mariners: 4 FS|2026-08-05 @ Colorado Rockies: 16 FS|2026-08-04 @ Colorado Rockies: 8 FS|2026-08-03 @ Colorado Rockies: 32 FS|2026-08-02 vs Chicago White Sox: 6 FS,2026-08-12 @ Athletics: 5 FS|2026-08-11 @ Athletics: 20 FS|2026-08-10 @ Athletics: 18 FS|2026-08-09 @ Seattle Mariners: 4 FS|2026-08-08 @ Seattle Mariners: 0 FS|2026-08-07 @ Seattle Mariners: 4 FS|2026-08-05 @ Colorado Rockies: 16 FS|2026-08-04 @ Colorado Rockies: 8 FS|2026-08-03 @ Colorado Rockies: 32 FS|2026-08-02 vs Chicago White Sox: 6 FS|2026-08-01 vs Chicago White Sox: 2 FS|2026-07-31 vs Chicago White Sox: 18 FS|2026-07-30 vs Texas Rangers: 2 FS|2026-07-29 vs Texas Rangers: 0 FS|2026-07-28 vs Texas Rangers: 15 FS,15,30,9.67,6.5,Last 30 games + shrinkage,9.57,9.64,0.224,Neutral,9.67,2.328,0.1897,0.1034,0.1034,0.1379,0.0,13.0,13.22,12.47,12.65,,35.0,20.0,25.0,20.0,0.0,6.0,18.37,54.0,46.0,Recent workload,No,51.5,39.7,0.0,71.4,1.1057,140,1.55,1.0,1.0,1.0,75.0,275,87.29,37.09,3.64,27.27,0.461,1.0773,1.0,1.0,1.0,1.0297,620,Statcast,1.12,79,Statcast,275,87.29,12.0,12.16,35.0,29.8,60.7,9.4,1.0182,1.008,1.048,1.016,1.0725,1.0024,9.87,0.2,Unknown/neutral,Neutral fallback,1.0,1.0,1.0,1.0,1.0,1.0,Neutral fallback,1.072,3,27.0,0.8974,27.0,1.0,0.1768,0.0589,0.0052,0.078,0.1311,0.0104,0.2032,0.5137,0.2876,0.1987,0.1754,0.1866,0.0053,1.0,Yes,7.15,6.96,17.28,22.44,4.5,0.0,Raw,100.0,100.0,93.3,93.3,93.3,87.4,81.5,81.5,77.9,70.1,70.1,66.9,60.5,60.5,56.7,52.3,52.3,48.1,45.2,45.2,41.8,39.5,39.5,35.7,34.2,34.2,30.2,0.0,0.0,2.5,2.3,2.0,3.1,4.2,3.7,3.5,3.0,2.5,1.0,0.0,0.0,0.0,0.0,0.0,0.0,0.0,0.0,0.0,0.0,0.0,0.0,0.0,0.0,0.0,High,
2,2026-08-12,Pete Alonso,BAL,MIN,BAL @ MIN,AWAY,1B,11.86,12.14,12.14,10.58,7.18,6.76,9.25,6.76,0.731,16.6,9.8,9.07,8|24|5|41|5,8|24|5|41|5|0|5|0|7|3,8|24|5|41|5|0|5|0|7|3|0|23|3|2|10,99.5,99.5,95.8,95.6,95.2,91.4,86.4,85.9,82.7,74.5,74.0,68.6,61.2,61.2,55.9,51.8,51.8,47.0,44.1,44.1,40.4,38.2,38.2,33.9,32.4,28.8,28.8,286.87,A+,MORE 9.0 | 61.2% | Edge +3.1,MORE,9.0,61.2,3.14,22.4,Playable,2,Today Posted,2.0,2.0,7,2-2-2-2-2-2-2,100.0,100.0,5.02,Regular,13,1.04,Zebby Matthews,R,5.34,1.35,0.2403,0.0465,0.0775,4.6,1.38,0.2212,0.0299,Target Field,0.98,1.03,84.4,5.4,60.0,1.0,warm,523,452,0.259,0.352,0.48,0.832,369,0.866,117,22,0,26,74,77,60,7,5,2026-08-12 @ Minnesota Twins: 8 FS|2026-08-11 @ Minnesota Twins: 24 FS|2026-08-10 @ Minnesota Twins: 5 FS|2026-08-09 @ Texas Rangers: 41 FS|2026-08-08 @ Texas Rangers: 5 FS,2026-08-12 @ Minnesota Twins: 8 FS|2026-08-11 @ Minnesota Twins: 24 FS|2026-08-10 @ Minnesota Twins: 5 FS|2026-08-09 @ Texas Rangers: 41 FS|2026-08-08 @ Texas Rangers: 5 FS|2026-08-07 @ Texas Rangers: 0 FS|2026-08-06 vs Los Angeles Angels: 5 FS|2026-08-05 vs Los Angeles Angels: 0 FS|2026-08-04 vs Los Angeles Angels: 7 FS|2026-08-02 vs Philadelphia Phillies: 3 FS,2026-08-12 @ Minnesota Twins: 8 FS|2026-08-11 @ Minnesota Twins: 24 FS|2026-08-10 @ Minnesota Twins: 5 FS|2026-08-09 @ Texas Rangers: 41 FS|2026-08-08 @ Texas Rangers: 5 FS|2026-08-07 @ Texas Rangers: 0 FS|2026-08-06 vs Los Angeles Angels: 5 FS|2026-08-05 vs Los Angeles Angels: 0 FS|2026-08-04 vs Los Angeles Angels: 7 FS|2026-08-02 vs Philadelphia Phillies: 3 FS|2026-08-01 vs Philadelphia Phillies: 0 FS|2026-07-31 vs Philadelphia Phillies: 23 FS|2026-07-29 @ Detroit Tigers: 3 FS|2026-07-28 @ Detroit Tigers: 2 FS|2026-07-27 @ Detroit Tigers: 10 FS,15,30,9.33,7.0,Last 30 games + shrinkage,12.57,9.0,0.32,Hot,9.33,2.25,0.2857,0.0893,0.0714,0.0893,0.0,12.09,12.39,12.11,12.67,11.0,28.0,16.0,20.0,16.0,20.0,6.0,22.34,65.7,34.3,Recent workload,No,51.3,39.5,68.5,71.9,1.1345,159,-0.52,1.0,1.0,1.0,75.0,281,84.99,29.54,2.49,34.88,0.527,1.0671,1.0,1.0,1.0,1.0416,588,Statcast,1.0338,73,Statcast,281,84.99,12.0,21.86,29.48,14.2,72.2,13.5,1.0018,1.0059,1.0237,1.0119,1.0416,1.016,10.66,1.33,Unknown/neutral,Neutral fallback,1.0,1.0,1.0,1.0,1.0,1.0,Neutral fallback,1.072,3,27.0,0.9706,27.0,1.0,0.1878,0.0622,0.0001,0.0735,0.1147,0.0182,0.2282,0.3739,0.3392,0.2869,0.0624,0.165,0.0061,1.0,Yes,6.76,6.92,16.42,21.54,4.72,0.0,Raw,100.0,100.0,93.2,93.2,93.2,88.6,82.4,82.4,79.2,71.5,71.5,67.6,61.2,61.2,55.9,51.8,51.8,47.0,44.1,44.1,40.4,38.2,38.2,33.9,32.4,28.8,28.8,0.0,0.0,2.5,2.4,2.0,2.9,4.0,3.5,3.5,3.0,2.5,1.0,0.0,0.0,0.0,0.0,0.0,0.0,0.0,0.0,0.0,0.0,0.0,0.0,0.0,0.0,0.0,High,
3,2026-08-12,Pete Crow-Armstrong,CHC,WSH,CHC @ WSH,AWAY,CF,11.75,10.64,10.64,7.91,9.97,8.7,8.49,8.67,1.025,12.8,15.2,12.27,14|11|4|20|15,14|11|4|20|15|37|20|9|6|16,14|11|4|20|15|37|20|9|6|16|0|10|16|2|4,90.8,87.3,86.8,80.7,79.7,71.0,70.5,65.6,65.1,57.4,56.9,50.9,49.9,45.0,45.0,40.4,40.4,37.3,37.3,37.3,34.2,34.2,31.8,31.8,27.9,27.9,26.3,270.46,A+,MORE 6.5 | 65.1% | Edge +4.1,MORE,6.5,65.1,4.14,30.2,Good,1,Last 7 Confirmed,,1.0,7,1-1-1-1-1-1-1,100.0,97.0,5.13,Regular,14,1.04,Jackson Kent,L,4.2,1.25,0.224,0.03,0.085,4.73,1.39,0.2284,0.0356,Nationals Park,1.0,1.03,88.8,5.3,165.0,1.0,warm,532,452,0.285,0.386,0.546,0.932,171,0.938,129,23,7,27,85,72,65,11,30,2026-08-11 @ Washington Nationals: 14 FS|2026-08-09 @ Kansas City Royals: 11 FS|2026-08-08 @ Kansas City Royals: 4 FS|2026-08-07 @ Kansas City Royals: 20 FS|2026-08-06 vs Toronto Blue Jays: 15 FS,2026-08-11 @ Washington Nationals: 14 FS|2026-08-09 @ Kansas City Royals: 11 FS|2026-08-08 @ Kansas City Royals: 4 FS|2026-08-07 @ Kansas City Royals: 20 FS|2026-08-06 vs Toronto Blue Jays: 15 FS|2026-08-05 vs Los Angeles Dodgers: 37 FS|2026-08-04 vs Los Angeles Dodgers: 20 FS|2026-08-03 vs Los Angeles Dodgers: 9 FS|2026-08-02 vs New York Yankees: 6 FS|2026-08-01 vs New York Yankees: 16 FS,2026-08-11 @ Washington Nationals: 14 FS|2026-08-09 @ Kansas City Royals: 11 FS|2026-08-08 @ Kansas City Royals: 4 FS|2026-08-07 @ Kansas City Royals: 20 FS|2026-08-06 vs Toronto Blue Jays: 15 FS|2026-08-05 vs Los Angeles Dodgers: 37 FS|2026-08-04 vs Los Angeles Dodgers: 20 FS|2026-08-03 vs Los Angeles Dodgers: 9 FS|2026-08-02 vs New York Yankees: 6 FS|2026-08-01 vs New York Yankees: 16 FS|2026-07-31 vs New York Yankees: 0 FS|2026-07-30 @ St. Louis Cardinals: 10 FS|2026-07-29 @ St. Louis Cardinals: 16 FS|2026-07-28 @ St. Louis Cardinals: 2 FS|2026-07-27 @ St. Louis Cardinals: 4 FS,15,30,12.3,9.5,Last 30 games + shrinkage,17.29,12.86,0.268,Neutral,12.3,2.687,0.2239,0.1343,0.0597,0.1493,0.0597,11.7,12.14,11.46,11.76,9.4,28.0,16.0,20.0,16.0,20.0,6.0,21.0,64.0,36.0,Season fallback,No,53.5,41.6,50.1,74.3,1.0,0,0.0,1.0,1.0,1.0,75.0,318,82.4,27.67,3.14,31.13,0.486,1.0055,1.0,1.0,1.0,1.0,0,Fallback,1.0,0,Fallback,318,82.4,12.0,25.11,31.35,7.5,68.5,23.9,1.0357,0.9994,1.0335,0.9988,1.0317,1.0146,13.51,1.21,Unknown/neutral,Neutral fallback,1.0,1.0,1.0,1.0,1.0,1.0,Neutral fallback,1.072,3,27.0,1.3,27.0,1.0,0.1366,0.0432,0.0118,0.0525,0.1535,0.0225,0.2454,0.44,0.36,0.2,0.1194,0.1412,0.0346,1.0,Projected,8.67,3.81,16.11,22.26,4.81,0.0,Raw,84.6,79.3,79.3,73.7,73.7,66.0,66.0,61.6,61.6,54.4,54.4,49.9,49.9,45.0,45.0,40.4,40.4,37.3,37.3,37.3,34.2,34.2,31.8,31.8,27.9,27.9,26.3,6.2,8.0,7.5,7.0,6.0,5.0,4.5,4.0,3.5,3.0,2.5,1.0,0.0,0.0,0.0,0.0,0.0,0.0,0.0,0.0,0.0,0.0,0.0,0.0,0.0,0.0,0.0,Medium,
4,2026-08-12,Joc Pederson,TEX,LAA,TEX @ LAA,AWAY,DH,11.02,11.49,11.49,9.59,7.35,6.87,9.02,6.87,0.762,7.8,6.7,7.53,20|0|0|16|3,20|0|0|16|3|4|3|0|3|18,20|0|0|16|3|4|3|0|3|18|2|0|5|32|7,99.5,95.5,95.3,95.1,90.6,89.9,85.2,79.6,79.1,70.5,65.9,64.4,56.5,52.6,52.6,47.9,44.0,44.0,41.3,38.4,38.4,36.7,32.1,32.1,31.0,27.3,27.3,269.94,A+,MORE 8.0 | 64.4% | Edge +3.5,MORE,8.0,64.4,3.49,28.8,Good,1,Last 7 Confirmed,,1.0,4,1-1-1-1,100.0,92.0,4.93,Likely regular,10,1.0,George Klassen,R,7.27,2.88,0.2115,0.0192,0.2692,4.49,1.37,0.2037,0.0282,Angel Stadium,1.0,1.04,86.3,10.0,241.0,0.0,"warm, light wind",360,311,0.251,0.343,0.511,0.854,328,0.869,78,11,2,22,49,45,42,3,2,2026-08-11 @ Los Angeles Angels: 20 FS|2026-08-10 @ Los Angeles Angels: 0 FS|2026-08-08 vs Baltimore Orioles: 0 FS|2026-08-07 vs Baltimore Orioles: 16 FS|2026-08-05 vs San Francisco Giants: 3 FS,2026-08-11 @ Los Angeles Angels: 20 FS|2026-08-10 @ Los Angeles Angels: 0 FS|2026-08-08 vs Baltimore Orioles: 0 FS|2026-08-07 vs Baltimore Orioles: 16 FS|2026-08-05 vs San Francisco Giants: 3 FS|2026-08-04 vs San Francisco Giants: 4 FS|2026-08-03 vs San Francisco Giants: 3 FS|2026-08-02 @ Houston Astros: 0 FS|2026-08-01 @ Houston Astros: 3 FS|2026-07-31 @ Houston Astros: 18 FS,2026-08-11 @ Los Angeles Angels: 20 FS|2026-08-10 @ Los Angeles Angels: 0 FS|2026-08-08 vs Baltimore Orioles: 0 FS|2026-08-07 vs Baltimore Orioles: 16 FS|2026-08-05 vs San Francisco Giants: 3 FS|2026-08-04 vs San Francisco Giants: 4 FS|2026-08-03 vs San Francisco Giants: 3 FS|2026-08-02 @ Houston Astros: 0 FS|2026-08-01 @ Houston Astros: 3 FS|2026-07-31 @ Houston Astros: 18 FS|2026-07-30 @ Tampa Bay Rays: 2 FS|2026-07-29 @ Tampa Bay Rays: 0 FS|2026-07-28 @ Tampa Bay Rays: 5 FS|2026-07-27 vs Seattle Mariners: 32 FS|2026-07-26 vs Seattle Mariners: 7 FS,15,30,7.9,4.5,Last 30 games + shrinkage,6.57,7.57,0.25,Neutral,7.9,2.524,0.2143,0.119,0.119,0.1429,0.0,10.97,12.03,11.36,10.48,9.99,28.0,16.0,20.0,16.0,20.0,6.0,16.53,48.6,51.4,Recent workload,Yes,42.4,31.4,65.9,64.5,1.15,67,0.7,1.0,1.0,1.0,75.0,200,86.08,31.5,2.0,29.0,0.467,1.0375,1.0,1.0,1.0,0.9894,378,Statcast,1.0817,88,Statcast,200,86.08,12.0,22.69,32.26,10.5,66.0,23.5,1.0309,1.0093,1.0658,1.0185,1.0944,0.9968,7.64,-0.26,Unknown/neutral,Neutral fallback,1.0,1.0,1.0,1.0,1.0,1.0,Neutral fallback,1.072,3,27.0,0.8625,27.0,1.0,0.1549,0.0444,0.0005,0.078,0.1545,0.0062,0.2187,0.4731,0.3441,0.1828,0.0743,0.1356,0.0045,1.0,Projected,6.87,6.55,15.69,21.02,4.62,0.0,Raw,100.0,92.5,92.5,92.5,86.6,86.6,80.9,75.6,75.6,67.5,63.4,63.4,56.5,52.6,52.6,47.9,44.0,44.0,41.3,38.4,38.4,36.7,32.1,32.1,31.0,27.3,27.3,0.0,3.0,2.8,2.6,4.0,3.4,4.3,4.0,3.5,3.0,2.5,1.0,0.0,0.0,0.0,0.0,0.0,0.0,0.0,0.0,0.0,0.0,0.0,0.0,0.0,0.0,0.0,High,
5,2026-08-12,Shohei Ohtani,LAD,KC,KC @ LAD,HOME,TWP,11.23,10.79,10.79,8.31,9.15,8.11,9.14,8.11,0.887,6.0,8.6,10.4,2|19|0|5|4,2|19|0|5|4|33|3|8|7|5,2|19|0|5|4|33|3|8|7|5|23|14|28|5|0,93.3,89.7,89.2,81.7,80.7,76.4,75.9,66.8,66.3,62.5,55.7,54.2,48.9,48.9,45.3,45.3,41.1,38.8,38.8,36.1,36.1,34.4,34.4,29.6,29.6,28.4,24.7,262.84,A+,MORE 7.0 | 62.5% | Edge +3.8,MORE,7.0,62.5,3.79,25.0,Good,1,Last 7 Confirmed,,1.0,7,1-1-1-1-1-1-1,100.0,97.0,5.13,Regular,14,1.04,Daniel Lynch IV,L,2.45,1.01,0.1762,0.0104,0.0725,4.84,1.43,0.2306,0.0332,UNIQLO Field at Dodger Stadium,1.0,1.0,,,,,Weather unavailable,505,424,0.29,0.392,0.538,0.93,165,0.938,123,23,2,26,76,72,69,5,7,2026-08-11 vs Kansas City Royals: 2 FS|2026-08-10 vs Kansas City Royals: 19 FS|2026-08-09 @ Arizona Diamondbacks: 0 FS|2026-08-08 @ Arizona Diamondbacks: 5 FS|2026-08-07 @ Arizona Diamondbacks: 4 FS,2026-08-11 vs Kansas City Royals: 2 FS|2026-08-10 vs Kansas City Royals: 19 FS|2026-08-09 @ Arizona Diamondbacks: 0 FS|2026-08-08 @ Arizona Diamondbacks: 5 FS|2026-08-07 @ Arizona Diamondbacks: 4 FS|2026-08-05 @ Chicago Cubs: 33 FS|2026-08-04 @ Chicago Cubs: 3 FS|2026-08-03 @ Chicago Cubs: 8 FS|2026-08-02 vs Boston Red Sox: 7 FS|2026-08-01 vs Boston Red Sox: 5 FS,2026-08-11 vs Kansas City Royals: 2 FS|2026-08-10 vs Kansas City Royals: 19 FS|2026-08-09 @ Arizona Diamondbacks: 0 FS|2026-08-08 @ Arizona Diamondbacks: 5 FS|2026-08-07 @ Arizona Diamondbacks: 4 FS|2026-08-05 @ Chicago Cubs: 33 FS|2026-08-04 @ Chicago Cubs: 3 FS|2026-08-03 @ Chicago Cubs: 8 FS|2026-08-02 vs Boston Red Sox: 7 FS|2026-08-01 vs Boston Red Sox: 5 FS|2026-07-31 vs Boston Red Sox: 23 FS|2026-07-29 vs Seattle Mariners: 14 FS|2026-07-28 vs Seattle Mariners: 28 FS|2026-07-26 @ New York Mets: 5 FS|2026-07-25 @ New York Mets: 0 FS,15,30,9.3,5.0,Last 30 games + shrinkage,9.43,11.14,0.345,Hot,9.3,2.516,0.3065,0.1452,0.0645,0.1129,0.0161,11.32,10.96,11.31,10.13,9.94,28.0,16.0,20.0,16.0,20.0,6.0,8.0,25.0,75.0,Recent workload,Yes,50.8,39.1,49.3,67.2,1.15,125,0.08,1.0,1.0,1.0,75.0,225,86.39,32.89,2.22,34.67,0.495,1.0679,1.0,1.0,1.0,1.0836,524,Statcast,1.0085,63,Statcast,225,86.39,12.0,17.3,31.32,13.3,57.3,29.3,1.0,1.0078,1.0285,1.0155,1.0518,0.9991,9.23,-0.07,Unknown/neutral,Neutral fallback,1.0,1.0,1.0,1.0,1.0,1.0,Neutral fallback,1.072,3,27.0,1.1308,27.0,0.9993,0.1571,0.0626,0.0008,0.0709,0.0924,0.0114,0.2159,0.448,0.32,0.232,0.08,0.1424,0.0078,1.0,Projected,8.11,3.88,15.41,21.62,4.57,0.0,Raw,88.9,82.8,82.8,74.7,74.7,71.4,71.4,62.8,62.8,59.5,53.2,53.2,48.9,48.9,45.3,45.3,41.1,38.8,38.8,36.1,36.1,34.4,34.4,29.6,29.6,28.4,24.7,4.4,6.9,6.5,7.0,6.0,5.0,4.5,4.0,3.5,3.0,2.5,1.0,0.0,0.0,0.0,0.0,0.0,0.0,0.0,0.0,0.0,0.0,0.0,0.0,0.0,0.0,0.0,Medium,
6,2026-08-12,Yordan Alvarez,HOU,SF,HOU @ SF,AWAY,DH,11.11,10.62,10.62,9.15,7.69,7.11,7.86,7.11,0.905,3.2,7.0,8.73,0|6|10|0|0,0|6|10|0|0|9|7|7|7|24,0|6|10|0|0|9|7|7|7|24|13|14|2|21|11,96.8,93.0,92.7,88.6,87.8,83.1,82.6,73.4,68.9,68.4,59.4,57.9,51.4,51.4,45.9,45.9,40.4,36.7,36.7,32.7,32.7,30.0,30.0,25.9,25.9,24.1,21.1,261.01,A+,MORE 7.5 | 59.4% | Edge +3.1,MORE,7.5,59.4,3.12,18.8,Playable,2,Today Posted,2.0,2.0,7,2-2-2-2-2-2-2,100.0,100.0,5.02,Regular,13,1.04,Adrian Houser,R,4.5,1.36,0.2389,0.0351,0.0726,4.34,1.36,0.2172,0.0248,Oracle Park,0.94,1.0,67.0,8.0,243.0,0.0,neutral,527,433,0.321,0.435,0.621,1.056,387,1.14,139,25,0,35,80,87,83,7,1,2026-08-12 @ San Francisco Giants: 0 FS|2026-08-11 @ San Francisco Giants: 6 FS|2026-08-10 @ San Francisco Giants: 10 FS|2026-08-09 @ San Diego Padres: 0 FS|2026-08-08 @ San Diego Padres: 0 FS,2026-08-12 @ San Francisco Giants: 0 FS|2026-08-11 @ San Francisco Giants: 6 FS|2026-08-10 @ San Francisco Giants: 10 FS|2026-08-09 @ San Diego Padres: 0 FS|2026-08-08 @ San Diego Padres: 0 FS|2026-08-07 @ San Diego Padres: 9 FS|2026-08-05 vs Toronto Blue Jays: 7 FS|2026-08-04 vs Toronto Blue Jays: 7 FS|2026-08-03 vs Toronto Blue Jays: 7 FS|2026-08-02 vs Texas Rangers: 24 FS,2026-08-12 @ San Francisco Giants: 0 FS|2026-08-11 @ San Francisco Giants: 6 FS|2026-08-10 @ San Francisco Giants: 10 FS|2026-08-09 @ San Diego Padres: 0 FS|2026-08-08 @ San Diego Padres: 0 FS|2026-08-07 @ San Diego Padres: 9 FS|2026-08-05 vs Toronto Blue Jays: 7 FS|2026-08-04 vs Toronto Blue Jays: 7 FS|2026-08-03 vs Toronto Blue Jays: 7 FS|2026-08-02 vs Texas Rangers: 24 FS|2026-08-01 vs Texas Rangers: 13 FS|2026-07-31 vs Texas Rangers: 14 FS|2026-07-29 @ Los Angeles Angels: 2 FS|2026-07-28 @ Los Angeles Angels: 21 FS|2026-07-27 @ Los Angeles Angels: 11 FS,15,30,9.77,8.5,Last 30 games + shrinkage,4.57,8.57,0.306,Hot,9.77,1.905,0.2381,0.0952,0.0159,0.1905,0.0,11.52,10.71,9.78,8.65,10.65,28.0,16.0,20.0,16.0,20.0,6.0,11.19,32.9,67.1,Recent workload,Yes,52.2,40.3,69.5,71.7,1.15,151,-2.0,1.0,1.0,1.0,75.0,279,85.7,30.82,1.08,27.96,0.49,1.0408,1.0,1.0,1.0,1.0854,651,Statcast,1.0557,150,Statcast,279,85.7,12.0,24.35,28.63,19.0,57.4,23.7,1.0027,1.0086,1.0758,1.2512,0.9331,0.9719,7.42,-2.34,Unknown/neutral,Neutral fallback,1.0,1.0,1.0,1.0,1.0,1.0,Neutral fallback,1.072,3,27.0,0.8625,27.0,0.9829,0.1688,0.0844,0.0002,0.0485,0.1725,0.0134,0.1758,0.3426,0.3986,0.2587,0.0451,0.1673,0.0001,1.0,Yes,7.11,5.54,14.58,20.92,4.48,0.0,Raw,94.6,88.3,88.3,82.5,82.5,78.1,78.1,69.4,65.4,65.4,56.9,56.9,51.4,51.4,45.9,45.9,40.4,36.7,36.7,32.7,32.7,30.0,30.0,25.9,25.9,24.1,21.1,2.2,4.7,4.4,6.1,5.2,5.0,4.5,4.0,3.5,3.0,2.5,1.0,0.0,0.0,0.0,0.0,0.0,0.0,0.0,0.0,0.0,0.0,0.0,0.0,0.0,0.0,0.0,Medium,
7,2026-08-12,CJ Abrams,WSH,CHC,CHC @ WSH,HOME,SS,12.06,10.44,10.44,7.9,10.5,9.0,8.77,8.95,1.026,8.6,9.4,9.13,16|10|12|5|0,16|10|12|5|0|31|8|5|0|7,16|10|12|5|0|31|8|5|0|7|20|0|4|5|14,89.5,82.3,81.8,79.2,78.2,67.6,67.1,63.7,63.2,56.2,55.7,49.3,48.3,44.8,44.8,39.7,39.7,37.6,37.6,37.6,34.2,34.2,32.3,32.3,28.4,28.4,26.8,260.31,A+,MORE 6.5 | 63.2% | Edge +3.9,MORE,6.5,63.2,3.94,26.4,Good,4,Today Posted,4.0,1.0,7,4-1-1-1-4-1-4,57.1,100.0,4.82,Regular,14,1.04,David Peterson,L,5.35,1.5,0.2437,0.0231,0.0903,4.07,1.25,0.221,0.04,Nationals Park,1.0,1.03,88.8,5.3,165.0,1.0,warm,503,444,0.286,0.358,0.547,0.905,157,0.765,127,23,3,29,75,91,42,11,22,2026-08-11 vs Chicago Cubs: 16 FS|2026-08-09 vs Cincinnati Reds: 10 FS|2026-08-08 vs Cincinnati Reds: 12 FS|2026-08-07 vs Cincinnati Reds: 5 FS|2026-08-06 @ Philadelphia Phillies: 0 FS,2026-08-11 vs Chicago Cubs: 16 FS|2026-08-09 vs Cincinnati Reds: 10 FS|2026-08-08 vs Cincinnati Reds: 12 FS|2026-08-07 vs Cincinnati Reds: 5 FS|2026-08-06 @ Philadelphia Phillies: 0 FS|2026-08-05 @ Philadelphia Phillies: 31 FS|2026-08-04 @ Philadelphia Phillies: 8 FS|2026-08-03 @ Philadelphia Phillies: 5 FS|2026-08-02 @ Atlanta Braves: 0 FS|2026-08-01 @ Atlanta Braves: 7 FS,2026-08-11 vs Chicago Cubs: 16 FS|2026-08-09 vs Cincinnati Reds: 10 FS|2026-08-08 vs Cincinnati Reds: 12 FS|2026-08-07 vs Cincinnati Reds: 5 FS|2026-08-06 @ Philadelphia Phillies: 0 FS|2026-08-05 @ Philadelphia Phillies: 31 FS|2026-08-04 @ Philadelphia Phillies: 8 FS|2026-08-03 @ Philadelphia Phillies: 5 FS|2026-08-02 @ Atlanta Braves: 0 FS|2026-08-01 @ Atlanta Braves: 7 FS|2026-07-31 @ Atlanta Braves: 20 FS|2026-07-30 @ Atlanta Braves: 0 FS|2026-07-29 vs Toronto Blue Jays: 4 FS|2026-07-28 vs Toronto Blue Jays: 5 FS|2026-07-27 vs Toronto Blue Jays: 14 FS,15,30,12.8,9.5,Last 30 games + shrinkage,11.71,8.79,0.224,Neutral,12.8,1.952,0.2063,0.0794,0.0317,0.0635,0.0476,11.9,12.78,9.88,10.39,9.42,28.0,16.0,20.0,16.0,20.0,6.0,22.26,65.5,34.5,Recent workload,No,52.0,40.2,48.0,71.4,1.15,144,0.16,1.0,1.0,1.0,75.0,275,83.71,26.18,2.91,28.73,0.419,0.9643,1.0,1.0,1.0,1.0245,639,Statcast,1.0,10,Fallback,275,83.71,12.0,22.38,32.4,12.7,62.9,24.4,1.0357,1.0027,1.0461,1.0055,1.0546,0.9826,11.35,-1.45,Unknown/neutral,Neutral fallback,1.0,1.0,1.0,1.0,1.0,1.0,Neutral fallback,1.072,3,27.0,1.3,27.0,1.0,0.1686,0.069,0.0072,0.0568,0.0657,0.0091,0.2147,0.4113,0.3306,0.2581,0.0946,0.247,0.039,1.0,Yes,8.95,2.77,16.11,23.29,4.56,0.0,Raw,82.5,74.3,74.3,72.2,72.2,62.6,62.6,59.7,59.7,53.2,53.2,48.3,48.3,44.8,44.8,39.7,39.7,37.6,37.6,37.6,34.2,34.2,32.3,32.3,28.4,28.4,26.8,7.0,8.0,7.5,7.0,6.0,5.0,4.5,4.0,3.5,3.0,2.5,1.0,0.0,0.0,0.0,0.0,0.0,0.0,0.0,0.0,0.0,0.0,0.0,0.0,0.0,0.0,0.0,Medium,
8,2026-08-12,Yandy Díaz,TB,ATH,TB @ ATH,AWAY,DH,10.15,10.45,10.45,9.21,7.34,6.87,8.06,6.87,0.852,12.0,8.7,8.0,0|18|26|16|0,0|18|26|16|0|0|19|2|0|6,0|18|26|16|0|0|19|2|0|6|5|8|16|4|0,94.5,94.5,92.1,91.8,85.7,82.1,81.6,71.2,70.7,66.8,66.3,57.8,50.3,50.3,46.3,46.3,39.7,36.4,36.4,32.7,32.7,30.2,25.7,25.7,23.5,23.5,21.2,257.98,A+,MORE 7.5 | 66.3% | Edge +2.9,MORE,7.5,66.3,2.95,32.6,Good,1,Today Posted,1.0,1.0,6,1-1-1-1-1-1,100.0,100.0,5.13,Regular,13,1.04,Jack Perkins,R,7.0,1.49,0.2384,0.0411,0.0877,5.49,1.5,0.2358,0.0399,Sutter Health Park,1.0,1.03,83.2,4.8,236.0,0.0,warm,507,450,0.3,0.369,0.464,0.833,359,0.818,135,21,1,17,67,68,43,9,3,2026-08-12 @ Athletics: 0 FS|2026-08-11 @ Athletics: 18 FS|2026-08-10 @ Athletics: 26 FS|2026-08-09 @ Seattle Mariners: 16 FS|2026-08-08 @ Seattle Mariners: 0 FS,2026-08-12 @ Athletics: 0 FS|2026-08-11 @ Athletics: 18 FS|2026-08-10 @ Athletics: 26 FS|2026-08-09 @ Seattle Mariners: 16 FS|2026-08-08 @ Seattle Mariners: 0 FS|2026-08-07 @ Seattle Mariners: 0 FS|2026-08-04 @ Colorado Rockies: 19 FS|2026-08-03 @ Colorado Rockies: 2 FS|2026-08-02 vs Chicago White Sox: 0 FS|2026-08-01 vs Chicago White Sox: 6 FS,2026-08-12 @ Athletics: 0 FS|2026-08-11 @ Athletics: 18 FS|2026-08-10 @ Athletics: 26 FS|2026-08-09 @ Seattle Mariners: 16 FS|2026-08-08 @ Seattle Mariners: 0 FS|2026-08-07 @ Seattle Mariners: 0 FS|2026-08-04 @ Colorado Rockies: 19 FS|2026-08-03 @ Colorado Rockies: 2 FS|2026-08-02 vs Chicago White Sox: 0 FS|2026-08-01 vs Chicago White Sox: 6 FS|2026-07-31 vs Chicago White Sox: 5 FS|2026-07-30 vs Texas Rangers: 8 FS|2026-07-29 vs Texas Rangers: 16 FS|2026-07-28 vs Texas Rangers: 4 FS|2026-07-26 vs Cleveland Guardians: 0 FS,15,30,7.47,5.0,Last 30 games + shrinkage,11.29,8.57,0.281,Neutral,7.47,1.935,0.2581,0.0968,0.0484,0.0484,0.0161,11.91,10.98,11.75,12.22,10.35,28.0,16.0,20.0,16.0,20.0,6.0,18.37,54.0,46.0,Recent workload,No,52.4,40.5,67.9,75.7,1.15,179,1.55,1.0,1.0,1.0,75.0,342,83.99,26.9,0.58,28.36,0.371,0.915,1.0,1.0,1.0,1.0225,732,Statcast,1.0643,53,Statcast,342,83.99,12.0,16.75,34.8,11.7,72.2,16.1,1.0219,1.0011,1.0259,1.0021,1.0292,1.0168,8.87,1.4,Unknown/neutral,Neutral fallback,1.0,1.0,1.0,1.0,1.0,1.0,Neutral fallback,1.072,3,27.0,0.9017,27.0,1.0,0.2276,0.0536,0.0022,0.0454,0.0716,0.0139,0.1784,0.5158,0.1886,0.2955,0.0695,0.1106,0.0051,1.0,Yes,6.87,5.81,14.33,20.3,4.69,0.0,Raw,90.9,90.9,87.4,87.4,79.7,77.1,77.1,67.2,67.2,63.8,63.8,56.8,50.3,50.3,46.3,46.3,39.7,36.4,36.4,32.7,32.7,30.2,25.7,25.7,23.5,23.5,21.2,3.6,3.6,4.7,4.4,6.0,5.0,4.5,4.0,3.5,3.0,2.5,1.0,0.0,0.0,0.0,0.0,0.0,0.0,0.0,0.0,0.0,0.0,0.0,0.0,0.0,0.0,0.0,High,
9,2026-08-12,Jonathan Aranda,TB,ATH,TB @ ATH,AWAY,1B,10.32,10.58,10.58,9.41,5.83,5.9,8.0,5.9,0.738,4.4,8.4,7.0,2|2|12|3|3,2|2|12|3|3|17|7|13|22|3,2|2|12|3|3|17|7|13|22|3|0|3|7|6|5,99.5,95.7,95.5,95.3,92.0,85.8,85.3,81.7,71.3,70.8,66.7,58.0,57.0,51.3,46.1,46.1,40.2,36.9,36.9,32.7,29.9,29.9,25.9,23.8,23.8,20.8,18.6,254.7,A,MORE 8.0 | 58.0% | Edge +2.6,MORE,8.0,58.0,2.58,16.0,Playable,2,Today Posted,2.0,2.0,7,2-2-2-2-2-2-2,100.0,100.0,5.02,Regular,13,1.04,Jack Perkins,R,7.0,1.49,0.2384,0.0411,0.0877,5.49,1.5,0.2358,0.0399,Sutter Health Park,1.0,1.03,83.2,4.8,236.0,0.0,warm,509,436,0.284,0.373,0.431,0.804,358,0.87,124,19,0,15,57,73,58,8,0,2026-08-12 @ Athletics: 2 FS|2026-08-11 @ Athletics: 2 FS|2026-08-10 @ Athletics: 12 FS|2026-08-09 @ Seattle Mariners: 3 FS|2026-08-08 @ Seattle Mariners: 3 FS,2026-08-12 @ Athletics: 2 FS|2026-08-11 @ Athletics: 2 FS|2026-08-10 @ Athletics: 12 FS|2026-08-09 @ Seattle Mariners: 3 FS|2026-08-08 @ Seattle Mariners: 3 FS|2026-08-07 @ Seattle Mariners: 17 FS|2026-08-05 @ Colorado Rockies: 7 FS|2026-08-04 @ Colorado Rockies: 13 FS|2026-08-03 @ Colorado Rockies: 22 FS|2026-08-02 vs Chicago White Sox: 3 FS,2026-08-12 @ Athletics: 2 FS|2026-08-11 @ Athletics: 2 FS|2026-08-10 @ Athletics: 12 FS|2026-08-09 @ Seattle Mariners: 3 FS|2026-08-08 @ Seattle Mariners: 3 FS|2026-08-07 @ Seattle Mariners: 17 FS|2026-08-05 @ Colorado Rockies: 7 FS|2026-08-04 @ Colorado Rockies: 13 FS|2026-08-03 @ Colorado Rockies: 22 FS|2026-08-02 vs Chicago White Sox: 3 FS|2026-07-31 vs Chicago White Sox: 0 FS|2026-07-30 vs Texas Rangers: 3 FS|2026-07-29 vs Texas Rangers: 7 FS|2026-07-28 vs Texas Rangers: 6 FS|2026-07-25 vs Cleveland Guardians: 5 FS,15,30,6.73,5.0,Last 30 games + shrinkage,6.57,7.14,0.298,Neutral,6.73,1.639,0.2787,0.0492,0.0164,0.0656,0.0,11.13,10.28,10.65,10.69,10.99,28.0,16.0,20.0,16.0,20.0,6.0,18.37,54.0,46.0,Recent workload,No,51.1,39.3,67.8,74.4,1.15,179,1.55,1.0,1.0,1.0,75.0,320,84.47,23.12,0.62,34.69,0.379,0.9162,1.0,1.0,1.0,1.0612,669,Statcast,1.0098,63,Statcast,320,84.47,12.0,19.58,29.69,19.7,62.5,17.8,1.023,1.0036,1.0364,1.0071,1.0473,0.9972,6.5,-0.23,Unknown/neutral,Neutral fallback,1.0,1.0,1.0,1.0,1.0,1.0,Neutral fallback,1.072,3,27.0,0.8625,27.0,1.0,0.2292,0.0523,0.0001,0.0456,0.105,0.0123,0.2292,0.3987,0.3006,0.3006,0.0371,0.1701,0.0001,1.0,Yes,5.9,6.46,13.84,19.0,4.61,0.0,Raw,100.0,92.8,92.8,92.8,88.5,81.0,81.0,77.7,67.8,67.8,64.2,57.0,57.0,51.3,46.1,46.1,40.2,36.9,36.9,32.7,29.9,29.9,25.9,23.8,23.8,20.8,18.6,0.0,2.9,2.7,2.5,3.4,4.8,4.3,4.0,3.5,3.0,2.5,1.0,0.0,0.0,0.0,0.0,0.0,0.0,0.0,0.0,0.0,0.0,0.0,0.0,0.0,0.0,0.0,High,
10,2026-08-12,Elly De La Cruz,CIN,CWS,CIN @ CWS,AWAY,SS,10.05,9.96,9.96,8.18,8.5,7.66,8.41,7.66,0.91,8.2,8.7,9.93,9|0|0|18|14,9|0|0|18|14|10|13|9|0|14,9|0|0|18|14|10|13|9|0|14|33|2|0|8|19,93.3,89.0,88.5,81.0,80.0,75.0,65.1,64.6,60.4,59.9,53.0,51.5,45.5,45.5,42.1,37.8,37.8,35.5,35.5,32.7,32.7,30.9,30.9,26.0,26.0,24.6,21.3,251.23,A,MORE 7.0 | 59.9% | Edge +3.0,MORE,7.0,59.9,2.96,19.8,Playable,1,Today Posted,1.0,1.0,7,1-1-1-1-1-1-1,100.0,100.0,5.13,Regular,14,1.04,Luis Castillo,R,5.3,1.41,0.2451,0.0369,0.0716,4.1,1.3,0.2093,0.0284,Rate Field,1.0,1.0,,,,,Weather unavailable,444,391,0.271,0.351,0.496,0.847,320,0.766,106,18,5,20,67,56,48,2,21,2026-08-11 @ Chicago White Sox: 9 FS|2026-08-09 @ Washington Nationals: 0 FS|2026-08-08 @ Washington Nationals: 0 FS|2026-08-07 @ Washington Nationals: 18 FS|2026-08-06 vs Athletics: 14 FS,2026-08-11 @ Chicago White Sox: 9 FS|2026-08-09 @ Washington Nationals: 0 FS|2026-08-08 @ Washington Nationals: 0 FS|2026-08-07 @ Washington Nationals: 18 FS|2026-08-06 vs Athletics: 14 FS|2026-08-05 vs Athletics: 10 FS|2026-08-04 vs Athletics: 13 FS|2026-08-02 vs Pittsburgh Pirates: 9 FS|2026-08-01 vs Pittsburgh Pirates: 0 FS|2026-07-31 vs Pittsburgh Pirates: 14 FS,2026-08-11 @ Chicago White Sox: 9 FS|2026-08-09 @ Washington Nationals: 0 FS|2026-08-08 @ Washington Nationals: 0 FS|2026-08-07 @ Washington Nationals: 18 FS|2026-08-06 vs Athletics: 14 FS|2026-08-05 vs Athletics: 10 FS|2026-08-04 vs Athletics: 13 FS|2026-08-02 vs Pittsburgh Pirates: 9 FS|2026-08-01 vs Pittsburgh Pirates: 0 FS|2026-07-31 vs Pittsburgh Pirates: 14 FS|2026-07-30 vs Pittsburgh Pirates: 33 FS|2026-07-29 vs Cleveland Guardians: 2 FS|2026-07-28 vs Cleveland Guardians: 0 FS|2026-07-28 vs Cleveland Guardians: 8 FS|2026-07-26 @ St. Louis Cardinals: 19 FS,15,30,10.53,9.0,Last 30 games + shrinkage,9.14,9.29,0.226,Neutral,10.53,2.063,0.1905,0.0952,0.0317,0.1429,0.0476,11.59,11.61,10.51,10.45,8.86,28.0,16.0,20.0,16.0,20.0,6.0,23.07,67.9,32.1,Recent workload,No,51.7,40.0,65.3,65.0,1.15,128,-2.7,1.0,1.0,1.0,75.0,204,86.22,31.37,0.49,30.39,0.43,0.9988,1.0,1.0,1.0,1.1129,498,Statcast,0.904,19,Statcast,204,86.22,12.0,11.64,31.34,15.7,59.8,24.5,1.0,1.0049,1.0179,1.0098,1.0326,0.9856,9.33,-1.2,Unknown/neutral,Neutral fallback,1.0,1.0,1.0,1.0,1.0,1.0,Neutral fallback,1.072,3,27.0,1.3,27.0,0.9954,0.1384,0.0385,0.0113,0.055,0.1163,0.0018,0.2427,0.5043,0.2086,0.287,0.0709,0.0959,0.0284,1.0,Yes,7.66,3.62,14.55,20.92,4.89,0.0,Raw,88.8,81.6,81.6,74.0,74.0,70.0,60.6,60.6,56.9,56.9,50.5,50.5,45.5,45.5,42.1,37.8,37.8,35.5,35.5,32.7,32.7,30.9,30.9,26.0,26.0,24.6,21.3,4.5,7.4,6.9,7.0,6.0,5.0,4.5,4.0,3.5,3.0,2.5,1.0,0.0,0.0,0.0,0.0,0.0,0.0,0.0,0.0,0.0,0.0,0.0,0.0,0.0,0.0,0.0,Medium,
11,2026-08-12,Jac Caglianone,KC,LAD,KC @ LAD,AWAY,RF,11.16,9.97,9.97,7.74,7.14,6.73,8.95,6.73,0.752,18.2,13.7,11.2,17|21|3|42|8,17|21|3|42|8|7|3|15|5|16,17|21|3|42|8|7|3|15|5|16|0|19|8|4|0,90.1,90.1,89.7,87.5,86.6,74.5,72.9,72.4,62.0,58.1,57.6,50.8,44.8,44.8,42.5,38.1,38.1,36.3,33.8,33.8,32.3,32.3,27.2,26.1,26.1,22.4,19.6,251.11,A,MORE 7.0 | 58.1% | Edge +3.0,MORE,7.0,58.1,2.97,16.2,Playable,3,Last 7 Confirmed,,3.0,7,3-3-3-3-3-3-3,100.0,97.0,4.92,Regular,14,1.04,Eric Lauer,L,4.89,1.26,0.2237,0.0566,0.0746,3.72,1.16,0.1956,0.0326,UNIQLO Field at Dodger Stadium,1.0,1.0,,,,,Weather unavailable,435,402,0.269,0.322,0.488,0.81,128,0.717,108,21,2,21,53,53,28,4,5,2026-08-11 @ Los Angeles Dodgers: 17 FS|2026-08-10 @ Los Angeles Dodgers: 21 FS|2026-08-09 vs Chicago Cubs: 3 FS|2026-08-08 vs Chicago Cubs: 42 FS|2026-08-07 vs Chicago Cubs: 8 FS,2026-08-11 @ Los Angeles Dodgers: 17 FS|2026-08-10 @ Los Angeles Dodgers: 21 FS|2026-08-09 vs Chicago Cubs: 3 FS|2026-08-08 vs Chicago Cubs: 42 FS|2026-08-07 vs Chicago Cubs: 8 FS|2026-08-06 vs Minnesota Twins: 7 FS|2026-08-05 vs Minnesota Twins: 3 FS|2026-08-04 vs Minnesota Twins: 15 FS|2026-08-02 @ Colorado Rockies: 5 FS|2026-08-01 @ Colorado Rockies: 16 FS,2026-08-11 @ Los Angeles Dodgers: 17 FS|2026-08-10 @ Los Angeles Dodgers: 21 FS|2026-08-09 vs Chicago Cubs: 3 FS|2026-08-08 vs Chicago Cubs: 42 FS|2026-08-07 vs Chicago Cubs: 8 FS|2026-08-06 vs Minnesota Twins: 7 FS|2026-08-05 vs Minnesota Twins: 3 FS|2026-08-04 vs Minnesota Twins: 15 FS|2026-08-02 @ Colorado Rockies: 5 FS|2026-08-01 @ Colorado Rockies: 16 FS|2026-07-31 @ Colorado Rockies: 0 FS|2026-07-30 @ Minnesota Twins: 19 FS|2026-07-29 @ Minnesota Twins: 8 FS|2026-07-28 @ Minnesota Twins: 4 FS|2026-07-26 @ Detroit Tigers: 0 FS,15,30,8.63,7.0,Last 30 games + shrinkage,14.43,12.0,0.382,Hot,8.63,2.897,0.3621,0.1552,0.0862,0.0517,0.0345,11.03,11.62,12.44,12.46,9.84,28.0,16.0,20.0,16.0,20.0,6.0,22.65,66.6,33.4,Recent workload,No,49.0,37.4,43.0,71.7,1.15,66,0.47,1.0,1.0,1.0,75.0,279,86.18,34.41,1.79,26.88,0.454,1.0359,1.0,1.0,1.0,1.0404,472,Statcast,1.0,6,Fallback,279,86.18,12.0,9.81,32.61,9.7,61.3,29.0,1.0,1.004,1.0146,1.008,1.0266,1.0415,12.09,3.46,Unknown/neutral,Neutral fallback,1.0,1.0,1.0,1.0,1.0,1.0,Neutral fallback,1.072,3,27.0,1.0595,27.0,1.0,0.1775,0.07,0.0012,0.0721,0.0229,0.0114,0.232,0.5428,0.2286,0.2286,0.0769,0.1821,0.0137,1.0,Projected,6.73,4.73,14.51,19.02,4.27,0.0,Raw,83.5,83.5,83.5,80.8,80.8,69.5,68.4,68.4,58.5,55.1,55.1,49.8,44.8,44.8,42.5,38.1,38.1,36.3,33.8,33.8,32.3,32.3,27.2,26.1,26.1,22.4,19.6,6.6,6.6,6.2,6.7,5.8,5.0,4.5,4.0,3.5,3.0,2.5,1.0,0.0,0.0,0.0,0.0,0.0,0.0,0.0,0.0,0.0,0.0,0.0,0.0,0.0,0.0,0.0,Medium,
12,2026-08-12,Munetaka Murakami,CWS,CIN,CIN @ CWS,HOME,1B,10.63,10.01,10.01,7.76,7.06,6.68,8.93,6.68,0.748,9.2,8.0,10.67,5|9|16|14|2,5|9|16|14|2|2|3|5|3|21,5|9|16|14|2|2|3|5|3|21|5|20|5|9|41,99.5,93.3,93.0,92.7,83.7,78.3,77.8,70.0,62.0,61.5,56.8,48.1,47.1,44.3,40.1,40.1,37.6,35.2,33.3,33.3,32.1,27.8,27.8,27.3,22.5,22.5,21.0,250.94,A,MORE 7.0 | 61.5% | Edge +3.0,MORE,7.0,61.5,3.01,23.0,Playable,2,Today Posted,2.0,2.0,7,2-2-2-2-2-2-2,100.0,100.0,5.02,Regular,14,1.04,Rhett Lowder,R,5.26,1.48,0.2325,0.0275,0.0975,4.47,1.4,0.2127,0.0324,Rate Field,1.0,1.0,,,,,Weather unavailable,363,299,0.237,0.369,0.538,0.907,246,0.999,71,12,0,26,61,54,62,1,1,2026-08-11 vs Cincinnati Reds: 5 FS|2026-08-09 vs Cleveland Guardians: 9 FS|2026-08-08 vs Cleveland Guardians: 16 FS|2026-08-07 vs Cleveland Guardians: 14 FS|2026-08-06 @ Boston Red Sox: 2 FS,2026-08-11 vs Cincinnati Reds: 5 FS|2026-08-09 vs Cleveland Guardians: 9 FS|2026-08-08 vs Cleveland Guardians: 16 FS|2026-08-07 vs Cleveland Guardians: 14 FS|2026-08-06 @ Boston Red Sox: 2 FS|2026-08-05 @ Boston Red Sox: 2 FS|2026-08-04 @ Boston Red Sox: 3 FS|2026-08-02 @ Tampa Bay Rays: 5 FS|2026-08-01 @ Tampa Bay Rays: 3 FS|2026-07-31 @ Tampa Bay Rays: 21 FS,2026-08-11 vs Cincinnati Reds: 5 FS|2026-08-09 vs Cleveland Guardians: 9 FS|2026-08-08 vs Cleveland Guardians: 16 FS|2026-08-07 vs Cleveland Guardians: 14 FS|2026-08-06 @ Boston Red Sox: 2 FS|2026-08-05 @ Boston Red Sox: 2 FS|2026-08-04 @ Boston Red Sox: 3 FS|2026-08-02 @ Tampa Bay Rays: 5 FS|2026-08-01 @ Tampa Bay Rays: 3 FS|2026-07-31 @ Tampa Bay Rays: 21 FS|2026-07-30 vs New York Yankees: 5 FS|2026-07-29 vs New York Yankees: 20 FS|2026-07-28 vs New York Yankees: 5 FS|2026-07-27 vs New York Yankees: 9 FS|2026-07-26 vs Houston Astros: 41 FS,15,30,9.47,6.0,Last 30 games + shrinkage,7.29,8.5,0.232,Neutral,9.47,1.859,0.2031,0.125,0.0625,0.125,0.0,11.35,11.17,10.07,9.54,10.56,28.0,16.0,20.0,16.0,20.0,6.0,18.39,54.1,45.9,Recent workload,No,50.2,38.5,59.1,47.6,1.0106,104,2.55,1.0,1.0,1.0,75.0,100,85.8,37.0,5.0,37.0,0.499,1.0986,1.0,1.0,1.0,1.0287,406,Statcast,0.9363,20,Statcast,100,85.8,12.0,18.31,31.82,13.0,57.0,30.0,1.0,1.0066,1.0243,1.0133,1.0442,0.9919,8.79,-0.67,Unknown/neutral,Neutral fallback,1.0,1.0,1.0,1.0,1.0,1.0,Neutral fallback,1.072,3,27.0,0.9619,27.0,0.9631,0.0882,0.0552,0.0003,0.0772,0.1785,0.0034,0.2819,0.3455,0.3818,0.2727,0.0729,0.1451,0.0002,1.0,Yes,6.68,4.77,14.49,18.98,4.44,0.0,Raw,100.0,88.8,88.8,88.8,77.7,73.3,73.3,66.0,58.5,58.5,54.3,47.1,47.1,44.3,40.1,40.1,37.6,35.2,33.3,33.3,32.1,27.8,27.8,27.3,22.5,22.5,21.0,0.0,4.5,4.2,3.9,6.0,5.0,4.5,4.0,3.5,3.0,2.5,1.0,0.0,0.0,0.0,0.0,0.0,0.0,0.0,0.0,0.0,0.0,0.0,0.0,0.0,0.0,0.0,Medium,
13,2026-08-12,Brady House,WSH,CHC,CHC @ WSH,HOME,3B,10.35,11.1,11.1,9.32,7.62,7.06,8.34,7.06,0.847,7.6,5.1,5.33,15|0|5|2|16,15|0|5|2|16|3|2|0|3|5,15|0|5|2|16|3|2|0|3|5|0|0|6|16|7,95.5,95.5,93.0,92.7,86.4,85.4,83.4,74.2,73.7,69.4,68.9,60.6,53.8,53.8,49.6,49.6,43.5,43.5,40.5,35.7,35.7,32.7,32.7,28.6,26.1,26.1,23.0,250.85,A,MORE 8.0 | 60.6% | Edge +3.1,MORE,8.0,60.6,3.1,21.2,Playable,3,Today Posted,3.0,3.0,4,3-3-3-3,100.0,100.0,4.65,Likely regular,10,1.0,David Peterson,L,5.35,1.5,0.2437,0.0231,0.0903,4.07,1.25,0.221,0.04,Nationals Park,1.0,1.03,88.8,5.3,165.0,1.0,warm,224,207,0.237,0.29,0.401,0.691,76,1.001,49,10,0,8,29,27,15,1,1,2026-08-11 vs Chicago Cubs: 15 FS|2026-08-09 vs Cincinnati Reds: 0 FS|2026-08-07 vs Cincinnati Reds: 5 FS|2026-08-06 @ Philadelphia Phillies: 2 FS|2026-08-05 @ Philadelphia Phillies: 16 FS,2026-08-11 vs Chicago Cubs: 15 FS|2026-08-09 vs Cincinnati Reds: 0 FS|2026-08-07 vs Cincinnati Reds: 5 FS|2026-08-06 @ Philadelphia Phillies: 2 FS|2026-08-05 @ Philadelphia Phillies: 16 FS|2026-08-04 @ Philadelphia Phillies: 3 FS|2026-08-03 @ Philadelphia Phillies: 2 FS|2026-08-02 @ Atlanta Braves: 0 FS|2026-08-01 @ Atlanta Braves: 3 FS|2026-07-31 @ Atlanta Braves: 5 FS,2026-08-11 vs Chicago Cubs: 15 FS|2026-08-09 vs Cincinnati Reds: 0 FS|2026-08-07 vs Cincinnati Reds: 5 FS|2026-08-06 @ Philadelphia Phillies: 2 FS|2026-08-05 @ Philadelphia Phillies: 16 FS|2026-08-04 @ Philadelphia Phillies: 3 FS|2026-08-03 @ Philadelphia Phillies: 2 FS|2026-08-02 @ Atlanta Braves: 0 FS|2026-08-01 @ Atlanta Braves: 3 FS|2026-07-31 @ Atlanta Braves: 5 FS|2026-07-30 @ Atlanta Braves: 0 FS|2026-07-29 vs Toronto Blue Jays: 0 FS|2026-07-28 vs Toronto Blue Jays: 6 FS|2026-07-26 vs Arizona Diamondbacks: 16 FS|2026-05-18 vs New York Mets: 7 FS,15,30,6.8,3.0,Last 30 games + shrinkage,6.14,5.21,0.273,Neutral,6.8,1.553,0.2553,0.0851,0.0213,0.0426,0.0,9.91,10.55,9.77,10.01,10.42,28.0,16.0,20.0,16.0,20.0,6.0,22.26,65.5,34.5,Recent workload,No,34.8,25.1,30.9,33.3,1.15,14,0.16,1.0,1.0,1.0,75.0,55,85.48,34.55,1.82,36.36,0.565,1.1116,1.0,1.0,1.0,1.0785,109,Statcast,1.0,1,Fallback,55,85.48,12.0,17.89,27.82,16.4,61.8,21.8,1.0356,1.0056,1.0568,1.0112,1.0742,0.9902,5.98,-0.82,Unknown/neutral,Neutral fallback,1.0,1.0,1.0,1.0,1.0,1.0,Neutral fallback,1.072,3,27.0,0.8625,27.0,1.0,0.2192,0.0876,0.0016,0.0461,0.075,0.0078,0.2529,0.3929,0.2858,0.3214,0.1104,0.1267,0.0035,1.0,Yes,7.06,5.93,15.25,21.18,4.64,0.0,Raw,92.5,92.5,88.8,88.8,80.6,80.6,78.9,70.2,70.2,66.4,66.4,59.6,53.8,53.8,49.6,49.6,43.5,43.5,40.5,35.7,35.7,32.7,32.7,28.6,26.1,26.1,23.0,3.0,3.0,4.2,3.9,5.8,4.9,4.5,4.0,3.5,3.0,2.5,1.0,0.0,0.0,0.0,0.0,0.0,0.0,0.0,0.0,0.0,0.0,0.0,0.0,0.0,0.0,0.0,High,
14,2026-08-12,Gabriel Moreno,ARI,COL,COL @ ARI,HOME,C,10.22,9.61,9.61,8.3,5.37,5.62,6.9,5.62,0.815,8.0,7.0,8.4,3|3|19|9|6,3|3|19|9|6|5|13|10|0|2,3|3|19|9|6|5|13|10|0|2|7|20|9|2|18,95.8,95.8,92.5,92.2,86.3,85.4,82.0,71.5,71.0,65.9,57.4,55.9,48.5,48.5,43.2,36.7,36.7,32.8,32.8,27.5,24.2,24.2,20.7,20.7,17.9,15.4,15.4,243.8,A,MORE 7.0 | 65.9% | Edge +2.6,MORE,7.0,65.9,2.61,31.8,Good,3,Today Posted,3.0,3.0,7,3-3-3-3-3-3-4,85.7,100.0,4.92,Regular,13,1.04,Ryan Feltner,R,5.75,1.47,0.2452,0.0496,0.0909,5.49,1.51,0.2568,0.0354,Chase Field,1.0,1.0,,,,,Indoor/retractable neutral,382,327,0.306,0.385,0.453,0.838,284,0.844,100,22,1,8,49,52,43,4,4,2026-08-12 vs Colorado Rockies: 3 FS|2026-08-11 vs Colorado Rockies: 3 FS|2026-08-10 vs Colorado Rockies: 19 FS|2026-08-09 vs Los Angeles Dodgers: 9 FS|2026-08-08 vs Los Angeles Dodgers: 6 FS,2026-08-12 vs Colorado Rockies: 3 FS|2026-08-11 vs Colorado Rockies: 3 FS|2026-08-10 vs Colorado Rockies: 19 FS|2026-08-09 vs Los Angeles Dodgers: 9 FS|2026-08-08 vs Los Angeles Dodgers: 6 FS|2026-08-07 vs Los Angeles Dodgers: 5 FS|2026-08-06 vs San Diego Padres: 13 FS|2026-08-05 vs San Diego Padres: 10 FS|2026-08-02 @ Cleveland Guardians: 0 FS|2026-08-01 @ Cleveland Guardians: 2 FS,2026-08-12 vs Colorado Rockies: 3 FS|2026-08-11 vs Colorado Rockies: 3 FS|2026-08-10 vs Colorado Rockies: 19 FS|2026-08-09 vs Los Angeles Dodgers: 9 FS|2026-08-08 vs Los Angeles Dodgers: 6 FS|2026-08-07 vs Los Angeles Dodgers: 5 FS|2026-08-06 vs San Diego Padres: 13 FS|2026-08-05 vs San Diego Padres: 10 FS|2026-08-02 @ Cleveland Guardians: 0 FS|2026-08-01 @ Cleveland Guardians: 2 FS|2026-07-31 @ Cleveland Guardians: 7 FS|2026-07-29 @ Pittsburgh Pirates: 20 FS|2026-07-28 @ Pittsburgh Pirates: 9 FS|2026-07-27 @ Pittsburgh Pirates: 2 FS|2026-07-26 @ Washington Nationals: 18 FS,15,30,8.93,8.5,Last 30 games + shrinkage,8.29,7.71,0.259,Neutral,8.93,1.77,0.2295,0.0984,0.0164,0.082,0.0,10.84,11.22,10.27,10.62,9.63,28.0,16.0,20.0,16.0,20.0,6.0,18.53,54.5,45.5,Recent workload,No,51.7,39.9,62.6,73.5,1.15,192,0.2,1.0,1.0,1.0,100.0,305,82.82,23.28,0.0,31.48,0.368,0.8835,1.0,1.0,1.0,1.0411,768,Statcast,1.064,114,Statcast,305,82.82,12.0,17.47,30.01,18.7,62.3,19.0,1.0,0.9982,0.9935,0.9964,0.9881,0.991,8.18,-0.75,Unknown/neutral,Neutral fallback,1.0,1.0,1.0,1.0,1.0,1.0,Neutral fallback,1.072,3,27.0,1.0017,27.0,0.9959,0.233,0.0779,0.0061,0.0213,0.1177,0.0122,0.1549,0.4667,0.2334,0.2999,0.058,0.175,0.0001,1.0,Yes,5.62,5.85,12.37,17.26,4.46,0.0,Raw,93.0,93.0,88.0,88.0,80.5,80.5,77.5,67.5,67.5,62.9,54.9,54.9,48.5,48.5,43.2,36.7,36.7,32.8,32.8,27.5,24.2,24.2,20.7,20.7,17.9,15.4,15.4,2.8,2.8,4.5,4.2,5.8,4.9,4.5,4.0,3.5,3.0,2.5,1.0,0.0,0.0,0.0,0.0,0.0,0.0,0.0,0.0,0.0,0.0,0.0,0.0,0.0,0.0,0.0,Medium,
15,2026-08-12,Hunter Goodman,COL,ARI,COL @ ARI,AWAY,C,10.04,10.46,10.46,7.66,8.52,7.67,9.47,7.67,0.81,7.2,8.1,6.2,0|10|2|19|5,0|10|2|19|5|0|0|3|2|40,0|10|2|19|5|0|0|3|2|40|0|2|0|3|7,91.5,91.5,91.1,86.3,76.9,75.9,71.9,71.4,61.9,58.2,57.7,49.9,45.6,45.6,42.7,42.7,39.4,38.0,38.0,35.7,35.7,34.7,30.6,30.6,29.7,24.9,24.9,243.09,A,MORE 7.0 | 58.2% | Edge +3.5,MORE,7.0,58.2,3.46,16.4,Playable,4,Today Posted,4.0,4.0,6,4-4-4-4-4-4,100.0,100.0,4.82,Regular,12,1.04,Merrill Kelly,R,4.83,1.45,0.2414,0.0441,0.0958,4.1,1.29,0.2264,0.0304,Chase Field,1.0,1.0,,,,,Indoor/retractable neutral,456,411,0.253,0.32,0.545,0.865,310,0.865,104,16,1,34,68,69,38,4,5,2026-08-12 @ Arizona Diamondbacks: 0 FS|2026-08-11 @ Arizona Diamondbacks: 10 FS|2026-08-10 @ Arizona Diamondbacks: 2 FS|2026-08-09 @ St. Louis Cardinals: 19 FS|2026-08-08 @ St. Louis Cardinals: 5 FS,2026-08-12 @ Arizona Diamondbacks: 0 FS|2026-08-11 @ Arizona Diamondbacks: 10 FS|2026-08-10 @ Arizona Diamondbacks: 2 FS|2026-08-09 @ St. Louis Cardinals: 19 FS|2026-08-08 @ St. Louis Cardinals: 5 FS|2026-08-07 @ St. Louis Cardinals: 0 FS|2026-08-05 vs Tampa Bay Rays: 0 FS|2026-08-04 vs Tampa Bay Rays: 3 FS|2026-08-03 vs Tampa Bay Rays: 2 FS|2026-08-01 vs Kansas City Royals: 40 FS,2026-08-12 @ Arizona Diamondbacks: 0 FS|2026-08-11 @ Arizona Diamondbacks: 10 FS|2026-08-10 @ Arizona Diamondbacks: 2 FS|2026-08-09 @ St. Louis Cardinals: 19 FS|2026-08-08 @ St. Louis Cardinals: 5 FS|2026-08-07 @ St. Louis Cardinals: 0 FS|2026-08-05 vs Tampa Bay Rays: 0 FS|2026-08-04 vs Tampa Bay Rays: 3 FS|2026-08-03 vs Tampa Bay Rays: 2 FS|2026-08-01 vs Kansas City Royals: 40 FS|2026-07-31 vs Kansas City Royals: 0 FS|2026-07-29 @ San Diego Padres: 2 FS|2026-07-28 @ San Diego Padres: 0 FS|2026-07-26 @ Milwaukee Brewers: 3 FS|2026-07-25 @ Milwaukee Brewers: 7 FS,15,30,7.97,5.0,Last 30 games + shrinkage,5.14,6.14,0.208,Neutral,7.97,1.686,0.1961,0.0784,0.0588,0.0392,0.0,11.11,11.02,10.02,9.97,9.75,28.0,16.0,20.0,16.0,20.0,6.0,17.67,52.0,48.0,Recent workload,No,47.1,35.6,64.6,66.6,1.15,121,0.31,1.0,1.0,1.0,100.0,219,83.79,29.22,1.83,27.4,0.48,1.0112,1.0,1.0,1.0,1.0134,505,Statcast,1.0644,38,Statcast,219,83.79,12.0,22.97,35.0,19.2,66.7,14.2,1.0,1.0032,1.0117,1.0064,1.0214,0.9856,6.76,-1.2,Unknown/neutral,Neutral fallback,1.0,1.0,1.0,1.0,1.0,1.0,Neutral fallback,1.072,3,27.0,1.1296,27.0,0.9931,0.1449,0.0335,0.0058,0.0772,0.0821,0.0089,0.2685,0.3699,0.4201,0.21,0.0419,0.1991,0.0001,1.0,Yes,7.67,4.42,14.95,20.62,4.54,0.0,Raw,85.8,85.8,85.8,79.3,70.9,70.9,67.4,67.4,58.4,55.2,55.2,48.9,45.6,45.6,42.7,42.7,39.4,38.0,38.0,35.7,35.7,34.7,30.6,30.6,29.7,24.9,24.9,5.7,5.7,5.3,7.0,6.0,5.0,4.5,4.0,3.5,3.0,2.5,1.0,0.0,0.0,0.0,0.0,0.0,0.0,0.0,0.0,0.0,0.0,0.0,0.0,0.0,0.0,0.0,Medium,
16,2026-08-12,Seiya Suzuki,CHC,WSH,CHC @ WSH,AWAY,RF,10.23,9.42,9.42,7.59,6.21,6.13,8.1,6.13,0.757,9.0,9.7,10.53,21|0|10|7|7,21|0|10|7|7|9|20|10|7|6,21|0|10|7|7|9|20|10|7|6|7|19|10|16|9,93.6,93.6,93.3,87.3,86.3,78.8,72.4,71.9,62.3,57.9,57.4,48.3,43.0,43.0,38.0,34.2,34.2,31.6,28.5,28.5,27.0,23.1,23.1,22.1,18.7,18.7,17.3,241.59,A,MORE 6.5 | 62.3% | Edge +2.9,MORE,6.5,62.3,2.92,24.6,Good,2,Last 7 Confirmed,,2.0,6,2-2-2-2-2-2,100.0,97.0,5.02,Regular,14,1.04,Jackson Kent,L,4.2,1.25,0.224,0.03,0.085,4.73,1.39,0.2284,0.0356,Nationals Park,1.0,1.03,88.8,5.3,165.0,1.0,warm,448,388,0.271,0.362,0.479,0.841,120,1.007,105,21,0,20,64,68,53,4,2,2026-08-11 @ Washington Nationals: 21 FS|2026-08-08 @ Kansas City Royals: 0 FS|2026-08-07 @ Kansas City Royals: 10 FS|2026-08-06 vs Toronto Blue Jays: 7 FS|2026-08-05 vs Los Angeles Dodgers: 7 FS,2026-08-11 @ Washington Nationals: 21 FS|2026-08-08 @ Kansas City Royals: 0 FS|2026-08-07 @ Kansas City Royals: 10 FS|2026-08-06 vs Toronto Blue Jays: 7 FS|2026-08-05 vs Los Angeles Dodgers: 7 FS|2026-08-04 vs Los Angeles Dodgers: 9 FS|2026-08-03 vs Los Angeles Dodgers: 20 FS|2026-08-02 vs New York Yankees: 10 FS|2026-08-01 vs New York Yankees: 7 FS|2026-07-30 @ St. Louis Cardinals: 6 FS,2026-08-11 @ Washington Nationals: 21 FS|2026-08-08 @ Kansas City Royals: 0 FS|2026-08-07 @ Kansas City Royals: 10 FS|2026-08-06 vs Toronto Blue Jays: 7 FS|2026-08-05 vs Los Angeles Dodgers: 7 FS|2026-08-04 vs Los Angeles Dodgers: 9 FS|2026-08-03 vs Los Angeles Dodgers: 20 FS|2026-08-02 vs New York Yankees: 10 FS|2026-08-01 vs New York Yankees: 7 FS|2026-07-30 @ St. Louis Cardinals: 6 FS|2026-07-29 @ St. Louis Cardinals: 7 FS|2026-07-28 @ St. Louis Cardinals: 19 FS|2026-07-27 @ St. Louis Cardinals: 10 FS|2026-07-26 @ Pittsburgh Pirates: 16 FS|2026-07-25 @ Pittsburgh Pirates: 9 FS,15,30,10.23,9.0,Last 30 games + shrinkage,10.57,10.64,0.298,Neutral,10.23,2.258,0.2576,0.1212,0.0455,0.1364,0.0152,9.68,10.21,9.83,9.34,9.13,28.0,16.0,20.0,16.0,20.0,6.0,21.0,64.0,36.0,Season fallback,No,51.9,40.2,41.4,71.1,1.0,0,0.0,1.0,1.0,1.0,75.0,271,82.89,22.14,0.74,30.26,0.399,0.9098,1.0,1.0,1.0,1.0,0,Fallback,1.0,0,Fallback,271,82.89,12.0,24.9,29.56,21.8,64.9,13.3,1.0357,1.0008,1.0388,1.0016,1.0414,1.0018,10.38,0.15,Unknown/neutral,Neutral fallback,1.0,1.0,1.0,1.0,1.0,1.0,Neutral fallback,1.072,3,27.0,0.8625,27.0,1.0,0.1317,0.054,0.0006,0.0486,0.1404,0.0085,0.2363,0.3496,0.3496,0.3007,0.0989,0.1765,0.0067,1.0,Projected,6.13,4.56,12.89,18.19,4.73,0.0,Raw,89.3,89.3,89.3,80.5,80.5,73.8,67.9,67.9,58.8,54.9,54.9,47.3,43.0,43.0,38.0,34.2,34.2,31.6,28.5,28.5,27.0,23.1,23.1,22.1,18.7,18.7,17.3,4.3,4.3,4.0,6.8,5.8,5.0,4.5,4.0,3.5,3.0,2.5,1.0,0.0,0.0,0.0,0.0,0.0,0.0,0.0,0.0,0.0,0.0,0.0,0.0,0.0,0.0,0.0,Medium,
17,2026-08-12,Jake McCarthy,COL,ARI,COL @ ARI,AWAY,LF,9.89,9.22,9.22,8.22,6.29,6.18,7.51,6.18,0.823,13.0,12.6,9.67,0|0|5|10|50,0|0|5|10|50|11|8|13|11|18,0|0|5|10|50|11|8|13|11|18|12|0|0|7|0,92.3,92.3,90.0,89.6,79.4,76.6,76.1,64.4,63.9,60.2,52.9,51.4,43.6,43.6,40.6,34.8,34.8,32.4,32.4,28.5,25.8,25.8,21.5,19.0,19.0,16.7,16.7,240.06,A,MORE 7.0 | 60.2% | Edge +2.2,MORE,7.0,60.2,2.22,20.4,Playable,1,Today Posted,1.0,1.0,7,1-1-1-1-1-1-1,100.0,100.0,5.13,Regular,13,1.04,Merrill Kelly,R,4.83,1.45,0.2414,0.0441,0.0958,4.1,1.29,0.2264,0.0304,Chase Field,1.0,1.0,,,,,Indoor/retractable neutral,408,377,0.302,0.339,0.509,0.848,302,0.829,114,25,7,13,57,67,19,4,20,2026-08-12 @ Arizona Diamondbacks: 0 FS|2026-08-11 @ Arizona Diamondbacks: 0 FS|2026-08-10 @ Arizona Diamondbacks: 5 FS|2026-08-09 @ St. Louis Cardinals: 10 FS|2026-08-08 @ St. Louis Cardinals: 50 FS,2026-08-12 @ Arizona Diamondbacks: 0 FS|2026-08-11 @ Arizona Diamondbacks: 0 FS|2026-08-10 @ Arizona Diamondbacks: 5 FS|2026-08-09 @ St. Louis Cardinals: 10 FS|2026-08-08 @ St. Louis Cardinals: 50 FS|2026-08-07 @ St. Louis Cardinals: 11 FS|2026-08-05 vs Tampa Bay Rays: 8 FS|2026-08-04 vs Tampa Bay Rays: 13 FS|2026-08-03 vs Tampa Bay Rays: 11 FS|2026-08-02 vs Kansas City Royals: 18 FS,2026-08-12 @ Arizona Diamondbacks: 0 FS|2026-08-11 @ Arizona Diamondbacks: 0 FS|2026-08-10 @ Arizona Diamondbacks: 5 FS|2026-08-09 @ St. Louis Cardinals: 10 FS|2026-08-08 @ St. Louis Cardinals: 50 FS|2026-08-07 @ St. Louis Cardinals: 11 FS|2026-08-05 vs Tampa Bay Rays: 8 FS|2026-08-04 vs Tampa Bay Rays: 13 FS|2026-08-03 vs Tampa Bay Rays: 11 FS|2026-08-02 vs Kansas City Royals: 18 FS|2026-08-01 vs Kansas City Royals: 12 FS|2026-07-31 vs Kansas City Royals: 0 FS|2026-07-29 @ San Diego Padres: 0 FS|2026-07-28 @ San Diego Padres: 7 FS|2026-07-26 @ Milwaukee Brewers: 0 FS,15,30,9.43,8.0,Last 30 games + shrinkage,12.0,10.36,0.328,Hot,9.43,2.417,0.3167,0.1167,0.05,0.0167,0.05,10.86,10.55,10.7,10.8,8.75,28.0,16.0,20.0,16.0,20.0,6.0,17.67,52.0,48.0,Recent workload,No,51.2,39.4,64.0,71.9,1.0777,103,0.31,1.0,1.0,1.0,100.0,281,79.26,19.93,2.14,35.59,0.367,0.8469,1.0,1.0,1.0,1.0127,438,Statcast,1.1309,55,Statcast,281,79.26,12.0,13.47,32.18,13.5,59.1,27.4,1.0,0.9869,0.952,0.9738,0.9126,1.0043,9.79,0.36,Unknown/neutral,Neutral fallback,1.0,1.0,1.0,1.0,1.0,1.0,Neutral fallback,1.072,3,27.0,1.3,27.0,1.0,0.186,0.0651,0.0106,0.0318,0.0435,0.0086,0.1681,0.4727,0.2122,0.3152,0.075,0.1315,0.025,1.0,Yes,6.18,4.1,13.15,17.26,4.81,0.0,Raw,87.1,87.1,84.0,84.0,73.4,71.6,71.6,60.4,60.4,57.2,50.4,50.4,43.6,43.6,40.6,34.8,34.8,32.4,32.4,28.5,25.8,25.8,21.5,19.0,19.0,16.7,16.7,5.2,5.2,6.0,5.6,6.0,5.0,4.5,4.0,3.5,3.0,2.5,1.0,0.0,0.0,0.0,0.0,0.0,0.0,0.0,0.0,0.0,0.0,0.0,0.0,0.0,0.0,0.0,Medium,
18,2026-08-12,Royce Lewis,MIN,BAL,BAL @ MIN,HOME,1B,10.4,9.29,9.29,8.25,6.15,6.09,7.52,6.09,0.81,10.2,11.9,10.67,14|8|12|0|17,14|8|12|0|17|14|16|3|14|21,14|8|12|0|17|14|16|3|14|21|5|14|5|3|14,93.5,93.5,90.1,89.7,80.4,79.4,76.3,65.3,64.8,60.2,52.6,51.1,44.2,44.2,40.2,34.5,34.5,31.7,27.4,27.4,25.1,25.1,21.3,19.3,19.3,16.7,16.7,237.02,A,MORE 7.0 | 60.2% | Edge +2.3,MORE,7.0,60.2,2.29,20.4,Playable,2,Today Posted,2.0,5.0,7,5-3-2-3-3-5-5,42.9,100.0,5.02,Regular,14,1.04,Shane Baz,R,4.0,1.36,0.2391,0.0167,0.0786,4.25,1.35,0.2262,0.028,Target Field,0.98,1.03,84.4,5.4,60.0,1.0,warm,356,318,0.245,0.317,0.434,0.751,256,0.721,78,19,1,13,44,43,32,3,11,2026-08-12 vs Baltimore Orioles: 14 FS|2026-08-11 vs Baltimore Orioles: 8 FS|2026-08-10 vs Baltimore Orioles: 12 FS|2026-08-09 @ Milwaukee Brewers: 0 FS|2026-08-08 @ Milwaukee Brewers: 17 FS,2026-08-12 vs Baltimore Orioles: 14 FS|2026-08-11 vs Baltimore Orioles: 8 FS|2026-08-10 vs Baltimore Orioles: 12 FS|2026-08-09 @ Milwaukee Brewers: 0 FS|2026-08-08 @ Milwaukee Brewers: 17 FS|2026-08-07 @ Milwaukee Brewers: 14 FS|2026-08-06 @ Kansas City Royals: 16 FS|2026-08-05 @ Kansas City Royals: 3 FS|2026-08-04 @ Kansas City Royals: 14 FS|2026-08-02 @ Seattle Mariners: 21 FS,2026-08-12 vs Baltimore Orioles: 14 FS|2026-08-11 vs Baltimore Orioles: 8 FS|2026-08-10 vs Baltimore Orioles: 12 FS|2026-08-09 @ Milwaukee Brewers: 0 FS|2026-08-08 @ Milwaukee Brewers: 17 FS|2026-08-07 @ Milwaukee Brewers: 14 FS|2026-08-06 @ Kansas City Royals: 16 FS|2026-08-05 @ Kansas City Royals: 3 FS|2026-08-04 @ Kansas City Royals: 14 FS|2026-08-02 @ Seattle Mariners: 21 FS|2026-08-01 @ Seattle Mariners: 5 FS|2026-07-31 @ Seattle Mariners: 14 FS|2026-07-30 vs Kansas City Royals: 5 FS|2026-07-29 vs Kansas City Royals: 3 FS|2026-07-28 vs Kansas City Royals: 14 FS,15,30,9.4,7.5,Last 30 games + shrinkage,11.57,10.43,0.386,Hot,9.4,2.475,0.3729,0.1525,0.0508,0.0169,0.0169,10.41,11.6,11.62,11.12,8.81,28.0,16.0,20.0,16.0,20.0,6.0,23.45,69.0,31.0,Recent workload,No,50.7,38.9,60.1,70.3,1.1438,135,1.02,1.0,1.0,1.0,75.0,260,85.29,30.77,1.92,32.69,0.413,0.9849,1.0,1.0,1.0,1.1158,536,Statcast,1.14,39,Statcast,260,85.29,12.0,22.9,34.49,26.9,62.3,10.8,1.0018,1.0072,1.0283,1.0144,1.05,1.013,10.48,1.08,Unknown/neutral,Neutral fallback,1.0,1.0,1.0,1.0,1.0,1.0,Neutral fallback,1.072,3,27.0,1.3,27.0,1.0,0.1875,0.0849,0.0054,0.0349,0.0816,0.0081,0.2365,0.3306,0.379,0.2904,0.0738,0.1301,0.0211,1.0,Yes,6.09,4.2,13.1,17.96,4.44,0.0,Raw,89.1,89.1,84.1,84.1,74.4,74.4,71.8,61.3,61.3,57.2,50.1,50.1,44.2,44.2,40.2,34.5,34.5,31.7,27.4,27.4,25.1,25.1,21.3,19.3,19.3,16.7,16.7,4.4,4.4,6.0,5.6,6.0,5.0,4.5,4.0,3.5,3.0,2.5,1.0,0.0,0.0,0.0,0.0,0.0,0.0,0.0,0.0,0.0,0.0,0.0,0.0,0.0,0.0,0.0,Medium,
19,2026-08-12,Andrés Chaparro,WSH,CHC,CHC @ WSH,HOME,1B,9.19,10.24,10.24,8.63,6.32,6.2,8.68,6.25,0.72,8.6,6.7,6.2,2|9|18|3|11,2|9|18|3|11|0|0|4|6|14,2|9|18|3|11|0|0|4|6|14|0|14|0|7|5,99.5,92.6,92.2,91.9,86.1,85.1,79.8,73.7,65.5,65.0,61.7,52.3,51.3,48.6,43.1,43.1,39.9,36.7,36.7,33.6,31.7,27.0,27.0,26.0,22.0,22.0,20.3,235.58,A,MORE 7.5 | 61.7% | Edge +2.7,MORE,7.5,61.7,2.74,23.4,Playable,2,Today Posted,2.0,2.0,3,2-2-2,100.0,100.0,4.18,Usage risk,6,0.88,David Peterson,L,5.35,1.5,0.2437,0.0231,0.0903,4.07,1.25,0.221,0.04,Nationals Park,1.0,1.03,88.8,5.3,165.0,1.0,warm,118,100,0.23,0.347,0.49,0.837,100,0.74,23,8,0,6,20,28,14,4,0,2026-08-11 vs Chicago Cubs: 2 FS|2026-08-09 vs Cincinnati Reds: 9 FS|2026-08-08 vs Cincinnati Reds: 18 FS|2026-08-06 @ Philadelphia Phillies: 3 FS|2026-08-05 @ Philadelphia Phillies: 11 FS,2026-08-11 vs Chicago Cubs: 2 FS|2026-08-09 vs Cincinnati Reds: 9 FS|2026-08-08 vs Cincinnati Reds: 18 FS|2026-08-06 @ Philadelphia Phillies: 3 FS|2026-08-05 @ Philadelphia Phillies: 11 FS|2026-08-04 @ Philadelphia Phillies: 0 FS|2026-08-03 @ Philadelphia Phillies: 0 FS|2026-08-02 @ Atlanta Braves: 4 FS|2026-08-01 @ Atlanta Braves: 6 FS|2026-07-31 @ Atlanta Braves: 14 FS,2026-08-11 vs Chicago Cubs: 2 FS|2026-08-09 vs Cincinnati Reds: 9 FS|2026-08-08 vs Cincinnati Reds: 18 FS|2026-08-06 @ Philadelphia Phillies: 3 FS|2026-08-05 @ Philadelphia Phillies: 11 FS|2026-08-04 @ Philadelphia Phillies: 0 FS|2026-08-03 @ Philadelphia Phillies: 0 FS|2026-08-02 @ Atlanta Braves: 4 FS|2026-08-01 @ Atlanta Braves: 6 FS|2026-07-31 @ Atlanta Braves: 14 FS|2026-07-30 @ Atlanta Braves: 0 FS|2026-07-27 vs Toronto Blue Jays: 14 FS|2026-07-26 vs Arizona Diamondbacks: 0 FS|2026-07-25 vs Arizona Diamondbacks: 7 FS|2026-07-24 vs Arizona Diamondbacks: 5 FS,15,30,6.57,3.0,Last 30 games + shrinkage,6.14,6.29,0.258,Neutral,6.57,2.444,0.2222,0.1667,0.0556,0.0556,0.0,8.94,9.87,9.04,8.52,7.85,28.0,16.0,20.0,16.0,20.0,6.0,22.26,65.5,34.5,Recent workload,No,36.2,26.1,37.0,46.1,1.0138,54,0.16,1.0,1.0,1.0,75.0,94,85.77,40.43,3.19,27.66,0.44,1.0496,1.0,1.0,1.0,1.0356,223,Statcast,1.0,7,Fallback,94,85.77,12.0,17.6,35.0,28.7,63.8,7.5,1.0352,1.0062,1.0589,1.0125,1.0783,1.0029,6.81,0.24,Unknown/neutral,Neutral fallback,1.0,1.0,1.0,1.0,1.0,1.0,Neutral fallback,1.072,3,27.0,0.8625,27.0,1.0,0.0938,0.0821,0.0016,0.0552,0.1041,0.0257,0.2148,0.4791,0.3542,0.1666,0.1182,0.2166,0.0029,1.0,Yes,6.25,5.75,14.39,18.78,4.75,0.0,Raw,100.0,87.6,87.6,87.6,80.1,80.1,75.3,69.7,62.0,62.0,59.2,51.3,51.3,48.6,43.1,43.1,39.9,36.7,36.7,33.6,31.7,27.0,27.0,26.0,22.0,22.0,20.3,0.0,5.0,4.7,4.3,6.0,5.0,4.5,4.0,3.5,3.0,2.5,1.0,0.0,0.0,0.0,0.0,0.0,0.0,0.0,0.0,0.0,0.0,0.0,0.0,0.0,0.0,0.0,Medium,
20,2026-08-12,Tyler O'Neill,BAL,MIN,BAL @ MIN,AWAY,RF,9.34,9.96,9.96,7.83,6.02,6.01,8.92,6.42,0.72,6.2,7.3,6.13,5|3|0|16|7,5|3|0|16|7|4|3|16|14|5,5|3|0|16|7|4|3|16|14|5|0|14|0|0|5,99.5,92.2,91.9,91.5,85.6,76.3,75.8,71.4,61.4,60.9,56.8,48.9,47.9,43.6,40.2,36.9,36.9,34.9,32.4,32.4,31.1,27.4,27.4,26.6,22.9,22.9,21.0,235.16,A,MORE 7.0 | 60.9% | Edge +3.0,MORE,7.0,60.9,2.96,21.8,Playable,4,Today Posted,4.0,4.0,6,4-4-4-4-4-4,100.0,100.0,4.55,Likely regular,11,1.0,Zebby Matthews,R,5.34,1.35,0.2403,0.0465,0.0775,4.6,1.38,0.2212,0.0299,Target Field,0.98,1.03,84.4,5.4,60.0,1.0,warm,233,207,0.217,0.305,0.401,0.706,120,0.579,45,8,0,10,29,22,24,2,1,2026-08-12 @ Minnesota Twins: 5 FS|2026-08-11 @ Minnesota Twins: 3 FS|2026-08-10 @ Minnesota Twins: 0 FS|2026-08-09 @ Texas Rangers: 16 FS|2026-08-08 @ Texas Rangers: 7 FS,2026-08-12 @ Minnesota Twins: 5 FS|2026-08-11 @ Minnesota Twins: 3 FS|2026-08-10 @ Minnesota Twins: 0 FS|2026-08-09 @ Texas Rangers: 16 FS|2026-08-08 @ Texas Rangers: 7 FS|2026-08-07 @ Texas Rangers: 4 FS|2026-08-06 vs Los Angeles Angels: 3 FS|2026-08-05 vs Los Angeles Angels: 16 FS|2026-08-04 vs Los Angeles Angels: 14 FS|2026-08-01 vs Philadelphia Phillies: 5 FS,2026-08-12 @ Minnesota Twins: 5 FS|2026-08-11 @ Minnesota Twins: 3 FS|2026-08-10 @ Minnesota Twins: 0 FS|2026-08-09 @ Texas Rangers: 16 FS|2026-08-08 @ Texas Rangers: 7 FS|2026-08-07 @ Texas Rangers: 4 FS|2026-08-06 vs Los Angeles Angels: 3 FS|2026-08-05 vs Los Angeles Angels: 16 FS|2026-08-04 vs Los Angeles Angels: 14 FS|2026-08-01 vs Philadelphia Phillies: 5 FS|2026-07-29 @ Detroit Tigers: 0 FS|2026-07-27 @ Detroit Tigers: 14 FS|2026-07-26 vs Atlanta Braves: 0 FS|2026-07-25 vs Atlanta Braves: 0 FS|2026-07-24 vs Atlanta Braves: 5 FS,15,30,6.63,5.0,Last 30 games + shrinkage,5.43,6.21,0.231,Neutral,6.63,1.977,0.2045,0.0909,0.0909,0.1136,0.0,9.68,10.87,10.12,9.6,8.36,28.0,16.0,20.0,16.0,20.0,6.0,22.34,65.7,34.3,Recent workload,No,40.1,29.4,41.4,54.4,1.15,76,-0.52,1.0,1.0,1.0,75.0,131,84.54,26.72,3.82,25.19,0.484,1.0322,1.0,1.0,1.0,1.0223,307,Statcast,1.0076,31,Statcast,131,84.54,12.0,21.02,35.0,22.1,62.6,15.3,1.0018,1.0044,1.0179,1.0088,1.0311,0.9961,6.31,-0.33,Unknown/neutral,Neutral fallback,1.0,1.0,1.0,1.0,1.0,1.0,Neutral fallback,1.072,3,27.0,0.8625,27.0,0.9993,0.1585,0.0384,0.0011,0.0673,0.1045,0.01,0.2533,0.3036,0.4643,0.232,0.0925,0.1396,0.0021,1.0,Yes,6.42,4.95,14.31,18.63,4.55,0.0,Raw,100.0,87.0,87.0,87.0,79.6,71.3,71.3,67.4,57.9,57.9,54.3,47.9,47.9,43.6,40.2,36.9,36.9,34.9,32.4,32.4,31.1,27.4,27.4,26.6,22.9,22.9,21.0,0.0,5.2,4.9,4.5,6.0,5.0,4.5,4.0,3.5,3.0,2.5,1.0,0.0,0.0,0.0,0.0,0.0,0.0,0.0,0.0,0.0,0.0,0.0,0.0,0.0,0.0,0.0,Medium,
21,2026-08-12,Brandon Nimmo,TEX,LAA,TEX @ LAA,AWAY,RF,9.38,8.94,8.94,7.02,7.65,7.08,7.14,7.08,0.991,8.4,11.2,9.07,8|10|18|3|3,8|10|18|3|3|23|13|0|21|13,8|10|18|3|3|23|13|0|21|13|0|9|5|0|10,90.2,90.2,82.6,82.1,77.5,76.5,65.1,64.6,59.7,59.2,50.8,49.3,42.2,37.5,37.5,32.1,32.1,29.0,29.0,25.2,25.2,22.8,22.8,19.4,19.4,17.6,17.6,232.63,A,MORE 7.0 | 59.2% | Edge +1.9,MORE,7.0,59.2,1.94,18.4,Playable,4,Last 7 Confirmed,,4.0,7,4-4-4-4-4-3-4,85.7,97.0,4.82,Regular,14,1.04,George Klassen,R,7.27,2.88,0.2115,0.0192,0.2692,4.49,1.37,0.2037,0.0282,Angel Stadium,1.0,1.04,86.3,10.0,241.0,0.0,"warm, light wind",482,435,0.278,0.344,0.448,0.792,353,0.723,121,27,4,13,50,47,39,6,6,2026-08-11 @ Los Angeles Angels: 8 FS|2026-08-10 @ Los Angeles Angels: 10 FS|2026-08-09 vs Baltimore Orioles: 18 FS|2026-08-08 vs Baltimore Orioles: 3 FS|2026-08-07 vs Baltimore Orioles: 3 FS,2026-08-11 @ Los Angeles Angels: 8 FS|2026-08-10 @ Los Angeles Angels: 10 FS|2026-08-09 vs Baltimore Orioles: 18 FS|2026-08-08 vs Baltimore Orioles: 3 FS|2026-08-07 vs Baltimore Orioles: 3 FS|2026-08-05 vs San Francisco Giants: 23 FS|2026-08-04 vs San Francisco Giants: 13 FS|2026-08-03 vs San Francisco Giants: 0 FS|2026-08-02 @ Houston Astros: 21 FS|2026-08-01 @ Houston Astros: 13 FS,2026-08-11 @ Los Angeles Angels: 8 FS|2026-08-10 @ Los Angeles Angels: 10 FS|2026-08-09 vs Baltimore Orioles: 18 FS|2026-08-08 vs Baltimore Orioles: 3 FS|2026-08-07 vs Baltimore Orioles: 3 FS|2026-08-05 vs San Francisco Giants: 23 FS|2026-08-04 vs San Francisco Giants: 13 FS|2026-08-03 vs San Francisco Giants: 0 FS|2026-08-02 @ Houston Astros: 21 FS|2026-08-01 @ Houston Astros: 13 FS|2026-07-31 @ Houston Astros: 0 FS|2026-07-30 @ Tampa Bay Rays: 9 FS|2026-07-29 @ Tampa Bay Rays: 5 FS|2026-07-28 @ Tampa Bay Rays: 0 FS|2026-07-27 vs Seattle Mariners: 10 FS,15,30,8.8,6.5,Last 30 games + shrinkage,11.14,9.0,0.333,Hot,8.8,2.211,0.2982,0.0877,0.0526,0.1053,0.0351,9.82,11.09,10.64,10.96,8.24,28.0,16.0,20.0,16.0,20.0,6.0,16.53,48.6,51.4,Recent workload,Yes,49.4,37.7,67.5,72.5,1.15,107,0.7,1.0,1.0,1.0,75.0,290,84.62,26.55,1.38,34.48,0.456,0.9919,1.0,1.0,1.0,1.0517,500,Statcast,0.9724,87,Statcast,290,84.62,12.0,19.26,30.78,14.1,66.2,19.7,1.0309,1.0039,1.0454,1.0077,1.0573,1.0084,9.5,0.7,Unknown/neutral,Neutral fallback,1.0,1.0,1.0,1.0,1.0,1.0,Neutral fallback,1.072,3,27.0,1.0293,27.0,1.0,0.2002,0.0625,0.0101,0.0298,0.1135,0.01,0.2113,0.3876,0.248,0.3644,0.0505,0.1322,0.0086,1.0,Projected,7.08,4.04,12.96,18.91,4.33,0.0,Raw,83.7,83.7,75.1,75.1,71.5,71.5,60.6,60.6,56.2,56.2,48.3,48.3,42.2,37.5,37.5,32.1,32.1,29.0,29.0,25.2,25.2,22.8,22.8,19.4,19.4,17.6,17.6,6.5,6.5,7.5,7.0,6.0,5.0,4.5,4.0,3.5,3.0,2.5,1.0,0.0,0.0,0.0,0.0,0.0,0.0,0.0,0.0,0.0,0.0,0.0,0.0,0.0,0.0,0.0,Medium,
22,2026-08-12,Francisco Lindor,NYM,ATL,NYM @ ATL,AWAY,SS,9.57,9.12,9.12,7.01,9.04,8.03,8.07,8.03,0.995,12.2,9.5,11.4,5|26|11|3|16,5|26|11|3|16|21|2|0|5|6,5|26|11|3|16|21|2|0|5|6|19|7|0|4|46,87.1,87.1,77.5,77.0,71.8,70.8,61.1,60.6,56.3,55.8,48.4,46.9,41.6,41.6,37.8,33.8,33.8,31.5,31.5,28.8,28.8,27.4,27.4,22.9,22.9,21.7,21.7,230.5,A,MORE 6.0 | 60.6% | Edge +3.1,MORE,6.0,60.6,3.12,21.2,Playable,2,Today Posted,2.0,2.0,7,2-2-2-2-2-1-2,85.7,100.0,4.94,Regular,13,1.04,Tyler Mahle,R,4.83,1.36,0.2295,0.0328,0.0913,3.61,1.24,0.2027,0.0302,Truist Park,1.01,1.055,90.4,8.6,279.0,5.0,hot,279,247,0.243,0.33,0.437,0.767,197,0.785,60,7,4,11,36,30,29,3,3,2026-08-11 @ Atlanta Braves: 5 FS|2026-08-10 @ Atlanta Braves: 26 FS|2026-08-09 @ Pittsburgh Pirates: 11 FS|2026-08-08 @ Pittsburgh Pirates: 3 FS|2026-08-07 @ Pittsburgh Pirates: 16 FS,2026-08-11 @ Atlanta Braves: 5 FS|2026-08-10 @ Atlanta Braves: 26 FS|2026-08-09 @ Pittsburgh Pirates: 11 FS|2026-08-08 @ Pittsburgh Pirates: 3 FS|2026-08-07 @ Pittsburgh Pirates: 16 FS|2026-08-06 @ Cleveland Guardians: 21 FS|2026-08-05 @ Cleveland Guardians: 2 FS|2026-08-04 @ Cleveland Guardians: 0 FS|2026-08-02 vs Miami Marlins: 5 FS|2026-08-01 vs Miami Marlins: 6 FS,2026-08-11 @ Atlanta Braves: 5 FS|2026-08-10 @ Atlanta Braves: 26 FS|2026-08-09 @ Pittsburgh Pirates: 11 FS|2026-08-08 @ Pittsburgh Pirates: 3 FS|2026-08-07 @ Pittsburgh Pirates: 16 FS|2026-08-06 @ Cleveland Guardians: 21 FS|2026-08-05 @ Cleveland Guardians: 2 FS|2026-08-04 @ Cleveland Guardians: 0 FS|2026-08-02 vs Miami Marlins: 5 FS|2026-08-01 vs Miami Marlins: 6 FS|2026-07-31 vs Miami Marlins: 19 FS|2026-07-30 vs Miami Marlins: 7 FS|2026-07-29 vs Atlanta Braves: 0 FS|2026-07-29 vs Atlanta Braves: 4 FS|2026-07-27 vs Atlanta Braves: 46 FS,15,30,8.87,5.0,Last 30 games + shrinkage,12.0,8.93,0.278,Neutral,8.87,2.016,0.2419,0.0806,0.0484,0.1129,0.0161,9.62,10.52,10.11,10.55,8.73,28.0,16.0,20.0,16.0,20.0,6.0,22.51,66.2,33.8,Recent workload,No,51.5,39.7,53.7,68.6,1.0137,126,-0.76,1.0,1.0,1.0,75.0,240,84.96,33.33,1.67,29.58,0.408,0.9828,1.0,1.0,1.0,0.9895,450,Statcast,1.0713,65,Statcast,240,84.96,12.0,21.1,32.11,14.6,65.0,20.4,1.0133,1.0056,1.034,1.0111,1.0509,1.0186,10.42,1.55,Unknown/neutral,Neutral fallback,1.0,1.0,1.0,1.0,1.0,1.0,Neutral fallback,1.072,3,27.0,1.0946,27.0,1.0,0.1514,0.0367,0.0114,0.053,0.1115,0.0138,0.2051,0.3423,0.3694,0.2883,0.0747,0.1249,0.0058,1.0,Yes,8.03,3.03,13.98,19.95,4.48,0.0,Raw,79.1,79.1,70.0,70.0,65.8,65.8,56.6,56.6,52.8,52.8,45.9,45.9,41.6,41.6,37.8,33.8,33.8,31.5,31.5,28.8,28.8,27.4,27.4,22.9,22.9,21.7,21.7,8.0,8.0,7.5,7.0,6.0,5.0,4.5,4.0,3.5,3.0,2.5,1.0,0.0,0.0,0.0,0.0,0.0,0.0,0.0,0.0,0.0,0.0,0.0,0.0,0.0,0.0,0.0,Low,
23,2026-08-12,Cole Carrigg,COL,ARI,COL @ ARI,AWAY,CF,9.96,9.19,9.19,8.01,7.5,6.98,7.03,6.98,0.993,8.6,8.7,8.13,0|13|0|7|23,0|13|0|7|23|0|2|5|12|25,0|13|0|7|23|0|2|5|12|25|6|0|4|11|14,89.9,89.9,84.9,84.4,78.3,77.3,68.4,67.9,63.5,63.0,53.8,52.3,46.6,46.6,40.5,34.9,34.9,30.9,30.9,26.3,26.3,23.6,23.6,20.0,20.0,17.6,17.6,229.44,A,MORE 7.0 | 63.0% | Edge +2.2,MORE,7.0,63.0,2.19,26.0,Good,2,Today Posted,2.0,2.0,7,3-2-2-3-2-2-2,71.4,100.0,4.94,Regular,12,1.04,Merrill Kelly,R,4.83,1.45,0.2414,0.0441,0.0958,4.1,1.29,0.2264,0.0304,Chase Field,1.0,1.0,,,,,Indoor/retractable neutral,205,174,0.293,0.377,0.494,0.871,115,0.884,51,14,3,5,35,30,23,3,7,2026-08-12 @ Arizona Diamondbacks: 0 FS|2026-08-11 @ Arizona Diamondbacks: 13 FS|2026-08-10 @ Arizona Diamondbacks: 0 FS|2026-08-09 @ St. Louis Cardinals: 7 FS|2026-08-08 @ St. Louis Cardinals: 23 FS,2026-08-12 @ Arizona Diamondbacks: 0 FS|2026-08-11 @ Arizona Diamondbacks: 13 FS|2026-08-10 @ Arizona Diamondbacks: 0 FS|2026-08-09 @ St. Louis Cardinals: 7 FS|2026-08-08 @ St. Louis Cardinals: 23 FS|2026-08-07 @ St. Louis Cardinals: 0 FS|2026-08-05 vs Tampa Bay Rays: 2 FS|2026-08-04 vs Tampa Bay Rays: 5 FS|2026-08-03 vs Tampa Bay Rays: 12 FS|2026-08-02 vs Kansas City Royals: 25 FS,2026-08-12 @ Arizona Diamondbacks: 0 FS|2026-08-11 @ Arizona Diamondbacks: 13 FS|2026-08-10 @ Arizona Diamondbacks: 0 FS|2026-08-09 @ St. Louis Cardinals: 7 FS|2026-08-08 @ St. Louis Cardinals: 23 FS|2026-08-07 @ St. Louis Cardinals: 0 FS|2026-08-05 vs Tampa Bay Rays: 2 FS|2026-08-04 vs Tampa Bay Rays: 5 FS|2026-08-03 vs Tampa Bay Rays: 12 FS|2026-08-02 vs Kansas City Royals: 25 FS|2026-08-01 vs Kansas City Royals: 6 FS|2026-07-31 vs Kansas City Royals: 0 FS|2026-07-29 @ San Diego Padres: 4 FS|2026-07-28 @ San Diego Padres: 11 FS|2026-07-26 @ Milwaukee Brewers: 14 FS,15,30,7.5,5.0,Last 30 games + shrinkage,6.43,7.71,0.311,Hot,7.5,2.0,0.2593,0.0926,0.0,0.1481,0.0741,10.41,10.03,9.78,9.23,9.02,28.0,16.0,20.0,16.0,20.0,6.0,17.67,52.0,48.0,Recent workload,No,48.0,36.4,40.4,70.8,1.15,160,0.31,1.0,1.0,1.0,100.0,267,82.05,18.35,1.12,35.21,0.377,0.8754,1.0,1.0,1.0,1.0365,591,Statcast,1.0394,75,Statcast,267,82.05,12.0,18.98,30.37,15.7,65.9,18.4,1.0,0.9968,0.9882,0.9935,0.9785,0.9986,7.38,-0.12,Unknown/neutral,Neutral fallback,1.0,1.0,1.0,1.0,1.0,1.0,Neutral fallback,1.072,3,27.0,1.3,27.0,0.9993,0.1498,0.0689,0.0111,0.0228,0.1327,0.0196,0.1872,0.3883,0.2893,0.3224,0.0945,0.117,0.0356,1.0,Yes,6.98,4.04,12.97,18.93,4.73,0.0,Raw,83.1,83.1,77.4,77.4,72.3,72.3,63.9,63.9,60.0,60.0,51.3,51.3,46.6,46.6,40.5,34.9,34.9,30.9,30.9,26.3,26.3,23.6,23.6,20.0,20.0,17.6,17.6,6.8,6.8,7.5,7.0,6.0,5.0,4.5,4.0,3.5,3.0,2.5,1.0,0.0,0.0,0.0,0.0,0.0,0.0,0.0,0.0,0.0,0.0,0.0,0.0,0.0,0.0,0.0,Medium,
24,2026-08-12,Jake Bauers,MIL,SD,MIL @ SD,AWAY,1B,10.3,8.98,8.98,7.17,7.89,7.24,7.9,7.24,0.917,7.4,10.3,9.93,2|5|23|3|4,2|5|23|3|4|9|5|14|25|13,2|5|23|3|4|9|5|14|25|13|3|21|19|3|0,93.3,85.7,79.0,78.5,71.6,70.6,61.4,60.9,56.6,56.1,47.5,46.0,41.4,36.2,36.2,32.6,32.6,29.6,29.6,26.6,26.6,24.9,24.9,21.3,20.3,20.3,16.9,228.95,A,MORE 6.0 | 60.9% | Edge +3.0,MORE,6.0,60.9,2.98,21.8,Playable,4,Today Posted,4.0,3.0,5,4-3-5-3-3,60.0,100.0,4.82,Regular,13,1.04,Robbie Ray,L,3.24,1.33,0.2011,0.0298,0.1155,4.12,1.31,0.218,0.0296,Petco Park,0.94,1.03,81.0,7.9,260.0,1.0,warm,425,361,0.269,0.374,0.501,0.875,101,0.841,97,17,2,21,69,67,59,3,8,2026-08-11 @ San Diego Padres: 2 FS|2026-08-10 @ San Diego Padres: 5 FS|2026-08-09 vs Minnesota Twins: 23 FS|2026-08-08 vs Minnesota Twins: 3 FS|2026-08-07 vs Minnesota Twins: 4 FS,2026-08-11 @ San Diego Padres: 2 FS|2026-08-10 @ San Diego Padres: 5 FS|2026-08-09 vs Minnesota Twins: 23 FS|2026-08-08 vs Minnesota Twins: 3 FS|2026-08-07 vs Minnesota Twins: 4 FS|2026-08-03 vs Pittsburgh Pirates: 9 FS|2026-08-02 @ Los Angeles Angels: 5 FS|2026-08-01 @ Los Angeles Angels: 14 FS|2026-07-31 @ Los Angeles Angels: 25 FS|2026-07-29 @ San Francisco Giants: 13 FS,2026-08-11 @ San Diego Padres: 2 FS|2026-08-10 @ San Diego Padres: 5 FS|2026-08-09 vs Minnesota Twins: 23 FS|2026-08-08 vs Minnesota Twins: 3 FS|2026-08-07 vs Minnesota Twins: 4 FS|2026-08-03 vs Pittsburgh Pirates: 9 FS|2026-08-02 @ Los Angeles Angels: 5 FS|2026-08-01 @ Los Angeles Angels: 14 FS|2026-07-31 @ Los Angeles Angels: 25 FS|2026-07-29 @ San Francisco Giants: 13 FS|2026-07-27 @ San Francisco Giants: 3 FS|2026-07-26 vs Colorado Rockies: 21 FS|2026-07-25 vs Colorado Rockies: 19 FS|2026-07-24 vs Colorado Rockies: 3 FS|2026-07-22 vs New York Mets: 0 FS,15,30,8.53,4.5,Last 30 games + shrinkage,7.29,10.64,0.354,Hot,8.53,2.569,0.2931,0.1034,0.0517,0.1552,0.0345,10.76,10.47,10.67,9.24,9.12,28.0,16.0,20.0,16.0,20.0,6.0,24.69,72.6,27.4,Recent workload,No,47.3,35.8,37.3,64.4,1.15,134,1.93,1.0,1.0,1.0,75.0,199,85.78,32.66,2.51,36.68,0.469,1.0427,1.0,1.0,1.0,1.0951,557,Statcast,1.0,11,Fallback,199,85.78,12.0,20.6,28.73,17.1,55.3,27.6,1.0098,0.9975,1.0377,1.0557,0.9651,1.0029,8.77,0.24,Unknown/neutral,Neutral fallback,1.0,1.0,1.0,1.0,1.0,1.0,Neutral fallback,1.072,3,27.0,1.2477,27.0,1.0,0.1243,0.0572,0.0076,0.0462,0.1728,0.0035,0.2375,0.327,0.3654,0.3076,0.1029,0.161,0.0154,1.0,Yes,7.24,3.5,12.66,19.08,4.31,0.0,Raw,88.9,77.7,71.5,71.5,65.6,65.6,56.9,56.9,53.1,53.1,45.0,45.0,41.4,36.2,36.2,32.6,32.6,29.6,29.6,26.6,26.6,24.9,24.9,21.3,20.3,20.3,16.9,4.4,8.0,7.5,7.0,6.0,5.0,4.5,4.0,3.5,3.0,2.5,1.0,0.0,0.0,0.0,0.0,0.0,0.0,0.0,0.0,0.0,0.0,0.0,0.0,0.0,0.0,0.0,Low,
25,2026-08-12,Sal Stewart,CIN,CWS,CIN @ CWS,AWAY,1B,9.1,8.66,8.66,6.28,8.26,7.49,8.36,7.49,0.896,6.0,8.7,9.07,3|3|5|0|19,3|3|5|0|19|5|9|14|4|25,3|3|5|0|19|5|9|14|4|25|9|3|0|30|7,89.7,84.1,83.6,72.1,67.6,66.6,55.9,55.4,50.9,50.4,44.1,42.6,37.4,34.5,34.5,31.3,31.3,29.9,29.9,28.2,28.2,27.3,22.2,22.2,21.5,21.5,17.9,226.13,A,MORE 5.0 | 66.6% | Edge +3.7,MORE,5.0,66.6,3.66,33.2,Good,2,Today Posted,2.0,2.0,7,2-2-2-2-2-2-2,100.0,100.0,5.02,Regular,14,1.04,Luis Castillo,R,5.3,1.41,0.2451,0.0369,0.0716,4.1,1.3,0.2093,0.0284,Rate Field,1.0,1.0,,,,,Weather unavailable,511,449,0.254,0.331,0.472,0.803,387,0.777,114,23,0,25,64,87,52,3,12,2026-08-11 @ Chicago White Sox: 3 FS|2026-08-09 @ Washington Nationals: 3 FS|2026-08-08 @ Washington Nationals: 5 FS|2026-08-07 @ Washington Nationals: 0 FS|2026-08-06 vs Athletics: 19 FS,2026-08-11 @ Chicago White Sox: 3 FS|2026-08-09 @ Washington Nationals: 3 FS|2026-08-08 @ Washington Nationals: 5 FS|2026-08-07 @ Washington Nationals: 0 FS|2026-08-06 vs Athletics: 19 FS|2026-08-05 vs Athletics: 5 FS|2026-08-04 vs Athletics: 9 FS|2026-08-02 vs Pittsburgh Pirates: 14 FS|2026-08-01 vs Pittsburgh Pirates: 4 FS|2026-07-31 vs Pittsburgh Pirates: 25 FS,2026-08-11 @ Chicago White Sox: 3 FS|2026-08-09 @ Washington Nationals: 3 FS|2026-08-08 @ Washington Nationals: 5 FS|2026-08-07 @ Washington Nationals: 0 FS|2026-08-06 vs Athletics: 19 FS|2026-08-05 vs Athletics: 5 FS|2026-08-04 vs Athletics: 9 FS|2026-08-02 vs Pittsburgh Pirates: 14 FS|2026-08-01 vs Pittsburgh Pirates: 4 FS|2026-07-31 vs Pittsburgh Pirates: 25 FS|2026-07-30 vs Pittsburgh Pirates: 9 FS|2026-07-29 vs Cleveland Guardians: 3 FS|2026-07-28 vs Cleveland Guardians: 0 FS|2026-07-28 vs Cleveland Guardians: 30 FS|2026-07-26 @ St. Louis Cardinals: 7 FS,15,30,8.67,6.0,Last 30 games + shrinkage,6.29,9.21,0.264,Neutral,8.67,2.115,0.2295,0.0656,0.0656,0.0984,0.0164,10.23,10.02,9.87,8.91,8.68,28.0,16.0,20.0,16.0,20.0,6.0,23.07,67.9,32.1,Recent workload,No,50.2,38.5,69.5,71.7,1.1263,158,-2.7,1.0,1.0,1.0,75.0,279,84.48,22.94,2.51,30.82,0.388,0.9371,1.0,1.0,1.0,0.9988,594,Statcast,0.88,27,Statcast,279,84.48,12.0,18.67,28.7,20.4,65.6,14.0,1.0,1.0032,1.0117,1.0064,1.0213,0.9878,7.65,-1.02,Unknown/neutral,Neutral fallback,1.0,1.0,1.0,1.0,1.0,1.0,Neutral fallback,1.072,3,27.0,1.3,27.0,0.9818,0.1363,0.0346,0.0001,0.057,0.072,0.0078,0.215,0.4579,0.338,0.2042,0.0492,0.1966,0.0016,1.0,Yes,7.49,3.59,13.45,18.82,4.8,0.0,Raw,82.8,76.1,76.1,65.1,61.6,61.6,51.4,51.4,47.4,47.4,41.6,41.6,37.4,34.5,34.5,31.3,31.3,29.9,29.9,28.2,28.2,27.3,22.2,22.2,21.5,21.5,17.9,6.9,8.0,7.5,7.0,6.0,5.0,4.5,4.0,3.5,3.0,2.5,1.0,0.0,0.0,0.0,0.0,0.0,0.0,0.0,0.0,0.0,0.0,0.0,0.0,0.0,0.0,0.0,Low,
26,2026-08-12,Corbin Carroll,ARI,COL,COL @ ARI,HOME,RF,9.19,8.53,8.53,6.58,6.57,6.36,8.24,6.36,0.772,9.8,7.5,8.67,10|14|11|2|12,10|14|11|2|12|0|7|19|0|0,10|14|11|2|12|0|7|19|0|0|2|25|4|12|12,88.8,88.8,78.5,78.0,72.5,71.5,64.7,56.6,56.1,52.4,44.6,43.1,39.5,34.7,34.7,32.1,29.6,29.6,27.2,25.8,25.8,21.6,21.6,20.8,16.5,16.5,15.2,226.06,A,MORE 5.5 | 64.7% | Edge +3.0,MORE,5.5,64.7,3.03,29.4,Good,2,Today Posted,2.0,2.0,7,2-2-2-2-2-2-2,100.0,100.0,5.02,Regular,13,1.04,Ryan Feltner,R,5.75,1.47,0.2452,0.0496,0.0909,5.49,1.51,0.2568,0.0354,Chase Field,1.0,1.0,,,,,Indoor/retractable neutral,508,441,0.243,0.337,0.476,0.813,353,0.743,107,24,14,17,74,56,57,7,16,2026-08-12 vs Colorado Rockies: 10 FS|2026-08-11 vs Colorado Rockies: 14 FS|2026-08-10 vs Colorado Rockies: 11 FS|2026-08-09 vs Los Angeles Dodgers: 2 FS|2026-08-08 vs Los Angeles Dodgers: 12 FS,2026-08-12 vs Colorado Rockies: 10 FS|2026-08-11 vs Colorado Rockies: 14 FS|2026-08-10 vs Colorado Rockies: 11 FS|2026-08-09 vs Los Angeles Dodgers: 2 FS|2026-08-08 vs Los Angeles Dodgers: 12 FS|2026-08-07 vs Los Angeles Dodgers: 0 FS|2026-08-06 vs San Diego Padres: 7 FS|2026-08-05 vs San Diego Padres: 19 FS|2026-08-04 vs San Diego Padres: 0 FS|2026-08-03 vs San Diego Padres: 0 FS,2026-08-12 vs Colorado Rockies: 10 FS|2026-08-11 vs Colorado Rockies: 14 FS|2026-08-10 vs Colorado Rockies: 11 FS|2026-08-09 vs Los Angeles Dodgers: 2 FS|2026-08-08 vs Los Angeles Dodgers: 12 FS|2026-08-07 vs Los Angeles Dodgers: 0 FS|2026-08-06 vs San Diego Padres: 7 FS|2026-08-05 vs San Diego Padres: 19 FS|2026-08-04 vs San Diego Padres: 0 FS|2026-08-03 vs San Diego Padres: 0 FS|2026-08-02 @ Cleveland Guardians: 2 FS|2026-08-01 @ Cleveland Guardians: 25 FS|2026-07-31 @ Cleveland Guardians: 4 FS|2026-07-29 @ Pittsburgh Pirates: 12 FS|2026-07-28 @ Pittsburgh Pirates: 12 FS,15,30,8.6,8.5,Last 30 games + shrinkage,8.0,8.43,0.196,Cold,8.6,2.07,0.1754,0.1228,0.0351,0.0877,0.0351,11.28,10.78,11.03,10.68,9.31,28.0,16.0,20.0,16.0,20.0,6.0,18.53,54.5,45.5,Recent workload,No,52.1,40.3,67.5,72.7,1.15,188,0.2,1.0,1.0,1.0,100.0,293,83.85,27.99,2.05,26.96,0.358,0.9186,1.0,1.0,1.0,1.0266,753,Statcast,1.0125,101,Statcast,293,83.85,12.0,22.41,34.06,13.0,60.1,27.0,1.0,1.0031,1.0114,1.0062,1.0207,1.0025,8.81,0.21,Unknown/neutral,Neutral fallback,1.0,1.0,1.0,1.0,1.0,1.0,Neutral fallback,1.072,3,27.0,1.3,27.0,1.0,0.0702,0.0557,0.0114,0.0491,0.111,0.0164,0.2019,0.4412,0.3602,0.1986,0.0792,0.1138,0.0237,1.0,Yes,6.36,3.49,12.75,17.38,4.57,0.0,Raw,81.4,81.4,71.0,71.0,66.5,66.5,60.2,52.6,52.6,49.4,42.1,42.1,39.5,34.7,34.7,32.1,29.6,29.6,27.2,25.8,25.8,21.6,21.6,20.8,16.5,16.5,15.2,7.4,7.4,7.5,7.0,6.0,5.0,4.5,4.0,3.5,3.0,2.5,1.0,0.0,0.0,0.0,0.0,0.0,0.0,0.0,0.0,0.0,0.0,0.0,0.0,0.0,0.0,0.0,Low,
27,2026-08-12,Brandon Lowe,PIT,MIA,PIT @ MIA,AWAY,2B,9.19,8.76,8.76,7.38,6.66,6.42,8.16,6.42,0.786,8.2,5.9,9.07,2|0|18|5|16,2|0|18|5|16|0|6|5|0|7,2|0|18|5|16|0|6|5|0|7|20|14|3|23|17,90.4,90.4,84.8,84.3,72.6,71.6,68.1,57.5,57.0,53.1,46.1,44.6,39.1,36.0,36.0,32.0,32.0,30.1,27.5,27.5,26.1,21.8,21.8,20.9,17.6,17.6,15.4,222.82,A,MORE 5.5 | 68.1% | Edge +3.3,MORE,5.5,68.1,3.26,36.2,Good,2,Today Posted,2.0,2.0,7,2-6-2-2-2-2-2,85.7,100.0,5.02,Regular,13,1.04,Janson Junk,R,4.63,1.36,0.2514,0.0343,0.0657,3.93,1.24,0.2044,0.027,loanDepot park,0.96,1.0,,,,,Indoor/retractable neutral,496,442,0.251,0.319,0.482,0.801,347,0.903,111,25,1,25,72,74,45,2,2,2026-08-11 @ Miami Marlins: 2 FS|2026-08-09 vs New York Mets: 0 FS|2026-08-08 vs New York Mets: 18 FS|2026-08-07 vs New York Mets: 5 FS|2026-08-06 @ Milwaukee Brewers: 16 FS,2026-08-11 @ Miami Marlins: 2 FS|2026-08-09 vs New York Mets: 0 FS|2026-08-08 vs New York Mets: 18 FS|2026-08-07 vs New York Mets: 5 FS|2026-08-06 @ Milwaukee Brewers: 16 FS|2026-08-05 @ Milwaukee Brewers: 0 FS|2026-08-04 @ Milwaukee Brewers: 6 FS|2026-08-03 @ Milwaukee Brewers: 5 FS|2026-08-02 @ Cincinnati Reds: 0 FS|2026-08-01 @ Cincinnati Reds: 7 FS,2026-08-11 @ Miami Marlins: 2 FS|2026-08-09 vs New York Mets: 0 FS|2026-08-08 vs New York Mets: 18 FS|2026-08-07 vs New York Mets: 5 FS|2026-08-06 @ Milwaukee Brewers: 16 FS|2026-08-05 @ Milwaukee Brewers: 0 FS|2026-08-04 @ Milwaukee Brewers: 6 FS|2026-08-03 @ Milwaukee Brewers: 5 FS|2026-08-02 @ Cincinnati Reds: 0 FS|2026-08-01 @ Cincinnati Reds: 7 FS|2026-07-31 @ Cincinnati Reds: 20 FS|2026-07-30 @ Cincinnati Reds: 14 FS|2026-07-29 vs Arizona Diamondbacks: 3 FS|2026-07-28 vs Arizona Diamondbacks: 23 FS|2026-07-27 vs Arizona Diamondbacks: 17 FS,15,30,7.83,5.5,Last 30 games + shrinkage,6.71,8.5,0.255,Neutral,7.83,1.983,0.2333,0.1,0.0667,0.0833,0.0167,9.3,8.88,8.98,8.49,8.85,28.0,16.0,20.0,16.0,20.0,6.0,19.49,57.3,42.7,Recent workload,No,50.4,38.7,67.1,71.1,1.0028,181,-0.1,1.0,1.0,1.0,100.0,271,84.64,24.72,0.37,27.31,0.408,0.9424,1.0,1.0,1.0,0.967,694,Statcast,1.0159,70,Statcast,271,84.64,12.0,21.09,32.09,10.7,62.0,27.3,1.0,1.0047,1.0172,1.0094,1.0313,0.994,7.34,-0.5,Unknown/neutral,Neutral fallback,1.0,1.0,1.0,1.0,1.0,1.0,Neutral fallback,1.072,3,27.0,0.8625,27.0,0.9975,0.1445,0.0515,0.002,0.0513,0.0782,0.0033,0.2528,0.3414,0.373,0.2857,0.055,0.1613,0.0028,1.0,Yes,6.42,4.23,12.88,17.6,4.68,0.0,Raw,84.0,84.0,77.3,77.3,66.6,66.6,63.6,53.5,53.5,50.1,43.6,43.6,39.1,36.0,36.0,32.0,32.0,30.1,27.5,27.5,26.1,21.8,21.8,20.9,17.6,17.6,15.4,6.4,6.4,7.5,7.0,6.0,5.0,4.5,4.0,3.5,3.0,2.5,1.0,0.0,0.0,0.0,0.0,0.0,0.0,0.0,0.0,0.0,0.0,0.0,0.0,0.0,0.0,0.0,Low,
28,2026-08-12,Chase DeLauter,CLE,DET,CLE @ DET,AWAY,RF,9.53,8.41,8.41,7.06,6.33,6.21,6.47,6.21,0.959,10.2,10.3,9.27,20|6|3|8|14,20|6|3|8|14|4|11|21|16|0,20|6|3|8|14|4|11|21|16|0|14|0|9|4|9,90.4,90.4,81.7,81.2,77.2,76.2,65.0,64.5,58.9,58.4,50.2,48.7,40.6,36.2,36.2,30.0,30.0,26.3,26.3,21.9,21.9,19.0,19.0,15.6,15.6,13.5,13.5,221.48,A-,MORE 7.0 | 58.4% | Edge +1.4,MORE,7.0,58.4,1.41,16.8,Playable,2,Today Posted,2.0,2.0,7,2-2-3-2-2-2-3,71.4,100.0,5.02,Regular,14,1.04,Framber Valdez,L,4.17,1.37,0.2312,0.0215,0.0806,3.48,1.2,0.2058,0.0261,Comerica Park,0.97,1.04,81.9,12.2,239.0,10.0,"warm, light wind",434,384,0.281,0.357,0.443,0.8,134,0.871,108,21,1,13,47,57,47,0,7,2026-08-11 @ Detroit Tigers: 20 FS|2026-08-09 @ Chicago White Sox: 6 FS|2026-08-08 @ Chicago White Sox: 3 FS|2026-08-07 @ Chicago White Sox: 8 FS|2026-08-06 vs New York Mets: 14 FS,2026-08-11 @ Detroit Tigers: 20 FS|2026-08-09 @ Chicago White Sox: 6 FS|2026-08-08 @ Chicago White Sox: 3 FS|2026-08-07 @ Chicago White Sox: 8 FS|2026-08-06 vs New York Mets: 14 FS|2026-08-05 vs New York Mets: 4 FS|2026-08-04 vs New York Mets: 11 FS|2026-08-02 vs Arizona Diamondbacks: 21 FS|2026-08-01 vs Arizona Diamondbacks: 16 FS|2026-07-31 vs Arizona Diamondbacks: 0 FS,2026-08-11 @ Detroit Tigers: 20 FS|2026-08-09 @ Chicago White Sox: 6 FS|2026-08-08 @ Chicago White Sox: 3 FS|2026-08-07 @ Chicago White Sox: 8 FS|2026-08-06 vs New York Mets: 14 FS|2026-08-05 vs New York Mets: 4 FS|2026-08-04 vs New York Mets: 11 FS|2026-08-02 vs Arizona Diamondbacks: 21 FS|2026-08-01 vs Arizona Diamondbacks: 16 FS|2026-07-31 vs Arizona Diamondbacks: 0 FS|2026-07-29 @ Cincinnati Reds: 14 FS|2026-07-28 @ Cincinnati Reds: 0 FS|2026-07-28 @ Cincinnati Reds: 9 FS|2026-07-26 @ Tampa Bay Rays: 4 FS|2026-07-24 @ Tampa Bay Rays: 9 FS,15,30,9.87,9.0,Last 30 games + shrinkage,9.43,9.29,0.264,Neutral,9.87,1.97,0.2121,0.0455,0.0303,0.1818,0.0303,9.04,9.81,9.12,8.8,8.53,28.0,16.0,20.0,16.0,20.0,6.0,24.11,70.9,29.1,Recent workload,No,51.8,40.0,44.1,67.4,1.0673,108,3.05,1.0,1.0,1.0,75.0,227,84.38,33.04,0.88,28.19,0.399,0.9619,1.0,1.0,1.0,1.0501,477,Statcast,1.0,2,Fallback,227,84.38,12.0,12.42,33.76,14.1,63.9,22.0,1.0241,1.0103,1.0968,1.1806,0.9541,1.0003,9.89,0.03,Unknown/neutral,Neutral fallback,1.0,1.0,1.0,1.0,1.0,1.0,Neutral fallback,1.072,3,27.0,1.1488,27.0,1.0,0.2088,0.0605,0.0055,0.0181,0.1088,0.001,0.1632,0.4825,0.2105,0.307,0.0913,0.1291,0.0167,1.0,Yes,6.21,3.22,11.85,16.65,4.69,0.0,Raw,84.0,84.0,74.2,74.2,71.2,71.2,60.5,60.5,55.4,55.4,47.7,47.7,40.6,36.2,36.2,30.0,30.0,26.3,26.3,21.9,21.9,19.0,19.0,15.6,15.6,13.5,13.5,6.4,6.4,7.5,7.0,6.0,5.0,4.5,4.0,3.5,3.0,2.5,1.0,0.0,0.0,0.0,0.0,0.0,0.0,0.0,0.0,0.0,0.0,0.0,0.0,0.0,0.0,0.0,Medium,
29,2026-08-12,Dylan Crews,WSH,CHC,CHC @ WSH,HOME,RF,8.89,9.04,9.04,7.36,6.61,6.39,7.76,6.39,0.823,5.8,4.7,6.27,14|5|7|0|3,14|5|7|0|3|7|0|0|2|9,14|5|7|0|3|7|0|0|2|9|11|0|18|5|13,92.1,92.1,87.6,87.1,79.3,73.6,73.1,62.5,62.0,58.2,49.8,48.3,42.6,42.6,37.7,33.1,33.1,30.5,27.1,27.1,25.2,25.2,20.8,19.5,19.5,16.6,16.6,220.17,A-,MORE 7.0 | 58.2% | Edge +2.0,MORE,7.0,58.2,2.04,16.4,Playable,1,Today Posted,1.0,1.0,7,1-5-3-5-1-3-1,42.9,100.0,5.04,Regular,13,1.04,David Peterson,L,5.35,1.5,0.2437,0.0231,0.0903,4.07,1.25,0.221,0.04,Nationals Park,1.0,1.03,88.8,5.3,165.0,1.0,warm,284,257,0.218,0.292,0.374,0.666,97,0.916,56,10,0,10,39,26,20,7,7,2026-08-11 vs Chicago Cubs: 14 FS|2026-08-09 vs Cincinnati Reds: 5 FS|2026-08-08 vs Cincinnati Reds: 7 FS|2026-08-07 vs Cincinnati Reds: 0 FS|2026-08-06 @ Philadelphia Phillies: 3 FS,2026-08-11 vs Chicago Cubs: 14 FS|2026-08-09 vs Cincinnati Reds: 5 FS|2026-08-08 vs Cincinnati Reds: 7 FS|2026-08-07 vs Cincinnati Reds: 0 FS|2026-08-06 @ Philadelphia Phillies: 3 FS|2026-08-05 @ Philadelphia Phillies: 7 FS|2026-08-04 @ Philadelphia Phillies: 0 FS|2026-08-03 @ Philadelphia Phillies: 0 FS|2026-08-02 @ Atlanta Braves: 2 FS|2026-08-01 @ Atlanta Braves: 9 FS,2026-08-11 vs Chicago Cubs: 14 FS|2026-08-09 vs Cincinnati Reds: 5 FS|2026-08-08 vs Cincinnati Reds: 7 FS|2026-08-07 vs Cincinnati Reds: 0 FS|2026-08-06 @ Philadelphia Phillies: 3 FS|2026-08-05 @ Philadelphia Phillies: 7 FS|2026-08-04 @ Philadelphia Phillies: 0 FS|2026-08-03 @ Philadelphia Phillies: 0 FS|2026-08-02 @ Atlanta Braves: 2 FS|2026-08-01 @ Atlanta Braves: 9 FS|2026-07-31 @ Atlanta Braves: 11 FS|2026-07-30 @ Atlanta Braves: 0 FS|2026-07-28 vs Toronto Blue Jays: 18 FS|2026-07-27 vs Toronto Blue Jays: 5 FS|2026-07-26 vs Arizona Diamondbacks: 13 FS,15,30,6.9,5.0,Last 30 games + shrinkage,5.14,5.79,0.182,Cold,6.9,1.397,0.1724,0.0862,0.0345,0.0517,0.0172,9.26,9.19,8.8,8.67,9.28,28.0,16.0,20.0,16.0,20.0,6.0,22.26,65.5,34.5,Recent workload,No,49.6,38.0,36.3,68.8,1.1305,126,0.16,1.0,1.0,1.0,75.0,243,83.23,25.1,2.06,29.63,0.388,0.9255,1.0,1.0,1.0,1.0024,600,Statcast,1.0,10,Fallback,243,83.23,12.0,18.62,33.07,18.9,67.9,13.2,1.0357,0.9998,1.035,0.9996,1.0345,0.9946,6.45,-0.45,Unknown/neutral,Neutral fallback,1.0,1.0,1.0,1.0,1.0,1.0,Neutral fallback,1.072,3,27.0,1.224,27.0,1.0,0.1452,0.0517,0.0009,0.0401,0.0972,0.0163,0.2214,0.3983,0.3497,0.2521,0.1049,0.0804,0.0125,1.0,Yes,6.39,4.07,13.12,18.06,4.82,0.0,Raw,86.8,86.8,80.2,80.2,73.3,68.6,68.6,58.5,58.5,55.2,47.3,47.3,42.6,42.6,37.7,33.1,33.1,30.5,27.1,27.1,25.2,25.2,20.8,19.5,19.5,16.6,16.6,5.3,5.3,7.4,6.9,6.0,5.0,4.5,4.0,3.5,3.0,2.5,1.0,0.0,0.0,0.0,0.0,0.0,0.0,0.0,0.0,0.0,0.0,0.0,0.0,0.0,0.0,0.0,Medium,
30,2026-08-12,Nolan Arenado,ARI,COL,COL @ ARI,HOME,3B,8.46,8.55,8.55,6.44,7.17,6.76,8.15,6.76,0.829,8.8,8.5,7.93,0|11|28|2|3,0|11|28|2|3|14|0|16|7|4,0|11|28|2|3|14|0|16|7|4|21|0|0|13|0,89.9,89.9,82.2,73.0,72.0,66.0,65.5,55.8,52.1,51.6,44.1,42.6,37.8,34.4,34.4,31.3,31.3,29.2,27.1,27.1,25.8,25.8,21.6,20.9,20.9,17.2,17.2,219.29,A-,MORE 5.5 | 65.5% | Edge +3.1,MORE,5.5,65.5,3.05,31.0,Good,6,Today Posted,6.0,6.0,6,5-6-5-6-6-6,66.7,100.0,4.4,Regular,13,1.04,Ryan Feltner,R,5.75,1.47,0.2452,0.0496,0.0909,5.49,1.51,0.2568,0.0354,Chase Field,1.0,1.0,,,,,Indoor/retractable neutral,442,392,0.245,0.324,0.439,0.763,333,0.747,96,20,1,18,55,58,40,7,4,2026-08-12 vs Colorado Rockies: 0 FS|2026-08-11 vs Colorado Rockies: 11 FS|2026-08-10 vs Colorado Rockies: 28 FS|2026-08-09 vs Los Angeles Dodgers: 2 FS|2026-08-08 vs Los Angeles Dodgers: 3 FS,2026-08-12 vs Colorado Rockies: 0 FS|2026-08-11 vs Colorado Rockies: 11 FS|2026-08-10 vs Colorado Rockies: 28 FS|2026-08-09 vs Los Angeles Dodgers: 2 FS|2026-08-08 vs Los Angeles Dodgers: 3 FS|2026-08-07 vs Los Angeles Dodgers: 14 FS|2026-08-06 vs San Diego Padres: 0 FS|2026-08-04 vs San Diego Padres: 16 FS|2026-08-03 vs San Diego Padres: 7 FS|2026-08-02 @ Cleveland Guardians: 4 FS,2026-08-12 vs Colorado Rockies: 0 FS|2026-08-11 vs Colorado Rockies: 11 FS|2026-08-10 vs Colorado Rockies: 28 FS|2026-08-09 vs Los Angeles Dodgers: 2 FS|2026-08-08 vs Los Angeles Dodgers: 3 FS|2026-08-07 vs Los Angeles Dodgers: 14 FS|2026-08-06 vs San Diego Padres: 0 FS|2026-08-04 vs San Diego Padres: 16 FS|2026-08-03 vs San Diego Padres: 7 FS|2026-08-02 @ Cleveland Guardians: 4 FS|2026-08-01 @ Cleveland Guardians: 21 FS|2026-07-31 @ Cleveland Guardians: 0 FS|2026-07-29 @ Pittsburgh Pirates: 0 FS|2026-07-28 @ Pittsburgh Pirates: 13 FS|2026-07-27 @ Pittsburgh Pirates: 0 FS,15,30,8.7,8.0,Last 30 games + shrinkage,8.29,8.5,0.265,Neutral,8.7,2.204,0.2407,0.1111,0.0741,0.0741,0.0185,8.55,9.6,8.95,8.71,7.65,28.0,16.0,20.0,16.0,20.0,6.0,18.53,54.5,45.5,Recent workload,No,48.5,36.9,66.2,71.2,1.0496,177,0.2,1.0,1.0,1.0,100.0,272,82.48,23.53,1.47,28.31,0.313,0.8509,1.0,1.0,1.0,0.9758,699,Statcast,1.022,96,Statcast,272,82.48,12.0,22.43,33.49,23.9,64.7,11.4,1.0,0.9994,0.9979,0.9989,0.9962,0.9971,8.46,-0.24,Unknown/neutral,Neutral fallback,1.0,1.0,1.0,1.0,1.0,1.0,Neutral fallback,1.072,3,27.0,0.924,27.0,0.9987,0.1435,0.0354,0.006,0.0564,0.1022,0.0176,0.1903,0.4381,0.347,0.2149,0.0454,0.1744,0.0049,1.0,Yes,6.76,3.12,13.07,18.05,4.13,0.0,Raw,83.1,83.1,74.7,66.0,66.0,61.0,61.0,51.8,48.6,48.6,41.6,41.6,37.8,34.4,34.4,31.3,31.3,29.2,27.1,27.1,25.8,25.8,21.6,20.9,20.9,17.2,17.2,6.8,6.8,7.5,7.0,6.0,5.0,4.5,4.0,3.5,3.0,2.5,1.0,0.0,0.0,0.0,0.0,0.0,0.0,0.0,0.0,0.0,0.0,0.0,0.0,0.0,0.0,0.0,Low,
31,2026-08-12,Luis García Jr.,NYY,SEA,SEA @ NYY,HOME,1B,10.08,8.85,8.85,6.12,9.64,8.46,8.83,8.46,0.959,4.8,8.2,8.07,12|0|7|2|3,12|0|7|2|3|19|5|0|29|5,12|0|7|2|3|19|5|0|29|5|19|10|8|0|2,81.2,81.2,69.2,68.7,66.2,65.2,55.2,54.7,51.8,51.3,45.6,44.1,39.5,37.5,37.5,34.3,34.3,33.0,33.0,31.4,31.4,30.5,30.5,23.9,23.9,23.2,23.2,219.14,A-,MORE 5.0 | 65.2% | Edge +3.8,MORE,5.0,65.2,3.85,30.4,Good,4,Today Posted,4.0,4.0,6,4-4-4-3-3-3,50.0,100.0,4.82,Regular,13,1.04,Bryce Miller,R,3.08,0.95,0.1961,0.0425,0.049,3.79,1.2,0.2214,0.0293,Yankee Stadium,1.06,1.03,85.2,1.4,231.0,1.0,warm,399,380,0.282,0.313,0.555,0.868,19,0.979,107,22,5,24,51,78,18,0,4,2026-08-11 vs Seattle Mariners: 12 FS|2026-08-09 vs Atlanta Braves: 0 FS|2026-08-07 vs Atlanta Braves: 7 FS|2026-08-05 vs St. Louis Cardinals: 2 FS|2026-08-04 vs St. Louis Cardinals: 3 FS,2026-08-11 vs Seattle Mariners: 12 FS|2026-08-09 vs Atlanta Braves: 0 FS|2026-08-07 vs Atlanta Braves: 7 FS|2026-08-05 vs St. Louis Cardinals: 2 FS|2026-08-04 vs St. Louis Cardinals: 3 FS|2026-08-03 vs St. Louis Cardinals: 19 FS|2026-08-01 @ Atlanta Braves: 5 FS|2026-07-31 @ Atlanta Braves: 0 FS|2026-07-30 @ Atlanta Braves: 29 FS|2026-07-29 vs Toronto Blue Jays: 5 FS,2026-08-11 vs Seattle Mariners: 12 FS|2026-08-09 vs Atlanta Braves: 0 FS|2026-08-07 vs Atlanta Braves: 7 FS|2026-08-05 vs St. Louis Cardinals: 2 FS|2026-08-04 vs St. Louis Cardinals: 3 FS|2026-08-03 vs St. Louis Cardinals: 19 FS|2026-08-01 @ Atlanta Braves: 5 FS|2026-07-31 @ Atlanta Braves: 0 FS|2026-07-30 @ Atlanta Braves: 29 FS|2026-07-29 vs Toronto Blue Jays: 5 FS|2026-07-28 vs Toronto Blue Jays: 19 FS|2026-07-27 vs Toronto Blue Jays: 10 FS|2026-07-26 vs Arizona Diamondbacks: 8 FS|2026-07-25 vs Arizona Diamondbacks: 0 FS|2026-07-24 vs Arizona Diamondbacks: 2 FS,15,30,8.97,5.5,Last 30 games + shrinkage,6.86,8.5,0.309,Hot,8.97,2.088,0.2982,0.1754,0.0526,0.0351,0.0,10.5,10.23,9.69,8.88,8.99,28.0,16.0,20.0,16.0,20.0,6.0,23.12,68.0,32.0,Recent workload,No,47.6,36.1,10.1,71.1,1.15,81,4.67,1.0,1.0,1.0,75.0,270,84.78,27.04,2.22,29.26,0.428,0.9811,1.0,1.0,1.0,1.0503,409,Statcast,0.9994,71,Statcast,270,84.78,12.0,13.29,34.89,10.7,61.9,27.4,1.0151,0.9817,0.9806,0.8228,1.1294,0.9869,7.87,-1.1,Unknown/neutral,Neutral fallback,1.0,1.0,1.0,1.0,1.0,1.0,Neutral fallback,1.072,3,27.0,0.991,27.0,1.0,0.12,0.0567,0.0053,0.0713,0.0395,0.0023,0.1912,0.4351,0.2519,0.3131,0.1066,0.177,0.0088,1.0,Yes,8.46,2.28,13.79,20.5,4.37,0.0,Raw,73.2,73.2,61.7,61.7,60.2,60.2,50.7,50.7,48.3,48.3,43.1,43.1,39.5,37.5,37.5,34.3,34.3,33.0,33.0,31.4,31.4,30.5,30.5,23.9,23.9,23.2,23.2,8.0,8.0,7.5,7.0,6.0,5.0,4.5,4.0,3.5,3.0,2.5,1.0,0.0,0.0,0.0,0.0,0.0,0.0,0.0,0.0,0.0,0.0,0.0,0.0,0.0,0.0,0.0,Low,
32,2026-08-12,Kyle Schwarber,PHI,STL,PHI @ STL,AWAY,DH,8.76,8.69,8.69,6.66,6.02,6.02,7.98,6.02,0.754,13.8,9.2,8.4,0|5|16|43|5,0|5|16|43|5|7|8|4|0|4,0|5|16|43|5|7|8|4|0|4|4|4|6|7|13,92.1,92.1,91.8,83.2,75.2,74.2,66.6,57.7,57.2,52.5,44.7,43.2,38.8,34.2,34.2,31.0,28.6,28.6,26.6,25.2,25.2,21.0,20.3,20.3,16.9,15.5,15.5,217.82,A-,MORE 5.5 | 66.6% | Edge +3.2,MORE,5.5,66.6,3.19,33.2,Good,1,Today Posted,1.0,1.0,7,1-1-1-1-1-1-1,100.0,100.0,5.13,Regular,14,1.04,Kyle Leahy,R,3.38,1.34,0.245,0.0241,0.0703,4.09,1.34,0.2246,0.0256,Busch Stadium,0.99,1.065,95.3,10.4,337.0,3.0,"hot, light wind",515,426,0.249,0.372,0.533,0.905,324,0.871,106,14,1,35,69,69,79,6,3,2026-08-12 @ St. Louis Cardinals: 0 FS|2026-08-11 @ St. Louis Cardinals: 5 FS|2026-08-10 @ St. Louis Cardinals: 16 FS|2026-08-09 vs Toronto Blue Jays: 43 FS|2026-08-08 vs Toronto Blue Jays: 5 FS,2026-08-12 @ St. Louis Cardinals: 0 FS|2026-08-11 @ St. Louis Cardinals: 5 FS|2026-08-10 @ St. Louis Cardinals: 16 FS|2026-08-09 vs Toronto Blue Jays: 43 FS|2026-08-08 vs Toronto Blue Jays: 5 FS|2026-08-07 vs Toronto Blue Jays: 7 FS|2026-08-06 vs Washington Nationals: 8 FS|2026-08-05 vs Washington Nationals: 4 FS|2026-08-04 vs Washington Nationals: 0 FS|2026-08-03 vs Washington Nationals: 4 FS,2026-08-12 @ St. Louis Cardinals: 0 FS|2026-08-11 @ St. Louis Cardinals: 5 FS|2026-08-10 @ St. Louis Cardinals: 16 FS|2026-08-09 vs Toronto Blue Jays: 43 FS|2026-08-08 vs Toronto Blue Jays: 5 FS|2026-08-07 vs Toronto Blue Jays: 7 FS|2026-08-06 vs Washington Nationals: 8 FS|2026-08-05 vs Washington Nationals: 4 FS|2026-08-04 vs Washington Nationals: 0 FS|2026-08-03 vs Washington Nationals: 4 FS|2026-08-02 @ Baltimore Orioles: 4 FS|2026-08-01 @ Baltimore Orioles: 4 FS|2026-07-31 @ Baltimore Orioles: 6 FS|2026-07-27 @ Miami Marlins: 7 FS|2026-07-26 vs New York Yankees: 13 FS,15,30,7.6,5.0,Last 30 games + shrinkage,12.0,8.07,0.222,Neutral,7.6,1.794,0.1587,0.0635,0.0317,0.2381,0.0159,10.36,9.31,9.36,10.38,8.94,28.0,16.0,20.0,16.0,20.0,6.0,20.93,61.5,38.5,Recent workload,No,51.7,39.9,65.6,67.7,1.0557,145,1.22,1.0,1.0,1.0,75.0,231,85.53,32.03,2.16,30.3,0.503,1.061,1.0,1.0,1.0,1.0113,662,Statcast,1.0212,56,Statcast,231,85.53,12.0,19.31,35.0,7.8,64.9,27.3,0.986,1.0063,1.0089,1.0127,1.0276,1.0143,8.79,1.19,Unknown/neutral,Neutral fallback,1.0,1.0,1.0,1.0,1.0,1.0,Neutral fallback,1.072,3,27.0,0.8994,27.0,1.0,0.1146,0.0354,0.0001,0.0547,0.1596,0.0087,0.2904,0.3052,0.2947,0.4,0.0404,0.1009,0.0041,1.0,Yes,6.02,4.4,12.69,17.22,4.55,0.0,Raw,86.8,86.8,86.8,76.2,69.2,69.2,62.1,53.7,53.7,49.5,42.2,42.2,38.8,34.2,34.2,31.0,28.6,28.6,26.6,25.2,25.2,21.0,20.3,20.3,16.9,15.5,15.5,5.3,5.3,5.0,7.0,6.0,5.0,4.5,4.0,3.5,3.0,2.5,1.0,0.0,0.0,0.0,0.0,0.0,0.0,0.0,0.0,0.0,0.0,0.0,0.0,0.0,0.0,0.0,Low,
33,2026-08-12,Bobby Witt Jr.,KC,LAD,KC @ LAD,AWAY,SS,10.48,8.71,8.71,7.21,6.76,6.49,7.41,6.49,0.876,7.0,7.8,7.27,10|9|2|7|7,10|9|2|7|7|20|2|19|2|0,10|9|2|7|7|20|2|19|2|0|2|10|0|5|14,91.6,88.4,87.9,77.6,76.6,72.9,62.0,61.5,57.2,56.7,48.9,47.4,40.7,36.9,36.9,31.7,31.7,29.5,29.5,26.2,24.2,24.2,19.9,19.9,18.4,18.4,15.8,217.33,A-,MORE 6.0 | 61.5% | Edge +2.7,MORE,6.0,61.5,2.71,23.0,Playable,2,Last 7 Confirmed,,2.0,7,2-2-2-2-2-2-2,100.0,97.0,5.02,Regular,13,1.04,Eric Lauer,L,4.89,1.26,0.2237,0.0566,0.0746,3.72,1.16,0.1956,0.0326,UNIQLO Field at Dodger Stadium,1.0,1.0,,,,,Weather unavailable,448,399,0.283,0.355,0.446,0.801,115,0.869,113,24,1,13,60,42,45,1,32,2026-08-11 @ Los Angeles Dodgers: 10 FS|2026-08-10 @ Los Angeles Dodgers: 9 FS|2026-08-09 vs Chicago Cubs: 2 FS|2026-08-08 vs Chicago Cubs: 7 FS|2026-08-07 vs Chicago Cubs: 7 FS,2026-08-11 @ Los Angeles Dodgers: 10 FS|2026-08-10 @ Los Angeles Dodgers: 9 FS|2026-08-09 vs Chicago Cubs: 2 FS|2026-08-08 vs Chicago Cubs: 7 FS|2026-08-07 vs Chicago Cubs: 7 FS|2026-08-06 vs Minnesota Twins: 20 FS|2026-08-05 vs Minnesota Twins: 2 FS|2026-08-04 vs Minnesota Twins: 19 FS|2026-07-20 vs San Francisco Giants: 2 FS|2026-07-18 vs San Diego Padres: 0 FS,2026-08-11 @ Los Angeles Dodgers: 10 FS|2026-08-10 @ Los Angeles Dodgers: 9 FS|2026-08-09 vs Chicago Cubs: 2 FS|2026-08-08 vs Chicago Cubs: 7 FS|2026-08-07 vs Chicago Cubs: 7 FS|2026-08-06 vs Minnesota Twins: 20 FS|2026-08-05 vs Minnesota Twins: 2 FS|2026-08-04 vs Minnesota Twins: 19 FS|2026-07-20 vs San Francisco Giants: 2 FS|2026-07-18 vs San Diego Padres: 0 FS|2026-07-17 vs San Diego Padres: 2 FS|2026-07-12 @ Baltimore Orioles: 10 FS|2026-07-11 @ Baltimore Orioles: 0 FS|2026-07-10 @ Baltimore Orioles: 5 FS|2026-07-09 @ New York Mets: 14 FS,15,30,8.77,6.5,Last 30 games + shrinkage,8.14,6.79,0.25,Neutral,8.77,1.638,0.2241,0.069,0.0,0.1034,0.0345,10.69,10.96,9.51,10.0,9.47,28.0,16.0,20.0,16.0,20.0,6.0,22.65,66.6,33.4,Recent workload,No,44.6,33.6,40.4,60.9,1.1066,71,0.47,1.0,1.0,1.0,75.0,171,85.04,33.92,2.92,32.75,0.419,1.0034,1.0,1.0,1.0,1.0631,344,Statcast,1.0,11,Fallback,171,85.04,12.0,21.81,30.35,21.6,56.7,21.6,1.0,1.0061,1.0222,1.0121,1.0404,0.9899,7.93,-0.84,Unknown/neutral,Neutral fallback,1.0,1.0,1.0,1.0,1.0,1.0,Neutral fallback,1.072,3,27.0,1.3,27.0,0.9966,0.1795,0.0619,0.0043,0.0392,0.0909,0.0017,0.1761,0.4316,0.2631,0.3053,0.1221,0.1,0.0365,1.0,Projected,6.49,3.71,12.47,17.72,4.37,0.0,Raw,86.0,80.6,80.6,70.6,70.6,67.9,57.5,57.5,53.7,53.7,46.4,46.4,40.7,36.9,36.9,31.7,31.7,29.5,29.5,26.2,24.2,24.2,19.9,19.9,18.4,18.4,15.8,5.6,7.8,7.3,7.0,6.0,5.0,4.5,4.0,3.5,3.0,2.5,1.0,0.0,0.0,0.0,0.0,0.0,0.0,0.0,0.0,0.0,0.0,0.0,0.0,0.0,0.0,0.0,Low,
34,2026-08-12,Griffin Conine,MIA,PIT,PIT @ MIA,HOME,RF,9.73,8.55,8.55,5.7,7.17,6.75,8.42,6.75,0.801,10.0,7.8,8.13,5|32|8|0|5,5|32|8|0|5|0|2|0|19|7,5|32|8|0|5|0|2|0|19|7|0|16|3|19|6,89.8,89.8,80.7,80.2,70.1,64.7,64.2,54.0,53.5,49.2,42.7,41.2,36.6,33.7,33.7,31.0,31.0,29.4,27.8,27.8,26.9,22.7,22.7,22.2,22.2,18.1,16.1,217.22,A-,MORE 5.5 | 64.2% | Edge +3.1,MORE,5.5,64.2,3.05,28.4,Good,3,Today Posted,3.0,3.0,6,3-4-5-3-4-2,33.3,100.0,4.84,Regular,12,1.04,Carmen Mlodzinski,R,3.51,1.36,0.2392,0.0191,0.0766,4.32,1.32,0.2128,0.0271,loanDepot park,0.96,1.0,,,,,Indoor/retractable neutral,170,150,0.267,0.353,0.54,0.893,142,0.986,40,5,0,12,23,26,18,2,2,2026-08-11 vs Pittsburgh Pirates: 5 FS|2026-08-09 vs Los Angeles Angels: 32 FS|2026-08-08 vs Los Angeles Angels: 8 FS|2026-08-07 vs Los Angeles Angels: 0 FS|2026-08-06 @ Atlanta Braves: 5 FS,2026-08-11 vs Pittsburgh Pirates: 5 FS|2026-08-09 vs Los Angeles Angels: 32 FS|2026-08-08 vs Los Angeles Angels: 8 FS|2026-08-07 vs Los Angeles Angels: 0 FS|2026-08-06 @ Atlanta Braves: 5 FS|2026-08-05 @ Atlanta Braves: 0 FS|2026-08-04 @ Atlanta Braves: 2 FS|2026-08-02 @ New York Mets: 0 FS|2026-08-01 @ New York Mets: 19 FS|2026-07-31 @ New York Mets: 7 FS,2026-08-11 vs Pittsburgh Pirates: 5 FS|2026-08-09 vs Los Angeles Angels: 32 FS|2026-08-08 vs Los Angeles Angels: 8 FS|2026-08-07 vs Los Angeles Angels: 0 FS|2026-08-06 @ Atlanta Braves: 5 FS|2026-08-05 @ Atlanta Braves: 0 FS|2026-08-04 @ Atlanta Braves: 2 FS|2026-08-02 @ New York Mets: 0 FS|2026-08-01 @ New York Mets: 19 FS|2026-07-31 @ New York Mets: 7 FS|2026-07-30 @ New York Mets: 0 FS|2026-07-29 vs Philadelphia Phillies: 16 FS|2026-07-28 vs Philadelphia Phillies: 3 FS|2026-07-27 vs Philadelphia Phillies: 19 FS|2026-07-26 vs San Diego Padres: 6 FS,15,30,7.43,4.5,Last 30 games + shrinkage,7.43,8.29,0.283,Neutral,7.43,2.275,0.2549,0.098,0.098,0.098,0.0,9.05,9.38,9.07,8.48,8.7,28.0,16.0,20.0,16.0,20.0,6.0,12.1,35.6,64.4,Recent workload,Yes,44.5,33.2,45.5,59.4,0.975,90,-1.57,1.0,1.0,1.0,100.0,161,84.54,30.43,1.24,31.06,0.495,1.0306,1.0,1.0,1.0,1.0088,308,Statcast,0.9811,30,Statcast,161,84.54,12.0,15.4,35.0,8.7,67.1,24.2,1.0,1.002,1.0072,1.0039,1.0131,1.0087,8.16,0.72,Unknown/neutral,Neutral fallback,1.0,1.0,1.0,1.0,1.0,1.0,Neutral fallback,1.072,3,27.0,0.9762,27.0,0.9875,0.1412,0.0299,0.0009,0.065,0.1077,0.0084,0.2735,0.4606,0.2763,0.2631,0.0806,0.1894,0.0021,1.0,Yes,6.75,3.3,12.92,17.73,4.29,0.0,Raw,83.0,83.0,73.2,73.2,64.1,59.7,59.7,50.0,50.0,46.2,40.2,40.2,36.6,33.7,33.7,31.0,31.0,29.4,27.8,27.8,26.9,22.7,22.7,22.2,22.2,18.1,16.1,6.8,6.8,7.5,7.0,6.0,5.0,4.5,4.0,3.5,3.0,2.5,1.0,0.0,0.0,0.0,0.0,0.0,0.0,0.0,0.0,0.0,0.0,0.0,0.0,0.0,0.0,0.0,Low,
35,2026-08-12,Jackson Chourio,MIL,SD,MIL @ SD,AWAY,LF,9.43,8.43,8.43,7.16,6.54,6.34,7.11,6.34,0.891,10.4,10.4,8.6,2|14|18|2|16,2|14|18|2|16|16|0|22|6|8,2|14|18|2|16|16|0|22|6|8|7|5|0|10|3,93.2,88.2,87.7,79.5,73.0,72.0,60.9,60.4,55.5,55.0,46.8,45.3,38.9,34.2,34.2,29.3,29.3,26.6,26.6,23.5,23.5,21.6,17.9,17.9,16.6,16.6,13.6,216.17,A-,MORE 6.0 | 60.4% | Edge +2.4,MORE,6.0,60.4,2.43,20.8,Playable,1,Today Posted,1.0,2.0,7,2-2-1-2-2-2-2,85.7,100.0,5.13,Regular,13,1.04,Robbie Ray,L,3.24,1.33,0.2011,0.0298,0.1155,4.12,1.31,0.218,0.0296,Petco Park,0.94,1.03,81.0,7.9,260.0,1.0,warm,387,352,0.278,0.341,0.48,0.821,102,0.925,98,20,0,17,58,48,32,2,11,2026-08-11 @ San Diego Padres: 2 FS|2026-08-10 @ San Diego Padres: 14 FS|2026-08-09 vs Minnesota Twins: 18 FS|2026-08-08 vs Minnesota Twins: 2 FS|2026-08-07 vs Minnesota Twins: 16 FS,2026-08-11 @ San Diego Padres: 2 FS|2026-08-10 @ San Diego Padres: 14 FS|2026-08-09 vs Minnesota Twins: 18 FS|2026-08-08 vs Minnesota Twins: 2 FS|2026-08-07 vs Minnesota Twins: 16 FS|2026-08-06 vs Pittsburgh Pirates: 16 FS|2026-08-05 vs Pittsburgh Pirates: 0 FS|2026-08-04 vs Pittsburgh Pirates: 22 FS|2026-08-03 vs Pittsburgh Pirates: 6 FS|2026-08-02 @ Los Angeles Angels: 8 FS,2026-08-11 @ San Diego Padres: 2 FS|2026-08-10 @ San Diego Padres: 14 FS|2026-08-09 vs Minnesota Twins: 18 FS|2026-08-08 vs Minnesota Twins: 2 FS|2026-08-07 vs Minnesota Twins: 16 FS|2026-08-06 vs Pittsburgh Pirates: 16 FS|2026-08-05 vs Pittsburgh Pirates: 0 FS|2026-08-04 vs Pittsburgh Pirates: 22 FS|2026-08-03 vs Pittsburgh Pirates: 6 FS|2026-08-02 @ Los Angeles Angels: 8 FS|2026-08-01 @ Los Angeles Angels: 7 FS|2026-07-31 @ Los Angeles Angels: 5 FS|2026-07-29 @ San Francisco Giants: 0 FS|2026-07-28 @ San Francisco Giants: 10 FS|2026-07-27 @ San Francisco Giants: 3 FS,15,30,8.17,6.5,Last 30 games + shrinkage,9.71,9.0,0.288,Neutral,8.17,2.1,0.25,0.0833,0.0667,0.1333,0.0167,9.85,9.52,9.53,9.55,8.73,28.0,16.0,20.0,16.0,20.0,6.0,24.69,72.6,27.4,Recent workload,No,50.8,39.1,37.5,73.9,0.9785,125,1.93,1.0,1.0,1.0,75.0,312,84.13,26.92,2.24,26.28,0.415,0.963,1.0,1.0,1.0,1.0353,644,Statcast,1.14,27,Statcast,312,84.13,12.0,15.8,35.0,12.8,71.8,15.4,1.009,0.991,1.0128,1.0421,0.9245,1.0113,9.11,0.95,Unknown/neutral,Neutral fallback,1.0,1.0,1.0,1.0,1.0,1.0,Neutral fallback,1.072,3,27.0,1.3,27.0,1.0,0.1599,0.0426,0.0007,0.0361,0.1345,0.0059,0.2274,0.5135,0.277,0.2095,0.1003,0.091,0.0232,1.0,Yes,6.34,3.59,11.61,17.85,4.6,0.0,Raw,88.6,80.3,80.3,72.5,67.0,67.0,56.4,56.4,52.0,52.0,44.3,44.3,38.9,34.2,34.2,29.3,29.3,26.6,26.6,23.5,23.5,21.6,17.9,17.9,16.6,16.6,13.6,4.6,7.9,7.4,7.0,6.0,5.0,4.5,4.0,3.5,3.0,2.5,1.0,0.0,0.0,0.0,0.0,0.0,0.0,0.0,0.0,0.0,0.0,0.0,0.0,0.0,0.0,0.0,Low,
36,2026-08-12,Mickey Moniak,COL,ARI,COL @ ARI,AWAY,LF,8.53,8.74,8.74,6.69,6.6,6.38,8.53,6.38,0.748,1.8,6.3,6.93,0|2|4|3|0,0|2|4|3|0|5|3|18|24|4,0|2|4|3|0|5|3|18|24|4|5|7|3|23|3,87.4,87.4,86.9,80.0,69.8,68.8,65.5,55.4,54.9,51.7,45.4,43.9,39.5,36.5,36.5,33.2,31.6,31.6,29.4,28.0,28.0,23.0,22.0,22.0,18.7,17.0,17.0,215.26,A-,MORE 5.5 | 65.5% | Edge +3.2,MORE,5.5,65.5,3.24,31.0,Good,5,Today Posted,5.0,3.0,6,6-5-5-3-3-3,50.0,100.0,4.52,Regular,12,1.04,Merrill Kelly,R,4.83,1.45,0.2414,0.0441,0.0958,4.1,1.29,0.2264,0.0304,Chase Field,1.0,1.0,,,,,Indoor/retractable neutral,306,280,0.271,0.314,0.554,0.868,248,0.933,76,14,4,19,40,53,17,3,1,2026-08-12 @ Arizona Diamondbacks: 0 FS|2026-08-11 @ Arizona Diamondbacks: 2 FS|2026-08-10 @ Arizona Diamondbacks: 4 FS|2026-08-09 @ St. Louis Cardinals: 3 FS|2026-08-08 @ St. Louis Cardinals: 0 FS,2026-08-12 @ Arizona Diamondbacks: 0 FS|2026-08-11 @ Arizona Diamondbacks: 2 FS|2026-08-10 @ Arizona Diamondbacks: 4 FS|2026-08-09 @ St. Louis Cardinals: 3 FS|2026-08-08 @ St. Louis Cardinals: 0 FS|2026-08-07 @ St. Louis Cardinals: 5 FS|2026-08-05 vs Tampa Bay Rays: 3 FS|2026-08-04 vs Tampa Bay Rays: 18 FS|2026-08-03 vs Tampa Bay Rays: 24 FS|2026-08-02 vs Kansas City Royals: 4 FS,2026-08-12 @ Arizona Diamondbacks: 0 FS|2026-08-11 @ Arizona Diamondbacks: 2 FS|2026-08-10 @ Arizona Diamondbacks: 4 FS|2026-08-09 @ St. Louis Cardinals: 3 FS|2026-08-08 @ St. Louis Cardinals: 0 FS|2026-08-07 @ St. Louis Cardinals: 5 FS|2026-08-05 vs Tampa Bay Rays: 3 FS|2026-08-04 vs Tampa Bay Rays: 18 FS|2026-08-03 vs Tampa Bay Rays: 24 FS|2026-08-02 vs Kansas City Royals: 4 FS|2026-08-01 vs Kansas City Royals: 5 FS|2026-07-31 vs Kansas City Royals: 7 FS|2026-07-29 @ San Diego Padres: 3 FS|2026-07-28 @ San Diego Padres: 23 FS|2026-07-26 @ Milwaukee Brewers: 3 FS,15,30,6.07,4.0,Last 30 games + shrinkage,2.43,7.21,0.244,Neutral,6.07,1.98,0.2157,0.1373,0.0588,0.0588,0.0,9.04,7.98,8.4,7.4,8.59,28.0,16.0,20.0,16.0,20.0,6.0,17.67,52.0,48.0,Recent workload,No,46.0,34.7,59.3,63.2,1.1274,78,0.31,1.0,1.0,1.0,100.0,189,82.86,25.93,1.59,28.04,0.338,0.8823,1.0,1.0,1.0,0.969,361,Statcast,0.9383,56,Statcast,189,82.86,12.0,19.26,31.58,10.6,63.5,25.9,1.0,0.9991,0.9967,0.9982,0.994,0.9928,5.46,-0.6,Unknown/neutral,Neutral fallback,1.0,1.0,1.0,1.0,1.0,1.0,Neutral fallback,1.072,3,27.0,0.8625,27.0,0.9965,0.1305,0.0441,0.0108,0.057,0.063,0.0035,0.2192,0.4131,0.3804,0.2065,0.046,0.1957,0.0002,1.0,Yes,6.38,3.7,12.67,17.91,4.38,0.0,Raw,79.4,79.4,79.4,73.0,63.8,63.8,61.0,51.4,51.4,48.7,42.9,42.9,39.5,36.5,36.5,33.2,31.6,31.6,29.4,28.0,28.0,23.0,22.0,22.0,18.7,17.0,17.0,8.0,8.0,7.5,7.0,6.0,5.0,4.5,4.0,3.5,3.0,2.5,1.0,0.0,0.0,0.0,0.0,0.0,0.0,0.0,0.0,0.0,0.0,0.0,0.0,0.0,0.0,0.0,Low,
37,2026-08-12,Matt Olson,ATL,NYM,NYM @ ATL,HOME,1B,9.12,7.8,7.8,5.18,8.17,7.43,7.94,7.43,0.936,10.6,12.5,11.4,20|5|14|0|14,20|5|14|0|14|27|0|10|17|18,20|5|14|0|14|27|0|10|17|18|21|0|5|16|4,77.4,77.4,67.6,67.1,61.9,60.9,50.3,49.8,46.6,46.1,39.1,35.1,34.1,31.1,31.1,29.0,29.0,27.7,27.7,26.0,26.0,25.3,25.3,20.2,20.2,19.7,15.4,213.61,A-,MORE 5.0 | 60.9% | Edge +2.8,MORE,5.0,60.9,2.8,21.8,Playable,3,Today Posted,3.0,3.0,7,3-3-3-3-4-3-3,85.7,100.0,4.92,Regular,14,1.04,Zac Thornton,L,2.52,1.07,0.1961,0.0196,0.0784,4.12,1.31,0.2105,0.0279,Truist Park,1.01,1.055,90.4,8.6,279.0,5.0,hot,525,466,0.266,0.343,0.554,0.897,219,0.852,124,29,0,35,86,74,53,3,2,2026-08-11 vs New York Mets: 20 FS|2026-08-10 vs New York Mets: 5 FS|2026-08-09 @ New York Yankees: 14 FS|2026-08-08 @ New York Yankees: 0 FS|2026-08-07 @ New York Yankees: 14 FS,2026-08-11 vs New York Mets: 20 FS|2026-08-10 vs New York Mets: 5 FS|2026-08-09 @ New York Yankees: 14 FS|2026-08-08 @ New York Yankees: 0 FS|2026-08-07 @ New York Yankees: 14 FS|2026-08-06 vs Miami Marlins: 27 FS|2026-08-05 vs Miami Marlins: 0 FS|2026-08-04 vs Miami Marlins: 10 FS|2026-08-02 vs Washington Nationals: 17 FS|2026-08-01 vs Washington Nationals: 18 FS,2026-08-11 vs New York Mets: 20 FS|2026-08-10 vs New York Mets: 5 FS|2026-08-09 @ New York Yankees: 14 FS|2026-08-08 @ New York Yankees: 0 FS|2026-08-07 @ New York Yankees: 14 FS|2026-08-06 vs Miami Marlins: 27 FS|2026-08-05 vs Miami Marlins: 0 FS|2026-08-04 vs Miami Marlins: 10 FS|2026-08-02 vs Washington Nationals: 17 FS|2026-08-01 vs Washington Nationals: 18 FS|2026-07-31 vs Washington Nationals: 21 FS|2026-07-30 vs Washington Nationals: 0 FS|2026-07-29 @ New York Mets: 5 FS|2026-07-29 @ New York Mets: 16 FS|2026-07-27 @ New York Mets: 4 FS,15,30,9.57,7.0,Last 30 games + shrinkage,11.43,11.93,0.283,Neutral,9.57,2.879,0.2586,0.1897,0.1379,0.069,0.0,9.85,9.67,10.35,9.4,8.26,28.0,16.0,20.0,16.0,20.0,6.0,22.35,65.7,34.3,Recent workload,No,51.6,39.8,56.3,73.5,1.1312,186,-0.03,1.0,1.0,1.0,75.0,305,84.39,27.21,1.64,30.49,0.442,0.983,1.0,1.0,1.0,1.0563,763,Statcast,1.083,60,Statcast,305,84.39,12.0,22.17,31.55,9.5,66.6,23.9,1.0133,1.0045,1.03,1.009,1.0436,1.0205,11.28,1.71,Unknown/neutral,Neutral fallback,1.0,1.0,1.0,1.0,1.0,1.0,Neutral fallback,1.072,3,27.0,0.8625,27.0,1.0,0.1068,0.0513,0.0002,0.0599,0.0911,0.0108,0.2306,0.4319,0.376,0.192,0.0945,0.1413,0.0001,1.0,Yes,7.43,2.37,13.6,18.28,4.19,0.0,Raw,69.4,69.4,60.1,60.1,55.9,55.9,45.8,45.8,43.1,43.1,36.6,34.1,34.1,31.1,31.1,29.0,29.0,27.7,27.7,26.0,26.0,25.3,25.3,20.2,20.2,19.7,15.4,8.0,8.0,7.5,7.0,6.0,5.0,4.5,4.0,3.5,3.0,2.5,1.0,0.0,0.0,0.0,0.0,0.0,0.0,0.0,0.0,0.0,0.0,0.0,0.0,0.0,0.0,0.0,Low,
38,2026-08-12,Bryce Harper,PHI,STL,PHI @ STL,AWAY,1B,9.04,8.02,8.02,6.49,5.32,5.58,7.39,5.58,0.755,8.8,9.6,9.6,9|4|4|13|14,9|4|4|13|14|12|14|4|6|16,9|4|4|13|14|12|14|4|6|16|16|12|5|12|3,90.8,90.8,80.6,80.1,73.5,65.3,64.8,55.8,51.5,51.0,42.3,40.8,36.6,31.8,31.8,28.7,26.0,26.0,23.6,22.2,22.2,18.3,17.5,17.5,14.0,12.7,12.7,212.34,A-,MORE 5.5 | 64.8% | Edge +2.5,MORE,5.5,64.8,2.52,29.6,Good,3,Today Posted,3.0,3.0,7,3-3-3-3-3-3-3,100.0,100.0,4.92,Regular,14,1.04,Kyle Leahy,R,3.38,1.34,0.245,0.0241,0.0703,4.09,1.34,0.2246,0.0256,Busch Stadium,0.99,1.065,95.3,10.4,337.0,3.0,"hot, light wind",517,426,0.254,0.371,0.498,0.869,321,0.992,108,23,3,25,73,71,83,1,7,2026-08-12 @ St. Louis Cardinals: 9 FS|2026-08-11 @ St. Louis Cardinals: 4 FS|2026-08-10 @ St. Louis Cardinals: 4 FS|2026-08-09 vs Toronto Blue Jays: 13 FS|2026-08-08 vs Toronto Blue Jays: 14 FS,2026-08-12 @ St. Louis Cardinals: 9 FS|2026-08-11 @ St. Louis Cardinals: 4 FS|2026-08-10 @ St. Louis Cardinals: 4 FS|2026-08-09 vs Toronto Blue Jays: 13 FS|2026-08-08 vs Toronto Blue Jays: 14 FS|2026-08-07 vs Toronto Blue Jays: 12 FS|2026-08-06 vs Washington Nationals: 14 FS|2026-08-05 vs Washington Nationals: 4 FS|2026-08-04 vs Washington Nationals: 6 FS|2026-08-03 vs Washington Nationals: 16 FS,2026-08-12 @ St. Louis Cardinals: 9 FS|2026-08-11 @ St. Louis Cardinals: 4 FS|2026-08-10 @ St. Louis Cardinals: 4 FS|2026-08-09 vs Toronto Blue Jays: 13 FS|2026-08-08 vs Toronto Blue Jays: 14 FS|2026-08-07 vs Toronto Blue Jays: 12 FS|2026-08-06 vs Washington Nationals: 14 FS|2026-08-05 vs Washington Nationals: 4 FS|2026-08-04 vs Washington Nationals: 6 FS|2026-08-03 vs Washington Nationals: 16 FS|2026-08-02 @ Baltimore Orioles: 16 FS|2026-08-01 @ Baltimore Orioles: 12 FS|2026-07-31 @ Baltimore Orioles: 5 FS|2026-07-29 @ Miami Marlins: 12 FS|2026-07-28 @ Miami Marlins: 3 FS,15,30,8.2,7.0,Last 30 games + shrinkage,10.0,10.07,0.267,Neutral,8.2,2.274,0.1935,0.1129,0.0484,0.2742,0.0161,9.64,9.01,9.55,9.23,9.08,28.0,16.0,20.0,16.0,20.0,6.0,20.93,61.5,38.5,Recent workload,No,52.3,40.4,65.4,72.5,1.15,122,1.22,1.0,1.0,1.0,75.0,290,83.18,22.76,1.38,30.69,0.414,0.9318,1.0,1.0,1.0,1.0232,587,Statcast,0.9738,43,Statcast,290,83.18,12.0,17.89,30.06,10.0,68.3,21.7,0.986,0.9994,0.9837,0.9987,0.9819,1.0112,9.13,0.93,Unknown/neutral,Neutral fallback,1.0,1.0,1.0,1.0,1.0,1.0,Neutral fallback,1.072,3,27.0,1.1964,27.0,0.9989,0.0947,0.059,0.0067,0.0433,0.1606,0.002,0.2092,0.4733,0.2978,0.2289,0.0498,0.1525,0.0084,1.0,Yes,5.58,3.47,11.03,16.31,4.34,0.0,Raw,84.6,84.6,73.1,73.1,67.5,60.3,60.3,51.8,48.0,48.0,39.8,39.8,36.6,31.8,31.8,28.7,26.0,26.0,23.6,22.2,22.2,18.3,17.5,17.5,14.0,12.7,12.7,6.2,6.2,7.5,7.0,6.0,5.0,4.5,4.0,3.5,3.0,2.5,1.0,0.0,0.0,0.0,0.0,0.0,0.0,0.0,0.0,0.0,0.0,0.0,0.0,0.0,0.0,0.0,Low,
39,2026-08-12,Ketel Marte,ARI,COL,COL @ ARI,HOME,2B,8.18,8.25,8.25,6.63,5.12,5.46,7.79,5.61,0.72,11.2,6.9,6.53,5|17|14|16|4,5|17|14|16|4|2|5|0|6|0,5|17|14|16|4|2|5|0|6|0|9|7|3|5|5,89.6,89.6,89.1,82.0,71.8,70.8,66.4,55.9,55.4,51.5,43.8,42.3,36.9,33.0,33.0,29.6,27.3,24.5,24.5,23.3,19.9,19.9,18.7,15.3,15.3,13.7,11.7,211.9,A-,MORE 5.5 | 66.4% | Edge +2.8,MORE,5.5,66.4,2.75,32.8,Good,4,Today Posted,4.0,4.0,6,4-4-4-4-4-4,100.0,100.0,4.82,Regular,13,1.04,Ryan Feltner,R,5.75,1.47,0.2452,0.0496,0.0909,5.49,1.51,0.2568,0.0354,Chase Field,1.0,1.0,,,,,Indoor/retractable neutral,510,463,0.251,0.312,0.449,0.761,380,0.697,116,23,3,21,63,67,38,5,4,2026-08-12 vs Colorado Rockies: 5 FS|2026-08-11 vs Colorado Rockies: 17 FS|2026-08-10 vs Colorado Rockies: 14 FS|2026-08-09 vs Los Angeles Dodgers: 16 FS|2026-08-08 vs Los Angeles Dodgers: 4 FS,2026-08-12 vs Colorado Rockies: 5 FS|2026-08-11 vs Colorado Rockies: 17 FS|2026-08-10 vs Colorado Rockies: 14 FS|2026-08-09 vs Los Angeles Dodgers: 16 FS|2026-08-08 vs Los Angeles Dodgers: 4 FS|2026-08-07 vs Los Angeles Dodgers: 2 FS|2026-08-06 vs San Diego Padres: 5 FS|2026-08-04 vs San Diego Padres: 0 FS|2026-08-03 vs San Diego Padres: 6 FS|2026-08-02 @ Cleveland Guardians: 0 FS,2026-08-12 vs Colorado Rockies: 5 FS|2026-08-11 vs Colorado Rockies: 17 FS|2026-08-10 vs Colorado Rockies: 14 FS|2026-08-09 vs Los Angeles Dodgers: 16 FS|2026-08-08 vs Los Angeles Dodgers: 4 FS|2026-08-07 vs Los Angeles Dodgers: 2 FS|2026-08-06 vs San Diego Padres: 5 FS|2026-08-04 vs San Diego Padres: 0 FS|2026-08-03 vs San Diego Padres: 6 FS|2026-08-02 @ Cleveland Guardians: 0 FS|2026-08-01 @ Cleveland Guardians: 9 FS|2026-07-31 @ Cleveland Guardians: 7 FS|2026-07-29 @ Pittsburgh Pirates: 3 FS|2026-07-28 @ Pittsburgh Pirates: 5 FS|2026-07-27 @ Pittsburgh Pirates: 5 FS,15,30,6.27,5.0,Last 30 games + shrinkage,9.0,6.64,0.22,Neutral,6.27,1.576,0.1864,0.0847,0.0339,0.1017,0.0,10.53,9.2,9.77,10.87,8.77,28.0,16.0,20.0,16.0,20.0,6.0,18.53,54.5,45.5,Recent workload,No,51.5,39.8,69.1,72.8,1.1109,156,0.2,1.0,1.0,1.0,100.0,294,84.88,29.93,0.68,25.85,0.34,0.9128,1.0,1.0,1.0,1.0075,627,Statcast,1.0032,93,Statcast,294,84.88,12.0,16.45,34.1,13.9,61.6,24.5,1.0,1.0033,1.0122,1.0067,1.0223,1.0168,7.67,1.4,Unknown/neutral,Neutral fallback,1.0,1.0,1.0,1.0,1.0,1.0,Neutral fallback,1.072,3,27.0,0.9008,27.0,1.0,0.1499,0.0479,0.0043,0.0438,0.0802,0.0165,0.1576,0.4305,0.3511,0.2185,0.0337,0.1381,0.0001,1.0,Yes,5.61,3.75,10.95,15.99,4.38,0.0,Raw,82.6,82.6,82.6,75.0,65.8,65.8,61.9,51.9,51.9,48.5,41.3,41.3,36.9,33.0,33.0,29.6,27.3,24.5,24.5,23.3,19.9,19.9,18.7,15.3,15.3,13.7,11.7,7.0,7.0,6.5,7.0,6.0,5.0,4.5,4.0,3.5,3.0,2.5,1.0,0.0,0.0,0.0,0.0,0.0,0.0,0.0,0.0,0.0,0.0,0.0,0.0,0.0,0.0,0.0,Low,
40,2026-08-12,JJ Bleday,CIN,CWS,CIN @ CWS,AWAY,LF,8.35,8.48,8.48,6.51,6.69,6.44,8.12,6.44,0.793,5.6,6.4,5.6,2|5|0|2|19,2|5|0|2|19|0|5|11|0|20,2|5|0|2|19|0|5|11|0|20|2|2|14|0|2,91.1,91.1,80.8,80.3,71.8,64.0,63.5,54.1,53.6,49.6,42.6,41.1,36.7,33.3,33.3,30.7,28.8,28.8,27.4,27.4,26.4,22.2,22.2,21.8,17.3,17.3,15.8,211.62,A-,MORE 5.5 | 63.5% | Edge +3.0,MORE,5.5,63.5,2.98,27.0,Good,3,Today Posted,3.0,3.0,7,3-3-5-3-3-6-3,71.4,100.0,4.92,Regular,13,1.04,Luis Castillo,R,5.3,1.41,0.2451,0.0369,0.0716,4.1,1.3,0.2093,0.0284,Rate Field,1.0,1.0,,,,,Weather unavailable,377,318,0.223,0.338,0.456,0.794,279,0.829,71,12,1,20,45,47,54,2,6,2026-08-11 @ Chicago White Sox: 2 FS|2026-08-09 @ Washington Nationals: 5 FS|2026-08-08 @ Washington Nationals: 0 FS|2026-08-07 @ Washington Nationals: 2 FS|2026-08-06 vs Athletics: 19 FS,2026-08-11 @ Chicago White Sox: 2 FS|2026-08-09 @ Washington Nationals: 5 FS|2026-08-08 @ Washington Nationals: 0 FS|2026-08-07 @ Washington Nationals: 2 FS|2026-08-06 vs Athletics: 19 FS|2026-08-05 vs Athletics: 0 FS|2026-08-04 vs Athletics: 5 FS|2026-08-02 vs Pittsburgh Pirates: 11 FS|2026-08-01 vs Pittsburgh Pirates: 0 FS|2026-07-31 vs Pittsburgh Pirates: 20 FS,2026-08-11 @ Chicago White Sox: 2 FS|2026-08-09 @ Washington Nationals: 5 FS|2026-08-08 @ Washington Nationals: 0 FS|2026-08-07 @ Washington Nationals: 2 FS|2026-08-06 vs Athletics: 19 FS|2026-08-05 vs Athletics: 0 FS|2026-08-04 vs Athletics: 5 FS|2026-08-02 vs Pittsburgh Pirates: 11 FS|2026-08-01 vs Pittsburgh Pirates: 0 FS|2026-07-31 vs Pittsburgh Pirates: 20 FS|2026-07-30 vs Pittsburgh Pirates: 2 FS|2026-07-29 vs Cleveland Guardians: 2 FS|2026-07-28 vs Cleveland Guardians: 14 FS|2026-07-28 vs Cleveland Guardians: 0 FS|2026-07-26 @ St. Louis Cardinals: 2 FS,15,30,7.13,5.0,Last 30 games + shrinkage,4.71,5.86,0.156,Cold,7.13,1.491,0.1273,0.0727,0.0545,0.1818,0.0,9.78,9.36,8.83,8.71,8.72,28.0,16.0,20.0,16.0,20.0,6.0,23.07,67.9,32.1,Recent workload,No,49.0,37.3,62.1,69.2,1.1256,169,-2.7,1.0,1.0,1.0,75.0,247,82.51,22.27,1.62,33.2,0.368,0.8892,1.0,1.0,1.0,1.0074,563,Statcast,1.0316,17,Statcast,247,82.51,12.0,22.89,32.25,10.5,66.0,23.5,1.0,0.9997,0.9989,0.9994,0.9979,0.9825,5.68,-1.46,Unknown/neutral,Neutral fallback,1.0,1.0,1.0,1.0,1.0,1.0,Neutral fallback,1.072,3,27.0,1.3,27.0,0.9944,0.1032,0.0276,0.0026,0.0573,0.1456,0.0045,0.2128,0.3097,0.407,0.2833,0.0494,0.107,0.0089,1.0,Yes,6.44,3.34,12.86,17.61,4.72,0.0,Raw,85.2,85.2,73.3,73.3,65.8,59.0,59.0,50.1,50.1,46.6,40.1,40.1,36.7,33.3,33.3,30.7,28.8,28.8,27.4,27.4,26.4,22.2,22.2,21.8,17.3,17.3,15.8,5.9,5.9,7.5,7.0,6.0,5.0,4.5,4.0,3.5,3.0,2.5,1.0,0.0,0.0,0.0,0.0,0.0,0.0,0.0,0.0,0.0,0.0,0.0,0.0,0.0,0.0,0.0,Low,
41,2026-08-12,Victor Mesa Jr.,TB,ATH,TB @ ATH,AWAY,RF,8.41,8.56,8.56,5.84,7.5,6.97,9.13,6.97,0.763,9.2,6.6,5.07,0|19|0|14|13,0|19|0|14|13|20|0|0|0|0,0|19|0|14|13|20|0|0|0|0|3|0|0|7|0,84.1,84.1,83.6,74.1,65.1,64.1,59.5,51.1,50.6,48.0,42.5,41.0,37.2,35.1,35.1,32.7,31.5,31.5,29.8,29.0,29.0,24.1,23.5,23.5,19.6,19.6,18.0,210.92,A-,MORE 5.5 | 59.5% | Edge +3.1,MORE,5.5,59.5,3.06,19.0,Playable,5,Today Posted,5.0,6.0,6,6-6-4-7-1-5,33.3,100.0,4.35,Likely regular,10,1.0,Jack Perkins,R,7.0,1.49,0.2384,0.0411,0.0877,5.49,1.5,0.2358,0.0399,Sutter Health Park,1.0,1.03,83.2,4.8,236.0,0.0,warm,171,153,0.216,0.284,0.458,0.742,137,0.771,33,3,2,10,20,21,15,0,5,2026-08-12 @ Athletics: 0 FS|2026-08-11 @ Athletics: 19 FS|2026-08-09 @ Seattle Mariners: 0 FS|2026-08-08 @ Seattle Mariners: 14 FS|2026-08-07 @ Seattle Mariners: 13 FS,2026-08-12 @ Athletics: 0 FS|2026-08-11 @ Athletics: 19 FS|2026-08-09 @ Seattle Mariners: 0 FS|2026-08-08 @ Seattle Mariners: 14 FS|2026-08-07 @ Seattle Mariners: 13 FS|2026-08-05 @ Colorado Rockies: 20 FS|2026-08-04 @ Colorado Rockies: 0 FS|2026-08-03 @ Colorado Rockies: 0 FS|2026-08-01 vs Chicago White Sox: 0 FS|2026-07-31 vs Chicago White Sox: 0 FS,2026-08-12 @ Athletics: 0 FS|2026-08-11 @ Athletics: 19 FS|2026-08-09 @ Seattle Mariners: 0 FS|2026-08-08 @ Seattle Mariners: 14 FS|2026-08-07 @ Seattle Mariners: 13 FS|2026-08-05 @ Colorado Rockies: 20 FS|2026-08-04 @ Colorado Rockies: 0 FS|2026-08-03 @ Colorado Rockies: 0 FS|2026-08-01 vs Chicago White Sox: 0 FS|2026-07-31 vs Chicago White Sox: 0 FS|2026-07-30 vs Texas Rangers: 3 FS|2026-07-29 vs Texas Rangers: 0 FS|2026-07-28 vs Texas Rangers: 0 FS|2026-07-25 vs Cleveland Guardians: 7 FS|2026-07-23 @ Toronto Blue Jays: 0 FS,15,30,6.87,2.5,Last 30 games + shrinkage,9.43,5.43,0.196,Cold,6.87,1.583,0.1875,0.1042,0.0417,0.0208,0.0208,9.07,9.53,8.28,9.2,8.5,28.0,16.0,20.0,16.0,20.0,6.0,18.37,54.0,46.0,Recent workload,No,43.5,32.4,44.6,61.7,1.0838,100,1.55,1.0,1.0,1.0,75.0,177,81.73,24.86,3.39,25.99,0.37,0.9037,1.0,1.0,1.0,0.9948,352,Statcast,0.9031,35,Statcast,177,81.73,12.0,23.85,35.0,13.0,63.8,23.2,1.023,0.998,1.0155,0.996,1.0094,1.0018,7.02,0.15,Unknown/neutral,Neutral fallback,1.0,1.0,1.0,1.0,1.0,1.0,Neutral fallback,1.072,3,27.0,1.3,27.0,1.0,0.1067,0.0216,0.0113,0.0678,0.083,0.0023,0.2342,0.3766,0.3897,0.2338,0.0688,0.1631,0.0204,1.0,Yes,6.97,3.55,12.71,18.06,4.27,0.0,Raw,76.1,76.1,76.1,67.1,59.1,59.1,55.0,47.1,47.1,45.0,40.0,40.0,37.2,35.1,35.1,32.7,31.5,31.5,29.8,29.0,29.0,24.1,23.5,23.5,19.6,19.6,18.0,8.0,8.0,7.5,7.0,6.0,5.0,4.5,4.0,3.5,3.0,2.5,1.0,0.0,0.0,0.0,0.0,0.0,0.0,0.0,0.0,0.0,0.0,0.0,0.0,0.0,0.0,0.0,Low,
42,2026-08-12,Wyatt Langford,TEX,LAA,TEX @ LAA,AWAY,LF,8.75,8.26,8.26,7.14,6.67,6.43,7.26,6.43,0.885,4.2,5.7,4.93,0|8|7|6|0,0|8|7|6|0|9|4|7|2|14,0|8|7|6|0|9|4|7|2|14|3|9|0|5|0,91.7,85.3,84.8,77.2,70.0,69.0,59.3,58.8,54.2,53.7,44.9,43.4,38.5,33.2,33.2,29.3,29.3,26.5,26.5,23.5,21.8,21.8,18.0,18.0,17.0,17.0,14.0,210.54,A-,MORE 6.0 | 58.8% | Edge +2.3,MORE,6.0,58.8,2.26,17.6,Playable,2,Last 7 Confirmed,,2.0,7,2-1-1-2-2-1-2,57.1,97.0,4.94,Regular,14,1.04,George Klassen,R,7.27,2.88,0.2115,0.0192,0.2692,4.49,1.37,0.2037,0.0282,Angel Stadium,1.0,1.04,86.3,10.0,241.0,0.0,"warm, light wind",292,267,0.255,0.318,0.468,0.786,208,0.808,68,14,2,13,40,31,22,3,8,2026-08-11 @ Los Angeles Angels: 0 FS|2026-08-10 @ Los Angeles Angels: 8 FS|2026-08-09 vs Baltimore Orioles: 7 FS|2026-08-08 vs Baltimore Orioles: 6 FS|2026-08-07 vs Baltimore Orioles: 0 FS,2026-08-11 @ Los Angeles Angels: 0 FS|2026-08-10 @ Los Angeles Angels: 8 FS|2026-08-09 vs Baltimore Orioles: 7 FS|2026-08-08 vs Baltimore Orioles: 6 FS|2026-08-07 vs Baltimore Orioles: 0 FS|2026-08-05 vs San Francisco Giants: 9 FS|2026-08-04 vs San Francisco Giants: 4 FS|2026-08-03 vs San Francisco Giants: 7 FS|2026-08-02 @ Houston Astros: 2 FS|2026-08-01 @ Houston Astros: 14 FS,2026-08-11 @ Los Angeles Angels: 0 FS|2026-08-10 @ Los Angeles Angels: 8 FS|2026-08-09 vs Baltimore Orioles: 7 FS|2026-08-08 vs Baltimore Orioles: 6 FS|2026-08-07 vs Baltimore Orioles: 0 FS|2026-08-05 vs San Francisco Giants: 9 FS|2026-08-04 vs San Francisco Giants: 4 FS|2026-08-03 vs San Francisco Giants: 7 FS|2026-08-02 @ Houston Astros: 2 FS|2026-08-01 @ Houston Astros: 14 FS|2026-07-31 @ Houston Astros: 3 FS|2026-07-30 @ Tampa Bay Rays: 9 FS|2026-07-29 @ Tampa Bay Rays: 0 FS|2026-07-28 @ Tampa Bay Rays: 5 FS|2026-07-27 vs Seattle Mariners: 0 FS,15,30,8.2,6.5,Last 30 games + shrinkage,4.86,5.29,0.122,Cold,8.2,1.233,0.1,0.0667,0.0167,0.15,0.0167,10.1,10.11,8.7,9.07,8.94,28.0,16.0,20.0,16.0,20.0,6.0,16.53,48.6,51.4,Recent workload,Yes,50.5,38.8,55.0,68.9,1.141,94,0.7,1.0,1.0,1.0,75.0,244,83.85,24.59,1.64,25.41,0.364,0.91,1.0,1.0,1.0,1.0437,418,Statcast,1.0684,54,Statcast,244,83.85,12.0,25.4,33.7,24.2,63.1,12.7,1.0309,1.0032,1.043,1.0064,1.0529,0.9724,5.9,-2.3,Unknown/neutral,Neutral fallback,1.0,1.0,1.0,1.0,1.0,1.0,Neutral fallback,1.072,3,27.0,1.3,27.0,1.0,0.1263,0.0586,0.0034,0.0363,0.1191,0.0211,0.2198,0.3557,0.3557,0.2886,0.078,0.1103,0.0108,1.0,Projected,6.43,3.6,11.57,17.77,4.53,0.0,Raw,86.2,77.3,77.3,70.2,64.0,64.0,54.8,54.8,50.7,50.7,42.4,42.4,38.5,33.2,33.2,29.3,29.3,26.5,26.5,23.5,21.8,21.8,18.0,18.0,17.0,17.0,14.0,5.5,8.0,7.5,7.0,6.0,5.0,4.5,4.0,3.5,3.0,2.5,1.0,0.0,0.0,0.0,0.0,0.0,0.0,0.0,0.0,0.0,0.0,0.0,0.0,0.0,0.0,0.0,Low,
43,2026-08-12,Ben Rice,NYY,SEA,SEA @ NYY,HOME,1B,8.87,8.96,8.96,5.98,7.28,6.83,9.07,6.83,0.753,5.8,3.6,5.47,2|0|14|5|8,2|0|14|5|8|4|0|0|0|3,2|0|14|5|8|4|0|0|0|3|4|9|0|12|21,87.4,87.4,86.9,76.4,68.5,67.5,62.4,53.7,53.2,50.3,44.5,43.0,39.9,37.4,37.4,35.3,34.0,34.0,32.7,32.7,32.2,24.7,24.7,24.5,19.3,19.3,17.4,208.92,A-,MORE 5.5 | 62.4% | Edge +3.5,MORE,5.5,62.4,3.46,24.8,Good,2,Today Posted,2.0,2.0,7,2-2-3-2-2-2-2,85.7,100.0,5.02,Regular,13,1.04,Bryce Miller,R,3.08,0.95,0.1961,0.0425,0.049,3.79,1.2,0.2214,0.0293,Yankee Stadium,1.06,1.03,85.2,1.4,231.0,1.0,warm,487,423,0.255,0.349,0.541,0.89,317,0.944,108,19,3,32,72,75,59,3,2,2026-08-11 vs Seattle Mariners: 2 FS|2026-08-09 vs Atlanta Braves: 0 FS|2026-08-08 vs Atlanta Braves: 14 FS|2026-08-07 vs Atlanta Braves: 5 FS|2026-08-05 vs St. Louis Cardinals: 8 FS,2026-08-11 vs Seattle Mariners: 2 FS|2026-08-09 vs Atlanta Braves: 0 FS|2026-08-08 vs Atlanta Braves: 14 FS|2026-08-07 vs Atlanta Braves: 5 FS|2026-08-05 vs St. Louis Cardinals: 8 FS|2026-08-04 vs St. Louis Cardinals: 4 FS|2026-08-03 vs St. Louis Cardinals: 0 FS|2026-08-02 @ Chicago Cubs: 0 FS|2026-08-01 @ Chicago Cubs: 0 FS|2026-07-31 @ Chicago Cubs: 3 FS,2026-08-11 vs Seattle Mariners: 2 FS|2026-08-09 vs Atlanta Braves: 0 FS|2026-08-08 vs Atlanta Braves: 14 FS|2026-08-07 vs Atlanta Braves: 5 FS|2026-08-05 vs St. Louis Cardinals: 8 FS|2026-08-04 vs St. Louis Cardinals: 4 FS|2026-08-03 vs St. Louis Cardinals: 0 FS|2026-08-02 @ Chicago Cubs: 0 FS|2026-08-01 @ Chicago Cubs: 0 FS|2026-07-31 @ Chicago Cubs: 3 FS|2026-07-30 @ Chicago White Sox: 4 FS|2026-07-29 @ Chicago White Sox: 9 FS|2026-07-28 @ Chicago White Sox: 0 FS|2026-07-27 @ Chicago White Sox: 12 FS|2026-07-26 @ Philadelphia Phillies: 21 FS,15,30,8.0,5.0,Last 30 games + shrinkage,4.71,4.36,0.122,Cold,8.0,1.034,0.1017,0.0339,0.0169,0.1695,0.0,10.43,9.76,7.83,8.52,9.56,28.0,16.0,20.0,16.0,20.0,6.0,23.12,68.0,32.0,Recent workload,No,50.0,38.3,65.1,71.4,1.1308,154,4.67,1.0,1.0,1.0,75.0,274,84.9,28.1,3.65,31.75,0.444,1.0089,1.0,1.0,1.0,1.0205,661,Statcast,1.0482,68,Statcast,274,84.9,12.0,17.19,31.05,12.4,61.0,26.6,1.0176,0.9836,0.9902,0.8261,1.1471,0.9659,5.16,-2.84,Unknown/neutral,Neutral fallback,1.0,1.0,1.0,1.0,1.0,1.0,Neutral fallback,1.072,3,27.0,0.8625,27.0,0.9945,0.0786,0.0389,0.0022,0.0759,0.1032,0.0001,0.2514,0.4384,0.3847,0.1769,0.0331,0.1423,0.0001,1.0,Yes,6.83,3.72,12.75,18.02,4.57,0.0,Raw,79.4,79.4,79.4,69.4,62.5,62.5,57.9,49.7,49.7,47.3,42.0,42.0,39.9,37.4,37.4,35.3,34.0,34.0,32.7,32.7,32.2,24.7,24.7,24.5,19.3,19.3,17.4,8.0,8.0,7.5,7.0,6.0,5.0,4.5,4.0,3.5,3.0,2.5,1.0,0.0,0.0,0.0,0.0,0.0,0.0,0.0,0.0,0.0,0.0,0.0,0.0,0.0,0.0,0.0,Low,
44,2026-08-12,Liam Hicks,TB,ATH,TB @ ATH,AWAY,C,8.92,7.92,7.92,6.33,5.41,5.64,6.82,5.64,0.827,5.6,7.9,6.73,8|6|0|12|2,8|6|0|12|2|5|2|27|3|14,8|6|0|12|2|5|2|27|3|14|0|8|2|6|6,92.7,92.7,86.6,77.5,76.5,70.7,70.2,58.4,53.2,52.7,43.6,37.1,36.1,31.1,31.1,26.3,23.3,23.3,19.8,19.8,18.1,14.9,14.9,13.7,13.7,11.6,10.3,207.58,A-,MORE 6.0 | 58.4% | Edge +1.9,MORE,6.0,58.4,1.92,16.8,Playable,4,Today Posted,4.0,4.0,5,4-5-4-4-4,80.0,100.0,4.63,Likely regular,11,1.0,Jack Perkins,R,7.0,1.49,0.2384,0.0411,0.0877,5.49,1.5,0.2358,0.0399,Sutter Health Park,1.0,1.03,83.2,4.8,236.0,0.0,warm,438,377,0.284,0.368,0.44,0.808,0,0.0,107,12,1,15,56,68,44,10,3,2026-08-12 @ Athletics: 8 FS|2026-08-11 @ Athletics: 6 FS|2026-08-10 @ Athletics: 0 FS|2026-08-09 @ Seattle Mariners: 12 FS|2026-08-08 @ Seattle Mariners: 2 FS,2026-08-12 @ Athletics: 8 FS|2026-08-11 @ Athletics: 6 FS|2026-08-10 @ Athletics: 0 FS|2026-08-09 @ Seattle Mariners: 12 FS|2026-08-08 @ Seattle Mariners: 2 FS|2026-08-07 @ Seattle Mariners: 5 FS|2026-08-05 @ Colorado Rockies: 2 FS|2026-08-04 @ Colorado Rockies: 27 FS|2026-08-02 @ New York Mets: 3 FS|2026-08-01 @ New York Mets: 14 FS,2026-08-12 @ Athletics: 8 FS|2026-08-11 @ Athletics: 6 FS|2026-08-10 @ Athletics: 0 FS|2026-08-09 @ Seattle Mariners: 12 FS|2026-08-08 @ Seattle Mariners: 2 FS|2026-08-07 @ Seattle Mariners: 5 FS|2026-08-05 @ Colorado Rockies: 2 FS|2026-08-04 @ Colorado Rockies: 27 FS|2026-08-02 @ New York Mets: 3 FS|2026-08-01 @ New York Mets: 14 FS|2026-07-31 @ New York Mets: 0 FS|2026-07-30 @ New York Mets: 8 FS|2026-07-29 vs Philadelphia Phillies: 2 FS|2026-07-28 vs Philadelphia Phillies: 6 FS|2026-07-27 vs Philadelphia Phillies: 6 FS,15,30,6.47,5.0,Last 30 games + shrinkage,5.0,6.79,0.318,Hot,6.47,1.759,0.2593,0.0741,0.0185,0.1481,0.0,9.64,8.64,9.06,8.72,,35.0,20.0,25.0,20.0,0.0,6.0,18.37,54.0,46.0,Recent workload,No,49.0,37.3,0.0,67.4,1.0619,127,1.55,1.0,1.0,1.0,75.0,227,78.64,17.62,0.88,22.91,0.268,0.82,1.0,1.0,1.0,0.9962,494,Statcast,1.0108,60,Statcast,227,78.64,12.0,15.08,31.88,11.0,57.3,31.7,1.0206,0.9859,0.9678,0.9718,0.9247,1.0011,6.56,0.09,Unknown/neutral,Neutral fallback,1.0,1.0,1.0,1.0,1.0,1.0,Neutral fallback,1.072,3,27.0,0.8817,27.0,1.0,0.1809,0.0354,0.0024,0.0277,0.1157,0.0264,0.1458,0.5231,0.2693,0.2076,0.1183,0.1711,0.0094,1.0,Yes,5.64,3.85,10.47,16.26,4.42,0.0,Raw,87.8,87.8,79.1,70.5,70.5,65.7,65.7,54.4,49.7,49.7,41.1,36.1,36.1,31.1,31.1,26.3,23.3,23.3,19.8,19.8,18.1,14.9,14.9,13.7,13.7,11.6,10.3,4.9,4.9,7.5,7.0,6.0,5.0,4.5,4.0,3.5,3.0,2.5,1.0,0.0,0.0,0.0,0.0,0.0,0.0,0.0,0.0,0.0,0.0,0.0,0.0,0.0,0.0,0.0,Low,
45,2026-08-12,Geraldo Perdomo,ARI,COL,COL @ ARI,HOME,SS,7.52,7.6,7.6,6.16,5.71,5.82,6.48,5.82,0.898,7.2,6.0,7.47,0|4|5|12|15,0|4|5|12|15|0|5|6|8|5,0|4|5|12|15|0|5|6|8|5|27|10|0|10|5,92.2,85.8,78.3,77.8,69.1,68.1,57.9,57.4,51.8,51.3,42.2,35.8,34.8,29.7,29.7,25.2,25.2,22.3,22.3,19.0,16.9,16.9,13.6,13.6,12.3,12.3,10.1,207.49,A-,MORE 5.0 | 68.1% | Edge +2.6,MORE,5.0,68.1,2.6,36.2,Good,1,Today Posted,1.0,1.0,6,1-1-1-1-1-3,83.3,100.0,5.13,Regular,13,1.04,Ryan Feltner,R,5.75,1.47,0.2452,0.0496,0.0909,5.49,1.51,0.2568,0.0354,Chase Field,1.0,1.0,,,,,Indoor/retractable neutral,502,415,0.243,0.358,0.373,0.731,357,0.761,101,15,6,9,57,42,73,4,17,2026-08-12 vs Colorado Rockies: 0 FS|2026-08-10 vs Colorado Rockies: 4 FS|2026-08-09 vs Los Angeles Dodgers: 5 FS|2026-08-08 vs Los Angeles Dodgers: 12 FS|2026-08-07 vs Los Angeles Dodgers: 15 FS,2026-08-12 vs Colorado Rockies: 0 FS|2026-08-10 vs Colorado Rockies: 4 FS|2026-08-09 vs Los Angeles Dodgers: 5 FS|2026-08-08 vs Los Angeles Dodgers: 12 FS|2026-08-07 vs Los Angeles Dodgers: 15 FS|2026-08-06 vs San Diego Padres: 0 FS|2026-08-05 vs San Diego Padres: 5 FS|2026-08-04 vs San Diego Padres: 6 FS|2026-08-03 vs San Diego Padres: 8 FS|2026-08-02 @ Cleveland Guardians: 5 FS,2026-08-12 vs Colorado Rockies: 0 FS|2026-08-10 vs Colorado Rockies: 4 FS|2026-08-09 vs Los Angeles Dodgers: 5 FS|2026-08-08 vs Los Angeles Dodgers: 12 FS|2026-08-07 vs Los Angeles Dodgers: 15 FS|2026-08-06 vs San Diego Padres: 0 FS|2026-08-05 vs San Diego Padres: 5 FS|2026-08-04 vs San Diego Padres: 6 FS|2026-08-03 vs San Diego Padres: 8 FS|2026-08-02 @ Cleveland Guardians: 5 FS|2026-08-01 @ Cleveland Guardians: 27 FS|2026-07-31 @ Cleveland Guardians: 10 FS|2026-07-29 @ Pittsburgh Pirates: 0 FS|2026-07-28 @ Pittsburgh Pirates: 10 FS|2026-07-27 @ Pittsburgh Pirates: 5 FS,15,30,7.63,6.0,Last 30 games + shrinkage,5.86,7.64,0.315,Hot,7.63,1.814,0.2881,0.0847,0.0169,0.0847,0.0,9.42,9.3,9.2,8.93,7.96,28.0,16.0,20.0,16.0,20.0,6.0,18.53,54.5,45.5,Recent workload,No,51.8,40.0,67.7,73.0,0.9997,194,0.2,1.0,1.0,1.0,100.0,298,82.3,19.13,1.34,27.18,0.287,0.82,1.0,1.0,1.0,0.999,798,Statcast,0.9878,145,Statcast,298,82.3,12.0,19.69,29.37,16.8,57.4,25.8,1.0,0.9978,0.9918,0.9955,0.9851,0.9912,6.9,-0.73,Unknown/neutral,Neutral fallback,1.0,1.0,1.0,1.0,1.0,1.0,Neutral fallback,1.072,3,27.0,1.3,27.0,0.9845,0.1443,0.0263,0.0108,0.0226,0.1581,0.0095,0.1406,0.4091,0.3377,0.2533,0.0457,0.0683,0.0053,1.0,Yes,5.82,3.47,10.65,16.04,4.66,0.0,Raw,87.0,77.8,70.8,70.8,63.1,63.1,53.4,53.4,48.3,48.3,39.7,34.8,34.8,29.7,29.7,25.2,25.2,22.3,22.3,19.0,16.9,16.9,13.6,13.6,12.3,12.3,10.1,5.2,8.0,7.5,7.0,6.0,5.0,4.5,4.0,3.5,3.0,2.5,1.0,0.0,0.0,0.0,0.0,0.0,0.0,0.0,0.0,0.0,0.0,0.0,0.0,0.0,0.0,0.0,Low,
46,2026-08-12,Willi Castro,COL,ARI,COL @ ARI,AWAY,2B,8.0,8.27,8.27,6.45,6.43,6.27,7.83,6.27,0.8,2.4,7.5,8.4,0|2|3|7|0,0|2|3|7|0|8|16|11|7|21,0|2|3|7|0|8|16|11|7|21|5|20|16|0|10,89.8,89.8,82.2,81.7,71.0,65.7,65.2,55.0,51.5,51.0,43.4,41.9,37.0,33.2,33.2,29.7,28.0,28.0,25.8,25.8,24.6,20.2,20.2,19.5,16.0,16.0,14.2,207.17,A-,MORE 5.5 | 65.2% | Edge +2.8,MORE,5.5,65.2,2.77,30.4,Good,6,Today Posted,6.0,7.0,6,5-7-7-6-6-7,50.0,100.0,4.4,Regular,13,1.04,Merrill Kelly,R,4.83,1.45,0.2414,0.0441,0.0958,4.1,1.29,0.2264,0.0304,Chase Field,1.0,1.0,,,,,Indoor/retractable neutral,402,363,0.262,0.331,0.421,0.752,264,0.77,95,17,1,13,53,48,33,5,7,2026-08-12 @ Arizona Diamondbacks: 0 FS|2026-08-11 @ Arizona Diamondbacks: 2 FS|2026-08-10 @ Arizona Diamondbacks: 3 FS|2026-08-09 @ St. Louis Cardinals: 7 FS|2026-08-08 @ St. Louis Cardinals: 0 FS,2026-08-12 @ Arizona Diamondbacks: 0 FS|2026-08-11 @ Arizona Diamondbacks: 2 FS|2026-08-10 @ Arizona Diamondbacks: 3 FS|2026-08-09 @ St. Louis Cardinals: 7 FS|2026-08-08 @ St. Louis Cardinals: 0 FS|2026-08-07 @ St. Louis Cardinals: 8 FS|2026-08-04 vs Tampa Bay Rays: 16 FS|2026-08-03 vs Tampa Bay Rays: 11 FS|2026-08-02 vs Kansas City Royals: 7 FS|2026-08-01 vs Kansas City Royals: 21 FS,2026-08-12 @ Arizona Diamondbacks: 0 FS|2026-08-11 @ Arizona Diamondbacks: 2 FS|2026-08-10 @ Arizona Diamondbacks: 3 FS|2026-08-09 @ St. Louis Cardinals: 7 FS|2026-08-08 @ St. Louis Cardinals: 0 FS|2026-08-07 @ St. Louis Cardinals: 8 FS|2026-08-04 vs Tampa Bay Rays: 16 FS|2026-08-03 vs Tampa Bay Rays: 11 FS|2026-08-02 vs Kansas City Royals: 7 FS|2026-08-01 vs Kansas City Royals: 21 FS|2026-07-29 @ San Diego Padres: 5 FS|2026-07-28 @ San Diego Padres: 20 FS|2026-07-26 @ Milwaukee Brewers: 16 FS|2026-07-25 @ Milwaukee Brewers: 0 FS|2026-07-24 @ Milwaukee Brewers: 10 FS,15,30,7.47,7.0,Last 30 games + shrinkage,5.14,8.29,0.277,Neutral,7.47,2.189,0.2453,0.1321,0.0755,0.0943,0.0,8.44,8.8,8.84,7.98,7.69,28.0,16.0,20.0,16.0,20.0,6.0,17.67,52.0,48.0,Recent workload,No,46.5,35.1,60.8,68.8,1.15,135,0.31,1.0,1.0,1.0,100.0,242,81.12,23.55,1.24,30.99,0.434,0.9231,1.0,1.0,1.0,1.0333,561,Statcast,0.9838,50,Statcast,242,81.12,12.0,22.38,31.21,11.6,67.4,21.1,1.0,0.9957,0.9844,0.9915,0.9716,0.9902,6.65,-0.81,Unknown/neutral,Neutral fallback,1.0,1.0,1.0,1.0,1.0,1.0,Neutral fallback,1.072,3,27.0,1.2762,27.0,0.9953,0.1387,0.046,0.0032,0.0531,0.0929,0.0129,0.2344,0.3495,0.3883,0.2622,0.0563,0.1353,0.0042,1.0,Yes,6.27,3.25,12.05,16.86,4.28,0.0,Raw,83.0,83.0,74.7,74.7,65.0,60.7,60.7,51.0,48.0,48.0,40.9,40.9,37.0,33.2,33.2,29.7,28.0,28.0,25.8,25.8,24.6,20.2,20.2,19.5,16.0,16.0,14.2,6.8,6.8,7.5,7.0,6.0,5.0,4.5,4.0,3.5,3.0,2.5,1.0,0.0,0.0,0.0,0.0,0.0,0.0,0.0,0.0,0.0,0.0,0.0,0.0,0.0,0.0,0.0,Low,
47,2026-08-12,Corey Seager,TEX,LAA,TEX @ LAA,AWAY,SS,8.51,8.27,8.27,6.43,6.38,6.24,7.69,6.24,0.812,4.6,5.8,7.0,0|5|0|18|0,0|5|0|18|0|15|5|0|5|10,0|5|0|18|0|15|5|0|5|10|0|4|18|6|19,91.8,91.8,83.6,75.3,74.3,66.9,66.4,55.4,50.7,50.2,42.5,41.0,36.2,31.8,31.8,28.5,26.1,26.1,23.8,23.8,22.6,19.4,19.4,18.7,18.7,15.3,14.1,206.55,A-,MORE 5.5 | 66.4% | Edge +2.8,MORE,5.5,66.4,2.77,32.8,Good,3,Last 7 Confirmed,,3.0,6,3-2-2-3-3-3,66.7,96.3,4.84,Regular,13,1.04,George Klassen,R,7.27,2.88,0.2115,0.0192,0.2692,4.49,1.37,0.2037,0.0282,Angel Stadium,1.0,1.04,86.3,10.0,241.0,0.0,"warm, light wind",259,224,0.192,0.293,0.371,0.664,190,0.702,43,7,0,11,33,28,31,2,1,2026-08-11 @ Los Angeles Angels: 0 FS|2026-08-10 @ Los Angeles Angels: 5 FS|2026-08-09 vs Baltimore Orioles: 0 FS|2026-08-08 vs Baltimore Orioles: 18 FS|2026-08-07 vs Baltimore Orioles: 0 FS,2026-08-11 @ Los Angeles Angels: 0 FS|2026-08-10 @ Los Angeles Angels: 5 FS|2026-08-09 vs Baltimore Orioles: 0 FS|2026-08-08 vs Baltimore Orioles: 18 FS|2026-08-07 vs Baltimore Orioles: 0 FS|2026-08-04 vs San Francisco Giants: 15 FS|2026-08-03 vs San Francisco Giants: 5 FS|2026-08-02 @ Houston Astros: 0 FS|2026-08-01 @ Houston Astros: 5 FS|2026-07-31 @ Houston Astros: 10 FS,2026-08-11 @ Los Angeles Angels: 0 FS|2026-08-10 @ Los Angeles Angels: 5 FS|2026-08-09 vs Baltimore Orioles: 0 FS|2026-08-08 vs Baltimore Orioles: 18 FS|2026-08-07 vs Baltimore Orioles: 0 FS|2026-08-04 vs San Francisco Giants: 15 FS|2026-08-03 vs San Francisco Giants: 5 FS|2026-08-02 @ Houston Astros: 0 FS|2026-08-01 @ Houston Astros: 5 FS|2026-07-31 @ Houston Astros: 10 FS|2026-06-30 @ Cleveland Guardians: 0 FS|2026-06-28 @ Toronto Blue Jays: 4 FS|2026-06-27 @ Toronto Blue Jays: 18 FS|2026-06-25 @ Toronto Blue Jays: 6 FS|2026-06-11 @ Kansas City Royals: 19 FS,15,30,5.73,4.0,Last 30 games + shrinkage,6.14,6.14,0.213,Neutral,5.73,1.564,0.1818,0.0545,0.0364,0.1455,0.0,9.77,9.08,9.87,9.83,9.12,28.0,16.0,20.0,16.0,20.0,6.0,16.53,48.6,51.4,Recent workload,Yes,37.0,27.0,52.8,38.2,1.15,25,0.7,1.0,1.0,1.0,75.0,68,85.86,32.35,2.94,26.47,0.374,0.9752,1.0,1.0,1.0,1.02,150,Statcast,1.14,22,Statcast,68,85.86,12.0,23.93,30.11,10.3,67.7,22.1,1.0309,1.0092,1.0656,1.0184,1.0941,0.9991,5.65,-0.08,Unknown/neutral,Neutral fallback,1.0,1.0,1.0,1.0,1.0,1.0,Neutral fallback,1.072,3,27.0,0.8625,27.0,1.0,0.1359,0.0364,0.0008,0.0455,0.1443,0.0114,0.2355,0.4243,0.4243,0.1515,0.0728,0.1224,0.0015,1.0,Projected,6.24,3.99,11.3,17.79,4.42,0.0,Raw,86.4,86.4,76.1,68.3,68.3,61.9,61.9,51.4,47.2,47.2,40.0,40.0,36.2,31.8,31.8,28.5,26.1,26.1,23.8,23.8,22.6,19.4,19.4,18.7,18.7,15.3,14.1,5.4,5.4,7.5,7.0,6.0,5.0,4.5,4.0,3.5,3.0,2.5,1.0,0.0,0.0,0.0,0.0,0.0,0.0,0.0,0.0,0.0,0.0,0.0,0.0,0.0,0.0,0.0,Low,
48,2026-08-12,Francisco Alvarez,NYM,ATL,NYM @ ATL,AWAY,C,8.0,8.6,8.6,6.73,5.07,5.44,7.82,5.63,0.72,9.2,6.4,6.87,2|6|20|3|15,2|6|20|3|15|0|3|7|2|6,2|6|20|3|15|0|3|7|2|6|0|7|11|7|14,92.1,92.1,91.8,84.6,83.6,73.5,67.8,67.3,56.9,52.5,44.4,42.9,37.9,33.8,33.8,30.2,28.2,28.2,25.7,24.5,20.9,20.9,20.1,17.0,17.0,15.4,13.2,205.98,A-,MORE 6.0 | 67.3% | Edge +2.6,MORE,6.0,67.3,2.6,34.6,Good,7,Today Posted,7.0,9.0,6,7-9-9-9-5-6,50.0,100.0,4.11,Regular,14,1.04,Tyler Mahle,R,4.83,1.36,0.2295,0.0328,0.0913,3.61,1.24,0.2027,0.0302,Truist Park,1.01,1.055,90.4,8.6,279.0,5.0,hot,307,267,0.255,0.344,0.438,0.782,226,0.819,68,10,0,13,29,29,33,4,0,2026-08-11 @ Atlanta Braves: 2 FS|2026-08-10 @ Atlanta Braves: 6 FS|2026-08-09 @ Pittsburgh Pirates: 20 FS|2026-08-08 @ Pittsburgh Pirates: 3 FS|2026-08-06 @ Cleveland Guardians: 15 FS,2026-08-11 @ Atlanta Braves: 2 FS|2026-08-10 @ Atlanta Braves: 6 FS|2026-08-09 @ Pittsburgh Pirates: 20 FS|2026-08-08 @ Pittsburgh Pirates: 3 FS|2026-08-06 @ Cleveland Guardians: 15 FS|2026-08-05 @ Cleveland Guardians: 0 FS|2026-08-04 @ Cleveland Guardians: 3 FS|2026-08-02 vs Miami Marlins: 7 FS|2026-07-31 vs Miami Marlins: 2 FS|2026-07-30 vs Miami Marlins: 6 FS,2026-08-11 @ Atlanta Braves: 2 FS|2026-08-10 @ Atlanta Braves: 6 FS|2026-08-09 @ Pittsburgh Pirates: 20 FS|2026-08-08 @ Pittsburgh Pirates: 3 FS|2026-08-06 @ Cleveland Guardians: 15 FS|2026-08-05 @ Cleveland Guardians: 0 FS|2026-08-04 @ Cleveland Guardians: 3 FS|2026-08-02 vs Miami Marlins: 7 FS|2026-07-31 vs Miami Marlins: 2 FS|2026-07-30 vs Miami Marlins: 6 FS|2026-07-29 vs Atlanta Braves: 0 FS|2026-07-29 vs Atlanta Braves: 7 FS|2026-07-27 vs Atlanta Braves: 11 FS|2026-07-25 vs Los Angeles Dodgers: 7 FS|2026-07-24 vs Los Angeles Dodgers: 14 FS,15,30,6.97,6.0,Last 30 games + shrinkage,7.0,6.36,0.238,Neutral,6.97,1.589,0.1786,0.0714,0.0179,0.2321,0.0,8.2,8.48,8.05,8.22,8.06,28.0,16.0,20.0,16.0,20.0,6.0,22.51,66.2,33.8,Recent workload,No,46.9,35.5,57.1,61.7,1.15,72,-0.76,1.0,1.0,1.0,75.0,177,84.08,29.94,2.26,33.9,0.468,1.0113,1.0,1.0,1.0,1.0185,312,Statcast,1.14,58,Statcast,177,84.08,12.0,17.33,32.3,19.8,73.5,6.8,1.013,1.0016,1.0188,1.0031,1.0236,0.9993,6.91,-0.06,Unknown/neutral,Neutral fallback,1.0,1.0,1.0,1.0,1.0,1.0,Neutral fallback,1.072,3,27.0,0.8625,27.0,1.0,0.1682,0.0519,0.0004,0.0601,0.1368,0.0156,0.2549,0.4942,0.2589,0.247,0.044,0.0931,0.0003,1.0,Yes,5.63,4.57,11.77,16.81,3.91,0.0,Raw,86.9,86.9,86.9,77.6,77.6,68.5,63.3,63.3,53.4,49.5,41.9,41.9,37.9,33.8,33.8,30.2,28.2,28.2,25.7,24.5,20.9,20.9,20.1,17.0,17.0,15.4,13.2,5.2,5.2,4.9,7.0,6.0,5.0,4.5,4.0,3.5,3.0,2.5,1.0,0.0,0.0,0.0,0.0,0.0,0.0,0.0,0.0,0.0,0.0,0.0,0.0,0.0,0.0,0.0,Low,
49,2026-08-12,Jeremy Peña,HOU,SF,HOU @ SF,AWAY,SS,8.31,7.71,7.71,6.05,7.49,6.97,7.18,6.97,0.971,1.4,4.3,7.0,0|0|7|0|0,0|0|7|0|0|2|2|4|7|21,0|0|7|0|0|2|2|4|7|21|15|21|14|3|9,85.2,85.2,71.8,71.3,67.3,66.3,54.5,54.0,49.5,49.0,42.4,35.1,34.1,31.0,31.0,26.3,26.3,24.2,24.2,21.8,21.8,20.0,20.0,15.8,15.8,14.6,14.6,205.65,A-,MORE 5.0 | 66.3% | Edge +2.7,MORE,5.0,66.3,2.71,32.6,Good,1,Today Posted,1.0,1.0,7,1-1-1-1-1-1-1,100.0,100.0,5.04,Regular,13,1.04,Adrian Houser,R,4.5,1.36,0.2389,0.0351,0.0726,4.34,1.36,0.2172,0.0248,Oracle Park,0.94,1.0,67.0,8.0,243.0,0.0,neutral,319,290,0.29,0.348,0.472,0.82,247,0.878,84,12,1,13,55,38,21,6,8,2026-08-12 @ San Francisco Giants: 0 FS|2026-08-11 @ San Francisco Giants: 0 FS|2026-08-10 @ San Francisco Giants: 7 FS|2026-08-09 @ San Diego Padres: 0 FS|2026-08-08 @ San Diego Padres: 0 FS,2026-08-12 @ San Francisco Giants: 0 FS|2026-08-11 @ San Francisco Giants: 0 FS|2026-08-10 @ San Francisco Giants: 7 FS|2026-08-09 @ San Diego Padres: 0 FS|2026-08-08 @ San Diego Padres: 0 FS|2026-08-07 @ San Diego Padres: 2 FS|2026-08-05 vs Toronto Blue Jays: 2 FS|2026-08-04 vs Toronto Blue Jays: 4 FS|2026-08-03 vs Toronto Blue Jays: 7 FS|2026-08-02 vs Texas Rangers: 21 FS,2026-08-12 @ San Francisco Giants: 0 FS|2026-08-11 @ San Francisco Giants: 0 FS|2026-08-10 @ San Francisco Giants: 7 FS|2026-08-09 @ San Diego Padres: 0 FS|2026-08-08 @ San Diego Padres: 0 FS|2026-08-07 @ San Diego Padres: 2 FS|2026-08-05 vs Toronto Blue Jays: 2 FS|2026-08-04 vs Toronto Blue Jays: 4 FS|2026-08-03 vs Toronto Blue Jays: 7 FS|2026-08-02 vs Texas Rangers: 21 FS|2026-08-01 vs Texas Rangers: 15 FS|2026-07-31 vs Texas Rangers: 21 FS|2026-07-29 @ Los Angeles Angels: 14 FS|2026-07-28 @ Los Angeles Angels: 3 FS|2026-07-27 @ Los Angeles Angels: 9 FS,15,30,9.4,7.0,Last 30 games + shrinkage,1.57,6.86,0.186,Cold,9.4,1.477,0.1692,0.0769,0.0308,0.0615,0.0,9.33,9.31,7.84,7.07,7.97,28.0,16.0,20.0,16.0,20.0,6.0,11.19,32.9,67.1,Recent workload,Yes,51.7,40.0,59.2,67.0,1.0332,131,-2.0,1.0,1.0,1.0,75.0,223,84.61,30.49,0.9,26.91,0.398,0.956,1.0,1.0,1.0,1.0113,520,Statcast,1.0274,85,Statcast,223,84.61,12.0,12.63,35.0,24.7,61.9,13.4,1.0022,1.001,1.046,1.2324,0.8877,0.9615,6.19,-3.21,Unknown/neutral,Neutral fallback,1.0,1.0,1.0,1.0,1.0,1.0,Neutral fallback,1.072,3,27.0,1.2926,27.0,0.9756,0.1767,0.0327,0.0081,0.0333,0.0571,0.0194,0.1982,0.5,0.1897,0.3103,0.0826,0.1184,0.0003,1.0,Yes,6.97,3.14,10.9,17.7,4.58,0.0,Raw,77.2,77.2,64.3,64.3,61.3,61.3,50.0,50.0,46.0,46.0,39.9,34.1,34.1,31.0,31.0,26.3,26.3,24.2,24.2,21.8,21.8,20.0,20.0,15.8,15.8,14.6,14.6,8.0,8.0,7.5,7.0,6.0,5.0,4.5,4.0,3.5,3.0,2.5,1.0,0.0,0.0,0.0,0.0,0.0,0.0,0.0,0.0,0.0,0.0,0.0,0.0,0.0,0.0,0.0,Low,
50,2026-08-12,Eugenio Suárez,CIN,CWS,CIN @ CWS,AWAY,DH,8.11,8.23,8.23,5.7,7.0,6.64,8.46,6.64,0.784,12.8,7.8,6.93,19|2|18|14|11,19|2|18|14|11|0|5|5|2|2,19|2|18|14|11|0|5|5|2|2|3|0|2|0|21,86.8,86.8,75.5,75.0,65.8,60.6,60.1,51.0,47.8,47.3,40.9,39.4,35.9,33.2,33.2,31.1,29.7,29.7,28.4,27.7,27.7,23.1,23.1,22.8,17.8,17.8,16.2,205.62,B+,MORE 5.5 | 60.1% | Edge +2.7,MORE,5.5,60.1,2.73,20.2,Playable,4,Today Posted,4.0,5.0,7,5-5-4-5-5-4-5,71.4,100.0,4.73,Regular,14,1.04,Luis Castillo,R,5.3,1.41,0.2451,0.0369,0.0716,4.1,1.3,0.2093,0.0284,Rate Field,1.0,1.0,,,,,Weather unavailable,346,310,0.206,0.286,0.416,0.702,266,0.707,64,14,0,17,30,44,32,3,0,2026-08-11 @ Chicago White Sox: 19 FS|2026-08-09 @ Washington Nationals: 2 FS|2026-08-08 @ Washington Nationals: 18 FS|2026-08-07 @ Washington Nationals: 14 FS|2026-08-06 vs Athletics: 11 FS,2026-08-11 @ Chicago White Sox: 19 FS|2026-08-09 @ Washington Nationals: 2 FS|2026-08-08 @ Washington Nationals: 18 FS|2026-08-07 @ Washington Nationals: 14 FS|2026-08-06 vs Athletics: 11 FS|2026-08-05 vs Athletics: 0 FS|2026-08-04 vs Athletics: 5 FS|2026-08-01 vs Pittsburgh Pirates: 5 FS|2026-07-31 vs Pittsburgh Pirates: 2 FS|2026-07-30 vs Pittsburgh Pirates: 2 FS,2026-08-11 @ Chicago White Sox: 19 FS|2026-08-09 @ Washington Nationals: 2 FS|2026-08-08 @ Washington Nationals: 18 FS|2026-08-07 @ Washington Nationals: 14 FS|2026-08-06 vs Athletics: 11 FS|2026-08-05 vs Athletics: 0 FS|2026-08-04 vs Athletics: 5 FS|2026-08-01 vs Pittsburgh Pirates: 5 FS|2026-07-31 vs Pittsburgh Pirates: 2 FS|2026-07-30 vs Pittsburgh Pirates: 2 FS|2026-07-29 vs Cleveland Guardians: 3 FS|2026-07-28 vs Cleveland Guardians: 0 FS|2026-07-26 @ St. Louis Cardinals: 2 FS|2026-07-25 @ St. Louis Cardinals: 0 FS|2026-07-24 @ St. Louis Cardinals: 21 FS,15,30,7.37,4.5,Last 30 games + shrinkage,9.86,5.93,0.17,Cold,7.37,1.509,0.1455,0.1091,0.0545,0.1273,0.0,8.45,9.05,8.3,9.6,7.92,28.0,16.0,20.0,16.0,20.0,6.0,23.07,67.9,32.1,Recent workload,No,47.4,36.0,61.0,65.0,1.118,166,-2.7,1.0,1.0,1.0,75.0,204,84.05,23.04,1.96,29.41,0.418,0.9502,1.0,1.0,1.0,0.9814,576,Statcast,0.88,24,Statcast,204,84.05,12.0,19.14,30.3,22.1,67.7,10.3,1.0,1.0022,1.0082,1.0045,1.0149,1.0123,8.39,1.03,Unknown/neutral,Neutral fallback,1.0,1.0,1.0,1.0,1.0,1.0,Neutral fallback,1.072,3,27.0,0.8625,27.0,0.9973,0.0876,0.0428,0.0003,0.0632,0.09,0.0104,0.3019,0.3415,0.4391,0.2194,0.042,0.1592,0.0001,1.0,Yes,6.64,3.34,12.76,17.46,4.64,0.0,Raw,78.8,78.8,68.0,68.0,59.8,55.6,55.6,47.0,44.3,44.3,38.4,38.4,35.9,33.2,33.2,31.1,29.7,29.7,28.4,27.7,27.7,23.1,23.1,22.8,17.8,17.8,16.2,8.0,8.0,7.5,7.0,6.0,5.0,4.5,4.0,3.5,3.0,2.5,1.0,0.0,0.0,0.0,0.0,0.0,0.0,0.0,0.0,0.0,0.0,0.0,0.0,0.0,0.0,0.0,Low,
51,2026-08-12,Jonny DeLuca,TB,ATH,TB @ ATH,AWAY,RF,8.37,7.96,7.96,5.33,7.44,6.94,7.81,6.94,0.888,7.8,7.4,8.87,7|18|0|14|0,7|18|0|14|0|3|10|22|0|0,7|18|0|14|0|3|10|22|0|0|0|16|5|19|19,87.1,82.8,82.3,69.5,66.6,65.6,53.9,53.4,49.6,49.1,42.6,36.0,35.0,32.4,32.4,28.1,28.1,26.3,26.3,23.8,22.4,22.4,18.4,18.4,17.6,17.6,15.3,205.38,B+,MORE 5.0 | 65.6% | Edge +3.0,MORE,5.0,65.6,2.96,31.2,Good,6,Today Posted,6.0,5.0,2,5-6,50.0,100.0,4.15,Likely regular,11,1.0,Jack Perkins,R,7.0,1.49,0.2384,0.0411,0.0877,5.49,1.5,0.2358,0.0399,Sutter Health Park,1.0,1.03,83.2,4.8,236.0,0.0,warm,236,224,0.268,0.299,0.446,0.745,133,0.745,60,16,0,8,33,34,10,0,13,2026-08-12 @ Athletics: 7 FS|2026-08-10 @ Athletics: 18 FS|2026-08-08 @ Seattle Mariners: 0 FS|2026-08-07 @ Seattle Mariners: 14 FS|2026-08-04 @ Colorado Rockies: 0 FS,2026-08-12 @ Athletics: 7 FS|2026-08-10 @ Athletics: 18 FS|2026-08-08 @ Seattle Mariners: 0 FS|2026-08-07 @ Seattle Mariners: 14 FS|2026-08-04 @ Colorado Rockies: 0 FS|2026-08-02 vs Chicago White Sox: 3 FS|2026-08-01 vs Chicago White Sox: 10 FS|2026-07-30 vs Texas Rangers: 22 FS|2026-07-29 vs Texas Rangers: 0 FS|2026-07-28 vs Texas Rangers: 0 FS,2026-08-12 @ Athletics: 7 FS|2026-08-10 @ Athletics: 18 FS|2026-08-08 @ Seattle Mariners: 0 FS|2026-08-07 @ Seattle Mariners: 14 FS|2026-08-04 @ Colorado Rockies: 0 FS|2026-08-02 vs Chicago White Sox: 3 FS|2026-08-01 vs Chicago White Sox: 10 FS|2026-07-30 vs Texas Rangers: 22 FS|2026-07-29 vs Texas Rangers: 0 FS|2026-07-28 vs Texas Rangers: 0 FS|2026-07-26 vs Cleveland Guardians: 0 FS|2026-07-24 vs Cleveland Guardians: 16 FS|2026-07-23 @ Toronto Blue Jays: 5 FS|2026-07-21 @ Toronto Blue Jays: 19 FS|2026-07-18 @ Boston Red Sox: 19 FS,15,30,6.77,3.0,Last 30 games + shrinkage,7.43,8.14,0.304,Hot,6.77,2.426,0.2979,0.0851,0.0426,0.0213,0.0851,8.8,8.57,8.98,8.48,7.62,28.0,16.0,20.0,16.0,20.0,6.0,18.37,54.0,46.0,Recent workload,No,41.2,30.5,43.9,57.2,1.15,83,1.55,1.0,1.0,1.0,75.0,147,79.83,20.41,2.04,29.93,0.346,0.8387,1.0,1.0,1.0,0.9933,272,Statcast,0.9189,28,Statcast,147,79.83,12.0,23.42,35.0,21.1,64.6,14.3,1.023,0.9927,0.9955,0.9854,0.9731,1.0121,7.77,1.01,Unknown/neutral,Neutral fallback,1.0,1.0,1.0,1.0,1.0,1.0,Neutral fallback,1.072,3,27.0,1.3,27.0,1.0,0.1785,0.05,0.001,0.0468,0.0467,0.0022,0.2179,0.4638,0.2463,0.2899,0.093,0.1397,0.0385,1.0,Yes,6.94,2.67,11.55,17.76,4.17,0.0,Raw,79.1,74.8,74.8,62.5,60.6,60.6,49.4,49.4,46.1,46.1,40.1,35.0,35.0,32.4,32.4,28.1,28.1,26.3,26.3,23.8,22.4,22.4,18.4,18.4,17.6,17.6,15.3,8.0,8.0,7.5,7.0,6.0,5.0,4.5,4.0,3.5,3.0,2.5,1.0,0.0,0.0,0.0,0.0,0.0,0.0,0.0,0.0,0.0,0.0,0.0,0.0,0.0,0.0,0.0,Low,
52,2026-08-12,Alex Bregman,CHC,WSH,CHC @ WSH,AWAY,3B,8.63,7.4,7.4,4.42,8.75,7.83,6.78,7.62,1.155,14.2,9.9,11.53,23|15|2|7|24,23|15|2|7|24|5|7|7|0|9,23|15|2|7|24|5|7|7|0|9|3|18|5|15|33,73.4,73.4,67.5,67.0,55.0,54.0,53.5,49.2,48.7,40.3,39.8,34.3,33.3,33.3,28.9,28.9,24.7,24.7,22.2,22.2,22.2,18.9,18.9,17.3,17.3,14.6,14.6,204.23,B+,MORE 4.0 | 67.0% | Edge +3.4,MORE,4.0,67.0,3.4,34.0,Good,3,Last 7 Confirmed,,3.0,7,4-3-4-3-4-3-3,57.1,97.0,4.92,Regular,14,1.04,Jackson Kent,L,4.2,1.25,0.224,0.03,0.085,4.73,1.39,0.2284,0.0356,Nationals Park,1.0,1.03,88.8,5.3,165.0,1.0,warm,537,466,0.251,0.341,0.388,0.729,136,0.786,117,23,1,13,66,54,58,8,3,2026-08-11 @ Washington Nationals: 23 FS|2026-08-09 @ Kansas City Royals: 15 FS|2026-08-08 @ Kansas City Royals: 2 FS|2026-08-07 @ Kansas City Royals: 7 FS|2026-08-06 vs Toronto Blue Jays: 24 FS,2026-08-11 @ Washington Nationals: 23 FS|2026-08-09 @ Kansas City Royals: 15 FS|2026-08-08 @ Kansas City Royals: 2 FS|2026-08-07 @ Kansas City Royals: 7 FS|2026-08-06 vs Toronto Blue Jays: 24 FS|2026-08-05 vs Los Angeles Dodgers: 5 FS|2026-08-04 vs Los Angeles Dodgers: 7 FS|2026-08-03 vs Los Angeles Dodgers: 7 FS|2026-08-02 vs New York Yankees: 0 FS|2026-08-01 vs New York Yankees: 9 FS,2026-08-11 @ Washington Nationals: 23 FS|2026-08-09 @ Kansas City Royals: 15 FS|2026-08-08 @ Kansas City Royals: 2 FS|2026-08-07 @ Kansas City Royals: 7 FS|2026-08-06 vs Toronto Blue Jays: 24 FS|2026-08-05 vs Los Angeles Dodgers: 5 FS|2026-08-04 vs Los Angeles Dodgers: 7 FS|2026-08-03 vs Los Angeles Dodgers: 7 FS|2026-08-02 vs New York Yankees: 0 FS|2026-08-01 vs New York Yankees: 9 FS|2026-07-31 vs New York Yankees: 3 FS|2026-07-30 @ St. Louis Cardinals: 18 FS|2026-07-29 @ St. Louis Cardinals: 5 FS|2026-07-28 @ St. Louis Cardinals: 15 FS|2026-07-27 @ St. Louis Cardinals: 33 FS,15,30,9.8,7.0,Last 30 games + shrinkage,11.86,10.0,0.322,Hot,9.8,2.188,0.2969,0.125,0.0312,0.0781,0.0156,8.2,9.65,9.33,9.37,7.89,28.0,16.0,20.0,16.0,20.0,6.0,21.0,64.0,36.0,Season fallback,No,52.4,40.6,44.4,73.9,1.0,0,0.0,1.0,1.0,1.0,75.0,312,82.76,23.72,0.32,28.21,0.301,0.8367,1.0,1.0,1.0,1.0,0,Fallback,1.0,0,Fallback,312,82.76,12.0,23.83,33.14,24.0,61.5,14.4,1.0357,1.0008,1.0388,1.0016,1.0412,1.0139,10.96,1.16,Unknown/neutral,Neutral fallback,1.0,1.0,1.0,1.0,1.0,1.0,Neutral fallback,1.072,3,27.0,0.8932,27.0,1.0,0.14,0.0482,0.0007,0.0267,0.1137,0.0151,0.1792,0.4265,0.3427,0.2308,0.1145,0.1535,0.0052,1.0,Projected,7.62,0.96,10.2,18.28,4.64,0.0,Raw,65.4,65.4,60.0,60.0,49.0,49.0,49.0,45.2,45.2,37.3,37.3,33.3,33.3,33.3,28.9,28.9,24.7,24.7,22.2,22.2,22.2,18.9,18.9,17.3,17.3,14.6,14.6,8.0,8.0,7.5,7.0,6.0,5.0,4.5,4.0,3.5,3.0,2.5,1.0,0.0,0.0,0.0,0.0,0.0,0.0,0.0,0.0,0.0,0.0,0.0,0.0,0.0,0.0,0.0,Low,
53,2026-08-12,Josh Bell,MIN,BAL,BAL @ MIN,HOME,DH,8.41,7.67,7.67,6.31,5.13,5.47,6.71,5.47,0.815,9.0,11.2,8.87,13|2|21|4|5,13|2|21|4|5|29|7|4|17|10,13|2|21|4|5|29|7|4|17|10|5|2|2|8|4,91.2,91.2,86.0,74.2,73.2,69.3,57.3,56.8,52.2,51.7,43.4,35.8,34.8,30.6,30.6,25.4,22.8,22.8,19.6,19.6,17.7,14.6,14.6,13.4,11.0,11.0,9.5,203.55,B+,MORE 5.0 | 69.3% | Edge +2.7,MORE,5.0,69.3,2.67,38.6,Good,3,Today Posted,3.0,4.0,7,3-4-3-4-4-4-3,57.1,100.0,4.92,Regular,14,1.04,Shane Baz,R,4.0,1.36,0.2391,0.0167,0.0786,4.25,1.35,0.2262,0.028,Target Field,0.98,1.03,84.4,5.4,60.0,1.0,warm,474,431,0.255,0.317,0.427,0.744,316,0.734,110,24,1,16,60,72,38,2,1,2026-08-12 vs Baltimore Orioles: 13 FS|2026-08-11 vs Baltimore Orioles: 2 FS|2026-08-10 vs Baltimore Orioles: 21 FS|2026-08-09 @ Milwaukee Brewers: 4 FS|2026-08-08 @ Milwaukee Brewers: 5 FS,2026-08-12 vs Baltimore Orioles: 13 FS|2026-08-11 vs Baltimore Orioles: 2 FS|2026-08-10 vs Baltimore Orioles: 21 FS|2026-08-09 @ Milwaukee Brewers: 4 FS|2026-08-08 @ Milwaukee Brewers: 5 FS|2026-08-07 @ Milwaukee Brewers: 29 FS|2026-08-06 @ Kansas City Royals: 7 FS|2026-08-05 @ Kansas City Royals: 4 FS|2026-08-04 @ Kansas City Royals: 17 FS|2026-08-02 @ Seattle Mariners: 10 FS,2026-08-12 vs Baltimore Orioles: 13 FS|2026-08-11 vs Baltimore Orioles: 2 FS|2026-08-10 vs Baltimore Orioles: 21 FS|2026-08-09 @ Milwaukee Brewers: 4 FS|2026-08-08 @ Milwaukee Brewers: 5 FS|2026-08-07 @ Milwaukee Brewers: 29 FS|2026-08-06 @ Kansas City Royals: 7 FS|2026-08-05 @ Kansas City Royals: 4 FS|2026-08-04 @ Kansas City Royals: 17 FS|2026-08-02 @ Seattle Mariners: 10 FS|2026-07-31 @ Seattle Mariners: 5 FS|2026-07-30 vs Kansas City Royals: 2 FS|2026-07-29 vs Kansas City Royals: 2 FS|2026-07-28 vs Kansas City Royals: 8 FS|2026-07-25 vs Athletics: 4 FS,15,30,7.03,5.0,Last 30 games + shrinkage,11.57,9.21,0.34,Hot,7.03,2.115,0.2951,0.0656,0.0492,0.1148,0.0,9.4,9.03,9.88,10.1,8.23,28.0,16.0,20.0,16.0,20.0,6.0,23.45,69.0,31.0,Recent workload,No,51.1,39.3,65.0,72.5,1.15,130,1.02,1.0,1.0,1.0,75.0,290,84.02,27.24,1.72,27.24,0.396,0.9448,1.0,1.0,1.0,1.0608,540,Statcast,1.0625,31,Statcast,290,84.02,12.0,17.04,33.38,12.8,66.2,21.0,1.0018,1.0013,1.0065,1.0025,1.0103,1.0248,9.1,2.06,Unknown/neutral,Neutral fallback,1.0,1.0,1.0,1.0,1.0,1.0,Neutral fallback,1.072,3,27.0,0.8625,27.0,1.0,0.186,0.0587,0.0023,0.0266,0.0939,0.002,0.2088,0.4697,0.3181,0.2122,0.05,0.141,0.0001,1.0,Yes,5.47,3.86,10.39,15.28,4.35,0.0,Raw,85.4,85.4,78.5,67.2,67.2,64.3,52.8,52.8,48.7,48.7,40.9,34.8,34.8,30.6,30.6,25.4,22.8,22.8,19.6,19.6,17.7,14.6,14.6,13.4,11.0,11.0,9.5,5.8,5.8,7.5,7.0,6.0,5.0,4.5,4.0,3.5,3.0,2.5,1.0,0.0,0.0,0.0,0.0,0.0,0.0,0.0,0.0,0.0,0.0,0.0,0.0,0.0,0.0,0.0,Low,
54,2026-08-12,Bryson Stott,PHI,STL,PHI @ STL,AWAY,2B,8.66,7.38,7.38,6.07,5.66,5.79,6.09,5.79,0.95,11.0,10.6,9.87,3|10|8|17|17,3|10|8|17|17|6|16|14|8|7,3|10|8|17|17|6|16|14|8|7|8|12|7|15|0,86.1,86.1,76.4,75.9,70.6,69.6,57.5,57.0,52.8,52.3,42.8,35.6,34.6,29.4,29.4,24.4,24.4,21.4,21.4,17.4,17.4,15.1,15.1,12.5,12.5,10.7,10.7,202.9,B+,MORE 5.0 | 69.6% | Edge +2.4,MORE,5.0,69.6,2.38,39.2,Good,5,Today Posted,5.0,8.0,7,6-2-6-5-8-8-8,42.9,100.0,4.61,Regular,13,1.04,Kyle Leahy,R,3.38,1.34,0.245,0.0241,0.0703,4.09,1.34,0.2246,0.0256,Busch Stadium,0.99,1.065,95.3,10.4,337.0,3.0,"hot, light wind",451,400,0.268,0.342,0.42,0.762,353,0.738,107,25,6,8,51,53,44,2,23,2026-08-12 @ St. Louis Cardinals: 3 FS|2026-08-11 @ St. Louis Cardinals: 10 FS|2026-08-10 @ St. Louis Cardinals: 8 FS|2026-08-09 vs Toronto Blue Jays: 17 FS|2026-08-08 vs Toronto Blue Jays: 17 FS,2026-08-12 @ St. Louis Cardinals: 3 FS|2026-08-11 @ St. Louis Cardinals: 10 FS|2026-08-10 @ St. Louis Cardinals: 8 FS|2026-08-09 vs Toronto Blue Jays: 17 FS|2026-08-08 vs Toronto Blue Jays: 17 FS|2026-08-07 vs Toronto Blue Jays: 6 FS|2026-08-06 vs Washington Nationals: 16 FS|2026-08-05 vs Washington Nationals: 14 FS|2026-08-04 vs Washington Nationals: 8 FS|2026-08-03 vs Washington Nationals: 7 FS,2026-08-12 @ St. Louis Cardinals: 3 FS|2026-08-11 @ St. Louis Cardinals: 10 FS|2026-08-10 @ St. Louis Cardinals: 8 FS|2026-08-09 vs Toronto Blue Jays: 17 FS|2026-08-08 vs Toronto Blue Jays: 17 FS|2026-08-07 vs Toronto Blue Jays: 6 FS|2026-08-06 vs Washington Nationals: 16 FS|2026-08-05 vs Washington Nationals: 14 FS|2026-08-04 vs Washington Nationals: 8 FS|2026-08-03 vs Washington Nationals: 7 FS|2026-08-02 @ Baltimore Orioles: 8 FS|2026-08-01 @ Baltimore Orioles: 12 FS|2026-07-31 @ Baltimore Orioles: 7 FS|2026-07-29 @ Miami Marlins: 15 FS|2026-07-28 @ Miami Marlins: 0 FS,15,30,8.8,8.0,Last 30 games + shrinkage,11.0,10.57,0.4,Hot,8.8,2.596,0.2807,0.0877,0.0,0.2807,0.1053,8.89,9.52,9.63,9.25,7.41,28.0,16.0,20.0,16.0,20.0,6.0,20.93,61.5,38.5,Recent workload,No,49.9,38.2,67.5,71.7,1.15,156,1.22,1.0,1.0,1.0,75.0,279,84.07,25.81,1.43,32.97,0.388,0.9321,1.0,1.0,1.0,1.0122,646,Statcast,1.0199,24,Statcast,279,84.07,12.0,20.61,29.25,11.8,63.4,24.7,0.986,1.0029,0.9966,1.0059,1.0053,1.0128,9.86,1.06,Unknown/neutral,Neutral fallback,1.0,1.0,1.0,1.0,1.0,1.0,Neutral fallback,1.072,3,27.0,1.3,27.0,0.9995,0.1732,0.0723,0.0116,0.0122,0.1216,0.0017,0.1857,0.4244,0.2806,0.295,0.045,0.1327,0.0363,1.0,Yes,5.79,3.22,9.87,15.57,4.11,0.0,Raw,78.1,78.1,68.9,68.9,64.6,64.6,53.0,53.0,49.3,49.3,40.3,34.6,34.6,29.4,29.4,24.4,24.4,21.4,21.4,17.4,17.4,15.1,15.1,12.5,12.5,10.7,10.7,8.0,8.0,7.5,7.0,6.0,5.0,4.5,4.0,3.5,3.0,2.5,1.0,0.0,0.0,0.0,0.0,0.0,0.0,0.0,0.0,0.0,0.0,0.0,0.0,0.0,0.0,0.0,Low,
55,2026-08-12,Jacob Young,WSH,CHC,CHC @ WSH,HOME,CF,7.95,7.67,7.67,5.96,7.01,6.65,6.56,6.63,1.014,10.4,7.5,8.53,19|6|7|3|17,19|6|7|3|17|16|0|5|2|0,19|6|7|3|17|16|0|5|2|0|9|12|14|18|0,85.8,76.7,76.2,71.0,70.0,57.8,57.3,53.1,52.6,43.9,43.4,37.1,36.1,36.1,31.1,31.1,26.1,26.1,23.5,23.5,19.6,19.6,17.5,17.5,14.2,14.2,12.9,202.74,B+,MORE 4.5 | 70.0% | Edge +3.2,MORE,4.5,70.0,3.17,40.0,Strong,7,Today Posted,7.0,9.0,7,6-9-9-9-7-9-6,57.1,100.0,4.19,Regular,13,1.04,David Peterson,L,5.35,1.5,0.2437,0.0231,0.0903,4.07,1.25,0.221,0.04,Nationals Park,1.0,1.03,88.8,5.3,165.0,1.0,warm,359,322,0.245,0.312,0.407,0.719,126,0.844,79,16,3,10,45,43,25,7,13,2026-08-11 vs Chicago Cubs: 19 FS|2026-08-09 vs Cincinnati Reds: 6 FS|2026-08-08 vs Cincinnati Reds: 7 FS|2026-08-07 vs Cincinnati Reds: 3 FS|2026-08-06 @ Philadelphia Phillies: 17 FS,2026-08-11 vs Chicago Cubs: 19 FS|2026-08-09 vs Cincinnati Reds: 6 FS|2026-08-08 vs Cincinnati Reds: 7 FS|2026-08-07 vs Cincinnati Reds: 3 FS|2026-08-06 @ Philadelphia Phillies: 17 FS|2026-08-05 @ Philadelphia Phillies: 16 FS|2026-08-04 @ Philadelphia Phillies: 0 FS|2026-08-03 @ Philadelphia Phillies: 5 FS|2026-08-01 @ Atlanta Braves: 2 FS|2026-07-31 @ Atlanta Braves: 0 FS,2026-08-11 vs Chicago Cubs: 19 FS|2026-08-09 vs Cincinnati Reds: 6 FS|2026-08-08 vs Cincinnati Reds: 7 FS|2026-08-07 vs Cincinnati Reds: 3 FS|2026-08-06 @ Philadelphia Phillies: 17 FS|2026-08-05 @ Philadelphia Phillies: 16 FS|2026-08-04 @ Philadelphia Phillies: 0 FS|2026-08-03 @ Philadelphia Phillies: 5 FS|2026-08-01 @ Atlanta Braves: 2 FS|2026-07-31 @ Atlanta Braves: 0 FS|2026-07-29 vs Toronto Blue Jays: 9 FS|2026-07-28 vs Toronto Blue Jays: 12 FS|2026-07-26 vs Arizona Diamondbacks: 14 FS|2026-07-25 vs Arizona Diamondbacks: 18 FS|2026-07-24 vs Arizona Diamondbacks: 0 FS,15,30,7.67,6.5,Last 30 games + shrinkage,9.71,9.14,0.378,Hot,7.67,2.56,0.28,0.12,0.02,0.16,0.04,7.62,8.43,8.43,7.99,7.07,28.0,16.0,20.0,16.0,20.0,6.0,22.26,65.5,34.5,Recent workload,No,43.3,32.2,42.6,57.4,1.15,79,0.16,1.0,1.0,1.0,75.0,148,81.43,16.89,0.68,29.73,0.339,0.8312,1.0,1.0,1.0,1.027,340,Statcast,1.0,11,Fallback,148,81.43,12.0,13.05,35.0,22.3,62.2,15.5,1.0294,0.9926,1.0014,0.9851,0.9784,1.0136,8.8,1.13,Unknown/neutral,Neutral fallback,1.0,1.0,1.0,1.0,1.0,1.0,Neutral fallback,1.072,3,27.0,1.3,27.0,1.0,0.1623,0.0683,0.0085,0.0203,0.1068,0.0213,0.1783,0.4255,0.2979,0.2766,0.0762,0.1276,0.027,1.0,Yes,6.63,2.92,11.03,17.12,4.2,0.0,Raw,77.8,68.7,68.7,64.0,64.0,52.8,52.8,49.1,49.1,40.9,40.9,36.1,36.1,36.1,31.1,31.1,26.1,26.1,23.5,23.5,19.6,19.6,17.5,17.5,14.2,14.2,12.9,8.0,8.0,7.5,7.0,6.0,5.0,4.5,4.0,3.5,3.0,2.5,1.0,0.0,0.0,0.0,0.0,0.0,0.0,0.0,0.0,0.0,0.0,0.0,0.0,0.0,0.0,0.0,Low,
56,2026-08-12,Carson Benge,NYM,ATL,NYM @ ATL,AWAY,RF,8.18,7.25,7.25,5.08,6.42,6.27,6.5,6.27,0.965,11.8,10.5,9.4,6|6|10|17|20,6|6|10|17|20|16|14|2|3|11,6|6|10|17|20|16|14|2|3|11|10|3|10|6|7,85.1,85.1,72.5,72.0,67.4,66.4,54.1,53.6,48.2,47.7,40.3,32.7,31.7,27.9,27.9,23.1,23.1,21.0,21.0,18.2,18.2,16.4,16.4,13.5,13.5,12.2,12.2,202.18,B+,MORE 5.0 | 66.4% | Edge +2.2,MORE,5.0,66.4,2.25,32.8,Good,4,Today Posted,4.0,4.0,6,5-4-4-4-4-4,83.3,100.0,4.82,Regular,13,1.04,Tyler Mahle,R,4.83,1.36,0.2295,0.0328,0.0913,3.61,1.24,0.2027,0.0302,Truist Park,1.01,1.055,90.4,8.6,279.0,5.0,hot,476,434,0.272,0.334,0.41,0.744,359,0.746,118,15,3,13,62,47,35,6,18,2026-08-11 @ Atlanta Braves: 6 FS|2026-08-10 @ Atlanta Braves: 6 FS|2026-08-09 @ Pittsburgh Pirates: 10 FS|2026-08-07 @ Pittsburgh Pirates: 17 FS|2026-08-06 @ Cleveland Guardians: 20 FS,2026-08-11 @ Atlanta Braves: 6 FS|2026-08-10 @ Atlanta Braves: 6 FS|2026-08-09 @ Pittsburgh Pirates: 10 FS|2026-08-07 @ Pittsburgh Pirates: 17 FS|2026-08-06 @ Cleveland Guardians: 20 FS|2026-08-05 @ Cleveland Guardians: 16 FS|2026-08-04 @ Cleveland Guardians: 14 FS|2026-08-02 vs Miami Marlins: 2 FS|2026-08-01 vs Miami Marlins: 3 FS|2026-07-31 vs Miami Marlins: 11 FS,2026-08-11 @ Atlanta Braves: 6 FS|2026-08-10 @ Atlanta Braves: 6 FS|2026-08-09 @ Pittsburgh Pirates: 10 FS|2026-08-07 @ Pittsburgh Pirates: 17 FS|2026-08-06 @ Cleveland Guardians: 20 FS|2026-08-05 @ Cleveland Guardians: 16 FS|2026-08-04 @ Cleveland Guardians: 14 FS|2026-08-02 vs Miami Marlins: 2 FS|2026-08-01 vs Miami Marlins: 3 FS|2026-07-31 vs Miami Marlins: 11 FS|2026-07-30 vs Miami Marlins: 10 FS|2026-07-29 vs Atlanta Braves: 3 FS|2026-07-29 vs Atlanta Braves: 10 FS|2026-07-26 vs Los Angeles Dodgers: 6 FS|2026-07-25 vs Los Angeles Dodgers: 7 FS,15,30,8.73,7.5,Last 30 games + shrinkage,12.71,9.57,0.358,Hot,8.73,2.271,0.322,0.0847,0.0339,0.0847,0.0339,9.29,9.64,9.77,10.0,7.67,28.0,16.0,20.0,16.0,20.0,6.0,22.51,66.2,33.8,Recent workload,No,50.0,38.3,67.9,72.8,1.1148,91,-0.76,1.0,1.0,1.0,75.0,295,83.21,21.69,1.02,29.83,0.391,0.9088,1.0,1.0,1.0,1.002,441,Statcast,0.9522,75,Statcast,295,83.21,12.0,17.04,32.12,15.6,63.7,20.7,1.0129,0.9991,1.0095,0.9982,1.0068,1.0086,9.45,0.72,Unknown/neutral,Neutral fallback,1.0,1.0,1.0,1.0,1.0,1.0,Neutral fallback,1.072,3,27.0,1.3,27.0,1.0,0.198,0.0321,0.0065,0.0256,0.0848,0.0146,0.2215,0.4899,0.2721,0.238,0.0483,0.1216,0.0197,1.0,Yes,6.27,3.15,9.9,16.66,4.29,0.0,Raw,77.1,77.1,65.0,65.0,61.4,61.4,49.6,49.6,44.7,44.7,37.8,31.7,31.7,27.9,27.9,23.1,23.1,21.0,21.0,18.2,18.2,16.4,16.4,13.5,13.5,12.2,12.2,8.0,8.0,7.5,7.0,6.0,5.0,4.5,4.0,3.5,3.0,2.5,1.0,0.0,0.0,0.0,0.0,0.0,0.0,0.0,0.0,0.0,0.0,0.0,0.0,0.0,0.0,0.0,Low,
57,2026-08-12,Alec Burleson,STL,PHI,PHI @ STL,HOME,1B,9.29,7.52,7.52,5.44,5.87,5.92,7.18,5.92,0.824,11.2,11.8,9.67,13|3|18|18|4,13|3|18|18|4|2|5|2|48|5,13|3|18|18|4|2|5|2|48|5|8|7|5|3|4,89.3,81.6,81.1,69.4,68.4,64.1,52.3,51.8,47.9,47.4,39.6,33.7,32.7,29.3,29.3,25.7,24.2,24.2,21.9,21.9,20.7,16.5,16.5,15.9,15.9,13.2,11.3,201.8,B+,MORE 5.0 | 64.1% | Edge +2.5,MORE,5.0,64.1,2.52,28.2,Good,3,Today Posted,3.0,3.0,6,4-3-3-4-3-3,66.7,100.0,4.92,Regular,13,1.04,Zack Wheeler,R,2.89,1.0,0.1894,0.0308,0.0639,4.19,1.3,0.2249,0.0312,Busch Stadium,0.99,1.065,95.3,10.4,337.0,3.0,"hot, light wind",507,455,0.286,0.353,0.481,0.834,351,0.971,130,30,1,19,65,83,44,5,3,2026-08-12 vs Philadelphia Phillies: 13 FS|2026-08-11 vs Philadelphia Phillies: 3 FS|2026-08-10 vs Philadelphia Phillies: 18 FS|2026-08-09 vs Colorado Rockies: 18 FS|2026-08-08 vs Colorado Rockies: 4 FS,2026-08-12 vs Philadelphia Phillies: 13 FS|2026-08-11 vs Philadelphia Phillies: 3 FS|2026-08-10 vs Philadelphia Phillies: 18 FS|2026-08-09 vs Colorado Rockies: 18 FS|2026-08-08 vs Colorado Rockies: 4 FS|2026-08-07 vs Colorado Rockies: 2 FS|2026-08-05 @ New York Yankees: 5 FS|2026-08-04 @ New York Yankees: 2 FS|2026-08-03 @ New York Yankees: 48 FS|2026-08-02 @ Toronto Blue Jays: 5 FS,2026-08-12 vs Philadelphia Phillies: 13 FS|2026-08-11 vs Philadelphia Phillies: 3 FS|2026-08-10 vs Philadelphia Phillies: 18 FS|2026-08-09 vs Colorado Rockies: 18 FS|2026-08-08 vs Colorado Rockies: 4 FS|2026-08-07 vs Colorado Rockies: 2 FS|2026-08-05 @ New York Yankees: 5 FS|2026-08-04 @ New York Yankees: 2 FS|2026-08-03 @ New York Yankees: 48 FS|2026-08-02 @ Toronto Blue Jays: 5 FS|2026-08-01 @ Toronto Blue Jays: 8 FS|2026-07-31 @ Toronto Blue Jays: 7 FS|2026-07-30 vs Chicago Cubs: 5 FS|2026-07-29 vs Chicago Cubs: 3 FS|2026-07-28 vs Chicago Cubs: 4 FS,15,30,8.27,6.0,Last 30 games + shrinkage,9.0,10.07,0.312,Hot,8.27,2.431,0.2586,0.1379,0.069,0.1552,0.0,9.03,8.92,9.47,8.67,8.66,28.0,16.0,20.0,16.0,20.0,6.0,21.39,62.9,37.1,Recent workload,No,50.9,39.1,67.4,75.2,1.0344,127,2.56,1.0,1.0,1.0,75.0,334,86.84,33.23,1.8,33.83,0.432,1.0239,1.0,1.0,1.0,1.0435,523,Statcast,0.88,18,Statcast,334,86.84,12.0,15.81,31.02,9.0,65.6,25.4,0.9871,1.0083,1.0173,1.0167,1.042,1.0184,9.8,1.53,Unknown/neutral,Neutral fallback,1.0,1.0,1.0,1.0,1.0,1.0,Neutral fallback,1.072,3,27.0,0.8638,27.0,0.9465,0.1454,0.0646,0.0018,0.044,0.0931,0.0091,0.2113,0.474,0.2598,0.2663,0.0557,0.1792,0.0001,1.0,Yes,5.92,2.97,10.39,16.16,4.12,0.0,Raw,82.1,73.6,73.6,62.4,62.4,59.1,47.8,47.8,44.4,44.4,37.1,32.7,32.7,29.3,29.3,25.7,24.2,24.2,21.9,21.9,20.7,16.5,16.5,15.9,15.9,13.2,11.3,7.2,8.0,7.5,7.0,6.0,5.0,4.5,4.0,3.5,3.0,2.5,1.0,0.0,0.0,0.0,0.0,0.0,0.0,0.0,0.0,0.0,0.0,0.0,0.0,0.0,0.0,0.0,Low,
58,2026-08-12,Jackson Holliday,BAL,MIN,BAL @ MIN,AWAY,2B,8.15,7.8,7.8,6.17,5.96,5.98,6.6,5.98,0.907,10.0,5.4,6.93,2|2|8|17|21,2|2|8|17|21|0|2|2|0|0,2|2|8|17|21|0|2|2|0|0|0|7|19|6|18,92.2,87.0,77.5,77.0,71.2,70.2,58.8,58.3,53.3,52.8,43.9,36.7,35.7,31.1,31.1,26.2,26.2,23.2,23.2,19.5,19.5,17.6,15.0,15.0,13.5,13.5,11.1,201.36,B+,MORE 6.0 | 58.3% | Edge +1.8,MORE,6.0,58.3,1.8,16.6,Playable,3,Today Posted,3.0,3.0,7,3-3-3-3-3-5-7,71.4,100.0,4.84,Regular,13,1.04,Zebby Matthews,R,5.34,1.35,0.2403,0.0465,0.0775,4.6,1.38,0.2212,0.0299,Target Field,0.98,1.03,84.4,5.4,60.0,1.0,warm,229,194,0.242,0.345,0.381,0.726,174,0.75,47,7,1,6,28,22,32,0,6,2026-08-12 @ Minnesota Twins: 2 FS|2026-08-11 @ Minnesota Twins: 2 FS|2026-08-10 @ Minnesota Twins: 8 FS|2026-08-09 @ Texas Rangers: 17 FS|2026-08-08 @ Texas Rangers: 21 FS,2026-08-12 @ Minnesota Twins: 2 FS|2026-08-11 @ Minnesota Twins: 2 FS|2026-08-10 @ Minnesota Twins: 8 FS|2026-08-09 @ Texas Rangers: 17 FS|2026-08-08 @ Texas Rangers: 21 FS|2026-08-07 @ Texas Rangers: 0 FS|2026-08-06 vs Los Angeles Angels: 2 FS|2026-08-05 vs Los Angeles Angels: 2 FS|2026-08-04 vs Los Angeles Angels: 0 FS|2026-08-02 vs Philadelphia Phillies: 0 FS,2026-08-12 @ Minnesota Twins: 2 FS|2026-08-11 @ Minnesota Twins: 2 FS|2026-08-10 @ Minnesota Twins: 8 FS|2026-08-09 @ Texas Rangers: 17 FS|2026-08-08 @ Texas Rangers: 21 FS|2026-08-07 @ Texas Rangers: 0 FS|2026-08-06 vs Los Angeles Angels: 2 FS|2026-08-05 vs Los Angeles Angels: 2 FS|2026-08-04 vs Los Angeles Angels: 0 FS|2026-08-02 vs Philadelphia Phillies: 0 FS|2026-08-01 vs Philadelphia Phillies: 0 FS|2026-07-31 vs Philadelphia Phillies: 7 FS|2026-07-29 @ Detroit Tigers: 19 FS|2026-07-28 @ Detroit Tigers: 6 FS|2026-07-27 @ Detroit Tigers: 18 FS,15,30,5.87,4.0,Last 30 games + shrinkage,7.43,6.14,0.239,Neutral,5.87,1.686,0.2157,0.0588,0.0196,0.098,0.0392,9.1,9.03,9.03,9.14,8.22,28.0,16.0,20.0,16.0,20.0,6.0,22.34,65.7,34.3,Recent workload,No,46.6,35.0,50.6,59.7,1.02,106,-0.52,1.0,1.0,1.0,75.0,163,82.08,22.09,0.61,32.52,0.342,0.8566,1.0,1.0,1.0,1.0078,403,Statcast,1.0619,56,Statcast,163,82.08,12.0,15.29,33.59,19.6,54.0,26.4,1.0017,0.9953,0.9844,0.9906,0.9702,1.0054,6.31,0.45,Unknown/neutral,Neutral fallback,1.0,1.0,1.0,1.0,1.0,1.0,Neutral fallback,1.072,3,27.0,1.3,27.0,1.0,0.1727,0.039,0.0039,0.025,0.1302,0.0013,0.2293,0.4945,0.2198,0.2857,0.0676,0.1099,0.0148,1.0,Yes,5.98,3.45,10.7,16.14,4.62,0.0,Raw,87.0,79.0,70.0,70.0,65.2,65.2,54.3,54.3,49.8,49.8,41.4,35.7,35.7,31.1,31.1,26.2,26.2,23.2,23.2,19.5,19.5,17.6,15.0,15.0,13.5,13.5,11.1,5.2,8.0,7.5,7.0,6.0,5.0,4.5,4.0,3.5,3.0,2.5,1.0,0.0,0.0,0.0,0.0,0.0,0.0,0.0,0.0,0.0,0.0,0.0,0.0,0.0,0.0,0.0,Low,
59,2026-08-12,Steven Kwan,CLE,DET,CLE @ DET,AWAY,LF,8.01,7.38,7.38,7.02,3.86,4.78,5.03,4.78,0.95,10.4,10.2,8.87,12|8|3|22|7,12|8|3|22|7|5|9|13|10|13,12|8|3|22|7|5|9|13|10|13|2|8|5|3|13,91.1,91.1,82.4,81.9,76.5,75.5,62.8,62.3,55.8,55.3,46.0,37.0,36.0,30.5,30.5,23.2,23.2,19.2,19.2,15.1,15.1,11.7,11.7,9.0,9.0,6.6,6.6,200.93,B+,MORE 6.0 | 62.3% | Edge +1.4,MORE,6.0,62.3,1.38,24.6,Good,1,Today Posted,1.0,1.0,6,1-1-1-1-1-1,100.0,100.0,5.13,Regular,14,1.04,Framber Valdez,L,4.17,1.37,0.2312,0.0215,0.0806,3.48,1.2,0.2058,0.0261,Comerica Park,0.97,1.04,81.9,12.2,239.0,10.0,"warm, light wind",450,381,0.268,0.366,0.331,0.697,131,0.604,102,14,2,2,50,22,57,4,8,2026-08-11 @ Detroit Tigers: 12 FS|2026-08-09 @ Chicago White Sox: 8 FS|2026-08-08 @ Chicago White Sox: 3 FS|2026-08-07 @ Chicago White Sox: 22 FS|2026-08-05 vs New York Mets: 7 FS,2026-08-11 @ Detroit Tigers: 12 FS|2026-08-09 @ Chicago White Sox: 8 FS|2026-08-08 @ Chicago White Sox: 3 FS|2026-08-07 @ Chicago White Sox: 22 FS|2026-08-05 vs New York Mets: 7 FS|2026-08-04 vs New York Mets: 5 FS|2026-08-02 vs Arizona Diamondbacks: 9 FS|2026-08-01 vs Arizona Diamondbacks: 13 FS|2026-07-31 vs Arizona Diamondbacks: 10 FS|2026-07-29 @ Cincinnati Reds: 13 FS,2026-08-11 @ Detroit Tigers: 12 FS|2026-08-09 @ Chicago White Sox: 8 FS|2026-08-08 @ Chicago White Sox: 3 FS|2026-08-07 @ Chicago White Sox: 22 FS|2026-08-05 vs New York Mets: 7 FS|2026-08-04 vs New York Mets: 5 FS|2026-08-02 vs Arizona Diamondbacks: 9 FS|2026-08-01 vs Arizona Diamondbacks: 13 FS|2026-07-31 vs Arizona Diamondbacks: 10 FS|2026-07-29 @ Cincinnati Reds: 13 FS|2026-07-28 @ Cincinnati Reds: 2 FS|2026-07-28 @ Cincinnati Reds: 8 FS|2026-07-26 @ Tampa Bay Rays: 5 FS|2026-07-25 @ Tampa Bay Rays: 3 FS|2026-07-23 vs Minnesota Twins: 13 FS,15,30,8.6,8.0,Last 30 games + shrinkage,9.43,8.57,0.379,Hot,8.6,1.818,0.3333,0.0455,0.0152,0.0909,0.0152,7.93,9.57,8.75,8.68,7.12,28.0,16.0,20.0,16.0,20.0,6.0,24.11,70.9,29.1,Recent workload,No,49.8,38.1,43.5,69.5,1.15,144,3.05,1.0,1.0,1.0,75.0,251,79.27,5.98,0.4,41.43,0.356,0.82,1.0,1.0,1.0,1.0888,617,Statcast,1.0,1,Fallback,251,79.27,12.0,19.48,25.55,20.7,65.7,13.6,1.0301,0.9994,1.0597,1.1552,0.8908,1.0082,9.28,0.68,Unknown/neutral,Neutral fallback,1.0,1.0,1.0,1.0,1.0,1.0,Neutral fallback,1.072,3,27.0,1.1774,27.0,1.0,0.2288,0.0402,0.0034,0.0035,0.1201,0.0115,0.1394,0.3824,0.2132,0.4044,0.0845,0.0504,0.016,1.0,Yes,4.78,3.22,9.87,13.67,4.77,0.0,Raw,85.1,85.1,74.9,74.9,70.5,70.5,58.3,58.3,52.3,52.3,43.5,36.0,36.0,30.5,30.5,23.2,23.2,19.2,19.2,15.1,15.1,11.7,11.7,9.0,9.0,6.6,6.6,6.0,6.0,7.5,7.0,6.0,5.0,4.5,4.0,3.5,3.0,2.5,1.0,0.0,0.0,0.0,0.0,0.0,0.0,0.0,0.0,0.0,0.0,0.0,0.0,0.0,0.0,0.0,Low,
60,2026-08-12,Gunnar Henderson,BAL,MIN,BAL @ MIN,AWAY,SS,7.55,7.53,7.53,5.47,5.7,5.82,7.16,5.82,0.813,9.0,6.6,6.47,4|26|4|11|0,4|26|4|11|0|2|6|11|2|0,4|26|4|11|0|2|6|11|2|0|5|12|9|0|5,88.8,88.8,79.5,71.8,70.8,63.1,53.1,52.6,48.5,48.0,40.5,35.3,34.3,30.4,30.4,26.7,24.2,24.2,21.8,20.7,20.7,16.1,16.1,15.2,12.3,12.3,10.9,199.68,B+,MORE 5.0 | 63.1% | Edge +2.5,MORE,5.0,63.1,2.53,26.2,Good,1,Today Posted,1.0,1.0,7,1-1-1-1-1-3-3,71.4,100.0,5.13,Regular,13,1.04,Zebby Matthews,R,5.34,1.35,0.2403,0.0465,0.0775,4.6,1.38,0.2212,0.0299,Target Field,0.98,1.03,84.4,5.4,60.0,1.0,warm,543,484,0.215,0.297,0.39,0.687,373,0.672,104,20,4,19,71,49,48,9,9,2026-08-12 @ Minnesota Twins: 4 FS|2026-08-11 @ Minnesota Twins: 26 FS|2026-08-10 @ Minnesota Twins: 4 FS|2026-08-09 @ Texas Rangers: 11 FS|2026-08-08 @ Texas Rangers: 0 FS,2026-08-12 @ Minnesota Twins: 4 FS|2026-08-11 @ Minnesota Twins: 26 FS|2026-08-10 @ Minnesota Twins: 4 FS|2026-08-09 @ Texas Rangers: 11 FS|2026-08-08 @ Texas Rangers: 0 FS|2026-08-07 @ Texas Rangers: 2 FS|2026-08-06 vs Los Angeles Angels: 6 FS|2026-08-05 vs Los Angeles Angels: 11 FS|2026-08-04 vs Los Angeles Angels: 2 FS|2026-08-02 vs Philadelphia Phillies: 0 FS,2026-08-12 @ Minnesota Twins: 4 FS|2026-08-11 @ Minnesota Twins: 26 FS|2026-08-10 @ Minnesota Twins: 4 FS|2026-08-09 @ Texas Rangers: 11 FS|2026-08-08 @ Texas Rangers: 0 FS|2026-08-07 @ Texas Rangers: 2 FS|2026-08-06 vs Los Angeles Angels: 6 FS|2026-08-05 vs Los Angeles Angels: 11 FS|2026-08-04 vs Los Angeles Angels: 2 FS|2026-08-02 vs Philadelphia Phillies: 0 FS|2026-08-01 vs Philadelphia Phillies: 5 FS|2026-07-31 vs Philadelphia Phillies: 12 FS|2026-07-29 @ Detroit Tigers: 9 FS|2026-07-28 @ Detroit Tigers: 0 FS|2026-07-27 @ Detroit Tigers: 5 FS,15,30,6.87,4.5,Last 30 games + shrinkage,7.57,6.57,0.156,Cold,6.87,1.614,0.1228,0.0526,0.0175,0.193,0.0175,9.38,9.05,9.26,9.73,7.94,28.0,16.0,20.0,16.0,20.0,6.0,22.34,65.7,34.3,Recent workload,No,51.4,39.6,68.7,71.9,1.0714,157,-0.52,1.0,1.0,1.0,75.0,282,84.72,27.66,1.06,30.5,0.362,0.9237,1.0,1.0,1.0,0.9889,620,Statcast,0.945,80,Statcast,282,84.72,12.0,17.05,31.78,11.0,62.1,26.9,1.0018,1.0032,1.0134,1.0063,1.023,1.0071,7.46,0.59,Unknown/neutral,Neutral fallback,1.0,1.0,1.0,1.0,1.0,1.0,Neutral fallback,1.072,3,27.0,1.2104,27.0,1.0,0.1047,0.0331,0.0068,0.0367,0.1033,0.0202,0.2181,0.4894,0.2836,0.227,0.0677,0.0766,0.0072,1.0,Yes,5.82,3.03,10.35,16.04,4.8,0.0,Raw,81.4,81.4,72.0,64.8,64.8,58.1,48.6,48.6,45.0,45.0,38.0,34.3,34.3,30.4,30.4,26.7,24.2,24.2,21.8,20.7,20.7,16.1,16.1,15.2,12.3,12.3,10.9,7.4,7.4,7.5,7.0,6.0,5.0,4.5,4.0,3.5,3.0,2.5,1.0,0.0,0.0,0.0,0.0,0.0,0.0,0.0,0.0,0.0,0.0,0.0,0.0,0.0,0.0,0.0,Low,
61,2026-08-12,Christian Encarnacion-Strand,BAL,MIN,BAL @ MIN,AWAY,3B,7.99,8.36,8.36,6.17,8.75,7.58,8.16,7.58,0.929,6.0,3.7,4.27,0|25|2|0|3,0|25|2|0|3|0|2|5|0|0,0|25|2|0|3|0|2|5|0|0|4|11|2|5|5,82.5,82.5,70.9,70.4,66.4,65.4,54.5,54.0,50.6,50.1,43.5,42.0,36.8,33.6,33.6,30.3,30.3,28.4,28.4,26.4,26.4,25.3,25.3,20.8,20.8,20.1,16.9,199.25,B+,MORE 5.0 | 65.4% | Edge +3.4,MORE,5.0,65.4,3.36,30.8,Good,6,Today Posted,6.0,5.0,4,5-7-4-6,25.0,100.0,4.03,Likely regular,9,1.0,Zebby Matthews,R,5.34,1.35,0.2403,0.0465,0.0775,4.6,1.38,0.2212,0.0299,Target Field,0.98,1.03,84.4,5.4,60.0,1.0,warm,68,62,0.258,0.313,0.5,0.813,40,0.592,16,3,0,4,6,13,4,1,1,2026-08-12 @ Minnesota Twins: 0 FS|2026-08-11 @ Minnesota Twins: 25 FS|2026-08-10 @ Minnesota Twins: 2 FS|2026-08-09 @ Texas Rangers: 0 FS|2026-08-08 @ Texas Rangers: 3 FS,2026-08-12 @ Minnesota Twins: 0 FS|2026-08-11 @ Minnesota Twins: 25 FS|2026-08-10 @ Minnesota Twins: 2 FS|2026-08-09 @ Texas Rangers: 0 FS|2026-08-08 @ Texas Rangers: 3 FS|2026-08-07 @ Texas Rangers: 0 FS|2026-08-06 vs Los Angeles Angels: 2 FS|2026-08-05 vs Los Angeles Angels: 5 FS|2026-08-04 vs Los Angeles Angels: 0 FS|2026-08-02 vs Philadelphia Phillies: 0 FS,2026-08-12 @ Minnesota Twins: 0 FS|2026-08-11 @ Minnesota Twins: 25 FS|2026-08-10 @ Minnesota Twins: 2 FS|2026-08-09 @ Texas Rangers: 0 FS|2026-08-08 @ Texas Rangers: 3 FS|2026-08-07 @ Texas Rangers: 0 FS|2026-08-06 vs Los Angeles Angels: 2 FS|2026-08-05 vs Los Angeles Angels: 5 FS|2026-08-04 vs Los Angeles Angels: 0 FS|2026-08-02 vs Philadelphia Phillies: 0 FS|2026-08-01 vs Philadelphia Phillies: 4 FS|2026-07-31 vs Philadelphia Phillies: 11 FS|2026-07-29 @ Detroit Tigers: 2 FS|2026-07-26 vs Atlanta Braves: 5 FS|2026-07-25 vs Atlanta Braves: 5 FS,15,20,6.75,3.0,Last 20 games + shrinkage,4.57,4.21,0.184,Cold,6.75,1.405,0.1667,0.0714,0.0238,0.0714,0.0238,8.1,8.36,7.33,7.77,7.47,28.0,16.0,20.0,16.0,20.0,6.0,22.34,65.7,34.3,Recent workload,No,37.6,27.1,19.0,48.1,1.15,36,-0.52,1.0,1.0,1.0,75.0,102,83.32,22.55,1.96,32.35,0.506,1.0063,1.0,1.0,1.0,1.072,171,Statcast,0.88,17,Statcast,102,83.32,12.0,16.79,33.55,18.6,70.6,10.8,1.0018,0.9993,0.9991,0.9985,0.9969,0.9866,5.63,-1.12,Unknown/neutral,Neutral fallback,1.0,1.0,1.0,1.0,1.0,1.0,Neutral fallback,1.072,3,27.0,1.0328,27.0,0.996,0.1466,0.0527,0.0023,0.0543,0.0601,0.015,0.2053,0.3658,0.3171,0.3171,0.0834,0.1645,0.0142,1.0,Yes,7.58,2.45,13.6,19.17,4.26,0.0,Raw,74.5,74.5,63.4,63.4,60.4,60.4,50.0,50.0,47.1,47.1,41.0,41.0,36.8,33.6,33.6,30.3,30.3,28.4,28.4,26.4,26.4,25.3,25.3,20.8,20.8,20.1,16.9,8.0,8.0,7.5,7.0,6.0,5.0,4.5,4.0,3.5,3.0,2.5,1.0,0.0,0.0,0.0,0.0,0.0,0.0,0.0,0.0,0.0,0.0,0.0,0.0,0.0,0.0,0.0,Low,
62,2026-08-12,Willson Contreras,BOS,TOR,BOS @ TOR,AWAY,1B,9.01,7.98,7.98,6.29,6.49,6.31,7.39,6.31,0.854,3.6,6.0,5.73,0|2|6|3|7,0|2|6|3|7|14|0|2|19|7,0|2|6|3|7|14|0|2|19|7|4|6|4|2|10,92.3,83.5,83.0,74.6,73.6,65.8,55.5,55.0,49.8,49.3,41.1,35.5,34.5,30.3,30.3,27.1,27.1,24.6,22.4,22.4,21.1,21.1,17.7,17.0,17.0,13.7,13.7,199.15,B+,MORE 5.0 | 65.8% | Edge +3.0,MORE,5.0,65.8,2.98,31.6,Good,4,Today Posted,4.0,4.0,5,4-4-4-4-4,100.0,100.0,4.82,Regular,12,1.04,José Soriano,R,3.24,1.26,0.1902,0.0226,0.113,3.98,1.32,0.2119,0.0277,Rogers Centre,1.0,1.0,,,,,Indoor/retractable neutral,447,375,0.28,0.389,0.523,0.912,329,0.894,105,18,2,23,58,70,48,21,3,2026-08-11 @ Toronto Blue Jays: 0 FS|2026-08-10 @ Toronto Blue Jays: 2 FS|2026-08-09 vs Athletics: 6 FS|2026-08-08 vs Athletics: 3 FS|2026-08-05 vs Chicago White Sox: 7 FS,2026-08-11 @ Toronto Blue Jays: 0 FS|2026-08-10 @ Toronto Blue Jays: 2 FS|2026-08-09 vs Athletics: 6 FS|2026-08-08 vs Athletics: 3 FS|2026-08-05 vs Chicago White Sox: 7 FS|2026-08-04 vs Chicago White Sox: 14 FS|2026-08-02 @ Los Angeles Dodgers: 0 FS|2026-07-31 @ Los Angeles Dodgers: 2 FS|2026-07-30 @ Athletics: 19 FS|2026-07-29 @ Athletics: 7 FS,2026-08-11 @ Toronto Blue Jays: 0 FS|2026-08-10 @ Toronto Blue Jays: 2 FS|2026-08-09 vs Athletics: 6 FS|2026-08-08 vs Athletics: 3 FS|2026-08-05 vs Chicago White Sox: 7 FS|2026-08-04 vs Chicago White Sox: 14 FS|2026-08-02 @ Los Angeles Dodgers: 0 FS|2026-07-31 @ Los Angeles Dodgers: 2 FS|2026-07-30 @ Athletics: 19 FS|2026-07-29 @ Athletics: 7 FS|2026-07-28 @ Athletics: 4 FS|2026-07-27 @ Athletics: 6 FS|2026-07-26 vs Toronto Blue Jays: 4 FS|2026-07-25 vs Toronto Blue Jays: 2 FS|2026-07-24 vs Toronto Blue Jays: 10 FS,15,30,8.8,7.0,Last 30 games + shrinkage,4.57,5.43,0.175,Cold,8.8,1.407,0.1296,0.0185,0.0185,0.1852,0.0,9.8,10.04,8.23,8.11,8.62,28.0,16.0,20.0,16.0,20.0,6.0,21.59,63.5,36.5,Recent workload,No,46.7,35.3,65.9,65.2,1.15,122,-0.11,1.0,1.0,1.0,100.0,206,84.07,33.5,2.91,34.47,0.451,1.0144,1.0,1.0,1.0,1.1099,483,Statcast,1.0794,45,Statcast,206,84.07,12.0,20.95,28.69,22.3,62.1,15.5,1.0,1.0031,1.0113,1.0061,1.0205,0.9676,6.1,-2.7,Unknown/neutral,Neutral fallback,1.0,1.0,1.0,1.0,1.0,1.0,Neutral fallback,1.072,3,27.0,1.0081,27.0,0.9882,0.1352,0.0391,0.0019,0.0439,0.1469,0.0264,0.2493,0.3438,0.4062,0.25,0.0533,0.1712,0.004,1.0,Yes,6.31,3.73,10.56,17.39,4.25,0.0,Raw,87.1,75.5,75.5,67.6,67.6,60.8,51.0,51.0,46.3,46.3,38.6,34.5,34.5,30.3,30.3,27.1,27.1,24.6,22.4,22.4,21.1,21.1,17.7,17.0,17.0,13.7,13.7,5.2,8.0,7.5,7.0,6.0,5.0,4.5,4.0,3.5,3.0,2.5,1.0,0.0,0.0,0.0,0.0,0.0,0.0,0.0,0.0,0.0,0.0,0.0,0.0,0.0,0.0,0.0,Low,
63,2026-08-12,Tim Tawa,ARI,COL,COL @ ARI,HOME,LF,7.93,7.76,7.76,5.02,8.3,7.52,7.58,7.52,0.992,5.8,9.6,7.13,0|16|5|3|5,0|16|5|3|5|12|3|24|2|26,0|16|5|3|5|12|3|24|2|26|3|0|4|0|4,83.2,83.2,69.2,68.7,65.6,64.6,53.1,52.6,48.4,47.9,41.6,35.0,34.0,31.5,31.5,27.4,27.4,25.7,25.7,23.4,23.4,21.9,21.9,17.7,17.7,16.8,16.8,198.09,B+,MORE 5.0 | 64.6% | Edge +2.8,MORE,5.0,64.6,2.76,29.2,Good,8,Today Posted,8.0,7.0,7,7-8-7-7-8-8-5,42.9,100.0,3.95,Regular,13,1.04,Ryan Feltner,R,5.75,1.47,0.2452,0.0496,0.0909,5.49,1.51,0.2568,0.0354,Chase Field,1.0,1.0,,,,,Indoor/retractable neutral,196,174,0.236,0.288,0.385,0.673,148,0.723,41,8,0,6,21,26,14,0,6,2026-08-12 vs Colorado Rockies: 0 FS|2026-08-11 vs Colorado Rockies: 16 FS|2026-08-10 vs Colorado Rockies: 5 FS|2026-08-09 vs Los Angeles Dodgers: 3 FS|2026-08-08 vs Los Angeles Dodgers: 5 FS,2026-08-12 vs Colorado Rockies: 0 FS|2026-08-11 vs Colorado Rockies: 16 FS|2026-08-10 vs Colorado Rockies: 5 FS|2026-08-09 vs Los Angeles Dodgers: 3 FS|2026-08-08 vs Los Angeles Dodgers: 5 FS|2026-08-07 vs Los Angeles Dodgers: 12 FS|2026-08-06 vs San Diego Padres: 3 FS|2026-08-05 vs San Diego Padres: 24 FS|2026-08-04 vs San Diego Padres: 2 FS|2026-08-03 vs San Diego Padres: 26 FS,2026-08-12 vs Colorado Rockies: 0 FS|2026-08-11 vs Colorado Rockies: 16 FS|2026-08-10 vs Colorado Rockies: 5 FS|2026-08-09 vs Los Angeles Dodgers: 3 FS|2026-08-08 vs Los Angeles Dodgers: 5 FS|2026-08-07 vs Los Angeles Dodgers: 12 FS|2026-08-06 vs San Diego Padres: 3 FS|2026-08-05 vs San Diego Padres: 24 FS|2026-08-04 vs San Diego Padres: 2 FS|2026-08-03 vs San Diego Padres: 26 FS|2026-08-02 @ Cleveland Guardians: 3 FS|2026-08-01 @ Cleveland Guardians: 0 FS|2026-07-31 @ Cleveland Guardians: 4 FS|2026-07-29 @ Pittsburgh Pirates: 0 FS|2026-07-28 @ Pittsburgh Pirates: 4 FS,15,30,7.8,4.0,Last 30 games + shrinkage,6.29,7.36,0.265,Neutral,7.8,1.907,0.2407,0.037,0.037,0.0556,0.0741,7.66,8.55,7.97,7.57,7.28,28.0,16.0,20.0,16.0,20.0,6.0,18.53,54.5,45.5,Recent workload,No,48.6,37.0,46.5,57.9,1.15,101,0.2,1.0,1.0,1.0,100.0,151,83.86,33.77,3.31,31.13,0.387,0.9683,1.0,1.0,1.0,0.9775,414,Statcast,0.9099,60,Statcast,151,83.86,12.0,12.67,35.0,25.2,62.9,11.9,1.0,0.999,0.9962,0.9979,0.9931,0.9929,7.21,-0.59,Unknown/neutral,Neutral fallback,1.0,1.0,1.0,1.0,1.0,1.0,Neutral fallback,1.072,3,27.0,1.3,27.0,0.9968,0.1968,0.041,0.0009,0.0513,0.0572,0.0016,0.2064,0.5119,0.2976,0.1905,0.0641,0.1323,0.036,1.0,Yes,7.52,3.04,11.97,18.91,3.87,0.0,Raw,75.2,75.2,61.7,61.7,59.6,59.6,48.6,48.6,44.9,44.9,39.1,34.0,34.0,31.5,31.5,27.4,27.4,25.7,25.7,23.4,23.4,21.9,21.9,17.7,17.7,16.8,16.8,8.0,8.0,7.5,7.0,6.0,5.0,4.5,4.0,3.5,3.0,2.5,1.0,0.0,0.0,0.0,0.0,0.0,0.0,0.0,0.0,0.0,0.0,0.0,0.0,0.0,0.0,0.0,Low,
64,2026-08-12,Tyrone Taylor,CHC,WSH,CHC @ WSH,AWAY,LF,7.44,8.45,8.45,6.53,6.88,6.56,8.35,6.56,0.786,3.0,3.7,7.0,3|5|0|7|0,3|5|0|7|0|0|16|0|2|4,3|5|0|7|0|0|16|0|2|4|28|20|9|4|7,86.8,86.8,80.0,79.5,69.2,65.2,64.7,54.1,53.6,50.8,43.7,42.2,37.9,35.1,35.1,32.0,30.4,30.4,28.3,28.3,27.4,21.9,21.9,21.2,17.0,17.0,15.2,197.89,B+,MORE 5.5 | 64.7% | Edge +2.9,MORE,5.5,64.7,2.95,29.4,Good,9,Last 7 Confirmed,,9.0,4,9-9-9-6,75.0,90.0,3.65,Likely regular,9,1.0,Jackson Kent,L,4.2,1.25,0.224,0.03,0.085,4.73,1.39,0.2284,0.0356,Nationals Park,1.0,1.03,88.8,5.3,165.0,1.0,warm,174,158,0.241,0.294,0.481,0.775,77,0.9,38,8,0,10,23,28,10,2,0,2026-08-09 @ Kansas City Royals: 3 FS|2026-08-08 @ Kansas City Royals: 5 FS|2026-08-06 vs Toronto Blue Jays: 0 FS|2026-08-05 vs Los Angeles Dodgers: 7 FS|2026-08-04 vs Los Angeles Dodgers: 0 FS,2026-08-09 @ Kansas City Royals: 3 FS|2026-08-08 @ Kansas City Royals: 5 FS|2026-08-06 vs Toronto Blue Jays: 0 FS|2026-08-05 vs Los Angeles Dodgers: 7 FS|2026-08-04 vs Los Angeles Dodgers: 0 FS|2026-08-02 vs Miami Marlins: 0 FS|2026-08-01 vs Miami Marlins: 16 FS|2026-07-30 vs Miami Marlins: 0 FS|2026-07-29 vs Atlanta Braves: 2 FS|2026-07-29 vs Atlanta Braves: 4 FS,2026-08-09 @ Kansas City Royals: 3 FS|2026-08-08 @ Kansas City Royals: 5 FS|2026-08-06 vs Toronto Blue Jays: 0 FS|2026-08-05 vs Los Angeles Dodgers: 7 FS|2026-08-04 vs Los Angeles Dodgers: 0 FS|2026-08-02 vs Miami Marlins: 0 FS|2026-08-01 vs Miami Marlins: 16 FS|2026-07-30 vs Miami Marlins: 0 FS|2026-07-29 vs Atlanta Braves: 2 FS|2026-07-29 vs Atlanta Braves: 4 FS|2026-07-27 vs Atlanta Braves: 28 FS|2026-07-26 vs Los Angeles Dodgers: 20 FS|2026-07-25 vs Los Angeles Dodgers: 9 FS|2026-07-22 @ Milwaukee Brewers: 4 FS|2026-07-19 @ Philadelphia Phillies: 7 FS,15,30,6.43,3.5,Last 30 games + shrinkage,4.43,7.0,0.281,Neutral,6.43,2.579,0.2368,0.1053,0.0789,0.1053,0.0,6.57,7.74,7.09,6.28,6.5,28.0,16.0,20.0,16.0,20.0,6.0,21.0,64.0,36.0,Season fallback,No,34.4,24.6,31.2,43.3,1.0,0,0.0,1.0,1.0,1.0,75.0,84,82.92,26.19,4.76,32.14,0.495,1.027,1.0,1.0,1.0,1.0,0,Fallback,1.0,0,Fallback,84,82.92,12.0,18.58,28.37,29.8,64.3,6.0,1.0357,0.999,1.0318,0.9979,1.0286,0.9907,5.66,-0.78,Unknown/neutral,Neutral fallback,1.0,1.0,1.0,1.0,1.0,1.0,Neutral fallback,1.072,3,27.0,0.971,27.0,1.0,0.1372,0.061,0.0015,0.0679,0.0635,0.0126,0.2011,0.3721,0.4186,0.2092,0.092,0.1386,0.0036,1.0,Projected,6.56,3.38,12.81,17.53,3.85,0.0,Raw,78.8,78.8,72.5,72.5,63.2,60.2,60.2,50.1,50.1,47.8,41.2,41.2,37.9,35.1,35.1,32.0,30.4,30.4,28.3,28.3,27.4,21.9,21.9,21.2,17.0,17.0,15.2,8.0,8.0,7.5,7.0,6.0,5.0,4.5,4.0,3.5,3.0,2.5,1.0,0.0,0.0,0.0,0.0,0.0,0.0,0.0,0.0,0.0,0.0,0.0,0.0,0.0,0.0,0.0,Low,
65,2026-08-12,TJ Rumfield,COL,ARI,COL @ ARI,AWAY,1B,7.64,8.04,8.04,7.2,4.76,5.26,6.52,5.26,0.807,2.6,3.8,4.53,0|0|3|0|10,0|0|3|0|10|13|0|5|0|7,0|0|3|0|10|13|0|5|0|7|19|5|3|0|3,92.9,92.9,88.8,79.1,78.1,73.2,72.7,60.9,56.1,55.6,46.7,45.2,37.7,32.9,32.9,27.3,24.1,24.1,20.0,20.0,17.9,15.0,15.0,13.2,11.2,11.2,9.6,197.63,B+,MORE 6.0 | 60.9% | Edge +2.0,MORE,6.0,60.9,2.04,21.8,Playable,3,Today Posted,3.0,5.0,6,3-3-5-5-5-5,66.7,100.0,4.73,Likely regular,11,1.0,Merrill Kelly,R,4.83,1.45,0.2414,0.0441,0.0958,4.1,1.29,0.2264,0.0304,Chase Field,1.0,1.0,,,,,Indoor/retractable neutral,470,416,0.293,0.37,0.454,0.824,330,0.873,122,24,2,13,50,59,45,7,0,2026-08-12 @ Arizona Diamondbacks: 0 FS|2026-08-11 @ Arizona Diamondbacks: 0 FS|2026-08-10 @ Arizona Diamondbacks: 3 FS|2026-08-09 @ St. Louis Cardinals: 0 FS|2026-08-08 @ St. Louis Cardinals: 10 FS,2026-08-12 @ Arizona Diamondbacks: 0 FS|2026-08-11 @ Arizona Diamondbacks: 0 FS|2026-08-10 @ Arizona Diamondbacks: 3 FS|2026-08-09 @ St. Louis Cardinals: 0 FS|2026-08-08 @ St. Louis Cardinals: 10 FS|2026-08-07 @ St. Louis Cardinals: 13 FS|2026-08-05 vs Tampa Bay Rays: 0 FS|2026-08-04 vs Tampa Bay Rays: 5 FS|2026-08-03 vs Tampa Bay Rays: 0 FS|2026-08-02 vs Kansas City Royals: 7 FS,2026-08-12 @ Arizona Diamondbacks: 0 FS|2026-08-11 @ Arizona Diamondbacks: 0 FS|2026-08-10 @ Arizona Diamondbacks: 3 FS|2026-08-09 @ St. Louis Cardinals: 0 FS|2026-08-08 @ St. Louis Cardinals: 10 FS|2026-08-07 @ St. Louis Cardinals: 13 FS|2026-08-05 vs Tampa Bay Rays: 0 FS|2026-08-04 vs Tampa Bay Rays: 5 FS|2026-08-03 vs Tampa Bay Rays: 0 FS|2026-08-02 vs Kansas City Royals: 7 FS|2026-08-01 vs Kansas City Royals: 19 FS|2026-07-31 vs Kansas City Royals: 5 FS|2026-07-29 @ San Diego Padres: 3 FS|2026-07-28 @ San Diego Padres: 0 FS|2026-07-26 @ Milwaukee Brewers: 3 FS,15,30,5.37,3.5,Last 30 games + shrinkage,3.71,4.64,0.26,Neutral,5.37,1.275,0.2549,0.0392,0.0,0.0196,0.0,8.77,7.82,7.91,8.07,8.27,28.0,16.0,20.0,16.0,20.0,6.0,17.67,52.0,48.0,Recent workload,No,47.5,36.0,66.0,72.2,1.15,131,0.31,1.0,1.0,1.0,100.0,286,79.33,12.24,0.35,33.92,0.304,0.82,1.0,1.0,1.0,1.0127,513,Statcast,1.0432,67,Statcast,286,79.33,12.0,21.19,29.04,14.0,64.0,22.0,1.0,0.9904,0.9647,0.9808,0.9359,0.9876,4.33,-1.04,Unknown/neutral,Neutral fallback,1.0,1.0,1.0,1.0,1.0,1.0,Neutral fallback,1.072,3,27.0,0.8625,27.0,0.994,0.1983,0.0454,0.0022,0.023,0.0931,0.0126,0.1516,0.3767,0.3356,0.2878,0.0267,0.1401,0.0001,1.0,Yes,5.26,3.97,10.43,15.27,4.63,0.0,Raw,88.2,88.2,82.0,72.1,72.1,68.2,68.2,56.9,52.6,52.6,44.2,44.2,37.7,32.9,32.9,27.3,24.1,24.1,20.0,20.0,17.9,15.0,15.0,13.2,11.2,11.2,9.6,4.7,4.7,6.8,7.0,6.0,5.0,4.5,4.0,3.5,3.0,2.5,1.0,0.0,0.0,0.0,0.0,0.0,0.0,0.0,0.0,0.0,0.0,0.0,0.0,0.0,0.0,0.0,Low,
66,2026-08-12,Dillon Dingler,DET,CLE,CLE @ DET,HOME,C,8.68,7.14,7.14,4.78,8.36,7.56,7.18,7.46,1.053,8.2,11.9,9.27,0|0|11|4|26,0|0|11|4|26|21|19|12|3|23,0|0|11|4|26|21|19|12|3|23|3|0|5|12|0,79.2,67.6,67.1,63.5,62.5,50.2,49.7,45.9,45.4,38.4,37.9,32.0,31.0,28.1,28.1,28.1,24.6,24.6,22.9,22.9,20.5,20.5,19.4,19.4,15.3,15.3,14.6,196.2,B+,MORE 4.5 | 62.5% | Edge +2.6,MORE,4.5,62.5,2.64,25.0,Good,3,Last 7 Confirmed,,3.0,7,3-3-3-3-3-3-3,100.0,97.0,4.92,Regular,14,1.04,Foster Griffin,L,3.31,1.11,0.2128,0.0385,0.0587,3.85,1.27,0.213,0.0304,Comerica Park,0.97,1.04,81.9,12.2,239.0,10.0,"warm, light wind",466,419,0.27,0.334,0.52,0.854,140,0.715,113,23,2,26,64,80,29,13,0,2026-08-11 vs Cleveland Guardians: 0 FS|2026-08-09 @ San Francisco Giants: 0 FS|2026-08-08 @ San Francisco Giants: 11 FS|2026-08-07 @ San Francisco Giants: 4 FS|2026-08-06 @ Seattle Mariners: 26 FS,2026-08-11 vs Cleveland Guardians: 0 FS|2026-08-09 @ San Francisco Giants: 0 FS|2026-08-08 @ San Francisco Giants: 11 FS|2026-08-07 @ San Francisco Giants: 4 FS|2026-08-06 @ Seattle Mariners: 26 FS|2026-08-05 @ Seattle Mariners: 21 FS|2026-08-04 @ Seattle Mariners: 19 FS|2026-08-02 @ Athletics: 12 FS|2026-08-01 @ Athletics: 3 FS|2026-07-31 @ Athletics: 23 FS,2026-08-11 vs Cleveland Guardians: 0 FS|2026-08-09 @ San Francisco Giants: 0 FS|2026-08-08 @ San Francisco Giants: 11 FS|2026-08-07 @ San Francisco Giants: 4 FS|2026-08-06 @ Seattle Mariners: 26 FS|2026-08-05 @ Seattle Mariners: 21 FS|2026-08-04 @ Seattle Mariners: 19 FS|2026-08-02 @ Athletics: 12 FS|2026-08-01 @ Athletics: 3 FS|2026-07-31 @ Athletics: 23 FS|2026-07-29 vs Baltimore Orioles: 3 FS|2026-07-28 vs Baltimore Orioles: 0 FS|2026-07-27 vs Baltimore Orioles: 5 FS|2026-07-26 vs Kansas City Royals: 12 FS|2026-07-25 vs Kansas City Royals: 0 FS,15,30,8.73,5.0,Last 30 games + shrinkage,11.57,9.93,0.262,Neutral,8.73,1.986,0.2429,0.0714,0.0571,0.0571,0.0,9.62,9.25,9.11,9.43,7.94,28.0,16.0,20.0,16.0,20.0,6.0,24.7,72.6,27.4,Recent workload,No,51.2,39.5,45.2,71.1,1.15,120,-1.46,1.0,1.0,1.0,75.0,270,82.38,22.96,1.48,30.0,0.405,0.9169,1.0,1.0,1.0,0.9973,463,Statcast,1.0,8,Fallback,270,82.38,12.0,15.64,30.81,23.3,62.2,14.4,1.0276,1.0062,1.0844,1.1711,0.9317,1.0053,9.18,0.44,Unknown/neutral,Neutral fallback,1.0,1.0,1.0,1.0,1.0,1.0,Neutral fallback,1.072,3,27.0,0.8625,27.0,1.0,0.145,0.0499,0.0012,0.0406,0.0485,0.0206,0.2218,0.4497,0.2868,0.2636,0.0836,0.1785,0.0006,1.0,Projected,7.46,1.62,10.05,18.47,4.3,0.0,Raw,71.2,59.6,59.6,56.5,56.5,45.2,45.2,41.9,41.9,35.4,35.4,31.0,31.0,28.1,28.1,28.1,24.6,24.6,22.9,22.9,20.5,20.5,19.4,19.4,15.3,15.3,14.6,8.0,8.0,7.5,7.0,6.0,5.0,4.5,4.0,3.5,3.0,2.5,1.0,0.0,0.0,0.0,0.0,0.0,0.0,0.0,0.0,0.0,0.0,0.0,0.0,0.0,0.0,0.0,Low,
67,2026-08-12,Wilyer Abreu,BOS,TOR,BOS @ TOR,AWAY,RF,7.87,6.71,6.71,3.0,10.5,9.0,7.42,8.64,1.214,11.2,14.2,11.47,21|2|4|18|11,21|2|4|18|11|28|30|21|0|7,21|2|4|18|11|28|30|21|0|7|14|0|5|4|7,63.3,55.9,55.4,54.9,45.8,44.8,41.0,40.5,40.0,33.7,33.2,29.3,28.3,28.3,25.1,25.1,22.9,22.9,21.3,21.3,21.3,20.2,20.2,19.5,19.5,19.5,15.9,195.62,B+,MORE 2.5 | 63.3% | Edge +4.2,MORE,2.5,63.3,4.21,26.6,Good,5,Today Posted,5.0,3.0,6,5-3-3-3-3-3,83.3,100.0,4.61,Regular,14,1.04,José Soriano,R,3.24,1.26,0.1902,0.0226,0.113,3.98,1.32,0.2119,0.0277,Rogers Centre,1.0,1.0,,,,,Indoor/retractable neutral,504,441,0.254,0.331,0.463,0.794,349,0.731,112,23,3,21,65,64,52,2,8,2026-08-11 @ Toronto Blue Jays: 21 FS|2026-08-10 @ Toronto Blue Jays: 2 FS|2026-08-09 vs Athletics: 4 FS|2026-08-07 vs Athletics: 18 FS|2026-08-06 vs Chicago White Sox: 11 FS,2026-08-11 @ Toronto Blue Jays: 21 FS|2026-08-10 @ Toronto Blue Jays: 2 FS|2026-08-09 vs Athletics: 4 FS|2026-08-07 vs Athletics: 18 FS|2026-08-06 vs Chicago White Sox: 11 FS|2026-08-05 vs Chicago White Sox: 28 FS|2026-08-04 vs Chicago White Sox: 30 FS|2026-08-02 @ Los Angeles Dodgers: 21 FS|2026-08-01 @ Los Angeles Dodgers: 0 FS|2026-07-31 @ Los Angeles Dodgers: 7 FS,2026-08-11 @ Toronto Blue Jays: 21 FS|2026-08-10 @ Toronto Blue Jays: 2 FS|2026-08-09 vs Athletics: 4 FS|2026-08-07 vs Athletics: 18 FS|2026-08-06 vs Chicago White Sox: 11 FS|2026-08-05 vs Chicago White Sox: 28 FS|2026-08-04 vs Chicago White Sox: 30 FS|2026-08-02 @ Los Angeles Dodgers: 21 FS|2026-08-01 @ Los Angeles Dodgers: 0 FS|2026-07-31 @ Los Angeles Dodgers: 7 FS|2026-07-30 @ Athletics: 14 FS|2026-07-29 @ Athletics: 0 FS|2026-07-28 @ Athletics: 5 FS|2026-07-27 @ Athletics: 4 FS|2026-07-26 vs Toronto Blue Jays: 7 FS,15,30,10.0,5.0,Last 30 games + shrinkage,16.29,11.79,0.26,Neutral,10.0,2.661,0.2097,0.1129,0.0968,0.1613,0.0323,8.13,8.98,9.18,9.61,6.79,28.0,16.0,20.0,16.0,20.0,6.0,21.59,63.5,36.5,Recent workload,No,51.0,39.3,67.2,73.2,1.15,135,-0.11,1.0,1.0,1.0,100.0,301,82.98,25.58,1.66,32.23,0.418,0.9432,1.0,1.0,1.0,0.9601,608,Statcast,0.9672,59,Statcast,301,82.98,12.0,25.86,30.3,11.3,68.4,20.3,1.0,1.0006,1.0023,1.0013,1.0043,1.0227,11.89,1.89,Unknown/neutral,Neutral fallback,1.0,1.0,1.0,1.0,1.0,1.0,Neutral fallback,1.072,3,27.0,1.2079,27.0,1.0,0.0787,0.0308,0.0034,0.0471,0.1421,0.0052,0.2191,0.3024,0.434,0.2636,0.0677,0.1678,0.0112,1.0,Yes,8.64,0.57,10.28,19.99,4.11,0.0,Raw,55.3,47.9,47.9,47.9,39.8,39.8,36.5,36.5,36.5,30.7,30.7,28.3,28.3,28.3,25.1,25.1,22.9,22.9,21.3,21.3,21.3,20.2,20.2,19.5,19.5,19.5,15.9,8.0,8.0,7.5,7.0,6.0,5.0,4.5,4.0,3.5,3.0,2.5,1.0,0.0,0.0,0.0,0.0,0.0,0.0,0.0,0.0,0.0,0.0,0.0,0.0,0.0,0.0,0.0,Low,
68,2026-08-12,Jackson Merrill,SD,MIL,MIL @ SD,HOME,CF,8.48,6.57,6.57,4.81,7.97,7.29,6.94,7.19,1.05,15.6,13.8,11.67,12|16|17|21|12,12|16|17|21|12|10|4|17|3|26,12|16|17|21|12|10|4|17|3|26|9|2|3|5|18,76.9,62.8,62.3,59.9,58.9,46.9,46.4,42.1,41.6,35.7,35.2,28.5,27.5,27.5,25.0,25.0,21.7,21.7,20.1,20.1,18.2,18.2,17.1,17.1,13.5,13.5,12.8,192.29,B+,MORE 4.5 | 58.9% | Edge +2.1,MORE,4.5,58.9,2.07,17.8,Playable,5,Today Posted,5.0,5.0,7,5-5-5-5-5-5-5,100.0,100.0,4.61,Regular,14,1.04,Dustin May,R,4.3,1.27,0.2241,0.0166,0.0788,3.54,1.17,0.1976,0.0278,Petco Park,0.94,1.03,81.0,7.9,260.0,1.0,warm,494,458,0.247,0.295,0.421,0.716,363,0.703,113,19,2,19,62,62,31,1,23,2026-08-11 vs Milwaukee Brewers: 12 FS|2026-08-10 vs Milwaukee Brewers: 16 FS|2026-08-09 vs Houston Astros: 17 FS|2026-08-08 vs Houston Astros: 21 FS|2026-08-07 vs Houston Astros: 12 FS,2026-08-11 vs Milwaukee Brewers: 12 FS|2026-08-10 vs Milwaukee Brewers: 16 FS|2026-08-09 vs Houston Astros: 17 FS|2026-08-08 vs Houston Astros: 21 FS|2026-08-07 vs Houston Astros: 12 FS|2026-08-06 @ Arizona Diamondbacks: 10 FS|2026-08-05 @ Arizona Diamondbacks: 4 FS|2026-08-04 @ Arizona Diamondbacks: 17 FS|2026-08-03 @ Arizona Diamondbacks: 3 FS|2026-08-02 vs San Francisco Giants: 26 FS,2026-08-11 vs Milwaukee Brewers: 12 FS|2026-08-10 vs Milwaukee Brewers: 16 FS|2026-08-09 vs Houston Astros: 17 FS|2026-08-08 vs Houston Astros: 21 FS|2026-08-07 vs Houston Astros: 12 FS|2026-08-06 @ Arizona Diamondbacks: 10 FS|2026-08-05 @ Arizona Diamondbacks: 4 FS|2026-08-04 @ Arizona Diamondbacks: 17 FS|2026-08-03 @ Arizona Diamondbacks: 3 FS|2026-08-02 vs San Francisco Giants: 26 FS|2026-08-01 vs San Francisco Giants: 9 FS|2026-07-31 vs San Francisco Giants: 2 FS|2026-07-30 vs San Francisco Giants: 3 FS|2026-07-29 vs Colorado Rockies: 5 FS|2026-07-28 vs Colorado Rockies: 18 FS,15,30,10.83,11.0,Last 30 games + shrinkage,13.14,11.21,0.333,Hot,10.83,2.804,0.3214,0.125,0.0714,0.0357,0.0357,8.4,9.85,9.41,9.08,6.7,28.0,16.0,20.0,16.0,20.0,6.0,20.64,60.7,39.3,Recent workload,No,50.4,38.7,68.1,75.8,1.15,168,1.61,1.0,1.0,1.0,75.0,345,83.59,26.09,3.48,33.04,0.445,0.9865,1.0,1.0,1.0,1.0535,635,Statcast,0.9946,72,Statcast,345,83.59,12.0,21.27,29.41,13.9,64.9,21.2,1.0098,0.9919,1.0169,1.044,0.9307,1.0203,12.52,1.69,Unknown/neutral,Neutral fallback,1.0,1.0,1.0,1.0,1.0,1.0,Neutral fallback,1.072,3,27.0,1.3,27.0,1.0,0.1631,0.0391,0.0069,0.0389,0.0564,0.0017,0.2407,0.3782,0.3397,0.282,0.073,0.1869,0.0154,1.0,Yes,7.19,1.66,10.07,17.42,4.01,0.0,Raw,68.9,54.8,54.8,52.9,52.9,41.9,41.9,38.1,38.1,32.7,32.7,27.5,27.5,27.5,25.0,25.0,21.7,21.7,20.1,20.1,18.2,18.2,17.1,17.1,13.5,13.5,12.8,8.0,8.0,7.5,7.0,6.0,5.0,4.5,4.0,3.5,3.0,2.5,1.0,0.0,0.0,0.0,0.0,0.0,0.0,0.0,0.0,0.0,0.0,0.0,0.0,0.0,0.0,0.0,Low,
69,2026-08-12,Andy Pages,LAD,KC,KC @ LAD,HOME,CF,8.48,7.17,7.17,5.32,5.34,5.6,6.55,5.6,0.855,9.2,7.1,7.53,5|2|10|13|16,5|2|10|13|16|3|0|5|14|3,5|2|10|13|16|3|0|5|14|3|5|8|22|3|4,90.6,82.9,82.4,71.4,65.3,64.3,53.3,52.8,47.9,47.4,39.0,32.5,31.5,27.4,27.4,23.3,20.8,20.8,17.9,17.9,16.2,16.2,13.4,12.3,12.3,9.9,9.9,191.8,B+,MORE 5.0 | 64.3% | Edge +2.2,MORE,5.0,64.3,2.17,28.6,Good,2,Last 7 Confirmed,,2.0,7,3-2-2-2-2-2-2,85.7,97.0,5.02,Regular,14,1.04,Daniel Lynch IV,L,2.45,1.01,0.1762,0.0104,0.0725,4.84,1.43,0.2306,0.0332,UNIQLO Field at Dodger Stadium,1.0,1.0,,,,,Weather unavailable,513,459,0.27,0.337,0.455,0.792,148,0.88,124,24,2,19,66,76,43,6,11,2026-08-11 vs Kansas City Royals: 5 FS|2026-08-10 vs Kansas City Royals: 2 FS|2026-08-09 @ Arizona Diamondbacks: 10 FS|2026-08-08 @ Arizona Diamondbacks: 13 FS|2026-08-07 @ Arizona Diamondbacks: 16 FS,2026-08-11 vs Kansas City Royals: 5 FS|2026-08-10 vs Kansas City Royals: 2 FS|2026-08-09 @ Arizona Diamondbacks: 10 FS|2026-08-08 @ Arizona Diamondbacks: 13 FS|2026-08-07 @ Arizona Diamondbacks: 16 FS|2026-08-05 @ Chicago Cubs: 3 FS|2026-08-04 @ Chicago Cubs: 0 FS|2026-08-03 @ Chicago Cubs: 5 FS|2026-08-02 vs Boston Red Sox: 14 FS|2026-08-01 vs Boston Red Sox: 3 FS,2026-08-11 vs Kansas City Royals: 5 FS|2026-08-10 vs Kansas City Royals: 2 FS|2026-08-09 @ Arizona Diamondbacks: 10 FS|2026-08-08 @ Arizona Diamondbacks: 13 FS|2026-08-07 @ Arizona Diamondbacks: 16 FS|2026-08-05 @ Chicago Cubs: 3 FS|2026-08-04 @ Chicago Cubs: 0 FS|2026-08-03 @ Chicago Cubs: 5 FS|2026-08-02 vs Boston Red Sox: 14 FS|2026-08-01 vs Boston Red Sox: 3 FS|2026-07-31 vs Boston Red Sox: 5 FS|2026-07-30 vs Seattle Mariners: 8 FS|2026-07-29 vs Seattle Mariners: 22 FS|2026-07-28 vs Seattle Mariners: 3 FS|2026-07-26 @ New York Mets: 4 FS,15,30,7.4,5.5,Last 30 games + shrinkage,7.0,7.79,0.321,Hot,7.4,1.787,0.2951,0.0656,0.0328,0.082,0.0164,9.29,8.58,8.61,8.39,8.33,28.0,16.0,20.0,16.0,20.0,6.0,8.0,25.0,75.0,Recent workload,Yes,50.7,39.0,46.5,74.2,1.15,160,0.08,1.0,1.0,1.0,75.0,316,81.53,18.99,1.27,33.86,0.356,0.8561,1.0,1.0,1.0,0.987,726,Statcast,1.1393,46,Statcast,316,81.53,12.0,18.45,31.66,17.4,67.4,15.2,1.0,0.9952,0.9822,0.9903,0.9677,1.0004,7.43,0.03,Unknown/neutral,Neutral fallback,1.0,1.0,1.0,1.0,1.0,1.0,Neutral fallback,1.072,3,27.0,1.3,27.0,1.0,0.1553,0.0384,0.0057,0.026,0.1206,0.0083,0.198,0.4338,0.2867,0.2795,0.0614,0.1315,0.0164,1.0,Projected,5.6,2.75,9.59,14.72,4.46,0.0,Raw,84.3,74.9,74.9,64.4,59.3,59.3,48.8,48.8,44.4,44.4,36.5,31.5,31.5,27.4,27.4,23.3,20.8,20.8,17.9,17.9,16.2,16.2,13.4,12.3,12.3,9.9,9.9,6.3,8.0,7.5,7.0,6.0,5.0,4.5,4.0,3.5,3.0,2.5,1.0,0.0,0.0,0.0,0.0,0.0,0.0,0.0,0.0,0.0,0.0,0.0,0.0,0.0,0.0,0.0,Low,
70,2026-08-12,Randy Arozarena,SEA,NYY,SEA @ NYY,AWAY,LF,7.72,7.18,7.18,5.24,6.6,6.38,7.16,6.38,0.891,3.8,6.8,8.27,14|0|0|0|5,14|0|0|0|5|10|3|7|25|4,14|0|0|0|5|10|3|7|25|4|17|5|0|14|20,88.8,79.7,67.9,67.4,61.6,60.6,49.3,48.8,44.4,43.9,36.8,31.2,30.2,26.7,26.7,23.6,23.6,22.0,20.1,20.1,19.0,19.0,15.7,15.7,15.0,15.0,12.4,191.69,B+,MORE 5.0 | 60.6% | Edge +2.2,MORE,5.0,60.6,2.18,21.2,Playable,3,Today Posted,3.0,2.0,7,2-3-3-3-2-2-2,57.1,100.0,4.92,Regular,14,1.04,Will Warren,R,4.18,1.37,0.2399,0.0302,0.0746,3.28,1.17,0.201,0.0265,Yankee Stadium,1.06,1.03,85.2,1.4,231.0,1.0,warm,478,413,0.276,0.368,0.448,0.816,356,0.836,114,24,1,15,74,50,45,17,20,2026-08-11 @ New York Yankees: 14 FS|2026-08-09 vs Tampa Bay Rays: 0 FS|2026-08-08 vs Tampa Bay Rays: 0 FS|2026-08-07 vs Tampa Bay Rays: 0 FS|2026-08-06 vs Detroit Tigers: 5 FS,2026-08-11 @ New York Yankees: 14 FS|2026-08-09 vs Tampa Bay Rays: 0 FS|2026-08-08 vs Tampa Bay Rays: 0 FS|2026-08-07 vs Tampa Bay Rays: 0 FS|2026-08-06 vs Detroit Tigers: 5 FS|2026-08-05 vs Detroit Tigers: 10 FS|2026-08-04 vs Detroit Tigers: 3 FS|2026-08-02 vs Minnesota Twins: 7 FS|2026-08-01 vs Minnesota Twins: 25 FS|2026-07-31 vs Minnesota Twins: 4 FS,2026-08-11 @ New York Yankees: 14 FS|2026-08-09 vs Tampa Bay Rays: 0 FS|2026-08-08 vs Tampa Bay Rays: 0 FS|2026-08-07 vs Tampa Bay Rays: 0 FS|2026-08-06 vs Detroit Tigers: 5 FS|2026-08-05 vs Detroit Tigers: 10 FS|2026-08-04 vs Detroit Tigers: 3 FS|2026-08-02 vs Minnesota Twins: 7 FS|2026-08-01 vs Minnesota Twins: 25 FS|2026-07-31 vs Minnesota Twins: 4 FS|2026-07-30 @ Los Angeles Dodgers: 17 FS|2026-07-29 @ Los Angeles Dodgers: 5 FS|2026-07-28 @ Los Angeles Dodgers: 0 FS|2026-07-27 @ Texas Rangers: 14 FS|2026-07-26 @ Texas Rangers: 20 FS,15,30,7.63,5.0,Last 30 games + shrinkage,4.57,7.43,0.222,Neutral,7.63,1.763,0.2034,0.1017,0.0508,0.0847,0.0169,9.9,8.93,8.94,8.21,8.16,28.0,16.0,20.0,16.0,20.0,6.0,19.3,56.8,43.2,Recent workload,No,50.5,38.8,67.7,67.4,1.1035,156,3.31,1.0,1.0,1.0,75.0,227,83.88,25.11,2.64,33.92,0.37,0.9243,1.0,1.0,1.0,1.0287,568,Statcast,1.0,1,Fallback,227,83.88,12.0,14.58,33.34,17.6,63.4,18.9,1.0159,0.9799,0.9747,0.8198,1.1164,0.9908,6.86,-0.77,Unknown/neutral,Neutral fallback,1.0,1.0,1.0,1.0,1.0,1.0,Neutral fallback,1.072,3,27.0,1.3,27.0,1.0,0.1393,0.0376,0.0012,0.0394,0.0918,0.0241,0.218,0.487,0.2783,0.2347,0.0546,0.1072,0.0009,1.0,Yes,6.38,2.57,9.69,16.82,4.25,0.0,Raw,81.4,71.7,60.4,60.4,55.6,55.6,44.8,44.8,40.9,40.9,34.3,30.2,30.2,26.7,26.7,23.6,23.6,22.0,20.1,20.1,19.0,19.0,15.7,15.7,15.0,15.0,12.4,7.4,8.0,7.5,7.0,6.0,5.0,4.5,4.0,3.5,3.0,2.5,1.0,0.0,0.0,0.0,0.0,0.0,0.0,0.0,0.0,0.0,0.0,0.0,0.0,0.0,0.0,0.0,Low,
71,2026-08-12,Esmerlyn Valdez,PIT,MIA,PIT @ MIA,AWAY,RF,7.19,7.84,7.84,5.49,7.0,6.64,8.02,6.64,0.828,3.6,4.0,5.13,3|0|9|4|2,3|0|9|4|2|0|8|2|6|6,3|0|9|4|2|0|8|2|6|6|5|2|5|2|23,88.9,88.9,75.5,69.0,68.0,59.1,51.0,50.5,46.4,45.9,38.7,35.1,34.1,30.1,30.1,28.2,26.2,26.2,24.8,24.8,23.9,19.9,19.9,19.5,19.5,15.4,14.3,189.57,B+,MORE 5.0 | 59.1% | Edge +2.8,MORE,5.0,59.1,2.84,18.2,Playable,7,Today Posted,7.0,4.0,6,7-5-7-4-4-4,50.0,100.0,4.11,Regular,13,1.04,Janson Junk,R,4.63,1.36,0.2514,0.0343,0.0657,3.93,1.24,0.2044,0.027,loanDepot park,0.96,1.0,,,,,Indoor/retractable neutral,200,164,0.244,0.37,0.567,0.937,130,0.806,40,9,1,14,28,38,33,1,0,2026-08-11 @ Miami Marlins: 3 FS|2026-08-09 vs New York Mets: 0 FS|2026-08-08 vs New York Mets: 9 FS|2026-08-07 vs New York Mets: 4 FS|2026-08-05 @ Milwaukee Brewers: 2 FS,2026-08-11 @ Miami Marlins: 3 FS|2026-08-09 vs New York Mets: 0 FS|2026-08-08 vs New York Mets: 9 FS|2026-08-07 vs New York Mets: 4 FS|2026-08-05 @ Milwaukee Brewers: 2 FS|2026-08-04 @ Milwaukee Brewers: 0 FS|2026-08-03 @ Milwaukee Brewers: 8 FS|2026-08-02 @ Cincinnati Reds: 2 FS|2026-08-01 @ Cincinnati Reds: 6 FS|2026-07-31 @ Cincinnati Reds: 6 FS,2026-08-11 @ Miami Marlins: 3 FS|2026-08-09 vs New York Mets: 0 FS|2026-08-08 vs New York Mets: 9 FS|2026-08-07 vs New York Mets: 4 FS|2026-08-05 @ Milwaukee Brewers: 2 FS|2026-08-04 @ Milwaukee Brewers: 0 FS|2026-08-03 @ Milwaukee Brewers: 8 FS|2026-08-02 @ Cincinnati Reds: 2 FS|2026-08-01 @ Cincinnati Reds: 6 FS|2026-07-31 @ Cincinnati Reds: 6 FS|2026-07-30 @ Cincinnati Reds: 5 FS|2026-07-29 vs Arizona Diamondbacks: 2 FS|2026-07-28 vs Arizona Diamondbacks: 5 FS|2026-07-27 vs Arizona Diamondbacks: 2 FS|2026-07-26 vs Chicago Cubs: 23 FS,15,30,8.2,5.5,Last 30 games + shrinkage,3.71,3.86,0.098,Cold,8.2,0.947,0.0702,0.0351,0.0,0.2456,0.0,8.1,7.66,6.01,6.46,6.99,28.0,16.0,20.0,16.0,20.0,6.0,19.49,57.3,42.7,Recent workload,No,49.7,38.1,43.3,62.5,1.0755,173,-0.1,1.0,1.0,1.0,100.0,183,84.1,25.14,3.28,31.69,0.497,1.027,1.0,1.0,1.0,1.0152,646,Statcast,1.0395,43,Statcast,183,84.1,12.0,19.32,32.09,17.5,67.8,14.8,1.0,1.0025,1.009,1.0049,1.0164,0.9627,5.09,-3.11,Unknown/neutral,Neutral fallback,1.0,1.0,1.0,1.0,1.0,1.0,Neutral fallback,1.072,3,27.0,0.8625,27.0,0.9841,0.0849,0.0414,0.0012,0.0585,0.1547,0.0073,0.3016,0.3076,0.4744,0.218,0.0552,0.1277,0.0011,1.0,Yes,6.64,3.0,11.28,17.91,4.13,0.0,Raw,81.5,81.5,68.0,62.0,62.0,54.1,46.5,46.5,42.9,42.9,36.2,34.1,34.1,30.1,30.1,28.2,26.2,26.2,24.8,24.8,23.9,19.9,19.9,19.5,19.5,15.4,14.3,7.4,7.4,7.5,7.0,6.0,5.0,4.5,4.0,3.5,3.0,2.5,1.0,0.0,0.0,0.0,0.0,0.0,0.0,0.0,0.0,0.0,0.0,0.0,0.0,0.0,0.0,0.0,Low,
72,2026-08-12,Jake Mangum,PIT,MIA,PIT @ MIA,AWAY,CF,7.2,6.55,6.55,4.47,7.19,6.77,5.75,6.5,1.177,10.8,7.8,8.47,0|17|24|6|7,0|17|24|6|7|0|5|5|6|8,0|17|24|6|7|0|5|5|6|8|26|5|10|5|3,70.4,70.4,66.9,66.4,52.9,51.9,51.4,46.1,45.6,38.8,38.3,36.8,28.2,28.2,25.0,25.0,19.7,19.7,19.7,17.0,17.0,14.1,14.1,12.0,12.0,12.0,9.7,189.46,B+,MORE 4.0 | 66.4% | Edge +2.5,MORE,4.0,66.4,2.55,32.8,Good,1,Today Posted,1.0,1.0,7,1-1-1-1-1-1-1,100.0,100.0,5.13,Regular,14,1.04,Janson Junk,R,4.63,1.36,0.2514,0.0343,0.0657,3.93,1.24,0.2044,0.027,loanDepot park,0.96,1.0,,,,,Indoor/retractable neutral,353,321,0.299,0.351,0.386,0.737,262,0.742,96,14,1,4,44,27,19,8,21,2026-08-11 @ Miami Marlins: 0 FS|2026-08-09 vs New York Mets: 17 FS|2026-08-08 vs New York Mets: 24 FS|2026-08-07 vs New York Mets: 6 FS|2026-08-06 @ Milwaukee Brewers: 7 FS,2026-08-11 @ Miami Marlins: 0 FS|2026-08-09 vs New York Mets: 17 FS|2026-08-08 vs New York Mets: 24 FS|2026-08-07 vs New York Mets: 6 FS|2026-08-06 @ Milwaukee Brewers: 7 FS|2026-08-05 @ Milwaukee Brewers: 0 FS|2026-08-04 @ Milwaukee Brewers: 5 FS|2026-08-03 @ Milwaukee Brewers: 5 FS|2026-08-02 @ Cincinnati Reds: 6 FS|2026-08-01 @ Cincinnati Reds: 8 FS,2026-08-11 @ Miami Marlins: 0 FS|2026-08-09 vs New York Mets: 17 FS|2026-08-08 vs New York Mets: 24 FS|2026-08-07 vs New York Mets: 6 FS|2026-08-06 @ Milwaukee Brewers: 7 FS|2026-08-05 @ Milwaukee Brewers: 0 FS|2026-08-04 @ Milwaukee Brewers: 5 FS|2026-08-03 @ Milwaukee Brewers: 5 FS|2026-08-02 @ Cincinnati Reds: 6 FS|2026-08-01 @ Cincinnati Reds: 8 FS|2026-07-31 @ Cincinnati Reds: 26 FS|2026-07-30 @ Cincinnati Reds: 5 FS|2026-07-28 vs Arizona Diamondbacks: 10 FS|2026-07-27 vs Arizona Diamondbacks: 5 FS|2026-07-26 vs Chicago Cubs: 3 FS,15,30,8.13,6.0,Last 30 games + shrinkage,8.43,8.86,0.281,Neutral,8.13,1.908,0.2462,0.0923,0.0308,0.0769,0.0308,8.6,8.59,8.52,8.4,7.0,28.0,16.0,20.0,16.0,20.0,6.0,19.49,57.3,42.7,Recent workload,No,51.1,39.3,60.6,74.2,1.0037,160,-0.1,1.0,1.0,1.0,100.0,316,80.12,14.87,0.32,31.65,0.327,0.82,1.0,1.0,1.0,0.97,608,Statcast,1.0335,87,Statcast,316,80.12,12.0,17.72,31.09,16.5,69.3,14.2,1.0,0.991,0.9671,0.9821,0.9402,1.0047,8.53,0.39,Unknown/neutral,Neutral fallback,1.0,1.0,1.0,1.0,1.0,1.0,Neutral fallback,1.072,3,27.0,1.3,27.0,1.0,0.191,0.0347,0.0041,0.0117,0.0501,0.0215,0.193,0.5685,0.1987,0.2329,0.0571,0.0812,0.0174,1.0,Yes,6.5,2.12,9.18,15.07,4.77,0.0,Raw,62.4,62.4,59.4,59.4,46.9,46.9,46.9,42.1,42.1,35.8,35.8,35.8,28.2,28.2,25.0,25.0,19.7,19.7,19.7,17.0,17.0,14.1,14.1,12.0,12.0,12.0,9.7,8.0,8.0,7.5,7.0,6.0,5.0,4.5,4.0,3.5,3.0,2.5,1.0,0.0,0.0,0.0,0.0,0.0,0.0,0.0,0.0,0.0,0.0,0.0,0.0,0.0,0.0,0.0,Low,
73,2026-08-12,Spencer Torkelson,DET,CLE,CLE @ DET,HOME,1B,8.03,7.35,7.35,4.92,7.43,6.93,6.79,6.9,1.021,8.4,8.6,8.4,9|6|9|11|7,9|6|9|11|7|0|3|14|10|17,9|6|9|11|7|0|3|14|10|17|21|2|10|7|0,84.6,71.8,71.3,67.9,66.9,53.6,53.1,48.2,47.7,39.8,39.3,32.5,31.5,31.5,28.2,28.2,23.8,23.8,21.9,21.9,19.3,19.3,17.8,17.8,14.5,14.5,13.6,188.66,B+,MORE 4.5 | 66.9% | Edge +2.8,MORE,4.5,66.9,2.85,33.8,Good,6,Last 7 Confirmed,,6.0,7,6-6-6-6-6-6-6,100.0,97.0,4.4,Regular,14,1.04,Foster Griffin,L,3.31,1.11,0.2128,0.0385,0.0587,3.85,1.27,0.213,0.0304,Comerica Park,0.97,1.04,81.9,12.2,239.0,10.0,"warm, light wind",468,408,0.228,0.317,0.424,0.741,126,0.808,93,20,0,20,52,60,50,5,0,2026-08-11 vs Cleveland Guardians: 9 FS|2026-08-09 @ San Francisco Giants: 6 FS|2026-08-08 @ San Francisco Giants: 9 FS|2026-08-07 @ San Francisco Giants: 11 FS|2026-08-06 @ Seattle Mariners: 7 FS,2026-08-11 vs Cleveland Guardians: 9 FS|2026-08-09 @ San Francisco Giants: 6 FS|2026-08-08 @ San Francisco Giants: 9 FS|2026-08-07 @ San Francisco Giants: 11 FS|2026-08-06 @ Seattle Mariners: 7 FS|2026-08-05 @ Seattle Mariners: 0 FS|2026-08-04 @ Seattle Mariners: 3 FS|2026-08-02 @ Athletics: 14 FS|2026-08-01 @ Athletics: 10 FS|2026-07-31 @ Athletics: 17 FS,2026-08-11 vs Cleveland Guardians: 9 FS|2026-08-09 @ San Francisco Giants: 6 FS|2026-08-08 @ San Francisco Giants: 9 FS|2026-08-07 @ San Francisco Giants: 11 FS|2026-08-06 @ Seattle Mariners: 7 FS|2026-08-05 @ Seattle Mariners: 0 FS|2026-08-04 @ Seattle Mariners: 3 FS|2026-08-02 @ Athletics: 14 FS|2026-08-01 @ Athletics: 10 FS|2026-07-31 @ Athletics: 17 FS|2026-07-29 vs Baltimore Orioles: 21 FS|2026-07-28 vs Baltimore Orioles: 2 FS|2026-07-27 vs Baltimore Orioles: 10 FS|2026-07-26 vs Kansas City Royals: 7 FS|2026-07-25 vs Kansas City Royals: 0 FS,15,30,7.87,6.5,Last 30 games + shrinkage,6.43,9.0,0.382,Hot,7.87,1.969,0.3281,0.0469,0.0156,0.1094,0.0,8.0,8.51,8.42,7.68,7.65,28.0,16.0,20.0,16.0,20.0,6.0,24.7,72.6,27.4,Recent workload,No,49.8,38.1,42.6,69.4,1.15,133,-1.46,1.0,1.0,1.0,75.0,249,84.17,25.7,2.81,31.33,0.416,0.9652,1.0,1.0,1.0,0.9738,530,Statcast,1.1141,22,Statcast,249,84.17,12.0,19.79,31.21,22.9,65.1,12.1,1.0301,1.0129,1.1138,1.1867,0.9762,1.0027,8.09,0.23,Unknown/neutral,Neutral fallback,1.0,1.0,1.0,1.0,1.0,1.0,Neutral fallback,1.072,3,27.0,0.8625,27.0,1.0,0.19,0.0536,0.0007,0.0382,0.088,0.002,0.2756,0.4,0.3653,0.2347,0.0697,0.1384,0.0007,1.0,Projected,6.9,2.88,10.03,17.17,3.98,0.0,Raw,76.6,63.8,63.8,60.9,60.9,48.6,48.6,44.2,44.2,36.8,36.8,31.5,31.5,31.5,28.2,28.2,23.8,23.8,21.9,21.9,19.3,19.3,17.8,17.8,14.5,14.5,13.6,8.0,8.0,7.5,7.0,6.0,5.0,4.5,4.0,3.5,3.0,2.5,1.0,0.0,0.0,0.0,0.0,0.0,0.0,0.0,0.0,0.0,0.0,0.0,0.0,0.0,0.0,0.0,Low,
74,2026-08-12,Bryan Reynolds,PIT,MIA,PIT @ MIA,AWAY,LF,7.15,7.01,7.01,5.29,4.74,5.25,6.13,5.25,0.856,5.6,5.5,6.33,0|5|11|8|4,0|5|11|8|4|5|0|8|7|7,0|5|11|8|4|5|0|8|7|7|8|0|5|20|7,91.2,83.0,82.5,72.8,66.1,65.1,53.7,53.2,48.4,47.9,38.8,32.4,31.4,26.6,26.6,22.0,19.6,19.6,16.7,16.7,14.8,12.0,12.0,10.9,10.9,8.5,8.5,187.2,B+,MORE 5.0 | 65.1% | Edge +2.0,MORE,5.0,65.1,2.01,30.2,Good,3,Today Posted,3.0,3.0,7,3-3-3-3-3-3-3,100.0,100.0,4.92,Regular,14,1.04,Janson Junk,R,4.63,1.36,0.2514,0.0343,0.0657,3.93,1.24,0.2044,0.027,loanDepot park,0.96,1.0,,,,,Indoor/retractable neutral,526,444,0.266,0.376,0.439,0.815,355,0.8,118,28,2,15,80,63,72,8,7,2026-08-11 @ Miami Marlins: 0 FS|2026-08-09 vs New York Mets: 5 FS|2026-08-08 vs New York Mets: 11 FS|2026-08-07 vs New York Mets: 8 FS|2026-08-06 @ Milwaukee Brewers: 4 FS,2026-08-11 @ Miami Marlins: 0 FS|2026-08-09 vs New York Mets: 5 FS|2026-08-08 vs New York Mets: 11 FS|2026-08-07 vs New York Mets: 8 FS|2026-08-06 @ Milwaukee Brewers: 4 FS|2026-08-05 @ Milwaukee Brewers: 5 FS|2026-08-04 @ Milwaukee Brewers: 0 FS|2026-08-03 @ Milwaukee Brewers: 8 FS|2026-08-02 @ Cincinnati Reds: 7 FS|2026-08-01 @ Cincinnati Reds: 7 FS,2026-08-11 @ Miami Marlins: 0 FS|2026-08-09 vs New York Mets: 5 FS|2026-08-08 vs New York Mets: 11 FS|2026-08-07 vs New York Mets: 8 FS|2026-08-06 @ Milwaukee Brewers: 4 FS|2026-08-05 @ Milwaukee Brewers: 5 FS|2026-08-04 @ Milwaukee Brewers: 0 FS|2026-08-03 @ Milwaukee Brewers: 8 FS|2026-08-02 @ Cincinnati Reds: 7 FS|2026-08-01 @ Cincinnati Reds: 7 FS|2026-07-31 @ Cincinnati Reds: 8 FS|2026-07-30 @ Cincinnati Reds: 0 FS|2026-07-29 vs Arizona Diamondbacks: 5 FS|2026-07-28 vs Arizona Diamondbacks: 20 FS|2026-07-27 vs Arizona Diamondbacks: 7 FS,15,30,6.37,7.0,Last 30 games + shrinkage,4.71,6.29,0.241,Neutral,6.37,1.419,0.2097,0.0484,0.0161,0.129,0.0,9.5,8.16,8.33,8.23,7.86,28.0,16.0,20.0,16.0,20.0,6.0,19.49,57.3,42.7,Recent workload,No,51.0,39.2,67.6,71.4,1.15,163,-0.1,1.0,1.0,1.0,100.0,274,83.68,27.74,1.46,33.21,0.406,0.9471,1.0,1.0,1.0,1.0173,644,Statcast,0.9851,81,Statcast,274,83.68,12.0,12.41,31.65,12.8,66.1,21.2,1.0,0.9984,0.994,0.9967,0.9891,0.9898,5.51,-0.85,Unknown/neutral,Neutral fallback,1.0,1.0,1.0,1.0,1.0,1.0,Neutral fallback,1.072,3,27.0,1.0059,27.0,0.9956,0.1356,0.0536,0.0039,0.0205,0.1232,0.0172,0.2262,0.4384,0.3153,0.2462,0.0465,0.084,0.0001,1.0,Yes,5.25,3.58,9.57,14.71,4.59,0.0,Raw,85.4,75.0,75.0,65.8,60.1,60.1,49.2,49.2,44.9,44.9,36.3,31.4,31.4,26.6,26.6,22.0,19.6,19.6,16.7,16.7,14.8,12.0,12.0,10.9,10.9,8.5,8.5,5.8,8.0,7.5,7.0,6.0,5.0,4.5,4.0,3.5,3.0,2.5,1.0,0.0,0.0,0.0,0.0,0.0,0.0,0.0,0.0,0.0,0.0,0.0,0.0,0.0,0.0,0.0,Low,
75,2026-08-12,Ceddanne Rafaela,BOS,TOR,BOS @ TOR,AWAY,CF,7.46,5.94,5.94,4.78,7.35,6.87,6.43,6.73,1.068,7.8,11.4,12.73,16|8|0|3|12,16|8|0|3|12|11|2|15|19|28,16|8|0|3|12|11|2|15|19|28|29|17|8|3|20,74.9,60.1,59.6,57.0,56.0,43.4,42.9,38.7,38.2,31.9,31.4,25.3,24.3,24.3,22.0,22.0,18.6,18.6,17.0,17.0,14.9,14.9,13.8,13.8,11.0,11.0,10.3,187.09,B+,MORE 3.5 | 59.6% | Edge +2.4,MORE,3.5,59.6,2.44,19.2,Playable,2,Today Posted,2.0,2.0,7,2-2-2-2-2-2-2,100.0,100.0,5.02,Regular,14,1.04,José Soriano,R,3.24,1.26,0.1902,0.0226,0.113,3.98,1.32,0.2119,0.0277,Rogers Centre,1.0,1.0,,,,,Indoor/retractable neutral,480,450,0.287,0.324,0.469,0.793,349,0.779,129,28,3,16,61,63,19,7,16,2026-08-11 @ Toronto Blue Jays: 16 FS|2026-08-10 @ Toronto Blue Jays: 8 FS|2026-08-09 vs Athletics: 0 FS|2026-08-08 vs Athletics: 3 FS|2026-08-07 vs Athletics: 12 FS,2026-08-11 @ Toronto Blue Jays: 16 FS|2026-08-10 @ Toronto Blue Jays: 8 FS|2026-08-09 vs Athletics: 0 FS|2026-08-08 vs Athletics: 3 FS|2026-08-07 vs Athletics: 12 FS|2026-08-06 vs Chicago White Sox: 11 FS|2026-08-05 vs Chicago White Sox: 2 FS|2026-08-04 vs Chicago White Sox: 15 FS|2026-08-02 @ Los Angeles Dodgers: 19 FS|2026-08-01 @ Los Angeles Dodgers: 28 FS,2026-08-11 @ Toronto Blue Jays: 16 FS|2026-08-10 @ Toronto Blue Jays: 8 FS|2026-08-09 vs Athletics: 0 FS|2026-08-08 vs Athletics: 3 FS|2026-08-07 vs Athletics: 12 FS|2026-08-06 vs Chicago White Sox: 11 FS|2026-08-05 vs Chicago White Sox: 2 FS|2026-08-04 vs Chicago White Sox: 15 FS|2026-08-02 @ Los Angeles Dodgers: 19 FS|2026-08-01 @ Los Angeles Dodgers: 28 FS|2026-07-31 @ Los Angeles Dodgers: 29 FS|2026-07-30 @ Athletics: 17 FS|2026-07-29 @ Athletics: 8 FS|2026-07-28 @ Athletics: 3 FS|2026-07-27 @ Athletics: 20 FS,15,30,10.2,8.0,Last 30 games + shrinkage,7.43,12.21,0.339,Hot,10.2,2.591,0.3182,0.1212,0.0758,0.0152,0.0455,8.48,8.87,9.06,7.55,6.72,28.0,16.0,20.0,16.0,20.0,6.0,21.59,63.5,36.5,Recent workload,No,52.7,40.9,67.2,77.3,1.0747,126,-0.11,1.0,1.0,1.0,100.0,375,80.18,16.8,0.8,33.33,0.332,0.82,1.0,1.0,1.0,0.9454,562,Statcast,1.0549,58,Statcast,375,80.18,12.0,19.36,32.31,14.7,65.1,20.3,1.0,0.9919,0.9702,0.9838,0.9459,1.006,10.7,0.5,Unknown/neutral,Neutral fallback,1.0,1.0,1.0,1.0,1.0,1.0,Neutral fallback,1.072,3,27.0,1.3,27.0,1.0,0.1519,0.0388,0.0001,0.0252,0.0298,0.0155,0.2139,0.4368,0.2816,0.2816,0.0652,0.1447,0.0144,1.0,Yes,6.73,0.0,7.99,16.53,4.44,0.0,Raw,66.9,52.1,52.1,50.0,50.0,38.4,38.4,34.7,34.7,28.9,28.9,24.3,24.3,24.3,22.0,22.0,18.6,18.6,17.0,17.0,14.9,14.9,13.8,13.8,11.0,11.0,10.3,8.0,8.0,7.5,7.0,6.0,5.0,4.5,4.0,3.5,3.0,2.5,1.0,0.0,0.0,0.0,0.0,0.0,0.0,0.0,0.0,0.0,0.0,0.0,0.0,0.0,0.0,0.0,Pass,
76,2026-08-12,Spencer Jones,NYY,SEA,SEA @ NYY,HOME,CF,8.4,7.44,7.44,5.33,7.6,7.04,8.14,7.04,0.865,6.4,6.7,7.0,4|2|24|2|0,4|2|24|2|0|0|0|0|19|16,4|2|24|2|0|0|0|0|19|16|8|26|0|2|2,82.6,72.9,72.4,61.8,56.6,55.6,46.6,46.1,43.4,42.9,37.6,33.5,32.5,30.5,30.5,28.6,28.6,27.6,26.5,26.5,25.9,25.9,19.7,19.5,19.5,14.9,14.9,186.01,B+,MORE 4.0 | 61.8% | Edge +3.4,MORE,4.0,61.8,3.44,23.6,Playable,3,Today Posted,3.0,7.0,7,7-6-7-6-5-5-4,28.6,100.0,4.84,Regular,12,1.04,Bryce Miller,R,3.08,0.95,0.1961,0.0425,0.049,3.79,1.2,0.2214,0.0293,Yankee Stadium,1.06,1.03,85.2,1.4,231.0,1.0,warm,136,120,0.208,0.301,0.383,0.684,108,0.573,25,4,1,5,12,15,16,0,4,2026-08-11 vs Seattle Mariners: 4 FS|2026-08-09 vs Atlanta Braves: 2 FS|2026-08-08 vs Atlanta Braves: 24 FS|2026-08-07 vs Atlanta Braves: 2 FS|2026-08-05 vs St. Louis Cardinals: 0 FS,2026-08-11 vs Seattle Mariners: 4 FS|2026-08-09 vs Atlanta Braves: 2 FS|2026-08-08 vs Atlanta Braves: 24 FS|2026-08-07 vs Atlanta Braves: 2 FS|2026-08-05 vs St. Louis Cardinals: 0 FS|2026-08-04 vs St. Louis Cardinals: 0 FS|2026-08-03 vs St. Louis Cardinals: 0 FS|2026-08-02 @ Chicago Cubs: 0 FS|2026-08-01 @ Chicago Cubs: 19 FS|2026-07-31 @ Chicago Cubs: 16 FS,2026-08-11 vs Seattle Mariners: 4 FS|2026-08-09 vs Atlanta Braves: 2 FS|2026-08-08 vs Atlanta Braves: 24 FS|2026-08-07 vs Atlanta Braves: 2 FS|2026-08-05 vs St. Louis Cardinals: 0 FS|2026-08-04 vs St. Louis Cardinals: 0 FS|2026-08-03 vs St. Louis Cardinals: 0 FS|2026-08-02 @ Chicago Cubs: 0 FS|2026-08-01 @ Chicago Cubs: 19 FS|2026-07-31 @ Chicago Cubs: 16 FS|2026-07-30 @ Chicago White Sox: 8 FS|2026-07-29 @ Chicago White Sox: 26 FS|2026-07-28 @ Chicago White Sox: 0 FS|2026-07-27 @ Chicago White Sox: 2 FS|2026-07-26 @ Philadelphia Phillies: 2 FS,15,30,5.37,2.0,Last 30 games + shrinkage,4.57,7.36,0.182,Cold,5.37,2.102,0.1633,0.0816,0.0612,0.102,0.0612,9.47,9.87,10.14,8.56,8.39,28.0,16.0,20.0,16.0,20.0,6.0,23.12,68.0,32.0,Recent workload,No,39.1,28.6,38.8,50.7,1.0773,60,4.67,1.0,1.0,1.0,75.0,113,84.94,29.2,1.77,37.17,0.456,1.007,1.0,1.0,1.0,1.0204,302,Statcast,1.14,35,Statcast,113,84.94,12.0,21.13,30.52,14.2,68.1,17.7,1.0181,0.9854,0.9971,0.829,1.161,1.009,6.12,0.75,Unknown/neutral,Neutral fallback,1.0,1.0,1.0,1.0,1.0,1.0,Neutral fallback,1.072,3,27.0,1.3,27.0,1.0,0.0983,0.0241,0.003,0.061,0.085,0.0022,0.3136,0.3191,0.4256,0.2553,0.0728,0.1181,0.0265,1.0,Yes,7.04,1.0,13.12,17.44,4.47,0.0,Raw,74.6,64.9,64.9,54.8,50.6,50.6,42.1,42.1,39.9,39.9,35.1,32.5,32.5,30.5,30.5,28.6,28.6,27.6,26.5,26.5,25.9,25.9,19.7,19.5,19.5,14.9,14.9,8.0,8.0,7.5,7.0,6.0,5.0,4.5,4.0,3.5,3.0,2.5,1.0,0.0,0.0,0.0,0.0,0.0,0.0,0.0,0.0,0.0,0.0,0.0,0.0,0.0,0.0,0.0,Low,
77,2026-08-12,Ty France,SD,MIL,MIL @ SD,HOME,1B,8.47,6.83,6.83,5.14,6.39,6.25,6.77,6.25,0.923,6.8,6.5,7.07,8|19|3|4|0,8|19|3|4|0|12|5|0|4|10,8|19|3|4|0|12|5|0|4|10|11|14|4|7|5,81.0,81.0,66.1,65.6,61.7,60.7,48.5,48.0,42.8,36.8,36.3,29.6,28.6,25.8,25.8,21.8,21.8,20.3,20.3,18.1,18.1,17.0,13.9,13.9,13.2,13.2,10.8,185.85,B+,MORE 5.0 | 60.7% | Edge +1.8,MORE,5.0,60.7,1.83,21.4,Playable,4,Today Posted,4.0,4.0,6,4-4-4-4-4-4,100.0,100.0,4.73,Regular,13,1.04,Dustin May,R,4.3,1.27,0.2241,0.0166,0.0788,3.54,1.17,0.1976,0.0278,Petco Park,0.94,1.03,81.0,7.9,260.0,1.0,warm,334,301,0.292,0.345,0.525,0.87,233,0.888,88,15,2,17,42,51,17,10,1,2026-08-11 vs Milwaukee Brewers: 8 FS|2026-08-10 vs Milwaukee Brewers: 19 FS|2026-08-09 vs Houston Astros: 3 FS|2026-08-08 vs Houston Astros: 4 FS|2026-08-07 vs Houston Astros: 0 FS,2026-08-11 vs Milwaukee Brewers: 8 FS|2026-08-10 vs Milwaukee Brewers: 19 FS|2026-08-09 vs Houston Astros: 3 FS|2026-08-08 vs Houston Astros: 4 FS|2026-08-07 vs Houston Astros: 0 FS|2026-08-06 @ Arizona Diamondbacks: 12 FS|2026-08-05 @ Arizona Diamondbacks: 5 FS|2026-08-04 @ Arizona Diamondbacks: 0 FS|2026-08-03 @ Arizona Diamondbacks: 4 FS|2026-08-02 vs San Francisco Giants: 10 FS,2026-08-11 vs Milwaukee Brewers: 8 FS|2026-08-10 vs Milwaukee Brewers: 19 FS|2026-08-09 vs Houston Astros: 3 FS|2026-08-08 vs Houston Astros: 4 FS|2026-08-07 vs Houston Astros: 0 FS|2026-08-06 @ Arizona Diamondbacks: 12 FS|2026-08-05 @ Arizona Diamondbacks: 5 FS|2026-08-04 @ Arizona Diamondbacks: 0 FS|2026-08-03 @ Arizona Diamondbacks: 4 FS|2026-08-02 vs San Francisco Giants: 10 FS|2026-08-01 vs San Francisco Giants: 11 FS|2026-07-31 vs San Francisco Giants: 14 FS|2026-07-30 vs San Francisco Giants: 4 FS|2026-07-29 vs Colorado Rockies: 7 FS|2026-07-28 vs Colorado Rockies: 5 FS,15,30,9.47,8.0,Last 30 games + shrinkage,7.29,7.21,0.333,Hot,9.47,1.804,0.2857,0.0536,0.0179,0.0714,0.0,8.26,8.9,7.89,7.81,7.63,28.0,16.0,20.0,16.0,20.0,6.0,20.64,60.7,39.3,Recent workload,No,50.6,38.9,57.8,71.9,1.0571,158,1.61,1.0,1.0,1.0,75.0,282,84.85,26.6,1.06,34.4,0.388,0.9408,1.0,1.0,1.0,1.0186,622,Statcast,1.0415,54,Statcast,282,84.85,12.0,21.02,29.95,20.6,64.9,14.5,1.0098,0.9952,1.0291,1.0508,0.9508,0.9825,8.01,-1.46,Unknown/neutral,Neutral fallback,1.0,1.0,1.0,1.0,1.0,1.0,Neutral fallback,1.072,3,27.0,0.8652,27.0,0.9969,0.1713,0.0452,0.003,0.0334,0.0459,0.0252,0.2318,0.3968,0.3174,0.2858,0.0786,0.1958,0.0001,1.0,Yes,6.25,2.37,9.76,16.22,4.15,0.0,Raw,73.0,73.0,58.6,58.6,55.7,55.7,44.0,44.0,39.3,33.8,33.8,28.6,28.6,25.8,25.8,21.8,21.8,20.3,20.3,18.1,18.1,17.0,13.9,13.9,13.2,13.2,10.8,8.0,8.0,7.5,7.0,6.0,5.0,4.5,4.0,3.5,3.0,2.5,1.0,0.0,0.0,0.0,0.0,0.0,0.0,0.0,0.0,0.0,0.0,0.0,0.0,0.0,0.0,0.0,Low,
78,2026-08-12,Kevin McGonigle,DET,CLE,CLE @ DET,HOME,SS,7.44,6.13,6.13,4.48,7.69,7.11,5.92,6.82,1.2,12.8,12.2,10.93,16|3|7|13|25,16|3|7|13|25|0|4|6|26|22,16|3|7|13|25|0|4|6|26|22|2|24|6|10|0,66.1,66.1,61.3,60.8,47.5,46.5,46.0,40.5,40.0,32.7,32.2,30.7,24.0,24.0,21.0,21.0,17.3,17.3,17.3,15.6,15.6,13.8,13.8,13.8,12.4,12.4,9.5,185.54,B,MORE 4.0 | 60.8% | Edge +2.1,MORE,4.0,60.8,2.13,21.6,Playable,1,Last 7 Confirmed,,1.0,7,1-1-1-1-1-1-1,100.0,97.0,5.13,Regular,14,1.04,Foster Griffin,L,3.31,1.11,0.2128,0.0385,0.0587,3.85,1.27,0.213,0.0304,Comerica Park,0.97,1.04,81.9,12.2,239.0,10.0,"warm, light wind",519,441,0.288,0.391,0.431,0.822,145,0.685,127,21,3,12,77,48,73,3,11,2026-08-11 vs Cleveland Guardians: 16 FS|2026-08-09 @ San Francisco Giants: 3 FS|2026-08-08 @ San Francisco Giants: 7 FS|2026-08-07 @ San Francisco Giants: 13 FS|2026-08-06 @ Seattle Mariners: 25 FS,2026-08-11 vs Cleveland Guardians: 16 FS|2026-08-09 @ San Francisco Giants: 3 FS|2026-08-08 @ San Francisco Giants: 7 FS|2026-08-07 @ San Francisco Giants: 13 FS|2026-08-06 @ Seattle Mariners: 25 FS|2026-08-05 @ Seattle Mariners: 0 FS|2026-08-04 @ Seattle Mariners: 4 FS|2026-08-02 @ Athletics: 6 FS|2026-08-01 @ Athletics: 26 FS|2026-07-31 @ Athletics: 22 FS,2026-08-11 vs Cleveland Guardians: 16 FS|2026-08-09 @ San Francisco Giants: 3 FS|2026-08-08 @ San Francisco Giants: 7 FS|2026-08-07 @ San Francisco Giants: 13 FS|2026-08-06 @ Seattle Mariners: 25 FS|2026-08-05 @ Seattle Mariners: 0 FS|2026-08-04 @ Seattle Mariners: 4 FS|2026-08-02 @ Athletics: 6 FS|2026-08-01 @ Athletics: 26 FS|2026-07-31 @ Athletics: 22 FS|2026-07-29 vs Baltimore Orioles: 2 FS|2026-07-28 vs Baltimore Orioles: 24 FS|2026-07-27 vs Baltimore Orioles: 6 FS|2026-07-26 vs Kansas City Royals: 10 FS|2026-07-25 vs Kansas City Royals: 0 FS,15,30,8.83,6.5,Last 30 games + shrinkage,9.71,11.71,0.35,Hot,8.83,2.278,0.2917,0.0556,0.0417,0.1389,0.0,8.7,8.61,9.29,8.57,7.06,28.0,16.0,20.0,16.0,20.0,6.0,24.7,72.6,27.4,Recent workload,No,52.5,40.8,46.0,73.4,1.1499,119,-1.46,1.0,1.0,1.0,75.0,303,81.61,21.78,0.0,28.38,0.324,0.8314,1.0,1.0,1.0,1.0208,615,Statcast,0.9112,39,Statcast,303,81.61,12.0,20.76,30.87,18.1,59.7,22.1,1.0301,1.0063,1.0876,1.1714,0.9348,1.0176,10.3,1.46,Unknown/neutral,Neutral fallback,1.0,1.0,1.0,1.0,1.0,1.0,Neutral fallback,1.072,3,27.0,1.1946,27.0,1.0,0.1659,0.0248,0.0013,0.0221,0.0935,0.0036,0.1723,0.3733,0.3933,0.2333,0.1028,0.094,0.002,1.0,Projected,6.82,0.88,8.08,15.28,4.5,0.0,Raw,58.1,58.1,53.8,53.8,41.5,41.5,41.5,36.5,36.5,29.7,29.7,29.7,24.0,24.0,21.0,21.0,17.3,17.3,17.3,15.6,15.6,13.8,13.8,13.8,12.4,12.4,9.5,8.0,8.0,7.5,7.0,6.0,5.0,4.5,4.0,3.5,3.0,2.5,1.0,0.0,0.0,0.0,0.0,0.0,0.0,0.0,0.0,0.0,0.0,0.0,0.0,0.0,0.0,0.0,Low,
79,2026-08-12,Masataka Yoshida,BOS,TOR,BOS @ TOR,AWAY,DH,7.46,7.05,7.05,4.88,6.59,6.37,6.14,6.32,1.038,7.4,8.3,6.2,5|4|14|14|0,5|4|14|14|0|12|21|0|10|3,5|4|14|14|0|12|21|0|10|3|0|5|5|0|0,83.5,74.3,73.8,67.5,66.5,54.6,54.1,49.4,48.9,39.5,39.0,32.8,31.8,31.8,26.7,26.7,22.4,22.4,19.6,19.6,16.5,16.5,14.7,14.7,11.8,11.8,10.8,185.48,B,MORE 4.5 | 66.5% | Edge +2.5,MORE,4.5,66.5,2.55,33.0,Good,1,Today Posted,1.0,5.0,5,1-5-5-5-5,80.0,100.0,5.04,Regular,12,1.04,José Soriano,R,3.24,1.26,0.1902,0.0226,0.113,3.98,1.32,0.2119,0.0277,Rogers Centre,1.0,1.0,,,,,Indoor/retractable neutral,281,249,0.269,0.345,0.398,0.743,251,0.739,67,15,1,5,33,26,27,3,2,2026-08-11 @ Toronto Blue Jays: 5 FS|2026-08-10 @ Toronto Blue Jays: 4 FS|2026-08-07 vs Athletics: 14 FS|2026-08-06 vs Chicago White Sox: 14 FS|2026-08-05 vs Chicago White Sox: 0 FS,2026-08-11 @ Toronto Blue Jays: 5 FS|2026-08-10 @ Toronto Blue Jays: 4 FS|2026-08-07 vs Athletics: 14 FS|2026-08-06 vs Chicago White Sox: 14 FS|2026-08-05 vs Chicago White Sox: 0 FS|2026-08-04 vs Chicago White Sox: 12 FS|2026-08-02 @ Los Angeles Dodgers: 21 FS|2026-08-01 @ Los Angeles Dodgers: 0 FS|2026-07-31 @ Los Angeles Dodgers: 10 FS|2026-07-30 @ Athletics: 3 FS,2026-08-11 @ Toronto Blue Jays: 5 FS|2026-08-10 @ Toronto Blue Jays: 4 FS|2026-08-07 vs Athletics: 14 FS|2026-08-06 vs Chicago White Sox: 14 FS|2026-08-05 vs Chicago White Sox: 0 FS|2026-08-04 vs Chicago White Sox: 12 FS|2026-08-02 @ Los Angeles Dodgers: 21 FS|2026-08-01 @ Los Angeles Dodgers: 0 FS|2026-07-31 @ Los Angeles Dodgers: 10 FS|2026-07-30 @ Athletics: 3 FS|2026-07-29 @ Athletics: 0 FS|2026-07-28 @ Athletics: 5 FS|2026-07-27 @ Athletics: 5 FS|2026-07-26 vs Toronto Blue Jays: 0 FS|2026-07-25 vs Toronto Blue Jays: 0 FS,15,30,7.43,5.0,Last 30 games + shrinkage,10.0,6.64,0.304,Hot,7.43,1.788,0.2692,0.0962,0.0192,0.0962,0.0,8.08,9.12,8.41,8.86,7.11,28.0,16.0,20.0,16.0,20.0,6.0,21.59,63.5,36.5,Recent workload,No,45.6,34.3,59.6,60.6,1.15,69,-0.11,1.0,1.0,1.0,100.0,169,85.07,26.63,2.37,31.95,0.341,0.9191,1.0,1.0,1.0,1.1052,287,Statcast,0.9803,49,Statcast,169,85.07,12.0,15.81,29.41,18.9,51.5,29.6,1.0,1.0036,1.0131,1.0072,1.0239,0.998,7.27,-0.17,Unknown/neutral,Neutral fallback,1.0,1.0,1.0,1.0,1.0,1.0,Neutral fallback,1.072,3,27.0,0.8869,27.0,0.9993,0.1436,0.0534,0.0024,0.0193,0.1224,0.0104,0.1574,0.5149,0.2376,0.2475,0.0639,0.0874,0.0002,1.0,Yes,6.32,2.8,10.07,16.29,4.54,0.0,Raw,75.5,66.3,66.3,60.5,60.5,49.6,49.6,45.4,45.4,36.5,36.5,31.8,31.8,31.8,26.7,26.7,22.4,22.4,19.6,19.6,16.5,16.5,14.7,14.7,11.8,11.8,10.8,8.0,8.0,7.5,7.0,6.0,5.0,4.5,4.0,3.5,3.0,2.5,1.0,0.0,0.0,0.0,0.0,0.0,0.0,0.0,0.0,0.0,0.0,0.0,0.0,0.0,0.0,0.0,Low,
80,2026-08-12,Colson Montgomery,CWS,CIN,CIN @ CWS,HOME,SS,7.35,6.86,6.86,5.14,7.38,6.89,7.45,6.89,0.925,7.4,6.9,6.2,0|20|3|0|14,0|20|3|0|14|2|7|7|0|16,0|20|3|0|14|2|7|7|0|16|0|2|0|17|5,73.0,73.0,63.3,62.8,56.2,55.2,44.7,44.2,41.0,34.5,34.0,30.0,29.0,25.8,25.8,23.7,23.7,22.5,22.5,21.3,21.3,20.6,16.6,16.6,16.4,16.4,12.7,185.42,B,MORE 4.0 | 62.8% | Edge +2.9,MORE,4.0,62.8,2.86,25.6,Good,5,Today Posted,5.0,5.0,7,6-6-4-5-5-4-5,42.9,100.0,4.61,Regular,14,1.04,Rhett Lowder,R,5.26,1.48,0.2325,0.0275,0.0975,4.47,1.4,0.2127,0.0324,Rate Field,1.0,1.0,,,,,Weather unavailable,473,422,0.213,0.294,0.441,0.735,323,0.682,90,18,0,26,54,68,39,10,1,2026-08-11 vs Cincinnati Reds: 0 FS|2026-08-09 vs Cleveland Guardians: 20 FS|2026-08-08 vs Cleveland Guardians: 3 FS|2026-08-07 vs Cleveland Guardians: 0 FS|2026-08-06 @ Boston Red Sox: 14 FS,2026-08-11 vs Cincinnati Reds: 0 FS|2026-08-09 vs Cleveland Guardians: 20 FS|2026-08-08 vs Cleveland Guardians: 3 FS|2026-08-07 vs Cleveland Guardians: 0 FS|2026-08-06 @ Boston Red Sox: 14 FS|2026-08-05 @ Boston Red Sox: 2 FS|2026-08-04 @ Boston Red Sox: 7 FS|2026-08-02 @ Tampa Bay Rays: 7 FS|2026-08-01 @ Tampa Bay Rays: 0 FS|2026-07-31 @ Tampa Bay Rays: 16 FS,2026-08-11 vs Cincinnati Reds: 0 FS|2026-08-09 vs Cleveland Guardians: 20 FS|2026-08-08 vs Cleveland Guardians: 3 FS|2026-08-07 vs Cleveland Guardians: 0 FS|2026-08-06 @ Boston Red Sox: 14 FS|2026-08-05 @ Boston Red Sox: 2 FS|2026-08-04 @ Boston Red Sox: 7 FS|2026-08-02 @ Tampa Bay Rays: 7 FS|2026-08-01 @ Tampa Bay Rays: 0 FS|2026-07-31 @ Tampa Bay Rays: 16 FS|2026-07-30 vs New York Yankees: 0 FS|2026-07-29 vs New York Yankees: 2 FS|2026-07-28 vs New York Yankees: 0 FS|2026-07-27 vs New York Yankees: 17 FS|2026-07-25 vs Houston Astros: 5 FS,15,30,6.53,3.5,Last 30 games + shrinkage,6.57,6.29,0.182,Cold,6.53,1.419,0.1613,0.0484,0.0323,0.0806,0.0,9.06,8.32,8.37,8.64,7.92,28.0,16.0,20.0,16.0,20.0,6.0,18.39,54.1,45.9,Recent workload,No,50.3,38.6,65.5,66.8,1.15,160,2.55,1.0,1.0,1.0,75.0,221,82.65,23.53,2.71,27.6,0.41,0.935,1.0,1.0,1.0,0.9794,619,Statcast,1.14,24,Statcast,221,82.65,12.0,24.1,34.0,10.9,62.9,26.2,1.0,1.0005,1.0018,1.001,1.0033,0.9972,6.3,-0.24,Unknown/neutral,Neutral fallback,1.0,1.0,1.0,1.0,1.0,1.0,Neutral fallback,1.072,3,27.0,0.8625,27.0,0.9987,0.1129,0.0271,0.0001,0.0506,0.0958,0.0163,0.2793,0.3371,0.4608,0.2022,0.0365,0.1583,0.0001,1.0,Yes,6.89,2.36,9.76,17.16,4.11,0.0,Raw,65.0,65.0,55.8,55.8,50.2,50.2,40.2,40.2,37.5,31.5,31.5,29.0,29.0,25.8,25.8,23.7,23.7,22.5,22.5,21.3,21.3,20.6,16.6,16.6,16.4,16.4,12.7,8.0,8.0,7.5,7.0,6.0,5.0,4.5,4.0,3.5,3.0,2.5,1.0,0.0,0.0,0.0,0.0,0.0,0.0,0.0,0.0,0.0,0.0,0.0,0.0,0.0,0.0,0.0,Low,
81,2026-08-12,Jo Adell,CLE,DET,CLE @ DET,AWAY,RF,8.23,7.2,7.2,5.19,6.97,6.62,7.23,6.62,0.915,6.6,5.1,6.07,20|2|5|6|0,20|2|5|6|0|4|12|2|0|0,20|2|5|6|0|4|12|2|0|0|10|0|9|16|5,78.8,78.8,67.2,66.7,62.1,61.1,49.7,49.2,45.1,44.6,37.4,31.8,30.8,27.6,27.6,24.0,24.0,22.3,22.3,20.3,20.3,19.3,16.2,16.2,15.6,15.6,12.6,184.84,B,MORE 5.0 | 61.1% | Edge +2.2,MORE,5.0,61.1,2.2,22.2,Playable,4,Today Posted,4.0,5.0,6,5-5-2-4-3-2,33.3,100.0,4.82,Regular,13,1.04,Framber Valdez,L,4.17,1.37,0.2312,0.0215,0.0806,3.48,1.2,0.2058,0.0261,Comerica Park,0.97,1.04,81.9,12.2,239.0,10.0,"warm, light wind",488,447,0.235,0.291,0.394,0.685,130,0.909,105,18,1,17,50,64,21,16,3,2026-08-11 @ Detroit Tigers: 20 FS|2026-08-09 @ Chicago White Sox: 2 FS|2026-08-08 @ Chicago White Sox: 5 FS|2026-08-07 @ Chicago White Sox: 6 FS|2026-08-06 vs New York Mets: 0 FS,2026-08-11 @ Detroit Tigers: 20 FS|2026-08-09 @ Chicago White Sox: 2 FS|2026-08-08 @ Chicago White Sox: 5 FS|2026-08-07 @ Chicago White Sox: 6 FS|2026-08-06 vs New York Mets: 0 FS|2026-08-05 vs New York Mets: 4 FS|2026-08-04 vs New York Mets: 12 FS|2026-08-02 vs Milwaukee Brewers: 2 FS|2026-08-01 vs Milwaukee Brewers: 0 FS|2026-07-31 vs Milwaukee Brewers: 0 FS,2026-08-11 @ Detroit Tigers: 20 FS|2026-08-09 @ Chicago White Sox: 2 FS|2026-08-08 @ Chicago White Sox: 5 FS|2026-08-07 @ Chicago White Sox: 6 FS|2026-08-06 vs New York Mets: 0 FS|2026-08-05 vs New York Mets: 4 FS|2026-08-04 vs New York Mets: 12 FS|2026-08-02 vs Milwaukee Brewers: 2 FS|2026-08-01 vs Milwaukee Brewers: 0 FS|2026-07-31 vs Milwaukee Brewers: 0 FS|2026-07-29 vs Houston Astros: 10 FS|2026-07-28 vs Houston Astros: 0 FS|2026-07-27 vs Houston Astros: 9 FS|2026-07-26 @ San Francisco Giants: 16 FS|2026-07-25 @ San Francisco Giants: 5 FS,15,30,6.8,4.5,Last 30 games + shrinkage,7.0,6.14,0.17,Cold,6.8,1.483,0.1379,0.0862,0.0345,0.1207,0.0,8.07,8.28,7.99,8.16,8.71,28.0,16.0,20.0,16.0,20.0,6.0,24.11,70.9,29.1,Recent workload,No,48.4,36.8,43.3,70.4,1.15,124,3.05,1.0,1.0,1.0,75.0,261,82.23,27.59,3.07,32.95,0.393,0.9323,1.0,1.0,1.0,1.0518,621,Statcast,1.0,3,Fallback,261,82.23,12.0,18.63,31.28,16.9,66.7,16.5,1.0301,1.0071,1.0907,1.1732,0.9397,0.9978,6.61,-0.19,Unknown/neutral,Neutral fallback,1.0,1.0,1.0,1.0,1.0,1.0,Neutral fallback,1.072,3,27.0,0.8682,27.0,1.0,0.1475,0.0321,0.0012,0.0378,0.065,0.0252,0.2245,0.4202,0.311,0.2689,0.0594,0.2067,0.0013,1.0,Yes,6.62,2.44,9.76,17.09,4.5,0.0,Raw,70.8,70.8,59.7,59.7,56.1,56.1,45.2,45.2,41.6,41.6,34.9,30.8,30.8,27.6,27.6,24.0,24.0,22.3,22.3,20.3,20.3,19.3,16.2,16.2,15.6,15.6,12.6,8.0,8.0,7.5,7.0,6.0,5.0,4.5,4.0,3.5,3.0,2.5,1.0,0.0,0.0,0.0,0.0,0.0,0.0,0.0,0.0,0.0,0.0,0.0,0.0,0.0,0.0,0.0,Low,
82,2026-08-12,Tyler Soderstrom,ATH,TB,TB @ ATH,HOME,LF,7.9,6.98,6.98,5.4,5.57,5.74,7.21,5.74,0.797,12.2,10.1,7.8,5|14|12|16|14,5|14|12|16|14|7|9|9|5|10,5|14|12|16|14|7|9|9|5|10|0|0|0|0|16,85.3,85.3,74.3,65.0,64.0,59.2,48.0,47.5,44.8,37.1,36.6,31.9,30.9,28.0,24.3,24.3,22.8,20.5,20.5,19.5,19.5,15.0,14.2,14.2,11.6,10.1,10.1,184.5,B,MORE 5.0 | 59.2% | Edge +2.0,MORE,5.0,59.2,1.98,18.4,Playable,2,Today Posted,2.0,4.0,6,2-4-4-4-4-3,66.7,100.0,5.02,Regular,13,1.04,Drew Rasmussen,R,2.71,0.91,0.1866,0.0243,0.0467,3.69,1.14,0.2078,0.0333,Sutter Health Park,1.0,1.03,83.2,4.8,236.0,0.0,warm,445,389,0.247,0.339,0.478,0.817,301,0.855,96,27,3,19,57,56,52,3,2,2026-08-12 vs Tampa Bay Rays: 5 FS|2026-08-10 vs Tampa Bay Rays: 14 FS|2026-08-09 @ Boston Red Sox: 12 FS|2026-08-08 @ Boston Red Sox: 16 FS|2026-08-07 @ Boston Red Sox: 14 FS,2026-08-12 vs Tampa Bay Rays: 5 FS|2026-08-10 vs Tampa Bay Rays: 14 FS|2026-08-09 @ Boston Red Sox: 12 FS|2026-08-08 @ Boston Red Sox: 16 FS|2026-08-07 @ Boston Red Sox: 14 FS|2026-08-06 @ Cincinnati Reds: 7 FS|2026-08-05 @ Cincinnati Reds: 9 FS|2026-08-04 @ Cincinnati Reds: 9 FS|2026-08-02 vs Detroit Tigers: 5 FS|2026-08-01 vs Detroit Tigers: 10 FS,2026-08-12 vs Tampa Bay Rays: 5 FS|2026-08-10 vs Tampa Bay Rays: 14 FS|2026-08-09 @ Boston Red Sox: 12 FS|2026-08-08 @ Boston Red Sox: 16 FS|2026-08-07 @ Boston Red Sox: 14 FS|2026-08-06 @ Cincinnati Reds: 7 FS|2026-08-05 @ Cincinnati Reds: 9 FS|2026-08-04 @ Cincinnati Reds: 9 FS|2026-08-02 vs Detroit Tigers: 5 FS|2026-08-01 vs Detroit Tigers: 10 FS|2026-07-31 vs Detroit Tigers: 0 FS|2026-07-30 vs Boston Red Sox: 0 FS|2026-07-29 vs Boston Red Sox: 0 FS|2026-07-28 vs Boston Red Sox: 0 FS|2026-07-27 vs Boston Red Sox: 16 FS,15,30,7.6,7.0,Last 30 games + shrinkage,11.0,7.21,0.212,Neutral,7.6,1.804,0.1964,0.1429,0.0357,0.0714,0.0179,8.46,8.61,8.03,8.97,7.47,28.0,16.0,20.0,16.0,20.0,6.0,19.52,57.4,42.6,Recent workload,No,48.3,36.7,63.9,65.7,1.0658,132,0.17,1.0,1.0,1.0,75.0,211,84.74,27.96,1.42,24.64,0.368,0.9322,1.0,1.0,1.0,1.0273,514,Statcast,1.1293,84,Statcast,211,84.74,12.0,16.65,35.0,12.8,63.0,24.2,1.0219,1.0031,1.0333,1.0061,1.0427,1.0147,8.83,1.23,Unknown/neutral,Neutral fallback,1.0,1.0,1.0,1.0,1.0,1.0,Neutral fallback,1.072,3,27.0,0.8796,27.0,1.0,0.0854,0.0701,0.0062,0.0363,0.0869,0.0052,0.2165,0.5096,0.2404,0.2499,0.0576,0.1149,0.005,1.0,Yes,5.74,3.01,9.39,15.76,4.48,0.0,Raw,77.3,77.3,66.8,58.0,58.0,54.2,43.5,43.5,41.3,34.1,34.1,30.9,30.9,28.0,24.3,24.3,22.8,20.5,20.5,19.5,19.5,15.0,14.2,14.2,11.6,10.1,10.1,8.0,8.0,7.5,7.0,6.0,5.0,4.5,4.0,3.5,3.0,2.5,1.0,0.0,0.0,0.0,0.0,0.0,0.0,0.0,0.0,0.0,0.0,0.0,0.0,0.0,0.0,0.0,Low,
83,2026-08-12,Andrew Vaughn,MIL,SD,MIL @ SD,AWAY,1B,7.94,7.27,7.27,6.16,5.11,5.46,6.24,5.46,0.875,4.6,5.7,6.13,8|0|0|10|5,8|0|0|10|5|9|16|7|0|2,8|0|0|10|5|9|16|7|0|2|4|7|5|16|3,91.7,83.8,83.3,75.6,67.6,66.6,56.0,55.5,50.5,50.0,40.8,35.1,34.1,28.5,28.5,24.1,24.1,20.7,17.3,17.3,15.3,15.3,12.3,12.3,11.2,8.9,8.9,184.47,B,MORE 5.0 | 66.6% | Edge +2.3,MORE,5.0,66.6,2.27,33.2,Good,3,Today Posted,3.0,4.0,5,4-3-6-4-6,40.0,100.0,4.65,Likely regular,11,1.0,Robbie Ray,L,3.24,1.33,0.2011,0.0298,0.1155,4.12,1.31,0.218,0.0296,Petco Park,0.94,1.03,81.0,7.9,260.0,1.0,warm,239,206,0.301,0.389,0.471,0.86,85,1.144,62,16,2,5,26,34,27,4,0,2026-08-11 @ San Diego Padres: 8 FS|2026-08-10 @ San Diego Padres: 0 FS|2026-08-09 vs Minnesota Twins: 0 FS|2026-08-08 vs Minnesota Twins: 10 FS|2026-08-06 vs Pittsburgh Pirates: 5 FS,2026-08-11 @ San Diego Padres: 8 FS|2026-08-10 @ San Diego Padres: 0 FS|2026-08-09 vs Minnesota Twins: 0 FS|2026-08-08 vs Minnesota Twins: 10 FS|2026-08-06 vs Pittsburgh Pirates: 5 FS|2026-08-05 vs Pittsburgh Pirates: 9 FS|2026-08-04 vs Pittsburgh Pirates: 16 FS|2026-08-03 vs Pittsburgh Pirates: 7 FS|2026-08-02 @ Los Angeles Angels: 0 FS|2026-08-01 @ Los Angeles Angels: 2 FS,2026-08-11 @ San Diego Padres: 8 FS|2026-08-10 @ San Diego Padres: 0 FS|2026-08-09 vs Minnesota Twins: 0 FS|2026-08-08 vs Minnesota Twins: 10 FS|2026-08-06 vs Pittsburgh Pirates: 5 FS|2026-08-05 vs Pittsburgh Pirates: 9 FS|2026-08-04 vs Pittsburgh Pirates: 16 FS|2026-08-03 vs Pittsburgh Pirates: 7 FS|2026-08-02 @ Los Angeles Angels: 0 FS|2026-08-01 @ Los Angeles Angels: 2 FS|2026-07-29 @ San Francisco Giants: 4 FS|2026-07-28 @ San Francisco Giants: 7 FS|2026-07-27 @ San Francisco Giants: 5 FS|2026-07-26 vs Colorado Rockies: 16 FS|2026-07-24 vs Colorado Rockies: 3 FS,15,30,4.67,3.0,Last 30 games + shrinkage,6.86,6.36,0.268,Neutral,4.67,1.78,0.22,0.06,0.04,0.12,0.0,7.81,7.14,7.59,7.67,7.91,28.0,16.0,20.0,16.0,20.0,6.0,24.69,72.6,27.4,Recent workload,No,42.0,31.0,33.3,59.1,0.9915,86,1.93,1.0,1.0,1.0,75.0,159,83.15,25.16,1.26,25.79,0.353,0.8919,1.0,1.0,1.0,1.0138,430,Statcast,1.0,11,Fallback,159,83.15,12.0,13.14,35.0,20.8,62.9,16.4,1.0081,0.9873,0.9979,1.0343,0.9006,1.0105,5.54,0.87,Unknown/neutral,Neutral fallback,1.0,1.0,1.0,1.0,1.0,1.0,Neutral fallback,1.072,3,27.0,0.8625,27.0,1.0,0.1248,0.0598,0.0058,0.0184,0.1533,0.0196,0.1718,0.4546,0.2614,0.284,0.0708,0.1525,0.0021,1.0,Yes,5.46,3.53,9.66,14.91,4.4,0.0,Raw,86.2,75.8,75.8,68.6,61.6,61.6,51.5,51.5,47.0,47.0,38.3,34.1,34.1,28.5,28.5,24.1,24.1,20.7,17.3,17.3,15.3,15.3,12.3,12.3,11.2,8.9,8.9,5.5,8.0,7.5,7.0,6.0,5.0,4.5,4.0,3.5,3.0,2.5,1.0,0.0,0.0,0.0,0.0,0.0,0.0,0.0,0.0,0.0,0.0,0.0,0.0,0.0,0.0,0.0,Low,
84,2026-08-12,Nico Hoerner,CHC,WSH,CHC @ WSH,AWAY,2B,7.67,6.67,6.67,4.53,7.37,6.89,6.04,6.64,1.14,8.6,10.4,11.0,19|19|5|0|0,19|19|5|0|0|15|19|2|8|17,19|19|5|0|0|15|19|2|8|17|0|14|0|16|31,69.6,69.6,67.0,66.5,65.5,52.8,52.3,47.4,46.9,39.9,39.4,30.9,29.9,29.9,26.7,26.7,20.9,20.9,18.5,18.5,18.5,15.1,15.1,13.0,13.0,10.4,10.4,184.44,B,MORE 4.5 | 65.5% | Edge +2.2,MORE,4.5,65.5,2.17,31.0,Good,6,Last 7 Confirmed,,6.0,7,6-6-6-5-6-6-5,71.4,97.0,4.4,Regular,13,1.04,Jackson Kent,L,4.2,1.25,0.224,0.03,0.085,4.73,1.39,0.2284,0.0356,Nationals Park,1.0,1.03,88.8,5.3,165.0,1.0,warm,520,469,0.262,0.323,0.367,0.69,134,0.762,123,26,1,7,51,56,39,6,19,2026-08-11 @ Washington Nationals: 19 FS|2026-08-09 @ Kansas City Royals: 19 FS|2026-08-08 @ Kansas City Royals: 5 FS|2026-08-07 @ Kansas City Royals: 0 FS|2026-08-06 vs Toronto Blue Jays: 0 FS,2026-08-11 @ Washington Nationals: 19 FS|2026-08-09 @ Kansas City Royals: 19 FS|2026-08-08 @ Kansas City Royals: 5 FS|2026-08-07 @ Kansas City Royals: 0 FS|2026-08-06 vs Toronto Blue Jays: 0 FS|2026-08-05 vs Los Angeles Dodgers: 15 FS|2026-08-04 vs Los Angeles Dodgers: 19 FS|2026-08-03 vs Los Angeles Dodgers: 2 FS|2026-08-02 vs New York Yankees: 8 FS|2026-08-01 vs New York Yankees: 17 FS,2026-08-11 @ Washington Nationals: 19 FS|2026-08-09 @ Kansas City Royals: 19 FS|2026-08-08 @ Kansas City Royals: 5 FS|2026-08-07 @ Kansas City Royals: 0 FS|2026-08-06 vs Toronto Blue Jays: 0 FS|2026-08-05 vs Los Angeles Dodgers: 15 FS|2026-08-04 vs Los Angeles Dodgers: 19 FS|2026-08-03 vs Los Angeles Dodgers: 2 FS|2026-08-02 vs New York Yankees: 8 FS|2026-08-01 vs New York Yankees: 17 FS|2026-07-31 vs New York Yankees: 0 FS|2026-07-30 @ St. Louis Cardinals: 14 FS|2026-07-29 @ St. Louis Cardinals: 0 FS|2026-07-28 @ St. Louis Cardinals: 16 FS|2026-07-27 @ St. Louis Cardinals: 31 FS,15,30,8.63,6.0,Last 30 games + shrinkage,11.0,9.57,0.333,Hot,8.63,2.393,0.3036,0.0893,0.0357,0.0536,0.0893,7.25,8.12,8.17,8.03,6.77,28.0,16.0,20.0,16.0,20.0,6.0,21.0,64.0,36.0,Season fallback,No,49.8,38.1,44.1,73.9,1.0,0,0.0,1.0,1.0,1.0,75.0,312,80.96,16.35,0.64,34.62,0.332,0.82,1.0,1.0,1.0,1.0,0,Fallback,1.0,0,Fallback,312,80.96,12.0,18.54,30.05,17.9,61.5,20.5,1.0357,0.9936,1.0116,0.9873,0.9919,1.0181,10.14,1.51,Unknown/neutral,Neutral fallback,1.0,1.0,1.0,1.0,1.0,1.0,Neutral fallback,1.072,3,27.0,1.3,27.0,1.0,0.2036,0.0442,0.0026,0.016,0.0509,0.0096,0.1348,0.4438,0.2312,0.325,0.0693,0.1381,0.039,1.0,Projected,6.64,2.25,10.23,15.93,4.33,0.0,Raw,61.6,61.6,59.5,59.5,59.5,47.8,47.8,43.4,43.4,36.9,36.9,29.9,29.9,29.9,26.7,26.7,20.9,20.9,18.5,18.5,18.5,15.1,15.1,13.0,13.0,10.4,10.4,8.0,8.0,7.5,7.0,6.0,5.0,4.5,4.0,3.5,3.0,2.5,1.0,0.0,0.0,0.0,0.0,0.0,0.0,0.0,0.0,0.0,0.0,0.0,0.0,0.0,0.0,0.0,Low,
85,2026-08-12,Salvador Perez,KC,LAD,KC @ LAD,AWAY,DH,8.13,7.12,7.12,5.45,5.53,5.71,7.26,5.71,0.786,4.8,5.6,6.33,7|0|5|5|7,7|0|5|5|7|0|7|5|14|6,7|0|5|5|7|0|7|5|14|6|0|13|8|4|14,84.6,84.6,77.0,65.2,64.2,60.6,49.0,48.5,45.3,44.8,37.2,32.0,31.0,28.0,24.6,24.6,23.3,21.1,21.1,20.3,20.3,16.5,15.8,15.8,12.6,11.2,11.2,183.58,B,MORE 5.0 | 60.6% | Edge +2.1,MORE,5.0,60.6,2.12,21.2,Playable,4,Last 7 Confirmed,,4.0,6,4-4-4-4-4-4,100.0,97.0,4.82,Regular,14,1.04,Eric Lauer,L,4.89,1.26,0.2237,0.0566,0.0746,3.72,1.16,0.1956,0.0326,UNIQLO Field at Dodger Stadium,1.0,1.0,,,,,Weather unavailable,470,434,0.214,0.26,0.369,0.629,128,0.741,93,17,1,16,41,51,18,11,0,2026-08-11 @ Los Angeles Dodgers: 7 FS|2026-08-10 @ Los Angeles Dodgers: 0 FS|2026-08-09 vs Chicago Cubs: 5 FS|2026-08-07 vs Chicago Cubs: 5 FS|2026-08-06 vs Minnesota Twins: 7 FS,2026-08-11 @ Los Angeles Dodgers: 7 FS|2026-08-10 @ Los Angeles Dodgers: 0 FS|2026-08-09 vs Chicago Cubs: 5 FS|2026-08-07 vs Chicago Cubs: 5 FS|2026-08-06 vs Minnesota Twins: 7 FS|2026-08-05 vs Minnesota Twins: 0 FS|2026-08-04 vs Minnesota Twins: 7 FS|2026-08-02 @ Colorado Rockies: 5 FS|2026-08-01 @ Colorado Rockies: 14 FS|2026-07-31 @ Colorado Rockies: 6 FS,2026-08-11 @ Los Angeles Dodgers: 7 FS|2026-08-10 @ Los Angeles Dodgers: 0 FS|2026-08-09 vs Chicago Cubs: 5 FS|2026-08-07 vs Chicago Cubs: 5 FS|2026-08-06 vs Minnesota Twins: 7 FS|2026-08-05 vs Minnesota Twins: 0 FS|2026-08-04 vs Minnesota Twins: 7 FS|2026-08-02 @ Colorado Rockies: 5 FS|2026-08-01 @ Colorado Rockies: 14 FS|2026-07-31 @ Colorado Rockies: 6 FS|2026-07-30 @ Minnesota Twins: 0 FS|2026-07-29 @ Minnesota Twins: 13 FS|2026-07-28 @ Minnesota Twins: 8 FS|2026-07-26 @ Detroit Tigers: 4 FS|2026-07-25 @ Detroit Tigers: 14 FS,15,30,7.57,5.5,Last 30 games + shrinkage,4.43,5.79,0.245,Neutral,7.57,1.397,0.2241,0.069,0.0172,0.0345,0.0,8.12,9.32,8.31,8.36,8.34,28.0,16.0,20.0,16.0,20.0,6.0,22.65,66.6,33.4,Recent workload,No,49.7,38.0,43.0,73.7,1.0899,87,0.47,1.0,1.0,1.0,75.0,309,82.4,23.62,2.27,31.72,0.369,0.8982,1.0,1.0,1.0,0.9877,554,Statcast,1.14,12,Statcast,309,82.4,12.0,21.23,29.98,18.8,68.9,12.3,1.0,0.9987,0.9952,0.9974,0.9913,0.9807,5.96,-1.61,Unknown/neutral,Neutral fallback,1.0,1.0,1.0,1.0,1.0,1.0,Neutral fallback,1.072,3,27.0,0.8625,27.0,0.9936,0.1317,0.0524,0.003,0.0455,0.043,0.024,0.1921,0.4296,0.3169,0.2535,0.0571,0.1503,0.0007,1.0,Projected,5.71,3.09,9.38,15.68,4.19,0.0,Raw,76.6,76.6,69.5,58.2,58.2,55.6,44.5,44.5,41.8,41.8,34.7,31.0,31.0,28.0,24.6,24.6,23.3,21.1,21.1,20.3,20.3,16.5,15.8,15.8,12.6,11.2,11.2,8.0,8.0,7.5,7.0,6.0,5.0,4.5,4.0,3.5,3.0,2.5,1.0,0.0,0.0,0.0,0.0,0.0,0.0,0.0,0.0,0.0,0.0,0.0,0.0,0.0,0.0,0.0,Low,
86,2026-08-12,Cole Young,SEA,NYY,SEA @ NYY,AWAY,2B,7.31,6.87,6.87,5.16,6.32,6.2,6.76,6.2,0.917,3.2,6.0,7.2,0|8|3|3|2,0|8|3|3|2|0|4|16|10|14,0|8|3|3|2|0|4|16|10|14|13|10|5|5|15,81.2,81.2,66.9,66.4,62.1,61.1,49.0,48.5,43.1,37.3,36.8,30.0,29.0,26.2,26.2,22.2,22.2,20.6,20.6,18.5,17.3,17.3,14.0,14.0,13.2,13.2,10.9,183.37,B,MORE 5.0 | 61.1% | Edge +1.9,MORE,5.0,61.1,1.87,22.2,Playable,2,Today Posted,2.0,2.0,7,5-2-2-2-5-1-1,42.9,100.0,5.02,Regular,14,1.04,Will Warren,R,4.18,1.37,0.2399,0.0302,0.0746,3.28,1.17,0.201,0.0265,Yankee Stadium,1.06,1.03,85.2,1.4,231.0,1.0,warm,481,438,0.263,0.321,0.406,0.727,324,0.765,115,15,3,14,54,52,31,8,3,2026-08-11 @ New York Yankees: 0 FS|2026-08-09 vs Tampa Bay Rays: 8 FS|2026-08-08 vs Tampa Bay Rays: 3 FS|2026-08-07 vs Tampa Bay Rays: 3 FS|2026-08-06 vs Detroit Tigers: 2 FS,2026-08-11 @ New York Yankees: 0 FS|2026-08-09 vs Tampa Bay Rays: 8 FS|2026-08-08 vs Tampa Bay Rays: 3 FS|2026-08-07 vs Tampa Bay Rays: 3 FS|2026-08-06 vs Detroit Tigers: 2 FS|2026-08-05 vs Detroit Tigers: 0 FS|2026-08-04 vs Detroit Tigers: 4 FS|2026-08-02 vs Minnesota Twins: 16 FS|2026-08-01 vs Minnesota Twins: 10 FS|2026-07-31 vs Minnesota Twins: 14 FS,2026-08-11 @ New York Yankees: 0 FS|2026-08-09 vs Tampa Bay Rays: 8 FS|2026-08-08 vs Tampa Bay Rays: 3 FS|2026-08-07 vs Tampa Bay Rays: 3 FS|2026-08-06 vs Detroit Tigers: 2 FS|2026-08-05 vs Detroit Tigers: 0 FS|2026-08-04 vs Detroit Tigers: 4 FS|2026-08-02 vs Minnesota Twins: 16 FS|2026-08-01 vs Minnesota Twins: 10 FS|2026-07-31 vs Minnesota Twins: 14 FS|2026-07-30 @ Los Angeles Dodgers: 13 FS|2026-07-29 @ Los Angeles Dodgers: 10 FS|2026-07-28 @ Los Angeles Dodgers: 5 FS|2026-07-27 @ Texas Rangers: 5 FS|2026-07-26 @ Texas Rangers: 15 FS,15,30,7.17,5.0,Last 30 games + shrinkage,2.86,6.64,0.315,Hot,7.17,1.55,0.2833,0.05,0.0167,0.0833,0.0,8.5,8.7,8.33,7.7,7.86,28.0,16.0,20.0,16.0,20.0,6.0,19.3,56.8,43.2,Recent workload,No,49.6,38.0,65.6,73.4,1.15,172,3.31,1.0,1.0,1.0,75.0,304,83.31,25.66,1.64,27.3,0.35,0.8959,1.0,1.0,1.0,1.0246,546,Statcast,1.0,1,Fallback,304,83.31,12.0,21.47,31.37,14.1,63.5,22.4,1.0181,0.9812,0.9819,0.8221,1.1293,0.984,5.83,-1.34,Unknown/neutral,Neutral fallback,1.0,1.0,1.0,1.0,1.0,1.0,Neutral fallback,1.072,3,27.0,1.0698,27.0,1.0,0.1678,0.0271,0.0056,0.0353,0.0624,0.0101,0.1914,0.451,0.2941,0.2549,0.0362,0.0975,0.0013,1.0,Yes,6.2,2.4,9.74,16.16,4.35,0.0,Raw,73.2,73.2,59.4,59.4,56.1,56.1,44.5,44.5,39.6,34.3,34.3,29.0,29.0,26.2,26.2,22.2,22.2,20.6,20.6,18.5,17.3,17.3,14.0,14.0,13.2,13.2,10.9,8.0,8.0,7.5,7.0,6.0,5.0,4.5,4.0,3.5,3.0,2.5,1.0,0.0,0.0,0.0,0.0,0.0,0.0,0.0,0.0,0.0,0.0,0.0,0.0,0.0,0.0,0.0,Low,
87,2026-08-12,Ezequiel Duran,TEX,LAA,TEX @ LAA,AWAY,SS,7.55,6.19,6.19,4.67,7.66,7.09,6.4,6.9,1.107,4.6,8.3,8.2,5|5|6|5|2,5|5|6|5|2|2|26|25|5|2,5|5|6|5|2|2|26|25|5|2|3|6|0|14|17,63.8,63.8,63.3,58.4,57.4,45.5,45.0,41.6,41.1,33.2,32.7,27.9,26.9,26.9,23.2,23.2,19.4,19.4,17.7,17.7,15.0,15.0,15.0,14.0,14.0,11.2,11.2,183.13,B,MORE 4.0 | 58.4% | Edge +2.2,MORE,4.0,58.4,2.19,16.8,Playable,5,Last 7 Confirmed,,5.0,7,5-3-3-5-5-2-5,57.1,97.0,4.61,Regular,14,1.04,George Klassen,R,7.27,2.88,0.2115,0.0192,0.2692,4.49,1.37,0.2037,0.0282,Angel Stadium,1.0,1.04,86.3,10.0,241.0,0.0,"warm, light wind",423,383,0.272,0.327,0.446,0.773,323,0.774,104,22,3,13,54,64,31,3,9,2026-08-11 @ Los Angeles Angels: 5 FS|2026-08-10 @ Los Angeles Angels: 5 FS|2026-08-09 vs Baltimore Orioles: 6 FS|2026-08-08 vs Baltimore Orioles: 5 FS|2026-08-07 vs Baltimore Orioles: 2 FS,2026-08-11 @ Los Angeles Angels: 5 FS|2026-08-10 @ Los Angeles Angels: 5 FS|2026-08-09 vs Baltimore Orioles: 6 FS|2026-08-08 vs Baltimore Orioles: 5 FS|2026-08-07 vs Baltimore Orioles: 2 FS|2026-08-05 vs San Francisco Giants: 2 FS|2026-08-04 vs San Francisco Giants: 26 FS|2026-08-03 vs San Francisco Giants: 25 FS|2026-08-02 @ Houston Astros: 5 FS|2026-08-01 @ Houston Astros: 2 FS,2026-08-11 @ Los Angeles Angels: 5 FS|2026-08-10 @ Los Angeles Angels: 5 FS|2026-08-09 vs Baltimore Orioles: 6 FS|2026-08-08 vs Baltimore Orioles: 5 FS|2026-08-07 vs Baltimore Orioles: 2 FS|2026-08-05 vs San Francisco Giants: 2 FS|2026-08-04 vs San Francisco Giants: 26 FS|2026-08-03 vs San Francisco Giants: 25 FS|2026-08-02 @ Houston Astros: 5 FS|2026-08-01 @ Houston Astros: 2 FS|2026-07-31 @ Houston Astros: 3 FS|2026-07-30 @ Tampa Bay Rays: 6 FS|2026-07-29 @ Tampa Bay Rays: 0 FS|2026-07-28 @ Tampa Bay Rays: 14 FS|2026-07-27 vs Seattle Mariners: 17 FS,15,30,8.83,6.0,Last 30 games + shrinkage,7.29,7.57,0.26,Neutral,8.83,1.828,0.2241,0.069,0.0172,0.0862,0.0345,8.39,8.81,8.09,8.03,7.07,28.0,16.0,20.0,16.0,20.0,6.0,16.53,48.6,51.4,Recent workload,Yes,49.7,38.0,65.5,74.2,0.9585,115,0.7,1.0,1.0,1.0,75.0,316,80.55,17.72,1.9,31.65,0.344,0.8366,1.0,1.0,1.0,0.966,519,Statcast,0.9276,93,Statcast,316,80.55,12.0,20.24,32.9,14.2,71.2,14.6,1.0309,0.9933,1.0054,0.9865,0.9846,0.9877,7.81,-1.03,Unknown/neutral,Neutral fallback,1.0,1.0,1.0,1.0,1.0,1.0,Neutral fallback,1.072,3,27.0,1.2501,27.0,0.9539,0.1285,0.0438,0.0083,0.0229,0.087,0.0131,0.2226,0.5,0.2575,0.2425,0.0604,0.1823,0.0106,1.0,Projected,6.9,1.35,9.1,16.85,4.18,0.0,Raw,55.8,55.8,55.8,51.4,51.4,40.5,40.5,37.6,37.6,30.2,30.2,26.9,26.9,26.9,23.2,23.2,19.4,19.4,17.7,17.7,15.0,15.0,15.0,14.0,14.0,11.2,11.2,8.0,8.0,7.5,7.0,6.0,5.0,4.5,4.0,3.5,3.0,2.5,1.0,0.0,0.0,0.0,0.0,0.0,0.0,0.0,0.0,0.0,0.0,0.0,0.0,0.0,0.0,0.0,Low,
88,2026-08-12,Julio Rodríguez,SEA,NYY,SEA @ NYY,AWAY,CF,7.43,6.59,6.59,5.07,6.52,6.33,6.64,6.33,0.953,6.4,8.7,8.33,2|2|3|22|3,2|2|3|22|3|23|5|10|9|8,2|2|3|22|3|23|5|10|9|8|0|0|24|5|9,79.2,79.2,64.4,63.9,60.1,59.1,47.0,46.5,41.5,35.2,34.7,28.2,27.2,24.4,24.4,20.9,20.9,19.2,19.2,17.4,17.4,16.2,16.2,12.8,12.8,12.4,12.4,182.66,B,MORE 5.0 | 59.1% | Edge +1.6,MORE,5.0,59.1,1.59,18.2,Playable,5,Today Posted,5.0,5.0,7,3-5-5-5-4-4-4,42.9,100.0,4.61,Regular,14,1.04,Will Warren,R,4.18,1.37,0.2399,0.0302,0.0746,3.28,1.17,0.201,0.0265,Yankee Stadium,1.06,1.03,85.2,1.4,231.0,1.0,warm,470,425,0.256,0.321,0.421,0.742,337,0.721,109,16,0,18,54,51,37,5,15,2026-08-11 @ New York Yankees: 2 FS|2026-08-09 vs Tampa Bay Rays: 2 FS|2026-08-08 vs Tampa Bay Rays: 3 FS|2026-08-07 vs Tampa Bay Rays: 22 FS|2026-08-06 vs Detroit Tigers: 3 FS,2026-08-11 @ New York Yankees: 2 FS|2026-08-09 vs Tampa Bay Rays: 2 FS|2026-08-08 vs Tampa Bay Rays: 3 FS|2026-08-07 vs Tampa Bay Rays: 22 FS|2026-08-06 vs Detroit Tigers: 3 FS|2026-08-05 vs Detroit Tigers: 23 FS|2026-08-04 vs Detroit Tigers: 5 FS|2026-08-02 vs Minnesota Twins: 10 FS|2026-08-01 vs Minnesota Twins: 9 FS|2026-07-31 vs Minnesota Twins: 8 FS,2026-08-11 @ New York Yankees: 2 FS|2026-08-09 vs Tampa Bay Rays: 2 FS|2026-08-08 vs Tampa Bay Rays: 3 FS|2026-08-07 vs Tampa Bay Rays: 22 FS|2026-08-06 vs Detroit Tigers: 3 FS|2026-08-05 vs Detroit Tigers: 23 FS|2026-08-04 vs Detroit Tigers: 5 FS|2026-08-02 vs Minnesota Twins: 10 FS|2026-08-01 vs Minnesota Twins: 9 FS|2026-07-31 vs Minnesota Twins: 8 FS|2026-07-30 @ Los Angeles Dodgers: 0 FS|2026-07-29 @ Los Angeles Dodgers: 0 FS|2026-07-28 @ Los Angeles Dodgers: 24 FS|2026-07-27 @ Texas Rangers: 5 FS|2026-07-26 @ Texas Rangers: 9 FS,15,30,7.63,5.0,Last 30 games + shrinkage,8.57,8.29,0.275,Neutral,7.63,1.966,0.2373,0.0508,0.0508,0.1186,0.0508,8.9,8.79,8.95,8.96,7.41,28.0,16.0,20.0,16.0,20.0,6.0,19.3,56.8,43.2,Recent workload,No,48.5,36.9,66.5,65.4,1.15,110,3.31,1.0,1.0,1.0,75.0,208,83.68,25.0,0.48,35.58,0.428,0.9477,1.0,1.0,1.0,1.0617,434,Statcast,1.0,5,Fallback,208,83.68,12.0,18.34,32.67,20.7,63.0,16.4,1.0181,0.9809,0.9807,0.8215,1.1268,0.9986,7.52,-0.11,Unknown/neutral,Neutral fallback,1.0,1.0,1.0,1.0,1.0,1.0,Neutral fallback,1.072,3,27.0,1.3,27.0,1.0,0.1875,0.0265,0.0001,0.0377,0.0697,0.0113,0.2175,0.3653,0.3173,0.3173,0.0285,0.1172,0.0175,1.0,Yes,6.33,2.21,8.89,16.52,4.03,0.0,Raw,71.2,71.2,56.9,56.9,54.1,54.1,42.5,42.5,38.0,32.2,32.2,27.2,27.2,24.4,24.4,20.9,20.9,19.2,19.2,17.4,17.4,16.2,16.2,12.8,12.8,12.4,12.4,8.0,8.0,7.5,7.0,6.0,5.0,4.5,4.0,3.5,3.0,2.5,1.0,0.0,0.0,0.0,0.0,0.0,0.0,0.0,0.0,0.0,0.0,0.0,0.0,0.0,0.0,0.0,Low,
89,2026-08-12,A.J. Ewing,NYM,ATL,NYM @ ATL,AWAY,CF,7.04,6.46,6.46,4.71,6.83,6.53,5.95,6.37,1.097,7.8,5.5,7.47,0|7|8|2|22,0|7|8|2|22|0|5|8|0|3,0|7|8|2|22|0|5|8|0|3|5|0|19|20|13,81.0,70.2,69.7,64.4,63.4,50.1,49.6,45.9,45.4,36.4,35.9,29.6,28.6,28.6,24.3,24.3,19.6,19.6,17.2,17.2,14.1,14.1,12.5,12.5,12.5,9.7,9.7,182.09,B,MORE 4.5 | 63.4% | Edge +2.0,MORE,4.5,63.4,1.96,26.8,Good,1,Today Posted,1.0,1.0,6,1-1-1-1-1-1,100.0,100.0,5.04,Regular,14,1.04,Tyler Mahle,R,4.83,1.36,0.2295,0.0328,0.0913,3.61,1.24,0.2027,0.0302,Truist Park,1.01,1.055,90.4,8.6,279.0,5.0,hot,329,291,0.258,0.328,0.392,0.72,243,0.71,75,16,1,7,37,28,30,2,15,2026-08-11 @ Atlanta Braves: 0 FS|2026-08-10 @ Atlanta Braves: 7 FS|2026-08-09 @ Pittsburgh Pirates: 8 FS|2026-08-08 @ Pittsburgh Pirates: 2 FS|2026-08-07 @ Pittsburgh Pirates: 22 FS,2026-08-11 @ Atlanta Braves: 0 FS|2026-08-10 @ Atlanta Braves: 7 FS|2026-08-09 @ Pittsburgh Pirates: 8 FS|2026-08-08 @ Pittsburgh Pirates: 2 FS|2026-08-07 @ Pittsburgh Pirates: 22 FS|2026-08-06 @ Cleveland Guardians: 0 FS|2026-08-05 @ Cleveland Guardians: 5 FS|2026-08-04 @ Cleveland Guardians: 8 FS|2026-08-02 vs Miami Marlins: 0 FS|2026-08-01 vs Miami Marlins: 3 FS,2026-08-11 @ Atlanta Braves: 0 FS|2026-08-10 @ Atlanta Braves: 7 FS|2026-08-09 @ Pittsburgh Pirates: 8 FS|2026-08-08 @ Pittsburgh Pirates: 2 FS|2026-08-07 @ Pittsburgh Pirates: 22 FS|2026-08-06 @ Cleveland Guardians: 0 FS|2026-08-05 @ Cleveland Guardians: 5 FS|2026-08-04 @ Cleveland Guardians: 8 FS|2026-08-02 vs Miami Marlins: 0 FS|2026-08-01 vs Miami Marlins: 3 FS|2026-07-31 vs Miami Marlins: 5 FS|2026-07-30 vs Miami Marlins: 0 FS|2026-07-29 vs Atlanta Braves: 19 FS|2026-07-27 vs Atlanta Braves: 20 FS|2026-07-26 vs Los Angeles Dodgers: 13 FS,15,30,7.73,6.0,Last 30 games + shrinkage,6.29,7.07,0.232,Neutral,7.73,1.547,0.2031,0.0625,0.0,0.0625,0.0625,9.04,8.8,8.58,8.5,7.53,28.0,16.0,20.0,16.0,20.0,6.0,22.51,66.2,33.8,Recent workload,No,52.5,40.7,58.8,72.0,1.0817,87,-0.76,1.0,1.0,1.0,75.0,283,82.19,23.32,0.35,30.39,0.37,0.88,1.0,1.0,1.0,1.0118,440,Statcast,1.019,99,Statcast,283,82.19,12.0,18.29,30.36,12.7,65.0,22.3,1.0133,0.9969,1.0017,0.9938,0.9922,0.9834,6.35,-1.39,Unknown/neutral,Neutral fallback,1.0,1.0,1.0,1.0,1.0,1.0,Neutral fallback,1.072,3,27.0,1.3,27.0,0.9988,0.1435,0.0527,0.0003,0.0146,0.0888,0.0066,0.2456,0.4823,0.2766,0.2411,0.0577,0.0572,0.0263,1.0,Yes,6.37,1.42,9.1,14.58,4.57,0.0,Raw,73.0,62.2,62.2,57.4,57.4,45.1,45.1,41.9,41.9,33.4,33.4,28.6,28.6,28.6,24.3,24.3,19.6,19.6,17.2,17.2,14.1,14.1,12.5,12.5,12.5,9.7,9.7,8.0,8.0,7.5,7.0,6.0,5.0,4.5,4.0,3.5,3.0,2.5,1.0,0.0,0.0,0.0,0.0,0.0,0.0,0.0,0.0,0.0,0.0,0.0,0.0,0.0,0.0,0.0,Low,
90,2026-08-12,Dominic Canzone,SEA,NYY,SEA @ NYY,AWAY,DH,7.43,6.84,6.84,5.09,7.61,7.05,7.4,7.05,0.953,2.8,3.7,7.4,5|6|0|0|3,5|6|0|0|3|4|3|5|4|7,5|6|0|0|3|4|3|5|4|7|4|9|30|3|28,73.5,73.5,61.8,61.3,57.1,56.1,45.7,45.2,42.4,35.7,35.2,30.5,29.5,26.6,26.6,24.0,24.0,22.5,22.5,21.0,21.0,20.3,20.3,16.4,16.4,15.9,15.9,179.91,B,MORE 4.0 | 61.3% | Edge +2.8,MORE,4.0,61.3,2.84,22.6,Playable,4,Today Posted,4.0,4.0,7,4-4-4-4-3-3-3,57.1,100.0,4.73,Regular,14,1.04,Will Warren,R,4.18,1.37,0.2399,0.0302,0.0746,3.28,1.17,0.201,0.0265,Yankee Stadium,1.06,1.03,85.2,1.4,231.0,1.0,warm,348,310,0.252,0.328,0.487,0.815,284,0.787,78,17,1,18,41,49,32,4,1,2026-08-11 @ New York Yankees: 5 FS|2026-08-09 vs Tampa Bay Rays: 6 FS|2026-08-08 vs Tampa Bay Rays: 0 FS|2026-08-07 vs Tampa Bay Rays: 0 FS|2026-08-06 vs Detroit Tigers: 3 FS,2026-08-11 @ New York Yankees: 5 FS|2026-08-09 vs Tampa Bay Rays: 6 FS|2026-08-08 vs Tampa Bay Rays: 0 FS|2026-08-07 vs Tampa Bay Rays: 0 FS|2026-08-06 vs Detroit Tigers: 3 FS|2026-08-05 vs Detroit Tigers: 4 FS|2026-08-04 vs Detroit Tigers: 3 FS|2026-08-02 vs Minnesota Twins: 5 FS|2026-08-01 vs Minnesota Twins: 4 FS|2026-07-31 vs Minnesota Twins: 7 FS,2026-08-11 @ New York Yankees: 5 FS|2026-08-09 vs Tampa Bay Rays: 6 FS|2026-08-08 vs Tampa Bay Rays: 0 FS|2026-08-07 vs Tampa Bay Rays: 0 FS|2026-08-06 vs Detroit Tigers: 3 FS|2026-08-05 vs Detroit Tigers: 4 FS|2026-08-04 vs Detroit Tigers: 3 FS|2026-08-02 vs Minnesota Twins: 5 FS|2026-08-01 vs Minnesota Twins: 4 FS|2026-07-31 vs Minnesota Twins: 7 FS|2026-07-30 @ Los Angeles Dodgers: 4 FS|2026-07-29 @ Los Angeles Dodgers: 9 FS|2026-07-28 @ Los Angeles Dodgers: 30 FS|2026-07-27 @ Texas Rangers: 3 FS|2026-07-26 @ Texas Rangers: 28 FS,15,30,6.53,3.5,Last 30 games + shrinkage,3.0,5.93,0.212,Neutral,6.53,1.407,0.1864,0.0678,0.0339,0.1017,0.0,9.03,7.99,7.89,7.42,8.17,28.0,16.0,20.0,16.0,20.0,6.0,19.3,56.8,43.2,Recent workload,No,49.9,38.3,62.6,67.0,1.0993,114,3.31,1.0,1.0,1.0,75.0,223,83.89,26.46,2.69,23.77,0.399,0.9506,1.0,1.0,1.0,1.0185,450,Statcast,1.0,10,Fallback,223,83.89,12.0,12.87,35.0,9.9,67.3,22.9,1.0148,0.9792,0.9711,0.8186,1.1098,0.9843,5.23,-1.31,Unknown/neutral,Neutral fallback,1.0,1.0,1.0,1.0,1.0,1.0,Neutral fallback,1.072,3,27.0,0.8625,27.0,0.9995,0.1163,0.0436,0.0016,0.0474,0.0729,0.007,0.2178,0.5478,0.3044,0.1478,0.0312,0.1472,0.0001,1.0,Yes,7.05,0.32,9.85,17.48,4.17,0.0,Raw,65.5,65.5,54.3,54.3,51.1,51.1,41.2,41.2,38.9,32.7,32.7,29.5,29.5,26.6,26.6,24.0,24.0,22.5,22.5,21.0,21.0,20.3,20.3,16.4,16.4,15.9,15.9,8.0,8.0,7.5,7.0,6.0,5.0,4.5,4.0,3.5,3.0,2.5,1.0,0.0,0.0,0.0,0.0,0.0,0.0,0.0,0.0,0.0,0.0,0.0,0.0,0.0,0.0,0.0,Low,
91,2026-08-12,Andrew Benintendi,CWS,CIN,CIN @ CWS,HOME,DH,7.96,6.65,6.65,5.21,5.62,5.76,6.6,5.76,0.872,3.4,6.4,5.07,0|0|7|5|5,0|0|7|5|5|14|0|19|5|9,0|0|7|5|5|14|0|19|5|9|3|0|5|0|4,87.3,77.0,66.8,66.3,60.1,59.1,48.1,47.6,43.6,35.9,35.4,30.3,29.3,25.3,25.3,21.8,19.7,19.7,17.2,17.2,16.1,16.1,12.7,12.0,12.0,9.2,9.2,179.58,B,MORE 5.0 | 59.1% | Edge +1.7,MORE,5.0,59.1,1.65,18.2,Playable,3,Today Posted,3.0,5.0,2,5-5,100.0,100.0,4.73,Likely regular,9,1.0,Rhett Lowder,R,5.26,1.48,0.2325,0.0275,0.0975,4.47,1.4,0.2127,0.0324,Rate Field,1.0,1.0,,,,,Weather unavailable,352,317,0.246,0.308,0.429,0.737,311,0.777,78,18,2,12,45,57,29,1,1,2026-08-11 vs Cincinnati Reds: 0 FS|2026-08-09 vs Cleveland Guardians: 0 FS|2026-08-08 vs Cleveland Guardians: 7 FS|2026-08-06 @ Boston Red Sox: 5 FS|2026-08-05 @ Boston Red Sox: 5 FS,2026-08-11 vs Cincinnati Reds: 0 FS|2026-08-09 vs Cleveland Guardians: 0 FS|2026-08-08 vs Cleveland Guardians: 7 FS|2026-08-06 @ Boston Red Sox: 5 FS|2026-08-05 @ Boston Red Sox: 5 FS|2026-08-02 @ Tampa Bay Rays: 14 FS|2026-08-01 @ Tampa Bay Rays: 0 FS|2026-07-31 @ Tampa Bay Rays: 19 FS|2026-07-30 vs New York Yankees: 5 FS|2026-07-29 vs New York Yankees: 9 FS,2026-08-11 vs Cincinnati Reds: 0 FS|2026-08-09 vs Cleveland Guardians: 0 FS|2026-08-08 vs Cleveland Guardians: 7 FS|2026-08-06 @ Boston Red Sox: 5 FS|2026-08-05 @ Boston Red Sox: 5 FS|2026-08-02 @ Tampa Bay Rays: 14 FS|2026-08-01 @ Tampa Bay Rays: 0 FS|2026-07-31 @ Tampa Bay Rays: 19 FS|2026-07-30 vs New York Yankees: 5 FS|2026-07-29 vs New York Yankees: 9 FS|2026-07-28 vs New York Yankees: 3 FS|2026-07-27 vs New York Yankees: 0 FS|2026-07-26 vs Houston Astros: 5 FS|2026-07-25 vs Houston Astros: 0 FS|2026-07-24 vs Houston Astros: 4 FS,15,30,6.03,5.0,Last 30 games + shrinkage,4.43,5.14,0.263,Neutral,6.03,1.756,0.2439,0.0976,0.0488,0.0488,0.0,8.38,8.55,8.09,7.96,7.76,28.0,16.0,20.0,16.0,20.0,6.0,18.39,54.1,45.9,Recent workload,No,41.3,30.5,64.7,61.3,0.9496,92,2.55,1.0,1.0,1.0,75.0,174,83.73,27.59,1.72,21.84,0.323,0.8874,1.0,1.0,1.0,0.9894,367,Statcast,0.9625,47,Statcast,174,83.73,12.0,25.74,33.93,13.2,55.2,31.6,1.0,1.0027,1.01,1.0055,1.0182,0.9901,5.21,-0.83,Unknown/neutral,Neutral fallback,1.0,1.0,1.0,1.0,1.0,1.0,Neutral fallback,1.072,3,27.0,0.8625,27.0,0.944,0.1201,0.0506,0.0046,0.0281,0.1069,0.0077,0.2214,0.427,0.3034,0.2696,0.0539,0.2068,0.0002,1.0,Yes,5.76,2.59,9.57,14.8,4.35,0.0,Raw,79.3,69.0,59.3,59.3,54.1,54.1,43.6,43.6,40.1,32.9,32.9,29.3,29.3,25.3,25.3,21.8,19.7,19.7,17.2,17.2,16.1,16.1,12.7,12.0,12.0,9.2,9.2,8.0,8.0,7.5,7.0,6.0,5.0,4.5,4.0,3.5,3.0,2.5,1.0,0.0,0.0,0.0,0.0,0.0,0.0,0.0,0.0,0.0,0.0,0.0,0.0,0.0,0.0,0.0,Low,
92,2026-08-12,Riley Greene,DET,CLE,CLE @ DET,HOME,LF,7.62,6.61,6.61,5.0,6.87,6.56,6.55,6.56,1.001,5.0,6.6,6.8,4|2|7|5|7,4|2|7|5|7|2|22|4|7|6,4|2|7|5|7|2|22|4|7|6|4|7|11|12|2,75.6,66.9,66.4,60.6,59.6,48.6,48.1,44.8,44.3,36.3,35.8,31.2,30.2,30.2,25.9,25.9,22.0,22.0,19.7,19.7,17.1,17.1,15.9,15.9,12.5,12.5,11.5,178.73,B,MORE 4.5 | 59.6% | Edge +2.1,MORE,4.5,59.6,2.11,19.2,Playable,4,Last 7 Confirmed,,4.0,7,4-4-4-4-4-4-4,100.0,97.0,4.82,Regular,13,1.04,Foster Griffin,L,3.31,1.11,0.2128,0.0385,0.0587,3.85,1.27,0.213,0.0304,Comerica Park,0.97,1.04,81.9,12.2,239.0,10.0,"warm, light wind",492,422,0.273,0.366,0.45,0.816,153,0.692,115,25,1,16,65,54,61,4,3,2026-08-11 vs Cleveland Guardians: 4 FS|2026-08-09 @ San Francisco Giants: 2 FS|2026-08-08 @ San Francisco Giants: 7 FS|2026-08-07 @ San Francisco Giants: 5 FS|2026-08-06 @ Seattle Mariners: 7 FS,2026-08-11 vs Cleveland Guardians: 4 FS|2026-08-09 @ San Francisco Giants: 2 FS|2026-08-08 @ San Francisco Giants: 7 FS|2026-08-07 @ San Francisco Giants: 5 FS|2026-08-06 @ Seattle Mariners: 7 FS|2026-08-05 @ Seattle Mariners: 2 FS|2026-08-04 @ Seattle Mariners: 22 FS|2026-08-01 @ Athletics: 4 FS|2026-07-31 @ Athletics: 7 FS|2026-07-29 vs Baltimore Orioles: 6 FS,2026-08-11 vs Cleveland Guardians: 4 FS|2026-08-09 @ San Francisco Giants: 2 FS|2026-08-08 @ San Francisco Giants: 7 FS|2026-08-07 @ San Francisco Giants: 5 FS|2026-08-06 @ Seattle Mariners: 7 FS|2026-08-05 @ Seattle Mariners: 2 FS|2026-08-04 @ Seattle Mariners: 22 FS|2026-08-01 @ Athletics: 4 FS|2026-07-31 @ Athletics: 7 FS|2026-07-29 vs Baltimore Orioles: 6 FS|2026-07-28 vs Baltimore Orioles: 4 FS|2026-07-27 vs Baltimore Orioles: 7 FS|2026-07-26 vs Kansas City Royals: 11 FS|2026-07-25 vs Kansas City Royals: 12 FS|2026-07-24 vs Kansas City Royals: 2 FS,15,30,8.13,6.5,Last 30 games + shrinkage,7.0,7.14,0.2,Neutral,8.13,1.667,0.1667,0.0833,0.0167,0.1333,0.0167,8.83,9.14,8.33,8.49,7.4,28.0,16.0,20.0,16.0,20.0,6.0,24.7,72.6,27.4,Recent workload,No,48.9,37.4,47.4,70.4,1.15,119,-1.46,1.0,1.0,1.0,75.0,262,83.17,26.72,2.29,37.02,0.457,0.983,1.0,1.0,1.0,1.0516,586,Statcast,0.947,51,Statcast,262,83.17,12.0,17.54,31.3,13.0,67.6,19.5,1.0296,1.0092,1.0984,1.1781,0.9523,0.981,6.55,-1.58,Unknown/neutral,Neutral fallback,1.0,1.0,1.0,1.0,1.0,1.0,Neutral fallback,1.072,3,27.0,0.9063,27.0,1.0,0.1102,0.0577,0.0065,0.0253,0.1057,0.0094,0.2551,0.3417,0.3917,0.2666,0.093,0.1099,0.0047,1.0,Projected,6.56,1.99,10.0,16.01,4.22,0.0,Raw,67.6,58.9,58.9,53.6,53.6,43.6,43.6,40.8,40.8,33.3,33.3,30.2,30.2,30.2,25.9,25.9,22.0,22.0,19.7,19.7,17.1,17.1,15.9,15.9,12.5,12.5,11.5,8.0,8.0,7.5,7.0,6.0,5.0,4.5,4.0,3.5,3.0,2.5,1.0,0.0,0.0,0.0,0.0,0.0,0.0,0.0,0.0,0.0,0.0,0.0,0.0,0.0,0.0,0.0,Low,
93,2026-08-12,Cam Smith,HOU,SF,HOU @ SF,AWAY,RF,6.66,6.45,6.45,4.94,6.98,6.63,6.51,6.6,1.018,12.8,9.7,8.33,0|5|24|2|33,0|5|24|2|33|0|7|6|17|3,0|5|24|2|33|0|7|6|17|3|15|11|0|0|2,77.8,65.2,64.7,60.2,59.2,47.0,46.5,42.4,41.9,34.7,34.2,28.3,27.3,27.3,23.9,23.9,20.2,20.2,18.4,18.4,16.5,16.5,15.2,15.2,11.9,11.9,11.2,178.0,B,MORE 4.5 | 59.2% | Edge +2.0,MORE,4.5,59.2,1.95,18.4,Playable,6,Today Posted,6.0,8.0,5,8-8-7-8-9,60.0,100.0,4.23,Likely regular,11,1.0,Adrian Houser,R,4.5,1.36,0.2389,0.0351,0.0726,4.34,1.36,0.2172,0.0248,Oracle Park,0.94,1.0,67.0,8.0,243.0,0.0,neutral,435,389,0.226,0.297,0.398,0.695,318,0.682,88,15,2,16,52,44,35,6,10,2026-08-12 @ San Francisco Giants: 0 FS|2026-08-11 @ San Francisco Giants: 5 FS|2026-08-10 @ San Francisco Giants: 24 FS|2026-08-08 @ San Diego Padres: 2 FS|2026-08-07 @ San Diego Padres: 33 FS,2026-08-12 @ San Francisco Giants: 0 FS|2026-08-11 @ San Francisco Giants: 5 FS|2026-08-10 @ San Francisco Giants: 24 FS|2026-08-08 @ San Diego Padres: 2 FS|2026-08-07 @ San Diego Padres: 33 FS|2026-08-05 vs Toronto Blue Jays: 0 FS|2026-08-04 vs Toronto Blue Jays: 7 FS|2026-08-03 vs Toronto Blue Jays: 6 FS|2026-08-02 vs Texas Rangers: 17 FS|2026-08-01 vs Texas Rangers: 3 FS,2026-08-12 @ San Francisco Giants: 0 FS|2026-08-11 @ San Francisco Giants: 5 FS|2026-08-10 @ San Francisco Giants: 24 FS|2026-08-08 @ San Diego Padres: 2 FS|2026-08-07 @ San Diego Padres: 33 FS|2026-08-05 vs Toronto Blue Jays: 0 FS|2026-08-04 vs Toronto Blue Jays: 7 FS|2026-08-03 vs Toronto Blue Jays: 6 FS|2026-08-02 vs Texas Rangers: 17 FS|2026-08-01 vs Texas Rangers: 3 FS|2026-07-31 vs Texas Rangers: 15 FS|2026-07-29 @ Los Angeles Angels: 11 FS|2026-07-28 @ Los Angeles Angels: 0 FS|2026-07-27 @ Los Angeles Angels: 0 FS|2026-07-26 @ Chicago White Sox: 2 FS,15,30,6.3,3.0,Last 30 games + shrinkage,10.14,8.79,0.378,Hot,6.3,2.617,0.3617,0.1277,0.0638,0.0426,0.0,7.21,7.57,8.37,8.41,6.15,28.0,16.0,20.0,16.0,20.0,6.0,11.19,32.9,67.1,Recent workload,Yes,43.9,32.7,65.2,70.3,1.15,143,-2.0,1.0,1.0,1.0,75.0,260,83.85,30.77,2.31,25.0,0.371,0.9387,1.0,1.0,1.0,0.9896,539,Statcast,1.0038,66,Statcast,260,83.85,12.0,19.83,32.4,19.6,68.1,12.3,1.0027,1.002,1.0505,1.2349,0.8941,1.0245,8.34,2.04,Unknown/neutral,Neutral fallback,1.0,1.0,1.0,1.0,1.0,1.0,Neutral fallback,1.072,3,27.0,1.2805,27.0,1.0,0.154,0.0364,0.0085,0.029,0.0753,0.0156,0.2224,0.4874,0.2773,0.2353,0.0677,0.1195,0.0032,1.0,Yes,6.6,1.89,9.01,16.14,4.05,0.0,Raw,69.8,57.2,57.2,53.2,53.2,42.0,42.0,38.4,38.4,31.7,31.7,27.3,27.3,27.3,23.9,23.9,20.2,20.2,18.4,18.4,16.5,16.5,15.2,15.2,11.9,11.9,11.2,8.0,8.0,7.5,7.0,6.0,5.0,4.5,4.0,3.5,3.0,2.5,1.0,0.0,0.0,0.0,0.0,0.0,0.0,0.0,0.0,0.0,0.0,0.0,0.0,0.0,0.0,0.0,Low,
94,2026-08-12,José Ramírez,CLE,DET,CLE @ DET,AWAY,3B,8.31,6.46,6.46,4.57,7.22,6.79,5.86,6.58,1.159,8.4,6.8,6.33,4|15|0|14|9,4|15|0|14|9|0|5|2|11|8,4|15|0|14|9|0|5|2|11|8|0|20|0|3|4,70.3,70.3,64.2,63.7,62.7,50.3,49.8,44.9,44.4,35.7,35.2,33.7,28.2,28.2,23.4,23.4,19.1,19.1,19.1,16.4,16.4,13.6,13.6,12.0,12.0,9.7,9.7,177.56,B,MORE 4.5 | 62.7% | Edge +2.0,MORE,4.5,62.7,1.96,25.4,Good,3,Today Posted,3.0,3.0,4,3-3-3-3,100.0,100.0,4.92,Regular,12,1.04,Framber Valdez,L,4.17,1.37,0.2312,0.0215,0.0806,3.48,1.2,0.2058,0.0261,Comerica Park,0.97,1.04,81.9,12.2,239.0,10.0,"warm, light wind",380,324,0.235,0.335,0.383,0.718,109,0.921,76,18,0,10,52,37,50,1,29,2026-08-11 @ Detroit Tigers: 4 FS|2026-08-09 @ Chicago White Sox: 15 FS|2026-08-08 @ Chicago White Sox: 0 FS|2026-08-07 @ Chicago White Sox: 14 FS|2026-08-06 vs New York Mets: 9 FS,2026-08-11 @ Detroit Tigers: 4 FS|2026-08-09 @ Chicago White Sox: 15 FS|2026-08-08 @ Chicago White Sox: 0 FS|2026-08-07 @ Chicago White Sox: 14 FS|2026-08-06 vs New York Mets: 9 FS|2026-08-05 vs New York Mets: 0 FS|2026-08-02 vs Arizona Diamondbacks: 5 FS|2026-08-01 vs Arizona Diamondbacks: 2 FS|2026-07-31 vs Arizona Diamondbacks: 11 FS|2026-07-29 @ Cincinnati Reds: 8 FS,2026-08-11 @ Detroit Tigers: 4 FS|2026-08-09 @ Chicago White Sox: 15 FS|2026-08-08 @ Chicago White Sox: 0 FS|2026-08-07 @ Chicago White Sox: 14 FS|2026-08-06 vs New York Mets: 9 FS|2026-08-05 vs New York Mets: 0 FS|2026-08-02 vs Arizona Diamondbacks: 5 FS|2026-08-01 vs Arizona Diamondbacks: 2 FS|2026-07-31 vs Arizona Diamondbacks: 11 FS|2026-07-29 @ Cincinnati Reds: 8 FS|2026-07-28 @ Cincinnati Reds: 0 FS|2026-07-28 @ Cincinnati Reds: 20 FS|2026-07-26 @ Tampa Bay Rays: 0 FS|2026-07-25 @ Tampa Bay Rays: 3 FS|2026-07-23 vs Minnesota Twins: 4 FS,15,30,8.1,6.0,Last 30 games + shrinkage,6.71,6.5,0.208,Neutral,8.1,1.625,0.1786,0.0,0.0,0.125,0.0893,8.5,8.53,8.0,8.37,7.96,28.0,16.0,20.0,16.0,20.0,6.0,24.11,70.9,29.1,Recent workload,No,42.7,31.9,39.1,50.7,1.0809,38,3.05,1.0,1.0,1.0,75.0,113,83.17,24.78,0.0,27.43,0.28,0.8263,1.0,1.0,1.0,0.9833,239,Statcast,1.0,9,Fallback,113,83.17,12.0,17.97,34.4,11.5,60.2,28.3,1.0301,1.0094,1.0997,1.1786,0.9541,0.987,7.02,-1.08,Unknown/neutral,Neutral fallback,1.0,1.0,1.0,1.0,1.0,1.0,Neutral fallback,1.072,3,27.0,1.3,27.0,1.0,0.1507,0.0393,0.0011,0.0146,0.1159,0.0055,0.1513,0.4259,0.3148,0.2593,0.1006,0.1231,0.039,1.0,Yes,6.58,1.09,9.2,15.0,4.6,0.0,Raw,62.3,62.3,56.7,56.7,56.7,45.3,45.3,40.9,40.9,32.7,32.7,32.7,28.2,28.2,23.4,23.4,19.1,19.1,19.1,16.4,16.4,13.6,13.6,12.0,12.0,9.7,9.7,8.0,8.0,7.5,7.0,6.0,5.0,4.5,4.0,3.5,3.0,2.5,1.0,0.0,0.0,0.0,0.0,0.0,0.0,0.0,0.0,0.0,0.0,0.0,0.0,0.0,0.0,0.0,Low,
95,2026-08-12,Taylor Trammell,HOU,SF,HOU @ SF,AWAY,CF,7.03,6.51,6.51,5.0,6.88,6.57,6.57,6.57,1.0,4.6,7.0,7.87,0|4|5|14|0,0|4|5|14|0|22|0|11|7|7,0|4|5|14|0|22|0|11|7|7|9|0|22|17|0,76.2,66.6,66.1,59.5,58.5,46.8,46.3,42.0,41.5,33.5,33.0,28.1,27.1,27.1,23.1,23.1,20.3,20.3,18.5,18.5,16.8,16.8,15.8,15.8,13.0,13.0,12.4,176.82,B,MORE 4.5 | 58.5% | Edge +2.0,MORE,4.5,58.5,2.01,17.0,Playable,7,Today Posted,7.0,5.0,5,5-5-8-5-7,60.0,100.0,4.11,Regular,12,1.04,Adrian Houser,R,4.5,1.36,0.2389,0.0351,0.0726,4.34,1.36,0.2172,0.0248,Oracle Park,0.94,1.0,67.0,8.0,243.0,0.0,neutral,186,163,0.233,0.324,0.411,0.735,156,0.799,38,6,1,7,25,20,18,4,3,2026-08-12 @ San Francisco Giants: 0 FS|2026-08-10 @ San Francisco Giants: 4 FS|2026-08-09 @ San Diego Padres: 5 FS|2026-08-08 @ San Diego Padres: 14 FS|2026-08-05 vs Toronto Blue Jays: 0 FS,2026-08-12 @ San Francisco Giants: 0 FS|2026-08-10 @ San Francisco Giants: 4 FS|2026-08-09 @ San Diego Padres: 5 FS|2026-08-08 @ San Diego Padres: 14 FS|2026-08-05 vs Toronto Blue Jays: 0 FS|2026-08-04 vs Toronto Blue Jays: 22 FS|2026-08-03 vs Toronto Blue Jays: 0 FS|2026-08-02 vs Texas Rangers: 11 FS|2026-08-01 vs Texas Rangers: 7 FS|2026-07-31 vs Texas Rangers: 7 FS,2026-08-12 @ San Francisco Giants: 0 FS|2026-08-10 @ San Francisco Giants: 4 FS|2026-08-09 @ San Diego Padres: 5 FS|2026-08-08 @ San Diego Padres: 14 FS|2026-08-05 vs Toronto Blue Jays: 0 FS|2026-08-04 vs Toronto Blue Jays: 22 FS|2026-08-03 vs Toronto Blue Jays: 0 FS|2026-08-02 vs Texas Rangers: 11 FS|2026-08-01 vs Texas Rangers: 7 FS|2026-07-31 vs Texas Rangers: 7 FS|2026-07-29 @ Los Angeles Angels: 9 FS|2026-07-28 @ Los Angeles Angels: 0 FS|2026-07-27 @ Los Angeles Angels: 22 FS|2026-07-26 @ Chicago White Sox: 17 FS|2026-07-25 @ Chicago White Sox: 0 FS,15,30,5.67,2.5,Last 30 games + shrinkage,6.43,8.43,0.244,Neutral,5.67,2.269,0.1923,0.0962,0.0769,0.1731,0.0,7.19,7.31,7.77,7.35,6.84,28.0,16.0,20.0,16.0,20.0,6.0,11.19,32.9,67.1,Recent workload,Yes,41.0,30.2,47.9,52.2,1.15,92,-2.0,1.0,1.0,1.0,75.0,120,82.23,25.83,2.5,30.0,0.429,0.9498,1.0,1.0,1.0,1.068,313,Statcast,1.14,43,Statcast,120,82.23,12.0,19.91,35.0,12.5,60.0,27.5,1.0027,0.9977,1.0339,1.2243,0.8687,1.0089,6.41,0.74,Unknown/neutral,Neutral fallback,1.0,1.0,1.0,1.0,1.0,1.0,Neutral fallback,1.072,3,27.0,1.267,27.0,1.0,0.1364,0.0365,0.0021,0.0361,0.1209,0.0204,0.2499,0.459,0.3606,0.1804,0.0764,0.1229,0.012,1.0,Yes,6.57,2.0,9.0,16.0,3.92,0.0,Raw,68.2,58.6,58.6,52.5,52.5,41.8,41.8,38.0,38.0,30.5,30.5,27.1,27.1,27.1,23.1,23.1,20.3,20.3,18.5,18.5,16.8,16.8,15.8,15.8,13.0,13.0,12.4,8.0,8.0,7.5,7.0,6.0,5.0,4.5,4.0,3.5,3.0,2.5,1.0,0.0,0.0,0.0,0.0,0.0,0.0,0.0,0.0,0.0,0.0,0.0,0.0,0.0,0.0,0.0,Low,
96,2026-08-12,Chase Meidroth,CWS,CIN,CIN @ CWS,HOME,2B,6.58,5.9,5.9,4.96,5.84,5.9,5.79,5.87,1.018,11.6,8.7,9.27,7|5|39|0|7,7|5|39|0|7|12|0|2|8|7,7|5|39|0|7|12|0|2|8|7|16|7|18|0|11,76.9,64.8,64.3,58.0,57.0,44.3,43.8,38.5,38.0,30.3,29.8,28.3,23.0,23.0,19.0,19.0,16.1,16.1,14.3,14.3,12.3,12.3,11.4,11.4,9.0,9.0,8.6,176.44,B,MORE 4.0 | 58.0% | Edge +1.9,MORE,4.0,58.0,1.9,16.0,Playable,6,Today Posted,6.0,1.0,5,8-1-1-8-1,60.0,100.0,4.4,Regular,14,1.04,Rhett Lowder,R,5.26,1.48,0.2325,0.0275,0.0975,4.47,1.4,0.2127,0.0324,Rate Field,1.0,1.0,,,,,Weather unavailable,475,416,0.274,0.35,0.404,0.754,339,0.684,114,21,0,11,67,46,46,4,2,2026-08-08 vs Cleveland Guardians: 7 FS|2026-08-07 vs Cleveland Guardians: 5 FS|2026-08-06 @ Boston Red Sox: 39 FS|2026-08-05 @ Boston Red Sox: 0 FS|2026-08-04 @ Boston Red Sox: 7 FS,2026-08-08 vs Cleveland Guardians: 7 FS|2026-08-07 vs Cleveland Guardians: 5 FS|2026-08-06 @ Boston Red Sox: 39 FS|2026-08-05 @ Boston Red Sox: 0 FS|2026-08-04 @ Boston Red Sox: 7 FS|2026-08-02 @ Tampa Bay Rays: 12 FS|2026-08-01 @ Tampa Bay Rays: 0 FS|2026-07-31 @ Tampa Bay Rays: 2 FS|2026-07-30 vs New York Yankees: 8 FS|2026-07-29 vs New York Yankees: 7 FS,2026-08-08 vs Cleveland Guardians: 7 FS|2026-08-07 vs Cleveland Guardians: 5 FS|2026-08-06 @ Boston Red Sox: 39 FS|2026-08-05 @ Boston Red Sox: 0 FS|2026-08-04 @ Boston Red Sox: 7 FS|2026-08-02 @ Tampa Bay Rays: 12 FS|2026-08-01 @ Tampa Bay Rays: 0 FS|2026-07-31 @ Tampa Bay Rays: 2 FS|2026-07-30 vs New York Yankees: 8 FS|2026-07-29 vs New York Yankees: 7 FS|2026-07-28 vs New York Yankees: 16 FS|2026-07-27 vs New York Yankees: 7 FS|2026-07-26 vs Houston Astros: 18 FS|2026-07-25 vs Houston Astros: 0 FS|2026-07-24 vs Houston Astros: 11 FS,15,30,7.97,7.0,Last 30 games + shrinkage,10.0,9.14,0.245,Neutral,7.97,2.133,0.2,0.1167,0.0667,0.1333,0.0,7.37,7.92,8.01,7.99,6.22,28.0,16.0,20.0,16.0,20.0,6.0,18.39,54.1,45.9,Recent workload,No,48.0,36.5,66.6,70.1,1.0703,177,2.55,1.0,1.0,1.0,75.0,258,81.53,20.54,0.78,30.23,0.347,0.8502,1.0,1.0,1.0,0.9803,665,Statcast,0.9649,25,Statcast,258,81.53,12.0,15.16,33.02,17.1,71.7,11.2,1.0,0.9937,0.977,0.9875,0.9582,1.0168,9.36,1.4,Unknown/neutral,Neutral fallback,1.0,1.0,1.0,1.0,1.0,1.0,Neutral fallback,1.072,3,27.0,0.9119,27.0,1.0,0.1577,0.0318,0.0001,0.0226,0.1184,0.0163,0.2144,0.521,0.2016,0.2773,0.0494,0.1338,0.0001,1.0,Yes,5.87,1.9,8.01,14.12,4.01,0.0,Raw,68.9,56.8,56.8,51.0,51.0,39.3,39.3,34.5,34.5,27.3,27.3,27.3,23.0,23.0,19.0,19.0,16.1,16.1,14.3,14.3,12.3,12.3,11.4,11.4,9.0,9.0,8.6,8.0,8.0,7.5,7.0,6.0,5.0,4.5,4.0,3.5,3.0,2.5,1.0,0.0,0.0,0.0,0.0,0.0,0.0,0.0,0.0,0.0,0.0,0.0,0.0,0.0,0.0,0.0,Pass,
97,2026-08-12,Sam Antonacci,CWS,CIN,CIN @ CWS,HOME,LF,6.68,6.41,6.41,4.85,6.43,6.27,5.97,6.19,1.051,5.6,4.2,5.33,7|6|0|0|15,7|6|0|0|15|5|0|2|2|5,7|6|0|0|15|5|0|2|2|5|3|16|0|5|14,80.0,70.3,69.8,62.9,61.9,49.8,49.3,44.1,43.6,35.3,34.8,33.3,27.5,27.5,23.1,23.1,19.2,19.2,16.6,16.6,14.0,14.0,12.5,12.5,9.8,9.8,8.9,176.2,B,MORE 4.5 | 61.9% | Edge +1.9,MORE,4.5,61.9,1.91,23.8,Playable,1,Today Posted,1.0,8.0,4,8-8-1-1,50.0,100.0,4.93,Likely regular,10,1.0,Rhett Lowder,R,5.26,1.48,0.2325,0.0275,0.0975,4.47,1.4,0.2127,0.0324,Rate Field,1.0,1.0,,,,,Weather unavailable,390,337,0.273,0.364,0.404,0.768,308,0.823,92,16,2,8,59,35,28,21,14,2026-08-11 vs Cincinnati Reds: 7 FS|2026-08-09 vs Cleveland Guardians: 6 FS|2026-08-08 vs Cleveland Guardians: 0 FS|2026-08-07 vs Cleveland Guardians: 0 FS|2026-08-06 @ Boston Red Sox: 15 FS,2026-08-11 vs Cincinnati Reds: 7 FS|2026-08-09 vs Cleveland Guardians: 6 FS|2026-08-08 vs Cleveland Guardians: 0 FS|2026-08-07 vs Cleveland Guardians: 0 FS|2026-08-06 @ Boston Red Sox: 15 FS|2026-08-05 @ Boston Red Sox: 5 FS|2026-08-04 @ Boston Red Sox: 0 FS|2026-08-02 @ Tampa Bay Rays: 2 FS|2026-08-01 @ Tampa Bay Rays: 2 FS|2026-07-31 @ Tampa Bay Rays: 5 FS,2026-08-11 vs Cincinnati Reds: 7 FS|2026-08-09 vs Cleveland Guardians: 6 FS|2026-08-08 vs Cleveland Guardians: 0 FS|2026-08-07 vs Cleveland Guardians: 0 FS|2026-08-06 @ Boston Red Sox: 15 FS|2026-08-05 @ Boston Red Sox: 5 FS|2026-08-04 @ Boston Red Sox: 0 FS|2026-08-02 @ Tampa Bay Rays: 2 FS|2026-08-01 @ Tampa Bay Rays: 2 FS|2026-07-31 @ Tampa Bay Rays: 5 FS|2026-07-30 vs New York Yankees: 3 FS|2026-07-29 vs New York Yankees: 16 FS|2026-07-28 vs New York Yankees: 0 FS|2026-07-27 vs New York Yankees: 5 FS|2026-07-26 vs Houston Astros: 14 FS,15,30,6.17,4.0,Last 30 games + shrinkage,4.71,4.71,0.205,Neutral,6.17,1.347,0.1837,0.0612,0.0204,0.0612,0.0,8.62,7.96,7.58,7.81,7.19,28.0,16.0,20.0,16.0,20.0,6.0,18.39,54.1,45.9,Recent workload,No,46.9,35.5,64.4,72.4,1.0411,173,2.55,1.0,1.0,1.0,75.0,288,80.92,20.14,1.04,34.72,0.339,0.838,1.0,1.0,1.0,1.0108,608,Statcast,0.9193,44,Statcast,288,80.92,12.0,15.81,30.64,11.8,64.9,23.3,1.0,0.9924,0.972,0.9847,0.9491,0.9888,5.23,-0.93,Unknown/neutral,Neutral fallback,1.0,1.0,1.0,1.0,1.0,1.0,Neutral fallback,1.072,3,27.0,1.3,27.0,0.9659,0.1431,0.0342,0.0043,0.0179,0.0934,0.0264,0.1689,0.5548,0.2409,0.2043,0.0441,0.0886,0.0074,1.0,Yes,6.19,1.7,9.06,14.31,4.54,0.0,Raw,72.0,62.3,62.3,55.9,55.9,44.8,44.8,40.1,40.1,32.3,32.3,32.3,27.5,27.5,23.1,23.1,19.2,19.2,16.6,16.6,14.0,14.0,12.5,12.5,9.8,9.8,8.9,8.0,8.0,7.5,7.0,6.0,5.0,4.5,4.0,3.5,3.0,2.5,1.0,0.0,0.0,0.0,0.0,0.0,0.0,0.0,0.0,0.0,0.0,0.0,0.0,0.0,0.0,0.0,Low,
98,2026-08-12,Mike Trout,LAA,TEX,TEX @ LAA,HOME,CF,6.97,6.7,6.7,5.13,6.54,6.34,6.87,6.34,0.923,9.8,6.7,6.6,9|20|0|2|18,9|20|0|2|18|2|0|3|3|10,9|20|0|2|18|2|0|3|3|10|0|7|5|4|16,74.9,74.9,66.6,66.1,56.9,55.9,46.4,45.9,41.0,33.6,33.1,28.4,27.4,23.6,23.6,21.5,21.5,19.9,19.9,18.4,18.4,17.6,14.5,14.5,14.1,14.1,11.0,176.2,B,MORE 4.0 | 66.1% | Edge +2.7,MORE,4.0,66.1,2.7,32.2,Good,2,Last 7 Confirmed,,2.0,7,2-2-2-2-2-2-2,100.0,97.0,5.02,Regular,14,1.04,Cal Quantrill,R,3.56,1.19,0.2138,0.0326,0.0688,4.24,1.28,0.2222,0.0327,Angel Stadium,1.0,1.04,86.3,10.0,241.0,0.0,"warm, light wind",451,362,0.235,0.384,0.445,0.829,328,0.798,85,16,0,20,68,42,82,6,9,2026-08-11 vs Texas Rangers: 9 FS|2026-08-10 vs Texas Rangers: 20 FS|2026-08-09 @ Miami Marlins: 0 FS|2026-08-08 @ Miami Marlins: 2 FS|2026-08-07 @ Miami Marlins: 18 FS,2026-08-11 vs Texas Rangers: 9 FS|2026-08-10 vs Texas Rangers: 20 FS|2026-08-09 @ Miami Marlins: 0 FS|2026-08-08 @ Miami Marlins: 2 FS|2026-08-07 @ Miami Marlins: 18 FS|2026-08-06 @ Baltimore Orioles: 2 FS|2026-08-05 @ Baltimore Orioles: 0 FS|2026-08-04 @ Baltimore Orioles: 3 FS|2026-08-02 vs Milwaukee Brewers: 3 FS|2026-08-01 vs Milwaukee Brewers: 10 FS,2026-08-11 vs Texas Rangers: 9 FS|2026-08-10 vs Texas Rangers: 20 FS|2026-08-09 @ Miami Marlins: 0 FS|2026-08-08 @ Miami Marlins: 2 FS|2026-08-07 @ Miami Marlins: 18 FS|2026-08-06 @ Baltimore Orioles: 2 FS|2026-08-05 @ Baltimore Orioles: 0 FS|2026-08-04 @ Baltimore Orioles: 3 FS|2026-08-02 vs Milwaukee Brewers: 3 FS|2026-08-01 vs Milwaukee Brewers: 10 FS|2026-07-31 vs Milwaukee Brewers: 0 FS|2026-07-29 vs Houston Astros: 7 FS|2026-07-28 vs Houston Astros: 5 FS|2026-07-27 vs Houston Astros: 4 FS|2026-07-26 @ San Francisco Giants: 16 FS,15,30,7.77,5.5,Last 30 games + shrinkage,7.29,5.93,0.16,Cold,7.77,1.407,0.1356,0.0508,0.0339,0.1356,0.0169,8.89,8.41,7.68,8.16,7.31,28.0,16.0,20.0,16.0,20.0,6.0,16.57,48.7,51.3,Recent workload,No,49.9,38.2,65.9,61.4,0.948,82,2.22,1.0,1.0,1.0,75.0,175,80.67,18.29,1.71,32.0,0.431,0.9035,1.0,1.0,1.0,1.0378,427,Statcast,0.9887,48,Statcast,175,80.67,12.0,20.33,30.51,14.9,70.3,14.9,1.0309,0.9936,1.0068,0.9873,0.9871,0.9931,7.19,-0.58,Unknown/neutral,Neutral fallback,1.0,1.0,1.0,1.0,1.0,1.0,Neutral fallback,1.072,3,27.0,1.1338,27.0,0.9803,0.0931,0.0293,0.0001,0.0358,0.1445,0.0152,0.2319,0.4104,0.2948,0.2948,0.0463,0.075,0.0082,1.0,Projected,6.34,2.36,8.82,16.21,4.63,0.0,Raw,66.9,66.9,59.1,59.1,50.9,50.9,41.9,41.9,37.5,30.6,30.6,27.4,27.4,23.6,23.6,21.5,21.5,19.9,19.9,18.4,18.4,17.6,14.5,14.5,14.1,14.1,11.0,8.0,8.0,7.5,7.0,6.0,5.0,4.5,4.0,3.5,3.0,2.5,1.0,0.0,0.0,0.0,0.0,0.0,0.0,0.0,0.0,0.0,0.0,0.0,0.0,0.0,0.0,0.0,Low,
99,2026-08-12,Spencer Horwitz,PIT,MIA,PIT @ MIA,AWAY,1B,6.78,6.39,6.39,4.99,6.29,6.18,6.15,6.17,1.004,3.6,3.4,6.07,0|8|3|7|0,0|8|3|7|0|0|11|0|2|3,0|8|3|7|0|0|11|0|2|3|8|17|4|22|6,77.6,68.3,67.8,60.8,59.8,48.0,47.5,42.4,41.9,33.5,33.0,31.5,26.8,26.8,22.7,22.7,19.3,19.3,17.0,17.0,14.6,14.6,13.3,13.3,11.1,11.1,10.4,176.0,B,MORE 4.5 | 59.8% | Edge +1.9,MORE,4.5,59.8,1.89,19.6,Playable,4,Today Posted,4.0,5.0,5,4-4-5-5-5,60.0,100.0,4.73,Regular,12,1.04,Janson Junk,R,4.63,1.36,0.2514,0.0343,0.0657,3.93,1.24,0.2044,0.027,loanDepot park,0.96,1.0,,,,,Indoor/retractable neutral,325,272,0.265,0.372,0.426,0.798,269,0.841,72,12,1,10,37,37,43,6,1,2026-08-11 @ Miami Marlins: 0 FS|2026-08-08 vs New York Mets: 8 FS|2026-08-07 vs New York Mets: 3 FS|2026-08-06 @ Milwaukee Brewers: 7 FS|2026-08-05 @ Milwaukee Brewers: 0 FS,2026-08-11 @ Miami Marlins: 0 FS|2026-08-08 vs New York Mets: 8 FS|2026-08-07 vs New York Mets: 3 FS|2026-08-06 @ Milwaukee Brewers: 7 FS|2026-08-05 @ Milwaukee Brewers: 0 FS|2026-08-04 @ Milwaukee Brewers: 0 FS|2026-08-03 @ Milwaukee Brewers: 11 FS|2026-08-02 @ Cincinnati Reds: 0 FS|2026-06-24 vs Seattle Mariners: 2 FS|2026-06-23 vs Seattle Mariners: 3 FS,2026-08-11 @ Miami Marlins: 0 FS|2026-08-08 vs New York Mets: 8 FS|2026-08-07 vs New York Mets: 3 FS|2026-08-06 @ Milwaukee Brewers: 7 FS|2026-08-05 @ Milwaukee Brewers: 0 FS|2026-08-04 @ Milwaukee Brewers: 0 FS|2026-08-03 @ Milwaukee Brewers: 11 FS|2026-08-02 @ Cincinnati Reds: 0 FS|2026-06-24 vs Seattle Mariners: 2 FS|2026-06-23 vs Seattle Mariners: 3 FS|2026-06-21 @ Colorado Rockies: 8 FS|2026-06-20 @ Colorado Rockies: 17 FS|2026-06-19 @ Colorado Rockies: 4 FS|2026-06-17 @ Athletics: 22 FS|2026-06-16 @ Athletics: 6 FS,15,30,7.1,6.5,Last 30 games + shrinkage,4.14,6.07,0.208,Neutral,7.1,1.518,0.1786,0.0714,0.0179,0.1071,0.0,7.82,7.49,7.48,7.27,7.25,28.0,16.0,20.0,16.0,20.0,6.0,19.49,57.3,42.7,Recent workload,No,37.3,27.5,61.3,46.6,1.1156,68,-0.1,1.0,1.0,1.0,100.0,96,82.69,16.67,1.04,22.92,0.301,0.8203,1.0,1.0,1.0,0.9934,263,Statcast,0.9337,31,Statcast,96,82.69,12.0,23.38,35.0,14.6,58.3,27.1,1.0,1.0004,1.0015,1.0008,1.0027,0.9778,5.25,-1.85,Unknown/neutral,Neutral fallback,1.0,1.0,1.0,1.0,1.0,1.0,Neutral fallback,1.072,3,27.0,0.8625,27.0,0.9905,0.126,0.0351,0.0028,0.0228,0.1134,0.0194,0.1631,0.3617,0.383,0.2553,0.0387,0.1403,0.0009,1.0,Yes,6.17,1.97,9.01,16.04,4.5,0.0,Raw,69.6,60.3,60.3,53.8,53.8,43.0,43.0,38.4,38.4,30.5,30.5,30.5,26.8,26.8,22.7,22.7,19.3,19.3,17.0,17.0,14.6,14.6,13.3,13.3,11.1,11.1,10.4,8.0,8.0,7.5,7.0,6.0,5.0,4.5,4.0,3.5,3.0,2.5,1.0,0.0,0.0,0.0,0.0,0.0,0.0,0.0,0.0,0.0,0.0,0.0,0.0,0.0,0.0,0.0,Low,
100,2026-08-12,Jared Young,NYM,ATL,NYM @ ATL,AWAY,1B,7.08,6.5,6.5,5.06,6.0,6.0,6.26,6.0,0.959,11.2,8.9,6.87,12|18|0|5|21,12|18|0|5|21|19|4|7|0|3,12|18|0|5|21|19|4|7|0|3|0|7|7|0|0,78.0,78.0,67.5,67.0,60.8,59.8,48.3,47.8,44.0,36.2,35.7,29.9,28.9,25.0,25.0,21.2,21.2,18.9,18.9,16.0,16.0,14.7,14.7,11.3,11.3,10.2,10.2,175.96,B,MORE 5.0 | 59.8% | Edge +1.5,MORE,5.0,59.8,1.5,19.6,Playable,6,Today Posted,6.0,5.0,5,5-6-4-5-5,60.0,100.0,4.32,Regular,12,1.04,Tyler Mahle,R,4.83,1.36,0.2295,0.0328,0.0913,3.61,1.24,0.2027,0.0302,Truist Park,1.01,1.055,90.4,8.6,279.0,5.0,hot,228,202,0.262,0.338,0.436,0.774,196,0.802,53,10,2,7,26,25,18,6,3,2026-08-10 @ Atlanta Braves: 12 FS|2026-08-09 @ Pittsburgh Pirates: 18 FS|2026-08-08 @ Pittsburgh Pirates: 0 FS|2026-08-07 @ Pittsburgh Pirates: 5 FS|2026-08-06 @ Cleveland Guardians: 21 FS,2026-08-10 @ Atlanta Braves: 12 FS|2026-08-09 @ Pittsburgh Pirates: 18 FS|2026-08-08 @ Pittsburgh Pirates: 0 FS|2026-08-07 @ Pittsburgh Pirates: 5 FS|2026-08-06 @ Cleveland Guardians: 21 FS|2026-08-05 @ Cleveland Guardians: 19 FS|2026-08-04 @ Cleveland Guardians: 4 FS|2026-08-02 vs Miami Marlins: 7 FS|2026-08-01 vs Miami Marlins: 0 FS|2026-07-31 vs Miami Marlins: 3 FS,2026-08-10 @ Atlanta Braves: 12 FS|2026-08-09 @ Pittsburgh Pirates: 18 FS|2026-08-08 @ Pittsburgh Pirates: 0 FS|2026-08-07 @ Pittsburgh Pirates: 5 FS|2026-08-06 @ Cleveland Guardians: 21 FS|2026-08-05 @ Cleveland Guardians: 19 FS|2026-08-04 @ Cleveland Guardians: 4 FS|2026-08-02 vs Miami Marlins: 7 FS|2026-08-01 vs Miami Marlins: 0 FS|2026-07-31 vs Miami Marlins: 3 FS|2026-07-30 vs Miami Marlins: 0 FS|2026-07-29 vs Atlanta Braves: 7 FS|2026-07-27 vs Atlanta Braves: 7 FS|2026-07-26 vs Los Angeles Dodgers: 0 FS|2026-07-25 vs Los Angeles Dodgers: 0 FS,15,30,6.5,6.0,Last 30 games + shrinkage,11.29,7.36,0.289,Neutral,6.5,1.981,0.25,0.0769,0.0,0.0962,0.0385,7.29,7.52,7.42,7.92,6.82,28.0,16.0,20.0,16.0,20.0,6.0,22.51,66.2,33.8,Recent workload,No,44.2,33.0,53.6,62.3,1.005,80,-0.76,1.0,1.0,1.0,75.0,182,84.64,32.42,0.0,28.02,0.317,0.8944,1.0,1.0,1.0,0.9915,327,Statcast,0.9276,64,Statcast,182,84.64,12.0,16.64,31.12,13.7,63.2,23.1,1.0127,1.0028,1.0229,1.0055,1.0314,1.0226,8.39,1.89,Unknown/neutral,Neutral fallback,1.0,1.0,1.0,1.0,1.0,1.0,Neutral fallback,1.072,3,27.0,1.003,27.0,0.9771,0.1454,0.0447,0.0098,0.0234,0.0885,0.0256,0.2043,0.5099,0.22,0.2701,0.0597,0.121,0.0156,1.0,Yes,6.0,2.18,9.86,15.61,4.05,0.0,Raw,70.0,70.0,60.0,60.0,54.8,54.8,43.8,43.8,40.5,33.2,33.2,28.9,28.9,25.0,25.0,21.2,21.2,18.9,18.9,16.0,16.0,14.7,14.7,11.3,11.3,10.2,10.2,8.0,8.0,7.5,7.0,6.0,5.0,4.5,4.0,3.5,3.0,2.5,1.0,0.0,0.0,0.0,0.0,0.0,0.0,0.0,0.0,0.0,0.0,0.0,0.0,0.0,0.0,0.0,Low,
101,2026-08-12,Brice Turang,MIL,SD,MIL @ SD,AWAY,2B,7.18,6.04,6.04,4.69,6.6,6.38,5.67,6.2,1.126,10.4,6.7,7.67,7|0|7|22|16,7|0|7|22|16|5|2|3|2|3,7|0|7|22|16|5|2|3|2|3|5|20|10|13|0,68.7,68.7,68.2,60.5,59.5,47.8,47.3,42.4,41.9,33.1,32.6,31.1,25.8,25.8,21.1,21.1,17.3,17.3,14.9,14.9,14.9,12.2,12.2,10.7,10.7,8.5,8.5,175.88,B,MORE 4.5 | 59.5% | Edge +1.5,MORE,4.5,59.5,1.54,19.0,Playable,2,Today Posted,2.0,1.0,7,1-1-2-1-1-1-1,85.7,100.0,5.02,Regular,14,1.04,Robbie Ray,L,3.24,1.33,0.2011,0.0298,0.1155,4.12,1.31,0.218,0.0296,Petco Park,0.94,1.03,81.0,7.9,260.0,1.0,warm,517,446,0.269,0.361,0.453,0.814,138,0.583,120,28,3,16,74,75,65,0,16,2026-08-11 @ San Diego Padres: 7 FS|2026-08-10 @ San Diego Padres: 0 FS|2026-08-09 vs Minnesota Twins: 7 FS|2026-08-08 vs Minnesota Twins: 22 FS|2026-08-07 vs Minnesota Twins: 16 FS,2026-08-11 @ San Diego Padres: 7 FS|2026-08-10 @ San Diego Padres: 0 FS|2026-08-09 vs Minnesota Twins: 7 FS|2026-08-08 vs Minnesota Twins: 22 FS|2026-08-07 vs Minnesota Twins: 16 FS|2026-08-06 vs Pittsburgh Pirates: 5 FS|2026-08-05 vs Pittsburgh Pirates: 2 FS|2026-08-04 vs Pittsburgh Pirates: 3 FS|2026-08-03 vs Pittsburgh Pirates: 2 FS|2026-08-02 @ Los Angeles Angels: 3 FS,2026-08-11 @ San Diego Padres: 7 FS|2026-08-10 @ San Diego Padres: 0 FS|2026-08-09 vs Minnesota Twins: 7 FS|2026-08-08 vs Minnesota Twins: 22 FS|2026-08-07 vs Minnesota Twins: 16 FS|2026-08-06 vs Pittsburgh Pirates: 5 FS|2026-08-05 vs Pittsburgh Pirates: 2 FS|2026-08-04 vs Pittsburgh Pirates: 3 FS|2026-08-03 vs Pittsburgh Pirates: 2 FS|2026-08-02 @ Los Angeles Angels: 3 FS|2026-08-01 @ Los Angeles Angels: 5 FS|2026-07-31 @ Los Angeles Angels: 20 FS|2026-07-29 @ San Francisco Giants: 10 FS|2026-07-28 @ San Francisco Giants: 13 FS|2026-07-27 @ San Francisco Giants: 0 FS,15,30,8.57,7.0,Last 30 games + shrinkage,8.43,8.21,0.298,Neutral,8.57,1.797,0.2656,0.0625,0.0156,0.0938,0.0156,9.16,8.57,8.18,8.25,6.81,28.0,16.0,20.0,16.0,20.0,6.0,24.69,72.6,27.4,Recent workload,No,51.9,40.1,44.8,74.5,0.9829,164,1.93,1.0,1.0,1.0,75.0,321,82.93,19.63,1.56,35.2,0.398,0.9092,1.0,1.0,1.0,0.9868,705,Statcast,1.0,10,Fallback,321,82.93,12.0,18.13,28.46,15.3,66.7,18.1,1.0098,0.9888,1.0054,1.0375,0.9116,0.9916,7.86,-0.7,Unknown/neutral,Neutral fallback,1.0,1.0,1.0,1.0,1.0,1.0,Neutral fallback,1.072,3,27.0,1.3,27.0,0.9885,0.1201,0.038,0.0041,0.012,0.1402,0.0012,0.2331,0.443,0.2415,0.3154,0.0568,0.1299,0.014,1.0,Yes,6.2,1.31,9.19,14.82,4.5,0.0,Raw,60.7,60.7,60.7,53.5,53.5,42.8,42.8,38.4,38.4,30.1,30.1,30.1,25.8,25.8,21.1,21.1,17.3,17.3,14.9,14.9,14.9,12.2,12.2,10.7,10.7,8.5,8.5,8.0,8.0,7.5,7.0,6.0,5.0,4.5,4.0,3.5,3.0,2.5,1.0,0.0,0.0,0.0,0.0,0.0,0.0,0.0,0.0,0.0,0.0,0.0,0.0,0.0,0.0,0.0,Low,
102,2026-08-12,Trent Grisham,NYY,SEA,SEA @ NYY,HOME,CF,6.75,6.87,6.87,4.57,6.26,6.16,7.69,6.16,0.801,7.6,6.4,5.53,12|19|7|0|0,12|19|7|0|0|3|21|0|2|0,12|19|7|0|0|3|21|0|2|0|8|2|7|2|0,79.0,69.9,69.4,61.4,60.4,54.8,45.3,44.8,42.3,35.7,35.2,31.4,30.4,28.1,26.2,26.2,25.1,23.7,23.7,23.3,23.3,16.0,15.7,15.7,12.2,10.7,10.7,174.65,B,MORE 4.5 | 60.4% | Edge +2.4,MORE,4.5,60.4,2.37,20.8,Playable,1,Today Posted,1.0,1.0,7,1-1-5-1-1-1-1,85.7,100.0,5.13,Regular,12,1.04,Bryce Miller,R,3.08,0.95,0.1961,0.0425,0.049,3.79,1.2,0.2214,0.0293,Yankee Stadium,1.06,1.03,85.2,1.4,231.0,1.0,warm,394,342,0.216,0.31,0.395,0.705,282,0.697,74,18,2,13,56,46,48,0,7,2026-08-11 vs Seattle Mariners: 12 FS|2026-08-09 vs Atlanta Braves: 19 FS|2026-08-08 vs Atlanta Braves: 7 FS|2026-08-07 vs Atlanta Braves: 0 FS|2026-08-05 vs St. Louis Cardinals: 0 FS,2026-08-11 vs Seattle Mariners: 12 FS|2026-08-09 vs Atlanta Braves: 19 FS|2026-08-08 vs Atlanta Braves: 7 FS|2026-08-07 vs Atlanta Braves: 0 FS|2026-08-05 vs St. Louis Cardinals: 0 FS|2026-08-04 vs St. Louis Cardinals: 3 FS|2026-08-03 vs St. Louis Cardinals: 21 FS|2026-08-02 @ Chicago Cubs: 0 FS|2026-08-01 @ Chicago Cubs: 2 FS|2026-07-31 @ Chicago Cubs: 0 FS,2026-08-11 vs Seattle Mariners: 12 FS|2026-08-09 vs Atlanta Braves: 19 FS|2026-08-08 vs Atlanta Braves: 7 FS|2026-08-07 vs Atlanta Braves: 0 FS|2026-08-05 vs St. Louis Cardinals: 0 FS|2026-08-04 vs St. Louis Cardinals: 3 FS|2026-08-03 vs St. Louis Cardinals: 21 FS|2026-08-02 @ Chicago Cubs: 0 FS|2026-08-01 @ Chicago Cubs: 2 FS|2026-07-31 @ Chicago Cubs: 0 FS|2026-07-30 @ Chicago White Sox: 8 FS|2026-07-29 @ Chicago White Sox: 2 FS|2026-07-28 @ Chicago White Sox: 7 FS|2026-07-27 @ Chicago White Sox: 2 FS|2026-07-26 @ Philadelphia Phillies: 0 FS,15,30,5.23,2.5,Last 30 games + shrinkage,8.86,5.93,0.22,Neutral,5.23,1.537,0.2037,0.1111,0.037,0.0556,0.0,9.03,7.96,8.66,9.52,7.74,28.0,16.0,20.0,16.0,20.0,6.0,23.12,68.0,32.0,Recent workload,No,48.3,36.8,62.4,63.3,1.15,93,4.67,1.0,1.0,1.0,75.0,190,85.07,27.89,2.11,25.79,0.343,0.9222,1.0,1.0,1.0,0.971,420,Statcast,0.9654,49,Statcast,190,85.07,12.0,24.79,34.98,6.3,63.2,30.5,1.0181,0.9866,1.0016,0.8311,1.1703,1.0155,6.52,1.29,Unknown/neutral,Neutral fallback,1.0,1.0,1.0,1.0,1.0,1.0,Neutral fallback,1.072,3,27.0,1.1405,27.0,1.0,0.0687,0.0407,0.0015,0.0498,0.076,0.0002,0.1987,0.4418,0.2907,0.2675,0.0391,0.0829,0.0001,1.0,Yes,6.16,1.37,10.98,15.78,4.67,0.0,Raw,71.0,61.9,61.9,54.4,54.4,49.8,40.8,40.8,38.8,32.7,32.7,30.4,30.4,28.1,26.2,26.2,25.1,23.7,23.7,23.3,23.3,16.0,15.7,15.7,12.2,10.7,10.7,8.0,8.0,7.5,7.0,6.0,5.0,4.5,4.0,3.5,3.0,2.5,1.0,0.0,0.0,0.0,0.0,0.0,0.0,0.0,0.0,0.0,0.0,0.0,0.0,0.0,0.0,0.0,Low,
103,2026-08-12,Ryan Waldschmidt,ARI,COL,COL @ ARI,HOME,CF,6.35,6.66,6.66,5.22,4.63,5.19,5.99,5.19,0.866,3.2,4.6,6.2,0|0|12|2|2,0|0|12|2|2|16|0|11|3|0,0|0|12|2|2|16|0|11|3|0|12|8|10|5|12,88.4,83.3,69.5,69.0,65.4,64.4,51.7,51.2,46.7,38.9,38.4,30.4,29.4,26.0,26.0,20.6,18.4,18.4,15.2,15.2,13.6,13.6,10.7,9.5,9.5,7.8,7.8,174.48,B,MORE 5.0 | 64.4% | Edge +1.7,MORE,5.0,64.4,1.66,28.8,Good,9,Today Posted,9.0,9.0,7,9-9-9-9-9-9-9,100.0,100.0,3.8,Regular,13,1.04,Ryan Feltner,R,5.75,1.47,0.2452,0.0496,0.0909,5.49,1.51,0.2568,0.0354,Chase Field,1.0,1.0,,,,,Indoor/retractable neutral,197,179,0.285,0.333,0.402,0.735,146,0.708,51,13,1,2,24,15,11,3,6,2026-08-12 vs Colorado Rockies: 0 FS|2026-08-11 vs Colorado Rockies: 0 FS|2026-08-10 vs Colorado Rockies: 12 FS|2026-08-09 vs Los Angeles Dodgers: 2 FS|2026-08-08 vs Los Angeles Dodgers: 2 FS,2026-08-12 vs Colorado Rockies: 0 FS|2026-08-11 vs Colorado Rockies: 0 FS|2026-08-10 vs Colorado Rockies: 12 FS|2026-08-09 vs Los Angeles Dodgers: 2 FS|2026-08-08 vs Los Angeles Dodgers: 2 FS|2026-08-07 vs Los Angeles Dodgers: 16 FS|2026-08-06 vs San Diego Padres: 0 FS|2026-08-05 vs San Diego Padres: 11 FS|2026-08-04 vs San Diego Padres: 3 FS|2026-08-03 vs San Diego Padres: 0 FS,2026-08-12 vs Colorado Rockies: 0 FS|2026-08-11 vs Colorado Rockies: 0 FS|2026-08-10 vs Colorado Rockies: 12 FS|2026-08-09 vs Los Angeles Dodgers: 2 FS|2026-08-08 vs Los Angeles Dodgers: 2 FS|2026-08-07 vs Los Angeles Dodgers: 16 FS|2026-08-06 vs San Diego Padres: 0 FS|2026-08-05 vs San Diego Padres: 11 FS|2026-08-04 vs San Diego Padres: 3 FS|2026-08-03 vs San Diego Padres: 0 FS|2026-08-01 @ Cleveland Guardians: 12 FS|2026-07-31 @ Cleveland Guardians: 8 FS|2026-07-28 @ Pittsburgh Pirates: 10 FS|2026-07-27 @ Pittsburgh Pirates: 5 FS|2026-07-26 @ Washington Nationals: 12 FS,15,30,5.63,5.0,Last 30 games + shrinkage,4.57,5.79,0.341,Hot,5.63,1.761,0.3043,0.0652,0.0217,0.0435,0.0,7.01,6.92,7.16,6.87,6.32,28.0,16.0,20.0,16.0,20.0,6.0,18.53,54.5,45.5,Recent workload,No,42.2,31.3,46.2,46.3,1.1033,81,0.2,1.0,1.0,1.0,100.0,95,82.55,17.89,1.05,37.89,0.38,0.8811,1.0,1.0,1.0,1.0026,274,Statcast,0.9923,47,Statcast,95,82.55,12.0,18.54,28.89,18.9,63.2,17.9,1.0,0.9979,0.9924,0.9959,0.9862,0.9958,5.28,-0.35,Unknown/neutral,Neutral fallback,1.0,1.0,1.0,1.0,1.0,1.0,Neutral fallback,1.072,3,27.0,1.3,27.0,0.9981,0.211,0.0593,0.005,0.0227,0.0501,0.0216,0.2528,0.3334,0.3519,0.3147,0.0745,0.0739,0.0075,1.0,Yes,5.19,3.49,9.55,13.88,3.71,0.0,Raw,80.6,75.3,62.0,62.0,59.4,59.4,47.2,47.2,43.2,35.9,35.9,29.4,29.4,26.0,26.0,20.6,18.4,18.4,15.2,15.2,13.6,13.6,10.7,9.5,9.5,7.8,7.8,7.8,8.0,7.5,7.0,6.0,5.0,4.5,4.0,3.5,3.0,2.5,1.0,0.0,0.0,0.0,0.0,0.0,0.0,0.0,0.0,0.0,0.0,0.0,0.0,0.0,0.0,0.0,Low,
104,2026-08-12,Trea Turner,PHI,STL,PHI @ STL,AWAY,SS,6.83,6.1,6.1,4.6,8.06,7.36,6.57,7.12,1.121,6.0,6.2,7.47,0|7|0|19|4,0|7|0|19|4|10|2|15|0|5,0|7|0|19|4|10|2|15|0|5|8|22|17|0|3,61.2,61.2,58.1,57.6,56.6,44.1,43.6,39.6,39.1,33.0,32.5,26.8,25.8,25.8,23.1,23.1,19.1,19.1,17.5,17.5,15.5,15.5,15.5,14.5,14.5,11.7,11.7,174.16,B,MORE 3.5 | 58.1% | Edge +2.6,MORE,3.5,58.1,2.6,16.2,Playable,2,Today Posted,2.0,2.0,6,2-2-2-2-2-2,100.0,100.0,5.02,Regular,14,1.04,Kyle Leahy,R,3.38,1.34,0.245,0.0241,0.0703,4.09,1.34,0.2246,0.0256,Busch Stadium,0.99,1.065,95.3,10.4,337.0,3.0,"hot, light wind",523,485,0.247,0.296,0.398,0.694,353,0.735,120,20,1,17,80,47,32,3,17,2026-08-12 @ St. Louis Cardinals: 0 FS|2026-08-11 @ St. Louis Cardinals: 7 FS|2026-08-09 vs Toronto Blue Jays: 0 FS|2026-08-08 vs Toronto Blue Jays: 19 FS|2026-08-07 vs Toronto Blue Jays: 4 FS,2026-08-12 @ St. Louis Cardinals: 0 FS|2026-08-11 @ St. Louis Cardinals: 7 FS|2026-08-09 vs Toronto Blue Jays: 0 FS|2026-08-08 vs Toronto Blue Jays: 19 FS|2026-08-07 vs Toronto Blue Jays: 4 FS|2026-08-06 vs Washington Nationals: 10 FS|2026-08-05 vs Washington Nationals: 2 FS|2026-08-04 vs Washington Nationals: 15 FS|2026-08-03 vs Washington Nationals: 0 FS|2026-08-02 @ Baltimore Orioles: 5 FS,2026-08-12 @ St. Louis Cardinals: 0 FS|2026-08-11 @ St. Louis Cardinals: 7 FS|2026-08-09 vs Toronto Blue Jays: 0 FS|2026-08-08 vs Toronto Blue Jays: 19 FS|2026-08-07 vs Toronto Blue Jays: 4 FS|2026-08-06 vs Washington Nationals: 10 FS|2026-08-05 vs Washington Nationals: 2 FS|2026-08-04 vs Washington Nationals: 15 FS|2026-08-03 vs Washington Nationals: 0 FS|2026-08-02 @ Baltimore Orioles: 5 FS|2026-08-01 @ Baltimore Orioles: 8 FS|2026-07-31 @ Baltimore Orioles: 22 FS|2026-07-29 @ Miami Marlins: 17 FS|2026-07-28 @ Miami Marlins: 0 FS|2026-07-27 @ Miami Marlins: 3 FS,15,30,8.83,6.0,Last 30 games + shrinkage,6.0,7.79,0.276,Neutral,8.83,1.73,0.254,0.0794,0.0476,0.0635,0.0,8.31,8.52,7.96,7.51,6.83,28.0,16.0,20.0,16.0,20.0,6.0,20.93,61.5,38.5,Recent workload,No,52.2,40.4,67.5,72.8,0.9974,138,1.22,1.0,1.0,1.0,75.0,294,82.7,26.53,1.36,32.65,0.378,0.9103,1.0,1.0,1.0,0.9977,556,Statcast,0.9299,56,Statcast,294,82.7,12.0,17.74,34.24,18.0,65.3,16.7,0.9861,0.998,0.9789,0.996,0.973,0.9818,7.32,-1.51,Unknown/neutral,Neutral fallback,1.0,1.0,1.0,1.0,1.0,1.0,Neutral fallback,1.072,3,27.0,1.3,27.0,0.925,0.1523,0.0324,0.0041,0.0279,0.0504,0.0039,0.2124,0.4932,0.2364,0.2704,0.0526,0.1075,0.0001,1.0,Yes,7.12,0.0,9.09,16.93,4.44,0.0,Raw,53.2,53.2,50.6,50.6,50.6,39.1,39.1,35.6,35.6,30.0,30.0,25.8,25.8,25.8,23.1,23.1,19.1,19.1,17.5,17.5,15.5,15.5,15.5,14.5,14.5,11.7,11.7,8.0,8.0,7.5,7.0,6.0,5.0,4.5,4.0,3.5,3.0,2.5,1.0,0.0,0.0,0.0,0.0,0.0,0.0,0.0,0.0,0.0,0.0,0.0,0.0,0.0,0.0,0.0,Low,
105,2026-08-12,Otto Lopez,MIA,PIT,PIT @ MIA,HOME,SS,7.08,5.85,5.85,4.3,8.33,7.54,5.48,6.56,1.28,6.0,6.1,6.87,3|10|14|0|3,3|10|14|0|3|0|10|10|11|0,3|10|14|0|3|0|10|10|11|0|0|12|0|30|0,64.0,64.0,61.5,61.0,47.5,46.5,46.0,41.2,40.7,34.1,33.6,32.1,24.8,24.8,21.7,21.7,21.7,16.8,16.8,14.4,14.4,14.4,11.7,11.7,11.7,9.7,9.7,174.04,B,MORE 4.0 | 61.0% | Edge +1.8,MORE,4.0,61.0,1.85,22.0,Playable,2,Today Posted,2.0,3.0,7,2-3-4-2-1-3-3,42.9,100.0,5.02,Regular,14,1.04,Carmen Mlodzinski,R,3.51,1.36,0.2392,0.0191,0.0766,4.32,1.32,0.2128,0.0271,loanDepot park,0.96,1.0,,,,,Indoor/retractable neutral,503,466,0.318,0.35,0.468,0.818,386,0.787,148,29,7,9,72,53,24,4,23,2026-08-11 vs Pittsburgh Pirates: 3 FS|2026-08-09 vs Los Angeles Angels: 10 FS|2026-08-08 vs Los Angeles Angels: 14 FS|2026-08-07 vs Los Angeles Angels: 0 FS|2026-08-06 @ Atlanta Braves: 3 FS,2026-08-11 vs Pittsburgh Pirates: 3 FS|2026-08-09 vs Los Angeles Angels: 10 FS|2026-08-08 vs Los Angeles Angels: 14 FS|2026-08-07 vs Los Angeles Angels: 0 FS|2026-08-06 @ Atlanta Braves: 3 FS|2026-08-05 @ Atlanta Braves: 0 FS|2026-08-04 @ Atlanta Braves: 10 FS|2026-08-02 @ New York Mets: 10 FS|2026-08-01 @ New York Mets: 11 FS|2026-07-31 @ New York Mets: 0 FS,2026-08-11 vs Pittsburgh Pirates: 3 FS|2026-08-09 vs Los Angeles Angels: 10 FS|2026-08-08 vs Los Angeles Angels: 14 FS|2026-08-07 vs Los Angeles Angels: 0 FS|2026-08-06 @ Atlanta Braves: 3 FS|2026-08-05 @ Atlanta Braves: 0 FS|2026-08-04 @ Atlanta Braves: 10 FS|2026-08-02 @ New York Mets: 10 FS|2026-08-01 @ New York Mets: 11 FS|2026-07-31 @ New York Mets: 0 FS|2026-07-30 @ New York Mets: 0 FS|2026-07-29 vs Philadelphia Phillies: 12 FS|2026-07-28 vs Philadelphia Phillies: 0 FS|2026-07-27 vs Philadelphia Phillies: 30 FS|2026-07-26 vs San Diego Padres: 0 FS,15,30,8.4,8.0,Last 30 games + shrinkage,5.71,7.36,0.25,Neutral,8.4,1.661,0.2419,0.0484,0.0,0.0161,0.0484,9.2,8.59,8.18,7.8,7.02,28.0,16.0,20.0,16.0,20.0,6.0,12.1,35.6,64.4,Recent workload,Yes,51.1,39.4,69.4,71.2,1.15,121,-1.57,1.0,1.0,1.0,100.0,272,82.78,27.57,1.1,26.84,0.304,0.8567,1.0,1.0,1.0,0.99,477,Statcast,1.0492,42,Statcast,272,82.78,12.0,12.59,34.49,18.0,61.4,20.6,1.0,0.996,0.9854,0.992,0.9734,0.9803,6.76,-1.64,Unknown/neutral,Neutral fallback,1.0,1.0,1.0,1.0,1.0,1.0,Neutral fallback,1.072,3,27.0,1.3,27.0,0.9873,0.1729,0.0411,0.0106,0.0092,0.0549,0.007,0.1652,0.521,0.2275,0.2515,0.0436,0.0953,0.0214,1.0,Yes,6.56,0.46,8.14,14.54,4.39,0.0,Raw,56.0,56.0,54.0,54.0,41.5,41.5,41.5,37.2,37.2,31.1,31.1,31.1,24.8,24.8,21.7,21.7,21.7,16.8,16.8,14.4,14.4,14.4,11.7,11.7,11.7,9.7,9.7,8.0,8.0,7.5,7.0,6.0,5.0,4.5,4.0,3.5,3.0,2.5,1.0,0.0,0.0,0.0,0.0,0.0,0.0,0.0,0.0,0.0,0.0,0.0,0.0,0.0,0.0,0.0,Pass,
106,2026-08-12,Trevor Larnach,MIN,BAL,BAL @ MIN,HOME,LF,7.1,6.72,6.72,4.6,7.65,7.07,6.3,6.88,1.123,2.0,4.9,3.93,7|0|0|0|3,7|0|0|0|3|0|4|19|16|0,7|0|0|0|3|0|4|19|16|0|0|0|2|3|5,70.9,70.9,64.9,64.4,63.4,50.9,50.4,46.3,45.8,36.8,36.3,30.6,29.6,29.6,25.7,25.7,21.3,21.3,18.9,18.9,15.8,15.8,15.8,14.2,14.2,11.4,11.4,173.64,B,MORE 4.5 | 63.4% | Edge +2.2,MORE,4.5,63.4,2.22,26.8,Good,1,Today Posted,1.0,1.0,4,1-1-1-8,75.0,100.0,5.13,Regular,12,1.04,Shane Baz,R,4.0,1.36,0.2391,0.0167,0.0786,4.25,1.35,0.2262,0.028,Target Field,0.98,1.03,84.4,5.4,60.0,1.0,warm,361,317,0.271,0.358,0.432,0.79,311,0.826,86,19,1,10,50,42,40,3,2,2026-08-12 vs Baltimore Orioles: 7 FS|2026-08-11 vs Baltimore Orioles: 0 FS|2026-08-09 @ Milwaukee Brewers: 0 FS|2026-08-08 @ Milwaukee Brewers: 0 FS|2026-08-06 @ Kansas City Royals: 3 FS,2026-08-12 vs Baltimore Orioles: 7 FS|2026-08-11 vs Baltimore Orioles: 0 FS|2026-08-09 @ Milwaukee Brewers: 0 FS|2026-08-08 @ Milwaukee Brewers: 0 FS|2026-08-06 @ Kansas City Royals: 3 FS|2026-08-05 @ Kansas City Royals: 0 FS|2026-08-04 @ Kansas City Royals: 4 FS|2026-08-02 @ Seattle Mariners: 19 FS|2026-08-01 @ Seattle Mariners: 16 FS|2026-07-31 @ Seattle Mariners: 0 FS,2026-08-12 vs Baltimore Orioles: 7 FS|2026-08-11 vs Baltimore Orioles: 0 FS|2026-08-09 @ Milwaukee Brewers: 0 FS|2026-08-08 @ Milwaukee Brewers: 0 FS|2026-08-06 @ Kansas City Royals: 3 FS|2026-08-05 @ Kansas City Royals: 0 FS|2026-08-04 @ Kansas City Royals: 4 FS|2026-08-02 @ Seattle Mariners: 19 FS|2026-08-01 @ Seattle Mariners: 16 FS|2026-07-31 @ Seattle Mariners: 0 FS|2026-07-30 vs Kansas City Royals: 0 FS|2026-07-29 vs Kansas City Royals: 0 FS|2026-07-28 vs Kansas City Royals: 2 FS|2026-07-25 vs Athletics: 3 FS|2026-07-23 @ Cleveland Guardians: 5 FS,15,30,6.33,3.0,Last 30 games + shrinkage,2.0,3.86,0.133,Cold,6.33,1.102,0.1224,0.0408,0.0408,0.0816,0.0,8.49,8.18,7.13,7.16,7.53,28.0,16.0,20.0,16.0,20.0,6.0,23.45,69.0,31.0,Recent workload,No,44.9,33.7,64.7,65.4,0.9916,106,1.02,1.0,1.0,1.0,75.0,208,84.21,32.21,0.96,32.69,0.378,0.9418,1.0,1.0,1.0,0.99,410,Statcast,0.9889,33,Statcast,208,84.21,12.0,12.33,33.41,11.1,58.2,30.8,1.0015,0.9998,1.0006,0.9995,0.9999,0.9789,4.58,-1.76,Unknown/neutral,Neutral fallback,1.0,1.0,1.0,1.0,1.0,1.0,Neutral fallback,1.072,3,27.0,0.9631,27.0,0.9672,0.1426,0.0463,0.0024,0.0204,0.0993,0.0065,0.1879,0.4546,0.2636,0.2818,0.041,0.104,0.0001,1.0,Yes,6.88,1.23,10.22,16.95,4.54,0.0,Raw,62.9,62.9,57.4,57.4,57.4,45.9,45.9,42.3,42.3,33.8,33.8,29.6,29.6,29.6,25.7,25.7,21.3,21.3,18.9,18.9,15.8,15.8,15.8,14.2,14.2,11.4,11.4,8.0,8.0,7.5,7.0,6.0,5.0,4.5,4.0,3.5,3.0,2.5,1.0,0.0,0.0,0.0,0.0,0.0,0.0,0.0,0.0,0.0,0.0,0.0,0.0,0.0,0.0,0.0,Low,
107,2026-08-12,Freddie Freeman,LAD,KC,KC @ LAD,HOME,1B,7.11,6.58,6.58,5.07,4.81,5.29,5.54,5.29,0.955,4.4,4.7,5.47,2|13|5|0|2,2|13|5|0|2|3|5|3|3|11,2|13|5|0|2|3|5|3|3|11|11|3|8|3|10,86.1,86.1,71.2,70.7,67.1,66.1,53.0,52.5,45.7,38.4,37.9,29.3,28.3,24.6,24.6,19.1,19.1,16.2,16.2,13.4,13.4,11.4,11.4,9.0,9.0,7.7,7.7,173.57,B,MORE 5.0 | 66.1% | Edge +1.6,MORE,5.0,66.1,1.58,32.2,Good,3,Last 7 Confirmed,,3.0,7,2-3-3-3-3-3-3,85.7,97.0,4.92,Regular,14,1.04,Daniel Lynch IV,L,2.45,1.01,0.1762,0.0104,0.0725,4.84,1.43,0.2306,0.0332,UNIQLO Field at Dodger Stadium,1.0,1.0,,,,,Weather unavailable,502,443,0.305,0.378,0.472,0.85,163,0.741,135,27,1,15,58,57,52,3,5,2026-08-11 vs Kansas City Royals: 2 FS|2026-08-10 vs Kansas City Royals: 13 FS|2026-08-09 @ Arizona Diamondbacks: 5 FS|2026-08-08 @ Arizona Diamondbacks: 0 FS|2026-08-07 @ Arizona Diamondbacks: 2 FS,2026-08-11 vs Kansas City Royals: 2 FS|2026-08-10 vs Kansas City Royals: 13 FS|2026-08-09 @ Arizona Diamondbacks: 5 FS|2026-08-08 @ Arizona Diamondbacks: 0 FS|2026-08-07 @ Arizona Diamondbacks: 2 FS|2026-08-05 @ Chicago Cubs: 3 FS|2026-08-04 @ Chicago Cubs: 5 FS|2026-08-03 @ Chicago Cubs: 3 FS|2026-08-02 vs Boston Red Sox: 3 FS|2026-08-01 vs Boston Red Sox: 11 FS,2026-08-11 vs Kansas City Royals: 2 FS|2026-08-10 vs Kansas City Royals: 13 FS|2026-08-09 @ Arizona Diamondbacks: 5 FS|2026-08-08 @ Arizona Diamondbacks: 0 FS|2026-08-07 @ Arizona Diamondbacks: 2 FS|2026-08-05 @ Chicago Cubs: 3 FS|2026-08-04 @ Chicago Cubs: 5 FS|2026-08-03 @ Chicago Cubs: 3 FS|2026-08-02 vs Boston Red Sox: 3 FS|2026-08-01 vs Boston Red Sox: 11 FS|2026-07-31 vs Boston Red Sox: 11 FS|2026-07-30 vs Seattle Mariners: 3 FS|2026-07-29 vs Seattle Mariners: 8 FS|2026-07-28 vs Seattle Mariners: 3 FS|2026-07-26 @ New York Mets: 10 FS,15,30,5.8,3.0,Last 30 games + shrinkage,4.29,5.14,0.333,Hot,5.8,1.286,0.3214,0.0,0.0,0.0357,0.0,9.07,7.77,7.89,7.98,7.55,28.0,16.0,20.0,16.0,20.0,6.0,8.0,25.0,75.0,Recent workload,Yes,49.2,37.6,48.9,75.4,1.1391,166,0.08,1.0,1.0,1.0,75.0,337,82.65,24.04,0.59,36.2,0.416,0.9246,1.0,1.0,1.0,1.0185,674,Statcast,1.0582,45,Statcast,337,82.65,12.0,17.08,27.49,15.7,64.1,20.2,1.0,0.9976,0.9912,0.9952,0.9839,0.997,5.55,-0.25,Unknown/neutral,Neutral fallback,1.0,1.0,1.0,1.0,1.0,1.0,Neutral fallback,1.072,3,27.0,0.9415,27.0,0.9977,0.2269,0.0355,0.0006,0.014,0.0739,0.008,0.1735,0.4479,0.2468,0.3053,0.0392,0.0837,0.0064,1.0,Projected,5.29,3.16,8.89,13.66,4.37,0.0,Raw,78.1,78.1,63.7,63.7,61.1,61.1,48.5,48.5,42.2,35.4,35.4,28.3,28.3,24.6,24.6,19.1,19.1,16.2,16.2,13.4,13.4,11.4,11.4,9.0,9.0,7.7,7.7,8.0,8.0,7.5,7.0,6.0,5.0,4.5,4.0,3.5,3.0,2.5,1.0,0.0,0.0,0.0,0.0,0.0,0.0,0.0,0.0,0.0,0.0,0.0,0.0,0.0,0.0,0.0,Low,
108,2026-08-12,Zack Gelof,ATH,TB,TB @ ATH,HOME,3B,7.25,6.08,6.08,3.15,7.05,6.67,7.0,6.67,0.953,5.6,5.7,8.13,0|5|23|0|0,0|5|23|0|0|3|5|7|0|14,0|5|23|0|0|3|5|7|0|14|11|7|14|26|7,70.9,70.9,56.7,56.2,53.1,52.1,41.5,41.0,37.7,32.1,31.6,26.2,25.2,22.9,22.9,20.1,20.1,19.1,19.1,17.7,17.7,17.0,17.0,13.1,13.1,12.8,12.8,172.74,B,MORE 3.0 | 70.9% | Edge +3.1,MORE,3.0,70.9,3.08,41.8,Strong,3,Today Posted,3.0,2.0,2,2-9,50.0,100.0,4.65,Likely regular,11,1.0,Drew Rasmussen,R,2.71,0.91,0.1866,0.0243,0.0467,3.69,1.14,0.2078,0.0333,Sutter Health Park,1.0,1.03,83.2,4.8,236.0,0.0,warm,256,236,0.275,0.327,0.487,0.814,188,0.806,65,12,1,12,44,31,14,4,8,2026-08-12 vs Tampa Bay Rays: 0 FS|2026-08-11 vs Tampa Bay Rays: 5 FS|2026-08-10 vs Tampa Bay Rays: 23 FS|2026-07-09 @ Detroit Tigers: 0 FS|2026-07-08 @ Detroit Tigers: 0 FS,2026-08-12 vs Tampa Bay Rays: 0 FS|2026-08-11 vs Tampa Bay Rays: 5 FS|2026-08-10 vs Tampa Bay Rays: 23 FS|2026-07-09 @ Detroit Tigers: 0 FS|2026-07-08 @ Detroit Tigers: 0 FS|2026-07-07 @ Detroit Tigers: 3 FS|2026-07-05 vs Miami Marlins: 5 FS|2026-07-04 vs Miami Marlins: 7 FS|2026-06-23 @ San Francisco Giants: 0 FS|2026-06-21 vs Los Angeles Angels: 14 FS,2026-08-12 vs Tampa Bay Rays: 0 FS|2026-08-11 vs Tampa Bay Rays: 5 FS|2026-08-10 vs Tampa Bay Rays: 23 FS|2026-07-09 @ Detroit Tigers: 0 FS|2026-07-08 @ Detroit Tigers: 0 FS|2026-07-07 @ Detroit Tigers: 3 FS|2026-07-05 vs Miami Marlins: 5 FS|2026-07-04 vs Miami Marlins: 7 FS|2026-06-23 @ San Francisco Giants: 0 FS|2026-06-21 vs Los Angeles Angels: 14 FS|2026-06-19 vs Los Angeles Angels: 11 FS|2026-06-18 vs Los Angeles Angels: 7 FS|2026-06-17 vs Pittsburgh Pirates: 14 FS|2026-06-16 vs Pittsburgh Pirates: 26 FS|2026-06-15 vs Pittsburgh Pirates: 7 FS,15,30,8.73,7.0,Last 30 games + shrinkage,5.14,8.21,0.277,Neutral,8.73,2.212,0.25,0.1154,0.0577,0.0577,0.0192,8.01,8.25,7.85,7.02,6.64,28.0,16.0,20.0,16.0,20.0,6.0,19.52,57.4,42.6,Recent workload,No,31.1,22.5,52.5,42.1,0.9991,33,0.17,1.0,1.0,1.0,75.0,80,82.08,26.25,2.5,27.5,0.389,0.9191,1.0,1.0,1.0,1.058,183,Statcast,1.0814,52,Statcast,80,82.08,12.0,18.6,35.0,22.5,62.5,15.0,1.023,0.9967,1.0106,0.9934,1.0005,0.984,7.4,-1.34,Unknown/neutral,Neutral fallback,1.0,1.0,1.0,1.0,1.0,1.0,Neutral fallback,1.072,3,27.0,1.3,27.0,1.0,0.1127,0.0448,0.0009,0.0383,0.0434,0.015,0.2537,0.4048,0.2857,0.3095,0.094,0.1262,0.0101,1.0,Yes,6.67,0.29,8.86,15.53,4.37,0.0,Raw,62.9,62.9,49.2,49.2,47.1,47.1,37.0,37.0,34.2,29.1,29.1,25.2,25.2,22.9,22.9,20.1,20.1,19.1,19.1,17.7,17.7,17.0,17.0,13.1,13.1,12.8,12.8,8.0,8.0,7.5,7.0,6.0,5.0,4.5,4.0,3.5,3.0,2.5,1.0,0.0,0.0,0.0,0.0,0.0,0.0,0.0,0.0,0.0,0.0,0.0,0.0,0.0,0.0,0.0,Low,
109,2026-08-12,Bryce Eldridge,SF,HOU,HOU @ SF,HOME,DH,7.55,6.39,6.39,5.11,5.74,5.84,6.35,5.84,0.919,5.2,4.9,5.4,0|14|7|5|0,0|14|7|5|0|2|3|7|5|6,0|14|7|5|0|2|3|7|5|6|0|6|8|16|2,77.3,77.3,66.6,66.1,58.9,57.9,46.6,46.1,41.4,33.0,32.5,27.0,26.0,22.2,22.2,19.2,19.2,17.5,17.5,15.6,14.6,14.6,11.6,11.6,10.9,10.9,8.5,172.44,B,MORE 4.5 | 58.9% | Edge +1.9,MORE,4.5,58.9,1.89,17.8,Playable,3,Today Posted,3.0,1.0,6,3-3-1-1-1-1,66.7,100.0,4.84,Regular,12,1.04,Bryan King,L,3.78,1.38,0.2273,0.0318,0.0864,4.57,1.36,0.2057,0.0354,Oracle Park,0.94,1.0,67.0,8.0,243.0,0.0,neutral,315,275,0.247,0.34,0.433,0.773,84,0.724,68,15,0,12,38,29,39,0,1,2026-08-12 vs Houston Astros: 0 FS|2026-08-11 vs Houston Astros: 14 FS|2026-08-10 vs Houston Astros: 7 FS|2026-08-09 vs Detroit Tigers: 5 FS|2026-08-08 vs Detroit Tigers: 0 FS,2026-08-12 vs Houston Astros: 0 FS|2026-08-11 vs Houston Astros: 14 FS|2026-08-10 vs Houston Astros: 7 FS|2026-08-09 vs Detroit Tigers: 5 FS|2026-08-08 vs Detroit Tigers: 0 FS|2026-08-07 vs Detroit Tigers: 2 FS|2026-08-05 @ Texas Rangers: 3 FS|2026-08-04 @ Texas Rangers: 7 FS|2026-08-02 @ San Diego Padres: 5 FS|2026-08-01 @ San Diego Padres: 6 FS,2026-08-12 vs Houston Astros: 0 FS|2026-08-11 vs Houston Astros: 14 FS|2026-08-10 vs Houston Astros: 7 FS|2026-08-09 vs Detroit Tigers: 5 FS|2026-08-08 vs Detroit Tigers: 0 FS|2026-08-07 vs Detroit Tigers: 2 FS|2026-08-05 @ Texas Rangers: 3 FS|2026-08-04 @ Texas Rangers: 7 FS|2026-08-02 @ San Diego Padres: 5 FS|2026-08-01 @ San Diego Padres: 6 FS|2026-07-31 @ San Diego Padres: 0 FS|2026-07-30 @ San Diego Padres: 6 FS|2026-07-29 vs Milwaukee Brewers: 8 FS|2026-07-28 vs Milwaukee Brewers: 16 FS|2026-07-27 vs Milwaukee Brewers: 2 FS,15,30,6.27,5.0,Last 30 games + shrinkage,4.43,5.64,0.212,Neutral,6.27,1.436,0.2,0.0545,0.0364,0.0545,0.0,8.6,8.16,8.14,7.99,8.04,28.0,16.0,20.0,16.0,20.0,6.0,8.0,25.0,75.0,Recent workload,Yes,49.5,37.8,33.1,68.4,1.15,133,-1.03,1.0,1.0,1.0,75.0,238,84.05,28.15,2.52,26.47,0.411,0.9653,1.0,1.0,1.0,1.0708,500,Statcast,0.9645,19,Statcast,238,84.05,12.0,14.37,34.33,16.4,61.8,21.9,1.0024,1.0002,1.0432,1.2305,0.8832,0.9892,5.37,-0.9,Unknown/neutral,Neutral fallback,1.0,1.0,1.0,1.0,1.0,1.0,Neutral fallback,1.072,3,27.0,0.8625,27.0,0.9936,0.1259,0.044,0.0014,0.0283,0.1247,0.0025,0.2479,0.469,0.3364,0.1946,0.0859,0.1114,0.0039,1.0,Yes,5.84,2.35,8.79,15.22,4.25,0.0,Raw,69.3,69.3,59.1,59.1,52.9,52.9,42.1,42.1,37.9,30.0,30.0,26.0,26.0,22.2,22.2,19.2,19.2,17.5,17.5,15.6,14.6,14.6,11.6,11.6,10.9,10.9,8.5,8.0,8.0,7.5,7.0,6.0,5.0,4.5,4.0,3.5,3.0,2.5,1.0,0.0,0.0,0.0,0.0,0.0,0.0,0.0,0.0,0.0,0.0,0.0,0.0,0.0,0.0,0.0,Low,
110,2026-08-12,Rafael Devers,SF,HOU,HOU @ SF,HOME,1B,7.31,6.14,6.14,3.45,8.04,7.34,6.4,7.13,1.147,3.2,5.8,6.0,2|6|2|6|0,2|6|2|6|0|16|6|2|0|18,2|6|2|6|0|16|6|2|0|18|10|2|13|4|3,63.9,63.9,57.1,56.6,55.6,44.2,43.7,39.0,38.5,30.8,30.3,28.8,24.3,24.3,21.0,21.0,18.4,18.4,16.9,16.9,16.9,15.3,15.3,14.5,14.5,11.6,11.6,171.77,B,MORE 3.0 | 63.9% | Edge +3.1,MORE,3.0,63.9,3.14,27.8,Good,4,Today Posted,4.0,4.0,7,4-4-4-4-4-4-4,100.0,100.0,4.82,Regular,13,1.04,Bryan King,L,3.78,1.38,0.2273,0.0318,0.0864,4.57,1.36,0.2057,0.0354,Oracle Park,0.94,1.0,67.0,8.0,243.0,0.0,neutral,508,451,0.246,0.323,0.47,0.793,164,0.543,111,27,1,24,62,64,52,1,0,2026-08-12 vs Houston Astros: 2 FS|2026-08-11 vs Houston Astros: 6 FS|2026-08-10 vs Houston Astros: 2 FS|2026-08-09 vs Detroit Tigers: 6 FS|2026-08-08 vs Detroit Tigers: 0 FS,2026-08-12 vs Houston Astros: 2 FS|2026-08-11 vs Houston Astros: 6 FS|2026-08-10 vs Houston Astros: 2 FS|2026-08-09 vs Detroit Tigers: 6 FS|2026-08-08 vs Detroit Tigers: 0 FS|2026-08-07 vs Detroit Tigers: 16 FS|2026-08-05 @ Texas Rangers: 6 FS|2026-08-04 @ Texas Rangers: 2 FS|2026-08-03 @ Texas Rangers: 0 FS|2026-08-02 @ San Diego Padres: 18 FS,2026-08-12 vs Houston Astros: 2 FS|2026-08-11 vs Houston Astros: 6 FS|2026-08-10 vs Houston Astros: 2 FS|2026-08-09 vs Detroit Tigers: 6 FS|2026-08-08 vs Detroit Tigers: 0 FS|2026-08-07 vs Detroit Tigers: 16 FS|2026-08-05 @ Texas Rangers: 6 FS|2026-08-04 @ Texas Rangers: 2 FS|2026-08-03 @ Texas Rangers: 0 FS|2026-08-02 @ San Diego Padres: 18 FS|2026-08-01 @ San Diego Padres: 10 FS|2026-07-31 @ San Diego Padres: 2 FS|2026-07-30 @ San Diego Padres: 13 FS|2026-07-29 vs Milwaukee Brewers: 4 FS|2026-07-28 vs Milwaukee Brewers: 3 FS,15,30,7.57,4.0,Last 30 games + shrinkage,5.43,6.21,0.25,Neutral,7.57,1.611,0.2037,0.037,0.037,0.1667,0.0,9.07,9.21,8.6,8.6,7.11,28.0,16.0,20.0,16.0,20.0,6.0,8.0,25.0,75.0,Recent workload,Yes,50.0,38.2,49.1,71.6,1.1324,148,-1.03,1.0,1.0,1.0,75.0,278,85.92,30.58,1.8,30.22,0.427,1.0013,1.0,1.0,1.0,1.0278,615,Statcast,0.88,29,Statcast,278,85.92,12.0,20.5,32.08,14.8,63.3,21.9,1.0027,1.0079,1.073,1.2494,0.9288,0.9814,6.02,-1.55,Unknown/neutral,Neutral fallback,1.0,1.0,1.0,1.0,1.0,1.0,Neutral fallback,1.072,3,27.0,0.8625,27.0,0.9832,0.1217,0.027,0.001,0.0325,0.1356,0.0048,0.2473,0.4242,0.3865,0.1893,0.0734,0.1278,0.0004,1.0,Yes,7.13,1.16,8.04,17.21,4.17,0.0,Raw,55.9,55.9,49.6,49.6,49.6,39.2,39.2,35.0,35.0,27.8,27.8,27.8,24.3,24.3,21.0,21.0,18.4,18.4,16.9,16.9,16.9,15.3,15.3,14.5,14.5,11.6,11.6,8.0,8.0,7.5,7.0,6.0,5.0,4.5,4.0,3.5,3.0,2.5,1.0,0.0,0.0,0.0,0.0,0.0,0.0,0.0,0.0,0.0,0.0,0.0,0.0,0.0,0.0,0.0,Low,
111,2026-08-12,Bo Bichette,NYM,ATL,NYM @ ATL,AWAY,3B,6.7,6.07,6.07,5.02,4.88,5.33,5.44,5.33,0.98,9.8,8.6,7.13,2|11|33|0|3,2|11|33|0|3|12|5|17|0|3,2|11|33|0|3|12|5|17|0|3|0|10|0|0|11,82.5,82.5,66.7,66.2,62.8,61.8,48.3,47.8,42.1,35.0,34.5,26.4,25.4,21.8,21.8,16.8,16.8,14.3,14.3,11.5,11.5,9.7,9.7,7.7,7.7,6.5,6.5,171.63,B-,MORE 5.0 | 61.8% | Edge +1.1,MORE,5.0,61.8,1.07,23.6,Playable,3,Today Posted,3.0,3.0,7,3-3-3-3-3-2-3,85.7,100.0,4.92,Regular,13,1.04,Tyler Mahle,R,4.83,1.36,0.2295,0.0328,0.0913,3.61,1.24,0.2027,0.0302,Truist Park,1.01,1.055,90.4,8.6,279.0,5.0,hot,520,477,0.262,0.31,0.375,0.685,385,0.649,125,19,1,11,58,60,34,2,1,2026-08-11 @ Atlanta Braves: 2 FS|2026-08-10 @ Atlanta Braves: 11 FS|2026-08-09 @ Pittsburgh Pirates: 33 FS|2026-08-08 @ Pittsburgh Pirates: 0 FS|2026-08-07 @ Pittsburgh Pirates: 3 FS,2026-08-11 @ Atlanta Braves: 2 FS|2026-08-10 @ Atlanta Braves: 11 FS|2026-08-09 @ Pittsburgh Pirates: 33 FS|2026-08-08 @ Pittsburgh Pirates: 0 FS|2026-08-07 @ Pittsburgh Pirates: 3 FS|2026-08-06 @ Cleveland Guardians: 12 FS|2026-08-05 @ Cleveland Guardians: 5 FS|2026-08-04 @ Cleveland Guardians: 17 FS|2026-08-02 vs Miami Marlins: 0 FS|2026-08-01 vs Miami Marlins: 3 FS,2026-08-11 @ Atlanta Braves: 2 FS|2026-08-10 @ Atlanta Braves: 11 FS|2026-08-09 @ Pittsburgh Pirates: 33 FS|2026-08-08 @ Pittsburgh Pirates: 0 FS|2026-08-07 @ Pittsburgh Pirates: 3 FS|2026-08-06 @ Cleveland Guardians: 12 FS|2026-08-05 @ Cleveland Guardians: 5 FS|2026-08-04 @ Cleveland Guardians: 17 FS|2026-08-02 vs Miami Marlins: 0 FS|2026-08-01 vs Miami Marlins: 3 FS|2026-07-31 vs Miami Marlins: 0 FS|2026-07-30 vs Miami Marlins: 10 FS|2026-07-29 vs Atlanta Braves: 0 FS|2026-07-29 vs Atlanta Braves: 0 FS|2026-07-27 vs Atlanta Braves: 11 FS,15,30,5.9,3.0,Last 30 games + shrinkage,9.43,6.86,0.268,Neutral,5.9,1.574,0.2459,0.082,0.0164,0.082,0.0,8.44,8.1,8.75,9.41,7.25,28.0,16.0,20.0,16.0,20.0,6.0,22.51,66.2,33.8,Recent workload,No,51.2,39.4,69.4,74.6,1.15,102,-0.76,1.0,1.0,1.0,75.0,323,80.85,19.2,0.62,42.11,0.354,0.8416,1.0,1.0,1.0,1.0125,392,Statcast,1.029,73,Statcast,323,80.85,12.0,16.52,29.22,13.0,67.2,19.8,1.0126,0.9925,0.9847,0.985,0.9619,1.0233,7.84,1.94,Unknown/neutral,Neutral fallback,1.0,1.0,1.0,1.0,1.0,1.0,Neutral fallback,1.072,3,27.0,0.8625,27.0,1.0,0.2107,0.0345,0.0017,0.0111,0.0722,0.0036,0.1994,0.4591,0.2202,0.3207,0.0314,0.1093,0.0001,1.0,Yes,5.33,2.08,8.94,12.86,4.37,0.0,Raw,74.5,74.5,59.2,59.2,56.8,56.8,43.8,43.8,38.6,32.0,32.0,25.4,25.4,21.8,21.8,16.8,16.8,14.3,14.3,11.5,11.5,9.7,9.7,7.7,7.7,6.5,6.5,8.0,8.0,7.5,7.0,6.0,5.0,4.5,4.0,3.5,3.0,2.5,1.0,0.0,0.0,0.0,0.0,0.0,0.0,0.0,0.0,0.0,0.0,0.0,0.0,0.0,0.0,0.0,Low,
112,2026-08-12,Cedric Mullins,TB,ATH,TB @ ATH,AWAY,CF,6.29,6.35,6.35,4.27,6.28,6.18,7.0,6.18,0.883,7.4,6.3,5.93,12|0|2|11|12,12|0|2|11|12|0|5|21|0|0,12|0|2|11|12|0|5|21|0|0|5|14|0|5|2,82.4,70.8,61.5,61.0,54.0,53.0,43.3,42.8,39.5,33.2,32.7,28.5,27.5,24.3,24.3,21.8,20.3,20.3,18.3,18.3,17.2,17.2,13.1,12.7,12.7,10.0,10.0,171.58,B-,MORE 4.0 | 61.0% | Edge +2.3,MORE,4.0,61.0,2.35,22.0,Playable,7,Today Posted,7.0,7.0,5,7-7-6-6-7,60.0,100.0,4.03,Likely regular,10,1.0,Jack Perkins,R,7.0,1.49,0.2384,0.0411,0.0877,5.49,1.5,0.2358,0.0399,Sutter Health Park,1.0,1.03,83.2,4.8,236.0,0.0,warm,395,345,0.209,0.287,0.359,0.646,295,0.681,72,9,2,13,46,37,32,7,18,2026-08-12 @ Athletics: 12 FS|2026-08-11 @ Athletics: 0 FS|2026-08-10 @ Athletics: 2 FS|2026-08-09 @ Seattle Mariners: 11 FS|2026-08-08 @ Seattle Mariners: 12 FS,2026-08-12 @ Athletics: 12 FS|2026-08-11 @ Athletics: 0 FS|2026-08-10 @ Athletics: 2 FS|2026-08-09 @ Seattle Mariners: 11 FS|2026-08-08 @ Seattle Mariners: 12 FS|2026-08-05 @ Colorado Rockies: 0 FS|2026-08-04 @ Colorado Rockies: 5 FS|2026-08-03 @ Colorado Rockies: 21 FS|2026-08-02 vs Chicago White Sox: 0 FS|2026-08-01 vs Chicago White Sox: 0 FS,2026-08-12 @ Athletics: 12 FS|2026-08-11 @ Athletics: 0 FS|2026-08-10 @ Athletics: 2 FS|2026-08-09 @ Seattle Mariners: 11 FS|2026-08-08 @ Seattle Mariners: 12 FS|2026-08-05 @ Colorado Rockies: 0 FS|2026-08-04 @ Colorado Rockies: 5 FS|2026-08-03 @ Colorado Rockies: 21 FS|2026-08-02 vs Chicago White Sox: 0 FS|2026-08-01 vs Chicago White Sox: 0 FS|2026-07-31 vs Chicago White Sox: 5 FS|2026-07-30 vs Texas Rangers: 14 FS|2026-07-28 vs Texas Rangers: 0 FS|2026-07-26 vs Cleveland Guardians: 5 FS|2026-07-25 vs Cleveland Guardians: 2 FS,15,30,6.17,5.0,Last 30 games + shrinkage,6.0,6.21,0.263,Neutral,6.17,1.977,0.2273,0.0909,0.0227,0.0682,0.0455,7.31,7.35,7.65,7.54,6.3,28.0,16.0,20.0,16.0,20.0,6.0,18.37,54.0,46.0,Recent workload,No,44.9,33.7,63.4,66.9,0.9978,136,1.55,1.0,1.0,1.0,75.0,222,81.31,18.92,0.45,23.42,0.272,0.82,1.0,1.0,1.0,0.9364,476,Statcast,0.9812,63,Statcast,222,81.31,12.0,23.61,35.0,8.6,67.1,24.3,1.023,0.9968,1.0108,0.9935,1.0009,1.0051,6.59,0.42,Unknown/neutral,Neutral fallback,1.0,1.0,1.0,1.0,1.0,1.0,Neutral fallback,1.072,3,27.0,1.3,27.0,1.0,0.1061,0.0318,0.0053,0.0391,0.0922,0.0176,0.2147,0.4286,0.3296,0.2418,0.0652,0.093,0.0228,1.0,Yes,6.18,0.74,8.69,15.76,4.02,0.0,Raw,74.4,62.8,54.0,54.0,48.0,48.0,38.8,38.8,36.0,30.2,30.2,27.5,27.5,24.3,24.3,21.8,20.3,20.3,18.3,18.3,17.2,17.2,13.1,12.7,12.7,10.0,10.0,8.0,8.0,7.5,7.0,6.0,5.0,4.5,4.0,3.5,3.0,2.5,1.0,0.0,0.0,0.0,0.0,0.0,0.0,0.0,0.0,0.0,0.0,0.0,0.0,0.0,0.0,0.0,Low,
113,2026-08-12,Braden Montgomery,CWS,CIN,CIN @ CWS,HOME,RF,7.32,6.03,6.03,4.84,6.23,6.15,5.78,6.06,1.064,9.0,5.2,5.53,0|4|11|19|11,0|4|11|19|11|0|4|3|0|0,0|4|11|19|11|0|4|3|0|0|2|10|12|4|3,76.8,67.1,66.6,59.1,58.1,46.3,45.8,40.8,40.3,32.1,31.6,30.1,24.9,24.9,20.5,20.5,17.0,17.0,15.1,15.1,12.6,12.6,11.3,11.3,9.3,9.3,8.3,171.29,B-,MORE 4.5 | 58.1% | Edge +1.5,MORE,4.5,58.1,1.53,16.2,Playable,4,Today Posted,4.0,5.0,7,5-5-6-7-8-6-8,28.6,100.0,4.73,Regular,14,1.04,Rhett Lowder,R,5.26,1.48,0.2325,0.0275,0.0975,4.47,1.4,0.2127,0.0324,Rate Field,1.0,1.0,,,,,Weather unavailable,208,183,0.23,0.317,0.372,0.689,148,0.735,42,10,2,4,27,24,21,3,1,2026-08-11 vs Cincinnati Reds: 0 FS|2026-08-09 vs Cleveland Guardians: 4 FS|2026-08-08 vs Cleveland Guardians: 11 FS|2026-08-07 vs Cleveland Guardians: 19 FS|2026-08-06 @ Boston Red Sox: 11 FS,2026-08-11 vs Cincinnati Reds: 0 FS|2026-08-09 vs Cleveland Guardians: 4 FS|2026-08-08 vs Cleveland Guardians: 11 FS|2026-08-07 vs Cleveland Guardians: 19 FS|2026-08-06 @ Boston Red Sox: 11 FS|2026-08-05 @ Boston Red Sox: 0 FS|2026-08-04 @ Boston Red Sox: 4 FS|2026-08-01 @ Tampa Bay Rays: 3 FS|2026-07-31 @ Tampa Bay Rays: 0 FS|2026-07-30 vs New York Yankees: 0 FS,2026-08-11 vs Cincinnati Reds: 0 FS|2026-08-09 vs Cleveland Guardians: 4 FS|2026-08-08 vs Cleveland Guardians: 11 FS|2026-08-07 vs Cleveland Guardians: 19 FS|2026-08-06 @ Boston Red Sox: 11 FS|2026-08-05 @ Boston Red Sox: 0 FS|2026-08-04 @ Boston Red Sox: 4 FS|2026-08-01 @ Tampa Bay Rays: 3 FS|2026-07-31 @ Tampa Bay Rays: 0 FS|2026-07-30 vs New York Yankees: 0 FS|2026-07-29 vs New York Yankees: 2 FS|2026-07-28 vs New York Yankees: 10 FS|2026-07-27 vs New York Yankees: 12 FS|2026-07-26 vs Houston Astros: 4 FS|2026-07-25 vs Houston Astros: 3 FS,15,30,6.57,4.0,Last 30 games + shrinkage,7.0,5.71,0.17,Cold,6.57,1.379,0.1379,0.0345,0.0172,0.1552,0.0,8.03,7.92,7.67,8.21,7.61,28.0,16.0,20.0,16.0,20.0,6.0,18.39,54.1,45.9,Recent workload,No,49.0,37.4,46.5,68.8,0.9899,133,2.55,1.0,1.0,1.0,75.0,243,82.25,23.87,1.23,29.22,0.327,0.8573,1.0,1.0,1.0,0.9821,577,Statcast,1.0026,61,Statcast,243,82.25,12.0,11.93,32.54,13.6,66.7,19.8,1.0,0.9943,0.9791,0.9886,0.962,0.9962,6.25,-0.32,Unknown/neutral,Neutral fallback,1.0,1.0,1.0,1.0,1.0,1.0,Neutral fallback,1.072,3,27.0,1.0274,27.0,0.9921,0.1312,0.0312,0.0085,0.015,0.1229,0.0204,0.2136,0.626,0.2033,0.1707,0.0762,0.1606,0.0036,1.0,Yes,6.06,1.65,8.04,14.42,4.26,0.0,Raw,68.8,59.1,59.1,52.1,52.1,41.3,41.3,36.8,36.8,29.1,29.1,29.1,24.9,24.9,20.5,20.5,17.0,17.0,15.1,15.1,12.6,12.6,11.3,11.3,9.3,9.3,8.3,8.0,8.0,7.5,7.0,6.0,5.0,4.5,4.0,3.5,3.0,2.5,1.0,0.0,0.0,0.0,0.0,0.0,0.0,0.0,0.0,0.0,0.0,0.0,0.0,0.0,0.0,0.0,Low,
114,2026-08-12,Jung Hoo Lee,SF,HOU,HOU @ SF,HOME,RF,7.07,5.64,5.64,3.55,6.86,6.55,5.82,6.32,1.126,3.4,8.9,8.13,0|0|17|0|0,0|0|17|0|0|11|3|5|38|15,0|0|17|0|0|11|3|5|38|15|5|0|9|16|3,60.9,60.9,60.4,56.5,55.5,42.9,42.4,38.3,37.8,30.8,30.3,28.8,22.7,22.7,20.1,20.1,16.5,16.5,14.8,14.8,14.8,12.7,12.7,11.3,11.3,8.6,8.6,170.73,B-,MORE 3.5 | 60.4% | Edge +2.1,MORE,3.5,60.4,2.14,20.8,Playable,1,Today Posted,1.0,2.0,7,1-1-2-2-2-2-2,71.4,100.0,5.13,Regular,13,1.04,Bryan King,L,3.78,1.38,0.2273,0.0318,0.0864,4.57,1.36,0.2057,0.0354,Oracle Park,0.94,1.0,67.0,8.0,243.0,0.0,neutral,447,419,0.296,0.331,0.442,0.773,127,0.71,124,26,4,9,57,46,18,6,8,2026-08-12 vs Houston Astros: 0 FS|2026-08-11 vs Houston Astros: 0 FS|2026-08-10 vs Houston Astros: 17 FS|2026-08-09 vs Detroit Tigers: 0 FS|2026-08-08 vs Detroit Tigers: 0 FS,2026-08-12 vs Houston Astros: 0 FS|2026-08-11 vs Houston Astros: 0 FS|2026-08-10 vs Houston Astros: 17 FS|2026-08-09 vs Detroit Tigers: 0 FS|2026-08-08 vs Detroit Tigers: 0 FS|2026-08-07 vs Detroit Tigers: 11 FS|2026-08-05 @ Texas Rangers: 3 FS|2026-08-04 @ Texas Rangers: 5 FS|2026-08-03 @ Texas Rangers: 38 FS|2026-08-02 @ San Diego Padres: 15 FS,2026-08-12 vs Houston Astros: 0 FS|2026-08-11 vs Houston Astros: 0 FS|2026-08-10 vs Houston Astros: 17 FS|2026-08-09 vs Detroit Tigers: 0 FS|2026-08-08 vs Detroit Tigers: 0 FS|2026-08-07 vs Detroit Tigers: 11 FS|2026-08-05 @ Texas Rangers: 3 FS|2026-08-04 @ Texas Rangers: 5 FS|2026-08-03 @ Texas Rangers: 38 FS|2026-08-02 @ San Diego Padres: 15 FS|2026-08-01 @ San Diego Padres: 5 FS|2026-07-31 @ San Diego Padres: 0 FS|2026-07-30 @ San Diego Padres: 9 FS|2026-07-29 vs Milwaukee Brewers: 16 FS|2026-07-28 vs Milwaukee Brewers: 3 FS,15,30,6.73,4.0,Last 30 games + shrinkage,4.43,8.5,0.259,Neutral,6.73,2.017,0.2373,0.1186,0.0508,0.0508,0.0339,8.18,7.78,8.35,7.54,7.1,28.0,16.0,20.0,16.0,20.0,6.0,8.0,25.0,75.0,Recent workload,Yes,49.4,37.7,42.8,71.4,0.9712,123,-1.03,1.0,1.0,1.0,75.0,275,81.49,18.91,1.09,31.27,0.292,0.82,1.0,1.0,1.0,0.992,442,Statcast,0.88,15,Statcast,275,81.49,12.0,14.96,28.83,13.1,62.2,24.7,1.0024,0.9935,1.0178,1.2141,0.8441,1.0019,6.89,0.16,Unknown/neutral,Neutral fallback,1.0,1.0,1.0,1.0,1.0,1.0,Neutral fallback,1.072,3,27.0,1.1372,27.0,0.9646,0.1303,0.0386,0.0103,0.0159,0.0509,0.0215,0.1464,0.5033,0.2418,0.2549,0.0739,0.0988,0.0127,1.0,Yes,6.32,0.0,8.06,14.82,4.44,0.0,Raw,52.9,52.9,52.9,49.5,49.5,37.9,37.9,34.3,34.3,27.8,27.8,27.8,22.7,22.7,20.1,20.1,16.5,16.5,14.8,14.8,14.8,12.7,12.7,11.3,11.3,8.6,8.6,8.0,8.0,7.5,7.0,6.0,5.0,4.5,4.0,3.5,3.0,2.5,1.0,0.0,0.0,0.0,0.0,0.0,0.0,0.0,0.0,0.0,0.0,0.0,0.0,0.0,0.0,0.0,Pass,
115,2026-08-12,Colt Keith,DET,CLE,CLE @ DET,HOME,3B,7.23,6.49,6.49,4.84,6.89,6.57,6.26,6.48,1.049,4.6,5.3,7.13,0|0|6|0|17,0|0|6|0|17|0|22|0|8|0,0|0|6|0|17|0|22|0|8|0|8|21|10|7|8,79.1,66.4,65.9,62.6,61.6,48.8,48.3,44.6,44.1,36.5,36.0,29.6,28.6,28.6,25.6,25.6,20.8,20.8,18.9,18.9,16.2,16.2,14.7,14.7,11.6,11.6,10.3,170.52,B-,MORE 4.5 | 61.6% | Edge +2.0,MORE,4.5,61.6,1.99,23.2,Playable,5,Last 7 Confirmed,,5.0,7,5-5-5-5-5-5-5,100.0,97.0,4.35,Likely regular,11,1.0,Foster Griffin,L,3.31,1.11,0.2128,0.0385,0.0587,3.85,1.27,0.213,0.0304,Comerica Park,0.97,1.04,81.9,12.2,239.0,10.0,"warm, light wind",343,316,0.266,0.318,0.411,0.729,24,0.297,84,14,4,8,42,31,22,3,5,2026-08-11 vs Cleveland Guardians: 0 FS|2026-08-09 @ San Francisco Giants: 0 FS|2026-08-08 @ San Francisco Giants: 6 FS|2026-08-07 @ San Francisco Giants: 0 FS|2026-08-06 @ Seattle Mariners: 17 FS,2026-08-11 vs Cleveland Guardians: 0 FS|2026-08-09 @ San Francisco Giants: 0 FS|2026-08-08 @ San Francisco Giants: 6 FS|2026-08-07 @ San Francisco Giants: 0 FS|2026-08-06 @ Seattle Mariners: 17 FS|2026-08-05 @ Seattle Mariners: 0 FS|2026-08-04 @ Seattle Mariners: 22 FS|2026-08-02 @ Athletics: 0 FS|2026-08-01 @ Athletics: 8 FS|2026-07-31 @ Athletics: 0 FS,2026-08-11 vs Cleveland Guardians: 0 FS|2026-08-09 @ San Francisco Giants: 0 FS|2026-08-08 @ San Francisco Giants: 6 FS|2026-08-07 @ San Francisco Giants: 0 FS|2026-08-06 @ Seattle Mariners: 17 FS|2026-08-05 @ Seattle Mariners: 0 FS|2026-08-04 @ Seattle Mariners: 22 FS|2026-08-02 @ Athletics: 0 FS|2026-08-01 @ Athletics: 8 FS|2026-07-31 @ Athletics: 0 FS|2026-07-29 vs Baltimore Orioles: 8 FS|2026-07-28 vs Baltimore Orioles: 21 FS|2026-07-27 vs Baltimore Orioles: 10 FS|2026-07-26 vs Kansas City Royals: 7 FS|2026-07-25 vs Kansas City Royals: 8 FS,15,30,5.93,3.5,Last 30 games + shrinkage,6.43,7.07,0.35,Hot,5.93,2.106,0.2979,0.1064,0.0,0.1489,0.0213,7.53,8.03,7.98,7.62,7.09,28.0,16.0,20.0,16.0,20.0,6.0,24.7,72.6,27.4,Recent workload,No,42.3,31.3,12.4,63.5,1.15,58,-1.46,1.0,1.0,1.0,75.0,191,83.65,24.61,2.09,35.08,0.405,0.9416,1.0,1.0,1.0,1.0725,375,Statcast,1.0,2,Fallback,191,83.65,12.0,17.53,32.74,15.2,61.8,23.0,1.0296,1.0105,1.1037,1.1812,0.9607,0.9949,5.51,-0.42,Unknown/neutral,Neutral fallback,1.0,1.0,1.0,1.0,1.0,1.0,Neutral fallback,1.072,3,27.0,1.0303,27.0,1.0,0.1609,0.0503,0.0118,0.021,0.0618,0.0088,0.2032,0.41,0.2899,0.3,0.097,0.112,0.0129,1.0,Projected,6.48,1.69,10.08,16.38,4.08,0.0,Raw,71.1,58.4,58.4,55.6,55.6,43.8,43.8,40.6,40.6,33.5,33.5,28.6,28.6,28.6,25.6,25.6,20.8,20.8,18.9,18.9,16.2,16.2,14.7,14.7,11.6,11.6,10.3,8.0,8.0,7.5,7.0,6.0,5.0,4.5,4.0,3.5,3.0,2.5,1.0,0.0,0.0,0.0,0.0,0.0,0.0,0.0,0.0,0.0,0.0,0.0,0.0,0.0,0.0,0.0,Low,
116,2026-08-12,Victor Bericoto,SF,HOU,HOU @ SF,HOME,LF,7.37,6.14,6.14,5.03,6.7,6.42,6.61,6.42,0.971,4.8,6.6,6.93,0|0|0|5|19,0|0|0|5|19|10|0|19|10|3,0|0|0|5|19|10|0|19|10|3|5|16|17|0|0,74.0,74.0,60.6,60.1,56.6,55.6,44.1,43.6,40.1,33.1,32.6,26.9,25.9,22.9,22.9,19.4,19.4,18.1,18.1,16.2,16.2,15.2,15.2,11.7,11.7,10.9,10.9,170.34,B-,MORE 4.0 | 60.1% | Edge +2.1,MORE,4.0,60.1,2.14,20.2,Playable,5,Today Posted,5.0,5.0,1,5,100.0,100.0,4.4,Regular,12,1.04,Bryan King,L,3.78,1.38,0.2273,0.0318,0.0864,4.57,1.36,0.2057,0.0354,Oracle Park,0.94,1.0,67.0,8.0,243.0,0.0,neutral,63,62,0.274,0.286,0.516,0.802,30,0.8,17,3,0,4,7,9,1,0,1,2026-08-12 vs Houston Astros: 0 FS|2026-08-11 vs Houston Astros: 0 FS|2026-07-09 vs Colorado Rockies: 0 FS|2026-07-07 vs Toronto Blue Jays: 5 FS|2026-07-06 vs Toronto Blue Jays: 19 FS,2026-08-12 vs Houston Astros: 0 FS|2026-08-11 vs Houston Astros: 0 FS|2026-07-09 vs Colorado Rockies: 0 FS|2026-07-07 vs Toronto Blue Jays: 5 FS|2026-07-06 vs Toronto Blue Jays: 19 FS|2026-07-04 @ Colorado Rockies: 10 FS|2026-07-03 @ Colorado Rockies: 0 FS|2026-07-01 @ Arizona Diamondbacks: 19 FS|2026-06-29 @ Arizona Diamondbacks: 10 FS|2026-06-28 vs Atlanta Braves: 3 FS,2026-08-12 vs Houston Astros: 0 FS|2026-08-11 vs Houston Astros: 0 FS|2026-07-09 vs Colorado Rockies: 0 FS|2026-07-07 vs Toronto Blue Jays: 5 FS|2026-07-06 vs Toronto Blue Jays: 19 FS|2026-07-04 @ Colorado Rockies: 10 FS|2026-07-03 @ Colorado Rockies: 0 FS|2026-07-01 @ Arizona Diamondbacks: 19 FS|2026-06-29 @ Arizona Diamondbacks: 10 FS|2026-06-28 vs Atlanta Braves: 3 FS|2026-06-26 vs Atlanta Braves: 5 FS|2026-06-25 vs Athletics: 16 FS|2026-06-24 vs Athletics: 17 FS|2026-06-20 @ Miami Marlins: 0 FS|2026-06-10 vs Washington Nationals: 0 FS,15,26,4.77,0.0,Last 26 games + shrinkage,4.86,7.43,0.311,Hot,4.77,2.261,0.3043,0.1304,0.0652,0.0217,0.0217,7.67,7.79,8.13,7.33,7.24,28.0,16.0,20.0,16.0,20.0,6.0,8.0,25.0,75.0,Recent workload,Yes,21.4,14.9,15.0,38.9,1.0175,19,-1.03,1.0,1.0,1.0,75.0,70,81.15,22.86,4.29,24.29,0.412,0.9292,1.0,1.0,1.0,0.9294,110,Statcast,1.0,3,Fallback,70,81.15,12.0,15.19,34.55,11.4,71.4,17.1,1.0024,0.9927,1.0148,1.2121,0.8394,1.0078,5.42,0.65,Unknown/neutral,Neutral fallback,1.0,1.0,1.0,1.0,1.0,1.0,Neutral fallback,1.072,3,27.0,1.3,27.0,1.0,0.1378,0.051,0.0039,0.0295,0.0581,0.0082,0.2597,0.4546,0.3333,0.2121,0.106,0.1288,0.0155,1.0,Yes,6.42,0.18,8.92,15.72,4.03,0.0,Raw,66.0,66.0,53.1,53.1,50.6,50.6,39.6,39.6,36.6,30.1,30.1,25.9,25.9,22.9,22.9,19.4,19.4,18.1,18.1,16.2,16.2,15.2,15.2,11.7,11.7,10.9,10.9,8.0,8.0,7.5,7.0,6.0,5.0,4.5,4.0,3.5,3.0,2.5,1.0,0.0,0.0,0.0,0.0,0.0,0.0,0.0,0.0,0.0,0.0,0.0,0.0,0.0,0.0,0.0,Low,
117,2026-08-12,Lars Nootbaar,ARI,COL,COL @ ARI,HOME,LF,6.52,6.45,6.45,5.34,3.41,4.56,5.93,4.56,0.769,2.2,3.9,3.87,0|0|4|2|5,0|0|4|2|5|3|9|4|9|3,0|0|4|2|5|3|9|4|9|3|0|4|3|7|5,89.0,89.0,78.8,70.4,69.4,61.2,50.0,49.5,44.9,35.8,35.3,29.5,23.4,23.4,19.6,16.8,16.8,13.8,12.3,12.3,9.6,9.6,8.5,7.0,7.0,6.1,4.9,170.25,B-,MORE 5.0 | 61.2% | Edge +1.5,MORE,5.0,61.2,1.45,22.4,Playable,5,Today Posted,5.0,5.0,6,1-5-5-5-5-1,66.7,100.0,4.52,Regular,12,1.04,Ryan Feltner,R,5.75,1.47,0.2452,0.0496,0.0909,5.49,1.51,0.2568,0.0354,Chase Field,1.0,1.0,,,,,Indoor/retractable neutral,212,182,0.22,0.325,0.33,0.655,147,0.737,40,9,1,3,24,17,29,0,1,2026-08-12 vs Colorado Rockies: 0 FS|2026-08-11 vs Colorado Rockies: 0 FS|2026-08-10 vs Colorado Rockies: 4 FS|2026-08-08 vs Los Angeles Dodgers: 2 FS|2026-08-07 vs Los Angeles Dodgers: 5 FS,2026-08-12 vs Colorado Rockies: 0 FS|2026-08-11 vs Colorado Rockies: 0 FS|2026-08-10 vs Colorado Rockies: 4 FS|2026-08-08 vs Los Angeles Dodgers: 2 FS|2026-08-07 vs Los Angeles Dodgers: 5 FS|2026-08-06 vs San Diego Padres: 3 FS|2026-08-05 vs San Diego Padres: 9 FS|2026-08-04 vs San Diego Padres: 4 FS|2026-08-02 @ Toronto Blue Jays: 9 FS|2026-08-01 @ Toronto Blue Jays: 3 FS,2026-08-12 vs Colorado Rockies: 0 FS|2026-08-11 vs Colorado Rockies: 0 FS|2026-08-10 vs Colorado Rockies: 4 FS|2026-08-08 vs Los Angeles Dodgers: 2 FS|2026-08-07 vs Los Angeles Dodgers: 5 FS|2026-08-06 vs San Diego Padres: 3 FS|2026-08-05 vs San Diego Padres: 9 FS|2026-08-04 vs San Diego Padres: 4 FS|2026-08-02 @ Toronto Blue Jays: 9 FS|2026-08-01 @ Toronto Blue Jays: 3 FS|2026-07-31 @ Toronto Blue Jays: 0 FS|2026-07-30 vs Chicago Cubs: 4 FS|2026-07-29 vs Chicago Cubs: 3 FS|2026-07-28 vs Chicago Cubs: 7 FS|2026-07-27 vs Chicago Cubs: 5 FS,15,30,4.73,4.0,Last 30 games + shrinkage,3.29,3.79,0.156,Cold,4.73,1.019,0.1346,0.0385,0.0,0.1346,0.0,8.01,7.54,7.49,7.88,7.79,28.0,16.0,20.0,16.0,20.0,6.0,18.53,54.5,45.5,Recent workload,No,47.2,35.7,46.4,65.7,0.9879,151,0.2,1.0,1.0,1.0,100.0,211,85.23,29.86,1.42,26.07,0.332,0.9166,1.0,1.0,1.0,0.9831,578,Statcast,0.9568,97,Statcast,211,85.23,12.0,11.97,35.0,12.8,62.1,25.1,1.0,1.0024,1.0087,1.0047,1.0158,0.9857,3.54,-1.2,Unknown/neutral,Neutral fallback,1.0,1.0,1.0,1.0,1.0,1.0,Neutral fallback,1.072,3,27.0,0.9314,27.0,0.9562,0.1328,0.0481,0.0048,0.015,0.1391,0.0016,0.1927,0.5042,0.2649,0.2308,0.0602,0.0986,0.003,1.0,Yes,4.56,3.03,8.41,12.25,4.23,0.0,Raw,81.7,81.7,71.3,63.4,63.4,56.2,45.5,45.5,41.4,32.8,32.8,28.5,23.4,23.4,19.6,16.8,16.8,13.8,12.3,12.3,9.6,9.6,8.5,7.0,7.0,6.1,4.9,7.3,7.3,7.5,7.0,6.0,5.0,4.5,4.0,3.5,3.0,2.5,1.0,0.0,0.0,0.0,0.0,0.0,0.0,0.0,0.0,0.0,0.0,0.0,0.0,0.0,0.0,0.0,Low,
118,2026-08-12,Wade Meckler,LAA,TEX,TEX @ LAA,HOME,LF,7.13,6.65,6.65,5.2,4.37,5.04,5.73,5.04,0.88,4.6,6.7,5.13,5|3|7|8|0,5|3|7|8|0|10|10|8|16|0,5|3|7|8|0|10|10|8|16|0|2|8|0|0|0,90.7,86.4,70.5,70.0,66.4,65.4,52.6,52.1,45.6,39.0,38.5,29.3,28.3,24.6,24.6,19.4,16.7,16.7,13.8,13.8,12.0,12.0,9.7,8.3,8.3,6.9,6.9,170.17,B-,MORE 5.0 | 65.4% | Edge +1.7,MORE,5.0,65.4,1.65,30.8,Good,1,Last 7 Confirmed,,1.0,6,8-9-1-1-1-1,66.7,96.3,4.85,Likely regular,10,1.0,Cal Quantrill,R,3.56,1.19,0.2138,0.0326,0.0688,4.24,1.28,0.2222,0.0327,Angel Stadium,1.0,1.04,86.3,10.0,241.0,0.0,"warm, light wind",196,177,0.305,0.369,0.412,0.781,171,0.805,54,10,0,3,24,20,17,1,4,2026-08-11 vs Texas Rangers: 5 FS|2026-08-10 vs Texas Rangers: 3 FS|2026-08-09 @ Miami Marlins: 7 FS|2026-08-08 @ Miami Marlins: 8 FS|2026-08-07 @ Miami Marlins: 0 FS,2026-08-11 vs Texas Rangers: 5 FS|2026-08-10 vs Texas Rangers: 3 FS|2026-08-09 @ Miami Marlins: 7 FS|2026-08-08 @ Miami Marlins: 8 FS|2026-08-07 @ Miami Marlins: 0 FS|2026-08-06 @ Baltimore Orioles: 10 FS|2026-08-05 @ Baltimore Orioles: 10 FS|2026-08-04 @ Baltimore Orioles: 8 FS|2026-08-02 vs Milwaukee Brewers: 16 FS|2026-08-01 vs Milwaukee Brewers: 0 FS,2026-08-11 vs Texas Rangers: 5 FS|2026-08-10 vs Texas Rangers: 3 FS|2026-08-09 @ Miami Marlins: 7 FS|2026-08-08 @ Miami Marlins: 8 FS|2026-08-07 @ Miami Marlins: 0 FS|2026-08-06 @ Baltimore Orioles: 10 FS|2026-08-05 @ Baltimore Orioles: 10 FS|2026-08-04 @ Baltimore Orioles: 8 FS|2026-08-02 vs Milwaukee Brewers: 16 FS|2026-08-01 vs Milwaukee Brewers: 0 FS|2026-07-31 vs Milwaukee Brewers: 2 FS|2026-07-29 vs Houston Astros: 8 FS|2026-07-28 vs Houston Astros: 0 FS|2026-07-25 @ San Francisco Giants: 0 FS|2026-07-24 @ San Francisco Giants: 0 FS,15,30,4.87,4.0,Last 30 games + shrinkage,6.14,5.5,0.325,Hot,4.87,1.75,0.2955,0.0682,0.0227,0.0455,0.0227,8.02,7.84,7.91,7.81,7.27,28.0,16.0,20.0,16.0,20.0,6.0,16.57,48.7,51.3,Recent workload,No,40.5,29.7,50.1,58.2,1.0835,77,2.22,1.0,1.0,1.0,75.0,153,81.72,18.3,0.0,32.68,0.33,0.827,1.0,1.0,1.0,1.0174,317,Statcast,1.0267,31,Statcast,153,81.72,12.0,11.98,27.25,15.0,62.1,22.9,1.0242,0.9929,0.9975,0.9858,0.9757,1.0066,5.42,0.55,Unknown/neutral,Neutral fallback,1.0,1.0,1.0,1.0,1.0,1.0,Neutral fallback,1.072,3,27.0,1.1425,27.0,1.0,0.2053,0.0387,0.0007,0.0146,0.0668,0.0073,0.2053,0.5275,0.18,0.2925,0.0673,0.0837,0.0116,1.0,Projected,5.04,3.44,8.72,13.12,4.71,0.0,Raw,84.5,78.4,63.0,63.0,60.4,60.4,48.1,48.1,42.1,36.0,36.0,28.3,28.3,24.6,24.6,19.4,16.7,16.7,13.8,13.8,12.0,12.0,9.7,8.3,8.3,6.9,6.9,6.2,8.0,7.5,7.0,6.0,5.0,4.5,4.0,3.5,3.0,2.5,1.0,0.0,0.0,0.0,0.0,0.0,0.0,0.0,0.0,0.0,0.0,0.0,0.0,0.0,0.0,0.0,Low,
119,2026-08-12,Ronald Acuña Jr.,ATL,NYM,NYM @ ATL,HOME,RF,7.1,5.85,5.85,2.96,9.74,8.53,6.49,7.86,1.28,5.4,8.6,7.53,0|7|0|14|6,0|7|0|14|6|30|3|5|3|18,0|7|0|14|6|30|3|5|3|18|2|18|0|2|5,59.9,53.0,52.5,52.0,41.8,40.8,40.3,36.4,35.9,29.6,29.1,27.6,23.8,23.8,20.9,20.9,20.9,18.5,18.5,17.3,17.3,17.3,15.8,15.8,15.1,15.1,15.1,170.13,B-,MORE 2.5 | 59.9% | Edge +3.3,MORE,2.5,59.9,3.35,19.8,Playable,1,Today Posted,1.0,2.0,7,2-2-2-2-1-2-2,85.7,100.0,5.04,Regular,14,1.04,Zac Thornton,L,2.52,1.07,0.1961,0.0196,0.0784,4.12,1.31,0.2105,0.0279,Truist Park,1.01,1.055,90.4,8.6,279.0,5.0,hot,301,255,0.239,0.349,0.427,0.776,99,0.719,61,10,1,12,40,29,39,5,15,2026-08-11 vs New York Mets: 0 FS|2026-08-10 vs New York Mets: 7 FS|2026-08-09 @ New York Yankees: 0 FS|2026-08-08 @ New York Yankees: 14 FS|2026-08-07 @ New York Yankees: 6 FS,2026-08-11 vs New York Mets: 0 FS|2026-08-10 vs New York Mets: 7 FS|2026-08-09 @ New York Yankees: 0 FS|2026-08-08 @ New York Yankees: 14 FS|2026-08-07 @ New York Yankees: 6 FS|2026-08-06 vs Miami Marlins: 30 FS|2026-08-05 vs Miami Marlins: 3 FS|2026-08-04 vs Miami Marlins: 5 FS|2026-08-02 vs Washington Nationals: 3 FS|2026-08-01 vs Washington Nationals: 18 FS,2026-08-11 vs New York Mets: 0 FS|2026-08-10 vs New York Mets: 7 FS|2026-08-09 @ New York Yankees: 0 FS|2026-08-08 @ New York Yankees: 14 FS|2026-08-07 @ New York Yankees: 6 FS|2026-08-06 vs Miami Marlins: 30 FS|2026-08-05 vs Miami Marlins: 3 FS|2026-08-04 vs Miami Marlins: 5 FS|2026-08-02 vs Washington Nationals: 3 FS|2026-08-01 vs Washington Nationals: 18 FS|2026-07-31 vs Washington Nationals: 2 FS|2026-07-30 vs Washington Nationals: 18 FS|2026-07-29 @ New York Mets: 0 FS|2026-07-29 @ New York Mets: 2 FS|2026-07-27 @ New York Mets: 5 FS,15,30,9.83,5.5,Last 30 games + shrinkage,8.57,7.71,0.196,Cold,9.83,1.77,0.1803,0.082,0.082,0.0656,0.0,8.62,9.04,7.81,7.95,7.03,28.0,16.0,20.0,16.0,20.0,6.0,22.35,65.7,34.3,Recent workload,No,43.8,32.8,36.8,46.1,1.15,54,-0.03,1.0,1.0,1.0,75.0,94,83.08,29.79,2.13,32.98,0.442,0.9787,1.0,1.0,1.0,1.0249,240,Statcast,0.9475,23,Statcast,94,83.08,12.0,16.87,34.04,16.0,69.2,14.9,1.0128,0.9987,1.0078,0.9973,1.0038,0.9762,7.85,-1.99,Unknown/neutral,Neutral fallback,1.0,1.0,1.0,1.0,1.0,1.0,Neutral fallback,1.072,3,27.0,1.3,27.0,0.9961,0.0927,0.0236,0.0041,0.0331,0.1144,0.0125,0.2107,0.4418,0.2558,0.3024,0.0919,0.0689,0.0145,1.0,Yes,7.86,0.4,8.08,18.32,4.39,0.0,Raw,51.9,45.0,45.0,45.0,35.8,35.8,35.8,32.4,32.4,26.6,26.6,26.6,23.8,23.8,20.9,20.9,20.9,18.5,18.5,17.3,17.3,17.3,15.8,15.8,15.1,15.1,15.1,8.0,8.0,7.5,7.0,6.0,5.0,4.5,4.0,3.5,3.0,2.5,1.0,0.0,0.0,0.0,0.0,0.0,0.0,0.0,0.0,0.0,0.0,0.0,0.0,0.0,0.0,0.0,Pass,
120,2026-08-12,Dylan Beavers,BAL,MIN,BAL @ MIN,AWAY,RF,6.39,6.42,6.42,5.18,4.51,5.12,5.85,5.12,0.875,6.0,4.6,4.27,18|0|9|0|3,18|0|9|0|3|5|0|0|3|8,18|0|9|0|3|5|0|0|3|8|9|2|0|5|2,88.9,80.6,69.1,68.6,63.1,62.1,49.8,49.3,45.1,36.0,35.5,29.0,28.0,23.8,23.8,19.3,17.0,17.0,13.8,13.8,12.4,12.4,9.6,8.5,8.5,6.8,6.8,169.9,B-,MORE 5.0 | 62.1% | Edge +1.4,MORE,5.0,62.1,1.42,24.2,Good,5,Today Posted,5.0,5.0,5,5-5-5-5-1,80.0,100.0,4.35,Likely regular,11,1.0,Zebby Matthews,R,5.34,1.35,0.2403,0.0465,0.0775,4.6,1.38,0.2212,0.0299,Target Field,0.98,1.03,84.4,5.4,60.0,1.0,warm,223,197,0.239,0.32,0.345,0.665,186,0.676,47,12,0,3,24,22,22,2,5,2026-08-12 @ Minnesota Twins: 18 FS|2026-08-10 @ Minnesota Twins: 0 FS|2026-08-09 @ Texas Rangers: 9 FS|2026-08-08 @ Texas Rangers: 0 FS|2026-08-07 @ Texas Rangers: 3 FS,2026-08-12 @ Minnesota Twins: 18 FS|2026-08-10 @ Minnesota Twins: 0 FS|2026-08-09 @ Texas Rangers: 9 FS|2026-08-08 @ Texas Rangers: 0 FS|2026-08-07 @ Texas Rangers: 3 FS|2026-08-06 vs Los Angeles Angels: 5 FS|2026-08-05 vs Los Angeles Angels: 0 FS|2026-08-04 vs Los Angeles Angels: 0 FS|2026-08-02 vs Philadelphia Phillies: 3 FS|2026-08-01 vs Philadelphia Phillies: 8 FS,2026-08-12 @ Minnesota Twins: 18 FS|2026-08-10 @ Minnesota Twins: 0 FS|2026-08-09 @ Texas Rangers: 9 FS|2026-08-08 @ Texas Rangers: 0 FS|2026-08-07 @ Texas Rangers: 3 FS|2026-08-06 vs Los Angeles Angels: 5 FS|2026-08-05 vs Los Angeles Angels: 0 FS|2026-08-04 vs Los Angeles Angels: 0 FS|2026-08-02 vs Philadelphia Phillies: 3 FS|2026-08-01 vs Philadelphia Phillies: 8 FS|2026-07-31 vs Philadelphia Phillies: 9 FS|2026-07-29 @ Detroit Tigers: 2 FS|2026-07-28 @ Detroit Tigers: 0 FS|2026-07-27 @ Detroit Tigers: 5 FS|2026-07-26 vs Atlanta Braves: 2 FS,15,30,4.6,3.5,Last 30 games + shrinkage,5.0,4.43,0.2,Neutral,4.6,1.442,0.186,0.0465,0.0233,0.0698,0.0233,7.72,7.52,7.72,7.96,6.9,28.0,16.0,20.0,16.0,20.0,6.0,22.34,65.7,34.3,Recent workload,No,43.0,31.8,52.2,51.8,0.9897,80,-0.52,1.0,1.0,1.0,75.0,118,83.4,23.73,0.85,34.75,0.373,0.9021,1.0,1.0,1.0,0.987,340,Statcast,1.0003,71,Statcast,118,83.4,12.0,25.3,29.79,14.4,59.3,26.3,1.0018,1.002,1.0093,1.0041,1.0154,1.0078,5.25,0.65,Unknown/neutral,Neutral fallback,1.0,1.0,1.0,1.0,1.0,1.0,Neutral fallback,1.072,3,27.0,1.3,27.0,0.9997,0.1515,0.0515,0.0007,0.0161,0.0925,0.0124,0.2361,0.3751,0.3392,0.2857,0.0444,0.1156,0.012,1.0,Yes,5.12,2.55,8.68,13.05,4.37,0.0,Raw,81.5,72.6,61.6,61.6,57.1,57.1,45.3,45.3,41.6,33.0,33.0,28.0,28.0,23.8,23.8,19.3,17.0,17.0,13.8,13.8,12.4,12.4,9.6,8.5,8.5,6.8,6.8,7.4,8.0,7.5,7.0,6.0,5.0,4.5,4.0,3.5,3.0,2.5,1.0,0.0,0.0,0.0,0.0,0.0,0.0,0.0,0.0,0.0,0.0,0.0,0.0,0.0,0.0,0.0,Low,
121,2026-08-12,Carter Jensen,KC,LAD,KC @ LAD,AWAY,C,6.95,6.27,6.27,5.17,5.38,5.62,6.52,5.62,0.862,6.2,6.3,5.73,2|2|4|18|5,2|2|4|18|5|0|6|0|12|14,2|2|4|18|5|0|6|0|12|14|6|9|0|2|6,83.4,73.2,64.8,64.3,56.7,55.7,45.3,44.8,41.4,33.2,32.7,28.3,27.3,23.3,20.6,20.6,18.9,18.9,17.0,17.0,16.0,11.8,11.8,11.2,11.2,8.9,8.9,169.84,B-,MORE 4.0 | 64.3% | Edge +2.3,MORE,4.0,64.3,2.27,28.6,Good,1,Last 7 Confirmed,,1.0,6,5-5-1-1-1-1,66.7,96.3,5.13,Regular,13,1.04,Eric Lauer,L,4.89,1.26,0.2237,0.0566,0.0746,3.72,1.16,0.1956,0.0326,UNIQLO Field at Dodger Stadium,1.0,1.0,,,,,Weather unavailable,444,393,0.224,0.302,0.412,0.714,122,0.643,88,24,1,16,53,55,45,1,1,2026-08-11 @ Los Angeles Dodgers: 2 FS|2026-08-10 @ Los Angeles Dodgers: 2 FS|2026-08-08 vs Chicago Cubs: 4 FS|2026-08-07 vs Chicago Cubs: 18 FS|2026-08-06 vs Minnesota Twins: 5 FS,2026-08-11 @ Los Angeles Dodgers: 2 FS|2026-08-10 @ Los Angeles Dodgers: 2 FS|2026-08-08 vs Chicago Cubs: 4 FS|2026-08-07 vs Chicago Cubs: 18 FS|2026-08-06 vs Minnesota Twins: 5 FS|2026-08-05 vs Minnesota Twins: 0 FS|2026-08-04 vs Minnesota Twins: 6 FS|2026-08-02 @ Colorado Rockies: 0 FS|2026-08-01 @ Colorado Rockies: 12 FS|2026-07-31 @ Colorado Rockies: 14 FS,2026-08-11 @ Los Angeles Dodgers: 2 FS|2026-08-10 @ Los Angeles Dodgers: 2 FS|2026-08-08 vs Chicago Cubs: 4 FS|2026-08-07 vs Chicago Cubs: 18 FS|2026-08-06 vs Minnesota Twins: 5 FS|2026-08-05 vs Minnesota Twins: 0 FS|2026-08-04 vs Minnesota Twins: 6 FS|2026-08-02 @ Colorado Rockies: 0 FS|2026-08-01 @ Colorado Rockies: 12 FS|2026-07-31 @ Colorado Rockies: 14 FS|2026-07-30 @ Minnesota Twins: 6 FS|2026-07-29 @ Minnesota Twins: 9 FS|2026-07-28 @ Minnesota Twins: 0 FS|2026-07-26 @ Detroit Tigers: 2 FS|2026-07-25 @ Detroit Tigers: 6 FS,15,30,5.67,4.5,Last 30 games + shrinkage,5.29,5.71,0.104,Cold,5.67,1.379,0.0862,0.069,0.0345,0.1724,0.0,8.93,7.87,8.4,8.61,8.0,28.0,16.0,20.0,16.0,20.0,6.0,22.65,66.6,33.4,Recent workload,No,50.1,38.4,41.8,71.2,1.1126,132,0.47,1.0,1.0,1.0,75.0,272,83.07,23.53,1.84,28.68,0.368,0.9019,1.0,1.0,1.0,0.9881,607,Statcast,1.0,18,Statcast,272,83.07,12.0,21.88,32.76,13.6,64.3,22.1,1.0,1.0008,1.0028,1.0015,1.0051,0.9981,5.51,-0.15,Unknown/neutral,Neutral fallback,1.0,1.0,1.0,1.0,1.0,1.0,Neutral fallback,1.072,3,27.0,0.8625,27.0,0.9994,0.0898,0.0479,0.0032,0.0284,0.1002,0.0046,0.251,0.3894,0.3716,0.239,0.0774,0.0837,0.001,1.0,Projected,5.62,2.59,8.62,14.66,4.46,0.0,Raw,75.4,65.2,57.3,57.3,50.7,50.7,40.8,40.8,37.9,30.2,30.2,27.3,27.3,23.3,20.6,20.6,18.9,18.9,17.0,17.0,16.0,11.8,11.8,11.2,11.2,8.9,8.9,8.0,8.0,7.5,7.0,6.0,5.0,4.5,4.0,3.5,3.0,2.5,1.0,0.0,0.0,0.0,0.0,0.0,0.0,0.0,0.0,0.0,0.0,0.0,0.0,0.0,0.0,0.0,Low,
122,2026-08-12,Jose Trevino,CIN,CWS,CIN @ CWS,AWAY,C,6.19,6.18,6.18,3.35,6.22,6.14,6.91,6.14,0.889,3.8,6.8,7.47,0|5|14|0|0,0|5|14|0|0|3|31|0|0|15,0|5|14|0|0|3|31|0|0|15|24|0|14|3|3,74.7,74.7,57.0,56.5,54.3,53.3,42.5,42.0,37.4,33.2,32.7,26.7,25.7,23.8,23.8,20.8,19.9,19.9,18.3,18.3,17.6,17.6,13.1,13.1,12.7,10.5,10.5,168.99,B-,MORE 3.0 | 74.7% | Edge +3.2,MORE,3.0,74.7,3.18,49.4,Strong,7,Today Posted,7.0,7.0,2,7-7,100.0,100.0,4.11,Regular,13,1.04,Luis Castillo,R,5.3,1.41,0.2451,0.0369,0.0716,4.1,1.3,0.2093,0.0284,Rate Field,1.0,1.0,,,,,Weather unavailable,94,91,0.242,0.25,0.407,0.657,78,0.681,22,3,0,4,10,12,1,0,0,2026-08-08 @ Washington Nationals: 0 FS|2026-08-05 vs Athletics: 5 FS|2026-08-01 vs Pittsburgh Pirates: 14 FS|2026-07-28 vs Cleveland Guardians: 0 FS|2026-07-26 @ St. Louis Cardinals: 0 FS,2026-08-08 @ Washington Nationals: 0 FS|2026-08-05 vs Athletics: 5 FS|2026-08-01 vs Pittsburgh Pirates: 14 FS|2026-07-28 vs Cleveland Guardians: 0 FS|2026-07-26 @ St. Louis Cardinals: 0 FS|2026-07-21 @ Seattle Mariners: 3 FS|2026-07-18 @ Colorado Rockies: 31 FS|2026-07-11 vs Chicago Cubs: 0 FS|2026-07-08 vs Philadelphia Phillies: 0 FS|2026-07-04 vs Baltimore Orioles: 15 FS,2026-08-08 @ Washington Nationals: 0 FS|2026-08-05 vs Athletics: 5 FS|2026-08-01 vs Pittsburgh Pirates: 14 FS|2026-07-28 vs Cleveland Guardians: 0 FS|2026-07-26 @ St. Louis Cardinals: 0 FS|2026-07-21 @ Seattle Mariners: 3 FS|2026-07-18 @ Colorado Rockies: 31 FS|2026-07-11 vs Chicago Cubs: 0 FS|2026-07-08 vs Philadelphia Phillies: 0 FS|2026-07-04 vs Baltimore Orioles: 15 FS|2026-07-02 @ Milwaukee Brewers: 24 FS|2026-06-30 @ Milwaukee Brewers: 0 FS|2026-06-27 @ Pittsburgh Pirates: 14 FS|2026-06-24 vs Milwaukee Brewers: 3 FS|2026-06-23 vs Milwaukee Brewers: 3 FS,15,29,5.03,3.0,Last 29 games + shrinkage,7.57,7.79,0.319,Hot,5.03,2.319,0.3191,0.1277,0.0851,0.0,0.0,6.52,6.42,7.39,6.98,6.29,28.0,16.0,20.0,16.0,20.0,6.0,23.07,67.9,32.1,Recent workload,No,28.3,20.1,31.5,40.5,1.0005,45,-2.7,1.0,1.0,1.0,75.0,75,83.89,24.0,1.33,22.67,0.278,0.8418,1.0,1.0,1.0,0.9254,164,Statcast,1.0,7,Fallback,75,83.89,12.0,17.48,30.74,24.0,61.3,14.7,1.0,1.0011,1.004,1.0022,1.0073,1.0127,6.09,1.06,Unknown/neutral,Neutral fallback,1.0,1.0,1.0,1.0,1.0,1.0,Neutral fallback,1.072,3,27.0,0.8625,27.0,1.0,0.1474,0.032,0.0018,0.0405,0.0288,0.0041,0.2032,0.5477,0.2857,0.1666,0.0756,0.1227,0.0044,1.0,Yes,6.14,0.69,8.69,15.8,4.29,0.0,Raw,66.7,66.7,49.5,49.5,48.3,48.3,38.0,38.0,33.9,30.2,30.2,25.7,25.7,23.8,23.8,20.8,19.9,19.9,18.3,18.3,17.6,17.6,13.1,13.1,12.7,10.5,10.5,8.0,8.0,7.5,7.0,6.0,5.0,4.5,4.0,3.5,3.0,2.5,1.0,0.0,0.0,0.0,0.0,0.0,0.0,0.0,0.0,0.0,0.0,0.0,0.0,0.0,0.0,0.0,Low,
123,2026-08-12,Isaac Paredes,HOU,SF,HOU @ SF,AWAY,3B,6.8,5.99,5.99,5.0,5.94,5.96,5.96,5.96,1.0,5.0,4.0,5.27,0|6|14|0|5,0|6|14|0|5|13|0|0|2|0,0|6|14|0|5|13|0|0|2|0|7|23|3|2|4,75.4,65.3,64.8,58.0,57.0,45.0,44.5,39.9,39.4,31.4,30.9,29.4,24.7,24.7,20.7,20.7,17.4,17.4,15.2,15.2,13.0,13.0,11.9,11.9,9.7,9.7,9.0,168.92,B-,MORE 4.0 | 58.0% | Edge +2.0,MORE,4.0,58.0,1.99,16.0,Playable,3,Today Posted,3.0,3.0,6,3-3-3-3-3-3,100.0,100.0,4.92,Regular,12,1.04,Adrian Houser,R,4.5,1.36,0.2389,0.0351,0.0726,4.34,1.36,0.2172,0.0248,Oracle Park,0.94,1.0,67.0,8.0,243.0,0.0,neutral,485,419,0.255,0.348,0.418,0.766,371,0.778,107,21,1,15,45,62,46,16,0,2026-08-12 @ San Francisco Giants: 0 FS|2026-08-11 @ San Francisco Giants: 6 FS|2026-08-10 @ San Francisco Giants: 14 FS|2026-08-09 @ San Diego Padres: 0 FS|2026-08-08 @ San Diego Padres: 5 FS,2026-08-12 @ San Francisco Giants: 0 FS|2026-08-11 @ San Francisco Giants: 6 FS|2026-08-10 @ San Francisco Giants: 14 FS|2026-08-09 @ San Diego Padres: 0 FS|2026-08-08 @ San Diego Padres: 5 FS|2026-08-07 @ San Diego Padres: 13 FS|2026-08-05 vs Toronto Blue Jays: 0 FS|2026-08-04 vs Toronto Blue Jays: 0 FS|2026-08-03 vs Toronto Blue Jays: 2 FS|2026-08-02 vs Texas Rangers: 0 FS,2026-08-12 @ San Francisco Giants: 0 FS|2026-08-11 @ San Francisco Giants: 6 FS|2026-08-10 @ San Francisco Giants: 14 FS|2026-08-09 @ San Diego Padres: 0 FS|2026-08-08 @ San Diego Padres: 5 FS|2026-08-07 @ San Diego Padres: 13 FS|2026-08-05 vs Toronto Blue Jays: 0 FS|2026-08-04 vs Toronto Blue Jays: 0 FS|2026-08-03 vs Toronto Blue Jays: 2 FS|2026-08-02 vs Texas Rangers: 0 FS|2026-08-01 vs Texas Rangers: 7 FS|2026-07-31 vs Texas Rangers: 23 FS|2026-07-29 @ Los Angeles Angels: 3 FS|2026-07-28 @ Los Angeles Angels: 2 FS|2026-07-27 @ Los Angeles Angels: 4 FS,15,30,6.77,5.5,Last 30 games + shrinkage,5.43,5.36,0.24,Neutral,6.77,1.316,0.2105,0.0702,0.0175,0.1053,0.0,7.78,7.58,7.26,7.88,7.23,28.0,16.0,20.0,16.0,20.0,6.0,11.19,32.9,67.1,Recent workload,Yes,50.7,39.0,68.6,75.6,1.0399,199,-2.0,1.0,1.0,1.0,75.0,340,82.38,20.29,0.29,32.35,0.307,0.8258,1.0,1.0,1.0,1.0145,762,Statcast,0.9921,131,Statcast,340,82.38,12.0,22.43,31.02,19.7,66.8,13.5,1.0027,0.9992,1.0396,1.228,0.8775,0.9864,5.64,-1.13,Unknown/neutral,Neutral fallback,1.0,1.0,1.0,1.0,1.0,1.0,Neutral fallback,1.072,3,27.0,0.8625,27.0,0.9927,0.1309,0.033,0.0031,0.0186,0.1074,0.0251,0.1581,0.2896,0.3379,0.3724,0.0161,0.1584,0.0001,1.0,Yes,5.96,2.0,8.0,14.0,4.39,0.0,Raw,67.4,57.3,57.3,51.0,51.0,40.0,40.0,35.9,35.9,28.4,28.4,28.4,24.7,24.7,20.7,20.7,17.4,17.4,15.2,15.2,13.0,13.0,11.9,11.9,9.7,9.7,9.0,8.0,8.0,7.5,7.0,6.0,5.0,4.5,4.0,3.5,3.0,2.5,1.0,0.0,0.0,0.0,0.0,0.0,0.0,0.0,0.0,0.0,0.0,0.0,0.0,0.0,0.0,0.0,Pass,
124,2026-08-12,Michael Massey,KC,LAD,KC @ LAD,AWAY,2B,7.33,6.4,6.4,5.25,5.45,5.67,6.89,5.67,0.823,4.2,5.2,4.87,0|5|11|5|0,0|5|11|5|0|0|19|7|5|0,0|5|11|5|0|0|19|7|5|0|0|3|0|16|2,80.2,75.2,74.7,60.6,57.9,56.9,44.6,44.1,40.8,34.7,34.2,28.6,27.6,25.4,21.6,21.6,20.1,20.1,18.1,17.1,17.1,13.4,12.6,12.6,10.5,10.5,8.8,168.09,B-,MORE 4.0 | 60.6% | Edge +2.4,MORE,4.0,60.6,2.4,21.2,Playable,5,Last 7 Confirmed,,5.0,7,6-7-6-5-7-5-5,42.9,97.0,4.52,Regular,13,1.04,Eric Lauer,L,4.89,1.26,0.2237,0.0566,0.0746,3.72,1.16,0.1956,0.0326,UNIQLO Field at Dodger Stadium,1.0,1.0,,,,,Weather unavailable,332,309,0.259,0.291,0.417,0.708,75,0.845,80,20,1,9,40,39,16,0,2,2026-08-11 @ Los Angeles Dodgers: 0 FS|2026-08-10 @ Los Angeles Dodgers: 5 FS|2026-08-09 vs Chicago Cubs: 11 FS|2026-08-08 vs Chicago Cubs: 5 FS|2026-08-07 vs Chicago Cubs: 0 FS,2026-08-11 @ Los Angeles Dodgers: 0 FS|2026-08-10 @ Los Angeles Dodgers: 5 FS|2026-08-09 vs Chicago Cubs: 11 FS|2026-08-08 vs Chicago Cubs: 5 FS|2026-08-07 vs Chicago Cubs: 0 FS|2026-08-06 vs Minnesota Twins: 0 FS|2026-08-05 vs Minnesota Twins: 19 FS|2026-08-04 vs Minnesota Twins: 7 FS|2026-08-01 @ Colorado Rockies: 5 FS|2026-07-31 @ Colorado Rockies: 0 FS,2026-08-11 @ Los Angeles Dodgers: 0 FS|2026-08-10 @ Los Angeles Dodgers: 5 FS|2026-08-09 vs Chicago Cubs: 11 FS|2026-08-08 vs Chicago Cubs: 5 FS|2026-08-07 vs Chicago Cubs: 0 FS|2026-08-06 vs Minnesota Twins: 0 FS|2026-08-05 vs Minnesota Twins: 19 FS|2026-08-04 vs Minnesota Twins: 7 FS|2026-08-01 @ Colorado Rockies: 5 FS|2026-07-31 @ Colorado Rockies: 0 FS|2026-07-30 @ Minnesota Twins: 0 FS|2026-07-29 @ Minnesota Twins: 3 FS|2026-07-28 @ Minnesota Twins: 0 FS|2026-07-26 @ Detroit Tigers: 16 FS|2026-07-25 @ Detroit Tigers: 2 FS,15,30,6.1,5.0,Last 30 games + shrinkage,5.71,5.07,0.192,Cold,6.1,1.34,0.1887,0.0755,0.0377,0.0,0.0,7.78,7.74,7.34,7.62,7.79,28.0,16.0,20.0,16.0,20.0,6.0,22.65,66.6,33.4,Recent workload,No,47.0,35.5,30.6,69.4,1.1156,81,0.47,1.0,1.0,1.0,75.0,250,83.46,24.4,0.8,28.4,0.333,0.8749,1.0,1.0,1.0,1.0113,431,Statcast,1.0,8,Fallback,250,83.46,12.0,17.8,31.31,10.4,56.8,32.8,1.0,1.0001,1.0003,1.0002,1.0006,0.9882,5.11,-0.99,Unknown/neutral,Neutral fallback,1.0,1.0,1.0,1.0,1.0,1.0,Neutral fallback,1.072,3,27.0,0.8658,27.0,0.9961,0.1476,0.0493,0.0078,0.0336,0.0432,0.0021,0.1783,0.4504,0.2748,0.2748,0.0914,0.1235,0.0025,1.0,Projected,5.67,1.13,9.36,15.13,4.05,0.0,Raw,72.2,67.2,67.2,53.6,51.9,51.9,40.1,40.1,37.3,31.7,31.7,27.6,27.6,25.4,21.6,21.6,20.1,20.1,18.1,17.1,17.1,13.4,12.6,12.6,10.5,10.5,8.8,8.0,8.0,7.5,7.0,6.0,5.0,4.5,4.0,3.5,3.0,2.5,1.0,0.0,0.0,0.0,0.0,0.0,0.0,0.0,0.0,0.0,0.0,0.0,0.0,0.0,0.0,0.0,Low,
125,2026-08-12,Harry Ford,WSH,CHC,CHC @ WSH,HOME,C,6.44,5.78,5.78,4.01,6.37,6.17,6.21,6.17,0.994,8.2,4.7,6.5,7|16|7|4|7,7|16|7|4|7|0|2|0|2|2,7|16|7|4|7|0|2|0|2|2|3|0|14|27,69.1,69.1,61.9,61.4,53.9,52.9,42.8,39.6,39.1,30.9,30.4,26.6,25.6,20.5,20.5,17.8,17.8,15.4,15.4,13.4,13.4,12.3,12.3,9.7,9.7,9.0,9.0,167.65,B-,MORE 4.0 | 61.4% | Edge +1.8,MORE,4.0,61.4,1.78,22.8,Playable,5,Today Posted,5.0,5.0,4,5-6-5-5,75.0,100.0,4.23,Likely regular,11,1.0,David Peterson,L,5.35,1.5,0.2437,0.0231,0.0903,4.07,1.25,0.221,0.04,Nationals Park,1.0,1.03,88.8,5.3,165.0,1.0,warm,46,39,0.205,0.326,0.462,0.788,27,0.629,8,4,0,2,7,6,6,1,1,2026-08-11 vs Chicago Cubs: 7 FS|2026-08-07 vs Cincinnati Reds: 16 FS|2026-08-06 @ Philadelphia Phillies: 7 FS|2026-08-05 @ Philadelphia Phillies: 4 FS|2026-08-04 @ Philadelphia Phillies: 7 FS,2026-08-11 vs Chicago Cubs: 7 FS|2026-08-07 vs Cincinnati Reds: 16 FS|2026-08-06 @ Philadelphia Phillies: 7 FS|2026-08-05 @ Philadelphia Phillies: 4 FS|2026-08-04 @ Philadelphia Phillies: 7 FS|2026-08-02 @ Atlanta Braves: 0 FS|2026-07-31 @ Atlanta Braves: 2 FS|2026-07-30 @ Atlanta Braves: 0 FS|2026-07-29 vs Toronto Blue Jays: 2 FS|2026-07-26 vs Arizona Diamondbacks: 2 FS,2026-08-11 vs Chicago Cubs: 7 FS|2026-08-07 vs Cincinnati Reds: 16 FS|2026-08-06 @ Philadelphia Phillies: 7 FS|2026-08-05 @ Philadelphia Phillies: 4 FS|2026-08-04 @ Philadelphia Phillies: 7 FS|2026-08-02 @ Atlanta Braves: 0 FS|2026-07-31 @ Atlanta Braves: 2 FS|2026-07-30 @ Atlanta Braves: 0 FS|2026-07-29 vs Toronto Blue Jays: 2 FS|2026-07-26 vs Arizona Diamondbacks: 2 FS|2026-07-24 vs Arizona Diamondbacks: 3 FS|2026-07-20 @ Colorado Rockies: 0 FS|2026-07-19 @ Athletics: 14 FS|2026-07-17 @ Athletics: 27 FS,14,14,6.5,3.5,Last 14 games + shrinkage,6.14,6.5,0.205,Neutral,6.5,1.978,0.1739,0.1304,0.0435,0.1304,0.0217,6.83,6.96,6.96,6.8,6.42,28.0,16.0,20.0,16.0,20.0,6.0,22.26,65.5,34.5,Recent workload,No,28.4,19.7,13.7,31.7,0.86,21,0.16,1.0,1.0,1.0,75.0,51,77.37,13.73,1.96,29.41,0.242,0.82,1.0,1.0,1.0,0.9036,149,Statcast,1.0,5,Fallback,51,77.37,12.0,17.22,35.0,25.5,62.8,11.8,1.0347,0.9834,0.9717,0.9668,0.9201,0.9988,6.4,-0.1,Unknown/neutral,Neutral fallback,1.0,1.0,1.0,1.0,1.0,1.0,Neutral fallback,1.072,3,27.0,1.1681,27.0,0.9272,0.0815,0.0522,0.0026,0.0181,0.1062,0.0116,0.2347,0.4616,0.4231,0.1153,0.1247,0.1293,0.0141,1.0,Yes,6.17,0.03,8.98,13.95,4.39,0.0,Raw,61.1,61.1,54.4,54.4,47.9,47.9,38.3,35.6,35.6,27.9,27.9,25.6,25.6,20.5,20.5,17.8,17.8,15.4,15.4,13.4,13.4,12.3,12.3,9.7,9.7,9.0,9.0,8.0,8.0,7.5,7.0,6.0,5.0,4.5,4.0,3.5,3.0,2.5,1.0,0.0,0.0,0.0,0.0,0.0,0.0,0.0,0.0,0.0,0.0,0.0,0.0,0.0,0.0,0.0,Pass,
126,2026-08-12,Nick Gonzales,PIT,MIA,PIT @ MIA,AWAY,3B,6.4,6.02,6.02,5.03,4.94,5.36,5.5,5.36,0.974,5.8,3.9,5.33,0|0|11|10|8,0|0|11|10|8|3|0|0|0|7,0|0|11|10|8|3|0|0|0|7|14|10|3|8|6,81.9,81.9,66.1,65.6,62.4,61.4,47.8,47.3,42.1,35.0,34.5,26.5,25.5,22.2,22.2,16.8,16.8,14.6,14.6,11.4,11.4,9.9,9.9,7.6,7.6,6.5,6.5,167.04,B-,MORE 5.0 | 61.4% | Edge +1.0,MORE,5.0,61.4,1.02,22.8,Playable,5,Today Posted,5.0,5.0,7,5-4-5-6-6-5-6,42.9,100.0,4.61,Regular,14,1.04,Janson Junk,R,4.63,1.36,0.2514,0.0343,0.0657,3.93,1.24,0.2044,0.027,loanDepot park,0.96,1.0,,,,,Indoor/retractable neutral,474,437,0.304,0.357,0.396,0.753,329,0.801,133,20,1,6,62,53,28,8,5,2026-08-11 @ Miami Marlins: 0 FS|2026-08-09 vs New York Mets: 0 FS|2026-08-08 vs New York Mets: 11 FS|2026-08-07 vs New York Mets: 10 FS|2026-08-06 @ Milwaukee Brewers: 8 FS,2026-08-11 @ Miami Marlins: 0 FS|2026-08-09 vs New York Mets: 0 FS|2026-08-08 vs New York Mets: 11 FS|2026-08-07 vs New York Mets: 10 FS|2026-08-06 @ Milwaukee Brewers: 8 FS|2026-08-05 @ Milwaukee Brewers: 3 FS|2026-08-04 @ Milwaukee Brewers: 0 FS|2026-08-03 @ Milwaukee Brewers: 0 FS|2026-08-02 @ Cincinnati Reds: 0 FS|2026-08-01 @ Cincinnati Reds: 7 FS,2026-08-11 @ Miami Marlins: 0 FS|2026-08-09 vs New York Mets: 0 FS|2026-08-08 vs New York Mets: 11 FS|2026-08-07 vs New York Mets: 10 FS|2026-08-06 @ Milwaukee Brewers: 8 FS|2026-08-05 @ Milwaukee Brewers: 3 FS|2026-08-04 @ Milwaukee Brewers: 0 FS|2026-08-03 @ Milwaukee Brewers: 0 FS|2026-08-02 @ Cincinnati Reds: 0 FS|2026-08-01 @ Cincinnati Reds: 7 FS|2026-07-31 @ Cincinnati Reds: 14 FS|2026-07-30 @ Cincinnati Reds: 10 FS|2026-07-29 vs Arizona Diamondbacks: 3 FS|2026-07-28 vs Arizona Diamondbacks: 8 FS|2026-07-27 vs Arizona Diamondbacks: 6 FS,15,30,6.7,6.0,Last 30 games + shrinkage,4.57,5.29,0.232,Neutral,6.7,1.276,0.2241,0.0517,0.0,0.0,0.0172,7.49,7.11,6.75,6.92,6.76,28.0,16.0,20.0,16.0,20.0,6.0,19.49,57.3,42.7,Recent workload,No,50.3,38.6,65.9,73.3,1.0304,177,-0.1,1.0,1.0,1.0,100.0,302,82.66,19.87,0.99,35.1,0.33,0.8508,1.0,1.0,1.0,0.9815,652,Statcast,0.9696,48,Statcast,302,82.66,12.0,13.29,30.5,14.2,68.5,17.2,1.0,0.996,0.9853,0.992,0.9732,0.9825,5.25,-1.45,Unknown/neutral,Neutral fallback,1.0,1.0,1.0,1.0,1.0,1.0,Neutral fallback,1.072,3,27.0,1.034,27.0,0.982,0.1982,0.043,0.002,0.011,0.039,0.0199,0.1826,0.5093,0.2298,0.2609,0.0297,0.1302,0.0032,1.0,Yes,5.36,2.1,8.92,12.82,4.32,0.0,Raw,73.9,73.9,58.6,58.6,56.4,56.4,43.3,43.3,38.6,32.0,32.0,25.5,25.5,22.2,22.2,16.8,16.8,14.6,14.6,11.4,11.4,9.9,9.9,7.6,7.6,6.5,6.5,8.0,8.0,7.5,7.0,6.0,5.0,4.5,4.0,3.5,3.0,2.5,1.0,0.0,0.0,0.0,0.0,0.0,0.0,0.0,0.0,0.0,0.0,0.0,0.0,0.0,0.0,0.0,Low,
127,2026-08-12,Heriberto Hernández,MIA,PIT,PIT @ MIA,HOME,LF,6.93,6.06,6.06,4.12,6.66,6.42,6.81,6.42,0.943,2.0,3.3,4.8,0|3|7|0|0,0|3|7|0|0|0|10|7|4|2,0|3|7|0|0|0|10|7|4|2|16|0|23|0|0,70.1,70.1,59.3,58.8,54.1,53.1,42.1,41.6,38.9,31.9,31.4,27.0,26.0,22.6,22.6,20.1,20.1,18.5,18.5,16.6,16.6,15.8,15.8,12.4,11.8,11.8,9.3,166.64,B-,MORE 4.0 | 58.8% | Edge +2.1,MORE,4.0,58.8,2.06,17.6,Playable,4,Today Posted,4.0,5.0,6,4-5-6-2-5-5,50.0,100.0,4.73,Regular,13,1.04,Carmen Mlodzinski,R,3.51,1.36,0.2392,0.0191,0.0766,4.32,1.32,0.2128,0.0271,loanDepot park,0.96,1.0,,,,,Indoor/retractable neutral,320,290,0.224,0.294,0.441,0.735,208,0.656,65,13,1,16,31,44,28,1,8,2026-08-11 vs Pittsburgh Pirates: 0 FS|2026-08-09 vs Los Angeles Angels: 3 FS|2026-08-08 vs Los Angeles Angels: 7 FS|2026-08-07 vs Los Angeles Angels: 0 FS|2026-08-06 @ Atlanta Braves: 0 FS,2026-08-11 vs Pittsburgh Pirates: 0 FS|2026-08-09 vs Los Angeles Angels: 3 FS|2026-08-08 vs Los Angeles Angels: 7 FS|2026-08-07 vs Los Angeles Angels: 0 FS|2026-08-06 @ Atlanta Braves: 0 FS|2026-08-05 @ Atlanta Braves: 0 FS|2026-08-04 @ Atlanta Braves: 10 FS|2026-08-01 @ New York Mets: 7 FS|2026-07-31 @ New York Mets: 4 FS|2026-07-30 @ New York Mets: 2 FS,2026-08-11 vs Pittsburgh Pirates: 0 FS|2026-08-09 vs Los Angeles Angels: 3 FS|2026-08-08 vs Los Angeles Angels: 7 FS|2026-08-07 vs Los Angeles Angels: 0 FS|2026-08-06 @ Atlanta Braves: 0 FS|2026-08-05 @ Atlanta Braves: 0 FS|2026-08-04 @ Atlanta Braves: 10 FS|2026-08-01 @ New York Mets: 7 FS|2026-07-31 @ New York Mets: 4 FS|2026-07-30 @ New York Mets: 2 FS|2026-07-29 vs Philadelphia Phillies: 16 FS|2026-07-28 vs Philadelphia Phillies: 0 FS|2026-07-27 vs Philadelphia Phillies: 23 FS|2026-07-26 vs San Diego Padres: 0 FS|2026-07-25 vs San Diego Padres: 0 FS,15,30,7.37,5.0,Last 30 games + shrinkage,2.86,5.14,0.13,Cold,7.37,1.241,0.1207,0.0517,0.0345,0.069,0.0172,8.48,8.36,7.44,7.28,7.18,28.0,16.0,20.0,16.0,20.0,6.0,12.1,35.6,64.4,Recent workload,Yes,48.6,37.0,55.0,64.9,1.0938,127,-1.57,1.0,1.0,1.0,100.0,203,85.38,32.51,2.96,27.59,0.44,1.0193,1.0,1.0,1.0,0.9347,467,Statcast,1.0102,24,Statcast,203,85.38,12.0,13.6,35.0,23.6,65.0,11.3,1.0,1.0035,1.0127,1.0069,1.0231,0.9691,4.79,-2.57,Unknown/neutral,Neutral fallback,1.0,1.0,1.0,1.0,1.0,1.0,Neutral fallback,1.072,3,27.0,1.3,27.0,0.9801,0.102,0.0521,0.0006,0.0323,0.0813,0.0009,0.2563,0.4476,0.3525,0.1999,0.0406,0.129,0.0133,1.0,Yes,6.42,0.34,8.83,15.43,4.21,0.0,Raw,62.1,62.1,51.8,51.8,48.1,48.1,37.6,37.6,35.4,28.9,28.9,26.0,26.0,22.6,22.6,20.1,20.1,18.5,18.5,16.6,16.6,15.8,15.8,12.4,11.8,11.8,9.3,8.0,8.0,7.5,7.0,6.0,5.0,4.5,4.0,3.5,3.0,2.5,1.0,0.0,0.0,0.0,0.0,0.0,0.0,0.0,0.0,0.0,0.0,0.0,0.0,0.0,0.0,0.0,Low,
128,2026-08-12,Jazz Chisholm Jr.,NYY,SEA,SEA @ NYY,HOME,2B,7.01,6.51,6.51,3.45,7.09,6.7,7.69,6.7,0.872,7.4,5.2,5.87,12|5|0|6|14,12|5|0|6|14|0|0|0|7|8,12|5|0|6|14|0|0|0|7|8|2|26|0|8|0,77.0,66.6,56.4,55.9,50.8,49.8,41.4,40.9,38.4,33.5,33.0,29.6,28.6,26.7,26.7,25.1,24.4,24.4,23.5,23.5,23.1,23.1,16.4,16.2,16.2,11.9,11.9,165.82,B-,MORE 3.0 | 66.6% | Edge +3.5,MORE,3.0,66.6,3.51,33.2,Good,6,Today Posted,6.0,5.0,6,5-5-5-6-6-6,50.0,100.0,4.4,Regular,14,1.04,Bryce Miller,R,3.08,0.95,0.1961,0.0425,0.049,3.79,1.2,0.2214,0.0293,Yankee Stadium,1.06,1.03,85.2,1.4,231.0,1.0,warm,435,387,0.217,0.297,0.395,0.692,295,0.724,84,14,2,17,55,47,44,1,31,2026-08-11 vs Seattle Mariners: 12 FS|2026-08-09 vs Atlanta Braves: 5 FS|2026-08-07 vs Atlanta Braves: 0 FS|2026-08-05 vs St. Louis Cardinals: 6 FS|2026-08-04 vs St. Louis Cardinals: 14 FS,2026-08-11 vs Seattle Mariners: 12 FS|2026-08-09 vs Atlanta Braves: 5 FS|2026-08-07 vs Atlanta Braves: 0 FS|2026-08-05 vs St. Louis Cardinals: 6 FS|2026-08-04 vs St. Louis Cardinals: 14 FS|2026-08-03 vs St. Louis Cardinals: 0 FS|2026-08-02 @ Chicago Cubs: 0 FS|2026-08-01 @ Chicago Cubs: 0 FS|2026-07-30 @ Chicago White Sox: 7 FS|2026-07-29 @ Chicago White Sox: 8 FS,2026-08-11 vs Seattle Mariners: 12 FS|2026-08-09 vs Atlanta Braves: 5 FS|2026-08-07 vs Atlanta Braves: 0 FS|2026-08-05 vs St. Louis Cardinals: 6 FS|2026-08-04 vs St. Louis Cardinals: 14 FS|2026-08-03 vs St. Louis Cardinals: 0 FS|2026-08-02 @ Chicago Cubs: 0 FS|2026-08-01 @ Chicago Cubs: 0 FS|2026-07-30 @ Chicago White Sox: 7 FS|2026-07-29 @ Chicago White Sox: 8 FS|2026-07-28 @ Chicago White Sox: 2 FS|2026-07-27 @ Chicago White Sox: 26 FS|2026-07-25 @ Philadelphia Phillies: 0 FS|2026-07-22 vs Pittsburgh Pirates: 8 FS|2026-07-22 vs Pittsburgh Pirates: 0 FS,15,30,7.17,5.0,Last 30 games + shrinkage,5.29,6.29,0.167,Cold,7.17,1.6,0.1455,0.0364,0.0182,0.1273,0.0909,7.97,7.96,7.15,7.24,6.81,28.0,16.0,20.0,16.0,20.0,6.0,23.12,68.0,32.0,Recent workload,No,45.9,34.6,63.4,64.6,1.0089,111,4.67,1.0,1.0,1.0,75.0,201,86.15,32.84,1.0,24.88,0.403,0.9864,1.0,1.0,1.0,0.9532,552,Statcast,0.9897,73,Statcast,201,86.15,12.0,20.67,33.5,7.0,64.2,28.9,1.0181,0.9884,1.0081,0.8341,1.1839,0.9941,6.68,-0.49,Unknown/neutral,Neutral fallback,1.0,1.0,1.0,1.0,1.0,1.0,Neutral fallback,1.072,3,27.0,1.3,27.0,1.0,0.0863,0.0255,0.0003,0.0604,0.0823,0.0018,0.2872,0.5123,0.2804,0.2074,0.0358,0.105,0.0301,1.0,Yes,6.7,0.84,10.42,16.53,4.1,0.0,Raw,69.0,58.6,48.9,48.9,44.8,44.8,36.9,36.9,34.9,30.5,30.5,28.6,28.6,26.7,26.7,25.1,24.4,24.4,23.5,23.5,23.1,23.1,16.4,16.2,16.2,11.9,11.9,8.0,8.0,7.5,7.0,6.0,5.0,4.5,4.0,3.5,3.0,2.5,1.0,0.0,0.0,0.0,0.0,0.0,0.0,0.0,0.0,0.0,0.0,0.0,0.0,0.0,0.0,0.0,Low,
129,2026-08-12,Brooks Lee,MIN,BAL,BAL @ MIN,HOME,3B,6.68,5.88,5.88,4.11,5.79,5.87,6.25,5.87,0.939,9.0,6.4,6.67,8|10|10|17|0,8|10|10|17|0|7|0|2|0|10,8|10|10|17|0|7|0|2|0|10|16|2|0|9|9,73.2,73.2,59.9,59.4,55.7,54.7,43.2,39.9,39.4,32.5,32.0,26.4,25.4,22.6,22.6,18.7,18.7,16.9,16.9,14.3,14.3,13.1,13.1,10.2,9.2,9.2,7.4,165.4,B-,MORE 4.0 | 59.4% | Edge +1.9,MORE,4.0,59.4,1.88,18.8,Playable,5,Today Posted,5.0,6.0,6,6-6-5-8-6-7,50.0,100.0,4.61,Regular,14,1.04,Shane Baz,R,4.0,1.36,0.2391,0.0167,0.0786,4.25,1.35,0.2262,0.028,Target Field,0.98,1.03,84.4,5.4,60.0,1.0,warm,466,429,0.247,0.303,0.424,0.727,315,0.79,106,19,3,17,53,62,33,2,7,2026-08-12 vs Baltimore Orioles: 8 FS|2026-08-11 vs Baltimore Orioles: 10 FS|2026-08-10 vs Baltimore Orioles: 10 FS|2026-08-09 @ Milwaukee Brewers: 17 FS|2026-08-08 @ Milwaukee Brewers: 0 FS,2026-08-12 vs Baltimore Orioles: 8 FS|2026-08-11 vs Baltimore Orioles: 10 FS|2026-08-10 vs Baltimore Orioles: 10 FS|2026-08-09 @ Milwaukee Brewers: 17 FS|2026-08-08 @ Milwaukee Brewers: 0 FS|2026-08-06 @ Kansas City Royals: 7 FS|2026-08-05 @ Kansas City Royals: 0 FS|2026-08-04 @ Kansas City Royals: 2 FS|2026-08-02 @ Seattle Mariners: 0 FS|2026-08-01 @ Seattle Mariners: 10 FS,2026-08-12 vs Baltimore Orioles: 8 FS|2026-08-11 vs Baltimore Orioles: 10 FS|2026-08-10 vs Baltimore Orioles: 10 FS|2026-08-09 @ Milwaukee Brewers: 17 FS|2026-08-08 @ Milwaukee Brewers: 0 FS|2026-08-06 @ Kansas City Royals: 7 FS|2026-08-05 @ Kansas City Royals: 0 FS|2026-08-04 @ Kansas City Royals: 2 FS|2026-08-02 @ Seattle Mariners: 0 FS|2026-08-01 @ Seattle Mariners: 10 FS|2026-07-31 @ Seattle Mariners: 16 FS|2026-07-30 vs Kansas City Royals: 2 FS|2026-07-29 vs Kansas City Royals: 0 FS|2026-07-28 vs Kansas City Royals: 9 FS|2026-07-26 vs Athletics: 9 FS,15,30,6.9,6.0,Last 30 games + shrinkage,7.43,6.5,0.25,Neutral,6.9,1.625,0.2321,0.1071,0.0357,0.0714,0.0,7.49,7.33,7.21,7.47,6.91,28.0,16.0,20.0,16.0,20.0,6.0,23.45,69.0,31.0,Recent workload,No,49.6,37.9,64.9,73.4,1.082,132,1.02,1.0,1.0,1.0,75.0,303,83.47,23.1,0.99,24.09,0.28,0.8328,1.0,1.0,1.0,0.9749,487,Statcast,0.9547,37,Statcast,303,83.47,12.0,19.66,34.17,13.5,62.0,24.4,1.0018,1.0009,1.0052,1.0018,1.008,1.0028,7.13,0.23,Unknown/neutral,Neutral fallback,1.0,1.0,1.0,1.0,1.0,1.0,Neutral fallback,1.072,3,27.0,1.2039,27.0,1.0,0.1411,0.043,0.0084,0.0215,0.0663,0.0001,0.1778,0.4296,0.3169,0.2535,0.0308,0.1564,0.0044,1.0,Yes,5.87,0.36,8.81,14.45,4.11,0.0,Raw,65.2,65.2,52.4,52.4,49.7,49.7,38.7,35.9,35.9,29.5,29.5,25.4,25.4,22.6,22.6,18.7,18.7,16.9,16.9,14.3,14.3,13.1,13.1,10.2,9.2,9.2,7.4,8.0,8.0,7.5,7.0,6.0,5.0,4.5,4.0,3.5,3.0,2.5,1.0,0.0,0.0,0.0,0.0,0.0,0.0,0.0,0.0,0.0,0.0,0.0,0.0,0.0,0.0,0.0,Pass,
130,2026-08-12,Nolan Schanuel,LAA,TEX,TEX @ LAA,HOME,1B,6.66,6.11,6.11,5.04,4.77,5.27,5.47,5.27,0.964,8.2,6.4,6.13,7|0|13|3|18,7|0|13|3|18|6|5|12|0|0,7|0|13|3|18|6|5|12|0|0|3|9|3|7|6,81.2,81.2,67.9,67.4,62.1,61.1,48.2,47.7,41.9,33.9,33.4,26.2,25.2,21.4,21.4,16.8,16.8,14.3,14.3,11.3,11.3,9.9,9.9,7.8,7.8,6.8,6.8,164.96,B-,MORE 5.0 | 61.1% | Edge +1.1,MORE,5.0,61.1,1.11,22.2,Playable,3,Last 7 Confirmed,,3.0,7,3-3-3-3-3-3-3,100.0,97.0,4.92,Regular,14,1.04,Cal Quantrill,R,3.56,1.19,0.2138,0.0326,0.0688,4.24,1.28,0.2222,0.0327,Angel Stadium,1.0,1.04,86.3,10.0,241.0,0.0,"warm, light wind",417,367,0.272,0.348,0.387,0.735,304,0.78,100,21,0,7,39,42,39,6,1,2026-08-11 vs Texas Rangers: 7 FS|2026-08-10 vs Texas Rangers: 0 FS|2026-08-09 @ Miami Marlins: 13 FS|2026-08-08 @ Miami Marlins: 3 FS|2026-08-07 @ Miami Marlins: 18 FS,2026-08-11 vs Texas Rangers: 7 FS|2026-08-10 vs Texas Rangers: 0 FS|2026-08-09 @ Miami Marlins: 13 FS|2026-08-08 @ Miami Marlins: 3 FS|2026-08-07 @ Miami Marlins: 18 FS|2026-08-06 @ Baltimore Orioles: 6 FS|2026-08-05 @ Baltimore Orioles: 5 FS|2026-08-04 @ Baltimore Orioles: 12 FS|2026-08-02 vs Milwaukee Brewers: 0 FS|2026-08-01 vs Milwaukee Brewers: 0 FS,2026-08-11 vs Texas Rangers: 7 FS|2026-08-10 vs Texas Rangers: 0 FS|2026-08-09 @ Miami Marlins: 13 FS|2026-08-08 @ Miami Marlins: 3 FS|2026-08-07 @ Miami Marlins: 18 FS|2026-08-06 @ Baltimore Orioles: 6 FS|2026-08-05 @ Baltimore Orioles: 5 FS|2026-08-04 @ Baltimore Orioles: 12 FS|2026-08-02 vs Milwaukee Brewers: 0 FS|2026-08-01 vs Milwaukee Brewers: 0 FS|2026-07-31 vs Milwaukee Brewers: 3 FS|2026-07-29 vs Houston Astros: 9 FS|2026-07-28 vs Houston Astros: 3 FS|2026-07-27 vs Houston Astros: 7 FS|2026-07-26 @ San Francisco Giants: 6 FS,15,30,6.5,6.0,Last 30 games + shrinkage,7.43,6.14,0.224,Neutral,6.5,1.458,0.1864,0.0847,0.0169,0.1017,0.0,7.68,7.67,7.75,8.26,7.22,28.0,16.0,20.0,16.0,20.0,6.0,16.57,48.7,51.3,Recent workload,No,50.2,38.5,64.1,70.0,1.0619,99,2.22,1.0,1.0,1.0,75.0,257,81.96,20.62,0.78,32.68,0.334,0.846,1.0,1.0,1.0,1.0,465,Statcast,1.0342,44,Statcast,257,81.96,12.0,18.77,29.65,9.3,59.9,30.7,1.0309,0.9964,1.0174,0.9929,1.0065,1.0004,6.53,0.03,Unknown/neutral,Neutral fallback,1.0,1.0,1.0,1.0,1.0,1.0,Neutral fallback,1.072,3,27.0,0.8625,27.0,1.0,0.163,0.0463,0.0001,0.0119,0.1003,0.0082,0.1557,0.4344,0.2621,0.3034,0.0334,0.1095,0.0021,1.0,Projected,5.27,2.15,8.89,12.75,4.52,0.0,Raw,73.2,73.2,60.4,60.4,56.1,56.1,43.7,43.7,38.4,30.9,30.9,25.2,25.2,21.4,21.4,16.8,16.8,14.3,14.3,11.3,11.3,9.9,9.9,7.8,7.8,6.8,6.8,8.0,8.0,7.5,7.0,6.0,5.0,4.5,4.0,3.5,3.0,2.5,1.0,0.0,0.0,0.0,0.0,0.0,0.0,0.0,0.0,0.0,0.0,0.0,0.0,0.0,0.0,0.0,Low,
131,2026-08-12,Carson Kelly,CHC,WSH,CHC @ WSH,AWAY,C,6.28,6.58,6.58,5.14,5.6,5.75,6.32,5.75,0.91,6.0,5.6,5.0,7|9|5|0|9,7|9|5|0|9|20|0|3|3|0,7|9|5|0|9|20|0|3|3|0|9|8|2|0|0,80.0,80.0,68.5,68.0,61.9,60.9,48.5,48.0,43.3,35.5,35.0,28.9,27.9,23.8,23.8,19.9,19.9,17.8,17.8,15.5,14.1,14.1,11.6,11.6,10.8,10.8,8.7,164.57,B-,MORE 5.0 | 60.9% | Edge +1.6,MORE,5.0,60.9,1.58,21.8,Playable,7,Last 7 Confirmed,,7.0,4,8-7-7-4,50.0,88.0,3.95,Likely regular,11,1.0,Jackson Kent,L,4.2,1.25,0.224,0.03,0.085,4.73,1.39,0.2284,0.0356,Nationals Park,1.0,1.03,88.8,5.3,165.0,1.0,warm,316,280,0.264,0.348,0.379,0.727,109,0.995,74,11,0,7,41,43,33,3,0,2026-08-11 @ Washington Nationals: 7 FS|2026-08-08 @ Kansas City Royals: 9 FS|2026-08-07 @ Kansas City Royals: 5 FS|2026-08-06 vs Toronto Blue Jays: 0 FS|2026-08-05 vs Los Angeles Dodgers: 9 FS,2026-08-11 @ Washington Nationals: 7 FS|2026-08-08 @ Kansas City Royals: 9 FS|2026-08-07 @ Kansas City Royals: 5 FS|2026-08-06 vs Toronto Blue Jays: 0 FS|2026-08-05 vs Los Angeles Dodgers: 9 FS|2026-08-03 vs Los Angeles Dodgers: 20 FS|2026-08-02 vs New York Yankees: 0 FS|2026-08-01 vs New York Yankees: 3 FS|2026-07-30 @ St. Louis Cardinals: 3 FS|2026-07-29 @ St. Louis Cardinals: 0 FS,2026-08-11 @ Washington Nationals: 7 FS|2026-08-08 @ Kansas City Royals: 9 FS|2026-08-07 @ Kansas City Royals: 5 FS|2026-08-06 vs Toronto Blue Jays: 0 FS|2026-08-05 vs Los Angeles Dodgers: 9 FS|2026-08-03 vs Los Angeles Dodgers: 20 FS|2026-08-02 vs New York Yankees: 0 FS|2026-08-01 vs New York Yankees: 3 FS|2026-07-30 @ St. Louis Cardinals: 3 FS|2026-07-29 @ St. Louis Cardinals: 0 FS|2026-07-28 @ St. Louis Cardinals: 9 FS|2026-07-27 @ St. Louis Cardinals: 8 FS|2026-07-26 @ Pittsburgh Pirates: 2 FS|2026-07-24 @ Pittsburgh Pirates: 0 FS|2026-07-22 vs Detroit Tigers: 0 FS,15,30,5.5,3.5,Last 30 games + shrinkage,7.14,5.36,0.261,Neutral,5.5,1.562,0.25,0.0417,0.0208,0.0417,0.0,6.22,5.95,6.08,6.51,6.55,28.0,16.0,20.0,16.0,20.0,6.0,21.0,64.0,36.0,Season fallback,No,43.5,32.5,39.1,61.9,1.0,0,0.0,1.0,1.0,1.0,75.0,179,79.75,20.11,0.56,29.05,0.303,0.82,1.0,1.0,1.0,1.0,0,Fallback,1.0,0,Fallback,179,79.75,12.0,16.97,32.97,18.4,67.0,14.5,1.0344,0.9897,0.9954,0.9794,0.9635,1.0046,5.88,0.38,Unknown/neutral,Neutral fallback,1.0,1.0,1.0,1.0,1.0,1.0,Neutral fallback,1.072,3,27.0,0.8625,27.0,1.0,0.1622,0.0313,0.0008,0.0257,0.115,0.0034,0.182,0.5333,0.2667,0.2,0.0656,0.1542,0.0015,1.0,Projected,5.75,2.41,8.78,15.15,4.19,0.0,Raw,72.0,72.0,61.0,61.0,55.9,55.9,44.0,44.0,39.8,32.5,32.5,27.9,27.9,23.8,23.8,19.9,19.9,17.8,17.8,15.5,14.1,14.1,11.6,11.6,10.8,10.8,8.7,8.0,8.0,7.5,7.0,6.0,5.0,4.5,4.0,3.5,3.0,2.5,1.0,0.0,0.0,0.0,0.0,0.0,0.0,0.0,0.0,0.0,0.0,0.0,0.0,0.0,0.0,0.0,Low,
132,2026-08-12,Richie Palacios,TB,ATH,TB @ ATH,AWAY,2B,5.61,6.48,6.48,4.72,7.1,6.71,6.11,6.57,1.099,7.8,7.0,6.2,5|12|0|3|19,5|12|0|3|19|4|0|4|23|0,5|12|0|3|19|4|0|4|23|0|0|0|0|5|18,79.2,70.4,69.9,61.7,60.7,49.3,48.8,43.9,43.4,34.9,34.4,32.9,27.3,27.3,22.7,22.7,19.5,19.5,17.2,17.2,14.8,14.8,14.8,13.4,13.4,10.8,10.8,164.08,B-,MORE 4.5 | 60.7% | Edge +2.0,MORE,4.5,60.7,1.98,21.4,Playable,8,Today Posted,8.0,8.0,6,8-8-8-8-7-8,83.3,100.0,3.34,Usage risk,6,0.88,Jack Perkins,R,7.0,1.49,0.2384,0.0411,0.0877,5.49,1.5,0.2358,0.0399,Sutter Health Park,1.0,1.03,83.2,4.8,236.0,0.0,warm,286,246,0.24,0.34,0.354,0.694,245,0.712,59,9,2,5,35,35,35,3,10,2026-08-12 @ Athletics: 5 FS|2026-08-11 @ Athletics: 12 FS|2026-08-10 @ Athletics: 0 FS|2026-08-09 @ Seattle Mariners: 3 FS|2026-08-08 @ Seattle Mariners: 19 FS,2026-08-12 @ Athletics: 5 FS|2026-08-11 @ Athletics: 12 FS|2026-08-10 @ Athletics: 0 FS|2026-08-09 @ Seattle Mariners: 3 FS|2026-08-08 @ Seattle Mariners: 19 FS|2026-08-07 @ Seattle Mariners: 4 FS|2026-08-05 @ Colorado Rockies: 0 FS|2026-08-04 @ Colorado Rockies: 4 FS|2026-08-03 @ Colorado Rockies: 23 FS|2026-08-02 vs Chicago White Sox: 0 FS,2026-08-12 @ Athletics: 5 FS|2026-08-11 @ Athletics: 12 FS|2026-08-10 @ Athletics: 0 FS|2026-08-09 @ Seattle Mariners: 3 FS|2026-08-08 @ Seattle Mariners: 19 FS|2026-08-07 @ Seattle Mariners: 4 FS|2026-08-05 @ Colorado Rockies: 0 FS|2026-08-04 @ Colorado Rockies: 4 FS|2026-08-03 @ Colorado Rockies: 23 FS|2026-08-02 vs Chicago White Sox: 0 FS|2026-07-31 vs Chicago White Sox: 0 FS|2026-07-28 vs Texas Rangers: 0 FS|2026-07-26 vs Cleveland Guardians: 0 FS|2026-07-25 vs Cleveland Guardians: 5 FS|2026-07-24 vs Cleveland Guardians: 18 FS,15,30,6.17,4.0,Last 30 games + shrinkage,6.14,5.36,0.29,Neutral,6.17,1.923,0.2308,0.0513,0.0256,0.1795,0.0256,6.09,6.58,6.23,6.31,5.3,28.0,16.0,20.0,16.0,20.0,6.0,18.37,54.0,46.0,Recent workload,No,40.5,29.7,59.0,60.6,0.9243,85,1.55,1.0,1.0,1.0,75.0,169,80.25,20.12,1.18,33.14,0.335,0.8279,1.0,1.0,1.0,0.9971,348,Statcast,1.0534,38,Statcast,169,80.25,12.0,18.02,32.26,14.8,64.5,20.7,1.023,0.9915,0.9911,0.983,0.9651,0.9991,6.09,-0.07,Unknown/neutral,Neutral fallback,1.0,1.0,1.0,1.0,1.0,1.0,Neutral fallback,1.072,3,27.0,1.3,27.0,0.9974,0.1575,0.0306,0.0036,0.0279,0.1455,0.0097,0.2062,0.4125,0.275,0.3124,0.0534,0.1224,0.0164,1.0,Yes,6.57,1.42,9.11,16.8,3.9,0.0,Raw,71.2,62.4,62.4,54.7,54.7,44.3,44.3,39.9,39.9,31.9,31.9,31.9,27.3,27.3,22.7,22.7,19.5,19.5,17.2,17.2,14.8,14.8,14.8,13.4,13.4,10.8,10.8,8.0,8.0,7.5,7.0,6.0,5.0,4.5,4.0,3.5,3.0,2.5,1.0,0.0,0.0,0.0,0.0,0.0,0.0,0.0,0.0,0.0,0.0,0.0,0.0,0.0,0.0,0.0,Low,
133,2026-08-12,Gleyber Torres,DET,CLE,CLE @ DET,HOME,2B,7.06,5.51,5.51,3.34,7.45,6.94,5.75,6.62,1.207,3.4,8.6,8.0,5|0|4|3|5,5|0|4|3|5|7|18|21|21|2,5|0|4|3|5|7|18|21|21|2|5|27|0|0|2,62.5,62.5,53.8,53.3,52.3,41.5,41.0,36.5,36.0,28.2,27.7,26.2,22.2,22.2,18.2,18.2,18.2,15.7,15.7,13.6,13.6,12.0,12.0,12.0,11.2,11.2,8.7,163.98,B-,MORE 3.0 | 62.5% | Edge +2.5,MORE,3.0,62.5,2.51,25.0,Good,2,Last 7 Confirmed,,2.0,7,2-2-2-2-2-2-2,100.0,97.0,4.94,Regular,13,1.04,Foster Griffin,L,3.31,1.11,0.2128,0.0385,0.0587,3.85,1.27,0.213,0.0304,Comerica Park,0.97,1.04,81.9,12.2,239.0,10.0,"warm, light wind",275,230,0.257,0.371,0.383,0.754,72,0.616,59,8,0,7,39,30,40,3,0,2026-08-11 vs Cleveland Guardians: 5 FS|2026-08-09 @ San Francisco Giants: 0 FS|2026-08-08 @ San Francisco Giants: 4 FS|2026-08-07 @ San Francisco Giants: 3 FS|2026-08-06 @ Seattle Mariners: 5 FS,2026-08-11 vs Cleveland Guardians: 5 FS|2026-08-09 @ San Francisco Giants: 0 FS|2026-08-08 @ San Francisco Giants: 4 FS|2026-08-07 @ San Francisco Giants: 3 FS|2026-08-06 @ Seattle Mariners: 5 FS|2026-08-05 @ Seattle Mariners: 7 FS|2026-08-04 @ Seattle Mariners: 18 FS|2026-08-02 @ Athletics: 21 FS|2026-08-01 @ Athletics: 21 FS|2026-07-31 @ Athletics: 2 FS,2026-08-11 vs Cleveland Guardians: 5 FS|2026-08-09 @ San Francisco Giants: 0 FS|2026-08-08 @ San Francisco Giants: 4 FS|2026-08-07 @ San Francisco Giants: 3 FS|2026-08-06 @ Seattle Mariners: 5 FS|2026-08-05 @ Seattle Mariners: 7 FS|2026-08-04 @ Seattle Mariners: 18 FS|2026-08-02 @ Athletics: 21 FS|2026-08-01 @ Athletics: 21 FS|2026-07-31 @ Athletics: 2 FS|2026-07-29 vs Baltimore Orioles: 5 FS|2026-07-28 vs Baltimore Orioles: 27 FS|2026-07-27 vs Baltimore Orioles: 0 FS|2026-07-26 vs Kansas City Royals: 0 FS|2026-07-25 vs Kansas City Royals: 2 FS,15,30,8.27,5.0,Last 30 games + shrinkage,6.0,8.43,0.193,Cold,8.27,1.844,0.1719,0.0781,0.0469,0.0938,0.0,7.86,8.37,8.15,7.52,7.14,28.0,16.0,20.0,16.0,20.0,6.0,24.7,72.6,27.4,Recent workload,No,47.0,35.6,29.8,52.8,1.134,51,-1.46,1.0,1.0,1.0,75.0,123,82.63,20.33,0.81,25.2,0.306,0.8326,1.0,1.0,1.0,0.9432,262,Statcast,1.0,10,Fallback,123,82.63,12.0,20.58,33.12,10.6,71.5,17.9,1.0301,1.009,1.0984,1.1777,0.9519,0.9874,7.22,-1.05,Unknown/neutral,Neutral fallback,1.0,1.0,1.0,1.0,1.0,1.0,Neutral fallback,1.072,3,27.0,0.8625,27.0,1.0,0.0889,0.0361,0.0013,0.0215,0.126,0.0135,0.2092,0.4912,0.2982,0.2106,0.1138,0.1203,0.002,1.0,Projected,6.62,0.92,8.16,15.4,4.41,0.0,Raw,54.5,54.5,46.3,46.3,46.3,36.5,36.5,32.5,32.5,25.2,25.2,25.2,22.2,22.2,18.2,18.2,18.2,15.7,15.7,13.6,13.6,12.0,12.0,12.0,11.2,11.2,8.7,8.0,8.0,7.5,7.0,6.0,5.0,4.5,4.0,3.5,3.0,2.5,1.0,0.0,0.0,0.0,0.0,0.0,0.0,0.0,0.0,0.0,0.0,0.0,0.0,0.0,0.0,0.0,Pass,
134,2026-08-12,Kody Clemens,MIN,BAL,BAL @ MIN,HOME,1B,6.66,5.85,5.85,3.0,7.25,6.81,6.81,6.81,1.0,6.4,4.9,7.07,9|2|18|0|3,9|2|18|0|3|0|3|7|5|2,9|2|18|0|3|0|3|7|5|2|0|20|3|9|25,67.2,67.2,57.1,56.6,51.9,50.9,40.9,38.5,38.0,31.4,30.9,26.8,25.8,22.6,22.6,19.8,19.8,18.2,18.2,16.0,16.0,15.1,15.1,11.9,11.9,11.3,11.3,163.32,B-,MORE 3.0 | 67.2% | Edge +2.8,MORE,3.0,67.2,2.85,34.4,Good,4,Today Posted,4.0,4.0,6,4-4-5-5-3-4,50.0,100.0,4.82,Regular,14,1.04,Shane Baz,R,4.0,1.36,0.2391,0.0167,0.0786,4.25,1.35,0.2262,0.028,Target Field,0.98,1.03,84.4,5.4,60.0,1.0,warm,428,391,0.23,0.289,0.46,0.749,319,0.756,90,20,5,20,55,56,27,6,8,2026-08-12 vs Baltimore Orioles: 9 FS|2026-08-11 vs Baltimore Orioles: 2 FS|2026-08-09 @ Milwaukee Brewers: 18 FS|2026-08-08 @ Milwaukee Brewers: 0 FS|2026-08-07 @ Milwaukee Brewers: 3 FS,2026-08-12 vs Baltimore Orioles: 9 FS|2026-08-11 vs Baltimore Orioles: 2 FS|2026-08-09 @ Milwaukee Brewers: 18 FS|2026-08-08 @ Milwaukee Brewers: 0 FS|2026-08-07 @ Milwaukee Brewers: 3 FS|2026-08-06 @ Kansas City Royals: 0 FS|2026-08-05 @ Kansas City Royals: 3 FS|2026-08-04 @ Kansas City Royals: 7 FS|2026-08-02 @ Seattle Mariners: 5 FS|2026-08-01 @ Seattle Mariners: 2 FS,2026-08-12 vs Baltimore Orioles: 9 FS|2026-08-11 vs Baltimore Orioles: 2 FS|2026-08-09 @ Milwaukee Brewers: 18 FS|2026-08-08 @ Milwaukee Brewers: 0 FS|2026-08-07 @ Milwaukee Brewers: 3 FS|2026-08-06 @ Kansas City Royals: 0 FS|2026-08-05 @ Kansas City Royals: 3 FS|2026-08-04 @ Kansas City Royals: 7 FS|2026-08-02 @ Seattle Mariners: 5 FS|2026-08-01 @ Seattle Mariners: 2 FS|2026-07-31 @ Seattle Mariners: 0 FS|2026-07-30 vs Kansas City Royals: 20 FS|2026-07-29 vs Kansas City Royals: 3 FS|2026-07-28 vs Kansas City Royals: 9 FS|2026-07-26 vs Athletics: 25 FS,15,30,6.5,3.0,Last 30 games + shrinkage,5.0,5.79,0.151,Cold,6.5,1.397,0.1379,0.0517,0.0345,0.069,0.0172,8.37,7.43,7.51,7.53,7.21,28.0,16.0,20.0,16.0,20.0,6.0,23.45,69.0,31.0,Recent workload,No,50.3,38.6,65.2,72.2,0.9447,156,1.02,1.0,1.0,1.0,75.0,285,85.47,29.12,2.46,22.81,0.379,0.9604,1.0,1.0,1.0,0.999,563,Statcast,0.9721,40,Statcast,285,85.47,12.0,19.97,35.0,11.6,60.4,28.1,1.0018,1.0065,1.0255,1.0129,1.0449,0.9962,6.18,-0.32,Unknown/neutral,Neutral fallback,1.0,1.0,1.0,1.0,1.0,1.0,Neutral fallback,1.072,3,27.0,1.1993,27.0,0.9418,0.0892,0.0412,0.0116,0.0281,0.0578,0.0125,0.2185,0.4307,0.365,0.2043,0.0366,0.1418,0.0074,1.0,Yes,6.81,0.0,9.0,16.0,4.27,0.0,Raw,59.2,59.2,49.6,49.6,45.9,45.9,36.4,34.5,34.5,28.4,28.4,25.8,25.8,22.6,22.6,19.8,19.8,18.2,18.2,16.0,16.0,15.1,15.1,11.9,11.9,11.3,11.3,8.0,8.0,7.5,7.0,6.0,5.0,4.5,4.0,3.5,3.0,2.5,1.0,0.0,0.0,0.0,0.0,0.0,0.0,0.0,0.0,0.0,0.0,0.0,0.0,0.0,0.0,0.0,Pass,
135,2026-08-12,Zach Neto,LAA,TEX,TEX @ LAA,HOME,SS,6.57,6.12,6.12,4.1,6.55,6.35,6.67,6.35,0.953,4.8,5.3,5.27,17|0|7|0|0,17|0|7|0|0|21|0|3|5|0,17|0|7|0|0|21|0|3|5|0|3|4|10|9|0,71.6,71.6,59.6,59.1,54.9,53.9,43.1,42.6,39.4,32.6,32.1,27.4,26.4,23.3,23.3,20.3,20.3,18.8,18.8,17.0,17.0,16.0,16.0,12.6,12.6,11.9,11.9,163.2,B-,MORE 4.0 | 59.1% | Edge +2.1,MORE,4.0,59.1,2.12,18.2,Playable,4,Last 7 Confirmed,,4.0,7,1-1-4-4-4-4-1,57.1,97.0,4.82,Regular,14,1.04,Cal Quantrill,R,3.56,1.19,0.2138,0.0326,0.0688,4.24,1.28,0.2222,0.0327,Angel Stadium,1.0,1.04,86.3,10.0,241.0,0.0,"warm, light wind",524,466,0.225,0.309,0.416,0.725,383,0.707,105,23,3,20,75,52,49,8,15,2026-08-11 vs Texas Rangers: 17 FS|2026-08-10 vs Texas Rangers: 0 FS|2026-08-09 @ Miami Marlins: 7 FS|2026-08-08 @ Miami Marlins: 0 FS|2026-08-07 @ Miami Marlins: 0 FS,2026-08-11 vs Texas Rangers: 17 FS|2026-08-10 vs Texas Rangers: 0 FS|2026-08-09 @ Miami Marlins: 7 FS|2026-08-08 @ Miami Marlins: 0 FS|2026-08-07 @ Miami Marlins: 0 FS|2026-08-06 @ Baltimore Orioles: 21 FS|2026-08-05 @ Baltimore Orioles: 0 FS|2026-08-04 @ Baltimore Orioles: 3 FS|2026-08-02 vs Milwaukee Brewers: 5 FS|2026-08-01 vs Milwaukee Brewers: 0 FS,2026-08-11 vs Texas Rangers: 17 FS|2026-08-10 vs Texas Rangers: 0 FS|2026-08-09 @ Miami Marlins: 7 FS|2026-08-08 @ Miami Marlins: 0 FS|2026-08-07 @ Miami Marlins: 0 FS|2026-08-06 @ Baltimore Orioles: 21 FS|2026-08-05 @ Baltimore Orioles: 0 FS|2026-08-04 @ Baltimore Orioles: 3 FS|2026-08-02 vs Milwaukee Brewers: 5 FS|2026-08-01 vs Milwaukee Brewers: 0 FS|2026-07-31 vs Milwaukee Brewers: 3 FS|2026-07-29 vs Houston Astros: 4 FS|2026-07-28 vs Houston Astros: 10 FS|2026-07-27 vs Houston Astros: 9 FS|2026-07-26 @ San Francisco Giants: 0 FS,15,30,6.77,5.0,Last 30 games + shrinkage,6.43,5.64,0.167,Cold,6.77,1.254,0.1587,0.0476,0.0159,0.0476,0.0317,8.96,7.98,7.75,8.32,7.34,28.0,16.0,20.0,16.0,20.0,6.0,16.57,48.7,51.3,Recent workload,No,51.4,39.7,69.3,71.2,1.114,132,2.22,1.0,1.0,1.0,75.0,272,82.92,27.21,2.57,26.84,0.372,0.9198,1.0,1.0,1.0,1.0004,521,Statcast,1.0246,56,Statcast,272,82.92,12.0,17.99,35.0,19.9,65.8,14.3,1.0309,0.9987,1.0259,0.9974,1.0219,0.9913,6.05,-0.72,Unknown/neutral,Neutral fallback,1.0,1.0,1.0,1.0,1.0,1.0,Neutral fallback,1.072,3,27.0,1.3,27.0,1.0,0.11,0.0415,0.0052,0.0296,0.0594,0.0143,0.2701,0.3565,0.4261,0.2174,0.0279,0.109,0.0138,1.0,Projected,6.35,0.29,8.86,15.53,4.42,0.0,Raw,63.6,63.6,52.1,52.1,48.9,48.9,38.6,38.6,35.9,29.6,29.6,26.4,26.4,23.3,23.3,20.3,20.3,18.8,18.8,17.0,17.0,16.0,16.0,12.6,12.6,11.9,11.9,8.0,8.0,7.5,7.0,6.0,5.0,4.5,4.0,3.5,3.0,2.5,1.0,0.0,0.0,0.0,0.0,0.0,0.0,0.0,0.0,0.0,0.0,0.0,0.0,0.0,0.0,0.0,Low,
136,2026-08-12,Max Clark,DET,CLE,CLE @ DET,HOME,CF,6.18,5.68,5.68,3.71,7.21,6.46,5.98,6.32,1.08,6.4,8.8,8.8,5|2|17|3|5,5|2|17|3|5|5|2|9|19|21,5|2|17|3|5|5|2|9|19|21,72.6,60.0,59.5,55.9,54.9,42.0,41.5,37.9,37.4,30.4,29.9,28.4,23.6,23.6,20.8,20.8,17.3,17.3,15.6,15.6,13.3,13.3,12.0,12.0,12.0,9.5,9.5,161.88,B-,MORE 3.5 | 59.5% | Edge +2.2,MORE,3.5,59.5,2.18,19.0,Playable,7,Last 7 Confirmed,,7.0,7,7-7-7-7-7-7-7,100.0,97.0,3.83,Likely regular,10,1.0,Foster Griffin,L,3.31,1.11,0.2128,0.0385,0.0587,3.85,1.27,0.213,0.0304,Comerica Park,0.97,1.04,81.9,12.2,239.0,10.0,"warm, light wind",46,41,0.293,0.37,0.463,0.833,12,1.167,12,2,1,1,6,7,4,1,0,2026-08-11 vs Cleveland Guardians: 5 FS|2026-08-09 @ San Francisco Giants: 2 FS|2026-08-08 @ San Francisco Giants: 17 FS|2026-08-07 @ San Francisco Giants: 3 FS|2026-08-06 @ Seattle Mariners: 5 FS,2026-08-11 vs Cleveland Guardians: 5 FS|2026-08-09 @ San Francisco Giants: 2 FS|2026-08-08 @ San Francisco Giants: 17 FS|2026-08-07 @ San Francisco Giants: 3 FS|2026-08-06 @ Seattle Mariners: 5 FS|2026-08-05 @ Seattle Mariners: 5 FS|2026-08-04 @ Seattle Mariners: 2 FS|2026-08-02 @ Athletics: 9 FS|2026-08-01 @ Athletics: 19 FS|2026-07-31 @ Athletics: 21 FS,2026-08-11 vs Cleveland Guardians: 5 FS|2026-08-09 @ San Francisco Giants: 2 FS|2026-08-08 @ San Francisco Giants: 17 FS|2026-08-07 @ San Francisco Giants: 3 FS|2026-08-06 @ Seattle Mariners: 5 FS|2026-08-05 @ Seattle Mariners: 5 FS|2026-08-04 @ Seattle Mariners: 2 FS|2026-08-02 @ Athletics: 9 FS|2026-08-01 @ Athletics: 19 FS|2026-07-31 @ Athletics: 21 FS,10,10,8.8,5.0,Last 10 games + shrinkage,5.57,8.8,0.293,Neutral,8.8,1.913,0.2609,0.087,0.0217,0.087,0.0,6.02,6.09,6.09,5.5,6.0,28.0,16.0,20.0,16.0,20.0,6.0,24.7,72.6,27.4,Recent workload,No,31.6,22.1,6.6,37.1,1.1245,31,-1.46,1.0,1.0,1.0,75.0,65,82.31,21.54,0.0,40.0,0.377,0.8789,1.0,1.0,1.0,0.9324,131,Statcast,1.0,6,Fallback,65,82.31,11.73,22.85,24.72,24.6,64.6,10.8,1.0301,1.0091,1.0988,1.178,0.9525,0.9868,7.7,-1.1,Unknown/neutral,Neutral fallback,1.0,1.0,1.0,1.0,1.0,1.0,Neutral fallback,1.072,3,27.0,0.8625,27.0,1.0,0.1407,0.0438,0.012,0.0214,0.0763,0.0103,0.2627,0.3078,0.3845,0.3078,0.103,0.1251,0.0065,1.0,Projected,6.32,0.0,8.03,14.51,3.86,0.0,Raw,64.6,52.0,52.0,48.9,48.9,37.0,37.0,33.9,33.9,27.4,27.4,27.4,23.6,23.6,20.8,20.8,17.3,17.3,15.6,15.6,13.3,13.3,12.0,12.0,12.0,9.5,9.5,8.0,8.0,7.5,7.0,6.0,5.0,4.5,4.0,3.5,3.0,2.5,1.0,0.0,0.0,0.0,0.0,0.0,0.0,0.0,0.0,0.0,0.0,0.0,0.0,0.0,0.0,0.0,Pass,
137,2026-08-12,Manny Machado,SD,MIL,MIL @ SD,HOME,3B,7.17,5.88,5.88,3.85,6.79,6.5,6.25,6.43,1.04,5.2,5.5,5.73,11|0|3|3|9,11|0|3|3|9|6|2|21|0|0,11|0|3|3|9|6|2|21|0|0|4|7|0|5|15,74.0,61.3,60.8,55.6,54.6,42.5,42.0,37.7,37.2,30.1,29.6,28.1,23.2,23.2,20.1,20.1,17.5,17.5,16.1,16.1,14.5,14.5,13.8,13.8,10.8,10.8,10.4,161.02,B-,MORE 3.5 | 60.8% | Edge +2.4,MORE,3.5,60.8,2.38,21.6,Playable,3,Today Posted,3.0,3.0,7,3-3-3-3-3-3-3,100.0,100.0,4.92,Regular,14,1.04,Dustin May,R,4.3,1.27,0.2241,0.0166,0.0788,3.54,1.17,0.1976,0.0278,Petco Park,0.94,1.03,81.0,7.9,260.0,1.0,warm,500,437,0.215,0.299,0.419,0.718,379,0.712,94,20,0,23,61,70,55,0,2,2026-08-11 vs Milwaukee Brewers: 11 FS|2026-08-10 vs Milwaukee Brewers: 0 FS|2026-08-09 vs Houston Astros: 3 FS|2026-08-08 vs Houston Astros: 3 FS|2026-08-07 vs Houston Astros: 9 FS,2026-08-11 vs Milwaukee Brewers: 11 FS|2026-08-10 vs Milwaukee Brewers: 0 FS|2026-08-09 vs Houston Astros: 3 FS|2026-08-08 vs Houston Astros: 3 FS|2026-08-07 vs Houston Astros: 9 FS|2026-08-06 @ Arizona Diamondbacks: 6 FS|2026-08-05 @ Arizona Diamondbacks: 2 FS|2026-08-04 @ Arizona Diamondbacks: 21 FS|2026-08-03 @ Arizona Diamondbacks: 0 FS|2026-08-02 vs San Francisco Giants: 0 FS,2026-08-11 vs Milwaukee Brewers: 11 FS|2026-08-10 vs Milwaukee Brewers: 0 FS|2026-08-09 vs Houston Astros: 3 FS|2026-08-08 vs Houston Astros: 3 FS|2026-08-07 vs Houston Astros: 9 FS|2026-08-06 @ Arizona Diamondbacks: 6 FS|2026-08-05 @ Arizona Diamondbacks: 2 FS|2026-08-04 @ Arizona Diamondbacks: 21 FS|2026-08-03 @ Arizona Diamondbacks: 0 FS|2026-08-02 vs San Francisco Giants: 0 FS|2026-08-01 vs San Francisco Giants: 4 FS|2026-07-31 vs San Francisco Giants: 7 FS|2026-07-30 vs San Francisco Giants: 0 FS|2026-07-29 vs Colorado Rockies: 5 FS|2026-07-28 vs Colorado Rockies: 15 FS,15,30,7.93,6.5,Last 30 games + shrinkage,4.86,5.07,0.212,Neutral,7.93,1.224,0.1897,0.0345,0.0,0.0862,0.0,8.06,8.39,7.42,7.65,7.08,28.0,16.0,20.0,16.0,20.0,6.0,20.64,60.7,39.3,Recent workload,No,51.6,39.8,69.0,71.2,1.0759,173,1.61,1.0,1.0,1.0,75.0,272,85.06,29.41,2.57,33.09,0.43,0.9957,1.0,1.0,1.0,1.0563,671,Statcast,0.9767,57,Statcast,272,85.06,12.0,26.01,30.08,23.5,60.3,16.2,1.0098,0.9961,1.0327,1.0529,0.9569,0.9822,6.45,-1.49,Unknown/neutral,Neutral fallback,1.0,1.0,1.0,1.0,1.0,1.0,Neutral fallback,1.072,3,27.0,0.9423,27.0,0.9968,0.1365,0.0299,0.0001,0.0288,0.0987,0.0001,0.2302,0.3567,0.3567,0.2867,0.0458,0.1607,0.0001,1.0,Yes,6.43,1.77,8.01,16.33,4.22,0.0,Raw,66.0,53.3,53.3,48.6,48.6,37.5,37.5,33.7,33.7,27.1,27.1,27.1,23.2,23.2,20.1,20.1,17.5,17.5,16.1,16.1,14.5,14.5,13.8,13.8,10.8,10.8,10.4,8.0,8.0,7.5,7.0,6.0,5.0,4.5,4.0,3.5,3.0,2.5,1.0,0.0,0.0,0.0,0.0,0.0,0.0,0.0,0.0,0.0,0.0,0.0,0.0,0.0,0.0,0.0,Pass,
138,2026-08-12,Gary Sánchez,MIL,SD,MIL @ SD,AWAY,C,6.75,6.24,6.24,5.04,6.08,6.05,6.25,6.05,0.969,5.2,5.1,5.53,0|9|0|17|0,0|9|0|17|0|13|0|0|5|7,0|9|0|17|0|13|0|0|5|7|4|15|7|4|2,75.3,75.3,67.2,66.7,56.4,55.4,45.5,45.0,39.6,31.5,31.0,26.2,25.2,20.8,20.8,18.1,18.1,16.0,16.0,14.5,14.5,13.5,13.5,11.0,11.0,10.4,10.4,160.7,B-,MORE 4.0 | 66.7% | Edge +2.2,MORE,4.0,66.7,2.24,33.4,Good,6,Today Posted,6.0,7.0,2,7-7,100.0,100.0,4.15,Likely regular,11,1.0,Robbie Ray,L,3.24,1.33,0.2011,0.0298,0.1155,4.12,1.31,0.218,0.0296,Petco Park,0.94,1.03,81.0,7.9,260.0,1.0,warm,201,161,0.224,0.373,0.447,0.82,82,0.9,36,7,1,9,30,27,37,2,0,2026-08-11 @ San Diego Padres: 0 FS|2026-08-09 vs Minnesota Twins: 9 FS|2026-08-08 vs Minnesota Twins: 0 FS|2026-08-06 vs Pittsburgh Pirates: 17 FS|2026-07-29 @ San Francisco Giants: 0 FS,2026-08-11 @ San Diego Padres: 0 FS|2026-08-09 vs Minnesota Twins: 9 FS|2026-08-08 vs Minnesota Twins: 0 FS|2026-08-06 vs Pittsburgh Pirates: 17 FS|2026-07-29 @ San Francisco Giants: 0 FS|2026-07-26 vs Colorado Rockies: 13 FS|2026-07-24 vs Colorado Rockies: 0 FS|2026-07-21 vs New York Mets: 0 FS|2026-07-19 vs Miami Marlins: 5 FS|2026-07-12 @ Pittsburgh Pirates: 7 FS,2026-08-11 @ San Diego Padres: 0 FS|2026-08-09 vs Minnesota Twins: 9 FS|2026-08-08 vs Minnesota Twins: 0 FS|2026-08-06 vs Pittsburgh Pirates: 17 FS|2026-07-29 @ San Francisco Giants: 0 FS|2026-07-26 vs Colorado Rockies: 13 FS|2026-07-24 vs Colorado Rockies: 0 FS|2026-07-21 vs New York Mets: 0 FS|2026-07-19 vs Miami Marlins: 5 FS|2026-07-12 @ Pittsburgh Pirates: 7 FS|2026-07-11 @ Pittsburgh Pirates: 4 FS|2026-07-07 @ St. Louis Cardinals: 15 FS|2026-07-05 @ Arizona Diamondbacks: 7 FS|2026-07-01 vs Cincinnati Reds: 4 FS|2026-06-29 vs Cincinnati Reds: 2 FS,15,30,5.87,4.0,Last 30 games + shrinkage,5.57,5.79,0.242,Neutral,5.87,1.884,0.186,0.093,0.0233,0.2326,0.0,6.94,7.17,6.86,6.77,6.54,28.0,16.0,20.0,16.0,20.0,6.0,24.69,72.6,27.4,Recent workload,No,30.8,22.1,32.5,39.2,1.09,47,1.93,1.0,1.0,1.0,75.0,71,83.7,29.58,2.82,32.39,0.306,0.8886,1.0,1.0,1.0,1.0486,223,Statcast,0.946,13,Statcast,71,83.7,12.0,11.07,34.13,23.9,62.0,14.1,1.0074,0.9879,0.9994,1.0355,0.9035,0.9953,5.47,-0.39,Unknown/neutral,Neutral fallback,1.0,1.0,1.0,1.0,1.0,1.0,Neutral fallback,1.072,3,27.0,0.8625,27.0,1.0,0.1045,0.0332,0.0056,0.027,0.1785,0.0064,0.1926,0.4286,0.2857,0.2857,0.094,0.1291,0.0033,1.0,Yes,6.05,2.13,8.91,15.69,4.07,0.0,Raw,67.3,67.3,59.7,59.7,50.4,50.4,41.0,41.0,36.1,28.5,28.5,25.2,25.2,20.8,20.8,18.1,18.1,16.0,16.0,14.5,14.5,13.5,13.5,11.0,11.0,10.4,10.4,8.0,8.0,7.5,7.0,6.0,5.0,4.5,4.0,3.5,3.0,2.5,1.0,0.0,0.0,0.0,0.0,0.0,0.0,0.0,0.0,0.0,0.0,0.0,0.0,0.0,0.0,0.0,Low,
139,2026-08-12,Daylen Lile,WSH,CHC,CHC @ WSH,HOME,LF,5.73,5.51,5.51,3.5,7.4,6.91,6.09,6.64,1.135,8.0,6.8,7.6,0|8|7|25|0,0|8|7|25|0|2|0|16|10|0,0|8|7|25|0|2|0|16|10|0|3|28|3|9|3,58.2,58.2,53.9,53.4,52.4,40.3,39.8,36.8,36.3,29.7,29.2,27.7,22.9,22.9,20.3,20.3,17.1,17.1,15.5,15.5,15.5,13.3,13.3,12.3,12.3,9.5,9.5,160.7,B-,MORE 3.0 | 58.2% | Edge +2.5,MORE,3.0,58.2,2.51,16.4,Playable,8,Today Posted,8.0,4.0,6,7-4-4-4-4-7,66.7,100.0,4.04,Regular,12,1.04,David Peterson,L,5.35,1.5,0.2437,0.0231,0.0903,4.07,1.25,0.221,0.04,Nationals Park,1.0,1.03,88.8,5.3,165.0,1.0,warm,492,454,0.244,0.295,0.416,0.711,135,0.59,111,23,5,15,60,61,28,6,11,2026-08-11 vs Chicago Cubs: 0 FS|2026-08-09 vs Cincinnati Reds: 8 FS|2026-08-08 vs Cincinnati Reds: 7 FS|2026-08-07 vs Cincinnati Reds: 25 FS|2026-08-06 @ Philadelphia Phillies: 0 FS,2026-08-11 vs Chicago Cubs: 0 FS|2026-08-09 vs Cincinnati Reds: 8 FS|2026-08-08 vs Cincinnati Reds: 7 FS|2026-08-07 vs Cincinnati Reds: 25 FS|2026-08-06 @ Philadelphia Phillies: 0 FS|2026-08-05 @ Philadelphia Phillies: 2 FS|2026-08-04 @ Philadelphia Phillies: 0 FS|2026-08-03 @ Philadelphia Phillies: 16 FS|2026-08-02 @ Atlanta Braves: 10 FS|2026-08-01 @ Atlanta Braves: 0 FS,2026-08-11 vs Chicago Cubs: 0 FS|2026-08-09 vs Cincinnati Reds: 8 FS|2026-08-08 vs Cincinnati Reds: 7 FS|2026-08-07 vs Cincinnati Reds: 25 FS|2026-08-06 @ Philadelphia Phillies: 0 FS|2026-08-05 @ Philadelphia Phillies: 2 FS|2026-08-04 @ Philadelphia Phillies: 0 FS|2026-08-03 @ Philadelphia Phillies: 16 FS|2026-08-02 @ Atlanta Braves: 10 FS|2026-08-01 @ Atlanta Braves: 0 FS|2026-07-31 @ Atlanta Braves: 3 FS|2026-07-30 @ Atlanta Braves: 28 FS|2026-07-29 vs Toronto Blue Jays: 3 FS|2026-07-28 vs Toronto Blue Jays: 9 FS|2026-07-27 vs Toronto Blue Jays: 3 FS,15,30,6.8,5.0,Last 30 games + shrinkage,6.0,7.93,0.245,Neutral,6.8,2.135,0.2308,0.0962,0.0769,0.0385,0.0192,6.8,6.73,7.1,6.51,5.72,28.0,16.0,20.0,16.0,20.0,6.0,22.26,65.5,34.5,Recent workload,No,47.3,35.7,44.3,72.6,1.0008,108,0.16,1.0,1.0,1.0,75.0,291,82.74,20.62,1.72,33.33,0.34,0.8672,1.0,1.0,1.0,0.9509,541,Statcast,1.0,11,Fallback,291,82.74,12.0,21.38,29.47,14.4,61.5,24.1,1.0357,0.9997,1.0345,0.9993,1.0335,1.0039,7.12,0.32,Unknown/neutral,Neutral fallback,1.0,1.0,1.0,1.0,1.0,1.0,Neutral fallback,1.072,3,27.0,1.3,27.0,1.0,0.1387,0.0291,0.01,0.0212,0.0507,0.0184,0.1902,0.3333,0.4242,0.2425,0.0592,0.1157,0.0157,1.0,Yes,6.64,0.0,8.04,14.84,4.04,0.0,Raw,50.2,50.2,46.4,46.4,46.4,35.3,35.3,32.8,32.8,26.7,26.7,26.7,22.9,22.9,20.3,20.3,17.1,17.1,15.5,15.5,15.5,13.3,13.3,12.3,12.3,9.5,9.5,8.0,8.0,7.5,7.0,6.0,5.0,4.5,4.0,3.5,3.0,2.5,1.0,0.0,0.0,0.0,0.0,0.0,0.0,0.0,0.0,0.0,0.0,0.0,0.0,0.0,0.0,0.0,Pass,
140,2026-08-12,Xavier Edwards,MIA,PIT,PIT @ MIA,HOME,2B,6.25,5.48,5.48,4.81,4.57,5.15,4.66,5.0,1.106,7.2,4.9,6.13,3|4|18|0|11,3|4|18|0|11|3|0|5|0|5,3|4|18|0|11|3|0|5|0|5|3|14|12|6|8,79.6,65.8,65.3,59.9,58.9,46.1,45.6,39.9,39.4,38.9,31.3,29.8,22.4,22.4,18.6,18.6,13.6,13.6,11.1,11.1,11.1,8.4,8.4,6.2,6.2,4.6,4.6,160.03,B-,MORE 4.5 | 58.9% | Edge +1.0,MORE,4.5,58.9,0.98,17.8,Playable,1,Today Posted,1.0,1.0,6,1-2-2-4-4-1,33.3,100.0,5.13,Regular,13,1.04,Carmen Mlodzinski,R,3.51,1.36,0.2392,0.0191,0.0766,4.32,1.32,0.2128,0.0271,loanDepot park,0.96,1.0,,,,,Indoor/retractable neutral,502,437,0.284,0.364,0.389,0.753,386,0.749,124,16,6,6,55,44,58,0,18,2026-08-11 vs Pittsburgh Pirates: 3 FS|2026-08-09 vs Los Angeles Angels: 4 FS|2026-08-08 vs Los Angeles Angels: 18 FS|2026-08-07 vs Los Angeles Angels: 0 FS|2026-08-06 @ Atlanta Braves: 11 FS,2026-08-11 vs Pittsburgh Pirates: 3 FS|2026-08-09 vs Los Angeles Angels: 4 FS|2026-08-08 vs Los Angeles Angels: 18 FS|2026-08-07 vs Los Angeles Angels: 0 FS|2026-08-06 @ Atlanta Braves: 11 FS|2026-08-05 @ Atlanta Braves: 3 FS|2026-08-04 @ Atlanta Braves: 0 FS|2026-08-02 @ New York Mets: 5 FS|2026-08-01 @ New York Mets: 0 FS|2026-07-31 @ New York Mets: 5 FS,2026-08-11 vs Pittsburgh Pirates: 3 FS|2026-08-09 vs Los Angeles Angels: 4 FS|2026-08-08 vs Los Angeles Angels: 18 FS|2026-08-07 vs Los Angeles Angels: 0 FS|2026-08-06 @ Atlanta Braves: 11 FS|2026-08-05 @ Atlanta Braves: 3 FS|2026-08-04 @ Atlanta Braves: 0 FS|2026-08-02 @ New York Mets: 5 FS|2026-08-01 @ New York Mets: 0 FS|2026-07-31 @ New York Mets: 5 FS|2026-07-30 @ New York Mets: 3 FS|2026-07-29 vs Philadelphia Phillies: 14 FS|2026-07-28 vs Philadelphia Phillies: 12 FS|2026-07-27 vs Philadelphia Phillies: 6 FS|2026-07-26 vs San Diego Padres: 8 FS,15,30,5.63,5.0,Last 30 games + shrinkage,5.57,6.0,0.245,Neutral,5.63,1.5,0.2143,0.0357,0.0,0.1071,0.0357,8.35,7.28,7.81,7.87,6.76,28.0,16.0,20.0,16.0,20.0,6.0,12.1,35.6,64.4,Recent workload,Yes,49.3,37.7,69.4,72.4,1.0264,140,-1.57,1.0,1.0,1.0,100.0,289,79.61,13.84,0.0,31.14,0.285,0.82,1.0,1.0,1.0,0.9755,479,Statcast,1.0804,47,Statcast,289,79.61,12.0,14.6,31.74,17.0,64.0,19.0,1.0,0.9883,0.9572,0.9766,0.9222,1.0002,5.65,0.02,Unknown/neutral,Neutral fallback,1.0,1.0,1.0,1.0,1.0,1.0,Neutral fallback,1.072,3,27.0,1.3,27.0,1.0,0.1707,0.0247,0.0105,0.0013,0.1116,0.0001,0.1666,0.5333,0.22,0.2466,0.0132,0.0758,0.0169,1.0,Yes,5.0,1.5,8.13,12.55,4.49,0.0,Raw,71.6,57.8,57.8,52.9,52.9,41.1,41.1,35.9,35.9,35.9,28.8,28.8,22.4,22.4,18.6,18.6,13.6,13.6,11.1,11.1,11.1,8.4,8.4,6.2,6.2,4.6,4.6,8.0,8.0,7.5,7.0,6.0,5.0,4.5,4.0,3.5,3.0,2.5,1.0,0.0,0.0,0.0,0.0,0.0,0.0,0.0,0.0,0.0,0.0,0.0,0.0,0.0,0.0,0.0,Pass,
141,2026-08-12,Luis Arraez,PHI,STL,PHI @ STL,AWAY,2B,6.25,5.45,5.45,4.79,5.34,5.59,5.1,5.42,1.095,3.8,5.9,6.8,7|0|0|2|10,7|0|0|2|10|2|10|14|14|0,7|0|0|2|10|2|10|14|14|0|3|2|23|5|10,78.0,62.2,61.7,58.8,57.8,44.8,44.3,39.5,39.0,32.0,31.5,30.0,22.6,22.6,19.6,19.6,14.7,14.7,12.8,12.8,9.9,9.9,9.9,8.0,8.0,6.2,6.2,159.26,B-,MORE 4.0 | 58.8% | Edge +1.5,MORE,4.0,58.8,1.45,17.6,Playable,4,Today Posted,4.0,4.0,7,4-4-4-4-4-4-4,100.0,100.0,4.82,Regular,14,1.04,Kyle Leahy,R,3.38,1.34,0.245,0.0241,0.0703,4.09,1.34,0.2246,0.0256,Busch Stadium,0.99,1.065,95.3,10.4,337.0,3.0,"hot, light wind",505,459,0.314,0.349,0.434,0.783,324,0.808,144,26,7,5,56,49,26,4,10,2026-08-12 @ St. Louis Cardinals: 7 FS|2026-08-11 @ St. Louis Cardinals: 0 FS|2026-08-10 @ St. Louis Cardinals: 0 FS|2026-08-09 vs Toronto Blue Jays: 2 FS|2026-08-08 vs Toronto Blue Jays: 10 FS,2026-08-12 @ St. Louis Cardinals: 7 FS|2026-08-11 @ St. Louis Cardinals: 0 FS|2026-08-10 @ St. Louis Cardinals: 0 FS|2026-08-09 vs Toronto Blue Jays: 2 FS|2026-08-08 vs Toronto Blue Jays: 10 FS|2026-08-07 vs Toronto Blue Jays: 2 FS|2026-08-06 vs Washington Nationals: 10 FS|2026-08-05 vs Washington Nationals: 14 FS|2026-08-04 vs Washington Nationals: 14 FS|2026-08-02 @ San Diego Padres: 0 FS,2026-08-12 @ St. Louis Cardinals: 7 FS|2026-08-11 @ St. Louis Cardinals: 0 FS|2026-08-10 @ St. Louis Cardinals: 0 FS|2026-08-09 vs Toronto Blue Jays: 2 FS|2026-08-08 vs Toronto Blue Jays: 10 FS|2026-08-07 vs Toronto Blue Jays: 2 FS|2026-08-06 vs Washington Nationals: 10 FS|2026-08-05 vs Washington Nationals: 14 FS|2026-08-04 vs Washington Nationals: 14 FS|2026-08-02 @ San Diego Padres: 0 FS|2026-07-31 @ San Diego Padres: 3 FS|2026-07-30 @ San Diego Padres: 2 FS|2026-07-29 vs Milwaukee Brewers: 23 FS|2026-07-28 vs Milwaukee Brewers: 5 FS|2026-07-27 vs Milwaukee Brewers: 10 FS,15,30,7.13,7.0,Last 30 games + shrinkage,4.43,6.57,0.233,Neutral,7.13,1.46,0.2222,0.0635,0.0159,0.0159,0.0159,7.6,7.35,7.11,6.77,6.61,28.0,16.0,20.0,16.0,20.0,6.0,20.93,61.5,38.5,Recent workload,No,52.1,40.3,65.6,76.0,0.9242,170,1.22,1.0,1.0,1.0,75.0,349,80.94,10.6,0.29,33.52,0.289,0.82,1.0,1.0,1.0,0.9562,557,Statcast,1.005,48,Statcast,349,80.94,12.0,20.69,28.55,17.8,63.0,19.2,0.986,0.9945,0.9662,0.9891,0.95,0.986,5.96,-1.17,Unknown/neutral,Neutral fallback,1.0,1.0,1.0,1.0,1.0,1.0,Neutral fallback,1.072,3,27.0,1.1308,27.0,0.9296,0.185,0.0372,0.0079,0.0045,0.0494,0.0043,0.1067,0.3743,0.3576,0.2681,0.0269,0.1213,0.0089,1.0,Yes,5.42,1.51,8.08,12.46,4.25,0.0,Raw,70.0,54.2,54.2,51.8,51.8,39.8,39.8,35.5,35.5,29.0,29.0,29.0,22.6,22.6,19.6,19.6,14.7,14.7,12.8,12.8,9.9,9.9,9.9,8.0,8.0,6.2,6.2,8.0,8.0,7.5,7.0,6.0,5.0,4.5,4.0,3.5,3.0,2.5,1.0,0.0,0.0,0.0,0.0,0.0,0.0,0.0,0.0,0.0,0.0,0.0,0.0,0.0,0.0,0.0,Pass,
142,2026-08-12,JJ Wetherholt,STL,PHI,PHI @ STL,HOME,2B,6.79,5.57,5.57,4.0,5.92,5.95,5.96,5.95,0.998,6.8,6.6,7.13,7|0|4|20|3,7|0|4|20|3|2|15|2|11|2,7|0|4|20|3|2|15|2|11|2|2|22|4|5|8,71.9,71.9,59.8,59.3,51.4,50.4,39.7,34.9,34.4,27.3,26.8,21.9,20.9,18.2,18.2,15.9,15.9,14.6,14.6,13.5,13.5,12.9,12.9,9.4,9.4,9.1,9.1,159.12,B-,MORE 4.0 | 59.3% | Edge +1.6,MORE,4.0,59.3,1.57,18.6,Playable,1,Today Posted,1.0,1.0,7,1-1-1-1-1-1-1,100.0,100.0,5.13,Regular,14,1.04,Zack Wheeler,R,2.89,1.0,0.1894,0.0308,0.0639,4.19,1.3,0.2249,0.0312,Busch Stadium,0.99,1.065,95.3,10.4,337.0,3.0,"hot, light wind",519,444,0.245,0.351,0.381,0.732,331,0.754,109,12,0,16,76,45,59,14,12,2026-08-12 vs Philadelphia Phillies: 7 FS|2026-08-11 vs Philadelphia Phillies: 0 FS|2026-08-10 vs Philadelphia Phillies: 4 FS|2026-08-09 vs Colorado Rockies: 20 FS|2026-08-08 vs Colorado Rockies: 3 FS,2026-08-12 vs Philadelphia Phillies: 7 FS|2026-08-11 vs Philadelphia Phillies: 0 FS|2026-08-10 vs Philadelphia Phillies: 4 FS|2026-08-09 vs Colorado Rockies: 20 FS|2026-08-08 vs Colorado Rockies: 3 FS|2026-08-07 vs Colorado Rockies: 2 FS|2026-08-05 @ New York Yankees: 15 FS|2026-08-04 @ New York Yankees: 2 FS|2026-08-03 @ New York Yankees: 11 FS|2026-08-01 @ Toronto Blue Jays: 2 FS,2026-08-12 vs Philadelphia Phillies: 7 FS|2026-08-11 vs Philadelphia Phillies: 0 FS|2026-08-10 vs Philadelphia Phillies: 4 FS|2026-08-09 vs Colorado Rockies: 20 FS|2026-08-08 vs Colorado Rockies: 3 FS|2026-08-07 vs Colorado Rockies: 2 FS|2026-08-05 @ New York Yankees: 15 FS|2026-08-04 @ New York Yankees: 2 FS|2026-08-03 @ New York Yankees: 11 FS|2026-08-01 @ Toronto Blue Jays: 2 FS|2026-07-31 @ Toronto Blue Jays: 2 FS|2026-07-30 vs Chicago Cubs: 22 FS|2026-07-29 vs Chicago Cubs: 4 FS|2026-07-28 vs Chicago Cubs: 5 FS|2026-07-27 vs Chicago Cubs: 8 FS,15,30,6.8,5.5,Last 30 games + shrinkage,7.29,7.07,0.188,Cold,6.8,1.597,0.1452,0.0484,0.0161,0.2258,0.0161,8.69,8.1,8.3,8.44,7.34,28.0,16.0,20.0,16.0,20.0,6.0,21.39,62.9,37.1,Recent workload,No,52.1,40.3,66.1,70.9,1.0399,140,2.56,1.0,1.0,1.0,75.0,268,84.35,28.36,2.24,31.34,0.366,0.9331,1.0,1.0,1.0,1.0517,608,Statcast,1.14,25,Statcast,268,84.35,12.0,16.21,31.59,18.7,60.1,21.3,0.9869,1.0018,0.9935,1.0036,0.9988,0.9992,6.74,-0.06,Unknown/neutral,Neutral fallback,1.0,1.0,1.0,1.0,1.0,1.0,Neutral fallback,1.072,3,27.0,1.2317,27.0,0.9949,0.1191,0.0197,0.0001,0.0282,0.1179,0.0193,0.2053,0.5122,0.2621,0.2257,0.0613,0.073,0.0088,1.0,Yes,5.95,2.01,7.0,13.98,4.29,0.0,Raw,63.9,63.9,52.3,52.3,45.4,45.4,35.2,30.9,30.9,24.3,24.3,20.9,20.9,18.2,18.2,15.9,15.9,14.6,14.6,13.5,13.5,12.9,12.9,9.4,9.4,9.1,9.1,8.0,8.0,7.5,7.0,6.0,5.0,4.5,4.0,3.5,3.0,2.5,1.0,0.0,0.0,0.0,0.0,0.0,0.0,0.0,0.0,0.0,0.0,0.0,0.0,0.0,0.0,0.0,Pass,
143,2026-08-12,Ian Happ,CHC,WSH,CHC @ WSH,AWAY,LF,5.81,5.66,5.66,4.1,5.87,5.92,6.28,5.92,0.943,10.4,6.0,6.0,9|24|19|0|0,9|24|19|0|0|0|2|4|2|0,9|24|19|0|0|0|2|4|2|0|3|7|0|18|2,68.1,68.1,59.6,59.1,51.1,50.1,40.0,36.2,35.7,28.5,28.0,24.0,23.0,19.6,19.6,17.6,17.6,15.8,15.8,14.3,14.3,13.5,13.5,10.7,10.3,10.3,7.8,159.03,B-,MORE 4.0 | 59.1% | Edge +1.7,MORE,4.0,59.1,1.66,18.2,Playable,5,Last 7 Confirmed,,5.0,6,5-4-5-6-5-7,50.0,95.0,4.61,Regular,12,1.04,Jackson Kent,L,4.2,1.25,0.224,0.03,0.085,4.73,1.39,0.2284,0.0356,Nationals Park,1.0,1.03,88.8,5.3,165.0,1.0,warm,495,424,0.217,0.327,0.42,0.747,128,0.518,92,22,2,20,70,51,64,6,4,2026-08-11 @ Washington Nationals: 9 FS|2026-08-09 @ Kansas City Royals: 24 FS|2026-08-08 @ Kansas City Royals: 19 FS|2026-08-07 @ Kansas City Royals: 0 FS|2026-08-06 vs Toronto Blue Jays: 0 FS,2026-08-11 @ Washington Nationals: 9 FS|2026-08-09 @ Kansas City Royals: 24 FS|2026-08-08 @ Kansas City Royals: 19 FS|2026-08-07 @ Kansas City Royals: 0 FS|2026-08-06 vs Toronto Blue Jays: 0 FS|2026-08-05 vs Los Angeles Dodgers: 0 FS|2026-08-04 vs Los Angeles Dodgers: 2 FS|2026-08-03 vs Los Angeles Dodgers: 4 FS|2026-08-02 vs New York Yankees: 2 FS|2026-08-01 vs New York Yankees: 0 FS,2026-08-11 @ Washington Nationals: 9 FS|2026-08-09 @ Kansas City Royals: 24 FS|2026-08-08 @ Kansas City Royals: 19 FS|2026-08-07 @ Kansas City Royals: 0 FS|2026-08-06 vs Toronto Blue Jays: 0 FS|2026-08-05 vs Los Angeles Dodgers: 0 FS|2026-08-04 vs Los Angeles Dodgers: 2 FS|2026-08-03 vs Los Angeles Dodgers: 4 FS|2026-08-02 vs New York Yankees: 2 FS|2026-08-01 vs New York Yankees: 0 FS|2026-07-31 vs New York Yankees: 3 FS|2026-07-30 @ St. Louis Cardinals: 7 FS|2026-07-29 @ St. Louis Cardinals: 0 FS|2026-07-28 @ St. Louis Cardinals: 18 FS|2026-07-27 @ St. Louis Cardinals: 2 FS,15,30,5.9,4.0,Last 30 games + shrinkage,7.71,6.29,0.208,Neutral,5.9,1.63,0.1852,0.1111,0.037,0.1111,0.0,7.78,7.07,7.54,7.89,6.38,28.0,16.0,20.0,16.0,20.0,6.0,21.0,64.0,36.0,Season fallback,No,49.4,37.8,43.0,71.1,1.0,0,0.0,1.0,1.0,1.0,75.0,271,80.79,18.82,1.11,27.68,0.321,0.82,1.0,1.0,1.0,1.0,0,Fallback,1.0,0,Fallback,271,80.79,12.0,18.66,33.93,10.7,68.3,21.0,1.0357,0.9932,1.0101,0.9865,0.9891,1.0163,7.26,1.36,Unknown/neutral,Neutral fallback,1.0,1.0,1.0,1.0,1.0,1.0,Neutral fallback,1.072,3,27.0,0.9443,27.0,1.0,0.0861,0.0343,0.0011,0.0247,0.108,0.0122,0.2728,0.4386,0.3508,0.2106,0.066,0.0981,0.0015,1.0,Projected,5.92,0.32,7.87,15.41,4.43,0.0,Raw,60.1,60.1,52.1,52.1,45.1,45.1,35.5,32.2,32.2,25.5,25.5,23.0,23.0,19.6,19.6,17.6,17.6,15.8,15.8,14.3,14.3,13.5,13.5,10.7,10.3,10.3,7.8,8.0,8.0,7.5,7.0,6.0,5.0,4.5,4.0,3.5,3.0,2.5,1.0,0.0,0.0,0.0,0.0,0.0,0.0,0.0,0.0,0.0,0.0,0.0,0.0,0.0,0.0,0.0,Pass,
144,2026-08-12,Owen Caissie,MIA,PIT,PIT @ MIA,HOME,RF,6.41,5.88,5.88,2.95,7.16,6.75,6.69,6.73,1.009,5.4,4.3,6.27,0|14|5|4|4,0|14|5|4|4|0|0|0|16|0,0|14|5|4|4|0|0|0|16|0|16|2|3|22|8,69.1,57.8,57.3,52.9,51.9,40.9,40.4,37.0,36.5,29.8,29.3,25.0,24.0,24.0,21.2,21.2,19.0,19.0,17.8,17.8,16.6,16.6,15.8,15.8,12.4,12.4,12.1,159.02,C+,MORE 2.5 | 69.1% | Edge +3.4,MORE,2.5,69.1,3.38,38.2,Good,7,Today Posted,7.0,7.0,6,7-6-7-5-6-4,33.3,100.0,3.95,Likely regular,11,1.0,Carmen Mlodzinski,R,3.51,1.36,0.2392,0.0191,0.0766,4.32,1.32,0.2128,0.0271,loanDepot park,0.96,1.0,,,,,Indoor/retractable neutral,272,241,0.228,0.29,0.427,0.717,236,0.742,55,12,0,12,35,51,21,3,4,2026-08-11 vs Pittsburgh Pirates: 0 FS|2026-08-09 vs Los Angeles Angels: 14 FS|2026-08-08 vs Los Angeles Angels: 5 FS|2026-08-07 vs Los Angeles Angels: 4 FS|2026-08-05 @ Atlanta Braves: 4 FS,2026-08-11 vs Pittsburgh Pirates: 0 FS|2026-08-09 vs Los Angeles Angels: 14 FS|2026-08-08 vs Los Angeles Angels: 5 FS|2026-08-07 vs Los Angeles Angels: 4 FS|2026-08-05 @ Atlanta Braves: 4 FS|2026-08-04 @ Atlanta Braves: 0 FS|2026-08-02 @ New York Mets: 0 FS|2026-07-08 vs Seattle Mariners: 0 FS|2026-07-07 vs Seattle Mariners: 16 FS|2026-07-04 @ Athletics: 0 FS,2026-08-11 vs Pittsburgh Pirates: 0 FS|2026-08-09 vs Los Angeles Angels: 14 FS|2026-08-08 vs Los Angeles Angels: 5 FS|2026-08-07 vs Los Angeles Angels: 4 FS|2026-08-05 @ Atlanta Braves: 4 FS|2026-08-04 @ Atlanta Braves: 0 FS|2026-08-02 @ New York Mets: 0 FS|2026-07-08 vs Seattle Mariners: 0 FS|2026-07-07 vs Seattle Mariners: 16 FS|2026-07-04 @ Athletics: 0 FS|2026-07-03 @ Athletics: 16 FS|2026-07-02 @ Colorado Rockies: 2 FS|2026-07-01 @ Colorado Rockies: 3 FS|2026-06-30 @ Colorado Rockies: 22 FS|2026-06-29 @ Colorado Rockies: 8 FS,15,30,7.17,4.5,Last 30 games + shrinkage,3.86,6.14,0.175,Cold,7.17,1.87,0.1522,0.0652,0.0652,0.087,0.0,6.75,7.32,6.55,6.02,6.17,28.0,16.0,20.0,16.0,20.0,6.0,12.1,35.6,64.4,Recent workload,Yes,34.5,25.0,58.1,45.3,1.15,49,-1.57,1.0,1.0,1.0,100.0,91,82.74,27.47,4.4,35.16,0.475,1.0101,1.0,1.0,1.0,0.9795,198,Statcast,0.9731,25,Statcast,91,82.74,12.0,19.38,32.14,16.5,58.2,25.3,1.0,0.9988,0.9956,0.9976,0.992,0.9828,5.74,-1.43,Unknown/neutral,Neutral fallback,1.0,1.0,1.0,1.0,1.0,1.0,Neutral fallback,1.072,3,27.0,1.1035,27.0,0.989,0.118,0.0376,0.0006,0.0399,0.0855,0.0094,0.3209,0.2978,0.4256,0.2767,0.0674,0.1679,0.0036,1.0,Yes,6.73,0.0,8.0,16.08,3.85,0.0,Raw,61.1,49.8,49.8,45.9,45.9,35.9,35.9,33.0,33.0,26.8,26.8,24.0,24.0,24.0,21.2,21.2,19.0,19.0,17.8,17.8,16.6,16.6,15.8,15.8,12.4,12.4,12.1,8.0,8.0,7.5,7.0,6.0,5.0,4.5,4.0,3.5,3.0,2.5,1.0,0.0,0.0,0.0,0.0,0.0,0.0,0.0,0.0,0.0,0.0,0.0,0.0,0.0,0.0,0.0,Pass,
145,2026-08-12,Kyle Tucker,LAD,KC,KC @ LAD,HOME,RF,6.67,5.83,5.83,4.13,5.29,5.57,6.0,5.57,0.928,7.8,7.8,6.73,4|4|10|16|5,4|4|10|16|5|5|17|10|7|0,4|4|10|16|5|5|17|10|7|0|7|9|0|5|2,73.1,73.1,62.8,62.3,54.7,53.7,43.0,38.5,38.0,30.7,30.2,24.6,23.6,20.1,20.1,16.8,16.8,15.2,15.2,13.1,12.1,12.1,9.6,9.6,9.1,9.1,7.3,158.96,C+,MORE 4.0 | 62.3% | Edge +1.8,MORE,4.0,62.3,1.83,24.6,Good,6,Last 7 Confirmed,,6.0,6,4-6-6-6-5-6,66.7,96.3,4.4,Regular,12,1.04,Daniel Lynch IV,L,2.45,1.01,0.1762,0.0104,0.0725,4.84,1.43,0.2306,0.0332,UNIQLO Field at Dodger Stadium,1.0,1.0,,,,,Weather unavailable,464,399,0.241,0.338,0.383,0.721,138,0.779,96,18,3,11,66,54,58,3,7,2026-08-11 vs Kansas City Royals: 4 FS|2026-08-10 vs Kansas City Royals: 4 FS|2026-08-09 @ Arizona Diamondbacks: 10 FS|2026-08-08 @ Arizona Diamondbacks: 16 FS|2026-08-07 @ Arizona Diamondbacks: 5 FS,2026-08-11 vs Kansas City Royals: 4 FS|2026-08-10 vs Kansas City Royals: 4 FS|2026-08-09 @ Arizona Diamondbacks: 10 FS|2026-08-08 @ Arizona Diamondbacks: 16 FS|2026-08-07 @ Arizona Diamondbacks: 5 FS|2026-08-05 @ Chicago Cubs: 5 FS|2026-08-04 @ Chicago Cubs: 17 FS|2026-08-03 @ Chicago Cubs: 10 FS|2026-08-02 vs Boston Red Sox: 7 FS|2026-08-01 vs Boston Red Sox: 0 FS,2026-08-11 vs Kansas City Royals: 4 FS|2026-08-10 vs Kansas City Royals: 4 FS|2026-08-09 @ Arizona Diamondbacks: 10 FS|2026-08-08 @ Arizona Diamondbacks: 16 FS|2026-08-07 @ Arizona Diamondbacks: 5 FS|2026-08-05 @ Chicago Cubs: 5 FS|2026-08-04 @ Chicago Cubs: 17 FS|2026-08-03 @ Chicago Cubs: 10 FS|2026-08-02 vs Boston Red Sox: 7 FS|2026-08-01 vs Boston Red Sox: 0 FS|2026-07-31 vs Boston Red Sox: 7 FS|2026-07-30 vs Seattle Mariners: 9 FS|2026-07-29 vs Seattle Mariners: 0 FS|2026-07-28 vs Seattle Mariners: 5 FS|2026-07-26 @ New York Mets: 2 FS,15,30,5.93,5.0,Last 30 games + shrinkage,8.71,7.07,0.256,Neutral,5.93,1.941,0.2157,0.0588,0.0392,0.1569,0.0196,7.43,7.02,7.55,7.64,6.79,28.0,16.0,20.0,16.0,20.0,6.0,8.0,25.0,75.0,Recent workload,Yes,46.8,35.3,44.8,71.2,1.0796,136,0.08,1.0,1.0,1.0,75.0,272,82.53,23.16,0.74,28.31,0.371,0.8876,1.0,1.0,1.0,0.9997,547,Statcast,0.9927,31,Statcast,272,82.53,12.0,20.82,31.19,14.7,61.4,23.9,1.0,0.9989,0.9959,0.9978,0.9925,1.0145,7.14,1.2,Unknown/neutral,Neutral fallback,1.0,1.0,1.0,1.0,1.0,1.0,Neutral fallback,1.072,3,27.0,1.0401,27.0,1.0,0.13,0.0284,0.0106,0.0217,0.1248,0.0088,0.1871,0.3919,0.3841,0.2239,0.0838,0.1082,0.0065,1.0,Projected,5.57,2.28,7.84,13.41,4.04,0.0,Raw,65.1,65.1,55.3,55.3,48.7,48.7,38.5,34.5,34.5,27.7,27.7,23.6,23.6,20.1,20.1,16.8,16.8,15.2,15.2,13.1,12.1,12.1,9.6,9.6,9.1,9.1,7.3,8.0,8.0,7.5,7.0,6.0,5.0,4.5,4.0,3.5,3.0,2.5,1.0,0.0,0.0,0.0,0.0,0.0,0.0,0.0,0.0,0.0,0.0,0.0,0.0,0.0,0.0,0.0,Pass,
146,2026-08-12,Josh Naylor,SEA,NYY,SEA @ NYY,AWAY,1B,6.3,5.5,5.5,4.14,4.6,5.17,5.7,5.17,0.907,9.4,8.4,7.4,5|38|2|0|2,5|38|2|0|2|14|8|2|6|7,5|38|2|0|2|14|8|2|6|7|8|7|6|2|4,74.8,74.8,59.0,58.5,54.4,53.4,40.9,36.0,35.5,28.9,28.4,22.4,21.4,18.6,18.6,15.1,13.5,13.5,11.8,11.8,10.8,10.8,8.2,8.2,7.6,7.6,5.8,158.46,C+,MORE 4.0 | 58.5% | Edge +1.5,MORE,4.0,58.5,1.5,17.0,Playable,6,Today Posted,6.0,6.0,5,6-6-6-5-5,60.0,100.0,4.4,Regular,14,1.04,Will Warren,R,4.18,1.37,0.2399,0.0302,0.0746,3.28,1.17,0.201,0.0265,Yankee Stadium,1.06,1.03,85.2,1.4,231.0,1.0,warm,474,430,0.263,0.328,0.372,0.7,330,0.675,113,17,0,10,44,42,37,5,23,2026-08-09 vs Tampa Bay Rays: 5 FS|2026-08-08 vs Tampa Bay Rays: 38 FS|2026-08-07 vs Tampa Bay Rays: 2 FS|2026-08-05 vs Detroit Tigers: 0 FS|2026-08-04 vs Detroit Tigers: 2 FS,2026-08-09 vs Tampa Bay Rays: 5 FS|2026-08-08 vs Tampa Bay Rays: 38 FS|2026-08-07 vs Tampa Bay Rays: 2 FS|2026-08-05 vs Detroit Tigers: 0 FS|2026-08-04 vs Detroit Tigers: 2 FS|2026-08-02 vs Minnesota Twins: 14 FS|2026-08-01 vs Minnesota Twins: 8 FS|2026-07-31 vs Minnesota Twins: 2 FS|2026-07-30 @ Los Angeles Dodgers: 6 FS|2026-07-29 @ Los Angeles Dodgers: 7 FS,2026-08-09 vs Tampa Bay Rays: 5 FS|2026-08-08 vs Tampa Bay Rays: 38 FS|2026-08-07 vs Tampa Bay Rays: 2 FS|2026-08-05 vs Detroit Tigers: 0 FS|2026-08-04 vs Detroit Tigers: 2 FS|2026-08-02 vs Minnesota Twins: 14 FS|2026-08-01 vs Minnesota Twins: 8 FS|2026-07-31 vs Minnesota Twins: 2 FS|2026-07-30 @ Los Angeles Dodgers: 6 FS|2026-07-29 @ Los Angeles Dodgers: 7 FS|2026-07-28 @ Los Angeles Dodgers: 8 FS|2026-07-27 @ Texas Rangers: 7 FS|2026-07-26 @ Texas Rangers: 6 FS|2026-07-25 @ Texas Rangers: 2 FS|2026-07-24 @ Texas Rangers: 4 FS,15,30,7.53,6.0,Last 30 games + shrinkage,9.86,7.64,0.294,Neutral,7.53,1.877,0.2632,0.1053,0.0351,0.0877,0.0351,7.45,7.63,7.71,8.11,6.18,28.0,16.0,20.0,16.0,20.0,6.0,19.3,56.8,43.2,Recent workload,No,47.8,36.3,66.0,69.2,1.1136,107,3.31,1.0,1.0,1.0,75.0,247,83.1,24.7,1.21,35.63,0.323,0.8671,1.0,1.0,1.0,1.0193,441,Statcast,1.0,4,Fallback,247,83.1,12.0,14.65,31.32,18.2,61.5,20.2,1.0159,0.9778,0.9673,0.8163,1.1008,1.0157,8.84,1.31,Unknown/neutral,Neutral fallback,1.0,1.0,1.0,1.0,1.0,1.0,Neutral fallback,1.072,3,27.0,1.3,27.0,1.0,0.1655,0.0354,0.0001,0.0212,0.0793,0.0091,0.1667,0.4461,0.2589,0.295,0.032,0.0821,0.0283,1.0,Yes,5.17,2.33,7.77,13.21,3.94,0.0,Raw,66.8,66.8,51.5,51.5,48.4,48.4,36.4,32.0,32.0,25.9,25.9,21.4,21.4,18.6,18.6,15.1,13.5,13.5,11.8,11.8,10.8,10.8,8.2,8.2,7.6,7.6,5.8,8.0,8.0,7.5,7.0,6.0,5.0,4.5,4.0,3.5,3.0,2.5,1.0,0.0,0.0,0.0,0.0,0.0,0.0,0.0,0.0,0.0,0.0,0.0,0.0,0.0,0.0,0.0,Pass,
147,2026-08-12,Jordan Walker,STL,PHI,PHI @ STL,HOME,RF,7.39,5.4,5.4,3.33,4.88,5.33,6.18,5.33,0.862,10.0,8.2,6.53,14|9|5|8|14,14|9|5|8|14|3|8|10|6|5,14|9|5|8|14|3|8|10|6|5|3|7|0|6|0,71.0,71.0,53.6,53.1,50.7,49.7,38.9,34.5,34.0,28.4,27.9,22.4,21.4,19.3,16.3,16.3,15.2,15.2,13.9,13.1,13.1,10.0,10.0,9.6,9.6,7.5,6.1,157.79,C+,MORE 3.0 | 71.0% | Edge +2.4,MORE,3.0,71.0,2.4,42.0,Strong,4,Today Posted,4.0,4.0,5,3-4-4-2-2,40.0,100.0,4.82,Regular,14,1.04,Zack Wheeler,R,2.89,1.0,0.1894,0.0308,0.0639,4.19,1.3,0.2249,0.0312,Busch Stadium,0.99,1.065,95.3,10.4,337.0,3.0,"hot, light wind",498,454,0.284,0.341,0.489,0.83,366,0.801,129,24,0,23,72,84,38,3,16,2026-08-12 vs Philadelphia Phillies: 14 FS|2026-08-11 vs Philadelphia Phillies: 9 FS|2026-08-10 vs Philadelphia Phillies: 5 FS|2026-08-09 vs Colorado Rockies: 8 FS|2026-08-08 vs Colorado Rockies: 14 FS,2026-08-12 vs Philadelphia Phillies: 14 FS|2026-08-11 vs Philadelphia Phillies: 9 FS|2026-08-10 vs Philadelphia Phillies: 5 FS|2026-08-09 vs Colorado Rockies: 8 FS|2026-08-08 vs Colorado Rockies: 14 FS|2026-08-07 vs Colorado Rockies: 3 FS|2026-08-03 @ New York Yankees: 8 FS|2026-08-02 @ Toronto Blue Jays: 10 FS|2026-08-01 @ Toronto Blue Jays: 6 FS|2026-07-31 @ Toronto Blue Jays: 5 FS,2026-08-12 vs Philadelphia Phillies: 14 FS|2026-08-11 vs Philadelphia Phillies: 9 FS|2026-08-10 vs Philadelphia Phillies: 5 FS|2026-08-09 vs Colorado Rockies: 8 FS|2026-08-08 vs Colorado Rockies: 14 FS|2026-08-07 vs Colorado Rockies: 3 FS|2026-08-03 @ New York Yankees: 8 FS|2026-08-02 @ Toronto Blue Jays: 10 FS|2026-08-01 @ Toronto Blue Jays: 6 FS|2026-07-31 @ Toronto Blue Jays: 5 FS|2026-07-30 vs Chicago Cubs: 3 FS|2026-07-29 vs Chicago Cubs: 7 FS|2026-07-28 vs Chicago Cubs: 0 FS|2026-07-27 vs Chicago Cubs: 6 FS|2026-07-26 vs Cincinnati Reds: 0 FS,15,30,7.5,6.5,Last 30 games + shrinkage,8.71,7.0,0.268,Neutral,7.5,1.661,0.2542,0.0339,0.0169,0.0508,0.0339,9.12,7.89,7.6,8.1,7.44,28.0,16.0,20.0,16.0,20.0,6.0,21.39,62.9,37.1,Recent workload,No,50.3,38.6,68.3,69.9,0.993,117,2.56,1.0,1.0,1.0,75.0,255,83.55,25.88,2.75,27.45,0.403,0.9481,1.0,1.0,1.0,1.0608,518,Statcast,0.9021,17,Statcast,255,83.55,12.0,14.24,35.0,20.4,65.5,14.1,0.9879,0.9988,0.9835,0.9976,0.9799,1.0029,7.74,0.24,Unknown/neutral,Neutral fallback,1.0,1.0,1.0,1.0,1.0,1.0,Neutral fallback,1.072,3,27.0,1.3,27.0,0.9258,0.1441,0.036,0.0001,0.0279,0.0446,0.0044,0.2604,0.4849,0.2272,0.2879,0.0419,0.1789,0.0204,1.0,Yes,5.33,0.74,7.64,13.68,4.05,0.0,Raw,63.0,63.0,46.1,46.1,44.7,44.7,34.4,30.5,30.5,25.4,25.4,21.4,21.4,19.3,16.3,16.3,15.2,15.2,13.9,13.1,13.1,10.0,10.0,9.6,9.6,7.5,6.1,8.0,8.0,7.5,7.0,6.0,5.0,4.5,4.0,3.5,3.0,2.5,1.0,0.0,0.0,0.0,0.0,0.0,0.0,0.0,0.0,0.0,0.0,0.0,0.0,0.0,0.0,0.0,Pass,
148,2026-08-12,Adley Rutschman,BOS,TOR,BOS @ TOR,AWAY,C,7.23,5.53,5.53,3.99,4.88,5.33,5.31,5.33,1.003,5.0,6.3,5.73,7|2|11|0|5,7|2|11|0|5|4|5|10|3|16,7|2|11|0|5|4|5|10|3|16|7|5|4|7|0,73.1,65.3,64.8,55.2,54.2,43.2,42.7,37.6,37.1,36.6,28.1,26.6,22.0,22.0,17.5,17.5,14.8,14.8,12.4,12.4,10.3,10.3,9.3,9.3,7.4,7.4,6.7,157.63,C+,MORE 3.5 | 64.8% | Edge +2.0,MORE,3.5,64.8,2.03,29.6,Good,3,Today Posted,3.0,3.0,1,3,100.0,100.0,4.84,Regular,14,1.04,José Soriano,R,3.24,1.26,0.1902,0.0226,0.113,3.98,1.32,0.2119,0.0277,Rogers Centre,1.0,1.0,,,,,Indoor/retractable neutral,289,250,0.252,0.336,0.432,0.768,5,0.933,63,19,1,8,30,47,32,2,0,2026-08-11 @ Toronto Blue Jays: 7 FS|2026-07-18 @ Houston Astros: 2 FS|2026-07-17 @ Houston Astros: 11 FS|2026-07-11 vs Kansas City Royals: 0 FS|2026-07-10 vs Kansas City Royals: 5 FS,2026-08-11 @ Toronto Blue Jays: 7 FS|2026-07-18 @ Houston Astros: 2 FS|2026-07-17 @ Houston Astros: 11 FS|2026-07-11 vs Kansas City Royals: 0 FS|2026-07-10 vs Kansas City Royals: 5 FS|2026-07-09 vs Chicago Cubs: 4 FS|2026-07-08 vs Chicago Cubs: 5 FS|2026-07-07 vs Chicago Cubs: 10 FS|2026-07-05 @ Cincinnati Reds: 3 FS|2026-07-04 @ Cincinnati Reds: 16 FS,2026-08-11 @ Toronto Blue Jays: 7 FS|2026-07-18 @ Houston Astros: 2 FS|2026-07-17 @ Houston Astros: 11 FS|2026-07-11 vs Kansas City Royals: 0 FS|2026-07-10 vs Kansas City Royals: 5 FS|2026-07-09 vs Chicago Cubs: 4 FS|2026-07-08 vs Chicago Cubs: 5 FS|2026-07-07 vs Chicago Cubs: 10 FS|2026-07-05 @ Cincinnati Reds: 3 FS|2026-07-04 @ Cincinnati Reds: 16 FS|2026-07-03 @ Cincinnati Reds: 7 FS|2026-07-01 vs Chicago White Sox: 5 FS|2026-06-29 vs Chicago White Sox: 4 FS|2026-06-28 vs Washington Nationals: 7 FS|2026-06-18 @ Seattle Mariners: 0 FS,15,30,6.7,5.0,Last 30 games + shrinkage,4.86,6.14,0.245,Neutral,6.7,1.41,0.1967,0.0656,0.0,0.1475,0.0,7.53,7.2,7.07,6.92,7.32,28.0,16.0,20.0,16.0,20.0,6.0,21.59,63.5,36.5,Recent workload,No,34.4,25.3,2.9,48.8,1.0009,58,-0.11,1.0,1.0,1.0,100.0,105,82.38,16.19,0.0,38.1,0.25,0.82,1.0,1.0,1.0,0.9442,223,Statcast,1.03,12,Statcast,105,82.38,12.0,19.41,29.76,20.0,66.7,13.3,1.0,0.9978,0.9921,0.9957,0.9856,0.9898,5.85,-0.85,Unknown/neutral,Neutral fallback,1.0,1.0,1.0,1.0,1.0,1.0,Neutral fallback,1.072,3,27.0,0.8625,27.0,0.9963,0.1015,0.0363,0.0031,0.0124,0.1567,0.012,0.1791,0.4387,0.2456,0.3158,0.1053,0.1445,0.0047,1.0,Yes,5.33,1.98,8.0,13.02,4.34,0.0,Raw,65.1,57.3,57.3,48.2,48.2,38.2,38.2,33.6,33.6,33.6,25.6,25.6,22.0,22.0,17.5,17.5,14.8,14.8,12.4,12.4,10.3,10.3,9.3,9.3,7.4,7.4,6.7,8.0,8.0,7.5,7.0,6.0,5.0,4.5,4.0,3.5,3.0,2.5,1.0,0.0,0.0,0.0,0.0,0.0,0.0,0.0,0.0,0.0,0.0,0.0,0.0,0.0,0.0,0.0,Pass,
149,2026-08-12,Drake Baldwin,ATL,NYM,NYM @ ATL,HOME,C,6.77,5.62,5.62,3.87,6.34,6.21,5.97,6.15,1.039,5.0,5.1,4.93,4|12|0|3|6,4|12|0|3|6|5|10|0|2|9,4|12|0|3|6|5|10|0|2|9|0|4|6|10|3,73.8,60.2,59.7,54.1,53.1,40.8,40.3,35.3,34.8,28.4,27.9,26.4,21.0,21.0,18.3,18.3,15.6,15.6,14.3,14.3,12.8,12.8,12.1,12.1,9.4,9.4,9.0,157.29,C+,MORE 3.5 | 59.7% | Edge +2.1,MORE,3.5,59.7,2.12,19.4,Playable,2,Today Posted,2.0,1.0,7,1-1-1-1-2-1-1,85.7,100.0,5.02,Regular,14,1.04,Zac Thornton,L,2.52,1.07,0.1961,0.0196,0.0784,4.12,1.31,0.2105,0.0279,Truist Park,1.01,1.055,90.4,8.6,279.0,5.0,hot,432,379,0.269,0.356,0.449,0.805,165,0.718,102,8,0,20,64,60,45,7,2,2026-08-11 vs New York Mets: 4 FS|2026-08-10 vs New York Mets: 12 FS|2026-08-09 @ New York Yankees: 0 FS|2026-08-08 @ New York Yankees: 3 FS|2026-08-07 @ New York Yankees: 6 FS,2026-08-11 vs New York Mets: 4 FS|2026-08-10 vs New York Mets: 12 FS|2026-08-09 @ New York Yankees: 0 FS|2026-08-08 @ New York Yankees: 3 FS|2026-08-07 @ New York Yankees: 6 FS|2026-08-06 vs Miami Marlins: 5 FS|2026-08-05 vs Miami Marlins: 10 FS|2026-08-04 vs Miami Marlins: 0 FS|2026-08-02 vs Washington Nationals: 2 FS|2026-08-01 vs Washington Nationals: 9 FS,2026-08-11 vs New York Mets: 4 FS|2026-08-10 vs New York Mets: 12 FS|2026-08-09 @ New York Yankees: 0 FS|2026-08-08 @ New York Yankees: 3 FS|2026-08-07 @ New York Yankees: 6 FS|2026-08-06 vs Miami Marlins: 5 FS|2026-08-05 vs Miami Marlins: 10 FS|2026-08-04 vs Miami Marlins: 0 FS|2026-08-02 vs Washington Nationals: 2 FS|2026-08-01 vs Washington Nationals: 9 FS|2026-07-31 vs Washington Nationals: 0 FS|2026-07-30 vs Washington Nationals: 4 FS|2026-07-29 @ New York Mets: 6 FS|2026-07-29 @ New York Mets: 10 FS|2026-07-27 @ New York Mets: 3 FS,15,30,8.4,6.0,Last 30 games + shrinkage,5.71,5.07,0.228,Neutral,8.4,1.164,0.2131,0.0328,0.0,0.0656,0.0,8.2,8.04,6.86,7.29,6.81,28.0,16.0,20.0,16.0,20.0,6.0,22.35,65.7,34.3,Recent workload,No,52.4,40.6,49.3,73.2,1.15,158,-0.03,1.0,1.0,1.0,75.0,300,84.14,29.0,2.0,28.0,0.379,0.9406,1.0,1.0,1.0,1.0095,666,Statcast,0.9323,37,Statcast,300,84.14,12.0,15.89,30.36,17.0,66.3,16.7,1.0123,1.0011,1.0164,1.0022,1.0198,0.9718,6.05,-2.35,Unknown/neutral,Neutral fallback,1.0,1.0,1.0,1.0,1.0,1.0,Neutral fallback,1.072,3,27.0,0.8835,27.0,0.9944,0.1521,0.0156,0.0003,0.0249,0.0967,0.0108,0.2054,0.511,0.2481,0.2409,0.0648,0.1024,0.0025,1.0,Yes,6.15,1.79,8.03,14.26,4.28,0.0,Raw,65.8,52.2,52.2,47.1,47.1,35.8,35.8,31.3,31.3,25.4,25.4,25.4,21.0,21.0,18.3,18.3,15.6,15.6,14.3,14.3,12.8,12.8,12.1,12.1,9.4,9.4,9.0,8.0,8.0,7.5,7.0,6.0,5.0,4.5,4.0,3.5,3.0,2.5,1.0,0.0,0.0,0.0,0.0,0.0,0.0,0.0,0.0,0.0,0.0,0.0,0.0,0.0,0.0,0.0,Pass,
150,2026-08-12,Willy Adames,SF,HOU,HOU @ SF,HOME,SS,6.73,5.33,5.33,4.03,5.62,5.77,5.89,5.77,0.979,5.0,5.1,5.87,2|13|2|5|3,2|13|2|5|3|14|2|3|2|5,2|13|2|5|3|14|2|3|2|5|8|0|10|16|3,67.5,67.5,58.4,57.9,49.9,48.9,38.6,34.7,34.2,27.3,26.8,22.4,21.4,18.1,18.1,15.4,15.4,13.8,13.8,12.0,12.0,11.0,11.0,8.2,8.2,7.8,7.8,157.24,C+,MORE 3.5 | 58.4% | Edge +1.8,MORE,3.5,58.4,1.83,16.8,Playable,2,Today Posted,2.0,3.0,7,2-2-3-3-3-3-3,71.4,100.0,5.02,Regular,13,1.04,Bryan King,L,3.78,1.38,0.2273,0.0318,0.0864,4.57,1.36,0.2057,0.0354,Oracle Park,0.94,1.0,67.0,8.0,243.0,0.0,neutral,482,443,0.223,0.284,0.413,0.697,123,0.59,99,25,1,19,58,48,36,2,5,2026-08-12 vs Houston Astros: 2 FS|2026-08-11 vs Houston Astros: 13 FS|2026-08-10 vs Houston Astros: 2 FS|2026-08-09 vs Detroit Tigers: 5 FS|2026-08-08 vs Detroit Tigers: 3 FS,2026-08-12 vs Houston Astros: 2 FS|2026-08-11 vs Houston Astros: 13 FS|2026-08-10 vs Houston Astros: 2 FS|2026-08-09 vs Detroit Tigers: 5 FS|2026-08-08 vs Detroit Tigers: 3 FS|2026-08-07 vs Detroit Tigers: 14 FS|2026-08-05 @ Texas Rangers: 2 FS|2026-08-04 @ Texas Rangers: 3 FS|2026-08-03 @ Texas Rangers: 2 FS|2026-08-02 @ San Diego Padres: 5 FS,2026-08-12 vs Houston Astros: 2 FS|2026-08-11 vs Houston Astros: 13 FS|2026-08-10 vs Houston Astros: 2 FS|2026-08-09 vs Detroit Tigers: 5 FS|2026-08-08 vs Detroit Tigers: 3 FS|2026-08-07 vs Detroit Tigers: 14 FS|2026-08-05 @ Texas Rangers: 2 FS|2026-08-04 @ Texas Rangers: 3 FS|2026-08-03 @ Texas Rangers: 2 FS|2026-08-02 @ San Diego Padres: 5 FS|2026-08-01 @ San Diego Padres: 8 FS|2026-07-31 @ San Diego Padres: 0 FS|2026-07-30 @ San Diego Padres: 10 FS|2026-07-29 vs Milwaukee Brewers: 16 FS|2026-07-28 vs Milwaukee Brewers: 3 FS,15,30,6.83,5.0,Last 30 games + shrinkage,5.86,6.07,0.196,Cold,6.83,1.545,0.1636,0.0364,0.0182,0.1455,0.0545,7.78,8.1,7.87,8.02,6.84,28.0,16.0,20.0,16.0,20.0,6.0,8.0,25.0,75.0,Recent workload,Yes,49.3,37.6,42.0,68.5,1.15,108,-1.03,1.0,1.0,1.0,75.0,239,80.55,19.67,0.84,28.87,0.329,0.8228,1.0,1.0,1.0,0.9993,504,Statcast,0.88,14,Statcast,239,80.55,12.0,20.63,33.53,23.0,67.0,10.0,1.0027,0.9934,1.0178,1.2139,0.8438,0.9889,5.91,-0.92,Unknown/neutral,Neutral fallback,1.0,1.0,1.0,1.0,1.0,1.0,Neutral fallback,1.072,3,27.0,1.0293,27.0,0.9937,0.089,0.0325,0.006,0.0198,0.1199,0.0057,0.2536,0.4369,0.3884,0.1747,0.0777,0.0886,0.016,1.0,Yes,5.77,0.11,6.96,13.82,4.35,0.0,Raw,59.5,59.5,50.9,50.9,43.9,43.9,34.1,30.7,30.7,24.3,24.3,21.4,21.4,18.1,18.1,15.4,15.4,13.8,13.8,12.0,12.0,11.0,11.0,8.2,8.2,7.8,7.8,8.0,8.0,7.5,7.0,6.0,5.0,4.5,4.0,3.5,3.0,2.5,1.0,0.0,0.0,0.0,0.0,0.0,0.0,0.0,0.0,0.0,0.0,0.0,0.0,0.0,0.0,0.0,Pass,
151,2026-08-12,Angel Martínez,CLE,DET,CLE @ DET,AWAY,LF,6.71,5.71,5.71,5.02,5.56,5.73,5.91,5.73,0.969,10.4,7.1,4.73,3|10|27|7|5,3|10|27|7|5|9|0|10|0|0,3|10|27|7|5|9|0|10|0|0|0|0|0|0|0,74.7,74.7,60.0,59.5,56.7,55.7,43.2,39.9,39.4,32.7,32.2,25.5,24.5,21.6,21.6,17.5,17.5,16.0,16.0,13.2,13.2,11.8,11.8,8.9,8.9,7.8,7.8,155.99,C+,MORE 4.0 | 59.5% | Edge +1.7,MORE,4.0,59.5,1.71,19.0,Playable,5,Today Posted,5.0,5.0,5,7-4-5-5-5,60.0,100.0,4.52,Regular,12,1.04,Framber Valdez,L,4.17,1.37,0.2312,0.0215,0.0806,3.48,1.2,0.2058,0.0261,Comerica Park,0.97,1.04,81.9,12.2,239.0,10.0,"warm, light wind",292,272,0.235,0.269,0.426,0.695,100,0.691,64,14,1,12,32,42,8,5,9,2026-08-11 @ Detroit Tigers: 3 FS|2026-08-08 @ Chicago White Sox: 10 FS|2026-08-07 @ Chicago White Sox: 27 FS|2026-08-06 vs New York Mets: 7 FS|2026-08-05 vs New York Mets: 5 FS,2026-08-11 @ Detroit Tigers: 3 FS|2026-08-08 @ Chicago White Sox: 10 FS|2026-08-07 @ Chicago White Sox: 27 FS|2026-08-06 vs New York Mets: 7 FS|2026-08-05 vs New York Mets: 5 FS|2026-08-04 vs New York Mets: 9 FS|2026-08-02 vs Arizona Diamondbacks: 0 FS|2026-08-01 vs Arizona Diamondbacks: 10 FS|2026-07-31 vs Arizona Diamondbacks: 0 FS|2026-07-29 @ Cincinnati Reds: 0 FS,2026-08-11 @ Detroit Tigers: 3 FS|2026-08-08 @ Chicago White Sox: 10 FS|2026-08-07 @ Chicago White Sox: 27 FS|2026-08-06 vs New York Mets: 7 FS|2026-08-05 vs New York Mets: 5 FS|2026-08-04 vs New York Mets: 9 FS|2026-08-02 vs Arizona Diamondbacks: 0 FS|2026-08-01 vs Arizona Diamondbacks: 10 FS|2026-07-31 vs Arizona Diamondbacks: 0 FS|2026-07-29 @ Cincinnati Reds: 0 FS|2026-07-28 @ Cincinnati Reds: 0 FS|2026-07-26 @ Tampa Bay Rays: 0 FS|2026-07-25 @ Tampa Bay Rays: 0 FS|2026-07-24 @ Tampa Bay Rays: 0 FS|2026-06-13 vs Detroit Tigers: 0 FS,15,30,5.37,4.0,Last 30 games + shrinkage,8.71,5.07,0.217,Neutral,5.37,1.449,0.2041,0.0816,0.0204,0.0204,0.0,7.49,6.83,7.09,8.04,6.78,28.0,16.0,20.0,16.0,20.0,6.0,24.11,70.9,29.1,Recent workload,No,37.8,27.6,37.0,36.0,1.1102,26,3.05,1.0,1.0,1.0,75.0,62,78.66,22.58,0.0,35.48,0.392,0.8494,1.0,1.0,1.0,1.0111,142,Statcast,1.0,0,Fallback,62,78.66,12.0,11.31,29.96,19.4,53.2,27.4,1.0229,0.9942,1.0317,1.1431,0.8521,1.0175,6.82,1.46,Unknown/neutral,Neutral fallback,1.0,1.0,1.0,1.0,1.0,1.0,Neutral fallback,1.072,3,27.0,1.3,27.0,1.0,0.1451,0.0498,0.0068,0.0159,0.0278,0.0097,0.2147,0.4736,0.2369,0.2894,0.0649,0.1655,0.0098,1.0,Yes,5.73,0.17,7.93,13.75,4.33,0.0,Raw,66.7,66.7,52.5,52.5,50.7,50.7,38.7,35.9,35.9,29.7,29.7,24.5,24.5,21.6,21.6,17.5,17.5,16.0,16.0,13.2,13.2,11.8,11.8,8.9,8.9,7.8,7.8,8.0,8.0,7.5,7.0,6.0,5.0,4.5,4.0,3.5,3.0,2.5,1.0,0.0,0.0,0.0,0.0,0.0,0.0,0.0,0.0,0.0,0.0,0.0,0.0,0.0,0.0,0.0,Pass,
152,2026-08-12,Heliot Ramos,NYY,SEA,SEA @ NYY,HOME,LF,6.11,5.8,5.8,3.35,5.68,5.8,6.63,5.8,0.874,3.6,3.8,5.53,0|0|0|11|7,0|0|0|11|7|0|3|5|0|12,0|0|0|11|7|0|3|5|0|12|27|3|5|5|5,71.9,71.9,55.9,55.4,52.4,51.4,40.1,36.3,35.8,31.0,30.5,24.4,23.4,21.6,19.1,19.1,18.1,18.1,16.9,16.9,16.3,11.7,11.7,11.2,11.2,8.9,8.9,155.99,C+,MORE 3.0 | 71.9% | Edge +2.8,MORE,3.0,71.9,2.8,43.8,Strong,5,Today Posted,5.0,3.0,6,3-3-2-3-4-4,50.0,100.0,4.52,Regular,14,1.04,Bryce Miller,R,3.08,0.95,0.1961,0.0425,0.049,3.79,1.2,0.2214,0.0293,Yankee Stadium,1.06,1.03,85.2,1.4,231.0,1.0,warm,331,309,0.252,0.299,0.408,0.707,236,0.696,78,15,3,9,36,34,18,3,3,2026-08-11 vs Seattle Mariners: 0 FS|2026-08-09 vs Atlanta Braves: 0 FS|2026-08-08 vs Atlanta Braves: 0 FS|2026-08-07 vs Atlanta Braves: 11 FS|2026-08-05 vs St. Louis Cardinals: 7 FS,2026-08-11 vs Seattle Mariners: 0 FS|2026-08-09 vs Atlanta Braves: 0 FS|2026-08-08 vs Atlanta Braves: 0 FS|2026-08-07 vs Atlanta Braves: 11 FS|2026-08-05 vs St. Louis Cardinals: 7 FS|2026-08-04 vs St. Louis Cardinals: 0 FS|2026-08-02 @ San Diego Padres: 3 FS|2026-08-01 @ San Diego Padres: 5 FS|2026-07-31 @ San Diego Padres: 0 FS|2026-07-30 @ San Diego Padres: 12 FS,2026-08-11 vs Seattle Mariners: 0 FS|2026-08-09 vs Atlanta Braves: 0 FS|2026-08-08 vs Atlanta Braves: 0 FS|2026-08-07 vs Atlanta Braves: 11 FS|2026-08-05 vs St. Louis Cardinals: 7 FS|2026-08-04 vs St. Louis Cardinals: 0 FS|2026-08-02 @ San Diego Padres: 3 FS|2026-08-01 @ San Diego Padres: 5 FS|2026-07-31 @ San Diego Padres: 0 FS|2026-07-30 @ San Diego Padres: 12 FS|2026-07-29 vs Milwaukee Brewers: 27 FS|2026-07-28 vs Milwaukee Brewers: 3 FS|2026-07-27 vs Milwaukee Brewers: 5 FS|2026-07-26 vs Los Angeles Angels: 5 FS|2026-07-25 vs Los Angeles Angels: 5 FS,15,30,6.5,5.0,Last 30 games + shrinkage,3.0,5.57,0.208,Neutral,6.5,1.279,0.1803,0.0328,0.0,0.0984,0.0492,7.7,7.27,6.92,6.86,7.11,28.0,16.0,20.0,16.0,20.0,6.0,23.12,68.0,32.0,Recent workload,No,50.2,38.5,58.1,63.9,1.0392,130,4.67,1.0,1.0,1.0,75.0,195,85.64,29.74,3.08,35.9,0.416,0.9973,1.0,1.0,1.0,0.9065,469,Statcast,1.1176,41,Statcast,195,85.64,12.0,15.19,30.9,12.3,69.2,18.5,1.0163,0.9847,0.993,0.8279,1.154,0.9765,4.54,-1.96,Unknown/neutral,Neutral fallback,1.0,1.0,1.0,1.0,1.0,1.0,Neutral fallback,1.072,3,27.0,0.9824,27.0,0.9976,0.1447,0.0238,0.004,0.0364,0.0375,0.009,0.2653,0.567,0.2062,0.2267,0.0286,0.0991,0.0107,1.0,Yes,5.8,0.73,7.72,14.72,4.21,0.0,Raw,63.9,63.9,48.4,48.4,46.4,46.4,35.6,32.3,32.3,28.0,28.0,23.4,23.4,21.6,19.1,19.1,18.1,18.1,16.9,16.9,16.3,11.7,11.7,11.2,11.2,8.9,8.9,8.0,8.0,7.5,7.0,6.0,5.0,4.5,4.0,3.5,3.0,2.5,1.0,0.0,0.0,0.0,0.0,0.0,0.0,0.0,0.0,0.0,0.0,0.0,0.0,0.0,0.0,0.0,Pass,
153,2026-08-12,Jose Siri,LAA,TEX,TEX @ LAA,HOME,CF,6.03,7.06,7.06,5.48,5.05,5.43,7.06,5.43,0.769,3.8,4.6,3.2,0|0|19|0|0,0|0|19|0|0|10|14|0|0|3,0|0|19|0|0|10|14|0|0|3|2|0|0|0|0,86.1,86.1,79.2,65.4,64.4,61.0,49.5,49.0,44.7,44.2,37.5,31.5,30.5,27.8,24.2,24.2,22.5,20.3,20.3,19.2,15.0,15.0,14.3,11.9,11.9,10.0,8.8,155.31,C+,MORE 5.0 | 61.0% | Edge +2.1,MORE,5.0,61.0,2.06,22.0,Playable,7,Last 7 Confirmed,,7.0,5,7-5-8-7-8,40.0,90.7,3.48,Usage risk,6,0.88,Cal Quantrill,R,3.56,1.19,0.2138,0.0326,0.0688,4.24,1.28,0.2222,0.0327,Angel Stadium,1.0,1.04,86.3,10.0,241.0,0.0,"warm, light wind",142,128,0.258,0.314,0.477,0.791,73,0.829,33,7,0,7,23,20,9,2,2,2026-08-11 vs Texas Rangers: 0 FS|2026-08-10 vs Texas Rangers: 0 FS|2026-08-09 @ Miami Marlins: 19 FS|2026-08-08 @ Miami Marlins: 0 FS|2026-08-07 @ Miami Marlins: 0 FS,2026-08-11 vs Texas Rangers: 0 FS|2026-08-10 vs Texas Rangers: 0 FS|2026-08-09 @ Miami Marlins: 19 FS|2026-08-08 @ Miami Marlins: 0 FS|2026-08-07 @ Miami Marlins: 0 FS|2026-08-06 @ Baltimore Orioles: 10 FS|2026-08-05 @ Baltimore Orioles: 14 FS|2026-08-04 @ Baltimore Orioles: 0 FS|2026-08-02 vs Milwaukee Brewers: 0 FS|2026-08-01 vs Milwaukee Brewers: 3 FS,2026-08-11 vs Texas Rangers: 0 FS|2026-08-10 vs Texas Rangers: 0 FS|2026-08-09 @ Miami Marlins: 19 FS|2026-08-08 @ Miami Marlins: 0 FS|2026-08-07 @ Miami Marlins: 0 FS|2026-08-06 @ Baltimore Orioles: 10 FS|2026-08-05 @ Baltimore Orioles: 14 FS|2026-08-04 @ Baltimore Orioles: 0 FS|2026-08-02 vs Milwaukee Brewers: 0 FS|2026-08-01 vs Milwaukee Brewers: 3 FS|2026-07-31 vs Milwaukee Brewers: 2 FS|2026-07-29 vs Houston Astros: 0 FS|2026-07-28 vs Houston Astros: 0 FS|2026-07-27 vs Houston Astros: 0 FS|2026-07-26 @ San Francisco Giants: 0 FS,15,30,3.47,0.0,Last 30 games + shrinkage,6.14,3.43,0.214,Neutral,3.47,1.6,0.2,0.1333,0.0667,0.0667,0.0,6.47,6.17,6.06,6.44,5.98,28.0,16.0,20.0,16.0,20.0,6.0,16.57,48.7,51.3,Recent workload,No,33.0,23.4,30.0,52.4,1.091,51,2.22,1.0,1.0,1.0,75.0,121,82.13,28.1,2.48,23.97,0.438,0.9622,1.0,1.0,1.0,1.0008,240,Statcast,1.14,23,Statcast,121,82.13,12.0,14.52,35.0,19.0,69.4,11.6,1.027,0.9951,1.0086,0.9902,0.9934,1.0063,3.99,0.52,Unknown/neutral,Neutral fallback,1.0,1.0,1.0,1.0,1.0,1.0,Neutral fallback,1.072,3,27.0,1.1563,27.0,1.0,0.1466,0.063,0.0015,0.0414,0.0551,0.0112,0.2646,0.5094,0.3397,0.1509,0.0787,0.1048,0.0106,1.0,Projected,5.43,3.17,9.32,15.47,4.06,0.0,Raw,78.1,78.1,71.7,58.4,58.4,56.0,45.0,45.0,41.2,41.2,35.0,30.5,30.5,27.8,24.2,24.2,22.5,20.3,20.3,19.2,15.0,15.0,14.3,11.9,11.9,10.0,8.8,8.0,8.0,7.5,7.0,6.0,5.0,4.5,4.0,3.5,3.0,2.5,1.0,0.0,0.0,0.0,0.0,0.0,0.0,0.0,0.0,0.0,0.0,0.0,0.0,0.0,0.0,0.0,Low,
154,2026-08-12,Luke Keaschall,MIN,BAL,BAL @ MIN,HOME,2B,5.8,5.39,5.39,4.95,4.43,5.08,4.94,5.04,1.028,7.0,8.3,6.87,2|9|9|5|10,2|9|9|5|10|7|7|3|17|14,2|9|9|5|10|7|7|3|17|14|12|0|3|3|2,77.3,64.7,64.2,58.4,57.4,42.9,42.4,36.8,36.3,35.8,28.0,26.5,20.4,20.4,16.6,16.6,12.4,12.4,10.5,10.5,8.4,8.4,7.5,7.5,5.7,5.7,5.0,154.86,C+,MORE 4.0 | 58.4% | Edge +1.4,MORE,4.0,58.4,1.39,16.8,Playable,6,Today Posted,6.0,6.0,6,7-5-6-6-6-2,50.0,100.0,4.4,Regular,14,1.04,Shane Baz,R,4.0,1.36,0.2391,0.0167,0.0786,4.25,1.35,0.2262,0.028,Target Field,0.98,1.03,84.4,5.4,60.0,1.0,warm,445,377,0.263,0.358,0.358,0.716,302,0.734,99,16,1,6,56,35,46,14,14,2026-08-12 vs Baltimore Orioles: 2 FS|2026-08-11 vs Baltimore Orioles: 9 FS|2026-08-10 vs Baltimore Orioles: 9 FS|2026-08-09 @ Milwaukee Brewers: 5 FS|2026-08-08 @ Milwaukee Brewers: 10 FS,2026-08-12 vs Baltimore Orioles: 2 FS|2026-08-11 vs Baltimore Orioles: 9 FS|2026-08-10 vs Baltimore Orioles: 9 FS|2026-08-09 @ Milwaukee Brewers: 5 FS|2026-08-08 @ Milwaukee Brewers: 10 FS|2026-08-07 @ Milwaukee Brewers: 7 FS|2026-08-06 @ Kansas City Royals: 7 FS|2026-08-04 @ Kansas City Royals: 3 FS|2026-08-02 @ Seattle Mariners: 17 FS|2026-08-01 @ Seattle Mariners: 14 FS,2026-08-12 vs Baltimore Orioles: 2 FS|2026-08-11 vs Baltimore Orioles: 9 FS|2026-08-10 vs Baltimore Orioles: 9 FS|2026-08-09 @ Milwaukee Brewers: 5 FS|2026-08-08 @ Milwaukee Brewers: 10 FS|2026-08-07 @ Milwaukee Brewers: 7 FS|2026-08-06 @ Kansas City Royals: 7 FS|2026-08-04 @ Kansas City Royals: 3 FS|2026-08-02 @ Seattle Mariners: 17 FS|2026-08-01 @ Seattle Mariners: 14 FS|2026-07-31 @ Seattle Mariners: 12 FS|2026-07-30 vs Kansas City Royals: 0 FS|2026-07-29 vs Kansas City Royals: 3 FS|2026-07-28 vs Kansas City Royals: 3 FS|2026-07-26 vs Athletics: 2 FS,15,30,7.03,7.0,Last 30 games + shrinkage,7.0,7.21,0.298,Neutral,7.03,1.772,0.2456,0.0702,0.0351,0.1053,0.0175,7.12,7.04,7.05,6.97,5.96,28.0,16.0,20.0,16.0,20.0,6.0,23.45,69.0,31.0,Recent workload,No,49.3,37.6,64.0,66.8,1.0474,130,1.02,1.0,1.0,1.0,75.0,221,80.93,20.81,0.0,30.32,0.326,0.8217,1.0,1.0,1.0,1.0102,464,Statcast,1.0463,29,Statcast,221,80.93,12.0,18.57,29.63,24.0,62.9,13.1,1.0018,0.9936,0.9783,0.9872,0.959,1.0,7.03,-0.0,Unknown/neutral,Neutral fallback,1.0,1.0,1.0,1.0,1.0,1.0,Neutral fallback,1.072,3,27.0,1.3,27.0,1.0,0.1763,0.0285,0.0023,0.0106,0.1023,0.025,0.1713,0.4174,0.3392,0.2435,0.0328,0.0773,0.0095,1.0,Yes,5.04,1.87,8.04,12.15,4.02,0.0,Raw,69.3,56.7,56.7,51.4,51.4,37.9,37.9,32.8,32.8,32.8,25.5,25.5,20.4,20.4,16.6,16.6,12.4,12.4,10.5,10.5,8.4,8.4,7.5,7.5,5.7,5.7,5.0,8.0,8.0,7.5,7.0,6.0,5.0,4.5,4.0,3.5,3.0,2.5,1.0,0.0,0.0,0.0,0.0,0.0,0.0,0.0,0.0,0.0,0.0,0.0,0.0,0.0,0.0,0.0,Pass,
155,2026-08-12,Andruw Monasterio,BOS,TOR,BOS @ TOR,AWAY,SS,5.86,5.15,5.15,3.23,6.91,6.58,5.2,6.15,1.265,7.0,8.7,9.07,12|0|0|11|12,12|0|0|11|12|16|10|12|7|7,12|0|0|11|12|16|10|12|7|7|9|7|24|2|7,60.9,60.9,55.3,54.8,41.9,40.9,40.4,36.7,36.2,35.7,27.1,25.6,20.6,20.6,20.6,16.7,16.7,13.3,13.3,13.3,11.4,11.4,9.0,9.0,9.0,8.1,8.1,154.75,C+,MORE 3.0 | 60.9% | Edge +2.2,MORE,3.0,60.9,2.15,21.8,Playable,8,Today Posted,8.0,8.0,6,8-5-5-6-6-8,33.3,100.0,3.95,Regular,13,1.04,José Soriano,R,3.24,1.26,0.1902,0.0226,0.113,3.98,1.32,0.2119,0.0277,Rogers Centre,1.0,1.0,,,,,Indoor/retractable neutral,253,228,0.268,0.329,0.447,0.776,156,0.667,61,21,1,6,30,31,20,2,4,2026-08-11 @ Toronto Blue Jays: 12 FS|2026-08-10 @ Toronto Blue Jays: 0 FS|2026-08-09 vs Athletics: 0 FS|2026-08-08 vs Athletics: 11 FS|2026-08-07 vs Athletics: 12 FS,2026-08-11 @ Toronto Blue Jays: 12 FS|2026-08-10 @ Toronto Blue Jays: 0 FS|2026-08-09 vs Athletics: 0 FS|2026-08-08 vs Athletics: 11 FS|2026-08-07 vs Athletics: 12 FS|2026-08-06 vs Chicago White Sox: 16 FS|2026-08-05 vs Chicago White Sox: 10 FS|2026-08-04 vs Chicago White Sox: 12 FS|2026-08-02 @ Los Angeles Dodgers: 7 FS|2026-08-01 @ Los Angeles Dodgers: 7 FS,2026-08-11 @ Toronto Blue Jays: 12 FS|2026-08-10 @ Toronto Blue Jays: 0 FS|2026-08-09 vs Athletics: 0 FS|2026-08-08 vs Athletics: 11 FS|2026-08-07 vs Athletics: 12 FS|2026-08-06 vs Chicago White Sox: 16 FS|2026-08-05 vs Chicago White Sox: 10 FS|2026-08-04 vs Chicago White Sox: 12 FS|2026-08-02 @ Los Angeles Dodgers: 7 FS|2026-08-01 @ Los Angeles Dodgers: 7 FS|2026-07-31 @ Los Angeles Dodgers: 9 FS|2026-07-30 @ Athletics: 7 FS|2026-07-29 @ Athletics: 24 FS|2026-07-28 @ Athletics: 2 FS|2026-07-27 @ Athletics: 7 FS,15,30,8.6,7.0,Last 30 games + shrinkage,8.71,9.21,0.32,Hot,8.6,2.224,0.2759,0.0862,0.0172,0.0862,0.0345,6.05,6.75,6.58,6.35,5.12,28.0,16.0,20.0,16.0,20.0,6.0,21.59,63.5,36.5,Recent workload,No,48.3,36.7,47.9,65.2,1.15,101,-0.11,1.0,1.0,1.0,100.0,206,82.56,19.42,2.43,38.83,0.378,0.8957,1.0,1.0,1.0,1.0212,433,Statcast,0.88,21,Statcast,206,82.56,12.0,22.91,29.32,19.9,66.0,14.1,1.0,0.9998,0.9994,0.9997,0.9989,0.9992,8.53,-0.07,Unknown/neutral,Neutral fallback,1.0,1.0,1.0,1.0,1.0,1.0,Neutral fallback,1.072,3,27.0,1.3,27.0,0.9997,0.1286,0.0633,0.0022,0.01,0.0974,0.0179,0.221,0.2936,0.3587,0.3477,0.0584,0.1105,0.0188,1.0,Yes,6.15,0.0,7.02,13.35,3.75,0.0,Raw,52.9,52.9,47.8,47.8,35.9,35.9,35.9,32.7,32.7,32.7,24.6,24.6,20.6,20.6,20.6,16.7,16.7,13.3,13.3,13.3,11.4,11.4,9.0,9.0,9.0,8.1,8.1,8.0,8.0,7.5,7.0,6.0,5.0,4.5,4.0,3.5,3.0,2.5,1.0,0.0,0.0,0.0,0.0,0.0,0.0,0.0,0.0,0.0,0.0,0.0,0.0,0.0,0.0,0.0,Pass,
156,2026-08-12,Luis Rengifo,SD,MIL,MIL @ SD,HOME,LF,7.31,5.15,5.15,3.62,5.6,5.76,5.02,5.55,1.147,7.0,6.6,6.93,23|2|8|2|0,23|2|8|2|0|9|0|12|3|7,23|2|8|2|0|9|0|12|3|7|6|18|10|2|2,61.6,61.6,61.1,54.6,53.6,40.8,40.3,34.5,34.0,33.5,25.7,24.2,18.5,18.5,15.2,15.2,15.2,11.9,11.9,10.2,10.2,8.4,8.4,7.4,7.4,7.4,5.5,154.69,C+,MORE 3.5 | 61.1% | Edge +1.7,MORE,3.5,61.1,1.65,22.2,Playable,1,Today Posted,1.0,2.0,7,2-6-6-9-4-2-2,42.9,100.0,5.04,Regular,14,1.04,Dustin May,R,4.3,1.27,0.2241,0.0166,0.0788,3.54,1.17,0.1976,0.0278,Petco Park,0.94,1.03,81.0,7.9,260.0,1.0,warm,304,266,0.241,0.322,0.316,0.638,59,0.847,64,11,0,3,34,31,30,3,6,2026-08-11 vs Milwaukee Brewers: 23 FS|2026-08-10 vs Milwaukee Brewers: 2 FS|2026-08-09 vs Houston Astros: 8 FS|2026-08-08 vs Houston Astros: 2 FS|2026-08-07 vs Houston Astros: 0 FS,2026-08-11 vs Milwaukee Brewers: 23 FS|2026-08-10 vs Milwaukee Brewers: 2 FS|2026-08-09 vs Houston Astros: 8 FS|2026-08-08 vs Houston Astros: 2 FS|2026-08-07 vs Houston Astros: 0 FS|2026-08-06 @ Arizona Diamondbacks: 9 FS|2026-08-05 @ Arizona Diamondbacks: 0 FS|2026-08-04 @ Arizona Diamondbacks: 12 FS|2026-08-03 @ Arizona Diamondbacks: 3 FS|2026-08-02 vs San Francisco Giants: 7 FS,2026-08-11 vs Milwaukee Brewers: 23 FS|2026-08-10 vs Milwaukee Brewers: 2 FS|2026-08-09 vs Houston Astros: 8 FS|2026-08-08 vs Houston Astros: 2 FS|2026-08-07 vs Houston Astros: 0 FS|2026-08-06 @ Arizona Diamondbacks: 9 FS|2026-08-05 @ Arizona Diamondbacks: 0 FS|2026-08-04 @ Arizona Diamondbacks: 12 FS|2026-08-03 @ Arizona Diamondbacks: 3 FS|2026-08-02 vs San Francisco Giants: 7 FS|2026-08-01 vs San Francisco Giants: 6 FS|2026-07-31 vs San Francisco Giants: 18 FS|2026-07-30 vs San Francisco Giants: 10 FS|2026-07-29 vs Colorado Rockies: 2 FS|2026-07-28 vs Colorado Rockies: 2 FS,15,30,7.67,6.5,Last 30 games + shrinkage,6.29,7.29,0.271,Neutral,7.67,1.789,0.2281,0.0351,0.0175,0.1228,0.0351,6.84,7.93,7.35,6.96,6.79,28.0,16.0,20.0,16.0,20.0,6.0,20.64,60.7,39.3,Recent workload,No,47.3,35.7,25.8,56.0,0.9141,61,1.61,1.0,1.0,1.0,75.0,140,81.51,25.0,2.14,28.57,0.347,0.874,1.0,1.0,1.0,1.0318,308,Statcast,0.8823,21,Statcast,140,81.51,12.0,15.48,32.1,15.0,64.3,20.7,1.0089,0.9839,0.986,1.0271,0.8802,1.0022,7.85,0.18,Unknown/neutral,Neutral fallback,1.0,1.0,1.0,1.0,1.0,1.0,Neutral fallback,1.072,3,27.0,1.3,27.0,0.888,0.1438,0.0193,0.0011,0.0117,0.1095,0.0145,0.1701,0.5572,0.2142,0.2286,0.1174,0.099,0.0228,1.0,Yes,5.55,1.33,7.06,12.8,4.42,0.0,Raw,53.6,53.6,53.6,47.6,47.6,35.8,35.8,30.5,30.5,30.5,23.2,23.2,18.5,18.5,15.2,15.2,15.2,11.9,11.9,10.2,10.2,8.4,8.4,7.4,7.4,7.4,5.5,8.0,8.0,7.5,7.0,6.0,5.0,4.5,4.0,3.5,3.0,2.5,1.0,0.0,0.0,0.0,0.0,0.0,0.0,0.0,0.0,0.0,0.0,0.0,0.0,0.0,0.0,0.0,Pass,
157,2026-08-12,Tommy Edman,LAD,KC,KC @ LAD,HOME,2B,7.46,5.64,5.64,4.05,5.71,5.82,6.01,5.82,0.968,3.2,3.9,4.67,3|5|0|0|8,3|5|0|0|8|3|0|18|0|2,3|5|0|0|8|3|0|18|0|2|4|0|12|8|7,72.5,72.5,59.6,59.1,53.5,52.5,41.2,37.3,36.8,29.7,29.2,23.8,22.8,19.7,19.7,16.7,16.7,15.0,15.0,13.0,13.0,12.1,12.1,9.7,9.7,9.0,9.0,154.11,C+,MORE 4.0 | 59.1% | Edge +1.6,MORE,4.0,59.1,1.64,18.2,Playable,4,Last 7 Confirmed,,4.0,7,7-4-4-7-8-4-8,42.9,97.0,4.73,Regular,14,1.04,Daniel Lynch IV,L,2.45,1.01,0.1762,0.0104,0.0725,4.84,1.43,0.2306,0.0332,UNIQLO Field at Dodger Stadium,1.0,1.0,,,,,Weather unavailable,165,148,0.277,0.344,0.405,0.749,54,0.698,41,6,2,3,21,22,10,5,3,2026-08-11 vs Kansas City Royals: 3 FS|2026-08-10 vs Kansas City Royals: 5 FS|2026-08-09 @ Arizona Diamondbacks: 0 FS|2026-08-08 @ Arizona Diamondbacks: 0 FS|2026-08-07 @ Arizona Diamondbacks: 8 FS,2026-08-11 vs Kansas City Royals: 3 FS|2026-08-10 vs Kansas City Royals: 5 FS|2026-08-09 @ Arizona Diamondbacks: 0 FS|2026-08-08 @ Arizona Diamondbacks: 0 FS|2026-08-07 @ Arizona Diamondbacks: 8 FS|2026-08-05 @ Chicago Cubs: 3 FS|2026-08-04 @ Chicago Cubs: 0 FS|2026-08-03 @ Chicago Cubs: 18 FS|2026-08-02 vs Boston Red Sox: 0 FS|2026-08-01 vs Boston Red Sox: 2 FS,2026-08-11 vs Kansas City Royals: 3 FS|2026-08-10 vs Kansas City Royals: 5 FS|2026-08-09 @ Arizona Diamondbacks: 0 FS|2026-08-08 @ Arizona Diamondbacks: 0 FS|2026-08-07 @ Arizona Diamondbacks: 8 FS|2026-08-05 @ Chicago Cubs: 3 FS|2026-08-04 @ Chicago Cubs: 0 FS|2026-08-03 @ Chicago Cubs: 18 FS|2026-08-02 vs Boston Red Sox: 0 FS|2026-08-01 vs Boston Red Sox: 2 FS|2026-07-30 vs Seattle Mariners: 4 FS|2026-07-29 vs Seattle Mariners: 0 FS|2026-07-28 vs Seattle Mariners: 12 FS|2026-07-26 @ New York Mets: 8 FS|2026-07-25 @ New York Mets: 7 FS,15,30,6.03,5.0,Last 30 games + shrinkage,2.71,4.5,0.185,Cold,6.03,1.125,0.1786,0.0357,0.0179,0.0357,0.0,8.28,7.84,7.21,7.12,7.97,28.0,16.0,20.0,16.0,20.0,6.0,8.0,25.0,75.0,Recent workload,Yes,47.4,35.9,24.1,65.9,0.9816,108,0.08,1.0,1.0,1.0,75.0,213,83.0,24.41,0.0,26.76,0.363,0.8851,1.0,1.0,1.0,1.0465,437,Statcast,1.14,24,Statcast,213,83.0,12.0,12.84,32.16,14.6,64.3,21.1,1.0,0.9967,0.9879,0.9934,0.9781,0.9832,4.63,-1.4,Unknown/neutral,Neutral fallback,1.0,1.0,1.0,1.0,1.0,1.0,Neutral fallback,1.072,3,27.0,1.3,27.0,0.9874,0.133,0.0284,0.0046,0.0206,0.0626,0.0254,0.1975,0.5135,0.2702,0.2163,0.104,0.1713,0.0131,1.0,Projected,5.82,0.18,7.92,13.73,4.28,0.0,Raw,64.5,64.5,52.1,52.1,47.5,47.5,36.7,33.3,33.3,26.7,26.7,22.8,22.8,19.7,19.7,16.7,16.7,15.0,15.0,13.0,13.0,12.1,12.1,9.7,9.7,9.0,9.0,8.0,8.0,7.5,7.0,6.0,5.0,4.5,4.0,3.5,3.0,2.5,1.0,0.0,0.0,0.0,0.0,0.0,0.0,0.0,0.0,0.0,0.0,0.0,0.0,0.0,0.0,0.0,Pass,
158,2026-08-12,Dansby Swanson,CHC,WSH,CHC @ WSH,AWAY,SS,6.22,5.89,5.89,4.18,5.91,5.94,6.56,5.94,0.906,3.4,6.5,5.93,6|7|0|4|0,6|7|0|4|0|9|24|15|0|0,6|7|0|4|0|9|24|15|0|0|0|9|2|3|10,70.8,70.8,59.7,59.2,53.3,52.3,41.4,38.4,37.9,31.1,30.6,25.7,24.7,22.1,22.1,19.1,19.1,17.7,15.4,15.4,14.4,14.4,11.3,11.3,10.7,10.7,8.3,154.02,C+,MORE 4.0 | 59.2% | Edge +1.9,MORE,4.0,59.2,1.89,18.4,Playable,8,Last 7 Confirmed,,8.0,7,9-7-8-9-8-8-7,42.9,97.0,4.04,Regular,14,1.04,Jackson Kent,L,4.2,1.25,0.224,0.03,0.085,4.73,1.39,0.2284,0.0356,Nationals Park,1.0,1.03,88.8,5.3,165.0,1.0,warm,447,395,0.213,0.294,0.395,0.689,126,0.745,84,15,3,17,74,64,45,2,16,2026-08-11 @ Washington Nationals: 6 FS|2026-08-09 @ Kansas City Royals: 7 FS|2026-08-08 @ Kansas City Royals: 0 FS|2026-08-07 @ Kansas City Royals: 4 FS|2026-08-06 vs Toronto Blue Jays: 0 FS,2026-08-11 @ Washington Nationals: 6 FS|2026-08-09 @ Kansas City Royals: 7 FS|2026-08-08 @ Kansas City Royals: 0 FS|2026-08-07 @ Kansas City Royals: 4 FS|2026-08-06 vs Toronto Blue Jays: 0 FS|2026-08-05 vs Los Angeles Dodgers: 9 FS|2026-08-04 vs Los Angeles Dodgers: 24 FS|2026-08-03 vs Los Angeles Dodgers: 15 FS|2026-08-02 vs New York Yankees: 0 FS|2026-08-01 vs New York Yankees: 0 FS,2026-08-11 @ Washington Nationals: 6 FS|2026-08-09 @ Kansas City Royals: 7 FS|2026-08-08 @ Kansas City Royals: 0 FS|2026-08-07 @ Kansas City Royals: 4 FS|2026-08-06 vs Toronto Blue Jays: 0 FS|2026-08-05 vs Los Angeles Dodgers: 9 FS|2026-08-04 vs Los Angeles Dodgers: 24 FS|2026-08-03 vs Los Angeles Dodgers: 15 FS|2026-08-02 vs New York Yankees: 0 FS|2026-08-01 vs New York Yankees: 0 FS|2026-07-31 vs New York Yankees: 0 FS|2026-07-30 @ St. Louis Cardinals: 9 FS|2026-07-29 @ St. Louis Cardinals: 2 FS|2026-07-27 @ St. Louis Cardinals: 3 FS|2026-07-26 @ Pittsburgh Pirates: 10 FS,15,30,6.57,5.0,Last 30 games + shrinkage,7.14,5.64,0.163,Cold,6.57,1.436,0.1455,0.0545,0.0182,0.0909,0.0364,7.17,6.52,6.25,6.59,6.23,28.0,16.0,20.0,16.0,20.0,6.0,21.0,64.0,36.0,Season fallback,No,48.4,36.9,42.6,69.4,1.0,0,0.0,1.0,1.0,1.0,75.0,249,82.92,24.5,0.0,25.7,0.373,0.8916,1.0,1.0,1.0,1.0,0,Fallback,1.0,0,Fallback,249,82.92,12.0,13.32,31.76,28.5,61.5,10.0,1.0298,0.9967,1.0173,0.9934,1.0071,0.9955,6.19,-0.37,Unknown/neutral,Neutral fallback,1.0,1.0,1.0,1.0,1.0,1.0,Neutral fallback,1.072,3,27.0,1.3,27.0,1.0,0.122,0.0337,0.0098,0.0276,0.0745,0.0056,0.2228,0.4538,0.2923,0.2538,0.0812,0.0965,0.0275,1.0,Projected,5.94,0.55,7.8,15.05,4.03,0.0,Raw,62.8,62.8,52.2,52.2,47.3,47.3,36.9,34.4,34.4,28.1,28.1,24.7,24.7,22.1,22.1,19.1,19.1,17.7,15.4,15.4,14.4,14.4,11.3,11.3,10.7,10.7,8.3,8.0,8.0,7.5,7.0,6.0,5.0,4.5,4.0,3.5,3.0,2.5,1.0,0.0,0.0,0.0,0.0,0.0,0.0,0.0,0.0,0.0,0.0,0.0,0.0,0.0,0.0,0.0,Pass,
159,2026-08-12,Michael Harris II,ATL,NYM,NYM @ ATL,HOME,CF,6.58,5.32,5.32,2.66,6.63,6.4,5.97,6.25,1.072,4.6,6.6,6.13,5|10|5|3|0,5|10|5|3|0|26|10|7|0|0,5|10|5|3|0|26|10|7|0|0|21|0|0|2|3,70.7,56.2,55.7,53.4,52.4,39.6,39.1,35.7,35.2,28.4,27.9,26.4,21.6,21.6,19.1,19.1,15.7,15.7,14.6,14.6,12.6,12.6,11.9,11.9,8.7,8.7,8.7,153.77,C+,MORE 2.5 | 70.7% | Edge +2.8,MORE,2.5,70.7,2.82,41.4,Strong,5,Today Posted,5.0,4.0,6,4-4-4-4-4-4,100.0,100.0,4.61,Regular,13,1.04,Zac Thornton,L,2.52,1.07,0.1961,0.0196,0.0784,4.12,1.31,0.2105,0.0279,Truist Park,1.01,1.055,90.4,8.6,279.0,5.0,hot,457,434,0.293,0.322,0.493,0.815,168,0.823,127,25,1,20,59,67,18,2,6,2026-08-11 vs New York Mets: 5 FS|2026-08-10 vs New York Mets: 10 FS|2026-08-09 @ New York Yankees: 5 FS|2026-08-08 @ New York Yankees: 3 FS|2026-08-07 @ New York Yankees: 0 FS,2026-08-11 vs New York Mets: 5 FS|2026-08-10 vs New York Mets: 10 FS|2026-08-09 @ New York Yankees: 5 FS|2026-08-08 @ New York Yankees: 3 FS|2026-08-07 @ New York Yankees: 0 FS|2026-08-06 vs Miami Marlins: 26 FS|2026-08-05 vs Miami Marlins: 10 FS|2026-08-04 vs Miami Marlins: 7 FS|2026-08-02 vs Washington Nationals: 0 FS|2026-08-01 vs Washington Nationals: 0 FS,2026-08-11 vs New York Mets: 5 FS|2026-08-10 vs New York Mets: 10 FS|2026-08-09 @ New York Yankees: 5 FS|2026-08-08 @ New York Yankees: 3 FS|2026-08-07 @ New York Yankees: 0 FS|2026-08-06 vs Miami Marlins: 26 FS|2026-08-05 vs Miami Marlins: 10 FS|2026-08-04 vs Miami Marlins: 7 FS|2026-08-02 vs Washington Nationals: 0 FS|2026-08-01 vs Washington Nationals: 0 FS|2026-07-31 vs Washington Nationals: 21 FS|2026-07-30 vs Washington Nationals: 0 FS|2026-07-29 @ New York Mets: 0 FS|2026-07-29 @ New York Mets: 2 FS|2026-07-27 @ New York Mets: 3 FS,15,30,7.3,5.0,Last 30 games + shrinkage,8.43,6.36,0.25,Neutral,7.3,1.618,0.2364,0.1091,0.0182,0.0545,0.0,7.76,7.09,6.96,7.45,6.87,28.0,16.0,20.0,16.0,20.0,6.0,22.35,65.7,34.3,Recent workload,No,50.6,38.8,49.7,73.6,1.1303,127,-0.03,1.0,1.0,1.0,75.0,307,82.89,29.97,1.63,28.66,0.374,0.9215,1.0,1.0,1.0,0.987,578,Statcast,0.9908,23,Statcast,307,82.89,12.0,14.58,32.3,15.0,61.2,23.8,1.0117,0.9972,1.0011,0.9943,0.9925,0.9959,6.96,-0.34,Unknown/neutral,Neutral fallback,1.0,1.0,1.0,1.0,1.0,1.0,Neutral fallback,1.072,3,27.0,1.1287,27.0,1.0,0.1313,0.0555,0.0028,0.0233,0.0382,0.0091,0.1955,0.4902,0.2287,0.2811,0.0627,0.1336,0.0029,1.0,Yes,6.25,0.0,8.03,14.46,3.98,0.0,Raw,62.7,48.2,48.2,46.4,46.4,34.6,34.6,31.7,31.7,25.4,25.4,25.4,21.6,21.6,19.1,19.1,15.7,15.7,14.6,14.6,12.6,12.6,11.9,11.9,8.7,8.7,8.7,8.0,8.0,7.5,7.0,6.0,5.0,4.5,4.0,3.5,3.0,2.5,1.0,0.0,0.0,0.0,0.0,0.0,0.0,0.0,0.0,0.0,0.0,0.0,0.0,0.0,0.0,0.0,Pass,
160,2026-08-12,Ryan McMahon,NYY,SEA,SEA @ NYY,HOME,3B,5.99,6.52,6.52,4.69,5.08,5.44,7.48,5.44,0.727,5.4,5.4,3.93,9|2|0|12|4,9|2|0|12|4|3|19|5|0|0,9|2|0|12|4|3|19|5|0|0|2|3|0|0|0,78.3,78.3,69.3,57.7,56.7,52.9,42.7,42.2,39.3,33.6,33.1,28.9,26.0,26.0,23.9,23.1,23.1,22.0,21.5,15.8,15.8,15.5,11.7,11.7,10.0,8.4,8.4,153.74,C+,MORE 3.5 | 69.3% | Edge +3.0,MORE,3.5,69.3,3.02,38.6,Good,7,Today Posted,7.0,8.0,6,8-8-8-7-7-7,50.0,100.0,3.95,Likely regular,9,1.0,Bryce Miller,R,3.08,0.95,0.1961,0.0425,0.049,3.79,1.2,0.2214,0.0293,Yankee Stadium,1.06,1.03,85.2,1.4,231.0,1.0,warm,286,260,0.215,0.281,0.373,0.654,228,0.696,56,11,0,10,29,30,22,2,3,2026-08-11 vs Seattle Mariners: 9 FS|2026-08-09 vs Atlanta Braves: 2 FS|2026-08-08 vs Atlanta Braves: 0 FS|2026-08-07 vs Atlanta Braves: 12 FS|2026-08-05 vs St. Louis Cardinals: 4 FS,2026-08-11 vs Seattle Mariners: 9 FS|2026-08-09 vs Atlanta Braves: 2 FS|2026-08-08 vs Atlanta Braves: 0 FS|2026-08-07 vs Atlanta Braves: 12 FS|2026-08-05 vs St. Louis Cardinals: 4 FS|2026-08-04 vs St. Louis Cardinals: 3 FS|2026-08-03 vs St. Louis Cardinals: 19 FS|2026-08-02 @ Chicago Cubs: 5 FS|2026-08-01 @ Chicago Cubs: 0 FS|2026-07-31 @ Chicago Cubs: 0 FS,2026-08-11 vs Seattle Mariners: 9 FS|2026-08-09 vs Atlanta Braves: 2 FS|2026-08-08 vs Atlanta Braves: 0 FS|2026-08-07 vs Atlanta Braves: 12 FS|2026-08-05 vs St. Louis Cardinals: 4 FS|2026-08-04 vs St. Louis Cardinals: 3 FS|2026-08-03 vs St. Louis Cardinals: 19 FS|2026-08-02 @ Chicago Cubs: 5 FS|2026-08-01 @ Chicago Cubs: 0 FS|2026-07-31 @ Chicago Cubs: 0 FS|2026-07-30 @ Chicago White Sox: 2 FS|2026-07-29 @ Chicago White Sox: 3 FS|2026-07-28 @ Chicago White Sox: 0 FS|2026-07-26 @ Philadelphia Phillies: 0 FS|2026-07-25 @ Philadelphia Phillies: 0 FS,15,30,4.37,3.0,Last 30 games + shrinkage,7.0,4.21,0.242,Neutral,4.37,1.513,0.2051,0.0513,0.0256,0.1026,0.0,6.65,6.61,6.66,7.16,6.5,28.0,16.0,20.0,16.0,20.0,6.0,23.12,68.0,32.0,Recent workload,No,39.6,29.0,57.3,55.3,1.1111,66,4.67,1.0,1.0,1.0,75.0,136,85.69,27.94,1.47,32.35,0.428,0.9886,1.0,1.0,1.0,1.054,324,Statcast,0.9521,43,Statcast,136,85.69,12.0,19.77,29.47,12.5,64.0,23.5,1.0181,0.9868,1.0023,0.8314,1.1719,1.0047,4.76,0.39,Unknown/neutral,Neutral fallback,1.0,1.0,1.0,1.0,1.0,1.0,Neutral fallback,1.072,3,27.0,1.0862,27.0,1.0,0.1006,0.0436,0.0003,0.0574,0.0595,0.0058,0.2834,0.377,0.3115,0.3115,0.0428,0.0985,0.0014,1.0,Yes,5.44,1.78,9.05,14.14,3.98,0.0,Raw,70.3,70.3,61.8,50.7,50.7,47.9,38.2,38.2,35.8,30.6,30.6,27.9,26.0,26.0,23.9,23.1,23.1,22.0,21.5,15.8,15.8,15.5,11.7,11.7,10.0,8.4,8.4,8.0,8.0,7.5,7.0,6.0,5.0,4.5,4.0,3.5,3.0,2.5,1.0,0.0,0.0,0.0,0.0,0.0,0.0,0.0,0.0,0.0,0.0,0.0,0.0,0.0,0.0,0.0,Low,
161,2026-08-12,Mookie Betts,LAD,KC,KC @ LAD,HOME,SS,6.07,5.55,5.55,4.09,5.56,5.73,6.08,5.73,0.942,8.0,5.4,5.27,26|5|2|2|5,26|5|2|2|5|14|0|0|0|0,26|5|2|2|5|14|0|0|0|0|3|12|5|5|0,71.4,71.4,58.7,58.2,52.9,51.9,39.9,36.5,36.0,28.9,28.4,23.4,22.4,19.2,19.2,16.6,16.6,15.0,15.0,13.0,13.0,12.2,12.2,9.3,8.8,8.8,7.0,153.58,C+,MORE 4.0 | 58.2% | Edge +1.5,MORE,4.0,58.2,1.55,16.4,Playable,5,Last 7 Confirmed,,5.0,7,6-5-5-5-5-6-5,71.4,97.0,4.61,Regular,13,1.04,Daniel Lynch IV,L,2.45,1.01,0.1762,0.0104,0.0725,4.84,1.43,0.2306,0.0332,UNIQLO Field at Dodger Stadium,1.0,1.0,,,,,Weather unavailable,350,323,0.235,0.291,0.406,0.697,114,0.564,76,13,0,14,46,38,25,1,1,2026-08-11 vs Kansas City Royals: 26 FS|2026-08-10 vs Kansas City Royals: 5 FS|2026-08-09 @ Arizona Diamondbacks: 2 FS|2026-08-08 @ Arizona Diamondbacks: 2 FS|2026-08-07 @ Arizona Diamondbacks: 5 FS,2026-08-11 vs Kansas City Royals: 26 FS|2026-08-10 vs Kansas City Royals: 5 FS|2026-08-09 @ Arizona Diamondbacks: 2 FS|2026-08-08 @ Arizona Diamondbacks: 2 FS|2026-08-07 @ Arizona Diamondbacks: 5 FS|2026-08-05 @ Chicago Cubs: 14 FS|2026-08-04 @ Chicago Cubs: 0 FS|2026-08-03 @ Chicago Cubs: 0 FS|2026-08-02 vs Boston Red Sox: 0 FS|2026-08-01 vs Boston Red Sox: 0 FS,2026-08-11 vs Kansas City Royals: 26 FS|2026-08-10 vs Kansas City Royals: 5 FS|2026-08-09 @ Arizona Diamondbacks: 2 FS|2026-08-08 @ Arizona Diamondbacks: 2 FS|2026-08-07 @ Arizona Diamondbacks: 5 FS|2026-08-05 @ Chicago Cubs: 14 FS|2026-08-04 @ Chicago Cubs: 0 FS|2026-08-03 @ Chicago Cubs: 0 FS|2026-08-02 vs Boston Red Sox: 0 FS|2026-08-01 vs Boston Red Sox: 0 FS|2026-07-31 vs Boston Red Sox: 3 FS|2026-07-30 vs Seattle Mariners: 12 FS|2026-07-29 vs Seattle Mariners: 5 FS|2026-07-28 vs Seattle Mariners: 5 FS|2026-07-26 @ New York Mets: 0 FS,15,30,5.3,3.0,Last 30 games + shrinkage,7.71,5.64,0.269,Neutral,5.3,1.463,0.2593,0.0741,0.0185,0.037,0.0,7.87,7.15,7.63,8.22,6.79,28.0,16.0,20.0,16.0,20.0,6.0,8.0,25.0,75.0,Recent workload,Yes,48.3,36.7,40.1,70.0,1.077,142,0.08,1.0,1.0,1.0,75.0,257,85.35,28.79,1.56,34.63,0.352,0.9307,1.0,1.0,1.0,1.0365,519,Statcast,0.921,44,Statcast,257,85.35,12.0,20.61,29.51,26.9,56.8,16.3,1.0,1.0064,1.0235,1.0128,1.0427,1.0158,6.62,1.32,Unknown/neutral,Neutral fallback,1.0,1.0,1.0,1.0,1.0,1.0,Neutral fallback,1.072,3,27.0,0.9148,27.0,1.0,0.1284,0.0392,0.0007,0.0238,0.0814,0.0021,0.1461,0.3684,0.3224,0.3092,0.0734,0.0853,0.0014,1.0,Projected,5.73,0.32,7.86,13.51,4.13,0.0,Raw,63.4,63.4,51.2,51.2,46.9,46.9,35.4,32.5,32.5,25.9,25.9,22.4,22.4,19.2,19.2,16.6,16.6,15.0,15.0,13.0,13.0,12.2,12.2,9.3,8.8,8.8,7.0,8.0,8.0,7.5,7.0,6.0,5.0,4.5,4.0,3.5,3.0,2.5,1.0,0.0,0.0,0.0,0.0,0.0,0.0,0.0,0.0,0.0,0.0,0.0,0.0,0.0,0.0,0.0,Pass,
162,2026-08-12,Osleivis Basabe,SF,HOU,HOU @ SF,HOME,2B,6.25,5.36,5.36,2.9,6.77,6.34,6.21,6.3,1.022,3.2,6.4,6.85,0|6|3|7|0,0|6|3|7|0|8|3|16|5|16,0|6|3|7|0|8|3|16|5|16|25|0|0,67.7,55.1,54.6,50.5,49.5,38.1,37.6,34.2,33.7,27.8,27.3,25.8,21.5,21.5,19.4,19.4,16.7,16.7,15.7,15.7,14.4,14.4,13.6,13.6,10.2,10.2,9.8,153.49,C+,MORE 2.5 | 67.7% | Edge +2.9,MORE,2.5,67.7,2.86,35.4,Good,7,Today Posted,7.0,5.0,7,7-5-5-5-7-5-1,57.1,100.0,3.83,Likely regular,10,1.0,Bryan King,L,3.78,1.38,0.2273,0.0318,0.0864,4.57,1.36,0.2057,0.0354,Oracle Park,0.94,1.0,67.0,8.0,243.0,0.0,neutral,41,39,0.282,0.293,0.538,0.831,11,0.091,11,1,0,3,5,8,0,1,1,2026-08-12 vs Houston Astros: 0 FS|2026-08-11 vs Houston Astros: 6 FS|2026-08-10 vs Houston Astros: 3 FS|2026-08-09 vs Detroit Tigers: 7 FS|2026-08-08 vs Detroit Tigers: 0 FS,2026-08-12 vs Houston Astros: 0 FS|2026-08-11 vs Houston Astros: 6 FS|2026-08-10 vs Houston Astros: 3 FS|2026-08-09 vs Detroit Tigers: 7 FS|2026-08-08 vs Detroit Tigers: 0 FS|2026-08-07 vs Detroit Tigers: 8 FS|2026-08-05 @ Texas Rangers: 3 FS|2026-08-04 @ Texas Rangers: 16 FS|2026-08-03 @ Texas Rangers: 5 FS|2026-08-02 @ San Diego Padres: 16 FS,2026-08-12 vs Houston Astros: 0 FS|2026-08-11 vs Houston Astros: 6 FS|2026-08-10 vs Houston Astros: 3 FS|2026-08-09 vs Detroit Tigers: 7 FS|2026-08-08 vs Detroit Tigers: 0 FS|2026-08-07 vs Detroit Tigers: 8 FS|2026-08-05 @ Texas Rangers: 3 FS|2026-08-04 @ Texas Rangers: 16 FS|2026-08-03 @ Texas Rangers: 5 FS|2026-08-02 @ San Diego Padres: 16 FS|2026-08-01 @ San Diego Padres: 25 FS|2026-07-31 @ San Diego Padres: 0 FS|2026-07-29 vs Milwaukee Brewers: 0 FS,13,13,6.85,5.0,Last 13 games + shrinkage,3.86,6.85,0.282,Neutral,6.85,2.171,0.2683,0.0976,0.0732,0.0,0.0244,6.36,6.53,6.53,5.86,5.87,28.0,16.0,20.0,16.0,20.0,6.0,8.0,25.0,75.0,Recent workload,Yes,29.4,20.3,6.1,34.1,0.9405,14,-1.03,1.0,1.0,1.0,75.0,57,83.33,24.56,3.51,26.32,0.346,0.9048,1.0,1.0,1.0,1.0318,91,Statcast,1.0,1,Fallback,57,83.33,12.0,19.14,35.0,22.8,64.9,12.3,1.0027,1.0003,1.044,1.2307,0.8841,0.9874,5.8,-1.05,Unknown/neutral,Neutral fallback,1.0,1.0,1.0,1.0,1.0,1.0,Neutral fallback,1.072,3,27.0,1.219,27.0,0.9754,0.1283,0.0321,0.0043,0.031,0.0597,0.0228,0.1733,0.4375,0.4375,0.125,0.1088,0.1292,0.0206,1.0,Yes,6.3,0.0,6.99,15.16,3.8,0.0,Raw,59.7,47.1,47.1,43.5,43.5,33.1,33.1,30.2,30.2,24.8,24.8,24.8,21.5,21.5,19.4,19.4,16.7,16.7,15.7,15.7,14.4,14.4,13.6,13.6,10.2,10.2,9.8,8.0,8.0,7.5,7.0,6.0,5.0,4.5,4.0,3.5,3.0,2.5,1.0,0.0,0.0,0.0,0.0,0.0,0.0,0.0,0.0,0.0,0.0,0.0,0.0,0.0,0.0,0.0,Pass,
163,2026-08-12,Teoscar Hernández,LAD,KC,KC @ LAD,HOME,LF,5.73,5.8,5.8,4.13,5.73,5.84,6.31,5.84,0.926,2.0,5.4,5.73,7|0|0|3|0,7|0|0|3|0|0|0|17|5|22,7|0|0|3|0|0|0|17|5|22|0|21|5|0|6,72.3,72.3,59.6,59.1,53.6,52.6,41.7,38.1,37.6,30.7,30.2,25.1,24.1,20.5,20.5,17.7,17.7,16.2,16.2,14.3,13.6,13.6,10.6,10.6,10.1,10.1,7.8,151.42,C+,MORE 4.0 | 59.1% | Edge +1.8,MORE,4.0,59.1,1.8,18.2,Playable,7,Last 7 Confirmed,,7.0,5,7-7-8-7-7,80.0,93.9,3.95,Likely regular,11,1.0,Daniel Lynch IV,L,2.45,1.01,0.1762,0.0104,0.0725,4.84,1.43,0.2306,0.0332,UNIQLO Field at Dodger Stadium,1.0,1.0,,,,,Weather unavailable,328,296,0.25,0.314,0.405,0.719,93,0.812,74,13,0,11,47,42,27,2,2,2026-08-11 vs Kansas City Royals: 7 FS|2026-08-10 vs Kansas City Royals: 0 FS|2026-08-09 @ Arizona Diamondbacks: 0 FS|2026-08-08 @ Arizona Diamondbacks: 3 FS|2026-08-07 @ Arizona Diamondbacks: 0 FS,2026-08-11 vs Kansas City Royals: 7 FS|2026-08-10 vs Kansas City Royals: 0 FS|2026-08-09 @ Arizona Diamondbacks: 0 FS|2026-08-08 @ Arizona Diamondbacks: 3 FS|2026-08-07 @ Arizona Diamondbacks: 0 FS|2026-08-05 @ Chicago Cubs: 0 FS|2026-08-04 @ Chicago Cubs: 0 FS|2026-08-03 @ Chicago Cubs: 17 FS|2026-08-02 vs Boston Red Sox: 5 FS|2026-08-01 vs Boston Red Sox: 22 FS,2026-08-11 vs Kansas City Royals: 7 FS|2026-08-10 vs Kansas City Royals: 0 FS|2026-08-09 @ Arizona Diamondbacks: 0 FS|2026-08-08 @ Arizona Diamondbacks: 3 FS|2026-08-07 @ Arizona Diamondbacks: 0 FS|2026-08-05 @ Chicago Cubs: 0 FS|2026-08-04 @ Chicago Cubs: 0 FS|2026-08-03 @ Chicago Cubs: 17 FS|2026-08-02 vs Boston Red Sox: 5 FS|2026-08-01 vs Boston Red Sox: 22 FS|2026-07-31 vs Boston Red Sox: 0 FS|2026-07-30 vs Seattle Mariners: 21 FS|2026-07-29 vs Seattle Mariners: 5 FS|2026-07-28 vs Seattle Mariners: 0 FS|2026-07-26 @ New York Mets: 6 FS,15,30,4.87,3.0,Last 30 games + shrinkage,1.43,5.71,0.244,Neutral,4.87,1.739,0.2391,0.1087,0.0652,0.0217,0.0,6.39,5.73,6.28,5.68,6.14,28.0,16.0,20.0,16.0,20.0,6.0,8.0,25.0,75.0,Recent workload,Yes,44.8,33.5,35.4,57.5,1.15,84,0.08,1.0,1.0,1.0,75.0,149,82.94,23.49,2.68,21.48,0.345,0.8897,1.0,1.0,1.0,0.9708,355,Statcast,0.88,24,Statcast,149,82.94,12.0,24.55,32.93,14.8,65.8,19.5,1.0,1.0011,1.004,1.0022,1.0073,0.998,4.7,-0.17,Unknown/neutral,Neutral fallback,1.0,1.0,1.0,1.0,1.0,1.0,Neutral fallback,1.072,3,27.0,0.8673,27.0,0.9985,0.1315,0.0365,0.0009,0.0305,0.0847,0.0074,0.2398,0.4459,0.419,0.1351,0.0805,0.1018,0.0023,1.0,Projected,5.84,0.43,7.84,15.25,3.91,0.0,Raw,64.3,64.3,52.1,52.1,47.6,47.6,37.2,34.1,34.1,27.7,27.7,24.1,24.1,20.5,20.5,17.7,17.7,16.2,16.2,14.3,13.6,13.6,10.6,10.6,10.1,10.1,7.8,8.0,8.0,7.5,7.0,6.0,5.0,4.5,4.0,3.5,3.0,2.5,1.0,0.0,0.0,0.0,0.0,0.0,0.0,0.0,0.0,0.0,0.0,0.0,0.0,0.0,0.0,0.0,Pass,
164,2026-08-12,Alejandro Kirk,TOR,BOS,BOS @ TOR,HOME,C,6.7,5.44,5.44,4.94,4.65,5.2,5.03,5.16,1.034,7.6,6.9,6.2,8|10|2|4|14,8|10|2|4|14|0|3|14|3|11,8|10|2|4|14|0|3|14|3|11|6|2|6|5|5,79.9,62.7,62.2,57.9,56.9,42.9,42.4,35.2,34.7,34.2,27.6,26.1,18.9,18.9,15.9,15.9,12.5,12.5,10.8,10.8,9.1,9.1,7.9,7.9,6.5,6.5,5.9,151.23,C+,MORE 3.5 | 62.2% | Edge +1.9,MORE,3.5,62.2,1.94,24.4,Good,4,Today Posted,4.0,3.0,4,5-3-2-3,50.0,100.0,4.73,Regular,12,1.04,Ranger Suarez,L,3.32,1.17,0.2146,0.0142,0.0708,3.49,1.22,0.2161,0.0264,Rogers Centre,1.0,1.0,,,,,Indoor/retractable neutral,174,153,0.261,0.333,0.366,0.699,59,0.815,40,4,0,4,11,19,18,0,0,2026-08-11 vs Boston Red Sox: 8 FS|2026-08-09 @ Philadelphia Phillies: 10 FS|2026-08-08 @ Philadelphia Phillies: 2 FS|2026-08-07 @ Philadelphia Phillies: 4 FS|2026-08-06 @ Chicago Cubs: 14 FS,2026-08-11 vs Boston Red Sox: 8 FS|2026-08-09 @ Philadelphia Phillies: 10 FS|2026-08-08 @ Philadelphia Phillies: 2 FS|2026-08-07 @ Philadelphia Phillies: 4 FS|2026-08-06 @ Chicago Cubs: 14 FS|2026-08-05 @ Houston Astros: 0 FS|2026-08-04 @ Houston Astros: 3 FS|2026-08-03 @ Houston Astros: 14 FS|2026-08-02 vs St. Louis Cardinals: 3 FS|2026-08-01 vs St. Louis Cardinals: 11 FS,2026-08-11 vs Boston Red Sox: 8 FS|2026-08-09 @ Philadelphia Phillies: 10 FS|2026-08-08 @ Philadelphia Phillies: 2 FS|2026-08-07 @ Philadelphia Phillies: 4 FS|2026-08-06 @ Chicago Cubs: 14 FS|2026-08-05 @ Houston Astros: 0 FS|2026-08-04 @ Houston Astros: 3 FS|2026-08-03 @ Houston Astros: 14 FS|2026-08-02 vs St. Louis Cardinals: 3 FS|2026-08-01 vs St. Louis Cardinals: 11 FS|2026-07-29 @ Washington Nationals: 6 FS|2026-07-27 @ Washington Nationals: 2 FS|2026-07-26 @ Boston Red Sox: 6 FS|2026-07-24 @ Boston Red Sox: 5 FS|2026-07-23 vs Tampa Bay Rays: 5 FS,15,30,5.63,5.0,Last 30 games + shrinkage,5.86,6.29,0.354,Hot,5.63,1.571,0.3036,0.0179,0.0179,0.1071,0.0,6.92,6.96,7.23,7.37,7.05,28.0,16.0,20.0,16.0,20.0,6.0,18.86,55.5,44.5,Recent workload,No,45.9,34.6,25.8,63.2,0.9941,111,2.03,1.0,1.0,1.0,100.0,189,83.43,24.87,1.06,26.46,0.302,0.8541,1.0,1.0,1.0,1.0044,433,Statcast,1.14,23,Statcast,189,83.43,12.0,16.49,34.26,15.9,59.3,24.9,1.0,0.9994,0.998,0.9989,0.9963,1.0092,6.4,0.77,Unknown/neutral,Neutral fallback,1.0,1.0,1.0,1.0,1.0,1.0,Neutral fallback,1.072,3,27.0,0.8625,27.0,1.0,0.189,0.0225,0.0012,0.0133,0.1025,0.0029,0.1712,0.514,0.243,0.243,0.0557,0.1289,0.0027,1.0,Yes,5.16,1.84,8.05,12.18,4.34,0.0,Raw,71.9,54.7,54.7,50.9,50.9,37.9,37.9,31.2,31.2,31.2,25.1,25.1,18.9,18.9,15.9,15.9,12.5,12.5,10.8,10.8,9.1,9.1,7.9,7.9,6.5,6.5,5.9,8.0,8.0,7.5,7.0,6.0,5.0,4.5,4.0,3.5,3.0,2.5,1.0,0.0,0.0,0.0,0.0,0.0,0.0,0.0,0.0,0.0,0.0,0.0,0.0,0.0,0.0,0.0,Pass,
165,2026-08-12,Daulton Varsho,HOU,SF,HOU @ SF,AWAY,CF,5.68,5.24,5.24,4.04,4.44,5.08,5.24,5.08,0.97,4.2,4.2,4.4,0|5|0|16|0,0|5|0|16|0|0|12|4|5|0,0|5|0|16|0|0|12|4|5|0|5|4|10|5|0,73.0,73.0,60.5,60.0,53.8,52.8,40.8,36.6,36.1,28.1,27.6,22.0,21.0,17.4,17.4,13.8,13.8,11.7,11.7,9.4,9.4,8.3,8.3,6.2,6.2,5.4,5.4,150.69,C+,MORE 4.0 | 60.0% | Edge +1.2,MORE,4.0,60.0,1.24,20.0,Playable,4,Today Posted,4.0,7.0,7,7-7-7-6-6-4-4,42.9,100.0,4.82,Regular,13,1.04,Adrian Houser,R,4.5,1.36,0.2389,0.0351,0.0726,4.34,1.36,0.2172,0.0248,Oracle Park,0.94,1.0,67.0,8.0,243.0,0.0,neutral,398,361,0.235,0.304,0.366,0.67,275,0.682,85,19,2,8,41,28,34,2,10,2026-08-12 @ San Francisco Giants: 0 FS|2026-08-11 @ San Francisco Giants: 5 FS|2026-08-10 @ San Francisco Giants: 0 FS|2026-08-09 @ San Diego Padres: 16 FS|2026-08-08 @ San Diego Padres: 0 FS,2026-08-12 @ San Francisco Giants: 0 FS|2026-08-11 @ San Francisco Giants: 5 FS|2026-08-10 @ San Francisco Giants: 0 FS|2026-08-09 @ San Diego Padres: 16 FS|2026-08-08 @ San Diego Padres: 0 FS|2026-08-07 @ San Diego Padres: 0 FS|2026-08-05 vs Toronto Blue Jays: 12 FS|2026-08-04 vs Toronto Blue Jays: 4 FS|2026-08-03 vs Toronto Blue Jays: 5 FS|2026-08-02 vs St. Louis Cardinals: 0 FS,2026-08-12 @ San Francisco Giants: 0 FS|2026-08-11 @ San Francisco Giants: 5 FS|2026-08-10 @ San Francisco Giants: 0 FS|2026-08-09 @ San Diego Padres: 16 FS|2026-08-08 @ San Diego Padres: 0 FS|2026-08-07 @ San Diego Padres: 0 FS|2026-08-05 vs Toronto Blue Jays: 12 FS|2026-08-04 vs Toronto Blue Jays: 4 FS|2026-08-03 vs Toronto Blue Jays: 5 FS|2026-08-02 vs St. Louis Cardinals: 0 FS|2026-08-01 vs St. Louis Cardinals: 5 FS|2026-07-31 vs St. Louis Cardinals: 4 FS|2026-07-29 @ Washington Nationals: 10 FS|2026-07-28 @ Washington Nationals: 5 FS|2026-07-27 @ Washington Nationals: 0 FS,15,30,4.63,4.0,Last 30 games + shrinkage,4.71,4.71,0.174,Cold,4.63,1.245,0.1509,0.0566,0.0189,0.1321,0.0189,7.5,6.97,7.24,7.62,6.53,28.0,16.0,20.0,16.0,20.0,6.0,11.19,32.9,67.1,Recent workload,Yes,47.5,36.0,61.8,68.9,1.0822,129,-2.0,1.0,1.0,1.0,75.0,244,81.58,21.31,1.23,29.1,0.315,0.833,1.0,1.0,1.0,0.99,502,Statcast,0.9837,64,Statcast,244,81.58,12.0,18.66,35.0,8.2,68.8,22.9,1.0027,0.9954,1.0251,1.2186,0.8551,0.9964,4.33,-0.3,Unknown/neutral,Neutral fallback,1.0,1.0,1.0,1.0,1.0,1.0,Neutral fallback,1.072,3,27.0,1.2332,27.0,0.9994,0.136,0.035,0.0041,0.01,0.0984,0.0005,0.1898,0.4486,0.3644,0.187,0.0303,0.0774,0.01,1.0,Yes,5.08,2.1,7.92,11.8,4.29,0.0,Raw,65.0,65.0,53.0,53.0,47.8,47.8,36.3,32.6,32.6,25.1,25.1,21.0,21.0,17.4,17.4,13.8,13.8,11.7,11.7,9.4,9.4,8.3,8.3,6.2,6.2,5.4,5.4,8.0,8.0,7.5,7.0,6.0,5.0,4.5,4.0,3.5,3.0,2.5,1.0,0.0,0.0,0.0,0.0,0.0,0.0,0.0,0.0,0.0,0.0,0.0,0.0,0.0,0.0,0.0,Pass,
166,2026-08-12,John Rave,KC,LAD,KC @ LAD,AWAY,RF,6.39,5.95,5.95,4.13,6.46,6.25,6.69,6.25,0.934,2.4,3.9,4.07,0|0|12|0|0,0|0|12|0|0|2|0|5|17|3,0|0|12|0|0|2|0|5|17|3|17|0|0|5|0,69.9,69.9,58.2,57.7,53.7,52.7,42.0,39.5,39.0,31.8,31.3,26.4,25.4,22.5,22.5,19.8,19.8,18.6,18.6,16.5,16.5,15.7,11.8,11.8,11.2,11.2,8.8,150.46,C+,MORE 3.5 | 58.2% | Edge +2.5,MORE,3.5,58.2,2.45,16.4,Playable,8,Last 7 Confirmed,,8.0,4,8-6-7-8,50.0,88.0,3.68,Likely regular,10,1.0,Eric Lauer,L,4.89,1.26,0.2237,0.0566,0.0746,3.72,1.16,0.1956,0.0326,UNIQLO Field at Dodger Stadium,1.0,1.0,,,,,Weather unavailable,52,46,0.239,0.314,0.5,0.814,13,0.5,11,4,1,2,7,2,5,0,2,2026-08-11 @ Los Angeles Dodgers: 0 FS|2026-08-09 vs Chicago Cubs: 0 FS|2026-08-08 vs Chicago Cubs: 12 FS|2026-08-07 vs Chicago Cubs: 0 FS|2026-08-06 vs Minnesota Twins: 0 FS,2026-08-11 @ Los Angeles Dodgers: 0 FS|2026-08-09 vs Chicago Cubs: 0 FS|2026-08-08 vs Chicago Cubs: 12 FS|2026-08-07 vs Chicago Cubs: 0 FS|2026-08-06 vs Minnesota Twins: 0 FS|2026-08-05 vs Minnesota Twins: 2 FS|2026-08-04 vs Minnesota Twins: 0 FS|2026-08-02 @ Colorado Rockies: 5 FS|2026-08-01 @ Colorado Rockies: 17 FS|2026-07-31 @ Colorado Rockies: 3 FS,2026-08-11 @ Los Angeles Dodgers: 0 FS|2026-08-09 vs Chicago Cubs: 0 FS|2026-08-08 vs Chicago Cubs: 12 FS|2026-08-07 vs Chicago Cubs: 0 FS|2026-08-06 vs Minnesota Twins: 0 FS|2026-08-05 vs Minnesota Twins: 2 FS|2026-08-04 vs Minnesota Twins: 0 FS|2026-08-02 @ Colorado Rockies: 5 FS|2026-08-01 @ Colorado Rockies: 17 FS|2026-07-31 @ Colorado Rockies: 3 FS|2026-07-30 @ Minnesota Twins: 17 FS|2026-06-30 vs Tampa Bay Rays: 0 FS|2026-06-27 @ Chicago White Sox: 0 FS|2026-06-24 @ Tampa Bay Rays: 5 FS|2026-06-23 @ Tampa Bay Rays: 0 FS,15,20,4.9,1.0,Last 20 games + shrinkage,2.0,4.36,0.222,Neutral,4.9,1.564,0.2051,0.1026,0.0256,0.0513,0.0513,6.61,6.69,6.39,6.04,6.23,28.0,16.0,20.0,16.0,20.0,6.0,22.65,66.6,33.4,Recent workload,No,27.7,19.2,7.1,33.7,1.15,17,0.47,1.0,1.0,1.0,75.0,56,82.06,28.57,0.0,25.0,0.421,0.9297,1.0,1.0,1.0,1.0546,149,Statcast,1.0,0,Fallback,56,82.06,12.0,20.2,34.91,7.1,62.5,30.4,1.0,0.9973,0.9902,0.9946,0.9821,0.9876,3.87,-1.03,Unknown/neutral,Neutral fallback,1.0,1.0,1.0,1.0,1.0,1.0,Neutral fallback,1.072,3,27.0,1.3,27.0,0.9959,0.1186,0.0501,0.01,0.0391,0.0732,0.0068,0.2112,0.4667,0.3666,0.1667,0.103,0.069,0.0312,1.0,Projected,6.25,0.39,8.8,15.34,3.68,0.0,Raw,61.9,61.9,50.7,50.7,47.7,47.7,37.5,35.5,35.5,28.8,28.8,25.4,25.4,22.5,22.5,19.8,19.8,18.6,18.6,16.5,16.5,15.7,11.8,11.8,11.2,11.2,8.8,8.0,8.0,7.5,7.0,6.0,5.0,4.5,4.0,3.5,3.0,2.5,1.0,0.0,0.0,0.0,0.0,0.0,0.0,0.0,0.0,0.0,0.0,0.0,0.0,0.0,0.0,0.0,Pass,
167,2026-08-12,Brett Sullivan,COL,ARI,COL @ ARI,AWAY,C,4.95,6.08,6.08,4.12,6.7,6.44,6.84,6.44,0.942,4.2,5.5,5.2,0|0|21|0|0,0|0|21|0|0|21|8|0|2|3,0|0|21|0|0|21|8|0|2|3|0|10|7|4|2,71.1,71.1,59.9,59.4,54.8,53.8,42.6,42.1,39.3,32.4,31.9,27.1,26.1,23.2,23.2,20.0,20.0,18.5,18.5,16.8,16.8,16.1,16.1,12.4,11.8,11.8,9.1,150.44,C+,MORE 4.0 | 59.4% | Edge +2.1,MORE,4.0,59.4,2.08,18.8,Playable,9,Today Posted,9.0,8.0,2,8-9,50.0,100.0,3.21,Usage risk,7,0.88,Merrill Kelly,R,4.83,1.45,0.2414,0.0441,0.0958,4.1,1.29,0.2264,0.0304,Chase Field,1.0,1.0,,,,,Indoor/retractable neutral,159,147,0.238,0.278,0.422,0.7,122,0.687,35,10,1,5,16,20,8,1,1,2026-08-12 @ Arizona Diamondbacks: 0 FS|2026-08-10 @ Arizona Diamondbacks: 0 FS|2026-08-09 @ St. Louis Cardinals: 21 FS|2026-08-07 @ St. Louis Cardinals: 0 FS|2026-08-05 vs Tampa Bay Rays: 0 FS,2026-08-12 @ Arizona Diamondbacks: 0 FS|2026-08-10 @ Arizona Diamondbacks: 0 FS|2026-08-09 @ St. Louis Cardinals: 21 FS|2026-08-07 @ St. Louis Cardinals: 0 FS|2026-08-05 vs Tampa Bay Rays: 0 FS|2026-08-02 vs Kansas City Royals: 21 FS|2026-07-29 @ San Diego Padres: 8 FS|2026-07-26 @ Milwaukee Brewers: 0 FS|2026-07-25 @ Milwaukee Brewers: 2 FS|2026-07-22 vs Washington Nationals: 3 FS,2026-08-12 @ Arizona Diamondbacks: 0 FS|2026-08-10 @ Arizona Diamondbacks: 0 FS|2026-08-09 @ St. Louis Cardinals: 21 FS|2026-08-07 @ St. Louis Cardinals: 0 FS|2026-08-05 vs Tampa Bay Rays: 0 FS|2026-08-02 vs Kansas City Royals: 21 FS|2026-07-29 @ San Diego Padres: 8 FS|2026-07-26 @ Milwaukee Brewers: 0 FS|2026-07-25 @ Milwaukee Brewers: 2 FS|2026-07-22 vs Washington Nationals: 3 FS|2026-07-20 vs Washington Nationals: 0 FS|2026-07-18 vs Cincinnati Reds: 10 FS|2026-07-11 @ San Francisco Giants: 7 FS|2026-07-08 @ Los Angeles Dodgers: 4 FS|2026-07-06 @ Los Angeles Dodgers: 2 FS,15,30,5.23,2.5,Last 30 games + shrinkage,7.14,5.43,0.31,Hot,5.23,2.452,0.2903,0.1613,0.0323,0.0645,0.0323,4.97,5.68,5.49,5.65,4.65,28.0,16.0,20.0,16.0,20.0,6.0,17.67,52.0,48.0,Recent workload,No,28.0,19.7,41.8,44.2,0.9342,20,0.31,1.0,1.0,1.0,100.0,87,82.73,24.14,2.3,28.74,0.236,0.82,1.0,1.0,1.0,0.9647,163,Statcast,1.0525,30,Statcast,87,82.73,12.0,25.95,31.32,8.1,56.3,35.6,1.0,0.9999,0.9998,0.9999,0.9996,0.9997,5.21,-0.03,Unknown/neutral,Neutral fallback,1.0,1.0,1.0,1.0,1.0,1.0,Neutral fallback,1.072,3,27.0,0.9919,27.0,0.991,0.1178,0.0466,0.0077,0.0357,0.0643,0.004,0.1724,0.2683,0.4391,0.2927,0.0688,0.1053,0.0101,1.0,Yes,6.44,0.36,8.83,15.42,3.85,0.0,Raw,63.1,63.1,52.4,52.4,48.8,48.8,38.1,38.1,35.8,29.4,29.4,26.1,26.1,23.2,23.2,20.0,20.0,18.5,18.5,16.8,16.8,16.1,16.1,12.4,11.8,11.8,9.1,8.0,8.0,7.5,7.0,6.0,5.0,4.5,4.0,3.5,3.0,2.5,1.0,0.0,0.0,0.0,0.0,0.0,0.0,0.0,0.0,0.0,0.0,0.0,0.0,0.0,0.0,0.0,Low,
168,2026-08-12,Caleb Durbin,BOS,TOR,BOS @ TOR,AWAY,3B,5.94,4.68,4.68,2.22,6.26,6.17,5.01,5.82,1.232,5.0,9.2,9.07,0|0|2|14|9,0|0|2|14|9|19|5|32|11|0,0|0|2|14|9|19|5|32|11|0|14|4|13|8|5,56.2,56.2,49.4,48.9,47.9,36.5,36.0,31.7,31.2,30.7,22.9,21.4,17.1,17.1,17.1,13.6,13.6,11.0,11.0,11.0,9.4,9.4,7.7,7.7,7.7,6.7,6.7,149.82,C+,LESS 5.0 | 63.5% | Edge +0.3,LESS,5.0,63.5,0.32,27.0,Playable,6,Today Posted,6.0,6.0,6,6-6-3-4-4-6,50.0,100.0,4.4,Regular,13,1.04,José Soriano,R,3.24,1.26,0.1902,0.0226,0.113,3.98,1.32,0.2119,0.0277,Rogers Centre,1.0,1.0,,,,,Indoor/retractable neutral,422,374,0.246,0.317,0.398,0.715,308,0.694,92,22,1,11,55,54,31,9,14,2026-08-11 @ Toronto Blue Jays: 0 FS|2026-08-10 @ Toronto Blue Jays: 0 FS|2026-08-09 vs Athletics: 2 FS|2026-08-08 vs Athletics: 14 FS|2026-08-07 vs Athletics: 9 FS,2026-08-11 @ Toronto Blue Jays: 0 FS|2026-08-10 @ Toronto Blue Jays: 0 FS|2026-08-09 vs Athletics: 2 FS|2026-08-08 vs Athletics: 14 FS|2026-08-07 vs Athletics: 9 FS|2026-08-06 vs Chicago White Sox: 19 FS|2026-08-05 vs Chicago White Sox: 5 FS|2026-08-04 vs Chicago White Sox: 32 FS|2026-08-02 @ Los Angeles Dodgers: 11 FS|2026-08-01 @ Los Angeles Dodgers: 0 FS,2026-08-11 @ Toronto Blue Jays: 0 FS|2026-08-10 @ Toronto Blue Jays: 0 FS|2026-08-09 vs Athletics: 2 FS|2026-08-08 vs Athletics: 14 FS|2026-08-07 vs Athletics: 9 FS|2026-08-06 vs Chicago White Sox: 19 FS|2026-08-05 vs Chicago White Sox: 5 FS|2026-08-04 vs Chicago White Sox: 32 FS|2026-08-02 @ Los Angeles Dodgers: 11 FS|2026-08-01 @ Los Angeles Dodgers: 0 FS|2026-07-31 @ Los Angeles Dodgers: 14 FS|2026-07-30 @ Athletics: 4 FS|2026-07-29 @ Athletics: 13 FS|2026-07-28 @ Athletics: 8 FS|2026-07-27 @ Athletics: 5 FS,15,30,8.77,8.0,Last 30 games + shrinkage,7.0,9.36,0.306,Hot,8.77,2.148,0.2459,0.0656,0.0164,0.1148,0.0492,6.64,7.2,7.08,6.35,5.33,28.0,16.0,20.0,16.0,20.0,6.0,21.59,63.5,36.5,Recent workload,No,50.7,38.9,64.4,74.3,1.0006,151,-0.11,1.0,1.0,1.0,100.0,318,77.45,15.09,0.31,28.93,0.275,0.82,1.0,1.0,1.0,0.9582,605,Statcast,0.9542,33,Statcast,318,77.45,12.0,18.44,35.0,17.6,69.8,12.6,1.0,0.9841,0.9419,0.9683,0.8943,0.9898,7.92,-0.85,Unknown/neutral,Neutral fallback,1.0,1.0,1.0,1.0,1.0,1.0,Neutral fallback,1.072,3,27.0,1.3,27.0,0.9614,0.1137,0.0288,0.0017,0.0115,0.1064,0.0264,0.1778,0.5037,0.2148,0.2815,0.0573,0.1275,0.0201,1.0,Yes,5.82,0.0,7.15,12.07,4.01,0.0,Raw,48.2,48.2,41.9,41.9,41.9,31.5,31.5,27.7,27.7,27.7,20.4,20.4,17.1,17.1,17.1,13.6,13.6,11.0,11.0,11.0,9.4,9.4,7.7,7.7,7.7,6.7,6.7,8.0,8.0,7.5,7.0,6.0,5.0,4.5,4.0,3.5,3.0,2.5,1.0,0.0,0.0,0.0,0.0,0.0,0.0,0.0,0.0,0.0,0.0,0.0,0.0,0.0,0.0,0.0,Pass,
169,2026-08-12,Max Kepler,ARI,COL,COL @ ARI,HOME,LF,5.52,5.57,5.57,4.03,5.67,5.8,5.91,5.8,0.982,1.0,2.8,3.6,0|0|2|3|0,0|0|2|3|0|2|2|0|8|11,0|0|2|3|0|2|2|0|8|11|15|0|0|7|4,71.9,71.9,61.3,60.8,53.6,52.6,41.2,37.7,37.2,29.1,28.6,23.9,22.9,19.1,19.1,16.4,16.4,14.5,14.5,12.5,12.5,11.6,11.6,8.8,8.8,8.3,8.3,149.46,C+,MORE 4.0 | 60.8% | Edge +1.6,MORE,4.0,60.8,1.57,21.6,Playable,7,Today Posted,7.0,7.0,3,7-7-7,100.0,100.0,3.95,Likely regular,11,1.0,Ryan Feltner,R,5.75,1.47,0.2452,0.0496,0.0909,5.49,1.51,0.2568,0.0354,Chase Field,1.0,1.0,,,,,Indoor/retractable neutral,110,98,0.204,0.273,0.327,0.6,101,0.57,20,6,0,2,8,15,10,0,0,2026-08-12 vs Colorado Rockies: 0 FS|2026-08-10 vs Colorado Rockies: 0 FS|2026-08-07 vs Los Angeles Dodgers: 2 FS|2026-08-06 vs San Diego Padres: 3 FS|2026-08-04 vs San Diego Padres: 0 FS,2026-08-12 vs Colorado Rockies: 0 FS|2026-08-10 vs Colorado Rockies: 0 FS|2026-08-07 vs Los Angeles Dodgers: 2 FS|2026-08-06 vs San Diego Padres: 3 FS|2026-08-04 vs San Diego Padres: 0 FS|2026-08-03 vs San Diego Padres: 2 FS|2026-08-02 @ Cleveland Guardians: 2 FS|2026-07-31 @ Cleveland Guardians: 0 FS|2026-07-29 @ Pittsburgh Pirates: 8 FS|2026-07-28 @ Pittsburgh Pirates: 11 FS,2026-08-12 vs Colorado Rockies: 0 FS|2026-08-10 vs Colorado Rockies: 0 FS|2026-08-07 vs Los Angeles Dodgers: 2 FS|2026-08-06 vs San Diego Padres: 3 FS|2026-08-04 vs San Diego Padres: 0 FS|2026-08-03 vs San Diego Padres: 2 FS|2026-08-02 @ Cleveland Guardians: 2 FS|2026-07-31 @ Cleveland Guardians: 0 FS|2026-07-29 @ Pittsburgh Pirates: 8 FS|2026-07-28 @ Pittsburgh Pirates: 11 FS|2026-07-27 @ Pittsburgh Pirates: 15 FS|2026-07-26 @ Washington Nationals: 0 FS|2026-07-25 @ Washington Nationals: 0 FS|2026-07-24 @ Washington Nationals: 7 FS|2026-07-23 @ St. Louis Cardinals: 4 FS,15,30,5.07,3.0,Last 30 games + shrinkage,1.29,3.57,0.186,Cold,5.07,1.042,0.1667,0.0625,0.0,0.1042,0.0,6.63,6.53,6.2,6.18,6.34,28.0,16.0,20.0,16.0,20.0,6.0,18.53,54.5,45.5,Recent workload,No,43.3,32.3,37.3,58.0,1.0221,88,0.2,1.0,1.0,1.0,100.0,152,81.93,24.34,1.97,34.87,0.312,0.8496,1.0,1.0,1.0,0.9876,347,Statcast,0.9903,49,Statcast,152,81.93,12.0,20.98,31.22,11.8,62.5,25.7,1.0,0.9973,0.9902,0.9947,0.9822,0.9797,3.37,-1.69,Unknown/neutral,Neutral fallback,1.0,1.0,1.0,1.0,1.0,1.0,Neutral fallback,1.072,3,27.0,0.8625,27.0,0.9862,0.1216,0.0452,0.0014,0.0219,0.0995,0.003,0.2049,0.3283,0.3732,0.2985,0.0511,0.1283,0.0024,1.0,Yes,5.8,0.1,7.96,13.85,4.0,0.0,Raw,63.9,63.9,53.8,53.8,47.6,47.6,36.7,33.7,33.7,26.1,26.1,22.9,22.9,19.1,19.1,16.4,16.4,14.5,14.5,12.5,12.5,11.6,11.6,8.8,8.8,8.3,8.3,8.0,8.0,7.5,7.0,6.0,5.0,4.5,4.0,3.5,3.0,2.5,1.0,0.0,0.0,0.0,0.0,0.0,0.0,0.0,0.0,0.0,0.0,0.0,0.0,0.0,0.0,0.0,Pass,
170,2026-08-12,Brenton Doyle,CWS,CIN,CIN @ CWS,HOME,CF,5.49,5.68,5.68,4.03,5.68,5.8,5.91,5.8,0.982,7.8,5.6,5.93,14|15|0|0|10,14|15|0|0|10|0|3|7|7|0,14|15|0|0|10|0|3|7|7|0|16|12|0|5|0,73.7,73.7,60.4,59.9,55.3,54.3,42.1,38.2,37.7,30.5,30.0,23.9,22.9,19.9,19.9,16.4,16.4,14.9,14.9,12.9,12.9,11.9,11.9,9.1,9.1,8.4,8.4,149.19,C+,MORE 4.0 | 59.9% | Edge +1.7,MORE,4.0,59.9,1.68,19.8,Playable,8,Today Posted,8.0,1.0,5,1-1-6-7-7,40.0,100.0,3.34,Usage risk,8,0.88,Rhett Lowder,R,5.26,1.48,0.2325,0.0275,0.0975,4.47,1.4,0.2127,0.0324,Rate Field,1.0,1.0,,,,,Weather unavailable,146,134,0.224,0.288,0.313,0.601,84,0.556,30,6,0,2,25,6,12,0,11,2026-08-11 vs Cincinnati Reds: 14 FS|2026-08-09 vs Cleveland Guardians: 15 FS|2026-08-08 vs Cleveland Guardians: 0 FS|2026-08-07 vs Cleveland Guardians: 0 FS|2026-08-06 @ Boston Red Sox: 10 FS,2026-08-11 vs Cincinnati Reds: 14 FS|2026-08-09 vs Cleveland Guardians: 15 FS|2026-08-08 vs Cleveland Guardians: 0 FS|2026-08-07 vs Cleveland Guardians: 0 FS|2026-08-06 @ Boston Red Sox: 10 FS|2026-08-05 @ Boston Red Sox: 0 FS|2026-08-04 @ Boston Red Sox: 3 FS|2026-08-01 vs Kansas City Royals: 7 FS|2026-07-31 vs Kansas City Royals: 7 FS|2026-05-19 vs Texas Rangers: 0 FS,2026-08-11 vs Cincinnati Reds: 14 FS|2026-08-09 vs Cleveland Guardians: 15 FS|2026-08-08 vs Cleveland Guardians: 0 FS|2026-08-07 vs Cleveland Guardians: 0 FS|2026-08-06 @ Boston Red Sox: 10 FS|2026-08-05 @ Boston Red Sox: 0 FS|2026-08-04 @ Boston Red Sox: 3 FS|2026-08-01 vs Kansas City Royals: 7 FS|2026-07-31 vs Kansas City Royals: 7 FS|2026-05-19 vs Texas Rangers: 0 FS|2026-05-18 vs Texas Rangers: 16 FS|2026-05-16 vs Arizona Diamondbacks: 12 FS|2026-05-14 @ Pittsburgh Pirates: 0 FS|2026-05-13 @ Pittsburgh Pirates: 5 FS|2026-05-12 @ Pittsburgh Pirates: 0 FS,15,30,4.77,2.5,Last 30 games + shrinkage,6.0,6.36,0.306,Hot,4.77,2.342,0.2895,0.1053,0.0263,0.0526,0.0789,5.97,6.11,6.47,6.24,5.19,28.0,16.0,20.0,16.0,20.0,6.0,18.39,54.1,45.9,Recent workload,No,23.4,16.2,33.1,22.5,1.0319,9,2.55,1.0,1.0,1.0,75.0,32,87.58,28.12,0.0,21.88,0.336,0.9311,1.0,1.0,1.0,0.9765,74,Statcast,1.0,2,Fallback,32,87.58,11.8,21.31,32.23,15.6,65.6,18.8,1.0,1.0127,1.0466,1.0254,1.0847,1.0176,6.23,1.47,Unknown/neutral,Neutral fallback,1.0,1.0,1.0,1.0,1.0,1.0,Neutral fallback,1.072,3,27.0,1.3,27.0,1.0,0.1599,0.0439,0.0018,0.0228,0.088,0.005,0.2603,0.4736,0.3158,0.2105,0.0941,0.0656,0.039,1.0,Yes,5.8,2.07,7.96,13.85,3.77,0.0,Raw,65.7,65.7,52.9,52.9,49.3,49.3,37.6,34.2,34.2,27.5,27.5,22.9,22.9,19.9,19.9,16.4,16.4,14.9,14.9,12.9,12.9,11.9,11.9,9.1,9.1,8.4,8.4,8.0,8.0,7.5,7.0,6.0,5.0,4.5,4.0,3.5,3.0,2.5,1.0,0.0,0.0,0.0,0.0,0.0,0.0,0.0,0.0,0.0,0.0,0.0,0.0,0.0,0.0,0.0,Pass,
171,2026-08-12,Rhys Hoskins,CLE,DET,CLE @ DET,AWAY,1B,5.4,5.89,5.89,4.18,6.21,6.13,6.76,6.13,0.906,5.2,5.1,5.4,0|0|21|5|0,0|0|21|5|0|0|16|7|2|0,0|0|21|5|0|0|16|7|2|0|0|2|0|28|0,66.8,66.8,59.0,58.5,49.6,48.6,39.8,35.9,35.4,28.8,28.3,24.8,23.8,20.6,20.6,19.1,19.1,17.7,16.6,16.6,16.0,16.0,12.6,12.6,12.4,12.4,9.1,148.38,C+,MORE 4.0 | 58.5% | Edge +1.9,MORE,4.0,58.5,1.89,17.0,Playable,6,Today Posted,6.0,5.0,3,5-6-4,33.3,100.0,3.65,Usage risk,6,0.88,Framber Valdez,L,4.17,1.37,0.2312,0.0215,0.0806,3.48,1.2,0.2058,0.0261,Comerica Park,0.97,1.04,81.9,12.2,239.0,10.0,"warm, light wind",307,254,0.181,0.309,0.386,0.695,118,0.667,46,13,0,13,33,38,46,3,1,2026-08-11 @ Detroit Tigers: 0 FS|2026-08-09 @ Chicago White Sox: 0 FS|2026-08-08 @ Chicago White Sox: 21 FS|2026-08-07 @ Chicago White Sox: 5 FS|2026-08-06 vs New York Mets: 0 FS,2026-08-11 @ Detroit Tigers: 0 FS|2026-08-09 @ Chicago White Sox: 0 FS|2026-08-08 @ Chicago White Sox: 21 FS|2026-08-07 @ Chicago White Sox: 5 FS|2026-08-06 vs New York Mets: 0 FS|2026-08-04 vs New York Mets: 0 FS|2026-08-01 vs Arizona Diamondbacks: 16 FS|2026-07-31 vs Arizona Diamondbacks: 7 FS|2026-07-28 @ Cincinnati Reds: 2 FS|2026-07-26 @ Tampa Bay Rays: 0 FS,2026-08-11 @ Detroit Tigers: 0 FS|2026-08-09 @ Chicago White Sox: 0 FS|2026-08-08 @ Chicago White Sox: 21 FS|2026-08-07 @ Chicago White Sox: 5 FS|2026-08-06 vs New York Mets: 0 FS|2026-08-04 vs New York Mets: 0 FS|2026-08-01 vs Arizona Diamondbacks: 16 FS|2026-07-31 vs Arizona Diamondbacks: 7 FS|2026-07-28 @ Cincinnati Reds: 2 FS|2026-07-26 @ Tampa Bay Rays: 0 FS|2026-07-24 @ Tampa Bay Rays: 0 FS|2026-07-23 vs Minnesota Twins: 2 FS|2026-07-21 vs Minnesota Twins: 0 FS|2026-07-20 vs Minnesota Twins: 28 FS|2026-07-18 vs Pittsburgh Pirates: 0 FS,15,30,5.27,2.0,Last 30 games + shrinkage,6.0,5.79,0.206,Neutral,5.27,2.132,0.1842,0.1053,0.1053,0.1053,0.0,5.75,5.9,6.17,6.23,5.54,28.0,16.0,20.0,16.0,20.0,6.0,24.11,70.9,29.1,Recent workload,No,36.3,26.4,41.0,55.1,0.9714,59,3.05,1.0,1.0,1.0,75.0,135,86.59,26.67,4.44,30.37,0.392,0.9924,1.0,1.0,1.0,1.0078,327,Statcast,1.0,2,Fallback,135,86.59,12.0,32.11,30.93,25.2,61.5,13.3,1.0301,1.0178,1.1335,1.1982,1.0074,0.9997,5.24,-0.02,Unknown/neutral,Neutral fallback,1.0,1.0,1.0,1.0,1.0,1.0,Neutral fallback,1.072,3,27.0,0.8625,27.0,1.0,0.0755,0.0308,0.0014,0.0364,0.1274,0.0085,0.2705,0.44,0.36,0.2,0.0628,0.1513,0.0048,1.0,Yes,6.13,0.55,7.8,15.05,4.22,0.0,Raw,58.8,58.8,51.5,51.5,43.6,43.6,35.3,31.9,31.9,25.8,25.8,23.8,23.8,20.6,20.6,19.1,19.1,17.7,16.6,16.6,16.0,16.0,12.6,12.6,12.4,12.4,9.1,8.0,8.0,7.5,7.0,6.0,5.0,4.5,4.0,3.5,3.0,2.5,1.0,0.0,0.0,0.0,0.0,0.0,0.0,0.0,0.0,0.0,0.0,0.0,0.0,0.0,0.0,0.0,Pass,
172,2026-08-12,Luis Torrens,NYM,ATL,NYM @ ATL,AWAY,C,5.49,5.07,5.07,2.56,6.19,6.12,5.51,5.93,1.111,12.0,9.3,7.87,7|25|28|0|0,7|25|28|0|0|11|0|0|6|16,7|25|28|0|0|11|0|0|6|16|3|2|7|9|4,69.8,58.0,57.5,51.8,50.8,38.4,37.9,34.3,33.8,33.3,25.4,23.9,19.8,19.8,16.2,16.2,13.4,13.4,11.8,11.8,11.8,10.0,10.0,9.2,9.2,7.1,7.1,148.17,C+,MORE 3.0 | 58.0% | Edge +2.1,MORE,3.0,58.0,2.07,16.0,Playable,9,Today Posted,9.0,9.0,2,9-8,50.0,100.0,3.8,Regular,12,1.04,Tyler Mahle,R,4.83,1.36,0.2295,0.0328,0.0913,3.61,1.24,0.2027,0.0302,Truist Park,1.01,1.055,90.4,8.6,279.0,5.0,hot,216,195,0.231,0.299,0.354,0.653,149,0.593,45,12,0,4,26,27,15,4,1,2026-08-07 @ Pittsburgh Pirates: 7 FS|2026-08-06 @ Cleveland Guardians: 25 FS|2026-08-04 @ Cleveland Guardians: 28 FS|2026-08-01 vs Miami Marlins: 0 FS|2026-07-29 vs Atlanta Braves: 0 FS,2026-08-07 @ Pittsburgh Pirates: 7 FS|2026-08-06 @ Cleveland Guardians: 25 FS|2026-08-04 @ Cleveland Guardians: 28 FS|2026-08-01 vs Miami Marlins: 0 FS|2026-07-29 vs Atlanta Braves: 0 FS|2026-07-27 vs Atlanta Braves: 11 FS|2026-07-26 vs Los Angeles Dodgers: 0 FS|2026-07-22 @ Milwaukee Brewers: 0 FS|2026-07-21 @ Milwaukee Brewers: 6 FS|2026-07-19 @ Philadelphia Phillies: 16 FS,2026-08-07 @ Pittsburgh Pirates: 7 FS|2026-08-06 @ Cleveland Guardians: 25 FS|2026-08-04 @ Cleveland Guardians: 28 FS|2026-08-01 vs Miami Marlins: 0 FS|2026-07-29 vs Atlanta Braves: 0 FS|2026-07-27 vs Atlanta Braves: 11 FS|2026-07-26 vs Los Angeles Dodgers: 0 FS|2026-07-22 @ Milwaukee Brewers: 0 FS|2026-07-21 @ Milwaukee Brewers: 6 FS|2026-07-19 @ Philadelphia Phillies: 16 FS|2026-07-12 vs Boston Red Sox: 3 FS|2026-07-09 vs Kansas City Royals: 2 FS|2026-07-07 vs Kansas City Royals: 7 FS|2026-07-06 @ Atlanta Braves: 9 FS|2026-07-05 @ Atlanta Braves: 4 FS,15,30,5.57,3.0,Last 30 games + shrinkage,10.14,8.14,0.289,Neutral,5.57,2.235,0.2549,0.098,0.0392,0.1176,0.0196,6.1,6.21,6.98,6.95,5.46,28.0,16.0,20.0,16.0,20.0,6.0,22.51,66.2,33.8,Recent workload,No,36.8,26.9,46.7,54.5,1.15,39,-0.76,1.0,1.0,1.0,75.0,132,82.93,20.45,0.76,34.09,0.297,0.8294,1.0,1.0,1.0,1.0703,170,Statcast,0.9695,30,Statcast,132,82.93,12.0,12.93,29.91,11.4,65.9,22.7,1.0109,0.9966,0.9982,0.9931,0.9877,1.0376,8.7,3.13,Unknown/neutral,Neutral fallback,1.0,1.0,1.0,1.0,1.0,1.0,Neutral fallback,1.072,3,27.0,0.8625,27.0,1.0,0.1405,0.0482,0.0009,0.0195,0.088,0.0159,0.2079,0.5156,0.2031,0.2813,0.0618,0.1048,0.0081,1.0,Yes,5.93,0.0,7.0,13.67,3.63,0.0,Raw,61.8,50.0,50.0,44.8,44.8,33.4,33.4,30.3,30.3,30.3,22.9,22.9,19.8,19.8,16.2,16.2,13.4,13.4,11.8,11.8,11.8,10.0,10.0,9.2,9.2,7.1,7.1,8.0,8.0,7.5,7.0,6.0,5.0,4.5,4.0,3.5,3.0,2.5,1.0,0.0,0.0,0.0,0.0,0.0,0.0,0.0,0.0,0.0,0.0,0.0,0.0,0.0,0.0,0.0,Pass,
173,2026-08-12,Jakob Marsee,MIA,PIT,PIT @ MIA,HOME,CF,5.41,5.0,5.0,3.66,5.24,5.54,4.86,5.35,1.14,6.8,5.3,5.93,2|8|14|10|0,2|8|14|10|0|7|3|0|0|9,2|8|14|10|0|7|3|0|0|9|14|4|2|16|0,71.3,61.3,60.8,52.8,51.8,39.1,38.6,33.8,33.3,32.8,24.9,23.4,18.6,18.6,15.1,15.1,15.1,11.9,11.9,10.0,10.0,7.9,7.9,7.0,7.0,7.0,5.2,148.14,C+,MORE 3.5 | 60.8% | Edge +1.5,MORE,3.5,60.8,1.5,21.6,Playable,5,Today Posted,5.0,7.0,6,5-8-1-7-7-6,33.3,100.0,4.43,Likely regular,11,1.0,Carmen Mlodzinski,R,3.51,1.36,0.2392,0.0191,0.0766,4.32,1.32,0.2128,0.0271,loanDepot park,0.96,1.0,,,,,Indoor/retractable neutral,454,380,0.205,0.325,0.311,0.636,353,0.636,78,14,4,6,57,28,59,9,19,2026-08-11 vs Pittsburgh Pirates: 2 FS|2026-08-09 vs Los Angeles Angels: 8 FS|2026-08-08 vs Los Angeles Angels: 14 FS|2026-08-07 vs Los Angeles Angels: 10 FS|2026-08-06 @ Atlanta Braves: 0 FS,2026-08-11 vs Pittsburgh Pirates: 2 FS|2026-08-09 vs Los Angeles Angels: 8 FS|2026-08-08 vs Los Angeles Angels: 14 FS|2026-08-07 vs Los Angeles Angels: 10 FS|2026-08-06 @ Atlanta Braves: 0 FS|2026-08-05 @ Atlanta Braves: 7 FS|2026-08-04 @ Atlanta Braves: 3 FS|2026-08-02 @ New York Mets: 0 FS|2026-08-01 @ New York Mets: 0 FS|2026-07-31 @ New York Mets: 9 FS,2026-08-11 vs Pittsburgh Pirates: 2 FS|2026-08-09 vs Los Angeles Angels: 8 FS|2026-08-08 vs Los Angeles Angels: 14 FS|2026-08-07 vs Los Angeles Angels: 10 FS|2026-08-06 @ Atlanta Braves: 0 FS|2026-08-05 @ Atlanta Braves: 7 FS|2026-08-04 @ Atlanta Braves: 3 FS|2026-08-02 @ New York Mets: 0 FS|2026-08-01 @ New York Mets: 0 FS|2026-07-31 @ New York Mets: 9 FS|2026-07-30 @ New York Mets: 14 FS|2026-07-29 vs Philadelphia Phillies: 4 FS|2026-07-28 vs Philadelphia Phillies: 2 FS|2026-07-27 vs Philadelphia Phillies: 16 FS|2026-07-26 vs San Diego Padres: 0 FS,15,30,5.73,4.0,Last 30 games + shrinkage,6.29,6.36,0.306,Hot,5.73,2.023,0.25,0.1136,0.0227,0.1591,0.0,6.81,7.02,7.25,7.03,5.39,28.0,16.0,20.0,16.0,20.0,6.0,12.1,35.6,64.4,Recent workload,Yes,42.8,31.8,67.5,66.8,1.1451,115,-1.57,1.0,1.0,1.0,100.0,221,80.96,21.27,0.0,29.41,0.307,0.82,1.0,1.0,1.0,0.9859,458,Statcast,0.88,51,Statcast,221,80.96,12.0,19.77,32.16,10.9,65.2,24.0,1.0,0.9942,0.9787,0.9884,0.9612,1.0003,5.76,0.03,Unknown/neutral,Neutral fallback,1.0,1.0,1.0,1.0,1.0,1.0,Neutral fallback,1.072,3,27.0,1.3,27.0,1.0,0.1256,0.0284,0.0069,0.0087,0.1353,0.0108,0.2177,0.4761,0.2572,0.2667,0.056,0.0736,0.0016,1.0,Yes,5.35,1.39,7.08,12.78,4.07,0.0,Raw,63.3,53.3,53.3,45.8,45.8,34.1,34.1,29.8,29.8,29.8,22.4,22.4,18.6,18.6,15.1,15.1,15.1,11.9,11.9,10.0,10.0,7.9,7.9,7.0,7.0,7.0,5.2,8.0,8.0,7.5,7.0,6.0,5.0,4.5,4.0,3.5,3.0,2.5,1.0,0.0,0.0,0.0,0.0,0.0,0.0,0.0,0.0,0.0,0.0,0.0,0.0,0.0,0.0,0.0,Pass,
174,2026-08-12,LaMonte Wade Jr.,HOU,SF,HOU @ SF,AWAY,LF,5.88,5.51,5.51,3.94,4.9,5.34,5.22,5.31,1.022,1.4,4.1,4.2,0|3|4|0|0,0|3|4|0|0|13|5|5|11|0,0|3|4|0|0|13|5|5|11|0|4|4|3|11|0,74.5,66.2,65.7,56.3,55.3,43.0,42.5,37.8,37.3,36.8,27.8,26.3,21.7,21.7,17.2,17.2,14.3,14.3,11.8,11.8,9.8,9.8,8.4,8.4,6.4,6.4,5.8,147.56,C+,MORE 3.5 | 65.7% | Edge +2.0,MORE,3.5,65.7,2.01,31.4,Good,5,Today Posted,5.0,9.0,2,9-7,50.0,100.0,3.83,Usage risk,7,0.88,Adrian Houser,R,4.5,1.36,0.2389,0.0351,0.0726,4.34,1.36,0.2172,0.0248,Oracle Park,0.94,1.0,67.0,8.0,243.0,0.0,neutral,90,75,0.227,0.356,0.36,0.716,80,0.708,17,4,0,2,11,15,15,0,0,2026-08-12 @ San Francisco Giants: 0 FS|2026-08-11 @ San Francisco Giants: 3 FS|2026-08-10 @ San Francisco Giants: 4 FS|2026-08-09 @ San Diego Padres: 0 FS|2026-08-08 @ San Diego Padres: 0 FS,2026-08-12 @ San Francisco Giants: 0 FS|2026-08-11 @ San Francisco Giants: 3 FS|2026-08-10 @ San Francisco Giants: 4 FS|2026-08-09 @ San Diego Padres: 0 FS|2026-08-08 @ San Diego Padres: 0 FS|2026-08-05 vs Toronto Blue Jays: 13 FS|2026-08-02 vs Texas Rangers: 5 FS|2026-08-01 vs Texas Rangers: 5 FS|2026-07-31 vs Texas Rangers: 11 FS|2026-07-28 @ Los Angeles Angels: 0 FS,2026-08-12 @ San Francisco Giants: 0 FS|2026-08-11 @ San Francisco Giants: 3 FS|2026-08-10 @ San Francisco Giants: 4 FS|2026-08-09 @ San Diego Padres: 0 FS|2026-08-08 @ San Diego Padres: 0 FS|2026-08-05 vs Toronto Blue Jays: 13 FS|2026-08-02 vs Texas Rangers: 5 FS|2026-08-01 vs Texas Rangers: 5 FS|2026-07-31 vs Texas Rangers: 11 FS|2026-07-28 @ Los Angeles Angels: 0 FS|2026-07-27 @ Los Angeles Angels: 4 FS|2026-07-26 @ Chicago White Sox: 4 FS|2026-07-25 @ Chicago White Sox: 3 FS|2026-07-24 @ Chicago White Sox: 11 FS|2026-07-22 vs Miami Marlins: 0 FS,15,30,5.17,4.0,Last 30 games + shrinkage,3.57,4.5,0.321,Hot,5.17,1.853,0.2647,0.0588,0.0,0.1765,0.0,6.14,6.21,6.33,6.26,5.81,28.0,16.0,20.0,16.0,20.0,6.0,11.19,32.9,67.1,Recent workload,Yes,37.4,27.2,32.0,47.6,1.0022,59,-2.0,1.0,1.0,1.0,75.0,100,79.93,18.0,0.0,25.0,0.249,0.82,1.0,1.0,1.0,0.9918,273,Statcast,1.0428,56,Statcast,100,79.93,12.0,21.08,34.25,9.0,71.0,20.0,1.0027,0.9919,1.012,1.2102,0.835,0.9854,3.95,-1.22,Unknown/neutral,Neutral fallback,1.0,1.0,1.0,1.0,1.0,1.0,Neutral fallback,1.072,3,27.0,0.8625,27.0,0.992,0.1213,0.0351,0.0024,0.012,0.158,0.0041,0.1939,0.4773,0.25,0.2727,0.086,0.1722,0.0035,1.0,Yes,5.31,1.89,8.03,12.12,4.14,0.0,Raw,66.5,58.2,58.2,49.3,49.3,38.0,38.0,33.8,33.8,33.8,25.3,25.3,21.7,21.7,17.2,17.2,14.3,14.3,11.8,11.8,9.8,9.8,8.4,8.4,6.4,6.4,5.8,8.0,8.0,7.5,7.0,6.0,5.0,4.5,4.0,3.5,3.0,2.5,1.0,0.0,0.0,0.0,0.0,0.0,0.0,0.0,0.0,0.0,0.0,0.0,0.0,0.0,0.0,0.0,Pass,
175,2026-08-12,Leody Taveras,BAL,MIN,BAL @ MIN,AWAY,CF,5.32,5.16,5.16,2.84,6.25,6.16,5.94,6.09,1.037,6.0,4.8,5.0,0|10|10|0|10,0|10|10|0|10|2|16|0|0|0,0|10|10|0|10|2|16|0|0|0|0|7|2|16|2,66.5,56.2,55.7,49.7,48.7,37.5,37.0,33.9,33.4,26.6,26.1,24.6,20.8,20.8,17.8,17.8,15.2,15.2,13.9,13.9,12.1,12.1,11.3,11.3,8.6,8.6,8.0,147.11,C+,MORE 2.5 | 66.5% | Edge +2.7,MORE,2.5,66.5,2.66,33.0,Good,7,Today Posted,7.0,6.0,5,6-6-6-6-6,100.0,100.0,4.03,Likely regular,11,1.0,Zebby Matthews,R,5.34,1.35,0.2403,0.0465,0.0775,4.6,1.38,0.2212,0.0299,Target Field,0.98,1.03,84.4,5.4,60.0,1.0,warm,365,319,0.223,0.301,0.354,0.655,247,0.747,71,12,6,6,44,42,35,1,10,2026-08-12 @ Minnesota Twins: 0 FS|2026-08-10 @ Minnesota Twins: 10 FS|2026-08-09 @ Texas Rangers: 10 FS|2026-08-08 @ Texas Rangers: 0 FS|2026-08-07 @ Texas Rangers: 10 FS,2026-08-12 @ Minnesota Twins: 0 FS|2026-08-10 @ Minnesota Twins: 10 FS|2026-08-09 @ Texas Rangers: 10 FS|2026-08-08 @ Texas Rangers: 0 FS|2026-08-07 @ Texas Rangers: 10 FS|2026-08-06 vs Los Angeles Angels: 2 FS|2026-08-05 vs Los Angeles Angels: 16 FS|2026-08-04 vs Los Angeles Angels: 0 FS|2026-08-02 vs Philadelphia Phillies: 0 FS|2026-08-01 vs Philadelphia Phillies: 0 FS,2026-08-12 @ Minnesota Twins: 0 FS|2026-08-10 @ Minnesota Twins: 10 FS|2026-08-09 @ Texas Rangers: 10 FS|2026-08-08 @ Texas Rangers: 0 FS|2026-08-07 @ Texas Rangers: 10 FS|2026-08-06 vs Los Angeles Angels: 2 FS|2026-08-05 vs Los Angeles Angels: 16 FS|2026-08-04 vs Los Angeles Angels: 0 FS|2026-08-02 vs Philadelphia Phillies: 0 FS|2026-08-01 vs Philadelphia Phillies: 0 FS|2026-07-31 vs Philadelphia Phillies: 0 FS|2026-07-29 @ Detroit Tigers: 7 FS|2026-07-28 @ Detroit Tigers: 2 FS|2026-07-27 @ Detroit Tigers: 16 FS|2026-07-26 vs Atlanta Braves: 2 FS,15,30,5.2,2.0,Last 30 games + shrinkage,6.86,5.21,0.186,Cold,5.2,1.587,0.1739,0.1087,0.0435,0.0435,0.0,6.49,6.33,6.39,6.77,6.0,28.0,16.0,20.0,16.0,20.0,6.0,22.34,65.7,34.3,Recent workload,No,44.1,32.9,59.2,64.1,0.9053,105,-0.52,1.0,1.0,1.0,75.0,196,78.65,17.35,1.02,22.96,0.306,0.82,1.0,1.0,1.0,0.9536,489,Statcast,1.1115,55,Statcast,196,78.65,12.0,18.5,33.61,11.2,70.4,18.4,1.0018,0.9874,0.9555,0.9748,0.9176,0.9986,5.08,-0.12,Unknown/neutral,Neutral fallback,1.0,1.0,1.0,1.0,1.0,1.0,Neutral fallback,1.072,3,27.0,1.3,27.0,1.0,0.098,0.0307,0.0107,0.0222,0.0928,0.0032,0.2339,0.5,0.2955,0.2045,0.0505,0.1294,0.0028,1.0,Yes,6.09,0.0,6.99,14.25,4.11,0.0,Raw,58.5,48.2,48.2,42.7,42.7,32.5,32.5,29.9,29.9,23.6,23.6,23.6,20.8,20.8,17.8,17.8,15.2,15.2,13.9,13.9,12.1,12.1,11.3,11.3,8.6,8.6,8.0,8.0,8.0,7.5,7.0,6.0,5.0,4.5,4.0,3.5,3.0,2.5,1.0,0.0,0.0,0.0,0.0,0.0,0.0,0.0,0.0,0.0,0.0,0.0,0.0,0.0,0.0,0.0,Pass,
176,2026-08-12,Jake Burger,TEX,LAA,TEX @ LAA,AWAY,1B,5.37,5.28,5.28,3.14,5.59,5.75,6.13,5.75,0.938,3.4,4.1,4.53,0|7|7|3|0,0|7|7|3|0|9|7|0|8|0,0|7|7|3|0|9|7|0|8|0|3|0|5|3|16,67.8,67.8,55.6,55.1,49.5,48.5,36.9,33.3,32.8,26.3,25.8,21.5,20.5,17.7,17.7,15.4,15.4,14.3,14.3,13.1,13.1,12.5,9.5,9.5,9.3,9.3,7.0,146.81,C+,MORE 3.0 | 67.8% | Edge +2.3,MORE,3.0,67.8,2.28,35.6,Good,7,Last 7 Confirmed,,7.0,6,7-5-5-7-7-4,50.0,95.0,4.19,Regular,12,1.04,George Klassen,R,7.27,2.88,0.2115,0.0192,0.2692,4.49,1.37,0.2037,0.0282,Angel Stadium,1.0,1.04,86.3,10.0,241.0,0.0,"warm, light wind",460,421,0.235,0.296,0.411,0.707,353,0.674,99,17,0,19,49,68,34,3,2,2026-08-11 @ Los Angeles Angels: 0 FS|2026-08-10 @ Los Angeles Angels: 7 FS|2026-08-09 vs Baltimore Orioles: 7 FS|2026-08-08 vs Baltimore Orioles: 3 FS|2026-08-07 vs Baltimore Orioles: 0 FS,2026-08-11 @ Los Angeles Angels: 0 FS|2026-08-10 @ Los Angeles Angels: 7 FS|2026-08-09 vs Baltimore Orioles: 7 FS|2026-08-08 vs Baltimore Orioles: 3 FS|2026-08-07 vs Baltimore Orioles: 0 FS|2026-08-05 vs San Francisco Giants: 9 FS|2026-08-04 vs San Francisco Giants: 7 FS|2026-08-03 vs San Francisco Giants: 0 FS|2026-08-02 @ Houston Astros: 8 FS|2026-08-01 @ Houston Astros: 0 FS,2026-08-11 @ Los Angeles Angels: 0 FS|2026-08-10 @ Los Angeles Angels: 7 FS|2026-08-09 vs Baltimore Orioles: 7 FS|2026-08-08 vs Baltimore Orioles: 3 FS|2026-08-07 vs Baltimore Orioles: 0 FS|2026-08-05 vs San Francisco Giants: 9 FS|2026-08-04 vs San Francisco Giants: 7 FS|2026-08-03 vs San Francisco Giants: 0 FS|2026-08-02 @ Houston Astros: 8 FS|2026-08-01 @ Houston Astros: 0 FS|2026-07-31 @ Houston Astros: 3 FS|2026-07-30 @ Tampa Bay Rays: 0 FS|2026-07-29 @ Tampa Bay Rays: 5 FS|2026-07-28 @ Tampa Bay Rays: 3 FS|2026-07-27 vs Seattle Mariners: 16 FS,15,30,5.83,4.5,Last 30 games + shrinkage,4.71,3.71,0.213,Neutral,5.83,1.04,0.2,0.04,0.0,0.06,0.0,6.87,6.48,6.16,6.8,6.01,28.0,16.0,20.0,16.0,20.0,6.0,16.53,48.6,51.4,Recent workload,Yes,47.6,36.1,67.5,67.6,0.9045,85,0.7,1.0,1.0,1.0,75.0,230,82.8,26.52,1.74,20.87,0.346,0.8905,1.0,1.0,1.0,0.9793,429,Statcast,1.003,75,Statcast,230,82.8,12.0,20.2,35.0,23.9,63.5,12.6,1.0309,0.9993,1.0284,0.9987,1.0263,0.9864,4.7,-1.13,Unknown/neutral,Neutral fallback,1.0,1.0,1.0,1.0,1.0,1.0,Neutral fallback,1.072,3,27.0,0.8625,27.0,0.9623,0.1214,0.0279,0.0001,0.0274,0.0826,0.0078,0.2446,0.4672,0.3458,0.187,0.0291,0.1315,0.0001,1.0,Projected,5.75,0.33,6.89,13.46,3.96,0.0,Raw,59.8,59.8,48.1,48.1,43.5,43.5,32.4,29.3,29.3,23.3,23.3,20.5,20.5,17.7,17.7,15.4,15.4,14.3,14.3,13.1,13.1,12.5,9.5,9.5,9.3,9.3,7.0,8.0,8.0,7.5,7.0,6.0,5.0,4.5,4.0,3.5,3.0,2.5,1.0,0.0,0.0,0.0,0.0,0.0,0.0,0.0,0.0,0.0,0.0,0.0,0.0,0.0,0.0,0.0,Pass,
177,2026-08-12,Taylor Walls,TB,ATH,TB @ ATH,AWAY,SS,5.13,5.04,5.04,3.92,5.13,5.47,5.33,5.42,1.025,8.4,8.6,5.87,0|30|9|3|0,0|30|9|3|0|2|9|14|19|0,0|30|9|3|0|2|9|14|19|0|0|2|0|0|0,69.6,59.1,58.6,51.6,50.6,39.5,39.0,35.2,34.7,34.2,26.5,25.0,20.5,20.5,16.7,16.7,13.3,13.3,11.5,11.5,9.3,9.3,8.4,8.4,6.4,6.4,5.8,146.17,C,MORE 3.5 | 58.6% | Edge +1.5,MORE,3.5,58.6,1.54,17.2,Playable,9,Today Posted,9.0,9.0,6,9-8-9-9-8-9,66.7,100.0,3.65,Likely regular,11,1.0,Jack Perkins,R,7.0,1.49,0.2384,0.0411,0.0877,5.49,1.5,0.2358,0.0399,Sutter Health Park,1.0,1.03,83.2,4.8,236.0,0.0,warm,337,287,0.216,0.305,0.3,0.605,216,0.639,62,14,2,2,46,28,36,2,18,2026-08-12 @ Athletics: 0 FS|2026-08-11 @ Athletics: 30 FS|2026-08-10 @ Athletics: 9 FS|2026-08-09 @ Seattle Mariners: 3 FS|2026-08-08 @ Seattle Mariners: 0 FS,2026-08-12 @ Athletics: 0 FS|2026-08-11 @ Athletics: 30 FS|2026-08-10 @ Athletics: 9 FS|2026-08-09 @ Seattle Mariners: 3 FS|2026-08-08 @ Seattle Mariners: 0 FS|2026-08-07 @ Seattle Mariners: 2 FS|2026-08-05 @ Colorado Rockies: 9 FS|2026-08-04 @ Colorado Rockies: 14 FS|2026-08-03 @ Colorado Rockies: 19 FS|2026-08-01 vs Chicago White Sox: 0 FS,2026-08-12 @ Athletics: 0 FS|2026-08-11 @ Athletics: 30 FS|2026-08-10 @ Athletics: 9 FS|2026-08-09 @ Seattle Mariners: 3 FS|2026-08-08 @ Seattle Mariners: 0 FS|2026-08-07 @ Seattle Mariners: 2 FS|2026-08-05 @ Colorado Rockies: 9 FS|2026-08-04 @ Colorado Rockies: 14 FS|2026-08-03 @ Colorado Rockies: 19 FS|2026-08-01 vs Chicago White Sox: 0 FS|2026-07-31 vs Chicago White Sox: 0 FS|2026-07-30 vs Texas Rangers: 2 FS|2026-07-29 vs Texas Rangers: 0 FS|2026-07-28 vs Texas Rangers: 0 FS|2026-07-26 vs Cleveland Guardians: 0 FS,15,30,4.97,2.5,Last 30 games + shrinkage,7.57,6.29,0.175,Cold,4.97,1.913,0.1522,0.0435,0.0435,0.087,0.0652,6.09,6.01,6.52,6.71,5.22,28.0,16.0,20.0,16.0,20.0,6.0,18.37,54.0,46.0,Recent workload,No,43.4,32.2,56.0,63.7,0.9641,134,1.55,1.0,1.0,1.0,75.0,193,79.36,16.58,1.04,30.05,0.275,0.82,1.0,1.0,1.0,0.8928,468,Statcast,0.9309,45,Statcast,193,79.36,12.0,18.37,34.7,15.5,63.7,20.7,1.023,0.9893,0.9827,0.9785,0.9497,1.0238,6.95,1.99,Unknown/neutral,Neutral fallback,1.0,1.0,1.0,1.0,1.0,1.0,Neutral fallback,1.072,3,27.0,1.3,27.0,0.9676,0.1274,0.0313,0.0066,0.0134,0.1081,0.0072,0.2455,0.4584,0.3124,0.2292,0.0613,0.0884,0.0302,1.0,Yes,5.42,0.0,7.0,12.13,3.74,0.0,Raw,61.6,51.1,51.1,44.6,44.6,34.5,34.5,31.2,31.2,31.2,24.0,24.0,20.5,20.5,16.7,16.7,13.3,13.3,11.5,11.5,9.3,9.3,8.4,8.4,6.4,6.4,5.8,8.0,8.0,7.5,7.0,6.0,5.0,4.5,4.0,3.5,3.0,2.5,1.0,0.0,0.0,0.0,0.0,0.0,0.0,0.0,0.0,0.0,0.0,0.0,0.0,0.0,0.0,0.0,Pass,
178,2026-08-12,Austin Hays,SD,MIL,MIL @ SD,HOME,LF,6.74,5.31,5.31,3.07,5.41,5.75,5.94,5.75,0.969,8.2,6.3,6.36,12|16|7|6|0,12|16|7|6|0|3|5|7|7|0,12|16|7|6|0|3|5|7|7|0|18|0|5|3,72.2,72.2,54.5,54.0,50.7,49.7,38.6,33.9,33.4,27.8,27.3,21.1,20.1,18.0,18.0,15.1,15.1,13.8,13.8,12.4,12.4,11.6,11.6,8.6,8.6,8.2,8.2,145.93,C,MORE 3.0 | 72.2% | Edge +2.3,MORE,3.0,72.2,2.31,44.4,Strong,6,Today Posted,6.0,6.0,1,6,100.0,100.0,4.03,Likely regular,10,1.0,Dustin May,R,4.3,1.27,0.2241,0.0166,0.0788,3.54,1.17,0.1976,0.0278,Petco Park,0.94,1.03,81.0,7.9,260.0,1.0,warm,50,49,0.265,0.28,0.408,0.688,31,0.549,13,1,0,2,6,10,1,0,0,2026-08-11 vs Milwaukee Brewers: 12 FS|2026-08-09 vs Houston Astros: 16 FS|2026-05-01 @ San Diego Padres: 7 FS|2026-04-29 vs Los Angeles Angels: 6 FS|2026-04-28 vs Los Angeles Angels: 0 FS,2026-08-11 vs Milwaukee Brewers: 12 FS|2026-08-09 vs Houston Astros: 16 FS|2026-05-01 @ San Diego Padres: 7 FS|2026-04-29 vs Los Angeles Angels: 6 FS|2026-04-28 vs Los Angeles Angels: 0 FS|2026-04-06 vs Baltimore Orioles: 3 FS|2026-04-05 vs Toronto Blue Jays: 5 FS|2026-04-04 vs Toronto Blue Jays: 7 FS|2026-04-03 vs Toronto Blue Jays: 7 FS|2026-03-31 @ Miami Marlins: 0 FS,2026-08-11 vs Milwaukee Brewers: 12 FS|2026-08-09 vs Houston Astros: 16 FS|2026-05-01 @ San Diego Padres: 7 FS|2026-04-29 vs Los Angeles Angels: 6 FS|2026-04-28 vs Los Angeles Angels: 0 FS|2026-04-06 vs Baltimore Orioles: 3 FS|2026-04-05 vs Toronto Blue Jays: 5 FS|2026-04-04 vs Toronto Blue Jays: 7 FS|2026-04-03 vs Toronto Blue Jays: 7 FS|2026-03-31 @ Miami Marlins: 0 FS|2026-03-30 @ Miami Marlins: 18 FS|2026-03-29 @ Milwaukee Brewers: 0 FS|2026-03-28 @ Milwaukee Brewers: 5 FS|2026-03-26 @ Milwaukee Brewers: 3 FS,14,14,6.36,5.5,Last 14 games + shrinkage,7.0,6.36,0.265,Neutral,6.36,1.78,0.26,0.06,0.04,0.02,0.0,6.53,6.57,6.57,6.83,6.3,28.0,16.0,20.0,16.0,20.0,6.0,20.64,60.7,39.3,Recent workload,No,8.9,5.9,15.4,6.0,0.9903,0,1.61,1.0,1.0,1.0,75.0,7,81.4,14.29,14.29,71.43,0.476,1.0351,1.0,1.0,1.0,1.0,0,Fallback,1.0,0,Fallback,0,88.0,7.5,12.0,24.0,40.0,35.0,25.0,1.0077,0.9998,1.0441,1.0605,0.9773,1.0115,7.31,0.95,Unknown/neutral,Neutral fallback,1.0,1.0,1.0,1.0,1.0,1.0,Neutral fallback,1.072,3,27.0,1.1346,27.0,1.0,0.1604,0.0332,0.003,0.0256,0.0537,0.0074,0.2538,0.3333,0.18,0.4867,0.1185,0.1678,0.0101,1.0,Yes,5.75,0.17,6.95,13.73,3.91,0.0,Raw,64.2,64.2,47.0,47.0,44.7,44.7,34.1,29.9,29.9,24.8,24.8,20.1,20.1,18.0,18.0,15.1,15.1,13.8,13.8,12.4,12.4,11.6,11.6,8.6,8.6,8.2,8.2,8.0,8.0,7.5,7.0,6.0,5.0,4.5,4.0,3.5,3.0,2.5,1.0,0.0,0.0,0.0,0.0,0.0,0.0,0.0,0.0,0.0,0.0,0.0,0.0,0.0,0.0,0.0,Pass,
179,2026-08-12,Tyler Tolbert,KC,LAD,KC @ LAD,AWAY,SS,5.68,5.45,5.45,3.04,9.42,8.3,5.91,7.08,1.28,4.2,7.5,5.73,12|0|2|7|0,12|0|2|7|0|0|0|15|11|28,12|0|2|7|0|0|0|15|11|28|0|4|0|0|7,58.1,58.1,53.9,53.4,41.2,40.2,39.7,36.3,35.8,28.5,28.0,26.5,21.7,21.7,19.0,19.0,19.0,15.9,15.9,14.7,14.7,14.7,12.8,12.8,12.8,11.9,11.9,145.55,C,MORE 3.0 | 58.1% | Edge +2.5,MORE,3.0,58.1,2.45,16.2,Playable,7,Last 7 Confirmed,,7.0,3,7-7-9,66.7,85.8,3.48,Usage risk,8,0.88,Eric Lauer,L,4.89,1.26,0.2237,0.0566,0.0746,3.72,1.16,0.1956,0.0326,UNIQLO Field at Dodger Stadium,1.0,1.0,,,,,Weather unavailable,101,88,0.318,0.371,0.477,0.848,55,0.824,28,5,0,3,23,6,8,0,16,2026-08-11 @ Los Angeles Dodgers: 12 FS|2026-08-10 @ Los Angeles Dodgers: 0 FS|2026-08-09 vs Chicago Cubs: 2 FS|2026-08-07 vs Chicago Cubs: 7 FS|2026-08-06 vs Minnesota Twins: 0 FS,2026-08-11 @ Los Angeles Dodgers: 12 FS|2026-08-10 @ Los Angeles Dodgers: 0 FS|2026-08-09 vs Chicago Cubs: 2 FS|2026-08-07 vs Chicago Cubs: 7 FS|2026-08-06 vs Minnesota Twins: 0 FS|2026-08-04 vs Minnesota Twins: 0 FS|2026-08-02 @ Colorado Rockies: 0 FS|2026-08-01 @ Colorado Rockies: 15 FS|2026-07-30 @ Minnesota Twins: 11 FS|2026-07-29 @ Minnesota Twins: 28 FS,2026-08-11 @ Los Angeles Dodgers: 12 FS|2026-08-10 @ Los Angeles Dodgers: 0 FS|2026-08-09 vs Chicago Cubs: 2 FS|2026-08-07 vs Chicago Cubs: 7 FS|2026-08-06 vs Minnesota Twins: 0 FS|2026-08-04 vs Minnesota Twins: 0 FS|2026-08-02 @ Colorado Rockies: 0 FS|2026-08-01 @ Colorado Rockies: 15 FS|2026-07-30 @ Minnesota Twins: 11 FS|2026-07-29 @ Minnesota Twins: 28 FS|2026-07-28 @ Minnesota Twins: 0 FS|2026-07-26 @ Detroit Tigers: 4 FS|2026-07-25 @ Detroit Tigers: 0 FS|2026-07-24 @ Detroit Tigers: 0 FS|2026-07-23 @ Detroit Tigers: 7 FS,15,30,6.67,2.0,Last 30 games + shrinkage,3.0,5.64,0.296,Neutral,6.67,2.469,0.25,0.1562,0.0312,0.125,0.125,5.95,6.16,5.82,5.24,5.04,28.0,16.0,20.0,16.0,20.0,6.0,22.65,66.6,33.4,Recent workload,No,33.7,24.1,24.4,47.4,0.9744,37,0.47,1.0,1.0,1.0,75.0,99,78.16,20.2,2.02,36.36,0.343,0.82,1.0,1.0,1.0,1.0226,182,Statcast,1.0,5,Fallback,99,78.16,12.0,16.39,29.83,22.2,55.6,22.2,1.0,0.9852,0.9456,0.9704,0.9012,0.9876,5.63,-1.03,Unknown/neutral,Neutral fallback,1.0,1.0,1.0,1.0,1.0,1.0,Neutral fallback,1.072,3,27.0,1.3,27.0,0.9708,0.1348,0.0463,0.0016,0.0251,0.0825,0.0044,0.1663,0.4923,0.2462,0.2615,0.1157,0.067,0.039,1.0,Projected,7.08,0.0,8.16,15.84,3.82,0.0,Raw,50.1,50.1,46.4,46.4,35.2,35.2,35.2,32.3,32.3,25.5,25.5,25.5,21.7,21.7,19.0,19.0,19.0,15.9,15.9,14.7,14.7,14.7,12.8,12.8,12.8,11.9,11.9,8.0,8.0,7.5,7.0,6.0,5.0,4.5,4.0,3.5,3.0,2.5,1.0,0.0,0.0,0.0,0.0,0.0,0.0,0.0,0.0,0.0,0.0,0.0,0.0,0.0,0.0,0.0,Pass,
180,2026-08-12,Iván Herrera,STL,PHI,PHI @ STL,HOME,DH,5.67,4.43,4.43,2.27,6.14,6.09,5.06,5.72,1.204,11.2,9.1,7.87,7|0|14|16|19,7|0|14|16|19|14|7|3|11|0,7|0|14|16|19|14|7|3|11|0|7|0|3|17|0,51.6,51.6,47.8,47.3,46.3,33.7,33.2,29.9,29.4,28.9,22.3,20.8,16.3,16.3,13.7,13.7,13.7,11.1,11.1,9.9,9.9,9.9,8.3,8.3,7.6,7.6,7.6,144.62,C,LESS 5.0 | 66.3% | Edge +0.6,LESS,5.0,66.3,0.57,32.6,Playable,2,Today Posted,2.0,2.0,7,2-2-2-3-4-2-2,71.4,100.0,5.02,Regular,14,1.04,Zack Wheeler,R,2.89,1.0,0.1894,0.0308,0.0639,4.19,1.3,0.2249,0.0312,Busch Stadium,0.99,1.065,95.3,10.4,337.0,3.0,"hot, light wind",533,452,0.25,0.358,0.392,0.75,367,0.73,113,23,1,13,74,51,53,25,7,2026-08-12 vs Philadelphia Phillies: 7 FS|2026-08-11 vs Philadelphia Phillies: 0 FS|2026-08-10 vs Philadelphia Phillies: 14 FS|2026-08-09 vs Colorado Rockies: 16 FS|2026-08-08 vs Colorado Rockies: 19 FS,2026-08-12 vs Philadelphia Phillies: 7 FS|2026-08-11 vs Philadelphia Phillies: 0 FS|2026-08-10 vs Philadelphia Phillies: 14 FS|2026-08-09 vs Colorado Rockies: 16 FS|2026-08-08 vs Colorado Rockies: 19 FS|2026-08-07 vs Colorado Rockies: 14 FS|2026-08-05 @ New York Yankees: 7 FS|2026-08-04 @ New York Yankees: 3 FS|2026-08-03 @ New York Yankees: 11 FS|2026-08-02 @ Toronto Blue Jays: 0 FS,2026-08-12 vs Philadelphia Phillies: 7 FS|2026-08-11 vs Philadelphia Phillies: 0 FS|2026-08-10 vs Philadelphia Phillies: 14 FS|2026-08-09 vs Colorado Rockies: 16 FS|2026-08-08 vs Colorado Rockies: 19 FS|2026-08-07 vs Colorado Rockies: 14 FS|2026-08-05 @ New York Yankees: 7 FS|2026-08-04 @ New York Yankees: 3 FS|2026-08-03 @ New York Yankees: 11 FS|2026-08-02 @ Toronto Blue Jays: 0 FS|2026-08-01 @ Toronto Blue Jays: 7 FS|2026-07-31 @ Toronto Blue Jays: 0 FS|2026-07-30 vs Chicago Cubs: 3 FS|2026-07-29 vs Chicago Cubs: 17 FS|2026-07-28 vs Chicago Cubs: 0 FS,15,30,6.4,4.5,Last 30 games + shrinkage,11.0,8.43,0.305,Hot,6.4,1.934,0.2951,0.1475,0.0164,0.0328,0.0164,7.49,6.89,7.8,8.24,6.13,28.0,16.0,20.0,16.0,20.0,6.0,21.39,62.9,37.1,Recent workload,No,51.9,40.1,68.3,75.3,1.0189,161,2.56,1.0,1.0,1.0,75.0,335,82.87,26.27,0.6,30.45,0.309,0.8535,1.0,1.0,1.0,0.9966,614,Statcast,0.9281,19,Statcast,335,82.87,12.0,16.43,33.22,18.8,71.0,10.2,0.9868,0.9979,0.9792,0.9958,0.973,1.0225,8.28,1.88,Unknown/neutral,Neutral fallback,1.0,1.0,1.0,1.0,1.0,1.0,Neutral fallback,1.072,3,27.0,1.0026,27.0,0.9712,0.1118,0.0432,0.0016,0.0141,0.0396,0.0216,0.2179,0.514,0.2043,0.2817,0.0456,0.0917,0.0054,1.0,Yes,5.72,0.0,7.09,11.91,4.21,0.0,Raw,43.6,43.6,40.3,40.3,40.3,28.7,28.7,25.9,25.9,25.9,19.8,19.8,16.3,16.3,13.7,13.7,13.7,11.1,11.1,9.9,9.9,9.9,8.3,8.3,7.6,7.6,7.6,8.0,8.0,7.5,7.0,6.0,5.0,4.5,4.0,3.5,3.0,2.5,1.0,0.0,0.0,0.0,0.0,0.0,0.0,0.0,0.0,0.0,0.0,0.0,0.0,0.0,0.0,0.0,Pass,
181,2026-08-12,Joey Ortiz,MIL,SD,MIL @ SD,AWAY,SS,5.13,5.04,5.04,2.15,7.0,6.64,5.48,6.27,1.212,2.2,5.8,7.6,0|0|11|0|0,0|0|11|0|0|0|13|0|31|3,0|0|11|0|0|0|13|0|31|3|18|2|11|22|3,57.1,57.1,51.6,51.1,50.1,38.5,38.0,34.3,33.8,26.8,26.3,24.8,20.1,20.1,17.2,17.2,17.2,13.7,13.7,12.2,12.2,12.2,10.1,10.1,9.0,9.0,6.9,143.71,C,LESS 5.5 | 62.0% | Edge +0.5,LESS,5.5,62.0,0.46,24.0,Playable,9,Today Posted,9.0,9.0,1,9,100.0,100.0,3.65,Likely regular,10,1.0,Robbie Ray,L,3.24,1.33,0.2011,0.0298,0.1155,4.12,1.31,0.218,0.0296,Petco Park,0.94,1.03,81.0,7.9,260.0,1.0,warm,282,250,0.24,0.306,0.356,0.662,94,0.625,60,10,2,5,29,29,25,0,8,2026-08-08 vs Minnesota Twins: 0 FS|2026-08-05 vs Pittsburgh Pirates: 0 FS|2026-08-03 vs Pittsburgh Pirates: 11 FS|2026-08-01 @ Los Angeles Angels: 0 FS|2026-07-29 @ San Francisco Giants: 0 FS,2026-08-08 vs Minnesota Twins: 0 FS|2026-08-05 vs Pittsburgh Pirates: 0 FS|2026-08-03 vs Pittsburgh Pirates: 11 FS|2026-08-01 @ Los Angeles Angels: 0 FS|2026-07-29 @ San Francisco Giants: 0 FS|2026-07-27 @ San Francisco Giants: 0 FS|2026-07-26 vs Colorado Rockies: 13 FS|2026-07-24 vs Colorado Rockies: 0 FS|2026-07-22 vs New York Mets: 31 FS|2026-07-21 vs New York Mets: 3 FS,2026-08-08 vs Minnesota Twins: 0 FS|2026-08-05 vs Pittsburgh Pirates: 0 FS|2026-08-03 vs Pittsburgh Pirates: 11 FS|2026-08-01 @ Los Angeles Angels: 0 FS|2026-07-29 @ San Francisco Giants: 0 FS|2026-07-27 @ San Francisco Giants: 0 FS|2026-07-26 vs Colorado Rockies: 13 FS|2026-07-24 vs Colorado Rockies: 0 FS|2026-07-22 vs New York Mets: 31 FS|2026-07-21 vs New York Mets: 3 FS|2026-07-20 vs New York Mets: 18 FS|2026-07-19 vs Miami Marlins: 2 FS|2026-07-18 vs Miami Marlins: 11 FS|2026-07-17 vs Miami Marlins: 22 FS|2026-07-12 @ Pittsburgh Pirates: 3 FS,15,30,6.8,3.0,Last 30 games + shrinkage,3.43,7.93,0.324,Hot,6.8,2.707,0.2927,0.1463,0.0488,0.0976,0.0732,5.37,6.09,6.24,5.3,4.89,28.0,16.0,20.0,16.0,20.0,6.0,24.69,72.6,27.4,Recent workload,No,36.3,26.4,35.6,59.3,1.064,107,1.93,1.0,1.0,1.0,75.0,160,83.61,25.0,1.25,29.38,0.355,0.8985,1.0,1.0,1.0,0.9859,337,Statcast,1.0,7,Fallback,160,83.61,12.0,11.43,34.16,16.9,65.6,17.5,1.0075,0.9878,0.9992,1.0353,0.9031,0.9877,5.77,-1.03,Unknown/neutral,Neutral fallback,1.0,1.0,1.0,1.0,1.0,1.0,Neutral fallback,1.072,3,27.0,1.3,27.0,0.9987,0.1401,0.0306,0.01,0.016,0.0973,0.0033,0.1906,0.5223,0.1888,0.2889,0.0587,0.0816,0.0222,1.0,Yes,6.27,0.0,7.0,14.27,3.65,0.0,Raw,49.1,49.1,44.1,44.1,44.1,33.5,33.5,30.3,30.3,23.8,23.8,23.8,20.1,20.1,17.2,17.2,17.2,13.7,13.7,12.2,12.2,12.2,10.1,10.1,9.0,9.0,6.9,8.0,8.0,7.5,7.0,6.0,5.0,4.5,4.0,3.5,3.0,2.5,1.0,0.0,0.0,0.0,0.0,0.0,0.0,0.0,0.0,0.0,0.0,0.0,0.0,0.0,0.0,0.0,Pass,
182,2026-08-12,Brandon Marsh,PHI,STL,PHI @ STL,AWAY,LF,5.69,5.33,5.33,4.12,4.35,5.03,5.52,5.03,0.911,3.8,4.9,4.93,0|3|9|5|2,0|3|9|5|2|6|12|5|7|0,0|3|9|5|2|6|12|5|7|0|5|15|2|3|0,74.4,74.4,58.5,58.0,54.3,53.3,40.4,36.1,35.6,29.0,28.5,21.9,20.9,18.0,18.0,13.8,12.3,12.3,10.3,10.3,9.3,9.3,7.4,7.4,6.7,6.7,5.3,143.68,C,MORE 4.0 | 58.0% | Edge +1.3,MORE,4.0,58.0,1.33,16.0,Playable,6,Today Posted,6.0,6.0,7,7-5-7-6-6-6-6,57.1,100.0,4.4,Regular,12,1.04,Kyle Leahy,R,3.38,1.34,0.245,0.0241,0.0703,4.09,1.34,0.2246,0.0256,Busch Stadium,0.99,1.065,95.3,10.4,337.0,3.0,"hot, light wind",461,429,0.273,0.315,0.434,0.749,344,0.789,117,17,2,16,62,52,26,2,10,2026-08-12 @ St. Louis Cardinals: 0 FS|2026-08-11 @ St. Louis Cardinals: 3 FS|2026-08-10 @ St. Louis Cardinals: 9 FS|2026-08-09 vs Toronto Blue Jays: 5 FS|2026-08-08 vs Toronto Blue Jays: 2 FS,2026-08-12 @ St. Louis Cardinals: 0 FS|2026-08-11 @ St. Louis Cardinals: 3 FS|2026-08-10 @ St. Louis Cardinals: 9 FS|2026-08-09 vs Toronto Blue Jays: 5 FS|2026-08-08 vs Toronto Blue Jays: 2 FS|2026-08-07 vs Toronto Blue Jays: 6 FS|2026-08-06 vs Washington Nationals: 12 FS|2026-08-05 vs Washington Nationals: 5 FS|2026-08-04 vs Washington Nationals: 7 FS|2026-08-03 vs Washington Nationals: 0 FS,2026-08-12 @ St. Louis Cardinals: 0 FS|2026-08-11 @ St. Louis Cardinals: 3 FS|2026-08-10 @ St. Louis Cardinals: 9 FS|2026-08-09 vs Toronto Blue Jays: 5 FS|2026-08-08 vs Toronto Blue Jays: 2 FS|2026-08-07 vs Toronto Blue Jays: 6 FS|2026-08-06 vs Washington Nationals: 12 FS|2026-08-05 vs Washington Nationals: 5 FS|2026-08-04 vs Washington Nationals: 7 FS|2026-08-03 vs Washington Nationals: 0 FS|2026-08-02 @ Baltimore Orioles: 5 FS|2026-08-01 @ Baltimore Orioles: 15 FS|2026-07-31 @ Baltimore Orioles: 2 FS|2026-07-29 @ Miami Marlins: 3 FS|2026-07-28 @ Miami Marlins: 0 FS,15,30,4.47,3.5,Last 30 games + shrinkage,5.29,5.29,0.216,Neutral,4.47,1.321,0.1964,0.0357,0.0,0.0714,0.0179,7.67,6.13,6.92,6.93,6.8,28.0,16.0,20.0,16.0,20.0,6.0,20.93,61.5,38.5,Recent workload,No,49.9,38.1,66.9,73.2,1.1451,141,1.22,1.0,1.0,1.0,75.0,300,81.37,22.0,1.67,31.67,0.37,0.8768,1.0,1.0,1.0,0.983,605,Statcast,1.0386,54,Statcast,300,81.37,12.0,16.69,30.66,15.0,61.0,24.0,0.9866,0.994,0.9648,0.9879,0.947,1.0022,4.65,0.18,Unknown/neutral,Neutral fallback,1.0,1.0,1.0,1.0,1.0,1.0,Neutral fallback,1.072,3,27.0,1.2923,27.0,0.9957,0.1767,0.0334,0.0002,0.0178,0.0659,0.0001,0.2372,0.413,0.3043,0.2826,0.0316,0.0928,0.0071,1.0,Yes,5.03,0.47,7.76,12.32,4.02,0.0,Raw,66.4,66.4,51.0,51.0,48.3,48.3,35.9,32.1,32.1,26.0,26.0,20.9,20.9,18.0,18.0,13.8,12.3,12.3,10.3,10.3,9.3,9.3,7.4,7.4,6.7,6.7,5.3,8.0,8.0,7.5,7.0,6.0,5.0,4.5,4.0,3.5,3.0,2.5,1.0,0.0,0.0,0.0,0.0,0.0,0.0,0.0,0.0,0.0,0.0,0.0,0.0,0.0,0.0,0.0,Pass,
183,2026-08-12,Taylor Ward,SEA,NYY,SEA @ NYY,AWAY,LF,5.22,4.95,4.95,3.81,4.18,4.94,4.55,4.82,1.086,3.2,2.8,3.73,0|10|3|0|3,0|10|3|0|3|3|0|3|2|4,0|10|3|0|3|3|0|3|2|4|11|0|6|6|5,72.8,62.9,62.4,53.1,52.1,40.5,40.0,34.2,33.7,33.2,24.8,23.3,17.9,17.9,13.6,13.6,10.3,10.3,8.5,8.5,6.9,6.9,6.9,5.9,5.9,4.2,4.2,142.88,C,MORE 3.5 | 62.4% | Edge +1.5,MORE,3.5,62.4,1.45,24.8,Good,1,Today Posted,1.0,1.0,7,1-1-1-1-1-8-8,71.4,100.0,5.13,Regular,13,1.04,Will Warren,R,4.18,1.37,0.2399,0.0302,0.0746,3.28,1.17,0.201,0.0265,Yankee Stadium,1.06,1.03,85.2,1.4,231.0,1.0,warm,533,437,0.24,0.371,0.339,0.71,368,0.69,105,20,1,7,65,30,87,6,4,2026-08-11 @ New York Yankees: 0 FS|2026-08-09 vs Tampa Bay Rays: 10 FS|2026-08-08 vs Tampa Bay Rays: 3 FS|2026-08-07 vs Tampa Bay Rays: 0 FS|2026-08-06 vs Detroit Tigers: 3 FS,2026-08-11 @ New York Yankees: 0 FS|2026-08-09 vs Tampa Bay Rays: 10 FS|2026-08-08 vs Tampa Bay Rays: 3 FS|2026-08-07 vs Tampa Bay Rays: 0 FS|2026-08-06 vs Detroit Tigers: 3 FS|2026-08-05 vs Detroit Tigers: 3 FS|2026-08-04 vs Detroit Tigers: 0 FS|2026-08-02 vs Philadelphia Phillies: 3 FS|2026-08-01 vs Philadelphia Phillies: 2 FS|2026-07-31 vs Philadelphia Phillies: 4 FS,2026-08-11 @ New York Yankees: 0 FS|2026-08-09 vs Tampa Bay Rays: 10 FS|2026-08-08 vs Tampa Bay Rays: 3 FS|2026-08-07 vs Tampa Bay Rays: 0 FS|2026-08-06 vs Detroit Tigers: 3 FS|2026-08-05 vs Detroit Tigers: 3 FS|2026-08-04 vs Detroit Tigers: 0 FS|2026-08-02 vs Philadelphia Phillies: 3 FS|2026-08-01 vs Philadelphia Phillies: 2 FS|2026-07-31 vs Philadelphia Phillies: 4 FS|2026-07-29 @ Detroit Tigers: 11 FS|2026-07-28 @ Detroit Tigers: 0 FS|2026-07-27 @ Detroit Tigers: 6 FS|2026-07-26 vs Atlanta Braves: 6 FS|2026-07-25 vs Atlanta Braves: 5 FS,15,30,5.93,5.0,Last 30 games + shrinkage,2.71,3.64,0.16,Cold,5.93,0.911,0.1429,0.0179,0.0,0.1071,0.0,7.58,7.28,6.77,7.07,6.39,28.0,16.0,20.0,16.0,20.0,6.0,19.3,56.8,43.2,Recent workload,No,49.7,38.0,68.4,68.6,1.004,160,3.31,1.0,1.0,1.0,75.0,240,83.0,21.25,2.08,34.58,0.338,0.8734,1.0,1.0,1.0,0.9876,614,Statcast,1.0,5,Fallback,240,83.0,12.0,18.04,29.93,18.8,60.4,20.8,1.0181,0.979,0.9736,0.8183,1.112,0.9782,4.12,-1.82,Unknown/neutral,Neutral fallback,1.0,1.0,1.0,1.0,1.0,1.0,Neutral fallback,1.072,3,27.0,1.0026,27.0,0.9982,0.1164,0.0225,0.0019,0.008,0.1434,0.0165,0.2164,0.4015,0.315,0.2834,0.0244,0.0414,0.0019,1.0,Yes,4.82,1.64,7.07,11.41,4.45,0.0,Raw,64.8,54.9,54.9,46.1,46.1,35.5,35.5,30.2,30.2,30.2,22.3,22.3,17.9,17.9,13.6,13.6,10.3,10.3,8.5,8.5,6.9,6.9,6.9,5.9,5.9,4.2,4.2,8.0,8.0,7.5,7.0,6.0,5.0,4.5,4.0,3.5,3.0,2.5,1.0,0.0,0.0,0.0,0.0,0.0,0.0,0.0,0.0,0.0,0.0,0.0,0.0,0.0,0.0,0.0,Pass,
184,2026-08-12,Vladimir Guerrero Jr.,TOR,BOS,BOS @ TOR,HOME,1B,6.13,4.76,4.76,2.27,6.04,6.02,4.94,5.71,1.218,7.6,5.6,6.4,3|3|7|23|2,3|3|7|23|2|0|0|8|7|3,3|3|7|23|2|0|0|8|7|3|5|0|17|10|8,56.5,56.5,51.3,50.8,49.8,36.9,36.4,31.1,30.6,30.1,23.1,21.6,16.3,16.3,16.3,13.5,13.5,10.8,10.8,10.8,9.4,9.4,8.0,8.0,7.0,7.0,7.0,142.28,C,LESS 5.5 | 63.6% | Edge +0.7,LESS,5.5,63.6,0.74,27.2,Playable,3,Today Posted,3.0,3.0,4,3-3-2-3,75.0,100.0,4.92,Regular,13,1.04,Ranger Suarez,L,3.32,1.17,0.2146,0.0142,0.0708,3.49,1.22,0.2161,0.0264,Rogers Centre,1.0,1.0,,,,,Indoor/retractable neutral,474,418,0.261,0.338,0.356,0.694,114,0.778,109,19,0,7,59,46,47,4,7,2026-08-11 vs Boston Red Sox: 3 FS|2026-08-10 vs Boston Red Sox: 3 FS|2026-08-09 @ Philadelphia Phillies: 7 FS|2026-08-08 @ Philadelphia Phillies: 23 FS|2026-08-04 @ Houston Astros: 2 FS,2026-08-11 vs Boston Red Sox: 3 FS|2026-08-10 vs Boston Red Sox: 3 FS|2026-08-09 @ Philadelphia Phillies: 7 FS|2026-08-08 @ Philadelphia Phillies: 23 FS|2026-08-04 @ Houston Astros: 2 FS|2026-08-03 @ Houston Astros: 0 FS|2026-08-02 vs St. Louis Cardinals: 0 FS|2026-08-01 vs St. Louis Cardinals: 8 FS|2026-07-31 vs St. Louis Cardinals: 7 FS|2026-07-28 @ Washington Nationals: 3 FS,2026-08-11 vs Boston Red Sox: 3 FS|2026-08-10 vs Boston Red Sox: 3 FS|2026-08-09 @ Philadelphia Phillies: 7 FS|2026-08-08 @ Philadelphia Phillies: 23 FS|2026-08-04 @ Houston Astros: 2 FS|2026-08-03 @ Houston Astros: 0 FS|2026-08-02 vs St. Louis Cardinals: 0 FS|2026-08-01 vs St. Louis Cardinals: 8 FS|2026-07-31 vs St. Louis Cardinals: 7 FS|2026-07-28 @ Washington Nationals: 3 FS|2026-07-27 @ Washington Nationals: 5 FS|2026-07-26 @ Boston Red Sox: 0 FS|2026-07-25 @ Boston Red Sox: 17 FS|2026-07-24 @ Boston Red Sox: 10 FS|2026-07-23 vs Tampa Bay Rays: 8 FS,15,30,6.47,5.0,Last 30 games + shrinkage,5.43,6.29,0.273,Neutral,6.47,1.492,0.2542,0.0678,0.0169,0.0678,0.0,7.16,6.94,7.03,6.88,6.71,28.0,16.0,20.0,16.0,20.0,6.0,18.86,55.5,44.5,Recent workload,No,48.7,37.2,40.1,68.4,1.0404,120,2.03,1.0,1.0,1.0,100.0,238,83.94,28.15,0.84,26.05,0.336,0.8944,1.0,1.0,1.0,1.013,516,Statcast,0.88,12,Statcast,238,83.94,12.0,16.09,32.59,20.2,60.1,19.8,1.0,1.0006,1.0023,1.0013,1.0042,0.9946,6.01,-0.45,Unknown/neutral,Neutral fallback,1.0,1.0,1.0,1.0,1.0,1.0,Neutral fallback,1.072,3,27.0,1.1557,27.0,0.948,0.1331,0.0328,0.0006,0.0116,0.0973,0.0052,0.1765,0.5,0.2132,0.2868,0.0723,0.0934,0.0053,1.0,Yes,5.71,0.0,7.15,12.02,4.43,0.0,Raw,48.5,48.5,43.8,43.8,43.8,31.9,31.9,27.1,27.1,27.1,20.6,20.6,16.3,16.3,16.3,13.5,13.5,10.8,10.8,10.8,9.4,9.4,8.0,8.0,7.0,7.0,7.0,8.0,8.0,7.5,7.0,6.0,5.0,4.5,4.0,3.5,3.0,2.5,1.0,0.0,0.0,0.0,0.0,0.0,0.0,0.0,0.0,0.0,0.0,0.0,0.0,0.0,0.0,0.0,Pass,
185,2026-08-12,William Contreras,MIL,SD,MIL @ SD,AWAY,C,5.44,4.93,4.93,3.99,4.75,5.26,5.25,5.26,1.003,3.0,4.8,5.47,2|6|0|7|0,2|6|0|7|0|18|8|0|2|5,2|6|0|7|0|18|8|0|2|5|9|13|0|7|5,66.9,58.3,57.8,49.9,48.9,38.1,37.6,33.6,33.1,32.6,24.3,22.8,18.9,18.9,14.9,14.9,12.6,12.6,10.7,10.7,9.1,9.1,8.0,8.0,6.3,6.3,5.7,141.93,C,MORE 3.0 | 58.3% | Edge +1.9,MORE,3.0,58.3,1.93,16.6,Playable,5,Today Posted,5.0,4.0,6,5-6-4-4-4-4,66.7,100.0,4.61,Regular,14,1.04,Robbie Ray,L,3.24,1.33,0.2011,0.0298,0.1155,4.12,1.31,0.218,0.0296,Petco Park,0.94,1.03,81.0,7.9,260.0,1.0,warm,476,425,0.261,0.33,0.384,0.714,124,0.683,111,17,1,11,57,59,42,4,1,2026-08-11 @ San Diego Padres: 2 FS|2026-08-10 @ San Diego Padres: 6 FS|2026-08-09 vs Minnesota Twins: 0 FS|2026-08-08 vs Minnesota Twins: 7 FS|2026-08-07 vs Minnesota Twins: 0 FS,2026-08-11 @ San Diego Padres: 2 FS|2026-08-10 @ San Diego Padres: 6 FS|2026-08-09 vs Minnesota Twins: 0 FS|2026-08-08 vs Minnesota Twins: 7 FS|2026-08-07 vs Minnesota Twins: 0 FS|2026-08-05 vs Pittsburgh Pirates: 18 FS|2026-08-04 vs Pittsburgh Pirates: 8 FS|2026-08-03 vs Pittsburgh Pirates: 0 FS|2026-08-02 @ Los Angeles Angels: 2 FS|2026-08-01 @ Los Angeles Angels: 5 FS,2026-08-11 @ San Diego Padres: 2 FS|2026-08-10 @ San Diego Padres: 6 FS|2026-08-09 vs Minnesota Twins: 0 FS|2026-08-08 vs Minnesota Twins: 7 FS|2026-08-07 vs Minnesota Twins: 0 FS|2026-08-05 vs Pittsburgh Pirates: 18 FS|2026-08-04 vs Pittsburgh Pirates: 8 FS|2026-08-03 vs Pittsburgh Pirates: 0 FS|2026-08-02 @ Los Angeles Angels: 2 FS|2026-08-01 @ Los Angeles Angels: 5 FS|2026-07-31 @ Los Angeles Angels: 9 FS|2026-07-28 @ San Francisco Giants: 13 FS|2026-07-27 @ San Francisco Giants: 0 FS|2026-07-26 vs Colorado Rockies: 7 FS|2026-07-25 vs Colorado Rockies: 5 FS,15,30,4.97,5.0,Last 30 games + shrinkage,5.86,5.5,0.17,Cold,4.97,1.283,0.15,0.0833,0.0167,0.1,0.0,7.12,6.05,6.58,7.02,6.56,28.0,16.0,20.0,16.0,20.0,6.0,24.69,72.6,27.4,Recent workload,No,49.7,38.0,42.2,69.6,0.9785,100,1.93,1.0,1.0,1.0,75.0,252,84.0,28.17,1.59,30.16,0.34,0.9038,1.0,1.0,1.0,1.0092,519,Statcast,1.0,18,Statcast,252,84.0,12.0,16.52,34.9,18.6,64.3,17.1,1.0093,0.991,1.013,1.0421,0.9246,1.0,4.96,-0.0,Unknown/neutral,Neutral fallback,1.0,1.0,1.0,1.0,1.0,1.0,Neutral fallback,1.072,3,27.0,0.8712,27.0,0.991,0.0953,0.0346,0.003,0.0125,0.1286,0.0116,0.1657,0.4605,0.2734,0.2661,0.0564,0.0872,0.0009,1.0,Yes,5.26,0.0,7.0,12.01,4.16,0.0,Raw,58.9,50.3,50.3,42.9,42.9,33.1,33.1,29.6,29.6,29.6,21.8,21.8,18.9,18.9,14.9,14.9,12.6,12.6,10.7,10.7,9.1,9.1,8.0,8.0,6.3,6.3,5.7,8.0,8.0,7.5,7.0,6.0,5.0,4.5,4.0,3.5,3.0,2.5,1.0,0.0,0.0,0.0,0.0,0.0,0.0,0.0,0.0,0.0,0.0,0.0,0.0,0.0,0.0,0.0,Pass,
186,2026-08-12,Tristan Peters,CWS,CIN,CIN @ CWS,HOME,CF,4.83,5.49,5.49,4.03,5.27,5.55,5.67,5.55,0.979,4.0,3.8,3.0,0|0|15|5|0,0|0|15|5|0|0|12|0|0|6,0|0|15|5|0|0|12|0|0|6|2|0|0|0|5,71.2,71.2,60.5,60.0,54.0,53.0,41.3,37.8,37.3,29.3,28.8,23.7,22.7,19.2,19.2,16.0,16.0,14.1,14.1,11.7,11.7,10.6,10.6,8.2,8.2,7.2,7.2,140.42,C,MORE 4.0 | 60.0% | Edge +1.5,MORE,4.0,60.0,1.49,20.0,Playable,7,Today Posted,7.0,7.0,2,7-7,100.0,100.0,3.48,Usage risk,8,0.88,Rhett Lowder,R,5.26,1.48,0.2325,0.0275,0.0975,4.47,1.4,0.2127,0.0324,Rate Field,1.0,1.0,,,,,Weather unavailable,347,311,0.264,0.327,0.412,0.739,307,0.784,82,22,3,6,42,40,25,5,6,2026-08-11 vs Cincinnati Reds: 0 FS|2026-08-09 vs Cleveland Guardians: 0 FS|2026-08-08 vs Cleveland Guardians: 15 FS|2026-08-06 @ Boston Red Sox: 5 FS|2026-08-05 @ Boston Red Sox: 0 FS,2026-08-11 vs Cincinnati Reds: 0 FS|2026-08-09 vs Cleveland Guardians: 0 FS|2026-08-08 vs Cleveland Guardians: 15 FS|2026-08-06 @ Boston Red Sox: 5 FS|2026-08-05 @ Boston Red Sox: 0 FS|2026-08-04 @ Boston Red Sox: 0 FS|2026-08-02 @ Tampa Bay Rays: 12 FS|2026-08-01 @ Tampa Bay Rays: 0 FS|2026-07-31 @ Tampa Bay Rays: 0 FS|2026-07-30 vs New York Yankees: 6 FS,2026-08-11 vs Cincinnati Reds: 0 FS|2026-08-09 vs Cleveland Guardians: 0 FS|2026-08-08 vs Cleveland Guardians: 15 FS|2026-08-06 @ Boston Red Sox: 5 FS|2026-08-05 @ Boston Red Sox: 0 FS|2026-08-04 @ Boston Red Sox: 0 FS|2026-08-02 @ Tampa Bay Rays: 12 FS|2026-08-01 @ Tampa Bay Rays: 0 FS|2026-07-31 @ Tampa Bay Rays: 0 FS|2026-07-30 vs New York Yankees: 6 FS|2026-07-29 vs New York Yankees: 2 FS|2026-07-28 vs New York Yankees: 0 FS|2026-07-27 vs New York Yankees: 0 FS|2026-07-26 vs Houston Astros: 0 FS|2026-07-25 vs Houston Astros: 5 FS,15,30,4.7,1.0,Last 30 games + shrinkage,4.57,2.86,0.083,Cold,4.7,0.976,0.0732,0.0244,0.0,0.0976,0.0244,5.81,5.41,5.15,5.86,5.28,28.0,16.0,20.0,16.0,20.0,6.0,18.39,54.1,45.9,Recent workload,No,41.7,30.9,64.4,66.4,1.034,111,2.55,1.0,1.0,1.0,75.0,217,83.46,25.81,1.38,29.03,0.33,0.8809,1.0,1.0,1.0,0.9709,432,Statcast,0.9744,29,Statcast,217,83.46,12.0,21.68,32.14,12.0,59.0,29.0,1.0,1.0017,1.0064,1.0035,1.0117,0.9868,3.6,-1.1,Unknown/neutral,Neutral fallback,1.0,1.0,1.0,1.0,1.0,1.0,Neutral fallback,1.072,3,27.0,1.1934,27.0,0.9908,0.1221,0.0536,0.0086,0.0151,0.0915,0.0193,0.186,0.4077,0.3592,0.233,0.0311,0.1093,0.0063,1.0,Yes,5.55,2.07,7.95,13.82,3.9,0.0,Raw,63.2,63.2,53.0,53.0,48.0,48.0,36.8,33.8,33.8,26.3,26.3,22.7,22.7,19.2,19.2,16.0,16.0,14.1,14.1,11.7,11.7,10.6,10.6,8.2,8.2,7.2,7.2,8.0,8.0,7.5,7.0,6.0,5.0,4.5,4.0,3.5,3.0,2.5,1.0,0.0,0.0,0.0,0.0,0.0,0.0,0.0,0.0,0.0,0.0,0.0,0.0,0.0,0.0,0.0,Pass,
187,2026-08-12,Ozzie Albies,ATL,NYM,NYM @ ATL,HOME,2B,5.98,4.59,4.59,2.83,5.76,5.85,5.6,5.77,1.044,6.4,6.3,6.93,16|6|3|5|2,16|6|3|5|2|2|4|14|3|8,16|6|3|5|2|2|4|14|3|8|8|7|5|0|21,63.2,50.2,49.7,45.4,44.4,33.1,32.6,29.4,28.9,28.4,22.6,21.1,17.3,17.3,14.8,14.8,12.8,12.8,11.8,11.8,10.6,10.6,10.2,10.2,7.6,7.6,7.3,139.91,C,MORE 2.5 | 63.2% | Edge +2.1,MORE,2.5,63.2,2.09,26.4,Good,4,Today Posted,4.0,5.0,6,5-5-5-5-3-5,83.3,100.0,4.82,Regular,13,1.04,Zac Thornton,L,2.52,1.07,0.1961,0.0196,0.0784,4.12,1.31,0.2105,0.0279,Truist Park,1.01,1.055,90.4,8.6,279.0,5.0,hot,515,461,0.258,0.315,0.436,0.751,205,0.811,119,22,0,20,72,64,37,6,2,2026-08-11 vs New York Mets: 16 FS|2026-08-10 vs New York Mets: 6 FS|2026-08-09 @ New York Yankees: 3 FS|2026-08-08 @ New York Yankees: 5 FS|2026-08-07 @ New York Yankees: 2 FS,2026-08-11 vs New York Mets: 16 FS|2026-08-10 vs New York Mets: 6 FS|2026-08-09 @ New York Yankees: 3 FS|2026-08-08 @ New York Yankees: 5 FS|2026-08-07 @ New York Yankees: 2 FS|2026-08-06 vs Miami Marlins: 2 FS|2026-08-05 vs Miami Marlins: 4 FS|2026-08-04 vs Miami Marlins: 14 FS|2026-08-02 vs Washington Nationals: 3 FS|2026-08-01 vs Washington Nationals: 8 FS,2026-08-11 vs New York Mets: 16 FS|2026-08-10 vs New York Mets: 6 FS|2026-08-09 @ New York Yankees: 3 FS|2026-08-08 @ New York Yankees: 5 FS|2026-08-07 @ New York Yankees: 2 FS|2026-08-06 vs Miami Marlins: 2 FS|2026-08-05 vs Miami Marlins: 4 FS|2026-08-04 vs Miami Marlins: 14 FS|2026-08-02 vs Washington Nationals: 3 FS|2026-08-01 vs Washington Nationals: 8 FS|2026-07-31 vs Washington Nationals: 8 FS|2026-07-30 vs Washington Nationals: 7 FS|2026-07-29 @ New York Mets: 5 FS|2026-07-29 @ New York Mets: 0 FS|2026-07-27 @ New York Mets: 21 FS,15,30,6.9,5.0,Last 30 games + shrinkage,5.43,5.93,0.222,Neutral,6.9,1.566,0.1887,0.0566,0.0377,0.1321,0.0189,7.07,6.69,6.71,6.69,6.5,28.0,16.0,20.0,16.0,20.0,6.0,22.35,65.7,34.3,Recent workload,No,50.6,38.8,54.7,76.4,0.986,144,-0.03,1.0,1.0,1.0,75.0,356,81.65,17.7,1.4,26.97,0.276,0.82,1.0,1.0,1.0,0.9778,583,Statcast,0.9781,21,Statcast,356,81.65,12.0,21.35,32.67,14.6,65.5,19.9,1.0133,0.9967,1.0011,0.9934,0.9912,1.0002,6.92,0.02,Unknown/neutral,Neutral fallback,1.0,1.0,1.0,1.0,1.0,1.0,Neutral fallback,1.072,3,27.0,0.974,27.0,0.9852,0.1066,0.0294,0.0002,0.0214,0.0626,0.0122,0.1626,0.3378,0.4173,0.2449,0.0497,0.145,0.0041,1.0,Yes,5.77,0.0,7.0,14.31,4.12,0.0,Raw,55.2,42.2,42.2,38.4,38.4,28.1,28.1,25.4,25.4,25.4,20.1,20.1,17.3,17.3,14.8,14.8,12.8,12.8,11.8,11.8,10.6,10.6,10.2,10.2,7.6,7.6,7.3,8.0,8.0,7.5,7.0,6.0,5.0,4.5,4.0,3.5,3.0,2.5,1.0,0.0,0.0,0.0,0.0,0.0,0.0,0.0,0.0,0.0,0.0,0.0,0.0,0.0,0.0,0.0,Pass,
188,2026-08-12,Brett Baty,NYM,ATL,NYM @ ATL,AWAY,3B,5.13,5.12,5.12,3.05,6.11,6.07,6.21,6.07,0.978,5.0,4.4,4.67,22|0|0|3|0,22|0|0|3|0|14|0|0|0|5,22|0|0|3|0|14|0|0|0|5|2|5|14|0|5,65.3,65.3,52.7,52.2,46.7,45.7,35.3,32.2,31.7,25.8,25.3,21.1,20.1,17.7,17.7,15.8,15.8,14.7,14.7,13.5,13.5,13.0,13.0,9.9,9.9,9.7,9.7,139.66,C,MORE 3.0 | 65.3% | Edge +2.1,MORE,3.0,65.3,2.12,30.6,Good,8,Today Posted,8.0,7.0,5,7-8-6-7-7,60.0,100.0,3.88,Likely regular,10,1.0,Tyler Mahle,R,4.83,1.36,0.2295,0.0328,0.0913,3.61,1.24,0.2027,0.0302,Truist Park,1.01,1.055,90.4,8.6,279.0,5.0,hot,379,339,0.215,0.286,0.33,0.616,304,0.653,73,13,1,8,42,38,32,3,5,2026-08-10 @ Atlanta Braves: 22 FS|2026-08-09 @ Pittsburgh Pirates: 0 FS|2026-08-08 @ Pittsburgh Pirates: 0 FS|2026-08-07 @ Pittsburgh Pirates: 3 FS|2026-08-06 @ Cleveland Guardians: 0 FS,2026-08-10 @ Atlanta Braves: 22 FS|2026-08-09 @ Pittsburgh Pirates: 0 FS|2026-08-08 @ Pittsburgh Pirates: 0 FS|2026-08-07 @ Pittsburgh Pirates: 3 FS|2026-08-06 @ Cleveland Guardians: 0 FS|2026-08-05 @ Cleveland Guardians: 14 FS|2026-08-01 vs Miami Marlins: 0 FS|2026-07-31 vs Miami Marlins: 0 FS|2026-07-30 vs Miami Marlins: 0 FS|2026-07-29 vs Atlanta Braves: 5 FS,2026-08-10 @ Atlanta Braves: 22 FS|2026-08-09 @ Pittsburgh Pirates: 0 FS|2026-08-08 @ Pittsburgh Pirates: 0 FS|2026-08-07 @ Pittsburgh Pirates: 3 FS|2026-08-06 @ Cleveland Guardians: 0 FS|2026-08-05 @ Cleveland Guardians: 14 FS|2026-08-01 vs Miami Marlins: 0 FS|2026-07-31 vs Miami Marlins: 0 FS|2026-07-30 vs Miami Marlins: 0 FS|2026-07-29 vs Atlanta Braves: 5 FS|2026-07-26 vs Los Angeles Dodgers: 2 FS|2026-07-25 vs Los Angeles Dodgers: 5 FS|2026-07-22 @ Milwaukee Brewers: 14 FS|2026-07-20 @ Milwaukee Brewers: 0 FS|2026-07-19 @ Philadelphia Phillies: 5 FS,15,30,6.3,5.0,Last 30 games + shrinkage,5.57,4.64,0.15,Cold,6.3,1.548,0.1429,0.0714,0.0714,0.0476,0.0,5.78,6.41,6.15,6.35,5.35,28.0,16.0,20.0,16.0,20.0,6.0,22.51,66.2,33.8,Recent workload,No,42.1,31.3,64.1,64.2,0.9165,90,-0.76,1.0,1.0,1.0,75.0,197,84.12,24.87,1.52,30.96,0.383,0.9276,1.0,1.0,1.0,0.9952,340,Statcast,1.0108,75,Statcast,197,84.12,12.0,19.1,32.13,11.2,68.0,20.8,1.0133,1.0024,1.0223,1.0048,1.0297,0.995,5.88,-0.42,Unknown/neutral,Neutral fallback,1.0,1.0,1.0,1.0,1.0,1.0,Neutral fallback,1.072,3,27.0,1.0544,27.0,0.9563,0.1196,0.0253,0.0024,0.0321,0.0769,0.0054,0.2591,0.4023,0.3564,0.2413,0.0448,0.1102,0.0045,1.0,Yes,6.07,0.11,6.96,13.8,3.78,0.0,Raw,57.3,57.3,45.2,45.2,40.7,40.7,30.8,28.2,28.2,22.8,22.8,20.1,20.1,17.7,17.7,15.8,15.8,14.7,14.7,13.5,13.5,13.0,13.0,9.9,9.9,9.7,9.7,8.0,8.0,7.5,7.0,6.0,5.0,4.5,4.0,3.5,3.0,2.5,1.0,0.0,0.0,0.0,0.0,0.0,0.0,0.0,0.0,0.0,0.0,0.0,0.0,0.0,0.0,0.0,Pass,
189,2026-08-12,Evan Carter,TEX,LAA,TEX @ LAA,AWAY,CF,5.57,5.07,5.07,3.74,5.3,5.57,5.02,5.42,1.109,0.8,1.7,3.8,0|0|0|4|0,0|0|0|4|0|2|0|0|5|6,0|0|0|4|0|2|0|0|5|6|8|0|0|17|15,70.3,62.0,61.5,50.4,49.4,39.3,38.8,33.5,33.0,32.5,25.0,23.5,19.6,19.6,15.2,15.2,12.5,12.5,10.6,10.6,10.6,8.7,8.7,7.7,7.7,6.0,6.0,138.65,C,MORE 3.5 | 61.5% | Edge +1.6,MORE,3.5,61.5,1.57,23.0,Playable,6,Last 7 Confirmed,,6.0,5,6-6-6-9-6,80.0,93.9,4.15,Likely regular,10,1.0,George Klassen,R,7.27,2.88,0.2115,0.0192,0.2692,4.49,1.37,0.2037,0.0282,Angel Stadium,1.0,1.04,86.3,10.0,241.0,0.0,"warm, light wind",338,284,0.19,0.302,0.32,0.622,285,0.677,54,9,2,8,39,31,42,4,14,2026-08-11 @ Los Angeles Angels: 0 FS|2026-08-10 @ Los Angeles Angels: 0 FS|2026-08-09 vs Baltimore Orioles: 0 FS|2026-08-08 vs Baltimore Orioles: 4 FS|2026-08-07 vs Baltimore Orioles: 0 FS,2026-08-11 @ Los Angeles Angels: 0 FS|2026-08-10 @ Los Angeles Angels: 0 FS|2026-08-09 vs Baltimore Orioles: 0 FS|2026-08-08 vs Baltimore Orioles: 4 FS|2026-08-07 vs Baltimore Orioles: 0 FS|2026-08-05 vs San Francisco Giants: 2 FS|2026-08-04 vs San Francisco Giants: 0 FS|2026-08-03 vs San Francisco Giants: 0 FS|2026-08-02 @ Houston Astros: 5 FS|2026-08-01 @ Houston Astros: 6 FS,2026-08-11 @ Los Angeles Angels: 0 FS|2026-08-10 @ Los Angeles Angels: 0 FS|2026-08-09 vs Baltimore Orioles: 0 FS|2026-08-08 vs Baltimore Orioles: 4 FS|2026-08-07 vs Baltimore Orioles: 0 FS|2026-08-05 vs San Francisco Giants: 2 FS|2026-08-04 vs San Francisco Giants: 0 FS|2026-08-03 vs San Francisco Giants: 0 FS|2026-08-02 @ Houston Astros: 5 FS|2026-08-01 @ Houston Astros: 6 FS|2026-07-31 @ Houston Astros: 8 FS|2026-07-30 @ Tampa Bay Rays: 0 FS|2026-07-29 @ Tampa Bay Rays: 0 FS|2026-07-28 @ Tampa Bay Rays: 17 FS|2026-07-27 vs Seattle Mariners: 15 FS,15,30,4.6,3.0,Last 30 games + shrinkage,0.86,3.0,0.135,Cold,4.6,0.977,0.1163,0.0,0.0,0.093,0.0233,6.86,6.69,6.23,6.02,5.96,28.0,16.0,20.0,16.0,20.0,6.0,16.53,48.6,51.4,Recent workload,Yes,42.9,31.8,62.6,48.6,1.0429,53,0.7,1.0,1.0,1.0,75.0,104,78.64,23.08,0.96,21.15,0.297,0.82,1.0,1.0,1.0,0.9907,287,Statcast,0.9584,67,Statcast,104,78.64,12.0,11.97,35.0,12.5,53.9,33.6,1.0242,0.9846,0.9663,0.9692,0.9189,0.9798,2.92,-1.68,Unknown/neutral,Neutral fallback,1.0,1.0,1.0,1.0,1.0,1.0,Neutral fallback,1.072,3,27.0,1.3,27.0,1.0,0.0991,0.0246,0.0047,0.0129,0.1685,0.0131,0.2243,0.5968,0.2258,0.1775,0.0363,0.1161,0.0175,1.0,Projected,5.42,1.52,7.06,12.61,4.09,0.0,Raw,62.3,54.0,54.0,43.4,43.4,34.3,34.3,29.5,29.5,29.5,22.5,22.5,19.6,19.6,15.2,15.2,12.5,12.5,10.6,10.6,10.6,8.7,8.7,7.7,7.7,6.0,6.0,8.0,8.0,7.5,7.0,6.0,5.0,4.5,4.0,3.5,3.0,2.5,1.0,0.0,0.0,0.0,0.0,0.0,0.0,0.0,0.0,0.0,0.0,0.0,0.0,0.0,0.0,0.0,Pass,
190,2026-08-12,Agustín Ramírez,MIA,PIT,PIT @ MIA,HOME,C,5.43,4.77,4.77,2.49,5.29,5.57,4.83,5.34,1.154,3.0,4.5,5.93,2|8|5|0|0,2|8|5|0|0|0|9|7|11|3,2|8|5|0|0|0|9|7|11|3|13|5|12|0|14,57.3,57.3,56.8,50.9,49.9,37.4,36.9,32.0,31.5,31.0,23.9,22.4,17.3,17.3,14.0,14.0,14.0,10.8,10.8,9.4,9.4,7.6,7.6,7.6,6.7,6.7,5.0,138.39,C,LESS 5.5 | 63.1% | Edge +0.7,LESS,5.5,63.1,0.73,26.2,Playable,6,Today Posted,6.0,7.0,2,7-3,50.0,100.0,4.15,Likely regular,10,1.0,Carmen Mlodzinski,R,3.51,1.36,0.2392,0.0191,0.0766,4.32,1.32,0.2128,0.0271,loanDepot park,0.96,1.0,,,,,Indoor/retractable neutral,140,122,0.238,0.329,0.344,0.673,97,0.556,29,5,1,2,15,14,15,2,3,2026-08-09 vs Los Angeles Angels: 2 FS|2026-08-07 vs Los Angeles Angels: 8 FS|2026-08-06 @ Atlanta Braves: 5 FS|2026-08-05 @ Atlanta Braves: 0 FS|2026-08-04 @ Atlanta Braves: 0 FS,2026-08-09 vs Los Angeles Angels: 2 FS|2026-08-07 vs Los Angeles Angels: 8 FS|2026-08-06 @ Atlanta Braves: 5 FS|2026-08-05 @ Atlanta Braves: 0 FS|2026-08-04 @ Atlanta Braves: 0 FS|2026-05-03 vs Philadelphia Phillies: 0 FS|2026-05-02 vs Philadelphia Phillies: 9 FS|2026-05-01 vs Philadelphia Phillies: 7 FS|2026-04-28 @ Los Angeles Dodgers: 11 FS|2026-04-27 @ Los Angeles Dodgers: 3 FS,2026-08-09 vs Los Angeles Angels: 2 FS|2026-08-07 vs Los Angeles Angels: 8 FS|2026-08-06 @ Atlanta Braves: 5 FS|2026-08-05 @ Atlanta Braves: 0 FS|2026-08-04 @ Atlanta Braves: 0 FS|2026-05-03 vs Philadelphia Phillies: 0 FS|2026-05-02 vs Philadelphia Phillies: 9 FS|2026-05-01 vs Philadelphia Phillies: 7 FS|2026-04-28 @ Los Angeles Dodgers: 11 FS|2026-04-27 @ Los Angeles Dodgers: 3 FS|2026-04-25 @ San Francisco Giants: 13 FS|2026-04-24 @ San Francisco Giants: 5 FS|2026-04-22 vs St. Louis Cardinals: 12 FS|2026-04-21 vs St. Louis Cardinals: 0 FS|2026-04-20 vs St. Louis Cardinals: 14 FS,15,30,6.33,6.0,Last 30 games + shrinkage,3.43,5.36,0.268,Neutral,6.33,1.531,0.2245,0.0204,0.0,0.1429,0.0408,6.3,6.33,6.34,6.24,5.6,28.0,16.0,20.0,16.0,20.0,6.0,12.1,35.6,64.4,Recent workload,Yes,16.5,11.5,36.3,10.6,1.0094,0,-1.57,1.0,1.0,1.0,100.0,13,79.26,0.0,0.0,46.15,0.328,0.82,1.0,1.0,1.0,0.8773,22,Statcast,1.0,0,Fallback,0,88.0,7.5,12.0,24.0,40.0,35.0,25.0,1.0,1.0099,1.0361,1.0197,1.0657,0.9848,5.07,-1.27,Unknown/neutral,Neutral fallback,1.0,1.0,1.0,1.0,1.0,1.0,Neutral fallback,1.072,3,27.0,1.2995,27.0,0.9881,0.1447,0.0251,0.0027,0.0112,0.1033,0.0111,0.2256,0.44,0.36,0.2,0.0708,0.0946,0.0111,1.0,Yes,5.34,0.0,7.1,11.71,3.97,0.0,Raw,49.3,49.3,49.3,43.9,43.9,32.4,32.4,28.0,28.0,28.0,21.4,21.4,17.3,17.3,14.0,14.0,14.0,10.8,10.8,9.4,9.4,7.6,7.6,7.6,6.7,6.7,5.0,8.0,8.0,7.5,7.0,6.0,5.0,4.5,4.0,3.5,3.0,2.5,1.0,0.0,0.0,0.0,0.0,0.0,0.0,0.0,0.0,0.0,0.0,0.0,0.0,0.0,0.0,0.0,Pass,
191,2026-08-12,Isaac Collins,KC,LAD,KC @ LAD,AWAY,LF,5.92,5.0,5.0,2.9,5.45,5.66,5.53,5.61,1.024,2.4,4.5,3.93,0|0|3|9|0,0|0|3|9|0|3|4|10|8|8,0|0|3|9|0|3|4|10|8|8|2|0|7|0|5,67.4,55.8,55.3,50.7,49.7,37.8,37.3,34.1,33.6,26.6,26.1,24.6,20.0,20.0,17.1,17.1,14.1,14.1,12.7,12.7,10.8,10.8,10.1,10.1,7.2,7.2,6.7,138.24,C,MORE 2.5 | 67.4% | Edge +2.5,MORE,2.5,67.4,2.5,34.8,Good,6,Last 7 Confirmed,,6.0,5,8-4-5-6-6,40.0,90.7,4.4,Regular,13,1.04,Eric Lauer,L,4.89,1.26,0.2237,0.0566,0.0746,3.72,1.16,0.1956,0.0326,UNIQLO Field at Dodger Stadium,1.0,1.0,,,,,Weather unavailable,395,340,0.235,0.333,0.362,0.695,121,0.576,80,19,3,6,40,35,45,6,6,2026-08-11 @ Los Angeles Dodgers: 0 FS|2026-08-10 @ Los Angeles Dodgers: 0 FS|2026-08-08 vs Chicago Cubs: 3 FS|2026-08-07 vs Chicago Cubs: 9 FS|2026-08-06 vs Minnesota Twins: 0 FS,2026-08-11 @ Los Angeles Dodgers: 0 FS|2026-08-10 @ Los Angeles Dodgers: 0 FS|2026-08-08 vs Chicago Cubs: 3 FS|2026-08-07 vs Chicago Cubs: 9 FS|2026-08-06 vs Minnesota Twins: 0 FS|2026-08-05 vs Minnesota Twins: 3 FS|2026-08-04 vs Minnesota Twins: 4 FS|2026-08-01 @ Colorado Rockies: 10 FS|2026-07-31 @ Colorado Rockies: 8 FS|2026-07-30 @ Minnesota Twins: 8 FS,2026-08-11 @ Los Angeles Dodgers: 0 FS|2026-08-10 @ Los Angeles Dodgers: 0 FS|2026-08-08 vs Chicago Cubs: 3 FS|2026-08-07 vs Chicago Cubs: 9 FS|2026-08-06 vs Minnesota Twins: 0 FS|2026-08-05 vs Minnesota Twins: 3 FS|2026-08-04 vs Minnesota Twins: 4 FS|2026-08-01 @ Colorado Rockies: 10 FS|2026-07-31 @ Colorado Rockies: 8 FS|2026-07-30 @ Minnesota Twins: 8 FS|2026-07-29 @ Minnesota Twins: 2 FS|2026-07-28 @ Minnesota Twins: 0 FS|2026-07-26 @ Detroit Tigers: 7 FS|2026-07-25 @ Detroit Tigers: 0 FS|2026-07-24 @ Detroit Tigers: 5 FS,15,30,6.03,5.0,Last 30 games + shrinkage,2.71,3.86,0.17,Cold,6.03,1.038,0.1538,0.0577,0.0,0.0962,0.0,7.18,7.46,6.49,6.97,6.71,28.0,16.0,20.0,16.0,20.0,6.0,22.65,66.6,33.4,Recent workload,No,45.3,34.0,41.6,66.5,1.1455,102,0.47,1.0,1.0,1.0,75.0,218,82.91,28.9,0.92,27.52,0.323,0.8748,1.0,1.0,1.0,1.0418,452,Statcast,1.0,10,Fallback,218,82.91,12.0,20.49,33.11,17.0,58.3,24.8,1.0,0.9997,0.9991,0.9995,0.9983,0.9781,4.21,-1.83,Unknown/neutral,Neutral fallback,1.0,1.0,1.0,1.0,1.0,1.0,Neutral fallback,1.072,3,27.0,1.2855,27.0,0.9927,0.1143,0.0424,0.008,0.0208,0.0757,0.0129,0.2047,0.4397,0.3103,0.25,0.0491,0.0984,0.0094,1.0,Projected,5.61,0.0,7.0,14.17,3.95,0.0,Raw,59.4,47.8,47.8,43.7,43.7,32.8,32.8,30.1,30.1,23.6,23.6,23.6,20.0,20.0,17.1,17.1,14.1,14.1,12.7,12.7,10.8,10.8,10.1,10.1,7.2,7.2,6.7,8.0,8.0,7.5,7.0,6.0,5.0,4.5,4.0,3.5,3.0,2.5,1.0,0.0,0.0,0.0,0.0,0.0,0.0,0.0,0.0,0.0,0.0,0.0,0.0,0.0,0.0,0.0,Pass,
192,2026-08-12,Joe Mack,MIA,PIT,PIT @ MIA,HOME,C,5.25,5.26,5.26,3.14,6.29,6.19,6.6,6.19,0.938,2.2,4.2,4.4,0|9|0|0|2,0|9|0|0|2|0|17|14|0|0,0|9|0|0|2|0|17|14|0|0|5|0|0|14|5,64.1,64.1,51.2,50.7,46.7,45.7,35.2,32.2,31.7,26.6,26.1,22.4,21.4,19.5,19.5,17.5,17.5,16.8,16.8,15.7,15.7,15.3,11.2,11.2,11.0,11.0,8.1,138.23,C,MORE 3.0 | 64.1% | Edge +2.3,MORE,3.0,64.1,2.26,28.2,Good,9,Today Posted,9.0,8.0,5,8-8-8-8-8,100.0,100.0,3.65,Likely regular,11,1.0,Carmen Mlodzinski,R,3.51,1.36,0.2392,0.0191,0.0766,4.32,1.32,0.2128,0.0271,loanDepot park,0.96,1.0,,,,,Indoor/retractable neutral,232,212,0.231,0.285,0.42,0.705,184,0.755,49,7,0,11,31,34,14,2,0,2026-08-11 vs Pittsburgh Pirates: 0 FS|2026-08-09 vs Los Angeles Angels: 9 FS|2026-08-08 vs Los Angeles Angels: 0 FS|2026-08-07 vs Los Angeles Angels: 0 FS|2026-08-05 @ Atlanta Braves: 2 FS,2026-08-11 vs Pittsburgh Pirates: 0 FS|2026-08-09 vs Los Angeles Angels: 9 FS|2026-08-08 vs Los Angeles Angels: 0 FS|2026-08-07 vs Los Angeles Angels: 0 FS|2026-08-05 @ Atlanta Braves: 2 FS|2026-08-04 @ Atlanta Braves: 0 FS|2026-08-02 @ New York Mets: 17 FS|2026-07-31 @ New York Mets: 14 FS|2026-07-30 @ New York Mets: 0 FS|2026-07-29 vs Philadelphia Phillies: 0 FS,2026-08-11 vs Pittsburgh Pirates: 0 FS|2026-08-09 vs Los Angeles Angels: 9 FS|2026-08-08 vs Los Angeles Angels: 0 FS|2026-08-07 vs Los Angeles Angels: 0 FS|2026-08-05 @ Atlanta Braves: 2 FS|2026-08-04 @ Atlanta Braves: 0 FS|2026-08-02 @ New York Mets: 17 FS|2026-07-31 @ New York Mets: 14 FS|2026-07-30 @ New York Mets: 0 FS|2026-07-29 vs Philadelphia Phillies: 0 FS|2026-07-28 vs Philadelphia Phillies: 5 FS|2026-07-27 vs Philadelphia Phillies: 0 FS|2026-07-26 vs San Diego Padres: 0 FS|2026-07-24 vs San Diego Padres: 14 FS|2026-07-22 @ Houston Astros: 5 FS,15,30,5.0,2.0,Last 30 games + shrinkage,4.0,4.36,0.179,Cold,5.0,1.452,0.1667,0.0714,0.0476,0.0476,0.0,5.69,5.59,5.43,5.53,5.41,28.0,16.0,20.0,16.0,20.0,6.0,12.1,35.6,64.4,Recent workload,Yes,39.5,28.9,52.0,58.8,1.15,71,-1.57,1.0,1.0,1.0,100.0,157,82.79,29.3,4.46,27.39,0.399,0.9602,1.0,1.0,1.0,1.1178,307,Statcast,1.0154,32,Statcast,157,82.79,12.0,10.14,34.34,11.5,56.7,31.9,1.0,0.995,0.9817,0.99,0.9667,0.9918,4.32,-0.68,Unknown/neutral,Neutral fallback,1.0,1.0,1.0,1.0,1.0,1.0,Neutral fallback,1.072,3,27.0,0.8625,27.0,0.9947,0.1242,0.0314,0.0007,0.0419,0.0579,0.0107,0.2415,0.5385,0.2968,0.1648,0.0507,0.1198,0.0011,1.0,Yes,6.19,0.32,6.89,15.34,3.56,0.0,Raw,56.1,56.1,43.7,43.7,40.7,40.7,30.7,28.2,28.2,23.6,23.6,21.4,21.4,19.5,19.5,17.5,17.5,16.8,16.8,15.7,15.7,15.3,11.2,11.2,11.0,11.0,8.1,8.0,8.0,7.5,7.0,6.0,5.0,4.5,4.0,3.5,3.0,2.5,1.0,0.0,0.0,0.0,0.0,0.0,0.0,0.0,0.0,0.0,0.0,0.0,0.0,0.0,0.0,0.0,Pass,
193,2026-08-12,Jarren Duran,BOS,TOR,BOS @ TOR,AWAY,LF,5.22,4.62,4.62,2.72,6.36,6.23,5.83,6.09,1.068,5.6,8.8,7.2,5|5|0|0|18,5|5|0|0|18|4|15|24|14|3,5|5|0|0|18|4|15|24|14|3|12|0|0|8|0,61.1,49.8,49.3,44.2,43.2,32.8,32.3,29.3,28.8,23.5,23.0,21.5,18.0,18.0,16.3,16.3,14.0,14.0,13.0,13.0,11.8,11.8,11.4,11.4,8.2,8.2,8.2,138.21,C,MORE 2.5 | 61.1% | Edge +2.1,MORE,2.5,61.1,2.12,22.2,Playable,7,Today Posted,7.0,7.0,7,7-7-7-8-7-7-7,85.7,100.0,4.19,Regular,14,1.04,José Soriano,R,3.24,1.26,0.1902,0.0226,0.113,3.98,1.32,0.2119,0.0277,Rogers Centre,1.0,1.0,,,,,Indoor/retractable neutral,475,430,0.202,0.26,0.356,0.616,353,0.632,87,12,3,16,52,60,32,4,17,2026-08-11 @ Toronto Blue Jays: 5 FS|2026-08-10 @ Toronto Blue Jays: 5 FS|2026-08-09 vs Athletics: 0 FS|2026-08-08 vs Athletics: 0 FS|2026-08-07 vs Athletics: 18 FS,2026-08-11 @ Toronto Blue Jays: 5 FS|2026-08-10 @ Toronto Blue Jays: 5 FS|2026-08-09 vs Athletics: 0 FS|2026-08-08 vs Athletics: 0 FS|2026-08-07 vs Athletics: 18 FS|2026-08-06 vs Chicago White Sox: 4 FS|2026-08-05 vs Chicago White Sox: 15 FS|2026-08-04 vs Chicago White Sox: 24 FS|2026-08-02 @ Los Angeles Dodgers: 14 FS|2026-08-01 @ Los Angeles Dodgers: 3 FS,2026-08-11 @ Toronto Blue Jays: 5 FS|2026-08-10 @ Toronto Blue Jays: 5 FS|2026-08-09 vs Athletics: 0 FS|2026-08-08 vs Athletics: 0 FS|2026-08-07 vs Athletics: 18 FS|2026-08-06 vs Chicago White Sox: 4 FS|2026-08-05 vs Chicago White Sox: 15 FS|2026-08-04 vs Chicago White Sox: 24 FS|2026-08-02 @ Los Angeles Dodgers: 14 FS|2026-08-01 @ Los Angeles Dodgers: 3 FS|2026-07-31 @ Los Angeles Dodgers: 12 FS|2026-07-30 @ Athletics: 0 FS|2026-07-29 @ Athletics: 0 FS|2026-07-28 @ Athletics: 8 FS|2026-07-27 @ Athletics: 0 FS,15,30,6.1,4.0,Last 30 games + shrinkage,6.71,7.71,0.25,Neutral,6.1,1.895,0.2281,0.0877,0.0526,0.0702,0.0351,6.32,6.1,6.58,6.34,5.33,28.0,16.0,20.0,16.0,20.0,6.0,21.59,63.5,36.5,Recent workload,No,49.2,37.5,67.5,69.4,1.15,117,-0.11,1.0,1.0,1.0,100.0,249,80.88,22.89,1.2,27.31,0.386,0.8822,1.0,1.0,1.0,1.0169,490,Statcast,0.9483,52,Statcast,249,80.88,12.0,16.47,35.0,12.4,62.2,25.3,1.0,0.9925,0.9726,0.9851,0.9502,1.0102,6.95,0.85,Unknown/neutral,Neutral fallback,1.0,1.0,1.0,1.0,1.0,1.0,Neutral fallback,1.072,3,27.0,1.3,27.0,1.0,0.1017,0.0172,0.0065,0.025,0.0769,0.0072,0.2661,0.544,0.2321,0.2239,0.0304,0.127,0.0134,1.0,Yes,6.09,0.0,6.99,14.47,3.89,0.0,Raw,53.1,41.8,41.8,37.2,37.2,27.8,27.8,25.3,25.3,20.5,20.5,20.5,18.0,18.0,16.3,16.3,14.0,14.0,13.0,13.0,11.8,11.8,11.4,11.4,8.2,8.2,8.2,8.0,8.0,7.5,7.0,6.0,5.0,4.5,4.0,3.5,3.0,2.5,1.0,0.0,0.0,0.0,0.0,0.0,0.0,0.0,0.0,0.0,0.0,0.0,0.0,0.0,0.0,0.0,Pass,
194,2026-08-12,Nick Sogard,BOS,TOR,BOS @ TOR,AWAY,2B,4.97,5.03,5.03,3.81,4.1,5.0,4.61,4.88,1.084,6.8,6.3,5.47,7|5|0|13|9,7|5|0|13|9|9|2|14|2|2,7|5|0|13|9|9|2|14|2|2|11|8|0|0|0,72.4,63.4,62.9,53.9,52.9,41.6,41.1,35.9,35.4,34.9,25.5,24.0,19.1,19.1,14.4,14.4,11.6,11.6,9.2,9.2,7.0,7.0,7.0,5.9,5.9,4.2,4.2,137.97,C,MORE 3.5 | 62.9% | Edge +1.5,MORE,3.5,62.9,1.53,25.8,Good,9,Today Posted,9.0,1.0,7,9-1-1-7-1-1-1,71.4,100.0,3.8,Regular,12,1.04,José Soriano,R,3.24,1.26,0.1902,0.0226,0.113,3.98,1.32,0.2119,0.0277,Rogers Centre,1.0,1.0,,,,,Indoor/retractable neutral,99,81,0.259,0.381,0.346,0.727,73,0.787,21,5,1,0,11,3,16,0,0,2026-08-11 @ Toronto Blue Jays: 7 FS|2026-08-10 @ Toronto Blue Jays: 5 FS|2026-08-09 vs Athletics: 0 FS|2026-08-08 vs Athletics: 13 FS|2026-08-07 vs Athletics: 9 FS,2026-08-11 @ Toronto Blue Jays: 7 FS|2026-08-10 @ Toronto Blue Jays: 5 FS|2026-08-09 vs Athletics: 0 FS|2026-08-08 vs Athletics: 13 FS|2026-08-07 vs Athletics: 9 FS|2026-08-06 vs Chicago White Sox: 9 FS|2026-08-05 vs Chicago White Sox: 2 FS|2026-08-04 vs Chicago White Sox: 14 FS|2026-08-02 @ Los Angeles Dodgers: 2 FS|2026-08-01 @ Los Angeles Dodgers: 2 FS,2026-08-11 @ Toronto Blue Jays: 7 FS|2026-08-10 @ Toronto Blue Jays: 5 FS|2026-08-09 vs Athletics: 0 FS|2026-08-08 vs Athletics: 13 FS|2026-08-07 vs Athletics: 9 FS|2026-08-06 vs Chicago White Sox: 9 FS|2026-08-05 vs Chicago White Sox: 2 FS|2026-08-04 vs Chicago White Sox: 14 FS|2026-08-02 @ Los Angeles Dodgers: 2 FS|2026-08-01 @ Los Angeles Dodgers: 2 FS|2026-07-31 @ Los Angeles Dodgers: 11 FS|2026-07-29 @ Athletics: 8 FS|2026-05-30 @ Cleveland Guardians: 0 FS|2026-05-29 @ Cleveland Guardians: 0 FS|2026-05-28 vs Atlanta Braves: 0 FS,15,24,5.75,6.0,Last 24 games + shrinkage,6.43,5.86,0.25,Neutral,5.75,1.367,0.2,0.05,0.0,0.1833,0.0,5.45,5.34,5.45,5.47,5.35,28.0,16.0,20.0,16.0,20.0,6.0,21.59,63.5,36.5,Recent workload,No,39.6,29.0,30.0,38.9,1.15,30,-0.11,1.0,1.0,1.0,100.0,70,81.06,21.43,0.0,28.57,0.333,0.8306,1.0,1.0,1.0,1.0316,133,Statcast,1.0333,15,Statcast,70,81.06,12.0,21.83,32.96,10.0,68.6,21.4,1.0,0.9953,0.9829,0.9907,0.969,1.004,6.09,0.34,Unknown/neutral,Neutral fallback,1.0,1.0,1.0,1.0,1.0,1.0,Neutral fallback,1.072,3,27.0,0.8625,27.0,1.0,0.1311,0.0407,0.0058,0.0059,0.1785,0.005,0.1976,0.4545,0.2424,0.3031,0.0722,0.0396,0.0032,1.0,Yes,4.88,1.64,7.06,11.39,3.6,0.0,Raw,64.4,55.4,55.4,46.9,46.9,36.6,36.6,31.9,31.9,31.9,23.0,23.0,19.1,19.1,14.4,14.4,11.6,11.6,9.2,9.2,7.0,7.0,7.0,5.9,5.9,4.2,4.2,8.0,8.0,7.5,7.0,6.0,5.0,4.5,4.0,3.5,3.0,2.5,1.0,0.0,0.0,0.0,0.0,0.0,0.0,0.0,0.0,0.0,0.0,0.0,0.0,0.0,0.0,0.0,Pass,
195,2026-08-12,Jacob Gonzalez,PIT,MIA,PIT @ MIA,AWAY,SS,5.51,5.26,5.26,2.89,6.25,6.16,6.01,6.11,1.024,3.0,3.9,3.47,3|2|5|5|0,3|2|5|5|0|0|14|0|10|0,3|2|5|5|0|0|14|0|10|0|2|3|8|0|0,71.2,55.4,54.9,52.1,51.1,38.6,38.1,34.1,33.6,27.3,26.8,25.3,20.2,20.2,18.1,18.1,15.0,15.0,13.9,13.9,12.2,12.2,11.6,11.6,8.9,8.9,8.5,137.6,C,MORE 2.5 | 71.2% | Edge +2.8,MORE,2.5,71.2,2.76,42.4,Strong,8,Today Posted,8.0,8.0,4,8-8-8-8,100.0,100.0,3.8,Likely regular,9,1.0,Janson Junk,R,4.63,1.36,0.2514,0.0343,0.0657,3.93,1.24,0.2044,0.027,loanDepot park,0.96,1.0,,,,,Indoor/retractable neutral,156,143,0.238,0.29,0.385,0.675,81,0.691,34,6,0,5,16,26,8,3,1,2026-08-11 @ Miami Marlins: 3 FS|2026-08-09 vs New York Mets: 2 FS|2026-08-08 vs New York Mets: 5 FS|2026-08-07 vs New York Mets: 5 FS|2026-08-06 @ Milwaukee Brewers: 0 FS,2026-08-11 @ Miami Marlins: 3 FS|2026-08-09 vs New York Mets: 2 FS|2026-08-08 vs New York Mets: 5 FS|2026-08-07 vs New York Mets: 5 FS|2026-08-06 @ Milwaukee Brewers: 0 FS|2026-08-05 @ Milwaukee Brewers: 0 FS|2026-08-04 @ Milwaukee Brewers: 14 FS|2026-08-03 @ Milwaukee Brewers: 0 FS|2026-08-02 @ Cincinnati Reds: 10 FS|2026-07-31 @ Cincinnati Reds: 0 FS,2026-08-11 @ Miami Marlins: 3 FS|2026-08-09 vs New York Mets: 2 FS|2026-08-08 vs New York Mets: 5 FS|2026-08-07 vs New York Mets: 5 FS|2026-08-06 @ Milwaukee Brewers: 0 FS|2026-08-05 @ Milwaukee Brewers: 0 FS|2026-08-04 @ Milwaukee Brewers: 14 FS|2026-08-03 @ Milwaukee Brewers: 0 FS|2026-08-02 @ Cincinnati Reds: 10 FS|2026-07-31 @ Cincinnati Reds: 0 FS|2026-07-30 @ Cincinnati Reds: 2 FS|2026-07-28 vs Arizona Diamondbacks: 3 FS|2026-07-27 vs Arizona Diamondbacks: 8 FS|2026-07-26 vs Chicago Cubs: 0 FS|2026-07-25 vs Chicago Cubs: 0 FS,15,30,4.87,2.5,Last 30 games + shrinkage,4.14,3.71,0.216,Neutral,4.87,1.333,0.2051,0.0513,0.0256,0.0,0.0256,5.82,5.93,5.51,5.89,5.69,28.0,16.0,20.0,16.0,20.0,6.0,19.49,57.3,42.7,Recent workload,No,38.2,27.8,32.3,65.1,1.1112,89,-0.1,1.0,1.0,1.0,100.0,205,81.15,20.0,0.49,33.17,0.33,0.8292,1.0,1.0,1.0,1.0442,342,Statcast,0.9574,51,Statcast,205,81.15,12.0,24.32,29.68,12.7,63.4,23.9,1.0,0.9964,0.9866,0.9927,0.9757,0.9883,3.89,-0.98,Unknown/neutral,Neutral fallback,1.0,1.0,1.0,1.0,1.0,1.0,Neutral fallback,1.072,3,27.0,0.9965,27.0,0.995,0.1498,0.037,0.0014,0.0247,0.0451,0.0087,0.1945,0.4238,0.3044,0.2718,0.0601,0.1453,0.0081,1.0,Yes,6.11,0.0,6.99,14.16,3.98,0.0,Raw,63.2,47.4,47.4,45.1,45.1,33.6,33.6,30.1,30.1,24.3,24.3,24.3,20.2,20.2,18.1,18.1,15.0,15.0,13.9,13.9,12.2,12.2,11.6,11.6,8.9,8.9,8.5,8.0,8.0,7.5,7.0,6.0,5.0,4.5,4.0,3.5,3.0,2.5,1.0,0.0,0.0,0.0,0.0,0.0,0.0,0.0,0.0,0.0,0.0,0.0,0.0,0.0,0.0,0.0,Pass,
196,2026-08-12,Justin Crawford,PHI,STL,PHI @ STL,AWAY,CF,5.18,4.73,4.73,2.25,5.43,5.65,4.67,5.27,1.209,5.4,6.5,7.07,3|0|7|5|12,3|0|7|5|12|16|5|2|13|2,3|0|7|5|12|16|5|2|13|2|16|7|8|10|0,57.1,57.1,54.0,53.5,52.5,38.3,37.8,33.5,33.0,32.5,26.2,24.7,18.1,18.1,18.1,15.5,15.5,11.1,11.1,9.7,9.7,9.7,7.1,7.1,5.5,5.5,5.5,137.34,C,LESS 5.0 | 61.7% | Edge +0.3,LESS,5.0,61.7,0.27,23.4,Playable,9,Today Posted,9.0,9.0,7,9-7-9-7-9-9-9,71.4,100.0,3.73,Likely regular,10,1.0,Kyle Leahy,R,3.38,1.34,0.245,0.0241,0.0703,4.09,1.34,0.2246,0.0256,Busch Stadium,0.99,1.065,95.3,10.4,337.0,3.0,"hot, light wind",357,328,0.265,0.314,0.354,0.668,302,0.69,87,15,4,2,37,30,21,3,16,2026-08-12 @ St. Louis Cardinals: 3 FS|2026-08-11 @ St. Louis Cardinals: 0 FS|2026-08-10 @ St. Louis Cardinals: 7 FS|2026-08-09 vs Toronto Blue Jays: 5 FS|2026-08-08 vs Toronto Blue Jays: 12 FS,2026-08-12 @ St. Louis Cardinals: 3 FS|2026-08-11 @ St. Louis Cardinals: 0 FS|2026-08-10 @ St. Louis Cardinals: 7 FS|2026-08-09 vs Toronto Blue Jays: 5 FS|2026-08-08 vs Toronto Blue Jays: 12 FS|2026-08-07 vs Toronto Blue Jays: 16 FS|2026-08-06 vs Washington Nationals: 5 FS|2026-08-05 vs Washington Nationals: 2 FS|2026-08-04 vs Washington Nationals: 13 FS|2026-08-03 vs Washington Nationals: 2 FS,2026-08-12 @ St. Louis Cardinals: 3 FS|2026-08-11 @ St. Louis Cardinals: 0 FS|2026-08-10 @ St. Louis Cardinals: 7 FS|2026-08-09 vs Toronto Blue Jays: 5 FS|2026-08-08 vs Toronto Blue Jays: 12 FS|2026-08-07 vs Toronto Blue Jays: 16 FS|2026-08-06 vs Washington Nationals: 5 FS|2026-08-05 vs Washington Nationals: 2 FS|2026-08-04 vs Washington Nationals: 13 FS|2026-08-03 vs Washington Nationals: 2 FS|2026-08-02 @ Baltimore Orioles: 16 FS|2026-08-01 @ Baltimore Orioles: 7 FS|2026-07-31 @ Baltimore Orioles: 8 FS|2026-07-29 @ Miami Marlins: 10 FS|2026-07-28 @ Miami Marlins: 0 FS,15,30,5.8,5.0,Last 30 games + shrinkage,6.86,7.57,0.359,Hot,5.8,2.356,0.3111,0.0889,0.0,0.0889,0.0667,5.65,6.03,6.31,5.74,4.79,28.0,16.0,20.0,16.0,20.0,6.0,20.93,61.5,38.5,Recent workload,No,42.4,31.3,64.0,67.5,0.9973,86,1.22,1.0,1.0,1.0,75.0,228,80.95,20.61,0.44,32.02,0.354,0.8457,1.0,1.0,1.0,0.9831,371,Statcast,1.0418,16,Statcast,228,80.95,12.0,14.3,33.08,16.2,71.0,12.7,0.9878,0.9918,0.9581,0.9836,0.9338,1.0041,6.14,0.34,Unknown/neutral,Neutral fallback,1.0,1.0,1.0,1.0,1.0,1.0,Neutral fallback,1.072,3,27.0,1.3,27.0,0.9969,0.188,0.04,0.0109,0.0029,0.0526,0.0054,0.1931,0.5273,0.1818,0.291,0.0409,0.0846,0.028,1.0,Yes,5.27,0.0,7.08,11.92,3.59,0.0,Raw,49.1,49.1,46.5,46.5,46.5,33.3,33.3,29.5,29.5,29.5,23.7,23.7,18.1,18.1,18.1,15.5,15.5,11.1,11.1,9.7,9.7,9.7,7.1,7.1,5.5,5.5,5.5,8.0,8.0,7.5,7.0,6.0,5.0,4.5,4.0,3.5,3.0,2.5,1.0,0.0,0.0,0.0,0.0,0.0,0.0,0.0,0.0,0.0,0.0,0.0,0.0,0.0,0.0,0.0,Pass,
197,2026-08-12,Lawrence Butler,ATH,TB,TB @ ATH,HOME,RF,5.72,4.25,4.25,2.86,5.24,5.54,5.32,5.47,1.041,7.2,6.7,8.07,0|16|6|0|14,0|16|6|0|14|0|5|14|9|3,0|16|6|0|14|0|5|14|9|3|10|0|16|21|7,59.5,47.5,47.0,42.7,41.7,30.9,30.4,27.6,27.1,26.6,20.8,19.3,15.5,15.5,13.4,13.4,11.5,11.5,10.7,10.7,9.6,9.6,9.2,9.2,6.2,6.2,5.9,136.82,C,MORE 2.5 | 59.5% | Edge +1.8,MORE,2.5,59.5,1.75,19.0,Playable,5,Today Posted,5.0,5.0,7,5-5-6-7-7-6-1,28.6,100.0,4.61,Regular,13,1.04,Drew Rasmussen,R,2.71,0.91,0.1866,0.0243,0.0467,3.69,1.14,0.2078,0.0333,Sutter Health Park,1.0,1.03,83.2,4.8,236.0,0.0,warm,360,316,0.206,0.298,0.329,0.627,267,0.652,65,13,1,8,44,32,41,1,9,2026-08-12 vs Tampa Bay Rays: 0 FS|2026-08-11 vs Tampa Bay Rays: 16 FS|2026-08-10 vs Tampa Bay Rays: 6 FS|2026-08-09 @ Boston Red Sox: 0 FS|2026-08-08 @ Boston Red Sox: 14 FS,2026-08-12 vs Tampa Bay Rays: 0 FS|2026-08-11 vs Tampa Bay Rays: 16 FS|2026-08-10 vs Tampa Bay Rays: 6 FS|2026-08-09 @ Boston Red Sox: 0 FS|2026-08-08 @ Boston Red Sox: 14 FS|2026-08-07 @ Boston Red Sox: 0 FS|2026-08-06 @ Cincinnati Reds: 5 FS|2026-08-05 @ Cincinnati Reds: 14 FS|2026-08-04 @ Cincinnati Reds: 9 FS|2026-08-02 vs Detroit Tigers: 3 FS,2026-08-12 vs Tampa Bay Rays: 0 FS|2026-08-11 vs Tampa Bay Rays: 16 FS|2026-08-10 vs Tampa Bay Rays: 6 FS|2026-08-09 @ Boston Red Sox: 0 FS|2026-08-08 @ Boston Red Sox: 14 FS|2026-08-07 @ Boston Red Sox: 0 FS|2026-08-06 @ Cincinnati Reds: 5 FS|2026-08-05 @ Cincinnati Reds: 14 FS|2026-08-04 @ Cincinnati Reds: 9 FS|2026-08-02 vs Detroit Tigers: 3 FS|2026-08-01 vs Detroit Tigers: 10 FS|2026-07-31 vs Detroit Tigers: 0 FS|2026-07-30 vs Boston Red Sox: 16 FS|2026-07-29 vs Boston Red Sox: 21 FS|2026-07-28 vs Boston Red Sox: 7 FS,15,30,6.03,5.0,Last 30 games + shrinkage,5.86,8.14,0.24,Neutral,6.03,2.151,0.2264,0.1132,0.0566,0.0566,0.0566,6.51,6.82,7.44,6.85,5.65,28.0,16.0,20.0,16.0,20.0,6.0,19.52,57.4,42.6,Recent workload,No,46.6,35.1,61.1,68.2,1.0577,140,0.17,1.0,1.0,1.0,75.0,236,82.01,22.88,1.69,31.36,0.348,0.8711,1.0,1.0,1.0,0.9872,564,Statcast,1.0162,97,Statcast,236,82.01,12.0,16.01,32.22,10.6,67.8,21.6,1.0213,0.9954,1.0042,0.9908,0.9901,1.0082,6.72,0.68,Unknown/neutral,Neutral fallback,1.0,1.0,1.0,1.0,1.0,1.0,Neutral fallback,1.072,3,27.0,1.3,27.0,1.0,0.0881,0.0312,0.002,0.0207,0.0816,0.002,0.2506,0.5278,0.2592,0.2131,0.0527,0.1103,0.021,1.0,Yes,5.47,0.0,5.98,12.22,4.12,0.0,Raw,51.5,39.5,39.5,35.7,35.7,25.9,25.9,23.6,23.6,23.6,18.3,18.3,15.5,15.5,13.4,13.4,11.5,11.5,10.7,10.7,9.6,9.6,9.2,9.2,6.2,6.2,5.9,8.0,8.0,7.5,7.0,6.0,5.0,4.5,4.0,3.5,3.0,2.5,1.0,0.0,0.0,0.0,0.0,0.0,0.0,0.0,0.0,0.0,0.0,0.0,0.0,0.0,0.0,0.0,Pass,
198,2026-08-12,Drew Gilbert,SF,HOU,HOU @ SF,HOME,CF,5.75,4.73,4.73,2.98,4.63,5.19,5.16,5.18,1.006,7.0,6.0,5.2,0|9|16|10|0,0|9|16|10|0|4|0|14|5|2,0|9|16|10|0|4|0|14|5|2|8|0|7|3|0,67.5,55.0,54.5,48.5,47.5,35.8,35.3,31.2,30.7,30.2,23.5,22.0,17.1,17.1,14.5,14.5,11.9,11.9,10.5,10.5,8.9,8.9,7.9,7.9,5.9,5.9,5.3,136.63,C,MORE 2.5 | 67.5% | Edge +2.2,MORE,2.5,67.5,2.23,35.0,Good,6,Today Posted,6.0,6.0,5,6-6-6-6-6,100.0,100.0,4.15,Likely regular,9,1.0,Bryan King,L,3.78,1.38,0.2273,0.0318,0.0864,4.57,1.36,0.2057,0.0354,Oracle Park,0.94,1.0,67.0,8.0,243.0,0.0,neutral,284,248,0.238,0.323,0.363,0.686,38,0.137,59,10,3,5,32,25,26,6,1,2026-08-12 vs Houston Astros: 0 FS|2026-08-11 vs Houston Astros: 9 FS|2026-08-10 vs Houston Astros: 16 FS|2026-08-09 vs Detroit Tigers: 10 FS|2026-08-08 vs Detroit Tigers: 0 FS,2026-08-12 vs Houston Astros: 0 FS|2026-08-11 vs Houston Astros: 9 FS|2026-08-10 vs Houston Astros: 16 FS|2026-08-09 vs Detroit Tigers: 10 FS|2026-08-08 vs Detroit Tigers: 0 FS|2026-08-07 vs Detroit Tigers: 4 FS|2026-08-05 @ Texas Rangers: 0 FS|2026-08-04 @ Texas Rangers: 14 FS|2026-08-03 @ Texas Rangers: 5 FS|2026-08-02 @ San Diego Padres: 2 FS,2026-08-12 vs Houston Astros: 0 FS|2026-08-11 vs Houston Astros: 9 FS|2026-08-10 vs Houston Astros: 16 FS|2026-08-09 vs Detroit Tigers: 10 FS|2026-08-08 vs Detroit Tigers: 0 FS|2026-08-07 vs Detroit Tigers: 4 FS|2026-08-05 @ Texas Rangers: 0 FS|2026-08-04 @ Texas Rangers: 14 FS|2026-08-03 @ Texas Rangers: 5 FS|2026-08-02 @ San Diego Padres: 2 FS|2026-08-01 @ San Diego Padres: 8 FS|2026-07-31 @ San Diego Padres: 0 FS|2026-07-29 vs Milwaukee Brewers: 7 FS|2026-07-27 vs Milwaukee Brewers: 3 FS|2026-07-26 vs Los Angeles Angels: 0 FS,15,30,5.1,3.5,Last 30 games + shrinkage,5.57,5.57,0.273,Neutral,5.1,2.0,0.2308,0.0513,0.0256,0.1282,0.0256,6.42,6.75,7.14,6.91,5.89,28.0,16.0,20.0,16.0,20.0,6.0,8.0,25.0,75.0,Recent workload,Yes,42.0,31.1,18.3,61.0,1.1475,76,-1.03,1.0,1.0,1.0,75.0,172,80.96,22.67,2.33,33.14,0.36,0.872,1.0,1.0,1.0,1.0338,352,Statcast,1.0,11,Fallback,172,80.96,12.0,18.81,33.34,13.9,58.7,27.3,1.0027,0.9938,1.019,1.2147,0.8457,1.0071,5.69,0.59,Unknown/neutral,Neutral fallback,1.0,1.0,1.0,1.0,1.0,1.0,Neutral fallback,1.072,3,27.0,1.0209,27.0,1.0,0.1268,0.022,0.0102,0.0137,0.0962,0.0165,0.183,0.4239,0.25,0.3261,0.1093,0.0924,0.0096,1.0,Yes,5.18,0.0,7.0,12.04,3.94,0.0,Raw,59.5,47.0,47.0,41.5,41.5,30.8,30.8,27.2,27.2,27.2,21.0,21.0,17.1,17.1,14.5,14.5,11.9,11.9,10.5,10.5,8.9,8.9,7.9,7.9,5.9,5.9,5.3,8.0,8.0,7.5,7.0,6.0,5.0,4.5,4.0,3.5,3.0,2.5,1.0,0.0,0.0,0.0,0.0,0.0,0.0,0.0,0.0,0.0,0.0,0.0,0.0,0.0,0.0,0.0,Pass,
199,2026-08-12,Javier Báez,DET,CLE,CLE @ DET,HOME,SS,5.78,4.74,4.74,2.78,5.17,5.5,5.19,5.39,1.059,6.2,7.7,6.6,9|8|0|10|4,9|8|0|10|4|0|19|14|13|0,9|8|0|10|4|0|19|14|13|0|0|0|14|3|5,70.7,53.4,52.9,50.5,49.5,36.8,36.3,32.0,31.5,31.0,25.3,23.8,17.3,17.3,15.4,15.4,11.6,11.6,10.3,10.3,8.7,8.7,8.0,8.0,6.0,6.0,5.4,134.72,C,MORE 2.5 | 70.7% | Edge +2.2,MORE,2.5,70.7,2.24,41.4,Strong,8,Last 7 Confirmed,,8.0,5,8-8-8-8-8,100.0,95.5,3.95,Regular,12,1.04,Foster Griffin,L,3.31,1.11,0.2128,0.0385,0.0587,3.85,1.27,0.213,0.0304,Comerica Park,0.97,1.04,81.9,12.2,239.0,10.0,"warm, light wind",122,116,0.284,0.311,0.388,0.699,29,0.809,33,6,0,2,18,14,4,1,1,2026-08-11 vs Cleveland Guardians: 9 FS|2026-08-08 @ San Francisco Giants: 8 FS|2026-08-07 @ San Francisco Giants: 0 FS|2026-08-06 @ Seattle Mariners: 10 FS|2026-08-04 @ Seattle Mariners: 4 FS,2026-08-11 vs Cleveland Guardians: 9 FS|2026-08-08 @ San Francisco Giants: 8 FS|2026-08-07 @ San Francisco Giants: 0 FS|2026-08-06 @ Seattle Mariners: 10 FS|2026-08-04 @ Seattle Mariners: 4 FS|2026-08-01 @ Athletics: 0 FS|2026-07-31 @ Athletics: 19 FS|2026-07-29 vs Baltimore Orioles: 14 FS|2026-07-28 vs Baltimore Orioles: 13 FS|2026-04-28 @ Atlanta Braves: 0 FS,2026-08-11 vs Cleveland Guardians: 9 FS|2026-08-08 @ San Francisco Giants: 8 FS|2026-08-07 @ San Francisco Giants: 0 FS|2026-08-06 @ Seattle Mariners: 10 FS|2026-08-04 @ Seattle Mariners: 4 FS|2026-08-01 @ Athletics: 0 FS|2026-07-31 @ Athletics: 19 FS|2026-07-29 vs Baltimore Orioles: 14 FS|2026-07-28 vs Baltimore Orioles: 13 FS|2026-04-28 @ Atlanta Braves: 0 FS|2026-04-26 @ Cincinnati Reds: 0 FS|2026-04-25 @ Cincinnati Reds: 0 FS|2026-04-24 @ Cincinnati Reds: 14 FS|2026-04-23 vs Milwaukee Brewers: 3 FS|2026-04-22 vs Milwaukee Brewers: 5 FS,15,30,6.4,6.0,Last 30 games + shrinkage,7.14,6.71,0.294,Neutral,6.4,1.774,0.283,0.0377,0.0189,0.0377,0.0,5.68,5.78,5.82,5.69,5.64,28.0,16.0,20.0,16.0,20.0,6.0,24.7,72.6,27.4,Recent workload,No,30.5,21.6,14.6,30.4,1.0088,0,-1.46,1.0,1.0,1.0,75.0,48,81.61,22.92,0.0,16.67,0.252,0.82,1.0,1.0,1.0,0.8969,83,Statcast,1.0,0,Fallback,48,81.61,12.0,14.17,33.42,25.0,60.4,14.6,1.026,1.0035,1.0718,1.1648,0.9131,1.0032,6.66,0.26,Unknown/neutral,Neutral fallback,1.0,1.0,1.0,1.0,1.0,1.0,Neutral fallback,1.072,3,27.0,1.2229,27.0,1.0,0.176,0.0329,0.0026,0.0158,0.0445,0.0058,0.1942,0.5666,0.2667,0.1667,0.1084,0.115,0.0088,1.0,Projected,5.39,0.0,7.01,12.31,3.72,0.0,Raw,62.7,45.4,45.4,43.5,43.5,31.8,31.8,28.0,28.0,28.0,22.8,22.8,17.3,17.3,15.4,15.4,11.6,11.6,10.3,10.3,8.7,8.7,8.0,8.0,6.0,6.0,5.4,8.0,8.0,7.5,7.0,6.0,5.0,4.5,4.0,3.5,3.0,2.5,1.0,0.0,0.0,0.0,0.0,0.0,0.0,0.0,0.0,0.0,0.0,0.0,0.0,0.0,0.0,0.0,Pass,
200,2026-08-12,Kazuma Okamoto,TOR,BOS,BOS @ TOR,HOME,3B,5.72,4.39,4.39,2.25,7.16,6.75,5.59,6.4,1.208,4.2,3.9,5.93,7|0|0|7|7,7|0|0|7|7|0|8|3|0|7,7|0|0|7|7|0|8|3|0|7|19|16|10|0|5,46.6,46.6,42.6,42.1,41.1,30.4,29.9,26.6,26.1,25.6,20.7,19.2,15.3,15.3,13.5,13.5,13.5,11.9,11.9,11.2,11.2,11.2,10.2,10.2,9.9,9.9,9.9,134.68,C,LESS 5.0 | 69.6% | Edge +0.6,LESS,5.0,69.6,0.61,39.2,Playable,5,Today Posted,5.0,2.0,4,4-5-2-2,50.0,100.0,4.61,Regular,13,1.04,Ranger Suarez,L,3.32,1.17,0.2146,0.0142,0.0708,3.49,1.22,0.2161,0.0264,Rogers Centre,1.0,1.0,,,,,Indoor/retractable neutral,475,427,0.225,0.299,0.429,0.728,119,0.69,96,15,0,24,61,70,40,6,1,2026-08-09 @ Philadelphia Phillies: 7 FS|2026-08-08 @ Philadelphia Phillies: 0 FS|2026-08-07 @ Philadelphia Phillies: 0 FS|2026-08-06 @ Chicago Cubs: 7 FS|2026-08-05 @ Houston Astros: 7 FS,2026-08-09 @ Philadelphia Phillies: 7 FS|2026-08-08 @ Philadelphia Phillies: 0 FS|2026-08-07 @ Philadelphia Phillies: 0 FS|2026-08-06 @ Chicago Cubs: 7 FS|2026-08-05 @ Houston Astros: 7 FS|2026-08-04 @ Houston Astros: 0 FS|2026-08-03 @ Houston Astros: 8 FS|2026-08-02 vs St. Louis Cardinals: 3 FS|2026-08-01 vs St. Louis Cardinals: 0 FS|2026-07-31 vs St. Louis Cardinals: 7 FS,2026-08-09 @ Philadelphia Phillies: 7 FS|2026-08-08 @ Philadelphia Phillies: 0 FS|2026-08-07 @ Philadelphia Phillies: 0 FS|2026-08-06 @ Chicago Cubs: 7 FS|2026-08-05 @ Houston Astros: 7 FS|2026-08-04 @ Houston Astros: 0 FS|2026-08-03 @ Houston Astros: 8 FS|2026-08-02 vs St. Louis Cardinals: 3 FS|2026-08-01 vs St. Louis Cardinals: 0 FS|2026-07-31 vs St. Louis Cardinals: 7 FS|2026-07-29 @ Washington Nationals: 19 FS|2026-07-28 @ Washington Nationals: 16 FS|2026-07-27 @ Washington Nationals: 10 FS|2026-07-26 @ Boston Red Sox: 0 FS|2026-07-25 @ Boston Red Sox: 5 FS,15,30,6.53,4.5,Last 30 games + shrinkage,4.14,6.0,0.214,Neutral,6.53,1.448,0.2069,0.0517,0.0172,0.0345,0.0172,6.94,6.55,6.56,6.25,6.19,28.0,16.0,20.0,16.0,20.0,6.0,18.86,55.5,44.5,Recent workload,No,49.1,37.5,41.2,71.1,0.9927,138,2.03,1.0,1.0,1.0,100.0,271,81.96,20.3,1.85,25.46,0.348,0.8642,1.0,1.0,1.0,0.9446,572,Statcast,1.14,14,Statcast,271,81.96,12.0,26.69,32.86,23.6,66.8,9.6,1.0,0.9975,0.991,0.9951,0.9836,0.9849,5.27,-1.26,Unknown/neutral,Neutral fallback,1.0,1.0,1.0,1.0,1.0,1.0,Neutral fallback,1.072,3,27.0,0.8625,27.0,0.9933,0.1067,0.0239,0.0005,0.0222,0.0636,0.0106,0.286,0.44,0.36,0.2,0.0787,0.1248,0.004,1.0,Yes,6.4,0.0,5.88,14.33,4.18,0.0,Raw,38.6,38.6,35.1,35.1,35.1,25.4,25.4,22.6,22.6,22.6,18.2,18.2,15.3,15.3,13.5,13.5,13.5,11.9,11.9,11.2,11.2,11.2,10.2,10.2,9.9,9.9,9.9,8.0,8.0,7.5,7.0,6.0,5.0,4.5,4.0,3.5,3.0,2.5,1.0,0.0,0.0,0.0,0.0,0.0,0.0,0.0,0.0,0.0,0.0,0.0,0.0,0.0,0.0,0.0,Pass,
201,2026-08-12,Luis Robert Jr.,NYM,ATL,NYM @ ATL,AWAY,CF,5.18,4.54,4.54,3.08,4.72,5.24,5.52,5.24,0.949,8.4,5.2,5.27,3|0|23|3|13,3|0|23|3|13|0|0|3|0|7,3|0|23|3|13|0|0|3|0|7|0|3|4|6|14,63.6,63.6,50.8,50.3,44.5,33.0,32.5,29.2,28.7,22.4,21.9,17.4,16.4,13.9,13.9,12.2,12.2,11.1,11.1,9.9,9.9,9.3,9.3,7.1,6.9,6.9,5.2,134.64,C,MORE 3.0 | 63.6% | Edge +1.5,MORE,3.0,63.6,1.54,27.2,Good,5,Today Posted,5.0,5.0,4,4-5-5-3,50.0,100.0,4.35,Likely regular,11,1.0,Tyler Mahle,R,4.83,1.36,0.2295,0.0328,0.0913,3.61,1.24,0.2027,0.0302,Truist Park,1.01,1.055,90.4,8.6,279.0,5.0,hot,163,146,0.212,0.288,0.336,0.624,118,0.607,31,3,0,5,17,16,16,0,2,2026-08-11 @ Atlanta Braves: 3 FS|2026-08-10 @ Atlanta Braves: 0 FS|2026-08-09 @ Pittsburgh Pirates: 23 FS|2026-08-08 @ Pittsburgh Pirates: 3 FS|2026-08-06 @ Cleveland Guardians: 13 FS,2026-08-11 @ Atlanta Braves: 3 FS|2026-08-10 @ Atlanta Braves: 0 FS|2026-08-09 @ Pittsburgh Pirates: 23 FS|2026-08-08 @ Pittsburgh Pirates: 3 FS|2026-08-06 @ Cleveland Guardians: 13 FS|2026-08-05 @ Cleveland Guardians: 0 FS|2026-08-04 @ Cleveland Guardians: 0 FS|2026-08-02 vs Miami Marlins: 3 FS|2026-07-31 vs Miami Marlins: 0 FS|2026-07-30 vs Miami Marlins: 7 FS,2026-08-11 @ Atlanta Braves: 3 FS|2026-08-10 @ Atlanta Braves: 0 FS|2026-08-09 @ Pittsburgh Pirates: 23 FS|2026-08-08 @ Pittsburgh Pirates: 3 FS|2026-08-06 @ Cleveland Guardians: 13 FS|2026-08-05 @ Cleveland Guardians: 0 FS|2026-08-04 @ Cleveland Guardians: 0 FS|2026-08-02 vs Miami Marlins: 3 FS|2026-07-31 vs Miami Marlins: 0 FS|2026-07-30 vs Miami Marlins: 7 FS|2026-07-29 vs Atlanta Braves: 0 FS|2026-07-27 vs Atlanta Braves: 3 FS|2026-07-26 vs Los Angeles Dodgers: 4 FS|2026-07-25 vs Los Angeles Dodgers: 6 FS|2026-07-24 vs Los Angeles Dodgers: 14 FS,15,30,4.33,3.0,Last 30 games + shrinkage,6.0,4.64,0.208,Neutral,4.33,1.25,0.1923,0.0192,0.0192,0.0577,0.0,6.48,5.61,6.27,6.78,5.91,28.0,16.0,20.0,16.0,20.0,6.0,22.51,66.2,33.8,Recent workload,No,38.5,28.1,41.0,44.2,0.9458,23,-0.76,1.0,1.0,1.0,75.0,87,79.04,16.09,1.15,26.44,0.36,0.82,1.0,1.0,1.0,0.956,125,Statcast,0.8921,21,Statcast,87,79.04,12.0,16.64,35.0,20.7,69.0,10.3,1.0127,0.9877,0.9669,0.9753,0.9294,1.0105,5.21,0.88,Unknown/neutral,Neutral fallback,1.0,1.0,1.0,1.0,1.0,1.0,Neutral fallback,1.072,3,27.0,1.3,27.0,0.9096,0.1179,0.0146,0.0011,0.0202,0.0768,0.0029,0.2395,0.4857,0.3142,0.2001,0.0667,0.119,0.0045,1.0,Yes,5.24,0.23,6.88,11.62,4.14,0.0,Raw,55.6,55.6,43.3,43.3,38.5,28.0,28.0,25.2,25.2,19.4,19.4,16.4,16.4,13.9,13.9,12.2,12.2,11.1,11.1,9.9,9.9,9.3,9.3,7.1,6.9,6.9,5.2,8.0,8.0,7.5,7.0,6.0,5.0,4.5,4.0,3.5,3.0,2.5,1.0,0.0,0.0,0.0,0.0,0.0,0.0,0.0,0.0,0.0,0.0,0.0,0.0,0.0,0.0,0.0,Pass,
202,2026-08-12,Brendan Donovan,SEA,NYY,SEA @ NYY,AWAY,3B,5.2,4.81,4.81,2.56,6.24,6.15,5.5,5.96,1.118,2.2,3.9,4.33,3|3|2|3|0,3|3|2|3|0|3|18|2|5|0,3|3|2|3|0|3|18|2|5|0|0|5|0|10|11,66.1,53.5,53.0,47.9,46.9,34.8,34.3,30.8,30.3,29.8,23.1,21.6,17.1,17.1,14.8,14.8,12.7,12.7,12.7,11.6,11.6,10.3,10.3,9.9,9.9,7.6,7.6,134.49,C,MORE 2.5 | 66.1% | Edge +2.3,MORE,2.5,66.1,2.31,32.2,Good,7,Today Posted,7.0,7.0,5,7-7-7-7-7,100.0,100.0,4.11,Regular,12,1.04,Will Warren,R,4.18,1.37,0.2399,0.0302,0.0746,3.28,1.17,0.201,0.0265,Yankee Stadium,1.06,1.03,85.2,1.4,231.0,1.0,warm,118,100,0.26,0.364,0.41,0.774,86,0.907,26,4,1,3,9,8,11,6,1,2026-08-11 @ New York Yankees: 3 FS|2026-08-08 vs Tampa Bay Rays: 3 FS|2026-08-07 vs Tampa Bay Rays: 2 FS|2026-08-05 vs Detroit Tigers: 3 FS|2026-08-04 vs Detroit Tigers: 0 FS,2026-08-11 @ New York Yankees: 3 FS|2026-08-08 vs Tampa Bay Rays: 3 FS|2026-08-07 vs Tampa Bay Rays: 2 FS|2026-08-05 vs Detroit Tigers: 3 FS|2026-08-04 vs Detroit Tigers: 0 FS|2026-05-15 vs San Diego Padres: 3 FS|2026-05-14 @ Houston Astros: 18 FS|2026-05-13 @ Houston Astros: 2 FS|2026-05-12 @ Houston Astros: 5 FS|2026-05-11 @ Houston Astros: 0 FS,2026-08-11 @ New York Yankees: 3 FS|2026-08-08 vs Tampa Bay Rays: 3 FS|2026-08-07 vs Tampa Bay Rays: 2 FS|2026-08-05 vs Detroit Tigers: 3 FS|2026-08-04 vs Detroit Tigers: 0 FS|2026-05-15 vs San Diego Padres: 3 FS|2026-05-14 @ Houston Astros: 18 FS|2026-05-13 @ Houston Astros: 2 FS|2026-05-12 @ Houston Astros: 5 FS|2026-05-11 @ Houston Astros: 0 FS|2026-05-10 @ Chicago White Sox: 0 FS|2026-05-08 @ Chicago White Sox: 5 FS|2026-04-17 vs Texas Rangers: 0 FS|2026-04-16 @ San Diego Padres: 10 FS|2026-04-15 @ San Diego Padres: 11 FS,15,30,6.17,3.0,Last 30 games + shrinkage,4.57,3.86,0.224,Neutral,6.17,1.019,0.2075,0.0377,0.0,0.0566,0.0,5.98,5.86,5.32,5.71,6.02,28.0,16.0,20.0,16.0,20.0,6.0,19.3,56.8,43.2,Recent workload,No,20.9,14.5,33.6,20.3,1.0521,8,3.31,1.0,1.0,1.0,75.0,28,80.14,7.14,0.0,21.43,0.164,0.82,1.0,1.0,1.0,0.9288,42,Statcast,1.0,0,Fallback,28,80.14,11.37,19.93,32.01,17.9,64.3,17.9,1.0181,0.9722,0.9488,0.8069,1.0603,0.9767,4.23,-1.94,Unknown/neutral,Neutral fallback,1.0,1.0,1.0,1.0,1.0,1.0,Neutral fallback,1.072,3,27.0,1.0759,27.0,0.9976,0.1255,0.0273,0.0043,0.0217,0.0818,0.0241,0.1841,0.6155,0.2307,0.1538,0.0513,0.0771,0.0067,1.0,Yes,5.96,0.0,7.04,13.74,3.81,0.0,Raw,58.1,45.5,45.5,40.9,40.9,29.8,29.8,26.8,26.8,26.8,20.6,20.6,17.1,17.1,14.8,14.8,12.7,12.7,12.7,11.6,11.6,10.3,10.3,9.9,9.9,7.6,7.6,8.0,8.0,7.5,7.0,6.0,5.0,4.5,4.0,3.5,3.0,2.5,1.0,0.0,0.0,0.0,0.0,0.0,0.0,0.0,0.0,0.0,0.0,0.0,0.0,0.0,0.0,0.0,Pass,
203,2026-08-12,J.T. Realmuto,PHI,STL,PHI @ STL,AWAY,C,5.09,4.76,4.76,2.87,5.26,5.55,5.37,5.49,1.034,4.4,5.0,5.4,0|0|5|3|14,0|0|5|3|14|3|0|7|4|14,0|0|5|3|14|3|0|7|4|14|4|13|0|8|6,67.5,54.3,53.8,49.4,48.4,36.3,35.8,32.3,31.8,31.3,23.6,22.1,17.8,17.8,14.9,14.9,12.4,12.4,10.9,10.9,9.2,9.2,8.6,8.6,6.3,6.3,5.9,134.15,C,MORE 2.5 | 67.5% | Edge +2.3,MORE,2.5,67.5,2.26,35.0,Good,7,Today Posted,7.0,7.0,5,5-5-7-7-7,60.0,100.0,4.11,Regular,13,1.04,Kyle Leahy,R,3.38,1.34,0.245,0.0241,0.0703,4.09,1.34,0.2246,0.0256,Busch Stadium,0.99,1.065,95.3,10.4,337.0,3.0,"hot, light wind",335,299,0.221,0.296,0.348,0.644,254,0.655,66,14,0,8,36,38,24,9,3,2026-08-12 @ St. Louis Cardinals: 0 FS|2026-08-11 @ St. Louis Cardinals: 0 FS|2026-08-09 vs Toronto Blue Jays: 5 FS|2026-08-07 vs Toronto Blue Jays: 3 FS|2026-08-06 vs Washington Nationals: 14 FS,2026-08-12 @ St. Louis Cardinals: 0 FS|2026-08-11 @ St. Louis Cardinals: 0 FS|2026-08-09 vs Toronto Blue Jays: 5 FS|2026-08-07 vs Toronto Blue Jays: 3 FS|2026-08-06 vs Washington Nationals: 14 FS|2026-08-05 vs Washington Nationals: 3 FS|2026-08-04 vs Washington Nationals: 0 FS|2026-08-02 @ Baltimore Orioles: 7 FS|2026-08-01 @ Baltimore Orioles: 4 FS|2026-07-31 @ Baltimore Orioles: 14 FS,2026-08-12 @ St. Louis Cardinals: 0 FS|2026-08-11 @ St. Louis Cardinals: 0 FS|2026-08-09 vs Toronto Blue Jays: 5 FS|2026-08-07 vs Toronto Blue Jays: 3 FS|2026-08-06 vs Washington Nationals: 14 FS|2026-08-05 vs Washington Nationals: 3 FS|2026-08-04 vs Washington Nationals: 0 FS|2026-08-02 @ Baltimore Orioles: 7 FS|2026-08-01 @ Baltimore Orioles: 4 FS|2026-07-31 @ Baltimore Orioles: 14 FS|2026-07-29 @ Miami Marlins: 4 FS|2026-07-27 @ Miami Marlins: 13 FS|2026-07-26 vs New York Yankees: 0 FS|2026-07-25 vs New York Yankees: 8 FS|2026-07-24 vs New York Yankees: 6 FS,15,30,6.07,4.5,Last 30 games + shrinkage,3.57,5.36,0.204,Neutral,6.07,1.364,0.1818,0.0545,0.0182,0.0727,0.0,5.89,6.15,5.89,5.72,5.46,28.0,16.0,20.0,16.0,20.0,6.0,20.93,61.5,38.5,Recent workload,No,46.2,34.8,59.9,66.5,0.9675,116,1.22,1.0,1.0,1.0,75.0,218,84.03,23.85,0.92,32.11,0.385,0.9196,1.0,1.0,1.0,0.9657,449,Statcast,0.9886,58,Statcast,218,84.03,12.0,16.83,30.38,17.9,67.4,14.7,0.9866,1.0012,0.991,1.0024,0.9945,0.985,4.82,-1.25,Unknown/neutral,Neutral fallback,1.0,1.0,1.0,1.0,1.0,1.0,Neutral fallback,1.072,3,27.0,0.9222,27.0,0.9457,0.13,0.0405,0.0003,0.0168,0.0605,0.0208,0.2099,0.4495,0.2386,0.3119,0.0484,0.1075,0.0002,1.0,Yes,5.49,0.0,7.01,12.18,3.89,0.0,Raw,59.5,46.3,46.3,42.4,42.4,31.3,31.3,28.3,28.3,28.3,21.1,21.1,17.8,17.8,14.9,14.9,12.4,12.4,10.9,10.9,9.2,9.2,8.6,8.6,6.3,6.3,5.9,8.0,8.0,7.5,7.0,6.0,5.0,4.5,4.0,3.5,3.0,2.5,1.0,0.0,0.0,0.0,0.0,0.0,0.0,0.0,0.0,0.0,0.0,0.0,0.0,0.0,0.0,0.0,Pass,
204,2026-08-12,Matt McLain,CIN,CWS,CIN @ CWS,AWAY,2B,4.5,4.55,4.55,3.11,4.45,5.09,5.46,5.09,0.932,8.4,7.7,5.73,7|3|4|19|9,7|3|4|19|9|14|7|2|7|5,7|3|4|19|9|14|7|2|7|5|5|0|2|0|2,61.7,61.7,52.4,51.9,45.0,33.9,33.4,30.3,29.8,22.6,22.1,18.2,17.2,14.3,14.3,12.4,12.4,11.2,9.9,9.9,9.4,9.4,6.6,6.6,6.4,6.4,4.5,134.07,C,MORE 3.0 | 61.7% | Edge +1.5,MORE,3.0,61.7,1.55,23.4,Playable,9,Today Posted,9.0,9.0,7,8-8-6-9-9-9-9,57.1,100.0,3.8,Regular,12,1.04,Luis Castillo,R,5.3,1.41,0.2451,0.0369,0.0716,4.1,1.3,0.2093,0.0284,Rate Field,1.0,1.0,,,,,Weather unavailable,348,302,0.195,0.295,0.344,0.639,263,0.608,59,15,0,10,40,28,39,4,13,2026-08-11 @ Chicago White Sox: 7 FS|2026-08-09 @ Washington Nationals: 3 FS|2026-08-08 @ Washington Nationals: 4 FS|2026-08-07 @ Washington Nationals: 19 FS|2026-08-06 vs Athletics: 9 FS,2026-08-11 @ Chicago White Sox: 7 FS|2026-08-09 @ Washington Nationals: 3 FS|2026-08-08 @ Washington Nationals: 4 FS|2026-08-07 @ Washington Nationals: 19 FS|2026-08-06 vs Athletics: 9 FS|2026-08-05 vs Athletics: 14 FS|2026-08-04 vs Athletics: 7 FS|2026-08-02 vs Pittsburgh Pirates: 2 FS|2026-08-01 vs Pittsburgh Pirates: 7 FS|2026-07-31 vs Pittsburgh Pirates: 5 FS,2026-08-11 @ Chicago White Sox: 7 FS|2026-08-09 @ Washington Nationals: 3 FS|2026-08-08 @ Washington Nationals: 4 FS|2026-08-07 @ Washington Nationals: 19 FS|2026-08-06 vs Athletics: 9 FS|2026-08-05 vs Athletics: 14 FS|2026-08-04 vs Athletics: 7 FS|2026-08-02 vs Pittsburgh Pirates: 2 FS|2026-08-01 vs Pittsburgh Pirates: 7 FS|2026-07-31 vs Pittsburgh Pirates: 5 FS|2026-07-30 vs Pittsburgh Pirates: 5 FS|2026-07-07 vs Philadelphia Phillies: 0 FS|2026-07-04 vs Baltimore Orioles: 2 FS|2026-07-03 vs Baltimore Orioles: 0 FS|2026-07-02 @ Milwaukee Brewers: 2 FS,15,30,4.27,3.0,Last 30 games + shrinkage,9.0,6.0,0.195,Cold,4.27,1.787,0.1702,0.0851,0.0426,0.0851,0.0426,5.63,5.21,5.82,6.25,4.62,28.0,16.0,20.0,16.0,20.0,6.0,23.07,67.9,32.1,Recent workload,No,37.3,27.2,60.7,49.5,0.8962,85,-2.7,1.0,1.0,1.0,75.0,108,77.7,15.74,1.85,33.33,0.414,0.8491,1.0,1.0,1.0,0.9633,299,Statcast,1.0,11,Fallback,108,77.7,12.0,27.09,33.78,15.7,67.6,16.7,1.0,0.9859,0.9482,0.9717,0.9058,1.0215,6.06,1.79,Unknown/neutral,Neutral fallback,1.0,1.0,1.0,1.0,1.0,1.0,Neutral fallback,1.072,3,27.0,1.3,27.0,0.9427,0.0816,0.0415,0.0005,0.02,0.0887,0.013,0.2454,0.2889,0.4,0.311,0.0545,0.0616,0.0189,1.0,Yes,5.09,0.31,6.83,11.49,3.95,0.0,Raw,53.7,53.7,44.9,44.9,39.0,28.9,28.9,26.3,26.3,19.6,19.6,17.2,17.2,14.3,14.3,12.4,12.4,11.2,9.9,9.9,9.4,9.4,6.6,6.6,6.4,6.4,4.5,8.0,8.0,7.5,7.0,6.0,5.0,4.5,4.0,3.5,3.0,2.5,1.0,0.0,0.0,0.0,0.0,0.0,0.0,0.0,0.0,0.0,0.0,0.0,0.0,0.0,0.0,0.0,Pass,
205,2026-08-12,Jake Cronenworth,SD,MIL,MIL @ SD,HOME,2B,5.77,4.31,4.31,2.18,5.45,5.66,4.34,5.13,1.28,5.0,5.9,5.8,9|3|0|8|5,9|3|0|8|5|9|7|11|0|7,9|3|0|8|5|9|7|11|0|7|8|0|5|2|13,54.9,54.9,49.0,48.5,47.5,34.2,33.7,33.2,28.6,28.1,20.7,19.2,18.2,14.2,14.2,11.3,11.3,11.3,8.3,8.3,6.8,6.8,6.8,5.2,5.2,4.3,4.3,134.03,C,LESS 5.0 | 65.8% | Edge +0.7,LESS,5.0,65.8,0.69,31.6,Playable,2,Today Posted,2.0,2.0,7,9-2-2-2-2-9-8,57.1,100.0,4.94,Regular,14,1.04,Dustin May,R,4.3,1.27,0.2241,0.0166,0.0788,3.54,1.17,0.1976,0.0278,Petco Park,0.94,1.03,81.0,7.9,260.0,1.0,warm,261,230,0.217,0.305,0.287,0.592,204,0.596,50,7,0,3,28,18,24,5,7,2026-08-11 vs Milwaukee Brewers: 9 FS|2026-08-10 vs Milwaukee Brewers: 3 FS|2026-08-09 vs Houston Astros: 0 FS|2026-08-08 vs Houston Astros: 8 FS|2026-08-07 vs Houston Astros: 5 FS,2026-08-11 vs Milwaukee Brewers: 9 FS|2026-08-10 vs Milwaukee Brewers: 3 FS|2026-08-09 vs Houston Astros: 0 FS|2026-08-08 vs Houston Astros: 8 FS|2026-08-07 vs Houston Astros: 5 FS|2026-08-06 @ Arizona Diamondbacks: 9 FS|2026-08-05 @ Arizona Diamondbacks: 7 FS|2026-08-04 @ Arizona Diamondbacks: 11 FS|2026-08-03 @ Arizona Diamondbacks: 0 FS|2026-08-02 vs San Francisco Giants: 7 FS,2026-08-11 vs Milwaukee Brewers: 9 FS|2026-08-10 vs Milwaukee Brewers: 3 FS|2026-08-09 vs Houston Astros: 0 FS|2026-08-08 vs Houston Astros: 8 FS|2026-08-07 vs Houston Astros: 5 FS|2026-08-06 @ Arizona Diamondbacks: 9 FS|2026-08-05 @ Arizona Diamondbacks: 7 FS|2026-08-04 @ Arizona Diamondbacks: 11 FS|2026-08-03 @ Arizona Diamondbacks: 0 FS|2026-08-02 vs San Francisco Giants: 7 FS|2026-08-01 vs San Francisco Giants: 8 FS|2026-07-30 vs San Francisco Giants: 0 FS|2026-07-29 vs Colorado Rockies: 5 FS|2026-07-28 vs Colorado Rockies: 2 FS|2026-07-26 @ Miami Marlins: 13 FS,15,30,6.97,7.0,Last 30 games + shrinkage,5.86,5.29,0.218,Neutral,6.97,1.254,0.2034,0.0339,0.0,0.0339,0.0339,6.71,7.42,6.61,6.99,5.77,28.0,16.0,20.0,16.0,20.0,6.0,20.64,60.7,39.3,Recent workload,No,50.0,38.3,54.5,65.0,0.9741,132,1.61,1.0,1.0,1.0,75.0,204,81.19,21.57,0.98,28.92,0.318,0.8288,1.0,1.0,1.0,0.9784,452,Statcast,0.9784,35,Statcast,204,81.19,12.0,14.49,33.89,15.2,65.7,19.1,1.0086,0.9826,0.981,1.0245,0.8721,0.9906,6.18,-0.79,Unknown/neutral,Neutral fallback,1.0,1.0,1.0,1.0,1.0,1.0,Neutral fallback,1.072,3,27.0,1.3,27.0,0.9706,0.1343,0.0225,0.0004,0.0048,0.088,0.0123,0.2256,0.5208,0.2082,0.2709,0.0547,0.0802,0.026,1.0,Yes,5.13,0.0,7.3,11.14,4.32,0.0,Raw,46.9,46.9,41.5,41.5,41.5,29.2,29.2,29.2,25.1,25.1,18.2,18.2,18.2,14.2,14.2,11.3,11.3,11.3,8.3,8.3,6.8,6.8,6.8,5.2,5.2,4.3,4.3,8.0,8.0,7.5,7.0,6.0,5.0,4.5,4.0,3.5,3.0,2.5,1.0,0.0,0.0,0.0,0.0,0.0,0.0,0.0,0.0,0.0,0.0,0.0,0.0,0.0,0.0,0.0,Pass,
206,2026-08-12,Henry Bolte,ATH,TB,TB @ ATH,HOME,CF,5.42,4.43,4.43,2.29,5.96,5.98,4.92,5.63,1.215,8.4,6.5,7.93,7|3|8|10|14,7|3|8|10|14|0|5|0|16|2,7|3|8|10|14|0|5|0|16|2|30|5|0|2|17,50.8,50.8,50.3,47.0,46.0,33.9,33.4,28.4,27.9,27.4,21.8,20.3,14.6,14.6,14.6,12.5,12.5,9.8,9.8,9.8,8.8,8.8,7.7,7.7,7.1,7.1,7.1,132.32,C,LESS 5.0 | 66.1% | Edge +0.6,LESS,5.0,66.1,0.57,32.2,Playable,6,Today Posted,6.0,1.0,7,7-7-1-1-1-1-8,57.1,100.0,4.32,Regular,12,1.04,Drew Rasmussen,R,2.71,0.91,0.1866,0.0243,0.0467,3.69,1.14,0.2078,0.0333,Sutter Health Park,1.0,1.03,83.2,4.8,236.0,0.0,warm,283,249,0.261,0.338,0.357,0.695,171,0.663,65,9,0,5,27,22,20,10,14,2026-08-12 vs Tampa Bay Rays: 7 FS|2026-08-11 vs Tampa Bay Rays: 3 FS|2026-08-10 vs Tampa Bay Rays: 8 FS|2026-08-09 @ Boston Red Sox: 10 FS|2026-08-08 @ Boston Red Sox: 14 FS,2026-08-12 vs Tampa Bay Rays: 7 FS|2026-08-11 vs Tampa Bay Rays: 3 FS|2026-08-10 vs Tampa Bay Rays: 8 FS|2026-08-09 @ Boston Red Sox: 10 FS|2026-08-08 @ Boston Red Sox: 14 FS|2026-08-07 @ Boston Red Sox: 0 FS|2026-08-06 @ Cincinnati Reds: 5 FS|2026-08-05 @ Cincinnati Reds: 0 FS|2026-08-04 @ Cincinnati Reds: 16 FS|2026-08-02 vs Detroit Tigers: 2 FS,2026-08-12 vs Tampa Bay Rays: 7 FS|2026-08-11 vs Tampa Bay Rays: 3 FS|2026-08-10 vs Tampa Bay Rays: 8 FS|2026-08-09 @ Boston Red Sox: 10 FS|2026-08-08 @ Boston Red Sox: 14 FS|2026-08-07 @ Boston Red Sox: 0 FS|2026-08-06 @ Cincinnati Reds: 5 FS|2026-08-05 @ Cincinnati Reds: 0 FS|2026-08-04 @ Cincinnati Reds: 16 FS|2026-08-02 vs Detroit Tigers: 2 FS|2026-08-01 vs Detroit Tigers: 30 FS|2026-07-31 vs Detroit Tigers: 5 FS|2026-07-30 vs Boston Red Sox: 0 FS|2026-07-29 vs Boston Red Sox: 2 FS|2026-07-28 vs Boston Red Sox: 17 FS,15,30,5.27,2.0,Last 30 games + shrinkage,6.71,7.29,0.318,Hot,5.27,2.082,0.2857,0.0816,0.0408,0.0612,0.0408,6.65,6.41,7.13,6.78,5.56,28.0,16.0,20.0,16.0,20.0,6.0,19.52,57.4,42.6,Recent workload,No,45.7,34.2,50.1,65.7,1.15,118,0.17,1.0,1.0,1.0,75.0,211,84.18,28.44,0.95,32.23,0.394,0.9425,1.0,1.0,1.0,1.0023,535,Statcast,1.0218,69,Statcast,211,84.18,12.0,7.77,30.63,10.4,71.6,18.0,1.0146,0.9977,1.0062,0.9955,0.9993,1.016,6.6,1.33,Unknown/neutral,Neutral fallback,1.0,1.0,1.0,1.0,1.0,1.0,Neutral fallback,1.072,3,27.0,1.3,27.0,1.0,0.1506,0.0293,0.0005,0.0144,0.0501,0.0198,0.2691,0.6261,0.18,0.1939,0.0541,0.07,0.0242,1.0,Yes,5.63,0.0,5.94,10.8,4.03,0.0,Raw,42.8,42.8,42.8,40.0,40.0,28.9,28.9,24.4,24.4,24.4,19.3,19.3,14.6,14.6,14.6,12.5,12.5,9.8,9.8,9.8,8.8,8.8,7.7,7.7,7.1,7.1,7.1,8.0,8.0,7.5,7.0,6.0,5.0,4.5,4.0,3.5,3.0,2.5,1.0,0.0,0.0,0.0,0.0,0.0,0.0,0.0,0.0,0.0,0.0,0.0,0.0,0.0,0.0,0.0,Pass,
207,2026-08-12,Victor Caratini,MIN,BAL,BAL @ MIN,HOME,C,5.1,5.1,5.1,4.1,3.57,4.63,5.11,4.63,0.907,5.6,3.0,2.93,10|2|8|4|4,10|2|8|4|4|0|0|2|0|0,10|2|8|4|4|0|0|2|0|0|0|8|6|0|0,73.8,73.8,59.6,59.1,53.5,52.5,39.1,34.5,34.0,26.1,25.6,19.3,18.3,15.2,15.2,11.9,10.4,10.4,8.6,8.6,7.7,7.7,6.0,6.0,5.3,4.0,4.0,131.87,C,MORE 4.0 | 59.1% | Edge +1.1,MORE,4.0,59.1,1.1,18.2,Playable,7,Today Posted,7.0,8.0,5,8-7-8-8-6,60.0,100.0,3.95,Likely regular,11,1.0,Shane Baz,R,4.0,1.36,0.2391,0.0167,0.0786,4.25,1.35,0.2262,0.028,Target Field,0.98,1.03,84.4,5.4,60.0,1.0,warm,326,278,0.23,0.319,0.338,0.657,217,0.67,64,9,0,7,26,38,30,10,0,2026-08-12 vs Baltimore Orioles: 10 FS|2026-08-10 vs Baltimore Orioles: 2 FS|2026-08-09 @ Milwaukee Brewers: 8 FS|2026-08-07 @ Milwaukee Brewers: 4 FS|2026-08-06 @ Kansas City Royals: 4 FS,2026-08-12 vs Baltimore Orioles: 10 FS|2026-08-10 vs Baltimore Orioles: 2 FS|2026-08-09 @ Milwaukee Brewers: 8 FS|2026-08-07 @ Milwaukee Brewers: 4 FS|2026-08-06 @ Kansas City Royals: 4 FS|2026-08-05 @ Kansas City Royals: 0 FS|2026-08-02 @ Seattle Mariners: 0 FS|2026-08-01 @ Seattle Mariners: 2 FS|2026-07-31 @ Seattle Mariners: 0 FS|2026-07-30 vs Kansas City Royals: 0 FS,2026-08-12 vs Baltimore Orioles: 10 FS|2026-08-10 vs Baltimore Orioles: 2 FS|2026-08-09 @ Milwaukee Brewers: 8 FS|2026-08-07 @ Milwaukee Brewers: 4 FS|2026-08-06 @ Kansas City Royals: 4 FS|2026-08-05 @ Kansas City Royals: 0 FS|2026-08-02 @ Seattle Mariners: 0 FS|2026-08-01 @ Seattle Mariners: 2 FS|2026-07-31 @ Seattle Mariners: 0 FS|2026-07-30 vs Kansas City Royals: 0 FS|2026-07-29 vs Kansas City Royals: 0 FS|2026-07-28 vs Kansas City Royals: 8 FS|2026-07-25 vs Athletics: 6 FS|2026-07-24 vs Athletics: 0 FS|2026-07-22 @ Cleveland Guardians: 0 FS,15,30,4.07,3.0,Last 30 games + shrinkage,4.0,3.14,0.205,Neutral,4.07,1.0,0.1818,0.0,0.0,0.0909,0.0,6.1,5.77,5.98,6.4,5.95,28.0,16.0,20.0,16.0,20.0,6.0,23.45,69.0,31.0,Recent workload,No,42.6,31.6,56.1,59.1,1.0786,98,1.02,1.0,1.0,1.0,75.0,159,85.11,27.04,2.52,30.19,0.325,0.9098,1.0,1.0,1.0,1.0111,372,Statcast,1.14,31,Statcast,159,85.11,12.0,15.94,30.58,21.4,56.6,22.0,1.0017,1.0037,1.0155,1.0075,1.0267,0.9975,3.86,-0.21,Unknown/neutral,Neutral fallback,1.0,1.0,1.0,1.0,1.0,1.0,Neutral fallback,1.072,3,27.0,0.8625,27.0,0.9998,0.1708,0.0332,0.0005,0.0134,0.0883,0.0159,0.2054,0.4483,0.2873,0.2644,0.0299,0.1012,0.0006,1.0,Yes,4.63,2.29,6.82,11.35,3.9,0.0,Raw,65.8,65.8,52.1,52.1,47.5,47.5,34.6,30.5,30.5,23.1,23.1,18.3,18.3,15.2,15.2,11.9,10.4,10.4,8.6,8.6,7.7,7.7,6.0,6.0,5.3,4.0,4.0,8.0,8.0,7.5,7.0,6.0,5.0,4.5,4.0,3.5,3.0,2.5,1.0,0.0,0.0,0.0,0.0,0.0,0.0,0.0,0.0,0.0,0.0,0.0,0.0,0.0,0.0,0.0,Pass,
208,2026-08-12,Alec Bohm,PHI,STL,PHI @ STL,AWAY,3B,4.75,4.8,4.8,2.46,5.57,5.73,4.96,5.48,1.155,5.0,4.9,5.13,6|5|0|14|0,6|5|0|14|0|2|7|7|5|3,6|5|0|14|0|2|7|7|5|3|8|10|0|5|5,56.9,56.9,56.4,52.1,51.1,37.1,36.6,32.1,31.6,31.1,24.1,22.6,16.9,16.9,14.1,14.1,14.1,10.9,10.9,9.4,9.4,7.7,7.7,7.7,6.9,6.9,5.2,131.71,D,LESS 5.5 | 63.4% | Edge +0.7,LESS,5.5,63.4,0.7,26.8,Playable,8,Today Posted,8.0,5.0,5,8-8-5-5-5,60.0,100.0,3.88,Likely regular,11,1.0,Kyle Leahy,R,3.38,1.34,0.245,0.0241,0.0703,4.09,1.34,0.2246,0.0256,Busch Stadium,0.99,1.065,95.3,10.4,337.0,3.0,"hot, light wind",472,428,0.231,0.292,0.362,0.654,332,0.63,99,17,0,13,39,63,32,7,2,2026-08-12 @ St. Louis Cardinals: 6 FS|2026-08-11 @ St. Louis Cardinals: 5 FS|2026-08-10 @ St. Louis Cardinals: 0 FS|2026-08-09 vs Toronto Blue Jays: 14 FS|2026-08-08 vs Toronto Blue Jays: 0 FS,2026-08-12 @ St. Louis Cardinals: 6 FS|2026-08-11 @ St. Louis Cardinals: 5 FS|2026-08-10 @ St. Louis Cardinals: 0 FS|2026-08-09 vs Toronto Blue Jays: 14 FS|2026-08-08 vs Toronto Blue Jays: 0 FS|2026-08-07 vs Toronto Blue Jays: 2 FS|2026-08-06 vs Washington Nationals: 7 FS|2026-08-05 vs Washington Nationals: 7 FS|2026-08-04 vs Washington Nationals: 5 FS|2026-08-03 vs Washington Nationals: 3 FS,2026-08-12 @ St. Louis Cardinals: 6 FS|2026-08-11 @ St. Louis Cardinals: 5 FS|2026-08-10 @ St. Louis Cardinals: 0 FS|2026-08-09 vs Toronto Blue Jays: 14 FS|2026-08-08 vs Toronto Blue Jays: 0 FS|2026-08-07 vs Toronto Blue Jays: 2 FS|2026-08-06 vs Washington Nationals: 7 FS|2026-08-05 vs Washington Nationals: 7 FS|2026-08-04 vs Washington Nationals: 5 FS|2026-08-03 vs Washington Nationals: 3 FS|2026-08-02 @ Baltimore Orioles: 8 FS|2026-08-01 @ Baltimore Orioles: 10 FS|2026-07-31 @ Baltimore Orioles: 0 FS|2026-07-29 @ Miami Marlins: 5 FS|2026-07-28 @ Miami Marlins: 5 FS,15,30,6.03,5.0,Last 30 games + shrinkage,4.86,5.14,0.283,Neutral,6.03,1.385,0.25,0.0192,0.0,0.0962,0.0192,5.53,5.66,5.71,5.97,4.98,28.0,16.0,20.0,16.0,20.0,6.0,20.93,61.5,38.5,Recent workload,No,49.4,37.7,66.1,73.0,1.0499,126,1.22,1.0,1.0,1.0,75.0,298,84.76,24.83,1.01,33.22,0.342,0.9001,1.0,1.0,1.0,0.9687,490,Statcast,0.9829,49,Statcast,298,84.76,12.0,15.07,30.02,13.8,66.4,19.8,0.9874,1.0024,0.9962,1.0049,1.0034,0.9948,5.6,-0.43,Unknown/neutral,Neutral fallback,1.0,1.0,1.0,1.0,1.0,1.0,Neutral fallback,1.072,3,27.0,0.8625,27.0,0.9932,0.1776,0.0257,0.0001,0.0124,0.0705,0.0154,0.1652,0.5346,0.2515,0.2139,0.0208,0.1046,0.003,1.0,Yes,5.48,0.0,7.08,11.7,3.75,0.0,Raw,48.9,48.9,48.9,45.1,45.1,32.1,32.1,28.1,28.1,28.1,21.6,21.6,16.9,16.9,14.1,14.1,14.1,10.9,10.9,9.4,9.4,7.7,7.7,7.7,6.9,6.9,5.2,8.0,8.0,7.5,7.0,6.0,5.0,4.5,4.0,3.5,3.0,2.5,1.0,0.0,0.0,0.0,0.0,0.0,0.0,0.0,0.0,0.0,0.0,0.0,0.0,0.0,0.0,0.0,Pass,
209,2026-08-12,Austin Hedges,CLE,DET,CLE @ DET,AWAY,C,5.01,4.96,4.96,3.55,5.67,5.8,4.95,5.53,1.171,2.4,4.2,4.67,0|7|2|3|0,0|7|2|3|0|3|0|0|21|6,0|7|2|3|0|3|0|0|21|6|0|5|6|0|17,59.1,59.1,58.6,53.6,52.6,39.0,38.5,33.8,33.3,32.8,25.6,24.1,18.5,18.5,15.3,15.3,15.3,11.7,11.7,10.0,10.0,7.9,7.9,7.9,6.9,6.9,5.2,131.69,D,MORE 3.5 | 58.6% | Edge +1.5,MORE,3.5,58.6,1.46,17.2,Playable,8,Today Posted,8.0,8.0,3,8-8-8,100.0,100.0,3.8,Likely regular,10,1.0,Framber Valdez,L,4.17,1.37,0.2312,0.0215,0.0806,3.48,1.2,0.2058,0.0261,Comerica Park,0.97,1.04,81.9,12.2,239.0,10.0,"warm, light wind",178,156,0.269,0.333,0.391,0.724,88,0.684,42,7,0,4,19,18,15,1,1,2026-08-08 @ Chicago White Sox: 0 FS|2026-08-07 @ Chicago White Sox: 7 FS|2026-08-04 vs New York Mets: 2 FS|2026-08-01 vs Arizona Diamondbacks: 3 FS|2026-07-31 vs Arizona Diamondbacks: 0 FS,2026-08-08 @ Chicago White Sox: 0 FS|2026-08-07 @ Chicago White Sox: 7 FS|2026-08-04 vs New York Mets: 2 FS|2026-08-01 vs Arizona Diamondbacks: 3 FS|2026-07-31 vs Arizona Diamondbacks: 0 FS|2026-07-28 @ Cincinnati Reds: 3 FS|2026-07-26 @ Tampa Bay Rays: 0 FS|2026-07-25 @ Tampa Bay Rays: 0 FS|2026-07-24 @ Tampa Bay Rays: 21 FS|2026-07-21 vs Minnesota Twins: 6 FS,2026-08-08 @ Chicago White Sox: 0 FS|2026-08-07 @ Chicago White Sox: 7 FS|2026-08-04 vs New York Mets: 2 FS|2026-08-01 vs Arizona Diamondbacks: 3 FS|2026-07-31 vs Arizona Diamondbacks: 0 FS|2026-07-28 @ Cincinnati Reds: 3 FS|2026-07-26 @ Tampa Bay Rays: 0 FS|2026-07-25 @ Tampa Bay Rays: 0 FS|2026-07-24 @ Tampa Bay Rays: 21 FS|2026-07-21 vs Minnesota Twins: 6 FS|2026-07-18 vs Pittsburgh Pirates: 0 FS|2026-07-10 @ Miami Marlins: 5 FS|2026-07-08 @ Minnesota Twins: 6 FS|2026-07-05 vs Chicago White Sox: 0 FS|2026-07-04 vs Chicago White Sox: 17 FS,15,30,4.93,3.0,Last 30 games + shrinkage,2.14,3.79,0.229,Neutral,4.93,1.325,0.2,0.025,0.025,0.1,0.0,5.58,5.68,5.4,5.19,5.3,28.0,16.0,20.0,16.0,20.0,6.0,24.11,70.9,29.1,Recent workload,No,33.0,23.7,34.1,46.6,1.15,23,3.05,1.0,1.0,1.0,75.0,96,79.98,19.79,2.08,28.12,0.288,0.82,1.0,1.0,1.0,0.9632,206,Statcast,1.0,2,Fallback,96,79.98,12.0,21.04,35.0,25.0,62.5,12.5,1.0301,1.002,1.0702,1.1613,0.9074,0.99,4.1,-0.84,Unknown/neutral,Neutral fallback,1.0,1.0,1.0,1.0,1.0,1.0,Neutral fallback,1.072,3,27.0,0.9661,27.0,1.0,0.1637,0.0367,0.0018,0.0118,0.0856,0.0057,0.1791,0.46,0.34,0.2,0.057,0.0967,0.0043,1.0,Yes,5.53,0.0,7.07,11.75,3.99,0.0,Raw,51.1,51.1,51.1,46.6,46.6,34.0,34.0,29.8,29.8,29.8,23.1,23.1,18.5,18.5,15.3,15.3,15.3,11.7,11.7,10.0,10.0,7.9,7.9,7.9,6.9,6.9,5.2,8.0,8.0,7.5,7.0,6.0,5.0,4.5,4.0,3.5,3.0,2.5,1.0,0.0,0.0,0.0,0.0,0.0,0.0,0.0,0.0,0.0,0.0,0.0,0.0,0.0,0.0,0.0,Pass,
210,2026-08-12,Donovan Walton,ATH,TB,TB @ ATH,HOME,2B,4.88,5.4,5.4,4.18,3.69,4.69,5.39,4.69,0.87,5.0,3.2,3.07,0|3|6|7|9,0|3|6|7|9|0|0|4|0|3,0|3|6|7|9|0|0|4|0|3|0|5|0|0|9,74.3,74.3,61.1,60.6,55.6,54.6,41.2,36.8,36.3,29.0,28.5,22.4,21.4,18.5,14.4,14.4,12.6,12.6,10.5,10.5,9.5,6.9,6.9,6.2,6.2,4.8,3.8,130.89,D,MORE 4.0 | 60.6% | Edge +1.4,MORE,4.0,60.6,1.4,21.2,Playable,1,Today Posted,1.0,8.0,3,8-8-7,66.7,100.0,3.49,High rest/platoon risk,4,0.72,Drew Rasmussen,R,2.71,0.91,0.1866,0.0243,0.0467,3.69,1.14,0.2078,0.0333,Sutter Health Park,1.0,1.03,83.2,4.8,236.0,0.0,warm,148,129,0.279,0.363,0.442,0.805,87,0.868,36,10,1,3,23,16,15,2,1,2026-08-12 vs Tampa Bay Rays: 0 FS|2026-08-11 vs Tampa Bay Rays: 3 FS|2026-08-10 vs Tampa Bay Rays: 6 FS|2026-08-09 @ Boston Red Sox: 7 FS|2026-08-08 @ Boston Red Sox: 9 FS,2026-08-12 vs Tampa Bay Rays: 0 FS|2026-08-11 vs Tampa Bay Rays: 3 FS|2026-08-10 vs Tampa Bay Rays: 6 FS|2026-08-09 @ Boston Red Sox: 7 FS|2026-08-08 @ Boston Red Sox: 9 FS|2026-08-07 @ Boston Red Sox: 0 FS|2026-08-05 @ Cincinnati Reds: 0 FS|2026-08-04 @ Cincinnati Reds: 4 FS|2026-08-02 vs Detroit Tigers: 0 FS|2026-08-01 vs Detroit Tigers: 3 FS,2026-08-12 vs Tampa Bay Rays: 0 FS|2026-08-11 vs Tampa Bay Rays: 3 FS|2026-08-10 vs Tampa Bay Rays: 6 FS|2026-08-09 @ Boston Red Sox: 7 FS|2026-08-08 @ Boston Red Sox: 9 FS|2026-08-07 @ Boston Red Sox: 0 FS|2026-08-05 @ Cincinnati Reds: 0 FS|2026-08-04 @ Cincinnati Reds: 4 FS|2026-08-02 vs Detroit Tigers: 0 FS|2026-08-01 vs Detroit Tigers: 3 FS|2026-07-31 vs Detroit Tigers: 0 FS|2026-07-30 vs Boston Red Sox: 5 FS|2026-07-29 vs Boston Red Sox: 0 FS|2026-07-27 vs Boston Red Sox: 0 FS|2026-07-26 @ Minnesota Twins: 9 FS,15,30,3.7,3.0,Last 30 games + shrinkage,3.57,2.64,0.19,Cold,3.7,1.48,0.16,0.04,0.0,0.08,0.04,5.25,4.94,4.98,5.2,4.98,28.0,16.0,20.0,16.0,20.0,6.0,19.52,57.4,42.6,Recent workload,No,34.0,24.3,33.9,54.4,1.15,63,0.17,1.0,1.0,1.0,75.0,131,80.85,19.85,0.0,30.53,0.326,0.82,1.0,1.0,1.0,1.048,255,Statcast,1.0797,69,Statcast,131,80.85,12.0,15.85,35.0,12.2,63.4,24.4,1.0212,0.9922,0.992,0.9844,0.9681,0.9962,3.38,-0.32,Unknown/neutral,Neutral fallback,1.0,1.0,1.0,1.0,1.0,1.0,Neutral fallback,1.072,3,27.0,1.0099,27.0,1.0,0.1181,0.0496,0.0034,0.0134,0.0783,0.0092,0.1986,0.4219,0.2344,0.3437,0.1086,0.0921,0.0117,1.0,Yes,4.69,2.44,7.66,12.01,4.59,0.0,Raw,66.3,66.3,53.6,53.6,49.6,49.6,36.7,32.8,32.8,26.0,26.0,21.4,21.4,18.5,14.4,14.4,12.6,12.6,10.5,10.5,9.5,6.9,6.9,6.2,6.2,4.8,3.8,8.0,8.0,7.5,7.0,6.0,5.0,4.5,4.0,3.5,3.0,2.5,1.0,0.0,0.0,0.0,0.0,0.0,0.0,0.0,0.0,0.0,0.0,0.0,0.0,0.0,0.0,0.0,Pass,
211,2026-08-12,Austin Riley,ATL,NYM,NYM @ ATL,HOME,3B,5.18,4.49,4.49,2.43,6.13,6.08,5.22,5.81,1.165,5.2,7.8,6.6,0|7|0|3|16,0|7|0|3|16|2|12|19|7|12,0|7|0|3|16|2|12|19|7|12|5|7|0|0|9,51.5,51.5,51.0,45.8,44.8,32.9,32.4,28.7,28.2,27.7,21.6,20.1,16.4,16.4,14.0,14.0,14.0,11.6,11.6,10.4,10.4,9.1,9.1,9.1,8.5,8.5,6.2,130.41,D,LESS 5.0 | 67.1% | Edge +0.5,LESS,5.0,67.1,0.51,34.2,Playable,8,Today Posted,8.0,8.0,7,8-7-8-8-7-8-8,71.4,100.0,4.04,Regular,14,1.04,Zac Thornton,L,2.52,1.07,0.1961,0.0196,0.0784,4.12,1.31,0.2105,0.0279,Truist Park,1.01,1.055,90.4,8.6,279.0,5.0,hot,478,428,0.22,0.295,0.362,0.657,151,0.653,94,17,1,14,48,57,37,10,7,2026-08-11 vs New York Mets: 0 FS|2026-08-10 vs New York Mets: 7 FS|2026-08-09 @ New York Yankees: 0 FS|2026-08-08 @ New York Yankees: 3 FS|2026-08-07 @ New York Yankees: 16 FS,2026-08-11 vs New York Mets: 0 FS|2026-08-10 vs New York Mets: 7 FS|2026-08-09 @ New York Yankees: 0 FS|2026-08-08 @ New York Yankees: 3 FS|2026-08-07 @ New York Yankees: 16 FS|2026-08-06 vs Miami Marlins: 2 FS|2026-08-05 vs Miami Marlins: 12 FS|2026-08-04 vs Miami Marlins: 19 FS|2026-08-02 vs Washington Nationals: 7 FS|2026-08-01 vs Washington Nationals: 12 FS,2026-08-11 vs New York Mets: 0 FS|2026-08-10 vs New York Mets: 7 FS|2026-08-09 @ New York Yankees: 0 FS|2026-08-08 @ New York Yankees: 3 FS|2026-08-07 @ New York Yankees: 16 FS|2026-08-06 vs Miami Marlins: 2 FS|2026-08-05 vs Miami Marlins: 12 FS|2026-08-04 vs Miami Marlins: 19 FS|2026-08-02 vs Washington Nationals: 7 FS|2026-08-01 vs Washington Nationals: 12 FS|2026-07-31 vs Washington Nationals: 5 FS|2026-07-29 @ New York Mets: 7 FS|2026-07-29 @ New York Mets: 0 FS|2026-07-27 @ New York Mets: 0 FS|2026-07-26 @ Baltimore Orioles: 9 FS,15,30,7.07,6.5,Last 30 games + shrinkage,5.71,6.43,0.239,Neutral,7.07,1.765,0.2157,0.098,0.0392,0.0588,0.0196,5.64,6.08,5.98,5.83,5.26,28.0,16.0,20.0,16.0,20.0,6.0,22.35,65.7,34.3,Recent workload,No,48.3,36.7,47.0,68.6,1.15,126,-0.03,1.0,1.0,1.0,75.0,240,83.95,24.58,2.5,28.33,0.403,0.947,1.0,1.0,1.0,0.9789,658,Statcast,0.946,12,Statcast,240,83.95,12.0,22.29,32.85,16.7,69.6,13.8,1.0133,1.0033,1.0257,1.0067,1.0358,0.9905,6.27,-0.79,Unknown/neutral,Neutral fallback,1.0,1.0,1.0,1.0,1.0,1.0,Neutral fallback,1.072,3,27.0,1.0719,27.0,1.0,0.1241,0.0327,0.0032,0.0183,0.0823,0.0199,0.268,0.39,0.3101,0.3,0.046,0.1018,0.0077,1.0,Yes,5.81,0.0,5.92,12.91,3.6,0.0,Raw,43.5,43.5,43.5,38.8,38.8,27.9,27.9,24.7,24.7,24.7,19.1,19.1,16.4,16.4,14.0,14.0,14.0,11.6,11.6,10.4,10.4,9.1,9.1,9.1,8.5,8.5,6.2,8.0,8.0,7.5,7.0,6.0,5.0,4.5,4.0,3.5,3.0,2.5,1.0,0.0,0.0,0.0,0.0,0.0,0.0,0.0,0.0,0.0,0.0,0.0,0.0,0.0,0.0,0.0,Pass,
212,2026-08-12,Lane Thomas,ATL,NYM,NYM @ ATL,HOME,CF,5.08,5.15,5.15,2.12,7.2,6.78,5.53,6.43,1.225,2.6,2.6,3.6,2|0|0|9|2,2|0|0|9|2|2|3|5|0|3,2|0|0|9|2|2|3|5|0|3|10|16|0|0|2,57.8,57.8,52.0,51.5,50.5,38.6,38.1,34.2,33.7,33.2,25.5,24.0,19.8,19.8,16.3,16.3,16.3,13.8,13.8,12.3,12.3,12.3,10.7,10.7,10.0,10.0,10.0,129.86,D,LESS 5.5 | 61.9% | Edge +0.3,LESS,5.5,61.9,0.35,23.8,Playable,7,Today Posted,7.0,6.0,2,6-7,50.0,100.0,3.48,Usage risk,8,0.88,Zac Thornton,L,2.52,1.07,0.1961,0.0196,0.0784,4.12,1.31,0.2105,0.0279,Truist Park,1.01,1.055,90.4,8.6,279.0,5.0,hot,339,294,0.228,0.324,0.388,0.712,135,0.8,67,17,0,10,33,38,41,2,7,2026-08-11 vs New York Mets: 2 FS|2026-08-08 @ New York Yankees: 0 FS|2026-08-07 @ New York Yankees: 0 FS|2026-08-06 vs Miami Marlins: 9 FS|2026-08-05 vs Miami Marlins: 2 FS,2026-08-11 vs New York Mets: 2 FS|2026-08-08 @ New York Yankees: 0 FS|2026-08-07 @ New York Yankees: 0 FS|2026-08-06 vs Miami Marlins: 9 FS|2026-08-05 vs Miami Marlins: 2 FS|2026-08-04 vs Miami Marlins: 2 FS|2026-08-01 @ Colorado Rockies: 3 FS|2026-07-31 @ Colorado Rockies: 5 FS|2026-07-30 @ Minnesota Twins: 0 FS|2026-07-29 @ Minnesota Twins: 3 FS,2026-08-11 vs New York Mets: 2 FS|2026-08-08 @ New York Yankees: 0 FS|2026-08-07 @ New York Yankees: 0 FS|2026-08-06 vs Miami Marlins: 9 FS|2026-08-05 vs Miami Marlins: 2 FS|2026-08-04 vs Miami Marlins: 2 FS|2026-08-01 @ Colorado Rockies: 3 FS|2026-07-31 @ Colorado Rockies: 5 FS|2026-07-30 @ Minnesota Twins: 0 FS|2026-07-29 @ Minnesota Twins: 3 FS|2026-07-28 @ Minnesota Twins: 10 FS|2026-07-26 @ Detroit Tigers: 16 FS|2026-07-25 @ Detroit Tigers: 0 FS|2026-07-24 @ Detroit Tigers: 0 FS|2026-07-23 @ Detroit Tigers: 2 FS,15,30,7.3,5.0,Last 30 games + shrinkage,2.57,3.71,0.167,Cold,7.3,1.3,0.15,0.05,0.025,0.1,0.025,5.33,5.85,5.02,5.28,5.08,28.0,16.0,20.0,16.0,20.0,6.0,22.35,65.7,34.3,Recent workload,No,43.2,32.2,44.3,67.6,1.1391,164,-0.03,1.0,1.0,1.0,75.0,230,82.64,26.52,0.43,28.26,0.398,0.917,1.0,1.0,1.0,0.984,608,Statcast,1.14,23,Statcast,230,82.64,12.0,15.56,34.07,23.5,64.8,11.7,1.0122,0.9969,1.0006,0.9938,0.9912,0.9625,4.17,-3.13,Unknown/neutral,Neutral fallback,1.0,1.0,1.0,1.0,1.0,1.0,Neutral fallback,1.072,3,27.0,1.3,27.0,0.9912,0.1164,0.0477,0.0006,0.0223,0.1218,0.0023,0.2247,0.4902,0.2059,0.3039,0.0542,0.0998,0.0178,1.0,Yes,6.43,0.0,7.02,15.59,3.74,0.0,Raw,49.8,49.8,44.5,44.5,44.5,33.6,33.6,30.2,30.2,30.2,23.0,23.0,19.8,19.8,16.3,16.3,16.3,13.8,13.8,12.3,12.3,12.3,10.7,10.7,10.0,10.0,10.0,8.0,8.0,7.5,7.0,6.0,5.0,4.5,4.0,3.5,3.0,2.5,1.0,0.0,0.0,0.0,0.0,0.0,0.0,0.0,0.0,0.0,0.0,0.0,0.0,0.0,0.0,0.0,Pass,
213,2026-08-12,Nasim Nuñez,WSH,CHC,CHC @ WSH,HOME,2B,4.89,4.47,4.47,3.52,4.99,5.39,4.36,5.03,1.236,2.8,3.3,3.93,5|3|4|0|2,5|3|4|0|2|6|5|0|8|0,5|3|4|0|2|6|5|0|8|0|7|0|2|13|4,58.3,58.3,57.8,49.6,48.6,35.6,35.1,30.8,30.3,29.8,22.2,20.7,15.7,15.7,15.7,12.2,12.2,8.7,8.7,8.7,7.1,7.1,5.5,5.5,5.5,4.4,4.4,128.44,D,MORE 3.0 | 58.3% | Edge +1.5,MORE,3.0,58.3,1.47,16.6,Playable,9,Today Posted,9.0,7.0,7,8-7-7-7-8-7-8,57.1,100.0,3.88,Regular,14,1.04,David Peterson,L,5.35,1.5,0.2437,0.0231,0.0903,4.07,1.25,0.221,0.04,Nationals Park,1.0,1.03,88.8,5.3,165.0,1.0,warm,396,344,0.23,0.315,0.267,0.582,122,0.615,79,4,3,1,46,34,43,1,40,2026-08-11 vs Chicago Cubs: 5 FS|2026-08-09 vs Cincinnati Reds: 3 FS|2026-08-08 vs Cincinnati Reds: 4 FS|2026-08-07 vs Cincinnati Reds: 0 FS|2026-08-06 @ Philadelphia Phillies: 2 FS,2026-08-11 vs Chicago Cubs: 5 FS|2026-08-09 vs Cincinnati Reds: 3 FS|2026-08-08 vs Cincinnati Reds: 4 FS|2026-08-07 vs Cincinnati Reds: 0 FS|2026-08-06 @ Philadelphia Phillies: 2 FS|2026-08-05 @ Philadelphia Phillies: 6 FS|2026-08-04 @ Philadelphia Phillies: 5 FS|2026-08-03 @ Philadelphia Phillies: 0 FS|2026-08-02 @ Atlanta Braves: 8 FS|2026-08-01 @ Atlanta Braves: 0 FS,2026-08-11 vs Chicago Cubs: 5 FS|2026-08-09 vs Cincinnati Reds: 3 FS|2026-08-08 vs Cincinnati Reds: 4 FS|2026-08-07 vs Cincinnati Reds: 0 FS|2026-08-06 @ Philadelphia Phillies: 2 FS|2026-08-05 @ Philadelphia Phillies: 6 FS|2026-08-04 @ Philadelphia Phillies: 5 FS|2026-08-03 @ Philadelphia Phillies: 0 FS|2026-08-02 @ Atlanta Braves: 8 FS|2026-08-01 @ Atlanta Braves: 0 FS|2026-07-30 @ Atlanta Braves: 7 FS|2026-07-29 vs Toronto Blue Jays: 0 FS|2026-07-28 vs Toronto Blue Jays: 2 FS|2026-07-27 vs Toronto Blue Jays: 13 FS|2026-07-26 vs Arizona Diamondbacks: 4 FS,15,30,5.53,4.0,Last 30 games + shrinkage,3.57,3.93,0.125,Cold,5.53,1.0,0.1091,0.0,0.0,0.1091,0.0545,5.82,5.67,5.26,5.46,5.3,28.0,16.0,20.0,16.0,20.0,6.0,22.26,65.5,34.5,Recent workload,No,47.2,35.7,41.8,68.3,0.9841,141,0.16,1.0,1.0,1.0,75.0,237,79.23,13.5,0.42,28.69,0.277,0.82,1.0,1.0,1.0,0.9573,571,Statcast,1.0,2,Fallback,237,79.23,12.0,15.17,33.46,14.8,71.3,13.9,1.0321,0.9875,0.985,0.9751,0.9465,0.983,4.12,-1.41,Unknown/neutral,Neutral fallback,1.0,1.0,1.0,1.0,1.0,1.0,Neutral fallback,1.072,3,27.0,1.3,27.0,0.999,0.1546,0.0121,0.0017,0.0042,0.1233,0.0053,0.2014,0.5487,0.18,0.2713,0.0474,0.0674,0.039,1.0,Yes,5.03,0.0,7.23,10.94,3.88,0.0,Raw,50.3,50.3,50.3,42.6,42.6,30.6,30.6,26.8,26.8,26.8,19.7,19.7,15.7,15.7,15.7,12.2,12.2,8.7,8.7,8.7,7.1,7.1,5.5,5.5,5.5,4.4,4.4,8.0,8.0,7.5,7.0,6.0,5.0,4.5,4.0,3.5,3.0,2.5,1.0,0.0,0.0,0.0,0.0,0.0,0.0,0.0,0.0,0.0,0.0,0.0,0.0,0.0,0.0,0.0,Pass,
214,2026-08-12,Brandon Lockridge,MIL,SD,MIL @ SD,AWAY,LF,5.05,4.88,4.88,3.96,4.44,5.08,5.0,5.05,1.016,2.0,4.9,5.2,3|0|0|7|0,3|0|0|7|0|12|0|10|10|7,3|0|0|7|0|12|0|10|10|7|4|14|0|5|6,70.4,58.5,58.0,51.7,50.7,38.3,37.8,33.2,32.7,32.2,24.6,23.1,18.3,18.3,14.9,14.9,11.5,11.5,9.9,9.9,7.9,7.9,6.9,6.9,5.3,5.3,4.8,127.96,D,MORE 3.5 | 58.0% | Edge +1.4,MORE,3.5,58.0,1.38,16.0,Playable,7,Today Posted,7.0,8.0,1,8,100.0,100.0,3.48,Usage risk,8,0.88,Robbie Ray,L,3.24,1.33,0.2011,0.0298,0.1155,4.12,1.31,0.218,0.0296,Petco Park,0.94,1.03,81.0,7.9,260.0,1.0,warm,102,91,0.286,0.356,0.33,0.686,40,0.603,26,4,0,0,10,12,10,0,6,2026-08-11 @ San Diego Padres: 3 FS|2026-08-10 @ San Diego Padres: 0 FS|2026-08-09 vs Minnesota Twins: 0 FS|2026-08-08 vs Minnesota Twins: 7 FS|2026-08-01 @ Los Angeles Angels: 0 FS,2026-08-11 @ San Diego Padres: 3 FS|2026-08-10 @ San Diego Padres: 0 FS|2026-08-09 vs Minnesota Twins: 0 FS|2026-08-08 vs Minnesota Twins: 7 FS|2026-08-01 @ Los Angeles Angels: 0 FS|2026-05-08 vs New York Yankees: 12 FS|2026-05-06 @ St. Louis Cardinals: 0 FS|2026-05-03 @ Washington Nationals: 10 FS|2026-05-02 @ Washington Nationals: 10 FS|2026-04-29 vs Arizona Diamondbacks: 7 FS,2026-08-11 @ San Diego Padres: 3 FS|2026-08-10 @ San Diego Padres: 0 FS|2026-08-09 vs Minnesota Twins: 0 FS|2026-08-08 vs Minnesota Twins: 7 FS|2026-08-01 @ Los Angeles Angels: 0 FS|2026-05-08 vs New York Yankees: 12 FS|2026-05-06 @ St. Louis Cardinals: 0 FS|2026-05-03 @ Washington Nationals: 10 FS|2026-05-02 @ Washington Nationals: 10 FS|2026-04-29 vs Arizona Diamondbacks: 7 FS|2026-04-28 vs Arizona Diamondbacks: 4 FS|2026-04-26 vs Pittsburgh Pirates: 14 FS|2026-04-24 vs Pittsburgh Pirates: 0 FS|2026-04-23 @ Detroit Tigers: 5 FS|2026-04-22 @ Detroit Tigers: 6 FS,15,30,5.13,4.5,Last 30 games + shrinkage,3.14,5.14,0.312,Hot,5.13,2.0,0.2778,0.0278,0.0,0.1111,0.0556,5.34,5.27,5.52,5.37,4.92,28.0,16.0,20.0,16.0,20.0,6.0,24.69,72.6,27.4,Recent workload,No,12.0,8.3,19.0,6.0,0.9884,0,1.93,1.0,1.0,1.0,75.0,7,79.81,28.57,0.0,42.86,0.249,0.82,1.0,1.0,1.0,0.9025,9,Statcast,1.0,0,Fallback,0,88.0,7.5,12.0,24.0,40.0,35.0,25.0,1.0077,0.9998,1.0441,1.0605,0.9773,0.9922,4.48,-0.65,Unknown/neutral,Neutral fallback,1.0,1.0,1.0,1.0,1.0,1.0,Neutral fallback,1.072,3,27.0,1.3,27.0,0.9914,0.1404,0.0279,0.0023,0.0097,0.1133,0.0081,0.2426,0.65,0.18,0.17,0.0837,0.0978,0.0346,1.0,Yes,5.05,0.0,7.01,11.07,3.94,0.0,Raw,62.4,50.5,50.5,44.7,44.7,33.3,33.3,29.2,29.2,29.2,22.1,22.1,18.3,18.3,14.9,14.9,11.5,11.5,9.9,9.9,7.9,7.9,6.9,6.9,5.3,5.3,4.8,8.0,8.0,7.5,7.0,6.0,5.0,4.5,4.0,3.5,3.0,2.5,1.0,0.0,0.0,0.0,0.0,0.0,0.0,0.0,0.0,0.0,0.0,0.0,0.0,0.0,0.0,0.0,Pass,
215,2026-08-12,Hunter Feduccia,LAD,KC,KC @ LAD,HOME,C,4.4,5.39,5.39,4.26,3.61,4.65,5.73,4.65,0.811,3.4,2.7,3.07,0|7|0|5|5,0|7|0|5|5|0|0|3|7|0,0|7|0|5|5|0|0|3|7|0|5|7|0|7|0,79.7,70.6,60.0,59.5,53.4,52.4,40.9,37.7,37.2,29.2,28.7,24.0,18.8,18.8,15.7,13.8,13.8,11.4,11.4,10.4,7.7,7.7,7.1,5.5,5.5,4.6,4.6,127.3,D,MORE 4.0 | 59.5% | Edge +1.4,MORE,4.0,59.5,1.39,19.0,Playable,9,Last 7 Confirmed,,9.0,4,9-9-9-9,100.0,92.0,3.21,Usage risk,8,0.88,Daniel Lynch IV,L,2.45,1.01,0.1762,0.0104,0.0725,4.84,1.43,0.2306,0.0332,UNIQLO Field at Dodger Stadium,1.0,1.0,,,,,Weather unavailable,173,153,0.235,0.306,0.34,0.646,4,0.75,36,8,1,2,17,12,15,1,0,2026-08-11 vs Kansas City Royals: 0 FS|2026-08-10 vs Kansas City Royals: 7 FS|2026-08-09 @ Arizona Diamondbacks: 0 FS|2026-08-08 @ Arizona Diamondbacks: 5 FS|2026-08-07 @ Arizona Diamondbacks: 5 FS,2026-08-11 vs Kansas City Royals: 0 FS|2026-08-10 vs Kansas City Royals: 7 FS|2026-08-09 @ Arizona Diamondbacks: 0 FS|2026-08-08 @ Arizona Diamondbacks: 5 FS|2026-08-07 @ Arizona Diamondbacks: 5 FS|2026-08-05 @ Chicago Cubs: 0 FS|2026-08-04 @ Chicago Cubs: 0 FS|2026-07-31 vs Chicago White Sox: 3 FS|2026-07-30 vs Texas Rangers: 7 FS|2026-07-28 vs Texas Rangers: 0 FS,2026-08-11 vs Kansas City Royals: 0 FS|2026-08-10 vs Kansas City Royals: 7 FS|2026-08-09 @ Arizona Diamondbacks: 0 FS|2026-08-08 @ Arizona Diamondbacks: 5 FS|2026-08-07 @ Arizona Diamondbacks: 5 FS|2026-08-05 @ Chicago Cubs: 0 FS|2026-08-04 @ Chicago Cubs: 0 FS|2026-07-31 vs Chicago White Sox: 3 FS|2026-07-30 vs Texas Rangers: 7 FS|2026-07-28 vs Texas Rangers: 0 FS|2026-07-25 vs Cleveland Guardians: 5 FS|2026-07-23 @ Toronto Blue Jays: 7 FS|2026-07-22 @ Toronto Blue Jays: 0 FS|2026-07-19 @ Boston Red Sox: 7 FS|2026-07-17 @ Boston Red Sox: 0 FS,15,30,3.9,3.0,Last 30 games + shrinkage,2.43,3.29,0.267,Neutral,3.9,1.394,0.2424,0.1212,0.0,0.0606,0.0,4.6,4.6,4.83,4.92,4.99,28.0,16.0,20.0,16.0,20.0,6.0,8.0,25.0,75.0,Recent workload,Yes,34.3,24.7,2.3,52.0,1.0272,63,0.08,1.0,1.0,1.0,75.0,119,83.53,28.57,1.68,27.73,0.362,0.9171,1.0,1.0,1.0,0.9713,260,Statcast,1.0,4,Fallback,119,83.53,12.0,17.31,30.47,10.1,68.1,21.9,1.0,1.0001,1.0002,1.0001,1.0004,0.9922,3.25,-0.65,Unknown/neutral,Neutral fallback,1.0,1.0,1.0,1.0,1.0,1.0,Neutral fallback,1.072,3,27.0,0.8625,27.0,0.9942,0.1214,0.0526,0.0048,0.0165,0.0839,0.0077,0.2312,0.4193,0.2903,0.2903,0.0957,0.0685,0.0054,1.0,Projected,4.65,1.02,7.51,12.38,3.61,0.0,Raw,71.7,62.6,52.5,52.5,47.4,47.4,36.4,33.7,33.7,26.2,26.2,23.0,18.8,18.8,15.7,13.8,13.8,11.4,11.4,10.4,7.7,7.7,7.1,5.5,5.5,4.6,4.6,8.0,8.0,7.5,7.0,6.0,5.0,4.5,4.0,3.5,3.0,2.5,1.0,0.0,0.0,0.0,0.0,0.0,0.0,0.0,0.0,0.0,0.0,0.0,0.0,0.0,0.0,0.0,Pass,
216,2026-08-12,Austin Wells,NYY,SEA,SEA @ NYY,HOME,C,4.16,5.11,5.11,3.16,5.89,5.93,6.41,5.93,0.926,6.0,5.8,5.67,3|3|12|9|3,3|3|12|9|3|0|19|2|2|5,3|3|12|9|3|0|19|2|2|5|0|0|0|18|9,62.3,62.3,50.6,50.1,44.4,43.4,33.6,30.9,30.4,25.8,25.3,21.3,20.3,18.6,18.6,17.2,17.2,16.4,15.8,15.8,15.5,15.5,10.8,10.8,10.7,10.7,7.4,126.29,D,MORE 3.0 | 62.3% | Edge +2.1,MORE,3.0,62.3,2.11,24.6,Good,8,Today Posted,8.0,9.0,7,9-9-9-9-9-9-9,100.0,100.0,3.34,Usage risk,8,0.88,Bryce Miller,R,3.08,0.95,0.1961,0.0425,0.049,3.79,1.2,0.2214,0.0293,Yankee Stadium,1.06,1.03,85.2,1.4,231.0,1.0,warm,271,237,0.177,0.274,0.3,0.574,193,0.644,42,5,0,8,24,17,30,2,2,2026-08-11 vs Seattle Mariners: 3 FS|2026-08-09 vs Atlanta Braves: 3 FS|2026-08-08 vs Atlanta Braves: 12 FS|2026-08-07 vs Atlanta Braves: 9 FS|2026-08-05 vs St. Louis Cardinals: 3 FS,2026-08-11 vs Seattle Mariners: 3 FS|2026-08-09 vs Atlanta Braves: 3 FS|2026-08-08 vs Atlanta Braves: 12 FS|2026-08-07 vs Atlanta Braves: 9 FS|2026-08-05 vs St. Louis Cardinals: 3 FS|2026-08-04 vs St. Louis Cardinals: 0 FS|2026-08-03 vs St. Louis Cardinals: 19 FS|2026-08-02 @ Chicago Cubs: 2 FS|2026-07-31 @ Chicago Cubs: 2 FS|2026-07-30 @ Chicago White Sox: 5 FS,2026-08-11 vs Seattle Mariners: 3 FS|2026-08-09 vs Atlanta Braves: 3 FS|2026-08-08 vs Atlanta Braves: 12 FS|2026-08-07 vs Atlanta Braves: 9 FS|2026-08-05 vs St. Louis Cardinals: 3 FS|2026-08-04 vs St. Louis Cardinals: 0 FS|2026-08-03 vs St. Louis Cardinals: 19 FS|2026-08-02 @ Chicago Cubs: 2 FS|2026-07-31 @ Chicago Cubs: 2 FS|2026-07-30 @ Chicago White Sox: 5 FS|2026-07-29 @ Chicago White Sox: 0 FS|2026-07-28 @ Chicago White Sox: 0 FS|2026-07-26 @ Philadelphia Phillies: 0 FS|2026-07-25 @ Philadelphia Phillies: 18 FS|2026-07-22 vs Pittsburgh Pirates: 9 FS,15,30,4.73,3.0,Last 30 games + shrinkage,7.0,5.43,0.265,Neutral,4.73,2.0,0.2368,0.1316,0.0526,0.0789,0.0263,4.46,5.11,5.35,5.37,4.34,28.0,16.0,20.0,16.0,20.0,6.0,23.12,68.0,32.0,Recent workload,No,38.3,27.9,53.2,52.6,0.86,64,4.67,1.0,1.0,1.0,75.0,122,83.71,28.69,2.46,29.51,0.362,0.9258,1.0,1.0,1.0,0.9482,276,Statcast,1.1299,40,Statcast,122,83.71,12.0,19.23,33.92,9.8,61.5,28.7,1.0181,0.9813,0.9823,0.8223,1.1302,1.008,5.4,0.66,Unknown/neutral,Neutral fallback,1.0,1.0,1.0,1.0,1.0,1.0,Neutral fallback,1.072,3,27.0,0.8919,27.0,0.9981,0.096,0.0201,0.0004,0.0422,0.0786,0.0106,0.2573,0.3793,0.3793,0.2415,0.0389,0.0663,0.0085,1.0,Yes,5.93,0.38,6.86,15.19,3.84,0.0,Raw,54.3,54.3,43.1,43.1,38.4,38.4,29.1,26.9,26.9,22.8,22.8,20.3,20.3,18.6,18.6,17.2,17.2,16.4,15.8,15.8,15.5,15.5,10.8,10.8,10.7,10.7,7.4,8.0,8.0,7.5,7.0,6.0,5.0,4.5,4.0,3.5,3.0,2.5,1.0,0.0,0.0,0.0,0.0,0.0,0.0,0.0,0.0,0.0,0.0,0.0,0.0,0.0,0.0,0.0,Pass,
217,2026-08-12,Ryan Kreidler,MIN,BAL,BAL @ MIN,HOME,SS,5.28,5.05,5.05,3.42,3.13,4.43,5.58,4.43,0.795,2.8,2.6,4.67,0|5|0|3|6,0|5|0|3|6|0|0|7|2|3,0|5|0|3|6|0|0|7|2|3|0|0|5|3|36,74.9,70.6,55.1,54.6,51.8,50.8,38.7,35.4,34.9,28.7,23.4,21.9,18.5,14.4,14.4,13.0,13.0,10.5,9.3,9.3,7.2,6.2,6.2,4.9,4.9,4.1,3.2,125.93,D,MORE 3.0 | 70.6% | Edge +2.0,MORE,3.0,70.6,2.05,41.2,Strong,9,Today Posted,9.0,9.0,5,9-9-9-9-9,100.0,100.0,3.65,Likely regular,10,1.0,Shane Baz,R,4.0,1.36,0.2391,0.0167,0.0786,4.25,1.35,0.2262,0.028,Target Field,0.98,1.03,84.4,5.4,60.0,1.0,warm,212,198,0.232,0.283,0.379,0.662,119,0.755,46,8,3,5,26,25,13,1,4,2026-08-12 vs Baltimore Orioles: 0 FS|2026-08-10 vs Baltimore Orioles: 5 FS|2026-08-09 @ Milwaukee Brewers: 0 FS|2026-08-08 @ Milwaukee Brewers: 3 FS|2026-08-07 @ Milwaukee Brewers: 6 FS,2026-08-12 vs Baltimore Orioles: 0 FS|2026-08-10 vs Baltimore Orioles: 5 FS|2026-08-09 @ Milwaukee Brewers: 0 FS|2026-08-08 @ Milwaukee Brewers: 3 FS|2026-08-07 @ Milwaukee Brewers: 6 FS|2026-08-06 @ Kansas City Royals: 0 FS|2026-08-05 @ Kansas City Royals: 0 FS|2026-08-04 @ Kansas City Royals: 7 FS|2026-08-02 @ Seattle Mariners: 2 FS|2026-08-01 @ Seattle Mariners: 3 FS,2026-08-12 vs Baltimore Orioles: 0 FS|2026-08-10 vs Baltimore Orioles: 5 FS|2026-08-09 @ Milwaukee Brewers: 0 FS|2026-08-08 @ Milwaukee Brewers: 3 FS|2026-08-07 @ Milwaukee Brewers: 6 FS|2026-08-06 @ Kansas City Royals: 0 FS|2026-08-05 @ Kansas City Royals: 0 FS|2026-08-04 @ Kansas City Royals: 7 FS|2026-08-02 @ Seattle Mariners: 2 FS|2026-08-01 @ Seattle Mariners: 3 FS|2026-07-31 @ Seattle Mariners: 0 FS|2026-07-30 vs Kansas City Royals: 0 FS|2026-07-29 vs Kansas City Royals: 5 FS|2026-07-28 vs Kansas City Royals: 3 FS|2026-07-26 vs Athletics: 36 FS,15,30,3.73,2.5,Last 30 games + shrinkage,2.0,2.43,0.184,Cold,3.73,0.872,0.1795,0.0256,0.0,0.0256,0.0256,5.89,5.48,5.34,5.52,5.79,28.0,16.0,20.0,16.0,20.0,6.0,23.45,69.0,31.0,Recent workload,No,41.2,30.3,41.2,63.2,1.15,89,1.02,1.0,1.0,1.0,75.0,189,82.14,24.34,2.12,23.28,0.329,0.8665,1.0,1.0,1.0,0.9851,327,Statcast,1.14,21,Statcast,189,82.14,12.0,14.05,35.0,20.1,69.3,10.6,1.0016,0.9949,0.9829,0.9898,0.9677,0.9928,3.13,-0.6,Unknown/neutral,Neutral fallback,1.0,1.0,1.0,1.0,1.0,1.0,Neutral fallback,1.072,3,27.0,1.3,27.0,0.9983,0.1691,0.0444,0.011,0.0144,0.0363,0.0027,0.2037,0.5728,0.2604,0.1667,0.0519,0.087,0.0259,1.0,Yes,4.43,1.04,7.39,11.37,3.6,0.0,Raw,66.9,62.6,47.6,47.6,45.8,45.8,34.2,31.4,31.4,25.7,20.9,20.9,18.5,14.4,14.4,13.0,13.0,10.5,9.3,9.3,7.2,6.2,6.2,4.9,4.9,4.1,3.2,8.0,8.0,7.5,7.0,6.0,5.0,4.5,4.0,3.5,3.0,2.5,1.0,0.0,0.0,0.0,0.0,0.0,0.0,0.0,0.0,0.0,0.0,0.0,0.0,0.0,0.0,0.0,Pass,
218,2026-08-12,Mauricio Dubón,ATL,NYM,NYM @ ATL,HOME,LF,5.51,3.95,3.95,2.66,4.52,5.13,4.63,4.92,1.108,9.2,8.1,6.27,2|7|7|3|27,2|7|7|3|27|15|0|10|10|0,2|7|7|3|27|15|0|10|10|0|3|3|0|2|5,64.1,47.4,46.9,44.6,43.6,30.7,30.2,26.6,26.1,25.6,20.0,18.5,13.8,13.8,11.5,11.5,8.6,8.6,8.6,7.5,7.5,6.1,6.1,5.5,5.5,3.9,3.9,124.22,D,MORE 2.5 | 64.1% | Edge +1.5,MORE,2.5,64.1,1.45,28.2,Good,6,Today Posted,6.0,6.0,6,6-6-6-5-5-6,66.7,100.0,4.4,Regular,13,1.04,Zac Thornton,L,2.52,1.07,0.1961,0.0196,0.0784,4.12,1.31,0.2105,0.0279,Truist Park,1.01,1.055,90.4,8.6,279.0,5.0,hot,464,428,0.266,0.313,0.4,0.713,169,0.677,114,23,2,10,54,61,28,2,6,2026-08-11 vs New York Mets: 2 FS|2026-08-10 vs New York Mets: 7 FS|2026-08-08 @ New York Yankees: 7 FS|2026-08-07 @ New York Yankees: 3 FS|2026-08-06 vs Miami Marlins: 27 FS,2026-08-11 vs New York Mets: 2 FS|2026-08-10 vs New York Mets: 7 FS|2026-08-08 @ New York Yankees: 7 FS|2026-08-07 @ New York Yankees: 3 FS|2026-08-06 vs Miami Marlins: 27 FS|2026-08-05 vs Miami Marlins: 15 FS|2026-08-04 vs Miami Marlins: 0 FS|2026-08-02 vs Washington Nationals: 10 FS|2026-07-31 vs Washington Nationals: 10 FS|2026-07-30 vs Washington Nationals: 0 FS,2026-08-11 vs New York Mets: 2 FS|2026-08-10 vs New York Mets: 7 FS|2026-08-08 @ New York Yankees: 7 FS|2026-08-07 @ New York Yankees: 3 FS|2026-08-06 vs Miami Marlins: 27 FS|2026-08-05 vs Miami Marlins: 15 FS|2026-08-04 vs Miami Marlins: 0 FS|2026-08-02 vs Washington Nationals: 10 FS|2026-07-31 vs Washington Nationals: 10 FS|2026-07-30 vs Washington Nationals: 0 FS|2026-07-29 @ New York Mets: 3 FS|2026-07-29 @ New York Mets: 3 FS|2026-07-27 @ New York Mets: 0 FS|2026-07-26 @ Baltimore Orioles: 2 FS|2026-07-25 @ Baltimore Orioles: 5 FS,15,30,6.03,5.0,Last 30 games + shrinkage,8.71,6.36,0.28,Neutral,6.03,1.679,0.2642,0.0377,0.0,0.0377,0.0566,6.45,6.07,6.52,6.96,5.8,28.0,16.0,20.0,16.0,20.0,6.0,22.35,65.7,34.3,Recent workload,No,48.7,37.2,49.9,75.4,1.15,143,-0.03,1.0,1.0,1.0,75.0,337,80.61,19.29,0.0,32.05,0.315,0.82,1.0,1.0,1.0,1.009,619,Statcast,0.9958,21,Statcast,337,80.61,12.0,20.78,31.09,18.4,65.3,16.3,1.0133,0.9937,0.9898,0.9873,0.9706,1.0097,6.84,0.8,Unknown/neutral,Neutral fallback,1.0,1.0,1.0,1.0,1.0,1.0,Neutral fallback,1.072,3,27.0,1.0816,27.0,1.0,0.1348,0.0417,0.0007,0.0094,0.0414,0.0041,0.1549,0.5061,0.2407,0.2532,0.053,0.124,0.0191,1.0,Yes,4.92,0.0,5.98,10.41,3.88,0.0,Raw,56.1,39.4,39.4,37.6,37.6,25.7,25.7,22.6,22.6,22.6,17.5,17.5,13.8,13.8,11.5,11.5,8.6,8.6,8.6,7.5,7.5,6.1,6.1,5.5,5.5,3.9,3.9,8.0,8.0,7.5,7.0,6.0,5.0,4.5,4.0,3.5,3.0,2.5,1.0,0.0,0.0,0.0,0.0,0.0,0.0,0.0,0.0,0.0,0.0,0.0,0.0,0.0,0.0,0.0,Pass,
219,2026-08-12,Henry Davis,PIT,MIA,PIT @ MIA,AWAY,C,4.62,4.5,4.5,2.59,5.94,5.96,5.33,5.77,1.119,3.0,3.6,3.6,3|0|10|0|2,3|0|10|0|2|9|7|0|0|5,3|0|10|0|2|9|7|0|0|5|12|0|3|0|3,63.4,51.6,51.1,44.6,43.6,32.5,32.0,28.1,27.6,27.1,20.6,19.1,15.2,15.2,13.2,13.2,11.4,11.4,11.4,10.5,10.5,9.6,9.6,9.2,9.2,6.8,6.8,124.16,D,MORE 2.5 | 63.4% | Edge +2.0,MORE,2.5,63.4,2.0,26.8,Good,9,Today Posted,9.0,9.0,4,9-9-9-9,100.0,100.0,3.8,Regular,13,1.04,Janson Junk,R,4.63,1.36,0.2514,0.0343,0.0657,3.93,1.24,0.2044,0.027,loanDepot park,0.96,1.0,,,,,Indoor/retractable neutral,240,210,0.176,0.272,0.314,0.586,175,0.636,37,5,0,8,28,30,22,6,2,2026-08-11 @ Miami Marlins: 3 FS|2026-08-09 vs New York Mets: 0 FS|2026-08-08 vs New York Mets: 10 FS|2026-08-06 @ Milwaukee Brewers: 0 FS|2026-08-03 @ Milwaukee Brewers: 2 FS,2026-08-11 @ Miami Marlins: 3 FS|2026-08-09 vs New York Mets: 0 FS|2026-08-08 vs New York Mets: 10 FS|2026-08-06 @ Milwaukee Brewers: 0 FS|2026-08-03 @ Milwaukee Brewers: 2 FS|2026-08-01 @ Cincinnati Reds: 9 FS|2026-07-31 @ Cincinnati Reds: 7 FS|2026-07-29 vs Arizona Diamondbacks: 0 FS|2026-07-27 vs Arizona Diamondbacks: 0 FS|2026-07-25 vs Chicago Cubs: 5 FS,2026-08-11 @ Miami Marlins: 3 FS|2026-08-09 vs New York Mets: 0 FS|2026-08-08 vs New York Mets: 10 FS|2026-08-06 @ Milwaukee Brewers: 0 FS|2026-08-03 @ Milwaukee Brewers: 2 FS|2026-08-01 @ Cincinnati Reds: 9 FS|2026-07-31 @ Cincinnati Reds: 7 FS|2026-07-29 vs Arizona Diamondbacks: 0 FS|2026-07-27 vs Arizona Diamondbacks: 0 FS|2026-07-25 vs Chicago Cubs: 5 FS|2026-07-24 vs Chicago Cubs: 12 FS|2026-07-22 @ New York Yankees: 0 FS|2026-07-20 @ New York Yankees: 3 FS|2026-07-19 @ Cleveland Guardians: 0 FS|2026-07-18 @ Cleveland Guardians: 3 FS,15,30,5.3,2.5,Last 30 games + shrinkage,4.43,3.64,0.209,Neutral,5.3,1.062,0.1875,0.0,0.0,0.0833,0.0,5.19,5.66,4.98,5.3,4.86,28.0,16.0,20.0,16.0,20.0,6.0,19.49,57.3,42.7,Recent workload,No,38.8,28.4,50.7,54.7,0.9539,78,-0.1,1.0,1.0,1.0,100.0,133,82.2,31.58,1.5,29.32,0.304,0.8652,1.0,1.0,1.0,0.9598,305,Statcast,0.9857,23,Statcast,133,82.2,12.0,22.65,33.91,20.3,68.4,11.3,1.0,0.9988,0.9955,0.9975,0.9918,0.9884,4.33,-0.97,Unknown/neutral,Neutral fallback,1.0,1.0,1.0,1.0,1.0,1.0,Neutral fallback,1.072,3,27.0,0.9904,27.0,0.9545,0.1168,0.0161,0.0007,0.0234,0.0916,0.023,0.207,0.4074,0.2963,0.2963,0.0539,0.0971,0.0032,1.0,Yes,5.77,0.0,5.95,12.66,3.81,0.0,Raw,55.4,43.6,43.6,37.6,37.6,27.5,27.5,24.1,24.1,24.1,18.1,18.1,15.2,15.2,13.2,13.2,11.4,11.4,11.4,10.5,10.5,9.6,9.6,9.2,9.2,6.8,6.8,8.0,8.0,7.5,7.0,6.0,5.0,4.5,4.0,3.5,3.0,2.5,1.0,0.0,0.0,0.0,0.0,0.0,0.0,0.0,0.0,0.0,0.0,0.0,0.0,0.0,0.0,0.0,Pass,
220,2026-08-12,Cal Raleigh,SEA,NYY,SEA @ NYY,AWAY,C,4.6,4.33,4.33,2.03,5.68,5.8,5.88,5.8,0.986,1.8,4.7,4.73,0|0|5|2|2,0|0|5|2|2|3|18|2|11|4,0|0|5|2|2|3|18|2|11|4|2|14|5|0|3,54.2,54.2,45.7,45.2,37.9,29.1,28.6,25.9,25.4,20.4,19.9,17.2,16.2,14.2,14.2,13.3,13.3,12.6,12.6,12.1,12.1,11.8,11.8,8.6,8.6,8.5,8.5,123.6,D,LESS 5.0 | 70.9% | Edge +0.7,LESS,5.0,70.9,0.67,41.8,Playable,8,Today Posted,8.0,6.0,6,6-7-8-8-6-6,50.0,100.0,4.04,Regular,14,1.04,Will Warren,R,4.18,1.37,0.2399,0.0302,0.0746,3.28,1.17,0.201,0.0265,Yankee Stadium,1.06,1.03,85.2,1.4,231.0,1.0,warm,363,314,0.159,0.264,0.299,0.563,242,0.598,50,8,0,12,26,43,43,3,2,2026-08-11 @ New York Yankees: 0 FS|2026-08-09 vs Tampa Bay Rays: 0 FS|2026-08-08 vs Tampa Bay Rays: 5 FS|2026-08-07 vs Tampa Bay Rays: 2 FS|2026-08-05 vs Detroit Tigers: 2 FS,2026-08-11 @ New York Yankees: 0 FS|2026-08-09 vs Tampa Bay Rays: 0 FS|2026-08-08 vs Tampa Bay Rays: 5 FS|2026-08-07 vs Tampa Bay Rays: 2 FS|2026-08-05 vs Detroit Tigers: 2 FS|2026-08-04 vs Detroit Tigers: 3 FS|2026-08-02 vs Minnesota Twins: 18 FS|2026-08-01 vs Minnesota Twins: 2 FS|2026-07-31 vs Minnesota Twins: 11 FS|2026-07-30 @ Los Angeles Dodgers: 4 FS,2026-08-11 @ New York Yankees: 0 FS|2026-08-09 vs Tampa Bay Rays: 0 FS|2026-08-08 vs Tampa Bay Rays: 5 FS|2026-08-07 vs Tampa Bay Rays: 2 FS|2026-08-05 vs Detroit Tigers: 2 FS|2026-08-04 vs Detroit Tigers: 3 FS|2026-08-02 vs Minnesota Twins: 18 FS|2026-08-01 vs Minnesota Twins: 2 FS|2026-07-31 vs Minnesota Twins: 11 FS|2026-07-30 @ Los Angeles Dodgers: 4 FS|2026-07-29 @ Los Angeles Dodgers: 2 FS|2026-07-28 @ Los Angeles Dodgers: 14 FS|2026-07-26 @ Texas Rangers: 5 FS|2026-07-25 @ Texas Rangers: 0 FS|2026-07-24 @ Texas Rangers: 3 FS,15,30,5.33,3.0,Last 30 games + shrinkage,4.29,4.86,0.128,Cold,5.33,1.259,0.1111,0.0556,0.037,0.0926,0.0,5.62,5.65,5.83,5.98,5.47,28.0,16.0,20.0,16.0,20.0,6.0,19.3,56.8,43.2,Recent workload,No,47.6,36.1,58.7,68.8,0.9383,126,3.31,1.0,1.0,1.0,75.0,243,85.53,25.93,3.29,30.86,0.365,0.9479,1.0,1.0,1.0,0.9796,557,Statcast,1.0,6,Fallback,243,85.53,12.0,27.98,33.27,13.6,71.2,15.2,1.0181,0.9865,1.0012,0.8309,1.1695,0.9878,4.32,-1.02,Unknown/neutral,Neutral fallback,1.0,1.0,1.0,1.0,1.0,1.0,Neutral fallback,1.072,3,27.0,0.9089,27.0,0.968,0.0635,0.0238,0.0002,0.0333,0.104,0.0131,0.2894,0.44,0.36,0.2,0.0136,0.1174,0.0002,1.0,Yes,5.8,0.06,4.99,13.87,3.67,0.0,Raw,46.2,46.2,38.2,38.2,31.9,24.1,24.1,21.9,21.9,17.4,17.4,16.2,16.2,14.2,14.2,13.3,13.3,12.6,12.6,12.1,12.1,11.8,11.8,8.6,8.6,8.5,8.5,8.0,8.0,7.5,7.0,6.0,5.0,4.5,4.0,3.5,3.0,2.5,1.0,0.0,0.0,0.0,0.0,0.0,0.0,0.0,0.0,0.0,0.0,0.0,0.0,0.0,0.0,0.0,Pass,
221,2026-08-12,Nathan Church,STL,PHI,PHI @ STL,HOME,CF,5.2,3.8,3.8,3.01,3.66,4.68,4.75,4.68,0.984,4.6,7.7,6.8,7|0|3|8|5,7|0|3|8|5|9|6|3|29|7,7|0|3|8|5|9|6|3|29|7|3|13|0|4|5,62.1,62.1,43.2,40.7,39.7,28.5,28.0,23.5,23.0,18.8,18.3,13.0,12.0,10.4,10.4,8.2,8.2,7.4,7.4,6.7,6.7,6.2,6.2,4.5,4.5,4.3,4.3,123.19,D,MORE 3.0 | 62.1% | Edge +0.8,MORE,3.0,62.1,0.8,24.2,Good,5,Today Posted,5.0,7.0,6,5-7-8-7-5-7,50.0,100.0,4.52,Regular,12,1.04,Zack Wheeler,R,2.89,1.0,0.1894,0.0308,0.0639,4.19,1.3,0.2249,0.0312,Busch Stadium,0.99,1.065,95.3,10.4,337.0,3.0,"hot, light wind",336,310,0.239,0.284,0.365,0.649,261,0.652,74,10,1,9,38,38,18,3,7,2026-08-12 vs Philadelphia Phillies: 7 FS|2026-08-11 vs Philadelphia Phillies: 0 FS|2026-08-10 vs Philadelphia Phillies: 3 FS|2026-08-09 vs Colorado Rockies: 8 FS|2026-08-08 vs Colorado Rockies: 5 FS,2026-08-12 vs Philadelphia Phillies: 7 FS|2026-08-11 vs Philadelphia Phillies: 0 FS|2026-08-10 vs Philadelphia Phillies: 3 FS|2026-08-09 vs Colorado Rockies: 8 FS|2026-08-08 vs Colorado Rockies: 5 FS|2026-08-07 vs Colorado Rockies: 9 FS|2026-08-05 @ New York Yankees: 6 FS|2026-08-04 @ New York Yankees: 3 FS|2026-08-03 @ New York Yankees: 29 FS|2026-08-02 @ Toronto Blue Jays: 7 FS,2026-08-12 vs Philadelphia Phillies: 7 FS|2026-08-11 vs Philadelphia Phillies: 0 FS|2026-08-10 vs Philadelphia Phillies: 3 FS|2026-08-09 vs Colorado Rockies: 8 FS|2026-08-08 vs Colorado Rockies: 5 FS|2026-08-07 vs Colorado Rockies: 9 FS|2026-08-05 @ New York Yankees: 6 FS|2026-08-04 @ New York Yankees: 3 FS|2026-08-03 @ New York Yankees: 29 FS|2026-08-02 @ Toronto Blue Jays: 7 FS|2026-08-01 @ Toronto Blue Jays: 3 FS|2026-07-31 @ Toronto Blue Jays: 13 FS|2026-07-30 vs Chicago Cubs: 0 FS|2026-07-29 vs Chicago Cubs: 4 FS|2026-07-28 vs Chicago Cubs: 5 FS,15,30,4.03,3.0,Last 30 games + shrinkage,5.43,6.93,0.311,Hot,4.03,1.902,0.2745,0.0392,0.0196,0.0784,0.0392,6.54,6.13,7.07,6.69,5.59,28.0,16.0,20.0,16.0,20.0,6.0,21.39,62.9,37.1,Recent workload,No,44.0,32.7,60.6,71.0,0.9459,112,2.56,1.0,1.0,1.0,75.0,269,78.01,14.87,0.0,34.2,0.323,0.82,1.0,1.0,1.0,0.9794,420,Statcast,1.0905,16,Statcast,269,78.01,12.0,21.87,30.74,9.3,74.0,16.7,0.986,0.9871,0.9395,0.9743,0.9014,1.0195,5.66,1.63,Unknown/neutral,Neutral fallback,1.0,1.0,1.0,1.0,1.0,1.0,Neutral fallback,1.072,3,27.0,1.3,27.0,1.0,0.1393,0.0168,0.0023,0.0143,0.0455,0.0072,0.2303,0.5,0.2314,0.2686,0.0369,0.1206,0.0133,1.0,Yes,4.68,0.06,4.98,9.9,3.91,0.0,Raw,54.1,54.1,35.7,33.7,33.7,23.5,23.5,19.5,19.5,15.8,15.8,12.0,12.0,10.4,10.4,8.2,8.2,7.4,7.4,6.7,6.7,6.2,6.2,4.5,4.5,4.3,4.3,8.0,8.0,7.5,7.0,6.0,5.0,4.5,4.0,3.5,3.0,2.5,1.0,0.0,0.0,0.0,0.0,0.0,0.0,0.0,0.0,0.0,0.0,0.0,0.0,0.0,0.0,0.0,Pass,
222,2026-08-12,Charles McAdoo,TOR,BOS,BOS @ TOR,HOME,2B,5.43,4.29,4.29,2.45,6.28,6.1,5.23,5.83,1.166,4.6,4.9,4.9,4|16|0|0|3,4|16|0|0|3|0|0|7|3|16,4|16|0|0|3|0|0|7|3|16,47.4,47.4,46.9,42.0,41.0,30.8,30.3,26.9,26.4,25.9,20.7,19.2,15.2,15.2,13.2,13.2,13.2,11.2,11.2,10.5,10.5,9.5,9.5,9.5,9.1,9.1,6.5,120.32,D,LESS 5.0 | 69.2% | Edge +0.7,LESS,5.0,69.2,0.71,38.4,Playable,1,Today Posted,1.0,1.0,2,1-7,50.0,100.0,4.16,Usage risk,8,0.88,Ranger Suarez,L,3.32,1.17,0.2146,0.0142,0.0708,3.49,1.22,0.2161,0.0264,Rogers Centre,1.0,1.0,,,,,Indoor/retractable neutral,32,29,0.172,0.219,0.379,0.598,12,0.75,5,0,0,2,3,5,2,0,0,2026-08-11 vs Boston Red Sox: 4 FS|2026-08-10 vs Boston Red Sox: 16 FS|2026-06-19 @ Chicago Cubs: 0 FS|2026-06-14 vs New York Yankees: 0 FS|2026-06-13 vs New York Yankees: 3 FS,2026-08-11 vs Boston Red Sox: 4 FS|2026-08-10 vs Boston Red Sox: 16 FS|2026-06-19 @ Chicago Cubs: 0 FS|2026-06-14 vs New York Yankees: 0 FS|2026-06-13 vs New York Yankees: 3 FS|2026-06-10 vs Philadelphia Phillies: 0 FS|2026-06-09 vs Philadelphia Phillies: 0 FS|2026-06-04 @ Atlanta Braves: 7 FS|2026-05-31 @ Baltimore Orioles: 3 FS|2026-05-29 @ Baltimore Orioles: 16 FS,2026-08-11 vs Boston Red Sox: 4 FS|2026-08-10 vs Boston Red Sox: 16 FS|2026-06-19 @ Chicago Cubs: 0 FS|2026-06-14 vs New York Yankees: 0 FS|2026-06-13 vs New York Yankees: 3 FS|2026-06-10 vs Philadelphia Phillies: 0 FS|2026-06-09 vs Philadelphia Phillies: 0 FS|2026-06-04 @ Atlanta Braves: 7 FS|2026-05-31 @ Baltimore Orioles: 3 FS|2026-05-29 @ Baltimore Orioles: 16 FS,10,10,4.9,3.0,Last 10 games + shrinkage,3.29,4.9,0.172,Cold,4.9,1.531,0.1562,0.0625,0.0625,0.0625,0.0,5.44,5.33,5.33,5.16,5.54,28.0,16.0,20.0,16.0,20.0,6.0,18.86,55.5,44.5,Recent workload,No,12.6,8.4,6.6,18.5,0.86,13,2.03,1.0,1.0,1.0,100.0,25,79.74,4.0,4.0,24.0,0.255,0.82,1.0,1.0,1.0,0.9371,36,Statcast,1.0,0,Fallback,25,79.74,12.0,12.28,35.0,0.0,80.0,20.0,1.0,0.9877,0.9548,0.9753,0.9178,0.9987,4.8,-0.1,Unknown/neutral,Neutral fallback,1.0,1.0,1.0,1.0,1.0,1.0,Neutral fallback,1.072,3,27.0,0.8625,27.0,0.9212,0.0936,0.0217,0.0027,0.019,0.0758,0.0075,0.2284,0.25,0.4,0.35,0.1233,0.1228,0.0087,1.0,Yes,5.83,0.0,5.94,12.94,4.58,0.0,Raw,39.4,39.4,39.4,35.0,35.0,25.8,25.8,22.9,22.9,22.9,18.2,18.2,15.2,15.2,13.2,13.2,13.2,11.2,11.2,10.5,10.5,9.5,9.5,9.5,9.1,9.1,6.5,8.0,8.0,7.5,7.0,6.0,5.0,4.5,4.0,3.5,3.0,2.5,1.0,0.0,0.0,0.0,0.0,0.0,0.0,0.0,0.0,0.0,0.0,0.0,0.0,0.0,0.0,0.0,Pass,
223,2026-08-12,Connor Norby,COL,ARI,COL @ ARI,AWAY,1B,3.87,4.86,4.86,3.19,3.85,4.77,5.3,4.77,0.9,1.0,1.8,2.8,0|2|0|0|3,0|2|0|0|3|3|2|0|3|5,0|2|0|0|3|3|2|0|3|5|15|0|0|2|7,67.0,67.0,56.7,56.2,48.2,37.1,36.6,33.2,32.7,24.7,24.2,19.7,18.7,15.1,12.6,12.6,10.8,10.8,9.2,9.2,8.5,8.5,6.3,6.0,6.0,4.4,4.4,120.28,D,MORE 3.0 | 67.0% | Edge +1.9,MORE,3.0,67.0,1.86,34.0,Good,8,Today Posted,8.0,8.0,1,8,100.0,100.0,3.34,Usage risk,8,0.88,Merrill Kelly,R,4.83,1.45,0.2414,0.0441,0.0958,4.1,1.29,0.2264,0.0304,Chase Field,1.0,1.0,,,,,Indoor/retractable neutral,236,202,0.203,0.314,0.322,0.636,162,0.656,41,12,0,4,17,16,25,8,6,2026-08-12 @ Arizona Diamondbacks: 0 FS|2026-08-11 @ Arizona Diamondbacks: 2 FS|2026-06-23 vs Texas Rangers: 0 FS|2026-06-22 vs Texas Rangers: 0 FS|2026-06-21 vs San Francisco Giants: 3 FS,2026-08-12 @ Arizona Diamondbacks: 0 FS|2026-08-11 @ Arizona Diamondbacks: 2 FS|2026-06-23 vs Texas Rangers: 0 FS|2026-06-22 vs Texas Rangers: 0 FS|2026-06-21 vs San Francisco Giants: 3 FS|2026-06-19 vs San Francisco Giants: 3 FS|2026-06-16 @ Philadelphia Phillies: 2 FS|2026-06-15 @ Philadelphia Phillies: 0 FS|2026-06-14 @ Pittsburgh Pirates: 3 FS|2026-06-13 @ Pittsburgh Pirates: 5 FS,2026-08-12 @ Arizona Diamondbacks: 0 FS|2026-08-11 @ Arizona Diamondbacks: 2 FS|2026-06-23 vs Texas Rangers: 0 FS|2026-06-22 vs Texas Rangers: 0 FS|2026-06-21 vs San Francisco Giants: 3 FS|2026-06-19 vs San Francisco Giants: 3 FS|2026-06-16 @ Philadelphia Phillies: 2 FS|2026-06-15 @ Philadelphia Phillies: 0 FS|2026-06-14 @ Pittsburgh Pirates: 3 FS|2026-06-13 @ Pittsburgh Pirates: 5 FS|2026-06-09 vs Arizona Diamondbacks: 15 FS|2026-06-07 vs Tampa Bay Rays: 0 FS|2026-06-06 vs Tampa Bay Rays: 0 FS|2026-06-03 @ Washington Nationals: 2 FS|2026-06-01 @ Washington Nationals: 7 FS,15,30,3.77,2.0,Last 30 games + shrinkage,1.43,2.5,0.172,Cold,3.77,1.0,0.1429,0.0571,0.0,0.1429,0.0,4.74,4.35,4.62,4.63,4.41,28.0,16.0,20.0,16.0,20.0,6.0,17.67,52.0,48.0,Recent workload,No,19.8,14.1,48.8,20.3,0.86,10,0.31,1.0,1.0,1.0,100.0,28,83.01,21.43,0.0,10.71,0.271,0.82,1.0,1.0,1.0,0.86,65,Statcast,1.0,9,Fallback,28,83.01,12.0,9.96,33.62,17.9,64.3,17.9,1.0,0.9955,0.9835,0.991,0.9701,0.9827,2.33,-1.44,Unknown/neutral,Neutral fallback,1.0,1.0,1.0,1.0,1.0,1.0,Neutral fallback,1.072,3,27.0,1.3,27.0,0.9112,0.1053,0.0358,0.0011,0.0152,0.0921,0.0253,0.2524,0.4167,0.4167,0.1666,0.0377,0.0698,0.0108,1.0,Yes,4.77,0.49,6.79,11.29,4.02,0.0,Raw,59.0,59.0,49.2,49.2,42.2,32.1,32.1,29.2,29.2,21.7,21.7,18.7,18.7,15.1,12.6,12.6,10.8,10.8,9.2,9.2,8.5,8.5,6.3,6.0,6.0,4.4,4.4,8.0,8.0,7.5,7.0,6.0,5.0,4.5,4.0,3.5,3.0,2.5,1.0,0.0,0.0,0.0,0.0,0.0,0.0,0.0,0.0,0.0,0.0,0.0,0.0,0.0,0.0,0.0,Pass,
224,2026-08-12,Andrés Giménez,TOR,BOS,BOS @ TOR,HOME,SS,5.41,3.59,3.59,2.39,5.14,5.48,4.5,5.1,1.217,10.4,9.4,7.2,7|10|7|14|14,7|10|7|14|14|25|2|5|0|10,7|10|7|14|14|25|2|5|0|10|4|6|2|2|0,42.2,42.2,41.7,39.8,38.8,27.5,27.0,26.5,22.6,22.1,17.4,15.9,11.2,11.2,11.2,9.6,9.6,7.3,7.3,7.3,6.6,6.6,5.5,5.5,5.5,4.9,4.9,119.99,D,LESS 4.0 | 60.2% | Edge +0.4,LESS,4.0,60.2,0.41,20.4,Playable,6,Today Posted,6.0,6.0,7,7-6-6-6-6-9-8,57.1,100.0,4.4,Regular,13,1.04,Ranger Suarez,L,3.32,1.17,0.2146,0.0142,0.0708,3.49,1.22,0.2161,0.0264,Rogers Centre,1.0,1.0,,,,,Indoor/retractable neutral,391,360,0.239,0.283,0.361,0.644,105,0.569,86,18,1,8,32,48,12,12,16,2026-08-11 vs Boston Red Sox: 7 FS|2026-08-10 vs Boston Red Sox: 10 FS|2026-08-09 @ Philadelphia Phillies: 7 FS|2026-08-08 @ Philadelphia Phillies: 14 FS|2026-08-07 @ Philadelphia Phillies: 14 FS,2026-08-11 vs Boston Red Sox: 7 FS|2026-08-10 vs Boston Red Sox: 10 FS|2026-08-09 @ Philadelphia Phillies: 7 FS|2026-08-08 @ Philadelphia Phillies: 14 FS|2026-08-07 @ Philadelphia Phillies: 14 FS|2026-08-06 @ Chicago Cubs: 25 FS|2026-08-05 @ Houston Astros: 2 FS|2026-08-04 @ Houston Astros: 5 FS|2026-08-03 @ Houston Astros: 0 FS|2026-08-02 vs St. Louis Cardinals: 10 FS,2026-08-11 vs Boston Red Sox: 7 FS|2026-08-10 vs Boston Red Sox: 10 FS|2026-08-09 @ Philadelphia Phillies: 7 FS|2026-08-08 @ Philadelphia Phillies: 14 FS|2026-08-07 @ Philadelphia Phillies: 14 FS|2026-08-06 @ Chicago Cubs: 25 FS|2026-08-05 @ Houston Astros: 2 FS|2026-08-04 @ Houston Astros: 5 FS|2026-08-03 @ Houston Astros: 0 FS|2026-08-02 vs St. Louis Cardinals: 10 FS|2026-08-01 vs St. Louis Cardinals: 4 FS|2026-07-31 vs St. Louis Cardinals: 6 FS|2026-07-29 @ Washington Nationals: 2 FS|2026-07-28 @ Washington Nationals: 2 FS|2026-07-27 @ Washington Nationals: 0 FS,15,30,5.43,4.5,Last 30 games + shrinkage,11.29,7.71,0.271,Neutral,5.43,2.0,0.2407,0.0556,0.0185,0.0185,0.0741,6.02,6.18,6.5,6.77,5.17,28.0,16.0,20.0,16.0,20.0,6.0,18.86,55.5,44.5,Recent workload,No,44.8,33.4,38.2,67.5,0.9693,109,2.03,1.0,1.0,1.0,100.0,228,79.09,12.72,0.0,29.39,0.33,0.82,1.0,1.0,1.0,0.9857,443,Statcast,0.88,16,Statcast,228,79.09,12.0,15.89,33.27,11.4,65.3,23.2,1.0,0.9875,0.954,0.9749,0.9164,1.0309,8.01,2.58,Unknown/neutral,Neutral fallback,1.0,1.0,1.0,1.0,1.0,1.0,Neutral fallback,1.072,3,27.0,1.3,27.0,0.9331,0.1251,0.0277,0.0011,0.0084,0.0198,0.0227,0.2149,0.4314,0.2745,0.2941,0.0555,0.116,0.039,1.0,Yes,5.1,0.0,4.82,9.69,4.07,0.0,Raw,34.2,34.2,34.2,32.8,32.8,22.5,22.5,22.5,19.1,19.1,14.9,14.9,11.2,11.2,11.2,9.6,9.6,7.3,7.3,7.3,6.6,6.6,5.5,5.5,5.5,4.9,4.9,8.0,8.0,7.5,7.0,6.0,5.0,4.5,4.0,3.5,3.0,2.5,1.0,0.0,0.0,0.0,0.0,0.0,0.0,0.0,0.0,0.0,0.0,0.0,0.0,0.0,0.0,0.0,Pass,
225,2026-08-12,Alan Roden,MIN,BAL,BAL @ MIN,HOME,RF,4.49,4.75,4.75,3.01,3.55,4.76,4.79,4.76,0.994,5.2,4.2,4.2,17|2|0|0|7,17|2|0|0|7|2|5|7|2|0,17|2|0|0|7|2|5|7|2|0|0|0|7|5|9,69.9,69.9,57.4,56.9,51.0,38.5,38.0,34.0,33.5,25.3,24.8,19.1,18.1,14.8,14.8,11.3,11.3,9.4,9.4,7.2,7.2,6.0,6.0,4.3,4.3,3.9,3.9,119.33,D,MORE 3.0 | 69.9% | Edge +1.8,MORE,3.0,69.9,1.75,39.8,Good,8,Today Posted,8.0,8.0,3,8-8-7,66.7,100.0,3.24,Usage risk,8,0.88,Shane Baz,R,4.0,1.36,0.2391,0.0167,0.0786,4.25,1.35,0.2262,0.028,Target Field,0.98,1.03,84.4,5.4,60.0,1.0,warm,64,55,0.236,0.313,0.291,0.604,54,0.437,13,3,0,0,6,10,7,0,0,2026-08-12 vs Baltimore Orioles: 17 FS|2026-08-11 vs Baltimore Orioles: 2 FS|2026-08-09 @ Milwaukee Brewers: 0 FS|2026-08-08 @ Milwaukee Brewers: 0 FS|2026-08-06 @ Kansas City Royals: 7 FS,2026-08-12 vs Baltimore Orioles: 17 FS|2026-08-11 vs Baltimore Orioles: 2 FS|2026-08-09 @ Milwaukee Brewers: 0 FS|2026-08-08 @ Milwaukee Brewers: 0 FS|2026-08-06 @ Kansas City Royals: 7 FS|2026-08-04 @ Kansas City Royals: 2 FS|2026-08-02 @ Seattle Mariners: 5 FS|2026-07-31 @ Seattle Mariners: 7 FS|2026-07-30 vs Kansas City Royals: 2 FS|2026-07-29 vs Kansas City Royals: 0 FS,2026-08-12 vs Baltimore Orioles: 17 FS|2026-08-11 vs Baltimore Orioles: 2 FS|2026-08-09 @ Milwaukee Brewers: 0 FS|2026-08-08 @ Milwaukee Brewers: 0 FS|2026-08-06 @ Kansas City Royals: 7 FS|2026-08-04 @ Kansas City Royals: 2 FS|2026-08-02 @ Seattle Mariners: 5 FS|2026-07-31 @ Seattle Mariners: 7 FS|2026-07-30 vs Kansas City Royals: 2 FS|2026-07-29 vs Kansas City Royals: 0 FS|2026-07-28 vs Kansas City Royals: 0 FS|2026-07-26 vs Athletics: 0 FS|2026-07-25 vs Athletics: 7 FS|2026-07-23 @ Cleveland Guardians: 5 FS|2026-07-22 @ Cleveland Guardians: 9 FS,15,24,3.79,2.0,Last 24 games + shrinkage,4.71,3.86,0.267,Neutral,3.79,1.588,0.2353,0.0882,0.0,0.0882,0.0,5.03,4.94,5.14,5.21,4.7,28.0,16.0,20.0,16.0,20.0,6.0,23.45,69.0,31.0,Recent workload,No,33.7,24.0,24.1,43.0,1.15,35,1.02,1.0,1.0,1.0,75.0,83,83.63,26.51,0.0,26.51,0.315,0.8632,1.0,1.0,1.0,1.0027,144,Statcast,1.0,11,Fallback,83,83.63,12.0,16.29,33.66,21.7,55.4,22.9,1.0017,0.9999,1.0013,0.9998,1.001,1.0081,4.47,0.68,Unknown/neutral,Neutral fallback,1.0,1.0,1.0,1.0,1.0,1.0,Neutral fallback,1.072,3,27.0,0.8625,27.0,1.0,0.1472,0.045,0.0021,0.0082,0.1,0.005,0.1652,0.4762,0.2857,0.2381,0.0733,0.1214,0.0046,1.0,Yes,4.76,0.03,6.99,10.96,3.75,0.0,Raw,61.9,61.9,49.9,49.9,45.0,33.5,33.5,30.0,30.0,22.3,22.3,18.1,18.1,14.8,14.8,11.3,11.3,9.4,9.4,7.2,7.2,6.0,6.0,4.3,4.3,3.9,3.9,8.0,8.0,7.5,7.0,6.0,5.0,4.5,4.0,3.5,3.0,2.5,1.0,0.0,0.0,0.0,0.0,0.0,0.0,0.0,0.0,0.0,0.0,0.0,0.0,0.0,0.0,0.0,Pass,
226,2026-08-12,Zach McKinstry,DET,CLE,CLE @ DET,HOME,2B,4.11,3.83,3.83,2.51,4.63,5.18,4.41,4.88,1.176,6.8,6.8,7.2,4|7|9|8|6,4|7|9|8|6|2|15|8|7|2,4|7|9|8|6|2|15|8|7|2|11|7|17|2|3,59.9,48.5,48.0,42.5,41.5,29.9,29.4,28.9,25.8,25.3,18.4,16.9,13.2,13.2,13.2,10.4,10.4,7.9,7.9,6.7,6.7,6.7,5.2,5.2,4.5,4.5,3.0,119.14,D,MORE 2.5 | 59.9% | Edge +1.3,MORE,2.5,59.9,1.33,19.8,Playable,9,Last 7 Confirmed,,9.0,7,9-9-9-9-9-9-9,100.0,97.0,3.65,Likely regular,11,1.0,Foster Griffin,L,3.31,1.11,0.2128,0.0385,0.0587,3.85,1.27,0.213,0.0304,Comerica Park,0.97,1.04,81.9,12.2,239.0,10.0,"warm, light wind",325,285,0.221,0.304,0.33,0.634,65,0.437,63,13,3,4,32,24,33,2,1,2026-08-11 vs Cleveland Guardians: 4 FS|2026-08-09 @ San Francisco Giants: 7 FS|2026-08-08 @ San Francisco Giants: 9 FS|2026-08-07 @ San Francisco Giants: 8 FS|2026-08-06 @ Seattle Mariners: 6 FS,2026-08-11 vs Cleveland Guardians: 4 FS|2026-08-09 @ San Francisco Giants: 7 FS|2026-08-08 @ San Francisco Giants: 9 FS|2026-08-07 @ San Francisco Giants: 8 FS|2026-08-06 @ Seattle Mariners: 6 FS|2026-08-05 @ Seattle Mariners: 2 FS|2026-08-04 @ Seattle Mariners: 15 FS|2026-08-02 @ Athletics: 8 FS|2026-08-01 @ Athletics: 7 FS|2026-07-31 @ Athletics: 2 FS,2026-08-11 vs Cleveland Guardians: 4 FS|2026-08-09 @ San Francisco Giants: 7 FS|2026-08-08 @ San Francisco Giants: 9 FS|2026-08-07 @ San Francisco Giants: 8 FS|2026-08-06 @ Seattle Mariners: 6 FS|2026-08-05 @ Seattle Mariners: 2 FS|2026-08-04 @ Seattle Mariners: 15 FS|2026-08-02 @ Athletics: 8 FS|2026-08-01 @ Athletics: 7 FS|2026-07-31 @ Athletics: 2 FS|2026-07-29 vs Baltimore Orioles: 11 FS|2026-07-28 vs Baltimore Orioles: 7 FS|2026-07-27 vs Baltimore Orioles: 17 FS|2026-07-26 vs Kansas City Royals: 2 FS|2026-07-25 vs Kansas City Royals: 3 FS,15,30,5.67,6.0,Last 30 games + shrinkage,7.29,7.5,0.35,Hot,5.67,2.143,0.2857,0.1224,0.0,0.1429,0.0,4.48,4.95,5.45,5.23,4.41,28.0,16.0,20.0,16.0,20.0,6.0,24.7,72.6,27.4,Recent workload,No,45.0,33.7,27.7,68.7,0.9186,84,-1.46,1.0,1.0,1.0,75.0,241,80.4,14.11,0.41,40.25,0.324,0.82,1.0,1.0,1.0,1.0346,416,Statcast,1.0,10,Fallback,241,80.4,12.0,21.35,28.91,15.8,59.3,24.9,1.0301,1.0033,1.0753,1.1643,0.9155,1.0106,6.55,0.88,Unknown/neutral,Neutral fallback,1.0,1.0,1.0,1.0,1.0,1.0,Neutral fallback,1.072,3,27.0,1.105,27.0,0.9682,0.1083,0.0379,0.0062,0.007,0.0862,0.0119,0.1809,0.375,0.2812,0.3438,0.0806,0.0591,0.0032,1.0,Projected,4.88,0.0,4.86,10.73,3.57,0.0,Raw,51.9,40.5,40.5,35.5,35.5,24.9,24.9,24.9,22.3,22.3,15.9,15.9,13.2,13.2,13.2,10.4,10.4,7.9,7.9,6.7,6.7,6.7,5.2,5.2,4.5,4.5,3.0,8.0,8.0,7.5,7.0,6.0,5.0,4.5,4.0,3.5,3.0,2.5,1.0,0.0,0.0,0.0,0.0,0.0,0.0,0.0,0.0,0.0,0.0,0.0,0.0,0.0,0.0,0.0,Pass,
227,2026-08-12,Josh Lowe,LAA,TEX,TEX @ LAA,HOME,LF,4.19,4.98,4.98,3.33,4.37,5.04,6.06,5.04,0.832,3.2,2.6,3.0,3|0|2|7|4,3|0|2|7|4|0|8|0|0|2,3|0|2|7|4|0|8|0|0|2|7|2|6|2|2,76.6,64.7,51.0,50.5,45.3,34.4,33.9,30.7,30.2,24.2,21.1,19.6,16.8,16.8,14.9,14.2,14.2,13.3,13.3,12.7,9.5,9.5,9.3,9.3,6.9,6.0,6.0,117.86,D,MORE 3.0 | 64.7% | Edge +2.0,MORE,3.0,64.7,1.98,29.4,Good,8,Last 7 Confirmed,,8.0,5,7-8-8-8-7,60.0,92.3,3.34,Usage risk,8,0.88,Cal Quantrill,R,3.56,1.19,0.2138,0.0326,0.0688,4.24,1.28,0.2222,0.0327,Angel Stadium,1.0,1.04,86.3,10.0,241.0,0.0,"warm, light wind",229,208,0.202,0.264,0.341,0.605,196,0.644,42,5,0,8,19,22,17,1,4,2026-08-10 vs Texas Rangers: 3 FS|2026-08-09 @ Miami Marlins: 0 FS|2026-08-08 @ Miami Marlins: 2 FS|2026-08-07 @ Miami Marlins: 7 FS|2026-08-06 @ Baltimore Orioles: 4 FS,2026-08-10 vs Texas Rangers: 3 FS|2026-08-09 @ Miami Marlins: 0 FS|2026-08-08 @ Miami Marlins: 2 FS|2026-08-07 @ Miami Marlins: 7 FS|2026-08-06 @ Baltimore Orioles: 4 FS|2026-08-05 @ Baltimore Orioles: 0 FS|2026-08-04 @ Baltimore Orioles: 8 FS|2026-08-02 vs Milwaukee Brewers: 0 FS|2026-07-31 vs Milwaukee Brewers: 0 FS|2026-07-29 vs Houston Astros: 2 FS,2026-08-10 vs Texas Rangers: 3 FS|2026-08-09 @ Miami Marlins: 0 FS|2026-08-08 @ Miami Marlins: 2 FS|2026-08-07 @ Miami Marlins: 7 FS|2026-08-06 @ Baltimore Orioles: 4 FS|2026-08-05 @ Baltimore Orioles: 0 FS|2026-08-04 @ Baltimore Orioles: 8 FS|2026-08-02 vs Milwaukee Brewers: 0 FS|2026-07-31 vs Milwaukee Brewers: 0 FS|2026-07-29 vs Houston Astros: 2 FS|2026-07-27 vs Houston Astros: 7 FS|2026-07-25 @ San Francisco Giants: 2 FS|2026-07-22 vs St. Louis Cardinals: 6 FS|2026-07-20 vs St. Louis Cardinals: 2 FS|2026-07-19 vs Detroit Tigers: 2 FS,15,30,5.2,4.5,Last 30 games + shrinkage,3.43,3.07,0.194,Cold,5.2,1.132,0.1579,0.0263,0.0,0.1842,0.0263,4.86,5.27,4.78,5.02,4.59,28.0,16.0,20.0,16.0,20.0,6.0,16.57,48.7,51.3,Recent workload,No,38.2,27.9,53.6,56.0,0.8727,61,2.22,1.0,1.0,1.0,75.0,140,81.72,20.0,1.43,26.43,0.422,0.912,1.0,1.0,1.0,1.0669,277,Statcast,1.14,47,Statcast,140,81.72,12.0,25.09,29.53,12.9,68.6,18.6,1.0309,0.9976,1.0217,0.9952,1.0142,0.979,3.45,-1.75,Unknown/neutral,Neutral fallback,1.0,1.0,1.0,1.0,1.0,1.0,Neutral fallback,1.072,3,27.0,1.0859,27.0,1.0,0.1136,0.0228,0.0006,0.0323,0.0872,0.004,0.2458,0.44,0.36,0.2,0.0402,0.0777,0.0103,1.0,Projected,5.04,0.84,6.66,12.49,3.92,0.0,Raw,68.6,56.7,43.5,43.5,39.3,29.4,29.4,26.7,26.7,21.2,18.6,18.6,16.8,16.8,14.9,14.2,14.2,13.3,13.3,12.7,9.5,9.5,9.3,9.3,6.9,6.0,6.0,8.0,8.0,7.5,7.0,6.0,5.0,4.5,4.0,3.5,3.0,2.5,1.0,0.0,0.0,0.0,0.0,0.0,0.0,0.0,0.0,0.0,0.0,0.0,0.0,0.0,0.0,0.0,Pass,
228,2026-08-12,Alex Call,LAD,KC,KC @ LAD,HOME,LF,3.83,5.19,5.19,4.12,3.52,4.61,5.13,4.61,0.899,3.2,2.1,1.53,9|2|0|0|5,9|2|0|0|5|0|0|0|3|2,9|2|0|0|5|0|0|0|3|2|0|0|0|0|2,72.4,72.4,62.1,61.6,53.3,52.3,40.8,36.4,35.9,27.5,27.0,21.8,20.8,16.3,16.3,13.3,11.2,11.2,8.8,8.8,7.9,7.9,5.9,5.9,5.2,3.9,3.9,116.5,D,MORE 4.0 | 61.6% | Edge +1.2,MORE,4.0,61.6,1.19,23.2,Playable,8,Last 7 Confirmed,,8.0,1,8,100.0,81.5,2.74,High rest/platoon risk,3,0.72,Daniel Lynch IV,L,2.45,1.01,0.1762,0.0104,0.0725,4.84,1.43,0.2306,0.0332,UNIQLO Field at Dodger Stadium,1.0,1.0,,,,,Weather unavailable,150,126,0.246,0.353,0.325,0.678,57,0.9,31,7,0,1,20,17,18,4,1,2026-08-11 vs Kansas City Royals: 9 FS|2026-08-05 @ Chicago Cubs: 2 FS|2026-08-04 @ Chicago Cubs: 0 FS|2026-08-03 @ Chicago Cubs: 0 FS|2026-08-02 vs Boston Red Sox: 5 FS,2026-08-11 vs Kansas City Royals: 9 FS|2026-08-05 @ Chicago Cubs: 2 FS|2026-08-04 @ Chicago Cubs: 0 FS|2026-08-03 @ Chicago Cubs: 0 FS|2026-08-02 vs Boston Red Sox: 5 FS|2026-08-01 vs Boston Red Sox: 0 FS|2026-07-26 @ New York Mets: 0 FS|2026-07-21 @ Philadelphia Phillies: 0 FS|2026-07-20 @ Philadelphia Phillies: 3 FS|2026-07-19 @ New York Yankees: 2 FS,2026-08-11 vs Kansas City Royals: 9 FS|2026-08-05 @ Chicago Cubs: 2 FS|2026-08-04 @ Chicago Cubs: 0 FS|2026-08-03 @ Chicago Cubs: 0 FS|2026-08-02 vs Boston Red Sox: 5 FS|2026-08-01 vs Boston Red Sox: 0 FS|2026-07-26 @ New York Mets: 0 FS|2026-07-21 @ Philadelphia Phillies: 0 FS|2026-07-20 @ Philadelphia Phillies: 3 FS|2026-07-19 @ New York Yankees: 2 FS|2026-07-11 vs Arizona Diamondbacks: 0 FS|2026-07-10 vs Arizona Diamondbacks: 0 FS|2026-07-08 vs Colorado Rockies: 0 FS|2026-07-07 vs Colorado Rockies: 0 FS|2026-07-05 vs San Diego Padres: 2 FS,15,30,2.9,0.0,Last 30 games + shrinkage,2.29,1.5,0.158,Cold,2.9,1.0,0.1429,0.0952,0.0,0.0476,0.0,3.99,3.89,3.75,3.98,4.04,28.0,16.0,20.0,16.0,20.0,6.0,8.0,25.0,75.0,Recent workload,Yes,23.1,16.0,25.1,39.6,0.9341,41,0.08,1.0,1.0,1.0,75.0,72,78.39,8.33,1.39,33.33,0.228,0.82,1.0,1.0,1.0,0.8979,186,Statcast,0.9672,12,Statcast,72,78.39,12.0,16.1,30.06,11.1,73.6,15.3,1.0,0.9857,0.9474,0.9713,0.9044,0.9955,2.52,-0.38,Unknown/neutral,Neutral fallback,1.0,1.0,1.0,1.0,1.0,1.0,Neutral fallback,1.072,3,27.0,1.0064,27.0,0.9714,0.1249,0.0406,0.0017,0.0126,0.1063,0.0249,0.1768,0.5313,0.2813,0.1874,0.083,0.1078,0.0077,1.0,Projected,4.61,2.32,6.82,11.31,3.77,0.0,Raw,64.4,64.4,54.6,54.6,47.3,47.3,36.3,32.4,32.4,24.5,24.5,20.8,20.8,16.3,16.3,13.3,11.2,11.2,8.8,8.8,7.9,7.9,5.9,5.9,5.2,3.9,3.9,8.0,8.0,7.5,7.0,6.0,5.0,4.5,4.0,3.5,3.0,2.5,1.0,0.0,0.0,0.0,0.0,0.0,0.0,0.0,0.0,0.0,0.0,0.0,0.0,0.0,0.0,0.0,Pass,
229,2026-08-12,David Hamilton,MIL,SD,MIL @ SD,AWAY,3B,4.57,3.92,3.92,2.32,4.9,5.34,4.29,4.94,1.246,5.2,4.5,4.8,5|0|7|2|12,5|0|7|2|12|9|0|3|3|4,5|0|7|2|12|9|0|3|3|4|0|10|9|8|0,50.8,50.8,50.3,43.2,42.2,31.0,30.5,30.0,26.5,26.0,19.1,17.6,16.6,13.9,13.9,10.6,10.6,10.6,8.0,8.0,6.5,6.5,6.5,4.9,4.9,4.1,4.1,115.72,D,LESS 5.0 | 69.0% | Edge +1.1,LESS,5.0,69.0,1.08,38.0,Good,8,Today Posted,8.0,9.0,6,8-9-9-9-8-9,66.7,100.0,3.8,Likely regular,11,1.0,Robbie Ray,L,3.24,1.33,0.2011,0.0298,0.1155,4.12,1.31,0.218,0.0296,Petco Park,0.94,1.03,81.0,7.9,260.0,1.0,warm,288,247,0.235,0.313,0.324,0.637,50,0.536,58,9,2,3,37,16,27,1,21,2026-08-11 @ San Diego Padres: 5 FS|2026-08-10 @ San Diego Padres: 0 FS|2026-08-09 vs Minnesota Twins: 7 FS|2026-08-08 vs Minnesota Twins: 2 FS|2026-08-07 vs Minnesota Twins: 12 FS,2026-08-11 @ San Diego Padres: 5 FS|2026-08-10 @ San Diego Padres: 0 FS|2026-08-09 vs Minnesota Twins: 7 FS|2026-08-08 vs Minnesota Twins: 2 FS|2026-08-07 vs Minnesota Twins: 12 FS|2026-08-06 vs Pittsburgh Pirates: 9 FS|2026-08-05 vs Pittsburgh Pirates: 0 FS|2026-08-04 vs Pittsburgh Pirates: 3 FS|2026-08-03 vs Pittsburgh Pirates: 3 FS|2026-08-02 @ Los Angeles Angels: 4 FS,2026-08-11 @ San Diego Padres: 5 FS|2026-08-10 @ San Diego Padres: 0 FS|2026-08-09 vs Minnesota Twins: 7 FS|2026-08-08 vs Minnesota Twins: 2 FS|2026-08-07 vs Minnesota Twins: 12 FS|2026-08-06 vs Pittsburgh Pirates: 9 FS|2026-08-05 vs Pittsburgh Pirates: 0 FS|2026-08-04 vs Pittsburgh Pirates: 3 FS|2026-08-03 vs Pittsburgh Pirates: 3 FS|2026-08-02 @ Los Angeles Angels: 4 FS|2026-07-31 @ Los Angeles Angels: 0 FS|2026-07-29 @ San Francisco Giants: 10 FS|2026-07-28 @ San Francisco Giants: 9 FS|2026-07-25 vs Colorado Rockies: 8 FS|2026-07-24 vs Colorado Rockies: 0 FS,15,30,4.9,3.0,Last 30 games + shrinkage,5.0,5.14,0.225,Neutral,4.9,1.532,0.1915,0.0638,0.0,0.1064,0.0638,5.16,5.12,5.13,5.09,4.68,28.0,16.0,20.0,16.0,20.0,6.0,24.69,72.6,27.4,Recent workload,No,38.9,28.4,22.7,53.2,0.86,66,1.93,1.0,1.0,1.0,75.0,125,77.4,13.6,0.0,21.6,0.276,0.82,1.0,1.0,1.0,0.9617,302,Statcast,1.0,1,Fallback,125,77.4,12.0,13.55,35.0,15.2,64.0,20.8,1.0083,0.9722,0.9417,1.0026,0.8074,0.998,4.74,-0.16,Unknown/neutral,Neutral fallback,1.0,1.0,1.0,1.0,1.0,1.0,Neutral fallback,1.072,3,27.0,1.3,27.0,0.9023,0.1022,0.024,0.0037,0.0044,0.1109,0.011,0.2184,0.5385,0.2154,0.2462,0.0779,0.054,0.039,1.0,Yes,4.94,0.0,6.05,11.04,3.82,0.0,Raw,42.8,42.8,42.8,36.2,36.2,26.0,26.0,26.0,23.0,23.0,16.6,16.6,16.6,13.9,13.9,10.6,10.6,10.6,8.0,8.0,6.5,6.5,6.5,4.9,4.9,4.1,4.1,8.0,8.0,7.5,7.0,6.0,5.0,4.5,4.0,3.5,3.0,2.5,1.0,0.0,0.0,0.0,0.0,0.0,0.0,0.0,0.0,0.0,0.0,0.0,0.0,0.0,0.0,0.0,Pass,
230,2026-08-12,Leo Jiménez,MIA,PIT,PIT @ MIA,HOME,3B,4.21,4.36,4.36,2.42,5.24,5.53,4.63,5.24,1.195,4.8,2.9,4.53,2|8|7|7|0,2|8|7|7|0|0|2|0|3|0,2|8|7|7|0|0|2|0|3|0|13|0|2|14|10,54.2,54.2,53.7,47.0,46.0,33.8,33.3,32.8,28.4,27.9,20.5,19.0,14.2,14.2,14.2,11.3,11.3,8.9,8.9,7.6,7.6,7.6,6.3,6.3,5.5,5.5,5.5,115.67,D,LESS 5.0 | 66.2% | Edge +0.6,LESS,5.0,66.2,0.64,32.4,Playable,8,Today Posted,8.0,6.0,3,6-5-7,33.3,100.0,3.34,Usage risk,7,0.88,Carmen Mlodzinski,R,3.51,1.36,0.2392,0.0191,0.0766,4.32,1.32,0.2128,0.0271,loanDepot park,0.96,1.0,,,,,Indoor/retractable neutral,155,135,0.215,0.31,0.289,0.599,81,0.637,29,4,0,2,15,13,13,6,1,2026-08-09 vs Los Angeles Angels: 2 FS|2026-08-07 vs Los Angeles Angels: 8 FS|2026-08-06 @ Atlanta Braves: 7 FS|2026-08-04 @ Atlanta Braves: 7 FS|2026-08-01 @ New York Mets: 0 FS,2026-08-09 vs Los Angeles Angels: 2 FS|2026-08-07 vs Los Angeles Angels: 8 FS|2026-08-06 @ Atlanta Braves: 7 FS|2026-08-04 @ Atlanta Braves: 7 FS|2026-08-01 @ New York Mets: 0 FS|2026-07-26 vs San Diego Padres: 0 FS|2026-07-24 vs San Diego Padres: 2 FS|2026-07-21 @ Houston Astros: 0 FS|2026-07-20 @ Houston Astros: 3 FS|2026-07-19 @ Milwaukee Brewers: 0 FS,2026-08-09 vs Los Angeles Angels: 2 FS|2026-08-07 vs Los Angeles Angels: 8 FS|2026-08-06 @ Atlanta Braves: 7 FS|2026-08-04 @ Atlanta Braves: 7 FS|2026-08-01 @ New York Mets: 0 FS|2026-07-26 vs San Diego Padres: 0 FS|2026-07-24 vs San Diego Padres: 2 FS|2026-07-21 @ Houston Astros: 0 FS|2026-07-20 @ Houston Astros: 3 FS|2026-07-19 @ Milwaukee Brewers: 0 FS|2026-07-18 @ Milwaukee Brewers: 13 FS|2026-07-17 @ Milwaukee Brewers: 0 FS|2026-07-12 vs Cleveland Guardians: 2 FS|2026-07-10 vs Cleveland Guardians: 14 FS|2026-07-09 vs Seattle Mariners: 10 FS,15,30,4.4,2.0,Last 30 games + shrinkage,3.71,4.14,0.219,Neutral,4.4,1.568,0.1892,0.027,0.027,0.1081,0.0,4.51,4.68,4.81,4.8,4.47,28.0,16.0,20.0,16.0,20.0,6.0,12.1,35.6,64.4,Recent workload,Yes,33.2,23.9,32.3,46.3,1.0447,48,-1.57,1.0,1.0,1.0,100.0,95,84.2,27.37,1.05,31.58,0.301,0.8707,1.0,1.0,1.0,0.9982,208,Statcast,0.88,12,Statcast,95,84.2,12.0,12.72,31.54,20.0,62.1,17.9,1.0,0.9999,0.9996,0.9998,0.9993,0.9997,4.38,-0.02,Unknown/neutral,Neutral fallback,1.0,1.0,1.0,1.0,1.0,1.0,Neutral fallback,1.072,3,27.0,0.8741,27.0,0.971,0.1409,0.0245,0.0014,0.0099,0.0969,0.0255,0.1999,0.5185,0.2037,0.2778,0.0654,0.1026,0.0043,1.0,Yes,5.24,0.0,6.0,10.78,3.72,0.0,Raw,46.2,46.2,46.2,40.0,40.0,28.8,28.8,28.8,24.9,24.9,18.0,18.0,14.2,14.2,14.2,11.3,11.3,8.9,8.9,7.6,7.6,7.6,6.3,6.3,5.5,5.5,5.5,8.0,8.0,7.5,7.0,6.0,5.0,4.5,4.0,3.5,3.0,2.5,1.0,0.0,0.0,0.0,0.0,0.0,0.0,0.0,0.0,0.0,0.0,0.0,0.0,0.0,0.0,0.0,Pass,
231,2026-08-12,Masyn Winn,STL,PHI,PHI @ STL,HOME,SS,4.76,3.65,3.65,2.47,4.32,5.02,4.12,4.68,1.218,6.4,6.2,6.07,0|8|7|12|5,0|8|7|12|5|19|0|3|4|4,0|8|7|12|5|19|0|3|4|4|9|5|5|0|10,45.3,45.3,44.8,40.7,39.7,28.3,27.8,27.3,23.3,22.8,17.3,15.8,14.8,11.3,11.3,9.2,9.2,6.4,6.4,6.4,5.3,5.3,4.1,4.1,4.1,3.5,3.5,115.56,D,LESS 4.0 | 59.3% | Edge +0.4,LESS,4.0,59.3,0.35,18.6,Playable,6,Today Posted,6.0,6.0,6,6-6-6-6-6-5,83.3,100.0,4.4,Regular,12,1.04,Zack Wheeler,R,2.89,1.0,0.1894,0.0308,0.0639,4.19,1.3,0.2249,0.0312,Busch Stadium,0.99,1.065,95.3,10.4,337.0,3.0,"hot, light wind",457,402,0.244,0.319,0.326,0.645,339,0.618,98,17,2,4,45,49,41,7,10,2026-08-12 vs Philadelphia Phillies: 0 FS|2026-08-11 vs Philadelphia Phillies: 8 FS|2026-08-10 vs Philadelphia Phillies: 7 FS|2026-08-09 vs Colorado Rockies: 12 FS|2026-08-08 vs Colorado Rockies: 5 FS,2026-08-12 vs Philadelphia Phillies: 0 FS|2026-08-11 vs Philadelphia Phillies: 8 FS|2026-08-10 vs Philadelphia Phillies: 7 FS|2026-08-09 vs Colorado Rockies: 12 FS|2026-08-08 vs Colorado Rockies: 5 FS|2026-08-07 vs Colorado Rockies: 19 FS|2026-08-05 @ New York Yankees: 0 FS|2026-08-04 @ New York Yankees: 3 FS|2026-08-03 @ New York Yankees: 4 FS|2026-08-02 @ Toronto Blue Jays: 4 FS,2026-08-12 vs Philadelphia Phillies: 0 FS|2026-08-11 vs Philadelphia Phillies: 8 FS|2026-08-10 vs Philadelphia Phillies: 7 FS|2026-08-09 vs Colorado Rockies: 12 FS|2026-08-08 vs Colorado Rockies: 5 FS|2026-08-07 vs Colorado Rockies: 19 FS|2026-08-05 @ New York Yankees: 0 FS|2026-08-04 @ New York Yankees: 3 FS|2026-08-03 @ New York Yankees: 4 FS|2026-08-02 @ Toronto Blue Jays: 4 FS|2026-08-01 @ Toronto Blue Jays: 9 FS|2026-07-31 @ Toronto Blue Jays: 5 FS|2026-07-30 vs Chicago Cubs: 5 FS|2026-07-29 vs Chicago Cubs: 0 FS|2026-07-28 vs Chicago Cubs: 10 FS,15,30,5.1,4.5,Last 30 games + shrinkage,7.29,5.79,0.244,Neutral,5.1,1.558,0.2115,0.0769,0.0,0.1154,0.0385,6.13,5.87,6.4,6.93,5.2,28.0,16.0,20.0,16.0,20.0,6.0,21.39,62.9,37.1,Recent workload,No,48.7,37.0,66.6,69.2,1.0775,144,2.56,1.0,1.0,1.0,75.0,247,83.22,23.08,0.4,34.01,0.339,0.8689,1.0,1.0,1.0,0.9751,536,Statcast,0.9283,17,Statcast,247,83.22,12.0,20.3,31.62,14.6,64.0,21.5,0.986,1.0005,0.9878,1.001,0.9893,1.0106,5.98,0.88,Unknown/neutral,Neutral fallback,1.0,1.0,1.0,1.0,1.0,1.0,Neutral fallback,1.072,3,27.0,1.255,27.0,0.9965,0.1235,0.0264,0.0034,0.0056,0.0805,0.0117,0.2334,0.4179,0.2538,0.3283,0.0153,0.1051,0.0144,1.0,Yes,4.68,0.0,4.9,9.77,3.8,0.0,Raw,37.3,37.3,37.3,33.7,33.7,23.3,23.3,23.3,19.8,19.8,14.8,14.8,14.8,11.3,11.3,9.2,9.2,6.4,6.4,6.4,5.3,5.3,4.1,4.1,4.1,3.5,3.5,8.0,8.0,7.5,7.0,6.0,5.0,4.5,4.0,3.5,3.0,2.5,1.0,0.0,0.0,0.0,0.0,0.0,0.0,0.0,0.0,0.0,0.0,0.0,0.0,0.0,0.0,0.0,Pass,
232,2026-08-12,Nicky Lopez,TEX,LAA,TEX @ LAA,AWAY,2B,4.07,3.98,3.98,2.72,3.62,4.66,4.25,4.49,1.096,2.8,2.5,2.67,0|2|12|0|0,0|2|12|0|0|8|3|0|0|0,0|2|12|0|0|8|3|0|0|0|0|2|2|4|7,66.2,51.7,51.2,45.7,44.7,31.0,30.5,30.0,26.3,25.8,19.6,18.1,12.7,12.7,10.2,10.2,7.3,7.3,6.2,6.2,6.2,4.6,4.6,3.9,3.9,2.9,2.9,114.43,D,MORE 2.5 | 66.2% | Edge +1.5,MORE,2.5,66.2,1.48,32.4,Good,9,Last 7 Confirmed,,9.0,5,9-9-9-7-8,60.0,92.3,3.65,Likely regular,11,1.0,George Klassen,R,7.27,2.88,0.2115,0.0192,0.2692,4.49,1.37,0.2037,0.0282,Angel Stadium,1.0,1.04,86.3,10.0,241.0,0.0,"warm, light wind",204,184,0.272,0.311,0.315,0.626,150,0.66,50,3,1,1,19,20,9,2,4,2026-08-11 @ Los Angeles Angels: 0 FS|2026-08-10 @ Los Angeles Angels: 2 FS|2026-08-09 vs Baltimore Orioles: 12 FS|2026-08-08 vs Baltimore Orioles: 0 FS|2026-08-07 vs Baltimore Orioles: 0 FS,2026-08-11 @ Los Angeles Angels: 0 FS|2026-08-10 @ Los Angeles Angels: 2 FS|2026-08-09 vs Baltimore Orioles: 12 FS|2026-08-08 vs Baltimore Orioles: 0 FS|2026-08-07 vs Baltimore Orioles: 0 FS|2026-08-05 vs San Francisco Giants: 8 FS|2026-08-04 vs San Francisco Giants: 3 FS|2026-08-03 vs San Francisco Giants: 0 FS|2026-08-02 @ Houston Astros: 0 FS|2026-08-01 @ Houston Astros: 0 FS,2026-08-11 @ Los Angeles Angels: 0 FS|2026-08-10 @ Los Angeles Angels: 2 FS|2026-08-09 vs Baltimore Orioles: 12 FS|2026-08-08 vs Baltimore Orioles: 0 FS|2026-08-07 vs Baltimore Orioles: 0 FS|2026-08-05 vs San Francisco Giants: 8 FS|2026-08-04 vs San Francisco Giants: 3 FS|2026-08-03 vs San Francisco Giants: 0 FS|2026-08-02 @ Houston Astros: 0 FS|2026-08-01 @ Houston Astros: 0 FS|2026-07-31 @ Houston Astros: 0 FS|2026-07-30 @ Tampa Bay Rays: 2 FS|2026-07-29 @ Tampa Bay Rays: 2 FS|2026-07-28 @ Tampa Bay Rays: 4 FS|2026-07-27 vs Seattle Mariners: 7 FS,15,30,3.47,2.0,Last 30 games + shrinkage,3.57,2.36,0.108,Cold,3.47,0.786,0.0952,0.0238,0.0,0.0714,0.0,5.27,4.82,4.79,5.36,4.97,28.0,16.0,20.0,16.0,20.0,6.0,16.53,48.6,51.4,Recent workload,Yes,42.7,31.7,46.9,68.9,0.8856,92,0.7,1.0,1.0,1.0,75.0,244,78.75,12.3,0.0,25.0,0.277,0.82,1.0,1.0,1.0,0.9408,402,Statcast,1.0008,63,Statcast,244,78.75,12.0,11.67,33.8,12.3,71.7,16.0,1.0239,0.9847,0.9666,0.9695,0.9197,0.9947,3.03,-0.44,Unknown/neutral,Neutral fallback,1.0,1.0,1.0,1.0,1.0,1.0,Neutral fallback,1.072,3,27.0,1.3,27.0,0.9527,0.1621,0.0131,0.0072,0.0039,0.0783,0.0077,0.1778,0.65,0.18,0.17,0.04,0.0981,0.0036,1.0,Projected,4.49,0.0,6.01,10.4,3.67,0.0,Raw,58.2,43.7,43.7,38.7,38.7,26.0,26.0,26.0,22.8,22.8,17.1,17.1,12.7,12.7,10.2,10.2,7.3,7.3,6.2,6.2,6.2,4.6,4.6,3.9,3.9,2.9,2.9,8.0,8.0,7.5,7.0,6.0,5.0,4.5,4.0,3.5,3.0,2.5,1.0,0.0,0.0,0.0,0.0,0.0,0.0,0.0,0.0,0.0,0.0,0.0,0.0,0.0,0.0,0.0,Pass,
233,2026-08-12,Moisés Ballesteros,LAA,TEX,TEX @ LAA,HOME,C,4.65,4.53,4.53,3.35,2.81,4.29,5.55,4.29,0.773,1.6,1.8,2.4,0|0|3|0|5,0|0|3|0|5|3|0|3|0|4,0|0|3|0|5|3|0|3|0|4|5|0|8|2|3,73.9,63.8,50.0,49.5,44.3,32.1,31.6,28.3,22.6,22.1,18.9,15.4,14.4,12.3,12.3,11.4,10.5,10.5,10.0,7.2,7.2,6.9,5.4,5.4,4.5,3.3,3.3,114.13,D,MORE 3.0 | 63.8% | Edge +1.5,MORE,3.0,63.8,1.53,27.6,Good,6,Last 7 Confirmed,,6.0,7,6-6-5-6-6-6-5,71.4,97.0,4.32,Regular,12,1.04,Cal Quantrill,R,3.56,1.19,0.2138,0.0326,0.0688,4.24,1.28,0.2222,0.0327,Angel Stadium,1.0,1.04,86.3,10.0,241.0,0.0,"warm, light wind",205,185,0.216,0.283,0.346,0.629,167,0.694,40,6,0,6,16,23,18,0,1,2026-08-11 vs Texas Rangers: 0 FS|2026-08-10 vs Texas Rangers: 0 FS|2026-08-09 @ Miami Marlins: 3 FS|2026-08-08 @ Miami Marlins: 0 FS|2026-08-07 @ Miami Marlins: 5 FS,2026-08-11 vs Texas Rangers: 0 FS|2026-08-10 vs Texas Rangers: 0 FS|2026-08-09 @ Miami Marlins: 3 FS|2026-08-08 @ Miami Marlins: 0 FS|2026-08-07 @ Miami Marlins: 5 FS|2026-08-06 @ Baltimore Orioles: 3 FS|2026-08-05 @ Baltimore Orioles: 0 FS|2026-08-04 @ Baltimore Orioles: 3 FS|2026-06-16 vs Colorado Rockies: 0 FS|2026-06-15 vs Colorado Rockies: 4 FS,2026-08-11 vs Texas Rangers: 0 FS|2026-08-10 vs Texas Rangers: 0 FS|2026-08-09 @ Miami Marlins: 3 FS|2026-08-08 @ Miami Marlins: 0 FS|2026-08-07 @ Miami Marlins: 5 FS|2026-08-06 @ Baltimore Orioles: 3 FS|2026-08-05 @ Baltimore Orioles: 0 FS|2026-08-04 @ Baltimore Orioles: 3 FS|2026-06-16 vs Colorado Rockies: 0 FS|2026-06-15 vs Colorado Rockies: 4 FS|2026-06-14 @ San Francisco Giants: 5 FS|2026-06-12 @ San Francisco Giants: 0 FS|2026-06-11 @ Colorado Rockies: 8 FS|2026-06-10 @ Colorado Rockies: 2 FS|2026-06-09 @ Colorado Rockies: 3 FS,15,30,2.5,2.5,Last 30 games + shrinkage,1.57,2.36,0.136,Cold,2.5,0.717,0.1304,0.0217,0.0,0.0435,0.0217,6.02,4.91,5.32,5.53,5.94,28.0,16.0,20.0,16.0,20.0,6.0,16.57,48.7,51.3,Recent workload,No,31.4,22.4,49.6,33.7,0.86,26,2.22,1.0,1.0,1.0,75.0,56,82.39,25.0,0.0,26.79,0.352,0.8716,1.0,1.0,1.0,0.9302,96,Statcast,1.027,12,Statcast,56,82.39,12.0,10.36,34.7,12.5,64.3,23.2,1.0224,0.994,0.9999,0.988,0.9815,0.9951,2.09,-0.41,Unknown/neutral,Neutral fallback,1.0,1.0,1.0,1.0,1.0,1.0,Neutral fallback,1.072,3,27.0,0.8625,27.0,0.9506,0.1148,0.02,0.0009,0.0203,0.0728,0.0019,0.2025,0.5715,0.2142,0.2142,0.0266,0.1023,0.0029,1.0,Projected,4.29,1.03,5.67,11.08,4.2,0.0,Raw,65.9,55.8,42.5,42.5,38.3,27.1,27.1,24.3,19.1,19.1,16.4,14.4,14.4,12.3,12.3,11.4,10.5,10.5,10.0,7.2,7.2,6.9,5.4,5.4,4.5,3.3,3.3,8.0,8.0,7.5,7.0,6.0,5.0,4.5,4.0,3.5,3.0,2.5,1.0,0.0,0.0,0.0,0.0,0.0,0.0,0.0,0.0,0.0,0.0,0.0,0.0,0.0,0.0,0.0,Pass,
234,2026-08-12,Austin Wynns,TEX,LAA,TEX @ LAA,AWAY,C,4.17,4.62,4.62,3.24,2.75,4.27,5.01,4.27,0.853,2.4,3.1,2.27,3|0|6|3|0,3|0|6|3|0|0|0|0|16|3,3|0|6|3|0|0|0|0|16|3|0|0|0|3|0,69.1,69.1,54.9,54.4,48.0,35.0,34.5,30.2,29.7,23.1,22.6,16.9,13.2,13.2,10.6,10.6,9.3,7.8,7.8,7.2,7.2,5.5,5.0,5.0,3.8,3.8,3.2,113.0,D,MORE 3.0 | 69.1% | Edge +1.6,MORE,3.0,69.1,1.62,38.2,Good,8,Last 7 Confirmed,,8.0,2,8-8,100.0,85.0,3.34,Usage risk,7,0.88,George Klassen,R,7.27,2.88,0.2115,0.0192,0.2692,4.49,1.37,0.2037,0.0282,Angel Stadium,1.0,1.04,86.3,10.0,241.0,0.0,"warm, light wind",80,75,0.133,0.177,0.173,0.35,17,0.666,10,0,0,1,4,1,4,0,0,2026-08-11 @ Los Angeles Angels: 3 FS|2026-08-09 vs Baltimore Orioles: 0 FS|2026-08-08 vs Baltimore Orioles: 6 FS|2026-08-03 vs San Francisco Giants: 3 FS|2026-08-02 @ Houston Astros: 0 FS,2026-08-11 @ Los Angeles Angels: 3 FS|2026-08-09 vs Baltimore Orioles: 0 FS|2026-08-08 vs Baltimore Orioles: 6 FS|2026-08-03 vs San Francisco Giants: 3 FS|2026-08-02 @ Houston Astros: 0 FS|2026-07-31 @ Houston Astros: 0 FS|2026-07-30 @ Tampa Bay Rays: 0 FS|2026-07-29 @ Tampa Bay Rays: 0 FS|2026-07-28 @ Tampa Bay Rays: 16 FS|2026-07-25 vs Seattle Mariners: 3 FS,2026-08-11 @ Los Angeles Angels: 3 FS|2026-08-09 vs Baltimore Orioles: 0 FS|2026-08-08 vs Baltimore Orioles: 6 FS|2026-08-03 vs San Francisco Giants: 3 FS|2026-08-02 @ Houston Astros: 0 FS|2026-07-31 @ Houston Astros: 0 FS|2026-07-30 @ Tampa Bay Rays: 0 FS|2026-07-29 @ Tampa Bay Rays: 0 FS|2026-07-28 @ Tampa Bay Rays: 16 FS|2026-07-25 vs Seattle Mariners: 3 FS|2026-07-21 vs Chicago White Sox: 0 FS|2026-06-12 @ New York Mets: 0 FS|2026-06-10 @ Chicago White Sox: 0 FS|2026-06-09 @ Chicago White Sox: 3 FS|2026-06-07 vs Pittsburgh Pirates: 0 FS,15,30,1.83,0.0,Last 30 games + shrinkage,1.71,2.43,0.219,Neutral,1.83,1.03,0.2121,0.0303,0.0303,0.0303,0.0,4.55,4.05,4.8,5.04,5.17,28.0,16.0,20.0,16.0,20.0,6.0,16.53,48.6,51.4,Recent workload,Yes,22.1,15.3,9.1,27.6,0.9958,0,0.7,1.0,1.0,1.0,75.0,42,77.3,16.67,0.0,23.81,0.234,0.82,1.0,1.0,1.0,0.86,39,Statcast,1.0,4,Fallback,42,77.3,12.0,19.33,35.0,9.5,83.3,7.1,1.0309,0.9841,0.9708,0.9682,0.9217,1.0043,2.19,0.36,Unknown/neutral,Neutral fallback,1.0,1.0,1.0,1.0,1.0,1.0,Neutral fallback,1.072,3,27.0,0.8625,27.0,1.0,0.1528,0.0205,0.0026,0.0144,0.0889,0.0094,0.2403,0.44,0.36,0.2,0.0785,0.067,0.0069,1.0,Projected,4.27,0.68,6.65,10.06,3.83,0.0,Raw,61.1,61.1,47.4,47.4,42.0,30.0,30.0,26.2,26.2,20.1,20.1,15.9,13.2,13.2,10.6,10.6,9.3,7.8,7.8,7.2,7.2,5.5,5.0,5.0,3.8,3.8,3.2,8.0,8.0,7.5,7.0,6.0,5.0,4.5,4.0,3.5,3.0,2.5,1.0,0.0,0.0,0.0,0.0,0.0,0.0,0.0,0.0,0.0,0.0,0.0,0.0,0.0,0.0,0.0,Pass,
235,2026-08-12,Xander Bogaerts,SD,MIL,MIL @ SD,HOME,SS,4.23,3.62,3.62,2.37,4.92,5.35,4.21,4.97,1.269,2.6,5.8,5.2,5|0|0|0|8,5|0|0|0|8|2|17|3|11|12,5|0|0|0|8|2|17|3|11|12|3|5|0|9|3,46.3,46.3,45.8,38.7,37.7,26.6,26.1,25.6,22.1,21.6,15.8,14.3,13.3,10.5,10.5,8.1,8.1,8.1,6.6,6.6,6.6,5.5,5.5,4.5,4.5,4.5,4.2,112.95,D,LESS 4.0 | 61.3% | Edge +0.4,LESS,4.0,61.3,0.38,22.6,Playable,8,Today Posted,8.0,8.0,6,8-8-8-8-6-6,66.7,100.0,4.04,Regular,14,1.04,Dustin May,R,4.3,1.27,0.2241,0.0166,0.0788,3.54,1.17,0.1976,0.0278,Petco Park,0.94,1.03,81.0,7.9,260.0,1.0,warm,455,394,0.221,0.316,0.317,0.633,339,0.631,87,11,0,9,46,41,54,3,16,2026-08-11 vs Milwaukee Brewers: 5 FS|2026-08-09 vs Houston Astros: 0 FS|2026-08-08 vs Houston Astros: 0 FS|2026-08-07 vs Houston Astros: 0 FS|2026-08-06 @ Arizona Diamondbacks: 8 FS,2026-08-11 vs Milwaukee Brewers: 5 FS|2026-08-09 vs Houston Astros: 0 FS|2026-08-08 vs Houston Astros: 0 FS|2026-08-07 vs Houston Astros: 0 FS|2026-08-06 @ Arizona Diamondbacks: 8 FS|2026-08-05 @ Arizona Diamondbacks: 2 FS|2026-08-04 @ Arizona Diamondbacks: 17 FS|2026-08-03 @ Arizona Diamondbacks: 3 FS|2026-08-02 vs San Francisco Giants: 11 FS|2026-08-01 vs San Francisco Giants: 12 FS,2026-08-11 vs Milwaukee Brewers: 5 FS|2026-08-09 vs Houston Astros: 0 FS|2026-08-08 vs Houston Astros: 0 FS|2026-08-07 vs Houston Astros: 0 FS|2026-08-06 @ Arizona Diamondbacks: 8 FS|2026-08-05 @ Arizona Diamondbacks: 2 FS|2026-08-04 @ Arizona Diamondbacks: 17 FS|2026-08-03 @ Arizona Diamondbacks: 3 FS|2026-08-02 vs San Francisco Giants: 11 FS|2026-08-01 vs San Francisco Giants: 12 FS|2026-07-31 vs San Francisco Giants: 3 FS|2026-07-30 vs San Francisco Giants: 5 FS|2026-07-29 vs Colorado Rockies: 0 FS|2026-07-28 vs Colorado Rockies: 9 FS|2026-07-25 @ Miami Marlins: 3 FS,15,30,5.73,5.0,Last 30 games + shrinkage,4.57,5.36,0.239,Neutral,5.73,1.389,0.2037,0.037,0.0,0.1296,0.037,5.54,5.36,5.47,5.39,4.58,28.0,16.0,20.0,16.0,20.0,6.0,20.64,60.7,39.3,Recent workload,No,49.0,37.4,66.6,67.1,0.9777,146,1.61,1.0,1.0,1.0,75.0,224,84.39,29.46,0.45,20.54,0.311,0.882,1.0,1.0,1.0,1.0373,546,Statcast,0.9806,52,Statcast,224,84.39,12.0,2.79,33.91,21.4,63.4,15.2,1.0045,0.9862,0.9904,1.032,0.8907,0.9898,4.88,-0.85,Unknown/neutral,Neutral fallback,1.0,1.0,1.0,1.0,1.0,1.0,Neutral fallback,1.072,3,27.0,1.3,27.0,0.9693,0.108,0.0186,0.0001,0.0082,0.1228,0.0056,0.2057,0.5725,0.1985,0.229,0.0207,0.0711,0.0213,1.0,Yes,4.97,0.0,4.9,9.98,3.65,0.0,Raw,38.3,38.3,38.3,31.7,31.7,21.6,21.6,21.6,18.6,18.6,13.3,13.3,13.3,10.5,10.5,8.1,8.1,8.1,6.6,6.6,6.6,5.5,5.5,4.5,4.5,4.5,4.2,8.0,8.0,7.5,7.0,6.0,5.0,4.5,4.0,3.5,3.0,2.5,1.0,0.0,0.0,0.0,0.0,0.0,0.0,0.0,0.0,0.0,0.0,0.0,0.0,0.0,0.0,0.0,Pass,
236,2026-08-12,Drew Cavanaugh,SF,HOU,HOU @ SF,HOME,C,4.38,4.42,4.42,2.7,4.21,4.97,4.5,4.82,1.104,3.4,3.4,3.07,0|15|0|0|2,0|15|0|0|2|8|2|0|5|2,0|15|0|0|2|8|2|0|5|2|12|0|0|0|0,67.5,55.6,55.1,48.0,47.0,34.7,34.2,33.7,28.7,28.2,20.8,19.3,14.4,14.4,11.5,11.5,8.8,8.8,8.8,7.4,7.4,6.0,6.0,5.1,5.1,3.9,3.9,112.31,D,MORE 2.5 | 67.5% | Edge +1.9,MORE,2.5,67.5,1.92,35.0,Good,8,Today Posted,8.0,8.0,4,8-7-8-9,50.0,100.0,3.24,Usage risk,7,0.88,Bryan King,L,3.78,1.38,0.2273,0.0318,0.0864,4.57,1.36,0.2057,0.0354,Oracle Park,0.94,1.0,67.0,8.0,243.0,0.0,neutral,79,66,0.242,0.351,0.258,0.609,10,0.347,16,1,0,0,4,5,11,0,1,2026-08-12 vs Houston Astros: 0 FS|2026-08-11 vs Houston Astros: 15 FS|2026-08-10 vs Houston Astros: 0 FS|2026-08-09 vs Detroit Tigers: 0 FS|2026-08-08 vs Detroit Tigers: 2 FS,2026-08-12 vs Houston Astros: 0 FS|2026-08-11 vs Houston Astros: 15 FS|2026-08-10 vs Houston Astros: 0 FS|2026-08-09 vs Detroit Tigers: 0 FS|2026-08-08 vs Detroit Tigers: 2 FS|2026-08-05 @ Texas Rangers: 8 FS|2026-08-02 @ San Diego Padres: 2 FS|2026-07-31 @ San Diego Padres: 0 FS|2026-07-29 vs Milwaukee Brewers: 5 FS|2026-07-28 vs Milwaukee Brewers: 2 FS,2026-08-12 vs Houston Astros: 0 FS|2026-08-11 vs Houston Astros: 15 FS|2026-08-10 vs Houston Astros: 0 FS|2026-08-09 vs Detroit Tigers: 0 FS|2026-08-08 vs Detroit Tigers: 2 FS|2026-08-05 @ Texas Rangers: 8 FS|2026-08-02 @ San Diego Padres: 2 FS|2026-07-31 @ San Diego Padres: 0 FS|2026-07-29 vs Milwaukee Brewers: 5 FS|2026-07-28 vs Milwaukee Brewers: 2 FS|2026-07-26 vs Los Angeles Angels: 12 FS|2026-07-25 vs Los Angeles Angels: 0 FS|2026-07-24 vs Los Angeles Angels: 0 FS|2026-07-22 @ Kansas City Royals: 0 FS|2026-07-19 @ Seattle Mariners: 0 FS,15,29,3.28,0.0,Last 29 games + shrinkage,3.86,3.29,0.241,Neutral,3.28,1.353,0.2059,0.0294,0.0,0.1176,0.0294,4.58,4.39,4.66,4.75,4.71,28.0,16.0,20.0,16.0,20.0,6.0,8.0,25.0,75.0,Recent workload,Yes,35.6,25.6,5.6,45.3,0.9645,40,-1.03,1.0,1.0,1.0,75.0,91,78.23,12.09,0.0,39.56,0.342,0.82,1.0,1.0,1.0,0.9944,195,Statcast,1.0,4,Fallback,91,78.23,12.0,17.43,29.23,16.5,68.1,15.4,1.0027,0.9858,0.9885,1.1951,0.7988,1.0037,3.59,0.31,Unknown/neutral,Neutral fallback,1.0,1.0,1.0,1.0,1.0,1.0,Neutral fallback,1.072,3,27.0,0.9934,27.0,0.9927,0.1406,0.0236,0.0036,0.0095,0.1343,0.008,0.2317,0.5116,0.2093,0.2791,0.0768,0.0843,0.0163,1.0,Yes,4.82,0.0,7.11,10.43,3.67,0.0,Raw,59.5,47.6,47.6,41.0,41.0,29.7,29.7,29.7,25.2,25.2,18.3,18.3,14.4,14.4,11.5,11.5,8.8,8.8,8.8,7.4,7.4,6.0,6.0,5.1,5.1,3.9,3.9,8.0,8.0,7.5,7.0,6.0,5.0,4.5,4.0,3.5,3.0,2.5,1.0,0.0,0.0,0.0,0.0,0.0,0.0,0.0,0.0,0.0,0.0,0.0,0.0,0.0,0.0,0.0,Pass,
237,2026-08-12,Gavin Sheets,SD,MIL,MIL @ SD,HOME,1B,4.48,3.92,3.92,2.13,3.24,4.48,4.8,4.48,0.934,5.0,3.2,3.33,0|2|16|5|2,0|2|16|5|2|0|0|7|0|0,0|2|16|5|2|0|0|7|0|0|2|11|3|2|0,57.1,57.1,46.9,38.7,37.7,27.6,27.1,23.6,23.1,17.5,17.0,13.4,12.4,10.0,10.0,8.8,8.8,7.9,7.3,7.3,7.0,7.0,5.2,5.2,5.0,5.0,3.4,111.6,D,LESS 4.5 | 62.3% | Edge +0.6,LESS,4.5,62.3,0.58,24.6,Playable,7,Today Posted,7.0,7.0,5,7-7-7-7-7,100.0,100.0,4.03,Likely regular,9,1.0,Dustin May,R,4.3,1.27,0.2241,0.0166,0.0788,3.54,1.17,0.1976,0.0278,Petco Park,0.94,1.03,81.0,7.9,260.0,1.0,warm,382,330,0.212,0.314,0.394,0.708,311,0.769,70,15,0,15,44,44,46,4,4,2026-08-11 vs Milwaukee Brewers: 0 FS|2026-08-10 vs Milwaukee Brewers: 2 FS|2026-08-09 vs Houston Astros: 16 FS|2026-08-08 vs Houston Astros: 5 FS|2026-08-07 vs Houston Astros: 2 FS,2026-08-11 vs Milwaukee Brewers: 0 FS|2026-08-10 vs Milwaukee Brewers: 2 FS|2026-08-09 vs Houston Astros: 16 FS|2026-08-08 vs Houston Astros: 5 FS|2026-08-07 vs Houston Astros: 2 FS|2026-08-06 @ Arizona Diamondbacks: 0 FS|2026-08-05 @ Arizona Diamondbacks: 0 FS|2026-08-02 vs San Francisco Giants: 7 FS|2026-08-01 vs San Francisco Giants: 0 FS|2026-07-30 vs San Francisco Giants: 0 FS,2026-08-11 vs Milwaukee Brewers: 0 FS|2026-08-10 vs Milwaukee Brewers: 2 FS|2026-08-09 vs Houston Astros: 16 FS|2026-08-08 vs Houston Astros: 5 FS|2026-08-07 vs Houston Astros: 2 FS|2026-08-06 @ Arizona Diamondbacks: 0 FS|2026-08-05 @ Arizona Diamondbacks: 0 FS|2026-08-02 vs San Francisco Giants: 7 FS|2026-08-01 vs San Francisco Giants: 0 FS|2026-07-30 vs San Francisco Giants: 0 FS|2026-07-29 vs Colorado Rockies: 2 FS|2026-07-28 vs Colorado Rockies: 11 FS|2026-07-26 @ Miami Marlins: 3 FS|2026-07-25 @ Miami Marlins: 2 FS|2026-07-24 @ Miami Marlins: 0 FS,15,30,3.43,2.0,Last 30 games + shrinkage,3.57,3.57,0.185,Cold,3.43,1.429,0.1429,0.0286,0.0286,0.1714,0.0,5.54,4.89,5.5,5.52,5.12,28.0,16.0,20.0,16.0,20.0,6.0,20.64,60.7,39.3,Recent workload,No,40.8,30.1,64.7,68.0,1.0944,117,1.61,1.0,1.0,1.0,75.0,234,80.73,20.94,0.43,26.5,0.301,0.82,1.0,1.0,1.0,0.9832,492,Statcast,0.9632,72,Statcast,234,80.73,12.0,19.4,34.3,11.1,70.5,18.4,1.0098,0.9835,0.9854,1.0263,0.8785,1.0026,3.65,0.22,Unknown/neutral,Neutral fallback,1.0,1.0,1.0,1.0,1.0,1.0,Neutral fallback,1.072,3,27.0,0.9514,27.0,1.0,0.0856,0.02,0.0003,0.0167,0.1347,0.011,0.2208,0.5744,0.2178,0.2078,0.0443,0.1019,0.0003,1.0,Yes,4.48,0.26,4.93,8.66,3.78,0.0,Raw,49.1,49.1,39.4,31.7,31.7,22.6,22.6,19.6,19.6,14.5,14.5,12.4,12.4,10.0,10.0,8.8,8.8,7.9,7.3,7.3,7.0,7.0,5.2,5.2,5.0,5.0,3.4,8.0,8.0,7.5,7.0,6.0,5.0,4.5,4.0,3.5,3.0,2.5,1.0,0.0,0.0,0.0,0.0,0.0,0.0,0.0,0.0,0.0,0.0,0.0,0.0,0.0,0.0,0.0,Pass,
238,2026-08-12,Ernie Clement,TOR,BOS,BOS @ TOR,HOME,2B,4.2,3.62,3.62,2.44,4.96,5.37,4.48,5.02,1.198,3.4,4.1,4.33,2|0|9|6|0,2|0|9|6|0|6|16|0|2|0,2|0|9|6|0|6|16|0|2|0|5|2|7|3|7,42.3,42.3,41.8,40.1,39.1,28.4,27.9,27.4,22.8,22.3,17.7,16.2,11.1,11.1,11.1,9.7,9.7,7.5,7.5,7.5,6.6,6.6,5.5,5.5,5.0,5.0,5.0,111.37,D,LESS 4.0 | 59.9% | Edge +0.4,LESS,4.0,59.9,0.38,19.8,Playable,7,Today Posted,7.0,6.0,6,6-5-5-7-6-7,33.3,100.0,4.19,Regular,13,1.04,Ranger Suarez,L,3.32,1.17,0.2146,0.0142,0.0708,3.49,1.22,0.2161,0.0264,Rogers Centre,1.0,1.0,,,,,Indoor/retractable neutral,476,455,0.281,0.305,0.407,0.712,145,0.684,128,28,1,9,49,40,15,2,4,2026-08-11 vs Boston Red Sox: 2 FS|2026-08-10 vs Boston Red Sox: 0 FS|2026-08-09 @ Philadelphia Phillies: 9 FS|2026-08-08 @ Philadelphia Phillies: 6 FS|2026-08-07 @ Philadelphia Phillies: 0 FS,2026-08-11 vs Boston Red Sox: 2 FS|2026-08-10 vs Boston Red Sox: 0 FS|2026-08-09 @ Philadelphia Phillies: 9 FS|2026-08-08 @ Philadelphia Phillies: 6 FS|2026-08-07 @ Philadelphia Phillies: 0 FS|2026-08-06 @ Chicago Cubs: 6 FS|2026-08-05 @ Houston Astros: 16 FS|2026-08-04 @ Houston Astros: 0 FS|2026-08-03 @ Houston Astros: 2 FS|2026-08-02 vs St. Louis Cardinals: 0 FS,2026-08-11 vs Boston Red Sox: 2 FS|2026-08-10 vs Boston Red Sox: 0 FS|2026-08-09 @ Philadelphia Phillies: 9 FS|2026-08-08 @ Philadelphia Phillies: 6 FS|2026-08-07 @ Philadelphia Phillies: 0 FS|2026-08-06 @ Chicago Cubs: 6 FS|2026-08-05 @ Houston Astros: 16 FS|2026-08-04 @ Houston Astros: 0 FS|2026-08-03 @ Houston Astros: 2 FS|2026-08-02 vs St. Louis Cardinals: 0 FS|2026-08-01 vs St. Louis Cardinals: 5 FS|2026-07-31 vs St. Louis Cardinals: 2 FS|2026-07-29 @ Washington Nationals: 7 FS|2026-07-28 @ Washington Nationals: 3 FS|2026-07-27 @ Washington Nationals: 7 FS,15,30,6.0,5.0,Last 30 games + shrinkage,5.57,4.14,0.17,Cold,6.0,1.055,0.1636,0.0545,0.0182,0.0182,0.0,5.29,5.12,4.89,5.37,4.89,28.0,16.0,20.0,16.0,20.0,6.0,18.86,55.5,44.5,Recent workload,No,50.5,38.8,46.0,72.6,0.993,95,2.03,1.0,1.0,1.0,100.0,291,79.62,11.34,0.34,30.24,0.261,0.82,1.0,1.0,1.0,0.9497,479,Statcast,1.0,2,Fallback,291,79.62,12.0,18.95,32.19,22.7,64.6,12.7,1.0,0.9902,0.9641,0.9804,0.9348,0.9837,4.64,-1.36,Unknown/neutral,Neutral fallback,1.0,1.0,1.0,1.0,1.0,1.0,Neutral fallback,1.072,3,27.0,0.952,27.0,0.9799,0.1313,0.0283,0.0032,0.0103,0.0281,0.0082,0.154,0.39,0.3459,0.2641,0.0403,0.0778,0.0057,1.0,Yes,5.02,0.0,4.83,9.62,3.97,0.0,Raw,34.3,34.3,34.3,33.1,33.1,23.4,23.4,23.4,19.3,19.3,15.2,15.2,11.1,11.1,11.1,9.7,9.7,7.5,7.5,7.5,6.6,6.6,5.5,5.5,5.0,5.0,5.0,8.0,8.0,7.5,7.0,6.0,5.0,4.5,4.0,3.5,3.0,2.5,1.0,0.0,0.0,0.0,0.0,0.0,0.0,0.0,0.0,0.0,0.0,0.0,0.0,0.0,0.0,0.0,Pass,
239,2026-08-12,Freddy Fermin,SD,MIL,MIL @ SD,HOME,C,3.87,3.68,3.68,2.22,6.1,6.06,4.54,5.34,1.28,9.8,6.0,4.87,5|8|5|10|21,5|8|5|10|21|3|3|0|5|0,5|8|5|10|21|3|3|0|5|0|5|3|0|5|0,45.0,45.0,40.7,40.2,39.2,27.7,27.2,26.7,23.9,23.4,17.1,15.6,14.6,12.2,12.2,9.8,9.8,9.8,7.8,7.8,6.8,6.8,6.8,5.5,5.5,5.5,5.0,111.03,D,LESS 4.0 | 59.8% | Edge +0.3,LESS,4.0,59.8,0.32,19.6,Playable,9,Today Posted,9.0,8.0,3,8-9-8,66.7,100.0,3.65,Likely regular,10,1.0,Dustin May,R,4.3,1.27,0.2241,0.0166,0.0788,3.54,1.17,0.1976,0.0278,Petco Park,0.94,1.03,81.0,7.9,260.0,1.0,warm,204,178,0.197,0.275,0.32,0.595,148,0.567,35,10,0,4,18,16,17,3,0,2026-08-10 vs Milwaukee Brewers: 5 FS|2026-08-09 vs Houston Astros: 8 FS|2026-08-06 @ Arizona Diamondbacks: 5 FS|2026-08-04 @ Arizona Diamondbacks: 10 FS|2026-08-01 vs San Francisco Giants: 21 FS,2026-08-10 vs Milwaukee Brewers: 5 FS|2026-08-09 vs Houston Astros: 8 FS|2026-08-06 @ Arizona Diamondbacks: 5 FS|2026-08-04 @ Arizona Diamondbacks: 10 FS|2026-08-01 vs San Francisco Giants: 21 FS|2026-07-31 vs San Francisco Giants: 3 FS|2026-07-29 vs Colorado Rockies: 3 FS|2026-07-28 vs Colorado Rockies: 0 FS|2026-07-25 @ Miami Marlins: 5 FS|2026-07-24 @ Miami Marlins: 0 FS,2026-08-10 vs Milwaukee Brewers: 5 FS|2026-08-09 vs Houston Astros: 8 FS|2026-08-06 @ Arizona Diamondbacks: 5 FS|2026-08-04 @ Arizona Diamondbacks: 10 FS|2026-08-01 vs San Francisco Giants: 21 FS|2026-07-31 vs San Francisco Giants: 3 FS|2026-07-29 vs Colorado Rockies: 3 FS|2026-07-28 vs Colorado Rockies: 0 FS|2026-07-25 @ Miami Marlins: 5 FS|2026-07-24 @ Miami Marlins: 0 FS|2026-07-23 @ Atlanta Braves: 5 FS|2026-07-20 @ Atlanta Braves: 3 FS|2026-07-19 @ Kansas City Royals: 0 FS|2026-07-18 @ Kansas City Royals: 5 FS|2026-07-17 @ Kansas City Royals: 0 FS,15,30,5.2,3.0,Last 30 games + shrinkage,7.86,5.21,0.35,Hot,5.2,1.738,0.3333,0.0952,0.0238,0.0,0.0,4.37,4.9,4.94,5.09,4.08,28.0,16.0,20.0,16.0,20.0,6.0,20.64,60.7,39.3,Recent workload,No,34.5,24.9,46.5,45.3,0.9631,38,1.61,1.0,1.0,1.0,75.0,91,83.23,20.88,0.0,28.57,0.335,0.8561,1.0,1.0,1.0,1.0097,186,Statcast,0.9756,13,Statcast,91,83.23,12.0,19.69,35.0,22.0,63.7,14.3,1.0098,0.9903,1.0108,1.0405,0.9205,1.0067,5.76,0.56,Unknown/neutral,Neutral fallback,1.0,1.0,1.0,1.0,1.0,1.0,Neutral fallback,1.072,3,27.0,0.8625,27.0,0.9728,0.1093,0.0428,0.001,0.0104,0.0684,0.0157,0.2142,0.375,0.375,0.25,0.0407,0.0741,0.002,1.0,Yes,5.34,0.0,4.78,9.9,3.48,0.0,Raw,37.0,37.0,33.2,33.2,33.2,22.7,22.7,22.7,20.4,20.4,14.6,14.6,14.6,12.2,12.2,9.8,9.8,9.8,7.8,7.8,6.8,6.8,6.8,5.5,5.5,5.5,5.0,8.0,8.0,7.5,7.0,6.0,5.0,4.5,4.0,3.5,3.0,2.5,1.0,0.0,0.0,0.0,0.0,0.0,0.0,0.0,0.0,0.0,0.0,0.0,0.0,0.0,0.0,0.0,Pass,
240,2026-08-12,Brayan Rocchio,CLE,DET,CLE @ DET,AWAY,SS,3.87,3.86,3.86,2.44,5.19,5.51,4.68,5.18,1.178,1.8,2.4,2.4,0|3|3|0|3,0|3|3|0|3|6|7|0|2|0,0|3|3|0|3|6|7|0|2|0|5|2|5|0|0,47.8,47.8,47.3,43.1,42.1,29.5,29.0,26.1,25.6,25.1,18.8,17.3,13.3,13.3,13.3,11.1,11.1,8.6,8.6,7.6,7.6,7.6,6.2,6.2,5.5,5.5,3.9,110.58,D,LESS 5.0 | 70.5% | Edge +1.1,LESS,5.0,70.5,1.14,41.0,Good,9,Today Posted,9.0,6.0,7,9-7-6-7-6-6-9,42.9,100.0,3.88,Regular,14,1.04,Framber Valdez,L,4.17,1.37,0.2312,0.0215,0.0806,3.48,1.2,0.2058,0.0261,Comerica Park,0.97,1.04,81.9,12.2,239.0,10.0,"warm, light wind",456,409,0.252,0.316,0.369,0.685,143,0.648,103,17,2,9,44,50,31,9,15,2026-08-11 @ Detroit Tigers: 0 FS|2026-08-09 @ Chicago White Sox: 3 FS|2026-08-08 @ Chicago White Sox: 3 FS|2026-08-07 @ Chicago White Sox: 0 FS|2026-08-06 vs New York Mets: 3 FS,2026-08-11 @ Detroit Tigers: 0 FS|2026-08-09 @ Chicago White Sox: 3 FS|2026-08-08 @ Chicago White Sox: 3 FS|2026-08-07 @ Chicago White Sox: 0 FS|2026-08-06 vs New York Mets: 3 FS|2026-08-05 vs New York Mets: 6 FS|2026-08-04 vs New York Mets: 7 FS|2026-08-02 vs Arizona Diamondbacks: 0 FS|2026-08-01 vs Arizona Diamondbacks: 2 FS|2026-07-31 vs Arizona Diamondbacks: 0 FS,2026-08-11 @ Detroit Tigers: 0 FS|2026-08-09 @ Chicago White Sox: 3 FS|2026-08-08 @ Chicago White Sox: 3 FS|2026-08-07 @ Chicago White Sox: 0 FS|2026-08-06 vs New York Mets: 3 FS|2026-08-05 vs New York Mets: 6 FS|2026-08-04 vs New York Mets: 7 FS|2026-08-02 vs Arizona Diamondbacks: 0 FS|2026-08-01 vs Arizona Diamondbacks: 2 FS|2026-07-31 vs Arizona Diamondbacks: 0 FS|2026-07-29 @ Cincinnati Reds: 5 FS|2026-07-28 @ Cincinnati Reds: 2 FS|2026-07-28 @ Cincinnati Reds: 5 FS|2026-07-26 @ Tampa Bay Rays: 0 FS|2026-07-25 @ Tampa Bay Rays: 0 FS,15,30,5.07,3.0,Last 30 games + shrinkage,3.14,2.57,0.118,Cold,5.07,0.621,0.1034,0.0172,0.0,0.069,0.0,5.49,4.57,4.29,4.87,4.81,28.0,16.0,20.0,16.0,20.0,6.0,24.11,70.9,29.1,Recent workload,No,49.5,37.8,45.7,72.3,0.9866,112,3.05,1.0,1.0,1.0,75.0,287,80.74,18.82,1.39,32.75,0.296,0.82,1.0,1.0,1.0,0.9282,605,Statcast,1.0,1,Fallback,287,80.74,12.0,19.1,32.84,14.3,61.0,24.7,1.0301,1.0032,1.0752,1.1642,0.9152,0.9776,3.2,-1.86,Unknown/neutral,Neutral fallback,1.0,1.0,1.0,1.0,1.0,1.0,Neutral fallback,1.072,3,27.0,1.3,27.0,0.9954,0.1129,0.0311,0.0053,0.0089,0.047,0.0182,0.1657,0.4014,0.313,0.2856,0.0288,0.0814,0.0041,1.0,Yes,5.18,0.0,4.8,10.69,3.83,0.0,Raw,39.8,39.8,39.8,36.1,36.1,24.5,24.5,22.1,22.1,22.1,16.3,16.3,13.3,13.3,13.3,11.1,11.1,8.6,8.6,7.6,7.6,7.6,6.2,6.2,5.5,5.5,3.9,8.0,8.0,7.5,7.0,6.0,5.0,4.5,4.0,3.5,3.0,2.5,1.0,0.0,0.0,0.0,0.0,0.0,0.0,0.0,0.0,0.0,0.0,0.0,0.0,0.0,0.0,0.0,Pass,
241,2026-08-12,Christian Vázquez,HOU,SF,HOU @ SF,AWAY,C,3.57,3.63,3.63,2.7,4.23,4.97,4.49,4.78,1.107,1.6,2.1,3.47,0|0|0|3|5,0|0|0|3|5|3|0|10|0|0,0|0|0|3|5|3|0|10|0|0|0|0|16|12|3,59.0,45.9,45.4,40.4,39.4,27.7,27.2,26.7,23.7,23.2,17.0,15.5,11.6,11.6,9.3,9.3,7.2,7.2,7.2,6.2,6.2,5.2,5.2,4.8,4.8,3.5,3.5,107.72,D,MORE 2.5 | 59.0% | Edge +1.1,MORE,2.5,59.0,1.13,18.0,Playable,9,Today Posted,9.0,9.0,2,9-9,100.0,100.0,3.65,Likely regular,10,1.0,Adrian Houser,R,4.5,1.36,0.2389,0.0351,0.0726,4.34,1.36,0.2172,0.0248,Oracle Park,0.94,1.0,67.0,8.0,243.0,0.0,neutral,222,202,0.213,0.266,0.322,0.588,168,0.578,43,7,0,5,18,23,15,0,1,2026-08-12 @ San Francisco Giants: 0 FS|2026-08-10 @ San Francisco Giants: 0 FS|2026-08-08 @ San Diego Padres: 0 FS|2026-08-02 vs Texas Rangers: 3 FS|2026-07-28 @ Los Angeles Angels: 5 FS,2026-08-12 @ San Francisco Giants: 0 FS|2026-08-10 @ San Francisco Giants: 0 FS|2026-08-08 @ San Diego Padres: 0 FS|2026-08-02 vs Texas Rangers: 3 FS|2026-07-28 @ Los Angeles Angels: 5 FS|2026-07-27 @ Los Angeles Angels: 3 FS|2026-07-26 @ Chicago White Sox: 0 FS|2026-07-24 @ Chicago White Sox: 10 FS|2026-07-22 vs Miami Marlins: 0 FS|2026-07-21 vs Miami Marlins: 0 FS,2026-08-12 @ San Francisco Giants: 0 FS|2026-08-10 @ San Francisco Giants: 0 FS|2026-08-08 @ San Diego Padres: 0 FS|2026-08-02 vs Texas Rangers: 3 FS|2026-07-28 @ Los Angeles Angels: 5 FS|2026-07-27 @ Los Angeles Angels: 3 FS|2026-07-26 @ Chicago White Sox: 0 FS|2026-07-24 @ Chicago White Sox: 10 FS|2026-07-22 vs Miami Marlins: 0 FS|2026-07-21 vs Miami Marlins: 0 FS|2026-07-17 vs Baltimore Orioles: 0 FS|2026-07-12 @ Texas Rangers: 0 FS|2026-07-11 @ Texas Rangers: 16 FS|2026-07-07 @ Washington Nationals: 12 FS|2026-07-05 vs Tampa Bay Rays: 3 FS,15,30,2.83,0.0,Last 30 games + shrinkage,1.57,3.5,0.189,Cold,2.83,1.195,0.1707,0.0488,0.0244,0.0488,0.0244,4.72,4.26,4.79,4.86,4.43,28.0,16.0,20.0,16.0,20.0,6.0,11.19,32.9,67.1,Recent workload,Yes,31.7,22.8,49.7,48.8,1.1243,53,-2.0,1.0,1.0,1.0,75.0,105,78.37,15.24,0.95,35.24,0.258,0.82,1.0,1.0,1.0,0.9429,229,Statcast,0.9407,51,Statcast,105,78.37,12.0,17.57,33.13,11.4,67.6,20.9,1.0027,0.9862,0.9902,1.1962,0.8015,0.995,2.42,-0.41,Unknown/neutral,Neutral fallback,1.0,1.0,1.0,1.0,1.0,1.0,Neutral fallback,1.072,3,27.0,0.8625,27.0,0.9985,0.1265,0.0202,0.0014,0.0107,0.0711,0.0022,0.1872,0.3912,0.2826,0.3262,0.0313,0.0749,0.0041,1.0,Yes,4.78,0.0,4.91,9.34,3.64,0.0,Raw,51.0,37.9,37.9,33.4,33.4,22.7,22.7,22.7,20.2,20.2,14.5,14.5,11.6,11.6,9.3,9.3,7.2,7.2,7.2,6.2,6.2,5.2,5.2,4.8,4.8,3.5,3.5,8.0,8.0,7.5,7.0,6.0,5.0,4.5,4.0,3.5,3.0,2.5,1.0,0.0,0.0,0.0,0.0,0.0,0.0,0.0,0.0,0.0,0.0,0.0,0.0,0.0,0.0,0.0,Pass,
242,2026-08-12,Kyle Isbel,KC,LAD,KC @ LAD,AWAY,CF,4.13,3.72,3.72,2.18,3.62,4.66,5.22,4.66,0.893,3.6,3.5,3.2,0|16|2|0|0,0|16|2|0|0|0|2|10|5|0,0|16|2|0|0|0|2|10|5|0|3|10|0|0|0,54.2,54.2,42.6,38.5,37.5,27.2,26.7,24.4,23.9,19.0,18.5,14.8,12.3,12.3,10.4,10.4,9.8,9.8,8.9,8.9,8.4,5.8,5.8,5.5,5.5,3.6,3.6,106.89,D,LESS 4.0 | 61.5% | Edge +0.3,LESS,4.0,61.5,0.28,23.0,Playable,9,Last 7 Confirmed,,9.0,6,9-9-9-9-9-9,100.0,97.0,3.65,Likely regular,11,1.0,Eric Lauer,L,4.89,1.26,0.2237,0.0566,0.0746,3.72,1.16,0.1956,0.0326,UNIQLO Field at Dodger Stadium,1.0,1.0,,,,,Weather unavailable,209,188,0.229,0.279,0.34,0.619,47,0.469,43,7,1,4,18,15,11,3,5,2026-08-11 @ Los Angeles Dodgers: 0 FS|2026-08-10 @ Los Angeles Dodgers: 16 FS|2026-08-09 vs Chicago Cubs: 2 FS|2026-08-08 vs Chicago Cubs: 0 FS|2026-08-07 vs Chicago Cubs: 0 FS,2026-08-11 @ Los Angeles Dodgers: 0 FS|2026-08-10 @ Los Angeles Dodgers: 16 FS|2026-08-09 vs Chicago Cubs: 2 FS|2026-08-08 vs Chicago Cubs: 0 FS|2026-08-07 vs Chicago Cubs: 0 FS|2026-08-06 vs Minnesota Twins: 0 FS|2026-08-05 vs Minnesota Twins: 2 FS|2026-08-04 vs Minnesota Twins: 10 FS|2026-06-09 vs Texas Rangers: 5 FS|2026-06-06 @ Minnesota Twins: 0 FS,2026-08-11 @ Los Angeles Dodgers: 0 FS|2026-08-10 @ Los Angeles Dodgers: 16 FS|2026-08-09 vs Chicago Cubs: 2 FS|2026-08-08 vs Chicago Cubs: 0 FS|2026-08-07 vs Chicago Cubs: 0 FS|2026-08-06 vs Minnesota Twins: 0 FS|2026-08-05 vs Minnesota Twins: 2 FS|2026-08-04 vs Minnesota Twins: 10 FS|2026-06-09 vs Texas Rangers: 5 FS|2026-06-06 @ Minnesota Twins: 0 FS|2026-06-05 @ Minnesota Twins: 3 FS|2026-06-04 @ Minnesota Twins: 10 FS|2026-06-03 @ Cincinnati Reds: 0 FS|2026-06-02 @ Cincinnati Reds: 0 FS|2026-06-01 @ Cincinnati Reds: 0 FS,15,30,3.3,2.0,Last 30 games + shrinkage,2.86,3.43,0.175,Cold,3.3,1.067,0.1556,0.0222,0.0222,0.0667,0.0,4.93,4.25,4.81,4.96,4.9,28.0,16.0,20.0,16.0,20.0,6.0,22.65,66.6,33.4,Recent workload,No,29.5,21.0,21.7,23.6,0.9184,12,0.47,1.0,1.0,1.0,75.0,34,82.98,29.41,0.0,32.35,0.22,0.82,1.0,1.0,1.0,0.9135,56,Statcast,1.0,1,Fallback,34,82.98,12.0,14.35,27.35,11.8,52.9,35.3,1.0,0.9973,0.9901,0.9946,0.982,1.0021,3.47,0.17,Unknown/neutral,Neutral fallback,1.0,1.0,1.0,1.0,1.0,1.0,Neutral fallback,1.072,3,27.0,1.2101,27.0,0.9469,0.099,0.0175,0.007,0.0219,0.0527,0.0066,0.2046,0.65,0.2779,0.0721,0.0631,0.0847,0.0117,1.0,Projected,4.66,0.4,4.86,10.22,3.53,0.0,Raw,46.2,46.2,35.1,31.5,31.5,22.2,22.2,20.4,20.4,16.0,16.0,13.8,12.3,12.3,10.4,10.4,9.8,9.8,8.9,8.9,8.4,5.8,5.8,5.5,5.5,3.6,3.6,8.0,8.0,7.5,7.0,6.0,5.0,4.5,4.0,3.5,3.0,2.5,1.0,0.0,0.0,0.0,0.0,0.0,0.0,0.0,0.0,0.0,0.0,0.0,0.0,0.0,0.0,0.0,Pass,
243,2026-08-12,José Fermín,STL,PHI,PHI @ STL,HOME,LF,4.25,3.37,3.37,1.0,5.49,5.69,4.43,5.21,1.28,9.4,6.4,5.53,0|3|19|0|25,0|3|19|0|25|0|0|0|12|5,0|3|19|0|25|0|0|0|12|5|0|3|2|0|14,41.1,41.1,40.6,36.2,35.2,24.8,24.3,23.8,20.8,20.3,15.5,14.0,13.0,10.3,10.3,8.3,8.3,8.3,6.6,6.6,6.6,6.1,6.1,5.5,5.5,5.5,5.2,104.31,D,LESS 4.0 | 63.8% | Edge +0.6,LESS,4.0,63.8,0.63,27.6,Playable,8,Today Posted,8.0,5.0,6,5-7-8-5-4-3,33.3,100.0,3.8,Likely regular,11,1.0,Zack Wheeler,R,2.89,1.0,0.1894,0.0308,0.0639,4.19,1.3,0.2249,0.0312,Busch Stadium,0.99,1.065,95.3,10.4,337.0,3.0,"hot, light wind",254,224,0.241,0.312,0.357,0.669,134,0.575,54,11,0,5,21,27,23,1,6,2026-08-12 vs Philadelphia Phillies: 0 FS|2026-08-11 vs Philadelphia Phillies: 3 FS|2026-08-10 vs Philadelphia Phillies: 19 FS|2026-08-09 vs Colorado Rockies: 0 FS|2026-08-08 vs Colorado Rockies: 25 FS,2026-08-12 vs Philadelphia Phillies: 0 FS|2026-08-11 vs Philadelphia Phillies: 3 FS|2026-08-10 vs Philadelphia Phillies: 19 FS|2026-08-09 vs Colorado Rockies: 0 FS|2026-08-08 vs Colorado Rockies: 25 FS|2026-08-07 vs Colorado Rockies: 0 FS|2026-08-05 @ New York Yankees: 0 FS|2026-08-04 @ New York Yankees: 0 FS|2026-08-03 @ New York Yankees: 12 FS|2026-08-02 @ Toronto Blue Jays: 5 FS,2026-08-12 vs Philadelphia Phillies: 0 FS|2026-08-11 vs Philadelphia Phillies: 3 FS|2026-08-10 vs Philadelphia Phillies: 19 FS|2026-08-09 vs Colorado Rockies: 0 FS|2026-08-08 vs Colorado Rockies: 25 FS|2026-08-07 vs Colorado Rockies: 0 FS|2026-08-05 @ New York Yankees: 0 FS|2026-08-04 @ New York Yankees: 0 FS|2026-08-03 @ New York Yankees: 12 FS|2026-08-02 @ Toronto Blue Jays: 5 FS|2026-07-31 @ Toronto Blue Jays: 0 FS|2026-07-30 vs Chicago Cubs: 3 FS|2026-07-29 vs Chicago Cubs: 2 FS|2026-07-28 vs Chicago Cubs: 0 FS|2026-07-27 vs Chicago Cubs: 14 FS,15,30,4.63,2.0,Last 30 games + shrinkage,6.71,4.93,0.19,Cold,4.63,1.408,0.1633,0.0408,0.0,0.1224,0.0612,5.18,4.95,5.16,5.64,4.64,28.0,16.0,20.0,16.0,20.0,6.0,21.39,62.9,37.1,Recent workload,No,45.2,33.8,44.1,65.4,0.9887,98,2.56,1.0,1.0,1.0,75.0,208,82.69,25.96,1.44,32.69,0.324,0.8687,1.0,1.0,1.0,0.9792,418,Statcast,1.0,7,Fallback,208,82.69,12.0,18.76,29.15,27.9,63.9,8.2,0.986,0.9984,0.9803,0.9968,0.9756,1.01,5.46,0.83,Unknown/neutral,Neutral fallback,1.0,1.0,1.0,1.0,1.0,1.0,Neutral fallback,1.072,3,27.0,1.2043,27.0,0.9887,0.1067,0.0221,0.0007,0.0133,0.0768,0.0066,0.1842,0.4138,0.2758,0.3104,0.0333,0.0921,0.0261,1.0,Yes,5.21,0.0,4.84,9.96,3.51,0.0,Raw,33.1,33.1,33.1,29.2,29.2,19.8,19.8,19.8,17.3,17.3,13.0,13.0,13.0,10.3,10.3,8.3,8.3,8.3,6.6,6.6,6.6,6.1,6.1,5.5,5.5,5.5,5.2,8.0,8.0,7.5,7.0,6.0,5.0,4.5,4.0,3.5,3.0,2.5,1.0,0.0,0.0,0.0,0.0,0.0,0.0,0.0,0.0,0.0,0.0,0.0,0.0,0.0,0.0,0.0,Pass,
244,2026-08-12,TJ Friedl,CIN,CWS,CIN @ CWS,AWAY,CF,3.41,3.69,3.69,2.07,3.12,4.43,4.62,4.43,0.96,0.0,1.6,2.33,0|0|0|0|0,0|0|0|0|0|6|2|2|6|0,0|0|0|0|0|6|2|2|6|0|3|4|0|0|12,56.3,56.3,44.7,38.0,37.0,27.4,26.9,23.7,23.2,17.8,17.3,13.3,12.3,10.3,10.3,8.6,8.6,7.7,7.7,6.7,6.7,6.2,6.2,4.2,4.2,3.9,3.9,103.72,D,LESS 4.0 | 62.0% | Edge +0.3,LESS,4.0,62.0,0.31,24.0,Playable,8,Today Posted,8.0,,0,,0.0,100.0,3.8,Likely regular,11,1.0,Luis Castillo,R,5.3,1.41,0.2451,0.0369,0.0716,4.1,1.3,0.2093,0.0284,Rate Field,1.0,1.0,,,,,Weather unavailable,237,207,0.164,0.25,0.246,0.496,204,0.507,34,6,1,3,19,11,20,4,5,2026-08-09 @ Washington Nationals: 0 FS|2026-08-04 vs Athletics: 0 FS|2026-08-01 vs Pittsburgh Pirates: 0 FS|2026-07-28 vs Cleveland Guardians: 0 FS|2026-07-25 @ St. Louis Cardinals: 0 FS,2026-08-09 @ Washington Nationals: 0 FS|2026-08-04 vs Athletics: 0 FS|2026-08-01 vs Pittsburgh Pirates: 0 FS|2026-07-28 vs Cleveland Guardians: 0 FS|2026-07-25 @ St. Louis Cardinals: 0 FS|2026-07-21 @ Seattle Mariners: 6 FS|2026-07-19 @ Colorado Rockies: 2 FS|2026-07-17 @ Colorado Rockies: 2 FS|2026-07-11 vs Chicago Cubs: 6 FS|2026-07-10 vs Chicago Cubs: 0 FS,2026-08-09 @ Washington Nationals: 0 FS|2026-08-04 vs Athletics: 0 FS|2026-08-01 vs Pittsburgh Pirates: 0 FS|2026-07-28 vs Cleveland Guardians: 0 FS|2026-07-25 @ St. Louis Cardinals: 0 FS|2026-07-21 @ Seattle Mariners: 6 FS|2026-07-19 @ Colorado Rockies: 2 FS|2026-07-17 @ Colorado Rockies: 2 FS|2026-07-11 vs Chicago Cubs: 6 FS|2026-07-10 vs Chicago Cubs: 0 FS|2026-07-09 vs Philadelphia Phillies: 3 FS|2026-07-08 vs Philadelphia Phillies: 4 FS|2026-07-07 vs Philadelphia Phillies: 0 FS|2026-07-05 vs Baltimore Orioles: 0 FS|2026-07-04 vs Baltimore Orioles: 12 FS,15,30,2.67,1.0,Last 30 games + shrinkage,1.14,1.64,0.083,Cold,2.67,0.561,0.0732,0.0,0.0,0.122,0.0,4.91,4.7,4.81,5.2,4.42,28.0,16.0,20.0,16.0,20.0,6.0,23.07,67.9,32.1,Recent workload,No,28.3,20.1,54.5,38.2,0.9081,36,-2.7,1.0,1.0,1.0,75.0,68,79.53,17.65,0.0,19.12,0.169,0.82,1.0,1.0,1.0,0.9252,165,Statcast,1.0684,16,Statcast,68,79.53,12.0,28.57,31.11,11.8,64.7,23.5,1.0,0.9902,0.9639,0.9803,0.9344,0.9909,1.91,-0.76,Unknown/neutral,Neutral fallback,1.0,1.0,1.0,1.0,1.0,1.0,Neutral fallback,1.072,3,27.0,1.1557,27.0,0.9709,0.0802,0.0192,0.0055,0.012,0.0865,0.0141,0.2192,0.3126,0.5312,0.1562,0.0334,0.051,0.0055,1.0,Yes,4.43,0.15,4.95,9.75,4.14,0.0,Raw,48.3,48.3,37.2,31.0,31.0,22.4,22.4,19.7,19.7,14.8,14.8,12.3,12.3,10.3,10.3,8.6,8.6,7.7,7.7,6.7,6.7,6.2,6.2,4.2,4.2,3.9,3.9,8.0,8.0,7.5,7.0,6.0,5.0,4.5,4.0,3.5,3.0,2.5,1.0,0.0,0.0,0.0,0.0,0.0,0.0,0.0,0.0,0.0,0.0,0.0,0.0,0.0,0.0,0.0,Pass,
245,2026-08-12,Colt Emerson,SEA,NYY,SEA @ NYY,AWAY,SS,3.72,3.56,3.56,2.02,4.33,5.02,5.09,5.02,0.987,1.2,3.5,3.2,0|0|0|3|3,0|0|0|3|3|14|0|12|3|0,0|0|0|3|3|14|0|12|3|0|0|0|5|5|3,54.6,54.6,40.1,37.1,36.1,25.0,24.5,21.8,21.3,17.0,16.5,12.9,11.9,10.6,10.6,9.4,9.4,8.9,8.9,8.2,8.2,8.0,8.0,5.5,5.5,5.4,5.4,103.32,D,LESS 4.0 | 62.9% | Edge +0.4,LESS,4.0,62.9,0.44,25.8,Playable,9,Today Posted,9.0,9.0,7,9-9-9-9-9-9-9,100.0,100.0,3.8,Regular,13,1.04,Will Warren,R,4.18,1.37,0.2399,0.0302,0.0746,3.28,1.17,0.201,0.0265,Yankee Stadium,1.06,1.03,85.2,1.4,231.0,1.0,warm,237,217,0.194,0.25,0.341,0.591,159,0.578,42,6,1,8,24,23,15,2,3,2026-08-11 @ New York Yankees: 0 FS|2026-08-09 vs Tampa Bay Rays: 0 FS|2026-08-08 vs Tampa Bay Rays: 0 FS|2026-08-07 vs Tampa Bay Rays: 3 FS|2026-08-06 vs Detroit Tigers: 3 FS,2026-08-11 @ New York Yankees: 0 FS|2026-08-09 vs Tampa Bay Rays: 0 FS|2026-08-08 vs Tampa Bay Rays: 0 FS|2026-08-07 vs Tampa Bay Rays: 3 FS|2026-08-06 vs Detroit Tigers: 3 FS|2026-08-05 vs Detroit Tigers: 14 FS|2026-08-04 vs Detroit Tigers: 0 FS|2026-08-02 vs Minnesota Twins: 12 FS|2026-08-01 vs Minnesota Twins: 3 FS|2026-07-31 vs Minnesota Twins: 0 FS,2026-08-11 @ New York Yankees: 0 FS|2026-08-09 vs Tampa Bay Rays: 0 FS|2026-08-08 vs Tampa Bay Rays: 0 FS|2026-08-07 vs Tampa Bay Rays: 3 FS|2026-08-06 vs Detroit Tigers: 3 FS|2026-08-05 vs Detroit Tigers: 14 FS|2026-08-04 vs Detroit Tigers: 0 FS|2026-08-02 vs Minnesota Twins: 12 FS|2026-08-01 vs Minnesota Twins: 3 FS|2026-07-31 vs Minnesota Twins: 0 FS|2026-07-30 @ Los Angeles Dodgers: 0 FS|2026-07-29 @ Los Angeles Dodgers: 0 FS|2026-07-27 @ Texas Rangers: 5 FS|2026-07-26 @ Texas Rangers: 5 FS|2026-07-25 @ Texas Rangers: 3 FS,15,30,3.2,1.0,Last 30 games + shrinkage,2.86,3.21,0.17,Cold,3.2,0.938,0.1667,0.0208,0.0208,0.0208,0.0,5.35,4.51,5.03,5.35,4.96,28.0,16.0,20.0,16.0,20.0,6.0,19.3,56.8,43.2,Recent workload,No,44.6,33.3,48.3,64.3,1.0763,133,3.31,1.0,1.0,1.0,75.0,198,80.91,18.18,1.52,32.83,0.375,0.8629,1.0,1.0,1.0,0.9683,458,Statcast,1.0,3,Fallback,198,80.91,12.0,16.53,31.05,11.6,66.7,21.7,1.0171,0.9728,0.9501,0.8079,1.064,0.9974,2.98,-0.22,Unknown/neutral,Neutral fallback,1.0,1.0,1.0,1.0,1.0,1.0,Neutral fallback,1.072,3,27.0,1.0746,27.0,1.0,0.1122,0.019,0.0007,0.0218,0.0511,0.002,0.2962,0.5269,0.258,0.215,0.0394,0.0607,0.004,1.0,Yes,5.02,0.05,4.98,9.92,3.52,0.0,Raw,46.6,46.6,32.6,30.1,30.1,20.0,20.0,17.8,17.8,14.0,14.0,11.9,11.9,10.6,10.6,9.4,9.4,8.9,8.9,8.2,8.2,8.0,8.0,5.5,5.5,5.4,5.4,8.0,8.0,7.5,7.0,6.0,5.0,4.5,4.0,3.5,3.0,2.5,1.0,0.0,0.0,0.0,0.0,0.0,0.0,0.0,0.0,0.0,0.0,0.0,0.0,0.0,0.0,0.0,Pass,
246,2026-08-12,Carlos Narváez,BAL,MIN,BAL @ MIN,AWAY,C,3.16,3.66,3.66,2.18,2.75,4.27,4.8,4.27,0.89,1.6,1.9,1.4,3|0|0|5|0,3|0|0|5|0|3|0|2|2|4,3|0|0|5|0|3|0|2|2|4|0|2|0|0|0,55.9,55.9,44.2,38.2,37.2,26.4,25.9,23.0,22.5,16.9,16.4,13.0,10.0,10.0,8.7,8.7,8.0,8.0,7.1,6.7,6.7,4.7,4.7,4.5,4.5,3.0,3.0,103.26,D,LESS 4.0 | 61.8% | Edge +0.3,LESS,4.0,61.8,0.34,23.6,Playable,9,Today Posted,9.0,9.0,5,9-9-9-9-9,100.0,100.0,3.65,Likely regular,10,1.0,Zebby Matthews,R,5.34,1.35,0.2403,0.0465,0.0775,4.6,1.38,0.2212,0.0299,Target Field,0.98,1.03,84.4,5.4,60.0,1.0,warm,222,194,0.18,0.253,0.258,0.511,155,0.501,35,6,0,3,17,10,15,5,1,2026-08-12 @ Minnesota Twins: 3 FS|2026-08-11 @ Minnesota Twins: 0 FS|2026-08-10 @ Minnesota Twins: 0 FS|2026-08-09 @ Texas Rangers: 5 FS|2026-08-08 @ Texas Rangers: 0 FS,2026-08-12 @ Minnesota Twins: 3 FS|2026-08-11 @ Minnesota Twins: 0 FS|2026-08-10 @ Minnesota Twins: 0 FS|2026-08-09 @ Texas Rangers: 5 FS|2026-08-08 @ Texas Rangers: 0 FS|2026-08-07 @ Texas Rangers: 3 FS|2026-08-05 vs Los Angeles Angels: 0 FS|2026-08-04 vs Los Angeles Angels: 2 FS|2026-08-02 @ Los Angeles Dodgers: 2 FS|2026-07-31 @ Los Angeles Dodgers: 4 FS,2026-08-12 @ Minnesota Twins: 3 FS|2026-08-11 @ Minnesota Twins: 0 FS|2026-08-10 @ Minnesota Twins: 0 FS|2026-08-09 @ Texas Rangers: 5 FS|2026-08-08 @ Texas Rangers: 0 FS|2026-08-07 @ Texas Rangers: 3 FS|2026-08-05 vs Los Angeles Angels: 0 FS|2026-08-04 vs Los Angeles Angels: 2 FS|2026-08-02 @ Los Angeles Dodgers: 2 FS|2026-07-31 @ Los Angeles Dodgers: 4 FS|2026-07-29 @ Athletics: 0 FS|2026-07-28 @ Athletics: 2 FS|2026-07-26 vs Toronto Blue Jays: 0 FS|2026-07-24 vs Toronto Blue Jays: 0 FS|2026-07-22 vs Baltimore Orioles: 0 FS,15,30,2.43,2.0,Last 30 games + shrinkage,1.57,1.5,0.094,Cold,2.43,0.525,0.075,0.0,0.0,0.075,0.0,4.66,4.3,4.61,5.01,4.49,28.0,16.0,20.0,16.0,20.0,6.0,22.34,65.7,34.3,Recent workload,No,38.9,28.4,47.7,48.8,0.9872,60,-0.52,1.0,1.0,1.0,75.0,105,80.64,18.1,0.95,34.29,0.366,0.848,1.0,1.0,1.0,1.0389,293,Statcast,0.88,38,Statcast,105,80.64,12.0,23.37,32.82,11.4,76.2,12.4,1.0018,0.9949,0.983,0.9897,0.9675,0.9953,2.04,-0.4,Unknown/neutral,Neutral fallback,1.0,1.0,1.0,1.0,1.0,1.0,Neutral fallback,1.072,3,27.0,0.8625,27.0,0.9111,0.0955,0.0158,0.0009,0.0163,0.0632,0.0217,0.2843,0.3489,0.4419,0.2092,0.0228,0.0539,0.0018,1.0,Yes,4.27,0.4,4.85,9.3,3.84,0.0,Raw,47.9,47.9,36.7,31.2,31.2,21.4,21.4,19.0,19.0,13.9,13.9,12.0,10.0,10.0,8.7,8.7,8.0,8.0,7.1,6.7,6.7,4.7,4.7,4.5,4.5,3.0,3.0,8.0,8.0,7.5,7.0,6.0,5.0,4.5,4.0,3.5,3.0,2.5,1.0,0.0,0.0,0.0,0.0,0.0,0.0,0.0,0.0,0.0,0.0,0.0,0.0,0.0,0.0,0.0,Pass,
247,2026-08-12,Carlos Cortes,ATH,TB,TB @ ATH,HOME,RF,4.37,3.66,3.66,2.1,3.44,4.57,4.87,4.57,0.939,3.8,2.7,2.07,0|9|7|3|0,0|9|7|3|0|0|2|0|6|0,0|9|7|3|0|0|2|0|6|0|4|0|0|0|0,55.2,55.2,42.4,38.0,37.0,27.0,26.5,23.7,23.2,17.4,16.9,13.2,12.2,10.5,10.5,8.8,8.8,8.1,7.1,7.1,6.7,6.7,4.7,4.7,4.5,4.5,3.2,101.88,D,LESS 4.0 | 62.0% | Edge +0.3,LESS,4.0,62.0,0.34,24.0,Playable,4,Today Posted,4.0,4.0,2,4-4,100.0,100.0,4.0,Usage risk,6,0.88,Drew Rasmussen,R,2.71,0.91,0.1866,0.0243,0.0467,3.69,1.14,0.2078,0.0333,Sutter Health Park,1.0,1.03,83.2,4.8,236.0,0.0,warm,273,241,0.257,0.333,0.407,0.74,256,0.728,62,13,1,7,23,30,25,4,2,2026-08-12 vs Tampa Bay Rays: 0 FS|2026-08-11 vs Tampa Bay Rays: 9 FS|2026-08-10 vs Tampa Bay Rays: 7 FS|2026-08-09 @ Boston Red Sox: 3 FS|2026-08-07 @ Boston Red Sox: 0 FS,2026-08-12 vs Tampa Bay Rays: 0 FS|2026-08-11 vs Tampa Bay Rays: 9 FS|2026-08-10 vs Tampa Bay Rays: 7 FS|2026-08-09 @ Boston Red Sox: 3 FS|2026-08-07 @ Boston Red Sox: 0 FS|2026-08-04 @ Cincinnati Reds: 0 FS|2026-08-02 vs Detroit Tigers: 2 FS|2026-08-01 vs Detroit Tigers: 0 FS|2026-07-30 vs Boston Red Sox: 6 FS|2026-07-29 vs Boston Red Sox: 0 FS,2026-08-12 vs Tampa Bay Rays: 0 FS|2026-08-11 vs Tampa Bay Rays: 9 FS|2026-08-10 vs Tampa Bay Rays: 7 FS|2026-08-09 @ Boston Red Sox: 3 FS|2026-08-07 @ Boston Red Sox: 0 FS|2026-08-04 @ Cincinnati Reds: 0 FS|2026-08-02 vs Detroit Tigers: 2 FS|2026-08-01 vs Detroit Tigers: 0 FS|2026-07-30 vs Boston Red Sox: 6 FS|2026-07-29 vs Boston Red Sox: 0 FS|2026-07-26 @ Minnesota Twins: 4 FS|2026-07-24 @ Minnesota Twins: 0 FS|2026-07-22 @ Arizona Diamondbacks: 0 FS|2026-07-21 @ Arizona Diamondbacks: 0 FS|2026-07-19 vs Washington Nationals: 0 FS,15,30,3.2,1.0,Last 30 games + shrinkage,3.0,2.21,0.071,Cold,3.2,0.939,0.0606,0.0303,0.0,0.0909,0.0303,5.29,5.09,5.0,5.33,4.81,28.0,16.0,20.0,16.0,20.0,6.0,19.52,57.4,42.6,Recent workload,No,33.6,24.0,60.1,51.5,0.9495,54,0.17,1.0,1.0,1.0,75.0,117,83.01,19.66,0.0,29.91,0.238,0.82,1.0,1.0,1.0,0.9041,242,Statcast,0.9054,65,Statcast,117,83.01,12.0,19.41,30.95,9.4,66.7,23.9,1.023,0.9996,1.0213,0.9991,1.02,1.0,3.2,-0.0,Unknown/neutral,Neutral fallback,1.0,1.0,1.0,1.0,1.0,1.0,Neutral fallback,1.072,3,27.0,0.8909,27.0,0.9308,0.0828,0.0279,0.0024,0.0144,0.0656,0.0092,0.187,0.4745,0.2542,0.2713,0.0327,0.1422,0.0081,1.0,Yes,4.57,0.22,4.92,9.61,4.26,0.0,Raw,47.2,47.2,34.9,31.0,31.0,22.0,22.0,19.7,19.7,14.4,14.4,12.2,12.2,10.5,10.5,8.8,8.8,8.1,7.1,7.1,6.7,6.7,4.7,4.7,4.5,4.5,3.2,8.0,8.0,7.5,7.0,6.0,5.0,4.5,4.0,3.5,3.0,2.5,1.0,0.0,0.0,0.0,0.0,0.0,0.0,0.0,0.0,0.0,0.0,0.0,0.0,0.0,0.0,0.0,Pass,
248,2026-08-12,Nick Allen,HOU,SF,HOU @ SF,AWAY,SS,3.29,4.07,4.07,3.0,2.92,4.34,4.34,4.34,1.001,1.0,1.4,1.6,0|0|2|0|3,0|0|2|0|3|0|4|0|5|0,0|0|2|0|3|0|4|0|5|0|7|0|3|0|0,66.5,51.8,51.3,46.6,45.6,32.4,31.9,31.4,26.9,26.4,19.4,17.9,12.8,12.8,10.2,10.2,7.6,7.6,6.4,6.4,5.0,5.0,4.2,4.2,3.2,3.2,2.6,101.85,D,MORE 2.5 | 66.5% | Edge +1.6,MORE,2.5,66.5,1.57,33.0,Good,8,Today Posted,8.0,9.0,1,9,100.0,100.0,2.74,High rest/platoon risk,3,0.72,Adrian Houser,R,4.5,1.36,0.2389,0.0351,0.0726,4.34,1.36,0.2172,0.0248,Oracle Park,0.94,1.0,67.0,8.0,243.0,0.0,neutral,120,108,0.25,0.297,0.315,0.612,89,0.514,27,4,0,1,18,11,7,1,2,2026-08-12 @ San Francisco Giants: 0 FS|2026-08-11 @ San Francisco Giants: 0 FS|2026-08-10 @ San Francisco Giants: 2 FS|2026-08-07 @ San Diego Padres: 0 FS|2026-08-05 vs Toronto Blue Jays: 3 FS,2026-08-12 @ San Francisco Giants: 0 FS|2026-08-11 @ San Francisco Giants: 0 FS|2026-08-10 @ San Francisco Giants: 2 FS|2026-08-07 @ San Diego Padres: 0 FS|2026-08-05 vs Toronto Blue Jays: 3 FS|2026-08-04 vs Toronto Blue Jays: 0 FS|2026-08-02 vs Texas Rangers: 4 FS|2026-08-01 vs Texas Rangers: 0 FS|2026-07-31 vs Texas Rangers: 5 FS|2026-07-29 @ Los Angeles Angels: 0 FS,2026-08-12 @ San Francisco Giants: 0 FS|2026-08-11 @ San Francisco Giants: 0 FS|2026-08-10 @ San Francisco Giants: 2 FS|2026-08-07 @ San Diego Padres: 0 FS|2026-08-05 vs Toronto Blue Jays: 3 FS|2026-08-04 vs Toronto Blue Jays: 0 FS|2026-08-02 vs Texas Rangers: 4 FS|2026-08-01 vs Texas Rangers: 0 FS|2026-07-31 vs Texas Rangers: 5 FS|2026-07-29 @ Los Angeles Angels: 0 FS|2026-07-28 @ Los Angeles Angels: 7 FS|2026-07-27 @ Los Angeles Angels: 0 FS|2026-07-26 @ Chicago White Sox: 3 FS|2026-07-25 @ Chicago White Sox: 0 FS|2026-07-24 @ Chicago White Sox: 0 FS,15,30,2.47,0.0,Last 30 games + shrinkage,1.29,1.71,0.308,Hot,2.47,1.714,0.2857,0.0714,0.0,0.0714,0.0,3.9,3.92,4.03,3.82,3.46,28.0,16.0,20.0,16.0,20.0,6.0,11.19,32.9,67.1,Recent workload,Yes,24.7,17.1,34.4,34.5,0.9951,37,-2.0,1.0,1.0,1.0,75.0,58,79.63,12.07,0.0,24.14,0.213,0.82,1.0,1.0,1.0,0.9257,133,Statcast,0.9766,27,Statcast,58,79.63,12.0,18.0,35.0,22.4,56.9,20.7,1.0027,0.9898,1.0039,1.205,0.8226,0.9896,1.6,-0.86,Unknown/neutral,Neutral fallback,1.0,1.0,1.0,1.0,1.0,1.0,Neutral fallback,1.072,3,27.0,1.0705,27.0,0.9831,0.1534,0.0251,0.0025,0.0055,0.0764,0.0056,0.1939,0.5807,0.1935,0.2259,0.0824,0.0831,0.0094,1.0,Yes,4.34,0.0,6.0,10.0,3.79,0.0,Raw,58.5,43.8,43.8,39.6,39.6,27.4,27.4,27.4,23.4,23.4,16.9,16.9,12.8,12.8,10.2,10.2,7.6,7.6,6.4,6.4,5.0,5.0,4.2,4.2,3.2,3.2,2.6,8.0,8.0,7.5,7.0,6.0,5.0,4.5,4.0,3.5,3.0,2.5,1.0,0.0,0.0,0.0,0.0,0.0,0.0,0.0,0.0,0.0,0.0,0.0,0.0,0.0,0.0,0.0,Pass,
249,2026-08-12,Max Muncy,ATH,TB,TB @ ATH,HOME,3B,3.84,3.77,3.77,1.73,5.18,5.5,5.18,5.38,1.061,2.0,1.3,2.53,0|0|7|0|3,0|0|7|0|3|3|0|0|0|0,0|0|7|0|3|3|0|0|0|0|2|8|5|7|3,55.4,41.6,41.1,38.4,37.4,27.5,27.0,24.4,23.9,23.4,18.7,17.2,13.7,13.7,12.1,12.1,10.3,10.3,9.8,9.8,9.0,9.0,8.7,8.7,5.8,5.8,5.8,100.08,F,LESS 4.5 | 62.6% | Edge +0.7,LESS,4.5,62.6,0.73,25.2,Playable,7,Today Posted,7.0,8.0,4,8-8-8-5,75.0,100.0,3.48,Usage risk,7,0.88,Drew Rasmussen,R,2.71,0.91,0.1866,0.0243,0.0467,3.69,1.14,0.2078,0.0333,Sutter Health Park,1.0,1.03,83.2,4.8,236.0,0.0,warm,196,175,0.217,0.286,0.371,0.657,113,0.632,38,8,2,5,24,21,14,4,3,2026-08-12 vs Tampa Bay Rays: 0 FS|2026-08-11 vs Tampa Bay Rays: 0 FS|2026-08-09 @ Boston Red Sox: 7 FS|2026-08-08 @ Boston Red Sox: 0 FS|2026-08-07 @ Boston Red Sox: 3 FS,2026-08-12 vs Tampa Bay Rays: 0 FS|2026-08-11 vs Tampa Bay Rays: 0 FS|2026-08-09 @ Boston Red Sox: 7 FS|2026-08-08 @ Boston Red Sox: 0 FS|2026-08-07 @ Boston Red Sox: 3 FS|2026-08-06 @ Cincinnati Reds: 3 FS|2026-08-05 @ Cincinnati Reds: 0 FS|2026-08-04 @ Cincinnati Reds: 0 FS|2026-07-22 @ Arizona Diamondbacks: 0 FS|2026-07-21 @ Arizona Diamondbacks: 0 FS,2026-08-12 vs Tampa Bay Rays: 0 FS|2026-08-11 vs Tampa Bay Rays: 0 FS|2026-08-09 @ Boston Red Sox: 7 FS|2026-08-08 @ Boston Red Sox: 0 FS|2026-08-07 @ Boston Red Sox: 3 FS|2026-08-06 @ Cincinnati Reds: 3 FS|2026-08-05 @ Cincinnati Reds: 0 FS|2026-08-04 @ Cincinnati Reds: 0 FS|2026-07-22 @ Arizona Diamondbacks: 0 FS|2026-07-21 @ Arizona Diamondbacks: 0 FS|2026-07-07 @ Detroit Tigers: 2 FS|2026-07-05 vs Miami Marlins: 8 FS|2026-06-30 vs Los Angeles Dodgers: 5 FS|2026-06-29 vs Los Angeles Dodgers: 7 FS|2026-06-28 @ Los Angeles Angels: 3 FS,15,30,4.73,2.5,Last 30 games + shrinkage,1.86,2.5,0.152,Cold,4.73,0.946,0.1351,0.0541,0.0,0.1081,0.0,4.64,4.61,4.25,4.46,4.32,28.0,16.0,20.0,16.0,20.0,6.0,19.52,57.4,42.6,Recent workload,No,32.2,23.1,39.9,48.8,0.9691,45,0.17,1.0,1.0,1.0,75.0,105,81.87,21.9,2.86,32.38,0.367,0.8898,1.0,1.0,1.0,0.9608,250,Statcast,1.0505,37,Statcast,105,81.87,12.0,21.69,33.49,20.0,71.4,8.6,1.023,0.9975,1.0134,0.9949,1.0056,0.9766,2.78,-1.95,Unknown/neutral,Neutral fallback,1.0,1.0,1.0,1.0,1.0,1.0,Neutral fallback,1.072,3,27.0,1.2406,27.0,0.9996,0.0918,0.0275,0.0018,0.021,0.0425,0.0121,0.309,0.4285,0.3095,0.262,0.0519,0.1063,0.008,1.0,Yes,5.38,0.0,4.91,11.28,3.89,0.0,Raw,47.4,33.6,33.6,31.4,31.4,22.5,22.5,20.4,20.4,20.4,16.2,16.2,13.7,13.7,12.1,12.1,10.3,10.3,9.8,9.8,9.0,9.0,8.7,8.7,5.8,5.8,5.8,8.0,8.0,7.5,7.0,6.0,5.0,4.5,4.0,3.5,3.0,2.5,1.0,0.0,0.0,0.0,0.0,0.0,0.0,0.0,0.0,0.0,0.0,0.0,0.0,0.0,0.0,0.0,Pass,
250,2026-08-12,Jimmy Crooks,STL,PHI,PHI @ STL,HOME,C,3.93,3.63,3.63,2.1,4.4,5.06,5.39,5.06,0.938,3.4,3.6,2.93,0|0|2|5|10,0|0|2|5|10|16|3|0|0|0,0|0|2|5|10|16|3|0|0|0|0|5|3|0|0,51.5,51.5,39.1,35.9,34.9,25.8,25.3,23.3,22.8,18.1,17.6,14.7,13.7,12.2,12.2,10.9,10.9,10.6,10.0,10.0,9.8,9.8,6.0,6.0,6.0,6.0,4.3,99.41,F,LESS 4.0 | 64.1% | Edge +0.4,LESS,4.0,64.1,0.37,28.2,Playable,9,Today Posted,9.0,8.0,4,8-5-5-8,50.0,100.0,3.65,Likely regular,10,1.0,Zack Wheeler,R,2.89,1.0,0.1894,0.0308,0.0639,4.19,1.3,0.2249,0.0312,Busch Stadium,0.99,1.065,95.3,10.4,337.0,3.0,"hot, light wind",120,109,0.174,0.242,0.321,0.563,104,0.545,19,4,0,4,7,12,7,3,0,2026-08-12 vs Philadelphia Phillies: 0 FS|2026-08-10 vs Philadelphia Phillies: 0 FS|2026-08-09 vs Colorado Rockies: 2 FS|2026-08-07 vs Colorado Rockies: 5 FS|2026-08-05 @ New York Yankees: 10 FS,2026-08-12 vs Philadelphia Phillies: 0 FS|2026-08-10 vs Philadelphia Phillies: 0 FS|2026-08-09 vs Colorado Rockies: 2 FS|2026-08-07 vs Colorado Rockies: 5 FS|2026-08-05 @ New York Yankees: 10 FS|2026-08-03 @ New York Yankees: 16 FS|2026-08-01 @ Toronto Blue Jays: 3 FS|2026-07-31 @ Toronto Blue Jays: 0 FS|2026-07-30 vs Chicago Cubs: 0 FS|2026-07-28 vs Chicago Cubs: 0 FS,2026-08-12 vs Philadelphia Phillies: 0 FS|2026-08-10 vs Philadelphia Phillies: 0 FS|2026-08-09 vs Colorado Rockies: 2 FS|2026-08-07 vs Colorado Rockies: 5 FS|2026-08-05 @ New York Yankees: 10 FS|2026-08-03 @ New York Yankees: 16 FS|2026-08-01 @ Toronto Blue Jays: 3 FS|2026-07-31 @ Toronto Blue Jays: 0 FS|2026-07-30 vs Chicago Cubs: 0 FS|2026-07-28 vs Chicago Cubs: 0 FS|2026-07-26 vs Cincinnati Reds: 0 FS|2026-07-24 vs Cincinnati Reds: 5 FS|2026-07-23 vs Arizona Diamondbacks: 3 FS|2026-07-22 @ Los Angeles Angels: 0 FS|2026-07-20 @ Los Angeles Angels: 0 FS,15,30,3.2,2.0,Last 30 games + shrinkage,5.14,3.14,0.171,Cold,3.2,1.048,0.1667,0.0714,0.0238,0.0,0.0,4.91,4.65,4.81,5.23,4.72,28.0,16.0,20.0,16.0,20.0,6.0,21.39,62.9,37.1,Recent workload,No,36.9,26.8,38.0,50.7,1.0007,47,2.56,1.0,1.0,1.0,75.0,113,85.91,26.55,1.77,32.74,0.353,0.9333,1.0,1.0,1.0,1.0411,217,Statcast,1.0,9,Fallback,113,85.91,12.0,14.5,32.2,15.0,62.8,22.1,0.9877,1.0053,1.0068,1.0105,1.0225,1.0027,3.43,0.23,Unknown/neutral,Neutral fallback,1.0,1.0,1.0,1.0,1.0,1.0,Neutral fallback,1.072,3,27.0,0.8625,27.0,0.9909,0.0876,0.0277,0.0011,0.0294,0.0417,0.0155,0.31,0.3333,0.451,0.2156,0.0444,0.0782,0.0027,1.0,Yes,5.06,0.22,4.91,11.57,3.36,0.0,Raw,43.5,43.5,31.6,28.9,28.9,20.8,20.8,19.3,19.3,15.1,15.1,13.7,13.7,12.2,12.2,10.9,10.9,10.6,10.0,10.0,9.8,9.8,6.0,6.0,6.0,6.0,4.3,8.0,8.0,7.5,7.0,6.0,5.0,4.5,4.0,3.5,3.0,2.5,1.0,0.0,0.0,0.0,0.0,0.0,0.0,0.0,0.0,0.0,0.0,0.0,0.0,0.0,0.0,0.0,Pass,
251,2026-08-12,Christian Koss,SF,HOU,HOU @ SF,HOME,3B,3.99,3.58,3.58,3.01,2.75,4.3,4.4,4.3,0.978,2.6,1.6,2.87,0|7|3|3|0,0|7|3|3|0|0|0|3|0|0,0|7|3|3|0|0|0|3|0|0|3|3|14|0|7,58.8,58.8,43.9,39.7,38.7,27.3,26.8,23.4,22.9,17.2,16.7,12.5,11.5,9.5,9.5,7.4,7.4,6.4,6.4,5.3,5.3,4.8,4.8,3.4,3.4,3.0,3.0,97.6,F,MORE 3.0 | 58.8% | Edge +0.6,MORE,3.0,58.8,0.58,17.6,Playable,9,Today Posted,9.0,9.0,6,9-9-9-9-9-9,100.0,100.0,3.53,Likely regular,11,1.0,Bryan King,L,3.78,1.38,0.2273,0.0318,0.0864,4.57,1.36,0.2057,0.0354,Oracle Park,0.94,1.0,67.0,8.0,243.0,0.0,neutral,69,66,0.167,0.203,0.197,0.4,18,0.444,11,2,0,0,4,2,2,1,1,2026-08-12 vs Houston Astros: 0 FS|2026-08-11 vs Houston Astros: 7 FS|2026-08-10 vs Houston Astros: 3 FS|2026-08-09 vs Detroit Tigers: 3 FS|2026-08-08 vs Detroit Tigers: 0 FS,2026-08-12 vs Houston Astros: 0 FS|2026-08-11 vs Houston Astros: 7 FS|2026-08-10 vs Houston Astros: 3 FS|2026-08-09 vs Detroit Tigers: 3 FS|2026-08-08 vs Detroit Tigers: 0 FS|2026-08-07 vs Detroit Tigers: 0 FS|2026-08-04 @ Texas Rangers: 0 FS|2026-08-03 @ Texas Rangers: 3 FS|2026-08-02 @ San Diego Padres: 0 FS|2026-08-01 @ San Diego Padres: 0 FS,2026-08-12 vs Houston Astros: 0 FS|2026-08-11 vs Houston Astros: 7 FS|2026-08-10 vs Houston Astros: 3 FS|2026-08-09 vs Detroit Tigers: 3 FS|2026-08-08 vs Detroit Tigers: 0 FS|2026-08-07 vs Detroit Tigers: 0 FS|2026-08-04 @ Texas Rangers: 0 FS|2026-08-03 @ Texas Rangers: 3 FS|2026-08-02 @ San Diego Padres: 0 FS|2026-08-01 @ San Diego Padres: 0 FS|2026-07-31 @ San Diego Padres: 3 FS|2026-07-30 @ San Diego Padres: 3 FS|2026-07-29 vs Milwaukee Brewers: 14 FS|2026-07-28 vs Milwaukee Brewers: 0 FS|2026-07-27 vs Milwaukee Brewers: 7 FS,15,29,2.07,0.0,Last 29 games + shrinkage,1.86,2.57,0.186,Cold,2.07,0.837,0.186,0.0233,0.0,0.0,0.0,4.65,4.24,4.46,4.69,4.98,28.0,16.0,20.0,16.0,20.0,6.0,8.0,25.0,75.0,Recent workload,Yes,33.5,23.8,9.6,37.5,0.9525,29,-1.03,1.0,1.0,1.0,75.0,66,79.99,18.18,0.0,31.82,0.289,0.82,1.0,1.0,1.0,0.9415,135,Statcast,1.0,0,Fallback,66,79.99,12.0,16.38,32.81,21.2,65.2,13.6,1.0026,0.9901,1.0048,1.2057,0.8241,1.003,2.32,0.25,Unknown/neutral,Neutral fallback,1.0,1.0,1.0,1.0,1.0,1.0,Neutral fallback,1.072,3,27.0,1.0287,27.0,0.9895,0.1296,0.0261,0.0036,0.0097,0.0638,0.0108,0.2173,0.5142,0.2572,0.2285,0.0713,0.0642,0.0128,1.0,Yes,4.3,0.08,4.97,8.88,3.52,0.0,Raw,50.8,50.8,36.4,32.7,32.7,22.3,22.3,19.4,19.4,14.2,14.2,11.5,11.5,9.5,9.5,7.4,7.4,6.4,6.4,5.3,5.3,4.8,4.8,3.4,3.4,3.0,3.0,8.0,8.0,7.5,7.0,6.0,5.0,4.5,4.0,3.5,3.0,2.5,1.0,0.0,0.0,0.0,0.0,0.0,0.0,0.0,0.0,0.0,0.0,0.0,0.0,0.0,0.0,0.0,Pass,
252,2026-08-12,Jesús Sánchez,TOR,BOS,BOS @ TOR,HOME,RF,3.59,3.46,3.46,0.99,5.91,5.95,4.49,5.29,1.28,2.8,3.7,3.13,2|0|3|9|0,2|0|3|9|0|18|0|5|0|0,2|0|3|9|0|18|0|5|0|0|0|3|4|0|3,41.6,41.6,41.1,37.3,36.3,25.5,25.0,24.5,21.6,21.1,15.8,14.3,13.3,10.4,10.4,8.7,8.7,8.7,7.0,7.0,7.0,6.4,6.4,5.6,5.6,5.6,5.3,96.02,F,LESS 4.0 | 62.7% | Edge +0.5,LESS,4.0,62.7,0.54,25.4,Playable,8,Today Posted,8.0,3.0,4,5-4-3-3,50.0,100.0,3.34,Usage risk,8,0.88,Ranger Suarez,L,3.32,1.17,0.2146,0.0142,0.0708,3.49,1.22,0.2161,0.0264,Rogers Centre,1.0,1.0,,,,,Indoor/retractable neutral,258,235,0.268,0.318,0.434,0.752,28,0.364,63,15,0,8,23,32,13,6,1,2026-08-10 vs Boston Red Sox: 2 FS|2026-08-09 @ Philadelphia Phillies: 0 FS|2026-08-08 @ Philadelphia Phillies: 3 FS|2026-08-07 @ Philadelphia Phillies: 9 FS|2026-08-06 @ Chicago Cubs: 0 FS,2026-08-10 vs Boston Red Sox: 2 FS|2026-08-09 @ Philadelphia Phillies: 0 FS|2026-08-08 @ Philadelphia Phillies: 3 FS|2026-08-07 @ Philadelphia Phillies: 9 FS|2026-08-06 @ Chicago Cubs: 0 FS|2026-08-05 @ Houston Astros: 18 FS|2026-08-04 @ Houston Astros: 0 FS|2026-08-03 @ Houston Astros: 5 FS|2026-07-31 vs St. Louis Cardinals: 0 FS|2026-06-26 vs Texas Rangers: 0 FS,2026-08-10 vs Boston Red Sox: 2 FS|2026-08-09 @ Philadelphia Phillies: 0 FS|2026-08-08 @ Philadelphia Phillies: 3 FS|2026-08-07 @ Philadelphia Phillies: 9 FS|2026-08-06 @ Chicago Cubs: 0 FS|2026-08-05 @ Houston Astros: 18 FS|2026-08-04 @ Houston Astros: 0 FS|2026-08-03 @ Houston Astros: 5 FS|2026-07-31 vs St. Louis Cardinals: 0 FS|2026-06-26 vs Texas Rangers: 0 FS|2026-06-25 vs Texas Rangers: 0 FS|2026-06-23 vs Houston Astros: 3 FS|2026-06-22 vs Houston Astros: 4 FS|2026-06-19 @ Chicago Cubs: 0 FS|2026-06-18 @ Boston Red Sox: 3 FS,15,30,4.7,3.0,Last 30 games + shrinkage,4.57,3.14,0.152,Cold,4.7,1.128,0.1282,0.0513,0.0256,0.1026,0.0,4.15,4.02,3.85,4.24,3.92,28.0,16.0,20.0,16.0,20.0,6.0,18.86,55.5,44.5,Recent workload,No,30.0,21.4,14.1,35.3,0.8804,31,2.03,1.0,1.0,1.0,100.0,60,78.33,21.67,0.0,23.33,0.299,0.82,1.0,1.0,1.0,0.9683,164,Statcast,1.0,0,Fallback,60,78.33,12.0,17.55,34.85,15.0,66.7,18.3,1.0,0.9861,0.9492,0.9723,0.9076,0.9887,3.76,-0.94,Unknown/neutral,Neutral fallback,1.0,1.0,1.0,1.0,1.0,1.0,Neutral fallback,1.072,3,27.0,0.9736,27.0,0.9231,0.0986,0.032,0.0015,0.0121,0.0542,0.0196,0.2274,0.4643,0.3928,0.1429,0.0654,0.0883,0.0058,1.0,Yes,5.29,0.0,4.83,9.95,3.83,0.0,Raw,33.6,33.6,33.6,30.3,30.3,20.5,20.5,20.5,18.1,18.1,13.3,13.3,13.3,10.4,10.4,8.7,8.7,8.7,7.0,7.0,7.0,6.4,6.4,5.6,5.6,5.6,5.3,8.0,8.0,7.5,7.0,6.0,5.0,4.5,4.0,3.5,3.0,2.5,1.0,0.0,0.0,0.0,0.0,0.0,0.0,0.0,0.0,0.0,0.0,0.0,0.0,0.0,0.0,0.0,Pass,
253,2026-08-12,Tyler Heineman,LAA,TEX,TEX @ LAA,HOME,C,3.75,3.64,3.64,2.62,4.56,5.15,4.56,4.91,1.13,1.2,0.9,2.87,0|0|3|3|0,0|0|3|3|0|0|0|0|3|0,0|0|3|3|0|0|0|0|3|0|16|0|0|10|8,59.2,44.1,43.6,40.1,39.1,27.3,26.8,26.3,23.2,22.7,17.9,16.4,12.1,12.1,10.4,10.4,10.4,7.8,7.8,7.0,7.0,5.8,5.8,5.0,5.0,5.0,3.6,95.91,F,MORE 2.5 | 59.2% | Edge +1.1,MORE,2.5,59.2,1.14,18.4,Playable,9,Last 7 Confirmed,,9.0,3,9-9-9,100.0,88.5,3.65,Likely regular,9,1.0,Cal Quantrill,R,3.56,1.19,0.2138,0.0326,0.0688,4.24,1.28,0.2222,0.0327,Angel Stadium,1.0,1.04,86.3,10.0,241.0,0.0,"warm, light wind",141,125,0.176,0.226,0.232,0.458,43,0.659,22,2,1,1,9,8,5,3,1,2026-08-11 vs Texas Rangers: 0 FS|2026-08-10 vs Texas Rangers: 0 FS|2026-08-08 @ Miami Marlins: 3 FS|2026-08-07 @ Miami Marlins: 3 FS|2026-08-05 @ Baltimore Orioles: 0 FS,2026-08-11 vs Texas Rangers: 0 FS|2026-08-10 vs Texas Rangers: 0 FS|2026-08-08 @ Miami Marlins: 3 FS|2026-08-07 @ Miami Marlins: 3 FS|2026-08-05 @ Baltimore Orioles: 0 FS|2026-08-04 @ Baltimore Orioles: 0 FS|2026-08-02 vs Milwaukee Brewers: 0 FS|2026-07-31 vs Milwaukee Brewers: 0 FS|2026-07-29 vs Houston Astros: 3 FS|2026-07-27 vs Houston Astros: 0 FS,2026-08-11 vs Texas Rangers: 0 FS|2026-08-10 vs Texas Rangers: 0 FS|2026-08-08 @ Miami Marlins: 3 FS|2026-08-07 @ Miami Marlins: 3 FS|2026-08-05 @ Baltimore Orioles: 0 FS|2026-08-04 @ Baltimore Orioles: 0 FS|2026-08-02 vs Milwaukee Brewers: 0 FS|2026-07-31 vs Milwaukee Brewers: 0 FS|2026-07-29 vs Houston Astros: 3 FS|2026-07-27 vs Houston Astros: 0 FS|2026-07-24 @ San Francisco Giants: 16 FS|2026-07-22 vs St. Louis Cardinals: 0 FS|2026-07-20 vs St. Louis Cardinals: 0 FS|2026-07-19 vs Detroit Tigers: 10 FS|2026-07-10 @ Minnesota Twins: 8 FS,15,30,3.0,0.0,Last 30 games + shrinkage,0.86,2.5,0.179,Cold,3.0,1.029,0.1471,0.0294,0.0,0.0588,0.0294,4.37,4.39,4.65,4.74,4.85,28.0,16.0,20.0,16.0,20.0,6.0,16.57,48.7,51.3,Recent workload,No,30.7,21.8,20.2,40.9,1.0198,18,2.22,1.0,1.0,1.0,75.0,76,74.06,7.89,0.0,27.63,0.28,0.82,1.0,1.0,1.0,1.0412,113,Statcast,1.0,9,Fallback,76,74.06,12.0,12.43,32.7,11.8,59.2,28.9,1.0247,0.982,0.9571,0.964,0.9018,0.9889,2.07,-0.93,Unknown/neutral,Neutral fallback,1.0,1.0,1.0,1.0,1.0,1.0,Neutral fallback,1.072,3,27.0,0.8864,27.0,1.0,0.1223,0.0198,0.0087,0.0098,0.053,0.0082,0.1736,0.6136,0.1819,0.2045,0.0554,0.0587,0.0086,1.0,Projected,4.91,0.0,4.88,10.54,3.76,0.0,Raw,51.2,36.1,36.1,33.1,33.1,22.3,22.3,22.3,19.7,19.7,15.4,15.4,12.1,12.1,10.4,10.4,10.4,7.8,7.8,7.0,7.0,5.8,5.8,5.0,5.0,5.0,3.6,8.0,8.0,7.5,7.0,6.0,5.0,4.5,4.0,3.5,3.0,2.5,1.0,0.0,0.0,0.0,0.0,0.0,0.0,0.0,0.0,0.0,0.0,0.0,0.0,0.0,0.0,0.0,Pass,
254,2026-08-12,Myles Straw,TOR,BOS,BOS @ TOR,HOME,RF,3.53,3.23,3.23,0.99,4.97,5.38,4.21,4.87,1.279,4.2,5.8,5.93,12|0|5|4|0,12|0|5|4|0|0|7|17|13|0,12|0|5|4|0|0|7|17|13|0|5|2|7|0|17,40.7,40.7,40.2,37.6,36.6,25.3,24.8,24.3,21.9,21.4,15.8,14.3,13.3,10.5,10.5,8.5,8.5,8.5,6.4,6.4,6.4,5.8,5.8,4.4,4.4,4.4,3.7,94.62,F,LESS 3.5 | 59.8% | Edge +0.3,LESS,3.5,59.8,0.27,19.6,Playable,9,Today Posted,9.0,9.0,5,8-7-9-1-9,40.0,100.0,3.21,Usage risk,8,0.88,Ranger Suarez,L,3.32,1.17,0.2146,0.0142,0.0708,3.49,1.22,0.2161,0.0264,Rogers Centre,1.0,1.0,,,,,Indoor/retractable neutral,229,207,0.222,0.274,0.333,0.607,129,0.535,46,12,1,3,34,19,15,1,7,2026-08-11 vs Boston Red Sox: 12 FS|2026-08-10 vs Boston Red Sox: 0 FS|2026-08-09 @ Philadelphia Phillies: 5 FS|2026-08-08 @ Philadelphia Phillies: 4 FS|2026-08-07 @ Philadelphia Phillies: 0 FS,2026-08-11 vs Boston Red Sox: 12 FS|2026-08-10 vs Boston Red Sox: 0 FS|2026-08-09 @ Philadelphia Phillies: 5 FS|2026-08-08 @ Philadelphia Phillies: 4 FS|2026-08-07 @ Philadelphia Phillies: 0 FS|2026-08-06 @ Chicago Cubs: 0 FS|2026-08-05 @ Houston Astros: 7 FS|2026-08-04 @ Houston Astros: 17 FS|2026-08-03 @ Houston Astros: 13 FS|2026-08-02 vs St. Louis Cardinals: 0 FS,2026-08-11 vs Boston Red Sox: 12 FS|2026-08-10 vs Boston Red Sox: 0 FS|2026-08-09 @ Philadelphia Phillies: 5 FS|2026-08-08 @ Philadelphia Phillies: 4 FS|2026-08-07 @ Philadelphia Phillies: 0 FS|2026-08-06 @ Chicago Cubs: 0 FS|2026-08-05 @ Houston Astros: 7 FS|2026-08-04 @ Houston Astros: 17 FS|2026-08-03 @ Houston Astros: 13 FS|2026-08-02 vs St. Louis Cardinals: 0 FS|2026-08-01 vs St. Louis Cardinals: 5 FS|2026-07-31 vs St. Louis Cardinals: 2 FS|2026-07-29 @ Washington Nationals: 7 FS|2026-07-28 @ Washington Nationals: 0 FS|2026-07-27 @ Washington Nationals: 17 FS,15,30,3.8,0.0,Last 30 games + shrinkage,4.0,5.14,0.231,Neutral,3.8,1.714,0.2143,0.1429,0.0,0.0238,0.0476,4.31,4.24,4.39,4.07,3.71,28.0,16.0,20.0,16.0,20.0,6.0,18.86,55.5,44.5,Recent workload,No,39.7,28.9,43.1,58.2,1.0684,87,2.03,1.0,1.0,1.0,100.0,153,79.17,16.99,1.96,30.07,0.281,0.82,1.0,1.0,1.0,0.9609,300,Statcast,1.0,8,Fallback,153,79.17,12.0,19.44,32.58,18.9,67.3,13.7,1.0,0.9892,0.9604,0.9784,0.928,1.0147,5.03,1.23,Unknown/neutral,Neutral fallback,1.0,1.0,1.0,1.0,1.0,1.0,Neutral fallback,1.072,3,27.0,1.3,27.0,1.0,0.0908,0.044,0.0038,0.0065,0.0481,0.0052,0.1768,0.4588,0.2824,0.2588,0.0619,0.0649,0.03,1.0,Yes,4.87,0.0,4.83,9.95,3.66,0.0,Raw,32.7,32.7,32.7,30.6,30.6,20.3,20.3,20.3,18.4,18.4,13.3,13.3,13.3,10.5,10.5,8.5,8.5,8.5,6.4,6.4,6.4,5.8,5.8,4.4,4.4,4.4,3.7,8.0,8.0,7.5,7.0,6.0,5.0,4.5,4.0,3.5,3.0,2.5,1.0,0.0,0.0,0.0,0.0,0.0,0.0,0.0,0.0,0.0,0.0,0.0,0.0,0.0,0.0,0.0,Pass,
255,2026-08-12,Drew Romo,CWS,CIN,CIN @ CWS,HOME,C,3.06,3.13,3.13,2.1,2.75,4.27,4.67,4.27,0.914,1.0,1.9,2.07,0|2|0|0|3,0|2|0|0|3|0|3|9|2|0,0|2|0|0|3|0|3|9|2|0|5|0|0|0|7,46.6,46.6,38.5,32.2,31.2,23.0,22.5,20.3,19.8,14.7,14.2,11.7,8.5,8.5,7.7,7.7,7.0,7.0,6.4,6.4,6.2,6.2,4.2,4.2,4.2,2.8,2.8,94.2,F,LESS 3.5 | 61.5% | Edge +0.4,LESS,3.5,61.5,0.37,23.0,Playable,9,Today Posted,9.0,9.0,2,9-9,100.0,100.0,3.65,Likely regular,11,1.0,Rhett Lowder,R,5.26,1.48,0.2325,0.0275,0.0975,4.47,1.4,0.2127,0.0324,Rate Field,1.0,1.0,,,,,Weather unavailable,160,143,0.126,0.208,0.266,0.474,127,0.439,18,5,0,5,12,11,13,2,1,2026-08-08 vs Cleveland Guardians: 0 FS|2026-08-06 @ Boston Red Sox: 2 FS|2026-08-05 @ Boston Red Sox: 0 FS|2026-08-02 @ Tampa Bay Rays: 0 FS|2026-07-31 @ Tampa Bay Rays: 3 FS,2026-08-08 vs Cleveland Guardians: 0 FS|2026-08-06 @ Boston Red Sox: 2 FS|2026-08-05 @ Boston Red Sox: 0 FS|2026-08-02 @ Tampa Bay Rays: 0 FS|2026-07-31 @ Tampa Bay Rays: 3 FS|2026-07-29 vs New York Yankees: 0 FS|2026-07-28 vs New York Yankees: 3 FS|2026-07-26 vs Houston Astros: 9 FS|2026-07-24 vs Houston Astros: 2 FS|2026-07-21 @ Texas Rangers: 0 FS,2026-08-08 vs Cleveland Guardians: 0 FS|2026-08-06 @ Boston Red Sox: 2 FS|2026-08-05 @ Boston Red Sox: 0 FS|2026-08-02 @ Tampa Bay Rays: 0 FS|2026-07-31 @ Tampa Bay Rays: 3 FS|2026-07-29 vs New York Yankees: 0 FS|2026-07-28 vs New York Yankees: 3 FS|2026-07-26 vs Houston Astros: 9 FS|2026-07-24 vs Houston Astros: 2 FS|2026-07-21 @ Texas Rangers: 0 FS|2026-07-20 @ Texas Rangers: 5 FS|2026-07-19 @ Toronto Blue Jays: 0 FS|2026-07-11 vs Athletics: 0 FS|2026-07-09 vs Boston Red Sox: 0 FS|2026-07-04 @ Cleveland Guardians: 7 FS,15,30,1.73,0.0,Last 30 games + shrinkage,1.14,1.71,0.093,Cold,1.73,0.533,0.0889,0.0222,0.0,0.0222,0.0,4.74,3.72,4.41,4.79,4.45,28.0,16.0,20.0,16.0,20.0,6.0,18.39,54.1,45.9,Recent workload,No,34.6,25.0,42.8,44.7,0.9497,56,2.55,1.0,1.0,1.0,75.0,89,79.54,21.35,1.12,26.97,0.2,0.82,1.0,1.0,1.0,0.901,203,Statcast,1.0,8,Fallback,89,79.54,12.0,24.02,33.42,16.9,69.7,13.5,1.0,0.9921,0.9712,0.9843,0.9476,0.9984,1.6,-0.13,Unknown/neutral,Neutral fallback,1.0,1.0,1.0,1.0,1.0,1.0,Neutral fallback,1.072,3,27.0,0.8702,27.0,0.9712,0.0606,0.0211,0.0011,0.0159,0.0724,0.0165,0.2362,0.3422,0.4211,0.2368,0.0418,0.0536,0.0031,1.0,Yes,4.27,0.27,4.84,8.5,3.61,0.0,Raw,38.6,38.6,31.0,25.2,25.2,18.0,18.0,16.3,16.3,11.7,11.7,10.7,8.5,8.5,7.7,7.7,7.0,7.0,6.4,6.4,6.2,6.2,4.2,4.2,4.2,2.8,2.8,8.0,8.0,7.5,7.0,6.0,5.0,4.5,4.0,3.5,3.0,2.5,1.0,0.0,0.0,0.0,0.0,0.0,0.0,0.0,0.0,0.0,0.0,0.0,0.0,0.0,0.0,0.0,Pass,
256,2026-08-12,Tommy White,ATH,TB,TB @ ATH,HOME,3B,3.34,3.01,3.01,1.08,4.59,5.26,3.95,4.58,1.28,1.0,2.7,2.87,0|0|2|3|0,0|0|2|3|0|8|3|0|0|11,0|0|2|3|0|8|3|0|0|11|0|0|0|16|0,37.4,37.4,36.9,34.9,33.9,22.9,22.4,21.9,18.0,17.5,13.6,12.1,11.1,8.0,8.0,8.0,6.6,6.6,5.0,5.0,5.0,4.5,4.5,3.8,3.8,3.8,3.3,90.74,F,LESS 3.5 | 63.1% | Edge +0.5,LESS,3.5,63.1,0.49,26.2,Playable,8,Today Posted,8.0,5.0,6,9-5-5-5-2-6,50.0,100.0,3.95,Regular,13,1.04,Drew Rasmussen,R,2.71,0.91,0.1866,0.0243,0.0467,3.69,1.14,0.2078,0.0333,Sutter Health Park,1.0,1.03,83.2,4.8,236.0,0.0,warm,89,87,0.241,0.258,0.264,0.522,48,0.484,21,2,0,0,8,1,2,0,0,2026-08-12 vs Tampa Bay Rays: 0 FS|2026-08-11 vs Tampa Bay Rays: 0 FS|2026-08-09 @ Boston Red Sox: 2 FS|2026-08-08 @ Boston Red Sox: 3 FS|2026-08-07 @ Boston Red Sox: 0 FS,2026-08-12 vs Tampa Bay Rays: 0 FS|2026-08-11 vs Tampa Bay Rays: 0 FS|2026-08-09 @ Boston Red Sox: 2 FS|2026-08-08 @ Boston Red Sox: 3 FS|2026-08-07 @ Boston Red Sox: 0 FS|2026-08-06 @ Cincinnati Reds: 8 FS|2026-08-05 @ Cincinnati Reds: 3 FS|2026-08-04 @ Cincinnati Reds: 0 FS|2026-08-02 vs Detroit Tigers: 0 FS|2026-08-01 vs Detroit Tigers: 11 FS,2026-08-12 vs Tampa Bay Rays: 0 FS|2026-08-11 vs Tampa Bay Rays: 0 FS|2026-08-09 @ Boston Red Sox: 2 FS|2026-08-08 @ Boston Red Sox: 3 FS|2026-08-07 @ Boston Red Sox: 0 FS|2026-08-06 @ Cincinnati Reds: 8 FS|2026-08-05 @ Cincinnati Reds: 3 FS|2026-08-04 @ Cincinnati Reds: 0 FS|2026-08-02 vs Detroit Tigers: 0 FS|2026-08-01 vs Detroit Tigers: 11 FS|2026-07-31 vs Detroit Tigers: 0 FS|2026-07-30 vs Boston Red Sox: 0 FS|2026-07-29 vs Boston Red Sox: 0 FS|2026-07-28 vs Boston Red Sox: 16 FS|2026-07-27 vs Boston Red Sox: 0 FS,15,23,3.87,2.0,Last 23 games + shrinkage,2.29,3.07,0.212,Neutral,3.87,0.827,0.2115,0.0,0.0,0.0,0.0,4.47,4.1,4.21,4.51,4.47,28.0,16.0,20.0,16.0,20.0,6.0,19.52,57.4,42.6,Recent workload,No,43.7,32.4,22.0,52.2,0.9622,49,0.17,1.0,1.0,1.0,75.0,120,81.24,21.67,0.83,29.17,0.319,0.8293,1.0,1.0,1.0,0.9596,222,Statcast,0.9861,28,Statcast,120,81.24,12.0,12.67,31.12,15.8,61.7,22.5,1.0186,0.9919,0.9883,0.9838,0.9635,0.9856,2.67,-1.2,Unknown/neutral,Neutral fallback,1.0,1.0,1.0,1.0,1.0,1.0,Neutral fallback,1.072,3,27.0,0.9661,27.0,0.9728,0.1281,0.0198,0.0013,0.0061,0.0286,0.0034,0.1984,0.5652,0.1883,0.2464,0.0652,0.0374,0.0041,1.0,Yes,4.58,0.0,4.92,8.76,3.75,0.0,Raw,29.4,29.4,29.4,27.9,27.9,17.9,17.9,17.9,14.5,14.5,11.1,11.1,11.1,8.0,8.0,8.0,6.6,6.6,5.0,5.0,5.0,4.5,4.5,3.8,3.8,3.8,3.3,8.0,8.0,7.5,7.0,6.0,5.0,4.5,4.0,3.5,3.0,2.5,1.0,0.0,0.0,0.0,0.0,0.0,0.0,0.0,0.0,0.0,0.0,0.0,0.0,0.0,0.0,0.0,Pass,
257,2026-08-12,Sean Murphy,ATL,NYM,NYM @ ATL,HOME,C,3.55,3.63,3.63,1.59,2.75,5.3,4.82,5.11,1.1,2.0,1.86,1.86,5|0|3|2|0,5|0|3|2|0|3|0,5|0|3|2|0|3|0,55.4,43.6,43.1,39.0,38.0,26.9,26.4,24.2,23.7,23.2,17.5,16.0,12.9,12.9,10.4,10.4,8.4,8.4,7.7,7.7,7.7,6.7,6.7,6.2,6.2,4.4,4.4,83.9,F,LESS 4.0 | 61.0% | Edge +0.4,LESS,4.0,61.0,0.37,22.0,Playable,9,Today Posted,9.0,9.0,3,9-8-9,66.7,100.0,3.11,Usage risk,7,0.88,Zac Thornton,L,2.52,1.07,0.1961,0.0196,0.0784,4.12,1.31,0.2105,0.0279,Truist Park,1.01,1.055,90.4,8.6,279.0,5.0,hot,25,25,0.12,0.12,0.16,0.28,8,0.0,3,1,0,0,1,0,0,0,0,2026-08-10 vs New York Mets: 5 FS|2026-08-07 @ New York Yankees: 0 FS|2026-08-05 vs Miami Marlins: 3 FS|2026-05-10 @ Los Angeles Dodgers: 2 FS|2026-05-09 @ Los Angeles Dodgers: 0 FS,2026-08-10 vs New York Mets: 5 FS|2026-08-07 @ New York Yankees: 0 FS|2026-08-05 vs Miami Marlins: 3 FS|2026-05-10 @ Los Angeles Dodgers: 2 FS|2026-05-09 @ Los Angeles Dodgers: 0 FS|2026-05-06 @ Seattle Mariners: 3 FS|2026-05-04 @ Seattle Mariners: 0 FS,2026-08-10 vs New York Mets: 5 FS|2026-08-07 @ New York Yankees: 0 FS|2026-08-05 vs Miami Marlins: 3 FS|2026-05-10 @ Los Angeles Dodgers: 2 FS|2026-05-09 @ Los Angeles Dodgers: 0 FS|2026-05-06 @ Seattle Mariners: 3 FS|2026-05-04 @ Seattle Mariners: 0 FS,7,7,1.86,2.0,Last 7 games + shrinkage,1.86,1.86,0.12,Cold,1.86,0.52,0.12,0.04,0.0,0.0,0.0,4.02,3.74,3.74,3.74,4.13,28.0,16.0,20.0,16.0,20.0,6.0,22.35,65.7,34.3,Recent workload,No,11.8,7.7,4.5,9.8,1.0002,0,-0.03,1.0,1.0,1.0,75.0,12,84.02,33.33,0.0,33.33,0.351,0.9151,1.0,1.0,1.0,0.9023,14,Statcast,1.0,0,Fallback,0,88.0,7.5,12.0,24.0,40.0,35.0,25.0,1.0105,1.0099,1.047,1.0197,1.0769,1.0025,2.06,0.2,Unknown/neutral,Neutral fallback,1.0,1.0,1.0,1.0,1.0,1.0,Neutral fallback,1.072,3,27.0,0.8625,27.0,1.0,0.1003,0.0353,0.0028,0.0155,0.0641,0.0091,0.3724,0.6001,0.2,0.2,0.0792,0.0692,0.009,1.0,Yes,5.11,0.0,4.89,10.39,3.44,0.0,Raw,47.4,35.6,35.6,32.0,32.0,21.9,21.9,20.2,20.2,20.2,15.0,15.0,12.9,12.9,10.4,10.4,8.4,8.4,7.7,7.7,7.7,6.7,6.7,6.2,6.2,4.4,4.4,8.0,8.0,7.5,7.0,6.0,5.0,4.5,4.0,3.5,3.0,2.5,1.0,0.0,0.0,0.0,0.0,0.0,0.0,0.0,0.0,0.0,0.0,0.0,0.0,0.0,0.0,0.0,Pass,
258,2026-08-12,César Prieto,STL,PHI,PHI @ STL,HOME,3B,2.81,3.22,3.22,1.79,2.75,5.02,4.75,4.92,1.056,1.0,0.5,0.45,5|0|0|0|0,5|0|0|0|0|0|0|0|0|0,5|0|0|0|0|0|0|0|0|0|0,50.6,37.2,36.7,33.7,32.7,23.0,22.5,22.0,19.8,19.3,15.3,13.8,10.8,10.8,9.4,9.4,8.1,8.1,7.6,7.6,7.0,7.0,6.6,6.6,4.4,4.4,4.4,68.43,F,LESS 3.5 | 63.3% | Edge +0.3,LESS,3.5,63.3,0.28,26.6,Playable,7,Today Posted,7.0,9.0,3,9-9-9,100.0,100.0,2.76,High rest/platoon risk,5,0.72,Zack Wheeler,R,2.89,1.0,0.1894,0.0308,0.0639,4.19,1.3,0.2249,0.0312,Busch Stadium,0.99,1.065,95.3,10.4,337.0,3.0,"hot, light wind",28,28,0.036,0.036,0.036,0.072,23,0.0,1,0,0,0,1,0,0,0,0,2026-08-12 vs Philadelphia Phillies: 5 FS|2026-08-10 vs Philadelphia Phillies: 0 FS|2026-08-08 vs Colorado Rockies: 0 FS|2026-08-07 vs Colorado Rockies: 0 FS|2026-08-05 @ New York Yankees: 0 FS,2026-08-12 vs Philadelphia Phillies: 5 FS|2026-08-10 vs Philadelphia Phillies: 0 FS|2026-08-08 vs Colorado Rockies: 0 FS|2026-08-07 vs Colorado Rockies: 0 FS|2026-08-05 @ New York Yankees: 0 FS|2026-05-23 @ Cincinnati Reds: 0 FS|2026-05-20 vs Pittsburgh Pirates: 0 FS|2026-05-19 vs Pittsburgh Pirates: 0 FS|2026-05-17 vs Kansas City Royals: 0 FS|2026-05-08 @ San Diego Padres: 0 FS,2026-08-12 vs Philadelphia Phillies: 5 FS|2026-08-10 vs Philadelphia Phillies: 0 FS|2026-08-08 vs Colorado Rockies: 0 FS|2026-08-07 vs Colorado Rockies: 0 FS|2026-08-05 @ New York Yankees: 0 FS|2026-05-23 @ Cincinnati Reds: 0 FS|2026-05-20 vs Pittsburgh Pirates: 0 FS|2026-05-19 vs Pittsburgh Pirates: 0 FS|2026-05-17 vs Kansas City Royals: 0 FS|2026-05-08 @ San Diego Padres: 0 FS|2026-05-06 vs Milwaukee Brewers: 0 FS,11,11,0.45,0.0,Last 11 games + shrinkage,0.71,0.45,0.036,Cold,0.45,0.179,0.0357,0.0,0.0,0.0,0.0,3.53,3.18,3.18,3.38,3.47,28.0,16.0,20.0,16.0,20.0,6.0,21.39,62.9,37.1,Recent workload,No,12.7,8.4,11.9,9.1,0.9846,0,2.56,1.0,1.0,1.0,75.0,11,76.31,0.0,0.0,45.45,0.289,0.82,1.0,1.0,1.0,0.9203,14,Statcast,1.0,1,Fallback,0,88.0,7.5,12.0,24.0,40.0,35.0,25.0,0.989,1.0099,1.0247,1.0197,1.054,1.0036,0.76,0.3,Unknown/neutral,Neutral fallback,1.0,1.0,1.0,1.0,1.0,1.0,Neutral fallback,1.072,3,27.0,0.8625,27.0,0.983,0.0862,0.0223,0.0025,0.0163,0.0475,0.0068,0.1971,0.65,0.18,0.17,0.0856,0.0724,0.0081,1.0,Yes,4.92,0.0,4.95,9.18,3.66,0.0,Raw,42.6,29.2,29.2,26.7,26.7,18.0,18.0,18.0,16.3,16.3,12.8,12.8,10.8,10.8,9.4,9.4,8.1,8.1,7.6,7.6,7.0,7.0,6.6,6.6,4.4,4.4,4.4,8.0,8.0,7.5,7.0,6.0,5.0,4.5,4.0,3.5,3.0,2.5,1.0,0.0,0.0,0.0,0.0,0.0,0.0,0.0,0.0,0.0,0.0,0.0,0.0,0.0,0.0,0.0,Pass,
259,2026-08-12,Eduardo Valencia,DET,CLE,CLE @ DET,HOME,C,0.51,0.51,0.51,0.0,8.35,7.16,5.14,5.14,1.0,7.6,9.3,9.07,7|11|0|0|20,7|11|0|0|20|6|5|4|40|0,7|11|0|0|20|6|5|4|40|0|0|0|17|10|16,7.5,5.9,5.9,5.4,5.3,3.5,3.5,3.3,3.2,2.5,2.4,2.0,1.9,1.7,1.7,1.5,1.5,1.5,1.5,1.3,1.3,1.3,1.3,0.6,0.6,0.5,0.5,64.79,F,LESS 2.5 | 92.5% | Edge +2.0,LESS,2.5,92.5,1.99,85.0,Strong,8,Last 7 Confirmed - Not selected in primary 9,,8.0,2,8-8,100.0,85.0,0.12,Usage risk,7,0.88,Foster Griffin,L,3.31,1.11,0.2128,0.0385,0.0587,3.85,1.27,0.213,0.0304,Comerica Park,0.97,1.04,81.9,12.2,239.0,10.0,"warm, light wind",43,41,0.39,0.419,0.805,1.224,18,1.278,16,5,0,4,10,13,1,1,0,2026-08-09 @ San Francisco Giants: 7 FS|2026-08-08 @ San Francisco Giants: 11 FS|2026-08-07 @ San Francisco Giants: 0 FS|2026-08-05 @ Seattle Mariners: 0 FS|2026-08-02 @ Athletics: 20 FS,2026-08-09 @ San Francisco Giants: 7 FS|2026-08-08 @ San Francisco Giants: 11 FS|2026-08-07 @ San Francisco Giants: 0 FS|2026-08-05 @ Seattle Mariners: 0 FS|2026-08-02 @ Athletics: 20 FS|2026-08-01 @ Athletics: 6 FS|2026-07-31 @ Athletics: 5 FS|2026-07-29 vs Baltimore Orioles: 4 FS|2026-07-28 vs Baltimore Orioles: 40 FS|2026-07-19 @ Los Angeles Angels: 0 FS,2026-08-09 @ San Francisco Giants: 7 FS|2026-08-08 @ San Francisco Giants: 11 FS|2026-08-07 @ San Francisco Giants: 0 FS|2026-08-05 @ Seattle Mariners: 0 FS|2026-08-02 @ Athletics: 20 FS|2026-08-01 @ Athletics: 6 FS|2026-07-31 @ Athletics: 5 FS|2026-07-29 vs Baltimore Orioles: 4 FS|2026-07-28 vs Baltimore Orioles: 40 FS|2026-07-19 @ Los Angeles Angels: 0 FS|2026-07-17 @ Los Angeles Angels: 0 FS|2026-07-12 vs Philadelphia Phillies: 0 FS|2026-07-11 vs Philadelphia Phillies: 17 FS|2026-07-10 vs Philadelphia Phillies: 10 FS|2026-07-09 vs Athletics: 16 FS,15,15,9.07,6.0,Last 15 games + shrinkage,7.0,8.57,0.375,Hot,9.07,2.927,0.3659,0.1951,0.0732,0.0244,0.0,6.49,7.19,6.92,6.14,6.13,28.0,16.0,20.0,16.0,20.0,6.0,24.7,72.6,27.4,Recent workload,No,26.3,18.1,9.6,34.5,1.15,21,-1.46,1.0,1.0,1.0,75.0,58,84.57,36.21,6.9,44.83,0.526,1.1165,1.0,1.0,1.0,0.9025,98,Statcast,1.0,1,Fallback,58,84.57,12.0,12.45,31.18,20.7,60.3,19.0,1.0242,1.0108,1.099,1.1818,0.9574,0.9907,8.29,-0.77,Unknown/neutral,Neutral fallback,1.0,1.0,1.0,1.0,1.0,1.0,Neutral fallback,1.072,3,27.0,0.8625,27.0,1.0,0.1548,0.1032,0.0036,0.0644,0.0472,0.0093,0.2461,0.4,0.3,0.3,0.1221,0.1727,0.0069,1.0,No,5.14,0.0,0.0,1.68,0.12,88.0,Bench/pinch-hit distribution,,,,,,,,,,,,,,,,,,,,,,,,,,,,,,,,,,,,,,,,,,,,,,,,,,,,,,,Pass,7.74
260,2026-08-12,Max Muncy,LAD,KC,KC @ LAD,HOME,3B,0.37,0.37,0.37,0.0,6.46,6.29,4.5,4.5,1.0,4.6,5.8,5.73,10|11|0|2|0,10|11|0|2|0|18|2|10|3|2,10|11|0|2|0|18|2|10|3|2|0|3|21|4|0,5.7,4.3,4.2,3.7,3.6,2.6,2.5,2.2,2.2,1.8,1.7,1.4,1.3,1.2,1.2,1.1,1.1,1.1,1.1,1.1,1.1,1.0,1.0,0.4,0.4,0.4,0.4,58.85,F,LESS 2.5 | 94.3% | Edge +2.1,LESS,2.5,94.3,2.13,88.6,Strong,4,Last 7 Confirmed - Not selected in primary 9,,4.0,6,5-8-4-4-7-4,50.0,95.0,0.12,Regular,12,1.04,Daniel Lynch IV,L,2.45,1.01,0.1762,0.0104,0.0725,4.84,1.43,0.2306,0.0332,UNIQLO Field at Dodger Stadium,1.0,1.0,,,,,Weather unavailable,415,363,0.251,0.345,0.485,0.83,96,0.829,91,17,1,22,62,56,48,4,2,2026-08-11 vs Kansas City Royals: 10 FS|2026-08-10 vs Kansas City Royals: 11 FS|2026-08-09 @ Arizona Diamondbacks: 0 FS|2026-08-08 @ Arizona Diamondbacks: 2 FS|2026-08-07 @ Arizona Diamondbacks: 0 FS,2026-08-11 vs Kansas City Royals: 10 FS|2026-08-10 vs Kansas City Royals: 11 FS|2026-08-09 @ Arizona Diamondbacks: 0 FS|2026-08-08 @ Arizona Diamondbacks: 2 FS|2026-08-07 @ Arizona Diamondbacks: 0 FS|2026-08-05 @ Chicago Cubs: 18 FS|2026-08-04 @ Chicago Cubs: 2 FS|2026-08-02 vs Boston Red Sox: 10 FS|2026-08-01 vs Boston Red Sox: 3 FS|2026-07-31 vs Boston Red Sox: 2 FS,2026-08-11 vs Kansas City Royals: 10 FS|2026-08-10 vs Kansas City Royals: 11 FS|2026-08-09 @ Arizona Diamondbacks: 0 FS|2026-08-08 @ Arizona Diamondbacks: 2 FS|2026-08-07 @ Arizona Diamondbacks: 0 FS|2026-08-05 @ Chicago Cubs: 18 FS|2026-08-04 @ Chicago Cubs: 2 FS|2026-08-02 vs Boston Red Sox: 10 FS|2026-08-01 vs Boston Red Sox: 3 FS|2026-07-31 vs Boston Red Sox: 2 FS|2026-07-30 vs Seattle Mariners: 0 FS|2026-07-29 vs Seattle Mariners: 3 FS|2026-07-28 vs Seattle Mariners: 21 FS|2026-07-26 @ New York Mets: 4 FS|2026-07-25 @ New York Mets: 0 FS,15,30,6.63,3.5,Last 30 games + shrinkage,6.14,6.14,0.196,Cold,6.63,1.654,0.1731,0.0577,0.0385,0.0962,0.0192,8.85,8.29,8.01,8.15,7.94,28.0,16.0,20.0,16.0,20.0,6.0,8.0,25.0,75.0,Recent workload,Yes,46.1,34.8,36.1,66.2,1.0267,120,0.08,1.0,1.0,1.0,75.0,215,83.42,25.58,1.4,26.51,0.329,0.8798,1.0,1.0,1.0,0.9876,492,Statcast,0.88,21,Statcast,215,83.42,12.0,18.76,34.01,10.2,59.1,30.7,1.0,1.0004,1.0015,1.0008,1.0026,0.998,6.47,-0.16,Unknown/neutral,Neutral fallback,1.0,1.0,1.0,1.0,1.0,1.0,Neutral fallback,1.072,3,27.0,0.8625,27.0,0.974,0.1038,0.0282,0.0046,0.0413,0.0994,0.0158,0.2319,0.3939,0.3737,0.2324,0.0786,0.1995,0.0051,1.0,No,4.5,0.0,0.0,1.08,0.12,88.0,Bench/pinch-hit distribution,,,,,,,,,,,,,,,,,,,,,,,,,,,,,,,,,,,,,,,,,,,,,,,,,,,,,,,Pass,8.26
261,2026-08-12,Michael Busch,CHC,WSH,CHC @ WSH,AWAY,1B,0.33,0.33,0.33,0.0,5.95,5.97,3.8,3.8,1.0,5.6,7.1,5.73,0|15|3|10|0,0|15|3|10|0|10|0|21|7|5,0|15|3|10|0|10|0|21|7|5|0|8|0|7|0,6.0,3.9,3.9,3.4,3.3,2.1,2.0,1.7,1.7,1.4,1.3,1.0,0.9,0.8,0.8,0.7,0.7,0.7,0.7,0.6,0.6,0.6,0.6,0.2,0.2,0.2,0.2,58.42,F,LESS 2.5 | 94.0% | Edge +2.2,LESS,2.5,94.0,2.17,88.0,Strong,3,Last 7 Confirmed - Not selected in primary 9,,3.0,7,3-2-3-4-3-5-4,42.9,97.0,0.12,Regular,14,1.04,Jackson Kent,L,4.2,1.25,0.224,0.03,0.085,4.73,1.39,0.2284,0.0356,Nationals Park,1.0,1.03,88.8,5.3,165.0,1.0,warm,536,453,0.245,0.354,0.391,0.745,158,0.739,111,20,2,14,52,63,68,11,2,2026-08-11 @ Washington Nationals: 0 FS|2026-08-09 @ Kansas City Royals: 15 FS|2026-08-08 @ Kansas City Royals: 3 FS|2026-08-07 @ Kansas City Royals: 10 FS|2026-08-06 vs Toronto Blue Jays: 0 FS,2026-08-11 @ Washington Nationals: 0 FS|2026-08-09 @ Kansas City Royals: 15 FS|2026-08-08 @ Kansas City Royals: 3 FS|2026-08-07 @ Kansas City Royals: 10 FS|2026-08-06 vs Toronto Blue Jays: 0 FS|2026-08-05 vs Los Angeles Dodgers: 10 FS|2026-08-04 vs Los Angeles Dodgers: 0 FS|2026-08-03 vs Los Angeles Dodgers: 21 FS|2026-08-02 vs New York Yankees: 7 FS|2026-08-01 vs New York Yankees: 5 FS,2026-08-11 @ Washington Nationals: 0 FS|2026-08-09 @ Kansas City Royals: 15 FS|2026-08-08 @ Kansas City Royals: 3 FS|2026-08-07 @ Kansas City Royals: 10 FS|2026-08-06 vs Toronto Blue Jays: 0 FS|2026-08-05 vs Los Angeles Dodgers: 10 FS|2026-08-04 vs Los Angeles Dodgers: 0 FS|2026-08-03 vs Los Angeles Dodgers: 21 FS|2026-08-02 vs New York Yankees: 7 FS|2026-08-01 vs New York Yankees: 5 FS|2026-07-31 vs New York Yankees: 0 FS|2026-07-30 @ St. Louis Cardinals: 8 FS|2026-07-29 @ St. Louis Cardinals: 0 FS|2026-07-28 @ St. Louis Cardinals: 7 FS|2026-07-27 @ St. Louis Cardinals: 0 FS,15,30,7.27,7.0,Last 30 games + shrinkage,5.43,6.14,0.25,Neutral,7.27,1.365,0.2381,0.0476,0.0159,0.0317,0.0,8.13,8.04,7.75,7.74,7.68,28.0,16.0,20.0,16.0,20.0,6.0,21.0,64.0,36.0,Season fallback,No,52.6,40.8,48.2,73.7,1.0,0,0.0,1.0,1.0,1.0,75.0,309,82.19,20.06,2.27,27.83,0.346,0.8682,1.0,1.0,1.0,1.0,0,Fallback,1.0,0,Fallback,309,82.19,12.0,18.12,32.95,12.9,61.8,25.2,1.0357,0.9968,1.0235,0.9936,1.0135,0.9917,6.57,-0.69,Unknown/neutral,Neutral fallback,1.0,1.0,1.0,1.0,1.0,1.0,Neutral fallback,1.072,3,27.0,0.8625,27.0,1.0,0.15,0.035,0.0036,0.0203,0.0893,0.0183,0.2164,0.4239,0.3312,0.245,0.0606,0.1351,0.0004,1.0,No,3.8,0.0,0.0,0.84,0.12,88.0,Bench/pinch-hit distribution,,,,,,,,,,,,,,,,,,,,,,,,,,,,,,,,,,,,,,,,,,,,,,,,,,,,,,,Pass,7.21
262,2026-08-12,Pedro Ramírez,CHC,WSH,CHC @ WSH,AWAY,2B,0.4,0.4,0.4,0.0,6.87,6.56,4.44,4.44,1.0,3.8,3.9,6.6,0|0|19|0|0,0|0|19|0|0|3|7|4|6|0,0|0|19|0|0|3|7|4|6|0|4|20|10|21|5,6.7,5.0,4.9,4.5,4.4,3.0,2.9,2.6,2.6,2.0,1.9,1.4,1.2,1.1,1.1,0.9,0.9,0.9,0.9,0.8,0.8,0.8,0.8,0.4,0.4,0.4,0.4,55.36,F,LESS 2.5 | 93.3% | Edge +2.1,LESS,2.5,93.3,2.1,86.6,Strong,8,Last 7 Confirmed - Not selected in primary 9,,8.0,2,8-8,100.0,85.0,0.12,Likely regular,9,1.0,Jackson Kent,L,4.2,1.25,0.224,0.03,0.085,4.73,1.39,0.2284,0.0356,Nationals Park,1.0,1.03,88.8,5.3,165.0,1.0,warm,124,112,0.295,0.35,0.438,0.788,21,0.904,33,8,1,2,17,15,10,0,5,2026-08-09 @ Kansas City Royals: 0 FS|2026-08-08 @ Kansas City Royals: 0 FS|2026-08-07 @ Kansas City Royals: 19 FS|2026-08-06 vs Toronto Blue Jays: 0 FS|2026-08-04 vs Los Angeles Dodgers: 0 FS,2026-08-09 @ Kansas City Royals: 0 FS|2026-08-08 @ Kansas City Royals: 0 FS|2026-08-07 @ Kansas City Royals: 19 FS|2026-08-06 vs Toronto Blue Jays: 0 FS|2026-08-04 vs Los Angeles Dodgers: 0 FS|2026-08-03 vs Los Angeles Dodgers: 3 FS|2026-08-02 vs New York Yankees: 7 FS|2026-08-01 vs New York Yankees: 4 FS|2026-07-31 vs New York Yankees: 6 FS|2026-07-30 @ St. Louis Cardinals: 0 FS,2026-08-09 @ Kansas City Royals: 0 FS|2026-08-08 @ Kansas City Royals: 0 FS|2026-08-07 @ Kansas City Royals: 19 FS|2026-08-06 vs Toronto Blue Jays: 0 FS|2026-08-04 vs Los Angeles Dodgers: 0 FS|2026-08-03 vs Los Angeles Dodgers: 3 FS|2026-08-02 vs New York Yankees: 7 FS|2026-08-01 vs New York Yankees: 4 FS|2026-07-31 vs New York Yankees: 6 FS|2026-07-30 @ St. Louis Cardinals: 0 FS|2026-07-29 @ St. Louis Cardinals: 4 FS|2026-07-28 @ St. Louis Cardinals: 20 FS|2026-07-26 @ Pittsburgh Pirates: 10 FS|2026-07-25 @ Pittsburgh Pirates: 21 FS|2026-07-24 @ Pittsburgh Pirates: 5 FS,15,30,6.23,4.0,Last 30 games + shrinkage,4.14,6.71,0.316,Hot,6.23,2.186,0.2791,0.0698,0.0233,0.1163,0.0698,6.45,6.89,6.68,6.04,6.24,28.0,16.0,20.0,16.0,20.0,6.0,21.0,64.0,36.0,Season fallback,No,38.2,27.9,11.0,56.2,1.0,0,0.0,1.0,1.0,1.0,75.0,141,82.55,24.82,0.71,34.75,0.346,0.874,1.0,1.0,1.0,1.0,0,Fallback,1.0,0,Fallback,141,82.55,12.0,17.84,34.19,10.6,67.4,22.0,1.0355,0.9976,1.0266,0.9953,1.0193,0.9895,5.36,-0.87,Unknown/neutral,Neutral fallback,1.0,1.0,1.0,1.0,1.0,1.0,Neutral fallback,1.072,3,27.0,1.3,27.0,1.0,0.1587,0.0538,0.0046,0.0223,0.0775,0.0055,0.1899,0.4394,0.2121,0.3484,0.1092,0.1174,0.0353,1.0,No,4.44,0.0,0.0,1.08,0.12,88.0,Bench/pinch-hit distribution,,,,,,,,,,,,,,,,,,,,,,,,,,,,,,,,,,,,,,,,,,,,,,,,,,,,,,,Pass,6.84
263,2026-08-12,Nick Loftin,KC,LAD,KC @ LAD,AWAY,3B,0.25,0.25,0.25,0.0,5.81,5.88,2.93,2.93,1.0,6.0,4.7,4.6,4|19|0|7|0,4|19|0|7|0|0|3|4|2|8,4|19|0|7|0|0|3|4|2|8|0|0|10|7|5,5.1,3.4,3.4,2.9,2.8,1.6,1.5,1.3,1.3,0.9,0.9,0.5,0.4,0.3,0.3,0.3,0.3,0.2,0.2,0.2,0.2,0.2,0.2,0.1,0.1,0.1,0.1,51.84,F,LESS 2.5 | 94.9% | Edge +2.2,LESS,2.5,94.9,2.25,89.8,Strong,1,Last 7 Confirmed - Not selected in primary 9,,1.0,6,1-1-1-7-6-7,50.0,95.0,0.12,Regular,12,1.04,Eric Lauer,L,4.89,1.26,0.2237,0.0566,0.0746,3.72,1.16,0.1956,0.0326,UNIQLO Field at Dodger Stadium,1.0,1.0,,,,,Weather unavailable,292,249,0.245,0.333,0.394,0.727,124,0.772,61,20,1,5,33,35,29,6,2,2026-08-11 @ Los Angeles Dodgers: 4 FS|2026-08-10 @ Los Angeles Dodgers: 19 FS|2026-08-09 vs Chicago Cubs: 0 FS|2026-08-08 vs Chicago Cubs: 7 FS|2026-08-07 vs Chicago Cubs: 0 FS,2026-08-11 @ Los Angeles Dodgers: 4 FS|2026-08-10 @ Los Angeles Dodgers: 19 FS|2026-08-09 vs Chicago Cubs: 0 FS|2026-08-08 vs Chicago Cubs: 7 FS|2026-08-07 vs Chicago Cubs: 0 FS|2026-08-06 vs Minnesota Twins: 0 FS|2026-08-05 vs Minnesota Twins: 3 FS|2026-08-04 vs Minnesota Twins: 4 FS|2026-08-02 @ Colorado Rockies: 2 FS|2026-08-01 @ Colorado Rockies: 8 FS,2026-08-11 @ Los Angeles Dodgers: 4 FS|2026-08-10 @ Los Angeles Dodgers: 19 FS|2026-08-09 vs Chicago Cubs: 0 FS|2026-08-08 vs Chicago Cubs: 7 FS|2026-08-07 vs Chicago Cubs: 0 FS|2026-08-06 vs Minnesota Twins: 0 FS|2026-08-05 vs Minnesota Twins: 3 FS|2026-08-04 vs Minnesota Twins: 4 FS|2026-08-02 @ Colorado Rockies: 2 FS|2026-08-01 @ Colorado Rockies: 8 FS|2026-07-31 @ Colorado Rockies: 0 FS|2026-07-30 @ Minnesota Twins: 0 FS|2026-07-29 @ Minnesota Twins: 10 FS|2026-07-28 @ Minnesota Twins: 7 FS|2026-07-26 @ Detroit Tigers: 5 FS,15,30,6.13,5.0,Last 30 games + shrinkage,4.71,4.57,0.225,Neutral,6.13,1.28,0.18,0.08,0.0,0.14,0.02,8.33,8.35,7.81,8.13,7.78,28.0,16.0,20.0,16.0,20.0,6.0,22.65,66.6,33.4,Recent workload,No,47.3,35.8,42.2,66.4,1.0693,94,0.47,1.0,1.0,1.0,75.0,217,80.44,18.89,1.38,32.72,0.307,0.82,1.0,1.0,1.0,1.0172,409,Statcast,1.14,13,Statcast,217,80.44,12.0,10.83,32.52,29.5,57.6,12.9,1.0,0.989,0.9595,0.9779,0.9264,0.9903,5.33,-0.81,Unknown/neutral,Neutral fallback,1.0,1.0,1.0,1.0,1.0,1.0,Neutral fallback,1.072,3,27.0,0.8817,27.0,0.9968,0.1436,0.0529,0.0039,0.0144,0.0939,0.0182,0.1594,0.4516,0.2903,0.2581,0.0695,0.0792,0.0071,1.0,No,2.93,0.0,0.0,0.6,0.12,88.0,Bench/pinch-hit distribution,,,,,,,,,,,,,,,,,,,,,,,,,,,,,,,,,,,,,,,,,,,,,,,,,,,,,,,Pass,7.2
264,2026-08-12,Vaughn Grissom,LAA,TEX,TEX @ LAA,HOME,2B,0.28,0.28,0.28,0.0,6.33,6.21,3.78,3.78,1.0,4.2,3.3,5.67,7|6|0|0|8,7|6|0|0|8|0|0|5|2|5,7|6|0|0|8|0|0|5|2|5|11|10|22|2|7,5.6,3.5,3.4,3.2,3.1,1.9,1.8,1.6,1.5,1.2,1.2,0.9,0.8,0.7,0.7,0.6,0.6,0.6,0.6,0.6,0.6,0.6,0.6,0.2,0.2,0.2,0.2,51.1,F,LESS 2.5 | 94.4% | Edge +2.2,LESS,2.5,94.4,2.22,88.8,Strong,4,Last 7 Confirmed - Not selected in primary 9,,4.0,6,4-4-5-5-5-4,50.0,95.0,0.12,Regular,14,1.04,Cal Quantrill,R,3.56,1.19,0.2138,0.0326,0.0688,4.24,1.28,0.2222,0.0327,Angel Stadium,1.0,1.04,86.3,10.0,241.0,0.0,"warm, light wind",299,268,0.254,0.315,0.392,0.707,185,0.719,68,16,0,7,29,47,21,5,0,2026-08-11 vs Texas Rangers: 7 FS|2026-08-10 vs Texas Rangers: 6 FS|2026-08-08 @ Miami Marlins: 0 FS|2026-08-07 @ Miami Marlins: 0 FS|2026-08-06 @ Baltimore Orioles: 8 FS,2026-08-11 vs Texas Rangers: 7 FS|2026-08-10 vs Texas Rangers: 6 FS|2026-08-08 @ Miami Marlins: 0 FS|2026-08-07 @ Miami Marlins: 0 FS|2026-08-06 @ Baltimore Orioles: 8 FS|2026-08-05 @ Baltimore Orioles: 0 FS|2026-08-04 @ Baltimore Orioles: 0 FS|2026-08-02 vs Milwaukee Brewers: 5 FS|2026-08-01 vs Milwaukee Brewers: 2 FS|2026-07-31 vs Milwaukee Brewers: 5 FS,2026-08-11 vs Texas Rangers: 7 FS|2026-08-10 vs Texas Rangers: 6 FS|2026-08-08 @ Miami Marlins: 0 FS|2026-08-07 @ Miami Marlins: 0 FS|2026-08-06 @ Baltimore Orioles: 8 FS|2026-08-05 @ Baltimore Orioles: 0 FS|2026-08-04 @ Baltimore Orioles: 0 FS|2026-08-02 vs Milwaukee Brewers: 5 FS|2026-08-01 vs Milwaukee Brewers: 2 FS|2026-07-31 vs Milwaukee Brewers: 5 FS|2026-07-29 vs Houston Astros: 11 FS|2026-07-28 vs Houston Astros: 10 FS|2026-07-27 vs Houston Astros: 22 FS|2026-07-26 @ San Francisco Giants: 2 FS|2026-07-25 @ San Francisco Giants: 7 FS,15,30,6.57,5.0,Last 30 games + shrinkage,3.0,5.57,0.25,Neutral,6.57,1.418,0.2364,0.0727,0.0182,0.0364,0.0,7.64,7.58,7.3,6.85,7.49,28.0,16.0,20.0,16.0,20.0,6.0,16.57,48.7,51.3,Recent workload,No,48.2,36.7,52.1,64.7,1.1495,85,2.22,1.0,1.0,1.0,75.0,202,80.96,19.31,0.5,31.68,0.349,0.839,1.0,1.0,1.0,0.9682,360,Statcast,0.9597,22,Statcast,202,80.96,12.0,17.15,33.06,18.8,67.8,13.4,1.0299,0.9931,1.0038,0.9861,0.9823,0.9839,5.22,-1.34,Unknown/neutral,Neutral fallback,1.0,1.0,1.0,1.0,1.0,1.0,Neutral fallback,1.072,3,27.0,0.8625,27.0,1.0,0.1401,0.043,0.0004,0.025,0.0399,0.0116,0.1782,0.4946,0.2259,0.2795,0.0438,0.2012,0.0005,1.0,No,3.78,0.0,0.0,0.72,0.12,88.0,Bench/pinch-hit distribution,,,,,,,,,,,,,,,,,,,,,,,,,,,,,,,,,,,,,,,,,,,,,,,,,,,,,,,Pass,7.02
265,2026-08-12,Michael Conforto,CHC,WSH,CHC @ WSH,AWAY,DH,0.39,0.39,0.39,0.0,5.33,5.59,4.87,4.87,1.0,4.2,4.6,4.27,4|10|5|2|0,4|10|5|2|0|0|0|6|8|11,4|10|5|2|0|0|0|6|8|11|0|0|0|18|0,5.8,4.5,4.4,3.8,3.7,2.4,2.4,2.2,2.2,1.9,1.8,1.5,1.4,1.3,1.3,1.2,1.2,1.2,1.2,1.2,1.2,1.1,1.1,0.5,0.5,0.5,0.5,49.44,F,LESS 2.5 | 94.2% | Edge +2.1,LESS,2.5,94.2,2.11,88.4,Strong,7,Last 7 Confirmed - Not selected in primary 9,,7.0,3,7-5-7,66.7,85.8,0.12,Likely regular,10,1.0,Jackson Kent,L,4.2,1.25,0.224,0.03,0.085,4.73,1.39,0.2284,0.0356,Nationals Park,1.0,1.03,88.8,5.3,165.0,1.0,warm,209,180,0.233,0.325,0.45,0.775,7,2.071,42,12,0,9,24,27,25,1,1,2026-08-11 @ Washington Nationals: 4 FS|2026-08-09 @ Kansas City Royals: 10 FS|2026-08-08 @ Kansas City Royals: 5 FS|2026-08-06 vs Toronto Blue Jays: 2 FS|2026-08-02 vs New York Yankees: 0 FS,2026-08-11 @ Washington Nationals: 4 FS|2026-08-09 @ Kansas City Royals: 10 FS|2026-08-08 @ Kansas City Royals: 5 FS|2026-08-06 vs Toronto Blue Jays: 2 FS|2026-08-02 vs New York Yankees: 0 FS|2026-07-31 vs New York Yankees: 0 FS|2026-07-30 @ St. Louis Cardinals: 0 FS|2026-07-29 @ St. Louis Cardinals: 6 FS|2026-07-28 @ St. Louis Cardinals: 8 FS|2026-07-26 @ Pittsburgh Pirates: 11 FS,2026-08-11 @ Washington Nationals: 4 FS|2026-08-09 @ Kansas City Royals: 10 FS|2026-08-08 @ Kansas City Royals: 5 FS|2026-08-06 vs Toronto Blue Jays: 2 FS|2026-08-02 vs New York Yankees: 0 FS|2026-07-31 vs New York Yankees: 0 FS|2026-07-30 @ St. Louis Cardinals: 0 FS|2026-07-29 @ St. Louis Cardinals: 6 FS|2026-07-28 @ St. Louis Cardinals: 8 FS|2026-07-26 @ Pittsburgh Pirates: 11 FS|2026-07-25 @ Pittsburgh Pirates: 0 FS|2026-07-24 @ Pittsburgh Pirates: 0 FS|2026-07-22 vs Detroit Tigers: 0 FS|2026-07-21 vs Detroit Tigers: 18 FS|2026-07-20 vs Detroit Tigers: 0 FS,15,30,5.47,3.0,Last 30 games + shrinkage,3.0,4.57,0.206,Neutral,5.47,1.488,0.1628,0.0698,0.0233,0.1395,0.0,6.55,6.65,6.19,5.89,6.74,28.0,16.0,20.0,16.0,20.0,6.0,21.0,64.0,36.0,Season fallback,No,38.2,27.8,4.0,52.6,1.0,0,0.0,1.0,1.0,1.0,75.0,122,82.58,23.77,0.82,29.51,0.351,0.876,1.0,1.0,1.0,1.0,0,Fallback,1.0,0,Fallback,122,82.58,12.0,20.8,30.12,11.5,63.1,25.4,1.0357,0.999,1.0319,0.998,1.0288,0.9876,4.43,-1.04,Unknown/neutral,Neutral fallback,1.0,1.0,1.0,1.0,1.0,1.0,Neutral fallback,1.072,3,27.0,0.8625,27.0,1.0,0.1142,0.0385,0.002,0.042,0.1075,0.0098,0.2609,0.3275,0.431,0.2415,0.0997,0.1309,0.0057,1.0,No,4.87,0.0,0.0,1.44,0.12,88.0,Bench/pinch-hit distribution,,,,,,,,,,,,,,,,,,,,,,,,,,,,,,,,,,,,,,,,,,,,,,,,,,,,,,,Pass,6.7
266,2026-08-12,Elias Díaz,TEX,LAA,TEX @ LAA,AWAY,C,0.22,0.22,0.22,0.0,5.27,5.56,3.13,3.13,1.0,4.0,4.0,3.67,0|8|0|5|7,0|8|0|5|7|2|2|0|16|0,0|8|0|5|7|2|2|0|16|0|5|4|0|6|0,4.6,3.0,2.9,2.7,2.6,1.5,1.5,1.3,1.2,0.9,0.9,0.6,0.4,0.4,0.4,0.4,0.4,0.3,0.3,0.3,0.3,0.3,0.3,0.1,0.1,0.1,0.1,48.28,F,LESS 2.5 | 95.4% | Edge +2.3,LESS,2.5,95.4,2.28,90.8,Strong,7,Last 7 Confirmed - Not selected in primary 9,,7.0,5,7-7-8-6-7,60.0,92.3,0.12,Likely regular,9,1.0,George Klassen,R,7.27,2.88,0.2115,0.0192,0.2692,4.49,1.37,0.2037,0.0282,Angel Stadium,1.0,1.04,86.3,10.0,241.0,0.0,"warm, light wind",150,142,0.239,0.264,0.408,0.672,84,0.548,34,9,0,5,14,20,4,1,0,2026-08-11 @ Los Angeles Angels: 0 FS|2026-08-10 @ Los Angeles Angels: 8 FS|2026-08-09 vs Baltimore Orioles: 0 FS|2026-08-07 vs Baltimore Orioles: 5 FS|2026-08-05 vs San Francisco Giants: 7 FS,2026-08-11 @ Los Angeles Angels: 0 FS|2026-08-10 @ Los Angeles Angels: 8 FS|2026-08-09 vs Baltimore Orioles: 0 FS|2026-08-07 vs Baltimore Orioles: 5 FS|2026-08-05 vs San Francisco Giants: 7 FS|2026-08-04 vs San Francisco Giants: 2 FS|2026-08-03 vs San Francisco Giants: 2 FS|2026-08-02 @ Houston Astros: 0 FS|2026-08-01 @ Houston Astros: 16 FS|2026-07-31 @ Houston Astros: 0 FS,2026-08-11 @ Los Angeles Angels: 0 FS|2026-08-10 @ Los Angeles Angels: 8 FS|2026-08-09 vs Baltimore Orioles: 0 FS|2026-08-07 vs Baltimore Orioles: 5 FS|2026-08-05 vs San Francisco Giants: 7 FS|2026-08-04 vs San Francisco Giants: 2 FS|2026-08-03 vs San Francisco Giants: 2 FS|2026-08-02 @ Houston Astros: 0 FS|2026-08-01 @ Houston Astros: 16 FS|2026-07-31 @ Houston Astros: 0 FS|2026-07-29 @ Tampa Bay Rays: 5 FS|2026-07-27 vs Seattle Mariners: 4 FS|2026-07-26 vs Seattle Mariners: 0 FS|2026-07-24 vs Seattle Mariners: 6 FS|2026-07-22 vs Chicago White Sox: 0 FS,15,30,3.87,1.0,Last 30 games + shrinkage,3.43,3.93,0.211,Neutral,3.87,1.31,0.1905,0.0714,0.0238,0.0476,0.0,6.11,5.62,5.98,6.09,5.63,28.0,16.0,20.0,16.0,20.0,6.0,16.53,48.6,51.4,Recent workload,Yes,39.8,29.2,33.1,59.3,0.9848,52,0.7,1.0,1.0,1.0,75.0,160,80.51,20.62,0.62,24.38,0.31,0.82,1.0,1.0,1.0,0.946,283,Statcast,0.9874,60,Statcast,160,80.51,12.0,18.37,35.0,16.9,66.2,16.9,1.0309,0.9924,1.002,0.9847,0.9783,0.9968,3.6,-0.27,Unknown/neutral,Neutral fallback,1.0,1.0,1.0,1.0,1.0,1.0,Neutral fallback,1.072,3,27.0,0.8625,27.0,0.9996,0.129,0.0361,0.0013,0.0147,0.0475,0.0147,0.2222,0.4731,0.3107,0.2162,0.0612,0.1017,0.0028,1.0,No,3.13,0.0,0.0,0.6,0.12,88.0,Bench/pinch-hit distribution,,,,,,,,,,,,,,,,,,,,,,,,,,,,,,,,,,,,,,,,,,,,,,,,,,,,,,,Pass,4.7
267,2026-08-12,Miguel Amaya,CHC,WSH,CHC @ WSH,AWAY,C,0.34,0.34,0.34,0.0,5.65,5.78,3.57,3.57,1.0,5.2,5.5,6.0,21|5|0|0|0,21|5|0|0|0|5|0|8|16|0,21|5|0|0|0|5|0|8|16|0|5|9|5|0|16,6.4,4.3,4.2,3.7,3.6,2.2,2.1,1.9,1.8,1.3,1.2,0.9,0.7,0.6,0.6,0.5,0.5,0.5,0.5,0.4,0.4,0.4,0.4,0.2,0.2,0.2,0.2,48.14,F,LESS 2.5 | 93.6% | Edge +2.2,LESS,2.5,93.6,2.16,87.2,Strong,9,Last 7 Confirmed - Not selected in primary 9,,9.0,3,8-9-9,66.7,85.8,0.12,Likely regular,11,1.0,Jackson Kent,L,4.2,1.25,0.224,0.03,0.085,4.73,1.39,0.2284,0.0356,Nationals Park,1.0,1.03,88.8,5.3,165.0,1.0,warm,194,165,0.242,0.349,0.37,0.719,61,0.683,40,9,0,4,29,21,19,8,0,2026-08-09 @ Kansas City Royals: 21 FS|2026-08-06 vs Toronto Blue Jays: 5 FS|2026-08-05 vs Los Angeles Dodgers: 0 FS|2026-08-04 vs Los Angeles Dodgers: 0 FS|2026-08-02 vs New York Yankees: 0 FS,2026-08-09 @ Kansas City Royals: 21 FS|2026-08-06 vs Toronto Blue Jays: 5 FS|2026-08-05 vs Los Angeles Dodgers: 0 FS|2026-08-04 vs Los Angeles Dodgers: 0 FS|2026-08-02 vs New York Yankees: 0 FS|2026-07-31 vs New York Yankees: 5 FS|2026-07-29 @ St. Louis Cardinals: 0 FS|2026-07-27 @ St. Louis Cardinals: 8 FS|2026-07-25 @ Pittsburgh Pirates: 16 FS|2026-07-24 @ Pittsburgh Pirates: 0 FS,2026-08-09 @ Kansas City Royals: 21 FS|2026-08-06 vs Toronto Blue Jays: 5 FS|2026-08-05 vs Los Angeles Dodgers: 0 FS|2026-08-04 vs Los Angeles Dodgers: 0 FS|2026-08-02 vs New York Yankees: 0 FS|2026-07-31 vs New York Yankees: 5 FS|2026-07-29 @ St. Louis Cardinals: 0 FS|2026-07-27 @ St. Louis Cardinals: 8 FS|2026-07-25 @ Pittsburgh Pirates: 16 FS|2026-07-24 @ Pittsburgh Pirates: 0 FS|2026-07-20 vs Detroit Tigers: 5 FS|2026-07-18 vs Minnesota Twins: 9 FS|2026-07-11 @ Cincinnati Reds: 5 FS|2026-07-09 @ Baltimore Orioles: 0 FS|2026-07-07 @ Baltimore Orioles: 16 FS,15,30,5.37,5.0,Last 30 games + shrinkage,4.43,5.29,0.268,Neutral,5.37,1.721,0.2558,0.0698,0.0233,0.0233,0.0,5.79,5.91,5.88,5.79,5.41,28.0,16.0,20.0,16.0,20.0,6.0,21.0,64.0,36.0,Season fallback,No,34.7,25.2,26.4,50.2,1.0,0,0.0,1.0,1.0,1.0,75.0,111,82.51,23.42,0.9,29.73,0.374,0.8922,1.0,1.0,1.0,1.0,0,Fallback,1.0,0,Fallback,111,82.51,12.0,22.74,34.83,17.1,71.2,11.7,1.0357,0.9996,1.0344,0.9993,1.0333,1.0081,6.04,0.68,Unknown/neutral,Neutral fallback,1.0,1.0,1.0,1.0,1.0,1.0,Neutral fallback,1.072,3,27.0,0.8625,27.0,1.0,0.1532,0.0437,0.0015,0.0164,0.0988,0.0232,0.2365,0.44,0.36,0.2,0.0884,0.0885,0.0035,1.0,No,3.57,0.0,0.0,0.84,0.12,88.0,Bench/pinch-hit distribution,,,,,,,,,,,,,,,,,,,,,,,,,,,,,,,,,,,,,,,,,,,,,,,,,,,,,,,Pass,5.37
268,2026-08-12,Starling Marte,KC,LAD,KC @ LAD,AWAY,RF,0.22,0.22,0.22,0.0,5.37,5.61,2.91,2.91,1.0,6.4,3.7,3.67,2|16|0|11|3,2|16|0|11|3|2|0|0|3|0,2|16|0|11|3|2|0|0|3|0|0|10|5|3|0,4.8,2.8,2.7,2.4,2.3,1.4,1.3,1.2,1.1,0.8,0.8,0.5,0.4,0.3,0.3,0.3,0.3,0.3,0.3,0.3,0.3,0.3,0.3,0.1,0.1,0.1,0.1,42.94,F,LESS 2.5 | 95.2% | Edge +2.3,LESS,2.5,95.2,2.28,90.4,Strong,6,Last 7 Confirmed - Not selected in primary 9,,6.0,3,6-5-8,33.3,83.2,0.12,Likely regular,10,1.0,Eric Lauer,L,4.89,1.26,0.2237,0.0566,0.0746,3.72,1.16,0.1956,0.0326,UNIQLO Field at Dodger Stadium,1.0,1.0,,,,,Weather unavailable,162,147,0.245,0.302,0.32,0.622,120,0.643,36,5,0,2,15,14,9,4,2,2026-08-10 @ Los Angeles Dodgers: 2 FS|2026-08-09 vs Chicago Cubs: 16 FS|2026-08-07 vs Chicago Cubs: 0 FS|2026-08-04 vs Minnesota Twins: 11 FS|2026-08-02 @ Colorado Rockies: 3 FS,2026-08-10 @ Los Angeles Dodgers: 2 FS|2026-08-09 vs Chicago Cubs: 16 FS|2026-08-07 vs Chicago Cubs: 0 FS|2026-08-04 vs Minnesota Twins: 11 FS|2026-08-02 @ Colorado Rockies: 3 FS|2026-08-01 @ Colorado Rockies: 2 FS|2026-07-29 @ Minnesota Twins: 0 FS|2026-07-28 @ Minnesota Twins: 0 FS|2026-07-26 @ Detroit Tigers: 3 FS|2026-07-25 @ Detroit Tigers: 0 FS,2026-08-10 @ Los Angeles Dodgers: 2 FS|2026-08-09 vs Chicago Cubs: 16 FS|2026-08-07 vs Chicago Cubs: 0 FS|2026-08-04 vs Minnesota Twins: 11 FS|2026-08-02 @ Colorado Rockies: 3 FS|2026-08-01 @ Colorado Rockies: 2 FS|2026-07-29 @ Minnesota Twins: 0 FS|2026-07-28 @ Minnesota Twins: 0 FS|2026-07-26 @ Detroit Tigers: 3 FS|2026-07-25 @ Detroit Tigers: 0 FS|2026-07-24 @ Detroit Tigers: 0 FS|2026-07-22 vs San Francisco Giants: 10 FS|2026-07-21 vs San Francisco Giants: 5 FS|2026-07-09 @ New York Mets: 3 FS|2026-07-08 @ New York Mets: 0 FS,15,30,4.93,3.0,Last 30 games + shrinkage,4.86,3.93,0.184,Cold,4.93,1.375,0.175,0.05,0.025,0.025,0.025,5.91,6.21,6.05,6.41,5.56,28.0,16.0,20.0,16.0,20.0,6.0,22.65,66.6,33.4,Recent workload,No,35.5,25.8,41.4,53.2,0.9677,62,0.47,1.0,1.0,1.0,75.0,125,77.42,17.6,2.4,29.6,0.296,0.82,1.0,1.0,1.0,0.9649,226,Statcast,1.0,9,Fallback,125,77.42,12.0,15.33,32.72,11.2,75.2,13.6,1.0,0.9827,0.9366,0.9654,0.8847,0.9967,4.66,-0.27,Unknown/neutral,Neutral fallback,1.0,1.0,1.0,1.0,1.0,1.0,Neutral fallback,1.072,3,27.0,1.2248,27.0,0.9753,0.1417,0.02,0.001,0.0142,0.057,0.019,0.2135,0.6071,0.18,0.2129,0.0613,0.1097,0.011,1.0,No,2.91,0.0,0.0,0.6,0.12,88.0,Bench/pinch-hit distribution,,,,,,,,,,,,,,,,,,,,,,,,,,,,,,,,,,,,,,,,,,,,,,,,,,,,,,,Pass,5.08
269,2026-08-12,Justin Foscue,TEX,LAA,TEX @ LAA,AWAY,2B,0.28,0.28,0.28,0.0,6.78,6.5,3.77,3.77,1.0,4.8,2.4,2.0,0|5|3|2|14,0|5|3|2|14|0|0|0|0|0,0|5|3|2|14|0|0|0|0|0|0|0|0|3|3,5.0,3.5,3.4,3.0,2.9,1.8,1.8,1.6,1.5,1.2,1.2,0.8,0.7,0.7,0.7,0.6,0.6,0.6,0.6,0.6,0.6,0.6,0.6,0.2,0.2,0.2,0.2,41.64,F,LESS 2.5 | 95.0% | Edge +2.2,LESS,2.5,95.0,2.22,90.0,Strong,6,Last 7 Confirmed - Not selected in primary 9,,6.0,4,6-6-5-9,50.0,88.0,0.12,High rest/platoon risk,3,0.72,George Klassen,R,7.27,2.88,0.2115,0.0192,0.2692,4.49,1.37,0.2037,0.0282,Angel Stadium,1.0,1.04,86.3,10.0,241.0,0.0,"warm, light wind",157,142,0.254,0.318,0.465,0.783,63,0.56,36,7,1,7,16,21,12,2,0,2026-08-11 @ Los Angeles Angels: 0 FS|2026-08-10 @ Los Angeles Angels: 5 FS|2026-08-09 vs Baltimore Orioles: 3 FS|2026-08-08 vs Baltimore Orioles: 2 FS|2026-08-05 vs San Francisco Giants: 14 FS,2026-08-11 @ Los Angeles Angels: 0 FS|2026-08-10 @ Los Angeles Angels: 5 FS|2026-08-09 vs Baltimore Orioles: 3 FS|2026-08-08 vs Baltimore Orioles: 2 FS|2026-08-05 vs San Francisco Giants: 14 FS|2026-08-04 vs San Francisco Giants: 0 FS|2026-08-02 @ Houston Astros: 0 FS|2026-08-01 @ Houston Astros: 0 FS|2026-07-31 @ Houston Astros: 0 FS|2026-07-30 @ Tampa Bay Rays: 0 FS,2026-08-11 @ Los Angeles Angels: 0 FS|2026-08-10 @ Los Angeles Angels: 5 FS|2026-08-09 vs Baltimore Orioles: 3 FS|2026-08-08 vs Baltimore Orioles: 2 FS|2026-08-05 vs San Francisco Giants: 14 FS|2026-08-04 vs San Francisco Giants: 0 FS|2026-08-02 @ Houston Astros: 0 FS|2026-08-01 @ Houston Astros: 0 FS|2026-07-31 @ Houston Astros: 0 FS|2026-07-30 @ Tampa Bay Rays: 0 FS|2026-07-29 @ Tampa Bay Rays: 0 FS|2026-07-26 vs Seattle Mariners: 0 FS|2026-07-24 vs Seattle Mariners: 0 FS|2026-07-22 vs Chicago White Sox: 3 FS|2026-07-21 vs Chicago White Sox: 3 FS,15,30,4.2,1.0,Last 30 games + shrinkage,3.43,1.93,0.16,Cold,4.2,1.0,0.1481,0.037,0.0,0.0741,0.0,4.84,4.87,4.4,4.73,4.33,28.0,16.0,20.0,16.0,20.0,6.0,16.53,48.6,51.4,Recent workload,Yes,32.8,23.4,27.0,50.0,0.9523,53,0.7,1.0,1.0,1.0,75.0,110,81.5,19.09,1.82,29.09,0.326,0.8384,1.0,1.0,1.0,0.9725,281,Statcast,0.88,12,Statcast,110,81.5,12.0,23.95,33.25,21.8,67.3,10.9,1.0309,0.9974,1.0211,0.9948,1.0131,0.9821,2.71,-1.49,Unknown/neutral,Neutral fallback,1.0,1.0,1.0,1.0,1.0,1.0,Neutral fallback,1.072,3,27.0,0.8625,27.0,0.9263,0.1175,0.0259,0.0056,0.0208,0.0909,0.0137,0.2473,0.4773,0.2727,0.25,0.0742,0.1223,0.0037,1.0,No,3.77,0.0,0.0,0.72,0.12,88.0,Bench/pinch-hit distribution,,,,,,,,,,,,,,,,,,,,,,,,,,,,,,,,,,,,,,,,,,,,,,,,,,,,,,,Pass,4.05
270,2026-08-12,Josh Rojas,KC,LAD,KC @ LAD,AWAY,3B,0.24,0.24,0.24,0.0,3.58,4.7,3.37,3.37,1.0,2.4,4.2,4.2,7|3|2|0|0,7|3|2|0|0|3|9|10|3|5,7|3|2|0|0|3|9|10|3|5|6|0|5|10|0,4.7,3.2,3.1,2.8,2.7,1.7,1.6,1.5,1.4,1.1,1.0,0.7,0.6,0.5,0.5,0.4,0.4,0.4,0.4,0.4,0.4,0.4,0.4,0.1,0.1,0.1,0.1,41.26,F,LESS 2.5 | 95.3% | Edge +2.3,LESS,2.5,95.3,2.26,90.6,Strong,8,Last 7 Confirmed - Not selected in primary 9,,8.0,2,8-8,100.0,85.0,0.12,Likely regular,11,1.0,Eric Lauer,L,4.89,1.26,0.2237,0.0566,0.0746,3.72,1.16,0.1956,0.0326,UNIQLO Field at Dodger Stadium,1.0,1.0,,,,,Weather unavailable,72,68,0.235,0.268,0.324,0.592,14,0.237,16,3,0,1,6,8,3,0,1,2026-08-08 vs Chicago Cubs: 7 FS|2026-08-06 vs Minnesota Twins: 3 FS|2026-08-02 @ Colorado Rockies: 2 FS|2026-07-31 @ Colorado Rockies: 0 FS|2026-07-30 @ Minnesota Twins: 0 FS,2026-08-08 vs Chicago Cubs: 7 FS|2026-08-06 vs Minnesota Twins: 3 FS|2026-08-02 @ Colorado Rockies: 2 FS|2026-07-31 @ Colorado Rockies: 0 FS|2026-07-30 @ Minnesota Twins: 0 FS|2026-07-29 @ Minnesota Twins: 3 FS|2026-07-28 @ Minnesota Twins: 9 FS|2026-07-23 @ Detroit Tigers: 10 FS|2026-07-22 vs San Francisco Giants: 3 FS|2026-07-20 vs San Francisco Giants: 5 FS,2026-08-08 vs Chicago Cubs: 7 FS|2026-08-06 vs Minnesota Twins: 3 FS|2026-08-02 @ Colorado Rockies: 2 FS|2026-07-31 @ Colorado Rockies: 0 FS|2026-07-30 @ Minnesota Twins: 0 FS|2026-07-29 @ Minnesota Twins: 3 FS|2026-07-28 @ Minnesota Twins: 9 FS|2026-07-23 @ Detroit Tigers: 10 FS|2026-07-22 vs San Francisco Giants: 3 FS|2026-07-20 vs San Francisco Giants: 5 FS|2026-07-19 vs San Diego Padres: 6 FS|2026-07-17 vs San Diego Padres: 0 FS|2026-07-12 @ Baltimore Orioles: 5 FS|2026-07-10 @ Baltimore Orioles: 10 FS|2026-07-09 @ New York Mets: 0 FS,15,27,3.7,3.0,Last 27 games + shrinkage,3.43,4.5,0.286,Neutral,3.7,1.4,0.2667,0.0444,0.0,0.0444,0.0222,5.22,5.04,5.15,5.13,5.16,28.0,16.0,20.0,16.0,20.0,6.0,22.65,66.6,33.4,Recent workload,No,31.8,22.7,7.6,45.0,0.9458,23,0.47,1.0,1.0,1.0,75.0,90,80.26,17.78,0.0,31.11,0.23,0.82,1.0,1.0,1.0,0.9218,152,Statcast,1.0,1,Fallback,90,80.26,12.0,19.06,34.11,20.0,56.7,23.3,1.0,0.992,0.9706,0.984,0.9466,1.0009,3.78,0.07,Unknown/neutral,Neutral fallback,1.0,1.0,1.0,1.0,1.0,1.0,Neutral fallback,1.072,3,27.0,1.0171,27.0,0.9644,0.1238,0.0268,0.0023,0.0175,0.061,0.0062,0.1542,0.4792,0.375,0.1459,0.0821,0.0907,0.0139,1.0,No,3.37,0.0,0.0,0.6,0.12,88.0,Bench/pinch-hit distribution,,,,,,,,,,,,,,,,,,,,,,,,,,,,,,,,,,,,,,,,,,,,,,,,,,,,,,,Pass,4.6
271,2026-08-12,Miguel Rojas,LAD,KC,KC @ LAD,HOME,2B,0.39,0.39,0.39,0.0,4.36,5.04,4.21,4.21,1.0,5.0,3.2,3.13,9|0|3|8|5,9|0|3|8|5|0|0|2|0|5,9|0|3|8|5|0|0|2|0|5|3|0|10|0|2,7.0,4.7,4.7,4.4,4.2,2.6,2.5,2.2,2.2,1.7,1.6,1.2,1.1,1.0,1.0,0.8,0.8,0.8,0.8,0.7,0.7,0.7,0.7,0.3,0.3,0.3,0.3,38.97,F,LESS 2.5 | 93.0% | Edge +2.1,LESS,2.5,93.0,2.11,86.0,Strong,6,Last 7 Confirmed - Not selected in primary 9,,6.0,2,6-8,50.0,81.0,0.12,Usage risk,8,0.88,Daniel Lynch IV,L,2.45,1.01,0.1762,0.0104,0.0725,4.84,1.43,0.2306,0.0332,UNIQLO Field at Dodger Stadium,1.0,1.0,,,,,Weather unavailable,185,164,0.287,0.328,0.409,0.737,116,0.866,47,11,0,3,18,18,11,2,0,2026-08-10 vs Kansas City Royals: 9 FS|2026-08-09 @ Arizona Diamondbacks: 0 FS|2026-08-07 @ Arizona Diamondbacks: 3 FS|2026-08-05 @ Chicago Cubs: 8 FS|2026-08-01 vs Boston Red Sox: 5 FS,2026-08-10 vs Kansas City Royals: 9 FS|2026-08-09 @ Arizona Diamondbacks: 0 FS|2026-08-07 @ Arizona Diamondbacks: 3 FS|2026-08-05 @ Chicago Cubs: 8 FS|2026-08-01 vs Boston Red Sox: 5 FS|2026-07-31 vs Boston Red Sox: 0 FS|2026-07-26 @ New York Mets: 0 FS|2026-07-24 @ New York Mets: 2 FS|2026-07-21 @ Philadelphia Phillies: 0 FS|2026-07-20 @ Philadelphia Phillies: 5 FS,2026-08-10 vs Kansas City Royals: 9 FS|2026-08-09 @ Arizona Diamondbacks: 0 FS|2026-08-07 @ Arizona Diamondbacks: 3 FS|2026-08-05 @ Chicago Cubs: 8 FS|2026-08-01 vs Boston Red Sox: 5 FS|2026-07-31 vs Boston Red Sox: 0 FS|2026-07-26 @ New York Mets: 0 FS|2026-07-24 @ New York Mets: 2 FS|2026-07-21 @ Philadelphia Phillies: 0 FS|2026-07-20 @ Philadelphia Phillies: 5 FS|2026-07-19 @ New York Yankees: 3 FS|2026-07-11 vs Arizona Diamondbacks: 0 FS|2026-07-10 vs Arizona Diamondbacks: 10 FS|2026-07-07 vs Colorado Rockies: 0 FS|2026-07-06 vs Colorado Rockies: 2 FS,15,30,4.4,3.0,Last 30 games + shrinkage,3.57,3.21,0.273,Neutral,4.4,1.286,0.2571,0.0857,0.0,0.0286,0.0,5.84,6.33,5.75,5.95,5.87,28.0,16.0,20.0,16.0,20.0,6.0,8.0,25.0,75.0,Recent workload,Yes,30.0,21.2,40.6,47.1,0.9575,36,0.08,1.0,1.0,1.0,75.0,98,83.88,31.63,2.04,36.73,0.36,0.9316,1.0,1.0,1.0,1.0994,178,Statcast,1.0918,26,Statcast,98,83.88,12.0,17.69,30.2,24.5,60.2,15.3,1.0,1.0012,1.0043,1.0023,1.0078,0.9939,3.89,-0.51,Unknown/neutral,Neutral fallback,1.0,1.0,1.0,1.0,1.0,1.0,Neutral fallback,1.072,3,27.0,0.8625,27.0,0.9954,0.1657,0.0674,0.0012,0.0217,0.0681,0.0085,0.1372,0.4363,0.2909,0.2728,0.0681,0.0956,0.0028,1.0,No,4.21,0.0,0.0,0.96,0.12,88.0,Bench/pinch-hit distribution,,,,,,,,,,,,,,,,,,,,,,,,,,,,,,,,,,,,,,,,,,,,,,,,,,,,,,,Pass,5.68
272,2026-08-12,Cam Cauley,TEX,LAA,TEX @ LAA,AWAY,CF,0.27,0.27,0.27,0.0,4.01,4.9,3.22,3.22,1.0,2.0,1.5,2.87,0|0|10|0|0,0|0|10|0|0|0|0|0|0|5,0|0|10|0|0|0|0|0|0|5|0|0|16|7|5,5.1,3.8,3.7,3.1,3.0,1.8,1.7,1.5,1.5,1.0,1.0,0.7,0.6,0.5,0.5,0.4,0.4,0.3,0.3,0.3,0.3,0.3,0.3,0.1,0.1,0.1,0.1,38.69,F,LESS 2.5 | 94.9% | Edge +2.2,LESS,2.5,94.9,2.23,89.8,Strong,9,Last 7 Confirmed - Not selected in primary 9,,9.0,3,9-9-8,66.7,85.8,0.12,Usage risk,6,0.88,George Klassen,R,7.27,2.88,0.2115,0.0192,0.2692,4.49,1.37,0.2037,0.0282,Angel Stadium,1.0,1.04,86.3,10.0,241.0,0.0,"warm, light wind",64,57,0.211,0.286,0.351,0.637,28,0.757,12,3,1,1,9,1,5,1,0,2026-08-11 @ Los Angeles Angels: 0 FS|2026-08-10 @ Los Angeles Angels: 0 FS|2026-08-09 vs Baltimore Orioles: 10 FS|2026-08-05 vs San Francisco Giants: 0 FS|2026-08-04 vs San Francisco Giants: 0 FS,2026-08-11 @ Los Angeles Angels: 0 FS|2026-08-10 @ Los Angeles Angels: 0 FS|2026-08-09 vs Baltimore Orioles: 10 FS|2026-08-05 vs San Francisco Giants: 0 FS|2026-08-04 vs San Francisco Giants: 0 FS|2026-08-03 vs San Francisco Giants: 0 FS|2026-08-02 @ Houston Astros: 0 FS|2026-07-31 @ Houston Astros: 0 FS|2026-07-30 @ Tampa Bay Rays: 0 FS|2026-07-29 @ Tampa Bay Rays: 5 FS,2026-08-11 @ Los Angeles Angels: 0 FS|2026-08-10 @ Los Angeles Angels: 0 FS|2026-08-09 vs Baltimore Orioles: 10 FS|2026-08-05 vs San Francisco Giants: 0 FS|2026-08-04 vs San Francisco Giants: 0 FS|2026-08-03 vs San Francisco Giants: 0 FS|2026-08-02 @ Houston Astros: 0 FS|2026-07-31 @ Houston Astros: 0 FS|2026-07-30 @ Tampa Bay Rays: 0 FS|2026-07-29 @ Tampa Bay Rays: 5 FS|2026-07-25 vs Seattle Mariners: 0 FS|2026-07-24 vs Seattle Mariners: 0 FS|2026-07-22 vs Chicago White Sox: 16 FS|2026-07-21 vs Chicago White Sox: 7 FS|2026-07-20 vs Chicago White Sox: 5 FS,15,27,3.19,0.0,Last 27 games + shrinkage,1.43,2.71,0.161,Cold,3.19,1.086,0.1429,0.0571,0.0286,0.0571,0.0,4.39,4.23,4.17,4.29,4.44,28.0,16.0,20.0,16.0,20.0,6.0,16.53,48.6,51.4,Recent workload,Yes,31.6,22.4,14.1,39.2,0.86,21,0.7,1.0,1.0,1.0,75.0,71,79.05,12.68,0.0,26.76,0.257,0.82,1.0,1.0,1.0,0.9543,159,Statcast,0.9162,14,Statcast,71,79.05,12.0,16.34,35.0,19.7,60.6,19.7,1.029,0.9875,0.982,0.9751,0.9435,0.99,2.35,-0.84,Unknown/neutral,Neutral fallback,1.0,1.0,1.0,1.0,1.0,1.0,Neutral fallback,1.072,3,27.0,0.8625,27.0,0.9041,0.1052,0.0391,0.005,0.0114,0.1119,0.0144,0.2228,0.5555,0.1944,0.25,0.0992,0.0528,0.0058,1.0,No,3.22,0.0,0.0,0.6,0.12,88.0,Bench/pinch-hit distribution,,,,,,,,,,,,,,,,,,,,,,,,,,,,,,,,,,,,,,,,,,,,,,,,,,,,,,,Pass,3.89
273,2026-08-12,Denzer Guzman,LAA,TEX,TEX @ LAA,HOME,3B,0.25,0.25,0.25,0.0,3.85,4.77,3.5,3.5,1.0,0.6,2.8,2.73,0|0|0|3|0,0|0|0|3|0|0|2|4|3|16,0|0|0|3|0|0|2|4|3|16|3|0|2|8|0,5.3,3.0,2.9,2.8,2.6,1.6,1.6,1.4,1.3,1.1,1.0,0.7,0.6,0.6,0.6,0.5,0.5,0.5,0.5,0.5,0.5,0.5,0.5,0.2,0.2,0.2,0.2,33.99,F,LESS 2.5 | 94.7% | Edge +2.2,LESS,2.5,94.7,2.25,89.4,Strong,6,Last 7 Confirmed - Not selected in primary 9,,6.0,2,6-7,50.0,81.0,0.12,Likely regular,9,1.0,Cal Quantrill,R,3.56,1.19,0.2138,0.0326,0.0688,4.24,1.28,0.2222,0.0327,Angel Stadium,1.0,1.04,86.3,10.0,241.0,0.0,"warm, light wind",167,155,0.226,0.277,0.348,0.625,121,0.625,35,4,0,5,14,16,10,1,2,2026-08-11 vs Texas Rangers: 0 FS|2026-08-10 vs Texas Rangers: 0 FS|2026-08-09 @ Miami Marlins: 0 FS|2026-08-08 @ Miami Marlins: 3 FS|2026-08-07 @ Miami Marlins: 0 FS,2026-08-11 vs Texas Rangers: 0 FS|2026-08-10 vs Texas Rangers: 0 FS|2026-08-09 @ Miami Marlins: 0 FS|2026-08-08 @ Miami Marlins: 3 FS|2026-08-07 @ Miami Marlins: 0 FS|2026-08-06 @ Baltimore Orioles: 0 FS|2026-08-04 @ Baltimore Orioles: 2 FS|2026-08-02 vs Milwaukee Brewers: 4 FS|2026-08-01 vs Milwaukee Brewers: 3 FS|2026-07-31 vs Milwaukee Brewers: 16 FS,2026-08-11 vs Texas Rangers: 0 FS|2026-08-10 vs Texas Rangers: 0 FS|2026-08-09 @ Miami Marlins: 0 FS|2026-08-08 @ Miami Marlins: 3 FS|2026-08-07 @ Miami Marlins: 0 FS|2026-08-06 @ Baltimore Orioles: 0 FS|2026-08-04 @ Baltimore Orioles: 2 FS|2026-08-02 vs Milwaukee Brewers: 4 FS|2026-08-01 vs Milwaukee Brewers: 3 FS|2026-07-31 vs Milwaukee Brewers: 16 FS|2026-07-29 vs Houston Astros: 3 FS|2026-07-28 vs Houston Astros: 0 FS|2026-07-27 vs Houston Astros: 2 FS|2026-07-26 @ San Francisco Giants: 8 FS|2026-07-25 @ San Francisco Giants: 0 FS,15,30,3.3,2.5,Last 30 games + shrinkage,0.71,2.93,0.167,Cold,3.3,1.242,0.1515,0.0303,0.0303,0.0606,0.0303,6.08,5.43,6.05,6.0,5.63,28.0,16.0,20.0,16.0,20.0,6.0,16.57,48.7,51.3,Recent workload,No,38.9,28.4,41.6,66.2,1.0702,95,2.22,1.0,1.0,1.0,75.0,215,80.67,19.53,1.4,31.16,0.349,0.843,1.0,1.0,1.0,0.9564,366,Statcast,1.0003,20,Statcast,215,80.67,12.0,16.05,33.41,18.1,72.1,9.8,1.0287,0.9918,0.9978,0.9836,0.9726,0.9875,2.26,-1.04,Unknown/neutral,Neutral fallback,1.0,1.0,1.0,1.0,1.0,1.0,Neutral fallback,1.072,3,27.0,1.0955,27.0,1.0,0.146,0.0182,0.001,0.0176,0.0448,0.0085,0.2284,0.4753,0.2573,0.2673,0.0499,0.0726,0.0082,1.0,No,3.5,0.0,0.0,0.6,0.12,88.0,Bench/pinch-hit distribution,,,,,,,,,,,,,,,,,,,,,,,,,,,,,,,,,,,,,,,,,,,,,,,,,,,,,,,Pass,4.59
274,2026-08-12,Travis d'Arnaud,LAA,TEX,TEX @ LAA,HOME,C,0.29,0.29,0.29,0.0,3.43,4.85,3.78,3.78,1.0,1.6,3.2,3.47,2|3|3|0|0,2|3|3|0|0|18|6|0|0|0,2|3|3|0|0|18|6|0|0|0|0|9|7|0|4,5.3,3.6,3.5,3.2,3.0,1.9,1.9,1.7,1.6,1.3,1.2,0.9,0.8,0.7,0.7,0.6,0.6,0.6,0.6,0.6,0.6,0.6,0.6,0.2,0.2,0.2,0.2,30.04,F,LESS 2.5 | 94.7% | Edge +2.2,LESS,2.5,94.7,2.21,89.4,Strong,8,Last 7 Confirmed - Not selected in primary 9,,8.0,2,8-6,50.0,81.0,0.12,Usage risk,6,0.88,Cal Quantrill,R,3.56,1.19,0.2138,0.0326,0.0688,4.24,1.28,0.2222,0.0327,Angel Stadium,1.0,1.04,86.3,10.0,241.0,0.0,"warm, light wind",51,45,0.2,0.294,0.289,0.583,28,0.45,9,1,0,1,5,3,4,2,0,2026-08-10 vs Texas Rangers: 2 FS|2026-08-05 @ Baltimore Orioles: 3 FS|2026-08-04 @ Baltimore Orioles: 3 FS|2026-08-01 vs Milwaukee Brewers: 0 FS|2026-07-31 vs Milwaukee Brewers: 0 FS,2026-08-10 vs Texas Rangers: 2 FS|2026-08-05 @ Baltimore Orioles: 3 FS|2026-08-04 @ Baltimore Orioles: 3 FS|2026-08-01 vs Milwaukee Brewers: 0 FS|2026-07-31 vs Milwaukee Brewers: 0 FS|2026-05-06 vs Chicago White Sox: 18 FS|2026-05-04 vs Chicago White Sox: 6 FS|2026-05-03 vs New York Mets: 0 FS|2026-05-02 vs New York Mets: 0 FS|2026-05-01 vs New York Mets: 0 FS,2026-08-10 vs Texas Rangers: 2 FS|2026-08-05 @ Baltimore Orioles: 3 FS|2026-08-04 @ Baltimore Orioles: 3 FS|2026-08-01 vs Milwaukee Brewers: 0 FS|2026-07-31 vs Milwaukee Brewers: 0 FS|2026-05-06 vs Chicago White Sox: 18 FS|2026-05-04 vs Chicago White Sox: 6 FS|2026-05-03 vs New York Mets: 0 FS|2026-05-02 vs New York Mets: 0 FS|2026-05-01 vs New York Mets: 0 FS|2026-04-29 @ Chicago White Sox: 0 FS|2026-04-27 @ Chicago White Sox: 9 FS|2026-04-26 @ Kansas City Royals: 7 FS|2026-04-25 @ Kansas City Royals: 0 FS|2026-04-19 vs San Diego Padres: 4 FS,15,19,3.37,2.0,Last 19 games + shrinkage,4.57,3.43,0.233,Neutral,3.37,1.455,0.2121,0.0303,0.0303,0.0909,0.0,4.5,4.31,4.58,4.83,4.36,28.0,16.0,20.0,16.0,20.0,6.0,16.57,48.7,51.3,Recent workload,No,12.5,8.3,14.1,10.6,0.86,6,2.22,1.0,1.0,1.0,75.0,13,81.42,15.38,0.0,7.69,0.229,0.82,1.0,1.0,1.0,0.86,28,Statcast,1.0,0,Fallback,0,88.0,7.5,12.0,24.0,40.0,35.0,25.0,1.0243,1.0099,1.0613,1.0197,1.0916,0.9993,3.31,-0.06,Unknown/neutral,Neutral fallback,1.0,1.0,1.0,1.0,1.0,1.0,Neutral fallback,1.072,3,27.0,0.8625,27.0,0.9417,0.1156,0.0278,0.0026,0.0184,0.0722,0.0152,0.2184,0.44,0.36,0.2,0.0807,0.0718,0.0076,1.0,No,3.78,0.0,0.0,0.84,0.12,88.0,Bench/pinch-hit distribution,,,,,,,,,,,,,,,,,,,,,,,,,,,,,,,,,,,,,,,,,,,,,,,,,,,,,,,Pass,3.91
275,2026-08-12,Oswald Peraza,LAA,TEX,TEX @ LAA,HOME,2B,0.19,0.19,0.19,0.0,2.75,4.27,2.73,2.73,1.0,1.2,0.8,2.0,0|3|0|3|0,0|3|0|3|0|0|2|0|0|0,0|3|0|3|0|0|2|0|0|0|0|3|2|2|15,4.6,2.4,2.3,2.2,2.1,1.3,1.3,1.1,1.1,0.8,0.8,0.4,0.3,0.3,0.3,0.2,0.2,0.2,0.2,0.2,0.2,0.2,0.2,0.1,0.1,0.1,0.1,22.16,F,LESS 2.5 | 95.4% | Edge +2.3,LESS,2.5,95.4,2.31,90.8,Strong,7,Last 7 Confirmed - Not selected in primary 9,,7.0,4,5-7-7-9,50.0,88.0,0.12,Usage risk,7,0.88,Cal Quantrill,R,3.56,1.19,0.2138,0.0326,0.0688,4.24,1.28,0.2222,0.0327,Angel Stadium,1.0,1.04,86.3,10.0,241.0,0.0,"warm, light wind",310,290,0.231,0.275,0.355,0.63,202,0.566,67,11,2,7,27,24,11,7,12,2026-08-11 vs Texas Rangers: 0 FS|2026-08-10 vs Texas Rangers: 3 FS|2026-08-09 @ Miami Marlins: 0 FS|2026-08-07 @ Miami Marlins: 3 FS|2026-08-06 @ Baltimore Orioles: 0 FS,2026-08-11 vs Texas Rangers: 0 FS|2026-08-10 vs Texas Rangers: 3 FS|2026-08-09 @ Miami Marlins: 0 FS|2026-08-07 @ Miami Marlins: 3 FS|2026-08-06 @ Baltimore Orioles: 0 FS|2026-08-02 vs Milwaukee Brewers: 0 FS|2026-07-28 vs Houston Astros: 2 FS|2026-07-27 vs Houston Astros: 0 FS|2026-07-26 @ San Francisco Giants: 0 FS|2026-07-25 @ San Francisco Giants: 0 FS,2026-08-11 vs Texas Rangers: 0 FS|2026-08-10 vs Texas Rangers: 3 FS|2026-08-09 @ Miami Marlins: 0 FS|2026-08-07 @ Miami Marlins: 3 FS|2026-08-06 @ Baltimore Orioles: 0 FS|2026-08-02 vs Milwaukee Brewers: 0 FS|2026-07-28 vs Houston Astros: 2 FS|2026-07-27 vs Houston Astros: 0 FS|2026-07-26 @ San Francisco Giants: 0 FS|2026-07-25 @ San Francisco Giants: 0 FS|2026-07-24 @ San Francisco Giants: 0 FS|2026-07-22 vs St. Louis Cardinals: 3 FS|2026-07-21 vs St. Louis Cardinals: 2 FS|2026-07-20 vs St. Louis Cardinals: 2 FS|2026-07-19 vs Detroit Tigers: 15 FS,15,30,2.03,1.0,Last 30 games + shrinkage,1.14,1.07,0.115,Cold,2.03,0.536,0.1071,0.0,0.0,0.0357,0.0,4.89,4.17,4.42,4.56,4.01,28.0,16.0,20.0,16.0,20.0,6.0,16.57,48.7,51.3,Recent workload,No,32.4,23.1,54.3,56.9,1.0936,61,2.22,1.0,1.0,1.0,75.0,145,79.14,20.0,0.69,21.38,0.269,0.82,1.0,1.0,1.0,0.9475,239,Statcast,0.88,13,Statcast,145,79.14,12.0,14.61,34.77,11.0,76.5,12.4,1.0271,0.987,0.9784,0.9741,0.9384,0.9936,1.5,-0.53,Unknown/neutral,Neutral fallback,1.0,1.0,1.0,1.0,1.0,1.0,Neutral fallback,1.072,3,27.0,1.3,27.0,0.9913,0.1188,0.0174,0.0035,0.0078,0.0336,0.0205,0.2565,0.44,0.36,0.2,0.031,0.0525,0.0164,1.0,No,2.73,0.0,0.0,0.6,0.12,88.0,Bench/pinch-hit distribution,,,,,,,,,,,,,,,,,,,,,,,,,,,,,,,,,,,,,,,,,,,,,,,,,,,,,,,Pass,3.15
276,2026-08-12,Adam Frazier,LAA,TEX,TEX @ LAA,HOME,2B,0.26,0.26,0.26,0.0,2.75,4.27,3.42,3.42,1.0,1.0,1.3,1.27,0|3|0|0|2,0|3|0|0|2|0|4|2|0|2,0|3|0|0|2|0|4|2|0|2|3|0|3|0|0,4.9,3.4,3.3,3.0,2.9,1.8,1.7,1.6,1.5,1.1,1.1,0.8,0.6,0.6,0.6,0.5,0.5,0.5,0.5,0.4,0.4,0.4,0.4,0.1,0.1,0.1,0.1,21.6,F,LESS 2.5 | 95.1% | Edge +2.2,LESS,2.5,95.1,2.24,90.2,Strong,9,Last 7 Confirmed - Not selected in primary 9,,9.0,2,9-9,100.0,85.0,0.12,Usage risk,7,0.88,Cal Quantrill,R,3.56,1.19,0.2138,0.0326,0.0688,4.24,1.28,0.2222,0.0327,Angel Stadium,1.0,1.04,86.3,10.0,241.0,0.0,"warm, light wind",102,90,0.2,0.28,0.311,0.591,85,0.612,18,5,1,1,15,6,9,1,0,2026-08-10 vs Texas Rangers: 0 FS|2026-08-09 @ Miami Marlins: 3 FS|2026-08-05 @ Baltimore Orioles: 0 FS|2026-08-04 @ Baltimore Orioles: 0 FS|2026-06-05 @ Los Angeles Dodgers: 2 FS,2026-08-10 vs Texas Rangers: 0 FS|2026-08-09 @ Miami Marlins: 3 FS|2026-08-05 @ Baltimore Orioles: 0 FS|2026-08-04 @ Baltimore Orioles: 0 FS|2026-06-05 @ Los Angeles Dodgers: 2 FS|2026-06-02 vs Colorado Rockies: 0 FS|2026-06-01 vs Colorado Rockies: 4 FS|2026-05-30 @ Tampa Bay Rays: 2 FS|2026-05-28 @ Detroit Tigers: 0 FS|2026-05-24 vs Texas Rangers: 2 FS,2026-08-10 vs Texas Rangers: 0 FS|2026-08-09 @ Miami Marlins: 3 FS|2026-08-05 @ Baltimore Orioles: 0 FS|2026-08-04 @ Baltimore Orioles: 0 FS|2026-06-05 @ Los Angeles Dodgers: 2 FS|2026-06-02 vs Colorado Rockies: 0 FS|2026-06-01 vs Colorado Rockies: 4 FS|2026-05-30 @ Tampa Bay Rays: 2 FS|2026-05-28 @ Detroit Tigers: 0 FS|2026-05-24 vs Texas Rangers: 2 FS|2026-05-21 vs Athletics: 3 FS|2026-05-20 vs Athletics: 0 FS|2026-05-18 vs Athletics: 3 FS|2026-05-17 vs Los Angeles Dodgers: 0 FS|2026-05-13 @ Cleveland Guardians: 0 FS,15,30,1.73,0.0,Last 30 games + shrinkage,1.29,1.36,0.107,Cold,1.73,0.613,0.0968,0.0,0.0,0.0968,0.0,4.45,3.86,4.1,4.32,4.22,28.0,16.0,20.0,16.0,20.0,6.0,16.57,48.7,51.3,Recent workload,No,14.6,10.0,33.3,9.1,0.9867,0,2.22,1.0,1.0,1.0,75.0,11,83.45,0.0,0.0,18.18,0.249,0.82,1.0,1.0,1.0,0.8982,13,Statcast,1.0,0,Fallback,0,88.0,7.5,12.0,24.0,40.0,35.0,25.0,1.0243,1.0099,1.0613,1.0197,1.0916,0.9962,1.42,-0.32,Unknown/neutral,Neutral fallback,1.0,1.0,1.0,1.0,1.0,1.0,Neutral fallback,1.072,3,27.0,0.8625,27.0,1.0,0.1016,0.0387,0.0062,0.0152,0.0684,0.0053,0.2548,0.65,0.18,0.17,0.065,0.0616,0.005,1.0,No,3.42,0.0,0.0,0.6,0.12,88.0,Bench/pinch-hit distribution,,,,,,,,,,,,,,,,,,,,,,,,,,,,,,,,,,,,,,,,,,,,,,,,,,,,,,,Pass,3.61
