Run Timestamp,Target Date,Player ID,Player,Team,Game,Game Number,Recommended Direction,Model Line,Projected FS,Recommended Probability %,AI Score,Weather Factor,Lineup Spot,Opp Pitcher,Change From Previous,Change Reason,Previous Model Line,Previous Projected FS,Previous Probability %,Previous AI Score,Previous Direction,Previous Tier,Current Tier,Previous Weather Factor,Previous Lineup Spot,Previous Opp Pitcher,Previous Bullpen ERA,Bullpen ERA,Previous Statcast Quality Factor,Statcast Quality Factor,Previous Confidence,Confidence,Line Change,Projection Change,Probability Change,AI Score Change,Confidence Change,Weather Change,Lineup Change,Pitcher Changed,Bullpen ERA Change,Statcast Quality Change,Change Category,Primary Driver,Secondary Driver,Importance Score,Importance,Evolution Icon,AI Reason,Runs Today,Opening Projection,Projection Trend,Opening Confidence,Confidence Trend,Opening Direction,Recommendation Trend,Model Stability,Largest Driver Today,Today AI Summary
2026-09-26T22:20:12-07:00,2026-09-27,,A.J. Ewing,NYM,NYM @ WSH,1,MORE,4.5,6.5,58.0,176.86,1.01,8,DJ Herz,0.0,The model opened at 4.5 with a 6.5 fantasy-point projection and a MORE recommendation at 58.0% confidence. This opening snapshot establishes the baseline for every later model run.,,,,,,,A-,,,,,4.67,,0.8959,,,0.0,0.0,0.0,0.0,0.0,0.0,0.0,False,0.0,0.0,Model Initialized,Opening model run,,72,Major,🟣,The model opened at 4.5 with a 6.5 fantasy-point projection and a MORE recommendation at 58.0% confidence. This opening snapshot establishes the baseline for every later model run.,1,6.5,0.0,58.0,0.0,MORE,MORE → MORE,100,Opening model run,The recommendation stayed MORE. Projection is +0.0 fantasy points and confidence is +0.0 points versus the opening run. The largest driver today is opening model run.
2026-09-26T22:20:12-07:00,2026-09-27,,Abimelec Ortiz,WSH,NYM @ WSH,1,MORE,4.5,6.44,58.7,155.03,1.01,3,Sean Manaea,0.0,The model opened at 4.5 with a 6.4 fantasy-point projection and a MORE recommendation at 58.7% confidence. This opening snapshot establishes the baseline for every later model run.,,,,,,,B,,,,,4.14,,0.9285,,,0.0,0.0,0.0,0.0,0.0,0.0,0.0,False,0.0,0.0,Model Initialized,Opening model run,,72,Major,🟣,The model opened at 4.5 with a 6.4 fantasy-point projection and a MORE recommendation at 58.7% confidence. This opening snapshot establishes the baseline for every later model run.,1,6.44,0.0,58.7,0.0,MORE,MORE → MORE,100,Opening model run,The recommendation stayed MORE. Projection is +0.0 fantasy points and confidence is +0.0 points versus the opening run. The largest driver today is opening model run.
2026-09-26T22:20:12-07:00,2026-09-27,,Adael Amador,COL,COL @ CWS,1,LESS,4.0,3.32,64.1,121.9,1.0,6,Anthony Kay,0.0,The model opened at 4.0 with a 3.3 fantasy-point projection and a LESS recommendation at 64.1% confidence. This opening snapshot establishes the baseline for every later model run.,,,,,,,C+,,,,,4.14,,0.82,,,0.0,0.0,0.0,0.0,0.0,0.0,0.0,False,0.0,0.0,Model Initialized,Opening model run,,72,Major,🟣,The model opened at 4.0 with a 3.3 fantasy-point projection and a LESS recommendation at 64.1% confidence. This opening snapshot establishes the baseline for every later model run.,1,3.32,0.0,64.1,0.0,LESS,LESS → LESS,100,Opening model run,The recommendation stayed LESS. Projection is +0.0 fantasy points and confidence is +0.0 points versus the opening run. The largest driver today is opening model run.
2026-09-26T22:20:12-07:00,2026-09-27,,Adley Rutschman,BOS,CHC @ BOS,1,MORE,2.5,4.6,59.2,142.04,1.0,3,TBD,0.0,The model opened at 2.5 with a 4.6 fantasy-point projection and a MORE recommendation at 59.2% confidence. This opening snapshot establishes the baseline for every later model run.,,,,,,,B-,,,,,4.13,,0.8229,,,0.0,0.0,0.0,0.0,0.0,0.0,0.0,False,0.0,0.0,Model Initialized,Opening model run,,72,Major,🟣,The model opened at 2.5 with a 4.6 fantasy-point projection and a MORE recommendation at 59.2% confidence. This opening snapshot establishes the baseline for every later model run.,1,4.6,0.0,59.2,0.0,MORE,MORE → MORE,100,Opening model run,The recommendation stayed MORE. Projection is +0.0 fantasy points and confidence is +0.0 points versus the opening run. The largest driver today is opening model run.
2026-09-26T22:20:12-07:00,2026-09-27,,Agustín Ramírez,MIA,ATL @ MIA,1,LESS,5.0,4.26,68.1,135.77,1.0,5,JR Ritchie,0.0,The model opened at 5.0 with a 4.3 fantasy-point projection and a LESS recommendation at 68.1% confidence. This opening snapshot establishes the baseline for every later model run.,,,,,,,B-,,,,,3.62,,0.855,,,0.0,0.0,0.0,0.0,0.0,0.0,0.0,False,0.0,0.0,Model Initialized,Opening model run,,72,Major,🟣,The model opened at 5.0 with a 4.3 fantasy-point projection and a LESS recommendation at 68.1% confidence. This opening snapshot establishes the baseline for every later model run.,1,4.26,0.0,68.1,0.0,LESS,LESS → LESS,100,Opening model run,The recommendation stayed LESS. Projection is +0.0 fantasy points and confidence is +0.0 points versus the opening run. The largest driver today is opening model run.
2026-09-26T22:20:12-07:00,2026-09-27,,Alan Roden,MIN,TEX @ MIN,1,MORE,3.0,4.56,61.1,137.69,1.01,6,MacKenzie Gore,0.0,The model opened at 3.0 with a 4.6 fantasy-point projection and a MORE recommendation at 61.1% confidence. This opening snapshot establishes the baseline for every later model run.,,,,,,,B-,,,,,4.3,,0.864,,,0.0,0.0,0.0,0.0,0.0,0.0,0.0,False,0.0,0.0,Model Initialized,Opening model run,,72,Major,🟣,The model opened at 3.0 with a 4.6 fantasy-point projection and a MORE recommendation at 61.1% confidence. This opening snapshot establishes the baseline for every later model run.,1,4.56,0.0,61.1,0.0,MORE,MORE → MORE,100,Opening model run,The recommendation stayed MORE. Projection is +0.0 fantasy points and confidence is +0.0 points versus the opening run. The largest driver today is opening model run.
2026-09-26T22:20:12-07:00,2026-09-27,,Alec Bohm,PHI,TB @ PHI,1,LESS,4.5,4.15,58.4,131.32,1.035,5,Nick Martinez,0.0,The model opened at 4.5 with a 4.2 fantasy-point projection and a LESS recommendation at 58.4% confidence. This opening snapshot establishes the baseline for every later model run.,,,,,,,B-,,,,,3.68,,0.9464,,,0.0,0.0,0.0,0.0,0.0,0.0,0.0,False,0.0,0.0,Model Initialized,Opening model run,,72,Major,🟣,The model opened at 4.5 with a 4.2 fantasy-point projection and a LESS recommendation at 58.4% confidence. This opening snapshot establishes the baseline for every later model run.,1,4.15,0.0,58.4,0.0,LESS,LESS → LESS,100,Opening model run,The recommendation stayed LESS. Projection is +0.0 fantasy points and confidence is +0.0 points versus the opening run. The largest driver today is opening model run.
2026-09-26T22:20:12-07:00,2026-09-27,,Alec Burleson,STL,STL @ MIL,1,LESS,4.0,3.68,63.8,133.11,1.0,3,Jacob Misiorowski,0.0,The model opened at 4.0 with a 3.7 fantasy-point projection and a LESS recommendation at 63.8% confidence. This opening snapshot establishes the baseline for every later model run.,,,,,,,B-,,,,,3.51,,0.9963,,,0.0,0.0,0.0,0.0,0.0,0.0,0.0,False,0.0,0.0,Model Initialized,Opening model run,,72,Major,🟣,The model opened at 4.0 with a 3.7 fantasy-point projection and a LESS recommendation at 63.8% confidence. This opening snapshot establishes the baseline for every later model run.,1,3.68,0.0,63.8,0.0,LESS,LESS → LESS,100,Opening model run,The recommendation stayed LESS. Projection is +0.0 fantasy points and confidence is +0.0 points versus the opening run. The largest driver today is opening model run.
2026-09-26T22:20:12-07:00,2026-09-27,,Alejandro Kirk,TOR,CIN @ TOR,1,LESS,5.0,4.7,63.9,158.46,1.0,2,Brandon Williamson,0.0,The model opened at 5.0 with a 4.7 fantasy-point projection and a LESS recommendation at 63.9% confidence. This opening snapshot establishes the baseline for every later model run.,,,,,,,B,,,,,4.83,,0.8615,,,0.0,0.0,0.0,0.0,0.0,0.0,0.0,False,0.0,0.0,Model Initialized,Opening model run,,72,Major,🟣,The model opened at 5.0 with a 4.7 fantasy-point projection and a LESS recommendation at 63.9% confidence. This opening snapshot establishes the baseline for every later model run.,1,4.7,0.0,63.9,0.0,LESS,LESS → LESS,100,Opening model run,The recommendation stayed LESS. Projection is +0.0 fantasy points and confidence is +0.0 points versus the opening run. The largest driver today is opening model run.
2026-09-26T22:20:12-07:00,2026-09-27,,Alejandro Osuna,TEX,TEX @ MIN,1,LESS,3.5,2.84,65.5,85.58,1.01,9,Dean Kremer,0.0,The model opened at 3.5 with a 2.8 fantasy-point projection and a LESS recommendation at 65.5% confidence. This opening snapshot establishes the baseline for every later model run.,,,,,,,F,,,,,4.56,,0.82,,,0.0,0.0,0.0,0.0,0.0,0.0,0.0,False,0.0,0.0,Model Initialized,Opening model run,,72,Major,🟣,The model opened at 3.5 with a 2.8 fantasy-point projection and a LESS recommendation at 65.5% confidence. This opening snapshot establishes the baseline for every later model run.,1,2.84,0.0,65.5,0.0,LESS,LESS → LESS,100,Opening model run,The recommendation stayed LESS. Projection is +0.0 fantasy points and confidence is +0.0 points versus the opening run. The largest driver today is opening model run.
2026-09-26T22:20:12-07:00,2026-09-27,,Alex Bregman,CHC,CHC @ BOS,1,MORE,4.5,7.45,64.4,198.48,1.0,3,TBD,0.0,The model opened at 4.5 with a 7.5 fantasy-point projection and a MORE recommendation at 64.4% confidence. This opening snapshot establishes the baseline for every later model run.,,,,,,,A,,,,,3.52,,0.8981,,,0.0,0.0,0.0,0.0,0.0,0.0,0.0,False,0.0,0.0,Model Initialized,Opening model run,,72,Major,🟣,The model opened at 4.5 with a 7.5 fantasy-point projection and a MORE recommendation at 64.4% confidence. This opening snapshot establishes the baseline for every later model run.,1,7.45,0.0,64.4,0.0,MORE,MORE → MORE,100,Opening model run,The recommendation stayed MORE. Projection is +0.0 fantasy points and confidence is +0.0 points versus the opening run. The largest driver today is opening model run.
2026-09-26T22:20:12-07:00,2026-09-27,,Ali Sánchez,NYY,BAL @ NYY,1,MORE,2.5,3.44,59.5,86.63,1.02,8,Shane Baz,0.0,The model opened at 2.5 with a 3.4 fantasy-point projection and a MORE recommendation at 59.5% confidence. This opening snapshot establishes the baseline for every later model run.,,,,,,,F,,,,,4.08,,0.8319,,,0.0,0.0,0.0,0.0,0.0,0.0,0.0,False,0.0,0.0,Model Initialized,Opening model run,,72,Major,🟣,The model opened at 2.5 with a 3.4 fantasy-point projection and a MORE recommendation at 59.5% confidence. This opening snapshot establishes the baseline for every later model run.,1,3.44,0.0,59.5,0.0,MORE,MORE → MORE,100,Opening model run,The recommendation stayed MORE. Projection is +0.0 fantasy points and confidence is +0.0 points versus the opening run. The largest driver today is opening model run.
2026-09-26T22:20:12-07:00,2026-09-27,,Alika Williams,ATH,HOU @ ATH,1,LESS,3.5,2.93,67.3,102.22,1.0,8,TBD,0.0,The model opened at 3.5 with a 2.9 fantasy-point projection and a LESS recommendation at 67.3% confidence. This opening snapshot establishes the baseline for every later model run.,,,,,,,D,,,,,4.49,,0.82,,,0.0,0.0,0.0,0.0,0.0,0.0,0.0,False,0.0,0.0,Model Initialized,Opening model run,,72,Major,🟣,The model opened at 3.5 with a 2.9 fantasy-point projection and a LESS recommendation at 67.3% confidence. This opening snapshot establishes the baseline for every later model run.,1,2.93,0.0,67.3,0.0,LESS,LESS → LESS,100,Opening model run,The recommendation stayed LESS. Projection is +0.0 fantasy points and confidence is +0.0 points versus the opening run. The largest driver today is opening model run.
2026-09-26T22:20:12-07:00,2026-09-27,,Amed Rosario,NYY,BAL @ NYY,1,MORE,4.5,6.02,58.9,158.89,1.02,4,Shane Baz,0.0,The model opened at 4.5 with a 6.0 fantasy-point projection and a MORE recommendation at 58.9% confidence. This opening snapshot establishes the baseline for every later model run.,,,,,,,B,,,,,4.08,,0.8929,,,0.0,0.0,0.0,0.0,0.0,0.0,0.0,False,0.0,0.0,Model Initialized,Opening model run,,72,Major,🟣,The model opened at 4.5 with a 6.0 fantasy-point projection and a MORE recommendation at 58.9% confidence. This opening snapshot establishes the baseline for every later model run.,1,6.02,0.0,58.9,0.0,MORE,MORE → MORE,100,Opening model run,The recommendation stayed MORE. Projection is +0.0 fantasy points and confidence is +0.0 points versus the opening run. The largest driver today is opening model run.
2026-09-26T22:20:12-07:00,2026-09-27,,Andrew Benintendi,CWS,COL @ CWS,1,MORE,3.5,5.9,63.0,157.35,1.0,5,Kyle Freeland,0.0,The model opened at 3.5 with a 5.9 fantasy-point projection and a MORE recommendation at 63.0% confidence. This opening snapshot establishes the baseline for every later model run.,,,,,,,B,,,,,5.6,,0.8896,,,0.0,0.0,0.0,0.0,0.0,0.0,0.0,False,0.0,0.0,Model Initialized,Opening model run,,72,Major,🟣,The model opened at 3.5 with a 5.9 fantasy-point projection and a MORE recommendation at 63.0% confidence. This opening snapshot establishes the baseline for every later model run.,1,5.9,0.0,63.0,0.0,MORE,MORE → MORE,100,Opening model run,The recommendation stayed MORE. Projection is +0.0 fantasy points and confidence is +0.0 points versus the opening run. The largest driver today is opening model run.
2026-09-26T22:20:12-07:00,2026-09-27,,Andrew Knizner,SF,LAD @ SF,1,LESS,4.5,3.84,60.8,117.99,1.025,5,TBD,0.0,The model opened at 4.5 with a 3.8 fantasy-point projection and a LESS recommendation at 60.8% confidence. This opening snapshot establishes the baseline for every later model run.,,,,,,,C,,,,,3.57,,0.8341,,,0.0,0.0,0.0,0.0,0.0,0.0,0.0,False,0.0,0.0,Model Initialized,Opening model run,,72,Major,🟣,The model opened at 4.5 with a 3.8 fantasy-point projection and a LESS recommendation at 60.8% confidence. This opening snapshot establishes the baseline for every later model run.,1,3.84,0.0,60.8,0.0,LESS,LESS → LESS,100,Opening model run,The recommendation stayed LESS. Projection is +0.0 fantasy points and confidence is +0.0 points versus the opening run. The largest driver today is opening model run.
2026-09-26T22:20:12-07:00,2026-09-27,,Andruw Monasterio,BOS,CHC @ BOS,1,LESS,3.5,3.14,62.5,89.22,1.0,6,TBD,0.0,The model opened at 3.5 with a 3.1 fantasy-point projection and a LESS recommendation at 62.5% confidence. This opening snapshot establishes the baseline for every later model run.,,,,,,,F,,,,,4.13,,0.82,,,0.0,0.0,0.0,0.0,0.0,0.0,0.0,False,0.0,0.0,Model Initialized,Opening model run,,72,Major,🟣,The model opened at 3.5 with a 3.1 fantasy-point projection and a LESS recommendation at 62.5% confidence. This opening snapshot establishes the baseline for every later model run.,1,3.14,0.0,62.5,0.0,LESS,LESS → LESS,100,Opening model run,The recommendation stayed LESS. Projection is +0.0 fantasy points and confidence is +0.0 points versus the opening run. The largest driver today is opening model run.
2026-09-26T22:20:12-07:00,2026-09-27,,Andrés Chaparro,WSH,NYM @ WSH,1,LESS,5.0,4.69,66.0,144.6,1.01,2,Sean Manaea,0.0,The model opened at 5.0 with a 4.7 fantasy-point projection and a LESS recommendation at 66.0% confidence. This opening snapshot establishes the baseline for every later model run.,,,,,,,B-,,,,,4.14,,0.9191,,,0.0,0.0,0.0,0.0,0.0,0.0,0.0,False,0.0,0.0,Model Initialized,Opening model run,,72,Major,🟣,The model opened at 5.0 with a 4.7 fantasy-point projection and a LESS recommendation at 66.0% confidence. This opening snapshot establishes the baseline for every later model run.,1,4.69,0.0,66.0,0.0,LESS,LESS → LESS,100,Opening model run,The recommendation stayed LESS. Projection is +0.0 fantasy points and confidence is +0.0 points versus the opening run. The largest driver today is opening model run.
2026-09-26T22:20:12-07:00,2026-09-27,,Andrés Giménez,TOR,CIN @ TOR,1,LESS,4.5,3.76,62.2,124.67,1.0,8,Brandon Williamson,0.0,The model opened at 4.5 with a 3.8 fantasy-point projection and a LESS recommendation at 62.2% confidence. This opening snapshot establishes the baseline for every later model run.,,,,,,,C+,,,,,4.83,,0.82,,,0.0,0.0,0.0,0.0,0.0,0.0,0.0,False,0.0,0.0,Model Initialized,Opening model run,,72,Major,🟣,The model opened at 4.5 with a 3.8 fantasy-point projection and a LESS recommendation at 62.2% confidence. This opening snapshot establishes the baseline for every later model run.,1,3.76,0.0,62.2,0.0,LESS,LESS → LESS,100,Opening model run,The recommendation stayed LESS. Projection is +0.0 fantasy points and confidence is +0.0 points versus the opening run. The largest driver today is opening model run.
2026-09-26T22:20:12-07:00,2026-09-27,,Andy Pages,LAD,LAD @ SF,1,MORE,3.5,5.74,59.3,170.31,1.025,7,Carson Seymour,0.0,The model opened at 3.5 with a 5.7 fantasy-point projection and a MORE recommendation at 59.3% confidence. This opening snapshot establishes the baseline for every later model run.,,,,,,,B+,,,,,4.34,,0.8978,,,0.0,0.0,0.0,0.0,0.0,0.0,0.0,False,0.0,0.0,Model Initialized,Opening model run,,72,Major,🟣,The model opened at 3.5 with a 5.7 fantasy-point projection and a MORE recommendation at 59.3% confidence. This opening snapshot establishes the baseline for every later model run.,1,5.74,0.0,59.3,0.0,MORE,MORE → MORE,100,Opening model run,The recommendation stayed MORE. Projection is +0.0 fantasy points and confidence is +0.0 points versus the opening run. The largest driver today is opening model run.
2026-09-26T22:20:12-07:00,2026-09-27,,Angel Genao,CLE,CLE @ KC,1,LESS,4.0,3.68,61.9,89.7,1.0,9,Daniel Lynch IV,0.0,The model opened at 4.0 with a 3.7 fantasy-point projection and a LESS recommendation at 61.9% confidence. This opening snapshot establishes the baseline for every later model run.,,,,,,,F,,,,,4.79,,0.9185,,,0.0,0.0,0.0,0.0,0.0,0.0,0.0,False,0.0,0.0,Model Initialized,Opening model run,,72,Major,🟣,The model opened at 4.0 with a 3.7 fantasy-point projection and a LESS recommendation at 61.9% confidence. This opening snapshot establishes the baseline for every later model run.,1,3.68,0.0,61.9,0.0,LESS,LESS → LESS,100,Opening model run,The recommendation stayed LESS. Projection is +0.0 fantasy points and confidence is +0.0 points versus the opening run. The largest driver today is opening model run.
2026-09-26T22:20:12-07:00,2026-09-27,,Angel Martínez,CLE,CLE @ KC,1,LESS,6.0,5.48,63.8,169.63,1.0,5,Daniel Lynch IV,0.0,The model opened at 6.0 with a 5.5 fantasy-point projection and a LESS recommendation at 63.8% confidence. This opening snapshot establishes the baseline for every later model run.,,,,,,,B+,,,,,4.79,,0.9045,,,0.0,0.0,0.0,0.0,0.0,0.0,0.0,False,0.0,0.0,Model Initialized,Opening model run,,72,Major,🟣,The model opened at 6.0 with a 5.5 fantasy-point projection and a LESS recommendation at 63.8% confidence. This opening snapshot establishes the baseline for every later model run.,1,5.48,0.0,63.8,0.0,LESS,LESS → LESS,100,Opening model run,The recommendation stayed LESS. Projection is +0.0 fantasy points and confidence is +0.0 points versus the opening run. The largest driver today is opening model run.
2026-09-26T22:20:12-07:00,2026-09-27,,Anthony Volpe,NYY,BAL @ NYY,1,MORE,3.0,4.19,58.6,134.03,1.02,7,Shane Baz,0.0,The model opened at 3.0 with a 4.2 fantasy-point projection and a MORE recommendation at 58.6% confidence. This opening snapshot establishes the baseline for every later model run.,,,,,,,B-,,,,,4.08,,0.878,,,0.0,0.0,0.0,0.0,0.0,0.0,0.0,False,0.0,0.0,Model Initialized,Opening model run,,72,Major,🟣,The model opened at 3.0 with a 4.2 fantasy-point projection and a MORE recommendation at 58.6% confidence. This opening snapshot establishes the baseline for every later model run.,1,4.19,0.0,58.6,0.0,MORE,MORE → MORE,100,Opening model run,The recommendation stayed MORE. Projection is +0.0 fantasy points and confidence is +0.0 points versus the opening run. The largest driver today is opening model run.
2026-09-26T22:20:12-07:00,2026-09-27,,Austin Hays,SD,ARI @ SD,1,LESS,3.5,3.2,61.0,92.42,1.03,6,Michael Soroka,0.0,The model opened at 3.5 with a 3.2 fantasy-point projection and a LESS recommendation at 61.0% confidence. This opening snapshot establishes the baseline for every later model run.,,,,,,,D,,,,,4.14,,0.9448,,,0.0,0.0,0.0,0.0,0.0,0.0,0.0,False,0.0,0.0,Model Initialized,Opening model run,,72,Major,🟣,The model opened at 3.5 with a 3.2 fantasy-point projection and a LESS recommendation at 61.0% confidence. This opening snapshot establishes the baseline for every later model run.,1,3.2,0.0,61.0,0.0,LESS,LESS → LESS,100,Opening model run,The recommendation stayed LESS. Projection is +0.0 fantasy points and confidence is +0.0 points versus the opening run. The largest driver today is opening model run.
2026-09-26T22:20:12-07:00,2026-09-27,,Austin Hedges,CLE,CLE @ KC,1,MORE,2.5,4.06,59.6,119.55,1.0,8,Daniel Lynch IV,0.0,The model opened at 2.5 with a 4.1 fantasy-point projection and a MORE recommendation at 59.6% confidence. This opening snapshot establishes the baseline for every later model run.,,,,,,,C+,,,,,4.79,,0.82,,,0.0,0.0,0.0,0.0,0.0,0.0,0.0,False,0.0,0.0,Model Initialized,Opening model run,,72,Major,🟣,The model opened at 2.5 with a 4.1 fantasy-point projection and a MORE recommendation at 59.6% confidence. This opening snapshot establishes the baseline for every later model run.,1,4.06,0.0,59.6,0.0,MORE,MORE → MORE,100,Opening model run,The recommendation stayed MORE. Projection is +0.0 fantasy points and confidence is +0.0 points versus the opening run. The largest driver today is opening model run.
2026-09-26T22:20:12-07:00,2026-09-27,,Austin Martin,MIN,TEX @ MIN,1,MORE,4.5,6.27,61.0,163.94,1.01,2,MacKenzie Gore,0.0,The model opened at 4.5 with a 6.3 fantasy-point projection and a MORE recommendation at 61.0% confidence. This opening snapshot establishes the baseline for every later model run.,,,,,,,B+,,,,,4.3,,0.82,,,0.0,0.0,0.0,0.0,0.0,0.0,0.0,False,0.0,0.0,Model Initialized,Opening model run,,72,Major,🟣,The model opened at 4.5 with a 6.3 fantasy-point projection and a MORE recommendation at 61.0% confidence. This opening snapshot establishes the baseline for every later model run.,1,6.27,0.0,61.0,0.0,MORE,MORE → MORE,100,Opening model run,The recommendation stayed MORE. Projection is +0.0 fantasy points and confidence is +0.0 points versus the opening run. The largest driver today is opening model run.
2026-09-26T22:20:12-07:00,2026-09-27,,Austin Riley,ATL,ATL @ MIA,1,MORE,3.0,4.72,60.2,133.68,1.0,8,Janson Junk,0.0,The model opened at 3.0 with a 4.7 fantasy-point projection and a MORE recommendation at 60.2% confidence. This opening snapshot establishes the baseline for every later model run.,,,,,,,B-,,,,,4.1,,1.0078,,,0.0,0.0,0.0,0.0,0.0,0.0,0.0,False,0.0,0.0,Model Initialized,Opening model run,,72,Major,🟣,The model opened at 3.0 with a 4.7 fantasy-point projection and a MORE recommendation at 60.2% confidence. This opening snapshot establishes the baseline for every later model run.,1,4.72,0.0,60.2,0.0,MORE,MORE → MORE,100,Opening model run,The recommendation stayed MORE. Projection is +0.0 fantasy points and confidence is +0.0 points versus the opening run. The largest driver today is opening model run.
2026-09-26T22:20:12-07:00,2026-09-27,,Austin Wells,NYY,BAL @ NYY,1,LESS,3.5,3.11,64.9,113.83,1.02,8,Shane Baz,0.0,The model opened at 3.5 with a 3.1 fantasy-point projection and a LESS recommendation at 64.9% confidence. This opening snapshot establishes the baseline for every later model run.,,,,,,,C,,,,,4.08,,0.8855,,,0.0,0.0,0.0,0.0,0.0,0.0,0.0,False,0.0,0.0,Model Initialized,Opening model run,,72,Major,🟣,The model opened at 3.5 with a 3.1 fantasy-point projection and a LESS recommendation at 64.9% confidence. This opening snapshot establishes the baseline for every later model run.,1,3.11,0.0,64.9,0.0,LESS,LESS → LESS,100,Opening model run,The recommendation stayed LESS. Projection is +0.0 fantasy points and confidence is +0.0 points versus the opening run. The largest driver today is opening model run.
2026-09-26T22:20:12-07:00,2026-09-27,,Ben Malgeri,DET,PIT @ DET,1,LESS,5.0,4.52,65.7,124.18,1.01,5,Jared Jones,0.0,The model opened at 5.0 with a 4.5 fantasy-point projection and a LESS recommendation at 65.7% confidence. This opening snapshot establishes the baseline for every later model run.,,,,,,,C+,,,,,4.17,,0.9049,,,0.0,0.0,0.0,0.0,0.0,0.0,0.0,False,0.0,0.0,Model Initialized,Opening model run,,72,Major,🟣,The model opened at 5.0 with a 4.5 fantasy-point projection and a LESS recommendation at 65.7% confidence. This opening snapshot establishes the baseline for every later model run.,1,4.52,0.0,65.7,0.0,LESS,LESS → LESS,100,Opening model run,The recommendation stayed LESS. Projection is +0.0 fantasy points and confidence is +0.0 points versus the opening run. The largest driver today is opening model run.
2026-09-26T22:20:12-07:00,2026-09-27,,Ben Rice,NYY,BAL @ NYY,1,MORE,3.5,6.45,61.0,198.69,1.02,1,Shane Baz,0.0,The model opened at 3.5 with a 6.5 fantasy-point projection and a MORE recommendation at 61.0% confidence. This opening snapshot establishes the baseline for every later model run.,,,,,,,A,,,,,4.08,,0.9836,,,0.0,0.0,0.0,0.0,0.0,0.0,0.0,False,0.0,0.0,Model Initialized,Opening model run,,72,Major,🟣,The model opened at 3.5 with a 6.5 fantasy-point projection and a MORE recommendation at 61.0% confidence. This opening snapshot establishes the baseline for every later model run.,1,6.45,0.0,61.0,0.0,MORE,MORE → MORE,100,Opening model run,The recommendation stayed MORE. Projection is +0.0 fantasy points and confidence is +0.0 points versus the opening run. The largest driver today is opening model run.
2026-09-26T22:20:12-07:00,2026-09-27,,Ben Williamson,TB,TB @ PHI,1,MORE,2.5,4.42,63.6,119.97,1.035,6,Zack Wheeler,0.0,The model opened at 2.5 with a 4.4 fantasy-point projection and a MORE recommendation at 63.6% confidence. This opening snapshot establishes the baseline for every later model run.,,,,,,,C+,,,,,4.05,,0.82,,,0.0,0.0,0.0,0.0,0.0,0.0,0.0,False,0.0,0.0,Model Initialized,Opening model run,,72,Major,🟣,The model opened at 2.5 with a 4.4 fantasy-point projection and a MORE recommendation at 63.6% confidence. This opening snapshot establishes the baseline for every later model run.,1,4.42,0.0,63.6,0.0,MORE,MORE → MORE,100,Opening model run,The recommendation stayed MORE. Projection is +0.0 fantasy points and confidence is +0.0 points versus the opening run. The largest driver today is opening model run.
2026-09-26T22:20:12-07:00,2026-09-27,,Bo Bichette,NYM,NYM @ WSH,1,MORE,6.5,8.96,61.6,220.33,1.01,3,DJ Herz,0.0,The model opened at 6.5 with a 9.0 fantasy-point projection and a MORE recommendation at 61.6% confidence. This opening snapshot establishes the baseline for every later model run.,,,,,,,A+,,,,,4.67,,0.8979,,,0.0,0.0,0.0,0.0,0.0,0.0,0.0,False,0.0,0.0,Model Initialized,Opening model run,,72,Major,🟣,The model opened at 6.5 with a 9.0 fantasy-point projection and a MORE recommendation at 61.6% confidence. This opening snapshot establishes the baseline for every later model run.,1,8.96,0.0,61.6,0.0,MORE,MORE → MORE,100,Opening model run,The recommendation stayed MORE. Projection is +0.0 fantasy points and confidence is +0.0 points versus the opening run. The largest driver today is opening model run.
2026-09-26T22:20:12-07:00,2026-09-27,,Bobby Witt Jr.,KC,CLE @ KC,1,MORE,4.5,6.04,58.3,174.66,1.0,2,Parker Messick,0.0,The model opened at 4.5 with a 6.0 fantasy-point projection and a MORE recommendation at 58.3% confidence. This opening snapshot establishes the baseline for every later model run.,,,,,,,A-,,,,,3.77,,0.9473,,,0.0,0.0,0.0,0.0,0.0,0.0,0.0,False,0.0,0.0,Model Initialized,Opening model run,,72,Major,🟣,The model opened at 4.5 with a 6.0 fantasy-point projection and a MORE recommendation at 58.3% confidence. This opening snapshot establishes the baseline for every later model run.,1,6.04,0.0,58.3,0.0,MORE,MORE → MORE,100,Opening model run,The recommendation stayed MORE. Projection is +0.0 fantasy points and confidence is +0.0 points versus the opening run. The largest driver today is opening model run.
2026-09-26T22:20:12-07:00,2026-09-27,,Braden Montgomery,CWS,COL @ CWS,1,MORE,3.5,5.66,67.2,150.34,1.0,9,Kyle Freeland,0.0,The model opened at 3.5 with a 5.7 fantasy-point projection and a MORE recommendation at 67.2% confidence. This opening snapshot establishes the baseline for every later model run.,,,,,,,B,,,,,5.6,,0.9067,,,0.0,0.0,0.0,0.0,0.0,0.0,0.0,False,0.0,0.0,Model Initialized,Opening model run,,72,Major,🟣,The model opened at 3.5 with a 5.7 fantasy-point projection and a MORE recommendation at 67.2% confidence. This opening snapshot establishes the baseline for every later model run.,1,5.66,0.0,67.2,0.0,MORE,MORE → MORE,100,Opening model run,The recommendation stayed MORE. Projection is +0.0 fantasy points and confidence is +0.0 points versus the opening run. The largest driver today is opening model run.
2026-09-26T22:20:12-07:00,2026-09-27,,Brady House,WSH,NYM @ WSH,1,MORE,3.0,5.29,64.1,150.18,1.01,3,Sean Manaea,0.0,The model opened at 3.0 with a 5.3 fantasy-point projection and a MORE recommendation at 64.1% confidence. This opening snapshot establishes the baseline for every later model run.,,,,,,,B,,,,,4.14,,0.9636,,,0.0,0.0,0.0,0.0,0.0,0.0,0.0,False,0.0,0.0,Model Initialized,Opening model run,,72,Major,🟣,The model opened at 3.0 with a 5.3 fantasy-point projection and a MORE recommendation at 64.1% confidence. This opening snapshot establishes the baseline for every later model run.,1,5.29,0.0,64.1,0.0,MORE,MORE → MORE,100,Opening model run,The recommendation stayed MORE. Projection is +0.0 fantasy points and confidence is +0.0 points versus the opening run. The largest driver today is opening model run.
2026-09-26T22:20:12-07:00,2026-09-27,,Brandon Lockridge,MIL,STL @ MIL,1,LESS,4.0,3.3,62.5,90.0,1.0,8,Andre Pallante,0.0,The model opened at 4.0 with a 3.3 fantasy-point projection and a LESS recommendation at 62.5% confidence. This opening snapshot establishes the baseline for every later model run.,,,,,,,F,,,,,4.25,,0.82,,,0.0,0.0,0.0,0.0,0.0,0.0,0.0,False,0.0,0.0,Model Initialized,Opening model run,,72,Major,🟣,The model opened at 4.0 with a 3.3 fantasy-point projection and a LESS recommendation at 62.5% confidence. This opening snapshot establishes the baseline for every later model run.,1,3.3,0.0,62.5,0.0,LESS,LESS → LESS,100,Opening model run,The recommendation stayed LESS. Projection is +0.0 fantasy points and confidence is +0.0 points versus the opening run. The largest driver today is opening model run.
2026-09-26T22:20:12-07:00,2026-09-27,,Brandon Lowe,PIT,PIT @ DET,1,LESS,4.5,4.21,60.5,149.72,1.01,2,River Ryan,0.0,The model opened at 4.5 with a 4.2 fantasy-point projection and a LESS recommendation at 60.5% confidence. This opening snapshot establishes the baseline for every later model run.,,,,,,,B,,,,,3.66,,0.9744,,,0.0,0.0,0.0,0.0,0.0,0.0,0.0,False,0.0,0.0,Model Initialized,Opening model run,,72,Major,🟣,The model opened at 4.5 with a 4.2 fantasy-point projection and a LESS recommendation at 60.5% confidence. This opening snapshot establishes the baseline for every later model run.,1,4.21,0.0,60.5,0.0,LESS,LESS → LESS,100,Opening model run,The recommendation stayed LESS. Projection is +0.0 fantasy points and confidence is +0.0 points versus the opening run. The largest driver today is opening model run.
2026-09-26T22:20:12-07:00,2026-09-27,,Brandon Marsh,PHI,TB @ PHI,1,MORE,3.0,3.97,58.6,101.83,1.035,7,Nick Martinez,0.0,The model opened at 3.0 with a 4.0 fantasy-point projection and a MORE recommendation at 58.6% confidence. This opening snapshot establishes the baseline for every later model run.,,,,,,,D,,,,,3.68,,0.82,,,0.0,0.0,0.0,0.0,0.0,0.0,0.0,False,0.0,0.0,Model Initialized,Opening model run,,72,Major,🟣,The model opened at 3.0 with a 4.0 fantasy-point projection and a MORE recommendation at 58.6% confidence. This opening snapshot establishes the baseline for every later model run.,1,3.97,0.0,58.6,0.0,MORE,MORE → MORE,100,Opening model run,The recommendation stayed MORE. Projection is +0.0 fantasy points and confidence is +0.0 points versus the opening run. The largest driver today is opening model run.
2026-09-26T22:20:12-07:00,2026-09-27,,Brandon Nimmo,TEX,TEX @ MIN,1,MORE,3.0,4.94,64.7,149.07,1.01,1,Dean Kremer,0.0,The model opened at 3.0 with a 4.9 fantasy-point projection and a MORE recommendation at 64.7% confidence. This opening snapshot establishes the baseline for every later model run.,,,,,,,B,,,,,4.56,,0.8829,,,0.0,0.0,0.0,0.0,0.0,0.0,0.0,False,0.0,0.0,Model Initialized,Opening model run,,72,Major,🟣,The model opened at 3.0 with a 4.9 fantasy-point projection and a MORE recommendation at 64.7% confidence. This opening snapshot establishes the baseline for every later model run.,1,4.94,0.0,64.7,0.0,MORE,MORE → MORE,100,Opening model run,The recommendation stayed MORE. Projection is +0.0 fantasy points and confidence is +0.0 points versus the opening run. The largest driver today is opening model run.
2026-09-26T22:20:12-07:00,2026-09-27,,Brandon Valenzuela,TOR,CIN @ TOR,1,MORE,2.5,4.7,65.6,121.9,1.0,7,Brandon Williamson,0.0,The model opened at 2.5 with a 4.7 fantasy-point projection and a MORE recommendation at 65.6% confidence. This opening snapshot establishes the baseline for every later model run.,,,,,,,C+,,,,,4.83,,0.8261,,,0.0,0.0,0.0,0.0,0.0,0.0,0.0,False,0.0,0.0,Model Initialized,Opening model run,,72,Major,🟣,The model opened at 2.5 with a 4.7 fantasy-point projection and a MORE recommendation at 65.6% confidence. This opening snapshot establishes the baseline for every later model run.,1,4.7,0.0,65.6,0.0,MORE,MORE → MORE,100,Opening model run,The recommendation stayed MORE. Projection is +0.0 fantasy points and confidence is +0.0 points versus the opening run. The largest driver today is opening model run.
2026-09-26T22:20:12-07:00,2026-09-27,,Brayan Rocchio,CLE,CLE @ KC,1,LESS,4.5,4.06,59.2,135.3,1.0,9,Daniel Lynch IV,0.0,The model opened at 4.5 with a 4.1 fantasy-point projection and a LESS recommendation at 59.2% confidence. This opening snapshot establishes the baseline for every later model run.,,,,,,,B-,,,,,4.79,,0.82,,,0.0,0.0,0.0,0.0,0.0,0.0,0.0,False,0.0,0.0,Model Initialized,Opening model run,,72,Major,🟣,The model opened at 4.5 with a 4.1 fantasy-point projection and a LESS recommendation at 59.2% confidence. This opening snapshot establishes the baseline for every later model run.,1,4.06,0.0,59.2,0.0,LESS,LESS → LESS,100,Opening model run,The recommendation stayed LESS. Projection is +0.0 fantasy points and confidence is +0.0 points versus the opening run. The largest driver today is opening model run.
2026-09-26T22:20:12-07:00,2026-09-27,,Brenton Doyle,CWS,COL @ CWS,1,MORE,3.5,5.74,59.9,150.62,1.0,9,Kyle Freeland,0.0,The model opened at 3.5 with a 5.7 fantasy-point projection and a MORE recommendation at 59.9% confidence. This opening snapshot establishes the baseline for every later model run.,,,,,,,B,,,,,5.6,,0.8893,,,0.0,0.0,0.0,0.0,0.0,0.0,0.0,False,0.0,0.0,Model Initialized,Opening model run,,72,Major,🟣,The model opened at 3.5 with a 5.7 fantasy-point projection and a MORE recommendation at 59.9% confidence. This opening snapshot establishes the baseline for every later model run.,1,5.74,0.0,59.9,0.0,MORE,MORE → MORE,100,Opening model run,The recommendation stayed MORE. Projection is +0.0 fantasy points and confidence is +0.0 points versus the opening run. The largest driver today is opening model run.
2026-09-26T22:20:12-07:00,2026-09-27,,Brett Bateman,TOR,CIN @ TOR,1,MORE,5.0,7.73,58.3,208.91,1.0,1,Brandon Williamson,0.0,The model opened at 5.0 with a 7.7 fantasy-point projection and a MORE recommendation at 58.3% confidence. This opening snapshot establishes the baseline for every later model run.,,,,,,,A,,,,,4.83,,0.82,,,0.0,0.0,0.0,0.0,0.0,0.0,0.0,False,0.0,0.0,Model Initialized,Opening model run,,72,Major,🟣,The model opened at 5.0 with a 7.7 fantasy-point projection and a MORE recommendation at 58.3% confidence. This opening snapshot establishes the baseline for every later model run.,1,7.73,0.0,58.3,0.0,MORE,MORE → MORE,100,Opening model run,The recommendation stayed MORE. Projection is +0.0 fantasy points and confidence is +0.0 points versus the opening run. The largest driver today is opening model run.
2026-09-26T22:20:12-07:00,2026-09-27,,Brett Baty,NYM,NYM @ WSH,1,LESS,5.0,4.46,65.6,140.84,1.01,6,DJ Herz,0.0,The model opened at 5.0 with a 4.5 fantasy-point projection and a LESS recommendation at 65.6% confidence. This opening snapshot establishes the baseline for every later model run.,,,,,,,B-,,,,,4.67,,0.99,,,0.0,0.0,0.0,0.0,0.0,0.0,0.0,False,0.0,0.0,Model Initialized,Opening model run,,72,Major,🟣,The model opened at 5.0 with a 4.5 fantasy-point projection and a LESS recommendation at 65.6% confidence. This opening snapshot establishes the baseline for every later model run.,1,4.46,0.0,65.6,0.0,LESS,LESS → LESS,100,Opening model run,The recommendation stayed LESS. Projection is +0.0 fantasy points and confidence is +0.0 points versus the opening run. The largest driver today is opening model run.
2026-09-26T22:20:12-07:00,2026-09-27,,Brett Callahan,DET,PIT @ DET,1,MORE,2.5,3.81,58.8,94.76,1.01,8,Jared Jones,0.0,The model opened at 2.5 with a 3.8 fantasy-point projection and a MORE recommendation at 58.8% confidence. This opening snapshot establishes the baseline for every later model run.,,,,,,,D,,,,,4.17,,0.9151,,,0.0,0.0,0.0,0.0,0.0,0.0,0.0,False,0.0,0.0,Model Initialized,Opening model run,,72,Major,🟣,The model opened at 2.5 with a 3.8 fantasy-point projection and a MORE recommendation at 58.8% confidence. This opening snapshot establishes the baseline for every later model run.,1,3.81,0.0,58.8,0.0,MORE,MORE → MORE,100,Opening model run,The recommendation stayed MORE. Projection is +0.0 fantasy points and confidence is +0.0 points versus the opening run. The largest driver today is opening model run.
2026-09-26T22:20:12-07:00,2026-09-27,,Brett Harris,SF,LAD @ SF,1,LESS,4.0,3.66,60.1,104.43,1.025,5,TBD,0.0,The model opened at 4.0 with a 3.7 fantasy-point projection and a LESS recommendation at 60.1% confidence. This opening snapshot establishes the baseline for every later model run.,,,,,,,D,,,,,3.57,,0.8481,,,0.0,0.0,0.0,0.0,0.0,0.0,0.0,False,0.0,0.0,Model Initialized,Opening model run,,72,Major,🟣,The model opened at 4.0 with a 3.7 fantasy-point projection and a LESS recommendation at 60.1% confidence. This opening snapshot establishes the baseline for every later model run.,1,3.66,0.0,60.1,0.0,LESS,LESS → LESS,100,Opening model run,The recommendation stayed LESS. Projection is +0.0 fantasy points and confidence is +0.0 points versus the opening run. The largest driver today is opening model run.
2026-09-26T22:20:12-07:00,2026-09-27,,Brett Sullivan,COL,COL @ CWS,1,MORE,2.5,5.26,71.0,138.68,1.0,7,Anthony Kay,0.0,The model opened at 2.5 with a 5.3 fantasy-point projection and a MORE recommendation at 71.0% confidence. This opening snapshot establishes the baseline for every later model run.,,,,,,,B-,,,,,4.14,,0.8922,,,0.0,0.0,0.0,0.0,0.0,0.0,0.0,False,0.0,0.0,Model Initialized,Opening model run,,72,Major,🟣,The model opened at 2.5 with a 5.3 fantasy-point projection and a MORE recommendation at 71.0% confidence. This opening snapshot establishes the baseline for every later model run.,1,5.26,0.0,71.0,0.0,MORE,MORE → MORE,100,Opening model run,The recommendation stayed MORE. Projection is +0.0 fantasy points and confidence is +0.0 points versus the opening run. The largest driver today is opening model run.
2026-09-26T22:20:12-07:00,2026-09-27,,Brewer Hicklen,ATL,ATL @ MIA,1,MORE,2.5,4.15,63.0,101.84,1.0,8,Janson Junk,0.0,The model opened at 2.5 with a 4.2 fantasy-point projection and a MORE recommendation at 63.0% confidence. This opening snapshot establishes the baseline for every later model run.,,,,,,,D,,,,,4.1,,0.9295,,,0.0,0.0,0.0,0.0,0.0,0.0,0.0,False,0.0,0.0,Model Initialized,Opening model run,,72,Major,🟣,The model opened at 2.5 with a 4.2 fantasy-point projection and a MORE recommendation at 63.0% confidence. This opening snapshot establishes the baseline for every later model run.,1,4.15,0.0,63.0,0.0,MORE,MORE → MORE,100,Opening model run,The recommendation stayed MORE. Projection is +0.0 fantasy points and confidence is +0.0 points versus the opening run. The largest driver today is opening model run.
2026-09-26T22:20:12-07:00,2026-09-27,,Brian Navarreto,MIA,ATL @ MIA,1,LESS,4.0,3.72,62.6,89.99,1.0,9,JR Ritchie,0.0,The model opened at 4.0 with a 3.7 fantasy-point projection and a LESS recommendation at 62.6% confidence. This opening snapshot establishes the baseline for every later model run.,,,,,,,F,,,,,3.62,,0.82,,,0.0,0.0,0.0,0.0,0.0,0.0,0.0,False,0.0,0.0,Model Initialized,Opening model run,,72,Major,🟣,The model opened at 4.0 with a 3.7 fantasy-point projection and a LESS recommendation at 62.6% confidence. This opening snapshot establishes the baseline for every later model run.,1,3.72,0.0,62.6,0.0,LESS,LESS → LESS,100,Opening model run,The recommendation stayed LESS. Projection is +0.0 fantasy points and confidence is +0.0 points versus the opening run. The largest driver today is opening model run.
2026-09-26T22:20:12-07:00,2026-09-27,,Brian Serven,ATH,HOU @ ATH,1,MORE,2.5,4.78,63.8,126.67,1.0,9,TBD,0.0,The model opened at 2.5 with a 4.8 fantasy-point projection and a MORE recommendation at 63.8% confidence. This opening snapshot establishes the baseline for every later model run.,,,,,,,C+,,,,,4.49,,0.8947,,,0.0,0.0,0.0,0.0,0.0,0.0,0.0,False,0.0,0.0,Model Initialized,Opening model run,,72,Major,🟣,The model opened at 2.5 with a 4.8 fantasy-point projection and a MORE recommendation at 63.8% confidence. This opening snapshot establishes the baseline for every later model run.,1,4.78,0.0,63.8,0.0,MORE,MORE → MORE,100,Opening model run,The recommendation stayed MORE. Projection is +0.0 fantasy points and confidence is +0.0 points versus the opening run. The largest driver today is opening model run.
2026-09-26T22:20:12-07:00,2026-09-27,,Brice Turang,MIL,STL @ MIL,1,MORE,2.5,5.43,59.1,177.19,1.0,2,Andre Pallante,0.0,The model opened at 2.5 with a 5.4 fantasy-point projection and a MORE recommendation at 59.1% confidence. This opening snapshot establishes the baseline for every later model run.,,,,,,,A-,,,,,4.25,,0.8839,,,0.0,0.0,0.0,0.0,0.0,0.0,0.0,False,0.0,0.0,Model Initialized,Opening model run,,72,Major,🟣,The model opened at 2.5 with a 5.4 fantasy-point projection and a MORE recommendation at 59.1% confidence. This opening snapshot establishes the baseline for every later model run.,1,5.43,0.0,59.1,0.0,MORE,MORE → MORE,100,Opening model run,The recommendation stayed MORE. Projection is +0.0 fantasy points and confidence is +0.0 points versus the opening run. The largest driver today is opening model run.
2026-09-26T22:20:12-07:00,2026-09-27,,Brooks Lee,MIN,TEX @ MIN,1,MORE,3.0,4.99,64.9,155.32,1.01,2,MacKenzie Gore,0.0,The model opened at 3.0 with a 5.0 fantasy-point projection and a MORE recommendation at 64.9% confidence. This opening snapshot establishes the baseline for every later model run.,,,,,,,B,,,,,4.3,,0.8781,,,0.0,0.0,0.0,0.0,0.0,0.0,0.0,False,0.0,0.0,Model Initialized,Opening model run,,72,Major,🟣,The model opened at 3.0 with a 5.0 fantasy-point projection and a MORE recommendation at 64.9% confidence. This opening snapshot establishes the baseline for every later model run.,1,4.99,0.0,64.9,0.0,MORE,MORE → MORE,100,Opening model run,The recommendation stayed MORE. Projection is +0.0 fantasy points and confidence is +0.0 points versus the opening run. The largest driver today is opening model run.
2026-09-26T22:20:12-07:00,2026-09-27,,Bryan De La Cruz,PHI,TB @ PHI,1,LESS,3.5,2.98,65.0,97.13,1.035,6,Nick Martinez,0.0,The model opened at 3.5 with a 3.0 fantasy-point projection and a LESS recommendation at 65.0% confidence. This opening snapshot establishes the baseline for every later model run.,,,,,,,D,,,,,3.68,,0.8697,,,0.0,0.0,0.0,0.0,0.0,0.0,0.0,False,0.0,0.0,Model Initialized,Opening model run,,72,Major,🟣,The model opened at 3.5 with a 3.0 fantasy-point projection and a LESS recommendation at 65.0% confidence. This opening snapshot establishes the baseline for every later model run.,1,2.98,0.0,65.0,0.0,LESS,LESS → LESS,100,Opening model run,The recommendation stayed LESS. Projection is +0.0 fantasy points and confidence is +0.0 points versus the opening run. The largest driver today is opening model run.
2026-09-26T22:20:12-07:00,2026-09-27,,Bryan Reynolds,PIT,PIT @ DET,1,LESS,4.5,3.87,60.8,128.25,1.01,3,River Ryan,0.0,The model opened at 4.5 with a 3.9 fantasy-point projection and a LESS recommendation at 60.8% confidence. This opening snapshot establishes the baseline for every later model run.,,,,,,,C+,,,,,3.66,,0.9617,,,0.0,0.0,0.0,0.0,0.0,0.0,0.0,False,0.0,0.0,Model Initialized,Opening model run,,72,Major,🟣,The model opened at 4.5 with a 3.9 fantasy-point projection and a LESS recommendation at 60.8% confidence. This opening snapshot establishes the baseline for every later model run.,1,3.87,0.0,60.8,0.0,LESS,LESS → LESS,100,Opening model run,The recommendation stayed LESS. Projection is +0.0 fantasy points and confidence is +0.0 points versus the opening run. The largest driver today is opening model run.
2026-09-26T22:20:12-07:00,2026-09-27,,Bryan Torres,STL,STL @ MIL,1,LESS,2.5,2.24,61.6,80.56,1.0,7,Jacob Misiorowski,0.0,The model opened at 2.5 with a 2.2 fantasy-point projection and a LESS recommendation at 61.6% confidence. This opening snapshot establishes the baseline for every later model run.,,,,,,,F,,,,,3.51,,0.82,,,0.0,0.0,0.0,0.0,0.0,0.0,0.0,False,0.0,0.0,Model Initialized,Opening model run,,72,Major,🟣,The model opened at 2.5 with a 2.2 fantasy-point projection and a LESS recommendation at 61.6% confidence. This opening snapshot establishes the baseline for every later model run.,1,2.24,0.0,61.6,0.0,LESS,LESS → LESS,100,Opening model run,The recommendation stayed LESS. Projection is +0.0 fantasy points and confidence is +0.0 points versus the opening run. The largest driver today is opening model run.
2026-09-26T22:20:12-07:00,2026-09-27,,Bryce Harper,PHI,TB @ PHI,1,MORE,4.0,6.02,59.7,165.97,1.035,3,Nick Martinez,0.0,The model opened at 4.0 with a 6.0 fantasy-point projection and a MORE recommendation at 59.7% confidence. This opening snapshot establishes the baseline for every later model run.,,,,,,,B+,,,,,3.68,,0.9297,,,0.0,0.0,0.0,0.0,0.0,0.0,0.0,False,0.0,0.0,Model Initialized,Opening model run,,72,Major,🟣,The model opened at 4.0 with a 6.0 fantasy-point projection and a MORE recommendation at 59.7% confidence. This opening snapshot establishes the baseline for every later model run.,1,6.02,0.0,59.7,0.0,MORE,MORE → MORE,100,Opening model run,The recommendation stayed MORE. Projection is +0.0 fantasy points and confidence is +0.0 points versus the opening run. The largest driver today is opening model run.
2026-09-26T22:20:12-07:00,2026-09-27,,Bryce Teodosio,LAA,LAA @ SEA,1,LESS,3.0,2.53,68.0,76.71,1.0,9,Logan Gilbert,0.0,The model opened at 3.0 with a 2.5 fantasy-point projection and a LESS recommendation at 68.0% confidence. This opening snapshot establishes the baseline for every later model run.,,,,,,,F,,,,,4.21,,0.82,,,0.0,0.0,0.0,0.0,0.0,0.0,0.0,False,0.0,0.0,Model Initialized,Opening model run,,72,Major,🟣,The model opened at 3.0 with a 2.5 fantasy-point projection and a LESS recommendation at 68.0% confidence. This opening snapshot establishes the baseline for every later model run.,1,2.53,0.0,68.0,0.0,LESS,LESS → LESS,100,Opening model run,The recommendation stayed LESS. Projection is +0.0 fantasy points and confidence is +0.0 points versus the opening run. The largest driver today is opening model run.
2026-09-26T22:20:12-07:00,2026-09-27,,Bryson Stott,PHI,TB @ PHI,1,MORE,3.0,4.39,60.0,133.6,1.035,6,Nick Martinez,0.0,The model opened at 3.0 with a 4.4 fantasy-point projection and a MORE recommendation at 60.0% confidence. This opening snapshot establishes the baseline for every later model run.,,,,,,,B-,,,,,3.68,,0.8531,,,0.0,0.0,0.0,0.0,0.0,0.0,0.0,False,0.0,0.0,Model Initialized,Opening model run,,72,Major,🟣,The model opened at 3.0 with a 4.4 fantasy-point projection and a MORE recommendation at 60.0% confidence. This opening snapshot establishes the baseline for every later model run.,1,4.39,0.0,60.0,0.0,MORE,MORE → MORE,100,Opening model run,The recommendation stayed MORE. Projection is +0.0 fantasy points and confidence is +0.0 points versus the opening run. The largest driver today is opening model run.
2026-09-26T22:20:12-07:00,2026-09-27,,CJ Abrams,WSH,NYM @ WSH,1,MORE,4.0,6.34,60.2,187.63,1.01,4,Sean Manaea,0.0,The model opened at 4.0 with a 6.3 fantasy-point projection and a MORE recommendation at 60.2% confidence. This opening snapshot establishes the baseline for every later model run.,,,,,,,A,,,,,4.14,,0.9047,,,0.0,0.0,0.0,0.0,0.0,0.0,0.0,False,0.0,0.0,Model Initialized,Opening model run,,72,Major,🟣,The model opened at 4.0 with a 6.3 fantasy-point projection and a MORE recommendation at 60.2% confidence. This opening snapshot establishes the baseline for every later model run.,1,6.34,0.0,60.2,0.0,MORE,MORE → MORE,100,Opening model run,The recommendation stayed MORE. Projection is +0.0 fantasy points and confidence is +0.0 points versus the opening run. The largest driver today is opening model run.
2026-09-26T22:20:12-07:00,2026-09-27,,Cal Raleigh,SEA,LAA @ SEA,1,MORE,3.5,6.14,61.5,174.71,1.0,4,Yusei Kikuchi,0.0,The model opened at 3.5 with a 6.1 fantasy-point projection and a MORE recommendation at 61.5% confidence. This opening snapshot establishes the baseline for every later model run.,,,,,,,A-,,,,,4.29,,1.0441,,,0.0,0.0,0.0,0.0,0.0,0.0,0.0,False,0.0,0.0,Model Initialized,Opening model run,,72,Major,🟣,The model opened at 3.5 with a 6.1 fantasy-point projection and a MORE recommendation at 61.5% confidence. This opening snapshot establishes the baseline for every later model run.,1,6.14,0.0,61.5,0.0,MORE,MORE → MORE,100,Opening model run,The recommendation stayed MORE. Projection is +0.0 fantasy points and confidence is +0.0 points versus the opening run. The largest driver today is opening model run.
2026-09-26T22:20:12-07:00,2026-09-27,,Caleb Durbin,BOS,CHC @ BOS,1,LESS,4.5,4.04,58.8,131.65,1.0,5,TBD,0.0,The model opened at 4.5 with a 4.0 fantasy-point projection and a LESS recommendation at 58.8% confidence. This opening snapshot establishes the baseline for every later model run.,,,,,,,B-,,,,,4.13,,0.82,,,0.0,0.0,0.0,0.0,0.0,0.0,0.0,False,0.0,0.0,Model Initialized,Opening model run,,72,Major,🟣,The model opened at 4.5 with a 4.0 fantasy-point projection and a LESS recommendation at 58.8% confidence. This opening snapshot establishes the baseline for every later model run.,1,4.04,0.0,58.8,0.0,LESS,LESS → LESS,100,Opening model run,The recommendation stayed LESS. Projection is +0.0 fantasy points and confidence is +0.0 points versus the opening run. The largest driver today is opening model run.
2026-09-26T22:20:12-07:00,2026-09-27,,Cam Smith,HOU,HOU @ ATH,1,MORE,2.5,5.32,63.8,144.68,1.0,7,TBD,0.0,The model opened at 2.5 with a 5.3 fantasy-point projection and a MORE recommendation at 63.8% confidence. This opening snapshot establishes the baseline for every later model run.,,,,,,,B,,,,,5.48,,0.9029,,,0.0,0.0,0.0,0.0,0.0,0.0,0.0,False,0.0,0.0,Model Initialized,Opening model run,,72,Major,🟣,The model opened at 2.5 with a 5.3 fantasy-point projection and a MORE recommendation at 63.8% confidence. This opening snapshot establishes the baseline for every later model run.,1,5.32,0.0,63.8,0.0,MORE,MORE → MORE,100,Opening model run,The recommendation stayed MORE. Projection is +0.0 fantasy points and confidence is +0.0 points versus the opening run. The largest driver today is opening model run.
2026-09-26T22:20:12-07:00,2026-09-27,,Carlos Cortes,ATH,HOU @ ATH,1,LESS,4.5,3.85,62.3,116.93,1.0,7,TBD,0.0,The model opened at 4.5 with a 3.9 fantasy-point projection and a LESS recommendation at 62.3% confidence. This opening snapshot establishes the baseline for every later model run.,,,,,,,C,,,,,4.49,,0.82,,,0.0,0.0,0.0,0.0,0.0,0.0,0.0,False,0.0,0.0,Model Initialized,Opening model run,,72,Major,🟣,The model opened at 4.5 with a 3.9 fantasy-point projection and a LESS recommendation at 62.3% confidence. This opening snapshot establishes the baseline for every later model run.,1,3.85,0.0,62.3,0.0,LESS,LESS → LESS,100,Opening model run,The recommendation stayed LESS. Projection is +0.0 fantasy points and confidence is +0.0 points versus the opening run. The largest driver today is opening model run.
2026-09-26T22:20:12-07:00,2026-09-27,,Carlos Jorge,CIN,CIN @ TOR,1,LESS,4.5,3.89,61.5,120.63,1.0,1,Max Scherzer,0.0,The model opened at 4.5 with a 3.9 fantasy-point projection and a LESS recommendation at 61.5% confidence. This opening snapshot establishes the baseline for every later model run.,,,,,,,C+,,,,,3.91,,0.82,,,0.0,0.0,0.0,0.0,0.0,0.0,0.0,False,0.0,0.0,Model Initialized,Opening model run,,72,Major,🟣,The model opened at 4.5 with a 3.9 fantasy-point projection and a LESS recommendation at 61.5% confidence. This opening snapshot establishes the baseline for every later model run.,1,3.89,0.0,61.5,0.0,LESS,LESS → LESS,100,Opening model run,The recommendation stayed LESS. Projection is +0.0 fantasy points and confidence is +0.0 points versus the opening run. The largest driver today is opening model run.
2026-09-26T22:20:12-07:00,2026-09-27,,Carlos Narváez,BAL,BAL @ NYY,1,LESS,4.0,3.27,64.3,90.86,1.02,9,Elmer Rodríguez,0.0,The model opened at 4.0 with a 3.3 fantasy-point projection and a LESS recommendation at 64.3% confidence. This opening snapshot establishes the baseline for every later model run.,,,,,,,F,,,,,3.24,,0.82,,,0.0,0.0,0.0,0.0,0.0,0.0,0.0,False,0.0,0.0,Model Initialized,Opening model run,,72,Major,🟣,The model opened at 4.0 with a 3.3 fantasy-point projection and a LESS recommendation at 64.3% confidence. This opening snapshot establishes the baseline for every later model run.,1,3.27,0.0,64.3,0.0,LESS,LESS → LESS,100,Opening model run,The recommendation stayed LESS. Projection is +0.0 fantasy points and confidence is +0.0 points versus the opening run. The largest driver today is opening model run.
2026-09-26T22:20:12-07:00,2026-09-27,,Carson Benge,NYM,NYM @ WSH,1,MORE,5.5,7.64,62.1,213.32,1.01,5,DJ Herz,0.0,The model opened at 5.5 with a 7.6 fantasy-point projection and a MORE recommendation at 62.1% confidence. This opening snapshot establishes the baseline for every later model run.,,,,,,,A,,,,,4.67,,0.8922,,,0.0,0.0,0.0,0.0,0.0,0.0,0.0,False,0.0,0.0,Model Initialized,Opening model run,,72,Major,🟣,The model opened at 5.5 with a 7.6 fantasy-point projection and a MORE recommendation at 62.1% confidence. This opening snapshot establishes the baseline for every later model run.,1,7.64,0.0,62.1,0.0,MORE,MORE → MORE,100,Opening model run,The recommendation stayed MORE. Projection is +0.0 fantasy points and confidence is +0.0 points versus the opening run. The largest driver today is opening model run.
2026-09-26T22:20:12-07:00,2026-09-27,,Carson Kelly,CHC,CHC @ BOS,1,LESS,4.0,3.27,64.6,106.79,1.0,8,TBD,0.0,The model opened at 4.0 with a 3.3 fantasy-point projection and a LESS recommendation at 64.6% confidence. This opening snapshot establishes the baseline for every later model run.,,,,,,,D,,,,,3.52,,0.82,,,0.0,0.0,0.0,0.0,0.0,0.0,0.0,False,0.0,0.0,Model Initialized,Opening model run,,72,Major,🟣,The model opened at 4.0 with a 3.3 fantasy-point projection and a LESS recommendation at 64.6% confidence. This opening snapshot establishes the baseline for every later model run.,1,3.27,0.0,64.6,0.0,LESS,LESS → LESS,100,Opening model run,The recommendation stayed LESS. Projection is +0.0 fantasy points and confidence is +0.0 points versus the opening run. The largest driver today is opening model run.
2026-09-26T22:20:12-07:00,2026-09-27,,Carter Jensen,KC,CLE @ KC,1,LESS,6.5,5.78,62.9,182.66,1.0,1,Parker Messick,0.0,The model opened at 6.5 with a 5.8 fantasy-point projection and a LESS recommendation at 62.9% confidence. This opening snapshot establishes the baseline for every later model run.,,,,,,,A-,,,,,3.77,,0.9757,,,0.0,0.0,0.0,0.0,0.0,0.0,0.0,False,0.0,0.0,Model Initialized,Opening model run,,72,Major,🟣,The model opened at 6.5 with a 5.8 fantasy-point projection and a LESS recommendation at 62.9% confidence. This opening snapshot establishes the baseline for every later model run.,1,5.78,0.0,62.9,0.0,LESS,LESS → LESS,100,Opening model run,The recommendation stayed LESS. Projection is +0.0 fantasy points and confidence is +0.0 points versus the opening run. The largest driver today is opening model run.
2026-09-26T22:20:12-07:00,2026-09-27,,Ceddanne Rafaela,BOS,CHC @ BOS,1,LESS,3.5,3.18,63.2,109.53,1.0,6,TBD,0.0,The model opened at 3.5 with a 3.2 fantasy-point projection and a LESS recommendation at 63.2% confidence. This opening snapshot establishes the baseline for every later model run.,,,,,,,C,,,,,4.13,,0.8454,,,0.0,0.0,0.0,0.0,0.0,0.0,0.0,False,0.0,0.0,Model Initialized,Opening model run,,72,Major,🟣,The model opened at 3.5 with a 3.2 fantasy-point projection and a LESS recommendation at 63.2% confidence. This opening snapshot establishes the baseline for every later model run.,1,3.18,0.0,63.2,0.0,LESS,LESS → LESS,100,Opening model run,The recommendation stayed LESS. Projection is +0.0 fantasy points and confidence is +0.0 points versus the opening run. The largest driver today is opening model run.
2026-09-26T22:20:12-07:00,2026-09-27,,Cedric Mullins,TB,TB @ PHI,1,MORE,2.5,4.58,62.6,122.35,1.035,8,Zack Wheeler,0.0,The model opened at 2.5 with a 4.6 fantasy-point projection and a MORE recommendation at 62.6% confidence. This opening snapshot establishes the baseline for every later model run.,,,,,,,C+,,,,,4.05,,0.82,,,0.0,0.0,0.0,0.0,0.0,0.0,0.0,False,0.0,0.0,Model Initialized,Opening model run,,72,Major,🟣,The model opened at 2.5 with a 4.6 fantasy-point projection and a MORE recommendation at 62.6% confidence. This opening snapshot establishes the baseline for every later model run.,1,4.58,0.0,62.6,0.0,MORE,MORE → MORE,100,Opening model run,The recommendation stayed MORE. Projection is +0.0 fantasy points and confidence is +0.0 points versus the opening run. The largest driver today is opening model run.
2026-09-26T22:20:12-07:00,2026-09-27,,Chandler Simpson,TB,TB @ PHI,1,LESS,3.0,2.68,66.8,113.63,1.035,5,Zack Wheeler,0.0,The model opened at 3.0 with a 2.7 fantasy-point projection and a LESS recommendation at 66.8% confidence. This opening snapshot establishes the baseline for every later model run.,,,,,,,C,,,,,4.05,,0.82,,,0.0,0.0,0.0,0.0,0.0,0.0,0.0,False,0.0,0.0,Model Initialized,Opening model run,,72,Major,🟣,The model opened at 3.0 with a 2.7 fantasy-point projection and a LESS recommendation at 66.8% confidence. This opening snapshot establishes the baseline for every later model run.,1,2.68,0.0,66.8,0.0,LESS,LESS → LESS,100,Opening model run,The recommendation stayed LESS. Projection is +0.0 fantasy points and confidence is +0.0 points versus the opening run. The largest driver today is opening model run.
2026-09-26T22:20:12-07:00,2026-09-27,,Charles McAdoo,TOR,CIN @ TOR,1,MORE,4.5,6.52,59.9,162.95,1.0,1,Brandon Williamson,0.0,The model opened at 4.5 with a 6.5 fantasy-point projection and a MORE recommendation at 59.9% confidence. This opening snapshot establishes the baseline for every later model run.,,,,,,,B+,,,,,4.83,,0.8225,,,0.0,0.0,0.0,0.0,0.0,0.0,0.0,False,0.0,0.0,Model Initialized,Opening model run,,72,Major,🟣,The model opened at 4.5 with a 6.5 fantasy-point projection and a MORE recommendation at 59.9% confidence. This opening snapshot establishes the baseline for every later model run.,1,6.52,0.0,59.9,0.0,MORE,MORE → MORE,100,Opening model run,The recommendation stayed MORE. Projection is +0.0 fantasy points and confidence is +0.0 points versus the opening run. The largest driver today is opening model run.
2026-09-26T22:20:12-07:00,2026-09-27,,Chase DeLauter,CLE,CLE @ KC,1,MORE,4.5,6.37,58.0,177.94,1.0,3,Daniel Lynch IV,0.0,The model opened at 4.5 with a 6.4 fantasy-point projection and a MORE recommendation at 58.0% confidence. This opening snapshot establishes the baseline for every later model run.,,,,,,,A-,,,,,4.79,,0.9217,,,0.0,0.0,0.0,0.0,0.0,0.0,0.0,False,0.0,0.0,Model Initialized,Opening model run,,72,Major,🟣,The model opened at 4.5 with a 6.4 fantasy-point projection and a MORE recommendation at 58.0% confidence. This opening snapshot establishes the baseline for every later model run.,1,6.37,0.0,58.0,0.0,MORE,MORE → MORE,100,Opening model run,The recommendation stayed MORE. Projection is +0.0 fantasy points and confidence is +0.0 points versus the opening run. The largest driver today is opening model run.
2026-09-26T22:20:12-07:00,2026-09-27,,Chase Meidroth,CWS,COL @ CWS,1,MORE,5.0,7.33,61.5,206.26,1.0,7,Kyle Freeland,0.0,The model opened at 5.0 with a 7.3 fantasy-point projection and a MORE recommendation at 61.5% confidence. This opening snapshot establishes the baseline for every later model run.,,,,,,,A,,,,,5.6,,0.8541,,,0.0,0.0,0.0,0.0,0.0,0.0,0.0,False,0.0,0.0,Model Initialized,Opening model run,,72,Major,🟣,The model opened at 5.0 with a 7.3 fantasy-point projection and a MORE recommendation at 61.5% confidence. This opening snapshot establishes the baseline for every later model run.,1,7.33,0.0,61.5,0.0,MORE,MORE → MORE,100,Opening model run,The recommendation stayed MORE. Projection is +0.0 fantasy points and confidence is +0.0 points versus the opening run. The largest driver today is opening model run.
2026-09-26T22:20:12-07:00,2026-09-27,,Christian Encarnacion-Strand,BAL,BAL @ NYY,1,LESS,6.0,5.38,63.9,171.07,1.02,5,Elmer Rodríguez,0.0,The model opened at 6.0 with a 5.4 fantasy-point projection and a LESS recommendation at 63.9% confidence. This opening snapshot establishes the baseline for every later model run.,,,,,,,B+,,,,,3.24,,0.9075,,,0.0,0.0,0.0,0.0,0.0,0.0,0.0,False,0.0,0.0,Model Initialized,Opening model run,,72,Major,🟣,The model opened at 6.0 with a 5.4 fantasy-point projection and a LESS recommendation at 63.9% confidence. This opening snapshot establishes the baseline for every later model run.,1,5.38,0.0,63.9,0.0,LESS,LESS → LESS,100,Opening model run,The recommendation stayed LESS. Projection is +0.0 fantasy points and confidence is +0.0 points versus the opening run. The largest driver today is opening model run.
2026-09-26T22:20:12-07:00,2026-09-27,,Christian Franklin,BAL,BAL @ NYY,1,LESS,3.5,2.76,65.3,99.12,1.02,8,Elmer Rodríguez,0.0,The model opened at 3.5 with a 2.8 fantasy-point projection and a LESS recommendation at 65.3% confidence. This opening snapshot establishes the baseline for every later model run.,,,,,,,D,,,,,3.24,,0.8409,,,0.0,0.0,0.0,0.0,0.0,0.0,0.0,False,0.0,0.0,Model Initialized,Opening model run,,72,Major,🟣,The model opened at 3.5 with a 2.8 fantasy-point projection and a LESS recommendation at 65.3% confidence. This opening snapshot establishes the baseline for every later model run.,1,2.76,0.0,65.3,0.0,LESS,LESS → LESS,100,Opening model run,The recommendation stayed LESS. Projection is +0.0 fantasy points and confidence is +0.0 points versus the opening run. The largest driver today is opening model run.
2026-09-26T22:20:12-07:00,2026-09-27,,Christian Koss,SF,LAD @ SF,1,LESS,4.0,3.52,62.3,107.0,1.025,9,TBD,0.0,The model opened at 4.0 with a 3.5 fantasy-point projection and a LESS recommendation at 62.3% confidence. This opening snapshot establishes the baseline for every later model run.,,,,,,,D,,,,,3.57,,0.82,,,0.0,0.0,0.0,0.0,0.0,0.0,0.0,False,0.0,0.0,Model Initialized,Opening model run,,72,Major,🟣,The model opened at 4.0 with a 3.5 fantasy-point projection and a LESS recommendation at 62.3% confidence. This opening snapshot establishes the baseline for every later model run.,1,3.52,0.0,62.3,0.0,LESS,LESS → LESS,100,Opening model run,The recommendation stayed LESS. Projection is +0.0 fantasy points and confidence is +0.0 points versus the opening run. The largest driver today is opening model run.
2026-09-26T22:20:12-07:00,2026-09-27,,Christian Moore,LAA,LAA @ SEA,1,LESS,3.5,3.24,62.1,105.48,1.0,7,Logan Gilbert,0.0,The model opened at 3.5 with a 3.2 fantasy-point projection and a LESS recommendation at 62.1% confidence. This opening snapshot establishes the baseline for every later model run.,,,,,,,D,,,,,4.21,,0.838,,,0.0,0.0,0.0,0.0,0.0,0.0,0.0,False,0.0,0.0,Model Initialized,Opening model run,,72,Major,🟣,The model opened at 3.5 with a 3.2 fantasy-point projection and a LESS recommendation at 62.1% confidence. This opening snapshot establishes the baseline for every later model run.,1,3.24,0.0,62.1,0.0,LESS,LESS → LESS,100,Opening model run,The recommendation stayed LESS. Projection is +0.0 fantasy points and confidence is +0.0 points versus the opening run. The largest driver today is opening model run.
2026-09-26T22:20:12-07:00,2026-09-27,,Christian Vázquez,HOU,HOU @ ATH,1,MORE,2.5,4.05,61.2,111.55,1.0,9,TBD,0.0,The model opened at 2.5 with a 4.0 fantasy-point projection and a MORE recommendation at 61.2% confidence. This opening snapshot establishes the baseline for every later model run.,,,,,,,C,,,,,5.48,,0.82,,,0.0,0.0,0.0,0.0,0.0,0.0,0.0,False,0.0,0.0,Model Initialized,Opening model run,,72,Major,🟣,The model opened at 2.5 with a 4.0 fantasy-point projection and a MORE recommendation at 61.2% confidence. This opening snapshot establishes the baseline for every later model run.,1,4.05,0.0,61.2,0.0,MORE,MORE → MORE,100,Opening model run,The recommendation stayed MORE. Projection is +0.0 fantasy points and confidence is +0.0 points versus the opening run. The largest driver today is opening model run.
2026-09-26T22:20:12-07:00,2026-09-27,,Christian Walker,HOU,HOU @ ATH,1,MORE,4.0,6.56,60.9,167.36,1.0,6,TBD,0.0,The model opened at 4.0 with a 6.6 fantasy-point projection and a MORE recommendation at 60.9% confidence. This opening snapshot establishes the baseline for every later model run.,,,,,,,B+,,,,,5.48,,0.9163,,,0.0,0.0,0.0,0.0,0.0,0.0,0.0,False,0.0,0.0,Model Initialized,Opening model run,,72,Major,🟣,The model opened at 4.0 with a 6.6 fantasy-point projection and a MORE recommendation at 60.9% confidence. This opening snapshot establishes the baseline for every later model run.,1,6.56,0.0,60.9,0.0,MORE,MORE → MORE,100,Opening model run,The recommendation stayed MORE. Projection is +0.0 fantasy points and confidence is +0.0 points versus the opening run. The largest driver today is opening model run.
2026-09-26T22:20:12-07:00,2026-09-27,,Christian Yelich,MIL,STL @ MIL,1,LESS,3.5,3.01,63.9,109.8,1.0,6,Andre Pallante,0.0,The model opened at 3.5 with a 3.0 fantasy-point projection and a LESS recommendation at 63.9% confidence. This opening snapshot establishes the baseline for every later model run.,,,,,,,C,,,,,4.25,,0.8932,,,0.0,0.0,0.0,0.0,0.0,0.0,0.0,False,0.0,0.0,Model Initialized,Opening model run,,72,Major,🟣,The model opened at 3.5 with a 3.0 fantasy-point projection and a LESS recommendation at 63.9% confidence. This opening snapshot establishes the baseline for every later model run.,1,3.01,0.0,63.9,0.0,LESS,LESS → LESS,100,Opening model run,The recommendation stayed LESS. Projection is +0.0 fantasy points and confidence is +0.0 points versus the opening run. The largest driver today is opening model run.
2026-09-26T22:20:12-07:00,2026-09-27,,Christopher Morel,NYM,NYM @ WSH,1,MORE,3.5,5.58,59.4,134.01,1.01,9,DJ Herz,0.0,The model opened at 3.5 with a 5.6 fantasy-point projection and a MORE recommendation at 59.4% confidence. This opening snapshot establishes the baseline for every later model run.,,,,,,,B-,,,,,4.67,,0.82,,,0.0,0.0,0.0,0.0,0.0,0.0,0.0,False,0.0,0.0,Model Initialized,Opening model run,,72,Major,🟣,The model opened at 3.5 with a 5.6 fantasy-point projection and a MORE recommendation at 59.4% confidence. This opening snapshot establishes the baseline for every later model run.,1,5.58,0.0,59.4,0.0,MORE,MORE → MORE,100,Opening model run,The recommendation stayed MORE. Projection is +0.0 fantasy points and confidence is +0.0 points versus the opening run. The largest driver today is opening model run.
2026-09-26T22:20:12-07:00,2026-09-27,,Coby Mayo,BAL,BAL @ NYY,1,MORE,4.0,6.21,60.0,181.59,1.02,4,Elmer Rodríguez,0.0,The model opened at 4.0 with a 6.2 fantasy-point projection and a MORE recommendation at 60.0% confidence. This opening snapshot establishes the baseline for every later model run.,,,,,,,A-,,,,,3.24,,1.0253,,,0.0,0.0,0.0,0.0,0.0,0.0,0.0,False,0.0,0.0,Model Initialized,Opening model run,,72,Major,🟣,The model opened at 4.0 with a 6.2 fantasy-point projection and a MORE recommendation at 60.0% confidence. This opening snapshot establishes the baseline for every later model run.,1,6.21,0.0,60.0,0.0,MORE,MORE → MORE,100,Opening model run,The recommendation stayed MORE. Projection is +0.0 fantasy points and confidence is +0.0 points versus the opening run. The largest driver today is opening model run.
2026-09-26T22:20:12-07:00,2026-09-27,,Cody Bellinger,NYY,BAL @ NYY,1,LESS,5.0,4.75,64.3,159.34,1.02,2,Shane Baz,0.0,The model opened at 5.0 with a 4.8 fantasy-point projection and a LESS recommendation at 64.3% confidence. This opening snapshot establishes the baseline for every later model run.,,,,,,,B+,,,,,4.08,,0.8828,,,0.0,0.0,0.0,0.0,0.0,0.0,0.0,False,0.0,0.0,Model Initialized,Opening model run,,72,Major,🟣,The model opened at 5.0 with a 4.8 fantasy-point projection and a LESS recommendation at 64.3% confidence. This opening snapshot establishes the baseline for every later model run.,1,4.75,0.0,64.3,0.0,LESS,LESS → LESS,100,Opening model run,The recommendation stayed LESS. Projection is +0.0 fantasy points and confidence is +0.0 points versus the opening run. The largest driver today is opening model run.
2026-09-26T22:20:12-07:00,2026-09-27,,Cole Carrigg,COL,COL @ CWS,1,LESS,5.0,4.5,66.1,159.77,1.0,5,Anthony Kay,0.0,The model opened at 5.0 with a 4.5 fantasy-point projection and a LESS recommendation at 66.1% confidence. This opening snapshot establishes the baseline for every later model run.,,,,,,,B+,,,,,4.14,,0.8817,,,0.0,0.0,0.0,0.0,0.0,0.0,0.0,False,0.0,0.0,Model Initialized,Opening model run,,72,Major,🟣,The model opened at 5.0 with a 4.5 fantasy-point projection and a LESS recommendation at 66.1% confidence. This opening snapshot establishes the baseline for every later model run.,1,4.5,0.0,66.1,0.0,LESS,LESS → LESS,100,Opening model run,The recommendation stayed LESS. Projection is +0.0 fantasy points and confidence is +0.0 points versus the opening run. The largest driver today is opening model run.
2026-09-26T22:20:12-07:00,2026-09-27,,Cole Young,SEA,LAA @ SEA,1,LESS,4.5,3.99,58.7,128.35,1.0,7,Yusei Kikuchi,0.0,The model opened at 4.5 with a 4.0 fantasy-point projection and a LESS recommendation at 58.7% confidence. This opening snapshot establishes the baseline for every later model run.,,,,,,,C+,,,,,4.29,,0.822,,,0.0,0.0,0.0,0.0,0.0,0.0,0.0,False,0.0,0.0,Model Initialized,Opening model run,,72,Major,🟣,The model opened at 4.5 with a 4.0 fantasy-point projection and a LESS recommendation at 58.7% confidence. This opening snapshot establishes the baseline for every later model run.,1,3.99,0.0,58.7,0.0,LESS,LESS → LESS,100,Opening model run,The recommendation stayed LESS. Projection is +0.0 fantasy points and confidence is +0.0 points versus the opening run. The largest driver today is opening model run.
2026-09-26T22:20:12-07:00,2026-09-27,,Colson Montgomery,CWS,COL @ CWS,1,MORE,3.0,5.52,60.7,147.96,1.0,8,Kyle Freeland,0.0,The model opened at 3.0 with a 5.5 fantasy-point projection and a MORE recommendation at 60.7% confidence. This opening snapshot establishes the baseline for every later model run.,,,,,,,B,,,,,5.6,,0.9047,,,0.0,0.0,0.0,0.0,0.0,0.0,0.0,False,0.0,0.0,Model Initialized,Opening model run,,72,Major,🟣,The model opened at 3.0 with a 5.5 fantasy-point projection and a MORE recommendation at 60.7% confidence. This opening snapshot establishes the baseline for every later model run.,1,5.52,0.0,60.7,0.0,MORE,MORE → MORE,100,Opening model run,The recommendation stayed MORE. Projection is +0.0 fantasy points and confidence is +0.0 points versus the opening run. The largest driver today is opening model run.
2026-09-26T22:20:12-07:00,2026-09-27,,Colton Cowser,BAL,BAL @ NYY,1,MORE,3.0,4.76,62.4,141.29,1.02,6,Elmer Rodríguez,0.0,The model opened at 3.0 with a 4.8 fantasy-point projection and a MORE recommendation at 62.4% confidence. This opening snapshot establishes the baseline for every later model run.,,,,,,,B-,,,,,3.24,,0.9295,,,0.0,0.0,0.0,0.0,0.0,0.0,0.0,False,0.0,0.0,Model Initialized,Opening model run,,72,Major,🟣,The model opened at 3.0 with a 4.8 fantasy-point projection and a MORE recommendation at 62.4% confidence. This opening snapshot establishes the baseline for every later model run.,1,4.76,0.0,62.4,0.0,MORE,MORE → MORE,100,Opening model run,The recommendation stayed MORE. Projection is +0.0 fantasy points and confidence is +0.0 points versus the opening run. The largest driver today is opening model run.
2026-09-26T22:20:12-07:00,2026-09-27,,Connor Norby,COL,COL @ CWS,1,LESS,4.5,4.1,59.0,147.22,1.0,2,Anthony Kay,0.0,The model opened at 4.5 with a 4.1 fantasy-point projection and a LESS recommendation at 59.0% confidence. This opening snapshot establishes the baseline for every later model run.,,,,,,,B,,,,,4.14,,0.9118,,,0.0,0.0,0.0,0.0,0.0,0.0,0.0,False,0.0,0.0,Model Initialized,Opening model run,,72,Major,🟣,The model opened at 4.5 with a 4.1 fantasy-point projection and a LESS recommendation at 59.0% confidence. This opening snapshot establishes the baseline for every later model run.,1,4.1,0.0,59.0,0.0,LESS,LESS → LESS,100,Opening model run,The recommendation stayed LESS. Projection is +0.0 fantasy points and confidence is +0.0 points versus the opening run. The largest driver today is opening model run.
2026-09-26T22:20:12-07:00,2026-09-27,,Connor Wong,BOS,CHC @ BOS,1,MORE,2.5,4.57,66.5,119.42,1.0,9,TBD,0.0,The model opened at 2.5 with a 4.6 fantasy-point projection and a MORE recommendation at 66.5% confidence. This opening snapshot establishes the baseline for every later model run.,,,,,,,C,,,,,4.13,,0.8404,,,0.0,0.0,0.0,0.0,0.0,0.0,0.0,False,0.0,0.0,Model Initialized,Opening model run,,72,Major,🟣,The model opened at 2.5 with a 4.6 fantasy-point projection and a MORE recommendation at 66.5% confidence. This opening snapshot establishes the baseline for every later model run.,1,4.57,0.0,66.5,0.0,MORE,MORE → MORE,100,Opening model run,The recommendation stayed MORE. Projection is +0.0 fantasy points and confidence is +0.0 points versus the opening run. The largest driver today is opening model run.
2026-09-26T22:20:12-07:00,2026-09-27,,Cooper Pratt,MIL,STL @ MIL,1,LESS,4.0,3.31,63.0,118.55,1.0,7,Andre Pallante,0.0,The model opened at 4.0 with a 3.3 fantasy-point projection and a LESS recommendation at 63.0% confidence. This opening snapshot establishes the baseline for every later model run.,,,,,,,C,,,,,4.25,,0.82,,,0.0,0.0,0.0,0.0,0.0,0.0,0.0,False,0.0,0.0,Model Initialized,Opening model run,,72,Major,🟣,The model opened at 4.0 with a 3.3 fantasy-point projection and a LESS recommendation at 63.0% confidence. This opening snapshot establishes the baseline for every later model run.,1,3.31,0.0,63.0,0.0,LESS,LESS → LESS,100,Opening model run,The recommendation stayed LESS. Projection is +0.0 fantasy points and confidence is +0.0 points versus the opening run. The largest driver today is opening model run.
2026-09-26T22:20:12-07:00,2026-09-27,,Corbin Carroll,ARI,ARI @ SD,1,MORE,3.0,5.29,62.4,159.51,1.03,5,TBD,0.0,The model opened at 3.0 with a 5.3 fantasy-point projection and a MORE recommendation at 62.4% confidence. This opening snapshot establishes the baseline for every later model run.,,,,,,,B+,,,,,3.99,,0.9784,,,0.0,0.0,0.0,0.0,0.0,0.0,0.0,False,0.0,0.0,Model Initialized,Opening model run,,72,Major,🟣,The model opened at 3.0 with a 5.3 fantasy-point projection and a MORE recommendation at 62.4% confidence. This opening snapshot establishes the baseline for every later model run.,1,5.29,0.0,62.4,0.0,MORE,MORE → MORE,100,Opening model run,The recommendation stayed MORE. Projection is +0.0 fantasy points and confidence is +0.0 points versus the opening run. The largest driver today is opening model run.
2026-09-26T22:20:12-07:00,2026-09-27,,Corey Seager,TEX,TEX @ MIN,1,MORE,5.0,7.66,62.0,196.87,1.01,2,Dean Kremer,0.0,The model opened at 5.0 with a 7.7 fantasy-point projection and a MORE recommendation at 62.0% confidence. This opening snapshot establishes the baseline for every later model run.,,,,,,,A,,,,,4.56,,1.0015,,,0.0,0.0,0.0,0.0,0.0,0.0,0.0,False,0.0,0.0,Model Initialized,Opening model run,,72,Major,🟣,The model opened at 5.0 with a 7.7 fantasy-point projection and a MORE recommendation at 62.0% confidence. This opening snapshot establishes the baseline for every later model run.,1,7.66,0.0,62.0,0.0,MORE,MORE → MORE,100,Opening model run,The recommendation stayed MORE. Projection is +0.0 fantasy points and confidence is +0.0 points versus the opening run. The largest driver today is opening model run.
2026-09-26T22:20:12-07:00,2026-09-27,,Dane Myers,CIN,CIN @ TOR,1,LESS,4.0,3.31,66.2,127.43,1.0,1,Max Scherzer,0.0,The model opened at 4.0 with a 3.3 fantasy-point projection and a LESS recommendation at 66.2% confidence. This opening snapshot establishes the baseline for every later model run.,,,,,,,C+,,,,,3.91,,0.8348,,,0.0,0.0,0.0,0.0,0.0,0.0,0.0,False,0.0,0.0,Model Initialized,Opening model run,,72,Major,🟣,The model opened at 4.0 with a 3.3 fantasy-point projection and a LESS recommendation at 66.2% confidence. This opening snapshot establishes the baseline for every later model run.,1,3.31,0.0,66.2,0.0,LESS,LESS → LESS,100,Opening model run,The recommendation stayed LESS. Projection is +0.0 fantasy points and confidence is +0.0 points versus the opening run. The largest driver today is opening model run.
2026-09-26T22:20:12-07:00,2026-09-27,,Danny Jansen,TEX,TEX @ MIN,1,LESS,4.5,4.24,59.3,130.04,1.01,9,Dean Kremer,0.0,The model opened at 4.5 with a 4.2 fantasy-point projection and a LESS recommendation at 59.3% confidence. This opening snapshot establishes the baseline for every later model run.,,,,,,,C+,,,,,4.56,,0.8353,,,0.0,0.0,0.0,0.0,0.0,0.0,0.0,False,0.0,0.0,Model Initialized,Opening model run,,72,Major,🟣,The model opened at 4.5 with a 4.2 fantasy-point projection and a LESS recommendation at 59.3% confidence. This opening snapshot establishes the baseline for every later model run.,1,4.24,0.0,59.3,0.0,LESS,LESS → LESS,100,Opening model run,The recommendation stayed LESS. Projection is +0.0 fantasy points and confidence is +0.0 points versus the opening run. The largest driver today is opening model run.
2026-09-26T22:20:12-07:00,2026-09-27,,Dansby Swanson,CHC,CHC @ BOS,1,LESS,3.5,3.06,67.5,111.37,1.0,9,TBD,0.0,The model opened at 3.5 with a 3.1 fantasy-point projection and a LESS recommendation at 67.5% confidence. This opening snapshot establishes the baseline for every later model run.,,,,,,,C,,,,,3.52,,0.823,,,0.0,0.0,0.0,0.0,0.0,0.0,0.0,False,0.0,0.0,Model Initialized,Opening model run,,72,Major,🟣,The model opened at 3.5 with a 3.1 fantasy-point projection and a LESS recommendation at 67.5% confidence. This opening snapshot establishes the baseline for every later model run.,1,3.06,0.0,67.5,0.0,LESS,LESS → LESS,100,Opening model run,The recommendation stayed LESS. Projection is +0.0 fantasy points and confidence is +0.0 points versus the opening run. The largest driver today is opening model run.
2026-09-26T22:20:12-07:00,2026-09-27,,David Fry,CLE,CLE @ KC,1,LESS,4.0,3.36,65.7,100.32,1.0,6,Daniel Lynch IV,0.0,The model opened at 4.0 with a 3.4 fantasy-point projection and a LESS recommendation at 65.7% confidence. This opening snapshot establishes the baseline for every later model run.,,,,,,,D,,,,,4.79,,0.9304,,,0.0,0.0,0.0,0.0,0.0,0.0,0.0,False,0.0,0.0,Model Initialized,Opening model run,,72,Major,🟣,The model opened at 4.0 with a 3.4 fantasy-point projection and a LESS recommendation at 65.7% confidence. This opening snapshot establishes the baseline for every later model run.,1,3.36,0.0,65.7,0.0,LESS,LESS → LESS,100,Opening model run,The recommendation stayed LESS. Projection is +0.0 fantasy points and confidence is +0.0 points versus the opening run. The largest driver today is opening model run.
2026-09-26T22:20:12-07:00,2026-09-27,,David Hamilton,MIL,STL @ MIL,1,LESS,3.5,3.06,64.7,100.92,1.0,9,Andre Pallante,0.0,The model opened at 3.5 with a 3.1 fantasy-point projection and a LESS recommendation at 64.7% confidence. This opening snapshot establishes the baseline for every later model run.,,,,,,,D,,,,,4.25,,0.82,,,0.0,0.0,0.0,0.0,0.0,0.0,0.0,False,0.0,0.0,Model Initialized,Opening model run,,72,Major,🟣,The model opened at 3.5 with a 3.1 fantasy-point projection and a LESS recommendation at 64.7% confidence. This opening snapshot establishes the baseline for every later model run.,1,3.06,0.0,64.7,0.0,LESS,LESS → LESS,100,Opening model run,The recommendation stayed LESS. Projection is +0.0 fantasy points and confidence is +0.0 points versus the opening run. The largest driver today is opening model run.
2026-09-26T22:20:12-07:00,2026-09-27,,Davis Schneider,TOR,CIN @ TOR,1,MORE,2.5,4.9,62.2,125.61,1.0,7,Brandon Williamson,0.0,The model opened at 2.5 with a 4.9 fantasy-point projection and a MORE recommendation at 62.2% confidence. This opening snapshot establishes the baseline for every later model run.,,,,,,,C+,,,,,4.83,,0.8236,,,0.0,0.0,0.0,0.0,0.0,0.0,0.0,False,0.0,0.0,Model Initialized,Opening model run,,72,Major,🟣,The model opened at 2.5 with a 4.9 fantasy-point projection and a MORE recommendation at 62.2% confidence. This opening snapshot establishes the baseline for every later model run.,1,4.9,0.0,62.2,0.0,MORE,MORE → MORE,100,Opening model run,The recommendation stayed MORE. Projection is +0.0 fantasy points and confidence is +0.0 points versus the opening run. The largest driver today is opening model run.
2026-09-26T22:20:12-07:00,2026-09-27,,Daylen Lile,WSH,NYM @ WSH,1,LESS,5.0,4.49,67.1,147.32,1.01,2,Sean Manaea,0.0,The model opened at 5.0 with a 4.5 fantasy-point projection and a LESS recommendation at 67.1% confidence. This opening snapshot establishes the baseline for every later model run.,,,,,,,B,,,,,4.14,,0.9778,,,0.0,0.0,0.0,0.0,0.0,0.0,0.0,False,0.0,0.0,Model Initialized,Opening model run,,72,Major,🟣,The model opened at 5.0 with a 4.5 fantasy-point projection and a LESS recommendation at 67.1% confidence. This opening snapshot establishes the baseline for every later model run.,1,4.49,0.0,67.1,0.0,LESS,LESS → LESS,100,Opening model run,The recommendation stayed LESS. Projection is +0.0 fantasy points and confidence is +0.0 points versus the opening run. The largest driver today is opening model run.
2026-09-26T22:20:12-07:00,2026-09-27,,Denzel Clarke,ATH,HOU @ ATH,1,LESS,4.0,3.38,63.6,82.12,1.0,9,TBD,0.0,The model opened at 4.0 with a 3.4 fantasy-point projection and a LESS recommendation at 63.6% confidence. This opening snapshot establishes the baseline for every later model run.,,,,,,,F,,,,,4.49,,0.82,,,0.0,0.0,0.0,0.0,0.0,0.0,0.0,False,0.0,0.0,Model Initialized,Opening model run,,72,Major,🟣,The model opened at 4.0 with a 3.4 fantasy-point projection and a LESS recommendation at 63.6% confidence. This opening snapshot establishes the baseline for every later model run.,1,3.38,0.0,63.6,0.0,LESS,LESS → LESS,100,Opening model run,The recommendation stayed LESS. Projection is +0.0 fantasy points and confidence is +0.0 points versus the opening run. The largest driver today is opening model run.
2026-09-26T22:20:12-07:00,2026-09-27,,Denzer Guzman,LAA,LAA @ SEA,1,LESS,3.5,2.93,65.6,101.74,1.0,6,Logan Gilbert,0.0,The model opened at 3.5 with a 2.9 fantasy-point projection and a LESS recommendation at 65.6% confidence. This opening snapshot establishes the baseline for every later model run.,,,,,,,D,,,,,4.21,,0.82,,,0.0,0.0,0.0,0.0,0.0,0.0,0.0,False,0.0,0.0,Model Initialized,Opening model run,,72,Major,🟣,The model opened at 3.5 with a 2.9 fantasy-point projection and a LESS recommendation at 65.6% confidence. This opening snapshot establishes the baseline for every later model run.,1,2.93,0.0,65.6,0.0,LESS,LESS → LESS,100,Opening model run,The recommendation stayed LESS. Projection is +0.0 fantasy points and confidence is +0.0 points versus the opening run. The largest driver today is opening model run.
2026-09-26T22:20:12-07:00,2026-09-27,,Deyvison De Los Santos,MIA,ATL @ MIA,1,LESS,3.5,2.76,65.8,74.4,1.0,8,JR Ritchie,0.0,The model opened at 3.5 with a 2.8 fantasy-point projection and a LESS recommendation at 65.8% confidence. This opening snapshot establishes the baseline for every later model run.,,,,,,,F,,,,,3.62,,0.82,,,0.0,0.0,0.0,0.0,0.0,0.0,0.0,False,0.0,0.0,Model Initialized,Opening model run,,72,Major,🟣,The model opened at 3.5 with a 2.8 fantasy-point projection and a LESS recommendation at 65.8% confidence. This opening snapshot establishes the baseline for every later model run.,1,2.76,0.0,65.8,0.0,LESS,LESS → LESS,100,Opening model run,The recommendation stayed LESS. Projection is +0.0 fantasy points and confidence is +0.0 points versus the opening run. The largest driver today is opening model run.
2026-09-26T22:20:12-07:00,2026-09-27,,Dillon Dingler,DET,PIT @ DET,1,LESS,4.5,3.86,61.3,116.66,1.01,6,Jared Jones,0.0,The model opened at 4.5 with a 3.9 fantasy-point projection and a LESS recommendation at 61.3% confidence. This opening snapshot establishes the baseline for every later model run.,,,,,,,C,,,,,4.17,,0.889,,,0.0,0.0,0.0,0.0,0.0,0.0,0.0,False,0.0,0.0,Model Initialized,Opening model run,,72,Major,🟣,The model opened at 4.5 with a 3.9 fantasy-point projection and a LESS recommendation at 61.3% confidence. This opening snapshot establishes the baseline for every later model run.,1,3.86,0.0,61.3,0.0,LESS,LESS → LESS,100,Opening model run,The recommendation stayed LESS. Projection is +0.0 fantasy points and confidence is +0.0 points versus the opening run. The largest driver today is opening model run.
2026-09-26T22:20:12-07:00,2026-09-27,,Dominic Canzone,SEA,LAA @ SEA,1,MORE,5.0,6.45,58.6,192.06,1.0,3,Yusei Kikuchi,0.0,The model opened at 5.0 with a 6.5 fantasy-point projection and a MORE recommendation at 58.6% confidence. This opening snapshot establishes the baseline for every later model run.,,,,,,,A,,,,,4.29,,0.9452,,,0.0,0.0,0.0,0.0,0.0,0.0,0.0,False,0.0,0.0,Model Initialized,Opening model run,,72,Major,🟣,The model opened at 5.0 with a 6.5 fantasy-point projection and a MORE recommendation at 58.6% confidence. This opening snapshot establishes the baseline for every later model run.,1,6.45,0.0,58.6,0.0,MORE,MORE → MORE,100,Opening model run,The recommendation stayed MORE. Projection is +0.0 fantasy points and confidence is +0.0 points versus the opening run. The largest driver today is opening model run.
2026-09-26T22:20:12-07:00,2026-09-27,,Dominic Smith,ATL,ATL @ MIA,1,LESS,4.0,3.5,63.3,91.0,1.0,8,Janson Junk,0.0,The model opened at 4.0 with a 3.5 fantasy-point projection and a LESS recommendation at 63.3% confidence. This opening snapshot establishes the baseline for every later model run.,,,,,,,F,,,,,4.1,,0.82,,,0.0,0.0,0.0,0.0,0.0,0.0,0.0,False,0.0,0.0,Model Initialized,Opening model run,,72,Major,🟣,The model opened at 4.0 with a 3.5 fantasy-point projection and a LESS recommendation at 63.3% confidence. This opening snapshot establishes the baseline for every later model run.,1,3.5,0.0,63.3,0.0,LESS,LESS → LESS,100,Opening model run,The recommendation stayed LESS. Projection is +0.0 fantasy points and confidence is +0.0 points versus the opening run. The largest driver today is opening model run.
2026-09-26T22:20:12-07:00,2026-09-27,,Donovan Walton,ATH,HOU @ ATH,1,MORE,2.5,4.85,60.8,142.22,1.0,6,TBD,0.0,The model opened at 2.5 with a 4.8 fantasy-point projection and a MORE recommendation at 60.8% confidence. This opening snapshot establishes the baseline for every later model run.,,,,,,,B-,,,,,4.49,,0.8296,,,0.0,0.0,0.0,0.0,0.0,0.0,0.0,False,0.0,0.0,Model Initialized,Opening model run,,72,Major,🟣,The model opened at 2.5 with a 4.8 fantasy-point projection and a MORE recommendation at 60.8% confidence. This opening snapshot establishes the baseline for every later model run.,1,4.85,0.0,60.8,0.0,MORE,MORE → MORE,100,Opening model run,The recommendation stayed MORE. Projection is +0.0 fantasy points and confidence is +0.0 points versus the opening run. The largest driver today is opening model run.
2026-09-26T22:20:12-07:00,2026-09-27,,Drake Baldwin,ATL,ATL @ MIA,1,MORE,4.0,6.08,60.4,180.12,1.0,1,Janson Junk,0.0,The model opened at 4.0 with a 6.1 fantasy-point projection and a MORE recommendation at 60.4% confidence. This opening snapshot establishes the baseline for every later model run.,,,,,,,A-,,,,,4.1,,0.9757,,,0.0,0.0,0.0,0.0,0.0,0.0,0.0,False,0.0,0.0,Model Initialized,Opening model run,,72,Major,🟣,The model opened at 4.0 with a 6.1 fantasy-point projection and a MORE recommendation at 60.4% confidence. This opening snapshot establishes the baseline for every later model run.,1,6.08,0.0,60.4,0.0,MORE,MORE → MORE,100,Opening model run,The recommendation stayed MORE. Projection is +0.0 fantasy points and confidence is +0.0 points versus the opening run. The largest driver today is opening model run.
2026-09-26T22:20:12-07:00,2026-09-27,,Drew Cavanaugh,SF,LAD @ SF,1,LESS,4.0,3.47,62.5,92.93,1.025,8,TBD,0.0,The model opened at 4.0 with a 3.5 fantasy-point projection and a LESS recommendation at 62.5% confidence. This opening snapshot establishes the baseline for every later model run.,,,,,,,D,,,,,3.57,,0.8349,,,0.0,0.0,0.0,0.0,0.0,0.0,0.0,False,0.0,0.0,Model Initialized,Opening model run,,72,Major,🟣,The model opened at 4.0 with a 3.5 fantasy-point projection and a LESS recommendation at 62.5% confidence. This opening snapshot establishes the baseline for every later model run.,1,3.47,0.0,62.5,0.0,LESS,LESS → LESS,100,Opening model run,The recommendation stayed LESS. Projection is +0.0 fantasy points and confidence is +0.0 points versus the opening run. The largest driver today is opening model run.
2026-09-26T22:20:12-07:00,2026-09-27,,Drew Gilbert,SF,LAD @ SF,1,MORE,4.5,6.64,60.7,167.59,1.025,1,TBD,0.0,The model opened at 4.5 with a 6.6 fantasy-point projection and a MORE recommendation at 60.7% confidence. This opening snapshot establishes the baseline for every later model run.,,,,,,,B+,,,,,3.57,,0.9469,,,0.0,0.0,0.0,0.0,0.0,0.0,0.0,False,0.0,0.0,Model Initialized,Opening model run,,72,Major,🟣,The model opened at 4.5 with a 6.6 fantasy-point projection and a MORE recommendation at 60.7% confidence. This opening snapshot establishes the baseline for every later model run.,1,6.64,0.0,60.7,0.0,MORE,MORE → MORE,100,Opening model run,The recommendation stayed MORE. Projection is +0.0 fantasy points and confidence is +0.0 points versus the opening run. The largest driver today is opening model run.
2026-09-26T22:20:12-07:00,2026-09-27,,Dustin Harris,SD,ARI @ SD,1,LESS,5.0,4.63,64.2,151.5,1.03,2,Michael Soroka,0.0,The model opened at 5.0 with a 4.6 fantasy-point projection and a LESS recommendation at 64.2% confidence. This opening snapshot establishes the baseline for every later model run.,,,,,,,B,,,,,4.14,,0.82,,,0.0,0.0,0.0,0.0,0.0,0.0,0.0,False,0.0,0.0,Model Initialized,Opening model run,,72,Major,🟣,The model opened at 5.0 with a 4.6 fantasy-point projection and a LESS recommendation at 64.2% confidence. This opening snapshot establishes the baseline for every later model run.,1,4.63,0.0,64.2,0.0,LESS,LESS → LESS,100,Opening model run,The recommendation stayed LESS. Projection is +0.0 fantasy points and confidence is +0.0 points versus the opening run. The largest driver today is opening model run.
2026-09-26T22:20:12-07:00,2026-09-27,,Dylan Beavers,BAL,BAL @ NYY,1,MORE,5.0,6.38,58.4,182.31,1.02,1,Elmer Rodríguez,0.0,The model opened at 5.0 with a 6.4 fantasy-point projection and a MORE recommendation at 58.4% confidence. This opening snapshot establishes the baseline for every later model run.,,,,,,,A-,,,,,3.24,,0.9017,,,0.0,0.0,0.0,0.0,0.0,0.0,0.0,False,0.0,0.0,Model Initialized,Opening model run,,72,Major,🟣,The model opened at 5.0 with a 6.4 fantasy-point projection and a MORE recommendation at 58.4% confidence. This opening snapshot establishes the baseline for every later model run.,1,6.38,0.0,58.4,0.0,MORE,MORE → MORE,100,Opening model run,The recommendation stayed MORE. Projection is +0.0 fantasy points and confidence is +0.0 points versus the opening run. The largest driver today is opening model run.
2026-09-26T22:20:12-07:00,2026-09-27,,Dylan Crews,WSH,NYM @ WSH,1,MORE,3.0,5.57,67.6,161.85,1.01,5,Sean Manaea,0.0,The model opened at 3.0 with a 5.6 fantasy-point projection and a MORE recommendation at 67.6% confidence. This opening snapshot establishes the baseline for every later model run.,,,,,,,B+,,,,,4.14,,0.9349,,,0.0,0.0,0.0,0.0,0.0,0.0,0.0,False,0.0,0.0,Model Initialized,Opening model run,,72,Major,🟣,The model opened at 3.0 with a 5.6 fantasy-point projection and a MORE recommendation at 67.6% confidence. This opening snapshot establishes the baseline for every later model run.,1,5.57,0.0,67.6,0.0,MORE,MORE → MORE,100,Opening model run,The recommendation stayed MORE. Projection is +0.0 fantasy points and confidence is +0.0 points versus the opening run. The largest driver today is opening model run.
2026-09-26T22:20:12-07:00,2026-09-27,,Edmundo Sosa,PHI,TB @ PHI,1,MORE,2.5,4.05,60.9,110.76,1.035,9,Nick Martinez,0.0,The model opened at 2.5 with a 4.0 fantasy-point projection and a MORE recommendation at 60.9% confidence. This opening snapshot establishes the baseline for every later model run.,,,,,,,C,,,,,3.68,,0.9078,,,0.0,0.0,0.0,0.0,0.0,0.0,0.0,False,0.0,0.0,Model Initialized,Opening model run,,72,Major,🟣,The model opened at 2.5 with a 4.0 fantasy-point projection and a MORE recommendation at 60.9% confidence. This opening snapshot establishes the baseline for every later model run.,1,4.05,0.0,60.9,0.0,MORE,MORE → MORE,100,Opening model run,The recommendation stayed MORE. Projection is +0.0 fantasy points and confidence is +0.0 points versus the opening run. The largest driver today is opening model run.
2026-09-26T22:20:12-07:00,2026-09-27,,Eduardo Valencia,DET,PIT @ DET,1,MORE,3.0,5.64,66.2,166.2,1.01,4,Jared Jones,0.0,The model opened at 3.0 with a 5.6 fantasy-point projection and a MORE recommendation at 66.2% confidence. This opening snapshot establishes the baseline for every later model run.,,,,,,,B+,,,,,4.17,,0.9944,,,0.0,0.0,0.0,0.0,0.0,0.0,0.0,False,0.0,0.0,Model Initialized,Opening model run,,72,Major,🟣,The model opened at 3.0 with a 5.6 fantasy-point projection and a MORE recommendation at 66.2% confidence. This opening snapshot establishes the baseline for every later model run.,1,5.64,0.0,66.2,0.0,MORE,MORE → MORE,100,Opening model run,The recommendation stayed MORE. Projection is +0.0 fantasy points and confidence is +0.0 points versus the opening run. The largest driver today is opening model run.
2026-09-26T22:20:12-07:00,2026-09-27,,Elias Díaz,TEX,TEX @ MIN,1,MORE,2.5,4.91,65.7,130.36,1.01,8,Dean Kremer,0.0,The model opened at 2.5 with a 4.9 fantasy-point projection and a MORE recommendation at 65.7% confidence. This opening snapshot establishes the baseline for every later model run.,,,,,,,C+,,,,,4.56,,0.8353,,,0.0,0.0,0.0,0.0,0.0,0.0,0.0,False,0.0,0.0,Model Initialized,Opening model run,,72,Major,🟣,The model opened at 2.5 with a 4.9 fantasy-point projection and a MORE recommendation at 65.7% confidence. This opening snapshot establishes the baseline for every later model run.,1,4.91,0.0,65.7,0.0,MORE,MORE → MORE,100,Opening model run,The recommendation stayed MORE. Projection is +0.0 fantasy points and confidence is +0.0 points versus the opening run. The largest driver today is opening model run.
2026-09-26T22:20:12-07:00,2026-09-27,,Elly De La Cruz,CIN,CIN @ TOR,1,MORE,7.5,10.24,61.5,266.38,1.0,2,Max Scherzer,0.0,The model opened at 7.5 with a 10.2 fantasy-point projection and a MORE recommendation at 61.5% confidence. This opening snapshot establishes the baseline for every later model run.,,,,,,,A+,,,,,3.91,,1.0807,,,0.0,0.0,0.0,0.0,0.0,0.0,0.0,False,0.0,0.0,Model Initialized,Opening model run,,72,Major,🟣,The model opened at 7.5 with a 10.2 fantasy-point projection and a MORE recommendation at 61.5% confidence. This opening snapshot establishes the baseline for every later model run.,1,10.24,0.0,61.5,0.0,MORE,MORE → MORE,100,Opening model run,The recommendation stayed MORE. Projection is +0.0 fantasy points and confidence is +0.0 points versus the opening run. The largest driver today is opening model run.
2026-09-26T22:20:12-07:00,2026-09-27,,Emmanuel Rodriguez,MIN,TEX @ MIN,1,MORE,3.0,5.2,62.0,141.25,1.01,8,MacKenzie Gore,0.0,The model opened at 3.0 with a 5.2 fantasy-point projection and a MORE recommendation at 62.0% confidence. This opening snapshot establishes the baseline for every later model run.,,,,,,,B-,,,,,4.3,,1.1211,,,0.0,0.0,0.0,0.0,0.0,0.0,0.0,False,0.0,0.0,Model Initialized,Opening model run,,72,Major,🟣,The model opened at 3.0 with a 5.2 fantasy-point projection and a MORE recommendation at 62.0% confidence. This opening snapshot establishes the baseline for every later model run.,1,5.2,0.0,62.0,0.0,MORE,MORE → MORE,100,Opening model run,The recommendation stayed MORE. Projection is +0.0 fantasy points and confidence is +0.0 points versus the opening run. The largest driver today is opening model run.
2026-09-26T22:20:12-07:00,2026-09-27,,Enrique Hernández,LAD,LAD @ SF,1,LESS,4.5,3.81,62.4,119.13,1.025,8,Carson Seymour,0.0,The model opened at 4.5 with a 3.8 fantasy-point projection and a LESS recommendation at 62.4% confidence. This opening snapshot establishes the baseline for every later model run.,,,,,,,C,,,,,4.34,,0.8411,,,0.0,0.0,0.0,0.0,0.0,0.0,0.0,False,0.0,0.0,Model Initialized,Opening model run,,72,Major,🟣,The model opened at 4.5 with a 3.8 fantasy-point projection and a LESS recommendation at 62.4% confidence. This opening snapshot establishes the baseline for every later model run.,1,3.81,0.0,62.4,0.0,LESS,LESS → LESS,100,Opening model run,The recommendation stayed LESS. Projection is +0.0 fantasy points and confidence is +0.0 points versus the opening run. The largest driver today is opening model run.
2026-09-26T22:20:12-07:00,2026-09-27,,Ernie Clement,TOR,CIN @ TOR,1,LESS,4.5,3.79,60.9,111.53,1.0,9,Brandon Williamson,0.0,The model opened at 4.5 with a 3.8 fantasy-point projection and a LESS recommendation at 60.9% confidence. This opening snapshot establishes the baseline for every later model run.,,,,,,,C,,,,,4.83,,0.82,,,0.0,0.0,0.0,0.0,0.0,0.0,0.0,False,0.0,0.0,Model Initialized,Opening model run,,72,Major,🟣,The model opened at 4.5 with a 3.8 fantasy-point projection and a LESS recommendation at 60.9% confidence. This opening snapshot establishes the baseline for every later model run.,1,3.79,0.0,60.9,0.0,LESS,LESS → LESS,100,Opening model run,The recommendation stayed LESS. Projection is +0.0 fantasy points and confidence is +0.0 points versus the opening run. The largest driver today is opening model run.
2026-09-26T22:20:12-07:00,2026-09-27,,Esteury Ruiz,MIA,ATL @ MIA,1,LESS,4.0,3.26,65.6,107.85,1.0,6,JR Ritchie,0.0,The model opened at 4.0 with a 3.3 fantasy-point projection and a LESS recommendation at 65.6% confidence. This opening snapshot establishes the baseline for every later model run.,,,,,,,D,,,,,3.62,,0.82,,,0.0,0.0,0.0,0.0,0.0,0.0,0.0,False,0.0,0.0,Model Initialized,Opening model run,,72,Major,🟣,The model opened at 4.0 with a 3.3 fantasy-point projection and a LESS recommendation at 65.6% confidence. This opening snapshot establishes the baseline for every later model run.,1,3.26,0.0,65.6,0.0,LESS,LESS → LESS,100,Opening model run,The recommendation stayed LESS. Projection is +0.0 fantasy points and confidence is +0.0 points versus the opening run. The largest driver today is opening model run.
2026-09-26T22:20:12-07:00,2026-09-27,,Ethan Salas,SD,ARI @ SD,1,LESS,3.0,2.73,66.9,89.14,1.03,9,Michael Soroka,0.0,The model opened at 3.0 with a 2.7 fantasy-point projection and a LESS recommendation at 66.9% confidence. This opening snapshot establishes the baseline for every later model run.,,,,,,,F,,,,,4.14,,0.82,,,0.0,0.0,0.0,0.0,0.0,0.0,0.0,False,0.0,0.0,Model Initialized,Opening model run,,72,Major,🟣,The model opened at 3.0 with a 2.7 fantasy-point projection and a LESS recommendation at 66.9% confidence. This opening snapshot establishes the baseline for every later model run.,1,2.73,0.0,66.9,0.0,LESS,LESS → LESS,100,Opening model run,The recommendation stayed LESS. Projection is +0.0 fantasy points and confidence is +0.0 points versus the opening run. The largest driver today is opening model run.
2026-09-26T22:20:12-07:00,2026-09-27,,Eugenio Suárez,CIN,CIN @ TOR,1,MORE,3.0,6.26,64.5,183.91,1.0,5,Max Scherzer,0.0,The model opened at 3.0 with a 6.3 fantasy-point projection and a MORE recommendation at 64.5% confidence. This opening snapshot establishes the baseline for every later model run.,,,,,,,A-,,,,,3.91,,0.9624,,,0.0,0.0,0.0,0.0,0.0,0.0,0.0,False,0.0,0.0,Model Initialized,Opening model run,,72,Major,🟣,The model opened at 3.0 with a 6.3 fantasy-point projection and a MORE recommendation at 64.5% confidence. This opening snapshot establishes the baseline for every later model run.,1,6.26,0.0,64.5,0.0,MORE,MORE → MORE,100,Opening model run,The recommendation stayed MORE. Projection is +0.0 fantasy points and confidence is +0.0 points versus the opening run. The largest driver today is opening model run.
2026-09-26T22:20:12-07:00,2026-09-27,,Evan Carter,TEX,TEX @ MIN,1,LESS,3.5,3.13,62.8,99.75,1.01,9,Dean Kremer,0.0,The model opened at 3.5 with a 3.1 fantasy-point projection and a LESS recommendation at 62.8% confidence. This opening snapshot establishes the baseline for every later model run.,,,,,,,D,,,,,4.56,,0.82,,,0.0,0.0,0.0,0.0,0.0,0.0,0.0,False,0.0,0.0,Model Initialized,Opening model run,,72,Major,🟣,The model opened at 3.5 with a 3.1 fantasy-point projection and a LESS recommendation at 62.8% confidence. This opening snapshot establishes the baseline for every later model run.,1,3.13,0.0,62.8,0.0,LESS,LESS → LESS,100,Opening model run,The recommendation stayed LESS. Projection is +0.0 fantasy points and confidence is +0.0 points versus the opening run. The largest driver today is opening model run.
2026-09-26T22:20:12-07:00,2026-09-27,,Ezequiel Duran,TEX,TEX @ MIN,1,MORE,2.5,5.06,66.2,146.47,1.01,5,Dean Kremer,0.0,The model opened at 2.5 with a 5.1 fantasy-point projection and a MORE recommendation at 66.2% confidence. This opening snapshot establishes the baseline for every later model run.,,,,,,,B,,,,,4.56,,0.8418,,,0.0,0.0,0.0,0.0,0.0,0.0,0.0,False,0.0,0.0,Model Initialized,Opening model run,,72,Major,🟣,The model opened at 2.5 with a 5.1 fantasy-point projection and a MORE recommendation at 66.2% confidence. This opening snapshot establishes the baseline for every later model run.,1,5.06,0.0,66.2,0.0,MORE,MORE → MORE,100,Opening model run,The recommendation stayed MORE. Projection is +0.0 fantasy points and confidence is +0.0 points versus the opening run. The largest driver today is opening model run.
2026-09-26T22:20:12-07:00,2026-09-27,,Ezequiel Tovar,COL,COL @ CWS,1,LESS,4.5,3.89,61.5,125.16,1.0,9,Anthony Kay,0.0,The model opened at 4.5 with a 3.9 fantasy-point projection and a LESS recommendation at 61.5% confidence. This opening snapshot establishes the baseline for every later model run.,,,,,,,C+,,,,,4.14,,0.8241,,,0.0,0.0,0.0,0.0,0.0,0.0,0.0,False,0.0,0.0,Model Initialized,Opening model run,,72,Major,🟣,The model opened at 4.5 with a 3.9 fantasy-point projection and a LESS recommendation at 61.5% confidence. This opening snapshot establishes the baseline for every later model run.,1,3.89,0.0,61.5,0.0,LESS,LESS → LESS,100,Opening model run,The recommendation stayed LESS. Projection is +0.0 fantasy points and confidence is +0.0 points versus the opening run. The largest driver today is opening model run.
2026-09-26T22:20:12-07:00,2026-09-27,,Fernando Tatis Jr.,SD,ARI @ SD,1,MORE,4.5,6.76,60.4,203.81,1.03,1,Michael Soroka,0.0,The model opened at 4.5 with a 6.8 fantasy-point projection and a MORE recommendation at 60.4% confidence. This opening snapshot establishes the baseline for every later model run.,,,,,,,A,,,,,4.14,,1.0866,,,0.0,0.0,0.0,0.0,0.0,0.0,0.0,False,0.0,0.0,Model Initialized,Opening model run,,72,Major,🟣,The model opened at 4.5 with a 6.8 fantasy-point projection and a MORE recommendation at 60.4% confidence. This opening snapshot establishes the baseline for every later model run.,1,6.76,0.0,60.4,0.0,MORE,MORE → MORE,100,Opening model run,The recommendation stayed MORE. Projection is +0.0 fantasy points and confidence is +0.0 points versus the opening run. The largest driver today is opening model run.
2026-09-26T22:20:12-07:00,2026-09-27,,Francisco Alvarez,NYM,NYM @ WSH,1,MORE,5.5,7.43,60.6,186.19,1.01,7,DJ Herz,0.0,The model opened at 5.5 with a 7.4 fantasy-point projection and a MORE recommendation at 60.6% confidence. This opening snapshot establishes the baseline for every later model run.,,,,,,,A,,,,,4.67,,0.9908,,,0.0,0.0,0.0,0.0,0.0,0.0,0.0,False,0.0,0.0,Model Initialized,Opening model run,,72,Major,🟣,The model opened at 5.5 with a 7.4 fantasy-point projection and a MORE recommendation at 60.6% confidence. This opening snapshot establishes the baseline for every later model run.,1,7.43,0.0,60.6,0.0,MORE,MORE → MORE,100,Opening model run,The recommendation stayed MORE. Projection is +0.0 fantasy points and confidence is +0.0 points versus the opening run. The largest driver today is opening model run.
2026-09-26T22:20:12-07:00,2026-09-27,,Francisco Lindor,NYM,NYM @ WSH,1,MORE,6.0,8.87,60.3,223.25,1.01,1,DJ Herz,0.0,The model opened at 6.0 with a 8.9 fantasy-point projection and a MORE recommendation at 60.3% confidence. This opening snapshot establishes the baseline for every later model run.,,,,,,,A+,,,,,4.67,,0.9439,,,0.0,0.0,0.0,0.0,0.0,0.0,0.0,False,0.0,0.0,Model Initialized,Opening model run,,72,Major,🟣,The model opened at 6.0 with a 8.9 fantasy-point projection and a MORE recommendation at 60.3% confidence. This opening snapshot establishes the baseline for every later model run.,1,8.87,0.0,60.3,0.0,MORE,MORE → MORE,100,Opening model run,The recommendation stayed MORE. Projection is +0.0 fantasy points and confidence is +0.0 points versus the opening run. The largest driver today is opening model run.
2026-09-26T22:20:12-07:00,2026-09-27,,Freddie Freeman,LAD,LAD @ SF,1,MORE,3.0,5.22,64.7,153.42,1.025,3,Carson Seymour,0.0,The model opened at 3.0 with a 5.2 fantasy-point projection and a MORE recommendation at 64.7% confidence. This opening snapshot establishes the baseline for every later model run.,,,,,,,B,,,,,4.34,,0.8895,,,0.0,0.0,0.0,0.0,0.0,0.0,0.0,False,0.0,0.0,Model Initialized,Opening model run,,72,Major,🟣,The model opened at 3.0 with a 5.2 fantasy-point projection and a MORE recommendation at 64.7% confidence. This opening snapshot establishes the baseline for every later model run.,1,5.22,0.0,64.7,0.0,MORE,MORE → MORE,100,Opening model run,The recommendation stayed MORE. Projection is +0.0 fantasy points and confidence is +0.0 points versus the opening run. The largest driver today is opening model run.
2026-09-26T22:20:12-07:00,2026-09-27,,Freddy Fermin,SD,ARI @ SD,1,LESS,3.0,2.7,65.2,80.11,1.03,9,Michael Soroka,0.0,The model opened at 3.0 with a 2.7 fantasy-point projection and a LESS recommendation at 65.2% confidence. This opening snapshot establishes the baseline for every later model run.,,,,,,,F,,,,,4.14,,0.8923,,,0.0,0.0,0.0,0.0,0.0,0.0,0.0,False,0.0,0.0,Model Initialized,Opening model run,,72,Major,🟣,The model opened at 3.0 with a 2.7 fantasy-point projection and a LESS recommendation at 65.2% confidence. This opening snapshot establishes the baseline for every later model run.,1,2.7,0.0,65.2,0.0,LESS,LESS → LESS,100,Opening model run,The recommendation stayed LESS. Projection is +0.0 fantasy points and confidence is +0.0 points versus the opening run. The largest driver today is opening model run.
2026-09-26T22:20:12-07:00,2026-09-27,,Gabriel Moreno,ARI,ARI @ SD,1,MORE,5.0,6.9,62.3,201.5,1.03,3,TBD,0.0,The model opened at 5.0 with a 6.9 fantasy-point projection and a MORE recommendation at 62.3% confidence. This opening snapshot establishes the baseline for every later model run.,,,,,,,A,,,,,3.99,,0.8964,,,0.0,0.0,0.0,0.0,0.0,0.0,0.0,False,0.0,0.0,Model Initialized,Opening model run,,72,Major,🟣,The model opened at 5.0 with a 6.9 fantasy-point projection and a MORE recommendation at 62.3% confidence. This opening snapshot establishes the baseline for every later model run.,1,6.9,0.0,62.3,0.0,MORE,MORE → MORE,100,Opening model run,The recommendation stayed MORE. Projection is +0.0 fantasy points and confidence is +0.0 points versus the opening run. The largest driver today is opening model run.
2026-09-26T22:20:12-07:00,2026-09-27,,Garrett Mitchell,MIL,STL @ MIL,1,LESS,5.0,4.69,62.8,150.93,1.0,1,Andre Pallante,0.0,The model opened at 5.0 with a 4.7 fantasy-point projection and a LESS recommendation at 62.8% confidence. This opening snapshot establishes the baseline for every later model run.,,,,,,,B,,,,,4.25,,0.9983,,,0.0,0.0,0.0,0.0,0.0,0.0,0.0,False,0.0,0.0,Model Initialized,Opening model run,,72,Major,🟣,The model opened at 5.0 with a 4.7 fantasy-point projection and a LESS recommendation at 62.8% confidence. This opening snapshot establishes the baseline for every later model run.,1,4.69,0.0,62.8,0.0,LESS,LESS → LESS,100,Opening model run,The recommendation stayed LESS. Projection is +0.0 fantasy points and confidence is +0.0 points versus the opening run. The largest driver today is opening model run.
2026-09-26T22:20:12-07:00,2026-09-27,,Gary Sánchez,MIL,STL @ MIL,1,LESS,3.5,2.9,64.8,103.43,1.0,5,Andre Pallante,0.0,The model opened at 3.5 with a 2.9 fantasy-point projection and a LESS recommendation at 64.8% confidence. This opening snapshot establishes the baseline for every later model run.,,,,,,,D,,,,,4.25,,0.8363,,,0.0,0.0,0.0,0.0,0.0,0.0,0.0,False,0.0,0.0,Model Initialized,Opening model run,,72,Major,🟣,The model opened at 3.5 with a 2.9 fantasy-point projection and a LESS recommendation at 64.8% confidence. This opening snapshot establishes the baseline for every later model run.,1,2.9,0.0,64.8,0.0,LESS,LESS → LESS,100,Opening model run,The recommendation stayed LESS. Projection is +0.0 fantasy points and confidence is +0.0 points versus the opening run. The largest driver today is opening model run.
2026-09-26T22:20:12-07:00,2026-09-27,,Gavin Sheets,SD,ARI @ SD,1,LESS,3.5,3.19,61.2,92.81,1.03,6,Michael Soroka,0.0,The model opened at 3.5 with a 3.2 fantasy-point projection and a LESS recommendation at 61.2% confidence. This opening snapshot establishes the baseline for every later model run.,,,,,,,D,,,,,4.14,,0.82,,,0.0,0.0,0.0,0.0,0.0,0.0,0.0,False,0.0,0.0,Model Initialized,Opening model run,,72,Major,🟣,The model opened at 3.5 with a 3.2 fantasy-point projection and a LESS recommendation at 61.2% confidence. This opening snapshot establishes the baseline for every later model run.,1,3.19,0.0,61.2,0.0,LESS,LESS → LESS,100,Opening model run,The recommendation stayed LESS. Projection is +0.0 fantasy points and confidence is +0.0 points versus the opening run. The largest driver today is opening model run.
2026-09-26T22:20:12-07:00,2026-09-27,,George Lombard Jr.,NYY,BAL @ NYY,1,LESS,4.5,3.77,62.9,136.8,1.02,5,Shane Baz,0.0,The model opened at 4.5 with a 3.8 fantasy-point projection and a LESS recommendation at 62.9% confidence. This opening snapshot establishes the baseline for every later model run.,,,,,,,B-,,,,,4.08,,0.8894,,,0.0,0.0,0.0,0.0,0.0,0.0,0.0,False,0.0,0.0,Model Initialized,Opening model run,,72,Major,🟣,The model opened at 4.5 with a 3.8 fantasy-point projection and a LESS recommendation at 62.9% confidence. This opening snapshot establishes the baseline for every later model run.,1,3.77,0.0,62.9,0.0,LESS,LESS → LESS,100,Opening model run,The recommendation stayed LESS. Projection is +0.0 fantasy points and confidence is +0.0 points versus the opening run. The largest driver today is opening model run.
2026-09-26T22:20:12-07:00,2026-09-27,,George Springer,TOR,CIN @ TOR,1,LESS,4.5,3.83,63.1,136.55,1.0,4,Brandon Williamson,0.0,The model opened at 4.5 with a 3.8 fantasy-point projection and a LESS recommendation at 63.1% confidence. This opening snapshot establishes the baseline for every later model run.,,,,,,,B-,,,,,4.83,,0.8708,,,0.0,0.0,0.0,0.0,0.0,0.0,0.0,False,0.0,0.0,Model Initialized,Opening model run,,72,Major,🟣,The model opened at 4.5 with a 3.8 fantasy-point projection and a LESS recommendation at 63.1% confidence. This opening snapshot establishes the baseline for every later model run.,1,3.83,0.0,63.1,0.0,LESS,LESS → LESS,100,Opening model run,The recommendation stayed LESS. Projection is +0.0 fantasy points and confidence is +0.0 points versus the opening run. The largest driver today is opening model run.
2026-09-26T22:20:12-07:00,2026-09-27,,Geraldo Perdomo,ARI,ARI @ SD,1,MORE,4.5,6.13,60.0,179.45,1.03,4,TBD,0.0,The model opened at 4.5 with a 6.1 fantasy-point projection and a MORE recommendation at 60.0% confidence. This opening snapshot establishes the baseline for every later model run.,,,,,,,A-,,,,,3.99,,0.8668,,,0.0,0.0,0.0,0.0,0.0,0.0,0.0,False,0.0,0.0,Model Initialized,Opening model run,,72,Major,🟣,The model opened at 4.5 with a 6.1 fantasy-point projection and a MORE recommendation at 60.0% confidence. This opening snapshot establishes the baseline for every later model run.,1,6.13,0.0,60.0,0.0,MORE,MORE → MORE,100,Opening model run,The recommendation stayed MORE. Projection is +0.0 fantasy points and confidence is +0.0 points versus the opening run. The largest driver today is opening model run.
2026-09-26T22:20:12-07:00,2026-09-27,,Gleyber Torres,DET,PIT @ DET,1,LESS,3.0,2.36,68.3,102.91,1.01,1,Jared Jones,0.0,The model opened at 3.0 with a 2.4 fantasy-point projection and a LESS recommendation at 68.3% confidence. This opening snapshot establishes the baseline for every later model run.,,,,,,,D,,,,,4.17,,0.8485,,,0.0,0.0,0.0,0.0,0.0,0.0,0.0,False,0.0,0.0,Model Initialized,Opening model run,,72,Major,🟣,The model opened at 3.0 with a 2.4 fantasy-point projection and a LESS recommendation at 68.3% confidence. This opening snapshot establishes the baseline for every later model run.,1,2.36,0.0,68.3,0.0,LESS,LESS → LESS,100,Opening model run,The recommendation stayed LESS. Projection is +0.0 fantasy points and confidence is +0.0 points versus the opening run. The largest driver today is opening model run.
2026-09-26T22:20:12-07:00,2026-09-27,,Graham Pauley,MIA,ATL @ MIA,1,LESS,4.5,4.06,61.7,110.68,1.0,8,JR Ritchie,0.0,The model opened at 4.5 with a 4.1 fantasy-point projection and a LESS recommendation at 61.7% confidence. This opening snapshot establishes the baseline for every later model run.,,,,,,,C,,,,,3.62,,0.911,,,0.0,0.0,0.0,0.0,0.0,0.0,0.0,False,0.0,0.0,Model Initialized,Opening model run,,72,Major,🟣,The model opened at 4.5 with a 4.1 fantasy-point projection and a LESS recommendation at 61.7% confidence. This opening snapshot establishes the baseline for every later model run.,1,4.06,0.0,61.7,0.0,LESS,LESS → LESS,100,Opening model run,The recommendation stayed LESS. Projection is +0.0 fantasy points and confidence is +0.0 points versus the opening run. The largest driver today is opening model run.
2026-09-26T22:20:12-07:00,2026-09-27,,Grant McCray,SF,LAD @ SF,1,MORE,2.5,4.02,60.0,105.94,1.025,8,TBD,0.0,The model opened at 2.5 with a 4.0 fantasy-point projection and a MORE recommendation at 60.0% confidence. This opening snapshot establishes the baseline for every later model run.,,,,,,,D,,,,,3.57,,0.8371,,,0.0,0.0,0.0,0.0,0.0,0.0,0.0,False,0.0,0.0,Model Initialized,Opening model run,,72,Major,🟣,The model opened at 2.5 with a 4.0 fantasy-point projection and a MORE recommendation at 60.0% confidence. This opening snapshot establishes the baseline for every later model run.,1,4.02,0.0,60.0,0.0,MORE,MORE → MORE,100,Opening model run,The recommendation stayed MORE. Projection is +0.0 fantasy points and confidence is +0.0 points versus the opening run. The largest driver today is opening model run.
2026-09-26T22:20:12-07:00,2026-09-27,,Griffin Conine,MIA,ATL @ MIA,1,MORE,3.0,5.52,58.5,156.98,1.0,7,JR Ritchie,0.0,The model opened at 3.0 with a 5.5 fantasy-point projection and a MORE recommendation at 58.5% confidence. This opening snapshot establishes the baseline for every later model run.,,,,,,,B,,,,,3.62,,1.0221,,,0.0,0.0,0.0,0.0,0.0,0.0,0.0,False,0.0,0.0,Model Initialized,Opening model run,,72,Major,🟣,The model opened at 3.0 with a 5.5 fantasy-point projection and a MORE recommendation at 58.5% confidence. This opening snapshot establishes the baseline for every later model run.,1,5.52,0.0,58.5,0.0,MORE,MORE → MORE,100,Opening model run,The recommendation stayed MORE. Projection is +0.0 fantasy points and confidence is +0.0 points versus the opening run. The largest driver today is opening model run.
2026-09-26T22:20:12-07:00,2026-09-27,,Gunnar Henderson,BAL,BAL @ NYY,1,MORE,3.0,5.33,66.7,164.11,1.02,3,Elmer Rodríguez,0.0,The model opened at 3.0 with a 5.3 fantasy-point projection and a MORE recommendation at 66.7% confidence. This opening snapshot establishes the baseline for every later model run.,,,,,,,B+,,,,,3.24,,0.9054,,,0.0,0.0,0.0,0.0,0.0,0.0,0.0,False,0.0,0.0,Model Initialized,Opening model run,,72,Major,🟣,The model opened at 3.0 with a 5.3 fantasy-point projection and a MORE recommendation at 66.7% confidence. This opening snapshot establishes the baseline for every later model run.,1,5.33,0.0,66.7,0.0,MORE,MORE → MORE,100,Opening model run,The recommendation stayed MORE. Projection is +0.0 fantasy points and confidence is +0.0 points versus the opening run. The largest driver today is opening model run.
2026-09-26T22:20:12-07:00,2026-09-27,,Ha-Seong Kim,ATL,ATL @ MIA,1,LESS,2.5,2.23,62.3,76.84,1.0,9,Janson Junk,0.0,The model opened at 2.5 with a 2.2 fantasy-point projection and a LESS recommendation at 62.3% confidence. This opening snapshot establishes the baseline for every later model run.,,,,,,,F,,,,,4.1,,0.82,,,0.0,0.0,0.0,0.0,0.0,0.0,0.0,False,0.0,0.0,Model Initialized,Opening model run,,72,Major,🟣,The model opened at 2.5 with a 2.2 fantasy-point projection and a LESS recommendation at 62.3% confidence. This opening snapshot establishes the baseline for every later model run.,1,2.23,0.0,62.3,0.0,LESS,LESS → LESS,100,Opening model run,The recommendation stayed LESS. Projection is +0.0 fantasy points and confidence is +0.0 points versus the opening run. The largest driver today is opening model run.
2026-09-26T22:20:12-07:00,2026-09-27,,Hao-Yu Lee,DET,PIT @ DET,1,MORE,3.5,5.59,59.4,170.8,1.01,2,Jared Jones,0.0,The model opened at 3.5 with a 5.6 fantasy-point projection and a MORE recommendation at 59.4% confidence. This opening snapshot establishes the baseline for every later model run.,,,,,,,B+,,,,,4.17,,0.9062,,,0.0,0.0,0.0,0.0,0.0,0.0,0.0,False,0.0,0.0,Model Initialized,Opening model run,,72,Major,🟣,The model opened at 3.5 with a 5.6 fantasy-point projection and a MORE recommendation at 59.4% confidence. This opening snapshot establishes the baseline for every later model run.,1,5.59,0.0,59.4,0.0,MORE,MORE → MORE,100,Opening model run,The recommendation stayed MORE. Projection is +0.0 fantasy points and confidence is +0.0 points versus the opening run. The largest driver today is opening model run.
2026-09-26T22:20:12-07:00,2026-09-27,,Harry Ford,WSH,NYM @ WSH,1,MORE,2.5,5.33,69.8,139.47,1.01,7,Sean Manaea,0.0,The model opened at 2.5 with a 5.3 fantasy-point projection and a MORE recommendation at 69.8% confidence. This opening snapshot establishes the baseline for every later model run.,,,,,,,B-,,,,,4.14,,0.82,,,0.0,0.0,0.0,0.0,0.0,0.0,0.0,False,0.0,0.0,Model Initialized,Opening model run,,72,Major,🟣,The model opened at 2.5 with a 5.3 fantasy-point projection and a MORE recommendation at 69.8% confidence. This opening snapshot establishes the baseline for every later model run.,1,5.33,0.0,69.8,0.0,MORE,MORE → MORE,100,Opening model run,The recommendation stayed MORE. Projection is +0.0 fantasy points and confidence is +0.0 points versus the opening run. The largest driver today is opening model run.
2026-09-26T22:20:12-07:00,2026-09-27,,Heliot Ramos,NYY,BAL @ NYY,1,MORE,4.0,6.07,61.1,173.45,1.02,3,Shane Baz,0.0,The model opened at 4.0 with a 6.1 fantasy-point projection and a MORE recommendation at 61.1% confidence. This opening snapshot establishes the baseline for every later model run.,,,,,,,B+,,,,,4.08,,0.9504,,,0.0,0.0,0.0,0.0,0.0,0.0,0.0,False,0.0,0.0,Model Initialized,Opening model run,,72,Major,🟣,The model opened at 4.0 with a 6.1 fantasy-point projection and a MORE recommendation at 61.1% confidence. This opening snapshot establishes the baseline for every later model run.,1,6.07,0.0,61.1,0.0,MORE,MORE → MORE,100,Opening model run,The recommendation stayed MORE. Projection is +0.0 fantasy points and confidence is +0.0 points versus the opening run. The largest driver today is opening model run.
2026-09-26T22:20:12-07:00,2026-09-27,,Henry Bolte,ATH,HOU @ ATH,1,MORE,4.5,7.07,65.2,197.62,1.0,1,TBD,0.0,The model opened at 4.5 with a 7.1 fantasy-point projection and a MORE recommendation at 65.2% confidence. This opening snapshot establishes the baseline for every later model run.,,,,,,,A,,,,,4.49,,0.972,,,0.0,0.0,0.0,0.0,0.0,0.0,0.0,False,0.0,0.0,Model Initialized,Opening model run,,72,Major,🟣,The model opened at 4.5 with a 7.1 fantasy-point projection and a MORE recommendation at 65.2% confidence. This opening snapshot establishes the baseline for every later model run.,1,7.07,0.0,65.2,0.0,MORE,MORE → MORE,100,Opening model run,The recommendation stayed MORE. Projection is +0.0 fantasy points and confidence is +0.0 points versus the opening run. The largest driver today is opening model run.
2026-09-26T22:20:12-07:00,2026-09-27,,Henry Davis,PIT,PIT @ DET,1,LESS,4.0,3.28,66.8,100.27,1.01,9,River Ryan,0.0,The model opened at 4.0 with a 3.3 fantasy-point projection and a LESS recommendation at 66.8% confidence. This opening snapshot establishes the baseline for every later model run.,,,,,,,D,,,,,3.66,,0.8958,,,0.0,0.0,0.0,0.0,0.0,0.0,0.0,False,0.0,0.0,Model Initialized,Opening model run,,72,Major,🟣,The model opened at 4.0 with a 3.3 fantasy-point projection and a LESS recommendation at 66.8% confidence. This opening snapshot establishes the baseline for every later model run.,1,3.28,0.0,66.8,0.0,LESS,LESS → LESS,100,Opening model run,The recommendation stayed LESS. Projection is +0.0 fantasy points and confidence is +0.0 points versus the opening run. The largest driver today is opening model run.
2026-09-26T22:20:12-07:00,2026-09-27,,Heriberto Hernández,MIA,ATL @ MIA,1,MORE,3.0,5.33,61.9,159.19,1.0,2,JR Ritchie,0.0,The model opened at 3.0 with a 5.3 fantasy-point projection and a MORE recommendation at 61.9% confidence. This opening snapshot establishes the baseline for every later model run.,,,,,,,B,,,,,3.62,,0.9552,,,0.0,0.0,0.0,0.0,0.0,0.0,0.0,False,0.0,0.0,Model Initialized,Opening model run,,72,Major,🟣,The model opened at 3.0 with a 5.3 fantasy-point projection and a MORE recommendation at 61.9% confidence. This opening snapshot establishes the baseline for every later model run.,1,5.33,0.0,61.9,0.0,MORE,MORE → MORE,100,Opening model run,The recommendation stayed MORE. Projection is +0.0 fantasy points and confidence is +0.0 points versus the opening run. The largest driver today is opening model run.
2026-09-26T22:20:12-07:00,2026-09-27,,Hunter Feduccia,LAD,LAD @ SF,1,MORE,3.5,5.46,60.4,130.46,1.025,8,Carson Seymour,0.0,The model opened at 3.5 with a 5.5 fantasy-point projection and a MORE recommendation at 60.4% confidence. This opening snapshot establishes the baseline for every later model run.,,,,,,,C+,,,,,4.34,,0.8739,,,0.0,0.0,0.0,0.0,0.0,0.0,0.0,False,0.0,0.0,Model Initialized,Opening model run,,72,Major,🟣,The model opened at 3.5 with a 5.5 fantasy-point projection and a MORE recommendation at 60.4% confidence. This opening snapshot establishes the baseline for every later model run.,1,5.46,0.0,60.4,0.0,MORE,MORE → MORE,100,Opening model run,The recommendation stayed MORE. Projection is +0.0 fantasy points and confidence is +0.0 points versus the opening run. The largest driver today is opening model run.
2026-09-26T22:20:12-07:00,2026-09-27,,Hunter Goodman,COL,COL @ CWS,1,MORE,4.0,6.62,60.5,190.85,1.0,3,Anthony Kay,0.0,The model opened at 4.0 with a 6.6 fantasy-point projection and a MORE recommendation at 60.5% confidence. This opening snapshot establishes the baseline for every later model run.,,,,,,,A,,,,,4.14,,0.872,,,0.0,0.0,0.0,0.0,0.0,0.0,0.0,False,0.0,0.0,Model Initialized,Opening model run,,72,Major,🟣,The model opened at 4.0 with a 6.6 fantasy-point projection and a MORE recommendation at 60.5% confidence. This opening snapshot establishes the baseline for every later model run.,1,6.62,0.0,60.5,0.0,MORE,MORE → MORE,100,Opening model run,The recommendation stayed MORE. Projection is +0.0 fantasy points and confidence is +0.0 points versus the opening run. The largest driver today is opening model run.
2026-09-26T22:20:12-07:00,2026-09-27,,Héctor Rodríguez,CIN,CIN @ TOR,1,LESS,5.5,5.06,64.3,144.74,1.0,7,Max Scherzer,0.0,The model opened at 5.5 with a 5.1 fantasy-point projection and a LESS recommendation at 64.3% confidence. This opening snapshot establishes the baseline for every later model run.,,,,,,,B,,,,,3.91,,0.876,,,0.0,0.0,0.0,0.0,0.0,0.0,0.0,False,0.0,0.0,Model Initialized,Opening model run,,72,Major,🟣,The model opened at 5.5 with a 5.1 fantasy-point projection and a LESS recommendation at 64.3% confidence. This opening snapshot establishes the baseline for every later model run.,1,5.06,0.0,64.3,0.0,LESS,LESS → LESS,100,Opening model run,The recommendation stayed LESS. Projection is +0.0 fantasy points and confidence is +0.0 points versus the opening run. The largest driver today is opening model run.
2026-09-26T22:20:12-07:00,2026-09-27,,Ian Happ,CHC,CHC @ BOS,1,LESS,4.5,3.99,61.0,130.51,1.0,5,TBD,0.0,The model opened at 4.5 with a 4.0 fantasy-point projection and a LESS recommendation at 61.0% confidence. This opening snapshot establishes the baseline for every later model run.,,,,,,,C+,,,,,3.52,,0.8701,,,0.0,0.0,0.0,0.0,0.0,0.0,0.0,False,0.0,0.0,Model Initialized,Opening model run,,72,Major,🟣,The model opened at 4.5 with a 4.0 fantasy-point projection and a LESS recommendation at 61.0% confidence. This opening snapshot establishes the baseline for every later model run.,1,3.99,0.0,61.0,0.0,LESS,LESS → LESS,100,Opening model run,The recommendation stayed LESS. Projection is +0.0 fantasy points and confidence is +0.0 points versus the opening run. The largest driver today is opening model run.
2026-09-26T22:20:12-07:00,2026-09-27,,Ildemaro Vargas,ARI,ARI @ SD,1,MORE,3.5,5.27,59.4,136.17,1.03,1,TBD,0.0,The model opened at 3.5 with a 5.3 fantasy-point projection and a MORE recommendation at 59.4% confidence. This opening snapshot establishes the baseline for every later model run.,,,,,,,B-,,,,,3.99,,0.82,,,0.0,0.0,0.0,0.0,0.0,0.0,0.0,False,0.0,0.0,Model Initialized,Opening model run,,72,Major,🟣,The model opened at 3.5 with a 5.3 fantasy-point projection and a MORE recommendation at 59.4% confidence. This opening snapshot establishes the baseline for every later model run.,1,5.27,0.0,59.4,0.0,MORE,MORE → MORE,100,Opening model run,The recommendation stayed MORE. Projection is +0.0 fantasy points and confidence is +0.0 points versus the opening run. The largest driver today is opening model run.
2026-09-26T22:20:12-07:00,2026-09-27,,Isaac Collins,KC,CLE @ KC,1,LESS,4.0,3.63,61.1,101.1,1.0,9,Parker Messick,0.0,The model opened at 4.0 with a 3.6 fantasy-point projection and a LESS recommendation at 61.1% confidence. This opening snapshot establishes the baseline for every later model run.,,,,,,,D,,,,,3.77,,0.82,,,0.0,0.0,0.0,0.0,0.0,0.0,0.0,False,0.0,0.0,Model Initialized,Opening model run,,72,Major,🟣,The model opened at 4.0 with a 3.6 fantasy-point projection and a LESS recommendation at 61.1% confidence. This opening snapshot establishes the baseline for every later model run.,1,3.63,0.0,61.1,0.0,LESS,LESS → LESS,100,Opening model run,The recommendation stayed LESS. Projection is +0.0 fantasy points and confidence is +0.0 points versus the opening run. The largest driver today is opening model run.
2026-09-26T22:20:12-07:00,2026-09-27,,Isaac Paredes,HOU,HOU @ ATH,1,MORE,5.0,7.72,63.6,212.25,1.0,3,TBD,0.0,The model opened at 5.0 with a 7.7 fantasy-point projection and a MORE recommendation at 63.6% confidence. This opening snapshot establishes the baseline for every later model run.,,,,,,,A,,,,,5.48,,0.83,,,0.0,0.0,0.0,0.0,0.0,0.0,0.0,False,0.0,0.0,Model Initialized,Opening model run,,72,Major,🟣,The model opened at 5.0 with a 7.7 fantasy-point projection and a MORE recommendation at 63.6% confidence. This opening snapshot establishes the baseline for every later model run.,1,7.72,0.0,63.6,0.0,MORE,MORE → MORE,100,Opening model run,The recommendation stayed MORE. Projection is +0.0 fantasy points and confidence is +0.0 points versus the opening run. The largest driver today is opening model run.
2026-09-26T22:20:12-07:00,2026-09-27,,Isiah Kiner-Falefa,BOS,CHC @ BOS,1,LESS,4.5,3.85,60.3,106.42,1.0,8,TBD,0.0,The model opened at 4.5 with a 3.9 fantasy-point projection and a LESS recommendation at 60.3% confidence. This opening snapshot establishes the baseline for every later model run.,,,,,,,D,,,,,4.13,,0.82,,,0.0,0.0,0.0,0.0,0.0,0.0,0.0,False,0.0,0.0,Model Initialized,Opening model run,,72,Major,🟣,The model opened at 4.5 with a 3.9 fantasy-point projection and a LESS recommendation at 60.3% confidence. This opening snapshot establishes the baseline for every later model run.,1,3.85,0.0,60.3,0.0,LESS,LESS → LESS,100,Opening model run,The recommendation stayed LESS. Projection is +0.0 fantasy points and confidence is +0.0 points versus the opening run. The largest driver today is opening model run.
2026-09-26T22:20:12-07:00,2026-09-27,,Iván Herrera,STL,STL @ MIL,1,LESS,5.0,4.48,68.4,140.07,1.0,2,Jacob Misiorowski,0.0,The model opened at 5.0 with a 4.5 fantasy-point projection and a LESS recommendation at 68.4% confidence. This opening snapshot establishes the baseline for every later model run.,,,,,,,B-,,,,,3.51,,0.9212,,,0.0,0.0,0.0,0.0,0.0,0.0,0.0,False,0.0,0.0,Model Initialized,Opening model run,,72,Major,🟣,The model opened at 5.0 with a 4.5 fantasy-point projection and a LESS recommendation at 68.4% confidence. This opening snapshot establishes the baseline for every later model run.,1,4.48,0.0,68.4,0.0,LESS,LESS → LESS,100,Opening model run,The recommendation stayed LESS. Projection is +0.0 fantasy points and confidence is +0.0 points versus the opening run. The largest driver today is opening model run.
2026-09-26T22:20:12-07:00,2026-09-27,,J.P. Crawford,SEA,LAA @ SEA,1,MORE,4.0,5.59,61.7,168.62,1.0,1,Yusei Kikuchi,0.0,The model opened at 4.0 with a 5.6 fantasy-point projection and a MORE recommendation at 61.7% confidence. This opening snapshot establishes the baseline for every later model run.,,,,,,,B+,,,,,4.29,,0.82,,,0.0,0.0,0.0,0.0,0.0,0.0,0.0,False,0.0,0.0,Model Initialized,Opening model run,,72,Major,🟣,The model opened at 4.0 with a 5.6 fantasy-point projection and a MORE recommendation at 61.7% confidence. This opening snapshot establishes the baseline for every later model run.,1,5.59,0.0,61.7,0.0,MORE,MORE → MORE,100,Opening model run,The recommendation stayed MORE. Projection is +0.0 fantasy points and confidence is +0.0 points versus the opening run. The largest driver today is opening model run.
2026-09-26T22:20:12-07:00,2026-09-27,,J.T. Realmuto,PHI,TB @ PHI,1,LESS,4.5,3.83,62.2,110.18,1.035,8,Nick Martinez,0.0,The model opened at 4.5 with a 3.8 fantasy-point projection and a LESS recommendation at 62.2% confidence. This opening snapshot establishes the baseline for every later model run.,,,,,,,C,,,,,3.68,,0.9082,,,0.0,0.0,0.0,0.0,0.0,0.0,0.0,False,0.0,0.0,Model Initialized,Opening model run,,72,Major,🟣,The model opened at 4.5 with a 3.8 fantasy-point projection and a LESS recommendation at 62.2% confidence. This opening snapshot establishes the baseline for every later model run.,1,3.83,0.0,62.2,0.0,LESS,LESS → LESS,100,Opening model run,The recommendation stayed LESS. Projection is +0.0 fantasy points and confidence is +0.0 points versus the opening run. The largest driver today is opening model run.
2026-09-26T22:20:12-07:00,2026-09-27,,JJ Bleday,CIN,CIN @ TOR,1,MORE,2.5,4.95,66.5,148.95,1.0,5,Max Scherzer,0.0,The model opened at 2.5 with a 5.0 fantasy-point projection and a MORE recommendation at 66.5% confidence. This opening snapshot establishes the baseline for every later model run.,,,,,,,B,,,,,3.91,,0.8865,,,0.0,0.0,0.0,0.0,0.0,0.0,0.0,False,0.0,0.0,Model Initialized,Opening model run,,72,Major,🟣,The model opened at 2.5 with a 5.0 fantasy-point projection and a MORE recommendation at 66.5% confidence. This opening snapshot establishes the baseline for every later model run.,1,4.95,0.0,66.5,0.0,MORE,MORE → MORE,100,Opening model run,The recommendation stayed MORE. Projection is +0.0 fantasy points and confidence is +0.0 points versus the opening run. The largest driver today is opening model run.
2026-09-26T22:20:12-07:00,2026-09-27,,JJ Wetherholt,STL,STL @ MIL,1,LESS,4.0,3.42,64.3,115.77,1.0,1,Jacob Misiorowski,0.0,The model opened at 4.0 with a 3.4 fantasy-point projection and a LESS recommendation at 64.3% confidence. This opening snapshot establishes the baseline for every later model run.,,,,,,,C,,,,,3.51,,0.9498,,,0.0,0.0,0.0,0.0,0.0,0.0,0.0,False,0.0,0.0,Model Initialized,Opening model run,,72,Major,🟣,The model opened at 4.0 with a 3.4 fantasy-point projection and a LESS recommendation at 64.3% confidence. This opening snapshot establishes the baseline for every later model run.,1,3.42,0.0,64.3,0.0,LESS,LESS → LESS,100,Opening model run,The recommendation stayed LESS. Projection is +0.0 fantasy points and confidence is +0.0 points versus the opening run. The largest driver today is opening model run.
2026-09-26T22:20:12-07:00,2026-09-27,,Jac Caglianone,KC,CLE @ KC,1,MORE,3.0,5.77,58.2,165.49,1.0,3,Parker Messick,0.0,The model opened at 3.0 with a 5.8 fantasy-point projection and a MORE recommendation at 58.2% confidence. This opening snapshot establishes the baseline for every later model run.,,,,,,,B+,,,,,3.77,,1.0379,,,0.0,0.0,0.0,0.0,0.0,0.0,0.0,False,0.0,0.0,Model Initialized,Opening model run,,72,Major,🟣,The model opened at 3.0 with a 5.8 fantasy-point projection and a MORE recommendation at 58.2% confidence. This opening snapshot establishes the baseline for every later model run.,1,5.77,0.0,58.2,0.0,MORE,MORE → MORE,100,Opening model run,The recommendation stayed MORE. Projection is +0.0 fantasy points and confidence is +0.0 points versus the opening run. The largest driver today is opening model run.
2026-09-26T22:20:12-07:00,2026-09-27,,Jackson Chourio,MIL,STL @ MIL,1,LESS,5.0,4.37,66.6,159.38,1.0,1,Andre Pallante,0.0,The model opened at 5.0 with a 4.4 fantasy-point projection and a LESS recommendation at 66.6% confidence. This opening snapshot establishes the baseline for every later model run.,,,,,,,B+,,,,,4.25,,1.0154,,,0.0,0.0,0.0,0.0,0.0,0.0,0.0,False,0.0,0.0,Model Initialized,Opening model run,,72,Major,🟣,The model opened at 5.0 with a 4.4 fantasy-point projection and a LESS recommendation at 66.6% confidence. This opening snapshot establishes the baseline for every later model run.,1,4.37,0.0,66.6,0.0,LESS,LESS → LESS,100,Opening model run,The recommendation stayed LESS. Projection is +0.0 fantasy points and confidence is +0.0 points versus the opening run. The largest driver today is opening model run.
2026-09-26T22:20:12-07:00,2026-09-27,,Jackson Merrill,SD,ARI @ SD,1,MORE,3.5,6.08,59.9,174.39,1.03,5,Michael Soroka,0.0,The model opened at 3.5 with a 6.1 fantasy-point projection and a MORE recommendation at 59.9% confidence. This opening snapshot establishes the baseline for every later model run.,,,,,,,A-,,,,,4.14,,1.0741,,,0.0,0.0,0.0,0.0,0.0,0.0,0.0,False,0.0,0.0,Model Initialized,Opening model run,,72,Major,🟣,The model opened at 3.5 with a 6.1 fantasy-point projection and a MORE recommendation at 59.9% confidence. This opening snapshot establishes the baseline for every later model run.,1,6.08,0.0,59.9,0.0,MORE,MORE → MORE,100,Opening model run,The recommendation stayed MORE. Projection is +0.0 fantasy points and confidence is +0.0 points versus the opening run. The largest driver today is opening model run.
2026-09-26T22:20:12-07:00,2026-09-27,,Jacob Gonzalez,PIT,PIT @ DET,1,LESS,3.0,2.29,69.7,71.93,1.01,8,River Ryan,0.0,The model opened at 3.0 with a 2.3 fantasy-point projection and a LESS recommendation at 69.7% confidence. This opening snapshot establishes the baseline for every later model run.,,,,,,,F,,,,,3.66,,0.8314,,,0.0,0.0,0.0,0.0,0.0,0.0,0.0,False,0.0,0.0,Model Initialized,Opening model run,,72,Major,🟣,The model opened at 3.0 with a 2.3 fantasy-point projection and a LESS recommendation at 69.7% confidence. This opening snapshot establishes the baseline for every later model run.,1,2.29,0.0,69.7,0.0,LESS,LESS → LESS,100,Opening model run,The recommendation stayed LESS. Projection is +0.0 fantasy points and confidence is +0.0 points versus the opening run. The largest driver today is opening model run.
2026-09-26T22:20:12-07:00,2026-09-27,,Jacob Young,WSH,NYM @ WSH,1,MORE,3.0,5.41,58.4,142.8,1.01,8,Sean Manaea,0.0,The model opened at 3.0 with a 5.4 fantasy-point projection and a MORE recommendation at 58.4% confidence. This opening snapshot establishes the baseline for every later model run.,,,,,,,B-,,,,,4.14,,0.82,,,0.0,0.0,0.0,0.0,0.0,0.0,0.0,False,0.0,0.0,Model Initialized,Opening model run,,72,Major,🟣,The model opened at 3.0 with a 5.4 fantasy-point projection and a MORE recommendation at 58.4% confidence. This opening snapshot establishes the baseline for every later model run.,1,5.41,0.0,58.4,0.0,MORE,MORE → MORE,100,Opening model run,The recommendation stayed MORE. Projection is +0.0 fantasy points and confidence is +0.0 points versus the opening run. The largest driver today is opening model run.
2026-09-26T22:20:12-07:00,2026-09-27,,Jahmai Jones,BOS,CHC @ BOS,1,MORE,4.5,6.78,61.1,159.33,1.0,3,TBD,0.0,The model opened at 4.5 with a 6.8 fantasy-point projection and a MORE recommendation at 61.1% confidence. This opening snapshot establishes the baseline for every later model run.,,,,,,,B+,,,,,4.13,,1.0413,,,0.0,0.0,0.0,0.0,0.0,0.0,0.0,False,0.0,0.0,Model Initialized,Opening model run,,72,Major,🟣,The model opened at 4.5 with a 6.8 fantasy-point projection and a MORE recommendation at 61.1% confidence. This opening snapshot establishes the baseline for every later model run.,1,6.78,0.0,61.1,0.0,MORE,MORE → MORE,100,Opening model run,The recommendation stayed MORE. Projection is +0.0 fantasy points and confidence is +0.0 points versus the opening run. The largest driver today is opening model run.
2026-09-26T22:20:12-07:00,2026-09-27,,Jake Bauers,MIL,STL @ MIL,1,MORE,4.0,6.24,64.2,174.31,1.0,4,Andre Pallante,0.0,The model opened at 4.0 with a 6.2 fantasy-point projection and a MORE recommendation at 64.2% confidence. This opening snapshot establishes the baseline for every later model run.,,,,,,,A-,,,,,4.25,,1.0082,,,0.0,0.0,0.0,0.0,0.0,0.0,0.0,False,0.0,0.0,Model Initialized,Opening model run,,72,Major,🟣,The model opened at 4.0 with a 6.2 fantasy-point projection and a MORE recommendation at 64.2% confidence. This opening snapshot establishes the baseline for every later model run.,1,6.24,0.0,64.2,0.0,MORE,MORE → MORE,100,Opening model run,The recommendation stayed MORE. Projection is +0.0 fantasy points and confidence is +0.0 points versus the opening run. The largest driver today is opening model run.
2026-09-26T22:20:12-07:00,2026-09-27,,Jake Burger,TEX,TEX @ MIN,1,MORE,4.0,6.4,59.0,175.57,1.01,4,Dean Kremer,0.0,The model opened at 4.0 with a 6.4 fantasy-point projection and a MORE recommendation at 59.0% confidence. This opening snapshot establishes the baseline for every later model run.,,,,,,,A-,,,,,4.56,,0.9481,,,0.0,0.0,0.0,0.0,0.0,0.0,0.0,False,0.0,0.0,Model Initialized,Opening model run,,72,Major,🟣,The model opened at 4.0 with a 6.4 fantasy-point projection and a MORE recommendation at 59.0% confidence. This opening snapshot establishes the baseline for every later model run.,1,6.4,0.0,59.0,0.0,MORE,MORE → MORE,100,Opening model run,The recommendation stayed MORE. Projection is +0.0 fantasy points and confidence is +0.0 points versus the opening run. The largest driver today is opening model run.
2026-09-26T22:20:12-07:00,2026-09-27,,Jake Cronenworth,SD,ARI @ SD,1,LESS,3.5,2.84,65.5,114.6,1.03,7,Michael Soroka,0.0,The model opened at 3.5 with a 2.8 fantasy-point projection and a LESS recommendation at 65.5% confidence. This opening snapshot establishes the baseline for every later model run.,,,,,,,C,,,,,4.14,,0.82,,,0.0,0.0,0.0,0.0,0.0,0.0,0.0,False,0.0,0.0,Model Initialized,Opening model run,,72,Major,🟣,The model opened at 3.5 with a 2.8 fantasy-point projection and a LESS recommendation at 65.5% confidence. This opening snapshot establishes the baseline for every later model run.,1,2.84,0.0,65.5,0.0,LESS,LESS → LESS,100,Opening model run,The recommendation stayed LESS. Projection is +0.0 fantasy points and confidence is +0.0 points versus the opening run. The largest driver today is opening model run.
2026-09-26T22:20:12-07:00,2026-09-27,,Jake Mangum,PIT,PIT @ DET,1,LESS,2.5,2.09,63.0,81.67,1.01,9,River Ryan,0.0,The model opened at 2.5 with a 2.1 fantasy-point projection and a LESS recommendation at 63.0% confidence. This opening snapshot establishes the baseline for every later model run.,,,,,,,F,,,,,3.66,,0.82,,,0.0,0.0,0.0,0.0,0.0,0.0,0.0,False,0.0,0.0,Model Initialized,Opening model run,,72,Major,🟣,The model opened at 2.5 with a 2.1 fantasy-point projection and a LESS recommendation at 63.0% confidence. This opening snapshot establishes the baseline for every later model run.,1,2.09,0.0,63.0,0.0,LESS,LESS → LESS,100,Opening model run,The recommendation stayed LESS. Projection is +0.0 fantasy points and confidence is +0.0 points versus the opening run. The largest driver today is opening model run.
2026-09-26T22:20:12-07:00,2026-09-27,,Jake McCarthy,COL,COL @ CWS,1,MORE,4.5,6.38,61.8,188.51,1.0,1,Anthony Kay,0.0,The model opened at 4.5 with a 6.4 fantasy-point projection and a MORE recommendation at 61.8% confidence. This opening snapshot establishes the baseline for every later model run.,,,,,,,A,,,,,4.14,,0.8548,,,0.0,0.0,0.0,0.0,0.0,0.0,0.0,False,0.0,0.0,Model Initialized,Opening model run,,72,Major,🟣,The model opened at 4.5 with a 6.4 fantasy-point projection and a MORE recommendation at 61.8% confidence. This opening snapshot establishes the baseline for every later model run.,1,6.38,0.0,61.8,0.0,MORE,MORE → MORE,100,Opening model run,The recommendation stayed MORE. Projection is +0.0 fantasy points and confidence is +0.0 points versus the opening run. The largest driver today is opening model run.
2026-09-26T22:20:12-07:00,2026-09-27,,Jakob Marsee,MIA,ATL @ MIA,1,MORE,2.5,4.78,60.8,159.1,1.0,3,JR Ritchie,0.0,The model opened at 2.5 with a 4.8 fantasy-point projection and a MORE recommendation at 60.8% confidence. This opening snapshot establishes the baseline for every later model run.,,,,,,,B,,,,,3.62,,0.8591,,,0.0,0.0,0.0,0.0,0.0,0.0,0.0,False,0.0,0.0,Model Initialized,Opening model run,,72,Major,🟣,The model opened at 2.5 with a 4.8 fantasy-point projection and a MORE recommendation at 60.8% confidence. This opening snapshot establishes the baseline for every later model run.,1,4.78,0.0,60.8,0.0,MORE,MORE → MORE,100,Opening model run,The recommendation stayed MORE. Projection is +0.0 fantasy points and confidence is +0.0 points versus the opening run. The largest driver today is opening model run.
2026-09-26T22:20:12-07:00,2026-09-27,,James McCann,ARI,ARI @ SD,1,LESS,4.0,3.69,63.5,119.6,1.03,8,TBD,0.0,The model opened at 4.0 with a 3.7 fantasy-point projection and a LESS recommendation at 63.5% confidence. This opening snapshot establishes the baseline for every later model run.,,,,,,,C+,,,,,3.99,,0.9448,,,0.0,0.0,0.0,0.0,0.0,0.0,0.0,False,0.0,0.0,Model Initialized,Opening model run,,72,Major,🟣,The model opened at 4.0 with a 3.7 fantasy-point projection and a LESS recommendation at 63.5% confidence. This opening snapshot establishes the baseline for every later model run.,1,3.69,0.0,63.5,0.0,LESS,LESS → LESS,100,Opening model run,The recommendation stayed LESS. Projection is +0.0 fantasy points and confidence is +0.0 points versus the opening run. The largest driver today is opening model run.
2026-09-26T22:20:12-07:00,2026-09-27,,James Wood,WSH,NYM @ WSH,1,MORE,5.5,7.66,64.9,198.13,1.01,1,Sean Manaea,0.0,The model opened at 5.5 with a 7.7 fantasy-point projection and a MORE recommendation at 64.9% confidence. This opening snapshot establishes the baseline for every later model run.,,,,,,,A,,,,,4.14,,0.992,,,0.0,0.0,0.0,0.0,0.0,0.0,0.0,False,0.0,0.0,Model Initialized,Opening model run,,72,Major,🟣,The model opened at 5.5 with a 7.7 fantasy-point projection and a MORE recommendation at 64.9% confidence. This opening snapshot establishes the baseline for every later model run.,1,7.66,0.0,64.9,0.0,MORE,MORE → MORE,100,Opening model run,The recommendation stayed MORE. Projection is +0.0 fantasy points and confidence is +0.0 points versus the opening run. The largest driver today is opening model run.
2026-09-26T22:20:12-07:00,2026-09-27,,Jared Serna,MIA,ATL @ MIA,1,LESS,3.5,3.03,63.7,79.93,1.0,9,JR Ritchie,0.0,The model opened at 3.5 with a 3.0 fantasy-point projection and a LESS recommendation at 63.7% confidence. This opening snapshot establishes the baseline for every later model run.,,,,,,,F,,,,,3.62,,0.82,,,0.0,0.0,0.0,0.0,0.0,0.0,0.0,False,0.0,0.0,Model Initialized,Opening model run,,72,Major,🟣,The model opened at 3.5 with a 3.0 fantasy-point projection and a LESS recommendation at 63.7% confidence. This opening snapshot establishes the baseline for every later model run.,1,3.03,0.0,63.7,0.0,LESS,LESS → LESS,100,Opening model run,The recommendation stayed LESS. Projection is +0.0 fantasy points and confidence is +0.0 points versus the opening run. The largest driver today is opening model run.
2026-09-26T22:20:12-07:00,2026-09-27,,Jared Triolo,PIT,PIT @ DET,1,LESS,2.5,2.04,61.4,60.1,1.01,8,River Ryan,0.0,The model opened at 2.5 with a 2.0 fantasy-point projection and a LESS recommendation at 61.4% confidence. This opening snapshot establishes the baseline for every later model run.,,,,,,,F,,,,,3.66,,0.82,,,0.0,0.0,0.0,0.0,0.0,0.0,0.0,False,0.0,0.0,Model Initialized,Opening model run,,72,Major,🟣,The model opened at 2.5 with a 2.0 fantasy-point projection and a LESS recommendation at 61.4% confidence. This opening snapshot establishes the baseline for every later model run.,1,2.04,0.0,61.4,0.0,LESS,LESS → LESS,100,Opening model run,The recommendation stayed LESS. Projection is +0.0 fantasy points and confidence is +0.0 points versus the opening run. The largest driver today is opening model run.
2026-09-26T22:20:12-07:00,2026-09-27,,Jarren Duran,BOS,CHC @ BOS,1,LESS,4.5,4.23,59.2,121.53,1.0,7,TBD,0.0,The model opened at 4.5 with a 4.2 fantasy-point projection and a LESS recommendation at 59.2% confidence. This opening snapshot establishes the baseline for every later model run.,,,,,,,C+,,,,,4.13,,0.9093,,,0.0,0.0,0.0,0.0,0.0,0.0,0.0,False,0.0,0.0,Model Initialized,Opening model run,,72,Major,🟣,The model opened at 4.5 with a 4.2 fantasy-point projection and a LESS recommendation at 59.2% confidence. This opening snapshot establishes the baseline for every later model run.,1,4.23,0.0,59.2,0.0,LESS,LESS → LESS,100,Opening model run,The recommendation stayed LESS. Projection is +0.0 fantasy points and confidence is +0.0 points versus the opening run. The largest driver today is opening model run.
2026-09-26T22:20:12-07:00,2026-09-27,,Javier Báez,DET,PIT @ DET,1,LESS,4.0,3.65,60.9,103.97,1.01,8,Jared Jones,0.0,The model opened at 4.0 with a 3.6 fantasy-point projection and a LESS recommendation at 60.9% confidence. This opening snapshot establishes the baseline for every later model run.,,,,,,,D,,,,,4.17,,0.82,,,0.0,0.0,0.0,0.0,0.0,0.0,0.0,False,0.0,0.0,Model Initialized,Opening model run,,72,Major,🟣,The model opened at 4.0 with a 3.6 fantasy-point projection and a LESS recommendation at 60.9% confidence. This opening snapshot establishes the baseline for every later model run.,1,3.65,0.0,60.9,0.0,LESS,LESS → LESS,100,Opening model run,The recommendation stayed LESS. Projection is +0.0 fantasy points and confidence is +0.0 points versus the opening run. The largest driver today is opening model run.
2026-09-26T22:20:12-07:00,2026-09-27,,Javier Sanoja,MIA,ATL @ MIA,1,MORE,2.5,5.3,65.5,176.25,1.0,4,JR Ritchie,0.0,The model opened at 2.5 with a 5.3 fantasy-point projection and a MORE recommendation at 65.5% confidence. This opening snapshot establishes the baseline for every later model run.,,,,,,,A-,,,,,3.62,,0.8601,,,0.0,0.0,0.0,0.0,0.0,0.0,0.0,False,0.0,0.0,Model Initialized,Opening model run,,72,Major,🟣,The model opened at 2.5 with a 5.3 fantasy-point projection and a MORE recommendation at 65.5% confidence. This opening snapshot establishes the baseline for every later model run.,1,5.3,0.0,65.5,0.0,MORE,MORE → MORE,100,Opening model run,The recommendation stayed MORE. Projection is +0.0 fantasy points and confidence is +0.0 points versus the opening run. The largest driver today is opening model run.
2026-09-26T22:20:12-07:00,2026-09-27,,Jazz Chisholm Jr.,NYY,BAL @ NYY,1,LESS,4.0,3.75,62.0,130.5,1.02,6,Shane Baz,0.0,The model opened at 4.0 with a 3.8 fantasy-point projection and a LESS recommendation at 62.0% confidence. This opening snapshot establishes the baseline for every later model run.,,,,,,,C+,,,,,4.08,,0.9281,,,0.0,0.0,0.0,0.0,0.0,0.0,0.0,False,0.0,0.0,Model Initialized,Opening model run,,72,Major,🟣,The model opened at 4.0 with a 3.8 fantasy-point projection and a LESS recommendation at 62.0% confidence. This opening snapshot establishes the baseline for every later model run.,1,3.75,0.0,62.0,0.0,LESS,LESS → LESS,100,Opening model run,The recommendation stayed LESS. Projection is +0.0 fantasy points and confidence is +0.0 points versus the opening run. The largest driver today is opening model run.
2026-09-26T22:20:12-07:00,2026-09-27,,Jeff McNeil,ATH,HOU @ ATH,1,MORE,2.5,4.43,58.2,141.17,1.0,4,TBD,0.0,The model opened at 2.5 with a 4.4 fantasy-point projection and a MORE recommendation at 58.2% confidence. This opening snapshot establishes the baseline for every later model run.,,,,,,,B-,,,,,4.49,,0.82,,,0.0,0.0,0.0,0.0,0.0,0.0,0.0,False,0.0,0.0,Model Initialized,Opening model run,,72,Major,🟣,The model opened at 2.5 with a 4.4 fantasy-point projection and a MORE recommendation at 58.2% confidence. This opening snapshot establishes the baseline for every later model run.,1,4.43,0.0,58.2,0.0,MORE,MORE → MORE,100,Opening model run,The recommendation stayed MORE. Projection is +0.0 fantasy points and confidence is +0.0 points versus the opening run. The largest driver today is opening model run.
2026-09-26T22:20:12-07:00,2026-09-27,,Jeremiah Jackson,BAL,BAL @ NYY,1,LESS,4.5,3.95,62.0,121.68,1.02,7,Elmer Rodríguez,0.0,The model opened at 4.5 with a 4.0 fantasy-point projection and a LESS recommendation at 62.0% confidence. This opening snapshot establishes the baseline for every later model run.,,,,,,,C+,,,,,3.24,,0.8488,,,0.0,0.0,0.0,0.0,0.0,0.0,0.0,False,0.0,0.0,Model Initialized,Opening model run,,72,Major,🟣,The model opened at 4.5 with a 4.0 fantasy-point projection and a LESS recommendation at 62.0% confidence. This opening snapshot establishes the baseline for every later model run.,1,3.95,0.0,62.0,0.0,LESS,LESS → LESS,100,Opening model run,The recommendation stayed LESS. Projection is +0.0 fantasy points and confidence is +0.0 points versus the opening run. The largest driver today is opening model run.
2026-09-26T22:20:12-07:00,2026-09-27,,Jeremy Peña,HOU,HOU @ ATH,1,MORE,5.0,7.23,59.1,205.13,1.0,1,TBD,0.0,The model opened at 5.0 with a 7.2 fantasy-point projection and a MORE recommendation at 59.1% confidence. This opening snapshot establishes the baseline for every later model run.,,,,,,,A,,,,,5.48,,0.9154,,,0.0,0.0,0.0,0.0,0.0,0.0,0.0,False,0.0,0.0,Model Initialized,Opening model run,,72,Major,🟣,The model opened at 5.0 with a 7.2 fantasy-point projection and a MORE recommendation at 59.1% confidence. This opening snapshot establishes the baseline for every later model run.,1,7.23,0.0,59.1,0.0,MORE,MORE → MORE,100,Opening model run,The recommendation stayed MORE. Projection is +0.0 fantasy points and confidence is +0.0 points versus the opening run. The largest driver today is opening model run.
2026-09-26T22:20:12-07:00,2026-09-27,,Jhonny Pereda,SEA,LAA @ SEA,1,MORE,4.5,5.99,59.5,152.98,1.0,7,Yusei Kikuchi,0.0,The model opened at 4.5 with a 6.0 fantasy-point projection and a MORE recommendation at 59.5% confidence. This opening snapshot establishes the baseline for every later model run.,,,,,,,B,,,,,4.29,,0.9375,,,0.0,0.0,0.0,0.0,0.0,0.0,0.0,False,0.0,0.0,Model Initialized,Opening model run,,72,Major,🟣,The model opened at 4.5 with a 6.0 fantasy-point projection and a MORE recommendation at 59.5% confidence. This opening snapshot establishes the baseline for every later model run.,1,5.99,0.0,59.5,0.0,MORE,MORE → MORE,100,Opening model run,The recommendation stayed MORE. Projection is +0.0 fantasy points and confidence is +0.0 points versus the opening run. The largest driver today is opening model run.
2026-09-26T22:20:12-07:00,2026-09-27,,Jo Adell,CLE,CLE @ KC,1,MORE,4.0,6.23,62.2,170.44,1.0,4,Daniel Lynch IV,0.0,The model opened at 4.0 with a 6.2 fantasy-point projection and a MORE recommendation at 62.2% confidence. This opening snapshot establishes the baseline for every later model run.,,,,,,,B+,,,,,4.79,,0.9556,,,0.0,0.0,0.0,0.0,0.0,0.0,0.0,False,0.0,0.0,Model Initialized,Opening model run,,72,Major,🟣,The model opened at 4.0 with a 6.2 fantasy-point projection and a MORE recommendation at 62.2% confidence. This opening snapshot establishes the baseline for every later model run.,1,6.23,0.0,62.2,0.0,MORE,MORE → MORE,100,Opening model run,The recommendation stayed MORE. Projection is +0.0 fantasy points and confidence is +0.0 points versus the opening run. The largest driver today is opening model run.
2026-09-26T22:20:12-07:00,2026-09-27,,Joe Mack,MIA,ATL @ MIA,1,LESS,3.5,3.04,65.5,108.87,1.0,8,JR Ritchie,0.0,The model opened at 3.5 with a 3.0 fantasy-point projection and a LESS recommendation at 65.5% confidence. This opening snapshot establishes the baseline for every later model run.,,,,,,,C,,,,,3.62,,0.8446,,,0.0,0.0,0.0,0.0,0.0,0.0,0.0,False,0.0,0.0,Model Initialized,Opening model run,,72,Major,🟣,The model opened at 3.5 with a 3.0 fantasy-point projection and a LESS recommendation at 65.5% confidence. This opening snapshot establishes the baseline for every later model run.,1,3.04,0.0,65.5,0.0,LESS,LESS → LESS,100,Opening model run,The recommendation stayed LESS. Projection is +0.0 fantasy points and confidence is +0.0 points versus the opening run. The largest driver today is opening model run.
2026-09-26T22:20:12-07:00,2026-09-27,,Joey Ortiz,MIL,STL @ MIL,1,LESS,4.0,3.69,60.2,123.06,1.0,6,Andre Pallante,0.0,The model opened at 4.0 with a 3.7 fantasy-point projection and a LESS recommendation at 60.2% confidence. This opening snapshot establishes the baseline for every later model run.,,,,,,,C+,,,,,4.25,,0.9031,,,0.0,0.0,0.0,0.0,0.0,0.0,0.0,False,0.0,0.0,Model Initialized,Opening model run,,72,Major,🟣,The model opened at 4.0 with a 3.7 fantasy-point projection and a LESS recommendation at 60.2% confidence. This opening snapshot establishes the baseline for every later model run.,1,3.69,0.0,60.2,0.0,LESS,LESS → LESS,100,Opening model run,The recommendation stayed LESS. Projection is +0.0 fantasy points and confidence is +0.0 points versus the opening run. The largest driver today is opening model run.
2026-09-26T22:20:12-07:00,2026-09-27,,John Peck,DET,PIT @ DET,1,LESS,4.0,3.34,64.1,96.94,1.01,9,Jared Jones,0.0,The model opened at 4.0 with a 3.3 fantasy-point projection and a LESS recommendation at 64.1% confidence. This opening snapshot establishes the baseline for every later model run.,,,,,,,D,,,,,4.17,,0.8738,,,0.0,0.0,0.0,0.0,0.0,0.0,0.0,False,0.0,0.0,Model Initialized,Opening model run,,72,Major,🟣,The model opened at 4.0 with a 3.3 fantasy-point projection and a LESS recommendation at 64.1% confidence. This opening snapshot establishes the baseline for every later model run.,1,3.34,0.0,64.1,0.0,LESS,LESS → LESS,100,Opening model run,The recommendation stayed LESS. Projection is +0.0 fantasy points and confidence is +0.0 points versus the opening run. The largest driver today is opening model run.
2026-09-26T22:20:12-07:00,2026-09-27,,John Rave,KC,CLE @ KC,1,LESS,4.5,3.8,61.8,121.79,1.0,7,Parker Messick,0.0,The model opened at 4.5 with a 3.8 fantasy-point projection and a LESS recommendation at 61.8% confidence. This opening snapshot establishes the baseline for every later model run.,,,,,,,C+,,,,,3.77,,0.8441,,,0.0,0.0,0.0,0.0,0.0,0.0,0.0,False,0.0,0.0,Model Initialized,Opening model run,,72,Major,🟣,The model opened at 4.5 with a 3.8 fantasy-point projection and a LESS recommendation at 61.8% confidence. This opening snapshot establishes the baseline for every later model run.,1,3.8,0.0,61.8,0.0,LESS,LESS → LESS,100,Opening model run,The recommendation stayed LESS. Projection is +0.0 fantasy points and confidence is +0.0 points versus the opening run. The largest driver today is opening model run.
2026-09-26T22:20:12-07:00,2026-09-27,,Jonah Cox,SF,LAD @ SF,1,LESS,4.5,3.94,59.6,138.52,1.025,1,TBD,0.0,The model opened at 4.5 with a 3.9 fantasy-point projection and a LESS recommendation at 59.6% confidence. This opening snapshot establishes the baseline for every later model run.,,,,,,,B-,,,,,3.57,,0.8395,,,0.0,0.0,0.0,0.0,0.0,0.0,0.0,False,0.0,0.0,Model Initialized,Opening model run,,72,Major,🟣,The model opened at 4.5 with a 3.9 fantasy-point projection and a LESS recommendation at 59.6% confidence. This opening snapshot establishes the baseline for every later model run.,1,3.94,0.0,59.6,0.0,LESS,LESS → LESS,100,Opening model run,The recommendation stayed LESS. Projection is +0.0 fantasy points and confidence is +0.0 points versus the opening run. The largest driver today is opening model run.
2026-09-26T22:20:12-07:00,2026-09-27,,Jonah Heim,ATH,HOU @ ATH,1,LESS,3.5,2.93,65.1,92.87,1.0,9,TBD,0.0,The model opened at 3.5 with a 2.9 fantasy-point projection and a LESS recommendation at 65.1% confidence. This opening snapshot establishes the baseline for every later model run.,,,,,,,D,,,,,4.49,,0.8244,,,0.0,0.0,0.0,0.0,0.0,0.0,0.0,False,0.0,0.0,Model Initialized,Opening model run,,72,Major,🟣,The model opened at 3.5 with a 2.9 fantasy-point projection and a LESS recommendation at 65.1% confidence. This opening snapshot establishes the baseline for every later model run.,1,2.93,0.0,65.1,0.0,LESS,LESS → LESS,100,Opening model run,The recommendation stayed LESS. Projection is +0.0 fantasy points and confidence is +0.0 points versus the opening run. The largest driver today is opening model run.
2026-09-26T22:20:12-07:00,2026-09-27,,Jonathan Aranda,TB,TB @ PHI,1,LESS,4.0,3.6,64.5,128.82,1.035,2,Zack Wheeler,0.0,The model opened at 4.0 with a 3.6 fantasy-point projection and a LESS recommendation at 64.5% confidence. This opening snapshot establishes the baseline for every later model run.,,,,,,,C+,,,,,4.05,,0.9346,,,0.0,0.0,0.0,0.0,0.0,0.0,0.0,False,0.0,0.0,Model Initialized,Opening model run,,72,Major,🟣,The model opened at 4.0 with a 3.6 fantasy-point projection and a LESS recommendation at 64.5% confidence. This opening snapshot establishes the baseline for every later model run.,1,3.6,0.0,64.5,0.0,LESS,LESS → LESS,100,Opening model run,The recommendation stayed LESS. Projection is +0.0 fantasy points and confidence is +0.0 points versus the opening run. The largest driver today is opening model run.
2026-09-26T22:20:12-07:00,2026-09-27,,Jonny DeLuca,TB,TB @ PHI,1,LESS,4.0,3.54,61.7,120.17,1.035,5,Zack Wheeler,0.0,The model opened at 4.0 with a 3.5 fantasy-point projection and a LESS recommendation at 61.7% confidence. This opening snapshot establishes the baseline for every later model run.,,,,,,,C+,,,,,4.05,,0.82,,,0.0,0.0,0.0,0.0,0.0,0.0,0.0,False,0.0,0.0,Model Initialized,Opening model run,,72,Major,🟣,The model opened at 4.0 with a 3.5 fantasy-point projection and a LESS recommendation at 61.7% confidence. This opening snapshot establishes the baseline for every later model run.,1,3.54,0.0,61.7,0.0,LESS,LESS → LESS,100,Opening model run,The recommendation stayed LESS. Projection is +0.0 fantasy points and confidence is +0.0 points versus the opening run. The largest driver today is opening model run.
2026-09-26T22:20:12-07:00,2026-09-27,,Jorbit Vivas,WSH,NYM @ WSH,1,LESS,3.5,2.81,65.2,101.25,1.01,6,Sean Manaea,0.0,The model opened at 3.5 with a 2.8 fantasy-point projection and a LESS recommendation at 65.2% confidence. This opening snapshot establishes the baseline for every later model run.,,,,,,,D,,,,,4.14,,0.82,,,0.0,0.0,0.0,0.0,0.0,0.0,0.0,False,0.0,0.0,Model Initialized,Opening model run,,72,Major,🟣,The model opened at 3.5 with a 2.8 fantasy-point projection and a LESS recommendation at 65.2% confidence. This opening snapshot establishes the baseline for every later model run.,1,2.81,0.0,65.2,0.0,LESS,LESS → LESS,100,Opening model run,The recommendation stayed LESS. Projection is +0.0 fantasy points and confidence is +0.0 points versus the opening run. The largest driver today is opening model run.
2026-09-26T22:20:12-07:00,2026-09-27,,Jordan Beck,COL,COL @ CWS,1,MORE,2.5,3.67,60.3,94.43,1.0,8,Anthony Kay,0.0,The model opened at 2.5 with a 3.7 fantasy-point projection and a MORE recommendation at 60.3% confidence. This opening snapshot establishes the baseline for every later model run.,,,,,,,D,,,,,4.14,,0.82,,,0.0,0.0,0.0,0.0,0.0,0.0,0.0,False,0.0,0.0,Model Initialized,Opening model run,,72,Major,🟣,The model opened at 2.5 with a 3.7 fantasy-point projection and a MORE recommendation at 60.3% confidence. This opening snapshot establishes the baseline for every later model run.,1,3.67,0.0,60.3,0.0,MORE,MORE → MORE,100,Opening model run,The recommendation stayed MORE. Projection is +0.0 fantasy points and confidence is +0.0 points versus the opening run. The largest driver today is opening model run.
2026-09-26T22:20:12-07:00,2026-09-27,,Jordan Lawlar,ARI,ARI @ SD,1,LESS,4.0,3.26,66.7,105.0,1.03,9,TBD,0.0,The model opened at 4.0 with a 3.3 fantasy-point projection and a LESS recommendation at 66.7% confidence. This opening snapshot establishes the baseline for every later model run.,,,,,,,D,,,,,3.99,,0.9261,,,0.0,0.0,0.0,0.0,0.0,0.0,0.0,False,0.0,0.0,Model Initialized,Opening model run,,72,Major,🟣,The model opened at 4.0 with a 3.3 fantasy-point projection and a LESS recommendation at 66.7% confidence. This opening snapshot establishes the baseline for every later model run.,1,3.26,0.0,66.7,0.0,LESS,LESS → LESS,100,Opening model run,The recommendation stayed LESS. Projection is +0.0 fantasy points and confidence is +0.0 points versus the opening run. The largest driver today is opening model run.
2026-09-26T22:20:12-07:00,2026-09-27,,Jordan Walker,STL,STL @ MIL,1,LESS,4.0,3.37,65.6,116.68,1.0,4,Jacob Misiorowski,0.0,The model opened at 4.0 with a 3.4 fantasy-point projection and a LESS recommendation at 65.6% confidence. This opening snapshot establishes the baseline for every later model run.,,,,,,,C,,,,,3.51,,0.9475,,,0.0,0.0,0.0,0.0,0.0,0.0,0.0,False,0.0,0.0,Model Initialized,Opening model run,,72,Major,🟣,The model opened at 4.0 with a 3.4 fantasy-point projection and a LESS recommendation at 65.6% confidence. This opening snapshot establishes the baseline for every later model run.,1,3.37,0.0,65.6,0.0,LESS,LESS → LESS,100,Opening model run,The recommendation stayed LESS. Projection is +0.0 fantasy points and confidence is +0.0 points versus the opening run. The largest driver today is opening model run.
2026-09-26T22:20:12-07:00,2026-09-27,,Jorge Barrosa,HOU,HOU @ ATH,1,LESS,4.0,3.59,60.9,91.06,1.0,9,TBD,0.0,The model opened at 4.0 with a 3.6 fantasy-point projection and a LESS recommendation at 60.9% confidence. This opening snapshot establishes the baseline for every later model run.,,,,,,,F,,,,,5.48,,0.82,,,0.0,0.0,0.0,0.0,0.0,0.0,0.0,False,0.0,0.0,Model Initialized,Opening model run,,72,Major,🟣,The model opened at 4.0 with a 3.6 fantasy-point projection and a LESS recommendation at 60.9% confidence. This opening snapshot establishes the baseline for every later model run.,1,3.59,0.0,60.9,0.0,LESS,LESS → LESS,100,Opening model run,The recommendation stayed LESS. Projection is +0.0 fantasy points and confidence is +0.0 points versus the opening run. The largest driver today is opening model run.
2026-09-26T22:20:12-07:00,2026-09-27,,Jorge Mateo,TB,TB @ PHI,1,LESS,4.0,3.51,62.8,97.67,1.035,9,Zack Wheeler,0.0,The model opened at 4.0 with a 3.5 fantasy-point projection and a LESS recommendation at 62.8% confidence. This opening snapshot establishes the baseline for every later model run.,,,,,,,D,,,,,4.05,,0.82,,,0.0,0.0,0.0,0.0,0.0,0.0,0.0,False,0.0,0.0,Model Initialized,Opening model run,,72,Major,🟣,The model opened at 4.0 with a 3.5 fantasy-point projection and a LESS recommendation at 62.8% confidence. This opening snapshot establishes the baseline for every later model run.,1,3.51,0.0,62.8,0.0,LESS,LESS → LESS,100,Opening model run,The recommendation stayed LESS. Projection is +0.0 fantasy points and confidence is +0.0 points versus the opening run. The largest driver today is opening model run.
2026-09-26T22:20:12-07:00,2026-09-27,,Jose Altuve,HOU,HOU @ ATH,1,MORE,4.0,5.73,58.2,163.36,1.0,4,TBD,0.0,The model opened at 4.0 with a 5.7 fantasy-point projection and a MORE recommendation at 58.2% confidence. This opening snapshot establishes the baseline for every later model run.,,,,,,,B+,,,,,5.48,,0.82,,,0.0,0.0,0.0,0.0,0.0,0.0,0.0,False,0.0,0.0,Model Initialized,Opening model run,,72,Major,🟣,The model opened at 4.0 with a 5.7 fantasy-point projection and a MORE recommendation at 58.2% confidence. This opening snapshot establishes the baseline for every later model run.,1,5.73,0.0,58.2,0.0,MORE,MORE → MORE,100,Opening model run,The recommendation stayed MORE. Projection is +0.0 fantasy points and confidence is +0.0 points versus the opening run. The largest driver today is opening model run.
2026-09-26T22:20:12-07:00,2026-09-27,,Jose Fernandez,ARI,ARI @ SD,1,MORE,2.5,3.54,58.3,91.59,1.03,9,TBD,0.0,The model opened at 2.5 with a 3.5 fantasy-point projection and a MORE recommendation at 58.3% confidence. This opening snapshot establishes the baseline for every later model run.,,,,,,,D,,,,,3.99,,0.8734,,,0.0,0.0,0.0,0.0,0.0,0.0,0.0,False,0.0,0.0,Model Initialized,Opening model run,,72,Major,🟣,The model opened at 2.5 with a 3.5 fantasy-point projection and a MORE recommendation at 58.3% confidence. This opening snapshot establishes the baseline for every later model run.,1,3.54,0.0,58.3,0.0,MORE,MORE → MORE,100,Opening model run,The recommendation stayed MORE. Projection is +0.0 fantasy points and confidence is +0.0 points versus the opening run. The largest driver today is opening model run.
2026-09-26T22:20:12-07:00,2026-09-27,,Jose Siri,LAA,LAA @ SEA,1,LESS,4.0,3.66,62.8,115.23,1.0,6,Logan Gilbert,0.0,The model opened at 4.0 with a 3.7 fantasy-point projection and a LESS recommendation at 62.8% confidence. This opening snapshot establishes the baseline for every later model run.,,,,,,,C,,,,,4.21,,0.9642,,,0.0,0.0,0.0,0.0,0.0,0.0,0.0,False,0.0,0.0,Model Initialized,Opening model run,,72,Major,🟣,The model opened at 4.0 with a 3.7 fantasy-point projection and a LESS recommendation at 62.8% confidence. This opening snapshot establishes the baseline for every later model run.,1,3.66,0.0,62.8,0.0,LESS,LESS → LESS,100,Opening model run,The recommendation stayed LESS. Projection is +0.0 fantasy points and confidence is +0.0 points versus the opening run. The largest driver today is opening model run.
2026-09-26T22:20:12-07:00,2026-09-27,,Jose Trevino,CIN,CIN @ TOR,1,MORE,2.5,4.96,66.0,132.63,1.0,8,Max Scherzer,0.0,The model opened at 2.5 with a 5.0 fantasy-point projection and a MORE recommendation at 66.0% confidence. This opening snapshot establishes the baseline for every later model run.,,,,,,,B-,,,,,3.91,,0.82,,,0.0,0.0,0.0,0.0,0.0,0.0,0.0,False,0.0,0.0,Model Initialized,Opening model run,,72,Major,🟣,The model opened at 2.5 with a 5.0 fantasy-point projection and a MORE recommendation at 66.0% confidence. This opening snapshot establishes the baseline for every later model run.,1,4.96,0.0,66.0,0.0,MORE,MORE → MORE,100,Opening model run,The recommendation stayed MORE. Projection is +0.0 fantasy points and confidence is +0.0 points versus the opening run. The largest driver today is opening model run.
2026-09-26T22:20:12-07:00,2026-09-27,,Josh Bell,MIN,TEX @ MIN,1,MORE,3.0,4.93,63.4,152.37,1.01,4,MacKenzie Gore,0.0,The model opened at 3.0 with a 4.9 fantasy-point projection and a MORE recommendation at 63.4% confidence. This opening snapshot establishes the baseline for every later model run.,,,,,,,B,,,,,4.3,,0.931,,,0.0,0.0,0.0,0.0,0.0,0.0,0.0,False,0.0,0.0,Model Initialized,Opening model run,,72,Major,🟣,The model opened at 3.0 with a 4.9 fantasy-point projection and a MORE recommendation at 63.4% confidence. This opening snapshot establishes the baseline for every later model run.,1,4.93,0.0,63.4,0.0,MORE,MORE → MORE,100,Opening model run,The recommendation stayed MORE. Projection is +0.0 fantasy points and confidence is +0.0 points versus the opening run. The largest driver today is opening model run.
2026-09-26T22:20:12-07:00,2026-09-27,,Josh Lowe,LAA,LAA @ SEA,1,LESS,4.0,3.28,65.8,104.63,1.0,7,Logan Gilbert,0.0,The model opened at 4.0 with a 3.3 fantasy-point projection and a LESS recommendation at 65.8% confidence. This opening snapshot establishes the baseline for every later model run.,,,,,,,D,,,,,4.21,,0.8924,,,0.0,0.0,0.0,0.0,0.0,0.0,0.0,False,0.0,0.0,Model Initialized,Opening model run,,72,Major,🟣,The model opened at 4.0 with a 3.3 fantasy-point projection and a LESS recommendation at 65.8% confidence. This opening snapshot establishes the baseline for every later model run.,1,3.28,0.0,65.8,0.0,LESS,LESS → LESS,100,Opening model run,The recommendation stayed LESS. Projection is +0.0 fantasy points and confidence is +0.0 points versus the opening run. The largest driver today is opening model run.
2026-09-26T22:20:12-07:00,2026-09-27,,Josh Naylor,SEA,LAA @ SEA,1,MORE,2.5,4.04,58.9,132.48,1.0,6,Yusei Kikuchi,0.0,The model opened at 2.5 with a 4.0 fantasy-point projection and a MORE recommendation at 58.9% confidence. This opening snapshot establishes the baseline for every later model run.,,,,,,,B-,,,,,4.29,,0.8507,,,0.0,0.0,0.0,0.0,0.0,0.0,0.0,False,0.0,0.0,Model Initialized,Opening model run,,72,Major,🟣,The model opened at 2.5 with a 4.0 fantasy-point projection and a MORE recommendation at 58.9% confidence. This opening snapshot establishes the baseline for every later model run.,1,4.04,0.0,58.9,0.0,MORE,MORE → MORE,100,Opening model run,The recommendation stayed MORE. Projection is +0.0 fantasy points and confidence is +0.0 points versus the opening run. The largest driver today is opening model run.
2026-09-26T22:20:12-07:00,2026-09-27,,Josh Rojas,KC,CLE @ KC,1,LESS,3.5,3.06,62.9,88.59,1.0,8,Parker Messick,0.0,The model opened at 3.5 with a 3.1 fantasy-point projection and a LESS recommendation at 62.9% confidence. This opening snapshot establishes the baseline for every later model run.,,,,,,,F,,,,,3.77,,0.82,,,0.0,0.0,0.0,0.0,0.0,0.0,0.0,False,0.0,0.0,Model Initialized,Opening model run,,72,Major,🟣,The model opened at 3.5 with a 3.1 fantasy-point projection and a LESS recommendation at 62.9% confidence. This opening snapshot establishes the baseline for every later model run.,1,3.06,0.0,62.9,0.0,LESS,LESS → LESS,100,Opening model run,The recommendation stayed LESS. Projection is +0.0 fantasy points and confidence is +0.0 points versus the opening run. The largest driver today is opening model run.
2026-09-26T22:20:12-07:00,2026-09-27,,Josh Smith,TOR,CIN @ TOR,1,LESS,4.5,3.88,62.1,108.01,1.0,7,Brandon Williamson,0.0,The model opened at 4.5 with a 3.9 fantasy-point projection and a LESS recommendation at 62.1% confidence. This opening snapshot establishes the baseline for every later model run.,,,,,,,D,,,,,4.83,,0.82,,,0.0,0.0,0.0,0.0,0.0,0.0,0.0,False,0.0,0.0,Model Initialized,Opening model run,,72,Major,🟣,The model opened at 4.5 with a 3.9 fantasy-point projection and a LESS recommendation at 62.1% confidence. This opening snapshot establishes the baseline for every later model run.,1,3.88,0.0,62.1,0.0,LESS,LESS → LESS,100,Opening model run,The recommendation stayed LESS. Projection is +0.0 fantasy points and confidence is +0.0 points versus the opening run. The largest driver today is opening model run.
2026-09-26T22:20:12-07:00,2026-09-27,,Joshua Kuroda-Grauer,ATH,HOU @ ATH,1,MORE,3.5,5.49,59.2,149.75,1.0,8,TBD,0.0,The model opened at 3.5 with a 5.5 fantasy-point projection and a MORE recommendation at 59.2% confidence. This opening snapshot establishes the baseline for every later model run.,,,,,,,B,,,,,4.49,,0.8591,,,0.0,0.0,0.0,0.0,0.0,0.0,0.0,False,0.0,0.0,Model Initialized,Opening model run,,72,Major,🟣,The model opened at 3.5 with a 5.5 fantasy-point projection and a MORE recommendation at 59.2% confidence. This opening snapshot establishes the baseline for every later model run.,1,5.49,0.0,59.2,0.0,MORE,MORE → MORE,100,Opening model run,The recommendation stayed MORE. Projection is +0.0 fantasy points and confidence is +0.0 points versus the opening run. The largest driver today is opening model run.
2026-09-26T22:20:12-07:00,2026-09-27,,José Caballero,NYY,BAL @ NYY,1,LESS,3.5,3.12,62.2,103.62,1.02,9,Shane Baz,0.0,The model opened at 3.5 with a 3.1 fantasy-point projection and a LESS recommendation at 62.2% confidence. This opening snapshot establishes the baseline for every later model run.,,,,,,,D,,,,,4.08,,0.82,,,0.0,0.0,0.0,0.0,0.0,0.0,0.0,False,0.0,0.0,Model Initialized,Opening model run,,72,Major,🟣,The model opened at 3.5 with a 3.1 fantasy-point projection and a LESS recommendation at 62.2% confidence. This opening snapshot establishes the baseline for every later model run.,1,3.12,0.0,62.2,0.0,LESS,LESS → LESS,100,Opening model run,The recommendation stayed LESS. Projection is +0.0 fantasy points and confidence is +0.0 points versus the opening run. The largest driver today is opening model run.
2026-09-26T22:20:12-07:00,2026-09-27,,José Fermín,STL,STL @ MIL,1,LESS,3.0,2.32,70.4,91.71,1.0,5,Jacob Misiorowski,0.0,The model opened at 3.0 with a 2.3 fantasy-point projection and a LESS recommendation at 70.4% confidence. This opening snapshot establishes the baseline for every later model run.,,,,,,,D,,,,,3.51,,0.8277,,,0.0,0.0,0.0,0.0,0.0,0.0,0.0,False,0.0,0.0,Model Initialized,Opening model run,,72,Major,🟣,The model opened at 3.0 with a 2.3 fantasy-point projection and a LESS recommendation at 70.4% confidence. This opening snapshot establishes the baseline for every later model run.,1,2.32,0.0,70.4,0.0,LESS,LESS → LESS,100,Opening model run,The recommendation stayed LESS. Projection is +0.0 fantasy points and confidence is +0.0 points versus the opening run. The largest driver today is opening model run.
2026-09-26T22:20:12-07:00,2026-09-27,,José Ramírez,CLE,CLE @ KC,1,MORE,3.0,5.34,58.4,160.21,1.0,2,Daniel Lynch IV,0.0,The model opened at 3.0 with a 5.3 fantasy-point projection and a MORE recommendation at 58.4% confidence. This opening snapshot establishes the baseline for every later model run.,,,,,,,B+,,,,,4.79,,0.852,,,0.0,0.0,0.0,0.0,0.0,0.0,0.0,False,0.0,0.0,Model Initialized,Opening model run,,72,Major,🟣,The model opened at 3.0 with a 5.3 fantasy-point projection and a MORE recommendation at 58.4% confidence. This opening snapshot establishes the baseline for every later model run.,1,5.34,0.0,58.4,0.0,MORE,MORE → MORE,100,Opening model run,The recommendation stayed MORE. Projection is +0.0 fantasy points and confidence is +0.0 points versus the opening run. The largest driver today is opening model run.
2026-09-26T22:20:12-07:00,2026-09-27,,Juan Brito,CIN,CIN @ TOR,1,MORE,2.5,4.86,59.3,144.73,1.0,8,Max Scherzer,0.0,The model opened at 2.5 with a 4.9 fantasy-point projection and a MORE recommendation at 59.3% confidence. This opening snapshot establishes the baseline for every later model run.,,,,,,,B,,,,,3.91,,0.9203,,,0.0,0.0,0.0,0.0,0.0,0.0,0.0,False,0.0,0.0,Model Initialized,Opening model run,,72,Major,🟣,The model opened at 2.5 with a 4.9 fantasy-point projection and a MORE recommendation at 59.3% confidence. This opening snapshot establishes the baseline for every later model run.,1,4.86,0.0,59.3,0.0,MORE,MORE → MORE,100,Opening model run,The recommendation stayed MORE. Projection is +0.0 fantasy points and confidence is +0.0 points versus the opening run. The largest driver today is opening model run.
2026-09-26T22:20:12-07:00,2026-09-27,,Juan Soto,NYM,NYM @ WSH,1,MORE,8.5,11.76,60.5,282.15,1.01,2,DJ Herz,0.0,The model opened at 8.5 with a 11.8 fantasy-point projection and a MORE recommendation at 60.5% confidence. This opening snapshot establishes the baseline for every later model run.,,,,,,,A+,,,,,4.67,,1.0337,,,0.0,0.0,0.0,0.0,0.0,0.0,0.0,False,0.0,0.0,Model Initialized,Opening model run,,72,Major,🟣,The model opened at 8.5 with a 11.8 fantasy-point projection and a MORE recommendation at 60.5% confidence. This opening snapshot establishes the baseline for every later model run.,1,11.76,0.0,60.5,0.0,MORE,MORE → MORE,100,Opening model run,The recommendation stayed MORE. Projection is +0.0 fantasy points and confidence is +0.0 points versus the opening run. The largest driver today is opening model run.
2026-09-26T22:20:12-07:00,2026-09-27,,Julio Rodríguez,SEA,LAA @ SEA,1,MORE,3.5,5.67,59.8,173.85,1.0,5,Yusei Kikuchi,0.0,The model opened at 3.5 with a 5.7 fantasy-point projection and a MORE recommendation at 59.8% confidence. This opening snapshot establishes the baseline for every later model run.,,,,,,,A-,,,,,4.29,,0.923,,,0.0,0.0,0.0,0.0,0.0,0.0,0.0,False,0.0,0.0,Model Initialized,Opening model run,,72,Major,🟣,The model opened at 3.5 with a 5.7 fantasy-point projection and a MORE recommendation at 59.8% confidence. This opening snapshot establishes the baseline for every later model run.,1,5.67,0.0,59.8,0.0,MORE,MORE → MORE,100,Opening model run,The recommendation stayed MORE. Projection is +0.0 fantasy points and confidence is +0.0 points versus the opening run. The largest driver today is opening model run.
2026-09-26T22:20:12-07:00,2026-09-27,,Junior Caminero,TB,TB @ PHI,1,MORE,3.0,5.67,64.6,165.75,1.035,3,Zack Wheeler,0.0,The model opened at 3.0 with a 5.7 fantasy-point projection and a MORE recommendation at 64.6% confidence. This opening snapshot establishes the baseline for every later model run.,,,,,,,B+,,,,,4.05,,0.9898,,,0.0,0.0,0.0,0.0,0.0,0.0,0.0,False,0.0,0.0,Model Initialized,Opening model run,,72,Major,🟣,The model opened at 3.0 with a 5.7 fantasy-point projection and a MORE recommendation at 64.6% confidence. This opening snapshot establishes the baseline for every later model run.,1,5.67,0.0,64.6,0.0,MORE,MORE → MORE,100,Opening model run,The recommendation stayed MORE. Projection is +0.0 fantasy points and confidence is +0.0 points versus the opening run. The largest driver today is opening model run.
2026-09-26T22:20:12-07:00,2026-09-27,,Justin Crawford,PHI,TB @ PHI,1,LESS,4.0,3.51,62.1,106.94,1.035,9,Nick Martinez,0.0,The model opened at 4.0 with a 3.5 fantasy-point projection and a LESS recommendation at 62.1% confidence. This opening snapshot establishes the baseline for every later model run.,,,,,,,D,,,,,3.68,,0.8853,,,0.0,0.0,0.0,0.0,0.0,0.0,0.0,False,0.0,0.0,Model Initialized,Opening model run,,72,Major,🟣,The model opened at 4.0 with a 3.5 fantasy-point projection and a LESS recommendation at 62.1% confidence. This opening snapshot establishes the baseline for every later model run.,1,3.51,0.0,62.1,0.0,LESS,LESS → LESS,100,Opening model run,The recommendation stayed LESS. Projection is +0.0 fantasy points and confidence is +0.0 points versus the opening run. The largest driver today is opening model run.
2026-09-26T22:20:12-07:00,2026-09-27,,Justin Foscue,TEX,TEX @ MIN,1,MORE,3.0,4.79,59.4,133.22,1.01,1,Dean Kremer,0.0,The model opened at 3.0 with a 4.8 fantasy-point projection and a MORE recommendation at 59.4% confidence. This opening snapshot establishes the baseline for every later model run.,,,,,,,B-,,,,,4.56,,0.9102,,,0.0,0.0,0.0,0.0,0.0,0.0,0.0,False,0.0,0.0,Model Initialized,Opening model run,,72,Major,🟣,The model opened at 3.0 with a 4.8 fantasy-point projection and a MORE recommendation at 59.4% confidence. This opening snapshot establishes the baseline for every later model run.,1,4.79,0.0,59.4,0.0,MORE,MORE → MORE,100,Opening model run,The recommendation stayed MORE. Projection is +0.0 fantasy points and confidence is +0.0 points versus the opening run. The largest driver today is opening model run.
2026-09-26T22:20:12-07:00,2026-09-27,,Kaelen Culpepper,MIN,TEX @ MIN,1,MORE,2.5,4.8,69.6,136.4,1.01,9,MacKenzie Gore,0.0,The model opened at 2.5 with a 4.8 fantasy-point projection and a MORE recommendation at 69.6% confidence. This opening snapshot establishes the baseline for every later model run.,,,,,,,B-,,,,,4.3,,0.8633,,,0.0,0.0,0.0,0.0,0.0,0.0,0.0,False,0.0,0.0,Model Initialized,Opening model run,,72,Major,🟣,The model opened at 2.5 with a 4.8 fantasy-point projection and a MORE recommendation at 69.6% confidence. This opening snapshot establishes the baseline for every later model run.,1,4.8,0.0,69.6,0.0,MORE,MORE → MORE,100,Opening model run,The recommendation stayed MORE. Projection is +0.0 fantasy points and confidence is +0.0 points versus the opening run. The largest driver today is opening model run.
2026-09-26T22:20:12-07:00,2026-09-27,,Kazuma Okamoto,TOR,CIN @ TOR,1,MORE,3.5,6.14,58.2,180.26,1.0,5,Brandon Williamson,0.0,The model opened at 3.5 with a 6.1 fantasy-point projection and a MORE recommendation at 58.2% confidence. This opening snapshot establishes the baseline for every later model run.,,,,,,,A-,,,,,4.83,,0.9815,,,0.0,0.0,0.0,0.0,0.0,0.0,0.0,False,0.0,0.0,Model Initialized,Opening model run,,72,Major,🟣,The model opened at 3.5 with a 6.1 fantasy-point projection and a MORE recommendation at 58.2% confidence. This opening snapshot establishes the baseline for every later model run.,1,6.14,0.0,58.2,0.0,MORE,MORE → MORE,100,Opening model run,The recommendation stayed MORE. Projection is +0.0 fantasy points and confidence is +0.0 points versus the opening run. The largest driver today is opening model run.
2026-09-26T22:20:12-07:00,2026-09-27,,Ke'Bryan Hayes,CIN,CIN @ TOR,1,LESS,3.5,2.94,64.9,79.51,1.0,9,Max Scherzer,0.0,The model opened at 3.5 with a 2.9 fantasy-point projection and a LESS recommendation at 64.9% confidence. This opening snapshot establishes the baseline for every later model run.,,,,,,,F,,,,,3.91,,0.8407,,,0.0,0.0,0.0,0.0,0.0,0.0,0.0,False,0.0,0.0,Model Initialized,Opening model run,,72,Major,🟣,The model opened at 3.5 with a 2.9 fantasy-point projection and a LESS recommendation at 64.9% confidence. This opening snapshot establishes the baseline for every later model run.,1,2.94,0.0,64.9,0.0,LESS,LESS → LESS,100,Opening model run,The recommendation stayed LESS. Projection is +0.0 fantasy points and confidence is +0.0 points versus the opening run. The largest driver today is opening model run.
2026-09-26T22:20:12-07:00,2026-09-27,,Keibert Ruiz,WSH,NYM @ WSH,1,LESS,4.5,3.89,61.2,117.55,1.01,8,Sean Manaea,0.0,The model opened at 4.5 with a 3.9 fantasy-point projection and a LESS recommendation at 61.2% confidence. This opening snapshot establishes the baseline for every later model run.,,,,,,,C,,,,,4.14,,0.8709,,,0.0,0.0,0.0,0.0,0.0,0.0,0.0,False,0.0,0.0,Model Initialized,Opening model run,,72,Major,🟣,The model opened at 4.5 with a 3.9 fantasy-point projection and a LESS recommendation at 61.2% confidence. This opening snapshot establishes the baseline for every later model run.,1,3.89,0.0,61.2,0.0,LESS,LESS → LESS,100,Opening model run,The recommendation stayed LESS. Projection is +0.0 fantasy points and confidence is +0.0 points versus the opening run. The largest driver today is opening model run.
2026-09-26T22:20:12-07:00,2026-09-27,,Ketel Marte,ARI,ARI @ SD,1,MORE,4.0,5.93,62.8,167.01,1.03,2,TBD,0.0,The model opened at 4.0 with a 5.9 fantasy-point projection and a MORE recommendation at 62.8% confidence. This opening snapshot establishes the baseline for every later model run.,,,,,,,B+,,,,,3.99,,0.8576,,,0.0,0.0,0.0,0.0,0.0,0.0,0.0,False,0.0,0.0,Model Initialized,Opening model run,,72,Major,🟣,The model opened at 4.0 with a 5.9 fantasy-point projection and a MORE recommendation at 62.8% confidence. This opening snapshot establishes the baseline for every later model run.,1,5.93,0.0,62.8,0.0,MORE,MORE → MORE,100,Opening model run,The recommendation stayed MORE. Projection is +0.0 fantasy points and confidence is +0.0 points versus the opening run. The largest driver today is opening model run.
2026-09-26T22:20:12-07:00,2026-09-27,,Kevin McGonigle,DET,PIT @ DET,1,MORE,3.0,5.28,58.1,161.83,1.01,3,Jared Jones,0.0,The model opened at 3.0 with a 5.3 fantasy-point projection and a MORE recommendation at 58.1% confidence. This opening snapshot establishes the baseline for every later model run.,,,,,,,B+,,,,,4.17,,0.8832,,,0.0,0.0,0.0,0.0,0.0,0.0,0.0,False,0.0,0.0,Model Initialized,Opening model run,,72,Major,🟣,The model opened at 3.0 with a 5.3 fantasy-point projection and a MORE recommendation at 58.1% confidence. This opening snapshot establishes the baseline for every later model run.,1,5.28,0.0,58.1,0.0,MORE,MORE → MORE,100,Opening model run,The recommendation stayed MORE. Projection is +0.0 fantasy points and confidence is +0.0 points versus the opening run. The largest driver today is opening model run.
2026-09-26T22:20:12-07:00,2026-09-27,,Kody Clemens,MIN,TEX @ MIN,1,MORE,3.0,5.24,62.9,157.55,1.01,3,MacKenzie Gore,0.0,The model opened at 3.0 with a 5.2 fantasy-point projection and a MORE recommendation at 62.9% confidence. This opening snapshot establishes the baseline for every later model run.,,,,,,,B,,,,,4.3,,0.9558,,,0.0,0.0,0.0,0.0,0.0,0.0,0.0,False,0.0,0.0,Model Initialized,Opening model run,,72,Major,🟣,The model opened at 3.0 with a 5.2 fantasy-point projection and a MORE recommendation at 62.9% confidence. This opening snapshot establishes the baseline for every later model run.,1,5.24,0.0,62.9,0.0,MORE,MORE → MORE,100,Opening model run,The recommendation stayed MORE. Projection is +0.0 fantasy points and confidence is +0.0 points versus the opening run. The largest driver today is opening model run.
2026-09-26T22:20:12-07:00,2026-09-27,,Konnor Griffin,PIT,PIT @ DET,1,LESS,4.0,3.33,63.5,126.57,1.01,1,River Ryan,0.0,The model opened at 4.0 with a 3.3 fantasy-point projection and a LESS recommendation at 63.5% confidence. This opening snapshot establishes the baseline for every later model run.,,,,,,,C+,,,,,3.66,,0.8937,,,0.0,0.0,0.0,0.0,0.0,0.0,0.0,False,0.0,0.0,Model Initialized,Opening model run,,72,Major,🟣,The model opened at 4.0 with a 3.3 fantasy-point projection and a LESS recommendation at 63.5% confidence. This opening snapshot establishes the baseline for every later model run.,1,3.33,0.0,63.5,0.0,LESS,LESS → LESS,100,Opening model run,The recommendation stayed LESS. Projection is +0.0 fantasy points and confidence is +0.0 points versus the opening run. The largest driver today is opening model run.
2026-09-26T22:20:12-07:00,2026-09-27,,Kyle Isbel,KC,CLE @ KC,1,LESS,2.5,2.07,64.3,73.32,1.0,9,Parker Messick,0.0,The model opened at 2.5 with a 2.1 fantasy-point projection and a LESS recommendation at 64.3% confidence. This opening snapshot establishes the baseline for every later model run.,,,,,,,F,,,,,3.77,,0.82,,,0.0,0.0,0.0,0.0,0.0,0.0,0.0,False,0.0,0.0,Model Initialized,Opening model run,,72,Major,🟣,The model opened at 2.5 with a 2.1 fantasy-point projection and a LESS recommendation at 64.3% confidence. This opening snapshot establishes the baseline for every later model run.,1,2.07,0.0,64.3,0.0,LESS,LESS → LESS,100,Opening model run,The recommendation stayed LESS. Projection is +0.0 fantasy points and confidence is +0.0 points versus the opening run. The largest driver today is opening model run.
2026-09-26T22:20:12-07:00,2026-09-27,,Kyle Karros,COL,COL @ CWS,1,LESS,4.5,4.0,61.2,132.93,1.0,6,Anthony Kay,0.0,The model opened at 4.5 with a 4.0 fantasy-point projection and a LESS recommendation at 61.2% confidence. This opening snapshot establishes the baseline for every later model run.,,,,,,,B-,,,,,4.14,,0.8974,,,0.0,0.0,0.0,0.0,0.0,0.0,0.0,False,0.0,0.0,Model Initialized,Opening model run,,72,Major,🟣,The model opened at 4.5 with a 4.0 fantasy-point projection and a LESS recommendation at 61.2% confidence. This opening snapshot establishes the baseline for every later model run.,1,4.0,0.0,61.2,0.0,LESS,LESS → LESS,100,Opening model run,The recommendation stayed LESS. Projection is +0.0 fantasy points and confidence is +0.0 points versus the opening run. The largest driver today is opening model run.
2026-09-26T22:20:12-07:00,2026-09-27,,Kyle Schwarber,PHI,TB @ PHI,1,MORE,4.0,6.39,60.1,170.72,1.035,1,Nick Martinez,0.0,The model opened at 4.0 with a 6.4 fantasy-point projection and a MORE recommendation at 60.1% confidence. This opening snapshot establishes the baseline for every later model run.,,,,,,,B+,,,,,3.68,,0.9774,,,0.0,0.0,0.0,0.0,0.0,0.0,0.0,False,0.0,0.0,Model Initialized,Opening model run,,72,Major,🟣,The model opened at 4.0 with a 6.4 fantasy-point projection and a MORE recommendation at 60.1% confidence. This opening snapshot establishes the baseline for every later model run.,1,6.39,0.0,60.1,0.0,MORE,MORE → MORE,100,Opening model run,The recommendation stayed MORE. Projection is +0.0 fantasy points and confidence is +0.0 points versus the opening run. The largest driver today is opening model run.
2026-09-26T22:20:12-07:00,2026-09-27,,Kyle Stowers,MIA,ATL @ MIA,1,MORE,2.5,5.36,62.3,162.19,1.0,3,JR Ritchie,0.0,The model opened at 2.5 with a 5.4 fantasy-point projection and a MORE recommendation at 62.3% confidence. This opening snapshot establishes the baseline for every later model run.,,,,,,,B+,,,,,3.62,,1.0324,,,0.0,0.0,0.0,0.0,0.0,0.0,0.0,False,0.0,0.0,Model Initialized,Opening model run,,72,Major,🟣,The model opened at 2.5 with a 5.4 fantasy-point projection and a MORE recommendation at 62.3% confidence. This opening snapshot establishes the baseline for every later model run.,1,5.36,0.0,62.3,0.0,MORE,MORE → MORE,100,Opening model run,The recommendation stayed MORE. Projection is +0.0 fantasy points and confidence is +0.0 points versus the opening run. The largest driver today is opening model run.
2026-09-26T22:20:12-07:00,2026-09-27,,Kyle Teel,CWS,COL @ CWS,1,MORE,4.5,6.74,62.0,190.48,1.0,2,Kyle Freeland,0.0,The model opened at 4.5 with a 6.7 fantasy-point projection and a MORE recommendation at 62.0% confidence. This opening snapshot establishes the baseline for every later model run.,,,,,,,A,,,,,5.6,,0.8739,,,0.0,0.0,0.0,0.0,0.0,0.0,0.0,False,0.0,0.0,Model Initialized,Opening model run,,72,Major,🟣,The model opened at 4.5 with a 6.7 fantasy-point projection and a MORE recommendation at 62.0% confidence. This opening snapshot establishes the baseline for every later model run.,1,6.74,0.0,62.0,0.0,MORE,MORE → MORE,100,Opening model run,The recommendation stayed MORE. Projection is +0.0 fantasy points and confidence is +0.0 points versus the opening run. The largest driver today is opening model run.
2026-09-26T22:20:12-07:00,2026-09-27,,Kyle Tucker,LAD,LAD @ SF,1,MORE,2.5,5.69,61.0,173.91,1.025,5,Carson Seymour,0.0,The model opened at 2.5 with a 5.7 fantasy-point projection and a MORE recommendation at 61.0% confidence. This opening snapshot establishes the baseline for every later model run.,,,,,,,A-,,,,,4.34,,0.8318,,,0.0,0.0,0.0,0.0,0.0,0.0,0.0,False,0.0,0.0,Model Initialized,Opening model run,,72,Major,🟣,The model opened at 2.5 with a 5.7 fantasy-point projection and a MORE recommendation at 61.0% confidence. This opening snapshot establishes the baseline for every later model run.,1,5.69,0.0,61.0,0.0,MORE,MORE → MORE,100,Opening model run,The recommendation stayed MORE. Projection is +0.0 fantasy points and confidence is +0.0 points versus the opening run. The largest driver today is opening model run.
2026-09-26T22:20:12-07:00,2026-09-27,,LaMonte Wade Jr.,HOU,HOU @ ATH,1,MORE,2.5,3.97,59.3,100.54,1.0,9,TBD,0.0,The model opened at 2.5 with a 4.0 fantasy-point projection and a MORE recommendation at 59.3% confidence. This opening snapshot establishes the baseline for every later model run.,,,,,,,D,,,,,5.48,,0.8714,,,0.0,0.0,0.0,0.0,0.0,0.0,0.0,False,0.0,0.0,Model Initialized,Opening model run,,72,Major,🟣,The model opened at 2.5 with a 4.0 fantasy-point projection and a MORE recommendation at 59.3% confidence. This opening snapshot establishes the baseline for every later model run.,1,3.97,0.0,59.3,0.0,MORE,MORE → MORE,100,Opening model run,The recommendation stayed MORE. Projection is +0.0 fantasy points and confidence is +0.0 points versus the opening run. The largest driver today is opening model run.
2026-09-26T22:20:12-07:00,2026-09-27,,Lars Nootbaar,ARI,ARI @ SD,1,MORE,3.5,5.97,60.7,166.66,1.03,1,TBD,0.0,The model opened at 3.5 with a 6.0 fantasy-point projection and a MORE recommendation at 60.7% confidence. This opening snapshot establishes the baseline for every later model run.,,,,,,,B+,,,,,3.99,,0.9673,,,0.0,0.0,0.0,0.0,0.0,0.0,0.0,False,0.0,0.0,Model Initialized,Opening model run,,72,Major,🟣,The model opened at 3.5 with a 6.0 fantasy-point projection and a MORE recommendation at 60.7% confidence. This opening snapshot establishes the baseline for every later model run.,1,5.97,0.0,60.7,0.0,MORE,MORE → MORE,100,Opening model run,The recommendation stayed MORE. Projection is +0.0 fantasy points and confidence is +0.0 points versus the opening run. The largest driver today is opening model run.
2026-09-26T22:20:12-07:00,2026-09-27,,Lawrence Butler,ATH,HOU @ ATH,1,MORE,4.0,6.37,61.9,187.21,1.0,2,TBD,0.0,The model opened at 4.0 with a 6.4 fantasy-point projection and a MORE recommendation at 61.9% confidence. This opening snapshot establishes the baseline for every later model run.,,,,,,,A,,,,,4.49,,0.9599,,,0.0,0.0,0.0,0.0,0.0,0.0,0.0,False,0.0,0.0,Model Initialized,Opening model run,,72,Major,🟣,The model opened at 4.0 with a 6.4 fantasy-point projection and a MORE recommendation at 61.9% confidence. This opening snapshot establishes the baseline for every later model run.,1,6.37,0.0,61.9,0.0,MORE,MORE → MORE,100,Opening model run,The recommendation stayed MORE. Projection is +0.0 fantasy points and confidence is +0.0 points versus the opening run. The largest driver today is opening model run.
2026-09-26T22:20:12-07:00,2026-09-27,,Lazaro Montes,SEA,LAA @ SEA,1,MORE,3.0,5.13,63.6,140.27,1.0,8,Yusei Kikuchi,0.0,The model opened at 3.0 with a 5.1 fantasy-point projection and a MORE recommendation at 63.6% confidence. This opening snapshot establishes the baseline for every later model run.,,,,,,,B-,,,,,4.29,,1.0358,,,0.0,0.0,0.0,0.0,0.0,0.0,0.0,False,0.0,0.0,Model Initialized,Opening model run,,72,Major,🟣,The model opened at 3.0 with a 5.1 fantasy-point projection and a MORE recommendation at 63.6% confidence. This opening snapshot establishes the baseline for every later model run.,1,5.13,0.0,63.6,0.0,MORE,MORE → MORE,100,Opening model run,The recommendation stayed MORE. Projection is +0.0 fantasy points and confidence is +0.0 points versus the opening run. The largest driver today is opening model run.
2026-09-26T22:20:12-07:00,2026-09-27,,Leo Bernal,STL,STL @ MIL,1,LESS,4.0,3.64,63.5,127.0,1.0,5,Jacob Misiorowski,0.0,The model opened at 4.0 with a 3.6 fantasy-point projection and a LESS recommendation at 63.5% confidence. This opening snapshot establishes the baseline for every later model run.,,,,,,,C+,,,,,3.51,,0.9935,,,0.0,0.0,0.0,0.0,0.0,0.0,0.0,False,0.0,0.0,Model Initialized,Opening model run,,72,Major,🟣,The model opened at 4.0 with a 3.6 fantasy-point projection and a LESS recommendation at 63.5% confidence. This opening snapshot establishes the baseline for every later model run.,1,3.64,0.0,63.5,0.0,LESS,LESS → LESS,100,Opening model run,The recommendation stayed LESS. Projection is +0.0 fantasy points and confidence is +0.0 points versus the opening run. The largest driver today is opening model run.
2026-09-26T22:20:12-07:00,2026-09-27,,Leo Rivas,SEA,LAA @ SEA,1,LESS,3.5,2.96,61.8,85.66,1.0,9,Yusei Kikuchi,0.0,The model opened at 3.5 with a 3.0 fantasy-point projection and a LESS recommendation at 61.8% confidence. This opening snapshot establishes the baseline for every later model run.,,,,,,,F,,,,,4.29,,0.8444,,,0.0,0.0,0.0,0.0,0.0,0.0,0.0,False,0.0,0.0,Model Initialized,Opening model run,,72,Major,🟣,The model opened at 3.5 with a 3.0 fantasy-point projection and a LESS recommendation at 61.8% confidence. This opening snapshot establishes the baseline for every later model run.,1,2.96,0.0,61.8,0.0,LESS,LESS → LESS,100,Opening model run,The recommendation stayed LESS. Projection is +0.0 fantasy points and confidence is +0.0 points versus the opening run. The largest driver today is opening model run.
2026-09-26T22:20:12-07:00,2026-09-27,,Leody Taveras,BAL,BAL @ NYY,1,LESS,3.5,2.83,64.8,101.23,1.02,8,Elmer Rodríguez,0.0,The model opened at 3.5 with a 2.8 fantasy-point projection and a LESS recommendation at 64.8% confidence. This opening snapshot establishes the baseline for every later model run.,,,,,,,D,,,,,3.24,,0.82,,,0.0,0.0,0.0,0.0,0.0,0.0,0.0,False,0.0,0.0,Model Initialized,Opening model run,,72,Major,🟣,The model opened at 3.5 with a 2.8 fantasy-point projection and a LESS recommendation at 64.8% confidence. This opening snapshot establishes the baseline for every later model run.,1,2.83,0.0,64.8,0.0,LESS,LESS → LESS,100,Opening model run,The recommendation stayed LESS. Projection is +0.0 fantasy points and confidence is +0.0 points versus the opening run. The largest driver today is opening model run.
2026-09-26T22:20:12-07:00,2026-09-27,,Liam Hicks,TB,TB @ PHI,1,LESS,3.5,3.09,64.0,110.98,1.035,4,Zack Wheeler,0.0,The model opened at 3.5 with a 3.1 fantasy-point projection and a LESS recommendation at 64.0% confidence. This opening snapshot establishes the baseline for every later model run.,,,,,,,C,,,,,4.05,,0.82,,,0.0,0.0,0.0,0.0,0.0,0.0,0.0,False,0.0,0.0,Model Initialized,Opening model run,,72,Major,🟣,The model opened at 3.5 with a 3.1 fantasy-point projection and a LESS recommendation at 64.0% confidence. This opening snapshot establishes the baseline for every later model run.,1,3.09,0.0,64.0,0.0,LESS,LESS → LESS,100,Opening model run,The recommendation stayed LESS. Projection is +0.0 fantasy points and confidence is +0.0 points versus the opening run. The largest driver today is opening model run.
2026-09-26T22:20:12-07:00,2026-09-27,,Lucas Spence,HOU,HOU @ ATH,1,MORE,3.5,6.18,61.4,162.01,1.0,8,TBD,0.0,The model opened at 3.5 with a 6.2 fantasy-point projection and a MORE recommendation at 61.4% confidence. This opening snapshot establishes the baseline for every later model run.,,,,,,,B+,,,,,5.48,,1.0694,,,0.0,0.0,0.0,0.0,0.0,0.0,0.0,False,0.0,0.0,Model Initialized,Opening model run,,72,Major,🟣,The model opened at 3.5 with a 6.2 fantasy-point projection and a MORE recommendation at 61.4% confidence. This opening snapshot establishes the baseline for every later model run.,1,6.18,0.0,61.4,0.0,MORE,MORE → MORE,100,Opening model run,The recommendation stayed MORE. Projection is +0.0 fantasy points and confidence is +0.0 points versus the opening run. The largest driver today is opening model run.
2026-09-26T22:20:12-07:00,2026-09-27,,Luis Arraez,PHI,TB @ PHI,1,LESS,4.0,3.43,61.1,118.21,1.035,4,Nick Martinez,0.0,The model opened at 4.0 with a 3.4 fantasy-point projection and a LESS recommendation at 61.1% confidence. This opening snapshot establishes the baseline for every later model run.,,,,,,,C,,,,,3.68,,0.82,,,0.0,0.0,0.0,0.0,0.0,0.0,0.0,False,0.0,0.0,Model Initialized,Opening model run,,72,Major,🟣,The model opened at 4.0 with a 3.4 fantasy-point projection and a LESS recommendation at 61.1% confidence. This opening snapshot establishes the baseline for every later model run.,1,3.43,0.0,61.1,0.0,LESS,LESS → LESS,100,Opening model run,The recommendation stayed LESS. Projection is +0.0 fantasy points and confidence is +0.0 points versus the opening run. The largest driver today is opening model run.
2026-09-26T22:20:12-07:00,2026-09-27,,Luis Campusano,SD,ARI @ SD,1,MORE,2.5,4.13,63.7,124.58,1.03,7,Michael Soroka,0.0,The model opened at 2.5 with a 4.1 fantasy-point projection and a MORE recommendation at 63.7% confidence. This opening snapshot establishes the baseline for every later model run.,,,,,,,C+,,,,,4.14,,0.8618,,,0.0,0.0,0.0,0.0,0.0,0.0,0.0,False,0.0,0.0,Model Initialized,Opening model run,,72,Major,🟣,The model opened at 2.5 with a 4.1 fantasy-point projection and a MORE recommendation at 63.7% confidence. This opening snapshot establishes the baseline for every later model run.,1,4.13,0.0,63.7,0.0,MORE,MORE → MORE,100,Opening model run,The recommendation stayed MORE. Projection is +0.0 fantasy points and confidence is +0.0 points versus the opening run. The largest driver today is opening model run.
2026-09-26T22:20:12-07:00,2026-09-27,,Luis García Jr.,NYY,BAL @ NYY,1,LESS,5.5,5.17,63.2,154.37,1.02,4,Shane Baz,0.0,The model opened at 5.5 with a 5.2 fantasy-point projection and a LESS recommendation at 63.2% confidence. This opening snapshot establishes the baseline for every later model run.,,,,,,,B,,,,,4.08,,0.9384,,,0.0,0.0,0.0,0.0,0.0,0.0,0.0,False,0.0,0.0,Model Initialized,Opening model run,,72,Major,🟣,The model opened at 5.5 with a 5.2 fantasy-point projection and a LESS recommendation at 63.2% confidence. This opening snapshot establishes the baseline for every later model run.,1,5.17,0.0,63.2,0.0,LESS,LESS → LESS,100,Opening model run,The recommendation stayed LESS. Projection is +0.0 fantasy points and confidence is +0.0 points versus the opening run. The largest driver today is opening model run.
2026-09-26T22:20:12-07:00,2026-09-27,,Luis Lara,MIL,STL @ MIL,1,LESS,3.5,3.03,62.5,102.45,1.0,6,Andre Pallante,0.0,The model opened at 3.5 with a 3.0 fantasy-point projection and a LESS recommendation at 62.5% confidence. This opening snapshot establishes the baseline for every later model run.,,,,,,,D,,,,,4.25,,0.8442,,,0.0,0.0,0.0,0.0,0.0,0.0,0.0,False,0.0,0.0,Model Initialized,Opening model run,,72,Major,🟣,The model opened at 3.5 with a 3.0 fantasy-point projection and a LESS recommendation at 62.5% confidence. This opening snapshot establishes the baseline for every later model run.,1,3.03,0.0,62.5,0.0,LESS,LESS → LESS,100,Opening model run,The recommendation stayed LESS. Projection is +0.0 fantasy points and confidence is +0.0 points versus the opening run. The largest driver today is opening model run.
2026-09-26T22:20:12-07:00,2026-09-27,,Luis Torrens,NYM,NYM @ WSH,1,MORE,5.5,8.67,58.6,201.69,1.01,9,DJ Herz,0.0,The model opened at 5.5 with a 8.7 fantasy-point projection and a MORE recommendation at 58.6% confidence. This opening snapshot establishes the baseline for every later model run.,,,,,,,A,,,,,4.67,,0.928,,,0.0,0.0,0.0,0.0,0.0,0.0,0.0,False,0.0,0.0,Model Initialized,Opening model run,,72,Major,🟣,The model opened at 5.5 with a 8.7 fantasy-point projection and a MORE recommendation at 58.6% confidence. This opening snapshot establishes the baseline for every later model run.,1,8.67,0.0,58.6,0.0,MORE,MORE → MORE,100,Opening model run,The recommendation stayed MORE. Projection is +0.0 fantasy points and confidence is +0.0 points versus the opening run. The largest driver today is opening model run.
2026-09-26T22:20:12-07:00,2026-09-27,,Luisangel Acuña,CWS,COL @ CWS,1,MORE,2.5,4.8,70.3,117.1,1.0,8,Kyle Freeland,0.0,The model opened at 2.5 with a 4.8 fantasy-point projection and a MORE recommendation at 70.3% confidence. This opening snapshot establishes the baseline for every later model run.,,,,,,,C,,,,,5.6,,0.82,,,0.0,0.0,0.0,0.0,0.0,0.0,0.0,False,0.0,0.0,Model Initialized,Opening model run,,72,Major,🟣,The model opened at 2.5 with a 4.8 fantasy-point projection and a MORE recommendation at 70.3% confidence. This opening snapshot establishes the baseline for every later model run.,1,4.8,0.0,70.3,0.0,MORE,MORE → MORE,100,Opening model run,The recommendation stayed MORE. Projection is +0.0 fantasy points and confidence is +0.0 points versus the opening run. The largest driver today is opening model run.
2026-09-26T22:20:12-07:00,2026-09-27,,Luke Keaschall,MIN,TEX @ MIN,1,MORE,2.5,5.05,64.0,173.72,1.01,1,MacKenzie Gore,0.0,The model opened at 2.5 with a 5.0 fantasy-point projection and a MORE recommendation at 64.0% confidence. This opening snapshot establishes the baseline for every later model run.,,,,,,,A-,,,,,4.3,,0.8598,,,0.0,0.0,0.0,0.0,0.0,0.0,0.0,False,0.0,0.0,Model Initialized,Opening model run,,72,Major,🟣,The model opened at 2.5 with a 5.0 fantasy-point projection and a MORE recommendation at 64.0% confidence. This opening snapshot establishes the baseline for every later model run.,1,5.05,0.0,64.0,0.0,MORE,MORE → MORE,100,Opening model run,The recommendation stayed MORE. Projection is +0.0 fantasy points and confidence is +0.0 points versus the opening run. The largest driver today is opening model run.
2026-09-26T22:20:12-07:00,2026-09-27,,Luke Maile,KC,CLE @ KC,1,LESS,3.5,3.01,63.6,79.96,1.0,8,Parker Messick,0.0,The model opened at 3.5 with a 3.0 fantasy-point projection and a LESS recommendation at 63.6% confidence. This opening snapshot establishes the baseline for every later model run.,,,,,,,F,,,,,3.77,,0.82,,,0.0,0.0,0.0,0.0,0.0,0.0,0.0,False,0.0,0.0,Model Initialized,Opening model run,,72,Major,🟣,The model opened at 3.5 with a 3.0 fantasy-point projection and a LESS recommendation at 63.6% confidence. This opening snapshot establishes the baseline for every later model run.,1,3.01,0.0,63.6,0.0,LESS,LESS → LESS,100,Opening model run,The recommendation stayed LESS. Projection is +0.0 fantasy points and confidence is +0.0 points versus the opening run. The largest driver today is opening model run.
2026-09-26T22:20:12-07:00,2026-09-27,,Maikel Garcia,KC,CLE @ KC,1,MORE,2.5,4.07,59.5,132.35,1.0,4,Parker Messick,0.0,The model opened at 2.5 with a 4.1 fantasy-point projection and a MORE recommendation at 59.5% confidence. This opening snapshot establishes the baseline for every later model run.,,,,,,,B-,,,,,3.77,,0.8333,,,0.0,0.0,0.0,0.0,0.0,0.0,0.0,False,0.0,0.0,Model Initialized,Opening model run,,72,Major,🟣,The model opened at 2.5 with a 4.1 fantasy-point projection and a MORE recommendation at 59.5% confidence. This opening snapshot establishes the baseline for every later model run.,1,4.07,0.0,59.5,0.0,MORE,MORE → MORE,100,Opening model run,The recommendation stayed MORE. Projection is +0.0 fantasy points and confidence is +0.0 points versus the opening run. The largest driver today is opening model run.
2026-09-26T22:20:12-07:00,2026-09-27,,Manny Machado,SD,ARI @ SD,1,LESS,5.0,4.47,68.5,141.57,1.03,3,Michael Soroka,0.0,The model opened at 5.0 with a 4.5 fantasy-point projection and a LESS recommendation at 68.5% confidence. This opening snapshot establishes the baseline for every later model run.,,,,,,,B-,,,,,4.14,,0.8902,,,0.0,0.0,0.0,0.0,0.0,0.0,0.0,False,0.0,0.0,Model Initialized,Opening model run,,72,Major,🟣,The model opened at 5.0 with a 4.5 fantasy-point projection and a LESS recommendation at 68.5% confidence. This opening snapshot establishes the baseline for every later model run.,1,4.47,0.0,68.5,0.0,LESS,LESS → LESS,100,Opening model run,The recommendation stayed LESS. Projection is +0.0 fantasy points and confidence is +0.0 points versus the opening run. The largest driver today is opening model run.
2026-09-26T22:20:12-07:00,2026-09-27,,Marcelo Mayer,SF,LAD @ SF,1,LESS,4.0,3.4,62.4,102.61,1.025,6,TBD,0.0,The model opened at 4.0 with a 3.4 fantasy-point projection and a LESS recommendation at 62.4% confidence. This opening snapshot establishes the baseline for every later model run.,,,,,,,D,,,,,3.57,,0.82,,,0.0,0.0,0.0,0.0,0.0,0.0,0.0,False,0.0,0.0,Model Initialized,Opening model run,,72,Major,🟣,The model opened at 4.0 with a 3.4 fantasy-point projection and a LESS recommendation at 62.4% confidence. This opening snapshot establishes the baseline for every later model run.,1,3.4,0.0,62.4,0.0,LESS,LESS → LESS,100,Opening model run,The recommendation stayed LESS. Projection is +0.0 fantasy points and confidence is +0.0 points versus the opening run. The largest driver today is opening model run.
2026-09-26T22:20:12-07:00,2026-09-27,,Marcus Semien,NYM,NYM @ WSH,1,MORE,3.0,5.13,62.6,147.93,1.01,6,DJ Herz,0.0,The model opened at 3.0 with a 5.1 fantasy-point projection and a MORE recommendation at 62.6% confidence. This opening snapshot establishes the baseline for every later model run.,,,,,,,B,,,,,4.67,,0.82,,,0.0,0.0,0.0,0.0,0.0,0.0,0.0,False,0.0,0.0,Model Initialized,Opening model run,,72,Major,🟣,The model opened at 3.0 with a 5.1 fantasy-point projection and a MORE recommendation at 62.6% confidence. This opening snapshot establishes the baseline for every later model run.,1,5.13,0.0,62.6,0.0,MORE,MORE → MORE,100,Opening model run,The recommendation stayed MORE. Projection is +0.0 fantasy points and confidence is +0.0 points versus the opening run. The largest driver today is opening model run.
2026-09-26T22:20:12-07:00,2026-09-27,,Mark Vientos,NYM,NYM @ WSH,1,MORE,3.5,6.01,60.6,159.06,1.01,4,DJ Herz,0.0,The model opened at 3.5 with a 6.0 fantasy-point projection and a MORE recommendation at 60.6% confidence. This opening snapshot establishes the baseline for every later model run.,,,,,,,B,,,,,4.67,,0.9394,,,0.0,0.0,0.0,0.0,0.0,0.0,0.0,False,0.0,0.0,Model Initialized,Opening model run,,72,Major,🟣,The model opened at 3.5 with a 6.0 fantasy-point projection and a MORE recommendation at 60.6% confidence. This opening snapshot establishes the baseline for every later model run.,1,6.01,0.0,60.6,0.0,MORE,MORE → MORE,100,Opening model run,The recommendation stayed MORE. Projection is +0.0 fantasy points and confidence is +0.0 points versus the opening run. The largest driver today is opening model run.
2026-09-26T22:20:12-07:00,2026-09-27,,Masyn Winn,STL,STL @ MIL,1,LESS,2.5,2.02,64.6,78.92,1.0,9,Jacob Misiorowski,0.0,The model opened at 2.5 with a 2.0 fantasy-point projection and a LESS recommendation at 64.6% confidence. This opening snapshot establishes the baseline for every later model run.,,,,,,,F,,,,,3.51,,0.8522,,,0.0,0.0,0.0,0.0,0.0,0.0,0.0,False,0.0,0.0,Model Initialized,Opening model run,,72,Major,🟣,The model opened at 2.5 with a 2.0 fantasy-point projection and a LESS recommendation at 64.6% confidence. This opening snapshot establishes the baseline for every later model run.,1,2.02,0.0,64.6,0.0,LESS,LESS → LESS,100,Opening model run,The recommendation stayed LESS. Projection is +0.0 fantasy points and confidence is +0.0 points versus the opening run. The largest driver today is opening model run.
2026-09-26T22:20:12-07:00,2026-09-27,,Matt McLain,CIN,CIN @ TOR,1,LESS,4.5,4.12,59.9,125.21,1.0,9,Max Scherzer,0.0,The model opened at 4.5 with a 4.1 fantasy-point projection and a LESS recommendation at 59.9% confidence. This opening snapshot establishes the baseline for every later model run.,,,,,,,C+,,,,,3.91,,0.82,,,0.0,0.0,0.0,0.0,0.0,0.0,0.0,False,0.0,0.0,Model Initialized,Opening model run,,72,Major,🟣,The model opened at 4.5 with a 4.1 fantasy-point projection and a LESS recommendation at 59.9% confidence. This opening snapshot establishes the baseline for every later model run.,1,4.12,0.0,59.9,0.0,LESS,LESS → LESS,100,Opening model run,The recommendation stayed LESS. Projection is +0.0 fantasy points and confidence is +0.0 points versus the opening run. The largest driver today is opening model run.
2026-09-26T22:20:12-07:00,2026-09-27,,Matt Olson,ATL,ATL @ MIA,1,MORE,5.0,7.29,61.5,192.13,1.0,3,Janson Junk,0.0,The model opened at 5.0 with a 7.3 fantasy-point projection and a MORE recommendation at 61.5% confidence. This opening snapshot establishes the baseline for every later model run.,,,,,,,A,,,,,4.1,,0.9834,,,0.0,0.0,0.0,0.0,0.0,0.0,0.0,False,0.0,0.0,Model Initialized,Opening model run,,72,Major,🟣,The model opened at 5.0 with a 7.3 fantasy-point projection and a MORE recommendation at 61.5% confidence. This opening snapshot establishes the baseline for every later model run.,1,7.29,0.0,61.5,0.0,MORE,MORE → MORE,100,Opening model run,The recommendation stayed MORE. Projection is +0.0 fantasy points and confidence is +0.0 points versus the opening run. The largest driver today is opening model run.
2026-09-26T22:20:12-07:00,2026-09-27,,Matt Shaw,CHC,CHC @ BOS,1,LESS,3.0,2.65,66.7,83.67,1.0,9,TBD,0.0,The model opened at 3.0 with a 2.6 fantasy-point projection and a LESS recommendation at 66.7% confidence. This opening snapshot establishes the baseline for every later model run.,,,,,,,F,,,,,3.52,,0.82,,,0.0,0.0,0.0,0.0,0.0,0.0,0.0,False,0.0,0.0,Model Initialized,Opening model run,,72,Major,🟣,The model opened at 3.0 with a 2.6 fantasy-point projection and a LESS recommendation at 66.7% confidence. This opening snapshot establishes the baseline for every later model run.,1,2.65,0.0,66.7,0.0,LESS,LESS → LESS,100,Opening model run,The recommendation stayed LESS. Projection is +0.0 fantasy points and confidence is +0.0 points versus the opening run. The largest driver today is opening model run.
2026-09-26T22:20:12-07:00,2026-09-27,,Mauricio Dubón,ATL,ATL @ MIA,1,MORE,2.5,4.56,66.0,146.47,1.0,5,Janson Junk,0.0,The model opened at 2.5 with a 4.6 fantasy-point projection and a MORE recommendation at 66.0% confidence. This opening snapshot establishes the baseline for every later model run.,,,,,,,B,,,,,4.1,,0.82,,,0.0,0.0,0.0,0.0,0.0,0.0,0.0,False,0.0,0.0,Model Initialized,Opening model run,,72,Major,🟣,The model opened at 2.5 with a 4.6 fantasy-point projection and a MORE recommendation at 66.0% confidence. This opening snapshot establishes the baseline for every later model run.,1,4.56,0.0,66.0,0.0,MORE,MORE → MORE,100,Opening model run,The recommendation stayed MORE. Projection is +0.0 fantasy points and confidence is +0.0 points versus the opening run. The largest driver today is opening model run.
2026-09-26T22:20:12-07:00,2026-09-27,,Max Clark,DET,PIT @ DET,1,LESS,4.0,3.57,61.6,130.14,1.01,6,Jared Jones,0.0,The model opened at 4.0 with a 3.6 fantasy-point projection and a LESS recommendation at 61.6% confidence. This opening snapshot establishes the baseline for every later model run.,,,,,,,C+,,,,,4.17,,0.8501,,,0.0,0.0,0.0,0.0,0.0,0.0,0.0,False,0.0,0.0,Model Initialized,Opening model run,,72,Major,🟣,The model opened at 4.0 with a 3.6 fantasy-point projection and a LESS recommendation at 61.6% confidence. This opening snapshot establishes the baseline for every later model run.,1,3.57,0.0,61.6,0.0,LESS,LESS → LESS,100,Opening model run,The recommendation stayed LESS. Projection is +0.0 fantasy points and confidence is +0.0 points versus the opening run. The largest driver today is opening model run.
2026-09-26T22:20:12-07:00,2026-09-27,,Max Muncy,LAD,LAD @ SF,1,MORE,4.0,6.69,63.5,178.83,1.025,6,Carson Seymour,0.0,The model opened at 4.0 with a 6.7 fantasy-point projection and a MORE recommendation at 63.5% confidence. This opening snapshot establishes the baseline for every later model run.,,,,,,,A-,,,,,4.34,,0.9409,,,0.0,0.0,0.0,0.0,0.0,0.0,0.0,False,0.0,0.0,Model Initialized,Opening model run,,72,Major,🟣,The model opened at 4.0 with a 6.7 fantasy-point projection and a MORE recommendation at 63.5% confidence. This opening snapshot establishes the baseline for every later model run.,1,6.69,0.0,63.5,0.0,MORE,MORE → MORE,100,Opening model run,The recommendation stayed MORE. Projection is +0.0 fantasy points and confidence is +0.0 points versus the opening run. The largest driver today is opening model run.
2026-09-26T22:20:12-07:00,2026-09-27,,Michael Arroyo,SEA,LAA @ SEA,1,LESS,4.5,4.1,58.2,127.53,1.0,7,Yusei Kikuchi,0.0,The model opened at 4.5 with a 4.1 fantasy-point projection and a LESS recommendation at 58.2% confidence. This opening snapshot establishes the baseline for every later model run.,,,,,,,C+,,,,,4.29,,0.8591,,,0.0,0.0,0.0,0.0,0.0,0.0,0.0,False,0.0,0.0,Model Initialized,Opening model run,,72,Major,🟣,The model opened at 4.5 with a 4.1 fantasy-point projection and a LESS recommendation at 58.2% confidence. This opening snapshot establishes the baseline for every later model run.,1,4.1,0.0,58.2,0.0,LESS,LESS → LESS,100,Opening model run,The recommendation stayed LESS. Projection is +0.0 fantasy points and confidence is +0.0 points versus the opening run. The largest driver today is opening model run.
2026-09-26T22:20:12-07:00,2026-09-27,,Michael Busch,CHC,CHC @ BOS,1,MORE,3.0,5.33,58.3,163.34,1.0,3,TBD,0.0,The model opened at 3.0 with a 5.3 fantasy-point projection and a MORE recommendation at 58.3% confidence. This opening snapshot establishes the baseline for every later model run.,,,,,,,B+,,,,,3.52,,0.8944,,,0.0,0.0,0.0,0.0,0.0,0.0,0.0,False,0.0,0.0,Model Initialized,Opening model run,,72,Major,🟣,The model opened at 3.0 with a 5.3 fantasy-point projection and a MORE recommendation at 58.3% confidence. This opening snapshot establishes the baseline for every later model run.,1,5.33,0.0,58.3,0.0,MORE,MORE → MORE,100,Opening model run,The recommendation stayed MORE. Projection is +0.0 fantasy points and confidence is +0.0 points versus the opening run. The largest driver today is opening model run.
2026-09-26T22:20:12-07:00,2026-09-27,,Michael Conforto,CHC,CHC @ BOS,1,LESS,4.5,3.89,62.3,125.52,1.0,4,TBD,0.0,The model opened at 4.5 with a 3.9 fantasy-point projection and a LESS recommendation at 62.3% confidence. This opening snapshot establishes the baseline for every later model run.,,,,,,,C+,,,,,3.52,,0.9119,,,0.0,0.0,0.0,0.0,0.0,0.0,0.0,False,0.0,0.0,Model Initialized,Opening model run,,72,Major,🟣,The model opened at 4.5 with a 3.9 fantasy-point projection and a LESS recommendation at 62.3% confidence. This opening snapshot establishes the baseline for every later model run.,1,3.89,0.0,62.3,0.0,LESS,LESS → LESS,100,Opening model run,The recommendation stayed LESS. Projection is +0.0 fantasy points and confidence is +0.0 points versus the opening run. The largest driver today is opening model run.
2026-09-26T22:20:12-07:00,2026-09-27,,Michael Harris II,ATL,ATL @ MIA,1,LESS,6.0,5.41,63.5,169.6,1.0,4,Janson Junk,0.0,The model opened at 6.0 with a 5.4 fantasy-point projection and a LESS recommendation at 63.5% confidence. This opening snapshot establishes the baseline for every later model run.,,,,,,,B+,,,,,4.1,,0.9104,,,0.0,0.0,0.0,0.0,0.0,0.0,0.0,False,0.0,0.0,Model Initialized,Opening model run,,72,Major,🟣,The model opened at 6.0 with a 5.4 fantasy-point projection and a LESS recommendation at 63.5% confidence. This opening snapshot establishes the baseline for every later model run.,1,5.41,0.0,63.5,0.0,LESS,LESS → LESS,100,Opening model run,The recommendation stayed LESS. Projection is +0.0 fantasy points and confidence is +0.0 points versus the opening run. The largest driver today is opening model run.
2026-09-26T22:20:12-07:00,2026-09-27,,Michael Massey,KC,CLE @ KC,1,LESS,4.0,3.45,63.2,112.65,1.0,7,Parker Messick,0.0,The model opened at 4.0 with a 3.5 fantasy-point projection and a LESS recommendation at 63.2% confidence. This opening snapshot establishes the baseline for every later model run.,,,,,,,C,,,,,3.77,,0.8827,,,0.0,0.0,0.0,0.0,0.0,0.0,0.0,False,0.0,0.0,Model Initialized,Opening model run,,72,Major,🟣,The model opened at 4.0 with a 3.5 fantasy-point projection and a LESS recommendation at 63.2% confidence. This opening snapshot establishes the baseline for every later model run.,1,3.45,0.0,63.2,0.0,LESS,LESS → LESS,100,Opening model run,The recommendation stayed LESS. Projection is +0.0 fantasy points and confidence is +0.0 points versus the opening run. The largest driver today is opening model run.
2026-09-26T22:20:12-07:00,2026-09-27,,Mickey Gasper,BOS,CHC @ BOS,1,LESS,5.0,4.47,67.3,126.35,1.0,2,TBD,0.0,The model opened at 5.0 with a 4.5 fantasy-point projection and a LESS recommendation at 67.3% confidence. This opening snapshot establishes the baseline for every later model run.,,,,,,,C+,,,,,4.13,,1.0216,,,0.0,0.0,0.0,0.0,0.0,0.0,0.0,False,0.0,0.0,Model Initialized,Opening model run,,72,Major,🟣,The model opened at 5.0 with a 4.5 fantasy-point projection and a LESS recommendation at 67.3% confidence. This opening snapshot establishes the baseline for every later model run.,1,4.47,0.0,67.3,0.0,LESS,LESS → LESS,100,Opening model run,The recommendation stayed LESS. Projection is +0.0 fantasy points and confidence is +0.0 points versus the opening run. The largest driver today is opening model run.
2026-09-26T22:20:12-07:00,2026-09-27,,Mickey Moniak,COL,COL @ CWS,1,LESS,4.0,3.37,65.7,110.42,1.0,7,Anthony Kay,0.0,The model opened at 4.0 with a 3.4 fantasy-point projection and a LESS recommendation at 65.7% confidence. This opening snapshot establishes the baseline for every later model run.,,,,,,,C,,,,,4.14,,0.8833,,,0.0,0.0,0.0,0.0,0.0,0.0,0.0,False,0.0,0.0,Model Initialized,Opening model run,,72,Major,🟣,The model opened at 4.0 with a 3.4 fantasy-point projection and a LESS recommendation at 65.7% confidence. This opening snapshot establishes the baseline for every later model run.,1,3.37,0.0,65.7,0.0,LESS,LESS → LESS,100,Opening model run,The recommendation stayed LESS. Projection is +0.0 fantasy points and confidence is +0.0 points versus the opening run. The largest driver today is opening model run.
2026-09-26T22:20:12-07:00,2026-09-27,,Miguel Amaya,CHC,CHC @ BOS,1,MORE,2.5,5.08,68.5,133.7,1.0,9,TBD,0.0,The model opened at 2.5 with a 5.1 fantasy-point projection and a MORE recommendation at 68.5% confidence. This opening snapshot establishes the baseline for every later model run.,,,,,,,B-,,,,,3.52,,0.8773,,,0.0,0.0,0.0,0.0,0.0,0.0,0.0,False,0.0,0.0,Model Initialized,Opening model run,,72,Major,🟣,The model opened at 2.5 with a 5.1 fantasy-point projection and a MORE recommendation at 68.5% confidence. This opening snapshot establishes the baseline for every later model run.,1,5.08,0.0,68.5,0.0,MORE,MORE → MORE,100,Opening model run,The recommendation stayed MORE. Projection is +0.0 fantasy points and confidence is +0.0 points versus the opening run. The largest driver today is opening model run.
2026-09-26T22:20:12-07:00,2026-09-27,,Miguel Rojas,LAD,LAD @ SF,1,LESS,4.0,3.28,65.1,100.0,1.025,6,Carson Seymour,0.0,The model opened at 4.0 with a 3.3 fantasy-point projection and a LESS recommendation at 65.1% confidence. This opening snapshot establishes the baseline for every later model run.,,,,,,,D,,,,,4.34,,0.8365,,,0.0,0.0,0.0,0.0,0.0,0.0,0.0,False,0.0,0.0,Model Initialized,Opening model run,,72,Major,🟣,The model opened at 4.0 with a 3.3 fantasy-point projection and a LESS recommendation at 65.1% confidence. This opening snapshot establishes the baseline for every later model run.,1,3.28,0.0,65.1,0.0,LESS,LESS → LESS,100,Opening model run,The recommendation stayed LESS. Projection is +0.0 fantasy points and confidence is +0.0 points versus the opening run. The largest driver today is opening model run.
2026-09-26T22:20:12-07:00,2026-09-27,,Miguel Vargas,CWS,COL @ CWS,1,MORE,5.0,7.82,60.7,224.85,1.0,3,Kyle Freeland,0.0,The model opened at 5.0 with a 7.8 fantasy-point projection and a MORE recommendation at 60.7% confidence. This opening snapshot establishes the baseline for every later model run.,,,,,,,A+,,,,,5.6,,0.9083,,,0.0,0.0,0.0,0.0,0.0,0.0,0.0,False,0.0,0.0,Model Initialized,Opening model run,,72,Major,🟣,The model opened at 5.0 with a 7.8 fantasy-point projection and a MORE recommendation at 60.7% confidence. This opening snapshot establishes the baseline for every later model run.,1,7.82,0.0,60.7,0.0,MORE,MORE → MORE,100,Opening model run,The recommendation stayed MORE. Projection is +0.0 fantasy points and confidence is +0.0 points versus the opening run. The largest driver today is opening model run.
2026-09-26T22:20:12-07:00,2026-09-27,,Mike Trout,LAA,LAA @ SEA,1,MORE,4.0,5.82,60.4,162.82,1.0,2,Logan Gilbert,0.0,The model opened at 4.0 with a 5.8 fantasy-point projection and a MORE recommendation at 60.4% confidence. This opening snapshot establishes the baseline for every later model run.,,,,,,,B+,,,,,4.21,,0.9292,,,0.0,0.0,0.0,0.0,0.0,0.0,0.0,False,0.0,0.0,Model Initialized,Opening model run,,72,Major,🟣,The model opened at 4.0 with a 5.8 fantasy-point projection and a MORE recommendation at 60.4% confidence. This opening snapshot establishes the baseline for every later model run.,1,5.82,0.0,60.4,0.0,MORE,MORE → MORE,100,Opening model run,The recommendation stayed MORE. Projection is +0.0 fantasy points and confidence is +0.0 points versus the opening run. The largest driver today is opening model run.
2026-09-26T22:20:12-07:00,2026-09-27,,Mike Yastrzemski,ATL,ATL @ MIA,1,MORE,3.0,4.91,62.6,137.29,1.0,7,Janson Junk,0.0,The model opened at 3.0 with a 4.9 fantasy-point projection and a MORE recommendation at 62.6% confidence. This opening snapshot establishes the baseline for every later model run.,,,,,,,B-,,,,,4.1,,0.9482,,,0.0,0.0,0.0,0.0,0.0,0.0,0.0,False,0.0,0.0,Model Initialized,Opening model run,,72,Major,🟣,The model opened at 3.0 with a 4.9 fantasy-point projection and a MORE recommendation at 62.6% confidence. This opening snapshot establishes the baseline for every later model run.,1,4.91,0.0,62.6,0.0,MORE,MORE → MORE,100,Opening model run,The recommendation stayed MORE. Projection is +0.0 fantasy points and confidence is +0.0 points versus the opening run. The largest driver today is opening model run.
2026-09-26T22:20:12-07:00,2026-09-27,,Moisés Ballesteros,LAA,LAA @ SEA,1,LESS,4.5,3.78,62.1,116.91,1.0,5,Logan Gilbert,0.0,The model opened at 4.5 with a 3.8 fantasy-point projection and a LESS recommendation at 62.1% confidence. This opening snapshot establishes the baseline for every later model run.,,,,,,,C,,,,,4.21,,0.8537,,,0.0,0.0,0.0,0.0,0.0,0.0,0.0,False,0.0,0.0,Model Initialized,Opening model run,,72,Major,🟣,The model opened at 4.5 with a 3.8 fantasy-point projection and a LESS recommendation at 62.1% confidence. This opening snapshot establishes the baseline for every later model run.,1,3.78,0.0,62.1,0.0,LESS,LESS → LESS,100,Opening model run,The recommendation stayed LESS. Projection is +0.0 fantasy points and confidence is +0.0 points versus the opening run. The largest driver today is opening model run.
2026-09-26T22:20:12-07:00,2026-09-27,,Mookie Betts,LAD,LAD @ SF,1,MORE,4.5,8.02,66.8,224.79,1.025,1,Carson Seymour,0.0,The model opened at 4.5 with a 8.0 fantasy-point projection and a MORE recommendation at 66.8% confidence. This opening snapshot establishes the baseline for every later model run.,,,,,,,A+,,,,,4.34,,0.9313,,,0.0,0.0,0.0,0.0,0.0,0.0,0.0,False,0.0,0.0,Model Initialized,Opening model run,,72,Major,🟣,The model opened at 4.5 with a 8.0 fantasy-point projection and a MORE recommendation at 66.8% confidence. This opening snapshot establishes the baseline for every later model run.,1,8.02,0.0,66.8,0.0,MORE,MORE → MORE,100,Opening model run,The recommendation stayed MORE. Projection is +0.0 fantasy points and confidence is +0.0 points versus the opening run. The largest driver today is opening model run.
2026-09-26T22:20:12-07:00,2026-09-27,,Munetaka Murakami,CWS,COL @ CWS,1,MORE,8.0,10.94,61.8,265.74,1.0,4,Kyle Freeland,0.0,The model opened at 8.0 with a 10.9 fantasy-point projection and a MORE recommendation at 61.8% confidence. This opening snapshot establishes the baseline for every later model run.,,,,,,,A+,,,,,5.6,,1.027,,,0.0,0.0,0.0,0.0,0.0,0.0,0.0,False,0.0,0.0,Model Initialized,Opening model run,,72,Major,🟣,The model opened at 8.0 with a 10.9 fantasy-point projection and a MORE recommendation at 61.8% confidence. This opening snapshot establishes the baseline for every later model run.,1,10.94,0.0,61.8,0.0,MORE,MORE → MORE,100,Opening model run,The recommendation stayed MORE. Projection is +0.0 fantasy points and confidence is +0.0 points versus the opening run. The largest driver today is opening model run.
2026-09-26T22:20:12-07:00,2026-09-27,,Myles Straw,TOR,CIN @ TOR,1,LESS,3.5,2.9,64.3,95.27,1.0,8,Brandon Williamson,0.0,The model opened at 3.5 with a 2.9 fantasy-point projection and a LESS recommendation at 64.3% confidence. This opening snapshot establishes the baseline for every later model run.,,,,,,,D,,,,,4.83,,0.82,,,0.0,0.0,0.0,0.0,0.0,0.0,0.0,False,0.0,0.0,Model Initialized,Opening model run,,72,Major,🟣,The model opened at 3.5 with a 2.9 fantasy-point projection and a LESS recommendation at 64.3% confidence. This opening snapshot establishes the baseline for every later model run.,1,2.9,0.0,64.3,0.0,LESS,LESS → LESS,100,Opening model run,The recommendation stayed LESS. Projection is +0.0 fantasy points and confidence is +0.0 points versus the opening run. The largest driver today is opening model run.
2026-09-26T22:20:12-07:00,2026-09-27,,Nasim Nuñez,WSH,NYM @ WSH,1,LESS,3.5,3.16,61.3,92.09,1.01,9,Sean Manaea,0.0,The model opened at 3.5 with a 3.2 fantasy-point projection and a LESS recommendation at 61.3% confidence. This opening snapshot establishes the baseline for every later model run.,,,,,,,D,,,,,4.14,,0.82,,,0.0,0.0,0.0,0.0,0.0,0.0,0.0,False,0.0,0.0,Model Initialized,Opening model run,,72,Major,🟣,The model opened at 3.5 with a 3.2 fantasy-point projection and a LESS recommendation at 61.3% confidence. This opening snapshot establishes the baseline for every later model run.,1,3.16,0.0,61.3,0.0,LESS,LESS → LESS,100,Opening model run,The recommendation stayed LESS. Projection is +0.0 fantasy points and confidence is +0.0 points versus the opening run. The largest driver today is opening model run.
2026-09-26T22:20:12-07:00,2026-09-27,,Nathan Church,STL,STL @ MIL,1,LESS,3.0,2.27,71.4,88.79,1.0,8,Jacob Misiorowski,0.0,The model opened at 3.0 with a 2.3 fantasy-point projection and a LESS recommendation at 71.4% confidence. This opening snapshot establishes the baseline for every later model run.,,,,,,,F,,,,,3.51,,0.82,,,0.0,0.0,0.0,0.0,0.0,0.0,0.0,False,0.0,0.0,Model Initialized,Opening model run,,72,Major,🟣,The model opened at 3.0 with a 2.3 fantasy-point projection and a LESS recommendation at 71.4% confidence. This opening snapshot establishes the baseline for every later model run.,1,2.27,0.0,71.4,0.0,LESS,LESS → LESS,100,Opening model run,The recommendation stayed LESS. Projection is +0.0 fantasy points and confidence is +0.0 points versus the opening run. The largest driver today is opening model run.
2026-09-26T22:20:12-07:00,2026-09-27,,Nathan Lukes,TOR,CIN @ TOR,1,MORE,3.0,5.09,65.8,155.91,1.0,1,Brandon Williamson,0.0,The model opened at 3.0 with a 5.1 fantasy-point projection and a MORE recommendation at 65.8% confidence. This opening snapshot establishes the baseline for every later model run.,,,,,,,B,,,,,4.83,,0.82,,,0.0,0.0,0.0,0.0,0.0,0.0,0.0,False,0.0,0.0,Model Initialized,Opening model run,,72,Major,🟣,The model opened at 3.0 with a 5.1 fantasy-point projection and a MORE recommendation at 65.8% confidence. This opening snapshot establishes the baseline for every later model run.,1,5.09,0.0,65.8,0.0,MORE,MORE → MORE,100,Opening model run,The recommendation stayed MORE. Projection is +0.0 fantasy points and confidence is +0.0 points versus the opening run. The largest driver today is opening model run.
2026-09-26T22:20:12-07:00,2026-09-27,,Nathaniel Lowe,CLE,CLE @ KC,1,MORE,2.5,4.37,62.1,117.94,1.0,6,Daniel Lynch IV,0.0,The model opened at 2.5 with a 4.4 fantasy-point projection and a MORE recommendation at 62.1% confidence. This opening snapshot establishes the baseline for every later model run.,,,,,,,C,,,,,4.79,,0.9066,,,0.0,0.0,0.0,0.0,0.0,0.0,0.0,False,0.0,0.0,Model Initialized,Opening model run,,72,Major,🟣,The model opened at 2.5 with a 4.4 fantasy-point projection and a MORE recommendation at 62.1% confidence. This opening snapshot establishes the baseline for every later model run.,1,4.37,0.0,62.1,0.0,MORE,MORE → MORE,100,Opening model run,The recommendation stayed MORE. Projection is +0.0 fantasy points and confidence is +0.0 points versus the opening run. The largest driver today is opening model run.
2026-09-26T22:20:12-07:00,2026-09-27,,Nick Allen,HOU,HOU @ ATH,1,MORE,2.5,3.93,61.4,99.33,1.0,9,TBD,0.0,The model opened at 2.5 with a 3.9 fantasy-point projection and a MORE recommendation at 61.4% confidence. This opening snapshot establishes the baseline for every later model run.,,,,,,,D,,,,,5.48,,0.82,,,0.0,0.0,0.0,0.0,0.0,0.0,0.0,False,0.0,0.0,Model Initialized,Opening model run,,72,Major,🟣,The model opened at 2.5 with a 3.9 fantasy-point projection and a MORE recommendation at 61.4% confidence. This opening snapshot establishes the baseline for every later model run.,1,3.93,0.0,61.4,0.0,MORE,MORE → MORE,100,Opening model run,The recommendation stayed MORE. Projection is +0.0 fantasy points and confidence is +0.0 points versus the opening run. The largest driver today is opening model run.
2026-09-26T22:20:12-07:00,2026-09-27,,Nick Fortes,TB,TB @ PHI,1,LESS,3.0,2.44,69.9,83.67,1.035,7,Zack Wheeler,0.0,The model opened at 3.0 with a 2.4 fantasy-point projection and a LESS recommendation at 69.9% confidence. This opening snapshot establishes the baseline for every later model run.,,,,,,,F,,,,,4.05,,0.82,,,0.0,0.0,0.0,0.0,0.0,0.0,0.0,False,0.0,0.0,Model Initialized,Opening model run,,72,Major,🟣,The model opened at 3.0 with a 2.4 fantasy-point projection and a LESS recommendation at 69.9% confidence. This opening snapshot establishes the baseline for every later model run.,1,2.44,0.0,69.9,0.0,LESS,LESS → LESS,100,Opening model run,The recommendation stayed LESS. Projection is +0.0 fantasy points and confidence is +0.0 points versus the opening run. The largest driver today is opening model run.
2026-09-26T22:20:12-07:00,2026-09-27,,Nick Gonzales,PIT,PIT @ DET,1,LESS,3.5,3.14,60.6,109.59,1.01,5,River Ryan,0.0,The model opened at 3.5 with a 3.1 fantasy-point projection and a LESS recommendation at 60.6% confidence. This opening snapshot establishes the baseline for every later model run.,,,,,,,C,,,,,3.66,,0.829,,,0.0,0.0,0.0,0.0,0.0,0.0,0.0,False,0.0,0.0,Model Initialized,Opening model run,,72,Major,🟣,The model opened at 3.5 with a 3.1 fantasy-point projection and a LESS recommendation at 60.6% confidence. This opening snapshot establishes the baseline for every later model run.,1,3.14,0.0,60.6,0.0,LESS,LESS → LESS,100,Opening model run,The recommendation stayed LESS. Projection is +0.0 fantasy points and confidence is +0.0 points versus the opening run. The largest driver today is opening model run.
2026-09-26T22:20:12-07:00,2026-09-27,,Nick Morabito,NYM,NYM @ WSH,1,MORE,4.5,6.36,60.6,149.19,1.01,9,DJ Herz,0.0,The model opened at 4.5 with a 6.4 fantasy-point projection and a MORE recommendation at 60.6% confidence. This opening snapshot establishes the baseline for every later model run.,,,,,,,B,,,,,4.67,,0.9269,,,0.0,0.0,0.0,0.0,0.0,0.0,0.0,False,0.0,0.0,Model Initialized,Opening model run,,72,Major,🟣,The model opened at 4.5 with a 6.4 fantasy-point projection and a MORE recommendation at 60.6% confidence. This opening snapshot establishes the baseline for every later model run.,1,6.36,0.0,60.6,0.0,MORE,MORE → MORE,100,Opening model run,The recommendation stayed MORE. Projection is +0.0 fantasy points and confidence is +0.0 points versus the opening run. The largest driver today is opening model run.
2026-09-26T22:20:12-07:00,2026-09-27,,Nick Sogard,BOS,CHC @ BOS,1,LESS,4.5,4.22,58.0,129.45,1.0,5,TBD,0.0,The model opened at 4.5 with a 4.2 fantasy-point projection and a LESS recommendation at 58.0% confidence. This opening snapshot establishes the baseline for every later model run.,,,,,,,C+,,,,,4.13,,0.8484,,,0.0,0.0,0.0,0.0,0.0,0.0,0.0,False,0.0,0.0,Model Initialized,Opening model run,,72,Major,🟣,The model opened at 4.5 with a 4.2 fantasy-point projection and a LESS recommendation at 58.0% confidence. This opening snapshot establishes the baseline for every later model run.,1,4.22,0.0,58.0,0.0,LESS,LESS → LESS,100,Opening model run,The recommendation stayed LESS. Projection is +0.0 fantasy points and confidence is +0.0 points versus the opening run. The largest driver today is opening model run.
2026-09-26T22:20:12-07:00,2026-09-27,,Nicky Lopez,TEX,TEX @ MIN,1,MORE,3.0,4.72,67.3,115.86,1.01,7,Dean Kremer,0.0,The model opened at 3.0 with a 4.7 fantasy-point projection and a MORE recommendation at 67.3% confidence. This opening snapshot establishes the baseline for every later model run.,,,,,,,C,,,,,4.56,,0.82,,,0.0,0.0,0.0,0.0,0.0,0.0,0.0,False,0.0,0.0,Model Initialized,Opening model run,,72,Major,🟣,The model opened at 3.0 with a 4.7 fantasy-point projection and a MORE recommendation at 67.3% confidence. This opening snapshot establishes the baseline for every later model run.,1,4.72,0.0,67.3,0.0,MORE,MORE → MORE,100,Opening model run,The recommendation stayed MORE. Projection is +0.0 fantasy points and confidence is +0.0 points versus the opening run. The largest driver today is opening model run.
2026-09-26T22:20:12-07:00,2026-09-27,,Nico Hoerner,CHC,CHC @ BOS,1,MORE,2.5,4.2,62.4,127.36,1.0,6,TBD,0.0,The model opened at 2.5 with a 4.2 fantasy-point projection and a MORE recommendation at 62.4% confidence. This opening snapshot establishes the baseline for every later model run.,,,,,,,C+,,,,,3.52,,0.8274,,,0.0,0.0,0.0,0.0,0.0,0.0,0.0,False,0.0,0.0,Model Initialized,Opening model run,,72,Major,🟣,The model opened at 2.5 with a 4.2 fantasy-point projection and a MORE recommendation at 62.4% confidence. This opening snapshot establishes the baseline for every later model run.,1,4.2,0.0,62.4,0.0,MORE,MORE → MORE,100,Opening model run,The recommendation stayed MORE. Projection is +0.0 fantasy points and confidence is +0.0 points versus the opening run. The largest driver today is opening model run.
2026-09-26T22:20:12-07:00,2026-09-27,,Nolan Arenado,ARI,ARI @ SD,1,LESS,6.0,5.74,62.9,180.57,1.03,6,TBD,0.0,The model opened at 6.0 with a 5.7 fantasy-point projection and a LESS recommendation at 62.9% confidence. This opening snapshot establishes the baseline for every later model run.,,,,,,,A-,,,,,3.99,,0.8687,,,0.0,0.0,0.0,0.0,0.0,0.0,0.0,False,0.0,0.0,Model Initialized,Opening model run,,72,Major,🟣,The model opened at 6.0 with a 5.7 fantasy-point projection and a LESS recommendation at 62.9% confidence. This opening snapshot establishes the baseline for every later model run.,1,5.74,0.0,62.9,0.0,LESS,LESS → LESS,100,Opening model run,The recommendation stayed LESS. Projection is +0.0 fantasy points and confidence is +0.0 points versus the opening run. The largest driver today is opening model run.
2026-09-26T22:20:12-07:00,2026-09-27,,Nolan Gorman,STL,STL @ MIL,1,LESS,4.0,3.62,63.0,108.21,1.0,6,Jacob Misiorowski,0.0,The model opened at 4.0 with a 3.6 fantasy-point projection and a LESS recommendation at 63.0% confidence. This opening snapshot establishes the baseline for every later model run.,,,,,,,C,,,,,3.51,,0.9431,,,0.0,0.0,0.0,0.0,0.0,0.0,0.0,False,0.0,0.0,Model Initialized,Opening model run,,72,Major,🟣,The model opened at 4.0 with a 3.6 fantasy-point projection and a LESS recommendation at 63.0% confidence. This opening snapshot establishes the baseline for every later model run.,1,3.62,0.0,63.0,0.0,LESS,LESS → LESS,100,Opening model run,The recommendation stayed LESS. Projection is +0.0 fantasy points and confidence is +0.0 points versus the opening run. The largest driver today is opening model run.
2026-09-26T22:20:12-07:00,2026-09-27,,Oneil Cruz,PIT,PIT @ DET,1,LESS,4.5,3.92,61.0,145.36,1.01,4,River Ryan,0.0,The model opened at 4.5 with a 3.9 fantasy-point projection and a LESS recommendation at 61.0% confidence. This opening snapshot establishes the baseline for every later model run.,,,,,,,B,,,,,3.66,,0.9346,,,0.0,0.0,0.0,0.0,0.0,0.0,0.0,False,0.0,0.0,Model Initialized,Opening model run,,72,Major,🟣,The model opened at 4.5 with a 3.9 fantasy-point projection and a LESS recommendation at 61.0% confidence. This opening snapshot establishes the baseline for every later model run.,1,3.92,0.0,61.0,0.0,LESS,LESS → LESS,100,Opening model run,The recommendation stayed LESS. Projection is +0.0 fantasy points and confidence is +0.0 points versus the opening run. The largest driver today is opening model run.
2026-09-26T22:20:12-07:00,2026-09-27,,Osleivis Basabe,SF,LAD @ SF,1,MORE,2.5,4.3,63.0,108.96,1.025,7,TBD,0.0,The model opened at 2.5 with a 4.3 fantasy-point projection and a MORE recommendation at 63.0% confidence. This opening snapshot establishes the baseline for every later model run.,,,,,,,C,,,,,3.57,,0.8672,,,0.0,0.0,0.0,0.0,0.0,0.0,0.0,False,0.0,0.0,Model Initialized,Opening model run,,72,Major,🟣,The model opened at 2.5 with a 4.3 fantasy-point projection and a MORE recommendation at 63.0% confidence. This opening snapshot establishes the baseline for every later model run.,1,4.3,0.0,63.0,0.0,MORE,MORE → MORE,100,Opening model run,The recommendation stayed MORE. Projection is +0.0 fantasy points and confidence is +0.0 points versus the opening run. The largest driver today is opening model run.
2026-09-26T22:20:12-07:00,2026-09-27,,Otto Lopez,MIA,ATL @ MIA,1,MORE,3.5,5.48,58.9,173.93,1.0,1,JR Ritchie,0.0,The model opened at 3.5 with a 5.5 fantasy-point projection and a MORE recommendation at 58.9% confidence. This opening snapshot establishes the baseline for every later model run.,,,,,,,A-,,,,,3.62,,0.8643,,,0.0,0.0,0.0,0.0,0.0,0.0,0.0,False,0.0,0.0,Model Initialized,Opening model run,,72,Major,🟣,The model opened at 3.5 with a 5.5 fantasy-point projection and a MORE recommendation at 58.9% confidence. This opening snapshot establishes the baseline for every later model run.,1,5.48,0.0,58.9,0.0,MORE,MORE → MORE,100,Opening model run,The recommendation stayed MORE. Projection is +0.0 fantasy points and confidence is +0.0 points versus the opening run. The largest driver today is opening model run.
2026-09-26T22:20:12-07:00,2026-09-27,,Ozzie Albies,ATL,ATL @ MIA,1,LESS,4.5,3.8,61.0,117.38,1.0,6,Janson Junk,0.0,The model opened at 4.5 with a 3.8 fantasy-point projection and a LESS recommendation at 61.0% confidence. This opening snapshot establishes the baseline for every later model run.,,,,,,,C,,,,,4.1,,0.82,,,0.0,0.0,0.0,0.0,0.0,0.0,0.0,False,0.0,0.0,Model Initialized,Opening model run,,72,Major,🟣,The model opened at 4.5 with a 3.8 fantasy-point projection and a LESS recommendation at 61.0% confidence. This opening snapshot establishes the baseline for every later model run.,1,3.8,0.0,61.0,0.0,LESS,LESS → LESS,100,Opening model run,The recommendation stayed LESS. Projection is +0.0 fantasy points and confidence is +0.0 points versus the opening run. The largest driver today is opening model run.
2026-09-26T22:20:12-07:00,2026-09-27,,Patrick Bailey,CLE,CLE @ KC,1,LESS,3.5,3.11,64.8,103.32,1.0,8,Daniel Lynch IV,0.0,The model opened at 3.5 with a 3.1 fantasy-point projection and a LESS recommendation at 64.8% confidence. This opening snapshot establishes the baseline for every later model run.,,,,,,,D,,,,,4.79,,0.9381,,,0.0,0.0,0.0,0.0,0.0,0.0,0.0,False,0.0,0.0,Model Initialized,Opening model run,,72,Major,🟣,The model opened at 3.5 with a 3.1 fantasy-point projection and a LESS recommendation at 64.8% confidence. This opening snapshot establishes the baseline for every later model run.,1,3.11,0.0,64.8,0.0,LESS,LESS → LESS,100,Opening model run,The recommendation stayed LESS. Projection is +0.0 fantasy points and confidence is +0.0 points versus the opening run. The largest driver today is opening model run.
2026-09-26T22:20:12-07:00,2026-09-27,,Paul Goldschmidt,NYY,BAL @ NYY,1,MORE,3.5,5.65,61.7,150.58,1.02,1,Shane Baz,0.0,The model opened at 3.5 with a 5.7 fantasy-point projection and a MORE recommendation at 61.7% confidence. This opening snapshot establishes the baseline for every later model run.,,,,,,,B,,,,,4.08,,0.8727,,,0.0,0.0,0.0,0.0,0.0,0.0,0.0,False,0.0,0.0,Model Initialized,Opening model run,,72,Major,🟣,The model opened at 3.5 with a 5.7 fantasy-point projection and a MORE recommendation at 61.7% confidence. This opening snapshot establishes the baseline for every later model run.,1,5.65,0.0,61.7,0.0,MORE,MORE → MORE,100,Opening model run,The recommendation stayed MORE. Projection is +0.0 fantasy points and confidence is +0.0 points versus the opening run. The largest driver today is opening model run.
2026-09-26T22:20:12-07:00,2026-09-27,,Pavin Smith,ARI,ARI @ SD,1,MORE,3.0,4.85,59.2,125.28,1.03,8,TBD,0.0,The model opened at 3.0 with a 4.8 fantasy-point projection and a MORE recommendation at 59.2% confidence. This opening snapshot establishes the baseline for every later model run.,,,,,,,C+,,,,,3.99,,1.067,,,0.0,0.0,0.0,0.0,0.0,0.0,0.0,False,0.0,0.0,Model Initialized,Opening model run,,72,Major,🟣,The model opened at 3.0 with a 4.8 fantasy-point projection and a MORE recommendation at 59.2% confidence. This opening snapshot establishes the baseline for every later model run.,1,4.85,0.0,59.2,0.0,MORE,MORE → MORE,100,Opening model run,The recommendation stayed MORE. Projection is +0.0 fantasy points and confidence is +0.0 points versus the opening run. The largest driver today is opening model run.
2026-09-26T22:20:12-07:00,2026-09-27,,Pedro Pagés,STL,STL @ MIL,1,LESS,3.0,2.59,67.3,71.93,1.0,8,Jacob Misiorowski,0.0,The model opened at 3.0 with a 2.6 fantasy-point projection and a LESS recommendation at 67.3% confidence. This opening snapshot establishes the baseline for every later model run.,,,,,,,F,,,,,3.51,,0.82,,,0.0,0.0,0.0,0.0,0.0,0.0,0.0,False,0.0,0.0,Model Initialized,Opening model run,,72,Major,🟣,The model opened at 3.0 with a 2.6 fantasy-point projection and a LESS recommendation at 67.3% confidence. This opening snapshot establishes the baseline for every later model run.,1,2.59,0.0,67.3,0.0,LESS,LESS → LESS,100,Opening model run,The recommendation stayed LESS. Projection is +0.0 fantasy points and confidence is +0.0 points versus the opening run. The largest driver today is opening model run.
2026-09-26T22:20:12-07:00,2026-09-27,,Pedro Ramírez,CHC,CHC @ BOS,1,LESS,4.5,4.04,59.3,129.23,1.0,7,TBD,0.0,The model opened at 4.5 with a 4.0 fantasy-point projection and a LESS recommendation at 59.3% confidence. This opening snapshot establishes the baseline for every later model run.,,,,,,,C+,,,,,3.52,,0.8538,,,0.0,0.0,0.0,0.0,0.0,0.0,0.0,False,0.0,0.0,Model Initialized,Opening model run,,72,Major,🟣,The model opened at 4.5 with a 4.0 fantasy-point projection and a LESS recommendation at 59.3% confidence. This opening snapshot establishes the baseline for every later model run.,1,4.04,0.0,59.3,0.0,LESS,LESS → LESS,100,Opening model run,The recommendation stayed LESS. Projection is +0.0 fantasy points and confidence is +0.0 points versus the opening run. The largest driver today is opening model run.
2026-09-26T22:20:12-07:00,2026-09-27,,Pete Alonso,BAL,BAL @ NYY,1,MORE,6.0,9.83,60.9,258.6,1.02,2,Elmer Rodríguez,0.0,The model opened at 6.0 with a 9.8 fantasy-point projection and a MORE recommendation at 60.9% confidence. This opening snapshot establishes the baseline for every later model run.,,,,,,,A+,,,,,3.24,,1.1467,,,0.0,0.0,0.0,0.0,0.0,0.0,0.0,False,0.0,0.0,Model Initialized,Opening model run,,72,Major,🟣,The model opened at 6.0 with a 9.8 fantasy-point projection and a MORE recommendation at 60.9% confidence. This opening snapshot establishes the baseline for every later model run.,1,9.83,0.0,60.9,0.0,MORE,MORE → MORE,100,Opening model run,The recommendation stayed MORE. Projection is +0.0 fantasy points and confidence is +0.0 points versus the opening run. The largest driver today is opening model run.
2026-09-26T22:20:12-07:00,2026-09-27,,Pete Crow-Armstrong,CHC,CHC @ BOS,1,MORE,4.0,8.4,68.1,229.75,1.0,1,TBD,0.0,The model opened at 4.0 with a 8.4 fantasy-point projection and a MORE recommendation at 68.1% confidence. This opening snapshot establishes the baseline for every later model run.,,,,,,,A+,,,,,3.52,,1.0568,,,0.0,0.0,0.0,0.0,0.0,0.0,0.0,False,0.0,0.0,Model Initialized,Opening model run,,72,Major,🟣,The model opened at 4.0 with a 8.4 fantasy-point projection and a MORE recommendation at 68.1% confidence. This opening snapshot establishes the baseline for every later model run.,1,8.4,0.0,68.1,0.0,MORE,MORE → MORE,100,Opening model run,The recommendation stayed MORE. Projection is +0.0 fantasy points and confidence is +0.0 points versus the opening run. The largest driver today is opening model run.
2026-09-26T22:20:12-07:00,2026-09-27,,Petey Halpin,CLE,CLE @ KC,1,LESS,4.5,3.79,61.4,101.51,1.0,8,Daniel Lynch IV,0.0,The model opened at 4.5 with a 3.8 fantasy-point projection and a LESS recommendation at 61.4% confidence. This opening snapshot establishes the baseline for every later model run.,,,,,,,D,,,,,4.79,,0.8299,,,0.0,0.0,0.0,0.0,0.0,0.0,0.0,False,0.0,0.0,Model Initialized,Opening model run,,72,Major,🟣,The model opened at 4.5 with a 3.8 fantasy-point projection and a LESS recommendation at 61.4% confidence. This opening snapshot establishes the baseline for every later model run.,1,3.79,0.0,61.4,0.0,LESS,LESS → LESS,100,Opening model run,The recommendation stayed LESS. Projection is +0.0 fantasy points and confidence is +0.0 points versus the opening run. The largest driver today is opening model run.
2026-09-26T22:20:12-07:00,2026-09-27,,Rafael Flores Jr.,PIT,PIT @ DET,1,LESS,4.0,3.51,64.6,125.47,1.01,7,River Ryan,0.0,The model opened at 4.0 with a 3.5 fantasy-point projection and a LESS recommendation at 64.6% confidence. This opening snapshot establishes the baseline for every later model run.,,,,,,,C+,,,,,3.66,,1.0027,,,0.0,0.0,0.0,0.0,0.0,0.0,0.0,False,0.0,0.0,Model Initialized,Opening model run,,72,Major,🟣,The model opened at 4.0 with a 3.5 fantasy-point projection and a LESS recommendation at 64.6% confidence. This opening snapshot establishes the baseline for every later model run.,1,3.51,0.0,64.6,0.0,LESS,LESS → LESS,100,Opening model run,The recommendation stayed LESS. Projection is +0.0 fantasy points and confidence is +0.0 points versus the opening run. The largest driver today is opening model run.
2026-09-26T22:20:12-07:00,2026-09-27,,Randal Grichuk,CWS,COL @ CWS,1,MORE,4.0,7.54,63.1,201.89,1.0,3,Kyle Freeland,0.0,The model opened at 4.0 with a 7.5 fantasy-point projection and a MORE recommendation at 63.1% confidence. This opening snapshot establishes the baseline for every later model run.,,,,,,,A,,,,,5.6,,0.9964,,,0.0,0.0,0.0,0.0,0.0,0.0,0.0,False,0.0,0.0,Model Initialized,Opening model run,,72,Major,🟣,The model opened at 4.0 with a 7.5 fantasy-point projection and a MORE recommendation at 63.1% confidence. This opening snapshot establishes the baseline for every later model run.,1,7.54,0.0,63.1,0.0,MORE,MORE → MORE,100,Opening model run,The recommendation stayed MORE. Projection is +0.0 fantasy points and confidence is +0.0 points versus the opening run. The largest driver today is opening model run.
2026-09-26T22:20:12-07:00,2026-09-27,,Randy Arozarena,SEA,LAA @ SEA,1,MORE,4.5,6.88,61.9,215.03,1.0,2,Yusei Kikuchi,0.0,The model opened at 4.5 with a 6.9 fantasy-point projection and a MORE recommendation at 61.9% confidence. This opening snapshot establishes the baseline for every later model run.,,,,,,,A+,,,,,4.29,,0.8956,,,0.0,0.0,0.0,0.0,0.0,0.0,0.0,False,0.0,0.0,Model Initialized,Opening model run,,72,Major,🟣,The model opened at 4.5 with a 6.9 fantasy-point projection and a MORE recommendation at 61.9% confidence. This opening snapshot establishes the baseline for every later model run.,1,6.88,0.0,61.9,0.0,MORE,MORE → MORE,100,Opening model run,The recommendation stayed MORE. Projection is +0.0 fantasy points and confidence is +0.0 points versus the opening run. The largest driver today is opening model run.
2026-09-26T22:20:12-07:00,2026-09-27,,Rece Hinds,BAL,BAL @ NYY,1,MORE,2.5,4.5,65.8,113.38,1.02,6,Elmer Rodríguez,0.0,The model opened at 2.5 with a 4.5 fantasy-point projection and a MORE recommendation at 65.8% confidence. This opening snapshot establishes the baseline for every later model run.,,,,,,,C,,,,,3.24,,0.8343,,,0.0,0.0,0.0,0.0,0.0,0.0,0.0,False,0.0,0.0,Model Initialized,Opening model run,,72,Major,🟣,The model opened at 2.5 with a 4.5 fantasy-point projection and a MORE recommendation at 65.8% confidence. This opening snapshot establishes the baseline for every later model run.,1,4.5,0.0,65.8,0.0,MORE,MORE → MORE,100,Opening model run,The recommendation stayed MORE. Projection is +0.0 fantasy points and confidence is +0.0 points versus the opening run. The largest driver today is opening model run.
2026-09-26T22:20:12-07:00,2026-09-27,,Richie Palacios,TB,TB @ PHI,1,LESS,3.5,2.79,70.7,116.82,1.035,6,Zack Wheeler,0.0,The model opened at 3.5 with a 2.8 fantasy-point projection and a LESS recommendation at 70.7% confidence. This opening snapshot establishes the baseline for every later model run.,,,,,,,C,,,,,4.05,,0.8687,,,0.0,0.0,0.0,0.0,0.0,0.0,0.0,False,0.0,0.0,Model Initialized,Opening model run,,72,Major,🟣,The model opened at 3.5 with a 2.8 fantasy-point projection and a LESS recommendation at 70.7% confidence. This opening snapshot establishes the baseline for every later model run.,1,2.79,0.0,70.7,0.0,LESS,LESS → LESS,100,Opening model run,The recommendation stayed LESS. Projection is +0.0 fantasy points and confidence is +0.0 points versus the opening run. The largest driver today is opening model run.
2026-09-26T22:20:12-07:00,2026-09-27,,Riley Greene,DET,PIT @ DET,1,MORE,2.5,5.06,63.7,162.5,1.01,4,Jared Jones,0.0,The model opened at 2.5 with a 5.1 fantasy-point projection and a MORE recommendation at 63.7% confidence. This opening snapshot establishes the baseline for every later model run.,,,,,,,B+,,,,,4.17,,0.9197,,,0.0,0.0,0.0,0.0,0.0,0.0,0.0,False,0.0,0.0,Model Initialized,Opening model run,,72,Major,🟣,The model opened at 2.5 with a 5.1 fantasy-point projection and a MORE recommendation at 63.7% confidence. This opening snapshot establishes the baseline for every later model run.,1,5.06,0.0,63.7,0.0,MORE,MORE → MORE,100,Opening model run,The recommendation stayed MORE. Projection is +0.0 fantasy points and confidence is +0.0 points versus the opening run. The largest driver today is opening model run.
2026-09-26T22:20:12-07:00,2026-09-27,,Roman Anthony,BOS,CHC @ BOS,1,MORE,4.0,6.47,62.4,179.31,1.0,1,TBD,0.0,The model opened at 4.0 with a 6.5 fantasy-point projection and a MORE recommendation at 62.4% confidence. This opening snapshot establishes the baseline for every later model run.,,,,,,,A-,,,,,4.13,,1.0195,,,0.0,0.0,0.0,0.0,0.0,0.0,0.0,False,0.0,0.0,Model Initialized,Opening model run,,72,Major,🟣,The model opened at 4.0 with a 6.5 fantasy-point projection and a MORE recommendation at 62.4% confidence. This opening snapshot establishes the baseline for every later model run.,1,6.47,0.0,62.4,0.0,MORE,MORE → MORE,100,Opening model run,The recommendation stayed MORE. Projection is +0.0 fantasy points and confidence is +0.0 points versus the opening run. The largest driver today is opening model run.
2026-09-26T22:20:12-07:00,2026-09-27,,Ronald Acuña Jr.,ATL,ATL @ MIA,1,LESS,6.0,5.62,63.0,172.79,1.0,2,Janson Junk,0.0,The model opened at 6.0 with a 5.6 fantasy-point projection and a LESS recommendation at 63.0% confidence. This opening snapshot establishes the baseline for every later model run.,,,,,,,B+,,,,,4.1,,0.9472,,,0.0,0.0,0.0,0.0,0.0,0.0,0.0,False,0.0,0.0,Model Initialized,Opening model run,,72,Major,🟣,The model opened at 6.0 with a 5.6 fantasy-point projection and a LESS recommendation at 63.0% confidence. This opening snapshot establishes the baseline for every later model run.,1,5.62,0.0,63.0,0.0,LESS,LESS → LESS,100,Opening model run,The recommendation stayed LESS. Projection is +0.0 fantasy points and confidence is +0.0 points versus the opening run. The largest driver today is opening model run.
2026-09-26T22:20:12-07:00,2026-09-27,,Ronny Mauricio,NYM,NYM @ WSH,1,MORE,4.5,7.5,64.1,177.7,1.01,9,DJ Herz,0.0,The model opened at 4.5 with a 7.5 fantasy-point projection and a MORE recommendation at 64.1% confidence. This opening snapshot establishes the baseline for every later model run.,,,,,,,A-,,,,,4.67,,0.82,,,0.0,0.0,0.0,0.0,0.0,0.0,0.0,False,0.0,0.0,Model Initialized,Opening model run,,72,Major,🟣,The model opened at 4.5 with a 7.5 fantasy-point projection and a MORE recommendation at 64.1% confidence. This opening snapshot establishes the baseline for every later model run.,1,7.5,0.0,64.1,0.0,MORE,MORE → MORE,100,Opening model run,The recommendation stayed MORE. Projection is +0.0 fantasy points and confidence is +0.0 points versus the opening run. The largest driver today is opening model run.
2026-09-26T22:20:12-07:00,2026-09-27,,Ronny Simon,PIT,PIT @ DET,1,LESS,3.0,2.7,65.9,99.59,1.01,7,River Ryan,0.0,The model opened at 3.0 with a 2.7 fantasy-point projection and a LESS recommendation at 65.9% confidence. This opening snapshot establishes the baseline for every later model run.,,,,,,,D,,,,,3.66,,0.82,,,0.0,0.0,0.0,0.0,0.0,0.0,0.0,False,0.0,0.0,Model Initialized,Opening model run,,72,Major,🟣,The model opened at 3.0 with a 2.7 fantasy-point projection and a LESS recommendation at 65.9% confidence. This opening snapshot establishes the baseline for every later model run.,1,2.7,0.0,65.9,0.0,LESS,LESS → LESS,100,Opening model run,The recommendation stayed LESS. Projection is +0.0 fantasy points and confidence is +0.0 points versus the opening run. The largest driver today is opening model run.
2026-09-26T22:20:12-07:00,2026-09-27,,Royce Lewis,MIN,TEX @ MIN,1,LESS,4.5,4.12,58.5,121.2,1.01,7,MacKenzie Gore,0.0,The model opened at 4.5 with a 4.1 fantasy-point projection and a LESS recommendation at 58.5% confidence. This opening snapshot establishes the baseline for every later model run.,,,,,,,C+,,,,,4.3,,0.943,,,0.0,0.0,0.0,0.0,0.0,0.0,0.0,False,0.0,0.0,Model Initialized,Opening model run,,72,Major,🟣,The model opened at 4.5 with a 4.1 fantasy-point projection and a LESS recommendation at 58.5% confidence. This opening snapshot establishes the baseline for every later model run.,1,4.12,0.0,58.5,0.0,LESS,LESS → LESS,100,Opening model run,The recommendation stayed LESS. Projection is +0.0 fantasy points and confidence is +0.0 points versus the opening run. The largest driver today is opening model run.
2026-09-26T22:20:12-07:00,2026-09-27,,Ryan Jeffers,MIN,TEX @ MIN,1,LESS,4.0,3.35,65.8,119.24,1.01,5,MacKenzie Gore,0.0,The model opened at 4.0 with a 3.4 fantasy-point projection and a LESS recommendation at 65.8% confidence. This opening snapshot establishes the baseline for every later model run.,,,,,,,C,,,,,4.3,,0.8723,,,0.0,0.0,0.0,0.0,0.0,0.0,0.0,False,0.0,0.0,Model Initialized,Opening model run,,72,Major,🟣,The model opened at 4.0 with a 3.4 fantasy-point projection and a LESS recommendation at 65.8% confidence. This opening snapshot establishes the baseline for every later model run.,1,3.35,0.0,65.8,0.0,LESS,LESS → LESS,100,Opening model run,The recommendation stayed LESS. Projection is +0.0 fantasy points and confidence is +0.0 points versus the opening run. The largest driver today is opening model run.
2026-09-26T22:20:12-07:00,2026-09-27,,Ryan Kreidler,MIN,TEX @ MIN,1,LESS,4.0,3.61,62.9,103.29,1.01,9,MacKenzie Gore,0.0,The model opened at 4.0 with a 3.6 fantasy-point projection and a LESS recommendation at 62.9% confidence. This opening snapshot establishes the baseline for every later model run.,,,,,,,D,,,,,4.3,,0.8306,,,0.0,0.0,0.0,0.0,0.0,0.0,0.0,False,0.0,0.0,Model Initialized,Opening model run,,72,Major,🟣,The model opened at 4.0 with a 3.6 fantasy-point projection and a LESS recommendation at 62.9% confidence. This opening snapshot establishes the baseline for every later model run.,1,3.61,0.0,62.9,0.0,LESS,LESS → LESS,100,Opening model run,The recommendation stayed LESS. Projection is +0.0 fantasy points and confidence is +0.0 points versus the opening run. The largest driver today is opening model run.
2026-09-26T22:20:12-07:00,2026-09-27,,Ryan McMahon,NYY,BAL @ NYY,1,MORE,2.5,4.53,67.6,124.41,1.02,9,Shane Baz,0.0,The model opened at 2.5 with a 4.5 fantasy-point projection and a MORE recommendation at 67.6% confidence. This opening snapshot establishes the baseline for every later model run.,,,,,,,C+,,,,,4.08,,0.848,,,0.0,0.0,0.0,0.0,0.0,0.0,0.0,False,0.0,0.0,Model Initialized,Opening model run,,72,Major,🟣,The model opened at 2.5 with a 4.5 fantasy-point projection and a MORE recommendation at 67.6% confidence. This opening snapshot establishes the baseline for every later model run.,1,4.53,0.0,67.6,0.0,MORE,MORE → MORE,100,Opening model run,The recommendation stayed MORE. Projection is +0.0 fantasy points and confidence is +0.0 points versus the opening run. The largest driver today is opening model run.
2026-09-26T22:20:12-07:00,2026-09-27,,Ryan O'Hearn,PIT,PIT @ DET,1,LESS,3.5,2.86,65.1,105.33,1.01,6,River Ryan,0.0,The model opened at 3.5 with a 2.9 fantasy-point projection and a LESS recommendation at 65.1% confidence. This opening snapshot establishes the baseline for every later model run.,,,,,,,D,,,,,3.66,,0.8233,,,0.0,0.0,0.0,0.0,0.0,0.0,0.0,False,0.0,0.0,Model Initialized,Opening model run,,72,Major,🟣,The model opened at 3.5 with a 2.9 fantasy-point projection and a LESS recommendation at 65.1% confidence. This opening snapshot establishes the baseline for every later model run.,1,2.86,0.0,65.1,0.0,LESS,LESS → LESS,100,Opening model run,The recommendation stayed LESS. Projection is +0.0 fantasy points and confidence is +0.0 points versus the opening run. The largest driver today is opening model run.
2026-09-26T22:20:12-07:00,2026-09-27,,Ryan Vilade,TB,TB @ PHI,1,LESS,4.0,3.5,64.3,112.15,1.035,2,Zack Wheeler,0.0,The model opened at 4.0 with a 3.5 fantasy-point projection and a LESS recommendation at 64.3% confidence. This opening snapshot establishes the baseline for every later model run.,,,,,,,C,,,,,4.05,,0.9649,,,0.0,0.0,0.0,0.0,0.0,0.0,0.0,False,0.0,0.0,Model Initialized,Opening model run,,72,Major,🟣,The model opened at 4.0 with a 3.5 fantasy-point projection and a LESS recommendation at 64.3% confidence. This opening snapshot establishes the baseline for every later model run.,1,3.5,0.0,64.3,0.0,LESS,LESS → LESS,100,Opening model run,The recommendation stayed LESS. Projection is +0.0 fantasy points and confidence is +0.0 points versus the opening run. The largest driver today is opening model run.
2026-09-26T22:20:12-07:00,2026-09-27,,Sal Frelick,MIL,STL @ MIL,1,LESS,3.0,2.71,64.7,81.52,1.0,8,Andre Pallante,0.0,The model opened at 3.0 with a 2.7 fantasy-point projection and a LESS recommendation at 64.7% confidence. This opening snapshot establishes the baseline for every later model run.,,,,,,,F,,,,,4.25,,0.82,,,0.0,0.0,0.0,0.0,0.0,0.0,0.0,False,0.0,0.0,Model Initialized,Opening model run,,72,Major,🟣,The model opened at 3.0 with a 2.7 fantasy-point projection and a LESS recommendation at 64.7% confidence. This opening snapshot establishes the baseline for every later model run.,1,2.71,0.0,64.7,0.0,LESS,LESS → LESS,100,Opening model run,The recommendation stayed LESS. Projection is +0.0 fantasy points and confidence is +0.0 points versus the opening run. The largest driver today is opening model run.
2026-09-26T22:20:12-07:00,2026-09-27,,Sal Stewart,CIN,CIN @ TOR,1,MORE,4.5,6.81,58.9,183.89,1.0,3,Max Scherzer,0.0,The model opened at 4.5 with a 6.8 fantasy-point projection and a MORE recommendation at 58.9% confidence. This opening snapshot establishes the baseline for every later model run.,,,,,,,A-,,,,,3.91,,0.9694,,,0.0,0.0,0.0,0.0,0.0,0.0,0.0,False,0.0,0.0,Model Initialized,Opening model run,,72,Major,🟣,The model opened at 4.5 with a 6.8 fantasy-point projection and a MORE recommendation at 58.9% confidence. This opening snapshot establishes the baseline for every later model run.,1,6.81,0.0,58.9,0.0,MORE,MORE → MORE,100,Opening model run,The recommendation stayed MORE. Projection is +0.0 fantasy points and confidence is +0.0 points versus the opening run. The largest driver today is opening model run.
2026-09-26T22:20:12-07:00,2026-09-27,,Salvador Perez,KC,CLE @ KC,1,MORE,2.5,4.43,62.0,133.16,1.0,4,Parker Messick,0.0,The model opened at 2.5 with a 4.4 fantasy-point projection and a MORE recommendation at 62.0% confidence. This opening snapshot establishes the baseline for every later model run.,,,,,,,B-,,,,,3.77,,0.9249,,,0.0,0.0,0.0,0.0,0.0,0.0,0.0,False,0.0,0.0,Model Initialized,Opening model run,,72,Major,🟣,The model opened at 2.5 with a 4.4 fantasy-point projection and a MORE recommendation at 62.0% confidence. This opening snapshot establishes the baseline for every later model run.,1,4.43,0.0,62.0,0.0,MORE,MORE → MORE,100,Opening model run,The recommendation stayed MORE. Projection is +0.0 fantasy points and confidence is +0.0 points versus the opening run. The largest driver today is opening model run.
2026-09-26T22:20:12-07:00,2026-09-27,,Sam Antonacci,CWS,COL @ CWS,1,MORE,5.0,6.47,58.6,187.37,1.0,1,Kyle Freeland,0.0,The model opened at 5.0 with a 6.5 fantasy-point projection and a MORE recommendation at 58.6% confidence. This opening snapshot establishes the baseline for every later model run.,,,,,,,A,,,,,5.6,,0.8298,,,0.0,0.0,0.0,0.0,0.0,0.0,0.0,False,0.0,0.0,Model Initialized,Opening model run,,72,Major,🟣,The model opened at 5.0 with a 6.5 fantasy-point projection and a MORE recommendation at 58.6% confidence. This opening snapshot establishes the baseline for every later model run.,1,6.47,0.0,58.6,0.0,MORE,MORE → MORE,100,Opening model run,The recommendation stayed MORE. Projection is +0.0 fantasy points and confidence is +0.0 points versus the opening run. The largest driver today is opening model run.
2026-09-26T22:20:12-07:00,2026-09-27,,Samad Taylor,SD,ARI @ SD,1,LESS,3.5,3.1,62.1,117.05,1.03,8,Michael Soroka,0.0,The model opened at 3.5 with a 3.1 fantasy-point projection and a LESS recommendation at 62.1% confidence. This opening snapshot establishes the baseline for every later model run.,,,,,,,C,,,,,4.14,,0.82,,,0.0,0.0,0.0,0.0,0.0,0.0,0.0,False,0.0,0.0,Model Initialized,Opening model run,,72,Major,🟣,The model opened at 3.5 with a 3.1 fantasy-point projection and a LESS recommendation at 62.1% confidence. This opening snapshot establishes the baseline for every later model run.,1,3.1,0.0,62.1,0.0,LESS,LESS → LESS,100,Opening model run,The recommendation stayed LESS. Projection is +0.0 fantasy points and confidence is +0.0 points versus the opening run. The largest driver today is opening model run.
2026-09-26T22:20:12-07:00,2026-09-27,,Scott Bandura,SF,LAD @ SF,1,LESS,3.5,2.94,64.3,77.25,1.025,8,TBD,0.0,The model opened at 3.5 with a 2.9 fantasy-point projection and a LESS recommendation at 64.3% confidence. This opening snapshot establishes the baseline for every later model run.,,,,,,,F,,,,,3.57,,0.82,,,0.0,0.0,0.0,0.0,0.0,0.0,0.0,False,0.0,0.0,Model Initialized,Opening model run,,72,Major,🟣,The model opened at 3.5 with a 2.9 fantasy-point projection and a LESS recommendation at 64.3% confidence. This opening snapshot establishes the baseline for every later model run.,1,2.94,0.0,64.3,0.0,LESS,LESS → LESS,100,Opening model run,The recommendation stayed LESS. Projection is +0.0 fantasy points and confidence is +0.0 points versus the opening run. The largest driver today is opening model run.
2026-09-26T22:20:12-07:00,2026-09-27,,Sean Keys,TOR,CIN @ TOR,1,LESS,4.5,4.08,61.1,117.07,1.0,5,Brandon Williamson,0.0,The model opened at 4.5 with a 4.1 fantasy-point projection and a LESS recommendation at 61.1% confidence. This opening snapshot establishes the baseline for every later model run.,,,,,,,C,,,,,4.83,,0.8845,,,0.0,0.0,0.0,0.0,0.0,0.0,0.0,False,0.0,0.0,Model Initialized,Opening model run,,72,Major,🟣,The model opened at 4.5 with a 4.1 fantasy-point projection and a LESS recommendation at 61.1% confidence. This opening snapshot establishes the baseline for every later model run.,1,4.08,0.0,61.1,0.0,LESS,LESS → LESS,100,Opening model run,The recommendation stayed LESS. Projection is +0.0 fantasy points and confidence is +0.0 points versus the opening run. The largest driver today is opening model run.
2026-09-26T22:20:12-07:00,2026-09-27,,Sean Murphy,ATL,ATL @ MIA,1,LESS,3.5,2.76,66.4,88.42,1.0,9,Janson Junk,0.0,The model opened at 3.5 with a 2.8 fantasy-point projection and a LESS recommendation at 66.4% confidence. This opening snapshot establishes the baseline for every later model run.,,,,,,,F,,,,,4.1,,0.874,,,0.0,0.0,0.0,0.0,0.0,0.0,0.0,False,0.0,0.0,Model Initialized,Opening model run,,72,Major,🟣,The model opened at 3.5 with a 2.8 fantasy-point projection and a LESS recommendation at 66.4% confidence. This opening snapshot establishes the baseline for every later model run.,1,2.76,0.0,66.4,0.0,LESS,LESS → LESS,100,Opening model run,The recommendation stayed LESS. Projection is +0.0 fantasy points and confidence is +0.0 points versus the opening run. The largest driver today is opening model run.
2026-09-26T22:20:12-07:00,2026-09-27,,Seiya Suzuki,CHC,CHC @ BOS,1,MORE,3.5,5.74,59.4,170.05,1.0,2,TBD,0.0,The model opened at 3.5 with a 5.7 fantasy-point projection and a MORE recommendation at 59.4% confidence. This opening snapshot establishes the baseline for every later model run.,,,,,,,B+,,,,,3.52,,0.8991,,,0.0,0.0,0.0,0.0,0.0,0.0,0.0,False,0.0,0.0,Model Initialized,Opening model run,,72,Major,🟣,The model opened at 3.5 with a 5.7 fantasy-point projection and a MORE recommendation at 59.4% confidence. This opening snapshot establishes the baseline for every later model run.,1,5.74,0.0,59.4,0.0,MORE,MORE → MORE,100,Opening model run,The recommendation stayed MORE. Projection is +0.0 fantasy points and confidence is +0.0 points versus the opening run. The largest driver today is opening model run.
2026-09-26T22:20:12-07:00,2026-09-27,,Shay Whitcomb,SF,LAD @ SF,1,LESS,4.0,3.3,64.2,103.02,1.025,7,TBD,0.0,The model opened at 4.0 with a 3.3 fantasy-point projection and a LESS recommendation at 64.2% confidence. This opening snapshot establishes the baseline for every later model run.,,,,,,,D,,,,,3.57,,0.82,,,0.0,0.0,0.0,0.0,0.0,0.0,0.0,False,0.0,0.0,Model Initialized,Opening model run,,72,Major,🟣,The model opened at 4.0 with a 3.3 fantasy-point projection and a LESS recommendation at 64.2% confidence. This opening snapshot establishes the baseline for every later model run.,1,3.3,0.0,64.2,0.0,LESS,LESS → LESS,100,Opening model run,The recommendation stayed LESS. Projection is +0.0 fantasy points and confidence is +0.0 points versus the opening run. The largest driver today is opening model run.
2026-09-26T22:20:12-07:00,2026-09-27,,Shea Langeliers,ATH,HOU @ ATH,1,MORE,3.0,5.34,68.0,154.62,1.0,3,TBD,0.0,The model opened at 3.0 with a 5.3 fantasy-point projection and a MORE recommendation at 68.0% confidence. This opening snapshot establishes the baseline for every later model run.,,,,,,,B,,,,,4.49,,0.83,,,0.0,0.0,0.0,0.0,0.0,0.0,0.0,False,0.0,0.0,Model Initialized,Opening model run,,72,Major,🟣,The model opened at 3.0 with a 5.3 fantasy-point projection and a MORE recommendation at 68.0% confidence. This opening snapshot establishes the baseline for every later model run.,1,5.34,0.0,68.0,0.0,MORE,MORE → MORE,100,Opening model run,The recommendation stayed MORE. Projection is +0.0 fantasy points and confidence is +0.0 points versus the opening run. The largest driver today is opening model run.
2026-09-26T22:20:12-07:00,2026-09-27,,Shohei Ohtani,LAD,LAD @ SF,1,MORE,4.0,6.61,60.4,184.99,1.025,2,Carson Seymour,0.0,The model opened at 4.0 with a 6.6 fantasy-point projection and a MORE recommendation at 60.4% confidence. This opening snapshot establishes the baseline for every later model run.,,,,,,,A-,,,,,4.34,,1.0421,,,0.0,0.0,0.0,0.0,0.0,0.0,0.0,False,0.0,0.0,Model Initialized,Opening model run,,72,Major,🟣,The model opened at 4.0 with a 6.6 fantasy-point projection and a MORE recommendation at 60.4% confidence. This opening snapshot establishes the baseline for every later model run.,1,6.61,0.0,60.4,0.0,MORE,MORE → MORE,100,Opening model run,The recommendation stayed MORE. Projection is +0.0 fantasy points and confidence is +0.0 points versus the opening run. The largest driver today is opening model run.
2026-09-26T22:20:12-07:00,2026-09-27,,Spencer Horwitz,PIT,PIT @ DET,1,LESS,3.0,2.47,67.3,90.55,1.01,8,River Ryan,0.0,The model opened at 3.0 with a 2.5 fantasy-point projection and a LESS recommendation at 67.3% confidence. This opening snapshot establishes the baseline for every later model run.,,,,,,,F,,,,,3.66,,0.82,,,0.0,0.0,0.0,0.0,0.0,0.0,0.0,False,0.0,0.0,Model Initialized,Opening model run,,72,Major,🟣,The model opened at 3.0 with a 2.5 fantasy-point projection and a LESS recommendation at 67.3% confidence. This opening snapshot establishes the baseline for every later model run.,1,2.47,0.0,67.3,0.0,LESS,LESS → LESS,100,Opening model run,The recommendation stayed LESS. Projection is +0.0 fantasy points and confidence is +0.0 points versus the opening run. The largest driver today is opening model run.
2026-09-26T22:20:12-07:00,2026-09-27,,Spencer Jones,NYY,BAL @ NYY,1,MORE,3.0,4.72,58.2,148.72,1.02,5,Shane Baz,0.0,The model opened at 3.0 with a 4.7 fantasy-point projection and a MORE recommendation at 58.2% confidence. This opening snapshot establishes the baseline for every later model run.,,,,,,,B,,,,,4.08,,1.0675,,,0.0,0.0,0.0,0.0,0.0,0.0,0.0,False,0.0,0.0,Model Initialized,Opening model run,,72,Major,🟣,The model opened at 3.0 with a 4.7 fantasy-point projection and a MORE recommendation at 58.2% confidence. This opening snapshot establishes the baseline for every later model run.,1,4.72,0.0,58.2,0.0,MORE,MORE → MORE,100,Opening model run,The recommendation stayed MORE. Projection is +0.0 fantasy points and confidence is +0.0 points versus the opening run. The largest driver today is opening model run.
2026-09-26T22:20:12-07:00,2026-09-27,,Spencer Torkelson,DET,PIT @ DET,1,LESS,5.0,4.6,66.0,150.16,1.01,7,Jared Jones,0.0,The model opened at 5.0 with a 4.6 fantasy-point projection and a LESS recommendation at 66.0% confidence. This opening snapshot establishes the baseline for every later model run.,,,,,,,B,,,,,4.17,,0.9201,,,0.0,0.0,0.0,0.0,0.0,0.0,0.0,False,0.0,0.0,Model Initialized,Opening model run,,72,Major,🟣,The model opened at 5.0 with a 4.6 fantasy-point projection and a LESS recommendation at 66.0% confidence. This opening snapshot establishes the baseline for every later model run.,1,4.6,0.0,66.0,0.0,LESS,LESS → LESS,100,Opening model run,The recommendation stayed LESS. Projection is +0.0 fantasy points and confidence is +0.0 points versus the opening run. The largest driver today is opening model run.
2026-09-26T22:20:12-07:00,2026-09-27,,Steven Kwan,CLE,CLE @ KC,1,MORE,4.0,5.69,58.7,169.0,1.0,1,Daniel Lynch IV,0.0,The model opened at 4.0 with a 5.7 fantasy-point projection and a MORE recommendation at 58.7% confidence. This opening snapshot establishes the baseline for every later model run.,,,,,,,B+,,,,,4.79,,0.82,,,0.0,0.0,0.0,0.0,0.0,0.0,0.0,False,0.0,0.0,Model Initialized,Opening model run,,72,Major,🟣,The model opened at 4.0 with a 5.7 fantasy-point projection and a MORE recommendation at 58.7% confidence. This opening snapshot establishes the baseline for every later model run.,1,5.69,0.0,58.7,0.0,MORE,MORE → MORE,100,Opening model run,The recommendation stayed MORE. Projection is +0.0 fantasy points and confidence is +0.0 points versus the opening run. The largest driver today is opening model run.
2026-09-26T22:20:12-07:00,2026-09-27,,TJ Rumfield,COL,COL @ CWS,1,MORE,4.0,5.78,62.4,170.95,1.0,4,Anthony Kay,0.0,The model opened at 4.0 with a 5.8 fantasy-point projection and a MORE recommendation at 62.4% confidence. This opening snapshot establishes the baseline for every later model run.,,,,,,,B+,,,,,4.14,,0.8208,,,0.0,0.0,0.0,0.0,0.0,0.0,0.0,False,0.0,0.0,Model Initialized,Opening model run,,72,Major,🟣,The model opened at 4.0 with a 5.8 fantasy-point projection and a MORE recommendation at 62.4% confidence. This opening snapshot establishes the baseline for every later model run.,1,5.78,0.0,62.4,0.0,MORE,MORE → MORE,100,Opening model run,The recommendation stayed MORE. Projection is +0.0 fantasy points and confidence is +0.0 points versus the opening run. The largest driver today is opening model run.
2026-09-26T22:20:12-07:00,2026-09-27,,Taylor Trammell,HOU,HOU @ ATH,1,LESS,4.5,3.96,61.4,110.0,1.0,9,TBD,0.0,The model opened at 4.5 with a 4.0 fantasy-point projection and a LESS recommendation at 61.4% confidence. This opening snapshot establishes the baseline for every later model run.,,,,,,,C,,,,,5.48,,0.833,,,0.0,0.0,0.0,0.0,0.0,0.0,0.0,False,0.0,0.0,Model Initialized,Opening model run,,72,Major,🟣,The model opened at 4.5 with a 4.0 fantasy-point projection and a LESS recommendation at 61.4% confidence. This opening snapshot establishes the baseline for every later model run.,1,3.96,0.0,61.4,0.0,LESS,LESS → LESS,100,Opening model run,The recommendation stayed LESS. Projection is +0.0 fantasy points and confidence is +0.0 points versus the opening run. The largest driver today is opening model run.
2026-09-26T22:20:12-07:00,2026-09-27,,Taylor Walls,TB,TB @ PHI,1,LESS,3.0,2.36,69.4,93.99,1.035,9,Zack Wheeler,0.0,The model opened at 3.0 with a 2.4 fantasy-point projection and a LESS recommendation at 69.4% confidence. This opening snapshot establishes the baseline for every later model run.,,,,,,,D,,,,,4.05,,0.82,,,0.0,0.0,0.0,0.0,0.0,0.0,0.0,False,0.0,0.0,Model Initialized,Opening model run,,72,Major,🟣,The model opened at 3.0 with a 2.4 fantasy-point projection and a LESS recommendation at 69.4% confidence. This opening snapshot establishes the baseline for every later model run.,1,2.36,0.0,69.4,0.0,LESS,LESS → LESS,100,Opening model run,The recommendation stayed LESS. Projection is +0.0 fantasy points and confidence is +0.0 points versus the opening run. The largest driver today is opening model run.
2026-09-26T22:20:12-07:00,2026-09-27,,Teoscar Hernández,LAD,LAD @ SF,1,MORE,4.5,6.62,58.6,189.92,1.025,4,Carson Seymour,0.0,The model opened at 4.5 with a 6.6 fantasy-point projection and a MORE recommendation at 58.6% confidence. This opening snapshot establishes the baseline for every later model run.,,,,,,,A,,,,,4.34,,0.995,,,0.0,0.0,0.0,0.0,0.0,0.0,0.0,False,0.0,0.0,Model Initialized,Opening model run,,72,Major,🟣,The model opened at 4.5 with a 6.6 fantasy-point projection and a MORE recommendation at 58.6% confidence. This opening snapshot establishes the baseline for every later model run.,1,6.62,0.0,58.6,0.0,MORE,MORE → MORE,100,Opening model run,The recommendation stayed MORE. Projection is +0.0 fantasy points and confidence is +0.0 points versus the opening run. The largest driver today is opening model run.
2026-09-26T22:20:12-07:00,2026-09-27,,Thomas Saggese,STL,STL @ MIL,1,LESS,3.5,2.89,66.2,99.68,1.0,6,Jacob Misiorowski,0.0,The model opened at 3.5 with a 2.9 fantasy-point projection and a LESS recommendation at 66.2% confidence. This opening snapshot establishes the baseline for every later model run.,,,,,,,D,,,,,3.51,,0.9553,,,0.0,0.0,0.0,0.0,0.0,0.0,0.0,False,0.0,0.0,Model Initialized,Opening model run,,72,Major,🟣,The model opened at 3.5 with a 2.9 fantasy-point projection and a LESS recommendation at 66.2% confidence. This opening snapshot establishes the baseline for every later model run.,1,2.89,0.0,66.2,0.0,LESS,LESS → LESS,100,Opening model run,The recommendation stayed LESS. Projection is +0.0 fantasy points and confidence is +0.0 points versus the opening run. The largest driver today is opening model run.
2026-09-26T22:20:12-07:00,2026-09-27,,Tim Tawa,ARI,ARI @ SD,1,MORE,3.0,4.66,61.6,129.54,1.03,9,TBD,0.0,The model opened at 3.0 with a 4.7 fantasy-point projection and a MORE recommendation at 61.6% confidence. This opening snapshot establishes the baseline for every later model run.,,,,,,,C+,,,,,3.99,,0.9501,,,0.0,0.0,0.0,0.0,0.0,0.0,0.0,False,0.0,0.0,Model Initialized,Opening model run,,72,Major,🟣,The model opened at 3.0 with a 4.7 fantasy-point projection and a MORE recommendation at 61.6% confidence. This opening snapshot establishes the baseline for every later model run.,1,4.66,0.0,61.6,0.0,MORE,MORE → MORE,100,Opening model run,The recommendation stayed MORE. Projection is +0.0 fantasy points and confidence is +0.0 points versus the opening run. The largest driver today is opening model run.
2026-09-26T22:20:12-07:00,2026-09-27,,Tommy Edman,LAD,LAD @ SF,1,LESS,5.0,4.65,64.7,137.42,1.025,9,Carson Seymour,0.0,The model opened at 5.0 with a 4.7 fantasy-point projection and a LESS recommendation at 64.7% confidence. This opening snapshot establishes the baseline for every later model run.,,,,,,,B-,,,,,4.34,,0.82,,,0.0,0.0,0.0,0.0,0.0,0.0,0.0,False,0.0,0.0,Model Initialized,Opening model run,,72,Major,🟣,The model opened at 5.0 with a 4.7 fantasy-point projection and a LESS recommendation at 64.7% confidence. This opening snapshot establishes the baseline for every later model run.,1,4.65,0.0,64.7,0.0,LESS,LESS → LESS,100,Opening model run,The recommendation stayed LESS. Projection is +0.0 fantasy points and confidence is +0.0 points versus the opening run. The largest driver today is opening model run.
2026-09-26T22:20:12-07:00,2026-09-27,,Tommy Pham,CWS,COL @ CWS,1,MORE,5.5,9.04,59.2,194.7,1.0,2,Kyle Freeland,0.0,The model opened at 5.5 with a 9.0 fantasy-point projection and a MORE recommendation at 59.2% confidence. This opening snapshot establishes the baseline for every later model run.,,,,,,,A,,,,,5.6,,1.1839,,,0.0,0.0,0.0,0.0,0.0,0.0,0.0,False,0.0,0.0,Model Initialized,Opening model run,,72,Major,🟣,The model opened at 5.5 with a 9.0 fantasy-point projection and a MORE recommendation at 59.2% confidence. This opening snapshot establishes the baseline for every later model run.,1,9.04,0.0,59.2,0.0,MORE,MORE → MORE,100,Opening model run,The recommendation stayed MORE. Projection is +0.0 fantasy points and confidence is +0.0 points versus the opening run. The largest driver today is opening model run.
2026-09-26T22:20:12-07:00,2026-09-27,,Tommy White,ATH,HOU @ ATH,1,LESS,4.0,3.55,62.6,100.43,1.0,8,TBD,0.0,The model opened at 4.0 with a 3.5 fantasy-point projection and a LESS recommendation at 62.6% confidence. This opening snapshot establishes the baseline for every later model run.,,,,,,,D,,,,,4.49,,0.8386,,,0.0,0.0,0.0,0.0,0.0,0.0,0.0,False,0.0,0.0,Model Initialized,Opening model run,,72,Major,🟣,The model opened at 4.0 with a 3.5 fantasy-point projection and a LESS recommendation at 62.6% confidence. This opening snapshot establishes the baseline for every later model run.,1,3.55,0.0,62.6,0.0,LESS,LESS → LESS,100,Opening model run,The recommendation stayed LESS. Projection is +0.0 fantasy points and confidence is +0.0 points versus the opening run. The largest driver today is opening model run.
2026-09-26T22:20:12-07:00,2026-09-27,,Travis Bazzana,CLE,CLE @ KC,1,LESS,5.5,4.8,65.2,150.76,1.0,7,Daniel Lynch IV,0.0,The model opened at 5.5 with a 4.8 fantasy-point projection and a LESS recommendation at 65.2% confidence. This opening snapshot establishes the baseline for every later model run.,,,,,,,B,,,,,4.79,,0.8405,,,0.0,0.0,0.0,0.0,0.0,0.0,0.0,False,0.0,0.0,Model Initialized,Opening model run,,72,Major,🟣,The model opened at 5.5 with a 4.8 fantasy-point projection and a LESS recommendation at 65.2% confidence. This opening snapshot establishes the baseline for every later model run.,1,4.8,0.0,65.2,0.0,LESS,LESS → LESS,100,Opening model run,The recommendation stayed LESS. Projection is +0.0 fantasy points and confidence is +0.0 points versus the opening run. The largest driver today is opening model run.
2026-09-26T22:20:12-07:00,2026-09-27,,Travis d'Arnaud,LAA,LAA @ SEA,1,LESS,4.0,3.39,63.9,83.46,1.0,8,Logan Gilbert,0.0,The model opened at 4.0 with a 3.4 fantasy-point projection and a LESS recommendation at 63.9% confidence. This opening snapshot establishes the baseline for every later model run.,,,,,,,F,,,,,4.21,,0.82,,,0.0,0.0,0.0,0.0,0.0,0.0,0.0,False,0.0,0.0,Model Initialized,Opening model run,,72,Major,🟣,The model opened at 4.0 with a 3.4 fantasy-point projection and a LESS recommendation at 63.9% confidence. This opening snapshot establishes the baseline for every later model run.,1,3.39,0.0,63.9,0.0,LESS,LESS → LESS,100,Opening model run,The recommendation stayed LESS. Projection is +0.0 fantasy points and confidence is +0.0 points versus the opening run. The largest driver today is opening model run.
2026-09-26T22:20:12-07:00,2026-09-27,,Trea Turner,PHI,TB @ PHI,1,MORE,2.5,5.29,71.3,151.39,1.035,2,Nick Martinez,0.0,The model opened at 2.5 with a 5.3 fantasy-point projection and a MORE recommendation at 71.3% confidence. This opening snapshot establishes the baseline for every later model run.,,,,,,,B,,,,,3.68,,0.8615,,,0.0,0.0,0.0,0.0,0.0,0.0,0.0,False,0.0,0.0,Model Initialized,Opening model run,,72,Major,🟣,The model opened at 2.5 with a 5.3 fantasy-point projection and a MORE recommendation at 71.3% confidence. This opening snapshot establishes the baseline for every later model run.,1,5.29,0.0,71.3,0.0,MORE,MORE → MORE,100,Opening model run,The recommendation stayed MORE. Projection is +0.0 fantasy points and confidence is +0.0 points versus the opening run. The largest driver today is opening model run.
2026-09-26T22:20:12-07:00,2026-09-27,,Trevor Story,BOS,CHC @ BOS,1,LESS,4.5,3.83,61.7,129.73,1.0,4,TBD,0.0,The model opened at 4.5 with a 3.8 fantasy-point projection and a LESS recommendation at 61.7% confidence. This opening snapshot establishes the baseline for every later model run.,,,,,,,C+,,,,,4.13,,0.8309,,,0.0,0.0,0.0,0.0,0.0,0.0,0.0,False,0.0,0.0,Model Initialized,Opening model run,,72,Major,🟣,The model opened at 4.5 with a 3.8 fantasy-point projection and a LESS recommendation at 61.7% confidence. This opening snapshot establishes the baseline for every later model run.,1,3.83,0.0,61.7,0.0,LESS,LESS → LESS,100,Opening model run,The recommendation stayed LESS. Projection is +0.0 fantasy points and confidence is +0.0 points versus the opening run. The largest driver today is opening model run.
2026-09-26T22:20:12-07:00,2026-09-27,,Tristan Peters,CWS,COL @ CWS,1,MORE,2.5,4.9,58.5,144.08,1.0,6,Kyle Freeland,0.0,The model opened at 2.5 with a 4.9 fantasy-point projection and a MORE recommendation at 58.5% confidence. This opening snapshot establishes the baseline for every later model run.,,,,,,,B-,,,,,5.6,,0.8611,,,0.0,0.0,0.0,0.0,0.0,0.0,0.0,False,0.0,0.0,Model Initialized,Opening model run,,72,Major,🟣,The model opened at 2.5 with a 4.9 fantasy-point projection and a MORE recommendation at 58.5% confidence. This opening snapshot establishes the baseline for every later model run.,1,4.9,0.0,58.5,0.0,MORE,MORE → MORE,100,Opening model run,The recommendation stayed MORE. Projection is +0.0 fantasy points and confidence is +0.0 points versus the opening run. The largest driver today is opening model run.
2026-09-26T22:20:12-07:00,2026-09-27,,Troy Johnston,COL,COL @ CWS,1,MORE,2.5,5.04,70.3,139.71,1.0,7,Anthony Kay,0.0,The model opened at 2.5 with a 5.0 fantasy-point projection and a MORE recommendation at 70.3% confidence. This opening snapshot establishes the baseline for every later model run.,,,,,,,B-,,,,,4.14,,0.8527,,,0.0,0.0,0.0,0.0,0.0,0.0,0.0,False,0.0,0.0,Model Initialized,Opening model run,,72,Major,🟣,The model opened at 2.5 with a 5.0 fantasy-point projection and a MORE recommendation at 70.3% confidence. This opening snapshot establishes the baseline for every later model run.,1,5.04,0.0,70.3,0.0,MORE,MORE → MORE,100,Opening model run,The recommendation stayed MORE. Projection is +0.0 fantasy points and confidence is +0.0 points versus the opening run. The largest driver today is opening model run.
2026-09-26T22:20:12-07:00,2026-09-27,,Turner Hill,SF,LAD @ SF,1,MORE,2.5,4.26,62.0,129.31,1.025,2,TBD,0.0,The model opened at 2.5 with a 4.3 fantasy-point projection and a MORE recommendation at 62.0% confidence. This opening snapshot establishes the baseline for every later model run.,,,,,,,C+,,,,,3.57,,0.8349,,,0.0,0.0,0.0,0.0,0.0,0.0,0.0,False,0.0,0.0,Model Initialized,Opening model run,,72,Major,🟣,The model opened at 2.5 with a 4.3 fantasy-point projection and a MORE recommendation at 62.0% confidence. This opening snapshot establishes the baseline for every later model run.,1,4.26,0.0,62.0,0.0,MORE,MORE → MORE,100,Opening model run,The recommendation stayed MORE. Projection is +0.0 fantasy points and confidence is +0.0 points versus the opening run. The largest driver today is opening model run.
2026-09-26T22:20:12-07:00,2026-09-27,,Ty France,SD,ARI @ SD,1,LESS,5.5,5.07,62.0,156.92,1.03,4,Michael Soroka,0.0,The model opened at 5.5 with a 5.1 fantasy-point projection and a LESS recommendation at 62.0% confidence. This opening snapshot establishes the baseline for every later model run.,,,,,,,B,,,,,4.14,,0.8955,,,0.0,0.0,0.0,0.0,0.0,0.0,0.0,False,0.0,0.0,Model Initialized,Opening model run,,72,Major,🟣,The model opened at 5.5 with a 5.1 fantasy-point projection and a LESS recommendation at 62.0% confidence. This opening snapshot establishes the baseline for every later model run.,1,5.07,0.0,62.0,0.0,LESS,LESS → LESS,100,Opening model run,The recommendation stayed LESS. Projection is +0.0 fantasy points and confidence is +0.0 points versus the opening run. The largest driver today is opening model run.
2026-09-26T22:20:12-07:00,2026-09-27,,Tyler Heineman,LAA,LAA @ SEA,1,LESS,4.0,3.43,63.4,89.45,1.0,9,Logan Gilbert,0.0,The model opened at 4.0 with a 3.4 fantasy-point projection and a LESS recommendation at 63.4% confidence. This opening snapshot establishes the baseline for every later model run.,,,,,,,F,,,,,4.21,,0.82,,,0.0,0.0,0.0,0.0,0.0,0.0,0.0,False,0.0,0.0,Model Initialized,Opening model run,,72,Major,🟣,The model opened at 4.0 with a 3.4 fantasy-point projection and a LESS recommendation at 63.4% confidence. This opening snapshot establishes the baseline for every later model run.,1,3.43,0.0,63.4,0.0,LESS,LESS → LESS,100,Opening model run,The recommendation stayed LESS. Projection is +0.0 fantasy points and confidence is +0.0 points versus the opening run. The largest driver today is opening model run.
2026-09-26T22:20:12-07:00,2026-09-27,,Tyler Stephenson,CIN,CIN @ TOR,1,MORE,3.0,4.96,60.6,144.05,1.0,4,Max Scherzer,0.0,The model opened at 3.0 with a 5.0 fantasy-point projection and a MORE recommendation at 60.6% confidence. This opening snapshot establishes the baseline for every later model run.,,,,,,,B-,,,,,3.91,,0.8723,,,0.0,0.0,0.0,0.0,0.0,0.0,0.0,False,0.0,0.0,Model Initialized,Opening model run,,72,Major,🟣,The model opened at 3.0 with a 5.0 fantasy-point projection and a MORE recommendation at 60.6% confidence. This opening snapshot establishes the baseline for every later model run.,1,4.96,0.0,60.6,0.0,MORE,MORE → MORE,100,Opening model run,The recommendation stayed MORE. Projection is +0.0 fantasy points and confidence is +0.0 points versus the opening run. The largest driver today is opening model run.
2026-09-26T22:20:12-07:00,2026-09-27,,Tyler Tolbert,KC,CLE @ KC,1,LESS,4.0,3.28,63.5,85.98,1.0,9,Parker Messick,0.0,The model opened at 4.0 with a 3.3 fantasy-point projection and a LESS recommendation at 63.5% confidence. This opening snapshot establishes the baseline for every later model run.,,,,,,,F,,,,,3.77,,0.82,,,0.0,0.0,0.0,0.0,0.0,0.0,0.0,False,0.0,0.0,Model Initialized,Opening model run,,72,Major,🟣,The model opened at 4.0 with a 3.3 fantasy-point projection and a LESS recommendation at 63.5% confidence. This opening snapshot establishes the baseline for every later model run.,1,3.28,0.0,63.5,0.0,LESS,LESS → LESS,100,Opening model run,The recommendation stayed LESS. Projection is +0.0 fantasy points and confidence is +0.0 points versus the opening run. The largest driver today is opening model run.
2026-09-26T22:20:12-07:00,2026-09-27,,Tyrone Taylor,CHC,CHC @ BOS,1,MORE,3.5,5.64,60.9,153.13,1.0,4,TBD,0.0,The model opened at 3.5 with a 5.6 fantasy-point projection and a MORE recommendation at 60.9% confidence. This opening snapshot establishes the baseline for every later model run.,,,,,,,B,,,,,3.52,,0.82,,,0.0,0.0,0.0,0.0,0.0,0.0,0.0,False,0.0,0.0,Model Initialized,Opening model run,,72,Major,🟣,The model opened at 3.5 with a 5.6 fantasy-point projection and a MORE recommendation at 60.9% confidence. This opening snapshot establishes the baseline for every later model run.,1,5.64,0.0,60.9,0.0,MORE,MORE → MORE,100,Opening model run,The recommendation stayed MORE. Projection is +0.0 fantasy points and confidence is +0.0 points versus the opening run. The largest driver today is opening model run.
2026-09-26T22:20:12-07:00,2026-09-27,,Vaughn Grissom,LAA,LAA @ SEA,1,LESS,4.5,4.09,60.2,136.63,1.0,4,Logan Gilbert,0.0,The model opened at 4.5 with a 4.1 fantasy-point projection and a LESS recommendation at 60.2% confidence. This opening snapshot establishes the baseline for every later model run.,,,,,,,B-,,,,,4.21,,0.82,,,0.0,0.0,0.0,0.0,0.0,0.0,0.0,False,0.0,0.0,Model Initialized,Opening model run,,72,Major,🟣,The model opened at 4.5 with a 4.1 fantasy-point projection and a LESS recommendation at 60.2% confidence. This opening snapshot establishes the baseline for every later model run.,1,4.09,0.0,60.2,0.0,LESS,LESS → LESS,100,Opening model run,The recommendation stayed LESS. Projection is +0.0 fantasy points and confidence is +0.0 points versus the opening run. The largest driver today is opening model run.
2026-09-26T22:20:12-07:00,2026-09-27,,Victor Bericoto,SF,LAD @ SF,1,MORE,3.5,5.7,58.2,149.44,1.025,3,TBD,0.0,The model opened at 3.5 with a 5.7 fantasy-point projection and a MORE recommendation at 58.2% confidence. This opening snapshot establishes the baseline for every later model run.,,,,,,,B,,,,,3.57,,1.0248,,,0.0,0.0,0.0,0.0,0.0,0.0,0.0,False,0.0,0.0,Model Initialized,Opening model run,,72,Major,🟣,The model opened at 3.5 with a 5.7 fantasy-point projection and a MORE recommendation at 58.2% confidence. This opening snapshot establishes the baseline for every later model run.,1,5.7,0.0,58.2,0.0,MORE,MORE → MORE,100,Opening model run,The recommendation stayed MORE. Projection is +0.0 fantasy points and confidence is +0.0 points versus the opening run. The largest driver today is opening model run.
2026-09-26T22:20:12-07:00,2026-09-27,,Victor Caratini,MIN,TEX @ MIN,1,LESS,3.5,2.85,63.8,96.38,1.01,8,MacKenzie Gore,0.0,The model opened at 3.5 with a 2.9 fantasy-point projection and a LESS recommendation at 63.8% confidence. This opening snapshot establishes the baseline for every later model run.,,,,,,,D,,,,,4.3,,0.82,,,0.0,0.0,0.0,0.0,0.0,0.0,0.0,False,0.0,0.0,Model Initialized,Opening model run,,72,Major,🟣,The model opened at 3.5 with a 2.9 fantasy-point projection and a LESS recommendation at 63.8% confidence. This opening snapshot establishes the baseline for every later model run.,1,2.85,0.0,63.8,0.0,LESS,LESS → LESS,100,Opening model run,The recommendation stayed LESS. Projection is +0.0 fantasy points and confidence is +0.0 points versus the opening run. The largest driver today is opening model run.
2026-09-26T22:20:12-07:00,2026-09-27,,Victor Mesa Jr.,TB,TB @ PHI,1,LESS,4.5,3.79,70.9,139.15,1.035,5,Zack Wheeler,0.0,The model opened at 4.5 with a 3.8 fantasy-point projection and a LESS recommendation at 70.9% confidence. This opening snapshot establishes the baseline for every later model run.,,,,,,,B-,,,,,4.05,,0.919,,,0.0,0.0,0.0,0.0,0.0,0.0,0.0,False,0.0,0.0,Model Initialized,Opening model run,,72,Major,🟣,The model opened at 4.5 with a 3.8 fantasy-point projection and a LESS recommendation at 70.9% confidence. This opening snapshot establishes the baseline for every later model run.,1,3.79,0.0,70.9,0.0,LESS,LESS → LESS,100,Opening model run,The recommendation stayed LESS. Projection is +0.0 fantasy points and confidence is +0.0 points versus the opening run. The largest driver today is opening model run.
2026-09-26T22:20:12-07:00,2026-09-27,,Victor Scott II,STL,STL @ MIL,1,LESS,3.0,2.33,69.6,63.3,1.0,9,Jacob Misiorowski,0.0,The model opened at 3.0 with a 2.3 fantasy-point projection and a LESS recommendation at 69.6% confidence. This opening snapshot establishes the baseline for every later model run.,,,,,,,F,,,,,3.51,,0.82,,,0.0,0.0,0.0,0.0,0.0,0.0,0.0,False,0.0,0.0,Model Initialized,Opening model run,,72,Major,🟣,The model opened at 3.0 with a 2.3 fantasy-point projection and a LESS recommendation at 69.6% confidence. This opening snapshot establishes the baseline for every later model run.,1,2.33,0.0,69.6,0.0,LESS,LESS → LESS,100,Opening model run,The recommendation stayed LESS. Projection is +0.0 fantasy points and confidence is +0.0 points versus the opening run. The largest driver today is opening model run.
2026-09-26T22:20:12-07:00,2026-09-27,,Vinnie Pasquantino,KC,CLE @ KC,1,LESS,5.0,4.34,68.6,146.79,1.0,5,Parker Messick,0.0,The model opened at 5.0 with a 4.3 fantasy-point projection and a LESS recommendation at 68.6% confidence. This opening snapshot establishes the baseline for every later model run.,,,,,,,B,,,,,3.77,,0.9932,,,0.0,0.0,0.0,0.0,0.0,0.0,0.0,False,0.0,0.0,Model Initialized,Opening model run,,72,Major,🟣,The model opened at 5.0 with a 4.3 fantasy-point projection and a LESS recommendation at 68.6% confidence. This opening snapshot establishes the baseline for every later model run.,1,4.34,0.0,68.6,0.0,LESS,LESS → LESS,100,Opening model run,The recommendation stayed LESS. Projection is +0.0 fantasy points and confidence is +0.0 points versus the opening run. The largest driver today is opening model run.
2026-09-26T22:20:12-07:00,2026-09-27,,Vladimir Guerrero Jr.,TOR,CIN @ TOR,1,MORE,3.0,4.99,62.8,154.86,1.0,2,Brandon Williamson,0.0,The model opened at 3.0 with a 5.0 fantasy-point projection and a MORE recommendation at 62.8% confidence. This opening snapshot establishes the baseline for every later model run.,,,,,,,B,,,,,4.83,,0.9078,,,0.0,0.0,0.0,0.0,0.0,0.0,0.0,False,0.0,0.0,Model Initialized,Opening model run,,72,Major,🟣,The model opened at 3.0 with a 5.0 fantasy-point projection and a MORE recommendation at 62.8% confidence. This opening snapshot establishes the baseline for every later model run.,1,4.99,0.0,62.8,0.0,MORE,MORE → MORE,100,Opening model run,The recommendation stayed MORE. Projection is +0.0 fantasy points and confidence is +0.0 points versus the opening run. The largest driver today is opening model run.
2026-09-26T22:20:12-07:00,2026-09-27,,Wade Meckler,LAA,LAA @ SEA,1,MORE,2.5,4.21,62.2,138.69,1.0,3,Logan Gilbert,0.0,The model opened at 2.5 with a 4.2 fantasy-point projection and a MORE recommendation at 62.2% confidence. This opening snapshot establishes the baseline for every later model run.,,,,,,,B-,,,,,4.21,,0.841,,,0.0,0.0,0.0,0.0,0.0,0.0,0.0,False,0.0,0.0,Model Initialized,Opening model run,,72,Major,🟣,The model opened at 2.5 with a 4.2 fantasy-point projection and a MORE recommendation at 62.2% confidence. This opening snapshot establishes the baseline for every later model run.,1,4.21,0.0,62.2,0.0,MORE,MORE → MORE,100,Opening model run,The recommendation stayed MORE. Projection is +0.0 fantasy points and confidence is +0.0 points versus the opening run. The largest driver today is opening model run.
2026-09-26T22:20:12-07:00,2026-09-27,,Walker Jenkins,MIN,TEX @ MIN,1,LESS,5.0,4.39,67.0,141.12,1.01,5,MacKenzie Gore,0.0,The model opened at 5.0 with a 4.4 fantasy-point projection and a LESS recommendation at 67.0% confidence. This opening snapshot establishes the baseline for every later model run.,,,,,,,B-,,,,,4.3,,0.8779,,,0.0,0.0,0.0,0.0,0.0,0.0,0.0,False,0.0,0.0,Model Initialized,Opening model run,,72,Major,🟣,The model opened at 5.0 with a 4.4 fantasy-point projection and a LESS recommendation at 67.0% confidence. This opening snapshot establishes the baseline for every later model run.,1,4.39,0.0,67.0,0.0,LESS,LESS → LESS,100,Opening model run,The recommendation stayed LESS. Projection is +0.0 fantasy points and confidence is +0.0 points versus the opening run. The largest driver today is opening model run.
2026-09-26T22:20:12-07:00,2026-09-27,,Weston Wilson,SEA,LAA @ SEA,1,MORE,2.5,3.68,59.5,101.79,1.0,9,Yusei Kikuchi,0.0,The model opened at 2.5 with a 3.7 fantasy-point projection and a MORE recommendation at 59.5% confidence. This opening snapshot establishes the baseline for every later model run.,,,,,,,D,,,,,4.29,,0.82,,,0.0,0.0,0.0,0.0,0.0,0.0,0.0,False,0.0,0.0,Model Initialized,Opening model run,,72,Major,🟣,The model opened at 2.5 with a 3.7 fantasy-point projection and a MORE recommendation at 59.5% confidence. This opening snapshot establishes the baseline for every later model run.,1,3.68,0.0,59.5,0.0,MORE,MORE → MORE,100,Opening model run,The recommendation stayed MORE. Projection is +0.0 fantasy points and confidence is +0.0 points versus the opening run. The largest driver today is opening model run.
2026-09-26T22:20:12-07:00,2026-09-27,,Will Smith,LAD,LAD @ SF,1,MORE,3.5,5.98,62.7,181.64,1.025,3,Carson Seymour,0.0,The model opened at 3.5 with a 6.0 fantasy-point projection and a MORE recommendation at 62.7% confidence. This opening snapshot establishes the baseline for every later model run.,,,,,,,A-,,,,,4.34,,0.9222,,,0.0,0.0,0.0,0.0,0.0,0.0,0.0,False,0.0,0.0,Model Initialized,Opening model run,,72,Major,🟣,The model opened at 3.5 with a 6.0 fantasy-point projection and a MORE recommendation at 62.7% confidence. This opening snapshot establishes the baseline for every later model run.,1,5.98,0.0,62.7,0.0,MORE,MORE → MORE,100,Opening model run,The recommendation stayed MORE. Projection is +0.0 fantasy points and confidence is +0.0 points versus the opening run. The largest driver today is opening model run.
2026-09-26T22:20:12-07:00,2026-09-27,,William Contreras,MIL,STL @ MIL,1,MORE,3.5,5.84,60.8,178.6,1.0,3,Andre Pallante,0.0,The model opened at 3.5 with a 5.8 fantasy-point projection and a MORE recommendation at 60.8% confidence. This opening snapshot establishes the baseline for every later model run.,,,,,,,A-,,,,,4.25,,0.9466,,,0.0,0.0,0.0,0.0,0.0,0.0,0.0,False,0.0,0.0,Model Initialized,Opening model run,,72,Major,🟣,The model opened at 3.5 with a 5.8 fantasy-point projection and a MORE recommendation at 60.8% confidence. This opening snapshot establishes the baseline for every later model run.,1,5.84,0.0,60.8,0.0,MORE,MORE → MORE,100,Opening model run,The recommendation stayed MORE. Projection is +0.0 fantasy points and confidence is +0.0 points versus the opening run. The largest driver today is opening model run.
2026-09-26T22:20:12-07:00,2026-09-27,,Wilyer Abreu,BOS,CHC @ BOS,1,LESS,5.0,4.51,66.8,136.27,1.0,4,TBD,0.0,The model opened at 5.0 with a 4.5 fantasy-point projection and a LESS recommendation at 66.8% confidence. This opening snapshot establishes the baseline for every later model run.,,,,,,,B-,,,,,4.13,,0.9347,,,0.0,0.0,0.0,0.0,0.0,0.0,0.0,False,0.0,0.0,Model Initialized,Opening model run,,72,Major,🟣,The model opened at 5.0 with a 4.5 fantasy-point projection and a LESS recommendation at 66.8% confidence. This opening snapshot establishes the baseline for every later model run.,1,4.51,0.0,66.8,0.0,LESS,LESS → LESS,100,Opening model run,The recommendation stayed LESS. Projection is +0.0 fantasy points and confidence is +0.0 points versus the opening run. The largest driver today is opening model run.
2026-09-26T22:20:12-07:00,2026-09-27,,Wyatt Langford,TEX,TEX @ MIN,1,MORE,4.5,6.65,59.2,182.16,1.01,1,Dean Kremer,0.0,The model opened at 4.5 with a 6.7 fantasy-point projection and a MORE recommendation at 59.2% confidence. This opening snapshot establishes the baseline for every later model run.,,,,,,,A-,,,,,4.56,,0.8783,,,0.0,0.0,0.0,0.0,0.0,0.0,0.0,False,0.0,0.0,Model Initialized,Opening model run,,72,Major,🟣,The model opened at 4.5 with a 6.7 fantasy-point projection and a MORE recommendation at 59.2% confidence. This opening snapshot establishes the baseline for every later model run.,1,6.65,0.0,59.2,0.0,MORE,MORE → MORE,100,Opening model run,The recommendation stayed MORE. Projection is +0.0 fantasy points and confidence is +0.0 points versus the opening run. The largest driver today is opening model run.
2026-09-26T22:20:12-07:00,2026-09-27,,Xander Bogaerts,SD,ARI @ SD,1,LESS,4.0,3.5,62.7,129.9,1.03,6,Michael Soroka,0.0,The model opened at 4.0 with a 3.5 fantasy-point projection and a LESS recommendation at 62.7% confidence. This opening snapshot establishes the baseline for every later model run.,,,,,,,C+,,,,,4.14,,0.9506,,,0.0,0.0,0.0,0.0,0.0,0.0,0.0,False,0.0,0.0,Model Initialized,Opening model run,,72,Major,🟣,The model opened at 4.0 with a 3.5 fantasy-point projection and a LESS recommendation at 62.7% confidence. This opening snapshot establishes the baseline for every later model run.,1,3.5,0.0,62.7,0.0,LESS,LESS → LESS,100,Opening model run,The recommendation stayed LESS. Projection is +0.0 fantasy points and confidence is +0.0 points versus the opening run. The largest driver today is opening model run.
2026-09-26T22:20:12-07:00,2026-09-27,,Xavier Edwards,MIA,ATL @ MIA,1,MORE,4.5,6.54,62.9,172.5,1.0,5,JR Ritchie,0.0,The model opened at 4.5 with a 6.5 fantasy-point projection and a MORE recommendation at 62.9% confidence. This opening snapshot establishes the baseline for every later model run.,,,,,,,B+,,,,,3.62,,0.82,,,0.0,0.0,0.0,0.0,0.0,0.0,0.0,False,0.0,0.0,Model Initialized,Opening model run,,72,Major,🟣,The model opened at 4.5 with a 6.5 fantasy-point projection and a MORE recommendation at 62.9% confidence. This opening snapshot establishes the baseline for every later model run.,1,6.54,0.0,62.9,0.0,MORE,MORE → MORE,100,Opening model run,The recommendation stayed MORE. Projection is +0.0 fantasy points and confidence is +0.0 points versus the opening run. The largest driver today is opening model run.
2026-09-26T22:20:12-07:00,2026-09-27,,Yainer Diaz,HOU,HOU @ ATH,1,MORE,5.0,7.09,59.9,192.76,1.0,5,TBD,0.0,The model opened at 5.0 with a 7.1 fantasy-point projection and a MORE recommendation at 59.9% confidence. This opening snapshot establishes the baseline for every later model run.,,,,,,,A,,,,,5.48,,0.9312,,,0.0,0.0,0.0,0.0,0.0,0.0,0.0,False,0.0,0.0,Model Initialized,Opening model run,,72,Major,🟣,The model opened at 5.0 with a 7.1 fantasy-point projection and a MORE recommendation at 59.9% confidence. This opening snapshot establishes the baseline for every later model run.,1,7.09,0.0,59.9,0.0,MORE,MORE → MORE,100,Opening model run,The recommendation stayed MORE. Projection is +0.0 fantasy points and confidence is +0.0 points versus the opening run. The largest driver today is opening model run.
2026-09-26T22:20:12-07:00,2026-09-27,,Yandy Díaz,TB,TB @ PHI,1,MORE,2.5,4.75,63.8,141.65,1.035,1,Zack Wheeler,0.0,The model opened at 2.5 with a 4.8 fantasy-point projection and a MORE recommendation at 63.8% confidence. This opening snapshot establishes the baseline for every later model run.,,,,,,,B-,,,,,4.05,,0.9297,,,0.0,0.0,0.0,0.0,0.0,0.0,0.0,False,0.0,0.0,Model Initialized,Opening model run,,72,Major,🟣,The model opened at 2.5 with a 4.8 fantasy-point projection and a MORE recommendation at 63.8% confidence. This opening snapshot establishes the baseline for every later model run.,1,4.75,0.0,63.8,0.0,MORE,MORE → MORE,100,Opening model run,The recommendation stayed MORE. Projection is +0.0 fantasy points and confidence is +0.0 points versus the opening run. The largest driver today is opening model run.
2026-09-26T22:20:12-07:00,2026-09-27,,Yohandy Morales,WSH,NYM @ WSH,1,LESS,4.0,3.67,64.9,124.73,1.01,7,Sean Manaea,0.0,The model opened at 4.0 with a 3.7 fantasy-point projection and a LESS recommendation at 64.9% confidence. This opening snapshot establishes the baseline for every later model run.,,,,,,,C+,,,,,4.14,,1.0672,,,0.0,0.0,0.0,0.0,0.0,0.0,0.0,False,0.0,0.0,Model Initialized,Opening model run,,72,Major,🟣,The model opened at 4.0 with a 3.7 fantasy-point projection and a LESS recommendation at 64.9% confidence. This opening snapshot establishes the baseline for every later model run.,1,3.67,0.0,64.9,0.0,LESS,LESS → LESS,100,Opening model run,The recommendation stayed LESS. Projection is +0.0 fantasy points and confidence is +0.0 points versus the opening run. The largest driver today is opening model run.
2026-09-26T22:20:12-07:00,2026-09-27,,Yohel Pozo,BAL,BAL @ NYY,1,MORE,2.5,3.95,62.6,100.77,1.02,8,Elmer Rodríguez,0.0,The model opened at 2.5 with a 4.0 fantasy-point projection and a MORE recommendation at 62.6% confidence. This opening snapshot establishes the baseline for every later model run.,,,,,,,D,,,,,3.24,,0.82,,,0.0,0.0,0.0,0.0,0.0,0.0,0.0,False,0.0,0.0,Model Initialized,Opening model run,,72,Major,🟣,The model opened at 2.5 with a 4.0 fantasy-point projection and a MORE recommendation at 62.6% confidence. This opening snapshot establishes the baseline for every later model run.,1,3.95,0.0,62.6,0.0,MORE,MORE → MORE,100,Opening model run,The recommendation stayed MORE. Projection is +0.0 fantasy points and confidence is +0.0 points versus the opening run. The largest driver today is opening model run.
2026-09-26T22:20:12-07:00,2026-09-27,,Yordan Alvarez,HOU,HOU @ ATH,1,MORE,7.5,10.04,60.9,254.39,1.0,2,TBD,0.0,The model opened at 7.5 with a 10.0 fantasy-point projection and a MORE recommendation at 60.9% confidence. This opening snapshot establishes the baseline for every later model run.,,,,,,,A+,,,,,5.48,,0.9782,,,0.0,0.0,0.0,0.0,0.0,0.0,0.0,False,0.0,0.0,Model Initialized,Opening model run,,72,Major,🟣,The model opened at 7.5 with a 10.0 fantasy-point projection and a MORE recommendation at 60.9% confidence. This opening snapshot establishes the baseline for every later model run.,1,10.04,0.0,60.9,0.0,MORE,MORE → MORE,100,Opening model run,The recommendation stayed MORE. Projection is +0.0 fantasy points and confidence is +0.0 points versus the opening run. The largest driver today is opening model run.
2026-09-26T22:20:12-07:00,2026-09-27,,Zac Veen,COL,COL @ CWS,1,MORE,2.5,4.34,63.4,115.46,1.0,8,Anthony Kay,0.0,The model opened at 2.5 with a 4.3 fantasy-point projection and a MORE recommendation at 63.4% confidence. This opening snapshot establishes the baseline for every later model run.,,,,,,,C,,,,,4.14,,0.892,,,0.0,0.0,0.0,0.0,0.0,0.0,0.0,False,0.0,0.0,Model Initialized,Opening model run,,72,Major,🟣,The model opened at 2.5 with a 4.3 fantasy-point projection and a MORE recommendation at 63.4% confidence. This opening snapshot establishes the baseline for every later model run.,1,4.34,0.0,63.4,0.0,MORE,MORE → MORE,100,Opening model run,The recommendation stayed MORE. Projection is +0.0 fantasy points and confidence is +0.0 points versus the opening run. The largest driver today is opening model run.
2026-09-26T22:20:12-07:00,2026-09-27,,Zach McKinstry,DET,PIT @ DET,1,LESS,3.5,3.23,59.9,87.45,1.01,8,Jared Jones,0.0,The model opened at 3.5 with a 3.2 fantasy-point projection and a LESS recommendation at 59.9% confidence. This opening snapshot establishes the baseline for every later model run.,,,,,,,F,,,,,4.17,,0.82,,,0.0,0.0,0.0,0.0,0.0,0.0,0.0,False,0.0,0.0,Model Initialized,Opening model run,,72,Major,🟣,The model opened at 3.5 with a 3.2 fantasy-point projection and a LESS recommendation at 59.9% confidence. This opening snapshot establishes the baseline for every later model run.,1,3.23,0.0,59.9,0.0,LESS,LESS → LESS,100,Opening model run,The recommendation stayed LESS. Projection is +0.0 fantasy points and confidence is +0.0 points versus the opening run. The largest driver today is opening model run.
2026-09-26T22:20:12-07:00,2026-09-27,,Zach Neto,LAA,LAA @ SEA,1,MORE,3.5,6.24,61.0,183.1,1.0,1,Logan Gilbert,0.0,The model opened at 3.5 with a 6.2 fantasy-point projection and a MORE recommendation at 61.0% confidence. This opening snapshot establishes the baseline for every later model run.,,,,,,,A-,,,,,4.21,,0.9641,,,0.0,0.0,0.0,0.0,0.0,0.0,0.0,False,0.0,0.0,Model Initialized,Opening model run,,72,Major,🟣,The model opened at 3.5 with a 6.2 fantasy-point projection and a MORE recommendation at 61.0% confidence. This opening snapshot establishes the baseline for every later model run.,1,6.24,0.0,61.0,0.0,MORE,MORE → MORE,100,Opening model run,The recommendation stayed MORE. Projection is +0.0 fantasy points and confidence is +0.0 points versus the opening run. The largest driver today is opening model run.
2026-09-26T22:20:12-07:00,2026-09-27,,Zack Gelof,ATH,HOU @ ATH,1,MORE,3.0,6.52,59.9,192.31,1.0,5,TBD,0.0,The model opened at 3.0 with a 6.5 fantasy-point projection and a MORE recommendation at 59.9% confidence. This opening snapshot establishes the baseline for every later model run.,,,,,,,A,,,,,4.49,,0.9968,,,0.0,0.0,0.0,0.0,0.0,0.0,0.0,False,0.0,0.0,Model Initialized,Opening model run,,72,Major,🟣,The model opened at 3.0 with a 6.5 fantasy-point projection and a MORE recommendation at 59.9% confidence. This opening snapshot establishes the baseline for every later model run.,1,6.52,0.0,59.9,0.0,MORE,MORE → MORE,100,Opening model run,The recommendation stayed MORE. Projection is +0.0 fantasy points and confidence is +0.0 points versus the opening run. The largest driver today is opening model run.
