Run Timestamp,Target Date,Player ID,Player,Team,Game,Game Number,Recommended Direction,Model Line,Projected FS,Recommended Probability %,AI Score,Weather Factor,Lineup Spot,Opp Pitcher,Change From Previous,Change Reason,Previous Model Line,Previous Projected FS,Previous Probability %,Previous AI Score,Previous Direction,Previous Tier,Current Tier,Previous Weather Factor,Previous Lineup Spot,Previous Opp Pitcher,Previous Bullpen ERA,Bullpen ERA,Previous Statcast Quality Factor,Statcast Quality Factor,Previous Confidence,Confidence,Line Change,Projection Change,Probability Change,AI Score Change,Confidence Change,Weather Change,Lineup Change,Pitcher Changed,Bullpen ERA Change,Statcast Quality Change,Change Category,Primary Driver,Secondary Driver,Importance Score,Importance,Evolution Icon,AI Reason,Runs Today,Opening Projection,Projection Trend,Opening Confidence,Confidence Trend,Opening Direction,Recommendation Trend,Model Stability,Largest Driver Today,Today AI Summary
2026-08-13T23:48:25-07:00,2026-08-14,,A.J. Ewing,NYM,WSH @ NYM,1,MORE,2.5,5.51,61.2,161.96,1.03,1,Andrew Alvarez,0.0,The model opened at 2.5 with a 5.5 fantasy-point projection and a MORE recommendation at 61.2% confidence. This opening snapshot establishes the baseline for every later model run.,,,,,,,B+,,,,,4.72,,0.8523,,,0.0,0.0,0.0,0.0,0.0,0.0,0.0,False,0.0,0.0,Model Initialized,Opening model run,,72,Major,🟣,The model opened at 2.5 with a 5.5 fantasy-point projection and a MORE recommendation at 61.2% confidence. This opening snapshot establishes the baseline for every later model run.,1,5.51,0.0,61.2,0.0,MORE,MORE → MORE,100,Opening model run,The recommendation stayed MORE. Projection is +0.0 fantasy points and confidence is +0.0 points versus the opening run. The largest driver today is opening model run.
2026-08-13T23:48:25-07:00,2026-08-14,,Abimelec Ortiz,WSH,WSH @ NYM,1,LESS,8.0,7.75,62.8,204.77,1.03,2,Robert Stock,0.0,The model opened at 8.0 with a 7.8 fantasy-point projection and a LESS recommendation at 62.8% confidence. This opening snapshot establishes the baseline for every later model run.,,,,,,,A,,,,,4.14,,1.1774,,,0.0,0.0,0.0,0.0,0.0,0.0,0.0,False,0.0,0.0,Model Initialized,Opening model run,,72,Major,🟣,The model opened at 8.0 with a 7.8 fantasy-point projection and a LESS recommendation at 62.8% confidence. This opening snapshot establishes the baseline for every later model run.,1,7.75,0.0,62.8,0.0,LESS,LESS → LESS,100,Opening model run,The recommendation stayed LESS. Projection is +0.0 fantasy points and confidence is +0.0 points versus the opening run. The largest driver today is opening model run.
2026-08-13T23:48:25-07:00,2026-08-14,,Adam Frazier,LAA,KC @ LAA,1,LESS,4.5,4.04,63.2,103.73,1.0,9,Seth Lugo,0.0,The model opened at 4.5 with a 4.0 fantasy-point projection and a LESS recommendation at 63.2% confidence. This opening snapshot establishes the baseline for every later model run.,,,,,,,D,,,,,4.84,,0.8099,,,0.0,0.0,0.0,0.0,0.0,0.0,0.0,False,0.0,0.0,Model Initialized,Opening model run,,72,Major,🟣,The model opened at 4.5 with a 4.0 fantasy-point projection and a LESS recommendation at 63.2% confidence. This opening snapshot establishes the baseline for every later model run.,1,4.04,0.0,63.2,0.0,LESS,LESS → LESS,100,Opening model run,The recommendation stayed LESS. Projection is +0.0 fantasy points and confidence is +0.0 points versus the opening run. The largest driver today is opening model run.
2026-08-13T23:48:25-07:00,2026-08-14,,Adley Rutschman,BOS,BOS @ PIT,1,MORE,2.5,5.49,65.6,158.57,1.01,3,Bubba Chandler,0.0,The model opened at 2.5 with a 5.5 fantasy-point projection and a MORE recommendation at 65.6% confidence. This opening snapshot establishes the baseline for every later model run.,,,,,,,B,,,,,4.32,,0.8,,,0.0,0.0,0.0,0.0,0.0,0.0,0.0,False,0.0,0.0,Model Initialized,Opening model run,,72,Major,🟣,The model opened at 2.5 with a 5.5 fantasy-point projection and a MORE recommendation at 65.6% confidence. This opening snapshot establishes the baseline for every later model run.,1,5.49,0.0,65.6,0.0,MORE,MORE → MORE,100,Opening model run,The recommendation stayed MORE. Projection is +0.0 fantasy points and confidence is +0.0 points versus the opening run. The largest driver today is opening model run.
2026-08-13T23:48:25-07:00,2026-08-14,,Agustín Ramírez,MIA,MIA @ CIN,1,LESS,4.5,4.07,65.5,127.66,1.03,5,Chase Burns,0.0,The model opened at 4.5 with a 4.1 fantasy-point projection and a LESS recommendation at 65.5% confidence. This opening snapshot establishes the baseline for every later model run.,,,,,,,C+,,,,,4.51,,0.8209,,,0.0,0.0,0.0,0.0,0.0,0.0,0.0,False,0.0,0.0,Model Initialized,Opening model run,,72,Major,🟣,The model opened at 4.5 with a 4.1 fantasy-point projection and a LESS recommendation at 65.5% confidence. This opening snapshot establishes the baseline for every later model run.,1,4.07,0.0,65.5,0.0,LESS,LESS → LESS,100,Opening model run,The recommendation stayed LESS. Projection is +0.0 fantasy points and confidence is +0.0 points versus the opening run. The largest driver today is opening model run.
2026-08-13T23:48:25-07:00,2026-08-14,,Alec Burleson,STL,STL @ CHC,1,MORE,5.5,8.22,63.2,213.86,1.01,3,Clay Holmes,0.0,The model opened at 5.5 with a 8.2 fantasy-point projection and a MORE recommendation at 63.2% confidence. This opening snapshot establishes the baseline for every later model run.,,,,,,,A,,,,,4.1,,1.0852,,,0.0,0.0,0.0,0.0,0.0,0.0,0.0,False,0.0,0.0,Model Initialized,Opening model run,,72,Major,🟣,The model opened at 5.5 with a 8.2 fantasy-point projection and a MORE recommendation at 63.2% confidence. This opening snapshot establishes the baseline for every later model run.,1,8.22,0.0,63.2,0.0,MORE,MORE → MORE,100,Opening model run,The recommendation stayed MORE. Projection is +0.0 fantasy points and confidence is +0.0 points versus the opening run. The largest driver today is opening model run.
2026-08-13T23:48:25-07:00,2026-08-14,,Alejandro Kirk,TOR,NYY @ TOR,1,LESS,3.0,2.47,77.3,103.14,1.0,4,Gerrit Cole,0.0,The model opened at 3.0 with a 2.5 fantasy-point projection and a LESS recommendation at 77.3% confidence. This opening snapshot establishes the baseline for every later model run.,,,,,,,D,,,,,3.28,,0.8,,,0.0,0.0,0.0,0.0,0.0,0.0,0.0,False,0.0,0.0,Model Initialized,Opening model run,,72,Major,🟣,The model opened at 3.0 with a 2.5 fantasy-point projection and a LESS recommendation at 77.3% confidence. This opening snapshot establishes the baseline for every later model run.,1,2.47,0.0,77.3,0.0,LESS,LESS → LESS,100,Opening model run,The recommendation stayed LESS. Projection is +0.0 fantasy points and confidence is +0.0 points versus the opening run. The largest driver today is opening model run.
2026-08-13T23:48:25-07:00,2026-08-14,,Alex Bregman,CHC,STL @ CHC,1,LESS,7.5,6.88,65.4,208.91,1.01,4,Matthew Liberatore,0.0,The model opened at 7.5 with a 6.9 fantasy-point projection and a LESS recommendation at 65.4% confidence. This opening snapshot establishes the baseline for every later model run.,,,,,,,A,,,,,4.07,,0.8447,,,0.0,0.0,0.0,0.0,0.0,0.0,0.0,False,0.0,0.0,Model Initialized,Opening model run,,72,Major,🟣,The model opened at 7.5 with a 6.9 fantasy-point projection and a LESS recommendation at 65.4% confidence. This opening snapshot establishes the baseline for every later model run.,1,6.88,0.0,65.4,0.0,LESS,LESS → LESS,100,Opening model run,The recommendation stayed LESS. Projection is +0.0 fantasy points and confidence is +0.0 points versus the opening run. The largest driver today is opening model run.
2026-08-13T23:48:25-07:00,2026-08-14,,Alex Call,LAD,MIL @ LAD,1,LESS,4.0,3.49,69.5,87.2,1.0,8,Robert Gasser,0.0,The model opened at 4.0 with a 3.5 fantasy-point projection and a LESS recommendation at 69.5% confidence. This opening snapshot establishes the baseline for every later model run.,,,,,,,F,,,,,3.53,,0.8,,,0.0,0.0,0.0,0.0,0.0,0.0,0.0,False,0.0,0.0,Model Initialized,Opening model run,,72,Major,🟣,The model opened at 4.0 with a 3.5 fantasy-point projection and a LESS recommendation at 69.5% confidence. This opening snapshot establishes the baseline for every later model run.,1,3.49,0.0,69.5,0.0,LESS,LESS → LESS,100,Opening model run,The recommendation stayed LESS. Projection is +0.0 fantasy points and confidence is +0.0 points versus the opening run. The largest driver today is opening model run.
2026-08-13T23:48:25-07:00,2026-08-14,,Ali Sánchez,NYY,NYY @ TOR,1,MORE,2.5,5.08,63.2,122.86,1.0,9,Shane Bieber,0.0,The model opened at 2.5 with a 5.1 fantasy-point projection and a MORE recommendation at 63.2% confidence. This opening snapshot establishes the baseline for every later model run.,,,,,,,C+,,,,,4.01,,0.8,,,0.0,0.0,0.0,0.0,0.0,0.0,0.0,False,0.0,0.0,Model Initialized,Opening model run,,72,Major,🟣,The model opened at 2.5 with a 5.1 fantasy-point projection and a MORE recommendation at 63.2% confidence. This opening snapshot establishes the baseline for every later model run.,1,5.08,0.0,63.2,0.0,MORE,MORE → MORE,100,Opening model run,The recommendation stayed MORE. Projection is +0.0 fantasy points and confidence is +0.0 points versus the opening run. The largest driver today is opening model run.
2026-08-13T23:48:25-07:00,2026-08-14,,Alika Williams,ATH,TEX @ ATH,1,LESS,3.5,2.82,73.1,83.51,1.01,9,Kumar Rocker,0.0,The model opened at 3.5 with a 2.8 fantasy-point projection and a LESS recommendation at 73.1% confidence. This opening snapshot establishes the baseline for every later model run.,,,,,,,F,,,,,4.28,,0.8,,,0.0,0.0,0.0,0.0,0.0,0.0,0.0,False,0.0,0.0,Model Initialized,Opening model run,,72,Major,🟣,The model opened at 3.5 with a 2.8 fantasy-point projection and a LESS recommendation at 73.1% confidence. This opening snapshot establishes the baseline for every later model run.,1,2.82,0.0,73.1,0.0,LESS,LESS → LESS,100,Opening model run,The recommendation stayed LESS. Projection is +0.0 fantasy points and confidence is +0.0 points versus the opening run. The largest driver today is opening model run.
2026-08-13T23:48:25-07:00,2026-08-14,,Amed Rosario,NYY,NYY @ TOR,1,MORE,3.5,6.99,60.4,164.71,1.0,4,Shane Bieber,0.0,The model opened at 3.5 with a 7.0 fantasy-point projection and a MORE recommendation at 60.4% confidence. This opening snapshot establishes the baseline for every later model run.,,,,,,,B+,,,,,4.01,,0.8163,,,0.0,0.0,0.0,0.0,0.0,0.0,0.0,False,0.0,0.0,Model Initialized,Opening model run,,72,Major,🟣,The model opened at 3.5 with a 7.0 fantasy-point projection and a MORE recommendation at 60.4% confidence. This opening snapshot establishes the baseline for every later model run.,1,6.99,0.0,60.4,0.0,MORE,MORE → MORE,100,Opening model run,The recommendation stayed MORE. Projection is +0.0 fantasy points and confidence is +0.0 points versus the opening run. The largest driver today is opening model run.
2026-08-13T23:48:25-07:00,2026-08-14,,Andrew Benintendi,CWS,CWS @ DET,1,LESS,4.0,3.6,68.8,112.6,1.04,3,Jackson Jobe,0.0,The model opened at 4.0 with a 3.6 fantasy-point projection and a LESS recommendation at 68.8% confidence. This opening snapshot establishes the baseline for every later model run.,,,,,,,C,,,,,3.47,,0.8638,,,0.0,0.0,0.0,0.0,0.0,0.0,0.0,False,0.0,0.0,Model Initialized,Opening model run,,72,Major,🟣,The model opened at 4.0 with a 3.6 fantasy-point projection and a LESS recommendation at 68.8% confidence. This opening snapshot establishes the baseline for every later model run.,1,3.6,0.0,68.8,0.0,LESS,LESS → LESS,100,Opening model run,The recommendation stayed LESS. Projection is +0.0 fantasy points and confidence is +0.0 points versus the opening run. The largest driver today is opening model run.
2026-08-13T23:48:25-07:00,2026-08-14,,Andrew Vaughn,MIL,MIL @ LAD,1,LESS,3.5,3.08,70.7,112.73,1.0,3,Yoshinobu Yamamoto,0.0,The model opened at 3.5 with a 3.1 fantasy-point projection and a LESS recommendation at 70.7% confidence. This opening snapshot establishes the baseline for every later model run.,,,,,,,C,,,,,3.71,,0.8105,,,0.0,0.0,0.0,0.0,0.0,0.0,0.0,False,0.0,0.0,Model Initialized,Opening model run,,72,Major,🟣,The model opened at 3.5 with a 3.1 fantasy-point projection and a LESS recommendation at 70.7% confidence. This opening snapshot establishes the baseline for every later model run.,1,3.08,0.0,70.7,0.0,LESS,LESS → LESS,100,Opening model run,The recommendation stayed LESS. Projection is +0.0 fantasy points and confidence is +0.0 points versus the opening run. The largest driver today is opening model run.
2026-08-13T23:48:25-07:00,2026-08-14,,Andruw Monasterio,BOS,BOS @ PIT,1,LESS,5.0,4.48,70.2,143.91,1.01,8,Bubba Chandler,0.0,The model opened at 5.0 with a 4.5 fantasy-point projection and a LESS recommendation at 70.2% confidence. This opening snapshot establishes the baseline for every later model run.,,,,,,,B-,,,,,4.32,,0.8422,,,0.0,0.0,0.0,0.0,0.0,0.0,0.0,False,0.0,0.0,Model Initialized,Opening model run,,72,Major,🟣,The model opened at 5.0 with a 4.5 fantasy-point projection and a LESS recommendation at 70.2% confidence. This opening snapshot establishes the baseline for every later model run.,1,4.48,0.0,70.2,0.0,LESS,LESS → LESS,100,Opening model run,The recommendation stayed LESS. Projection is +0.0 fantasy points and confidence is +0.0 points versus the opening run. The largest driver today is opening model run.
2026-08-13T23:48:25-07:00,2026-08-14,,Andrés Chaparro,WSH,WSH @ NYM,1,LESS,7.0,6.33,66.5,171.82,1.03,2,Robert Stock,0.0,The model opened at 7.0 with a 6.3 fantasy-point projection and a LESS recommendation at 66.5% confidence. This opening snapshot establishes the baseline for every later model run.,,,,,,,B+,,,,,4.14,,1.0451,,,0.0,0.0,0.0,0.0,0.0,0.0,0.0,False,0.0,0.0,Model Initialized,Opening model run,,72,Major,🟣,The model opened at 7.0 with a 6.3 fantasy-point projection and a LESS recommendation at 66.5% confidence. This opening snapshot establishes the baseline for every later model run.,1,6.33,0.0,66.5,0.0,LESS,LESS → LESS,100,Opening model run,The recommendation stayed LESS. Projection is +0.0 fantasy points and confidence is +0.0 points versus the opening run. The largest driver today is opening model run.
2026-08-13T23:48:25-07:00,2026-08-14,,Andrés Giménez,TOR,NYY @ TOR,1,LESS,4.5,4.0,65.2,127.0,1.0,6,Gerrit Cole,0.0,The model opened at 4.5 with a 4.0 fantasy-point projection and a LESS recommendation at 65.2% confidence. This opening snapshot establishes the baseline for every later model run.,,,,,,,C+,,,,,3.28,,0.8,,,0.0,0.0,0.0,0.0,0.0,0.0,0.0,False,0.0,0.0,Model Initialized,Opening model run,,72,Major,🟣,The model opened at 4.5 with a 4.0 fantasy-point projection and a LESS recommendation at 65.2% confidence. This opening snapshot establishes the baseline for every later model run.,1,4.0,0.0,65.2,0.0,LESS,LESS → LESS,100,Opening model run,The recommendation stayed LESS. Projection is +0.0 fantasy points and confidence is +0.0 points versus the opening run. The largest driver today is opening model run.
2026-08-13T23:48:25-07:00,2026-08-14,,Andy Pages,LAD,MIL @ LAD,1,MORE,3.0,6.15,65.7,169.32,1.0,2,Robert Gasser,0.0,The model opened at 3.0 with a 6.2 fantasy-point projection and a MORE recommendation at 65.7% confidence. This opening snapshot establishes the baseline for every later model run.,,,,,,,B+,,,,,3.53,,0.8422,,,0.0,0.0,0.0,0.0,0.0,0.0,0.0,False,0.0,0.0,Model Initialized,Opening model run,,72,Major,🟣,The model opened at 3.0 with a 6.2 fantasy-point projection and a MORE recommendation at 65.7% confidence. This opening snapshot establishes the baseline for every later model run.,1,6.15,0.0,65.7,0.0,MORE,MORE → MORE,100,Opening model run,The recommendation stayed MORE. Projection is +0.0 fantasy points and confidence is +0.0 points versus the opening run. The largest driver today is opening model run.
2026-08-13T23:48:25-07:00,2026-08-14,,Angel Genao,CLE,SD @ CLE,1,LESS,5.0,4.28,73.3,124.54,1.03,9,Michael King,0.0,The model opened at 5.0 with a 4.3 fantasy-point projection and a LESS recommendation at 73.3% confidence. This opening snapshot establishes the baseline for every later model run.,,,,,,,C+,,,,,4.1,,0.9671,,,0.0,0.0,0.0,0.0,0.0,0.0,0.0,False,0.0,0.0,Model Initialized,Opening model run,,72,Major,🟣,The model opened at 5.0 with a 4.3 fantasy-point projection and a LESS recommendation at 73.3% confidence. This opening snapshot establishes the baseline for every later model run.,1,4.28,0.0,73.3,0.0,LESS,LESS → LESS,100,Opening model run,The recommendation stayed LESS. Projection is +0.0 fantasy points and confidence is +0.0 points versus the opening run. The largest driver today is opening model run.
2026-08-13T23:48:25-07:00,2026-08-14,,Angel Martínez,CLE,SD @ CLE,1,LESS,4.5,3.83,67.8,125.0,1.03,5,Michael King,0.0,The model opened at 4.5 with a 3.8 fantasy-point projection and a LESS recommendation at 67.8% confidence. This opening snapshot establishes the baseline for every later model run.,,,,,,,C+,,,,,4.1,,0.8905,,,0.0,0.0,0.0,0.0,0.0,0.0,0.0,False,0.0,0.0,Model Initialized,Opening model run,,72,Major,🟣,The model opened at 4.5 with a 3.8 fantasy-point projection and a LESS recommendation at 67.8% confidence. This opening snapshot establishes the baseline for every later model run.,1,3.83,0.0,67.8,0.0,LESS,LESS → LESS,100,Opening model run,The recommendation stayed LESS. Projection is +0.0 fantasy points and confidence is +0.0 points versus the opening run. The largest driver today is opening model run.
2026-08-13T23:48:25-07:00,2026-08-14,,Anthony Seigler,BOS,BOS @ PIT,1,LESS,4.0,3.3,71.0,112.4,1.01,8,Bubba Chandler,0.0,The model opened at 4.0 with a 3.3 fantasy-point projection and a LESS recommendation at 71.0% confidence. This opening snapshot establishes the baseline for every later model run.,,,,,,,C,,,,,4.32,,0.8,,,0.0,0.0,0.0,0.0,0.0,0.0,0.0,False,0.0,0.0,Model Initialized,Opening model run,,72,Major,🟣,The model opened at 4.0 with a 3.3 fantasy-point projection and a LESS recommendation at 71.0% confidence. This opening snapshot establishes the baseline for every later model run.,1,3.3,0.0,71.0,0.0,LESS,LESS → LESS,100,Opening model run,The recommendation stayed LESS. Projection is +0.0 fantasy points and confidence is +0.0 points versus the opening run. The largest driver today is opening model run.
2026-08-13T23:48:25-07:00,2026-08-14,,Austin Hays,SD,SD @ CLE,1,MORE,2.5,5.77,60.9,148.84,1.03,6,Gavin Williams,0.0,The model opened at 2.5 with a 5.8 fantasy-point projection and a MORE recommendation at 60.9% confidence. This opening snapshot establishes the baseline for every later model run.,,,,,,,B,,,,,3.83,,0.9388,,,0.0,0.0,0.0,0.0,0.0,0.0,0.0,False,0.0,0.0,Model Initialized,Opening model run,,72,Major,🟣,The model opened at 2.5 with a 5.8 fantasy-point projection and a MORE recommendation at 60.9% confidence. This opening snapshot establishes the baseline for every later model run.,1,5.77,0.0,60.9,0.0,MORE,MORE → MORE,100,Opening model run,The recommendation stayed MORE. Projection is +0.0 fantasy points and confidence is +0.0 points versus the opening run. The largest driver today is opening model run.
2026-08-13T23:48:25-07:00,2026-08-14,,Austin Hedges,CLE,SD @ CLE,1,LESS,3.0,2.69,74.3,92.08,1.03,8,Michael King,0.0,The model opened at 3.0 with a 2.7 fantasy-point projection and a LESS recommendation at 74.3% confidence. This opening snapshot establishes the baseline for every later model run.,,,,,,,F,,,,,4.1,,0.8,,,0.0,0.0,0.0,0.0,0.0,0.0,0.0,False,0.0,0.0,Model Initialized,Opening model run,,72,Major,🟣,The model opened at 3.0 with a 2.7 fantasy-point projection and a LESS recommendation at 74.3% confidence. This opening snapshot establishes the baseline for every later model run.,1,2.69,0.0,74.3,0.0,LESS,LESS → LESS,100,Opening model run,The recommendation stayed LESS. Projection is +0.0 fantasy points and confidence is +0.0 points versus the opening run. The largest driver today is opening model run.
2026-08-13T23:48:25-07:00,2026-08-14,,Austin Riley,ATL,ARI @ ATL,1,LESS,6.0,5.49,67.7,151.69,1.055,8,Brandon Pfaadt,0.0,The model opened at 6.0 with a 5.5 fantasy-point projection and a LESS recommendation at 67.7% confidence. This opening snapshot establishes the baseline for every later model run.,,,,,,,B,,,,,4.12,,1.0849,,,0.0,0.0,0.0,0.0,0.0,0.0,0.0,False,0.0,0.0,Model Initialized,Opening model run,,72,Major,🟣,The model opened at 6.0 with a 5.5 fantasy-point projection and a LESS recommendation at 67.7% confidence. This opening snapshot establishes the baseline for every later model run.,1,5.49,0.0,67.7,0.0,LESS,LESS → LESS,100,Opening model run,The recommendation stayed LESS. Projection is +0.0 fantasy points and confidence is +0.0 points versus the opening run. The largest driver today is opening model run.
2026-08-13T23:48:25-07:00,2026-08-14,,Austin Wells,NYY,NYY @ TOR,1,MORE,3.0,6.06,60.0,147.87,1.0,9,Shane Bieber,0.0,The model opened at 3.0 with a 6.1 fantasy-point projection and a MORE recommendation at 60.0% confidence. This opening snapshot establishes the baseline for every later model run.,,,,,,,B,,,,,4.01,,0.9232,,,0.0,0.0,0.0,0.0,0.0,0.0,0.0,False,0.0,0.0,Model Initialized,Opening model run,,72,Major,🟣,The model opened at 3.0 with a 6.1 fantasy-point projection and a MORE recommendation at 60.0% confidence. This opening snapshot establishes the baseline for every later model run.,1,6.06,0.0,60.0,0.0,MORE,MORE → MORE,100,Opening model run,The recommendation stayed MORE. Projection is +0.0 fantasy points and confidence is +0.0 points versus the opening run. The largest driver today is opening model run.
2026-08-13T23:48:25-07:00,2026-08-14,,Austin Wynns,TEX,TEX @ ATH,1,LESS,3.5,3.18,70.0,84.25,1.01,8,TBD,0.0,The model opened at 3.5 with a 3.2 fantasy-point projection and a LESS recommendation at 70.0% confidence. This opening snapshot establishes the baseline for every later model run.,,,,,,,F,,,,,5.51,,0.8,,,0.0,0.0,0.0,0.0,0.0,0.0,0.0,False,0.0,0.0,Model Initialized,Opening model run,,72,Major,🟣,The model opened at 3.5 with a 3.2 fantasy-point projection and a LESS recommendation at 70.0% confidence. This opening snapshot establishes the baseline for every later model run.,1,3.18,0.0,70.0,0.0,LESS,LESS → LESS,100,Opening model run,The recommendation stayed LESS. Projection is +0.0 fantasy points and confidence is +0.0 points versus the opening run. The largest driver today is opening model run.
2026-08-13T23:48:25-07:00,2026-08-14,,Ben Malgeri,DET,CWS @ DET,1,LESS,4.0,3.26,71.7,90.71,1.04,9,Sean Newcomb,0.0,The model opened at 4.0 with a 3.3 fantasy-point projection and a LESS recommendation at 71.7% confidence. This opening snapshot establishes the baseline for every later model run.,,,,,,,F,,,,,2.81,,0.8,,,0.0,0.0,0.0,0.0,0.0,0.0,0.0,False,0.0,0.0,Model Initialized,Opening model run,,72,Major,🟣,The model opened at 4.0 with a 3.3 fantasy-point projection and a LESS recommendation at 71.7% confidence. This opening snapshot establishes the baseline for every later model run.,1,3.26,0.0,71.7,0.0,LESS,LESS → LESS,100,Opening model run,The recommendation stayed LESS. Projection is +0.0 fantasy points and confidence is +0.0 points versus the opening run. The largest driver today is opening model run.
2026-08-13T23:48:25-07:00,2026-08-14,,Ben Rice,NYY,NYY @ TOR,1,MORE,6.5,9.84,59.7,234.98,1.0,2,Shane Bieber,0.0,The model opened at 6.5 with a 9.8 fantasy-point projection and a MORE recommendation at 59.7% confidence. This opening snapshot establishes the baseline for every later model run.,,,,,,,A+,,,,,4.01,,1.0392,,,0.0,0.0,0.0,0.0,0.0,0.0,0.0,False,0.0,0.0,Model Initialized,Opening model run,,72,Major,🟣,The model opened at 6.5 with a 9.8 fantasy-point projection and a MORE recommendation at 59.7% confidence. This opening snapshot establishes the baseline for every later model run.,1,9.84,0.0,59.7,0.0,MORE,MORE → MORE,100,Opening model run,The recommendation stayed MORE. Projection is +0.0 fantasy points and confidence is +0.0 points versus the opening run. The largest driver today is opening model run.
2026-08-13T23:48:25-07:00,2026-08-14,,Blaze Jordan,STL,STL @ CHC,1,LESS,4.5,4.12,62.5,112.26,1.01,7,Clay Holmes,0.0,The model opened at 4.5 with a 4.1 fantasy-point projection and a LESS recommendation at 62.5% confidence. This opening snapshot establishes the baseline for every later model run.,,,,,,,C,,,,,4.1,,0.8,,,0.0,0.0,0.0,0.0,0.0,0.0,0.0,False,0.0,0.0,Model Initialized,Opening model run,,72,Major,🟣,The model opened at 4.5 with a 4.1 fantasy-point projection and a LESS recommendation at 62.5% confidence. This opening snapshot establishes the baseline for every later model run.,1,4.12,0.0,62.5,0.0,LESS,LESS → LESS,100,Opening model run,The recommendation stayed LESS. Projection is +0.0 fantasy points and confidence is +0.0 points versus the opening run. The largest driver today is opening model run.
2026-08-13T23:48:25-07:00,2026-08-14,,Bo Bichette,NYM,WSH @ NYM,1,MORE,3.0,5.91,65.2,169.91,1.03,3,Andrew Alvarez,0.0,The model opened at 3.0 with a 5.9 fantasy-point projection and a MORE recommendation at 65.2% confidence. This opening snapshot establishes the baseline for every later model run.,,,,,,,B+,,,,,4.72,,0.8355,,,0.0,0.0,0.0,0.0,0.0,0.0,0.0,False,0.0,0.0,Model Initialized,Opening model run,,72,Major,🟣,The model opened at 3.0 with a 5.9 fantasy-point projection and a MORE recommendation at 65.2% confidence. This opening snapshot establishes the baseline for every later model run.,1,5.91,0.0,65.2,0.0,MORE,MORE → MORE,100,Opening model run,The recommendation stayed MORE. Projection is +0.0 fantasy points and confidence is +0.0 points versus the opening run. The largest driver today is opening model run.
2026-08-13T23:48:25-07:00,2026-08-14,,Bobby Witt Jr.,KC,KC @ LAA,1,MORE,6.0,9.1,60.2,230.05,1.0,2,Grayson Rodriguez,0.0,The model opened at 6.0 with a 9.1 fantasy-point projection and a MORE recommendation at 60.2% confidence. This opening snapshot establishes the baseline for every later model run.,,,,,,,A+,,,,,4.43,,0.9587,,,0.0,0.0,0.0,0.0,0.0,0.0,0.0,False,0.0,0.0,Model Initialized,Opening model run,,72,Major,🟣,The model opened at 6.0 with a 9.1 fantasy-point projection and a MORE recommendation at 60.2% confidence. This opening snapshot establishes the baseline for every later model run.,1,9.1,0.0,60.2,0.0,MORE,MORE → MORE,100,Opening model run,The recommendation stayed MORE. Projection is +0.0 fantasy points and confidence is +0.0 points versus the opening run. The largest driver today is opening model run.
2026-08-13T23:48:25-07:00,2026-08-14,,Braden Montgomery,CWS,CWS @ DET,1,LESS,3.5,2.78,73.6,108.32,1.04,4,Jackson Jobe,0.0,The model opened at 3.5 with a 2.8 fantasy-point projection and a LESS recommendation at 73.6% confidence. This opening snapshot establishes the baseline for every later model run.,,,,,,,D,,,,,3.47,,0.8419,,,0.0,0.0,0.0,0.0,0.0,0.0,0.0,False,0.0,0.0,Model Initialized,Opening model run,,72,Major,🟣,The model opened at 3.5 with a 2.8 fantasy-point projection and a LESS recommendation at 73.6% confidence. This opening snapshot establishes the baseline for every later model run.,1,2.78,0.0,73.6,0.0,LESS,LESS → LESS,100,Opening model run,The recommendation stayed LESS. Projection is +0.0 fantasy points and confidence is +0.0 points versus the opening run. The largest driver today is opening model run.
2026-08-13T23:48:25-07:00,2026-08-14,,Brady House,WSH,WSH @ NYM,1,MORE,4.5,7.53,58.2,190.15,1.03,3,Robert Stock,0.0,The model opened at 4.5 with a 7.5 fantasy-point projection and a MORE recommendation at 58.2% confidence. This opening snapshot establishes the baseline for every later model run.,,,,,,,A-,,,,,4.14,,1.1147,,,0.0,0.0,0.0,0.0,0.0,0.0,0.0,False,0.0,0.0,Model Initialized,Opening model run,,72,Major,🟣,The model opened at 4.5 with a 7.5 fantasy-point projection and a MORE recommendation at 58.2% confidence. This opening snapshot establishes the baseline for every later model run.,1,7.53,0.0,58.2,0.0,MORE,MORE → MORE,100,Opening model run,The recommendation stayed MORE. Projection is +0.0 fantasy points and confidence is +0.0 points versus the opening run. The largest driver today is opening model run.
2026-08-13T23:48:25-07:00,2026-08-14,,Brandon Lockridge,MIL,MIL @ LAD,1,LESS,3.5,3.13,69.8,95.94,1.0,7,Yoshinobu Yamamoto,0.0,The model opened at 3.5 with a 3.1 fantasy-point projection and a LESS recommendation at 69.8% confidence. This opening snapshot establishes the baseline for every later model run.,,,,,,,D,,,,,3.71,,0.8088,,,0.0,0.0,0.0,0.0,0.0,0.0,0.0,False,0.0,0.0,Model Initialized,Opening model run,,72,Major,🟣,The model opened at 3.5 with a 3.1 fantasy-point projection and a LESS recommendation at 69.8% confidence. This opening snapshot establishes the baseline for every later model run.,1,3.13,0.0,69.8,0.0,LESS,LESS → LESS,100,Opening model run,The recommendation stayed LESS. Projection is +0.0 fantasy points and confidence is +0.0 points versus the opening run. The largest driver today is opening model run.
2026-08-13T23:48:25-07:00,2026-08-14,,Brandon Lowe,PIT,BOS @ PIT,1,LESS,5.0,4.66,71.0,144.87,1.01,2,Jake Bennett,0.0,The model opened at 5.0 with a 4.7 fantasy-point projection and a LESS recommendation at 71.0% confidence. This opening snapshot establishes the baseline for every later model run.,,,,,,,B-,,,,,3.48,,0.9266,,,0.0,0.0,0.0,0.0,0.0,0.0,0.0,False,0.0,0.0,Model Initialized,Opening model run,,72,Major,🟣,The model opened at 5.0 with a 4.7 fantasy-point projection and a LESS recommendation at 71.0% confidence. This opening snapshot establishes the baseline for every later model run.,1,4.66,0.0,71.0,0.0,LESS,LESS → LESS,100,Opening model run,The recommendation stayed LESS. Projection is +0.0 fantasy points and confidence is +0.0 points versus the opening run. The largest driver today is opening model run.
2026-08-13T23:48:25-07:00,2026-08-14,,Brandon Nimmo,TEX,TEX @ ATH,1,MORE,5.0,8.24,62.6,214.18,1.01,4,TBD,0.0,The model opened at 5.0 with a 8.2 fantasy-point projection and a MORE recommendation at 62.6% confidence. This opening snapshot establishes the baseline for every later model run.,,,,,,,A,,,,,5.51,,1.0154,,,0.0,0.0,0.0,0.0,0.0,0.0,0.0,False,0.0,0.0,Model Initialized,Opening model run,,72,Major,🟣,The model opened at 5.0 with a 8.2 fantasy-point projection and a MORE recommendation at 62.6% confidence. This opening snapshot establishes the baseline for every later model run.,1,8.24,0.0,62.6,0.0,MORE,MORE → MORE,100,Opening model run,The recommendation stayed MORE. Projection is +0.0 fantasy points and confidence is +0.0 points versus the opening run. The largest driver today is opening model run.
2026-08-13T23:48:25-07:00,2026-08-14,,Brandon Valenzuela,TOR,NYY @ TOR,1,LESS,3.0,2.66,75.9,88.38,1.0,7,Gerrit Cole,0.0,The model opened at 3.0 with a 2.7 fantasy-point projection and a LESS recommendation at 75.9% confidence. This opening snapshot establishes the baseline for every later model run.,,,,,,,F,,,,,3.28,,0.8,,,0.0,0.0,0.0,0.0,0.0,0.0,0.0,False,0.0,0.0,Model Initialized,Opening model run,,72,Major,🟣,The model opened at 3.0 with a 2.7 fantasy-point projection and a LESS recommendation at 75.9% confidence. This opening snapshot establishes the baseline for every later model run.,1,2.66,0.0,75.9,0.0,LESS,LESS → LESS,100,Opening model run,The recommendation stayed LESS. Projection is +0.0 fantasy points and confidence is +0.0 points versus the opening run. The largest driver today is opening model run.
2026-08-13T23:48:25-07:00,2026-08-14,,Brayan Rocchio,CLE,SD @ CLE,1,LESS,4.0,3.37,70.9,98.24,1.03,9,Michael King,0.0,The model opened at 4.0 with a 3.4 fantasy-point projection and a LESS recommendation at 70.9% confidence. This opening snapshot establishes the baseline for every later model run.,,,,,,,D,,,,,4.1,,0.8,,,0.0,0.0,0.0,0.0,0.0,0.0,0.0,False,0.0,0.0,Model Initialized,Opening model run,,72,Major,🟣,The model opened at 4.0 with a 3.4 fantasy-point projection and a LESS recommendation at 70.9% confidence. This opening snapshot establishes the baseline for every later model run.,1,3.37,0.0,70.9,0.0,LESS,LESS → LESS,100,Opening model run,The recommendation stayed LESS. Projection is +0.0 fantasy points and confidence is +0.0 points versus the opening run. The largest driver today is opening model run.
2026-08-13T23:48:25-07:00,2026-08-14,,Brendan Donovan,SEA,SEA @ HOU,1,LESS,4.0,3.34,71.8,105.93,1.0,7,Peter Lambert,0.0,The model opened at 4.0 with a 3.3 fantasy-point projection and a LESS recommendation at 71.8% confidence. This opening snapshot establishes the baseline for every later model run.,,,,,,,D,,,,,4.54,,0.8,,,0.0,0.0,0.0,0.0,0.0,0.0,0.0,False,0.0,0.0,Model Initialized,Opening model run,,72,Major,🟣,The model opened at 4.0 with a 3.3 fantasy-point projection and a LESS recommendation at 71.8% confidence. This opening snapshot establishes the baseline for every later model run.,1,3.34,0.0,71.8,0.0,LESS,LESS → LESS,100,Opening model run,The recommendation stayed LESS. Projection is +0.0 fantasy points and confidence is +0.0 points versus the opening run. The largest driver today is opening model run.
2026-08-13T23:48:25-07:00,2026-08-14,,Brenton Doyle,CWS,CWS @ DET,1,LESS,3.5,2.94,72.4,109.83,1.04,1,Jackson Jobe,0.0,The model opened at 3.5 with a 2.9 fantasy-point projection and a LESS recommendation at 72.4% confidence. This opening snapshot establishes the baseline for every later model run.,,,,,,,C,,,,,3.47,,0.9006,,,0.0,0.0,0.0,0.0,0.0,0.0,0.0,False,0.0,0.0,Model Initialized,Opening model run,,72,Major,🟣,The model opened at 3.5 with a 2.9 fantasy-point projection and a LESS recommendation at 72.4% confidence. This opening snapshot establishes the baseline for every later model run.,1,2.94,0.0,72.4,0.0,LESS,LESS → LESS,100,Opening model run,The recommendation stayed LESS. Projection is +0.0 fantasy points and confidence is +0.0 points versus the opening run. The largest driver today is opening model run.
2026-08-13T23:48:25-07:00,2026-08-14,,Brett Bateman,TOR,NYY @ TOR,1,LESS,4.0,3.46,69.7,113.53,1.0,2,Gerrit Cole,0.0,The model opened at 4.0 with a 3.5 fantasy-point projection and a LESS recommendation at 69.7% confidence. This opening snapshot establishes the baseline for every later model run.,,,,,,,C,,,,,3.28,,0.8,,,0.0,0.0,0.0,0.0,0.0,0.0,0.0,False,0.0,0.0,Model Initialized,Opening model run,,72,Major,🟣,The model opened at 4.0 with a 3.5 fantasy-point projection and a LESS recommendation at 69.7% confidence. This opening snapshot establishes the baseline for every later model run.,1,3.46,0.0,69.7,0.0,LESS,LESS → LESS,100,Opening model run,The recommendation stayed LESS. Projection is +0.0 fantasy points and confidence is +0.0 points versus the opening run. The largest driver today is opening model run.
2026-08-13T23:48:25-07:00,2026-08-14,,Brett Baty,NYM,WSH @ NYM,1,LESS,4.5,3.89,68.2,118.38,1.03,8,Andrew Alvarez,0.0,The model opened at 4.5 with a 3.9 fantasy-point projection and a LESS recommendation at 68.2% confidence. This opening snapshot establishes the baseline for every later model run.,,,,,,,C,,,,,4.72,,0.9326,,,0.0,0.0,0.0,0.0,0.0,0.0,0.0,False,0.0,0.0,Model Initialized,Opening model run,,72,Major,🟣,The model opened at 4.5 with a 3.9 fantasy-point projection and a LESS recommendation at 68.2% confidence. This opening snapshot establishes the baseline for every later model run.,1,3.89,0.0,68.2,0.0,LESS,LESS → LESS,100,Opening model run,The recommendation stayed LESS. Projection is +0.0 fantasy points and confidence is +0.0 points versus the opening run. The largest driver today is opening model run.
2026-08-13T23:48:25-07:00,2026-08-14,,Brett Sullivan,COL,COL @ SF,1,LESS,3.5,3.05,74.3,103.3,1.01,9,Landen Roupp,0.0,The model opened at 3.5 with a 3.0 fantasy-point projection and a LESS recommendation at 74.3% confidence. This opening snapshot establishes the baseline for every later model run.,,,,,,,D,,,,,4.31,,0.8119,,,0.0,0.0,0.0,0.0,0.0,0.0,0.0,False,0.0,0.0,Model Initialized,Opening model run,,72,Major,🟣,The model opened at 3.5 with a 3.0 fantasy-point projection and a LESS recommendation at 74.3% confidence. This opening snapshot establishes the baseline for every later model run.,1,3.05,0.0,74.3,0.0,LESS,LESS → LESS,100,Opening model run,The recommendation stayed LESS. Projection is +0.0 fantasy points and confidence is +0.0 points versus the opening run. The largest driver today is opening model run.
2026-08-13T23:48:25-07:00,2026-08-14,,Brian Serven,ATH,TEX @ ATH,1,LESS,5.5,4.95,68.9,125.34,1.01,6,Kumar Rocker,0.0,The model opened at 5.5 with a 5.0 fantasy-point projection and a LESS recommendation at 68.9% confidence. This opening snapshot establishes the baseline for every later model run.,,,,,,,C+,,,,,4.28,,0.9137,,,0.0,0.0,0.0,0.0,0.0,0.0,0.0,False,0.0,0.0,Model Initialized,Opening model run,,72,Major,🟣,The model opened at 5.5 with a 5.0 fantasy-point projection and a LESS recommendation at 68.9% confidence. This opening snapshot establishes the baseline for every later model run.,1,4.95,0.0,68.9,0.0,LESS,LESS → LESS,100,Opening model run,The recommendation stayed LESS. Projection is +0.0 fantasy points and confidence is +0.0 points versus the opening run. The largest driver today is opening model run.
2026-08-13T23:48:25-07:00,2026-08-14,,Brice Turang,MIL,MIL @ LAD,1,LESS,5.0,4.35,72.7,145.31,1.0,1,Yoshinobu Yamamoto,0.0,The model opened at 5.0 with a 4.3 fantasy-point projection and a LESS recommendation at 72.7% confidence. This opening snapshot establishes the baseline for every later model run.,,,,,,,B-,,,,,3.71,,0.8965,,,0.0,0.0,0.0,0.0,0.0,0.0,0.0,False,0.0,0.0,Model Initialized,Opening model run,,72,Major,🟣,The model opened at 5.0 with a 4.3 fantasy-point projection and a LESS recommendation at 72.7% confidence. This opening snapshot establishes the baseline for every later model run.,1,4.35,0.0,72.7,0.0,LESS,LESS → LESS,100,Opening model run,The recommendation stayed LESS. Projection is +0.0 fantasy points and confidence is +0.0 points versus the opening run. The largest driver today is opening model run.
2026-08-13T23:48:25-07:00,2026-08-14,,Bryan Reynolds,PIT,BOS @ PIT,1,MORE,2.5,4.69,59.0,138.15,1.01,3,Jake Bennett,0.0,The model opened at 2.5 with a 4.7 fantasy-point projection and a MORE recommendation at 59.0% confidence. This opening snapshot establishes the baseline for every later model run.,,,,,,,B-,,,,,3.48,,0.9213,,,0.0,0.0,0.0,0.0,0.0,0.0,0.0,False,0.0,0.0,Model Initialized,Opening model run,,72,Major,🟣,The model opened at 2.5 with a 4.7 fantasy-point projection and a MORE recommendation at 59.0% confidence. This opening snapshot establishes the baseline for every later model run.,1,4.69,0.0,59.0,0.0,MORE,MORE → MORE,100,Opening model run,The recommendation stayed MORE. Projection is +0.0 fantasy points and confidence is +0.0 points versus the opening run. The largest driver today is opening model run.
2026-08-13T23:48:25-07:00,2026-08-14,,Bryan Torres,STL,STL @ CHC,1,LESS,4.0,3.4,70.7,88.75,1.01,9,Clay Holmes,0.0,The model opened at 4.0 with a 3.4 fantasy-point projection and a LESS recommendation at 70.7% confidence. This opening snapshot establishes the baseline for every later model run.,,,,,,,F,,,,,4.1,,0.8,,,0.0,0.0,0.0,0.0,0.0,0.0,0.0,False,0.0,0.0,Model Initialized,Opening model run,,72,Major,🟣,The model opened at 4.0 with a 3.4 fantasy-point projection and a LESS recommendation at 70.7% confidence. This opening snapshot establishes the baseline for every later model run.,1,3.4,0.0,70.7,0.0,LESS,LESS → LESS,100,Opening model run,The recommendation stayed LESS. Projection is +0.0 fantasy points and confidence is +0.0 points versus the opening run. The largest driver today is opening model run.
2026-08-13T23:48:25-07:00,2026-08-14,,Bryce Eldridge,SF,COL @ SF,1,MORE,5.5,8.15,64.6,208.16,1.01,1,Kyle Freeland,0.0,The model opened at 5.5 with a 8.2 fantasy-point projection and a MORE recommendation at 64.6% confidence. This opening snapshot establishes the baseline for every later model run.,,,,,,,A,,,,,5.47,,0.9226,,,0.0,0.0,0.0,0.0,0.0,0.0,0.0,False,0.0,0.0,Model Initialized,Opening model run,,72,Major,🟣,The model opened at 5.5 with a 8.2 fantasy-point projection and a MORE recommendation at 64.6% confidence. This opening snapshot establishes the baseline for every later model run.,1,8.15,0.0,64.6,0.0,MORE,MORE → MORE,100,Opening model run,The recommendation stayed MORE. Projection is +0.0 fantasy points and confidence is +0.0 points versus the opening run. The largest driver today is opening model run.
2026-08-13T23:48:25-07:00,2026-08-14,,Buddy Kennedy,SF,COL @ SF,1,LESS,4.5,4.08,63.0,97.83,1.01,6,Kyle Freeland,0.0,The model opened at 4.5 with a 4.1 fantasy-point projection and a LESS recommendation at 63.0% confidence. This opening snapshot establishes the baseline for every later model run.,,,,,,,D,,,,,5.47,,0.8,,,0.0,0.0,0.0,0.0,0.0,0.0,0.0,False,0.0,0.0,Model Initialized,Opening model run,,72,Major,🟣,The model opened at 4.5 with a 4.1 fantasy-point projection and a LESS recommendation at 63.0% confidence. This opening snapshot establishes the baseline for every later model run.,1,4.08,0.0,63.0,0.0,LESS,LESS → LESS,100,Opening model run,The recommendation stayed LESS. Projection is +0.0 fantasy points and confidence is +0.0 points versus the opening run. The largest driver today is opening model run.
2026-08-13T23:48:25-07:00,2026-08-14,,CJ Abrams,WSH,WSH @ NYM,1,MORE,3.5,8.06,61.1,224.17,1.03,1,Robert Stock,0.0,The model opened at 3.5 with a 8.1 fantasy-point projection and a MORE recommendation at 61.1% confidence. This opening snapshot establishes the baseline for every later model run.,,,,,,,A+,,,,,4.14,,0.9421,,,0.0,0.0,0.0,0.0,0.0,0.0,0.0,False,0.0,0.0,Model Initialized,Opening model run,,72,Major,🟣,The model opened at 3.5 with a 8.1 fantasy-point projection and a MORE recommendation at 61.1% confidence. This opening snapshot establishes the baseline for every later model run.,1,8.06,0.0,61.1,0.0,MORE,MORE → MORE,100,Opening model run,The recommendation stayed MORE. Projection is +0.0 fantasy points and confidence is +0.0 points versus the opening run. The largest driver today is opening model run.
2026-08-13T23:48:25-07:00,2026-08-14,,Cal Raleigh,SEA,SEA @ HOU,1,LESS,5.0,4.36,74.0,120.89,1.0,8,Peter Lambert,0.0,The model opened at 5.0 with a 4.4 fantasy-point projection and a LESS recommendation at 74.0% confidence. This opening snapshot establishes the baseline for every later model run.,,,,,,,C,,,,,4.54,,0.962,,,0.0,0.0,0.0,0.0,0.0,0.0,0.0,False,0.0,0.0,Model Initialized,Opening model run,,72,Major,🟣,The model opened at 5.0 with a 4.4 fantasy-point projection and a LESS recommendation at 74.0% confidence. This opening snapshot establishes the baseline for every later model run.,1,4.36,0.0,74.0,0.0,LESS,LESS → LESS,100,Opening model run,The recommendation stayed LESS. Projection is +0.0 fantasy points and confidence is +0.0 points versus the opening run. The largest driver today is opening model run.
2026-08-13T23:48:25-07:00,2026-08-14,,Caleb Durbin,BOS,BOS @ PIT,1,LESS,4.5,3.78,67.1,142.6,1.01,6,Bubba Chandler,0.0,The model opened at 4.5 with a 3.8 fantasy-point projection and a LESS recommendation at 67.1% confidence. This opening snapshot establishes the baseline for every later model run.,,,,,,,B-,,,,,4.32,,0.8,,,0.0,0.0,0.0,0.0,0.0,0.0,0.0,False,0.0,0.0,Model Initialized,Opening model run,,72,Major,🟣,The model opened at 4.5 with a 3.8 fantasy-point projection and a LESS recommendation at 67.1% confidence. This opening snapshot establishes the baseline for every later model run.,1,3.78,0.0,67.1,0.0,LESS,LESS → LESS,100,Opening model run,The recommendation stayed LESS. Projection is +0.0 fantasy points and confidence is +0.0 points versus the opening run. The largest driver today is opening model run.
2026-08-13T23:48:25-07:00,2026-08-14,,Cam Cauley,TEX,TEX @ ATH,1,LESS,4.0,3.58,68.9,92.06,1.01,9,TBD,0.0,The model opened at 4.0 with a 3.6 fantasy-point projection and a LESS recommendation at 68.9% confidence. This opening snapshot establishes the baseline for every later model run.,,,,,,,F,,,,,5.51,,0.8,,,0.0,0.0,0.0,0.0,0.0,0.0,0.0,False,0.0,0.0,Model Initialized,Opening model run,,72,Major,🟣,The model opened at 4.0 with a 3.6 fantasy-point projection and a LESS recommendation at 68.9% confidence. This opening snapshot establishes the baseline for every later model run.,1,3.58,0.0,68.9,0.0,LESS,LESS → LESS,100,Opening model run,The recommendation stayed LESS. Projection is +0.0 fantasy points and confidence is +0.0 points versus the opening run. The largest driver today is opening model run.
2026-08-13T23:48:25-07:00,2026-08-14,,Cam Smith,HOU,SEA @ HOU,1,LESS,5.0,4.47,72.0,137.64,1.0,8,George Kirby,0.0,The model opened at 5.0 with a 4.5 fantasy-point projection and a LESS recommendation at 72.0% confidence. This opening snapshot establishes the baseline for every later model run.,,,,,,,B-,,,,,3.81,,0.9577,,,0.0,0.0,0.0,0.0,0.0,0.0,0.0,False,0.0,0.0,Model Initialized,Opening model run,,72,Major,🟣,The model opened at 5.0 with a 4.5 fantasy-point projection and a LESS recommendation at 72.0% confidence. This opening snapshot establishes the baseline for every later model run.,1,4.47,0.0,72.0,0.0,LESS,LESS → LESS,100,Opening model run,The recommendation stayed LESS. Projection is +0.0 fantasy points and confidence is +0.0 points versus the opening run. The largest driver today is opening model run.
2026-08-13T23:48:25-07:00,2026-08-14,,Carlos Cortes,ATH,TEX @ ATH,1,LESS,5.0,4.75,70.9,124.43,1.01,4,Kumar Rocker,0.0,The model opened at 5.0 with a 4.8 fantasy-point projection and a LESS recommendation at 70.9% confidence. This opening snapshot establishes the baseline for every later model run.,,,,,,,C+,,,,,4.28,,0.8,,,0.0,0.0,0.0,0.0,0.0,0.0,0.0,False,0.0,0.0,Model Initialized,Opening model run,,72,Major,🟣,The model opened at 5.0 with a 4.8 fantasy-point projection and a LESS recommendation at 70.9% confidence. This opening snapshot establishes the baseline for every later model run.,1,4.75,0.0,70.9,0.0,LESS,LESS → LESS,100,Opening model run,The recommendation stayed LESS. Projection is +0.0 fantasy points and confidence is +0.0 points versus the opening run. The largest driver today is opening model run.
2026-08-13T23:48:25-07:00,2026-08-14,,Carlos Narváez,BAL,BAL @ TB,1,LESS,3.5,3.24,69.4,92.13,1.0,9,Steven Matz,0.0,The model opened at 3.5 with a 3.2 fantasy-point projection and a LESS recommendation at 69.4% confidence. This opening snapshot establishes the baseline for every later model run.,,,,,,,F,,,,,4.47,,0.8756,,,0.0,0.0,0.0,0.0,0.0,0.0,0.0,False,0.0,0.0,Model Initialized,Opening model run,,72,Major,🟣,The model opened at 3.5 with a 3.2 fantasy-point projection and a LESS recommendation at 69.4% confidence. This opening snapshot establishes the baseline for every later model run.,1,3.24,0.0,69.4,0.0,LESS,LESS → LESS,100,Opening model run,The recommendation stayed LESS. Projection is +0.0 fantasy points and confidence is +0.0 points versus the opening run. The largest driver today is opening model run.
2026-08-13T23:48:25-07:00,2026-08-14,,Carson Benge,NYM,WSH @ NYM,1,MORE,3.0,6.1,63.9,182.54,1.03,4,Andrew Alvarez,0.0,The model opened at 3.0 with a 6.1 fantasy-point projection and a MORE recommendation at 63.9% confidence. This opening snapshot establishes the baseline for every later model run.,,,,,,,A-,,,,,4.72,,0.9491,,,0.0,0.0,0.0,0.0,0.0,0.0,0.0,False,0.0,0.0,Model Initialized,Opening model run,,72,Major,🟣,The model opened at 3.0 with a 6.1 fantasy-point projection and a MORE recommendation at 63.9% confidence. This opening snapshot establishes the baseline for every later model run.,1,6.1,0.0,63.9,0.0,MORE,MORE → MORE,100,Opening model run,The recommendation stayed MORE. Projection is +0.0 fantasy points and confidence is +0.0 points versus the opening run. The largest driver today is opening model run.
2026-08-13T23:48:25-07:00,2026-08-14,,Carson Kelly,CHC,STL @ CHC,1,LESS,5.0,4.38,70.7,134.8,1.01,7,Matthew Liberatore,0.0,The model opened at 5.0 with a 4.4 fantasy-point projection and a LESS recommendation at 70.7% confidence. This opening snapshot establishes the baseline for every later model run.,,,,,,,B-,,,,,4.07,,0.8,,,0.0,0.0,0.0,0.0,0.0,0.0,0.0,False,0.0,0.0,Model Initialized,Opening model run,,72,Major,🟣,The model opened at 5.0 with a 4.4 fantasy-point projection and a LESS recommendation at 70.7% confidence. This opening snapshot establishes the baseline for every later model run.,1,4.38,0.0,70.7,0.0,LESS,LESS → LESS,100,Opening model run,The recommendation stayed LESS. Projection is +0.0 fantasy points and confidence is +0.0 points versus the opening run. The largest driver today is opening model run.
2026-08-13T23:48:25-07:00,2026-08-14,,Carter Jensen,KC,KC @ LAA,1,LESS,5.5,5.13,66.4,156.5,1.0,1,Grayson Rodriguez,0.0,The model opened at 5.5 with a 5.1 fantasy-point projection and a LESS recommendation at 66.4% confidence. This opening snapshot establishes the baseline for every later model run.,,,,,,,B,,,,,4.43,,0.8988,,,0.0,0.0,0.0,0.0,0.0,0.0,0.0,False,0.0,0.0,Model Initialized,Opening model run,,72,Major,🟣,The model opened at 5.5 with a 5.1 fantasy-point projection and a LESS recommendation at 66.4% confidence. This opening snapshot establishes the baseline for every later model run.,1,5.13,0.0,66.4,0.0,LESS,LESS → LESS,100,Opening model run,The recommendation stayed LESS. Projection is +0.0 fantasy points and confidence is +0.0 points versus the opening run. The largest driver today is opening model run.
2026-08-13T23:48:25-07:00,2026-08-14,,Ceddanne Rafaela,BOS,BOS @ PIT,1,LESS,6.0,5.4,67.6,182.59,1.01,2,Bubba Chandler,0.0,The model opened at 6.0 with a 5.4 fantasy-point projection and a LESS recommendation at 67.6% confidence. This opening snapshot establishes the baseline for every later model run.,,,,,,,A-,,,,,4.32,,0.8,,,0.0,0.0,0.0,0.0,0.0,0.0,0.0,False,0.0,0.0,Model Initialized,Opening model run,,72,Major,🟣,The model opened at 6.0 with a 5.4 fantasy-point projection and a LESS recommendation at 67.6% confidence. This opening snapshot establishes the baseline for every later model run.,1,5.4,0.0,67.6,0.0,LESS,LESS → LESS,100,Opening model run,The recommendation stayed LESS. Projection is +0.0 fantasy points and confidence is +0.0 points versus the opening run. The largest driver today is opening model run.
2026-08-13T23:48:25-07:00,2026-08-14,,Cedric Mullins,TB,BAL @ TB,1,LESS,4.5,4.04,65.5,123.91,1.0,7,TBD,0.0,The model opened at 4.5 with a 4.0 fantasy-point projection and a LESS recommendation at 65.5% confidence. This opening snapshot establishes the baseline for every later model run.,,,,,,,C+,,,,,4.24,,0.8,,,0.0,0.0,0.0,0.0,0.0,0.0,0.0,False,0.0,0.0,Model Initialized,Opening model run,,72,Major,🟣,The model opened at 4.5 with a 4.0 fantasy-point projection and a LESS recommendation at 65.5% confidence. This opening snapshot establishes the baseline for every later model run.,1,4.04,0.0,65.5,0.0,LESS,LESS → LESS,100,Opening model run,The recommendation stayed LESS. Projection is +0.0 fantasy points and confidence is +0.0 points versus the opening run. The largest driver today is opening model run.
2026-08-13T23:48:25-07:00,2026-08-14,,Chandler Simpson,TB,BAL @ TB,1,LESS,5.0,4.43,68.7,148.13,1.0,5,TBD,0.0,The model opened at 5.0 with a 4.4 fantasy-point projection and a LESS recommendation at 68.7% confidence. This opening snapshot establishes the baseline for every later model run.,,,,,,,B,,,,,4.24,,0.8,,,0.0,0.0,0.0,0.0,0.0,0.0,0.0,False,0.0,0.0,Model Initialized,Opening model run,,72,Major,🟣,The model opened at 5.0 with a 4.4 fantasy-point projection and a LESS recommendation at 68.7% confidence. This opening snapshot establishes the baseline for every later model run.,1,4.43,0.0,68.7,0.0,LESS,LESS → LESS,100,Opening model run,The recommendation stayed LESS. Projection is +0.0 fantasy points and confidence is +0.0 points versus the opening run. The largest driver today is opening model run.
2026-08-13T23:48:25-07:00,2026-08-14,,Charles McAdoo,TOR,NYY @ TOR,1,LESS,3.5,2.86,74.9,102.86,1.0,1,Gerrit Cole,0.0,The model opened at 3.5 with a 2.9 fantasy-point projection and a LESS recommendation at 74.9% confidence. This opening snapshot establishes the baseline for every later model run.,,,,,,,D,,,,,3.28,,0.8003,,,0.0,0.0,0.0,0.0,0.0,0.0,0.0,False,0.0,0.0,Model Initialized,Opening model run,,72,Major,🟣,The model opened at 3.5 with a 2.9 fantasy-point projection and a LESS recommendation at 74.9% confidence. This opening snapshot establishes the baseline for every later model run.,1,2.86,0.0,74.9,0.0,LESS,LESS → LESS,100,Opening model run,The recommendation stayed LESS. Projection is +0.0 fantasy points and confidence is +0.0 points versus the opening run. The largest driver today is opening model run.
2026-08-13T23:48:25-07:00,2026-08-14,,Chase DeLauter,CLE,SD @ CLE,1,MORE,3.0,6.1,63.3,179.94,1.03,2,Michael King,0.0,The model opened at 3.0 with a 6.1 fantasy-point projection and a MORE recommendation at 63.3% confidence. This opening snapshot establishes the baseline for every later model run.,,,,,,,A-,,,,,4.1,,0.9919,,,0.0,0.0,0.0,0.0,0.0,0.0,0.0,False,0.0,0.0,Model Initialized,Opening model run,,72,Major,🟣,The model opened at 3.0 with a 6.1 fantasy-point projection and a MORE recommendation at 63.3% confidence. This opening snapshot establishes the baseline for every later model run.,1,6.1,0.0,63.3,0.0,MORE,MORE → MORE,100,Opening model run,The recommendation stayed MORE. Projection is +0.0 fantasy points and confidence is +0.0 points versus the opening run. The largest driver today is opening model run.
2026-08-13T23:48:25-07:00,2026-08-14,,Chase Meidroth,CWS,CWS @ DET,1,LESS,3.5,3.09,70.6,132.48,1.04,1,Jackson Jobe,0.0,The model opened at 3.5 with a 3.1 fantasy-point projection and a LESS recommendation at 70.6% confidence. This opening snapshot establishes the baseline for every later model run.,,,,,,,C+,,,,,3.47,,0.8,,,0.0,0.0,0.0,0.0,0.0,0.0,0.0,False,0.0,0.0,Model Initialized,Opening model run,,72,Major,🟣,The model opened at 3.5 with a 3.1 fantasy-point projection and a LESS recommendation at 70.6% confidence. This opening snapshot establishes the baseline for every later model run.,1,3.09,0.0,70.6,0.0,LESS,LESS → LESS,100,Opening model run,The recommendation stayed LESS. Projection is +0.0 fantasy points and confidence is +0.0 points versus the opening run. The largest driver today is opening model run.
2026-08-13T23:48:25-07:00,2026-08-14,,Christian Encarnacion-Strand,BAL,BAL @ TB,1,LESS,4.5,4.02,75.6,126.17,1.0,6,Steven Matz,0.0,The model opened at 4.5 with a 4.0 fantasy-point projection and a LESS recommendation at 75.6% confidence. This opening snapshot establishes the baseline for every later model run.,,,,,,,C+,,,,,4.47,,0.9586,,,0.0,0.0,0.0,0.0,0.0,0.0,0.0,False,0.0,0.0,Model Initialized,Opening model run,,72,Major,🟣,The model opened at 4.5 with a 4.0 fantasy-point projection and a LESS recommendation at 75.6% confidence. This opening snapshot establishes the baseline for every later model run.,1,4.02,0.0,75.6,0.0,LESS,LESS → LESS,100,Opening model run,The recommendation stayed LESS. Projection is +0.0 fantasy points and confidence is +0.0 points versus the opening run. The largest driver today is opening model run.
2026-08-13T23:48:25-07:00,2026-08-14,,Christian Koss,SF,COL @ SF,1,MORE,3.5,5.58,66.3,138.69,1.01,9,Kyle Freeland,0.0,The model opened at 3.5 with a 5.6 fantasy-point projection and a MORE recommendation at 66.3% confidence. This opening snapshot establishes the baseline for every later model run.,,,,,,,B-,,,,,5.47,,0.8072,,,0.0,0.0,0.0,0.0,0.0,0.0,0.0,False,0.0,0.0,Model Initialized,Opening model run,,72,Major,🟣,The model opened at 3.5 with a 5.6 fantasy-point projection and a MORE recommendation at 66.3% confidence. This opening snapshot establishes the baseline for every later model run.,1,5.58,0.0,66.3,0.0,MORE,MORE → MORE,100,Opening model run,The recommendation stayed MORE. Projection is +0.0 fantasy points and confidence is +0.0 points versus the opening run. The largest driver today is opening model run.
2026-08-13T23:48:25-07:00,2026-08-14,,Christian Vázquez,HOU,SEA @ HOU,1,LESS,3.0,2.39,77.5,81.79,1.0,9,George Kirby,0.0,The model opened at 3.0 with a 2.4 fantasy-point projection and a LESS recommendation at 77.5% confidence. This opening snapshot establishes the baseline for every later model run.,,,,,,,F,,,,,3.81,,0.8,,,0.0,0.0,0.0,0.0,0.0,0.0,0.0,False,0.0,0.0,Model Initialized,Opening model run,,72,Major,🟣,The model opened at 3.0 with a 2.4 fantasy-point projection and a LESS recommendation at 77.5% confidence. This opening snapshot establishes the baseline for every later model run.,1,2.39,0.0,77.5,0.0,LESS,LESS → LESS,100,Opening model run,The recommendation stayed LESS. Projection is +0.0 fantasy points and confidence is +0.0 points versus the opening run. The largest driver today is opening model run.
2026-08-13T23:48:25-07:00,2026-08-14,,Christian Walker,HOU,SEA @ HOU,1,LESS,4.5,3.79,67.6,131.82,1.0,5,George Kirby,0.0,The model opened at 4.5 with a 3.8 fantasy-point projection and a LESS recommendation at 67.6% confidence. This opening snapshot establishes the baseline for every later model run.,,,,,,,C+,,,,,3.81,,0.8295,,,0.0,0.0,0.0,0.0,0.0,0.0,0.0,False,0.0,0.0,Model Initialized,Opening model run,,72,Major,🟣,The model opened at 4.5 with a 3.8 fantasy-point projection and a LESS recommendation at 67.6% confidence. This opening snapshot establishes the baseline for every later model run.,1,3.79,0.0,67.6,0.0,LESS,LESS → LESS,100,Opening model run,The recommendation stayed LESS. Projection is +0.0 fantasy points and confidence is +0.0 points versus the opening run. The largest driver today is opening model run.
2026-08-13T23:48:25-07:00,2026-08-14,,Christian Yelich,MIL,MIL @ LAD,1,LESS,3.5,3.18,70.5,107.31,1.0,6,Yoshinobu Yamamoto,0.0,The model opened at 3.5 with a 3.2 fantasy-point projection and a LESS recommendation at 70.5% confidence. This opening snapshot establishes the baseline for every later model run.,,,,,,,D,,,,,3.71,,0.8529,,,0.0,0.0,0.0,0.0,0.0,0.0,0.0,False,0.0,0.0,Model Initialized,Opening model run,,72,Major,🟣,The model opened at 3.5 with a 3.2 fantasy-point projection and a LESS recommendation at 70.5% confidence. This opening snapshot establishes the baseline for every later model run.,1,3.18,0.0,70.5,0.0,LESS,LESS → LESS,100,Opening model run,The recommendation stayed LESS. Projection is +0.0 fantasy points and confidence is +0.0 points versus the opening run. The largest driver today is opening model run.
2026-08-13T23:48:25-07:00,2026-08-14,,Coby Mayo,BAL,BAL @ TB,1,LESS,5.0,4.75,70.4,145.21,1.0,7,Steven Matz,0.0,The model opened at 5.0 with a 4.8 fantasy-point projection and a LESS recommendation at 70.4% confidence. This opening snapshot establishes the baseline for every later model run.,,,,,,,B-,,,,,4.47,,0.9413,,,0.0,0.0,0.0,0.0,0.0,0.0,0.0,False,0.0,0.0,Model Initialized,Opening model run,,72,Major,🟣,The model opened at 5.0 with a 4.8 fantasy-point projection and a LESS recommendation at 70.4% confidence. This opening snapshot establishes the baseline for every later model run.,1,4.75,0.0,70.4,0.0,LESS,LESS → LESS,100,Opening model run,The recommendation stayed LESS. Projection is +0.0 fantasy points and confidence is +0.0 points versus the opening run. The largest driver today is opening model run.
2026-08-13T23:48:25-07:00,2026-08-14,,Cole Carrigg,COL,COL @ SF,1,MORE,3.0,6.3,62.3,179.41,1.01,2,Landen Roupp,0.0,The model opened at 3.0 with a 6.3 fantasy-point projection and a MORE recommendation at 62.3% confidence. This opening snapshot establishes the baseline for every later model run.,,,,,,,A-,,,,,4.31,,0.8601,,,0.0,0.0,0.0,0.0,0.0,0.0,0.0,False,0.0,0.0,Model Initialized,Opening model run,,72,Major,🟣,The model opened at 3.0 with a 6.3 fantasy-point projection and a MORE recommendation at 62.3% confidence. This opening snapshot establishes the baseline for every later model run.,1,6.3,0.0,62.3,0.0,MORE,MORE → MORE,100,Opening model run,The recommendation stayed MORE. Projection is +0.0 fantasy points and confidence is +0.0 points versus the opening run. The largest driver today is opening model run.
2026-08-13T23:48:25-07:00,2026-08-14,,Cole Young,SEA,SEA @ HOU,1,LESS,5.0,4.66,70.3,143.31,1.0,2,Peter Lambert,0.0,The model opened at 5.0 with a 4.7 fantasy-point projection and a LESS recommendation at 70.3% confidence. This opening snapshot establishes the baseline for every later model run.,,,,,,,B-,,,,,4.54,,0.8785,,,0.0,0.0,0.0,0.0,0.0,0.0,0.0,False,0.0,0.0,Model Initialized,Opening model run,,72,Major,🟣,The model opened at 5.0 with a 4.7 fantasy-point projection and a LESS recommendation at 70.3% confidence. This opening snapshot establishes the baseline for every later model run.,1,4.66,0.0,70.3,0.0,LESS,LESS → LESS,100,Opening model run,The recommendation stayed LESS. Projection is +0.0 fantasy points and confidence is +0.0 points versus the opening run. The largest driver today is opening model run.
2026-08-13T23:48:25-07:00,2026-08-14,,Colson Montgomery,CWS,CWS @ DET,1,LESS,3.5,2.94,73.8,105.78,1.04,6,Jackson Jobe,0.0,The model opened at 3.5 with a 2.9 fantasy-point projection and a LESS recommendation at 73.8% confidence. This opening snapshot establishes the baseline for every later model run.,,,,,,,D,,,,,3.47,,0.9452,,,0.0,0.0,0.0,0.0,0.0,0.0,0.0,False,0.0,0.0,Model Initialized,Opening model run,,72,Major,🟣,The model opened at 3.5 with a 2.9 fantasy-point projection and a LESS recommendation at 73.8% confidence. This opening snapshot establishes the baseline for every later model run.,1,2.94,0.0,73.8,0.0,LESS,LESS → LESS,100,Opening model run,The recommendation stayed LESS. Projection is +0.0 fantasy points and confidence is +0.0 points versus the opening run. The largest driver today is opening model run.
2026-08-13T23:48:25-07:00,2026-08-14,,Colt Emerson,SEA,SEA @ HOU,1,LESS,3.5,3.13,70.6,91.3,1.0,9,Peter Lambert,0.0,The model opened at 3.5 with a 3.1 fantasy-point projection and a LESS recommendation at 70.6% confidence. This opening snapshot establishes the baseline for every later model run.,,,,,,,F,,,,,4.54,,0.8,,,0.0,0.0,0.0,0.0,0.0,0.0,0.0,False,0.0,0.0,Model Initialized,Opening model run,,72,Major,🟣,The model opened at 3.5 with a 3.1 fantasy-point projection and a LESS recommendation at 70.6% confidence. This opening snapshot establishes the baseline for every later model run.,1,3.13,0.0,70.6,0.0,LESS,LESS → LESS,100,Opening model run,The recommendation stayed LESS. Projection is +0.0 fantasy points and confidence is +0.0 points versus the opening run. The largest driver today is opening model run.
2026-08-13T23:48:25-07:00,2026-08-14,,Colt Keith,DET,CWS @ DET,1,LESS,4.0,3.65,68.6,120.81,1.04,5,Sean Newcomb,0.0,The model opened at 4.0 with a 3.6 fantasy-point projection and a LESS recommendation at 68.6% confidence. This opening snapshot establishes the baseline for every later model run.,,,,,,,C,,,,,2.81,,0.9024,,,0.0,0.0,0.0,0.0,0.0,0.0,0.0,False,0.0,0.0,Model Initialized,Opening model run,,72,Major,🟣,The model opened at 4.0 with a 3.6 fantasy-point projection and a LESS recommendation at 68.6% confidence. This opening snapshot establishes the baseline for every later model run.,1,3.65,0.0,68.6,0.0,LESS,LESS → LESS,100,Opening model run,The recommendation stayed LESS. Projection is +0.0 fantasy points and confidence is +0.0 points versus the opening run. The largest driver today is opening model run.
2026-08-13T23:48:25-07:00,2026-08-14,,Colton Cowser,BAL,BAL @ TB,1,MORE,2.5,4.81,61.3,121.32,1.0,8,Steven Matz,0.0,The model opened at 2.5 with a 4.8 fantasy-point projection and a MORE recommendation at 61.3% confidence. This opening snapshot establishes the baseline for every later model run.,,,,,,,C+,,,,,4.47,,0.913,,,0.0,0.0,0.0,0.0,0.0,0.0,0.0,False,0.0,0.0,Model Initialized,Opening model run,,72,Major,🟣,The model opened at 2.5 with a 4.8 fantasy-point projection and a MORE recommendation at 61.3% confidence. This opening snapshot establishes the baseline for every later model run.,1,4.81,0.0,61.3,0.0,MORE,MORE → MORE,100,Opening model run,The recommendation stayed MORE. Projection is +0.0 fantasy points and confidence is +0.0 points versus the opening run. The largest driver today is opening model run.
2026-08-13T23:48:25-07:00,2026-08-14,,Connor Norby,COL,COL @ SF,1,LESS,4.5,3.93,64.7,107.28,1.01,8,Landen Roupp,0.0,The model opened at 4.5 with a 3.9 fantasy-point projection and a LESS recommendation at 64.7% confidence. This opening snapshot establishes the baseline for every later model run.,,,,,,,D,,,,,4.31,,0.8028,,,0.0,0.0,0.0,0.0,0.0,0.0,0.0,False,0.0,0.0,Model Initialized,Opening model run,,72,Major,🟣,The model opened at 4.5 with a 3.9 fantasy-point projection and a LESS recommendation at 64.7% confidence. This opening snapshot establishes the baseline for every later model run.,1,3.93,0.0,64.7,0.0,LESS,LESS → LESS,100,Opening model run,The recommendation stayed LESS. Projection is +0.0 fantasy points and confidence is +0.0 points versus the opening run. The largest driver today is opening model run.
2026-08-13T23:48:25-07:00,2026-08-14,,Connor Wong,BOS,BOS @ PIT,1,LESS,3.5,3.08,69.8,101.22,1.01,9,Bubba Chandler,0.0,The model opened at 3.5 with a 3.1 fantasy-point projection and a LESS recommendation at 69.8% confidence. This opening snapshot establishes the baseline for every later model run.,,,,,,,D,,,,,4.32,,0.8025,,,0.0,0.0,0.0,0.0,0.0,0.0,0.0,False,0.0,0.0,Model Initialized,Opening model run,,72,Major,🟣,The model opened at 3.5 with a 3.1 fantasy-point projection and a LESS recommendation at 69.8% confidence. This opening snapshot establishes the baseline for every later model run.,1,3.08,0.0,69.8,0.0,LESS,LESS → LESS,100,Opening model run,The recommendation stayed LESS. Projection is +0.0 fantasy points and confidence is +0.0 points versus the opening run. The largest driver today is opening model run.
2026-08-13T23:48:25-07:00,2026-08-14,,Corbin Carroll,ARI,ARI @ ATL,1,MORE,4.0,7.12,59.1,197.13,1.055,2,TBD,0.0,The model opened at 4.0 with a 7.1 fantasy-point projection and a MORE recommendation at 59.1% confidence. This opening snapshot establishes the baseline for every later model run.,,,,,,,A,,,,,3.6,,0.9385,,,0.0,0.0,0.0,0.0,0.0,0.0,0.0,False,0.0,0.0,Model Initialized,Opening model run,,72,Major,🟣,The model opened at 4.0 with a 7.1 fantasy-point projection and a MORE recommendation at 59.1% confidence. This opening snapshot establishes the baseline for every later model run.,1,7.12,0.0,59.1,0.0,MORE,MORE → MORE,100,Opening model run,The recommendation stayed MORE. Projection is +0.0 fantasy points and confidence is +0.0 points versus the opening run. The largest driver today is opening model run.
2026-08-13T23:48:25-07:00,2026-08-14,,Corey Seager,TEX,TEX @ ATH,1,MORE,3.5,7.23,64.8,185.54,1.01,3,TBD,0.0,The model opened at 3.5 with a 7.2 fantasy-point projection and a MORE recommendation at 64.8% confidence. This opening snapshot establishes the baseline for every later model run.,,,,,,,A-,,,,,5.51,,0.9766,,,0.0,0.0,0.0,0.0,0.0,0.0,0.0,False,0.0,0.0,Model Initialized,Opening model run,,72,Major,🟣,The model opened at 3.5 with a 7.2 fantasy-point projection and a MORE recommendation at 64.8% confidence. This opening snapshot establishes the baseline for every later model run.,1,7.23,0.0,64.8,0.0,MORE,MORE → MORE,100,Opening model run,The recommendation stayed MORE. Projection is +0.0 fantasy points and confidence is +0.0 points versus the opening run. The largest driver today is opening model run.
2026-08-13T23:48:25-07:00,2026-08-14,,César Prieto,STL,STL @ CHC,1,LESS,3.0,2.43,77.1,53.44,1.01,9,Clay Holmes,0.0,The model opened at 3.0 with a 2.4 fantasy-point projection and a LESS recommendation at 77.1% confidence. This opening snapshot establishes the baseline for every later model run.,,,,,,,F,,,,,4.1,,0.8028,,,0.0,0.0,0.0,0.0,0.0,0.0,0.0,False,0.0,0.0,Model Initialized,Opening model run,,72,Major,🟣,The model opened at 3.0 with a 2.4 fantasy-point projection and a LESS recommendation at 77.1% confidence. This opening snapshot establishes the baseline for every later model run.,1,2.43,0.0,77.1,0.0,LESS,LESS → LESS,100,Opening model run,The recommendation stayed LESS. Projection is +0.0 fantasy points and confidence is +0.0 points versus the opening run. The largest driver today is opening model run.
2026-08-13T23:48:25-07:00,2026-08-14,,Dane Myers,CIN,MIA @ CIN,1,LESS,3.5,2.96,71.1,102.38,1.03,6,Sandy Alcantara,0.0,The model opened at 3.5 with a 3.0 fantasy-point projection and a LESS recommendation at 71.1% confidence. This opening snapshot establishes the baseline for every later model run.,,,,,,,D,,,,,3.98,,0.8,,,0.0,0.0,0.0,0.0,0.0,0.0,0.0,False,0.0,0.0,Model Initialized,Opening model run,,72,Major,🟣,The model opened at 3.5 with a 3.0 fantasy-point projection and a LESS recommendation at 71.1% confidence. This opening snapshot establishes the baseline for every later model run.,1,2.96,0.0,71.1,0.0,LESS,LESS → LESS,100,Opening model run,The recommendation stayed LESS. Projection is +0.0 fantasy points and confidence is +0.0 points versus the opening run. The largest driver today is opening model run.
2026-08-13T23:48:25-07:00,2026-08-14,,Dansby Swanson,CHC,STL @ CHC,1,LESS,6.0,5.54,67.0,159.09,1.01,9,Matthew Liberatore,0.0,The model opened at 6.0 with a 5.5 fantasy-point projection and a LESS recommendation at 67.0% confidence. This opening snapshot establishes the baseline for every later model run.,,,,,,,B,,,,,4.07,,0.927,,,0.0,0.0,0.0,0.0,0.0,0.0,0.0,False,0.0,0.0,Model Initialized,Opening model run,,72,Major,🟣,The model opened at 6.0 with a 5.5 fantasy-point projection and a LESS recommendation at 67.0% confidence. This opening snapshot establishes the baseline for every later model run.,1,5.54,0.0,67.0,0.0,LESS,LESS → LESS,100,Opening model run,The recommendation stayed LESS. Projection is +0.0 fantasy points and confidence is +0.0 points versus the opening run. The largest driver today is opening model run.
2026-08-13T23:48:25-07:00,2026-08-14,,Daulton Varsho,HOU,SEA @ HOU,1,LESS,4.5,4.09,63.7,119.62,1.0,7,George Kirby,0.0,The model opened at 4.5 with a 4.1 fantasy-point projection and a LESS recommendation at 63.7% confidence. This opening snapshot establishes the baseline for every later model run.,,,,,,,C,,,,,3.81,,0.8391,,,0.0,0.0,0.0,0.0,0.0,0.0,0.0,False,0.0,0.0,Model Initialized,Opening model run,,72,Major,🟣,The model opened at 4.5 with a 4.1 fantasy-point projection and a LESS recommendation at 63.7% confidence. This opening snapshot establishes the baseline for every later model run.,1,4.09,0.0,63.7,0.0,LESS,LESS → LESS,100,Opening model run,The recommendation stayed LESS. Projection is +0.0 fantasy points and confidence is +0.0 points versus the opening run. The largest driver today is opening model run.
2026-08-13T23:48:25-07:00,2026-08-14,,David Hamilton,MIL,MIL @ LAD,1,LESS,3.0,2.61,75.0,92.13,1.0,9,Yoshinobu Yamamoto,0.0,The model opened at 3.0 with a 2.6 fantasy-point projection and a LESS recommendation at 75.0% confidence. This opening snapshot establishes the baseline for every later model run.,,,,,,,F,,,,,3.71,,0.8,,,0.0,0.0,0.0,0.0,0.0,0.0,0.0,False,0.0,0.0,Model Initialized,Opening model run,,72,Major,🟣,The model opened at 3.0 with a 2.6 fantasy-point projection and a LESS recommendation at 75.0% confidence. This opening snapshot establishes the baseline for every later model run.,1,2.61,0.0,75.0,0.0,LESS,LESS → LESS,100,Opening model run,The recommendation stayed LESS. Projection is +0.0 fantasy points and confidence is +0.0 points versus the opening run. The largest driver today is opening model run.
2026-08-13T23:48:25-07:00,2026-08-14,,Daylen Lile,WSH,WSH @ NYM,1,MORE,5.0,7.64,61.2,207.28,1.03,4,Robert Stock,0.0,The model opened at 5.0 with a 7.6 fantasy-point projection and a MORE recommendation at 61.2% confidence. This opening snapshot establishes the baseline for every later model run.,,,,,,,A,,,,,4.14,,0.8251,,,0.0,0.0,0.0,0.0,0.0,0.0,0.0,False,0.0,0.0,Model Initialized,Opening model run,,72,Major,🟣,The model opened at 5.0 with a 7.6 fantasy-point projection and a MORE recommendation at 61.2% confidence. This opening snapshot establishes the baseline for every later model run.,1,7.64,0.0,61.2,0.0,MORE,MORE → MORE,100,Opening model run,The recommendation stayed MORE. Projection is +0.0 fantasy points and confidence is +0.0 points versus the opening run. The largest driver today is opening model run.
2026-08-13T23:48:25-07:00,2026-08-14,,Denzer Guzman,LAA,KC @ LAA,1,LESS,3.5,2.8,74.0,100.39,1.0,6,Seth Lugo,0.0,The model opened at 3.5 with a 2.8 fantasy-point projection and a LESS recommendation at 74.0% confidence. This opening snapshot establishes the baseline for every later model run.,,,,,,,D,,,,,4.84,,0.8,,,0.0,0.0,0.0,0.0,0.0,0.0,0.0,False,0.0,0.0,Model Initialized,Opening model run,,72,Major,🟣,The model opened at 3.5 with a 2.8 fantasy-point projection and a LESS recommendation at 74.0% confidence. This opening snapshot establishes the baseline for every later model run.,1,2.8,0.0,74.0,0.0,LESS,LESS → LESS,100,Opening model run,The recommendation stayed LESS. Projection is +0.0 fantasy points and confidence is +0.0 points versus the opening run. The largest driver today is opening model run.
2026-08-13T23:48:25-07:00,2026-08-14,,Dillon Dingler,DET,CWS @ DET,1,LESS,5.5,5.11,68.7,159.48,1.04,3,Sean Newcomb,0.0,The model opened at 5.5 with a 5.1 fantasy-point projection and a LESS recommendation at 68.7% confidence. This opening snapshot establishes the baseline for every later model run.,,,,,,,B,,,,,2.81,,0.8675,,,0.0,0.0,0.0,0.0,0.0,0.0,0.0,False,0.0,0.0,Model Initialized,Opening model run,,72,Major,🟣,The model opened at 5.5 with a 5.1 fantasy-point projection and a LESS recommendation at 68.7% confidence. This opening snapshot establishes the baseline for every later model run.,1,5.11,0.0,68.7,0.0,LESS,LESS → LESS,100,Opening model run,The recommendation stayed LESS. Projection is +0.0 fantasy points and confidence is +0.0 points versus the opening run. The largest driver today is opening model run.
2026-08-13T23:48:25-07:00,2026-08-14,,Dominic Canzone,SEA,SEA @ HOU,1,LESS,6.0,5.49,68.5,153.53,1.0,4,Peter Lambert,0.0,The model opened at 6.0 with a 5.5 fantasy-point projection and a LESS recommendation at 68.5% confidence. This opening snapshot establishes the baseline for every later model run.,,,,,,,B,,,,,4.54,,0.9448,,,0.0,0.0,0.0,0.0,0.0,0.0,0.0,False,0.0,0.0,Model Initialized,Opening model run,,72,Major,🟣,The model opened at 6.0 with a 5.5 fantasy-point projection and a LESS recommendation at 68.5% confidence. This opening snapshot establishes the baseline for every later model run.,1,5.49,0.0,68.5,0.0,LESS,LESS → LESS,100,Opening model run,The recommendation stayed LESS. Projection is +0.0 fantasy points and confidence is +0.0 points versus the opening run. The largest driver today is opening model run.
2026-08-13T23:48:25-07:00,2026-08-14,,Dominic Smith,ATL,ARI @ ATL,1,LESS,4.5,3.8,66.4,108.17,1.055,6,Brandon Pfaadt,0.0,The model opened at 4.5 with a 3.8 fantasy-point projection and a LESS recommendation at 66.4% confidence. This opening snapshot establishes the baseline for every later model run.,,,,,,,D,,,,,4.12,,0.8,,,0.0,0.0,0.0,0.0,0.0,0.0,0.0,False,0.0,0.0,Model Initialized,Opening model run,,72,Major,🟣,The model opened at 4.5 with a 3.8 fantasy-point projection and a LESS recommendation at 66.4% confidence. This opening snapshot establishes the baseline for every later model run.,1,3.8,0.0,66.4,0.0,LESS,LESS → LESS,100,Opening model run,The recommendation stayed LESS. Projection is +0.0 fantasy points and confidence is +0.0 points versus the opening run. The largest driver today is opening model run.
2026-08-13T23:48:25-07:00,2026-08-14,,Donovan Walton,ATH,TEX @ ATH,1,LESS,3.5,2.93,71.8,88.83,1.01,8,Kumar Rocker,0.0,The model opened at 3.5 with a 2.9 fantasy-point projection and a LESS recommendation at 71.8% confidence. This opening snapshot establishes the baseline for every later model run.,,,,,,,F,,,,,4.28,,0.8,,,0.0,0.0,0.0,0.0,0.0,0.0,0.0,False,0.0,0.0,Model Initialized,Opening model run,,72,Major,🟣,The model opened at 3.5 with a 2.9 fantasy-point projection and a LESS recommendation at 71.8% confidence. This opening snapshot establishes the baseline for every later model run.,1,2.93,0.0,71.8,0.0,LESS,LESS → LESS,100,Opening model run,The recommendation stayed LESS. Projection is +0.0 fantasy points and confidence is +0.0 points versus the opening run. The largest driver today is opening model run.
2026-08-13T23:48:25-07:00,2026-08-14,,Drake Baldwin,ATL,ARI @ ATL,1,MORE,4.0,6.52,58.6,172.37,1.055,1,Brandon Pfaadt,0.0,The model opened at 4.0 with a 6.5 fantasy-point projection and a MORE recommendation at 58.6% confidence. This opening snapshot establishes the baseline for every later model run.,,,,,,,B+,,,,,4.12,,0.9402,,,0.0,0.0,0.0,0.0,0.0,0.0,0.0,False,0.0,0.0,Model Initialized,Opening model run,,72,Major,🟣,The model opened at 4.0 with a 6.5 fantasy-point projection and a MORE recommendation at 58.6% confidence. This opening snapshot establishes the baseline for every later model run.,1,6.52,0.0,58.6,0.0,MORE,MORE → MORE,100,Opening model run,The recommendation stayed MORE. Projection is +0.0 fantasy points and confidence is +0.0 points versus the opening run. The largest driver today is opening model run.
2026-08-13T23:48:25-07:00,2026-08-14,,Drew Cavanaugh,SF,COL @ SF,1,MORE,3.0,5.58,63.7,139.04,1.01,8,Kyle Freeland,0.0,The model opened at 3.0 with a 5.6 fantasy-point projection and a MORE recommendation at 63.7% confidence. This opening snapshot establishes the baseline for every later model run.,,,,,,,B-,,,,,5.47,,0.8096,,,0.0,0.0,0.0,0.0,0.0,0.0,0.0,False,0.0,0.0,Model Initialized,Opening model run,,72,Major,🟣,The model opened at 3.0 with a 5.6 fantasy-point projection and a MORE recommendation at 63.7% confidence. This opening snapshot establishes the baseline for every later model run.,1,5.58,0.0,63.7,0.0,MORE,MORE → MORE,100,Opening model run,The recommendation stayed MORE. Projection is +0.0 fantasy points and confidence is +0.0 points versus the opening run. The largest driver today is opening model run.
2026-08-13T23:48:25-07:00,2026-08-14,,Drew Gilbert,SF,COL @ SF,1,MORE,3.5,5.94,63.5,162.58,1.01,6,Kyle Freeland,0.0,The model opened at 3.5 with a 5.9 fantasy-point projection and a MORE recommendation at 63.5% confidence. This opening snapshot establishes the baseline for every later model run.,,,,,,,B+,,,,,5.47,,0.8378,,,0.0,0.0,0.0,0.0,0.0,0.0,0.0,False,0.0,0.0,Model Initialized,Opening model run,,72,Major,🟣,The model opened at 3.5 with a 5.9 fantasy-point projection and a MORE recommendation at 63.5% confidence. This opening snapshot establishes the baseline for every later model run.,1,5.94,0.0,63.5,0.0,MORE,MORE → MORE,100,Opening model run,The recommendation stayed MORE. Projection is +0.0 fantasy points and confidence is +0.0 points versus the opening run. The largest driver today is opening model run.
2026-08-13T23:48:25-07:00,2026-08-14,,Drew Romo,CWS,CWS @ DET,1,LESS,2.5,2.13,69.6,71.94,1.04,9,Jackson Jobe,0.0,The model opened at 2.5 with a 2.1 fantasy-point projection and a LESS recommendation at 69.6% confidence. This opening snapshot establishes the baseline for every later model run.,,,,,,,F,,,,,3.47,,0.8,,,0.0,0.0,0.0,0.0,0.0,0.0,0.0,False,0.0,0.0,Model Initialized,Opening model run,,72,Major,🟣,The model opened at 2.5 with a 2.1 fantasy-point projection and a LESS recommendation at 69.6% confidence. This opening snapshot establishes the baseline for every later model run.,1,2.13,0.0,69.6,0.0,LESS,LESS → LESS,100,Opening model run,The recommendation stayed LESS. Projection is +0.0 fantasy points and confidence is +0.0 points versus the opening run. The largest driver today is opening model run.
2026-08-13T23:48:25-07:00,2026-08-14,,Dylan Beavers,BAL,BAL @ TB,1,MORE,3.0,5.45,59.6,149.25,1.0,5,Steven Matz,0.0,The model opened at 3.0 with a 5.5 fantasy-point projection and a MORE recommendation at 59.6% confidence. This opening snapshot establishes the baseline for every later model run.,,,,,,,B,,,,,4.47,,0.8858,,,0.0,0.0,0.0,0.0,0.0,0.0,0.0,False,0.0,0.0,Model Initialized,Opening model run,,72,Major,🟣,The model opened at 3.0 with a 5.5 fantasy-point projection and a MORE recommendation at 59.6% confidence. This opening snapshot establishes the baseline for every later model run.,1,5.45,0.0,59.6,0.0,MORE,MORE → MORE,100,Opening model run,The recommendation stayed MORE. Projection is +0.0 fantasy points and confidence is +0.0 points versus the opening run. The largest driver today is opening model run.
2026-08-13T23:48:25-07:00,2026-08-14,,Dylan Crews,WSH,WSH @ NYM,1,MORE,3.0,6.39,59.6,176.37,1.03,1,Robert Stock,0.0,The model opened at 3.0 with a 6.4 fantasy-point projection and a MORE recommendation at 59.6% confidence. This opening snapshot establishes the baseline for every later model run.,,,,,,,B+,,,,,4.14,,0.9188,,,0.0,0.0,0.0,0.0,0.0,0.0,0.0,False,0.0,0.0,Model Initialized,Opening model run,,72,Major,🟣,The model opened at 3.0 with a 6.4 fantasy-point projection and a MORE recommendation at 59.6% confidence. This opening snapshot establishes the baseline for every later model run.,1,6.39,0.0,59.6,0.0,MORE,MORE → MORE,100,Opening model run,The recommendation stayed MORE. Projection is +0.0 fantasy points and confidence is +0.0 points versus the opening run. The largest driver today is opening model run.
2026-08-13T23:48:25-07:00,2026-08-14,,Edgar Quero,CWS,CWS @ DET,1,LESS,2.5,2.06,70.7,82.29,1.04,7,Jackson Jobe,0.0,The model opened at 2.5 with a 2.1 fantasy-point projection and a LESS recommendation at 70.7% confidence. This opening snapshot establishes the baseline for every later model run.,,,,,,,F,,,,,3.47,,0.8161,,,0.0,0.0,0.0,0.0,0.0,0.0,0.0,False,0.0,0.0,Model Initialized,Opening model run,,72,Major,🟣,The model opened at 2.5 with a 2.1 fantasy-point projection and a LESS recommendation at 70.7% confidence. This opening snapshot establishes the baseline for every later model run.,1,2.06,0.0,70.7,0.0,LESS,LESS → LESS,100,Opening model run,The recommendation stayed LESS. Projection is +0.0 fantasy points and confidence is +0.0 points versus the opening run. The largest driver today is opening model run.
2026-08-13T23:48:25-07:00,2026-08-14,,Eduardo Valencia,DET,CWS @ DET,1,MORE,3.5,6.72,59.7,184.13,1.04,4,Sean Newcomb,0.0,The model opened at 3.5 with a 6.7 fantasy-point projection and a MORE recommendation at 59.7% confidence. This opening snapshot establishes the baseline for every later model run.,,,,,,,A-,,,,,2.81,,1.1843,,,0.0,0.0,0.0,0.0,0.0,0.0,0.0,False,0.0,0.0,Model Initialized,Opening model run,,72,Major,🟣,The model opened at 3.5 with a 6.7 fantasy-point projection and a MORE recommendation at 59.7% confidence. This opening snapshot establishes the baseline for every later model run.,1,6.72,0.0,59.7,0.0,MORE,MORE → MORE,100,Opening model run,The recommendation stayed MORE. Projection is +0.0 fantasy points and confidence is +0.0 points versus the opening run. The largest driver today is opening model run.
2026-08-13T23:48:25-07:00,2026-08-14,,Eli White,BOS,BOS @ PIT,1,LESS,4.0,3.52,68.3,95.06,1.01,8,Bubba Chandler,0.0,The model opened at 4.0 with a 3.5 fantasy-point projection and a LESS recommendation at 68.3% confidence. This opening snapshot establishes the baseline for every later model run.,,,,,,,D,,,,,4.32,,0.8,,,0.0,0.0,0.0,0.0,0.0,0.0,0.0,False,0.0,0.0,Model Initialized,Opening model run,,72,Major,🟣,The model opened at 4.0 with a 3.5 fantasy-point projection and a LESS recommendation at 68.3% confidence. This opening snapshot establishes the baseline for every later model run.,1,3.52,0.0,68.3,0.0,LESS,LESS → LESS,100,Opening model run,The recommendation stayed LESS. Projection is +0.0 fantasy points and confidence is +0.0 points versus the opening run. The largest driver today is opening model run.
2026-08-13T23:48:25-07:00,2026-08-14,,Elias Díaz,TEX,TEX @ ATH,1,LESS,4.5,4.24,64.5,112.8,1.01,8,TBD,0.0,The model opened at 4.5 with a 4.2 fantasy-point projection and a LESS recommendation at 64.5% confidence. This opening snapshot establishes the baseline for every later model run.,,,,,,,C,,,,,5.51,,0.8,,,0.0,0.0,0.0,0.0,0.0,0.0,0.0,False,0.0,0.0,Model Initialized,Opening model run,,72,Major,🟣,The model opened at 4.5 with a 4.2 fantasy-point projection and a LESS recommendation at 64.5% confidence. This opening snapshot establishes the baseline for every later model run.,1,4.24,0.0,64.5,0.0,LESS,LESS → LESS,100,Opening model run,The recommendation stayed LESS. Projection is +0.0 fantasy points and confidence is +0.0 points versus the opening run. The largest driver today is opening model run.
2026-08-13T23:48:25-07:00,2026-08-14,,Elly De La Cruz,CIN,MIA @ CIN,1,MORE,5.0,8.04,61.0,211.37,1.03,1,Sandy Alcantara,0.0,The model opened at 5.0 with a 8.0 fantasy-point projection and a MORE recommendation at 61.0% confidence. This opening snapshot establishes the baseline for every later model run.,,,,,,,A,,,,,3.98,,1.036,,,0.0,0.0,0.0,0.0,0.0,0.0,0.0,False,0.0,0.0,Model Initialized,Opening model run,,72,Major,🟣,The model opened at 5.0 with a 8.0 fantasy-point projection and a MORE recommendation at 61.0% confidence. This opening snapshot establishes the baseline for every later model run.,1,8.04,0.0,61.0,0.0,MORE,MORE → MORE,100,Opening model run,The recommendation stayed MORE. Projection is +0.0 fantasy points and confidence is +0.0 points versus the opening run. The largest driver today is opening model run.
2026-08-13T23:48:25-07:00,2026-08-14,,Enrique Hernández,LAD,MIL @ LAD,1,LESS,4.0,3.7,68.6,97.16,1.0,8,Robert Gasser,0.0,The model opened at 4.0 with a 3.7 fantasy-point projection and a LESS recommendation at 68.6% confidence. This opening snapshot establishes the baseline for every later model run.,,,,,,,D,,,,,3.53,,0.8,,,0.0,0.0,0.0,0.0,0.0,0.0,0.0,False,0.0,0.0,Model Initialized,Opening model run,,72,Major,🟣,The model opened at 4.0 with a 3.7 fantasy-point projection and a LESS recommendation at 68.6% confidence. This opening snapshot establishes the baseline for every later model run.,1,3.7,0.0,68.6,0.0,LESS,LESS → LESS,100,Opening model run,The recommendation stayed LESS. Projection is +0.0 fantasy points and confidence is +0.0 points versus the opening run. The largest driver today is opening model run.
2026-08-13T23:48:25-07:00,2026-08-14,,Ernie Clement,TOR,NYY @ TOR,1,LESS,3.5,2.93,72.8,101.45,1.0,7,Gerrit Cole,0.0,The model opened at 3.5 with a 2.9 fantasy-point projection and a LESS recommendation at 72.8% confidence. This opening snapshot establishes the baseline for every later model run.,,,,,,,D,,,,,3.28,,0.8,,,0.0,0.0,0.0,0.0,0.0,0.0,0.0,False,0.0,0.0,Model Initialized,Opening model run,,72,Major,🟣,The model opened at 3.5 with a 2.9 fantasy-point projection and a LESS recommendation at 72.8% confidence. This opening snapshot establishes the baseline for every later model run.,1,2.93,0.0,72.8,0.0,LESS,LESS → LESS,100,Opening model run,The recommendation stayed LESS. Projection is +0.0 fantasy points and confidence is +0.0 points versus the opening run. The largest driver today is opening model run.
2026-08-13T23:48:25-07:00,2026-08-14,,Esmerlyn Valdez,PIT,BOS @ PIT,1,LESS,5.5,5.11,68.0,140.94,1.01,7,Jake Bennett,0.0,The model opened at 5.5 with a 5.1 fantasy-point projection and a LESS recommendation at 68.0% confidence. This opening snapshot establishes the baseline for every later model run.,,,,,,,B-,,,,,3.48,,1.0112,,,0.0,0.0,0.0,0.0,0.0,0.0,0.0,False,0.0,0.0,Model Initialized,Opening model run,,72,Major,🟣,The model opened at 5.5 with a 5.1 fantasy-point projection and a LESS recommendation at 68.0% confidence. This opening snapshot establishes the baseline for every later model run.,1,5.11,0.0,68.0,0.0,LESS,LESS → LESS,100,Opening model run,The recommendation stayed LESS. Projection is +0.0 fantasy points and confidence is +0.0 points versus the opening run. The largest driver today is opening model run.
2026-08-13T23:48:25-07:00,2026-08-14,,Esteury Ruiz,MIA,MIA @ CIN,1,LESS,4.0,3.59,70.7,112.24,1.03,9,Chase Burns,0.0,The model opened at 4.0 with a 3.6 fantasy-point projection and a LESS recommendation at 70.7% confidence. This opening snapshot establishes the baseline for every later model run.,,,,,,,C,,,,,4.51,,0.8029,,,0.0,0.0,0.0,0.0,0.0,0.0,0.0,False,0.0,0.0,Model Initialized,Opening model run,,72,Major,🟣,The model opened at 4.0 with a 3.6 fantasy-point projection and a LESS recommendation at 70.7% confidence. This opening snapshot establishes the baseline for every later model run.,1,3.59,0.0,70.7,0.0,LESS,LESS → LESS,100,Opening model run,The recommendation stayed LESS. Projection is +0.0 fantasy points and confidence is +0.0 points versus the opening run. The largest driver today is opening model run.
2026-08-13T23:48:25-07:00,2026-08-14,,Eugenio Suárez,CIN,MIA @ CIN,1,MORE,3.0,6.68,63.2,176.22,1.03,5,Sandy Alcantara,0.0,The model opened at 3.0 with a 6.7 fantasy-point projection and a MORE recommendation at 63.2% confidence. This opening snapshot establishes the baseline for every later model run.,,,,,,,B+,,,,,3.98,,0.9618,,,0.0,0.0,0.0,0.0,0.0,0.0,0.0,False,0.0,0.0,Model Initialized,Opening model run,,72,Major,🟣,The model opened at 3.0 with a 6.7 fantasy-point projection and a MORE recommendation at 63.2% confidence. This opening snapshot establishes the baseline for every later model run.,1,6.68,0.0,63.2,0.0,MORE,MORE → MORE,100,Opening model run,The recommendation stayed MORE. Projection is +0.0 fantasy points and confidence is +0.0 points versus the opening run. The largest driver today is opening model run.
2026-08-13T23:48:25-07:00,2026-08-14,,Evan Carter,TEX,TEX @ ATH,1,LESS,5.0,4.27,72.2,118.64,1.01,6,TBD,0.0,The model opened at 5.0 with a 4.3 fantasy-point projection and a LESS recommendation at 72.2% confidence. This opening snapshot establishes the baseline for every later model run.,,,,,,,C,,,,,5.51,,0.8,,,0.0,0.0,0.0,0.0,0.0,0.0,0.0,False,0.0,0.0,Model Initialized,Opening model run,,72,Major,🟣,The model opened at 5.0 with a 4.3 fantasy-point projection and a LESS recommendation at 72.2% confidence. This opening snapshot establishes the baseline for every later model run.,1,4.27,0.0,72.2,0.0,LESS,LESS → LESS,100,Opening model run,The recommendation stayed LESS. Projection is +0.0 fantasy points and confidence is +0.0 points versus the opening run. The largest driver today is opening model run.
2026-08-13T23:48:25-07:00,2026-08-14,,Everson Pereira,STL,STL @ CHC,1,LESS,4.5,3.76,67.2,100.35,1.01,8,Clay Holmes,0.0,The model opened at 4.5 with a 3.8 fantasy-point projection and a LESS recommendation at 67.2% confidence. This opening snapshot establishes the baseline for every later model run.,,,,,,,D,,,,,4.1,,0.954,,,0.0,0.0,0.0,0.0,0.0,0.0,0.0,False,0.0,0.0,Model Initialized,Opening model run,,72,Major,🟣,The model opened at 4.5 with a 3.8 fantasy-point projection and a LESS recommendation at 67.2% confidence. This opening snapshot establishes the baseline for every later model run.,1,3.76,0.0,67.2,0.0,LESS,LESS → LESS,100,Opening model run,The recommendation stayed LESS. Projection is +0.0 fantasy points and confidence is +0.0 points versus the opening run. The largest driver today is opening model run.
2026-08-13T23:48:25-07:00,2026-08-14,,Ezequiel Duran,TEX,TEX @ ATH,1,LESS,6.0,5.44,67.6,161.78,1.01,5,TBD,0.0,The model opened at 6.0 with a 5.4 fantasy-point projection and a LESS recommendation at 67.6% confidence. This opening snapshot establishes the baseline for every later model run.,,,,,,,B+,,,,,5.51,,0.8127,,,0.0,0.0,0.0,0.0,0.0,0.0,0.0,False,0.0,0.0,Model Initialized,Opening model run,,72,Major,🟣,The model opened at 6.0 with a 5.4 fantasy-point projection and a LESS recommendation at 67.6% confidence. This opening snapshot establishes the baseline for every later model run.,1,5.44,0.0,67.6,0.0,LESS,LESS → LESS,100,Opening model run,The recommendation stayed LESS. Projection is +0.0 fantasy points and confidence is +0.0 points versus the opening run. The largest driver today is opening model run.
2026-08-13T23:48:25-07:00,2026-08-14,,Ezequiel Tovar,COL,COL @ SF,1,LESS,4.0,3.39,69.9,109.45,1.01,9,Landen Roupp,0.0,The model opened at 4.0 with a 3.4 fantasy-point projection and a LESS recommendation at 69.9% confidence. This opening snapshot establishes the baseline for every later model run.,,,,,,,D,,,,,4.31,,0.8,,,0.0,0.0,0.0,0.0,0.0,0.0,0.0,False,0.0,0.0,Model Initialized,Opening model run,,72,Major,🟣,The model opened at 4.0 with a 3.4 fantasy-point projection and a LESS recommendation at 69.9% confidence. This opening snapshot establishes the baseline for every later model run.,1,3.39,0.0,69.9,0.0,LESS,LESS → LESS,100,Opening model run,The recommendation stayed LESS. Projection is +0.0 fantasy points and confidence is +0.0 points versus the opening run. The largest driver today is opening model run.
2026-08-13T23:48:25-07:00,2026-08-14,,Fernando Tatis Jr.,SD,SD @ CLE,1,MORE,3.0,7.47,65.3,204.98,1.03,1,Gavin Williams,0.0,The model opened at 3.0 with a 7.5 fantasy-point projection and a MORE recommendation at 65.3% confidence. This opening snapshot establishes the baseline for every later model run.,,,,,,,A,,,,,3.83,,1.0473,,,0.0,0.0,0.0,0.0,0.0,0.0,0.0,False,0.0,0.0,Model Initialized,Opening model run,,72,Major,🟣,The model opened at 3.0 with a 7.5 fantasy-point projection and a MORE recommendation at 65.3% confidence. This opening snapshot establishes the baseline for every later model run.,1,7.47,0.0,65.3,0.0,MORE,MORE → MORE,100,Opening model run,The recommendation stayed MORE. Projection is +0.0 fantasy points and confidence is +0.0 points versus the opening run. The largest driver today is opening model run.
2026-08-13T23:48:25-07:00,2026-08-14,,Francisco Alvarez,NYM,WSH @ NYM,1,MORE,3.5,6.09,61.0,159.36,1.03,9,Andrew Alvarez,0.0,The model opened at 3.5 with a 6.1 fantasy-point projection and a MORE recommendation at 61.0% confidence. This opening snapshot establishes the baseline for every later model run.,,,,,,,B,,,,,4.72,,1.0085,,,0.0,0.0,0.0,0.0,0.0,0.0,0.0,False,0.0,0.0,Model Initialized,Opening model run,,72,Major,🟣,The model opened at 3.5 with a 6.1 fantasy-point projection and a MORE recommendation at 61.0% confidence. This opening snapshot establishes the baseline for every later model run.,1,6.09,0.0,61.0,0.0,MORE,MORE → MORE,100,Opening model run,The recommendation stayed MORE. Projection is +0.0 fantasy points and confidence is +0.0 points versus the opening run. The largest driver today is opening model run.
2026-08-13T23:48:25-07:00,2026-08-14,,Francisco Lindor,NYM,WSH @ NYM,1,MORE,3.5,7.16,59.4,196.69,1.03,2,Andrew Alvarez,0.0,The model opened at 3.5 with a 7.2 fantasy-point projection and a MORE recommendation at 59.4% confidence. This opening snapshot establishes the baseline for every later model run.,,,,,,,A,,,,,4.72,,0.9762,,,0.0,0.0,0.0,0.0,0.0,0.0,0.0,False,0.0,0.0,Model Initialized,Opening model run,,72,Major,🟣,The model opened at 3.5 with a 7.2 fantasy-point projection and a MORE recommendation at 59.4% confidence. This opening snapshot establishes the baseline for every later model run.,1,7.16,0.0,59.4,0.0,MORE,MORE → MORE,100,Opening model run,The recommendation stayed MORE. Projection is +0.0 fantasy points and confidence is +0.0 points versus the opening run. The largest driver today is opening model run.
2026-08-13T23:48:25-07:00,2026-08-14,,Freddie Freeman,LAD,MIL @ LAD,1,MORE,3.5,6.09,66.5,163.42,1.0,3,Robert Gasser,0.0,The model opened at 3.5 with a 6.1 fantasy-point projection and a MORE recommendation at 66.5% confidence. This opening snapshot establishes the baseline for every later model run.,,,,,,,B+,,,,,3.53,,0.8912,,,0.0,0.0,0.0,0.0,0.0,0.0,0.0,False,0.0,0.0,Model Initialized,Opening model run,,72,Major,🟣,The model opened at 3.5 with a 6.1 fantasy-point projection and a MORE recommendation at 66.5% confidence. This opening snapshot establishes the baseline for every later model run.,1,6.09,0.0,66.5,0.0,MORE,MORE → MORE,100,Opening model run,The recommendation stayed MORE. Projection is +0.0 fantasy points and confidence is +0.0 points versus the opening run. The largest driver today is opening model run.
2026-08-13T23:48:25-07:00,2026-08-14,,Freddy Fermin,SD,SD @ CLE,1,LESS,3.0,2.7,76.0,92.37,1.03,9,Gavin Williams,0.0,The model opened at 3.0 with a 2.7 fantasy-point projection and a LESS recommendation at 76.0% confidence. This opening snapshot establishes the baseline for every later model run.,,,,,,,D,,,,,3.83,,0.844,,,0.0,0.0,0.0,0.0,0.0,0.0,0.0,False,0.0,0.0,Model Initialized,Opening model run,,72,Major,🟣,The model opened at 3.0 with a 2.7 fantasy-point projection and a LESS recommendation at 76.0% confidence. This opening snapshot establishes the baseline for every later model run.,1,2.7,0.0,76.0,0.0,LESS,LESS → LESS,100,Opening model run,The recommendation stayed LESS. Projection is +0.0 fantasy points and confidence is +0.0 points versus the opening run. The largest driver today is opening model run.
2026-08-13T23:48:25-07:00,2026-08-14,,Gabriel Arias,NYM,WSH @ NYM,1,MORE,2.5,5.22,64.6,133.7,1.03,9,Andrew Alvarez,0.0,The model opened at 2.5 with a 5.2 fantasy-point projection and a MORE recommendation at 64.6% confidence. This opening snapshot establishes the baseline for every later model run.,,,,,,,B-,,,,,4.72,,0.9296,,,0.0,0.0,0.0,0.0,0.0,0.0,0.0,False,0.0,0.0,Model Initialized,Opening model run,,72,Major,🟣,The model opened at 2.5 with a 5.2 fantasy-point projection and a MORE recommendation at 64.6% confidence. This opening snapshot establishes the baseline for every later model run.,1,5.22,0.0,64.6,0.0,MORE,MORE → MORE,100,Opening model run,The recommendation stayed MORE. Projection is +0.0 fantasy points and confidence is +0.0 points versus the opening run. The largest driver today is opening model run.
2026-08-13T23:48:25-07:00,2026-08-14,,Gabriel Moreno,ARI,ARI @ ATL,1,MORE,4.0,6.43,60.2,182.55,1.055,3,TBD,0.0,The model opened at 4.0 with a 6.4 fantasy-point projection and a MORE recommendation at 60.2% confidence. This opening snapshot establishes the baseline for every later model run.,,,,,,,A-,,,,,3.6,,0.874,,,0.0,0.0,0.0,0.0,0.0,0.0,0.0,False,0.0,0.0,Model Initialized,Opening model run,,72,Major,🟣,The model opened at 4.0 with a 6.4 fantasy-point projection and a MORE recommendation at 60.2% confidence. This opening snapshot establishes the baseline for every later model run.,1,6.43,0.0,60.2,0.0,MORE,MORE → MORE,100,Opening model run,The recommendation stayed MORE. Projection is +0.0 fantasy points and confidence is +0.0 points versus the opening run. The largest driver today is opening model run.
2026-08-13T23:48:25-07:00,2026-08-14,,Garrett Mitchell,MIL,MIL @ LAD,1,LESS,4.5,4.05,66.5,128.8,1.0,5,Yoshinobu Yamamoto,0.0,The model opened at 4.5 with a 4.0 fantasy-point projection and a LESS recommendation at 66.5% confidence. This opening snapshot establishes the baseline for every later model run.,,,,,,,C+,,,,,3.71,,0.9581,,,0.0,0.0,0.0,0.0,0.0,0.0,0.0,False,0.0,0.0,Model Initialized,Opening model run,,72,Major,🟣,The model opened at 4.5 with a 4.0 fantasy-point projection and a LESS recommendation at 66.5% confidence. This opening snapshot establishes the baseline for every later model run.,1,4.05,0.0,66.5,0.0,LESS,LESS → LESS,100,Opening model run,The recommendation stayed LESS. Projection is +0.0 fantasy points and confidence is +0.0 points versus the opening run. The largest driver today is opening model run.
2026-08-13T23:48:25-07:00,2026-08-14,,Gary Sánchez,MIL,MIL @ LAD,1,LESS,5.5,5.19,68.2,152.49,1.0,3,Yoshinobu Yamamoto,0.0,The model opened at 5.5 with a 5.2 fantasy-point projection and a LESS recommendation at 68.2% confidence. This opening snapshot establishes the baseline for every later model run.,,,,,,,B,,,,,3.71,,0.9209,,,0.0,0.0,0.0,0.0,0.0,0.0,0.0,False,0.0,0.0,Model Initialized,Opening model run,,72,Major,🟣,The model opened at 5.5 with a 5.2 fantasy-point projection and a LESS recommendation at 68.2% confidence. This opening snapshot establishes the baseline for every later model run.,1,5.19,0.0,68.2,0.0,LESS,LESS → LESS,100,Opening model run,The recommendation stayed LESS. Projection is +0.0 fantasy points and confidence is +0.0 points versus the opening run. The largest driver today is opening model run.
2026-08-13T23:48:25-07:00,2026-08-14,,Gavin Sheets,SD,SD @ CLE,1,LESS,4.5,3.8,70.0,106.9,1.03,7,Gavin Williams,0.0,The model opened at 4.5 with a 3.8 fantasy-point projection and a LESS recommendation at 70.0% confidence. This opening snapshot establishes the baseline for every later model run.,,,,,,,D,,,,,3.83,,0.8,,,0.0,0.0,0.0,0.0,0.0,0.0,0.0,False,0.0,0.0,Model Initialized,Opening model run,,72,Major,🟣,The model opened at 4.5 with a 3.8 fantasy-point projection and a LESS recommendation at 70.0% confidence. This opening snapshot establishes the baseline for every later model run.,1,3.8,0.0,70.0,0.0,LESS,LESS → LESS,100,Opening model run,The recommendation stayed LESS. Projection is +0.0 fantasy points and confidence is +0.0 points versus the opening run. The largest driver today is opening model run.
2026-08-13T23:48:25-07:00,2026-08-14,,George Lombard Jr.,NYY,NYY @ TOR,1,MORE,4.0,6.97,58.5,180.34,1.0,6,Shane Bieber,0.0,The model opened at 4.0 with a 7.0 fantasy-point projection and a MORE recommendation at 58.5% confidence. This opening snapshot establishes the baseline for every later model run.,,,,,,,A-,,,,,4.01,,0.9884,,,0.0,0.0,0.0,0.0,0.0,0.0,0.0,False,0.0,0.0,Model Initialized,Opening model run,,72,Major,🟣,The model opened at 4.0 with a 7.0 fantasy-point projection and a MORE recommendation at 58.5% confidence. This opening snapshot establishes the baseline for every later model run.,1,6.97,0.0,58.5,0.0,MORE,MORE → MORE,100,Opening model run,The recommendation stayed MORE. Projection is +0.0 fantasy points and confidence is +0.0 points versus the opening run. The largest driver today is opening model run.
2026-08-13T23:48:25-07:00,2026-08-14,,George Springer,TOR,NYY @ TOR,1,LESS,3.5,2.94,73.9,109.73,1.0,4,Gerrit Cole,0.0,The model opened at 3.5 with a 2.9 fantasy-point projection and a LESS recommendation at 73.9% confidence. This opening snapshot establishes the baseline for every later model run.,,,,,,,C,,,,,3.28,,0.8,,,0.0,0.0,0.0,0.0,0.0,0.0,0.0,False,0.0,0.0,Model Initialized,Opening model run,,72,Major,🟣,The model opened at 3.5 with a 2.9 fantasy-point projection and a LESS recommendation at 73.9% confidence. This opening snapshot establishes the baseline for every later model run.,1,2.94,0.0,73.9,0.0,LESS,LESS → LESS,100,Opening model run,The recommendation stayed LESS. Projection is +0.0 fantasy points and confidence is +0.0 points versus the opening run. The largest driver today is opening model run.
2026-08-13T23:48:25-07:00,2026-08-14,,Geraldo Perdomo,ARI,ARI @ ATL,1,MORE,3.0,5.33,59.3,162.85,1.055,1,TBD,0.0,The model opened at 3.0 with a 5.3 fantasy-point projection and a MORE recommendation at 59.3% confidence. This opening snapshot establishes the baseline for every later model run.,,,,,,,B+,,,,,3.6,,0.8,,,0.0,0.0,0.0,0.0,0.0,0.0,0.0,False,0.0,0.0,Model Initialized,Opening model run,,72,Major,🟣,The model opened at 3.0 with a 5.3 fantasy-point projection and a MORE recommendation at 59.3% confidence. This opening snapshot establishes the baseline for every later model run.,1,5.33,0.0,59.3,0.0,MORE,MORE → MORE,100,Opening model run,The recommendation stayed MORE. Projection is +0.0 fantasy points and confidence is +0.0 points versus the opening run. The largest driver today is opening model run.
2026-08-13T23:48:25-07:00,2026-08-14,,Gleyber Torres,DET,CWS @ DET,1,LESS,5.5,4.81,68.9,154.87,1.04,2,Sean Newcomb,0.0,The model opened at 5.5 with a 4.8 fantasy-point projection and a LESS recommendation at 68.9% confidence. This opening snapshot establishes the baseline for every later model run.,,,,,,,B,,,,,2.81,,0.8,,,0.0,0.0,0.0,0.0,0.0,0.0,0.0,False,0.0,0.0,Model Initialized,Opening model run,,72,Major,🟣,The model opened at 5.5 with a 4.8 fantasy-point projection and a LESS recommendation at 68.9% confidence. This opening snapshot establishes the baseline for every later model run.,1,4.81,0.0,68.9,0.0,LESS,LESS → LESS,100,Opening model run,The recommendation stayed LESS. Projection is +0.0 fantasy points and confidence is +0.0 points versus the opening run. The largest driver today is opening model run.
2026-08-13T23:48:25-07:00,2026-08-14,,Grant McCray,SF,COL @ SF,1,LESS,5.5,4.82,68.4,122.56,1.01,8,Kyle Freeland,0.0,The model opened at 5.5 with a 4.8 fantasy-point projection and a LESS recommendation at 68.4% confidence. This opening snapshot establishes the baseline for every later model run.,,,,,,,C+,,,,,5.47,,0.8,,,0.0,0.0,0.0,0.0,0.0,0.0,0.0,False,0.0,0.0,Model Initialized,Opening model run,,72,Major,🟣,The model opened at 5.5 with a 4.8 fantasy-point projection and a LESS recommendation at 68.4% confidence. This opening snapshot establishes the baseline for every later model run.,1,4.82,0.0,68.4,0.0,LESS,LESS → LESS,100,Opening model run,The recommendation stayed LESS. Projection is +0.0 fantasy points and confidence is +0.0 points versus the opening run. The largest driver today is opening model run.
2026-08-13T23:48:25-07:00,2026-08-14,,Griffin Conine,MIA,MIA @ CIN,1,MORE,5.5,8.93,60.7,223.01,1.03,3,Chase Burns,0.0,The model opened at 5.5 with a 8.9 fantasy-point projection and a MORE recommendation at 60.7% confidence. This opening snapshot establishes the baseline for every later model run.,,,,,,,A+,,,,,4.51,,1.1551,,,0.0,0.0,0.0,0.0,0.0,0.0,0.0,False,0.0,0.0,Model Initialized,Opening model run,,72,Major,🟣,The model opened at 5.5 with a 8.9 fantasy-point projection and a MORE recommendation at 60.7% confidence. This opening snapshot establishes the baseline for every later model run.,1,8.93,0.0,60.7,0.0,MORE,MORE → MORE,100,Opening model run,The recommendation stayed MORE. Projection is +0.0 fantasy points and confidence is +0.0 points versus the opening run. The largest driver today is opening model run.
2026-08-13T23:48:25-07:00,2026-08-14,,Gunnar Henderson,BAL,BAL @ TB,1,MORE,3.0,5.99,60.4,171.14,1.0,1,Steven Matz,0.0,The model opened at 3.0 with a 6.0 fantasy-point projection and a MORE recommendation at 60.4% confidence. This opening snapshot establishes the baseline for every later model run.,,,,,,,B+,,,,,4.47,,0.9231,,,0.0,0.0,0.0,0.0,0.0,0.0,0.0,False,0.0,0.0,Model Initialized,Opening model run,,72,Major,🟣,The model opened at 3.0 with a 6.0 fantasy-point projection and a MORE recommendation at 60.4% confidence. This opening snapshot establishes the baseline for every later model run.,1,5.99,0.0,60.4,0.0,MORE,MORE → MORE,100,Opening model run,The recommendation stayed MORE. Projection is +0.0 fantasy points and confidence is +0.0 points versus the opening run. The largest driver today is opening model run.
2026-08-13T23:48:25-07:00,2026-08-14,,Ha-Seong Kim,ATL,ARI @ ATL,1,LESS,3.0,2.72,73.3,64.41,1.055,9,Brandon Pfaadt,0.0,The model opened at 3.0 with a 2.7 fantasy-point projection and a LESS recommendation at 73.3% confidence. This opening snapshot establishes the baseline for every later model run.,,,,,,,F,,,,,4.12,,0.8,,,0.0,0.0,0.0,0.0,0.0,0.0,0.0,False,0.0,0.0,Model Initialized,Opening model run,,72,Major,🟣,The model opened at 3.0 with a 2.7 fantasy-point projection and a LESS recommendation at 73.3% confidence. This opening snapshot establishes the baseline for every later model run.,1,2.72,0.0,73.3,0.0,LESS,LESS → LESS,100,Opening model run,The recommendation stayed LESS. Projection is +0.0 fantasy points and confidence is +0.0 points versus the opening run. The largest driver today is opening model run.
2026-08-13T23:48:25-07:00,2026-08-14,,Hao-Yu Lee,DET,CWS @ DET,1,LESS,3.5,2.97,72.0,86.72,1.04,6,Sean Newcomb,0.0,The model opened at 3.5 with a 3.0 fantasy-point projection and a LESS recommendation at 72.0% confidence. This opening snapshot establishes the baseline for every later model run.,,,,,,,F,,,,,2.81,,0.8811,,,0.0,0.0,0.0,0.0,0.0,0.0,0.0,False,0.0,0.0,Model Initialized,Opening model run,,72,Major,🟣,The model opened at 3.5 with a 3.0 fantasy-point projection and a LESS recommendation at 72.0% confidence. This opening snapshot establishes the baseline for every later model run.,1,2.97,0.0,72.0,0.0,LESS,LESS → LESS,100,Opening model run,The recommendation stayed LESS. Projection is +0.0 fantasy points and confidence is +0.0 points versus the opening run. The largest driver today is opening model run.
2026-08-13T23:48:25-07:00,2026-08-14,,Harry Ford,WSH,WSH @ NYM,1,LESS,6.0,5.38,65.4,159.84,1.03,5,Robert Stock,0.0,The model opened at 6.0 with a 5.4 fantasy-point projection and a LESS recommendation at 65.4% confidence. This opening snapshot establishes the baseline for every later model run.,,,,,,,B,,,,,4.14,,0.8,,,0.0,0.0,0.0,0.0,0.0,0.0,0.0,False,0.0,0.0,Model Initialized,Opening model run,,72,Major,🟣,The model opened at 6.0 with a 5.4 fantasy-point projection and a LESS recommendation at 65.4% confidence. This opening snapshot establishes the baseline for every later model run.,1,5.38,0.0,65.4,0.0,LESS,LESS → LESS,100,Opening model run,The recommendation stayed LESS. Projection is +0.0 fantasy points and confidence is +0.0 points versus the opening run. The largest driver today is opening model run.
2026-08-13T23:48:25-07:00,2026-08-14,,Heliot Ramos,NYY,NYY @ TOR,1,MORE,4.5,7.16,60.6,183.69,1.0,3,Shane Bieber,0.0,The model opened at 4.5 with a 7.2 fantasy-point projection and a MORE recommendation at 60.6% confidence. This opening snapshot establishes the baseline for every later model run.,,,,,,,A-,,,,,4.01,,0.966,,,0.0,0.0,0.0,0.0,0.0,0.0,0.0,False,0.0,0.0,Model Initialized,Opening model run,,72,Major,🟣,The model opened at 4.5 with a 7.2 fantasy-point projection and a MORE recommendation at 60.6% confidence. This opening snapshot establishes the baseline for every later model run.,1,7.16,0.0,60.6,0.0,MORE,MORE → MORE,100,Opening model run,The recommendation stayed MORE. Projection is +0.0 fantasy points and confidence is +0.0 points versus the opening run. The largest driver today is opening model run.
2026-08-13T23:48:25-07:00,2026-08-14,,Henry Bolte,ATH,TEX @ ATH,1,MORE,3.0,6.28,63.2,172.18,1.01,1,Kumar Rocker,0.0,The model opened at 3.0 with a 6.3 fantasy-point projection and a MORE recommendation at 63.2% confidence. This opening snapshot establishes the baseline for every later model run.,,,,,,,B+,,,,,4.28,,0.9741,,,0.0,0.0,0.0,0.0,0.0,0.0,0.0,False,0.0,0.0,Model Initialized,Opening model run,,72,Major,🟣,The model opened at 3.0 with a 6.3 fantasy-point projection and a MORE recommendation at 63.2% confidence. This opening snapshot establishes the baseline for every later model run.,1,6.28,0.0,63.2,0.0,MORE,MORE → MORE,100,Opening model run,The recommendation stayed MORE. Projection is +0.0 fantasy points and confidence is +0.0 points versus the opening run. The largest driver today is opening model run.
2026-08-13T23:48:25-07:00,2026-08-14,,Henry Davis,PIT,BOS @ PIT,1,LESS,3.0,2.34,78.6,83.46,1.01,9,Jake Bennett,0.0,The model opened at 3.0 with a 2.3 fantasy-point projection and a LESS recommendation at 78.6% confidence. This opening snapshot establishes the baseline for every later model run.,,,,,,,F,,,,,3.48,,0.8102,,,0.0,0.0,0.0,0.0,0.0,0.0,0.0,False,0.0,0.0,Model Initialized,Opening model run,,72,Major,🟣,The model opened at 3.0 with a 2.3 fantasy-point projection and a LESS recommendation at 78.6% confidence. This opening snapshot establishes the baseline for every later model run.,1,2.34,0.0,78.6,0.0,LESS,LESS → LESS,100,Opening model run,The recommendation stayed LESS. Projection is +0.0 fantasy points and confidence is +0.0 points versus the opening run. The largest driver today is opening model run.
2026-08-13T23:48:25-07:00,2026-08-14,,Heriberto Hernández,MIA,MIA @ CIN,1,MORE,3.0,6.68,60.8,177.7,1.03,4,Chase Burns,0.0,The model opened at 3.0 with a 6.7 fantasy-point projection and a MORE recommendation at 60.8% confidence. This opening snapshot establishes the baseline for every later model run.,,,,,,,A-,,,,,4.51,,1.0224,,,0.0,0.0,0.0,0.0,0.0,0.0,0.0,False,0.0,0.0,Model Initialized,Opening model run,,72,Major,🟣,The model opened at 3.0 with a 6.7 fantasy-point projection and a MORE recommendation at 60.8% confidence. This opening snapshot establishes the baseline for every later model run.,1,6.68,0.0,60.8,0.0,MORE,MORE → MORE,100,Opening model run,The recommendation stayed MORE. Projection is +0.0 fantasy points and confidence is +0.0 points versus the opening run. The largest driver today is opening model run.
2026-08-13T23:48:25-07:00,2026-08-14,,Hunter Feduccia,LAD,MIL @ LAD,1,LESS,4.5,4.19,63.9,108.8,1.0,9,Robert Gasser,0.0,The model opened at 4.5 with a 4.2 fantasy-point projection and a LESS recommendation at 63.9% confidence. This opening snapshot establishes the baseline for every later model run.,,,,,,,D,,,,,3.53,,0.947,,,0.0,0.0,0.0,0.0,0.0,0.0,0.0,False,0.0,0.0,Model Initialized,Opening model run,,72,Major,🟣,The model opened at 4.5 with a 4.2 fantasy-point projection and a LESS recommendation at 63.9% confidence. This opening snapshot establishes the baseline for every later model run.,1,4.19,0.0,63.9,0.0,LESS,LESS → LESS,100,Opening model run,The recommendation stayed LESS. Projection is +0.0 fantasy points and confidence is +0.0 points versus the opening run. The largest driver today is opening model run.
2026-08-13T23:48:25-07:00,2026-08-14,,Hunter Goodman,COL,COL @ SF,1,LESS,7.0,6.41,69.9,176.09,1.01,4,Landen Roupp,0.0,The model opened at 7.0 with a 6.4 fantasy-point projection and a LESS recommendation at 69.9% confidence. This opening snapshot establishes the baseline for every later model run.,,,,,,,B+,,,,,4.31,,1.0169,,,0.0,0.0,0.0,0.0,0.0,0.0,0.0,False,0.0,0.0,Model Initialized,Opening model run,,72,Major,🟣,The model opened at 7.0 with a 6.4 fantasy-point projection and a LESS recommendation at 69.9% confidence. This opening snapshot establishes the baseline for every later model run.,1,6.41,0.0,69.9,0.0,LESS,LESS → LESS,100,Opening model run,The recommendation stayed LESS. Projection is +0.0 fantasy points and confidence is +0.0 points versus the opening run. The largest driver today is opening model run.
2026-08-13T23:48:25-07:00,2026-08-14,,Héctor Rodríguez,CIN,MIA @ CIN,1,LESS,4.0,3.49,70.0,85.64,1.03,6,Sandy Alcantara,0.0,The model opened at 4.0 with a 3.5 fantasy-point projection and a LESS recommendation at 70.0% confidence. This opening snapshot establishes the baseline for every later model run.,,,,,,,F,,,,,3.98,,0.8,,,0.0,0.0,0.0,0.0,0.0,0.0,0.0,False,0.0,0.0,Model Initialized,Opening model run,,72,Major,🟣,The model opened at 4.0 with a 3.5 fantasy-point projection and a LESS recommendation at 70.0% confidence. This opening snapshot establishes the baseline for every later model run.,1,3.49,0.0,70.0,0.0,LESS,LESS → LESS,100,Opening model run,The recommendation stayed LESS. Projection is +0.0 fantasy points and confidence is +0.0 points versus the opening run. The largest driver today is opening model run.
2026-08-13T23:48:25-07:00,2026-08-14,,Ian Happ,CHC,STL @ CHC,1,LESS,6.0,5.32,68.4,156.31,1.01,5,Matthew Liberatore,0.0,The model opened at 6.0 with a 5.3 fantasy-point projection and a LESS recommendation at 68.4% confidence. This opening snapshot establishes the baseline for every later model run.,,,,,,,B,,,,,4.07,,0.8365,,,0.0,0.0,0.0,0.0,0.0,0.0,0.0,False,0.0,0.0,Model Initialized,Opening model run,,72,Major,🟣,The model opened at 6.0 with a 5.3 fantasy-point projection and a LESS recommendation at 68.4% confidence. This opening snapshot establishes the baseline for every later model run.,1,5.32,0.0,68.4,0.0,LESS,LESS → LESS,100,Opening model run,The recommendation stayed LESS. Projection is +0.0 fantasy points and confidence is +0.0 points versus the opening run. The largest driver today is opening model run.
2026-08-13T23:48:25-07:00,2026-08-14,,Ildemaro Vargas,ARI,ARI @ ATL,1,MORE,2.5,4.52,58.3,116.85,1.055,8,TBD,0.0,The model opened at 2.5 with a 4.5 fantasy-point projection and a MORE recommendation at 58.3% confidence. This opening snapshot establishes the baseline for every later model run.,,,,,,,C,,,,,3.6,,0.8366,,,0.0,0.0,0.0,0.0,0.0,0.0,0.0,False,0.0,0.0,Model Initialized,Opening model run,,72,Major,🟣,The model opened at 2.5 with a 4.5 fantasy-point projection and a MORE recommendation at 58.3% confidence. This opening snapshot establishes the baseline for every later model run.,1,4.52,0.0,58.3,0.0,MORE,MORE → MORE,100,Opening model run,The recommendation stayed MORE. Projection is +0.0 fantasy points and confidence is +0.0 points versus the opening run. The largest driver today is opening model run.
2026-08-13T23:48:25-07:00,2026-08-14,,Isaac Collins,KC,KC @ LAA,1,LESS,4.5,4.24,64.0,130.88,1.0,7,Grayson Rodriguez,0.0,The model opened at 4.5 with a 4.2 fantasy-point projection and a LESS recommendation at 64.0% confidence. This opening snapshot establishes the baseline for every later model run.,,,,,,,C+,,,,,4.43,,0.8581,,,0.0,0.0,0.0,0.0,0.0,0.0,0.0,False,0.0,0.0,Model Initialized,Opening model run,,72,Major,🟣,The model opened at 4.5 with a 4.2 fantasy-point projection and a LESS recommendation at 64.0% confidence. This opening snapshot establishes the baseline for every later model run.,1,4.24,0.0,64.0,0.0,LESS,LESS → LESS,100,Opening model run,The recommendation stayed LESS. Projection is +0.0 fantasy points and confidence is +0.0 points versus the opening run. The largest driver today is opening model run.
2026-08-13T23:48:25-07:00,2026-08-14,,Isaac Paredes,HOU,SEA @ HOU,1,LESS,5.5,4.78,68.6,143.63,1.0,3,George Kirby,0.0,The model opened at 5.5 with a 4.8 fantasy-point projection and a LESS recommendation at 68.6% confidence. This opening snapshot establishes the baseline for every later model run.,,,,,,,B-,,,,,3.81,,0.8,,,0.0,0.0,0.0,0.0,0.0,0.0,0.0,False,0.0,0.0,Model Initialized,Opening model run,,72,Major,🟣,The model opened at 5.5 with a 4.8 fantasy-point projection and a LESS recommendation at 68.6% confidence. This opening snapshot establishes the baseline for every later model run.,1,4.78,0.0,68.6,0.0,LESS,LESS → LESS,100,Opening model run,The recommendation stayed LESS. Projection is +0.0 fantasy points and confidence is +0.0 points versus the opening run. The largest driver today is opening model run.
2026-08-13T23:48:25-07:00,2026-08-14,,Iván Herrera,STL,STL @ CHC,1,LESS,5.5,4.96,67.0,153.84,1.01,2,Clay Holmes,0.0,The model opened at 5.5 with a 5.0 fantasy-point projection and a LESS recommendation at 67.0% confidence. This opening snapshot establishes the baseline for every later model run.,,,,,,,B,,,,,4.1,,0.8464,,,0.0,0.0,0.0,0.0,0.0,0.0,0.0,False,0.0,0.0,Model Initialized,Opening model run,,72,Major,🟣,The model opened at 5.5 with a 5.0 fantasy-point projection and a LESS recommendation at 67.0% confidence. This opening snapshot establishes the baseline for every later model run.,1,4.96,0.0,67.0,0.0,LESS,LESS → LESS,100,Opening model run,The recommendation stayed LESS. Projection is +0.0 fantasy points and confidence is +0.0 points versus the opening run. The largest driver today is opening model run.
2026-08-13T23:48:25-07:00,2026-08-14,,JJ Bleday,CIN,MIA @ CIN,1,MORE,3.0,5.97,59.6,159.91,1.03,3,Sandy Alcantara,0.0,The model opened at 3.0 with a 6.0 fantasy-point projection and a MORE recommendation at 59.6% confidence. This opening snapshot establishes the baseline for every later model run.,,,,,,,B,,,,,3.98,,0.861,,,0.0,0.0,0.0,0.0,0.0,0.0,0.0,False,0.0,0.0,Model Initialized,Opening model run,,72,Major,🟣,The model opened at 3.0 with a 6.0 fantasy-point projection and a MORE recommendation at 59.6% confidence. This opening snapshot establishes the baseline for every later model run.,1,5.97,0.0,59.6,0.0,MORE,MORE → MORE,100,Opening model run,The recommendation stayed MORE. Projection is +0.0 fantasy points and confidence is +0.0 points versus the opening run. The largest driver today is opening model run.
2026-08-13T23:48:25-07:00,2026-08-14,,JJ Wetherholt,STL,STL @ CHC,1,MORE,4.0,6.65,61.2,178.8,1.01,1,Clay Holmes,0.0,The model opened at 4.0 with a 6.7 fantasy-point projection and a MORE recommendation at 61.2% confidence. This opening snapshot establishes the baseline for every later model run.,,,,,,,A-,,,,,4.1,,0.959,,,0.0,0.0,0.0,0.0,0.0,0.0,0.0,False,0.0,0.0,Model Initialized,Opening model run,,72,Major,🟣,The model opened at 4.0 with a 6.7 fantasy-point projection and a MORE recommendation at 61.2% confidence. This opening snapshot establishes the baseline for every later model run.,1,6.65,0.0,61.2,0.0,MORE,MORE → MORE,100,Opening model run,The recommendation stayed MORE. Projection is +0.0 fantasy points and confidence is +0.0 points versus the opening run. The largest driver today is opening model run.
2026-08-13T23:48:25-07:00,2026-08-14,,Jac Caglianone,KC,KC @ LAA,1,MORE,8.5,11.78,60.0,287.68,1.0,3,Grayson Rodriguez,0.0,The model opened at 8.5 with a 11.8 fantasy-point projection and a MORE recommendation at 60.0% confidence. This opening snapshot establishes the baseline for every later model run.,,,,,,,A+,,,,,4.43,,1.0833,,,0.0,0.0,0.0,0.0,0.0,0.0,0.0,False,0.0,0.0,Model Initialized,Opening model run,,72,Major,🟣,The model opened at 8.5 with a 11.8 fantasy-point projection and a MORE recommendation at 60.0% confidence. This opening snapshot establishes the baseline for every later model run.,1,11.78,0.0,60.0,0.0,MORE,MORE → MORE,100,Opening model run,The recommendation stayed MORE. Projection is +0.0 fantasy points and confidence is +0.0 points versus the opening run. The largest driver today is opening model run.
2026-08-13T23:48:25-07:00,2026-08-14,,Jackson Chourio,MIL,MIL @ LAD,1,LESS,5.0,4.57,72.5,151.37,1.0,2,Yoshinobu Yamamoto,0.0,The model opened at 5.0 with a 4.6 fantasy-point projection and a LESS recommendation at 72.5% confidence. This opening snapshot establishes the baseline for every later model run.,,,,,,,B,,,,,3.71,,0.9421,,,0.0,0.0,0.0,0.0,0.0,0.0,0.0,False,0.0,0.0,Model Initialized,Opening model run,,72,Major,🟣,The model opened at 5.0 with a 4.6 fantasy-point projection and a LESS recommendation at 72.5% confidence. This opening snapshot establishes the baseline for every later model run.,1,4.57,0.0,72.5,0.0,LESS,LESS → LESS,100,Opening model run,The recommendation stayed LESS. Projection is +0.0 fantasy points and confidence is +0.0 points versus the opening run. The largest driver today is opening model run.
2026-08-13T23:48:25-07:00,2026-08-14,,Jackson Holliday,BAL,BAL @ TB,1,MORE,3.0,5.9,65.4,165.85,1.0,3,Steven Matz,0.0,The model opened at 3.0 with a 5.9 fantasy-point projection and a MORE recommendation at 65.4% confidence. This opening snapshot establishes the baseline for every later model run.,,,,,,,B+,,,,,4.47,,0.8221,,,0.0,0.0,0.0,0.0,0.0,0.0,0.0,False,0.0,0.0,Model Initialized,Opening model run,,72,Major,🟣,The model opened at 3.0 with a 5.9 fantasy-point projection and a MORE recommendation at 65.4% confidence. This opening snapshot establishes the baseline for every later model run.,1,5.9,0.0,65.4,0.0,MORE,MORE → MORE,100,Opening model run,The recommendation stayed MORE. Projection is +0.0 fantasy points and confidence is +0.0 points versus the opening run. The largest driver today is opening model run.
2026-08-13T23:48:25-07:00,2026-08-14,,Jackson Merrill,SD,SD @ CLE,1,MORE,5.0,8.22,58.7,215.93,1.03,5,Gavin Williams,0.0,The model opened at 5.0 with a 8.2 fantasy-point projection and a MORE recommendation at 58.7% confidence. This opening snapshot establishes the baseline for every later model run.,,,,,,,A,,,,,3.83,,1.0567,,,0.0,0.0,0.0,0.0,0.0,0.0,0.0,False,0.0,0.0,Model Initialized,Opening model run,,72,Major,🟣,The model opened at 5.0 with a 8.2 fantasy-point projection and a MORE recommendation at 58.7% confidence. This opening snapshot establishes the baseline for every later model run.,1,8.22,0.0,58.7,0.0,MORE,MORE → MORE,100,Opening model run,The recommendation stayed MORE. Projection is +0.0 fantasy points and confidence is +0.0 points versus the opening run. The largest driver today is opening model run.
2026-08-13T23:48:25-07:00,2026-08-14,,Jacob Gonzalez,PIT,BOS @ PIT,1,LESS,3.0,2.73,75.4,91.96,1.01,8,Jake Bennett,0.0,The model opened at 3.0 with a 2.7 fantasy-point projection and a LESS recommendation at 75.4% confidence. This opening snapshot establishes the baseline for every later model run.,,,,,,,F,,,,,3.48,,0.811,,,0.0,0.0,0.0,0.0,0.0,0.0,0.0,False,0.0,0.0,Model Initialized,Opening model run,,72,Major,🟣,The model opened at 3.0 with a 2.7 fantasy-point projection and a LESS recommendation at 75.4% confidence. This opening snapshot establishes the baseline for every later model run.,1,2.73,0.0,75.4,0.0,LESS,LESS → LESS,100,Opening model run,The recommendation stayed LESS. Projection is +0.0 fantasy points and confidence is +0.0 points versus the opening run. The largest driver today is opening model run.
2026-08-13T23:48:25-07:00,2026-08-14,,Jacob Wilson,ATH,TEX @ ATH,1,LESS,5.0,4.27,71.3,137.0,1.01,2,Kumar Rocker,0.0,The model opened at 5.0 with a 4.3 fantasy-point projection and a LESS recommendation at 71.3% confidence. This opening snapshot establishes the baseline for every later model run.,,,,,,,B-,,,,,4.28,,0.8,,,0.0,0.0,0.0,0.0,0.0,0.0,0.0,False,0.0,0.0,Model Initialized,Opening model run,,72,Major,🟣,The model opened at 5.0 with a 4.3 fantasy-point projection and a LESS recommendation at 71.3% confidence. This opening snapshot establishes the baseline for every later model run.,1,4.27,0.0,71.3,0.0,LESS,LESS → LESS,100,Opening model run,The recommendation stayed LESS. Projection is +0.0 fantasy points and confidence is +0.0 points versus the opening run. The largest driver today is opening model run.
2026-08-13T23:48:25-07:00,2026-08-14,,Jacob Young,WSH,WSH @ NYM,1,MORE,3.5,6.4,59.0,176.76,1.03,9,Robert Stock,0.0,The model opened at 3.5 with a 6.4 fantasy-point projection and a MORE recommendation at 59.0% confidence. This opening snapshot establishes the baseline for every later model run.,,,,,,,B+,,,,,4.14,,0.8143,,,0.0,0.0,0.0,0.0,0.0,0.0,0.0,False,0.0,0.0,Model Initialized,Opening model run,,72,Major,🟣,The model opened at 3.5 with a 6.4 fantasy-point projection and a MORE recommendation at 59.0% confidence. This opening snapshot establishes the baseline for every later model run.,1,6.4,0.0,59.0,0.0,MORE,MORE → MORE,100,Opening model run,The recommendation stayed MORE. Projection is +0.0 fantasy points and confidence is +0.0 points versus the opening run. The largest driver today is opening model run.
2026-08-13T23:48:25-07:00,2026-08-14,,Jahmai Jones,BOS,BOS @ PIT,1,MORE,2.5,5.69,65.1,149.74,1.01,1,Bubba Chandler,0.0,The model opened at 2.5 with a 5.7 fantasy-point projection and a MORE recommendation at 65.1% confidence. This opening snapshot establishes the baseline for every later model run.,,,,,,,B,,,,,4.32,,1.0416,,,0.0,0.0,0.0,0.0,0.0,0.0,0.0,False,0.0,0.0,Model Initialized,Opening model run,,72,Major,🟣,The model opened at 2.5 with a 5.7 fantasy-point projection and a MORE recommendation at 65.1% confidence. This opening snapshot establishes the baseline for every later model run.,1,5.69,0.0,65.1,0.0,MORE,MORE → MORE,100,Opening model run,The recommendation stayed MORE. Projection is +0.0 fantasy points and confidence is +0.0 points versus the opening run. The largest driver today is opening model run.
2026-08-13T23:48:25-07:00,2026-08-14,,Jake Bauers,MIL,MIL @ LAD,1,LESS,6.0,5.48,69.8,169.65,1.0,4,Yoshinobu Yamamoto,0.0,The model opened at 6.0 with a 5.5 fantasy-point projection and a LESS recommendation at 69.8% confidence. This opening snapshot establishes the baseline for every later model run.,,,,,,,B+,,,,,3.71,,1.0711,,,0.0,0.0,0.0,0.0,0.0,0.0,0.0,False,0.0,0.0,Model Initialized,Opening model run,,72,Major,🟣,The model opened at 6.0 with a 5.5 fantasy-point projection and a LESS recommendation at 69.8% confidence. This opening snapshot establishes the baseline for every later model run.,1,5.48,0.0,69.8,0.0,LESS,LESS → LESS,100,Opening model run,The recommendation stayed LESS. Projection is +0.0 fantasy points and confidence is +0.0 points versus the opening run. The largest driver today is opening model run.
2026-08-13T23:48:25-07:00,2026-08-14,,Jake Burger,TEX,TEX @ ATH,1,LESS,6.0,5.35,68.6,140.8,1.01,7,TBD,0.0,The model opened at 6.0 with a 5.3 fantasy-point projection and a LESS recommendation at 68.6% confidence. This opening snapshot establishes the baseline for every later model run.,,,,,,,B-,,,,,5.51,,0.8738,,,0.0,0.0,0.0,0.0,0.0,0.0,0.0,False,0.0,0.0,Model Initialized,Opening model run,,72,Major,🟣,The model opened at 6.0 with a 5.3 fantasy-point projection and a LESS recommendation at 68.6% confidence. This opening snapshot establishes the baseline for every later model run.,1,5.35,0.0,68.6,0.0,LESS,LESS → LESS,100,Opening model run,The recommendation stayed LESS. Projection is +0.0 fantasy points and confidence is +0.0 points versus the opening run. The largest driver today is opening model run.
2026-08-13T23:48:25-07:00,2026-08-14,,Jake Cronenworth,SD,SD @ CLE,1,LESS,4.5,3.98,65.7,127.95,1.03,2,Gavin Williams,0.0,The model opened at 4.5 with a 4.0 fantasy-point projection and a LESS recommendation at 65.7% confidence. This opening snapshot establishes the baseline for every later model run.,,,,,,,C+,,,,,3.83,,0.8,,,0.0,0.0,0.0,0.0,0.0,0.0,0.0,False,0.0,0.0,Model Initialized,Opening model run,,72,Major,🟣,The model opened at 4.5 with a 4.0 fantasy-point projection and a LESS recommendation at 65.7% confidence. This opening snapshot establishes the baseline for every later model run.,1,3.98,0.0,65.7,0.0,LESS,LESS → LESS,100,Opening model run,The recommendation stayed LESS. Projection is +0.0 fantasy points and confidence is +0.0 points versus the opening run. The largest driver today is opening model run.
2026-08-13T23:48:25-07:00,2026-08-14,,Jake Mangum,PIT,BOS @ PIT,1,LESS,5.0,4.36,71.5,148.96,1.01,1,Jake Bennett,0.0,The model opened at 5.0 with a 4.4 fantasy-point projection and a LESS recommendation at 71.5% confidence. This opening snapshot establishes the baseline for every later model run.,,,,,,,B,,,,,3.48,,0.8152,,,0.0,0.0,0.0,0.0,0.0,0.0,0.0,False,0.0,0.0,Model Initialized,Opening model run,,72,Major,🟣,The model opened at 5.0 with a 4.4 fantasy-point projection and a LESS recommendation at 71.5% confidence. This opening snapshot establishes the baseline for every later model run.,1,4.36,0.0,71.5,0.0,LESS,LESS → LESS,100,Opening model run,The recommendation stayed LESS. Projection is +0.0 fantasy points and confidence is +0.0 points versus the opening run. The largest driver today is opening model run.
2026-08-13T23:48:25-07:00,2026-08-14,,Jake McCarthy,COL,COL @ SF,1,MORE,2.5,5.73,66.9,179.71,1.01,1,Landen Roupp,0.0,The model opened at 2.5 with a 5.7 fantasy-point projection and a MORE recommendation at 66.9% confidence. This opening snapshot establishes the baseline for every later model run.,,,,,,,A-,,,,,4.31,,0.8335,,,0.0,0.0,0.0,0.0,0.0,0.0,0.0,False,0.0,0.0,Model Initialized,Opening model run,,72,Major,🟣,The model opened at 2.5 with a 5.7 fantasy-point projection and a MORE recommendation at 66.9% confidence. This opening snapshot establishes the baseline for every later model run.,1,5.73,0.0,66.9,0.0,MORE,MORE → MORE,100,Opening model run,The recommendation stayed MORE. Projection is +0.0 fantasy points and confidence is +0.0 points versus the opening run. The largest driver today is opening model run.
2026-08-13T23:48:25-07:00,2026-08-14,,Jakob Marsee,MIA,MIA @ CIN,1,LESS,5.0,4.47,70.4,135.17,1.03,1,Chase Burns,0.0,The model opened at 5.0 with a 4.5 fantasy-point projection and a LESS recommendation at 70.4% confidence. This opening snapshot establishes the baseline for every later model run.,,,,,,,B-,,,,,4.51,,0.8,,,0.0,0.0,0.0,0.0,0.0,0.0,0.0,False,0.0,0.0,Model Initialized,Opening model run,,72,Major,🟣,The model opened at 5.0 with a 4.5 fantasy-point projection and a LESS recommendation at 70.4% confidence. This opening snapshot establishes the baseline for every later model run.,1,4.47,0.0,70.4,0.0,LESS,LESS → LESS,100,Opening model run,The recommendation stayed LESS. Projection is +0.0 fantasy points and confidence is +0.0 points versus the opening run. The largest driver today is opening model run.
2026-08-13T23:48:25-07:00,2026-08-14,,James McCann,ARI,ARI @ ATL,1,MORE,4.5,7.23,58.7,190.34,1.055,6,TBD,0.0,The model opened at 4.5 with a 7.2 fantasy-point projection and a MORE recommendation at 58.7% confidence. This opening snapshot establishes the baseline for every later model run.,,,,,,,A-,,,,,3.6,,0.9231,,,0.0,0.0,0.0,0.0,0.0,0.0,0.0,False,0.0,0.0,Model Initialized,Opening model run,,72,Major,🟣,The model opened at 4.5 with a 7.2 fantasy-point projection and a MORE recommendation at 58.7% confidence. This opening snapshot establishes the baseline for every later model run.,1,7.23,0.0,58.7,0.0,MORE,MORE → MORE,100,Opening model run,The recommendation stayed MORE. Projection is +0.0 fantasy points and confidence is +0.0 points versus the opening run. The largest driver today is opening model run.
2026-08-13T23:48:25-07:00,2026-08-14,,Jared Triolo,PIT,BOS @ PIT,1,LESS,4.0,3.31,69.8,95.35,1.01,8,Jake Bennett,0.0,The model opened at 4.0 with a 3.3 fantasy-point projection and a LESS recommendation at 69.8% confidence. This opening snapshot establishes the baseline for every later model run.,,,,,,,D,,,,,3.48,,0.8265,,,0.0,0.0,0.0,0.0,0.0,0.0,0.0,False,0.0,0.0,Model Initialized,Opening model run,,72,Major,🟣,The model opened at 4.0 with a 3.3 fantasy-point projection and a LESS recommendation at 69.8% confidence. This opening snapshot establishes the baseline for every later model run.,1,3.31,0.0,69.8,0.0,LESS,LESS → LESS,100,Opening model run,The recommendation stayed LESS. Projection is +0.0 fantasy points and confidence is +0.0 points versus the opening run. The largest driver today is opening model run.
2026-08-13T23:48:25-07:00,2026-08-14,,Jared Young,NYM,WSH @ NYM,1,LESS,5.5,4.88,67.6,148.79,1.03,6,Andrew Alvarez,0.0,The model opened at 5.5 with a 4.9 fantasy-point projection and a LESS recommendation at 67.6% confidence. This opening snapshot establishes the baseline for every later model run.,,,,,,,B,,,,,4.72,,0.8888,,,0.0,0.0,0.0,0.0,0.0,0.0,0.0,False,0.0,0.0,Model Initialized,Opening model run,,72,Major,🟣,The model opened at 5.5 with a 4.9 fantasy-point projection and a LESS recommendation at 67.6% confidence. This opening snapshot establishes the baseline for every later model run.,1,4.88,0.0,67.6,0.0,LESS,LESS → LESS,100,Opening model run,The recommendation stayed LESS. Projection is +0.0 fantasy points and confidence is +0.0 points versus the opening run. The largest driver today is opening model run.
2026-08-13T23:48:25-07:00,2026-08-14,,Jarred Kelenic,TEX,TEX @ ATH,1,LESS,4.5,4.0,64.8,106.27,1.01,5,TBD,0.0,The model opened at 4.5 with a 4.0 fantasy-point projection and a LESS recommendation at 64.8% confidence. This opening snapshot establishes the baseline for every later model run.,,,,,,,D,,,,,5.51,,0.8,,,0.0,0.0,0.0,0.0,0.0,0.0,0.0,False,0.0,0.0,Model Initialized,Opening model run,,72,Major,🟣,The model opened at 4.5 with a 4.0 fantasy-point projection and a LESS recommendation at 64.8% confidence. This opening snapshot establishes the baseline for every later model run.,1,4.0,0.0,64.8,0.0,LESS,LESS → LESS,100,Opening model run,The recommendation stayed LESS. Projection is +0.0 fantasy points and confidence is +0.0 points versus the opening run. The largest driver today is opening model run.
2026-08-13T23:48:25-07:00,2026-08-14,,Jarren Duran,BOS,BOS @ PIT,1,LESS,5.0,4.49,72.0,139.41,1.01,7,Bubba Chandler,0.0,The model opened at 5.0 with a 4.5 fantasy-point projection and a LESS recommendation at 72.0% confidence. This opening snapshot establishes the baseline for every later model run.,,,,,,,B-,,,,,4.32,,0.8845,,,0.0,0.0,0.0,0.0,0.0,0.0,0.0,False,0.0,0.0,Model Initialized,Opening model run,,72,Major,🟣,The model opened at 5.0 with a 4.5 fantasy-point projection and a LESS recommendation at 72.0% confidence. This opening snapshot establishes the baseline for every later model run.,1,4.49,0.0,72.0,0.0,LESS,LESS → LESS,100,Opening model run,The recommendation stayed LESS. Projection is +0.0 fantasy points and confidence is +0.0 points versus the opening run. The largest driver today is opening model run.
2026-08-13T23:48:25-07:00,2026-08-14,,Javier Báez,DET,CWS @ DET,1,LESS,4.0,3.61,67.4,114.05,1.04,8,Sean Newcomb,0.0,The model opened at 4.0 with a 3.6 fantasy-point projection and a LESS recommendation at 67.4% confidence. This opening snapshot establishes the baseline for every later model run.,,,,,,,C,,,,,2.81,,0.8,,,0.0,0.0,0.0,0.0,0.0,0.0,0.0,False,0.0,0.0,Model Initialized,Opening model run,,72,Major,🟣,The model opened at 4.0 with a 3.6 fantasy-point projection and a LESS recommendation at 67.4% confidence. This opening snapshot establishes the baseline for every later model run.,1,3.61,0.0,67.4,0.0,LESS,LESS → LESS,100,Opening model run,The recommendation stayed LESS. Projection is +0.0 fantasy points and confidence is +0.0 points versus the opening run. The largest driver today is opening model run.
2026-08-13T23:48:25-07:00,2026-08-14,,Javier Sanoja,MIA,MIA @ CIN,1,LESS,4.0,3.56,68.6,113.92,1.03,9,Chase Burns,0.0,The model opened at 4.0 with a 3.6 fantasy-point projection and a LESS recommendation at 68.6% confidence. This opening snapshot establishes the baseline for every later model run.,,,,,,,C,,,,,4.51,,0.8104,,,0.0,0.0,0.0,0.0,0.0,0.0,0.0,False,0.0,0.0,Model Initialized,Opening model run,,72,Major,🟣,The model opened at 4.0 with a 3.6 fantasy-point projection and a LESS recommendation at 68.6% confidence. This opening snapshot establishes the baseline for every later model run.,1,3.56,0.0,68.6,0.0,LESS,LESS → LESS,100,Opening model run,The recommendation stayed LESS. Projection is +0.0 fantasy points and confidence is +0.0 points versus the opening run. The largest driver today is opening model run.
2026-08-13T23:48:25-07:00,2026-08-14,,Jazz Chisholm Jr.,NYY,NYY @ TOR,1,MORE,4.5,7.23,60.6,185.71,1.0,6,Shane Bieber,0.0,The model opened at 4.5 with a 7.2 fantasy-point projection and a MORE recommendation at 60.6% confidence. This opening snapshot establishes the baseline for every later model run.,,,,,,,A-,,,,,4.01,,0.956,,,0.0,0.0,0.0,0.0,0.0,0.0,0.0,False,0.0,0.0,Model Initialized,Opening model run,,72,Major,🟣,The model opened at 4.5 with a 7.2 fantasy-point projection and a MORE recommendation at 60.6% confidence. This opening snapshot establishes the baseline for every later model run.,1,7.23,0.0,60.6,0.0,MORE,MORE → MORE,100,Opening model run,The recommendation stayed MORE. Projection is +0.0 fantasy points and confidence is +0.0 points versus the opening run. The largest driver today is opening model run.
2026-08-13T23:48:25-07:00,2026-08-14,,Jeff McNeil,ATH,TEX @ ATH,1,MORE,4.5,7.39,63.3,189.17,1.01,1,Kumar Rocker,0.0,The model opened at 4.5 with a 7.4 fantasy-point projection and a MORE recommendation at 63.3% confidence. This opening snapshot establishes the baseline for every later model run.,,,,,,,A-,,,,,4.28,,0.8074,,,0.0,0.0,0.0,0.0,0.0,0.0,0.0,False,0.0,0.0,Model Initialized,Opening model run,,72,Major,🟣,The model opened at 4.5 with a 7.4 fantasy-point projection and a MORE recommendation at 63.3% confidence. This opening snapshot establishes the baseline for every later model run.,1,7.39,0.0,63.3,0.0,MORE,MORE → MORE,100,Opening model run,The recommendation stayed MORE. Projection is +0.0 fantasy points and confidence is +0.0 points versus the opening run. The largest driver today is opening model run.
2026-08-13T23:48:25-07:00,2026-08-14,,Jeremiah Jackson,BAL,BAL @ TB,1,LESS,4.0,3.64,69.3,93.03,1.0,8,Steven Matz,0.0,The model opened at 4.0 with a 3.6 fantasy-point projection and a LESS recommendation at 69.3% confidence. This opening snapshot establishes the baseline for every later model run.,,,,,,,D,,,,,4.47,,0.8183,,,0.0,0.0,0.0,0.0,0.0,0.0,0.0,False,0.0,0.0,Model Initialized,Opening model run,,72,Major,🟣,The model opened at 4.0 with a 3.6 fantasy-point projection and a LESS recommendation at 69.3% confidence. This opening snapshot establishes the baseline for every later model run.,1,3.64,0.0,69.3,0.0,LESS,LESS → LESS,100,Opening model run,The recommendation stayed LESS. Projection is +0.0 fantasy points and confidence is +0.0 points versus the opening run. The largest driver today is opening model run.
2026-08-13T23:48:25-07:00,2026-08-14,,Jeremy Peña,HOU,SEA @ HOU,1,MORE,5.0,7.4,60.4,195.49,1.0,1,George Kirby,0.0,The model opened at 5.0 with a 7.4 fantasy-point projection and a MORE recommendation at 60.4% confidence. This opening snapshot establishes the baseline for every later model run.,,,,,,,A-,,,,,3.81,,0.9334,,,0.0,0.0,0.0,0.0,0.0,0.0,0.0,False,0.0,0.0,Model Initialized,Opening model run,,72,Major,🟣,The model opened at 5.0 with a 7.4 fantasy-point projection and a MORE recommendation at 60.4% confidence. This opening snapshot establishes the baseline for every later model run.,1,7.4,0.0,60.4,0.0,MORE,MORE → MORE,100,Opening model run,The recommendation stayed MORE. Projection is +0.0 fantasy points and confidence is +0.0 points versus the opening run. The largest driver today is opening model run.
2026-08-13T23:48:25-07:00,2026-08-14,,Jesús Sánchez,TOR,NYY @ TOR,1,LESS,4.0,3.65,68.9,96.94,1.0,8,Gerrit Cole,0.0,The model opened at 4.0 with a 3.6 fantasy-point projection and a LESS recommendation at 68.9% confidence. This opening snapshot establishes the baseline for every later model run.,,,,,,,D,,,,,3.28,,0.8,,,0.0,0.0,0.0,0.0,0.0,0.0,0.0,False,0.0,0.0,Model Initialized,Opening model run,,72,Major,🟣,The model opened at 4.0 with a 3.6 fantasy-point projection and a LESS recommendation at 68.9% confidence. This opening snapshot establishes the baseline for every later model run.,1,3.65,0.0,68.9,0.0,LESS,LESS → LESS,100,Opening model run,The recommendation stayed LESS. Projection is +0.0 fantasy points and confidence is +0.0 points versus the opening run. The largest driver today is opening model run.
2026-08-13T23:48:25-07:00,2026-08-14,,Jhonny Pereda,SEA,SEA @ HOU,1,LESS,4.5,3.83,67.2,112.43,1.0,8,Peter Lambert,0.0,The model opened at 4.5 with a 3.8 fantasy-point projection and a LESS recommendation at 67.2% confidence. This opening snapshot establishes the baseline for every later model run.,,,,,,,C,,,,,4.54,,0.8078,,,0.0,0.0,0.0,0.0,0.0,0.0,0.0,False,0.0,0.0,Model Initialized,Opening model run,,72,Major,🟣,The model opened at 4.5 with a 3.8 fantasy-point projection and a LESS recommendation at 67.2% confidence. This opening snapshot establishes the baseline for every later model run.,1,3.83,0.0,67.2,0.0,LESS,LESS → LESS,100,Opening model run,The recommendation stayed LESS. Projection is +0.0 fantasy points and confidence is +0.0 points versus the opening run. The largest driver today is opening model run.
2026-08-13T23:48:25-07:00,2026-08-14,,Jim Jarvis,ATL,ARI @ ATL,1,LESS,3.0,2.56,75.4,83.8,1.055,9,Brandon Pfaadt,0.0,The model opened at 3.0 with a 2.6 fantasy-point projection and a LESS recommendation at 75.4% confidence. This opening snapshot establishes the baseline for every later model run.,,,,,,,F,,,,,4.12,,0.8,,,0.0,0.0,0.0,0.0,0.0,0.0,0.0,False,0.0,0.0,Model Initialized,Opening model run,,72,Major,🟣,The model opened at 3.0 with a 2.6 fantasy-point projection and a LESS recommendation at 75.4% confidence. This opening snapshot establishes the baseline for every later model run.,1,2.56,0.0,75.4,0.0,LESS,LESS → LESS,100,Opening model run,The recommendation stayed LESS. Projection is +0.0 fantasy points and confidence is +0.0 points versus the opening run. The largest driver today is opening model run.
2026-08-13T23:48:25-07:00,2026-08-14,,Jimmy Crooks,STL,STL @ CHC,1,LESS,3.5,3.22,70.4,93.9,1.01,8,Clay Holmes,0.0,The model opened at 3.5 with a 3.2 fantasy-point projection and a LESS recommendation at 70.4% confidence. This opening snapshot establishes the baseline for every later model run.,,,,,,,D,,,,,4.1,,0.8539,,,0.0,0.0,0.0,0.0,0.0,0.0,0.0,False,0.0,0.0,Model Initialized,Opening model run,,72,Major,🟣,The model opened at 3.5 with a 3.2 fantasy-point projection and a LESS recommendation at 70.4% confidence. This opening snapshot establishes the baseline for every later model run.,1,3.22,0.0,70.4,0.0,LESS,LESS → LESS,100,Opening model run,The recommendation stayed LESS. Projection is +0.0 fantasy points and confidence is +0.0 points versus the opening run. The largest driver today is opening model run.
2026-08-13T23:48:25-07:00,2026-08-14,,Jo Adell,CLE,SD @ CLE,1,LESS,4.5,3.81,69.8,123.76,1.03,5,Michael King,0.0,The model opened at 4.5 with a 3.8 fantasy-point projection and a LESS recommendation at 69.8% confidence. This opening snapshot establishes the baseline for every later model run.,,,,,,,C+,,,,,4.1,,0.9717,,,0.0,0.0,0.0,0.0,0.0,0.0,0.0,False,0.0,0.0,Model Initialized,Opening model run,,72,Major,🟣,The model opened at 4.5 with a 3.8 fantasy-point projection and a LESS recommendation at 69.8% confidence. This opening snapshot establishes the baseline for every later model run.,1,3.81,0.0,69.8,0.0,LESS,LESS → LESS,100,Opening model run,The recommendation stayed LESS. Projection is +0.0 fantasy points and confidence is +0.0 points versus the opening run. The largest driver today is opening model run.
2026-08-13T23:48:25-07:00,2026-08-14,,Joc Pederson,TEX,TEX @ ATH,1,MORE,4.0,7.49,59.6,191.96,1.01,1,TBD,0.0,The model opened at 4.0 with a 7.5 fantasy-point projection and a MORE recommendation at 59.6% confidence. This opening snapshot establishes the baseline for every later model run.,,,,,,,A-,,,,,5.51,,1.0506,,,0.0,0.0,0.0,0.0,0.0,0.0,0.0,False,0.0,0.0,Model Initialized,Opening model run,,72,Major,🟣,The model opened at 4.0 with a 7.5 fantasy-point projection and a MORE recommendation at 59.6% confidence. This opening snapshot establishes the baseline for every later model run.,1,7.49,0.0,59.6,0.0,MORE,MORE → MORE,100,Opening model run,The recommendation stayed MORE. Projection is +0.0 fantasy points and confidence is +0.0 points versus the opening run. The largest driver today is opening model run.
2026-08-13T23:48:25-07:00,2026-08-14,,Joe Mack,MIA,MIA @ CIN,1,LESS,4.5,4.07,67.9,115.3,1.03,8,Chase Burns,0.0,The model opened at 4.5 with a 4.1 fantasy-point projection and a LESS recommendation at 67.9% confidence. This opening snapshot establishes the baseline for every later model run.,,,,,,,C,,,,,4.51,,0.9128,,,0.0,0.0,0.0,0.0,0.0,0.0,0.0,False,0.0,0.0,Model Initialized,Opening model run,,72,Major,🟣,The model opened at 4.5 with a 4.1 fantasy-point projection and a LESS recommendation at 67.9% confidence. This opening snapshot establishes the baseline for every later model run.,1,4.07,0.0,67.9,0.0,LESS,LESS → LESS,100,Opening model run,The recommendation stayed LESS. Projection is +0.0 fantasy points and confidence is +0.0 points versus the opening run. The largest driver today is opening model run.
2026-08-13T23:48:25-07:00,2026-08-14,,Joey Ortiz,MIL,MIL @ LAD,1,LESS,4.5,4.15,65.1,124.47,1.0,9,Yoshinobu Yamamoto,0.0,The model opened at 4.5 with a 4.2 fantasy-point projection and a LESS recommendation at 65.1% confidence. This opening snapshot establishes the baseline for every later model run.,,,,,,,C+,,,,,3.71,,0.8677,,,0.0,0.0,0.0,0.0,0.0,0.0,0.0,False,0.0,0.0,Model Initialized,Opening model run,,72,Major,🟣,The model opened at 4.5 with a 4.2 fantasy-point projection and a LESS recommendation at 65.1% confidence. This opening snapshot establishes the baseline for every later model run.,1,4.15,0.0,65.1,0.0,LESS,LESS → LESS,100,Opening model run,The recommendation stayed LESS. Projection is +0.0 fantasy points and confidence is +0.0 points versus the opening run. The largest driver today is opening model run.
2026-08-13T23:48:25-07:00,2026-08-14,,John Rave,KC,KC @ LAA,1,LESS,5.0,4.31,71.6,128.75,1.0,8,Grayson Rodriguez,0.0,The model opened at 5.0 with a 4.3 fantasy-point projection and a LESS recommendation at 71.6% confidence. This opening snapshot establishes the baseline for every later model run.,,,,,,,C+,,,,,4.43,,0.8976,,,0.0,0.0,0.0,0.0,0.0,0.0,0.0,False,0.0,0.0,Model Initialized,Opening model run,,72,Major,🟣,The model opened at 5.0 with a 4.3 fantasy-point projection and a LESS recommendation at 71.6% confidence. This opening snapshot establishes the baseline for every later model run.,1,4.31,0.0,71.6,0.0,LESS,LESS → LESS,100,Opening model run,The recommendation stayed LESS. Projection is +0.0 fantasy points and confidence is +0.0 points versus the opening run. The largest driver today is opening model run.
2026-08-13T23:48:25-07:00,2026-08-14,,Jonah Heim,ATH,TEX @ ATH,1,LESS,4.5,3.9,67.4,127.24,1.01,3,Kumar Rocker,0.0,The model opened at 4.5 with a 3.9 fantasy-point projection and a LESS recommendation at 67.4% confidence. This opening snapshot establishes the baseline for every later model run.,,,,,,,C+,,,,,4.28,,0.8236,,,0.0,0.0,0.0,0.0,0.0,0.0,0.0,False,0.0,0.0,Model Initialized,Opening model run,,72,Major,🟣,The model opened at 4.5 with a 3.9 fantasy-point projection and a LESS recommendation at 67.4% confidence. This opening snapshot establishes the baseline for every later model run.,1,3.9,0.0,67.4,0.0,LESS,LESS → LESS,100,Opening model run,The recommendation stayed LESS. Projection is +0.0 fantasy points and confidence is +0.0 points versus the opening run. The largest driver today is opening model run.
2026-08-13T23:48:25-07:00,2026-08-14,,Jonathan Aranda,TB,BAL @ TB,1,MORE,4.0,6.78,62.1,182.3,1.0,2,TBD,0.0,The model opened at 4.0 with a 6.8 fantasy-point projection and a MORE recommendation at 62.1% confidence. This opening snapshot establishes the baseline for every later model run.,,,,,,,A-,,,,,4.24,,0.874,,,0.0,0.0,0.0,0.0,0.0,0.0,0.0,False,0.0,0.0,Model Initialized,Opening model run,,72,Major,🟣,The model opened at 4.0 with a 6.8 fantasy-point projection and a MORE recommendation at 62.1% confidence. This opening snapshot establishes the baseline for every later model run.,1,6.78,0.0,62.1,0.0,MORE,MORE → MORE,100,Opening model run,The recommendation stayed MORE. Projection is +0.0 fantasy points and confidence is +0.0 points versus the opening run. The largest driver today is opening model run.
2026-08-13T23:48:25-07:00,2026-08-14,,Jonny DeLuca,TB,BAL @ TB,1,LESS,4.0,3.38,72.8,126.14,1.0,6,TBD,0.0,The model opened at 4.0 with a 3.4 fantasy-point projection and a LESS recommendation at 72.8% confidence. This opening snapshot establishes the baseline for every later model run.,,,,,,,C+,,,,,4.24,,0.8,,,0.0,0.0,0.0,0.0,0.0,0.0,0.0,False,0.0,0.0,Model Initialized,Opening model run,,72,Major,🟣,The model opened at 4.0 with a 3.4 fantasy-point projection and a LESS recommendation at 72.8% confidence. This opening snapshot establishes the baseline for every later model run.,1,3.38,0.0,72.8,0.0,LESS,LESS → LESS,100,Opening model run,The recommendation stayed LESS. Projection is +0.0 fantasy points and confidence is +0.0 points versus the opening run. The largest driver today is opening model run.
2026-08-13T23:48:25-07:00,2026-08-14,,Jorbit Vivas,WSH,WSH @ NYM,1,LESS,5.0,4.33,68.4,120.54,1.03,6,Robert Stock,0.0,The model opened at 5.0 with a 4.3 fantasy-point projection and a LESS recommendation at 68.4% confidence. This opening snapshot establishes the baseline for every later model run.,,,,,,,C,,,,,4.14,,0.8,,,0.0,0.0,0.0,0.0,0.0,0.0,0.0,False,0.0,0.0,Model Initialized,Opening model run,,72,Major,🟣,The model opened at 5.0 with a 4.3 fantasy-point projection and a LESS recommendation at 68.4% confidence. This opening snapshot establishes the baseline for every later model run.,1,4.33,0.0,68.4,0.0,LESS,LESS → LESS,100,Opening model run,The recommendation stayed LESS. Projection is +0.0 fantasy points and confidence is +0.0 points versus the opening run. The largest driver today is opening model run.
2026-08-13T23:48:25-07:00,2026-08-14,,Jordan Beck,COL,COL @ SF,1,LESS,5.0,4.36,70.5,122.84,1.01,7,Landen Roupp,0.0,The model opened at 5.0 with a 4.4 fantasy-point projection and a LESS recommendation at 70.5% confidence. This opening snapshot establishes the baseline for every later model run.,,,,,,,C+,,,,,4.31,,0.9556,,,0.0,0.0,0.0,0.0,0.0,0.0,0.0,False,0.0,0.0,Model Initialized,Opening model run,,72,Major,🟣,The model opened at 5.0 with a 4.4 fantasy-point projection and a LESS recommendation at 70.5% confidence. This opening snapshot establishes the baseline for every later model run.,1,4.36,0.0,70.5,0.0,LESS,LESS → LESS,100,Opening model run,The recommendation stayed LESS. Projection is +0.0 fantasy points and confidence is +0.0 points versus the opening run. The largest driver today is opening model run.
2026-08-13T23:48:25-07:00,2026-08-14,,Jordan Walker,STL,STL @ CHC,1,LESS,5.5,5.16,66.9,154.12,1.01,4,Clay Holmes,0.0,The model opened at 5.5 with a 5.2 fantasy-point projection and a LESS recommendation at 66.9% confidence. This opening snapshot establishes the baseline for every later model run.,,,,,,,B,,,,,4.1,,0.9337,,,0.0,0.0,0.0,0.0,0.0,0.0,0.0,False,0.0,0.0,Model Initialized,Opening model run,,72,Major,🟣,The model opened at 5.5 with a 5.2 fantasy-point projection and a LESS recommendation at 66.9% confidence. This opening snapshot establishes the baseline for every later model run.,1,5.16,0.0,66.9,0.0,LESS,LESS → LESS,100,Opening model run,The recommendation stayed LESS. Projection is +0.0 fantasy points and confidence is +0.0 points versus the opening run. The largest driver today is opening model run.
2026-08-13T23:48:25-07:00,2026-08-14,,Jorge Polanco,NYM,WSH @ NYM,1,LESS,4.0,3.32,71.7,97.01,1.03,8,Andrew Alvarez,0.0,The model opened at 4.0 with a 3.3 fantasy-point projection and a LESS recommendation at 71.7% confidence. This opening snapshot establishes the baseline for every later model run.,,,,,,,D,,,,,4.72,,0.8,,,0.0,0.0,0.0,0.0,0.0,0.0,0.0,False,0.0,0.0,Model Initialized,Opening model run,,72,Major,🟣,The model opened at 4.0 with a 3.3 fantasy-point projection and a LESS recommendation at 71.7% confidence. This opening snapshot establishes the baseline for every later model run.,1,3.32,0.0,71.7,0.0,LESS,LESS → LESS,100,Opening model run,The recommendation stayed LESS. Projection is +0.0 fantasy points and confidence is +0.0 points versus the opening run. The largest driver today is opening model run.
2026-08-13T23:48:25-07:00,2026-08-14,,Jose Altuve,HOU,SEA @ HOU,1,LESS,4.5,3.76,66.9,128.37,1.0,4,George Kirby,0.0,The model opened at 4.5 with a 3.8 fantasy-point projection and a LESS recommendation at 66.9% confidence. This opening snapshot establishes the baseline for every later model run.,,,,,,,C+,,,,,3.81,,0.8,,,0.0,0.0,0.0,0.0,0.0,0.0,0.0,False,0.0,0.0,Model Initialized,Opening model run,,72,Major,🟣,The model opened at 4.5 with a 3.8 fantasy-point projection and a LESS recommendation at 66.9% confidence. This opening snapshot establishes the baseline for every later model run.,1,3.76,0.0,66.9,0.0,LESS,LESS → LESS,100,Opening model run,The recommendation stayed LESS. Projection is +0.0 fantasy points and confidence is +0.0 points versus the opening run. The largest driver today is opening model run.
2026-08-13T23:48:25-07:00,2026-08-14,,Jose Siri,LAA,KC @ LAA,1,LESS,5.5,5.15,66.3,133.38,1.0,8,Seth Lugo,0.0,The model opened at 5.5 with a 5.2 fantasy-point projection and a LESS recommendation at 66.3% confidence. This opening snapshot establishes the baseline for every later model run.,,,,,,,B-,,,,,4.84,,0.9663,,,0.0,0.0,0.0,0.0,0.0,0.0,0.0,False,0.0,0.0,Model Initialized,Opening model run,,72,Major,🟣,The model opened at 5.5 with a 5.2 fantasy-point projection and a LESS recommendation at 66.3% confidence. This opening snapshot establishes the baseline for every later model run.,1,5.15,0.0,66.3,0.0,LESS,LESS → LESS,100,Opening model run,The recommendation stayed LESS. Projection is +0.0 fantasy points and confidence is +0.0 points versus the opening run. The largest driver today is opening model run.
2026-08-13T23:48:25-07:00,2026-08-14,,Jose Trevino,CIN,MIA @ CIN,1,LESS,5.0,4.64,71.9,133.69,1.03,7,Sandy Alcantara,0.0,The model opened at 5.0 with a 4.6 fantasy-point projection and a LESS recommendation at 71.9% confidence. This opening snapshot establishes the baseline for every later model run.,,,,,,,B-,,,,,3.98,,0.8,,,0.0,0.0,0.0,0.0,0.0,0.0,0.0,False,0.0,0.0,Model Initialized,Opening model run,,72,Major,🟣,The model opened at 5.0 with a 4.6 fantasy-point projection and a LESS recommendation at 71.9% confidence. This opening snapshot establishes the baseline for every later model run.,1,4.64,0.0,71.9,0.0,LESS,LESS → LESS,100,Opening model run,The recommendation stayed LESS. Projection is +0.0 fantasy points and confidence is +0.0 points versus the opening run. The largest driver today is opening model run.
2026-08-13T23:48:25-07:00,2026-08-14,,Josh Lowe,LAA,KC @ LAA,1,MORE,2.5,5.03,60.6,128.21,1.0,7,Seth Lugo,0.0,The model opened at 2.5 with a 5.0 fantasy-point projection and a MORE recommendation at 60.6% confidence. This opening snapshot establishes the baseline for every later model run.,,,,,,,C+,,,,,4.84,,0.9055,,,0.0,0.0,0.0,0.0,0.0,0.0,0.0,False,0.0,0.0,Model Initialized,Opening model run,,72,Major,🟣,The model opened at 2.5 with a 5.0 fantasy-point projection and a MORE recommendation at 60.6% confidence. This opening snapshot establishes the baseline for every later model run.,1,5.03,0.0,60.6,0.0,MORE,MORE → MORE,100,Opening model run,The recommendation stayed MORE. Projection is +0.0 fantasy points and confidence is +0.0 points versus the opening run. The largest driver today is opening model run.
2026-08-13T23:48:25-07:00,2026-08-14,,Josh Naylor,SEA,SEA @ HOU,1,LESS,5.0,4.32,72.3,137.77,1.0,6,Peter Lambert,0.0,The model opened at 5.0 with a 4.3 fantasy-point projection and a LESS recommendation at 72.3% confidence. This opening snapshot establishes the baseline for every later model run.,,,,,,,B-,,,,,4.54,,0.8739,,,0.0,0.0,0.0,0.0,0.0,0.0,0.0,False,0.0,0.0,Model Initialized,Opening model run,,72,Major,🟣,The model opened at 5.0 with a 4.3 fantasy-point projection and a LESS recommendation at 72.3% confidence. This opening snapshot establishes the baseline for every later model run.,1,4.32,0.0,72.3,0.0,LESS,LESS → LESS,100,Opening model run,The recommendation stayed LESS. Projection is +0.0 fantasy points and confidence is +0.0 points versus the opening run. The largest driver today is opening model run.
2026-08-13T23:48:25-07:00,2026-08-14,,Josh Rojas,KC,KC @ LAA,1,MORE,2.5,5.64,68.5,145.04,1.0,8,Grayson Rodriguez,0.0,The model opened at 2.5 with a 5.6 fantasy-point projection and a MORE recommendation at 68.5% confidence. This opening snapshot establishes the baseline for every later model run.,,,,,,,B-,,,,,4.43,,0.8,,,0.0,0.0,0.0,0.0,0.0,0.0,0.0,False,0.0,0.0,Model Initialized,Opening model run,,72,Major,🟣,The model opened at 2.5 with a 5.6 fantasy-point projection and a MORE recommendation at 68.5% confidence. This opening snapshot establishes the baseline for every later model run.,1,5.64,0.0,68.5,0.0,MORE,MORE → MORE,100,Opening model run,The recommendation stayed MORE. Projection is +0.0 fantasy points and confidence is +0.0 points versus the opening run. The largest driver today is opening model run.
2026-08-13T23:48:25-07:00,2026-08-14,,Josh Smith,TOR,NYY @ TOR,1,LESS,2.5,2.24,71.5,73.79,1.0,8,Gerrit Cole,0.0,The model opened at 2.5 with a 2.2 fantasy-point projection and a LESS recommendation at 71.5% confidence. This opening snapshot establishes the baseline for every later model run.,,,,,,,F,,,,,3.28,,0.8,,,0.0,0.0,0.0,0.0,0.0,0.0,0.0,False,0.0,0.0,Model Initialized,Opening model run,,72,Major,🟣,The model opened at 2.5 with a 2.2 fantasy-point projection and a LESS recommendation at 71.5% confidence. This opening snapshot establishes the baseline for every later model run.,1,2.24,0.0,71.5,0.0,LESS,LESS → LESS,100,Opening model run,The recommendation stayed LESS. Projection is +0.0 fantasy points and confidence is +0.0 points versus the opening run. The largest driver today is opening model run.
2026-08-13T23:48:25-07:00,2026-08-14,,José Caballero,NYY,NYY @ TOR,1,LESS,4.0,3.58,71.0,126.15,1.0,7,Shane Bieber,0.0,The model opened at 4.0 with a 3.6 fantasy-point projection and a LESS recommendation at 71.0% confidence. This opening snapshot establishes the baseline for every later model run.,,,,,,,C+,,,,,4.01,,0.8055,,,0.0,0.0,0.0,0.0,0.0,0.0,0.0,False,0.0,0.0,Model Initialized,Opening model run,,72,Major,🟣,The model opened at 4.0 with a 3.6 fantasy-point projection and a LESS recommendation at 71.0% confidence. This opening snapshot establishes the baseline for every later model run.,1,3.58,0.0,71.0,0.0,LESS,LESS → LESS,100,Opening model run,The recommendation stayed LESS. Projection is +0.0 fantasy points and confidence is +0.0 points versus the opening run. The largest driver today is opening model run.
2026-08-13T23:48:25-07:00,2026-08-14,,José Fermín,STL,STL @ CHC,1,LESS,4.0,3.55,69.3,107.62,1.01,8,Clay Holmes,0.0,The model opened at 4.0 with a 3.5 fantasy-point projection and a LESS recommendation at 69.3% confidence. This opening snapshot establishes the baseline for every later model run.,,,,,,,D,,,,,4.1,,0.8363,,,0.0,0.0,0.0,0.0,0.0,0.0,0.0,False,0.0,0.0,Model Initialized,Opening model run,,72,Major,🟣,The model opened at 4.0 with a 3.5 fantasy-point projection and a LESS recommendation at 69.3% confidence. This opening snapshot establishes the baseline for every later model run.,1,3.55,0.0,69.3,0.0,LESS,LESS → LESS,100,Opening model run,The recommendation stayed LESS. Projection is +0.0 fantasy points and confidence is +0.0 points versus the opening run. The largest driver today is opening model run.
2026-08-13T23:48:25-07:00,2026-08-14,,José Ramírez,CLE,SD @ CLE,1,LESS,5.5,5.16,66.8,152.33,1.03,3,Michael King,0.0,The model opened at 5.5 with a 5.2 fantasy-point projection and a LESS recommendation at 66.8% confidence. This opening snapshot establishes the baseline for every later model run.,,,,,,,B,,,,,4.1,,0.8418,,,0.0,0.0,0.0,0.0,0.0,0.0,0.0,False,0.0,0.0,Model Initialized,Opening model run,,72,Major,🟣,The model opened at 5.5 with a 5.2 fantasy-point projection and a LESS recommendation at 66.8% confidence. This opening snapshot establishes the baseline for every later model run.,1,5.16,0.0,66.8,0.0,LESS,LESS → LESS,100,Opening model run,The recommendation stayed LESS. Projection is +0.0 fantasy points and confidence is +0.0 points versus the opening run. The largest driver today is opening model run.
2026-08-13T23:48:25-07:00,2026-08-14,,José Tena,WSH,WSH @ NYM,1,MORE,2.5,5.64,60.5,139.53,1.03,8,Robert Stock,0.0,The model opened at 2.5 with a 5.6 fantasy-point projection and a MORE recommendation at 60.5% confidence. This opening snapshot establishes the baseline for every later model run.,,,,,,,B-,,,,,4.14,,0.9077,,,0.0,0.0,0.0,0.0,0.0,0.0,0.0,False,0.0,0.0,Model Initialized,Opening model run,,72,Major,🟣,The model opened at 2.5 with a 5.6 fantasy-point projection and a MORE recommendation at 60.5% confidence. This opening snapshot establishes the baseline for every later model run.,1,5.64,0.0,60.5,0.0,MORE,MORE → MORE,100,Opening model run,The recommendation stayed MORE. Projection is +0.0 fantasy points and confidence is +0.0 points versus the opening run. The largest driver today is opening model run.
2026-08-13T23:48:25-07:00,2026-08-14,,Julio Rodríguez,SEA,SEA @ HOU,1,MORE,3.0,5.84,59.7,166.03,1.0,5,Peter Lambert,0.0,The model opened at 3.0 with a 5.8 fantasy-point projection and a MORE recommendation at 59.7% confidence. This opening snapshot establishes the baseline for every later model run.,,,,,,,B+,,,,,4.54,,0.9803,,,0.0,0.0,0.0,0.0,0.0,0.0,0.0,False,0.0,0.0,Model Initialized,Opening model run,,72,Major,🟣,The model opened at 3.0 with a 5.8 fantasy-point projection and a MORE recommendation at 59.7% confidence. This opening snapshot establishes the baseline for every later model run.,1,5.84,0.0,59.7,0.0,MORE,MORE → MORE,100,Opening model run,The recommendation stayed MORE. Projection is +0.0 fantasy points and confidence is +0.0 points versus the opening run. The largest driver today is opening model run.
2026-08-13T23:48:25-07:00,2026-08-14,,Jung Hoo Lee,SF,COL @ SF,1,MORE,5.0,7.07,59.0,199.1,1.01,2,Kyle Freeland,0.0,The model opened at 5.0 with a 7.1 fantasy-point projection and a MORE recommendation at 59.0% confidence. This opening snapshot establishes the baseline for every later model run.,,,,,,,A,,,,,5.47,,0.8,,,0.0,0.0,0.0,0.0,0.0,0.0,0.0,False,0.0,0.0,Model Initialized,Opening model run,,72,Major,🟣,The model opened at 5.0 with a 7.1 fantasy-point projection and a MORE recommendation at 59.0% confidence. This opening snapshot establishes the baseline for every later model run.,1,7.07,0.0,59.0,0.0,MORE,MORE → MORE,100,Opening model run,The recommendation stayed MORE. Projection is +0.0 fantasy points and confidence is +0.0 points versus the opening run. The largest driver today is opening model run.
2026-08-13T23:48:25-07:00,2026-08-14,,Junior Caminero,TB,BAL @ TB,1,MORE,4.5,8.13,60.7,215.62,1.0,3,TBD,0.0,The model opened at 4.5 with a 8.1 fantasy-point projection and a MORE recommendation at 60.7% confidence. This opening snapshot establishes the baseline for every later model run.,,,,,,,A,,,,,4.24,,1.0841,,,0.0,0.0,0.0,0.0,0.0,0.0,0.0,False,0.0,0.0,Model Initialized,Opening model run,,72,Major,🟣,The model opened at 4.5 with a 8.1 fantasy-point projection and a MORE recommendation at 60.7% confidence. This opening snapshot establishes the baseline for every later model run.,1,8.13,0.0,60.7,0.0,MORE,MORE → MORE,100,Opening model run,The recommendation stayed MORE. Projection is +0.0 fantasy points and confidence is +0.0 points versus the opening run. The largest driver today is opening model run.
2026-08-13T23:48:25-07:00,2026-08-14,,Justin Foscue,TEX,TEX @ ATH,1,LESS,4.5,3.98,65.7,103.88,1.01,6,TBD,0.0,The model opened at 4.5 with a 4.0 fantasy-point projection and a LESS recommendation at 65.7% confidence. This opening snapshot establishes the baseline for every later model run.,,,,,,,D,,,,,5.51,,0.8432,,,0.0,0.0,0.0,0.0,0.0,0.0,0.0,False,0.0,0.0,Model Initialized,Opening model run,,72,Major,🟣,The model opened at 4.5 with a 4.0 fantasy-point projection and a LESS recommendation at 65.7% confidence. This opening snapshot establishes the baseline for every later model run.,1,3.98,0.0,65.7,0.0,LESS,LESS → LESS,100,Opening model run,The recommendation stayed LESS. Projection is +0.0 fantasy points and confidence is +0.0 points versus the opening run. The largest driver today is opening model run.
2026-08-13T23:48:25-07:00,2026-08-14,,Kazuma Okamoto,TOR,NYY @ TOR,1,LESS,3.5,3.04,75.7,114.23,1.0,5,Gerrit Cole,0.0,The model opened at 3.5 with a 3.0 fantasy-point projection and a LESS recommendation at 75.7% confidence. This opening snapshot establishes the baseline for every later model run.,,,,,,,C,,,,,3.28,,0.8114,,,0.0,0.0,0.0,0.0,0.0,0.0,0.0,False,0.0,0.0,Model Initialized,Opening model run,,72,Major,🟣,The model opened at 3.5 with a 3.0 fantasy-point projection and a LESS recommendation at 75.7% confidence. This opening snapshot establishes the baseline for every later model run.,1,3.04,0.0,75.7,0.0,LESS,LESS → LESS,100,Opening model run,The recommendation stayed LESS. Projection is +0.0 fantasy points and confidence is +0.0 points versus the opening run. The largest driver today is opening model run.
2026-08-13T23:48:25-07:00,2026-08-14,,Ke'Bryan Hayes,CIN,MIA @ CIN,1,LESS,4.0,3.36,72.4,91.68,1.03,9,Sandy Alcantara,0.0,The model opened at 4.0 with a 3.4 fantasy-point projection and a LESS recommendation at 72.4% confidence. This opening snapshot establishes the baseline for every later model run.,,,,,,,F,,,,,3.98,,0.8939,,,0.0,0.0,0.0,0.0,0.0,0.0,0.0,False,0.0,0.0,Model Initialized,Opening model run,,72,Major,🟣,The model opened at 4.0 with a 3.4 fantasy-point projection and a LESS recommendation at 72.4% confidence. This opening snapshot establishes the baseline for every later model run.,1,3.36,0.0,72.4,0.0,LESS,LESS → LESS,100,Opening model run,The recommendation stayed LESS. Projection is +0.0 fantasy points and confidence is +0.0 points versus the opening run. The largest driver today is opening model run.
2026-08-13T23:48:25-07:00,2026-08-14,,Keibert Ruiz,WSH,WSH @ NYM,1,MORE,3.0,5.66,59.2,155.0,1.03,8,Robert Stock,0.0,The model opened at 3.0 with a 5.7 fantasy-point projection and a MORE recommendation at 59.2% confidence. This opening snapshot establishes the baseline for every later model run.,,,,,,,B,,,,,4.14,,0.8368,,,0.0,0.0,0.0,0.0,0.0,0.0,0.0,False,0.0,0.0,Model Initialized,Opening model run,,72,Major,🟣,The model opened at 3.0 with a 5.7 fantasy-point projection and a MORE recommendation at 59.2% confidence. This opening snapshot establishes the baseline for every later model run.,1,5.66,0.0,59.2,0.0,MORE,MORE → MORE,100,Opening model run,The recommendation stayed MORE. Projection is +0.0 fantasy points and confidence is +0.0 points versus the opening run. The largest driver today is opening model run.
2026-08-13T23:48:25-07:00,2026-08-14,,Ketel Marte,ARI,ARI @ ATL,1,MORE,3.5,6.54,67.9,175.92,1.055,4,TBD,0.0,The model opened at 3.5 with a 6.5 fantasy-point projection and a MORE recommendation at 67.9% confidence. This opening snapshot establishes the baseline for every later model run.,,,,,,,B+,,,,,3.6,,0.8998,,,0.0,0.0,0.0,0.0,0.0,0.0,0.0,False,0.0,0.0,Model Initialized,Opening model run,,72,Major,🟣,The model opened at 3.5 with a 6.5 fantasy-point projection and a MORE recommendation at 67.9% confidence. This opening snapshot establishes the baseline for every later model run.,1,6.54,0.0,67.9,0.0,MORE,MORE → MORE,100,Opening model run,The recommendation stayed MORE. Projection is +0.0 fantasy points and confidence is +0.0 points versus the opening run. The largest driver today is opening model run.
2026-08-13T23:48:25-07:00,2026-08-14,,Kevin McGonigle,DET,CWS @ DET,1,LESS,6.0,5.29,69.2,171.11,1.04,1,Sean Newcomb,0.0,The model opened at 6.0 with a 5.3 fantasy-point projection and a LESS recommendation at 69.2% confidence. This opening snapshot establishes the baseline for every later model run.,,,,,,,B+,,,,,2.81,,0.8,,,0.0,0.0,0.0,0.0,0.0,0.0,0.0,False,0.0,0.0,Model Initialized,Opening model run,,72,Major,🟣,The model opened at 6.0 with a 5.3 fantasy-point projection and a LESS recommendation at 69.2% confidence. This opening snapshot establishes the baseline for every later model run.,1,5.29,0.0,69.2,0.0,LESS,LESS → LESS,100,Opening model run,The recommendation stayed LESS. Projection is +0.0 fantasy points and confidence is +0.0 points versus the opening run. The largest driver today is opening model run.
2026-08-13T23:48:25-07:00,2026-08-14,,Kyle Isbel,KC,KC @ LAA,1,LESS,4.5,3.77,66.8,113.59,1.0,9,Grayson Rodriguez,0.0,The model opened at 4.5 with a 3.8 fantasy-point projection and a LESS recommendation at 66.8% confidence. This opening snapshot establishes the baseline for every later model run.,,,,,,,C,,,,,4.43,,0.8,,,0.0,0.0,0.0,0.0,0.0,0.0,0.0,False,0.0,0.0,Model Initialized,Opening model run,,72,Major,🟣,The model opened at 4.5 with a 3.8 fantasy-point projection and a LESS recommendation at 66.8% confidence. This opening snapshot establishes the baseline for every later model run.,1,3.77,0.0,66.8,0.0,LESS,LESS → LESS,100,Opening model run,The recommendation stayed LESS. Projection is +0.0 fantasy points and confidence is +0.0 points versus the opening run. The largest driver today is opening model run.
2026-08-13T23:48:25-07:00,2026-08-14,,Kyle Tucker,LAD,MIL @ LAD,1,LESS,4.5,4.14,65.7,129.62,1.0,6,Robert Gasser,0.0,The model opened at 4.5 with a 4.1 fantasy-point projection and a LESS recommendation at 65.7% confidence. This opening snapshot establishes the baseline for every later model run.,,,,,,,C+,,,,,3.53,,0.8414,,,0.0,0.0,0.0,0.0,0.0,0.0,0.0,False,0.0,0.0,Model Initialized,Opening model run,,72,Major,🟣,The model opened at 4.5 with a 4.1 fantasy-point projection and a LESS recommendation at 65.7% confidence. This opening snapshot establishes the baseline for every later model run.,1,4.14,0.0,65.7,0.0,LESS,LESS → LESS,100,Opening model run,The recommendation stayed LESS. Projection is +0.0 fantasy points and confidence is +0.0 points versus the opening run. The largest driver today is opening model run.
2026-08-13T23:48:25-07:00,2026-08-14,,LaMonte Wade Jr.,HOU,SEA @ HOU,1,MORE,2.5,4.45,58.4,123.2,1.0,5,George Kirby,0.0,The model opened at 2.5 with a 4.5 fantasy-point projection and a MORE recommendation at 58.4% confidence. This opening snapshot establishes the baseline for every later model run.,,,,,,,C+,,,,,3.81,,0.8015,,,0.0,0.0,0.0,0.0,0.0,0.0,0.0,False,0.0,0.0,Model Initialized,Opening model run,,72,Major,🟣,The model opened at 2.5 with a 4.5 fantasy-point projection and a MORE recommendation at 58.4% confidence. This opening snapshot establishes the baseline for every later model run.,1,4.45,0.0,58.4,0.0,MORE,MORE → MORE,100,Opening model run,The recommendation stayed MORE. Projection is +0.0 fantasy points and confidence is +0.0 points versus the opening run. The largest driver today is opening model run.
2026-08-13T23:48:25-07:00,2026-08-14,,Lane Thomas,ATL,ARI @ ATL,1,LESS,4.5,4.23,63.0,117.23,1.055,7,Brandon Pfaadt,0.0,The model opened at 4.5 with a 4.2 fantasy-point projection and a LESS recommendation at 63.0% confidence. This opening snapshot establishes the baseline for every later model run.,,,,,,,C,,,,,4.12,,0.9032,,,0.0,0.0,0.0,0.0,0.0,0.0,0.0,False,0.0,0.0,Model Initialized,Opening model run,,72,Major,🟣,The model opened at 4.5 with a 4.2 fantasy-point projection and a LESS recommendation at 63.0% confidence. This opening snapshot establishes the baseline for every later model run.,1,4.23,0.0,63.0,0.0,LESS,LESS → LESS,100,Opening model run,The recommendation stayed LESS. Projection is +0.0 fantasy points and confidence is +0.0 points versus the opening run. The largest driver today is opening model run.
2026-08-13T23:48:25-07:00,2026-08-14,,Lars Nootbaar,ARI,ARI @ ATL,1,LESS,5.0,4.36,71.1,126.51,1.055,5,TBD,0.0,The model opened at 5.0 with a 4.4 fantasy-point projection and a LESS recommendation at 71.1% confidence. This opening snapshot establishes the baseline for every later model run.,,,,,,,C+,,,,,3.6,,0.9012,,,0.0,0.0,0.0,0.0,0.0,0.0,0.0,False,0.0,0.0,Model Initialized,Opening model run,,72,Major,🟣,The model opened at 5.0 with a 4.4 fantasy-point projection and a LESS recommendation at 71.1% confidence. This opening snapshot establishes the baseline for every later model run.,1,4.36,0.0,71.1,0.0,LESS,LESS → LESS,100,Opening model run,The recommendation stayed LESS. Projection is +0.0 fantasy points and confidence is +0.0 points versus the opening run. The largest driver today is opening model run.
2026-08-13T23:48:25-07:00,2026-08-14,,Lawrence Butler,ATH,TEX @ ATH,1,MORE,2.5,5.37,63.8,161.38,1.01,5,Kumar Rocker,0.0,The model opened at 2.5 with a 5.4 fantasy-point projection and a MORE recommendation at 63.8% confidence. This opening snapshot establishes the baseline for every later model run.,,,,,,,B+,,,,,4.28,,0.9208,,,0.0,0.0,0.0,0.0,0.0,0.0,0.0,False,0.0,0.0,Model Initialized,Opening model run,,72,Major,🟣,The model opened at 2.5 with a 5.4 fantasy-point projection and a MORE recommendation at 63.8% confidence. This opening snapshot establishes the baseline for every later model run.,1,5.37,0.0,63.8,0.0,MORE,MORE → MORE,100,Opening model run,The recommendation stayed MORE. Projection is +0.0 fantasy points and confidence is +0.0 points versus the opening run. The largest driver today is opening model run.
2026-08-13T23:48:25-07:00,2026-08-14,,Leo Jiménez,MIA,MIA @ CIN,1,LESS,4.5,4.16,65.0,109.03,1.03,6,Chase Burns,0.0,The model opened at 4.5 with a 4.2 fantasy-point projection and a LESS recommendation at 65.0% confidence. This opening snapshot establishes the baseline for every later model run.,,,,,,,D,,,,,4.51,,0.8152,,,0.0,0.0,0.0,0.0,0.0,0.0,0.0,False,0.0,0.0,Model Initialized,Opening model run,,72,Major,🟣,The model opened at 4.5 with a 4.2 fantasy-point projection and a LESS recommendation at 65.0% confidence. This opening snapshot establishes the baseline for every later model run.,1,4.16,0.0,65.0,0.0,LESS,LESS → LESS,100,Opening model run,The recommendation stayed LESS. Projection is +0.0 fantasy points and confidence is +0.0 points versus the opening run. The largest driver today is opening model run.
2026-08-13T23:48:25-07:00,2026-08-14,,Leo Rivas,SEA,SEA @ HOU,1,LESS,3.5,3.1,69.0,77.18,1.0,9,Peter Lambert,0.0,The model opened at 3.5 with a 3.1 fantasy-point projection and a LESS recommendation at 69.0% confidence. This opening snapshot establishes the baseline for every later model run.,,,,,,,F,,,,,4.54,,0.8284,,,0.0,0.0,0.0,0.0,0.0,0.0,0.0,False,0.0,0.0,Model Initialized,Opening model run,,72,Major,🟣,The model opened at 3.5 with a 3.1 fantasy-point projection and a LESS recommendation at 69.0% confidence. This opening snapshot establishes the baseline for every later model run.,1,3.1,0.0,69.0,0.0,LESS,LESS → LESS,100,Opening model run,The recommendation stayed LESS. Projection is +0.0 fantasy points and confidence is +0.0 points versus the opening run. The largest driver today is opening model run.
2026-08-13T23:48:25-07:00,2026-08-14,,Leody Taveras,BAL,BAL @ TB,1,LESS,5.0,4.39,73.1,135.07,1.0,6,Steven Matz,0.0,The model opened at 5.0 with a 4.4 fantasy-point projection and a LESS recommendation at 73.1% confidence. This opening snapshot establishes the baseline for every later model run.,,,,,,,B-,,,,,4.47,,0.8,,,0.0,0.0,0.0,0.0,0.0,0.0,0.0,False,0.0,0.0,Model Initialized,Opening model run,,72,Major,🟣,The model opened at 5.0 with a 4.4 fantasy-point projection and a LESS recommendation at 73.1% confidence. This opening snapshot establishes the baseline for every later model run.,1,4.39,0.0,73.1,0.0,LESS,LESS → LESS,100,Opening model run,The recommendation stayed LESS. Projection is +0.0 fantasy points and confidence is +0.0 points versus the opening run. The largest driver today is opening model run.
2026-08-13T23:48:25-07:00,2026-08-14,,Liam Hicks,TB,BAL @ TB,1,LESS,5.0,4.46,70.2,146.43,1.0,4,TBD,0.0,The model opened at 5.0 with a 4.5 fantasy-point projection and a LESS recommendation at 70.2% confidence. This opening snapshot establishes the baseline for every later model run.,,,,,,,B,,,,,4.24,,0.8,,,0.0,0.0,0.0,0.0,0.0,0.0,0.0,False,0.0,0.0,Model Initialized,Opening model run,,72,Major,🟣,The model opened at 5.0 with a 4.5 fantasy-point projection and a LESS recommendation at 70.2% confidence. This opening snapshot establishes the baseline for every later model run.,1,4.46,0.0,70.2,0.0,LESS,LESS → LESS,100,Opening model run,The recommendation stayed LESS. Projection is +0.0 fantasy points and confidence is +0.0 points versus the opening run. The largest driver today is opening model run.
2026-08-13T23:48:25-07:00,2026-08-14,,Luis Campusano,SD,SD @ CLE,1,MORE,2.5,6.38,68.0,164.78,1.03,6,Gavin Williams,0.0,The model opened at 2.5 with a 6.4 fantasy-point projection and a MORE recommendation at 68.0% confidence. This opening snapshot establishes the baseline for every later model run.,,,,,,,B+,,,,,3.83,,0.9156,,,0.0,0.0,0.0,0.0,0.0,0.0,0.0,False,0.0,0.0,Model Initialized,Opening model run,,72,Major,🟣,The model opened at 2.5 with a 6.4 fantasy-point projection and a MORE recommendation at 68.0% confidence. This opening snapshot establishes the baseline for every later model run.,1,6.38,0.0,68.0,0.0,MORE,MORE → MORE,100,Opening model run,The recommendation stayed MORE. Projection is +0.0 fantasy points and confidence is +0.0 points versus the opening run. The largest driver today is opening model run.
2026-08-13T23:48:25-07:00,2026-08-14,,Luis García Jr.,NYY,NYY @ TOR,1,MORE,4.0,7.76,59.5,209.44,1.0,4,Shane Bieber,0.0,The model opened at 4.0 with a 7.8 fantasy-point projection and a MORE recommendation at 59.5% confidence. This opening snapshot establishes the baseline for every later model run.,,,,,,,A,,,,,4.01,,0.9853,,,0.0,0.0,0.0,0.0,0.0,0.0,0.0,False,0.0,0.0,Model Initialized,Opening model run,,72,Major,🟣,The model opened at 4.0 with a 7.8 fantasy-point projection and a MORE recommendation at 59.5% confidence. This opening snapshot establishes the baseline for every later model run.,1,7.76,0.0,59.5,0.0,MORE,MORE → MORE,100,Opening model run,The recommendation stayed MORE. Projection is +0.0 fantasy points and confidence is +0.0 points versus the opening run. The largest driver today is opening model run.
2026-08-13T23:48:25-07:00,2026-08-14,,Luis Lara,MIL,MIL @ LAD,1,LESS,3.5,2.78,74.1,94.91,1.0,7,Yoshinobu Yamamoto,0.0,The model opened at 3.5 with a 2.8 fantasy-point projection and a LESS recommendation at 74.1% confidence. This opening snapshot establishes the baseline for every later model run.,,,,,,,D,,,,,3.71,,0.8387,,,0.0,0.0,0.0,0.0,0.0,0.0,0.0,False,0.0,0.0,Model Initialized,Opening model run,,72,Major,🟣,The model opened at 3.5 with a 2.8 fantasy-point projection and a LESS recommendation at 74.1% confidence. This opening snapshot establishes the baseline for every later model run.,1,2.78,0.0,74.1,0.0,LESS,LESS → LESS,100,Opening model run,The recommendation stayed LESS. Projection is +0.0 fantasy points and confidence is +0.0 points versus the opening run. The largest driver today is opening model run.
2026-08-13T23:48:25-07:00,2026-08-14,,Luis Rengifo,SD,SD @ CLE,1,MORE,2.5,6.34,68.3,171.32,1.03,2,Gavin Williams,0.0,The model opened at 2.5 with a 6.3 fantasy-point projection and a MORE recommendation at 68.3% confidence. This opening snapshot establishes the baseline for every later model run.,,,,,,,B+,,,,,3.83,,0.8107,,,0.0,0.0,0.0,0.0,0.0,0.0,0.0,False,0.0,0.0,Model Initialized,Opening model run,,72,Major,🟣,The model opened at 2.5 with a 6.3 fantasy-point projection and a MORE recommendation at 68.3% confidence. This opening snapshot establishes the baseline for every later model run.,1,6.34,0.0,68.3,0.0,MORE,MORE → MORE,100,Opening model run,The recommendation stayed MORE. Projection is +0.0 fantasy points and confidence is +0.0 points versus the opening run. The largest driver today is opening model run.
2026-08-13T23:48:25-07:00,2026-08-14,,Luis Robert Jr.,NYM,WSH @ NYM,1,LESS,5.5,5.02,67.4,143.85,1.03,5,Andrew Alvarez,0.0,The model opened at 5.5 with a 5.0 fantasy-point projection and a LESS recommendation at 67.4% confidence. This opening snapshot establishes the baseline for every later model run.,,,,,,,B-,,,,,4.72,,0.8503,,,0.0,0.0,0.0,0.0,0.0,0.0,0.0,False,0.0,0.0,Model Initialized,Opening model run,,72,Major,🟣,The model opened at 5.5 with a 5.0 fantasy-point projection and a LESS recommendation at 67.4% confidence. This opening snapshot establishes the baseline for every later model run.,1,5.02,0.0,67.4,0.0,LESS,LESS → LESS,100,Opening model run,The recommendation stayed LESS. Projection is +0.0 fantasy points and confidence is +0.0 points versus the opening run. The largest driver today is opening model run.
2026-08-13T23:48:25-07:00,2026-08-14,,Luis Torrens,NYM,WSH @ NYM,1,LESS,4.0,3.43,71.7,122.27,1.03,9,Andrew Alvarez,0.0,The model opened at 4.0 with a 3.4 fantasy-point projection and a LESS recommendation at 71.7% confidence. This opening snapshot establishes the baseline for every later model run.,,,,,,,C+,,,,,4.72,,0.824,,,0.0,0.0,0.0,0.0,0.0,0.0,0.0,False,0.0,0.0,Model Initialized,Opening model run,,72,Major,🟣,The model opened at 4.0 with a 3.4 fantasy-point projection and a LESS recommendation at 71.7% confidence. This opening snapshot establishes the baseline for every later model run.,1,3.43,0.0,71.7,0.0,LESS,LESS → LESS,100,Opening model run,The recommendation stayed LESS. Projection is +0.0 fantasy points and confidence is +0.0 points versus the opening run. The largest driver today is opening model run.
2026-08-13T23:48:25-07:00,2026-08-14,,Luisangel Acuña,CWS,CWS @ DET,1,LESS,2.5,1.78,74.1,60.14,1.04,9,Jackson Jobe,0.0,The model opened at 2.5 with a 1.8 fantasy-point projection and a LESS recommendation at 74.1% confidence. This opening snapshot establishes the baseline for every later model run.,,,,,,,F,,,,,3.47,,0.8,,,0.0,0.0,0.0,0.0,0.0,0.0,0.0,False,0.0,0.0,Model Initialized,Opening model run,,72,Major,🟣,The model opened at 2.5 with a 1.8 fantasy-point projection and a LESS recommendation at 74.1% confidence. This opening snapshot establishes the baseline for every later model run.,1,1.78,0.0,74.1,0.0,LESS,LESS → LESS,100,Opening model run,The recommendation stayed LESS. Projection is +0.0 fantasy points and confidence is +0.0 points versus the opening run. The largest driver today is opening model run.
2026-08-13T23:48:25-07:00,2026-08-14,,Manny Machado,SD,SD @ CLE,1,MORE,3.0,6.06,61.5,160.33,1.03,3,Gavin Williams,0.0,The model opened at 3.0 with a 6.1 fantasy-point projection and a MORE recommendation at 61.5% confidence. This opening snapshot establishes the baseline for every later model run.,,,,,,,B+,,,,,3.83,,1.0358,,,0.0,0.0,0.0,0.0,0.0,0.0,0.0,False,0.0,0.0,Model Initialized,Opening model run,,72,Major,🟣,The model opened at 3.0 with a 6.1 fantasy-point projection and a MORE recommendation at 61.5% confidence. This opening snapshot establishes the baseline for every later model run.,1,6.06,0.0,61.5,0.0,MORE,MORE → MORE,100,Opening model run,The recommendation stayed MORE. Projection is +0.0 fantasy points and confidence is +0.0 points versus the opening run. The largest driver today is opening model run.
2026-08-13T23:48:25-07:00,2026-08-14,,Marcus Semien,NYM,WSH @ NYM,1,LESS,5.0,4.27,73.0,132.58,1.03,6,Andrew Alvarez,0.0,The model opened at 5.0 with a 4.3 fantasy-point projection and a LESS recommendation at 73.0% confidence. This opening snapshot establishes the baseline for every later model run.,,,,,,,B-,,,,,4.72,,0.8,,,0.0,0.0,0.0,0.0,0.0,0.0,0.0,False,0.0,0.0,Model Initialized,Opening model run,,72,Major,🟣,The model opened at 5.0 with a 4.3 fantasy-point projection and a LESS recommendation at 73.0% confidence. This opening snapshot establishes the baseline for every later model run.,1,4.27,0.0,73.0,0.0,LESS,LESS → LESS,100,Opening model run,The recommendation stayed LESS. Projection is +0.0 fantasy points and confidence is +0.0 points versus the opening run. The largest driver today is opening model run.
2026-08-13T23:48:25-07:00,2026-08-14,,Masataka Yoshida,BOS,BOS @ PIT,1,LESS,5.0,4.45,69.4,145.21,1.01,5,Bubba Chandler,0.0,The model opened at 5.0 with a 4.5 fantasy-point projection and a LESS recommendation at 69.4% confidence. This opening snapshot establishes the baseline for every later model run.,,,,,,,B-,,,,,4.32,,0.8781,,,0.0,0.0,0.0,0.0,0.0,0.0,0.0,False,0.0,0.0,Model Initialized,Opening model run,,72,Major,🟣,The model opened at 5.0 with a 4.5 fantasy-point projection and a LESS recommendation at 69.4% confidence. This opening snapshot establishes the baseline for every later model run.,1,4.45,0.0,69.4,0.0,LESS,LESS → LESS,100,Opening model run,The recommendation stayed LESS. Projection is +0.0 fantasy points and confidence is +0.0 points versus the opening run. The largest driver today is opening model run.
2026-08-13T23:48:25-07:00,2026-08-14,,Masyn Winn,STL,STL @ CHC,1,LESS,4.5,3.96,64.3,119.89,1.01,6,Clay Holmes,0.0,The model opened at 4.5 with a 4.0 fantasy-point projection and a LESS recommendation at 64.3% confidence. This opening snapshot establishes the baseline for every later model run.,,,,,,,C,,,,,4.1,,0.8531,,,0.0,0.0,0.0,0.0,0.0,0.0,0.0,False,0.0,0.0,Model Initialized,Opening model run,,72,Major,🟣,The model opened at 4.5 with a 4.0 fantasy-point projection and a LESS recommendation at 64.3% confidence. This opening snapshot establishes the baseline for every later model run.,1,3.96,0.0,64.3,0.0,LESS,LESS → LESS,100,Opening model run,The recommendation stayed LESS. Projection is +0.0 fantasy points and confidence is +0.0 points versus the opening run. The largest driver today is opening model run.
2026-08-13T23:48:25-07:00,2026-08-14,,Matt McLain,CIN,MIA @ CIN,1,LESS,4.0,3.33,71.8,106.14,1.03,8,Sandy Alcantara,0.0,The model opened at 4.0 with a 3.3 fantasy-point projection and a LESS recommendation at 71.8% confidence. This opening snapshot establishes the baseline for every later model run.,,,,,,,D,,,,,3.98,,0.8,,,0.0,0.0,0.0,0.0,0.0,0.0,0.0,False,0.0,0.0,Model Initialized,Opening model run,,72,Major,🟣,The model opened at 4.0 with a 3.3 fantasy-point projection and a LESS recommendation at 71.8% confidence. This opening snapshot establishes the baseline for every later model run.,1,3.33,0.0,71.8,0.0,LESS,LESS → LESS,100,Opening model run,The recommendation stayed LESS. Projection is +0.0 fantasy points and confidence is +0.0 points versus the opening run. The largest driver today is opening model run.
2026-08-13T23:48:25-07:00,2026-08-14,,Matt Olson,ATL,ARI @ ATL,1,MORE,4.0,7.93,58.2,211.67,1.055,3,Brandon Pfaadt,0.0,The model opened at 4.0 with a 7.9 fantasy-point projection and a MORE recommendation at 58.2% confidence. This opening snapshot establishes the baseline for every later model run.,,,,,,,A,,,,,4.12,,1.0233,,,0.0,0.0,0.0,0.0,0.0,0.0,0.0,False,0.0,0.0,Model Initialized,Opening model run,,72,Major,🟣,The model opened at 4.0 with a 7.9 fantasy-point projection and a MORE recommendation at 58.2% confidence. This opening snapshot establishes the baseline for every later model run.,1,7.93,0.0,58.2,0.0,MORE,MORE → MORE,100,Opening model run,The recommendation stayed MORE. Projection is +0.0 fantasy points and confidence is +0.0 points versus the opening run. The largest driver today is opening model run.
2026-08-13T23:48:25-07:00,2026-08-14,,Mauricio Dubón,ATL,ARI @ ATL,1,LESS,4.0,3.73,66.8,119.39,1.055,6,Brandon Pfaadt,0.0,The model opened at 4.0 with a 3.7 fantasy-point projection and a LESS recommendation at 66.8% confidence. This opening snapshot establishes the baseline for every later model run.,,,,,,,C,,,,,4.12,,0.8,,,0.0,0.0,0.0,0.0,0.0,0.0,0.0,False,0.0,0.0,Model Initialized,Opening model run,,72,Major,🟣,The model opened at 4.0 with a 3.7 fantasy-point projection and a LESS recommendation at 66.8% confidence. This opening snapshot establishes the baseline for every later model run.,1,3.73,0.0,66.8,0.0,LESS,LESS → LESS,100,Opening model run,The recommendation stayed LESS. Projection is +0.0 fantasy points and confidence is +0.0 points versus the opening run. The largest driver today is opening model run.
2026-08-13T23:48:25-07:00,2026-08-14,,Max Clark,DET,CWS @ DET,1,LESS,4.5,4.17,63.9,130.69,1.04,7,Sean Newcomb,0.0,The model opened at 4.5 with a 4.2 fantasy-point projection and a LESS recommendation at 63.9% confidence. This opening snapshot establishes the baseline for every later model run.,,,,,,,C+,,,,,2.81,,0.8206,,,0.0,0.0,0.0,0.0,0.0,0.0,0.0,False,0.0,0.0,Model Initialized,Opening model run,,72,Major,🟣,The model opened at 4.5 with a 4.2 fantasy-point projection and a LESS recommendation at 63.9% confidence. This opening snapshot establishes the baseline for every later model run.,1,4.17,0.0,63.9,0.0,LESS,LESS → LESS,100,Opening model run,The recommendation stayed LESS. Projection is +0.0 fantasy points and confidence is +0.0 points versus the opening run. The largest driver today is opening model run.
2026-08-13T23:48:25-07:00,2026-08-14,,Max Kepler,ARI,ARI @ ATL,1,LESS,3.5,2.96,71.9,100.59,1.055,7,TBD,0.0,The model opened at 3.5 with a 3.0 fantasy-point projection and a LESS recommendation at 71.9% confidence. This opening snapshot establishes the baseline for every later model run.,,,,,,,D,,,,,3.6,,0.8,,,0.0,0.0,0.0,0.0,0.0,0.0,0.0,False,0.0,0.0,Model Initialized,Opening model run,,72,Major,🟣,The model opened at 3.5 with a 3.0 fantasy-point projection and a LESS recommendation at 71.9% confidence. This opening snapshot establishes the baseline for every later model run.,1,2.96,0.0,71.9,0.0,LESS,LESS → LESS,100,Opening model run,The recommendation stayed LESS. Projection is +0.0 fantasy points and confidence is +0.0 points versus the opening run. The largest driver today is opening model run.
2026-08-13T23:48:25-07:00,2026-08-14,,Max Muncy,LAD,MIL @ LAD,1,LESS,5.0,4.33,73.7,136.52,1.0,4,Robert Gasser,0.0,The model opened at 5.0 with a 4.3 fantasy-point projection and a LESS recommendation at 73.7% confidence. This opening snapshot establishes the baseline for every later model run.,,,,,,,B-,,,,,3.53,,0.8324,,,0.0,0.0,0.0,0.0,0.0,0.0,0.0,False,0.0,0.0,Model Initialized,Opening model run,,72,Major,🟣,The model opened at 5.0 with a 4.3 fantasy-point projection and a LESS recommendation at 73.7% confidence. This opening snapshot establishes the baseline for every later model run.,1,4.33,0.0,73.7,0.0,LESS,LESS → LESS,100,Opening model run,The recommendation stayed LESS. Projection is +0.0 fantasy points and confidence is +0.0 points versus the opening run. The largest driver today is opening model run.
2026-08-13T23:48:25-07:00,2026-08-14,,Max Muncy,ATH,TEX @ ATH,1,LESS,4.0,3.7,68.3,100.01,1.01,8,Kumar Rocker,0.0,The model opened at 4.0 with a 3.7 fantasy-point projection and a LESS recommendation at 68.3% confidence. This opening snapshot establishes the baseline for every later model run.,,,,,,,D,,,,,4.28,,0.8,,,0.0,0.0,0.0,0.0,0.0,0.0,0.0,False,0.0,0.0,Model Initialized,Opening model run,,72,Major,🟣,The model opened at 4.0 with a 3.7 fantasy-point projection and a LESS recommendation at 68.3% confidence. This opening snapshot establishes the baseline for every later model run.,1,3.7,0.0,68.3,0.0,LESS,LESS → LESS,100,Opening model run,The recommendation stayed LESS. Projection is +0.0 fantasy points and confidence is +0.0 points versus the opening run. The largest driver today is opening model run.
2026-08-13T23:48:25-07:00,2026-08-14,,Michael Busch,CHC,STL @ CHC,1,MORE,3.0,5.71,60.7,167.55,1.01,3,Matthew Liberatore,0.0,The model opened at 3.0 with a 5.7 fantasy-point projection and a MORE recommendation at 60.7% confidence. This opening snapshot establishes the baseline for every later model run.,,,,,,,B+,,,,,4.07,,0.8,,,0.0,0.0,0.0,0.0,0.0,0.0,0.0,False,0.0,0.0,Model Initialized,Opening model run,,72,Major,🟣,The model opened at 3.0 with a 5.7 fantasy-point projection and a MORE recommendation at 60.7% confidence. This opening snapshot establishes the baseline for every later model run.,1,5.71,0.0,60.7,0.0,MORE,MORE → MORE,100,Opening model run,The recommendation stayed MORE. Projection is +0.0 fantasy points and confidence is +0.0 points versus the opening run. The largest driver today is opening model run.
2026-08-13T23:48:25-07:00,2026-08-14,,Michael Conforto,CHC,STL @ CHC,1,LESS,5.0,4.72,69.3,133.98,1.01,7,Matthew Liberatore,0.0,The model opened at 5.0 with a 4.7 fantasy-point projection and a LESS recommendation at 69.3% confidence. This opening snapshot establishes the baseline for every later model run.,,,,,,,B-,,,,,4.07,,0.8553,,,0.0,0.0,0.0,0.0,0.0,0.0,0.0,False,0.0,0.0,Model Initialized,Opening model run,,72,Major,🟣,The model opened at 5.0 with a 4.7 fantasy-point projection and a LESS recommendation at 69.3% confidence. This opening snapshot establishes the baseline for every later model run.,1,4.72,0.0,69.3,0.0,LESS,LESS → LESS,100,Opening model run,The recommendation stayed LESS. Projection is +0.0 fantasy points and confidence is +0.0 points versus the opening run. The largest driver today is opening model run.
2026-08-13T23:48:25-07:00,2026-08-14,,Michael Harris II,ATL,ARI @ ATL,1,LESS,5.5,5.23,65.8,151.58,1.055,4,Brandon Pfaadt,0.0,The model opened at 5.5 with a 5.2 fantasy-point projection and a LESS recommendation at 65.8% confidence. This opening snapshot establishes the baseline for every later model run.,,,,,,,B,,,,,4.12,,0.8778,,,0.0,0.0,0.0,0.0,0.0,0.0,0.0,False,0.0,0.0,Model Initialized,Opening model run,,72,Major,🟣,The model opened at 5.5 with a 5.2 fantasy-point projection and a LESS recommendation at 65.8% confidence. This opening snapshot establishes the baseline for every later model run.,1,5.23,0.0,65.8,0.0,LESS,LESS → LESS,100,Opening model run,The recommendation stayed LESS. Projection is +0.0 fantasy points and confidence is +0.0 points versus the opening run. The largest driver today is opening model run.
2026-08-13T23:48:25-07:00,2026-08-14,,Michael Massey,KC,KC @ LAA,1,LESS,5.5,5.02,66.5,144.24,1.0,6,Grayson Rodriguez,0.0,The model opened at 5.5 with a 5.0 fantasy-point projection and a LESS recommendation at 66.5% confidence. This opening snapshot establishes the baseline for every later model run.,,,,,,,B-,,,,,4.43,,0.817,,,0.0,0.0,0.0,0.0,0.0,0.0,0.0,False,0.0,0.0,Model Initialized,Opening model run,,72,Major,🟣,The model opened at 5.5 with a 5.0 fantasy-point projection and a LESS recommendation at 66.5% confidence. This opening snapshot establishes the baseline for every later model run.,1,5.02,0.0,66.5,0.0,LESS,LESS → LESS,100,Opening model run,The recommendation stayed LESS. Projection is +0.0 fantasy points and confidence is +0.0 points versus the opening run. The largest driver today is opening model run.
2026-08-13T23:48:25-07:00,2026-08-14,,Mickey Moniak,COL,COL @ SF,1,LESS,5.5,4.85,69.3,150.93,1.01,5,Landen Roupp,0.0,The model opened at 5.5 with a 4.8 fantasy-point projection and a LESS recommendation at 69.3% confidence. This opening snapshot establishes the baseline for every later model run.,,,,,,,B,,,,,4.31,,0.8754,,,0.0,0.0,0.0,0.0,0.0,0.0,0.0,False,0.0,0.0,Model Initialized,Opening model run,,72,Major,🟣,The model opened at 5.5 with a 4.8 fantasy-point projection and a LESS recommendation at 69.3% confidence. This opening snapshot establishes the baseline for every later model run.,1,4.85,0.0,69.3,0.0,LESS,LESS → LESS,100,Opening model run,The recommendation stayed LESS. Projection is +0.0 fantasy points and confidence is +0.0 points versus the opening run. The largest driver today is opening model run.
2026-08-13T23:48:25-07:00,2026-08-14,,Miguel Amaya,CHC,STL @ CHC,1,MORE,2.5,6.14,69.9,158.21,1.01,9,Matthew Liberatore,0.0,The model opened at 2.5 with a 6.1 fantasy-point projection and a MORE recommendation at 69.9% confidence. This opening snapshot establishes the baseline for every later model run.,,,,,,,B,,,,,4.07,,0.9284,,,0.0,0.0,0.0,0.0,0.0,0.0,0.0,False,0.0,0.0,Model Initialized,Opening model run,,72,Major,🟣,The model opened at 2.5 with a 6.1 fantasy-point projection and a MORE recommendation at 69.9% confidence. This opening snapshot establishes the baseline for every later model run.,1,6.14,0.0,69.9,0.0,MORE,MORE → MORE,100,Opening model run,The recommendation stayed MORE. Projection is +0.0 fantasy points and confidence is +0.0 points versus the opening run. The largest driver today is opening model run.
2026-08-13T23:48:25-07:00,2026-08-14,,Miguel Rojas,LAD,MIL @ LAD,1,LESS,4.0,3.63,68.5,104.1,1.0,6,Robert Gasser,0.0,The model opened at 4.0 with a 3.6 fantasy-point projection and a LESS recommendation at 68.5% confidence. This opening snapshot establishes the baseline for every later model run.,,,,,,,D,,,,,3.53,,0.8488,,,0.0,0.0,0.0,0.0,0.0,0.0,0.0,False,0.0,0.0,Model Initialized,Opening model run,,72,Major,🟣,The model opened at 4.0 with a 3.6 fantasy-point projection and a LESS recommendation at 68.5% confidence. This opening snapshot establishes the baseline for every later model run.,1,3.63,0.0,68.5,0.0,LESS,LESS → LESS,100,Opening model run,The recommendation stayed LESS. Projection is +0.0 fantasy points and confidence is +0.0 points versus the opening run. The largest driver today is opening model run.
2026-08-13T23:48:25-07:00,2026-08-14,,Miguel Vargas,CWS,CWS @ DET,1,LESS,4.0,3.59,71.2,127.52,1.04,3,Jackson Jobe,0.0,The model opened at 4.0 with a 3.6 fantasy-point projection and a LESS recommendation at 71.2% confidence. This opening snapshot establishes the baseline for every later model run.,,,,,,,C+,,,,,3.47,,0.966,,,0.0,0.0,0.0,0.0,0.0,0.0,0.0,False,0.0,0.0,Model Initialized,Opening model run,,72,Major,🟣,The model opened at 4.0 with a 3.6 fantasy-point projection and a LESS recommendation at 71.2% confidence. This opening snapshot establishes the baseline for every later model run.,1,3.59,0.0,71.2,0.0,LESS,LESS → LESS,100,Opening model run,The recommendation stayed LESS. Projection is +0.0 fantasy points and confidence is +0.0 points versus the opening run. The largest driver today is opening model run.
2026-08-13T23:48:25-07:00,2026-08-14,,Mike Trout,LAA,KC @ LAA,1,MORE,5.0,7.84,61.5,205.12,1.0,2,Seth Lugo,0.0,The model opened at 5.0 with a 7.8 fantasy-point projection and a MORE recommendation at 61.5% confidence. This opening snapshot establishes the baseline for every later model run.,,,,,,,A,,,,,4.84,,0.9274,,,0.0,0.0,0.0,0.0,0.0,0.0,0.0,False,0.0,0.0,Model Initialized,Opening model run,,72,Major,🟣,The model opened at 5.0 with a 7.8 fantasy-point projection and a MORE recommendation at 61.5% confidence. This opening snapshot establishes the baseline for every later model run.,1,7.84,0.0,61.5,0.0,MORE,MORE → MORE,100,Opening model run,The recommendation stayed MORE. Projection is +0.0 fantasy points and confidence is +0.0 points versus the opening run. The largest driver today is opening model run.
2026-08-13T23:48:25-07:00,2026-08-14,,Mike Yastrzemski,ATL,ARI @ ATL,1,LESS,5.5,5.11,67.2,131.32,1.055,7,Brandon Pfaadt,0.0,The model opened at 5.5 with a 5.1 fantasy-point projection and a LESS recommendation at 67.2% confidence. This opening snapshot establishes the baseline for every later model run.,,,,,,,C+,,,,,4.12,,1.0346,,,0.0,0.0,0.0,0.0,0.0,0.0,0.0,False,0.0,0.0,Model Initialized,Opening model run,,72,Major,🟣,The model opened at 5.5 with a 5.1 fantasy-point projection and a LESS recommendation at 67.2% confidence. This opening snapshot establishes the baseline for every later model run.,1,5.11,0.0,67.2,0.0,LESS,LESS → LESS,100,Opening model run,The recommendation stayed LESS. Projection is +0.0 fantasy points and confidence is +0.0 points versus the opening run. The largest driver today is opening model run.
2026-08-13T23:48:25-07:00,2026-08-14,,Moisés Ballesteros,LAA,KC @ LAA,1,MORE,2.5,5.28,65.1,134.23,1.0,6,Seth Lugo,0.0,The model opened at 2.5 with a 5.3 fantasy-point projection and a MORE recommendation at 65.1% confidence. This opening snapshot establishes the baseline for every later model run.,,,,,,,B-,,,,,4.84,,0.9678,,,0.0,0.0,0.0,0.0,0.0,0.0,0.0,False,0.0,0.0,Model Initialized,Opening model run,,72,Major,🟣,The model opened at 2.5 with a 5.3 fantasy-point projection and a MORE recommendation at 65.1% confidence. This opening snapshot establishes the baseline for every later model run.,1,5.28,0.0,65.1,0.0,MORE,MORE → MORE,100,Opening model run,The recommendation stayed MORE. Projection is +0.0 fantasy points and confidence is +0.0 points versus the opening run. The largest driver today is opening model run.
2026-08-13T23:48:25-07:00,2026-08-14,,Mookie Betts,LAD,MIL @ LAD,1,LESS,5.5,5.24,68.0,149.77,1.0,5,Robert Gasser,0.0,The model opened at 5.5 with a 5.2 fantasy-point projection and a LESS recommendation at 68.0% confidence. This opening snapshot establishes the baseline for every later model run.,,,,,,,B,,,,,3.53,,0.928,,,0.0,0.0,0.0,0.0,0.0,0.0,0.0,False,0.0,0.0,Model Initialized,Opening model run,,72,Major,🟣,The model opened at 5.5 with a 5.2 fantasy-point projection and a LESS recommendation at 68.0% confidence. This opening snapshot establishes the baseline for every later model run.,1,5.24,0.0,68.0,0.0,LESS,LESS → LESS,100,Opening model run,The recommendation stayed LESS. Projection is +0.0 fantasy points and confidence is +0.0 points versus the opening run. The largest driver today is opening model run.
2026-08-13T23:48:25-07:00,2026-08-14,,Munetaka Murakami,CWS,CWS @ DET,1,LESS,5.0,4.55,72.1,147.87,1.04,2,Jackson Jobe,0.0,The model opened at 5.0 with a 4.5 fantasy-point projection and a LESS recommendation at 72.1% confidence. This opening snapshot establishes the baseline for every later model run.,,,,,,,B,,,,,3.47,,1.0735,,,0.0,0.0,0.0,0.0,0.0,0.0,0.0,False,0.0,0.0,Model Initialized,Opening model run,,72,Major,🟣,The model opened at 5.0 with a 4.5 fantasy-point projection and a LESS recommendation at 72.1% confidence. This opening snapshot establishes the baseline for every later model run.,1,4.55,0.0,72.1,0.0,LESS,LESS → LESS,100,Opening model run,The recommendation stayed LESS. Projection is +0.0 fantasy points and confidence is +0.0 points versus the opening run. The largest driver today is opening model run.
2026-08-13T23:48:25-07:00,2026-08-14,,Myles Straw,TOR,NYY @ TOR,1,LESS,3.5,2.78,73.6,94.38,1.0,8,Gerrit Cole,0.0,The model opened at 3.5 with a 2.8 fantasy-point projection and a LESS recommendation at 73.6% confidence. This opening snapshot establishes the baseline for every later model run.,,,,,,,D,,,,,3.28,,0.8,,,0.0,0.0,0.0,0.0,0.0,0.0,0.0,False,0.0,0.0,Model Initialized,Opening model run,,72,Major,🟣,The model opened at 3.5 with a 2.8 fantasy-point projection and a LESS recommendation at 73.6% confidence. This opening snapshot establishes the baseline for every later model run.,1,2.78,0.0,73.6,0.0,LESS,LESS → LESS,100,Opening model run,The recommendation stayed LESS. Projection is +0.0 fantasy points and confidence is +0.0 points versus the opening run. The largest driver today is opening model run.
2026-08-13T23:48:25-07:00,2026-08-14,,Nasim Nuñez,WSH,WSH @ NYM,1,MORE,3.0,5.48,63.9,145.47,1.03,7,Robert Stock,0.0,The model opened at 3.0 with a 5.5 fantasy-point projection and a MORE recommendation at 63.9% confidence. This opening snapshot establishes the baseline for every later model run.,,,,,,,B-,,,,,4.14,,0.8104,,,0.0,0.0,0.0,0.0,0.0,0.0,0.0,False,0.0,0.0,Model Initialized,Opening model run,,72,Major,🟣,The model opened at 3.0 with a 5.5 fantasy-point projection and a MORE recommendation at 63.9% confidence. This opening snapshot establishes the baseline for every later model run.,1,5.48,0.0,63.9,0.0,MORE,MORE → MORE,100,Opening model run,The recommendation stayed MORE. Projection is +0.0 fantasy points and confidence is +0.0 points versus the opening run. The largest driver today is opening model run.
2026-08-13T23:48:25-07:00,2026-08-14,,Nathan Church,STL,STL @ CHC,1,LESS,3.5,3.24,68.6,114.92,1.01,5,Clay Holmes,0.0,The model opened at 3.5 with a 3.2 fantasy-point projection and a LESS recommendation at 68.6% confidence. This opening snapshot establishes the baseline for every later model run.,,,,,,,C,,,,,4.1,,0.8,,,0.0,0.0,0.0,0.0,0.0,0.0,0.0,False,0.0,0.0,Model Initialized,Opening model run,,72,Major,🟣,The model opened at 3.5 with a 3.2 fantasy-point projection and a LESS recommendation at 68.6% confidence. This opening snapshot establishes the baseline for every later model run.,1,3.24,0.0,68.6,0.0,LESS,LESS → LESS,100,Opening model run,The recommendation stayed LESS. Projection is +0.0 fantasy points and confidence is +0.0 points versus the opening run. The largest driver today is opening model run.
2026-08-13T23:48:25-07:00,2026-08-14,,Nathan Lukes,TOR,NYY @ TOR,1,LESS,3.5,2.86,73.6,101.64,1.0,1,Gerrit Cole,0.0,The model opened at 3.5 with a 2.9 fantasy-point projection and a LESS recommendation at 73.6% confidence. This opening snapshot establishes the baseline for every later model run.,,,,,,,D,,,,,3.28,,0.8,,,0.0,0.0,0.0,0.0,0.0,0.0,0.0,False,0.0,0.0,Model Initialized,Opening model run,,72,Major,🟣,The model opened at 3.5 with a 2.9 fantasy-point projection and a LESS recommendation at 73.6% confidence. This opening snapshot establishes the baseline for every later model run.,1,2.86,0.0,73.6,0.0,LESS,LESS → LESS,100,Opening model run,The recommendation stayed LESS. Projection is +0.0 fantasy points and confidence is +0.0 points versus the opening run. The largest driver today is opening model run.
2026-08-13T23:48:25-07:00,2026-08-14,,Nathaniel Lowe,CLE,SD @ CLE,1,LESS,4.0,3.5,71.4,122.78,1.03,4,Michael King,0.0,The model opened at 4.0 with a 3.5 fantasy-point projection and a LESS recommendation at 71.4% confidence. This opening snapshot establishes the baseline for every later model run.,,,,,,,C+,,,,,4.1,,0.8901,,,0.0,0.0,0.0,0.0,0.0,0.0,0.0,False,0.0,0.0,Model Initialized,Opening model run,,72,Major,🟣,The model opened at 4.0 with a 3.5 fantasy-point projection and a LESS recommendation at 71.4% confidence. This opening snapshot establishes the baseline for every later model run.,1,3.5,0.0,71.4,0.0,LESS,LESS → LESS,100,Opening model run,The recommendation stayed LESS. Projection is +0.0 fantasy points and confidence is +0.0 points versus the opening run. The largest driver today is opening model run.
2026-08-13T23:48:25-07:00,2026-08-14,,Nelson Velázquez,HOU,SEA @ HOU,1,LESS,5.0,4.47,73.0,103.91,1.0,6,George Kirby,0.0,The model opened at 5.0 with a 4.5 fantasy-point projection and a LESS recommendation at 73.0% confidence. This opening snapshot establishes the baseline for every later model run.,,,,,,,D,,,,,3.81,,1.0329,,,0.0,0.0,0.0,0.0,0.0,0.0,0.0,False,0.0,0.0,Model Initialized,Opening model run,,72,Major,🟣,The model opened at 5.0 with a 4.5 fantasy-point projection and a LESS recommendation at 73.0% confidence. This opening snapshot establishes the baseline for every later model run.,1,4.47,0.0,73.0,0.0,LESS,LESS → LESS,100,Opening model run,The recommendation stayed LESS. Projection is +0.0 fantasy points and confidence is +0.0 points versus the opening run. The largest driver today is opening model run.
2026-08-13T23:48:25-07:00,2026-08-14,,Nick Allen,HOU,SEA @ HOU,1,LESS,4.0,3.58,67.6,88.29,1.0,8,George Kirby,0.0,The model opened at 4.0 with a 3.6 fantasy-point projection and a LESS recommendation at 67.6% confidence. This opening snapshot establishes the baseline for every later model run.,,,,,,,F,,,,,3.81,,0.8,,,0.0,0.0,0.0,0.0,0.0,0.0,0.0,False,0.0,0.0,Model Initialized,Opening model run,,72,Major,🟣,The model opened at 4.0 with a 3.6 fantasy-point projection and a LESS recommendation at 67.6% confidence. This opening snapshot establishes the baseline for every later model run.,1,3.58,0.0,67.6,0.0,LESS,LESS → LESS,100,Opening model run,The recommendation stayed LESS. Projection is +0.0 fantasy points and confidence is +0.0 points versus the opening run. The largest driver today is opening model run.
2026-08-13T23:48:25-07:00,2026-08-14,,Nick Fortes,TB,BAL @ TB,1,LESS,4.0,3.64,68.0,118.89,1.0,7,TBD,0.0,The model opened at 4.0 with a 3.6 fantasy-point projection and a LESS recommendation at 68.0% confidence. This opening snapshot establishes the baseline for every later model run.,,,,,,,C,,,,,4.24,,0.8,,,0.0,0.0,0.0,0.0,0.0,0.0,0.0,False,0.0,0.0,Model Initialized,Opening model run,,72,Major,🟣,The model opened at 4.0 with a 3.6 fantasy-point projection and a LESS recommendation at 68.0% confidence. This opening snapshot establishes the baseline for every later model run.,1,3.64,0.0,68.0,0.0,LESS,LESS → LESS,100,Opening model run,The recommendation stayed LESS. Projection is +0.0 fantasy points and confidence is +0.0 points versus the opening run. The largest driver today is opening model run.
2026-08-13T23:48:25-07:00,2026-08-14,,Nick Gonzales,PIT,BOS @ PIT,1,LESS,4.5,3.87,64.4,127.96,1.01,5,Jake Bennett,0.0,The model opened at 4.5 with a 3.9 fantasy-point projection and a LESS recommendation at 64.4% confidence. This opening snapshot establishes the baseline for every later model run.,,,,,,,C+,,,,,3.48,,0.8331,,,0.0,0.0,0.0,0.0,0.0,0.0,0.0,False,0.0,0.0,Model Initialized,Opening model run,,72,Major,🟣,The model opened at 4.5 with a 3.9 fantasy-point projection and a LESS recommendation at 64.4% confidence. This opening snapshot establishes the baseline for every later model run.,1,3.87,0.0,64.4,0.0,LESS,LESS → LESS,100,Opening model run,The recommendation stayed LESS. Projection is +0.0 fantasy points and confidence is +0.0 points versus the opening run. The largest driver today is opening model run.
2026-08-13T23:48:25-07:00,2026-08-14,,Nick Loftin,KC,KC @ LAA,1,LESS,5.5,4.97,65.9,150.04,1.0,1,Grayson Rodriguez,0.0,The model opened at 5.5 with a 5.0 fantasy-point projection and a LESS recommendation at 65.9% confidence. This opening snapshot establishes the baseline for every later model run.,,,,,,,B,,,,,4.43,,0.8,,,0.0,0.0,0.0,0.0,0.0,0.0,0.0,False,0.0,0.0,Model Initialized,Opening model run,,72,Major,🟣,The model opened at 5.5 with a 5.0 fantasy-point projection and a LESS recommendation at 65.9% confidence. This opening snapshot establishes the baseline for every later model run.,1,4.97,0.0,65.9,0.0,LESS,LESS → LESS,100,Opening model run,The recommendation stayed LESS. Projection is +0.0 fantasy points and confidence is +0.0 points versus the opening run. The largest driver today is opening model run.
2026-08-13T23:48:25-07:00,2026-08-14,,Nick Sogard,BOS,BOS @ PIT,1,LESS,4.5,4.17,62.7,138.09,1.01,1,Bubba Chandler,0.0,The model opened at 4.5 with a 4.2 fantasy-point projection and a LESS recommendation at 62.7% confidence. This opening snapshot establishes the baseline for every later model run.,,,,,,,B-,,,,,4.32,,0.8293,,,0.0,0.0,0.0,0.0,0.0,0.0,0.0,False,0.0,0.0,Model Initialized,Opening model run,,72,Major,🟣,The model opened at 4.5 with a 4.2 fantasy-point projection and a LESS recommendation at 62.7% confidence. This opening snapshot establishes the baseline for every later model run.,1,4.17,0.0,62.7,0.0,LESS,LESS → LESS,100,Opening model run,The recommendation stayed LESS. Projection is +0.0 fantasy points and confidence is +0.0 points versus the opening run. The largest driver today is opening model run.
2026-08-13T23:48:25-07:00,2026-08-14,,Nicky Lopez,TEX,TEX @ ATH,1,LESS,4.0,3.71,66.6,105.35,1.01,9,TBD,0.0,The model opened at 4.0 with a 3.7 fantasy-point projection and a LESS recommendation at 66.6% confidence. This opening snapshot establishes the baseline for every later model run.,,,,,,,D,,,,,5.51,,0.8,,,0.0,0.0,0.0,0.0,0.0,0.0,0.0,False,0.0,0.0,Model Initialized,Opening model run,,72,Major,🟣,The model opened at 4.0 with a 3.7 fantasy-point projection and a LESS recommendation at 66.6% confidence. This opening snapshot establishes the baseline for every later model run.,1,3.71,0.0,66.6,0.0,LESS,LESS → LESS,100,Opening model run,The recommendation stayed LESS. Projection is +0.0 fantasy points and confidence is +0.0 points versus the opening run. The largest driver today is opening model run.
2026-08-13T23:48:25-07:00,2026-08-14,,Nico Hoerner,CHC,STL @ CHC,1,LESS,6.0,5.42,65.7,165.9,1.01,6,Matthew Liberatore,0.0,The model opened at 6.0 with a 5.4 fantasy-point projection and a LESS recommendation at 65.7% confidence. This opening snapshot establishes the baseline for every later model run.,,,,,,,B+,,,,,4.07,,0.8,,,0.0,0.0,0.0,0.0,0.0,0.0,0.0,False,0.0,0.0,Model Initialized,Opening model run,,72,Major,🟣,The model opened at 6.0 with a 5.4 fantasy-point projection and a LESS recommendation at 65.7% confidence. This opening snapshot establishes the baseline for every later model run.,1,5.42,0.0,65.7,0.0,LESS,LESS → LESS,100,Opening model run,The recommendation stayed LESS. Projection is +0.0 fantasy points and confidence is +0.0 points versus the opening run. The largest driver today is opening model run.
2026-08-13T23:48:25-07:00,2026-08-14,,Noelvi Marte,CIN,MIA @ CIN,1,LESS,3.0,2.34,78.7,83.85,1.03,8,Sandy Alcantara,0.0,The model opened at 3.0 with a 2.3 fantasy-point projection and a LESS recommendation at 78.7% confidence. This opening snapshot establishes the baseline for every later model run.,,,,,,,F,,,,,3.98,,0.8,,,0.0,0.0,0.0,0.0,0.0,0.0,0.0,False,0.0,0.0,Model Initialized,Opening model run,,72,Major,🟣,The model opened at 3.0 with a 2.3 fantasy-point projection and a LESS recommendation at 78.7% confidence. This opening snapshot establishes the baseline for every later model run.,1,2.34,0.0,78.7,0.0,LESS,LESS → LESS,100,Opening model run,The recommendation stayed LESS. Projection is +0.0 fantasy points and confidence is +0.0 points versus the opening run. The largest driver today is opening model run.
2026-08-13T23:48:25-07:00,2026-08-14,,Nolan Arenado,ARI,ARI @ ATL,1,LESS,5.5,5.04,68.4,153.99,1.055,6,TBD,0.0,The model opened at 5.5 with a 5.0 fantasy-point projection and a LESS recommendation at 68.4% confidence. This opening snapshot establishes the baseline for every later model run.,,,,,,,B,,,,,3.6,,0.8326,,,0.0,0.0,0.0,0.0,0.0,0.0,0.0,False,0.0,0.0,Model Initialized,Opening model run,,72,Major,🟣,The model opened at 5.5 with a 5.0 fantasy-point projection and a LESS recommendation at 68.4% confidence. This opening snapshot establishes the baseline for every later model run.,1,5.04,0.0,68.4,0.0,LESS,LESS → LESS,100,Opening model run,The recommendation stayed LESS. Projection is +0.0 fantasy points and confidence is +0.0 points versus the opening run. The largest driver today is opening model run.
2026-08-13T23:48:25-07:00,2026-08-14,,Nolan Schanuel,LAA,KC @ LAA,1,MORE,4.0,6.37,60.9,175.65,1.0,3,Seth Lugo,0.0,The model opened at 4.0 with a 6.4 fantasy-point projection and a MORE recommendation at 60.9% confidence. This opening snapshot establishes the baseline for every later model run.,,,,,,,B+,,,,,4.84,,0.807,,,0.0,0.0,0.0,0.0,0.0,0.0,0.0,False,0.0,0.0,Model Initialized,Opening model run,,72,Major,🟣,The model opened at 4.0 with a 6.4 fantasy-point projection and a MORE recommendation at 60.9% confidence. This opening snapshot establishes the baseline for every later model run.,1,6.37,0.0,60.9,0.0,MORE,MORE → MORE,100,Opening model run,The recommendation stayed MORE. Projection is +0.0 fantasy points and confidence is +0.0 points versus the opening run. The largest driver today is opening model run.
2026-08-13T23:48:25-07:00,2026-08-14,,Osleivis Basabe,SF,COL @ SF,1,MORE,3.0,6.56,68.2,182.93,1.01,5,Kyle Freeland,0.0,The model opened at 3.0 with a 6.6 fantasy-point projection and a MORE recommendation at 68.2% confidence. This opening snapshot establishes the baseline for every later model run.,,,,,,,A-,,,,,5.47,,0.8401,,,0.0,0.0,0.0,0.0,0.0,0.0,0.0,False,0.0,0.0,Model Initialized,Opening model run,,72,Major,🟣,The model opened at 3.0 with a 6.6 fantasy-point projection and a MORE recommendation at 68.2% confidence. This opening snapshot establishes the baseline for every later model run.,1,6.56,0.0,68.2,0.0,MORE,MORE → MORE,100,Opening model run,The recommendation stayed MORE. Projection is +0.0 fantasy points and confidence is +0.0 points versus the opening run. The largest driver today is opening model run.
2026-08-13T23:48:25-07:00,2026-08-14,,Oswald Peraza,LAA,KC @ LAA,1,LESS,4.0,3.27,71.5,90.03,1.0,7,Seth Lugo,0.0,The model opened at 4.0 with a 3.3 fantasy-point projection and a LESS recommendation at 71.5% confidence. This opening snapshot establishes the baseline for every later model run.,,,,,,,F,,,,,4.84,,0.8,,,0.0,0.0,0.0,0.0,0.0,0.0,0.0,False,0.0,0.0,Model Initialized,Opening model run,,72,Major,🟣,The model opened at 4.0 with a 3.3 fantasy-point projection and a LESS recommendation at 71.5% confidence. This opening snapshot establishes the baseline for every later model run.,1,3.27,0.0,71.5,0.0,LESS,LESS → LESS,100,Opening model run,The recommendation stayed LESS. Projection is +0.0 fantasy points and confidence is +0.0 points versus the opening run. The largest driver today is opening model run.
2026-08-13T23:48:25-07:00,2026-08-14,,Otto Lopez,MIA,MIA @ CIN,1,LESS,5.5,5.21,65.2,151.54,1.03,2,Chase Burns,0.0,The model opened at 5.5 with a 5.2 fantasy-point projection and a LESS recommendation at 65.2% confidence. This opening snapshot establishes the baseline for every later model run.,,,,,,,B,,,,,4.51,,0.8152,,,0.0,0.0,0.0,0.0,0.0,0.0,0.0,False,0.0,0.0,Model Initialized,Opening model run,,72,Major,🟣,The model opened at 5.5 with a 5.2 fantasy-point projection and a LESS recommendation at 65.2% confidence. This opening snapshot establishes the baseline for every later model run.,1,5.21,0.0,65.2,0.0,LESS,LESS → LESS,100,Opening model run,The recommendation stayed LESS. Projection is +0.0 fantasy points and confidence is +0.0 points versus the opening run. The largest driver today is opening model run.
2026-08-13T23:48:25-07:00,2026-08-14,,Owen Caissie,MIA,MIA @ CIN,1,LESS,6.5,5.78,67.5,151.41,1.03,7,Chase Burns,0.0,The model opened at 6.5 with a 5.8 fantasy-point projection and a LESS recommendation at 67.5% confidence. This opening snapshot establishes the baseline for every later model run.,,,,,,,B,,,,,4.51,,0.9688,,,0.0,0.0,0.0,0.0,0.0,0.0,0.0,False,0.0,0.0,Model Initialized,Opening model run,,72,Major,🟣,The model opened at 6.5 with a 5.8 fantasy-point projection and a LESS recommendation at 67.5% confidence. This opening snapshot establishes the baseline for every later model run.,1,5.78,0.0,67.5,0.0,LESS,LESS → LESS,100,Opening model run,The recommendation stayed LESS. Projection is +0.0 fantasy points and confidence is +0.0 points versus the opening run. The largest driver today is opening model run.
2026-08-13T23:48:25-07:00,2026-08-14,,Ozzie Albies,ATL,ARI @ ATL,1,LESS,4.5,3.84,67.9,126.35,1.055,5,Brandon Pfaadt,0.0,The model opened at 4.5 with a 3.8 fantasy-point projection and a LESS recommendation at 67.9% confidence. This opening snapshot establishes the baseline for every later model run.,,,,,,,C+,,,,,4.12,,0.8,,,0.0,0.0,0.0,0.0,0.0,0.0,0.0,False,0.0,0.0,Model Initialized,Opening model run,,72,Major,🟣,The model opened at 4.5 with a 3.8 fantasy-point projection and a LESS recommendation at 67.9% confidence. This opening snapshot establishes the baseline for every later model run.,1,3.84,0.0,67.9,0.0,LESS,LESS → LESS,100,Opening model run,The recommendation stayed LESS. Projection is +0.0 fantasy points and confidence is +0.0 points versus the opening run. The largest driver today is opening model run.
2026-08-13T23:48:25-07:00,2026-08-14,,Patrick Bailey,CLE,SD @ CLE,1,LESS,4.5,4.2,66.2,112.41,1.03,8,Michael King,0.0,The model opened at 4.5 with a 4.2 fantasy-point projection and a LESS recommendation at 66.2% confidence. This opening snapshot establishes the baseline for every later model run.,,,,,,,C,,,,,4.1,,0.8868,,,0.0,0.0,0.0,0.0,0.0,0.0,0.0,False,0.0,0.0,Model Initialized,Opening model run,,72,Major,🟣,The model opened at 4.5 with a 4.2 fantasy-point projection and a LESS recommendation at 66.2% confidence. This opening snapshot establishes the baseline for every later model run.,1,4.2,0.0,66.2,0.0,LESS,LESS → LESS,100,Opening model run,The recommendation stayed LESS. Projection is +0.0 fantasy points and confidence is +0.0 points versus the opening run. The largest driver today is opening model run.
2026-08-13T23:48:25-07:00,2026-08-14,,Paul Goldschmidt,NYY,NYY @ TOR,1,MORE,3.5,7.03,62.4,176.61,1.0,1,Shane Bieber,0.0,The model opened at 3.5 with a 7.0 fantasy-point projection and a MORE recommendation at 62.4% confidence. This opening snapshot establishes the baseline for every later model run.,,,,,,,B+,,,,,4.01,,0.8251,,,0.0,0.0,0.0,0.0,0.0,0.0,0.0,False,0.0,0.0,Model Initialized,Opening model run,,72,Major,🟣,The model opened at 3.5 with a 7.0 fantasy-point projection and a MORE recommendation at 62.4% confidence. This opening snapshot establishes the baseline for every later model run.,1,7.03,0.0,62.4,0.0,MORE,MORE → MORE,100,Opening model run,The recommendation stayed MORE. Projection is +0.0 fantasy points and confidence is +0.0 points versus the opening run. The largest driver today is opening model run.
2026-08-13T23:48:25-07:00,2026-08-14,,Pedro Pagés,STL,STL @ CHC,1,LESS,3.5,2.82,72.0,68.02,1.01,9,Clay Holmes,0.0,The model opened at 3.5 with a 2.8 fantasy-point projection and a LESS recommendation at 72.0% confidence. This opening snapshot establishes the baseline for every later model run.,,,,,,,F,,,,,4.1,,0.8,,,0.0,0.0,0.0,0.0,0.0,0.0,0.0,False,0.0,0.0,Model Initialized,Opening model run,,72,Major,🟣,The model opened at 3.5 with a 2.8 fantasy-point projection and a LESS recommendation at 72.0% confidence. This opening snapshot establishes the baseline for every later model run.,1,2.82,0.0,72.0,0.0,LESS,LESS → LESS,100,Opening model run,The recommendation stayed LESS. Projection is +0.0 fantasy points and confidence is +0.0 points versus the opening run. The largest driver today is opening model run.
2026-08-13T23:48:25-07:00,2026-08-14,,Pedro Ramírez,CHC,STL @ CHC,1,LESS,4.0,3.7,69.2,126.86,1.01,8,Matthew Liberatore,0.0,The model opened at 4.0 with a 3.7 fantasy-point projection and a LESS recommendation at 69.2% confidence. This opening snapshot establishes the baseline for every later model run.,,,,,,,C+,,,,,4.07,,0.817,,,0.0,0.0,0.0,0.0,0.0,0.0,0.0,False,0.0,0.0,Model Initialized,Opening model run,,72,Major,🟣,The model opened at 4.0 with a 3.7 fantasy-point projection and a LESS recommendation at 69.2% confidence. This opening snapshot establishes the baseline for every later model run.,1,3.7,0.0,69.2,0.0,LESS,LESS → LESS,100,Opening model run,The recommendation stayed LESS. Projection is +0.0 fantasy points and confidence is +0.0 points versus the opening run. The largest driver today is opening model run.
2026-08-13T23:48:25-07:00,2026-08-14,,Pete Alonso,BAL,BAL @ TB,1,MORE,6.5,9.93,59.1,245.97,1.0,2,Steven Matz,0.0,The model opened at 6.5 with a 9.9 fantasy-point projection and a MORE recommendation at 59.1% confidence. This opening snapshot establishes the baseline for every later model run.,,,,,,,A+,,,,,4.47,,1.1623,,,0.0,0.0,0.0,0.0,0.0,0.0,0.0,False,0.0,0.0,Model Initialized,Opening model run,,72,Major,🟣,The model opened at 6.5 with a 9.9 fantasy-point projection and a MORE recommendation at 59.1% confidence. This opening snapshot establishes the baseline for every later model run.,1,9.93,0.0,59.1,0.0,MORE,MORE → MORE,100,Opening model run,The recommendation stayed MORE. Projection is +0.0 fantasy points and confidence is +0.0 points versus the opening run. The largest driver today is opening model run.
2026-08-13T23:48:25-07:00,2026-08-14,,Pete Crow-Armstrong,CHC,STL @ CHC,1,MORE,7.0,10.88,64.2,275.96,1.01,1,Matthew Liberatore,0.0,The model opened at 7.0 with a 10.9 fantasy-point projection and a MORE recommendation at 64.2% confidence. This opening snapshot establishes the baseline for every later model run.,,,,,,,A+,,,,,4.07,,0.9667,,,0.0,0.0,0.0,0.0,0.0,0.0,0.0,False,0.0,0.0,Model Initialized,Opening model run,,72,Major,🟣,The model opened at 7.0 with a 10.9 fantasy-point projection and a MORE recommendation at 64.2% confidence. This opening snapshot establishes the baseline for every later model run.,1,10.88,0.0,64.2,0.0,MORE,MORE → MORE,100,Opening model run,The recommendation stayed MORE. Projection is +0.0 fantasy points and confidence is +0.0 points versus the opening run. The largest driver today is opening model run.
2026-08-13T23:48:25-07:00,2026-08-14,,Petey Halpin,CLE,SD @ CLE,1,LESS,4.0,3.51,69.5,97.58,1.03,7,Michael King,0.0,The model opened at 4.0 with a 3.5 fantasy-point projection and a LESS recommendation at 69.5% confidence. This opening snapshot establishes the baseline for every later model run.,,,,,,,D,,,,,4.1,,0.8,,,0.0,0.0,0.0,0.0,0.0,0.0,0.0,False,0.0,0.0,Model Initialized,Opening model run,,72,Major,🟣,The model opened at 4.0 with a 3.5 fantasy-point projection and a LESS recommendation at 69.5% confidence. This opening snapshot establishes the baseline for every later model run.,1,3.51,0.0,69.5,0.0,LESS,LESS → LESS,100,Opening model run,The recommendation stayed LESS. Projection is +0.0 fantasy points and confidence is +0.0 points versus the opening run. The largest driver today is opening model run.
2026-08-13T23:48:25-07:00,2026-08-14,,Rafael Devers,SF,COL @ SF,1,MORE,5.0,8.57,64.5,216.66,1.01,4,Kyle Freeland,0.0,The model opened at 5.0 with a 8.6 fantasy-point projection and a MORE recommendation at 64.5% confidence. This opening snapshot establishes the baseline for every later model run.,,,,,,,A,,,,,5.47,,1.0139,,,0.0,0.0,0.0,0.0,0.0,0.0,0.0,False,0.0,0.0,Model Initialized,Opening model run,,72,Major,🟣,The model opened at 5.0 with a 8.6 fantasy-point projection and a MORE recommendation at 64.5% confidence. This opening snapshot establishes the baseline for every later model run.,1,8.57,0.0,64.5,0.0,MORE,MORE → MORE,100,Opening model run,The recommendation stayed MORE. Projection is +0.0 fantasy points and confidence is +0.0 points versus the opening run. The largest driver today is opening model run.
2026-08-13T23:48:25-07:00,2026-08-14,,Rafael Flores Jr.,PIT,BOS @ PIT,1,LESS,3.5,2.84,77.0,103.05,1.01,9,Jake Bennett,0.0,The model opened at 3.5 with a 2.8 fantasy-point projection and a LESS recommendation at 77.0% confidence. This opening snapshot establishes the baseline for every later model run.,,,,,,,D,,,,,3.48,,0.885,,,0.0,0.0,0.0,0.0,0.0,0.0,0.0,False,0.0,0.0,Model Initialized,Opening model run,,72,Major,🟣,The model opened at 3.5 with a 2.8 fantasy-point projection and a LESS recommendation at 77.0% confidence. This opening snapshot establishes the baseline for every later model run.,1,2.84,0.0,77.0,0.0,LESS,LESS → LESS,100,Opening model run,The recommendation stayed LESS. Projection is +0.0 fantasy points and confidence is +0.0 points versus the opening run. The largest driver today is opening model run.
2026-08-13T23:48:25-07:00,2026-08-14,,Randal Grichuk,CWS,CWS @ DET,1,LESS,3.0,2.43,77.2,90.65,1.04,4,Jackson Jobe,0.0,The model opened at 3.0 with a 2.4 fantasy-point projection and a LESS recommendation at 77.2% confidence. This opening snapshot establishes the baseline for every later model run.,,,,,,,F,,,,,3.47,,0.9133,,,0.0,0.0,0.0,0.0,0.0,0.0,0.0,False,0.0,0.0,Model Initialized,Opening model run,,72,Major,🟣,The model opened at 3.0 with a 2.4 fantasy-point projection and a LESS recommendation at 77.2% confidence. This opening snapshot establishes the baseline for every later model run.,1,2.43,0.0,77.2,0.0,LESS,LESS → LESS,100,Opening model run,The recommendation stayed LESS. Projection is +0.0 fantasy points and confidence is +0.0 points versus the opening run. The largest driver today is opening model run.
2026-08-13T23:48:25-07:00,2026-08-14,,Randy Arozarena,SEA,SEA @ HOU,1,LESS,5.0,4.62,70.9,150.78,1.0,3,Peter Lambert,0.0,The model opened at 5.0 with a 4.6 fantasy-point projection and a LESS recommendation at 70.9% confidence. This opening snapshot establishes the baseline for every later model run.,,,,,,,B,,,,,4.54,,0.9054,,,0.0,0.0,0.0,0.0,0.0,0.0,0.0,False,0.0,0.0,Model Initialized,Opening model run,,72,Major,🟣,The model opened at 5.0 with a 4.6 fantasy-point projection and a LESS recommendation at 70.9% confidence. This opening snapshot establishes the baseline for every later model run.,1,4.62,0.0,70.9,0.0,LESS,LESS → LESS,100,Opening model run,The recommendation stayed LESS. Projection is +0.0 fantasy points and confidence is +0.0 points versus the opening run. The largest driver today is opening model run.
2026-08-13T23:48:25-07:00,2026-08-14,,Rhys Hoskins,CLE,SD @ CLE,1,LESS,3.5,3.16,73.1,95.04,1.03,6,Michael King,0.0,The model opened at 3.5 with a 3.2 fantasy-point projection and a LESS recommendation at 73.1% confidence. This opening snapshot establishes the baseline for every later model run.,,,,,,,D,,,,,4.1,,1.0471,,,0.0,0.0,0.0,0.0,0.0,0.0,0.0,False,0.0,0.0,Model Initialized,Opening model run,,72,Major,🟣,The model opened at 3.5 with a 3.2 fantasy-point projection and a LESS recommendation at 73.1% confidence. This opening snapshot establishes the baseline for every later model run.,1,3.16,0.0,73.1,0.0,LESS,LESS → LESS,100,Opening model run,The recommendation stayed LESS. Projection is +0.0 fantasy points and confidence is +0.0 points versus the opening run. The largest driver today is opening model run.
2026-08-13T23:48:25-07:00,2026-08-14,,Richie Palacios,TB,BAL @ TB,1,LESS,5.0,4.45,70.1,121.77,1.0,8,TBD,0.0,The model opened at 5.0 with a 4.5 fantasy-point projection and a LESS recommendation at 70.1% confidence. This opening snapshot establishes the baseline for every later model run.,,,,,,,C+,,,,,4.24,,0.8032,,,0.0,0.0,0.0,0.0,0.0,0.0,0.0,False,0.0,0.0,Model Initialized,Opening model run,,72,Major,🟣,The model opened at 5.0 with a 4.5 fantasy-point projection and a LESS recommendation at 70.1% confidence. This opening snapshot establishes the baseline for every later model run.,1,4.45,0.0,70.1,0.0,LESS,LESS → LESS,100,Opening model run,The recommendation stayed LESS. Projection is +0.0 fantasy points and confidence is +0.0 points versus the opening run. The largest driver today is opening model run.
2026-08-13T23:48:25-07:00,2026-08-14,,Ronald Acuña Jr.,ATL,ARI @ ATL,1,MORE,3.0,7.45,61.1,198.31,1.055,2,Brandon Pfaadt,0.0,The model opened at 3.0 with a 7.5 fantasy-point projection and a MORE recommendation at 61.1% confidence. This opening snapshot establishes the baseline for every later model run.,,,,,,,A,,,,,4.12,,0.9704,,,0.0,0.0,0.0,0.0,0.0,0.0,0.0,False,0.0,0.0,Model Initialized,Opening model run,,72,Major,🟣,The model opened at 3.0 with a 7.5 fantasy-point projection and a MORE recommendation at 61.1% confidence. This opening snapshot establishes the baseline for every later model run.,1,7.45,0.0,61.1,0.0,MORE,MORE → MORE,100,Opening model run,The recommendation stayed MORE. Projection is +0.0 fantasy points and confidence is +0.0 points versus the opening run. The largest driver today is opening model run.
2026-08-13T23:48:25-07:00,2026-08-14,,Ronny Simon,PIT,BOS @ PIT,1,LESS,4.5,3.9,65.3,115.98,1.01,6,Jake Bennett,0.0,The model opened at 4.5 with a 3.9 fantasy-point projection and a LESS recommendation at 65.3% confidence. This opening snapshot establishes the baseline for every later model run.,,,,,,,C,,,,,3.48,,0.8,,,0.0,0.0,0.0,0.0,0.0,0.0,0.0,False,0.0,0.0,Model Initialized,Opening model run,,72,Major,🟣,The model opened at 4.5 with a 3.9 fantasy-point projection and a LESS recommendation at 65.3% confidence. This opening snapshot establishes the baseline for every later model run.,1,3.9,0.0,65.3,0.0,LESS,LESS → LESS,100,Opening model run,The recommendation stayed LESS. Projection is +0.0 fantasy points and confidence is +0.0 points versus the opening run. The largest driver today is opening model run.
2026-08-13T23:48:25-07:00,2026-08-14,,Ryan McMahon,NYY,NYY @ TOR,1,MORE,4.5,7.36,61.6,176.57,1.0,8,Shane Bieber,0.0,The model opened at 4.5 with a 7.4 fantasy-point projection and a MORE recommendation at 61.6% confidence. This opening snapshot establishes the baseline for every later model run.,,,,,,,B+,,,,,4.01,,0.9824,,,0.0,0.0,0.0,0.0,0.0,0.0,0.0,False,0.0,0.0,Model Initialized,Opening model run,,72,Major,🟣,The model opened at 4.5 with a 7.4 fantasy-point projection and a MORE recommendation at 61.6% confidence. This opening snapshot establishes the baseline for every later model run.,1,7.36,0.0,61.6,0.0,MORE,MORE → MORE,100,Opening model run,The recommendation stayed MORE. Projection is +0.0 fantasy points and confidence is +0.0 points versus the opening run. The largest driver today is opening model run.
2026-08-13T23:48:25-07:00,2026-08-14,,Ryan Vilade,TB,BAL @ TB,1,MORE,2.5,5.23,60.5,135.57,1.0,4,TBD,0.0,The model opened at 2.5 with a 5.2 fantasy-point projection and a MORE recommendation at 60.5% confidence. This opening snapshot establishes the baseline for every later model run.,,,,,,,B-,,,,,4.24,,0.8299,,,0.0,0.0,0.0,0.0,0.0,0.0,0.0,False,0.0,0.0,Model Initialized,Opening model run,,72,Major,🟣,The model opened at 2.5 with a 5.2 fantasy-point projection and a MORE recommendation at 60.5% confidence. This opening snapshot establishes the baseline for every later model run.,1,5.23,0.0,60.5,0.0,MORE,MORE → MORE,100,Opening model run,The recommendation stayed MORE. Projection is +0.0 fantasy points and confidence is +0.0 points versus the opening run. The largest driver today is opening model run.
2026-08-13T23:48:25-07:00,2026-08-14,,Ryan Waldschmidt,ARI,ARI @ ATL,1,MORE,3.0,4.92,59.3,136.41,1.055,9,TBD,0.0,The model opened at 3.0 with a 4.9 fantasy-point projection and a MORE recommendation at 59.3% confidence. This opening snapshot establishes the baseline for every later model run.,,,,,,,B-,,,,,3.6,,0.8348,,,0.0,0.0,0.0,0.0,0.0,0.0,0.0,False,0.0,0.0,Model Initialized,Opening model run,,72,Major,🟣,The model opened at 3.0 with a 4.9 fantasy-point projection and a MORE recommendation at 59.3% confidence. This opening snapshot establishes the baseline for every later model run.,1,4.92,0.0,59.3,0.0,MORE,MORE → MORE,100,Opening model run,The recommendation stayed MORE. Projection is +0.0 fantasy points and confidence is +0.0 points versus the opening run. The largest driver today is opening model run.
2026-08-13T23:48:25-07:00,2026-08-14,,Sal Stewart,CIN,MIA @ CIN,1,MORE,3.0,7.56,61.4,202.23,1.03,2,Sandy Alcantara,0.0,The model opened at 3.0 with a 7.6 fantasy-point projection and a MORE recommendation at 61.4% confidence. This opening snapshot establishes the baseline for every later model run.,,,,,,,A,,,,,3.98,,0.9229,,,0.0,0.0,0.0,0.0,0.0,0.0,0.0,False,0.0,0.0,Model Initialized,Opening model run,,72,Major,🟣,The model opened at 3.0 with a 7.6 fantasy-point projection and a MORE recommendation at 61.4% confidence. This opening snapshot establishes the baseline for every later model run.,1,7.56,0.0,61.4,0.0,MORE,MORE → MORE,100,Opening model run,The recommendation stayed MORE. Projection is +0.0 fantasy points and confidence is +0.0 points versus the opening run. The largest driver today is opening model run.
2026-08-13T23:48:25-07:00,2026-08-14,,Salvador Perez,KC,KC @ LAA,1,MORE,3.0,5.58,58.6,164.43,1.0,4,Grayson Rodriguez,0.0,The model opened at 3.0 with a 5.6 fantasy-point projection and a MORE recommendation at 58.6% confidence. This opening snapshot establishes the baseline for every later model run.,,,,,,,B+,,,,,4.43,,0.8631,,,0.0,0.0,0.0,0.0,0.0,0.0,0.0,False,0.0,0.0,Model Initialized,Opening model run,,72,Major,🟣,The model opened at 3.0 with a 5.6 fantasy-point projection and a MORE recommendation at 58.6% confidence. This opening snapshot establishes the baseline for every later model run.,1,5.58,0.0,58.6,0.0,MORE,MORE → MORE,100,Opening model run,The recommendation stayed MORE. Projection is +0.0 fantasy points and confidence is +0.0 points versus the opening run. The largest driver today is opening model run.
2026-08-13T23:48:25-07:00,2026-08-14,,Sam Antonacci,CWS,CWS @ DET,1,LESS,3.5,2.88,71.9,104.55,1.04,8,Jackson Jobe,0.0,The model opened at 3.5 with a 2.9 fantasy-point projection and a LESS recommendation at 71.9% confidence. This opening snapshot establishes the baseline for every later model run.,,,,,,,D,,,,,3.47,,0.8,,,0.0,0.0,0.0,0.0,0.0,0.0,0.0,False,0.0,0.0,Model Initialized,Opening model run,,72,Major,🟣,The model opened at 3.5 with a 2.9 fantasy-point projection and a LESS recommendation at 71.9% confidence. This opening snapshot establishes the baseline for every later model run.,1,2.88,0.0,71.9,0.0,LESS,LESS → LESS,100,Opening model run,The recommendation stayed LESS. Projection is +0.0 fantasy points and confidence is +0.0 points versus the opening run. The largest driver today is opening model run.
2026-08-13T23:48:25-07:00,2026-08-14,,Sean Murphy,ATL,ARI @ ATL,1,LESS,4.0,3.43,69.4,80.55,1.055,9,Brandon Pfaadt,0.0,The model opened at 4.0 with a 3.4 fantasy-point projection and a LESS recommendation at 69.4% confidence. This opening snapshot establishes the baseline for every later model run.,,,,,,,F,,,,,4.12,,0.959,,,0.0,0.0,0.0,0.0,0.0,0.0,0.0,False,0.0,0.0,Model Initialized,Opening model run,,72,Major,🟣,The model opened at 4.0 with a 3.4 fantasy-point projection and a LESS recommendation at 69.4% confidence. This opening snapshot establishes the baseline for every later model run.,1,3.43,0.0,69.4,0.0,LESS,LESS → LESS,100,Opening model run,The recommendation stayed LESS. Projection is +0.0 fantasy points and confidence is +0.0 points versus the opening run. The largest driver today is opening model run.
2026-08-13T23:48:25-07:00,2026-08-14,,Seiya Suzuki,CHC,STL @ CHC,1,MORE,4.5,7.0,58.2,205.61,1.01,2,Matthew Liberatore,0.0,The model opened at 4.5 with a 7.0 fantasy-point projection and a MORE recommendation at 58.2% confidence. This opening snapshot establishes the baseline for every later model run.,,,,,,,A,,,,,4.07,,0.8848,,,0.0,0.0,0.0,0.0,0.0,0.0,0.0,False,0.0,0.0,Model Initialized,Opening model run,,72,Major,🟣,The model opened at 4.5 with a 7.0 fantasy-point projection and a MORE recommendation at 58.2% confidence. This opening snapshot establishes the baseline for every later model run.,1,7.0,0.0,58.2,0.0,MORE,MORE → MORE,100,Opening model run,The recommendation stayed MORE. Projection is +0.0 fantasy points and confidence is +0.0 points versus the opening run. The largest driver today is opening model run.
2026-08-13T23:48:25-07:00,2026-08-14,,Shohei Ohtani,LAD,MIL @ LAD,1,MORE,7.0,10.33,58.4,253.36,1.0,1,Robert Gasser,0.0,The model opened at 7.0 with a 10.3 fantasy-point projection and a MORE recommendation at 58.4% confidence. This opening snapshot establishes the baseline for every later model run.,,,,,,,A+,,,,,3.53,,1.1297,,,0.0,0.0,0.0,0.0,0.0,0.0,0.0,False,0.0,0.0,Model Initialized,Opening model run,,72,Major,🟣,The model opened at 7.0 with a 10.3 fantasy-point projection and a MORE recommendation at 58.4% confidence. This opening snapshot establishes the baseline for every later model run.,1,10.33,0.0,58.4,0.0,MORE,MORE → MORE,100,Opening model run,The recommendation stayed MORE. Projection is +0.0 fantasy points and confidence is +0.0 points versus the opening run. The largest driver today is opening model run.
2026-08-13T23:48:25-07:00,2026-08-14,,Spencer Horwitz,PIT,BOS @ PIT,1,LESS,4.0,3.41,70.2,116.14,1.01,4,Jake Bennett,0.0,The model opened at 4.0 with a 3.4 fantasy-point projection and a LESS recommendation at 70.2% confidence. This opening snapshot establishes the baseline for every later model run.,,,,,,,C,,,,,3.48,,0.8,,,0.0,0.0,0.0,0.0,0.0,0.0,0.0,False,0.0,0.0,Model Initialized,Opening model run,,72,Major,🟣,The model opened at 4.0 with a 3.4 fantasy-point projection and a LESS recommendation at 70.2% confidence. This opening snapshot establishes the baseline for every later model run.,1,3.41,0.0,70.2,0.0,LESS,LESS → LESS,100,Opening model run,The recommendation stayed LESS. Projection is +0.0 fantasy points and confidence is +0.0 points versus the opening run. The largest driver today is opening model run.
2026-08-13T23:48:25-07:00,2026-08-14,,Spencer Jones,NYY,NYY @ TOR,1,MORE,5.5,9.16,65.0,226.95,1.0,3,Shane Bieber,0.0,The model opened at 5.5 with a 9.2 fantasy-point projection and a MORE recommendation at 65.0% confidence. This opening snapshot establishes the baseline for every later model run.,,,,,,,A+,,,,,4.01,,1.0896,,,0.0,0.0,0.0,0.0,0.0,0.0,0.0,False,0.0,0.0,Model Initialized,Opening model run,,72,Major,🟣,The model opened at 5.5 with a 9.2 fantasy-point projection and a MORE recommendation at 65.0% confidence. This opening snapshot establishes the baseline for every later model run.,1,9.16,0.0,65.0,0.0,MORE,MORE → MORE,100,Opening model run,The recommendation stayed MORE. Projection is +0.0 fantasy points and confidence is +0.0 points versus the opening run. The largest driver today is opening model run.
2026-08-13T23:48:25-07:00,2026-08-14,,Spencer Torkelson,DET,CWS @ DET,1,LESS,5.0,4.64,70.1,145.99,1.04,6,Sean Newcomb,0.0,The model opened at 5.0 with a 4.6 fantasy-point projection and a LESS recommendation at 70.1% confidence. This opening snapshot establishes the baseline for every later model run.,,,,,,,B,,,,,2.81,,0.9531,,,0.0,0.0,0.0,0.0,0.0,0.0,0.0,False,0.0,0.0,Model Initialized,Opening model run,,72,Major,🟣,The model opened at 5.0 with a 4.6 fantasy-point projection and a LESS recommendation at 70.1% confidence. This opening snapshot establishes the baseline for every later model run.,1,4.64,0.0,70.1,0.0,LESS,LESS → LESS,100,Opening model run,The recommendation stayed LESS. Projection is +0.0 fantasy points and confidence is +0.0 points versus the opening run. The largest driver today is opening model run.
2026-08-13T23:48:25-07:00,2026-08-14,,Starling Marte,KC,KC @ LAA,1,LESS,4.5,4.04,65.2,129.84,1.0,5,Grayson Rodriguez,0.0,The model opened at 4.5 with a 4.0 fantasy-point projection and a LESS recommendation at 65.2% confidence. This opening snapshot establishes the baseline for every later model run.,,,,,,,C+,,,,,4.43,,0.8,,,0.0,0.0,0.0,0.0,0.0,0.0,0.0,False,0.0,0.0,Model Initialized,Opening model run,,72,Major,🟣,The model opened at 4.5 with a 4.0 fantasy-point projection and a LESS recommendation at 65.2% confidence. This opening snapshot establishes the baseline for every later model run.,1,4.04,0.0,65.2,0.0,LESS,LESS → LESS,100,Opening model run,The recommendation stayed LESS. Projection is +0.0 fantasy points and confidence is +0.0 points versus the opening run. The largest driver today is opening model run.
2026-08-13T23:48:25-07:00,2026-08-14,,Steven Kwan,CLE,SD @ CLE,1,MORE,3.0,4.91,60.0,154.65,1.03,1,Michael King,0.0,The model opened at 3.0 with a 4.9 fantasy-point projection and a MORE recommendation at 60.0% confidence. This opening snapshot establishes the baseline for every later model run.,,,,,,,B,,,,,4.1,,0.8,,,0.0,0.0,0.0,0.0,0.0,0.0,0.0,False,0.0,0.0,Model Initialized,Opening model run,,72,Major,🟣,The model opened at 3.0 with a 4.9 fantasy-point projection and a MORE recommendation at 60.0% confidence. This opening snapshot establishes the baseline for every later model run.,1,4.91,0.0,60.0,0.0,MORE,MORE → MORE,100,Opening model run,The recommendation stayed MORE. Projection is +0.0 fantasy points and confidence is +0.0 points versus the opening run. The largest driver today is opening model run.
2026-08-13T23:48:25-07:00,2026-08-14,,Sung-Mun Song,SD,SD @ CLE,1,LESS,3.5,3.07,70.4,79.8,1.03,9,Gavin Williams,0.0,The model opened at 3.5 with a 3.1 fantasy-point projection and a LESS recommendation at 70.4% confidence. This opening snapshot establishes the baseline for every later model run.,,,,,,,F,,,,,3.83,,0.8,,,0.0,0.0,0.0,0.0,0.0,0.0,0.0,False,0.0,0.0,Model Initialized,Opening model run,,72,Major,🟣,The model opened at 3.5 with a 3.1 fantasy-point projection and a LESS recommendation at 70.4% confidence. This opening snapshot establishes the baseline for every later model run.,1,3.07,0.0,70.4,0.0,LESS,LESS → LESS,100,Opening model run,The recommendation stayed LESS. Projection is +0.0 fantasy points and confidence is +0.0 points versus the opening run. The largest driver today is opening model run.
2026-08-13T23:48:25-07:00,2026-08-14,,TJ Friedl,CIN,MIA @ CIN,1,LESS,3.5,3.23,69.1,86.19,1.03,8,Sandy Alcantara,0.0,The model opened at 3.5 with a 3.2 fantasy-point projection and a LESS recommendation at 69.1% confidence. This opening snapshot establishes the baseline for every later model run.,,,,,,,F,,,,,3.98,,0.8,,,0.0,0.0,0.0,0.0,0.0,0.0,0.0,False,0.0,0.0,Model Initialized,Opening model run,,72,Major,🟣,The model opened at 3.5 with a 3.2 fantasy-point projection and a LESS recommendation at 69.1% confidence. This opening snapshot establishes the baseline for every later model run.,1,3.23,0.0,69.1,0.0,LESS,LESS → LESS,100,Opening model run,The recommendation stayed LESS. Projection is +0.0 fantasy points and confidence is +0.0 points versus the opening run. The largest driver today is opening model run.
2026-08-13T23:48:25-07:00,2026-08-14,,TJ Rumfield,COL,COL @ SF,1,MORE,2.5,4.69,59.1,141.37,1.01,3,Landen Roupp,0.0,The model opened at 2.5 with a 4.7 fantasy-point projection and a MORE recommendation at 59.1% confidence. This opening snapshot establishes the baseline for every later model run.,,,,,,,B-,,,,,4.31,,0.8,,,0.0,0.0,0.0,0.0,0.0,0.0,0.0,False,0.0,0.0,Model Initialized,Opening model run,,72,Major,🟣,The model opened at 2.5 with a 4.7 fantasy-point projection and a MORE recommendation at 59.1% confidence. This opening snapshot establishes the baseline for every later model run.,1,4.69,0.0,59.1,0.0,MORE,MORE → MORE,100,Opening model run,The recommendation stayed MORE. Projection is +0.0 fantasy points and confidence is +0.0 points versus the opening run. The largest driver today is opening model run.
2026-08-13T23:48:25-07:00,2026-08-14,,Taylor Trammell,HOU,SEA @ HOU,1,LESS,5.0,4.62,70.6,148.56,1.0,5,George Kirby,0.0,The model opened at 5.0 with a 4.6 fantasy-point projection and a LESS recommendation at 70.6% confidence. This opening snapshot establishes the baseline for every later model run.,,,,,,,B,,,,,3.81,,0.968,,,0.0,0.0,0.0,0.0,0.0,0.0,0.0,False,0.0,0.0,Model Initialized,Opening model run,,72,Major,🟣,The model opened at 5.0 with a 4.6 fantasy-point projection and a LESS recommendation at 70.6% confidence. This opening snapshot establishes the baseline for every later model run.,1,4.62,0.0,70.6,0.0,LESS,LESS → LESS,100,Opening model run,The recommendation stayed LESS. Projection is +0.0 fantasy points and confidence is +0.0 points versus the opening run. The largest driver today is opening model run.
2026-08-13T23:48:25-07:00,2026-08-14,,Taylor Walls,TB,BAL @ TB,1,LESS,4.5,3.97,65.3,119.33,1.0,9,TBD,0.0,The model opened at 4.5 with a 4.0 fantasy-point projection and a LESS recommendation at 65.3% confidence. This opening snapshot establishes the baseline for every later model run.,,,,,,,C,,,,,4.24,,0.8,,,0.0,0.0,0.0,0.0,0.0,0.0,0.0,False,0.0,0.0,Model Initialized,Opening model run,,72,Major,🟣,The model opened at 4.5 with a 4.0 fantasy-point projection and a LESS recommendation at 65.3% confidence. This opening snapshot establishes the baseline for every later model run.,1,3.97,0.0,65.3,0.0,LESS,LESS → LESS,100,Opening model run,The recommendation stayed LESS. Projection is +0.0 fantasy points and confidence is +0.0 points versus the opening run. The largest driver today is opening model run.
2026-08-13T23:48:25-07:00,2026-08-14,,Taylor Ward,SEA,SEA @ HOU,1,LESS,5.0,4.6,68.9,133.41,1.0,1,Peter Lambert,0.0,The model opened at 5.0 with a 4.6 fantasy-point projection and a LESS recommendation at 68.9% confidence. This opening snapshot establishes the baseline for every later model run.,,,,,,,B-,,,,,4.54,,0.863,,,0.0,0.0,0.0,0.0,0.0,0.0,0.0,False,0.0,0.0,Model Initialized,Opening model run,,72,Major,🟣,The model opened at 5.0 with a 4.6 fantasy-point projection and a LESS recommendation at 68.9% confidence. This opening snapshot establishes the baseline for every later model run.,1,4.6,0.0,68.9,0.0,LESS,LESS → LESS,100,Opening model run,The recommendation stayed LESS. Projection is +0.0 fantasy points and confidence is +0.0 points versus the opening run. The largest driver today is opening model run.
2026-08-13T23:48:25-07:00,2026-08-14,,Teoscar Hernández,LAD,MIL @ LAD,1,LESS,4.0,3.71,69.0,116.47,1.0,7,Robert Gasser,0.0,The model opened at 4.0 with a 3.7 fantasy-point projection and a LESS recommendation at 69.0% confidence. This opening snapshot establishes the baseline for every later model run.,,,,,,,C,,,,,3.53,,0.8748,,,0.0,0.0,0.0,0.0,0.0,0.0,0.0,False,0.0,0.0,Model Initialized,Opening model run,,72,Major,🟣,The model opened at 4.0 with a 3.7 fantasy-point projection and a LESS recommendation at 69.0% confidence. This opening snapshot establishes the baseline for every later model run.,1,3.71,0.0,69.0,0.0,LESS,LESS → LESS,100,Opening model run,The recommendation stayed LESS. Projection is +0.0 fantasy points and confidence is +0.0 points versus the opening run. The largest driver today is opening model run.
2026-08-13T23:48:25-07:00,2026-08-14,,Tim Tawa,ARI,ARI @ ATL,1,LESS,5.0,4.57,71.6,136.97,1.055,8,TBD,0.0,The model opened at 5.0 with a 4.6 fantasy-point projection and a LESS recommendation at 71.6% confidence. This opening snapshot establishes the baseline for every later model run.,,,,,,,B-,,,,,3.6,,0.964,,,0.0,0.0,0.0,0.0,0.0,0.0,0.0,False,0.0,0.0,Model Initialized,Opening model run,,72,Major,🟣,The model opened at 5.0 with a 4.6 fantasy-point projection and a LESS recommendation at 71.6% confidence. This opening snapshot establishes the baseline for every later model run.,1,4.57,0.0,71.6,0.0,LESS,LESS → LESS,100,Opening model run,The recommendation stayed LESS. Projection is +0.0 fantasy points and confidence is +0.0 points versus the opening run. The largest driver today is opening model run.
2026-08-13T23:48:25-07:00,2026-08-14,,Tommy Edman,LAD,MIL @ LAD,1,LESS,4.5,3.83,67.7,115.9,1.0,7,Robert Gasser,0.0,The model opened at 4.5 with a 3.8 fantasy-point projection and a LESS recommendation at 67.7% confidence. This opening snapshot establishes the baseline for every later model run.,,,,,,,C,,,,,3.53,,0.8506,,,0.0,0.0,0.0,0.0,0.0,0.0,0.0,False,0.0,0.0,Model Initialized,Opening model run,,72,Major,🟣,The model opened at 4.5 with a 3.8 fantasy-point projection and a LESS recommendation at 67.7% confidence. This opening snapshot establishes the baseline for every later model run.,1,3.83,0.0,67.7,0.0,LESS,LESS → LESS,100,Opening model run,The recommendation stayed LESS. Projection is +0.0 fantasy points and confidence is +0.0 points versus the opening run. The largest driver today is opening model run.
2026-08-13T23:48:25-07:00,2026-08-14,,Tommy White,ATH,TEX @ ATH,1,LESS,4.5,4.22,62.2,121.9,1.01,5,Kumar Rocker,0.0,The model opened at 4.5 with a 4.2 fantasy-point projection and a LESS recommendation at 62.2% confidence. This opening snapshot establishes the baseline for every later model run.,,,,,,,C+,,,,,4.28,,0.8,,,0.0,0.0,0.0,0.0,0.0,0.0,0.0,False,0.0,0.0,Model Initialized,Opening model run,,72,Major,🟣,The model opened at 4.5 with a 4.2 fantasy-point projection and a LESS recommendation at 62.2% confidence. This opening snapshot establishes the baseline for every later model run.,1,4.22,0.0,62.2,0.0,LESS,LESS → LESS,100,Opening model run,The recommendation stayed LESS. Projection is +0.0 fantasy points and confidence is +0.0 points versus the opening run. The largest driver today is opening model run.
2026-08-13T23:48:25-07:00,2026-08-14,,Travis Bazzana,CLE,SD @ CLE,1,LESS,4.0,3.75,68.2,117.27,1.03,6,Michael King,0.0,The model opened at 4.0 with a 3.8 fantasy-point projection and a LESS recommendation at 68.2% confidence. This opening snapshot establishes the baseline for every later model run.,,,,,,,C,,,,,4.1,,0.8571,,,0.0,0.0,0.0,0.0,0.0,0.0,0.0,False,0.0,0.0,Model Initialized,Opening model run,,72,Major,🟣,The model opened at 4.0 with a 3.8 fantasy-point projection and a LESS recommendation at 68.2% confidence. This opening snapshot establishes the baseline for every later model run.,1,3.75,0.0,68.2,0.0,LESS,LESS → LESS,100,Opening model run,The recommendation stayed LESS. Projection is +0.0 fantasy points and confidence is +0.0 points versus the opening run. The largest driver today is opening model run.
2026-08-13T23:48:25-07:00,2026-08-14,,Travis d'Arnaud,LAA,KC @ LAA,1,LESS,4.5,4.06,64.4,107.29,1.0,8,Seth Lugo,0.0,The model opened at 4.5 with a 4.1 fantasy-point projection and a LESS recommendation at 64.4% confidence. This opening snapshot establishes the baseline for every later model run.,,,,,,,D,,,,,4.84,,0.8055,,,0.0,0.0,0.0,0.0,0.0,0.0,0.0,False,0.0,0.0,Model Initialized,Opening model run,,72,Major,🟣,The model opened at 4.5 with a 4.1 fantasy-point projection and a LESS recommendation at 64.4% confidence. This opening snapshot establishes the baseline for every later model run.,1,4.06,0.0,64.4,0.0,LESS,LESS → LESS,100,Opening model run,The recommendation stayed LESS. Projection is +0.0 fantasy points and confidence is +0.0 points versus the opening run. The largest driver today is opening model run.
2026-08-13T23:48:25-07:00,2026-08-14,,Trent Grisham,NYY,NYY @ TOR,1,MORE,5.5,8.39,61.0,216.15,1.0,1,Shane Bieber,0.0,The model opened at 5.5 with a 8.4 fantasy-point projection and a MORE recommendation at 61.0% confidence. This opening snapshot establishes the baseline for every later model run.,,,,,,,A,,,,,4.01,,0.9515,,,0.0,0.0,0.0,0.0,0.0,0.0,0.0,False,0.0,0.0,Model Initialized,Opening model run,,72,Major,🟣,The model opened at 5.5 with a 8.4 fantasy-point projection and a MORE recommendation at 61.0% confidence. This opening snapshot establishes the baseline for every later model run.,1,8.39,0.0,61.0,0.0,MORE,MORE → MORE,100,Opening model run,The recommendation stayed MORE. Projection is +0.0 fantasy points and confidence is +0.0 points versus the opening run. The largest driver today is opening model run.
2026-08-13T23:48:25-07:00,2026-08-14,,Tristan Peters,CWS,CWS @ DET,1,LESS,3.0,2.45,75.1,81.23,1.04,7,Jackson Jobe,0.0,The model opened at 3.0 with a 2.5 fantasy-point projection and a LESS recommendation at 75.1% confidence. This opening snapshot establishes the baseline for every later model run.,,,,,,,F,,,,,3.47,,0.8,,,0.0,0.0,0.0,0.0,0.0,0.0,0.0,False,0.0,0.0,Model Initialized,Opening model run,,72,Major,🟣,The model opened at 3.0 with a 2.5 fantasy-point projection and a LESS recommendation at 75.1% confidence. This opening snapshot establishes the baseline for every later model run.,1,2.45,0.0,75.1,0.0,LESS,LESS → LESS,100,Opening model run,The recommendation stayed LESS. Projection is +0.0 fantasy points and confidence is +0.0 points versus the opening run. The largest driver today is opening model run.
2026-08-13T23:48:25-07:00,2026-08-14,,Troy Johnston,COL,COL @ SF,1,MORE,2.5,4.29,58.7,114.36,1.01,8,Landen Roupp,0.0,The model opened at 2.5 with a 4.3 fantasy-point projection and a MORE recommendation at 58.7% confidence. This opening snapshot establishes the baseline for every later model run.,,,,,,,C,,,,,4.31,,0.8,,,0.0,0.0,0.0,0.0,0.0,0.0,0.0,False,0.0,0.0,Model Initialized,Opening model run,,72,Major,🟣,The model opened at 2.5 with a 4.3 fantasy-point projection and a MORE recommendation at 58.7% confidence. This opening snapshot establishes the baseline for every later model run.,1,4.29,0.0,58.7,0.0,MORE,MORE → MORE,100,Opening model run,The recommendation stayed MORE. Projection is +0.0 fantasy points and confidence is +0.0 points versus the opening run. The largest driver today is opening model run.
2026-08-13T23:48:25-07:00,2026-08-14,,Ty France,SD,SD @ CLE,1,MORE,3.0,5.74,59.2,166.73,1.03,4,Gavin Williams,0.0,The model opened at 3.0 with a 5.7 fantasy-point projection and a MORE recommendation at 59.2% confidence. This opening snapshot establishes the baseline for every later model run.,,,,,,,B+,,,,,3.83,,0.9409,,,0.0,0.0,0.0,0.0,0.0,0.0,0.0,False,0.0,0.0,Model Initialized,Opening model run,,72,Major,🟣,The model opened at 3.0 with a 5.7 fantasy-point projection and a MORE recommendation at 59.2% confidence. This opening snapshot establishes the baseline for every later model run.,1,5.74,0.0,59.2,0.0,MORE,MORE → MORE,100,Opening model run,The recommendation stayed MORE. Projection is +0.0 fantasy points and confidence is +0.0 points versus the opening run. The largest driver today is opening model run.
2026-08-13T23:48:25-07:00,2026-08-14,,Tyler Heineman,LAA,KC @ LAA,1,LESS,4.5,4.15,63.2,109.77,1.0,9,Seth Lugo,0.0,The model opened at 4.5 with a 4.2 fantasy-point projection and a LESS recommendation at 63.2% confidence. This opening snapshot establishes the baseline for every later model run.,,,,,,,C,,,,,4.84,,0.8,,,0.0,0.0,0.0,0.0,0.0,0.0,0.0,False,0.0,0.0,Model Initialized,Opening model run,,72,Major,🟣,The model opened at 4.5 with a 4.2 fantasy-point projection and a LESS recommendation at 63.2% confidence. This opening snapshot establishes the baseline for every later model run.,1,4.15,0.0,63.2,0.0,LESS,LESS → LESS,100,Opening model run,The recommendation stayed LESS. Projection is +0.0 fantasy points and confidence is +0.0 points versus the opening run. The largest driver today is opening model run.
2026-08-13T23:48:25-07:00,2026-08-14,,Tyler Locklear,ARI,ARI @ ATL,1,MORE,2.5,5.35,63.8,144.6,1.055,8,TBD,0.0,The model opened at 2.5 with a 5.3 fantasy-point projection and a MORE recommendation at 63.8% confidence. This opening snapshot establishes the baseline for every later model run.,,,,,,,B-,,,,,3.6,,0.828,,,0.0,0.0,0.0,0.0,0.0,0.0,0.0,False,0.0,0.0,Model Initialized,Opening model run,,72,Major,🟣,The model opened at 2.5 with a 5.3 fantasy-point projection and a MORE recommendation at 63.8% confidence. This opening snapshot establishes the baseline for every later model run.,1,5.35,0.0,63.8,0.0,MORE,MORE → MORE,100,Opening model run,The recommendation stayed MORE. Projection is +0.0 fantasy points and confidence is +0.0 points versus the opening run. The largest driver today is opening model run.
2026-08-13T23:48:25-07:00,2026-08-14,,Tyler O'Neill,BAL,BAL @ TB,1,MORE,3.5,7.07,63.8,183.85,1.0,4,Steven Matz,0.0,The model opened at 3.5 with a 7.1 fantasy-point projection and a MORE recommendation at 63.8% confidence. This opening snapshot establishes the baseline for every later model run.,,,,,,,A-,,,,,4.47,,0.9947,,,0.0,0.0,0.0,0.0,0.0,0.0,0.0,False,0.0,0.0,Model Initialized,Opening model run,,72,Major,🟣,The model opened at 3.5 with a 7.1 fantasy-point projection and a MORE recommendation at 63.8% confidence. This opening snapshot establishes the baseline for every later model run.,1,7.07,0.0,63.8,0.0,MORE,MORE → MORE,100,Opening model run,The recommendation stayed MORE. Projection is +0.0 fantasy points and confidence is +0.0 points versus the opening run. The largest driver today is opening model run.
2026-08-13T23:48:25-07:00,2026-08-14,,Tyler Soderstrom,ATH,TEX @ ATH,1,MORE,3.0,6.18,61.6,174.06,1.01,4,Kumar Rocker,0.0,The model opened at 3.0 with a 6.2 fantasy-point projection and a MORE recommendation at 61.6% confidence. This opening snapshot establishes the baseline for every later model run.,,,,,,,B+,,,,,4.28,,0.957,,,0.0,0.0,0.0,0.0,0.0,0.0,0.0,False,0.0,0.0,Model Initialized,Opening model run,,72,Major,🟣,The model opened at 3.0 with a 6.2 fantasy-point projection and a MORE recommendation at 61.6% confidence. This opening snapshot establishes the baseline for every later model run.,1,6.18,0.0,61.6,0.0,MORE,MORE → MORE,100,Opening model run,The recommendation stayed MORE. Projection is +0.0 fantasy points and confidence is +0.0 points versus the opening run. The largest driver today is opening model run.
2026-08-13T23:48:25-07:00,2026-08-14,,Tyler Stephenson,CIN,MIA @ CIN,1,MORE,5.0,8.02,61.2,202.47,1.03,4,Sandy Alcantara,0.0,The model opened at 5.0 with a 8.0 fantasy-point projection and a MORE recommendation at 61.2% confidence. This opening snapshot establishes the baseline for every later model run.,,,,,,,A,,,,,3.98,,1.0302,,,0.0,0.0,0.0,0.0,0.0,0.0,0.0,False,0.0,0.0,Model Initialized,Opening model run,,72,Major,🟣,The model opened at 5.0 with a 8.0 fantasy-point projection and a MORE recommendation at 61.2% confidence. This opening snapshot establishes the baseline for every later model run.,1,8.02,0.0,61.2,0.0,MORE,MORE → MORE,100,Opening model run,The recommendation stayed MORE. Projection is +0.0 fantasy points and confidence is +0.0 points versus the opening run. The largest driver today is opening model run.
2026-08-13T23:48:25-07:00,2026-08-14,,Tyler Tolbert,KC,KC @ LAA,1,LESS,4.5,3.83,74.5,127.7,1.0,7,Grayson Rodriguez,0.0,The model opened at 4.5 with a 3.8 fantasy-point projection and a LESS recommendation at 74.5% confidence. This opening snapshot establishes the baseline for every later model run.,,,,,,,C+,,,,,4.43,,0.8,,,0.0,0.0,0.0,0.0,0.0,0.0,0.0,False,0.0,0.0,Model Initialized,Opening model run,,72,Major,🟣,The model opened at 4.5 with a 3.8 fantasy-point projection and a LESS recommendation at 74.5% confidence. This opening snapshot establishes the baseline for every later model run.,1,3.83,0.0,74.5,0.0,LESS,LESS → LESS,100,Opening model run,The recommendation stayed LESS. Projection is +0.0 fantasy points and confidence is +0.0 points versus the opening run. The largest driver today is opening model run.
2026-08-13T23:48:25-07:00,2026-08-14,,Tyrone Taylor,CHC,STL @ CHC,1,MORE,4.5,7.95,61.1,191.12,1.01,9,Matthew Liberatore,0.0,The model opened at 4.5 with a 8.0 fantasy-point projection and a MORE recommendation at 61.1% confidence. This opening snapshot establishes the baseline for every later model run.,,,,,,,A-,,,,,4.07,,0.9995,,,0.0,0.0,0.0,0.0,0.0,0.0,0.0,False,0.0,0.0,Model Initialized,Opening model run,,72,Major,🟣,The model opened at 4.5 with a 8.0 fantasy-point projection and a MORE recommendation at 61.1% confidence. This opening snapshot establishes the baseline for every later model run.,1,7.95,0.0,61.1,0.0,MORE,MORE → MORE,100,Opening model run,The recommendation stayed MORE. Projection is +0.0 fantasy points and confidence is +0.0 points versus the opening run. The largest driver today is opening model run.
2026-08-13T23:48:25-07:00,2026-08-14,,Vaughn Grissom,LAA,KC @ LAA,1,LESS,5.5,4.82,68.0,145.59,1.0,4,Seth Lugo,0.0,The model opened at 5.5 with a 4.8 fantasy-point projection and a LESS recommendation at 68.0% confidence. This opening snapshot establishes the baseline for every later model run.,,,,,,,B,,,,,4.84,,0.8,,,0.0,0.0,0.0,0.0,0.0,0.0,0.0,False,0.0,0.0,Model Initialized,Opening model run,,72,Major,🟣,The model opened at 5.5 with a 4.8 fantasy-point projection and a LESS recommendation at 68.0% confidence. This opening snapshot establishes the baseline for every later model run.,1,4.82,0.0,68.0,0.0,LESS,LESS → LESS,100,Opening model run,The recommendation stayed LESS. Projection is +0.0 fantasy points and confidence is +0.0 points versus the opening run. The largest driver today is opening model run.
2026-08-13T23:48:25-07:00,2026-08-14,,Victor Bericoto,SF,COL @ SF,1,MORE,4.5,8.67,68.2,217.56,1.01,5,Kyle Freeland,0.0,The model opened at 4.5 with a 8.7 fantasy-point projection and a MORE recommendation at 68.2% confidence. This opening snapshot establishes the baseline for every later model run.,,,,,,,A,,,,,5.47,,0.9101,,,0.0,0.0,0.0,0.0,0.0,0.0,0.0,False,0.0,0.0,Model Initialized,Opening model run,,72,Major,🟣,The model opened at 4.5 with a 8.7 fantasy-point projection and a MORE recommendation at 68.2% confidence. This opening snapshot establishes the baseline for every later model run.,1,8.67,0.0,68.2,0.0,MORE,MORE → MORE,100,Opening model run,The recommendation stayed MORE. Projection is +0.0 fantasy points and confidence is +0.0 points versus the opening run. The largest driver today is opening model run.
2026-08-13T23:48:25-07:00,2026-08-14,,Victor Mesa Jr.,TB,BAL @ TB,1,LESS,5.0,4.44,73.1,132.8,1.0,6,TBD,0.0,The model opened at 5.0 with a 4.4 fantasy-point projection and a LESS recommendation at 73.1% confidence. This opening snapshot establishes the baseline for every later model run.,,,,,,,B-,,,,,4.24,,0.8634,,,0.0,0.0,0.0,0.0,0.0,0.0,0.0,False,0.0,0.0,Model Initialized,Opening model run,,72,Major,🟣,The model opened at 5.0 with a 4.4 fantasy-point projection and a LESS recommendation at 73.1% confidence. This opening snapshot establishes the baseline for every later model run.,1,4.44,0.0,73.1,0.0,LESS,LESS → LESS,100,Opening model run,The recommendation stayed LESS. Projection is +0.0 fantasy points and confidence is +0.0 points versus the opening run. The largest driver today is opening model run.
2026-08-13T23:48:25-07:00,2026-08-14,,Vladimir Guerrero Jr.,TOR,NYY @ TOR,1,LESS,4.5,3.82,66.7,123.75,1.0,3,Gerrit Cole,0.0,The model opened at 4.5 with a 3.8 fantasy-point projection and a LESS recommendation at 66.7% confidence. This opening snapshot establishes the baseline for every later model run.,,,,,,,C+,,,,,3.28,,0.8448,,,0.0,0.0,0.0,0.0,0.0,0.0,0.0,False,0.0,0.0,Model Initialized,Opening model run,,72,Major,🟣,The model opened at 4.5 with a 3.8 fantasy-point projection and a LESS recommendation at 66.7% confidence. This opening snapshot establishes the baseline for every later model run.,1,3.82,0.0,66.7,0.0,LESS,LESS → LESS,100,Opening model run,The recommendation stayed LESS. Projection is +0.0 fantasy points and confidence is +0.0 points versus the opening run. The largest driver today is opening model run.
2026-08-13T23:48:25-07:00,2026-08-14,,Wade Meckler,LAA,KC @ LAA,1,MORE,3.0,5.38,61.4,157.61,1.0,1,Seth Lugo,0.0,The model opened at 3.0 with a 5.4 fantasy-point projection and a MORE recommendation at 61.4% confidence. This opening snapshot establishes the baseline for every later model run.,,,,,,,B,,,,,4.84,,0.8,,,0.0,0.0,0.0,0.0,0.0,0.0,0.0,False,0.0,0.0,Model Initialized,Opening model run,,72,Major,🟣,The model opened at 3.0 with a 5.4 fantasy-point projection and a MORE recommendation at 61.4% confidence. This opening snapshot establishes the baseline for every later model run.,1,5.38,0.0,61.4,0.0,MORE,MORE → MORE,100,Opening model run,The recommendation stayed MORE. Projection is +0.0 fantasy points and confidence is +0.0 points versus the opening run. The largest driver today is opening model run.
2026-08-13T23:48:25-07:00,2026-08-14,,Weston Wilson,SEA,SEA @ HOU,1,LESS,4.0,3.27,73.0,101.12,1.0,8,Peter Lambert,0.0,The model opened at 4.0 with a 3.3 fantasy-point projection and a LESS recommendation at 73.0% confidence. This opening snapshot establishes the baseline for every later model run.,,,,,,,D,,,,,4.54,,0.8,,,0.0,0.0,0.0,0.0,0.0,0.0,0.0,False,0.0,0.0,Model Initialized,Opening model run,,72,Major,🟣,The model opened at 4.0 with a 3.3 fantasy-point projection and a LESS recommendation at 73.0% confidence. This opening snapshot establishes the baseline for every later model run.,1,3.27,0.0,73.0,0.0,LESS,LESS → LESS,100,Opening model run,The recommendation stayed LESS. Projection is +0.0 fantasy points and confidence is +0.0 points versus the opening run. The largest driver today is opening model run.
2026-08-13T23:48:25-07:00,2026-08-14,,Willi Castro,COL,COL @ SF,1,LESS,6.0,5.47,66.9,164.51,1.01,6,Landen Roupp,0.0,The model opened at 6.0 with a 5.5 fantasy-point projection and a LESS recommendation at 66.9% confidence. This opening snapshot establishes the baseline for every later model run.,,,,,,,B+,,,,,4.31,,0.9478,,,0.0,0.0,0.0,0.0,0.0,0.0,0.0,False,0.0,0.0,Model Initialized,Opening model run,,72,Major,🟣,The model opened at 6.0 with a 5.5 fantasy-point projection and a LESS recommendation at 66.9% confidence. This opening snapshot establishes the baseline for every later model run.,1,5.47,0.0,66.9,0.0,LESS,LESS → LESS,100,Opening model run,The recommendation stayed LESS. Projection is +0.0 fantasy points and confidence is +0.0 points versus the opening run. The largest driver today is opening model run.
2026-08-13T23:48:25-07:00,2026-08-14,,William Contreras,MIL,MIL @ LAD,1,LESS,4.0,3.58,70.0,117.72,1.0,4,Yoshinobu Yamamoto,0.0,The model opened at 4.0 with a 3.6 fantasy-point projection and a LESS recommendation at 70.0% confidence. This opening snapshot establishes the baseline for every later model run.,,,,,,,C,,,,,3.71,,0.8638,,,0.0,0.0,0.0,0.0,0.0,0.0,0.0,False,0.0,0.0,Model Initialized,Opening model run,,72,Major,🟣,The model opened at 4.0 with a 3.6 fantasy-point projection and a LESS recommendation at 70.0% confidence. This opening snapshot establishes the baseline for every later model run.,1,3.58,0.0,70.0,0.0,LESS,LESS → LESS,100,Opening model run,The recommendation stayed LESS. Projection is +0.0 fantasy points and confidence is +0.0 points versus the opening run. The largest driver today is opening model run.
2026-08-13T23:48:25-07:00,2026-08-14,,Willson Contreras,BOS,BOS @ PIT,1,MORE,3.0,6.38,64.1,180.99,1.01,4,Bubba Chandler,0.0,The model opened at 3.0 with a 6.4 fantasy-point projection and a MORE recommendation at 64.1% confidence. This opening snapshot establishes the baseline for every later model run.,,,,,,,A-,,,,,4.32,,1.0462,,,0.0,0.0,0.0,0.0,0.0,0.0,0.0,False,0.0,0.0,Model Initialized,Opening model run,,72,Major,🟣,The model opened at 3.0 with a 6.4 fantasy-point projection and a MORE recommendation at 64.1% confidence. This opening snapshot establishes the baseline for every later model run.,1,6.38,0.0,64.1,0.0,MORE,MORE → MORE,100,Opening model run,The recommendation stayed MORE. Projection is +0.0 fantasy points and confidence is +0.0 points versus the opening run. The largest driver today is opening model run.
2026-08-13T23:48:25-07:00,2026-08-14,,Willy Adames,SF,COL @ SF,1,MORE,4.0,6.62,59.7,184.94,1.01,3,Kyle Freeland,0.0,The model opened at 4.0 with a 6.6 fantasy-point projection and a MORE recommendation at 59.7% confidence. This opening snapshot establishes the baseline for every later model run.,,,,,,,A-,,,,,5.47,,0.8,,,0.0,0.0,0.0,0.0,0.0,0.0,0.0,False,0.0,0.0,Model Initialized,Opening model run,,72,Major,🟣,The model opened at 4.0 with a 6.6 fantasy-point projection and a MORE recommendation at 59.7% confidence. This opening snapshot establishes the baseline for every later model run.,1,6.62,0.0,59.7,0.0,MORE,MORE → MORE,100,Opening model run,The recommendation stayed MORE. Projection is +0.0 fantasy points and confidence is +0.0 points versus the opening run. The largest driver today is opening model run.
2026-08-13T23:48:25-07:00,2026-08-14,,Wilyer Abreu,BOS,BOS @ PIT,1,LESS,5.5,5.25,69.6,179.44,1.01,3,Bubba Chandler,0.0,The model opened at 5.5 with a 5.2 fantasy-point projection and a LESS recommendation at 69.6% confidence. This opening snapshot establishes the baseline for every later model run.,,,,,,,A-,,,,,4.32,,0.9786,,,0.0,0.0,0.0,0.0,0.0,0.0,0.0,False,0.0,0.0,Model Initialized,Opening model run,,72,Major,🟣,The model opened at 5.5 with a 5.2 fantasy-point projection and a LESS recommendation at 69.6% confidence. This opening snapshot establishes the baseline for every later model run.,1,5.25,0.0,69.6,0.0,LESS,LESS → LESS,100,Opening model run,The recommendation stayed LESS. Projection is +0.0 fantasy points and confidence is +0.0 points versus the opening run. The largest driver today is opening model run.
2026-08-13T23:48:25-07:00,2026-08-14,,Wyatt Langford,TEX,TEX @ ATH,1,MORE,4.0,6.88,58.5,180.0,1.01,2,TBD,0.0,The model opened at 4.0 with a 6.9 fantasy-point projection and a MORE recommendation at 58.5% confidence. This opening snapshot establishes the baseline for every later model run.,,,,,,,A-,,,,,5.51,,0.8641,,,0.0,0.0,0.0,0.0,0.0,0.0,0.0,False,0.0,0.0,Model Initialized,Opening model run,,72,Major,🟣,The model opened at 4.0 with a 6.9 fantasy-point projection and a MORE recommendation at 58.5% confidence. This opening snapshot establishes the baseline for every later model run.,1,6.88,0.0,58.5,0.0,MORE,MORE → MORE,100,Opening model run,The recommendation stayed MORE. Projection is +0.0 fantasy points and confidence is +0.0 points versus the opening run. The largest driver today is opening model run.
2026-08-13T23:48:25-07:00,2026-08-14,,Xander Bogaerts,SD,SD @ CLE,1,LESS,4.5,3.82,69.0,116.06,1.03,8,Gavin Williams,0.0,The model opened at 4.5 with a 3.8 fantasy-point projection and a LESS recommendation at 69.0% confidence. This opening snapshot establishes the baseline for every later model run.,,,,,,,C,,,,,3.83,,0.9043,,,0.0,0.0,0.0,0.0,0.0,0.0,0.0,False,0.0,0.0,Model Initialized,Opening model run,,72,Major,🟣,The model opened at 4.5 with a 3.8 fantasy-point projection and a LESS recommendation at 69.0% confidence. This opening snapshot establishes the baseline for every later model run.,1,3.82,0.0,69.0,0.0,LESS,LESS → LESS,100,Opening model run,The recommendation stayed LESS. Projection is +0.0 fantasy points and confidence is +0.0 points versus the opening run. The largest driver today is opening model run.
2026-08-13T23:48:25-07:00,2026-08-14,,Xavier Edwards,MIA,MIA @ CIN,1,LESS,5.5,4.83,67.1,142.63,1.03,2,Chase Burns,0.0,The model opened at 5.5 with a 4.8 fantasy-point projection and a LESS recommendation at 67.1% confidence. This opening snapshot establishes the baseline for every later model run.,,,,,,,B-,,,,,4.51,,0.8,,,0.0,0.0,0.0,0.0,0.0,0.0,0.0,False,0.0,0.0,Model Initialized,Opening model run,,72,Major,🟣,The model opened at 5.5 with a 4.8 fantasy-point projection and a LESS recommendation at 67.1% confidence. This opening snapshot establishes the baseline for every later model run.,1,4.83,0.0,67.1,0.0,LESS,LESS → LESS,100,Opening model run,The recommendation stayed LESS. Projection is +0.0 fantasy points and confidence is +0.0 points versus the opening run. The largest driver today is opening model run.
2026-08-13T23:48:25-07:00,2026-08-14,,Yainer Diaz,HOU,SEA @ HOU,1,LESS,4.0,3.26,73.0,108.43,1.0,8,George Kirby,0.0,The model opened at 4.0 with a 3.3 fantasy-point projection and a LESS recommendation at 73.0% confidence. This opening snapshot establishes the baseline for every later model run.,,,,,,,D,,,,,3.81,,0.9013,,,0.0,0.0,0.0,0.0,0.0,0.0,0.0,False,0.0,0.0,Model Initialized,Opening model run,,72,Major,🟣,The model opened at 4.0 with a 3.3 fantasy-point projection and a LESS recommendation at 73.0% confidence. This opening snapshot establishes the baseline for every later model run.,1,3.26,0.0,73.0,0.0,LESS,LESS → LESS,100,Opening model run,The recommendation stayed LESS. Projection is +0.0 fantasy points and confidence is +0.0 points versus the opening run. The largest driver today is opening model run.
2026-08-13T23:48:25-07:00,2026-08-14,,Yandy Díaz,TB,BAL @ TB,1,MORE,2.5,6.36,65.6,183.01,1.0,1,TBD,0.0,The model opened at 2.5 with a 6.4 fantasy-point projection and a MORE recommendation at 65.6% confidence. This opening snapshot establishes the baseline for every later model run.,,,,,,,A-,,,,,4.24,,0.9122,,,0.0,0.0,0.0,0.0,0.0,0.0,0.0,False,0.0,0.0,Model Initialized,Opening model run,,72,Major,🟣,The model opened at 2.5 with a 6.4 fantasy-point projection and a MORE recommendation at 65.6% confidence. This opening snapshot establishes the baseline for every later model run.,1,6.36,0.0,65.6,0.0,MORE,MORE → MORE,100,Opening model run,The recommendation stayed MORE. Projection is +0.0 fantasy points and confidence is +0.0 points versus the opening run. The largest driver today is opening model run.
2026-08-13T23:48:25-07:00,2026-08-14,,Yohel Pozo,BAL,BAL @ TB,1,LESS,4.5,4.0,66.9,102.22,1.0,9,Steven Matz,0.0,The model opened at 4.5 with a 4.0 fantasy-point projection and a LESS recommendation at 66.9% confidence. This opening snapshot establishes the baseline for every later model run.,,,,,,,D,,,,,4.47,,0.804,,,0.0,0.0,0.0,0.0,0.0,0.0,0.0,False,0.0,0.0,Model Initialized,Opening model run,,72,Major,🟣,The model opened at 4.5 with a 4.0 fantasy-point projection and a LESS recommendation at 66.9% confidence. This opening snapshot establishes the baseline for every later model run.,1,4.0,0.0,66.9,0.0,LESS,LESS → LESS,100,Opening model run,The recommendation stayed LESS. Projection is +0.0 fantasy points and confidence is +0.0 points versus the opening run. The largest driver today is opening model run.
2026-08-13T23:48:25-07:00,2026-08-14,,Yordan Alvarez,HOU,SEA @ HOU,1,MORE,6.0,9.16,58.2,231.6,1.0,2,George Kirby,0.0,The model opened at 6.0 with a 9.2 fantasy-point projection and a MORE recommendation at 58.2% confidence. This opening snapshot establishes the baseline for every later model run.,,,,,,,A+,,,,,3.81,,1.022,,,0.0,0.0,0.0,0.0,0.0,0.0,0.0,False,0.0,0.0,Model Initialized,Opening model run,,72,Major,🟣,The model opened at 6.0 with a 9.2 fantasy-point projection and a MORE recommendation at 58.2% confidence. This opening snapshot establishes the baseline for every later model run.,1,9.16,0.0,58.2,0.0,MORE,MORE → MORE,100,Opening model run,The recommendation stayed MORE. Projection is +0.0 fantasy points and confidence is +0.0 points versus the opening run. The largest driver today is opening model run.
2026-08-13T23:48:25-07:00,2026-08-14,,Zach McKinstry,DET,CWS @ DET,1,LESS,4.0,3.27,71.9,105.77,1.04,9,Sean Newcomb,0.0,The model opened at 4.0 with a 3.3 fantasy-point projection and a LESS recommendation at 71.9% confidence. This opening snapshot establishes the baseline for every later model run.,,,,,,,D,,,,,2.81,,0.8,,,0.0,0.0,0.0,0.0,0.0,0.0,0.0,False,0.0,0.0,Model Initialized,Opening model run,,72,Major,🟣,The model opened at 4.0 with a 3.3 fantasy-point projection and a LESS recommendation at 71.9% confidence. This opening snapshot establishes the baseline for every later model run.,1,3.27,0.0,71.9,0.0,LESS,LESS → LESS,100,Opening model run,The recommendation stayed LESS. Projection is +0.0 fantasy points and confidence is +0.0 points versus the opening run. The largest driver today is opening model run.
2026-08-13T23:48:25-07:00,2026-08-14,,Zach Neto,LAA,KC @ LAA,1,LESS,5.0,4.7,69.5,146.24,1.0,4,Seth Lugo,0.0,The model opened at 5.0 with a 4.7 fantasy-point projection and a LESS recommendation at 69.5% confidence. This opening snapshot establishes the baseline for every later model run.,,,,,,,B,,,,,4.84,,0.8488,,,0.0,0.0,0.0,0.0,0.0,0.0,0.0,False,0.0,0.0,Model Initialized,Opening model run,,72,Major,🟣,The model opened at 5.0 with a 4.7 fantasy-point projection and a LESS recommendation at 69.5% confidence. This opening snapshot establishes the baseline for every later model run.,1,4.7,0.0,69.5,0.0,LESS,LESS → LESS,100,Opening model run,The recommendation stayed LESS. Projection is +0.0 fantasy points and confidence is +0.0 points versus the opening run. The largest driver today is opening model run.
2026-08-13T23:48:25-07:00,2026-08-14,,Zack Gelof,ATH,TEX @ ATH,1,MORE,4.5,8.24,62.8,216.01,1.01,3,Kumar Rocker,0.0,The model opened at 4.5 with a 8.2 fantasy-point projection and a MORE recommendation at 62.8% confidence. This opening snapshot establishes the baseline for every later model run.,,,,,,,A,,,,,4.28,,0.93,,,0.0,0.0,0.0,0.0,0.0,0.0,0.0,False,0.0,0.0,Model Initialized,Opening model run,,72,Major,🟣,The model opened at 4.5 with a 8.2 fantasy-point projection and a MORE recommendation at 62.8% confidence. This opening snapshot establishes the baseline for every later model run.,1,8.24,0.0,62.8,0.0,MORE,MORE → MORE,100,Opening model run,The recommendation stayed MORE. Projection is +0.0 fantasy points and confidence is +0.0 points versus the opening run. The largest driver today is opening model run.
